Date,Open,High,Low,Close,Volume
2018-07-01 20:00:00-04:00,65.47,66.35,65.32,66.21,3854500
2018-07-02 20:00:00-04:00,66.55,67.11,66.22,66.57,2452400
2018-07-04 20:00:00-04:00,67.17,67.60,66.81,67.19,4744000
2018-07-05 20:00:00-04:00,67.70,69.03,67.53,68.92,5867400
2018-07-08 20:00:00-04:00,69.68,69.94,68.92,69.01,5953100
2018-07-09 20:00:00-04:00,69.06,70.37,68.75,70.29,5119900
2018-07-10 20:00:00-04:00,68.45,69.34,67.47,67.53,6230000
2018-07-11 20:00:00-04:00,68.19,68.73,67.60,68.69,4672000
2018-07-12 20:00:00-04:00,68.22,69.59,68.21,69.42,3712400
2018-07-15 20:00:00-04:00,69.51,69.56,68.44,69.15,3783500
2018-07-16 20:00:00-04:00,69.16,69.81,68.49,68.54,5107500
2018-07-17 20:00:00-04:00,68.44,68.56,67.77,67.82,5521900
2018-07-18 20:00:00-04:00,66.97,67.01,63.05,64.62,17019675
2018-07-19 20:00:00-04:00,63.73,64.40,62.33,63.87,11791900
2018-07-22 20:00:00-04:00,64.06,64.65,63.68,64.23,6316800
2018-07-23 20:00:00-04:00,65.02,65.81,64.48,65.76,7965000
2018-07-24 20:00:00-04:00,65.43,67.18,65.43,66.90,7494300
2018-07-25 20:00:00-04:00,67.49,67.93,66.48,67.49,6812400
2018-07-26 20:00:00-04:00,65.62,66.29,63.77,65.06,12905800
2018-07-29 20:00:00-04:00,65.14,65.76,64.21,65.70,6466000
2018-07-30 20:00:00-04:00,65.84,66.55,65.61,66.26,8691800
2018-07-31 20:00:00-04:00,66.30,67.88,66.29,67.47,5330400
2018-08-01 20:00:00-04:00,67.23,68.87,67.11,68.34,6023200
2018-08-02 20:00:00-04:00,68.17,69.58,68.12,69.35,4876100
2018-08-05 20:00:00-04:00,69.15,70.08,68.78,69.73,5134200
2018-08-06 20:00:00-04:00,69.90,70.66,67.34,67.57,8890900
2018-08-07 20:00:00-04:00,67.19,67.59,66.72,67.34,4535100
2018-08-08 20:00:00-04:00,67.67,69.07,67.15,68.59,6176100
2018-08-09 20:00:00-04:00,68.50,69.50,68.47,68.82,4446800
2018-08-12 20:00:00-04:00,68.97,70.10,68.83,69.53,5920000
2018-08-13 20:00:00-04:00,69.48,69.94,68.78,68.91,5580800
2018-08-14 20:00:00-04:00,68.91,70.25,68.69,70.01,6861500
2018-08-15 20:00:00-04:00,70.29,70.87,69.73,70.56,6332900
2018-08-16 20:00:00-04:00,70.56,71.23,69.27,70.99,6307300
2018-08-19 20:00:00-04:00,71.36,72.01,70.02,70.14,6172500
2018-08-20 20:00:00-04:00,70.30,70.44,69.54,70.22,3528400
2018-08-21 20:00:00-04:00,70.29,70.63,69.78,70.15,2963300
2018-08-22 20:00:00-04:00,70.18,70.30,69.61,69.79,2137500
2018-08-23 20:00:00-04:00,69.79,70.11,69.36,69.97,2996100
2018-08-26 20:00:00-04:00,70.48,70.62,69.90,70.42,2456000
2018-08-27 20:00:00-04:00,70.25,70.91,69.76,69.87,3515400
2018-08-28 20:00:00-04:00,69.99,70.28,68.99,70.10,3637100
2018-08-29 20:00:00-04:00,70.04,70.21,69.37,69.53,3434400
2018-08-30 20:00:00-04:00,69.15,69.46,68.77,68.95,4703100
2018-09-03 20:00:00-04:00,68.95,68.95,67.59,67.93,4456100
2018-09-04 20:00:00-04:00,67.77,68.43,67.60,68.39,5188800
2018-09-05 20:00:00-04:00,68.10,68.31,66.66,67.34,5416300
2018-09-06 20:00:00-04:00,67.28,67.78,65.81,67.65,4051700
2018-09-09 20:00:00-04:00,68.23,68.37,67.31,67.40,3156800
2018-09-10 20:00:00-04:00,67.33,67.34,66.73,66.94,2638500
2018-09-11 20:00:00-04:00,66.37,67.49,66.12,66.98,3304700
2018-09-12 20:00:00-04:00,67.11,69.23,67.11,69.20,4850700
2018-09-13 20:00:00-04:00,69.18,69.25,68.19,68.74,3446000
2018-09-16 20:00:00-04:00,68.54,69.08,68.11,68.51,3987200
2018-09-17 20:00:00-04:00,68.50,69.01,66.39,66.53,10240500
2018-09-18 20:00:00-04:00,65.89,66.27,64.94,65.39,8451400
2018-09-19 20:00:00-04:00,65.68,66.90,65.10,66.58,5991200
2018-09-20 20:00:00-04:00,66.70,67.05,66.13,66.28,9953500
2018-09-23 20:00:00-04:00,66.31,67.52,66.06,67.11,5910300
2018-09-24 20:00:00-04:00,67.16,67.99,67.10,67.37,5303900
2018-09-25 20:00:00-04:00,67.74,68.33,67.42,67.66,4656200
2018-09-26 20:00:00-04:00,67.78,68.17,67.50,67.63,3028600
2018-09-27 20:00:00-04:00,67.53,68.36,67.42,67.95,4527900
2018-09-30 20:00:00-04:00,68.06,68.71,67.77,68.25,3763800
2018-10-01 20:00:00-04:00,68.49,68.50,67.15,67.70,6792200
2018-10-02 20:00:00-04:00,67.99,69.40,67.96,68.97,4796800
2018-10-03 20:00:00-04:00,68.83,68.83,67.00,67.42,4425400
2018-10-04 20:00:00-04:00,67.60,68.44,66.75,67.80,4190100
2018-10-07 20:00:00-04:00,67.58,68.51,67.35,68.11,3305500
2018-10-08 20:00:00-04:00,68.04,68.44,67.39,67.94,3625600
2018-10-09 20:00:00-04:00,67.42,68.53,66.80,66.87,5310800
2018-10-10 20:00:00-04:00,66.81,67.09,64.38,65.16,9994400
2018-10-11 20:00:00-04:00,65.86,66.13,64.55,65.85,5709600
2018-10-14 20:00:00-04:00,65.72,65.78,64.75,64.75,4827900
2018-10-15 20:00:00-04:00,65.19,66.79,65.01,66.74,3787100
2018-10-16 20:00:00-04:00,66.67,67.10,65.95,67.00,2857400
2018-10-17 20:00:00-04:00,66.69,67.09,64.78,65.28,4422300
2018-10-18 20:00:00-04:00,64.81,65.34,63.87,63.87,7059400
2018-10-21 20:00:00-04:00,64.28,64.28,60.63,61.19,7621100
2018-10-22 20:00:00-04:00,59.96,61.42,59.18,60.24,8096200
2018-10-23 20:00:00-04:00,60.15,60.36,57.55,57.66,8689100
2018-10-24 20:00:00-04:00,58.38,60.40,57.84,59.34,9173500
2018-10-25 20:00:00-04:00,58.83,59.20,57.67,58.66,6181500
2018-10-28 20:00:00-04:00,59.65,60.39,58.04,59.08,4343900
2018-10-29 20:00:00-04:00,59.49,60.18,58.18,59.24,5243100
2018-10-30 20:00:00-04:00,58.80,59.23,56.45,56.53,14068500
2018-10-31 20:00:00-04:00,56.42,58.56,56.27,58.24,10671700
2018-11-01 20:00:00-04:00,61.12,61.30,57.19,57.77,12781500
2018-11-04 19:00:00-05:00,57.69,60.87,57.56,59.96,10315600
2018-11-05 19:00:00-05:00,60.07,61.16,59.76,60.75,7945500
2018-11-06 19:00:00-05:00,61.10,63.33,61.09,63.14,10378000
2018-11-07 19:00:00-05:00,63.26,65.14,63.17,63.70,9333200
2018-11-08 19:00:00-05:00,63.77,65.01,63.58,64.47,9169800
2018-11-11 19:00:00-05:00,64.44,65.27,64.26,65.12,9344700
2018-11-12 19:00:00-05:00,65.35,65.99,64.04,64.06,7237200
2018-11-13 19:00:00-05:00,64.66,64.91,62.77,64.12,7268200
2018-11-14 19:00:00-05:00,63.63,65.56,62.42,65.45,10365700
2018-11-15 19:00:00-05:00,65.15,66.80,64.77,66.46,8691100
2018-11-18 19:00:00-05:00,66.29,67.05,64.70,64.97,5971700
2018-11-19 19:00:00-05:00,64.62,65.14,63.79,63.96,5372900
2018-11-20 19:00:00-05:00,64.26,64.46,61.99,62.55,6532500
2018-11-22 19:00:00-05:00,62.15,62.84,61.65,62.18,1612800
2018-11-25 19:00:00-05:00,62.73,63.35,61.87,62.62,5227900
2018-11-26 19:00:00-05:00,62.60,63.68,62.08,63.66,4338300
2018-11-27 19:00:00-05:00,63.93,64.59,62.85,64.58,3953600
2018-11-28 19:00:00-05:00,64.63,65.59,64.16,65.28,3838000
2018-11-29 19:00:00-05:00,65.54,68.45,65.25,68.45,12031700
2018-12-02 19:00:00-05:00,68.49,68.78,67.40,68.01,6673900
2018-12-03 19:00:00-05:00,68.19,68.96,65.64,65.75,7008400
2018-12-05 19:00:00-05:00,65.13,65.70,63.29,65.59,8734300
2018-12-06 19:00:00-05:00,65.30,65.35,62.71,63.14,6737700
2018-12-09 19:00:00-05:00,62.93,63.81,61.43,63.61,5229400
2018-12-10 19:00:00-05:00,64.35,64.94,62.92,64.02,5098100
2018-12-11 19:00:00-05:00,64.85,65.47,64.16,64.33,4185100
2018-12-12 19:00:00-05:00,64.89,65.34,63.44,63.69,4078600
2018-12-13 19:00:00-05:00,63.03,63.29,61.78,62.16,5461600
2018-12-16 19:00:00-05:00,61.77,63.08,61.14,61.67,5958200
2018-12-17 19:00:00-05:00,62.05,62.08,60.12,60.69,5288600
2018-12-18 19:00:00-05:00,61.23,62.66,60.01,60.64,5510800
2018-12-19 19:00:00-05:00,60.26,62.79,59.84,61.99,9453300
2018-12-20 19:00:00-05:00,61.45,64.41,60.43,61.66,16044700
2018-12-23 19:00:00-05:00,61.61,62.76,60.70,61.11,5097900
2018-12-25 19:00:00-05:00,61.53,64.69,61.44,64.65,6225000
2018-12-26 19:00:00-05:00,63.86,65.30,63.07,65.28,7272800
2018-12-27 19:00:00-05:00,65.41,67.40,65.35,66.16,6037700
2018-12-30 19:00:00-05:00,66.51,67.52,66.24,66.94,5722100
2019-01-01 19:00:00-05:00,66.25,66.26,64.20,64.79,6908400
2019-01-02 19:00:00-05:00,64.36,64.48,62.50,62.65,7653200
2019-01-03 19:00:00-05:00,63.71,64.72,62.64,64.67,8910600
2019-01-06 19:00:00-05:00,65.40,65.90,64.77,65.62,7281500
2019-01-07 19:00:00-05:00,66.22,67.02,65.64,65.92,7478300
2019-01-08 19:00:00-05:00,65.99,66.36,63.50,63.76,9971900
2019-01-09 19:00:00-05:00,63.81,64.54,63.26,64.04,6527700
2019-01-10 19:00:00-05:00,63.56,64.12,63.56,64.12,5318100
2019-01-13 19:00:00-05:00,63.92,63.92,62.10,62.30,6368500
2019-01-14 19:00:00-05:00,62.42,62.97,62.07,62.84,7295500
2019-01-15 19:00:00-05:00,62.96,63.50,62.81,62.88,4927000
2019-01-16 19:00:00-05:00,62.87,64.45,62.78,64.09,6438700
2019-01-17 19:00:00-05:00,65.01,66.00,63.89,65.78,6190000
2019-01-21 19:00:00-05:00,65.31,65.68,64.61,65.17,5664600
2019-01-22 19:00:00-05:00,65.30,65.62,64.46,65.01,4969300
2019-01-23 19:00:00-05:00,64.92,65.00,62.55,63.12,8372600
2019-01-24 19:00:00-05:00,60.64,60.72,58.38,59.20,17019675
2019-01-27 19:00:00-05:00,58.80,58.87,56.36,56.70,14718800
2019-01-28 19:00:00-05:00,56.62,57.45,55.69,56.94,13909000
2019-01-29 19:00:00-05:00,57.10,58.20,56.58,58.11,9277200
2019-01-30 19:00:00-05:00,58.03,59.76,57.85,59.01,11563900
2019-01-31 19:00:00-05:00,58.98,59.34,58.15,59.17,6759500
2019-02-03 19:00:00-05:00,59.02,59.06,56.98,57.72,10205600
2019-02-04 19:00:00-05:00,57.74,58.84,57.49,58.57,7965500
2019-02-05 19:00:00-05:00,58.51,58.72,57.91,58.12,4907200
2019-02-06 19:00:00-05:00,57.59,58.23,57.19,58.19,5877500
2019-02-07 19:00:00-05:00,58.09,58.70,57.98,58.56,4598900
2019-02-10 19:00:00-05:00,58.72,58.93,58.19,58.63,4803500
2019-02-11 19:00:00-05:00,58.79,58.89,57.75,58.75,6620100
2019-02-12 19:00:00-05:00,59.05,59.77,59.01,59.38,4237200
2019-02-13 19:00:00-05:00,59.13,59.30,58.59,59.18,3436300
2019-02-14 19:00:00-05:00,59.63,60.05,58.92,59.42,6295400
2019-02-18 19:00:00-05:00,59.17,59.92,58.97,59.18,5674700
2019-02-19 19:00:00-05:00,59.19,59.24,58.17,58.79,5564100
2019-02-20 19:00:00-05:00,58.61,58.73,57.40,57.88,6360800
2019-02-21 19:00:00-05:00,58.18,58.94,57.51,58.81,5022700
2019-02-24 19:00:00-05:00,59.14,59.26,58.71,59.01,5511800
2019-02-25 19:00:00-05:00,58.95,59.43,58.81,59.17,4283100
2019-02-26 19:00:00-05:00,58.90,58.90,57.92,58.37,4175500
2019-02-27 19:00:00-05:00,58.40,58.59,57.88,58.24,6310800
2019-02-28 19:00:00-05:00,58.63,59.42,58.27,58.87,8567900
2019-03-03 19:00:00-05:00,59.09,59.34,58.15,58.40,5872500
2019-03-04 19:00:00-05:00,58.34,58.73,57.86,58.00,5933100
2019-03-05 19:00:00-05:00,58.16,58.16,57.01,57.40,5293200
2019-03-06 19:00:00-05:00,57.16,58.15,56.92,57.51,6642500
2019-03-07 19:00:00-05:00,57.09,57.36,56.66,57.02,6189100
2019-03-10 20:00:00-04:00,57.01,57.56,56.79,57.39,8078100
2019-03-11 20:00:00-04:00,57.68,58.17,57.37,57.87,6128800
2019-03-12 20:00:00-04:00,58.01,58.29,57.44,58.01,5984500
2019-03-13 20:00:00-04:00,58.07,59.09,57.63,58.76,6161800
2019-03-14 20:00:00-04:00,58.84,59.87,58.15,59.78,12751100
2019-03-17 20:00:00-04:00,59.78,60.09,59.01,59.28,5550100
2019-03-18 20:00:00-04:00,59.04,59.75,58.44,59.40,6335500
2019-03-19 20:00:00-04:00,59.33,59.47,58.84,59.12,5360900
2019-03-20 20:00:00-04:00,58.71,59.76,58.26,59.71,5159200
2019-03-21 20:00:00-04:00,59.37,60.26,58.57,58.62,4992500
2019-03-24 20:00:00-04:00,58.43,58.83,57.63,58.44,4008400
2019-03-25 20:00:00-04:00,58.69,59.67,58.65,59.36,4921900
2019-03-26 20:00:00-04:00,59.54,59.54,58.65,58.72,4006200
2019-03-27 20:00:00-04:00,59.04,59.16,58.43,58.77,3071000
2019-03-28 20:00:00-04:00,58.86,59.46,58.77,59.23,7105900
2019-03-31 20:00:00-04:00,59.52,59.62,58.78,59.37,4759400
2019-04-01 20:00:00-04:00,59.45,61.37,59.39,61.06,6355800
2019-04-02 20:00:00-04:00,61.46,62.28,60.85,61.06,6083500
2019-04-03 20:00:00-04:00,61.03,61.28,60.32,60.87,4827900
2019-04-04 20:00:00-04:00,60.87,61.87,60.76,61.34,3996300
2019-04-07 20:00:00-04:00,61.52,61.74,60.84,61.73,3499200
2019-04-08 20:00:00-04:00,61.57,61.58,60.64,60.78,3712700
2019-04-09 20:00:00-04:00,61.15,61.28,60.71,60.97,3641900
2019-04-10 20:00:00-04:00,61.15,61.19,59.70,60.10,9094200
2019-04-11 20:00:00-04:00,60.08,60.93,59.46,60.16,5011500
2019-04-14 20:00:00-04:00,60.29,60.70,59.86,60.35,3495500
2019-04-15 20:00:00-04:00,60.41,60.55,59.59,59.74,3624700
2019-04-16 20:00:00-04:00,59.65,59.73,57.76,58.08,6817100
2019-04-17 20:00:00-04:00,58.13,58.25,57.20,57.77,7784900
2019-04-21 20:00:00-04:00,57.79,58.91,57.72,58.20,5358600
2019-04-22 20:00:00-04:00,58.20,59.33,57.90,58.58,9920600
2019-04-23 20:00:00-04:00,59.01,59.27,58.42,58.59,7056400
2019-04-24 20:00:00-04:00,59.62,59.93,57.28,59.09,10442900
2019-04-25 20:00:00-04:00,59.33,60.06,59.13,59.36,5790000
2019-04-28 20:00:00-04:00,59.92,60.31,59.51,59.80,6444500
2019-04-29 20:00:00-04:00,60.09,60.09,58.60,59.13,9367400
2019-04-30 20:00:00-04:00,59.28,59.34,58.54,58.75,5231700
2019-05-01 20:00:00-04:00,58.63,58.67,57.79,58.44,5206300
2019-05-02 20:00:00-04:00,58.63,58.69,58.28,58.62,4527300
2019-05-05 20:00:00-04:00,57.90,59.22,57.60,59.03,5413200
2019-05-06 20:00:00-04:00,58.54,58.83,57.47,58.05,4275300
2019-05-07 20:00:00-04:00,58.05,58.75,57.58,58.08,3820700
2019-05-08 20:00:00-04:00,57.73,58.19,57.14,58.02,3792200
2019-05-09 20:00:00-04:00,57.68,57.89,56.32,57.68,4731800
2019-05-12 20:00:00-04:00,56.82,57.57,56.73,57.25,3858400
2019-05-13 20:00:00-04:00,57.46,59.10,57.35,58.42,6365200
2019-05-14 20:00:00-04:00,58.47,58.95,57.70,58.67,4795700
2019-05-15 20:00:00-04:00,58.82,60.14,58.62,59.21,5404700
2019-05-16 20:00:00-04:00,58.48,59.64,58.11,59.18,4756400
2019-05-19 20:00:00-04:00,58.85,59.87,58.77,59.45,4395500
2019-05-20 20:00:00-04:00,59.83,60.70,59.82,60.24,4841900
2019-05-21 20:00:00-04:00,59.96,60.88,59.49,60.76,4219500
2019-05-22 20:00:00-04:00,59.87,60.79,59.82,60.44,3299100
2019-05-23 20:00:00-04:00,60.39,60.40,59.48,59.62,3872700
2019-05-27 20:00:00-04:00,59.58,59.65,58.03,58.11,6557800
2019-05-28 20:00:00-04:00,57.77,58.30,57.42,58.13,4182200
2019-05-29 20:00:00-04:00,58.48,58.53,57.44,57.80,3533100
2019-05-30 20:00:00-04:00,57.58,57.77,56.90,57.13,4003200
2019-06-02 20:00:00-04:00,57.07,57.23,54.97,56.38,8434400
2019-06-03 20:00:00-04:00,56.70,57.67,56.53,57.16,6447100
2019-06-04 20:00:00-04:00,57.65,58.22,57.09,57.39,3804400
2019-06-05 20:00:00-04:00,57.46,57.88,57.24,57.40,4032800
2019-06-06 20:00:00-04:00,57.71,58.37,57.40,57.67,4829100
2019-06-09 20:00:00-04:00,57.69,57.90,57.05,57.31,3969400
2019-06-10 20:00:00-04:00,57.71,58.76,57.71,58.22,4210200
2019-06-11 20:00:00-04:00,58.28,59.02,58.22,58.51,4165700
2019-06-12 20:00:00-04:00,58.78,58.98,58.31,58.80,2924900
2019-06-13 20:00:00-04:00,58.80,59.09,58.25,58.60,4075900
2019-06-16 20:00:00-04:00,58.39,58.87,58.39,58.57,3083200
2019-06-17 20:00:00-04:00,58.75,58.98,57.35,58.28,5433500
2019-06-18 20:00:00-04:00,58.39,58.45,57.56,57.80,6147300
2019-06-19 20:00:00-04:00,58.27,58.96,58.15,58.34,5347000
2019-06-20 20:00:00-04:00,58.20,58.89,56.92,58.67,10516900
2019-06-23 20:00:00-04:00,58.40,59.07,57.98,58.43,5182700
2019-06-24 20:00:00-04:00,52.48,52.63,48.45,48.93,17019675
2019-06-25 20:00:00-04:00,50.08,50.95,49.75,50.64,17019675
2019-06-26 20:00:00-04:00,50.76,52.58,50.72,52.13,17019675
2019-06-27 20:00:00-04:00,52.56,54.17,52.38,54.16,17019675
2019-06-30 20:00:00-04:00,54.74,55.00,53.83,54.66,17019675
2019-07-01 20:00:00-04:00,54.52,55.30,53.86,55.28,12862200
2019-07-02 20:00:00-04:00,55.37,55.83,54.95,55.83,7434100
2019-07-04 20:00:00-04:00,55.60,55.70,54.08,54.36,10854900
2019-07-07 20:00:00-04:00,54.01,54.37,52.79,53.04,13487400
2019-07-08 20:00:00-04:00,53.01,53.96,52.80,53.06,11832500
2019-07-09 20:00:00-04:00,53.31,53.43,52.85,53.36,9170400
2019-07-10 20:00:00-04:00,53.85,53.92,52.02,53.06,13001000
2019-07-11 20:00:00-04:00,53.15,53.15,51.82,53.14,12903000
2019-07-14 20:00:00-04:00,53.16,53.70,52.70,53.13,10253300
2019-07-15 20:00:00-04:00,53.04,53.15,52.27,52.29,10141600
2019-07-16 20:00:00-04:00,52.42,52.82,51.65,51.66,12205000
2019-07-17 20:00:00-04:00,51.85,52.13,51.41,51.60,8573300
2019-07-18 20:00:00-04:00,51.52,52.03,51.49,51.82,9806900
2019-07-21 20:00:00-04:00,51.79,51.98,51.29,51.41,9961800
2019-07-22 20:00:00-04:00,51.41,51.75,51.11,51.21,8025300
2019-07-23 20:00:00-04:00,51.24,51.33,50.48,51.01,12595300
2019-07-24 20:00:00-04:00,51.01,51.32,50.28,50.40,12403500
2019-07-25 20:00:00-04:00,51.14,52.28,50.94,51.23,12259300
2019-07-28 20:00:00-04:00,51.32,51.72,50.57,50.79,10117300
2019-07-29 20:00:00-04:00,50.60,51.06,50.10,50.79,8143700
2019-07-30 20:00:00-04:00,50.59,50.95,49.62,50.37,11300000
2019-07-31 20:00:00-04:00,50.61,50.81,49.23,49.75,13106700
2019-08-01 20:00:00-04:00,49.52,49.74,49.17,49.41,9653900
2019-08-04 20:00:00-04:00,49.13,49.99,48.80,49.32,11618800
2019-08-05 20:00:00-04:00,49.35,49.78,48.61,48.97,10248700
2019-08-06 20:00:00-04:00,48.68,49.07,47.87,48.74,10532100
2019-08-07 20:00:00-04:00,48.99,49.49,48.64,49.49,7427400
2019-08-08 20:00:00-04:00,49.43,50.56,48.61,49.59,10893500
2019-08-11 20:00:00-04:00,49.33,49.51,48.45,48.79,5258900
2019-08-12 20:00:00-04:00,49.04,49.85,48.87,49.15,7082500
2019-08-13 20:00:00-04:00,48.77,49.14,48.01,48.01,9373300
2019-08-14 20:00:00-04:00,48.48,48.57,47.38,47.62,9195700
2019-08-15 20:00:00-04:00,48.02,49.00,47.69,48.72,8348100
2019-08-18 20:00:00-04:00,49.18,50.57,49.12,50.33,9826300
2019-08-19 20:00:00-04:00,50.95,51.76,50.15,50.21,12037900
2019-08-20 20:00:00-04:00,50.92,51.35,50.36,51.07,7615700
2019-08-21 20:00:00-04:00,51.32,51.44,50.52,51.05,6495700
2019-08-22 20:00:00-04:00,50.87,51.26,49.51,49.88,8904700
2019-08-25 20:00:00-04:00,50.23,50.61,49.96,50.25,4841100
2019-08-26 20:00:00-04:00,50.41,50.64,49.52,49.65,7591200
2019-08-27 20:00:00-04:00,49.58,50.19,49.45,49.96,6872800
2019-08-28 20:00:00-04:00,50.45,50.68,49.87,50.07,6011900
2019-08-29 20:00:00-04:00,50.21,50.23,49.52,49.71,6415100
2019-09-02 20:00:00-04:00,49.74,49.75,49.09,49.45,7915700
2019-09-03 20:00:00-04:00,49.65,50.22,48.72,50.19,9618300
2019-09-04 20:00:00-04:00,50.39,50.89,50.23,50.68,5602400
2019-09-05 20:00:00-04:00,50.86,51.51,50.66,51.13,7502500
2019-09-08 20:00:00-04:00,51.38,51.41,50.14,50.43,10310900
2019-09-09 20:00:00-04:00,49.96,51.55,49.64,51.55,12155700
2019-09-10 20:00:00-04:00,51.70,52.73,51.46,52.54,8369100
2019-09-11 20:00:00-04:00,53.50,53.81,53.07,53.55,9560100
2019-09-12 20:00:00-04:00,53.80,54.07,53.29,53.31,8135600
2019-09-15 20:00:00-04:00,53.21,53.65,52.72,53.37,5992000
2019-09-16 20:00:00-04:00,53.31,54.51,53.20,54.14,9013500
2019-09-17 20:00:00-04:00,54.20,54.30,53.54,53.89,6252600
2019-09-18 20:00:00-04:00,53.99,54.37,53.84,54.19,5541200
2019-09-19 20:00:00-04:00,54.44,55.20,54.44,54.73,12968700
2019-09-22 20:00:00-04:00,54.69,55.79,54.48,55.14,8092300
2019-09-23 20:00:00-04:00,55.82,55.82,54.57,55.16,8223800
2019-09-24 20:00:00-04:00,55.10,55.38,54.45,54.51,5922700
2019-09-25 20:00:00-04:00,55.16,56.30,54.91,55.97,10324100
2019-09-26 20:00:00-04:00,56.11,56.81,55.89,56.59,7677300
2019-09-29 20:00:00-04:00,56.67,57.80,56.67,57.25,8315100
2019-09-30 20:00:00-04:00,57.38,57.49,55.15,55.37,10910800
2019-10-01 20:00:00-04:00,55.11,55.20,54.11,54.54,8380500
2019-10-02 20:00:00-04:00,54.48,55.91,54.47,55.84,6228500
2019-10-03 20:00:00-04:00,56.12,56.75,55.91,56.45,7007500
2019-10-06 20:00:00-04:00,56.50,56.91,56.01,56.20,5163500
2019-10-07 20:00:00-04:00,55.86,56.52,55.51,55.60,6121500
2019-10-08 20:00:00-04:00,56.00,56.42,55.38,55.42,5851000
2019-10-09 20:00:00-04:00,55.36,56.43,55.35,56.29,7329400
2019-10-10 20:00:00-04:00,56.74,57.03,56.44,56.48,7164900
2019-10-13 20:00:00-04:00,56.50,56.90,56.30,56.58,5040900
2019-10-14 20:00:00-04:00,56.92,57.52,56.61,57.15,6028300
2019-10-15 20:00:00-04:00,57.06,57.52,57.03,57.34,8288300
2019-10-16 20:00:00-04:00,57.53,58.44,57.27,57.64,6811300
2019-10-17 20:00:00-04:00,57.72,59.20,57.70,58.65,9480200
2019-10-20 20:00:00-04:00,58.98,59.72,58.19,59.30,7839100
2019-10-21 20:00:00-04:00,59.87,60.34,59.64,59.74,6062000
2019-10-22 20:00:00-04:00,59.67,59.85,59.21,59.64,6136700
2019-10-23 20:00:00-04:00,59.71,59.75,58.49,58.92,5699300
2019-10-24 20:00:00-04:00,58.60,58.91,58.47,58.71,5497000
2019-10-27 20:00:00-04:00,58.82,60.13,58.68,60.09,7146400
2019-10-28 20:00:00-04:00,59.92,60.40,59.52,60.20,6391500
2019-10-29 20:00:00-04:00,60.23,61.21,59.84,61.11,7222500
2019-10-30 20:00:00-04:00,61.15,61.17,60.40,61.02,10009400
2019-10-31 20:00:00-04:00,61.39,63.04,60.70,62.71,13356300
2019-11-03 19:00:00-05:00,63.63,63.92,63.01,63.66,9127900
2019-11-04 19:00:00-05:00,63.80,63.98,62.50,62.78,7475600
2019-11-05 19:00:00-05:00,62.73,63.10,61.64,62.97,9303600
2019-11-06 19:00:00-05:00,63.07,63.36,62.20,62.91,6561500
2019-11-07 19:00:00-05:00,62.98,65.56,62.97,65.37,11364100
2019-11-10 19:00:00-05:00,65.17,65.73,64.36,65.71,8726300
2019-11-11 19:00:00-05:00,65.67,67.72,65.63,66.31,12165900
2019-11-12 19:00:00-05:00,65.77,66.95,65.46,66.48,5798800
2019-11-13 19:00:00-05:00,66.34,67.32,65.92,67.22,5425600
2019-11-14 19:00:00-05:00,67.58,68.42,66.94,67.99,8036700
2019-11-17 19:00:00-05:00,67.77,68.59,67.75,68.07,5772300
2019-11-18 19:00:00-05:00,68.47,69.36,68.21,68.29,7504800
2019-11-19 19:00:00-05:00,68.06,68.06,66.39,66.89,10933000
2019-11-20 19:00:00-05:00,66.58,66.64,65.63,66.37,9614100
2019-11-21 19:00:00-05:00,66.46,66.58,65.44,66.01,7784700
2019-11-24 19:00:00-05:00,66.63,67.42,66.02,67.32,9522100
2019-11-25 19:00:00-05:00,67.62,67.65,66.69,67.29,6431400
2019-11-26 19:00:00-05:00,67.40,68.13,67.21,67.76,4711800
2019-11-28 19:00:00-05:00,67.51,67.58,66.91,67.30,3042800
2019-12-01 19:00:00-05:00,67.38,67.53,66.74,66.76,6526400
2019-12-02 19:00:00-05:00,65.94,66.34,65.66,65.93,10054500
2019-12-03 19:00:00-05:00,66.11,67.16,66.07,66.89,6174600
2019-12-04 19:00:00-05:00,66.93,66.93,66.17,66.53,6072100
2019-12-05 19:00:00-05:00,66.90,67.28,66.57,66.72,6044600
2019-12-08 19:00:00-05:00,66.91,67.29,66.26,66.31,5582700
2019-12-09 19:00:00-05:00,66.68,66.70,66.13,66.40,7816000
2019-12-10 19:00:00-05:00,66.51,66.94,66.15,66.51,7326400
2019-12-11 19:00:00-05:00,66.56,68.23,66.55,68.07,6260500
2019-12-12 19:00:00-05:00,68.11,68.34,66.99,67.38,5975200
2019-12-15 19:00:00-05:00,67.80,69.13,67.71,68.60,6723300
2019-12-16 19:00:00-05:00,69.04,69.17,68.33,69.10,8750000
2019-12-17 19:00:00-05:00,69.08,69.18,68.29,68.53,6490100
2019-12-18 19:00:00-05:00,68.80,68.80,67.94,68.10,5447000
2019-12-19 19:00:00-05:00,69.35,70.57,68.39,68.50,17019675
2019-12-22 19:00:00-05:00,68.68,69.40,68.53,69.23,5907200
2019-12-23 19:00:00-05:00,69.35,69.35,68.60,68.93,1798800
2019-12-25 19:00:00-05:00,69.19,69.59,68.62,68.91,4066700
2019-12-26 19:00:00-05:00,69.03,69.26,68.14,68.43,4087800
2019-12-29 19:00:00-05:00,68.44,68.83,67.63,67.91,7014800
2019-12-30 19:00:00-05:00,67.67,67.97,67.42,67.92,4702100
2020-01-01 19:00:00-05:00,68.34,68.71,67.90,68.70,5639200
2020-01-02 19:00:00-05:00,67.64,68.57,67.43,68.04,5988500
2020-01-05 19:00:00-05:00,67.68,68.75,67.49,68.58,6786600
2020-01-06 19:00:00-05:00,68.22,68.69,67.71,68.19,7242500
2020-01-07 19:00:00-05:00,68.39,69.09,68.17,68.67,7696800
2020-01-08 19:00:00-05:00,69.05,69.22,68.31,69.20,7518000
2020-01-09 19:00:00-05:00,69.22,69.26,68.14,68.32,8581400
2020-01-12 19:00:00-05:00,68.66,68.66,67.45,67.91,9292200
2020-01-13 19:00:00-05:00,67.72,68.76,67.46,68.57,8876900
2020-01-14 19:00:00-05:00,68.56,69.88,68.56,69.40,8490100
2020-01-15 19:00:00-05:00,69.44,69.82,69.13,69.40,7073200
2020-01-16 19:00:00-05:00,69.30,69.41,68.26,68.42,10122300
2020-01-20 19:00:00-05:00,68.17,68.83,68.08,68.41,13552000
2020-01-21 19:00:00-05:00,68.44,68.55,67.76,67.81,6438900
2020-01-22 19:00:00-05:00,67.68,67.70,66.08,66.30,12266800
2020-01-23 19:00:00-05:00,66.42,66.46,64.35,64.95,13215400
2020-01-26 19:00:00-05:00,66.13,66.81,65.31,65.32,13832000
2020-01-27 19:00:00-05:00,66.08,66.08,65.03,65.13,8614400
2020-01-28 19:00:00-05:00,65.15,65.31,64.63,64.69,5703200
2020-01-29 19:00:00-05:00,64.21,64.37,63.12,63.58,10870000
2020-01-30 19:00:00-05:00,63.40,63.54,62.52,62.99,13870100
2020-02-02 19:00:00-05:00,63.22,64.22,62.91,63.99,10143700
2020-02-03 19:00:00-05:00,64.99,65.86,64.99,65.59,8251500
2020-02-04 19:00:00-05:00,66.13,67.75,65.99,67.35,10020600
2020-02-05 19:00:00-05:00,68.33,68.39,67.04,67.78,7769700
2020-02-06 19:00:00-05:00,69.77,72.29,69.10,71.75,17019675
2020-02-09 19:00:00-05:00,71.81,74.25,71.61,73.67,13998300
2020-02-10 19:00:00-05:00,74.06,75.48,73.87,74.64,10682800
2020-02-11 19:00:00-05:00,74.62,76.09,74.41,76.03,10591000
2020-02-12 19:00:00-05:00,75.30,75.70,74.04,74.13,10613000
2020-02-13 19:00:00-05:00,74.04,74.09,72.91,73.12,11175800
2020-02-17 19:00:00-05:00,72.83,73.47,72.51,72.78,9406300
2020-02-18 19:00:00-05:00,72.91,73.70,72.32,73.19,6349100
2020-02-19 19:00:00-05:00,73.03,73.39,71.99,73.26,5446200
2020-02-20 19:00:00-05:00,73.05,74.27,72.60,73.83,6676000
2020-02-23 19:00:00-05:00,71.66,72.98,71.65,72.42,10705100
2020-02-24 19:00:00-05:00,72.56,72.66,68.50,69.34,11366400
2020-02-25 19:00:00-05:00,68.90,70.89,68.57,68.74,9786900
2020-02-26 19:00:00-05:00,67.01,69.55,65.46,66.41,14184100
2020-02-27 19:00:00-05:00,64.37,66.64,63.43,66.64,17019675
2020-03-01 19:00:00-05:00,66.86,69.03,64.96,68.96,12171100
2020-03-02 19:00:00-05:00,69.54,70.67,66.60,68.08,12660900
2020-03-03 19:00:00-05:00,69.41,71.42,69.16,71.33,16590400
2020-03-04 19:00:00-05:00,70.02,71.30,69.53,70.45,9688400
2020-03-05 19:00:00-05:00,68.99,69.79,67.84,69.06,12664600
2020-03-08 20:00:00-04:00,65.31,67.91,64.09,66.30,15806200
2020-03-09 20:00:00-04:00,68.57,68.59,65.12,68.05,12965800
2020-03-10 20:00:00-04:00,66.71,67.36,64.97,65.97,10382200
2020-03-11 20:00:00-04:00,61.31,63.20,59.91,61.12,17019675
2020-03-12 20:00:00-04:00,64.81,67.11,62.74,66.37,17019675
2020-03-15 20:00:00-04:00,61.42,63.89,57.21,57.74,17019675
2020-03-16 20:00:00-04:00,58.86,60.42,54.42,56.77,17019675
2020-03-17 20:00:00-04:00,54.42,55.51,50.30,55.23,17019675
2020-03-18 20:00:00-04:00,53.72,58.20,50.79,55.25,17019675
2020-03-19 20:00:00-04:00,56.76,56.76,51.94,53.51,17019675
2020-03-22 20:00:00-04:00,52.39,52.68,48.63,50.15,17019675
2020-03-23 20:00:00-04:00,52.99,55.84,52.16,52.47,17019675
2020-03-24 20:00:00-04:00,52.81,54.95,50.96,52.80,17019675
2020-03-25 20:00:00-04:00,53.51,57.78,53.46,57.40,15979400
2020-03-26 20:00:00-04:00,55.69,58.36,54.98,56.50,12293300
2020-03-29 20:00:00-04:00,57.16,59.28,57.12,58.50,10671600
2020-03-30 20:00:00-04:00,58.62,60.58,57.88,59.24,17019675
2020-03-31 20:00:00-04:00,56.07,57.53,55.54,57.08,12948000
2020-04-01 20:00:00-04:00,56.59,58.70,55.56,58.41,8077800
2020-04-02 20:00:00-04:00,58.04,58.65,56.41,57.04,8062700
2020-04-05 20:00:00-04:00,58.89,60.07,57.56,58.88,10266500
2020-04-06 20:00:00-04:00,60.94,61.10,58.51,58.62,11591700
2020-04-07 20:00:00-04:00,59.43,61.41,58.14,61.08,12218500
2020-04-08 20:00:00-04:00,61.08,62.26,61.08,62.00,9425900
2020-04-12 20:00:00-04:00,62.71,63.23,61.16,62.43,9293500
2020-04-13 20:00:00-04:00,63.62,65.38,63.36,64.81,11072700
2020-04-14 20:00:00-04:00,63.53,65.53,62.83,64.56,8977300
2020-04-15 20:00:00-04:00,65.28,66.06,64.37,64.59,10326900
2020-04-16 20:00:00-04:00,66.28,66.91,65.10,65.85,10734800
2020-04-19 20:00:00-04:00,65.92,67.33,65.20,66.28,9126300
2020-04-20 20:00:00-04:00,65.11,65.47,63.14,63.41,9627500
2020-04-21 20:00:00-04:00,64.10,65.06,63.70,64.29,7033300
2020-04-22 20:00:00-04:00,64.85,66.15,64.67,64.74,7869600
2020-04-23 20:00:00-04:00,65.39,66.02,64.98,65.96,6770700
2020-04-26 20:00:00-04:00,66.31,67.01,66.11,66.83,9209700
2020-04-27 20:00:00-04:00,67.62,67.84,65.00,65.30,8341000
2020-04-28 20:00:00-04:00,66.06,66.88,64.82,66.09,8231700
2020-04-29 20:00:00-04:00,65.47,65.70,64.10,64.86,15535800
2020-04-30 20:00:00-04:00,64.67,66.46,63.52,65.37,12705300
2020-05-03 20:00:00-04:00,64.88,65.37,64.01,64.59,6833000
2020-05-04 20:00:00-04:00,65.45,68.24,65.18,67.36,10927000
2020-05-05 20:00:00-04:00,68.08,69.56,67.27,67.40,17019675
2020-05-06 20:00:00-04:00,68.27,68.52,65.94,66.46,11941800
2020-05-07 20:00:00-04:00,66.61,66.80,65.06,66.25,17019675
2020-05-10 20:00:00-04:00,67.14,69.80,66.27,69.36,17019675
2020-05-11 20:00:00-04:00,71.02,72.78,69.81,71.38,17019675
2020-05-12 20:00:00-04:00,71.60,72.79,69.23,70.13,17019675
2020-05-13 20:00:00-04:00,69.14,71.40,68.99,70.97,13379500
2020-05-14 20:00:00-04:00,71.03,71.93,70.56,71.58,14071200
2020-05-17 20:00:00-04:00,72.60,73.91,72.05,72.18,16300200
2020-05-18 20:00:00-04:00,72.01,72.32,70.67,71.96,9892500
2020-05-19 20:00:00-04:00,72.70,73.02,70.94,71.96,10661500
2020-05-20 20:00:00-04:00,72.03,73.49,71.29,73.40,10393200
2020-05-21 20:00:00-04:00,73.28,73.39,72.38,72.67,5507000
2020-05-25 20:00:00-04:00,73.74,73.83,71.26,71.58,11869800
2020-05-26 20:00:00-04:00,71.44,71.81,69.88,71.00,12529500
2020-05-27 20:00:00-04:00,71.70,71.96,71.02,71.04,8765900
2020-05-28 20:00:00-04:00,71.81,73.30,70.70,73.12,13758800
2020-05-31 20:00:00-04:00,72.64,73.43,71.56,71.57,8486500
2020-06-01 20:00:00-04:00,71.78,72.36,71.06,71.84,9413300
2020-06-02 20:00:00-04:00,72.18,72.20,70.70,71.72,8588400
2020-06-03 20:00:00-04:00,71.24,73.76,71.22,73.42,9525700
2020-06-04 20:00:00-04:00,73.78,75.39,73.24,74.06,9630100
2020-06-07 20:00:00-04:00,73.31,74.97,73.24,74.64,6621400
2020-06-08 20:00:00-04:00,74.92,76.27,74.77,75.89,9555900
2020-06-09 20:00:00-04:00,76.53,78.40,76.38,76.46,11138300
2020-06-10 20:00:00-04:00,75.51,76.45,72.62,72.80,12584800
2020-06-11 20:00:00-04:00,73.97,74.76,71.83,72.96,8010100
2020-06-14 20:00:00-04:00,72.02,74.20,71.63,73.45,7120200
2020-06-15 20:00:00-04:00,74.85,75.91,73.76,75.80,9366100
2020-06-16 20:00:00-04:00,76.42,76.62,75.18,75.55,6212200
2020-06-17 20:00:00-04:00,75.41,76.11,75.17,75.93,4571600
2020-06-18 20:00:00-04:00,77.11,77.49,75.56,76.31,9210900
2020-06-21 20:00:00-04:00,76.26,76.78,75.61,76.75,6004300
2020-06-22 20:00:00-04:00,77.66,78.20,76.58,76.79,6715600
2020-06-23 20:00:00-04:00,76.12,76.67,74.45,75.07,9025100
2020-06-24 20:00:00-04:00,75.11,76.60,74.43,76.53,6411700
2020-06-25 20:00:00-04:00,76.45,76.57,74.99,75.85,14568400
2020-06-28 20:00:00-04:00,76.15,76.80,75.50,76.10,6676400
2020-06-29 20:00:00-04:00,75.73,78.02,75.62,77.47,8112500
2020-06-30 20:00:00-04:00,77.73,78.64,76.94,78.23,6522900
2020-07-01 20:00:00-04:00,78.47,78.90,77.22,78.02,6158800
2020-07-05 20:00:00-04:00,78.62,78.75,77.29,78.13,7039000
2020-07-06 20:00:00-04:00,77.87,79.45,77.77,78.40,6345600
2020-07-07 20:00:00-04:00,78.71,79.36,77.76,78.34,6154400
2020-07-08 20:00:00-04:00,78.18,78.74,76.39,77.28,5817300
2020-07-09 20:00:00-04:00,77.38,77.59,76.04,76.41,6202500
2020-07-12 20:00:00-04:00,76.83,78.56,76.48,77.22,8507400
2020-07-13 20:00:00-04:00,77.45,79.15,76.63,78.97,6765600
2020-07-14 20:00:00-04:00,79.87,80.26,78.93,80.26,5661600
2020-07-15 20:00:00-04:00,79.62,80.06,78.92,79.81,4269200
2020-07-16 20:00:00-04:00,80.10,80.89,79.81,80.53,6890900
2020-07-19 20:00:00-04:00,80.48,80.87,79.28,79.50,4823300
2020-07-20 20:00:00-04:00,79.72,79.72,77.61,77.80,8239000
2020-07-21 20:00:00-04:00,78.11,78.50,77.42,78.03,4441800
2020-07-22 20:00:00-04:00,78.47,79.01,77.84,78.30,5127200
2020-07-23 20:00:00-04:00,78.31,78.43,77.04,77.56,5169400
2020-07-26 20:00:00-04:00,76.96,78.19,76.88,77.60,5030700
2020-07-27 20:00:00-04:00,77.48,77.97,77.04,77.24,5941800
2020-07-28 20:00:00-04:00,77.37,77.80,77.19,77.48,5512000
2020-07-29 20:00:00-04:00,76.92,77.27,76.21,76.71,6411500
2020-07-30 20:00:00-04:00,76.31,77.68,74.72,75.81,14613000
2020-08-02 20:00:00-04:00,76.03,77.61,75.93,76.63,6919000
2020-08-03 20:00:00-04:00,76.61,76.70,75.13,75.31,7865100
2020-08-04 20:00:00-04:00,75.45,75.72,74.38,74.48,6918900
2020-08-05 20:00:00-04:00,74.54,74.80,73.31,73.94,7269300
2020-08-06 20:00:00-04:00,74.03,74.28,73.64,74.22,5226600
2020-08-09 20:00:00-04:00,73.99,74.82,73.60,73.79,7623600
2020-08-10 20:00:00-04:00,73.73,74.51,73.59,74.02,7208400
2020-08-11 20:00:00-04:00,74.64,76.34,74.54,76.29,7705600
2020-08-12 20:00:00-04:00,75.99,76.28,75.09,75.62,6004200
2020-08-13 20:00:00-04:00,76.18,76.41,75.51,75.93,5488100
2020-08-16 20:00:00-04:00,76.11,77.68,76.09,76.96,7251400
2020-08-17 20:00:00-04:00,77.17,77.24,76.00,76.40,4557400
2020-08-18 20:00:00-04:00,77.56,77.81,76.56,76.76,7672000
2020-08-19 20:00:00-04:00,76.27,76.70,75.62,76.04,6798000
2020-08-20 20:00:00-04:00,76.04,76.13,75.34,75.77,5269000
2020-08-23 20:00:00-04:00,75.80,76.07,75.22,75.49,4103600
2020-08-24 20:00:00-04:00,75.25,75.71,75.01,75.13,6710000
2020-08-25 20:00:00-04:00,74.68,75.41,74.23,75.36,5682800
2020-08-26 20:00:00-04:00,75.34,75.93,74.82,75.32,5271500
2020-08-27 20:00:00-04:00,75.49,75.60,74.70,75.22,4938300
2020-08-30 20:00:00-04:00,75.18,76.68,75.09,76.49,9932300
2020-08-31 20:00:00-04:00,76.29,76.61,72.91,73.67,15783600
2020-09-01 20:00:00-04:00,73.54,75.27,73.40,75.04,9139200
2020-09-02 20:00:00-04:00,74.98,75.33,72.76,73.38,8921900
2020-09-03 20:00:00-04:00,73.55,74.38,72.35,73.38,9444800
2020-09-07 20:00:00-04:00,73.10,73.37,71.45,72.06,8563900
2020-09-08 20:00:00-04:00,72.57,73.83,72.29,73.19,5373500
2020-09-09 20:00:00-04:00,72.74,73.01,71.47,71.61,10403600
2020-09-10 20:00:00-04:00,71.73,72.16,71.12,71.64,8385800
2020-09-13 20:00:00-04:00,71.92,72.89,71.45,72.28,5212300
2020-09-14 20:00:00-04:00,73.00,73.47,72.40,72.61,3851300
2020-09-15 20:00:00-04:00,72.70,72.90,71.64,71.71,6304400
2020-09-16 20:00:00-04:00,71.33,72.53,71.23,71.59,5604700
2020-09-17 20:00:00-04:00,71.48,72.28,70.97,71.97,10076300
2020-09-20 20:00:00-04:00,71.20,71.43,69.62,71.16,7328300
2020-09-21 20:00:00-04:00,71.01,71.05,70.23,70.77,5306100
2020-09-22 20:00:00-04:00,71.09,71.30,69.58,69.60,6253000
2020-09-23 20:00:00-04:00,69.49,69.49,68.15,68.62,9980800
2020-09-24 20:00:00-04:00,68.69,69.38,68.26,68.87,9935600
2020-09-27 20:00:00-04:00,69.72,70.45,69.38,69.71,6306900
2020-09-28 20:00:00-04:00,69.58,69.71,68.94,69.40,5508900
2020-09-29 20:00:00-04:00,69.49,70.64,69.34,69.96,8209300
2020-09-30 20:00:00-04:00,70.42,70.42,69.27,69.60,8777300
2020-10-01 20:00:00-04:00,69.09,69.77,68.73,68.79,5554300
2020-10-04 20:00:00-04:00,69.08,70.43,68.86,70.23,5984200
2020-10-05 20:00:00-04:00,70.26,70.34,68.46,68.60,8743800
2020-10-06 20:00:00-04:00,68.82,69.73,68.71,69.54,5899700
2020-10-07 20:00:00-04:00,69.70,70.75,69.42,69.76,5535100
2020-10-08 20:00:00-04:00,69.82,70.85,69.77,70.05,6005800
2020-10-11 20:00:00-04:00,70.42,70.77,69.74,70.54,7314900
2020-10-12 20:00:00-04:00,70.30,70.93,69.86,70.15,7851700
2020-10-13 20:00:00-04:00,70.30,70.52,69.54,69.68,5863900
2020-10-14 20:00:00-04:00,69.15,69.41,68.78,69.00,6190900
2020-10-15 20:00:00-04:00,69.54,70.56,69.43,69.84,5358500
2020-10-18 20:00:00-04:00,70.10,70.26,68.11,68.26,10288000
2020-10-19 20:00:00-04:00,68.16,68.68,67.54,68.21,6932100
2020-10-20 20:00:00-04:00,67.67,68.12,66.84,67.11,9776900
2020-10-21 20:00:00-04:00,67.21,68.73,67.13,68.26,8080100
2020-10-22 20:00:00-04:00,68.52,68.94,67.96,68.28,4238700
2020-10-25 20:00:00-04:00,68.08,68.27,67.04,67.94,7986300
2020-10-26 20:00:00-04:00,68.01,68.22,66.94,66.96,6705600
2020-10-27 20:00:00-04:00,65.86,66.56,64.96,65.16,11480200
2020-10-28 20:00:00-04:00,65.17,65.88,64.05,65.31,8876700
2020-10-29 20:00:00-04:00,67.36,69.74,67.20,68.90,17019675
2020-11-01 19:00:00-05:00,69.65,71.68,69.63,71.45,10781400
2020-11-02 19:00:00-05:00,72.17,72.37,70.78,71.21,8518800
2020-11-03 19:00:00-05:00,75.41,78.93,75.03,76.51,17019675
2020-11-04 19:00:00-05:00,77.20,77.33,75.29,75.85,8013000
2020-11-05 19:00:00-05:00,75.28,75.82,74.25,75.17,7006900
2020-11-08 19:00:00-05:00,77.51,78.49,76.64,77.01,11028900
2020-11-09 19:00:00-05:00,77.73,80.26,77.42,80.04,12267200
2020-11-10 19:00:00-05:00,80.27,80.85,79.15,79.46,9476500
2020-11-11 19:00:00-05:00,78.94,79.14,77.95,79.02,7646600
2020-11-12 19:00:00-05:00,78.86,80.60,78.85,80.18,6888600
2020-11-15 19:00:00-05:00,80.93,81.40,79.61,79.63,8611300
2020-11-16 19:00:00-05:00,80.45,81.17,79.94,80.32,11593500
2020-11-17 19:00:00-05:00,80.96,81.19,79.89,79.92,8880600
2020-11-18 19:00:00-05:00,79.96,81.08,79.82,80.69,7550300
2020-11-19 19:00:00-05:00,80.92,82.44,79.84,81.64,9682500
2020-11-22 19:00:00-05:00,82.53,83.19,81.83,82.72,7541500
2020-11-23 19:00:00-05:00,83.29,84.86,83.05,84.17,9322200
2020-11-24 19:00:00-05:00,84.05,84.57,83.70,84.36,6368100
2020-11-26 19:00:00-05:00,84.99,85.66,84.44,84.92,4418800
2020-11-29 19:00:00-05:00,85.10,85.35,83.91,84.67,17019675
2020-11-30 19:00:00-05:00,85.05,86.12,84.23,84.23,7623500
2020-12-01 19:00:00-05:00,84.20,85.32,83.65,85.00,5492200
2020-12-02 19:00:00-05:00,85.01,85.57,84.44,84.80,4693600
2020-12-03 19:00:00-05:00,85.02,86.88,85.02,86.85,7235800
2020-12-06 19:00:00-05:00,86.66,86.80,84.98,85.69,6532500
2020-12-07 19:00:00-05:00,85.57,87.72,85.49,87.19,6688200
2020-12-08 19:00:00-05:00,87.36,88.37,87.14,87.98,7350700
2020-12-09 19:00:00-05:00,88.29,88.30,86.36,87.02,6285700
2020-12-10 19:00:00-05:00,86.63,86.97,85.48,86.09,5205200
2020-12-13 19:00:00-05:00,86.97,87.49,84.27,84.36,8272700
2020-12-14 19:00:00-05:00,85.36,85.37,82.84,83.24,12101000
2020-12-15 19:00:00-05:00,82.98,85.34,82.50,84.72,9182100
2020-12-16 19:00:00-05:00,84.89,85.41,84.29,84.92,6360600
2020-12-17 19:00:00-05:00,85.03,85.06,83.55,84.56,13906800
2020-12-20 19:00:00-05:00,83.19,84.13,82.21,83.96,6664600
2020-12-21 19:00:00-05:00,83.72,83.79,82.59,83.23,4002900
2020-12-22 19:00:00-05:00,83.44,84.14,83.32,83.61,3659100
2020-12-23 19:00:00-05:00,83.48,83.70,83.06,83.60,1378600
2020-12-27 19:00:00-05:00,83.91,84.10,83.16,83.75,3948900
2020-12-28 19:00:00-05:00,84.16,85.31,84.16,84.76,5096400
2020-12-29 19:00:00-05:00,85.10,86.00,85.09,85.23,5328400
2020-12-30 19:00:00-05:00,85.22,86.85,84.89,86.75,6148100
2021-01-03 19:00:00-05:00,86.77,86.91,84.08,85.34,9523400
2021-01-04 19:00:00-05:00,85.34,86.64,84.71,86.22,6823800
2021-01-05 19:00:00-05:00,84.81,86.78,84.34,85.48,11017500
2021-01-06 19:00:00-05:00,85.91,86.68,85.47,86.39,8196000
2021-01-07 19:00:00-05:00,86.50,87.06,85.62,86.85,5345900
2021-01-10 19:00:00-05:00,86.68,88.70,86.68,88.26,6334200
2021-01-11 19:00:00-05:00,88.42,89.69,88.34,88.88,6106900
2021-01-12 19:00:00-05:00,88.89,91.82,88.81,91.04,9821300
2021-01-13 19:00:00-05:00,90.67,92.30,89.69,91.43,8268800
2021-01-14 19:00:00-05:00,91.08,91.37,89.67,90.52,9196200
2021-01-18 19:00:00-05:00,91.12,91.99,90.31,91.88,7723800
2021-01-19 19:00:00-05:00,92.48,92.64,91.30,92.24,6554600
2021-01-20 19:00:00-05:00,92.25,92.35,90.72,91.13,5417000
2021-01-21 19:00:00-05:00,90.63,91.41,89.67,90.80,5185500
2021-01-24 19:00:00-05:00,89.88,91.10,89.45,90.51,6928200
2021-01-25 19:00:00-05:00,91.16,91.16,88.92,89.11,5554600
2021-01-26 19:00:00-05:00,87.05,87.39,84.03,84.19,11887900
2021-01-27 19:00:00-05:00,85.18,86.12,84.45,85.35,8534300
2021-01-28 19:00:00-05:00,85.18,85.58,83.39,83.94,9380400
2021-01-31 19:00:00-05:00,84.36,85.09,83.43,83.79,7518200
2021-02-01 19:00:00-05:00,84.27,85.44,83.95,84.75,10481300
2021-02-02 19:00:00-05:00,86.98,88.11,85.19,87.60,12101900
2021-02-03 19:00:00-05:00,87.53,89.18,86.21,88.89,9077800
2021-02-04 19:00:00-05:00,89.79,90.32,88.82,89.06,7251000
2021-02-07 19:00:00-05:00,89.19,89.26,86.67,87.51,9199100
2021-02-08 19:00:00-05:00,86.82,87.23,86.09,86.33,5506900
2021-02-09 19:00:00-05:00,86.80,86.93,84.95,85.22,7446000
2021-02-10 19:00:00-05:00,85.65,85.74,84.63,84.98,5090100
2021-02-11 19:00:00-05:00,84.99,85.65,84.49,85.54,3738400
2021-02-15 19:00:00-05:00,86.27,86.98,85.20,85.35,5637300
2021-02-16 19:00:00-05:00,85.76,87.44,85.31,87.06,6940400
2021-02-17 19:00:00-05:00,86.26,87.32,86.17,86.87,5386600
2021-02-18 19:00:00-05:00,87.01,87.39,85.93,86.01,6702400
2021-02-21 19:00:00-05:00,85.72,88.20,85.37,87.69,10272500
2021-02-22 19:00:00-05:00,87.62,88.13,86.79,87.04,7058600
2021-02-23 19:00:00-05:00,86.82,89.64,86.49,89.02,7626200
2021-02-24 19:00:00-05:00,88.85,89.52,87.70,87.91,6237600
2021-02-25 19:00:00-05:00,88.20,88.93,86.30,88.25,9250000
2021-02-28 19:00:00-05:00,88.89,89.45,88.52,88.79,4709500
2021-03-01 19:00:00-05:00,89.16,89.59,88.30,88.34,5487000
2021-03-02 19:00:00-05:00,87.53,87.75,86.38,87.40,7218700
2021-03-03 19:00:00-05:00,87.23,88.25,85.96,86.53,7503700
2021-03-04 19:00:00-05:00,86.83,87.63,85.24,87.39,7277800
2021-03-07 19:00:00-05:00,87.52,88.59,86.66,86.91,6049400
2021-03-08 19:00:00-05:00,87.21,89.02,87.18,87.47,6857500
2021-03-09 19:00:00-05:00,87.96,88.75,87.68,88.46,5762600
2021-03-10 19:00:00-05:00,88.57,88.97,87.92,88.35,4671400
2021-03-11 19:00:00-05:00,88.30,88.93,87.94,88.64,5341200
2021-03-14 20:00:00-04:00,89.01,90.39,88.75,90.31,6642200
2021-03-15 20:00:00-04:00,90.06,90.98,90.02,90.79,5570200
2021-03-16 20:00:00-04:00,84.99,86.08,84.20,86.03,17019675
2021-03-17 20:00:00-04:00,85.18,85.99,84.71,84.99,8675100
2021-03-18 20:00:00-04:00,85.13,85.53,84.30,84.71,10899100
2021-03-21 20:00:00-04:00,84.77,87.15,84.27,86.74,7627200
2021-03-22 20:00:00-04:00,86.30,86.77,85.60,85.87,6111600
2021-03-23 20:00:00-04:00,85.85,86.27,84.40,84.41,9420100
2021-03-24 20:00:00-04:00,84.28,85.31,83.59,85.08,6281500
2021-03-25 20:00:00-04:00,85.08,86.92,85.05,86.80,6596900
2021-03-28 20:00:00-04:00,86.62,87.64,86.40,87.42,5472700
2021-03-29 20:00:00-04:00,87.53,87.66,86.71,87.47,5354100
2021-03-30 20:00:00-04:00,87.54,89.43,87.48,88.64,9048000
2021-03-31 20:00:00-04:00,89.21,89.26,87.90,88.88,5091700
2021-04-04 20:00:00-04:00,89.34,89.34,86.33,86.94,10584400
2021-04-05 20:00:00-04:00,86.70,87.05,85.90,86.31,8522500
2021-04-06 20:00:00-04:00,86.44,86.93,85.32,86.17,8037300
2021-04-07 20:00:00-04:00,86.33,87.57,86.29,86.90,5881800
2021-04-08 20:00:00-04:00,87.14,88.23,86.86,88.08,5977500
2021-04-11 20:00:00-04:00,88.31,88.93,87.93,88.66,5647500
2021-04-12 20:00:00-04:00,88.48,88.75,87.66,88.64,6165100
2021-04-13 20:00:00-04:00,88.06,88.43,87.53,87.79,7766700
2021-04-14 20:00:00-04:00,87.87,88.66,87.56,88.61,5730500
2021-04-15 20:00:00-04:00,89.11,89.99,88.82,89.46,8207700
2021-04-18 20:00:00-04:00,89.51,90.14,88.80,90.04,4542900
2021-04-19 20:00:00-04:00,89.63,90.83,89.58,90.39,5411800
2021-04-20 20:00:00-04:00,91.02,92.39,90.65,91.86,6181100
2021-04-21 20:00:00-04:00,91.73,92.10,90.87,91.23,5046000
2021-04-22 20:00:00-04:00,90.95,92.66,90.82,92.34,4611000
2021-04-25 20:00:00-04:00,92.49,92.88,91.90,92.34,5202300
2021-04-26 20:00:00-04:00,92.23,92.73,91.67,92.39,3522900
2021-04-27 20:00:00-04:00,92.59,93.32,92.29,92.79,5116000
2021-04-28 20:00:00-04:00,93.17,93.36,91.47,91.93,6766700
2021-04-29 20:00:00-04:00,92.41,93.11,91.28,92.44,10575400
2021-05-02 20:00:00-04:00,93.18,95.42,92.51,95.07,9138200
2021-05-03 20:00:00-04:00,95.02,96.12,93.72,94.43,8151400
2021-05-04 20:00:00-04:00,94.77,96.40,94.47,95.98,7021400
2021-05-05 20:00:00-04:00,95.34,96.32,94.64,96.23,5803800
2021-05-06 20:00:00-04:00,96.48,96.94,95.30,95.96,6808200
2021-05-09 20:00:00-04:00,96.48,97.16,96.14,96.35,7093300
2021-05-10 20:00:00-04:00,95.74,96.64,94.82,95.25,5784600
2021-05-11 20:00:00-04:00,95.21,96.17,94.87,95.30,6208300
2021-05-12 20:00:00-04:00,95.79,97.16,95.35,96.66,6558200
2021-05-13 20:00:00-04:00,97.29,97.48,96.48,96.52,6268500
2021-05-16 20:00:00-04:00,96.80,97.58,96.63,96.90,6183200
2021-05-17 20:00:00-04:00,96.26,97.74,95.60,97.17,8174900
2021-05-18 20:00:00-04:00,96.55,96.58,94.82,96.04,6433600
2021-05-19 20:00:00-04:00,95.62,97.28,95.44,97.09,5526100
2021-05-20 20:00:00-04:00,97.43,98.06,96.22,96.27,5577800
2021-05-23 20:00:00-04:00,96.66,96.84,95.83,96.09,4821300
2021-05-24 20:00:00-04:00,96.14,96.17,94.67,94.97,6574200
2021-05-25 20:00:00-04:00,94.95,95.12,94.31,95.09,5802600
2021-05-26 20:00:00-04:00,95.44,95.50,92.87,93.12,17019675
2021-05-27 20:00:00-04:00,93.95,94.91,93.56,93.85,7104300
2021-05-31 20:00:00-04:00,94.26,94.50,92.88,93.02,6846200
2021-06-01 20:00:00-04:00,93.19,93.40,91.90,92.35,8100700
2021-06-02 20:00:00-04:00,92.12,93.19,91.73,93.02,6286100
2021-06-03 20:00:00-04:00,93.18,93.77,92.98,93.15,4255400
2021-06-06 20:00:00-04:00,93.44,94.60,93.12,93.69,5570100
2021-06-07 20:00:00-04:00,93.41,93.75,92.70,93.13,4114200
2021-06-08 20:00:00-04:00,93.58,94.86,93.46,94.51,4884000
2021-06-09 20:00:00-04:00,94.81,96.99,94.63,96.37,6263800
2021-06-10 20:00:00-04:00,96.37,96.47,95.23,95.69,4471400
2021-06-13 20:00:00-04:00,95.40,95.74,94.67,95.67,4427600
2021-06-14 20:00:00-04:00,95.64,96.12,94.94,96.03,3590500
2021-06-15 20:00:00-04:00,96.35,96.61,95.48,95.78,6670200
2021-06-16 20:00:00-04:00,95.32,96.08,94.53,95.25,4172300
2021-06-17 20:00:00-04:00,94.21,94.67,93.72,93.78,7415400
2021-06-20 20:00:00-04:00,94.25,95.54,93.49,95.11,4666100
2021-06-21 20:00:00-04:00,94.91,95.57,94.41,95.09,4359900
2021-06-22 20:00:00-04:00,94.96,95.36,94.47,94.51,3837300
2021-06-23 20:00:00-04:00,94.86,96.32,94.72,95.12,7712300
2021-06-24 20:00:00-04:00,93.60,94.17,92.97,93.66,11709400
2021-06-27 20:00:00-04:00,93.90,94.60,93.55,93.68,5141800
2021-06-28 20:00:00-04:00,93.39,93.47,92.53,93.10,5795100
2021-06-29 20:00:00-04:00,93.02,93.61,92.54,93.38,5042600
2021-06-30 20:00:00-04:00,93.64,94.96,93.59,94.72,5306900
2021-07-01 20:00:00-04:00,94.94,95.74,94.42,95.48,5719500
2021-07-05 20:00:00-04:00,95.48,96.08,95.15,95.94,7172100
2021-07-06 20:00:00-04:00,96.09,96.97,95.59,96.79,6695100
2021-07-07 20:00:00-04:00,95.97,96.84,95.90,96.46,3948800
2021-07-08 20:00:00-04:00,96.42,97.27,96.26,96.65,4823400
2021-07-11 20:00:00-04:00,96.83,98.11,96.68,97.52,8148400
2021-07-12 20:00:00-04:00,97.48,97.90,96.74,97.75,6540300
2021-07-13 20:00:00-04:00,97.97,98.54,97.57,98.38,6543400
2021-07-14 20:00:00-04:00,97.92,98.49,97.03,98.23,4544600
2021-07-15 20:00:00-04:00,98.84,99.19,98.01,98.50,6826100
2021-07-18 20:00:00-04:00,97.80,98.08,95.34,96.75,6762000
2021-07-19 20:00:00-04:00,96.86,98.69,96.79,97.28,5581400
2021-07-20 20:00:00-04:00,97.78,98.14,97.06,98.07,4133800
2021-07-21 20:00:00-04:00,97.78,98.84,97.57,98.53,6257000
2021-07-22 20:00:00-04:00,98.90,99.48,98.55,99.07,4411100
2021-07-25 20:00:00-04:00,99.02,99.31,98.30,98.74,3730100
2021-07-26 20:00:00-04:00,98.74,99.17,97.88,98.88,3773100
2021-07-27 20:00:00-04:00,98.61,99.69,98.33,99.38,5650400
2021-07-28 20:00:00-04:00,99.78,99.86,99.04,99.64,4632200
2021-07-29 20:00:00-04:00,99.75,99.88,97.34,97.49,9017200
2021-08-01 20:00:00-04:00,97.98,98.28,96.74,96.78,9245500
2021-08-02 20:00:00-04:00,96.96,97.50,96.31,97.45,5902700
2021-08-03 20:00:00-04:00,97.05,97.67,96.32,96.47,4602000
2021-08-04 20:00:00-04:00,96.51,96.87,95.94,96.50,5132400
2021-08-05 20:00:00-04:00,96.62,96.86,95.92,95.94,5340400
2021-08-08 20:00:00-04:00,96.05,96.56,95.34,95.61,5277900
2021-08-09 20:00:00-04:00,95.73,96.43,94.66,96.25,5120800
2021-08-10 20:00:00-04:00,96.53,96.69,95.18,95.33,6840400
2021-08-11 20:00:00-04:00,95.53,97.01,95.49,96.94,4863600
2021-08-12 20:00:00-04:00,97.09,97.88,96.99,97.64,4416400
2021-08-15 20:00:00-04:00,98.08,99.43,97.83,99.26,8180500
2021-08-16 20:00:00-04:00,98.98,100.37,98.92,100.31,6551700
2021-08-17 20:00:00-04:00,99.90,100.52,98.23,98.32,5586900
2021-08-18 20:00:00-04:00,97.41,99.72,97.41,98.86,6145200
2021-08-19 20:00:00-04:00,99.00,100.15,98.62,99.60,4112500
2021-08-22 20:00:00-04:00,100.42,100.97,99.94,100.06,4748300
2021-08-23 20:00:00-04:00,100.36,100.36,99.27,100.32,3831500
2021-08-24 20:00:00-04:00,100.47,101.77,99.64,100.93,5241100
2021-08-25 20:00:00-04:00,101.31,101.64,100.72,100.93,5035400
2021-08-26 20:00:00-04:00,100.88,101.13,100.11,100.24,4279900
2021-08-29 20:00:00-04:00,100.46,101.35,100.21,101.07,3260900
2021-08-30 20:00:00-04:00,101.29,101.57,100.62,101.25,6021800
2021-08-31 20:00:00-04:00,101.43,101.87,88.94,94.11,17019675
2021-09-01 20:00:00-04:00,95.18,95.34,92.90,93.90,14719200
2021-09-02 20:00:00-04:00,93.20,93.94,93.06,93.57,5364800
2021-09-06 20:00:00-04:00,92.59,93.53,90.80,91.40,12694200
2021-09-07 20:00:00-04:00,90.58,92.96,90.30,92.51,10823200
2021-09-08 20:00:00-04:00,91.74,91.99,89.86,89.92,10337100
2021-09-09 20:00:00-04:00,90.10,90.80,89.16,89.43,7620100
2021-09-12 20:00:00-04:00,90.02,91.18,89.54,90.10,7398900
2021-09-13 20:00:00-04:00,90.52,90.59,89.07,89.26,6102700
2021-09-14 20:00:00-04:00,89.35,91.20,88.88,90.34,7444300
2021-09-15 20:00:00-04:00,90.73,91.16,89.30,90.60,5821800
2021-09-16 20:00:00-04:00,90.11,90.74,89.78,90.31,14157200
2021-09-19 20:00:00-04:00,88.94,90.11,88.49,89.19,7103400
2021-09-20 20:00:00-04:00,89.07,90.04,89.02,89.82,6400400
2021-09-21 20:00:00-04:00,89.70,90.18,88.80,89.20,6319100
2021-09-22 20:00:00-04:00,89.69,90.76,89.40,90.00,5847800
2021-09-23 20:00:00-04:00,89.59,90.57,89.22,89.75,5836100
2021-09-26 20:00:00-04:00,89.80,91.07,89.71,90.30,4969600
2021-09-27 20:00:00-04:00,90.21,91.05,89.73,89.98,6445600
2021-09-28 20:00:00-04:00,90.41,91.86,90.10,91.24,6270100
2021-09-29 20:00:00-04:00,91.54,92.56,90.35,90.42,7886400
2021-09-30 20:00:00-04:00,90.74,91.95,89.59,91.45,8611500
2021-10-03 20:00:00-04:00,91.24,92.38,90.27,91.14,9779200
2021-10-04 20:00:00-04:00,91.70,92.70,91.45,91.80,7146900
2021-10-05 20:00:00-04:00,91.62,91.93,90.66,91.64,5710300
2021-10-06 20:00:00-04:00,92.02,93.71,91.84,92.94,7842600
2021-10-07 20:00:00-04:00,93.09,93.68,92.75,93.20,5019800
2021-10-10 20:00:00-04:00,93.16,93.38,92.44,92.49,4613800
2021-10-11 20:00:00-04:00,92.31,92.43,90.67,91.01,6305800
2021-10-12 20:00:00-04:00,91.03,91.40,90.53,90.98,5471100
2021-10-13 20:00:00-04:00,91.60,92.47,91.46,92.40,7289500
2021-10-14 20:00:00-04:00,92.61,93.29,92.55,92.76,4634500
2021-10-17 20:00:00-04:00,92.47,92.47,90.86,91.15,7949400
2021-10-18 20:00:00-04:00,91.42,91.69,90.66,91.16,4614900
2021-10-19 20:00:00-04:00,91.21,92.57,91.21,91.98,5626800
2021-10-20 20:00:00-04:00,91.98,92.44,90.91,92.27,4811800
2021-10-21 20:00:00-04:00,92.20,92.67,91.89,92.60,4614400
2021-10-24 20:00:00-04:00,92.55,92.60,91.42,92.05,5697400
2021-10-25 20:00:00-04:00,92.32,92.97,91.80,92.89,5047400
2021-10-26 20:00:00-04:00,92.97,93.09,91.77,91.97,4875300
2021-10-27 20:00:00-04:00,91.96,93.24,91.80,93.05,5193300
2021-10-28 20:00:00-04:00,95.10,97.50,94.53,97.29,16545000
2021-10-31 20:00:00-04:00,97.78,98.18,96.36,97.41,7096800
2021-11-01 20:00:00-04:00,97.78,99.85,97.70,98.87,10357800
2021-11-02 20:00:00-04:00,98.87,99.78,98.62,99.75,6186900
2021-11-03 20:00:00-04:00,99.75,99.88,98.70,99.32,4912200
2021-11-04 20:00:00-04:00,99.04,99.54,97.99,99.42,4635800
2021-11-07 19:00:00-05:00,99.44,99.65,98.23,98.47,7015000
2021-11-08 19:00:00-05:00,98.62,98.92,97.92,98.09,3146800
2021-11-09 19:00:00-05:00,97.91,99.35,97.90,99.05,4981100
2021-11-10 19:00:00-05:00,99.22,99.68,98.66,98.95,3120900
2021-11-11 19:00:00-05:00,99.61,99.61,98.78,99.24,2740300
2021-11-14 19:00:00-05:00,99.22,99.94,98.60,99.13,3941000
2021-11-15 19:00:00-05:00,98.94,99.66,98.71,98.77,3476400
2021-11-16 19:00:00-05:00,98.93,99.79,98.63,99.56,4361500
2021-11-17 19:00:00-05:00,99.61,100.43,98.96,99.33,3160300
2021-11-18 19:00:00-05:00,99.80,99.94,98.30,98.62,5885800
2021-11-21 19:00:00-05:00,98.38,99.55,97.58,98.12,3975800
2021-11-22 19:00:00-05:00,98.89,101.24,98.54,100.86,8948300
2021-11-23 19:00:00-05:00,100.69,101.17,100.18,100.67,5792800
2021-11-25 19:00:00-05:00,99.78,100.21,98.27,98.85,5016700
2021-11-28 19:00:00-05:00,99.12,100.05,98.91,99.17,4372500
2021-11-29 19:00:00-05:00,98.99,99.09,97.65,97.81,8172100
2021-11-30 19:00:00-05:00,98.23,100.95,98.09,98.34,6287500
2021-12-01 19:00:00-05:00,98.63,99.78,98.08,99.16,4919800
2021-12-02 19:00:00-05:00,99.89,100.96,99.27,100.84,6428100
2021-12-05 19:00:00-05:00,101.50,103.89,101.14,102.96,8939900
2021-12-06 19:00:00-05:00,103.49,103.63,102.66,103.09,6123300
2021-12-07 19:00:00-05:00,103.47,103.88,102.45,103.40,5278100
2021-12-08 19:00:00-05:00,103.69,105.60,103.59,105.33,8082300
2021-12-09 19:00:00-05:00,104.97,106.91,104.97,106.45,7059500
2021-12-12 19:00:00-05:00,106.22,108.38,106.22,107.33,7834200
2021-12-13 19:00:00-05:00,106.65,108.47,106.38,108.00,6381400
2021-12-14 19:00:00-05:00,108.81,110.96,108.26,110.49,9585600
2021-12-15 19:00:00-05:00,110.38,113.08,110.22,111.81,9569000
2021-12-16 19:00:00-05:00,111.01,111.16,109.76,109.90,12631100
2021-12-19 19:00:00-05:00,109.03,111.47,108.79,111.03,7119200
2021-12-20 19:00:00-05:00,111.34,111.44,109.57,110.25,6085900
2021-12-21 19:00:00-05:00,110.22,112.48,110.11,112.03,7070900
2021-12-22 19:00:00-05:00,112.27,113.49,112.14,112.92,5702300
2021-12-26 19:00:00-05:00,113.00,114.10,112.98,114.04,4436800
2021-12-27 19:00:00-05:00,114.16,114.76,113.47,114.02,4237200
2021-12-28 19:00:00-05:00,114.21,115.28,113.76,114.84,5594300
2021-12-29 19:00:00-05:00,115.17,116.09,115.07,115.33,6354300
2021-12-30 19:00:00-05:00,115.42,115.56,114.79,114.88,3963400
2022-01-02 19:00:00-05:00,114.89,115.13,113.27,114.89,6839800
2022-01-03 19:00:00-05:00,114.82,115.57,114.01,114.67,6298300
2022-01-04 19:00:00-05:00,114.54,117.21,114.54,115.28,7724900
2022-01-05 19:00:00-05:00,115.73,115.95,114.67,114.73,4667000
2022-01-06 19:00:00-05:00,114.75,115.25,113.80,114.44,8630300
2022-01-09 19:00:00-05:00,114.61,116.15,114.17,115.72,9794400
2022-01-10 19:00:00-05:00,115.26,116.31,114.37,116.21,7159400
2022-01-11 19:00:00-05:00,115.83,116.57,115.41,116.48,6589300
2022-01-12 19:00:00-05:00,115.73,115.83,113.93,114.46,8386400
2022-01-13 19:00:00-05:00,114.31,116.63,113.40,116.47,10484500
2022-01-17 19:00:00-05:00,116.16,118.28,115.97,117.25,12341900
2022-01-18 19:00:00-05:00,116.93,117.87,115.59,115.91,6196700
2022-01-19 19:00:00-05:00,115.30,115.55,113.80,114.04,6612800
2022-01-20 19:00:00-05:00,114.06,115.08,112.87,113.14,7583000
2022-01-23 19:00:00-05:00,113.86,114.23,109.95,113.29,13733800
2022-01-24 19:00:00-05:00,112.72,115.14,112.12,114.09,10296500
2022-01-25 19:00:00-05:00,114.26,116.14,113.87,115.07,8040300
2022-01-26 19:00:00-05:00,116.15,118.56,116.03,116.56,8869100
2022-01-27 19:00:00-05:00,116.57,118.28,115.38,118.23,8014400
2022-01-30 19:00:00-05:00,117.29,117.59,116.26,117.35,10300000
2022-01-31 19:00:00-05:00,117.76,118.16,116.62,117.44,7413900
2022-02-01 19:00:00-05:00,116.08,119.51,114.05,118.83,11363100
2022-02-02 19:00:00-05:00,119.58,121.48,119.19,120.64,10272700
2022-02-03 19:00:00-05:00,120.14,122.41,119.35,120.57,6921500
2022-02-06 19:00:00-05:00,121.02,122.59,120.30,122.18,9597800
2022-02-07 19:00:00-05:00,121.75,123.10,121.08,123.02,7559500
2022-02-08 19:00:00-05:00,123.42,123.42,122.45,122.76,5989100
2022-02-09 19:00:00-05:00,122.71,123.80,121.99,122.34,7333400
2022-02-10 19:00:00-05:00,122.46,123.11,121.33,121.74,6475200
2022-02-13 19:00:00-05:00,121.54,122.75,119.53,122.58,9931900
2022-02-14 19:00:00-05:00,122.88,124.69,122.76,124.09,9530100
2022-02-15 19:00:00-05:00,124.08,126.20,123.58,125.04,8028900
2022-02-16 19:00:00-05:00,124.13,124.70,123.08,124.27,5486600
2022-02-17 19:00:00-05:00,124.03,124.92,122.90,123.47,7585900
2022-02-21 19:00:00-05:00,121.08,125.46,121.08,124.78,11576800
2022-02-22 19:00:00-05:00,125.34,127.17,124.61,125.81,9271000
2022-02-23 19:00:00-05:00,123.11,124.90,122.99,124.53,12070200
2022-02-24 19:00:00-05:00,125.27,128.89,125.20,128.19,8320700
2022-02-27 19:00:00-05:00,125.71,126.94,124.95,126.67,11090600
2022-02-28 19:00:00-05:00,126.59,128.16,125.34,126.60,7489900
2022-03-01 19:00:00-05:00,126.61,129.66,126.20,128.22,8247200
2022-03-02 19:00:00-05:00,128.42,129.26,127.60,128.94,5408400
2022-03-03 19:00:00-05:00,127.38,129.17,126.96,129.06,5389500
2022-03-06 19:00:00-05:00,127.73,129.23,127.03,128.11,7137700
2022-03-07 19:00:00-05:00,127.73,128.49,125.46,126.14,8817500
2022-03-08 19:00:00-05:00,127.09,128.68,126.66,127.59,5368900
2022-03-09 19:00:00-05:00,126.93,128.37,126.61,127.87,4635700
2022-03-10 19:00:00-05:00,128.02,128.93,127.71,127.78,5171400
2022-03-13 20:00:00-04:00,129.21,131.13,127.74,130.38,8647200
2022-03-14 20:00:00-04:00,130.52,134.10,130.44,133.63,8384300
2022-03-15 20:00:00-04:00,134.16,134.43,131.60,133.77,7178900
2022-03-16 20:00:00-04:00,134.73,135.97,133.91,135.95,7227900
2022-03-17 20:00:00-04:00,135.44,136.68,134.71,136.47,9912800
2022-03-20 20:00:00-04:00,137.11,137.97,136.29,137.20,5825000
2022-03-21 20:00:00-04:00,137.20,137.41,135.46,137.17,5756600
2022-03-22 20:00:00-04:00,137.17,138.17,135.75,135.80,6300600
2022-03-23 20:00:00-04:00,136.49,137.78,136.17,137.40,4638100
2022-03-24 20:00:00-04:00,137.63,138.85,137.35,138.30,5129400
2022-03-27 20:00:00-04:00,137.68,138.90,136.75,138.85,4516500
2022-03-28 20:00:00-04:00,139.72,139.97,138.26,139.03,6154100
2022-03-29 20:00:00-04:00,138.63,140.89,138.63,140.37,5151800
2022-03-30 20:00:00-04:00,139.67,141.15,138.96,138.97,8670100
2022-03-31 20:00:00-04:00,139.00,139.79,137.24,139.45,5703300
2022-04-03 20:00:00-04:00,139.30,140.45,138.41,138.78,6892400
2022-04-04 20:00:00-04:00,138.78,142.27,138.73,140.10,6683300
2022-04-05 20:00:00-04:00,141.01,145.10,140.41,144.79,8810800
2022-04-06 20:00:00-04:00,143.73,149.66,143.62,148.54,7469000
2022-04-07 20:00:00-04:00,148.30,150.80,147.87,149.98,7204200
2022-04-10 20:00:00-04:00,149.93,150.05,145.15,145.58,8163200
2022-04-11 20:00:00-04:00,145.14,146.21,142.48,143.42,8279700
2022-04-12 20:00:00-04:00,142.65,142.65,135.25,137.41,17019675
2022-04-13 20:00:00-04:00,136.46,141.67,135.57,140.32,11074800
2022-04-17 20:00:00-04:00,140.02,140.73,137.24,137.77,6500200
2022-04-18 20:00:00-04:00,138.67,138.75,132.88,135.17,9359900
2022-04-19 20:00:00-04:00,135.18,136.68,134.45,135.47,6250000
2022-04-20 20:00:00-04:00,135.73,138.65,134.30,137.04,7903300
2022-04-21 20:00:00-04:00,135.97,136.87,133.43,133.99,7938300
2022-04-24 20:00:00-04:00,133.86,135.42,132.13,135.12,6932600
2022-04-25 20:00:00-04:00,135.25,138.05,134.71,135.02,6787800
2022-04-26 20:00:00-04:00,135.35,137.89,133.62,136.27,6039100
2022-04-27 20:00:00-04:00,136.90,136.97,133.43,135.13,7465000
2022-04-28 20:00:00-04:00,129.30,129.56,120.97,126.98,17019675
2022-05-01 20:00:00-04:00,126.78,128.73,124.01,127.84,9690800
2022-05-02 20:00:00-04:00,127.99,130.32,127.91,129.33,6163400
2022-05-03 20:00:00-04:00,128.10,131.73,127.59,131.05,5791500
2022-05-04 20:00:00-04:00,132.07,132.55,129.71,131.56,6869300
2022-05-05 20:00:00-04:00,129.40,132.72,128.82,132.12,6145600
2022-05-08 20:00:00-04:00,131.08,132.74,128.75,130.51,6969000
2022-05-09 20:00:00-04:00,130.78,133.59,130.12,131.48,6525200
2022-05-10 20:00:00-04:00,130.56,133.79,130.49,131.37,5630000
2022-05-11 20:00:00-04:00,132.60,133.44,129.81,133.39,6914800
2022-05-12 20:00:00-04:00,132.63,133.47,131.32,132.70,6398500
2022-05-15 20:00:00-04:00,133.08,135.63,132.50,134.41,6565600
2022-05-16 20:00:00-04:00,134.33,134.68,132.14,133.81,6032200
2022-05-17 20:00:00-04:00,133.82,134.61,131.19,131.78,6498100
2022-05-18 20:00:00-04:00,130.71,131.75,129.06,131.16,5994800
2022-05-19 20:00:00-04:00,131.69,132.72,127.78,130.55,6746400
2022-05-22 20:00:00-04:00,131.10,131.41,127.25,127.97,6886400
2022-05-23 20:00:00-04:00,127.11,130.84,126.75,128.91,6367200
2022-05-24 20:00:00-04:00,129.99,132.26,129.50,131.37,5042600
2022-05-25 20:00:00-04:00,131.09,132.33,130.01,130.17,6659300
2022-05-26 20:00:00-04:00,129.26,129.72,127.73,129.68,8405000
2022-05-30 20:00:00-04:00,128.50,128.71,126.80,127.40,11227800
2022-05-31 20:00:00-04:00,127.77,127.85,124.77,126.24,5597900
2022-06-01 20:00:00-04:00,126.78,127.14,123.54,126.87,5998900
2022-06-02 20:00:00-04:00,126.87,128.13,126.87,127.23,4891800
2022-06-05 20:00:00-04:00,127.08,127.79,125.93,126.68,3912400
2022-06-06 20:00:00-04:00,127.01,129.12,126.11,128.93,4991200
2022-06-07 20:00:00-04:00,128.73,129.55,128.16,129.03,4835200
2022-06-08 20:00:00-04:00,129.44,130.13,125.61,125.73,5642900
2022-06-09 20:00:00-04:00,124.78,125.04,122.89,123.80,5464700
2022-06-12 20:00:00-04:00,121.78,122.82,119.98,120.53,5997000
2022-06-13 20:00:00-04:00,120.55,121.60,117.85,118.97,5861800
2022-06-14 20:00:00-04:00,118.07,120.25,117.77,119.38,5981800
2022-06-15 20:00:00-04:00,118.04,120.42,117.37,120.30,6963400
2022-06-16 20:00:00-04:00,118.96,120.63,118.60,119.55,10429900
2022-06-20 20:00:00-04:00,120.99,124.46,120.77,124.03,7160500
2022-06-21 20:00:00-04:00,124.25,129.76,124.15,127.57,7995700
2022-06-22 20:00:00-04:00,128.57,130.37,127.55,129.20,7795000
2022-06-23 20:00:00-04:00,130.45,132.05,129.35,131.70,8527600
2022-06-26 20:00:00-04:00,132.27,134.39,132.05,132.39,5377300
2022-06-27 20:00:00-04:00,132.42,134.10,130.88,131.83,5735700
2022-06-28 20:00:00-04:00,133.05,135.40,132.57,133.26,6140900
2022-06-29 20:00:00-04:00,132.42,133.17,130.43,132.41,7289500
2022-06-30 20:00:00-04:00,132.34,133.01,130.94,132.96,4620000
2022-07-04 20:00:00-04:00,131.32,133.18,129.38,133.08,5478800
2022-07-05 20:00:00-04:00,133.66,133.99,131.14,131.86,5113600
2022-07-06 20:00:00-04:00,129.85,131.91,129.69,131.41,6516100
2022-07-07 20:00:00-04:00,131.41,134.22,131.23,132.14,4078400
2022-07-10 20:00:00-04:00,131.65,133.57,131.65,132.47,4491000
2022-07-11 20:00:00-04:00,132.27,133.63,131.46,131.80,5319500
2022-07-12 20:00:00-04:00,131.41,132.99,130.80,131.54,5221200
2022-07-13 20:00:00-04:00,129.92,131.77,129.57,131.27,7576900
2022-07-14 20:00:00-04:00,132.50,134.27,132.14,134.05,4873000
2022-07-17 20:00:00-04:00,134.21,134.79,129.92,130.52,6838400
2022-07-18 20:00:00-04:00,130.89,131.09,129.84,130.66,5647100
2022-07-19 20:00:00-04:00,130.48,131.28,128.57,128.87,5315700
2022-07-20 20:00:00-04:00,128.48,129.01,127.42,128.93,4066800
2022-07-21 20:00:00-04:00,129.56,130.27,128.78,129.56,3639700
2022-07-24 20:00:00-04:00,129.62,131.71,129.59,131.08,4347000
2022-07-25 20:00:00-04:00,131.89,134.00,131.18,131.65,4900600
2022-07-26 20:00:00-04:00,130.45,132.20,129.96,131.89,4145800
2022-07-27 20:00:00-04:00,132.15,132.99,127.94,130.67,6572300
2022-07-28 20:00:00-04:00,126.91,127.66,121.34,125.23,17019675
2022-07-31 20:00:00-04:00,123.48,124.64,121.42,122.36,8523900
2022-08-01 20:00:00-04:00,123.19,124.64,122.25,122.50,5197100
2022-08-02 20:00:00-04:00,123.67,124.80,122.73,123.21,5474200
2022-08-03 20:00:00-04:00,123.99,124.42,121.02,121.22,7071700
2022-08-04 20:00:00-04:00,121.34,122.09,120.38,120.45,5371100
2022-08-07 20:00:00-04:00,120.45,122.86,120.22,122.46,4854600
2022-08-08 20:00:00-04:00,122.76,124.12,122.06,122.38,3819700
2022-08-09 20:00:00-04:00,122.96,123.09,121.29,122.98,4075300
2022-08-10 20:00:00-04:00,122.37,124.67,121.87,123.98,5972800
2022-08-11 20:00:00-04:00,123.81,124.86,122.40,124.43,5208700
2022-08-14 20:00:00-04:00,124.88,125.03,122.53,124.16,4513200
2022-08-15 20:00:00-04:00,124.01,125.64,123.98,124.39,3852300
2022-08-16 20:00:00-04:00,123.40,124.57,122.64,123.42,3605200
2022-08-17 20:00:00-04:00,123.46,123.54,122.01,123.29,3525200
2022-08-18 20:00:00-04:00,123.72,125.10,123.44,123.78,4530700
2022-08-21 20:00:00-04:00,123.88,124.49,122.13,122.46,4023500
2022-08-22 20:00:00-04:00,121.86,122.91,120.81,121.31,3768100
2022-08-23 20:00:00-04:00,121.34,121.69,120.16,120.34,5018900
2022-08-24 20:00:00-04:00,121.09,121.78,120.13,121.58,3301200
2022-08-25 20:00:00-04:00,121.20,122.03,118.89,118.98,3838800
2022-08-28 20:00:00-04:00,118.85,119.30,117.59,118.42,3835800
2022-08-29 20:00:00-04:00,117.92,119.10,117.71,118.28,4337100
2022-08-30 20:00:00-04:00,118.40,118.71,117.08,117.33,5789600
2022-08-31 20:00:00-04:00,117.49,120.93,117.02,120.81,4521000
2022-09-01 20:00:00-04:00,121.00,121.64,118.51,118.92,3601600
2022-09-05 20:00:00-04:00,119.81,121.60,118.88,120.06,4810600
2022-09-06 20:00:00-04:00,120.03,121.33,118.10,121.04,4141700
2022-09-07 20:00:00-04:00,121.85,122.66,120.99,122.62,3988300
2022-09-08 20:00:00-04:00,122.51,124.06,122.25,123.40,4427000
2022-09-11 20:00:00-04:00,123.05,124.67,122.44,124.12,4938400
2022-09-12 20:00:00-04:00,122.64,123.85,119.97,120.88,6195900
2022-09-13 20:00:00-04:00,121.44,122.55,120.65,121.77,4673600
2022-09-14 20:00:00-04:00,122.16,125.57,121.63,124.35,6416900
2022-09-15 20:00:00-04:00,125.13,126.40,123.35,125.71,13887500
2022-09-18 20:00:00-04:00,125.34,125.53,123.41,124.49,5042500
2022-09-19 20:00:00-04:00,123.75,124.34,122.49,123.71,4532900
2022-09-20 20:00:00-04:00,124.04,125.33,122.42,122.44,5076100
2022-09-21 20:00:00-04:00,122.35,126.06,122.16,124.79,6161000
2022-09-22 20:00:00-04:00,123.97,125.15,122.99,124.83,5751600
2022-09-25 20:00:00-04:00,123.98,124.61,122.26,123.22,5697800
2022-09-26 20:00:00-04:00,124.42,127.00,123.29,123.67,5598000
2022-09-27 20:00:00-04:00,125.85,126.81,124.45,126.18,5226700
2022-09-28 20:00:00-04:00,126.40,126.75,123.76,124.54,5509400
2022-09-29 20:00:00-04:00,124.08,124.19,117.01,117.11,15359000
2022-10-02 20:00:00-04:00,118.57,121.12,118.07,120.70,7437500
2022-10-03 20:00:00-04:00,121.48,124.54,120.21,123.90,6612300
2022-10-04 20:00:00-04:00,123.45,126.07,123.13,125.07,4777900
2022-10-05 20:00:00-04:00,124.60,124.77,122.08,122.42,5124800
2022-10-06 20:00:00-04:00,121.30,122.21,120.03,121.08,4648800
2022-10-09 20:00:00-04:00,121.32,121.81,119.43,120.69,3830800
2022-10-10 20:00:00-04:00,120.44,125.38,120.44,123.48,5675100
2022-10-11 20:00:00-04:00,123.60,124.83,122.10,122.15,4528000
2022-10-12 20:00:00-04:00,120.50,126.21,120.12,125.98,5066200
2022-10-13 20:00:00-04:00,125.70,127.36,125.36,126.00,5290500
2022-10-16 20:00:00-04:00,125.74,127.75,125.26,127.29,4016200
2022-10-17 20:00:00-04:00,128.02,128.58,126.52,127.46,3540400
2022-10-18 20:00:00-04:00,127.64,128.21,125.44,126.17,3333300
2022-10-19 20:00:00-04:00,126.19,126.97,125.55,125.99,3880100
2022-10-20 20:00:00-04:00,126.35,130.25,125.55,129.63,5419400
2022-10-23 20:00:00-04:00,131.09,133.57,131.08,133.01,5139700
2022-10-24 20:00:00-04:00,130.49,132.75,129.83,132.06,5229400
2022-10-25 20:00:00-04:00,133.11,134.77,132.84,134.43,4727900
2022-10-26 20:00:00-04:00,135.54,135.74,134.04,135.31,6850400
2022-10-27 20:00:00-04:00,128.63,131.32,125.47,130.12,10812200
2022-10-30 20:00:00-04:00,127.96,129.38,127.00,129.05,8604800
2022-10-31 20:00:00-04:00,129.28,130.19,127.42,129.50,6351200
2022-11-01 20:00:00-04:00,129.60,130.53,127.36,127.39,5345000
2022-11-02 20:00:00-04:00,126.93,128.19,126.08,127.30,3850700
2022-11-03 20:00:00-04:00,128.12,128.33,126.12,128.06,4623700
2022-11-06 19:00:00-05:00,128.06,131.16,127.55,130.55,4304000
2022-11-07 19:00:00-05:00,131.19,133.66,130.42,130.93,4637500
2022-11-08 19:00:00-05:00,130.98,132.72,129.61,130.12,4573700
2022-11-09 19:00:00-05:00,132.80,132.80,130.24,131.98,5607700
2022-11-10 19:00:00-05:00,131.82,132.68,128.48,132.36,6786400
2022-11-13 19:00:00-05:00,133.09,136.22,133.09,133.76,7077100
2022-11-14 19:00:00-05:00,135.21,135.24,132.19,134.90,5909500
2022-11-15 19:00:00-05:00,135.25,138.12,133.31,133.87,7358700
2022-11-16 19:00:00-05:00,133.08,134.93,132.20,134.13,5069500
2022-11-17 19:00:00-05:00,135.46,137.19,135.46,136.61,5691100
2022-11-20 19:00:00-05:00,136.98,139.83,136.13,138.49,6492100
2022-11-21 19:00:00-05:00,139.00,140.93,138.89,140.85,5351100
2022-11-22 19:00:00-05:00,140.99,141.87,140.00,140.50,3221100
2022-11-24 19:00:00-05:00,140.68,141.70,140.37,140.70,1661900
2022-11-27 19:00:00-05:00,141.04,141.68,139.12,139.65,3902800
2022-11-28 19:00:00-05:00,139.55,140.53,138.58,139.45,3689000
2022-11-29 19:00:00-05:00,139.97,142.08,137.92,142.08,12342500
2022-11-30 19:00:00-05:00,141.92,143.86,141.02,142.47,5827800
2022-12-01 19:00:00-05:00,141.67,144.35,141.49,144.26,4304900
2022-12-04 19:00:00-05:00,143.58,145.61,143.58,144.51,4859400
2022-12-05 19:00:00-05:00,144.59,144.91,142.40,144.32,5480400
2022-12-06 19:00:00-05:00,144.29,145.91,143.91,145.80,4637800
2022-12-07 19:00:00-05:00,145.80,146.53,144.81,146.32,4274400
2022-12-08 19:00:00-05:00,147.00,147.87,143.51,143.73,4644800
2022-12-11 19:00:00-05:00,143.87,145.88,143.46,145.73,4109400
2022-12-12 19:00:00-05:00,147.16,147.65,145.15,145.26,5050400
2022-12-13 19:00:00-05:00,145.09,146.31,143.53,145.32,4485400
2022-12-14 19:00:00-05:00,144.47,145.10,142.76,143.77,5268300
2022-12-15 19:00:00-05:00,142.84,143.96,141.46,141.46,17019675
2022-12-18 19:00:00-05:00,141.72,143.00,141.09,142.35,4033400
2022-12-19 19:00:00-05:00,142.46,142.67,141.10,141.55,4221000
2022-12-20 19:00:00-05:00,142.32,143.44,141.35,142.99,3707200
2022-12-21 19:00:00-05:00,142.69,144.03,142.39,143.92,3606000
2022-12-22 19:00:00-05:00,144.03,144.40,143.09,143.77,2685100
2022-12-26 19:00:00-05:00,144.11,144.40,142.61,143.67,2669200
2022-12-27 19:00:00-05:00,144.30,145.17,142.90,143.00,2944500
2022-12-28 19:00:00-05:00,143.65,144.46,142.97,143.29,3112500
2022-12-29 19:00:00-05:00,143.00,143.55,140.88,142.46,3680400
2023-01-02 19:00:00-05:00,142.84,143.70,141.75,143.14,4937500
2023-01-03 19:00:00-05:00,143.15,144.81,142.37,144.29,4440400
2023-01-04 19:00:00-05:00,143.76,145.00,143.10,144.11,3516000
2023-01-05 19:00:00-05:00,145.30,148.19,144.67,146.81,5099100
2023-01-08 19:00:00-05:00,146.24,146.57,141.81,142.50,7833000
2023-01-09 19:00:00-05:00,143.00,143.17,139.54,140.72,5936200
2023-01-10 19:00:00-05:00,140.35,140.46,136.68,138.54,7492000
2023-01-11 19:00:00-05:00,137.93,138.16,135.01,135.45,7665100
2023-01-12 19:00:00-05:00,135.34,136.87,134.67,136.68,6019300
2023-01-16 19:00:00-05:00,136.86,138.02,135.78,136.00,8507000
2023-01-17 19:00:00-05:00,135.37,135.63,132.65,132.77,6190800
2023-01-18 19:00:00-05:00,132.54,133.96,131.10,132.33,7169900
2023-01-19 19:00:00-05:00,132.97,133.22,130.94,133.11,7059000
2023-01-22 19:00:00-05:00,133.35,133.86,131.74,132.19,7616400
2023-01-23 19:00:00-05:00,131.77,132.47,130.31,131.42,5171400
2023-01-24 19:00:00-05:00,131.15,131.68,130.36,131.51,5744300
2023-01-25 19:00:00-05:00,131.63,132.32,130.91,131.17,4577800
2023-01-26 19:00:00-05:00,131.09,131.41,129.93,130.17,4591500
2023-01-29 19:00:00-05:00,129.80,130.92,129.26,129.61,4573400
2023-01-30 19:00:00-05:00,129.59,131.57,128.51,131.48,5628700
2023-01-31 19:00:00-05:00,130.48,131.20,129.25,130.45,5439900
2023-02-01 19:00:00-05:00,129.86,129.86,127.64,128.89,6160800
2023-02-02 19:00:00-05:00,129.85,130.63,128.76,129.21,6553000
2023-02-05 19:00:00-05:00,129.69,130.21,128.86,129.05,4297000
2023-02-06 19:00:00-05:00,128.66,129.44,127.84,129.15,5401900
2023-02-07 19:00:00-05:00,129.39,130.23,128.56,128.68,5753800
2023-02-08 19:00:00-05:00,132.14,136.77,131.61,132.32,12216900
2023-02-09 19:00:00-05:00,133.20,136.31,132.38,135.30,8956700
2023-02-12 19:00:00-05:00,135.28,136.84,134.60,136.80,5602600
2023-02-13 19:00:00-05:00,136.97,137.04,135.05,135.78,4662800
2023-02-14 19:00:00-05:00,135.81,136.58,134.22,134.42,5648100
2023-02-15 19:00:00-05:00,132.69,133.92,132.35,133.06,3757500
2023-02-16 19:00:00-05:00,132.72,134.72,132.24,134.65,4562400
2023-02-20 19:00:00-05:00,133.32,136.17,133.32,135.26,8466100
2023-02-21 19:00:00-05:00,134.37,135.39,133.69,134.08,6041700
2023-02-22 19:00:00-05:00,134.28,136.66,132.74,135.32,5993300
2023-02-23 19:00:00-05:00,134.64,136.13,134.29,135.89,5621100
2023-02-26 19:00:00-05:00,136.38,137.71,136.24,137.29,6828800
2023-02-27 19:00:00-05:00,137.00,137.37,135.81,136.95,7561700
2023-02-28 19:00:00-05:00,135.94,138.44,135.59,138.17,5485800
2023-03-01 19:00:00-05:00,138.13,138.61,137.23,137.38,4567800
2023-03-02 19:00:00-05:00,137.33,138.97,137.05,138.87,4851200
2023-03-05 19:00:00-05:00,138.63,139.23,137.52,138.18,4051900
2023-03-06 19:00:00-05:00,138.44,138.52,135.30,136.09,4606900
2023-03-07 19:00:00-05:00,135.96,136.81,132.18,133.12,5860100
2023-03-08 19:00:00-05:00,133.54,134.29,130.43,131.12,5350200
2023-03-09 19:00:00-05:00,131.56,134.05,131.23,133.22,6825500
2023-03-12 20:00:00-04:00,132.59,136.43,132.59,135.21,7653800
2023-03-13 20:00:00-04:00,135.21,137.03,134.78,136.91,6644100
2023-03-14 20:00:00-04:00,135.42,137.38,135.02,137.09,6304600
2023-03-15 20:00:00-04:00,136.33,138.75,135.71,138.20,6331200
2023-03-16 20:00:00-04:00,138.62,138.88,135.15,137.23,17019675
2023-03-19 20:00:00-04:00,137.50,139.12,137.45,138.93,4408200
2023-03-20 20:00:00-04:00,139.39,139.75,138.02,139.50,4675700
2023-03-21 20:00:00-04:00,138.53,139.60,136.69,136.75,4376900
2023-03-22 20:00:00-04:00,137.13,139.26,137.06,138.20,4584000
2023-03-23 20:00:00-04:00,138.18,141.03,137.56,140.62,4678700
2023-03-26 20:00:00-04:00,141.34,141.61,140.05,140.19,3887800
2023-03-27 20:00:00-04:00,140.42,141.13,140.11,140.82,3532500
2023-03-28 20:00:00-04:00,141.47,142.11,139.14,140.60,3959900
2023-03-29 20:00:00-04:00,140.61,141.07,140.08,140.53,3635800
2023-03-30 20:00:00-04:00,140.98,142.00,140.36,141.82,4957300
2023-04-02 20:00:00-04:00,140.82,142.80,140.41,142.75,4389400
2023-04-03 20:00:00-04:00,142.83,143.92,141.96,142.18,4224400
2023-04-04 20:00:00-04:00,142.38,143.86,141.50,143.09,5743000
2023-04-05 20:00:00-04:00,143.09,144.33,142.93,143.76,5498300
2023-04-09 20:00:00-04:00,143.90,144.21,142.56,143.52,3309500
2023-04-10 20:00:00-04:00,143.70,144.68,143.44,143.61,2875800
2023-04-11 20:00:00-04:00,144.26,145.47,143.80,144.48,4005000
2023-04-12 20:00:00-04:00,144.59,146.26,144.18,146.10,3868500
2023-04-13 20:00:00-04:00,146.06,146.38,144.52,145.12,3473100
2023-04-16 20:00:00-04:00,145.41,145.66,144.27,144.75,4354100
2023-04-17 20:00:00-04:00,144.59,144.79,142.26,143.32,4996200
2023-04-18 20:00:00-04:00,142.49,144.98,142.36,144.77,4826900
2023-04-19 20:00:00-04:00,144.75,145.28,144.21,145.25,3808100
2023-04-20 20:00:00-04:00,146.01,146.55,145.50,145.85,4812100
2023-04-23 20:00:00-04:00,146.00,147.60,145.78,147.35,4728900
2023-04-24 20:00:00-04:00,148.01,149.26,147.72,148.09,5506200
2023-04-25 20:00:00-04:00,146.09,146.62,144.14,145.30,5192000
2023-04-26 20:00:00-04:00,138.18,138.18,132.16,133.69,17019675
2023-04-27 20:00:00-04:00,132.88,135.96,132.41,135.71,7123800
2023-04-30 20:00:00-04:00,135.46,138.94,135.44,138.04,5601000
2023-05-01 20:00:00-04:00,137.90,139.22,135.78,136.16,5135600
2023-05-02 20:00:00-04:00,135.67,136.06,133.32,134.03,6815300
2023-05-03 20:00:00-04:00,133.81,133.81,131.43,132.34,5694300
2023-05-04 20:00:00-04:00,133.40,134.15,132.14,132.94,4447700
2023-05-07 20:00:00-04:00,133.05,133.09,131.78,132.42,3689500
2023-05-08 20:00:00-04:00,132.38,133.32,131.36,131.86,4201600
2023-05-09 20:00:00-04:00,131.58,132.00,130.35,131.49,4127300
2023-05-10 20:00:00-04:00,132.27,132.52,130.39,131.64,4300400
2023-05-11 20:00:00-04:00,131.82,132.55,131.18,132.15,3526500
2023-05-14 20:00:00-04:00,132.61,133.72,130.81,131.64,4391800
2023-05-15 20:00:00-04:00,130.99,131.96,128.63,128.68,4685400
2023-05-16 20:00:00-04:00,128.44,128.89,126.19,128.74,5482000
2023-05-17 20:00:00-04:00,128.07,128.92,127.50,128.82,4791200
2023-05-18 20:00:00-04:00,129.19,130.94,129.14,130.32,5610300
2023-05-21 20:00:00-04:00,130.64,131.71,129.12,130.13,3867300
2023-05-22 20:00:00-04:00,129.72,130.06,127.83,127.99,5121900
2023-05-23 20:00:00-04:00,128.05,128.37,126.57,126.76,4143500
2023-05-24 20:00:00-04:00,125.75,125.91,124.16,124.49,6986600
2023-05-25 20:00:00-04:00,124.58,125.59,123.12,123.54,7590300
2023-05-29 20:00:00-04:00,121.68,122.89,121.46,122.53,7671500
2023-05-30 20:00:00-04:00,122.69,124.57,121.93,123.89,12579100
2023-05-31 20:00:00-04:00,121.47,121.47,117.73,119.84,11895600
2023-06-01 20:00:00-04:00,120.08,123.01,119.89,122.92,6661600
2023-06-04 20:00:00-04:00,123.03,124.21,122.39,122.91,4276200
2023-06-05 20:00:00-04:00,123.45,123.52,120.90,121.62,4359900
2023-06-06 20:00:00-04:00,121.15,123.09,120.57,122.58,4645200
2023-06-07 20:00:00-04:00,123.03,123.83,122.13,123.61,4714200
2023-06-08 20:00:00-04:00,123.54,125.00,123.10,124.09,4359500
2023-06-11 20:00:00-04:00,125.35,125.43,122.95,123.69,4888500
2023-06-12 20:00:00-04:00,123.49,124.35,123.21,124.21,4229100
2023-06-13 20:00:00-04:00,124.66,125.07,122.21,122.34,6128300
2023-06-14 20:00:00-04:00,122.81,122.89,121.65,122.04,6614900
2023-06-15 20:00:00-04:00,122.76,124.76,122.57,124.51,14616000
2023-06-19 20:00:00-04:00,123.12,124.78,122.73,123.77,4868800
2023-06-20 20:00:00-04:00,122.81,123.42,120.95,122.91,5828400
2023-06-21 20:00:00-04:00,123.17,123.84,122.04,123.40,4826900
2023-06-22 20:00:00-04:00,123.30,124.55,121.84,122.06,7395600
2023-06-25 20:00:00-04:00,122.27,122.27,120.06,121.19,6468100
2023-06-26 20:00:00-04:00,121.13,121.13,119.01,119.08,7839900
2023-06-27 20:00:00-04:00,119.08,119.59,117.61,119.00,6911900
2023-06-28 20:00:00-04:00,118.87,120.26,118.66,119.65,4947600
2023-06-29 20:00:00-04:00,119.86,122.07,119.26,120.99,8711300
2023-07-02 20:00:00-04:00,120.34,121.62,119.58,121.25,2674600
2023-07-04 20:00:00-04:00,121.40,123.82,120.91,123.59,6903300
2023-07-05 20:00:00-04:00,123.46,124.18,122.53,123.26,6091000
2023-07-06 20:00:00-04:00,123.17,123.62,121.55,121.69,6873200
2023-07-09 20:00:00-04:00,121.60,122.22,120.39,120.78,5153300
2023-07-10 20:00:00-04:00,120.34,121.92,120.05,121.75,5144800
2023-07-11 20:00:00-04:00,121.97,122.67,121.05,121.22,4944100
2023-07-12 20:00:00-04:00,120.70,121.76,120.49,121.30,4631800
2023-07-13 20:00:00-04:00,122.34,124.05,121.78,123.50,5544100
2023-07-16 20:00:00-04:00,123.33,123.70,122.18,122.43,4033000
2023-07-17 20:00:00-04:00,122.40,125.21,122.32,124.02,5392800
2023-07-18 20:00:00-04:00,124.61,125.36,124.35,125.01,4784200
2023-07-19 20:00:00-04:00,126.07,129.59,125.80,129.11,7009800
2023-07-20 20:00:00-04:00,129.12,130.92,128.88,130.52,5654300
2023-07-23 20:00:00-04:00,129.94,131.14,129.70,130.01,4468700
2023-07-24 20:00:00-04:00,129.30,129.78,128.32,128.60,4778200
2023-07-25 20:00:00-04:00,128.42,129.19,127.59,128.85,5006800
2023-07-26 20:00:00-04:00,131.19,137.44,131.19,135.16,13664400
2023-07-27 20:00:00-04:00,136.13,137.80,134.89,136.97,8000300
2023-07-30 20:00:00-04:00,136.59,136.65,134.04,135.82,9109200
2023-07-31 20:00:00-04:00,136.20,136.99,134.24,134.87,4409600
2023-08-01 20:00:00-04:00,134.48,136.72,134.48,135.64,5756400
2023-08-02 20:00:00-04:00,135.26,135.62,134.55,135.34,4674300
2023-08-03 20:00:00-04:00,135.27,136.72,133.62,134.14,4231200
2023-08-06 20:00:00-04:00,134.38,137.00,134.20,136.50,3800600
2023-08-07 20:00:00-04:00,136.91,137.79,135.22,135.86,4013400
2023-08-08 20:00:00-04:00,136.65,138.07,136.12,136.90,3737100
2023-08-09 20:00:00-04:00,137.29,138.78,136.72,137.51,3275800
2023-08-10 20:00:00-04:00,137.97,139.38,137.76,138.18,3454800
2023-08-13 20:00:00-04:00,138.94,139.05,137.63,138.26,2570900
2023-08-14 20:00:00-04:00,137.63,138.83,136.92,138.13,3636300
2023-08-15 20:00:00-04:00,138.55,139.47,137.45,137.61,3214900
2023-08-16 20:00:00-04:00,137.25,137.93,136.13,136.22,5285700
2023-08-17 20:00:00-04:00,136.46,137.05,135.50,136.33,4050900
2023-08-20 20:00:00-04:00,135.94,136.52,135.18,136.35,3944800
2023-08-21 20:00:00-04:00,136.20,136.20,134.36,134.60,3209300
2023-08-22 20:00:00-04:00,134.99,135.29,132.51,133.55,5414800
2023-08-23 20:00:00-04:00,133.40,134.22,132.89,133.14,3986300
2023-08-24 20:00:00-04:00,133.49,134.08,132.75,133.20,3275100
2023-08-27 20:00:00-04:00,133.56,134.45,133.27,133.87,2806900
2023-08-28 20:00:00-04:00,134.38,135.21,133.02,134.01,3419100
2023-08-29 20:00:00-04:00,134.49,135.11,133.39,134.68,3486400
2023-08-30 20:00:00-04:00,134.74,135.03,133.36,133.44,4110700
2023-08-31 20:00:00-04:00,133.80,135.19,133.80,134.57,3357800
2023-09-04 20:00:00-04:00,134.84,135.26,132.44,132.66,3911100
2023-09-05 20:00:00-04:00,132.66,132.68,130.52,132.21,5304300
2023-09-06 20:00:00-04:00,132.70,135.29,132.45,135.21,5142100
2023-09-07 20:00:00-04:00,135.29,135.98,134.57,135.31,4339800
2023-09-10 20:00:00-04:00,135.17,135.66,134.77,135.33,2911600
2023-09-11 20:00:00-04:00,135.75,135.84,134.04,135.54,2424800
2023-09-12 20:00:00-04:00,135.67,138.38,135.34,137.25,5953700
2023-09-13 20:00:00-04:00,138.03,140.46,137.84,139.51,6336900
2023-09-14 20:00:00-04:00,138.72,140.47,137.95,138.13,8868300
2023-09-17 20:00:00-04:00,139.00,139.81,138.11,139.78,2967600
2023-09-18 20:00:00-04:00,139.73,140.41,137.65,139.37,3509700
2023-09-19 20:00:00-04:00,139.89,140.63,139.26,139.48,2744800
2023-09-20 20:00:00-04:00,139.54,140.60,138.62,139.32,3660300
2023-09-21 20:00:00-04:00,139.74,139.74,138.49,138.69,3049200
2023-09-24 20:00:00-04:00,138.42,140.50,137.71,140.42,3740000
2023-09-25 20:00:00-04:00,140.20,140.38,139.22,139.75,3936300
2023-09-26 20:00:00-04:00,139.69,139.83,137.66,139.04,3621300
2023-09-27 20:00:00-04:00,139.51,139.68,137.44,138.24,3697400
2023-09-28 20:00:00-04:00,138.43,138.50,135.14,135.35,5581600
2023-10-01 20:00:00-04:00,134.81,135.17,133.22,134.61,3827800
2023-10-02 20:00:00-04:00,134.23,134.38,131.98,133.87,4580900
2023-10-03 20:00:00-04:00,133.09,134.46,132.85,134.10,3159600
2023-10-04 20:00:00-04:00,134.32,135.77,133.56,133.89,3599500
2023-10-05 20:00:00-04:00,133.01,135.59,132.68,134.60,5370100
2023-10-08 20:00:00-04:00,134.63,135.97,133.62,135.39,2903300
2023-10-09 20:00:00-04:00,135.65,135.80,134.42,135.19,3729000
2023-10-10 20:00:00-04:00,135.41,136.56,135.08,135.60,3189800
2023-10-11 20:00:00-04:00,135.85,136.28,134.82,136.00,4554400
2023-10-12 20:00:00-04:00,136.60,137.25,135.12,135.69,4304700
2023-10-15 20:00:00-04:00,135.93,137.11,134.74,135.02,3704400
2023-10-16 20:00:00-04:00,135.12,137.25,134.95,136.81,5372400
2023-10-17 20:00:00-04:00,136.89,137.21,136.04,136.90,4910500
2023-10-18 20:00:00-04:00,136.23,136.23,131.45,133.46,6147100
2023-10-19 20:00:00-04:00,133.24,135.28,133.24,134.11,4223800
2023-10-22 20:00:00-04:00,134.04,134.28,132.24,132.73,3903300
2023-10-23 20:00:00-04:00,133.12,134.79,133.07,134.18,3362900
2023-10-24 20:00:00-04:00,134.00,134.72,132.81,133.22,5461500
2023-10-25 20:00:00-04:00,132.85,133.85,132.27,133.16,5569400
2023-10-26 20:00:00-04:00,127.26,131.14,124.75,127.41,9427200
2023-10-29 20:00:00-04:00,129.01,133.63,129.01,130.13,9258500
2023-10-30 20:00:00-04:00,130.31,130.43,128.10,129.48,10394000
2023-10-31 20:00:00-04:00,130.10,131.80,130.00,130.66,4207800
2023-11-01 20:00:00-04:00,129.59,131.85,128.86,131.38,4066800
2023-11-02 20:00:00-04:00,132.02,132.02,129.21,129.70,5414500
2023-11-05 19:00:00-05:00,130.13,130.57,129.29,129.49,4377000
2023-11-06 19:00:00-05:00,129.79,130.39,128.92,130.37,5024400
2023-11-07 19:00:00-05:00,131.55,131.96,130.15,130.25,5299100
2023-11-08 19:00:00-05:00,129.31,129.86,124.59,126.60,14970300
2023-11-09 19:00:00-05:00,127.15,127.81,125.09,127.10,4586400
2023-11-12 19:00:00-05:00,127.10,127.62,126.04,127.15,4454700
2023-11-13 19:00:00-05:00,127.41,128.48,126.52,126.61,4509200
2023-11-14 19:00:00-05:00,126.79,126.79,125.00,126.19,6473200
2023-11-15 19:00:00-05:00,126.82,127.31,125.69,126.82,5257000
2023-11-16 19:00:00-05:00,126.89,127.37,125.99,126.83,4332300
2023-11-19 19:00:00-05:00,126.13,127.19,125.77,126.84,4490000
2023-11-20 19:00:00-05:00,127.23,127.81,126.40,127.23,4690800
2023-11-21 19:00:00-05:00,127.53,128.25,126.86,126.99,3428500
2023-11-23 19:00:00-05:00,128.39,128.47,126.98,127.17,1636500
2023-11-26 19:00:00-05:00,127.20,127.82,126.37,127.56,5529400
2023-11-27 19:00:00-05:00,127.52,128.08,126.49,126.63,5347200
2023-11-28 19:00:00-05:00,126.58,127.56,126.24,127.02,3996500
2023-11-29 19:00:00-05:00,126.57,130.87,126.57,130.58,9297400
2023-11-30 19:00:00-05:00,130.72,132.15,130.48,131.52,4903400
2023-12-03 19:00:00-05:00,131.52,133.43,131.39,132.20,4845300
2023-12-04 19:00:00-05:00,132.16,133.05,130.83,132.58,3961700
2023-12-05 19:00:00-05:00,132.79,134.88,132.73,134.24,4978800
2023-12-06 19:00:00-05:00,135.40,136.08,133.16,135.70,7225100
2023-12-07 19:00:00-05:00,135.79,137.63,135.73,136.90,5695200
2023-12-10 19:00:00-05:00,138.18,140.05,138.15,138.70,6343500
2023-12-11 19:00:00-05:00,139.15,140.86,137.72,140.54,5882200
2023-12-12 19:00:00-05:00,140.30,141.94,140.07,141.51,8104500
2023-12-13 19:00:00-05:00,141.56,142.30,140.10,142.04,7869600
2023-12-14 19:00:00-05:00,141.91,142.97,140.42,141.27,15203000
2023-12-17 19:00:00-05:00,140.32,141.55,139.17,140.70,5379600
2023-12-18 19:00:00-05:00,140.86,141.67,139.81,140.87,5476700
2023-12-19 19:00:00-05:00,141.22,141.42,138.98,139.11,4716400
2023-12-20 19:00:00-05:00,139.44,140.23,138.75,139.94,4036100
2023-12-21 19:00:00-05:00,140.58,142.57,140.40,142.09,3373400
2023-12-25 19:00:00-05:00,141.46,142.41,141.35,141.80,2073400
2023-12-26 19:00:00-05:00,141.28,142.12,140.98,142.04,3747400
2023-12-27 19:00:00-05:00,142.38,142.73,141.73,141.92,2601200
2023-12-28 19:00:00-05:00,141.73,142.34,141.61,142.12,3712000
2024-01-01 19:00:00-05:00,142.06,146.86,141.94,146.57,8059900
2024-01-02 19:00:00-05:00,147.28,148.34,146.59,147.16,5301400
2024-01-03 19:00:00-05:00,147.02,148.84,146.21,148.07,8332200
2024-01-04 19:00:00-05:00,147.95,149.51,147.29,148.70,5607600
2024-01-07 19:00:00-05:00,148.73,149.28,146.53,148.05,6001600
2024-01-08 19:00:00-05:00,148.05,149.92,147.51,148.85,4454000
2024-01-09 19:00:00-05:00,148.82,151.39,148.46,151.22,6609900
2024-01-10 19:00:00-05:00,150.63,151.43,149.57,150.20,4591500
2024-01-11 19:00:00-05:00,150.68,151.19,150.16,150.36,4971400
2024-01-15 19:00:00-05:00,149.97,150.27,149.08,149.51,4747700
2024-01-16 19:00:00-05:00,149.76,150.87,149.54,150.03,4423100
2024-01-17 19:00:00-05:00,149.21,151.53,149.06,151.19,5074300
2024-01-18 19:00:00-05:00,151.76,152.65,150.54,152.55,5863000
2024-01-21 19:00:00-05:00,152.25,153.18,151.62,153.13,4864000
2024-01-22 19:00:00-05:00,152.26,155.11,151.90,155.08,5784700
2024-01-23 19:00:00-05:00,155.33,155.50,151.90,152.04,5422200
2024-01-24 19:00:00-05:00,151.84,152.96,151.10,152.89,4465800
2024-01-25 19:00:00-05:00,153.02,153.56,151.38,152.21,4654300
2024-01-28 19:00:00-05:00,153.55,154.40,151.54,151.76,4704100
2024-01-29 19:00:00-05:00,152.04,152.75,151.16,152.69,3819600
2024-01-30 19:00:00-05:00,153.46,153.56,151.79,152.21,4993900
2024-01-31 19:00:00-05:00,151.56,155.25,150.61,155.16,5584400
2024-02-01 19:00:00-05:00,156.86,160.03,152.98,156.16,7870400
2024-02-04 19:00:00-05:00,157.25,160.29,155.96,158.56,6486700
2024-02-05 19:00:00-05:00,158.92,161.06,157.18,160.44,7037400
2024-02-06 19:00:00-05:00,161.11,162.54,160.47,162.03,6409100
2024-02-07 19:00:00-05:00,161.42,162.87,161.38,161.83,5709100
2024-02-08 19:00:00-05:00,162.09,162.39,160.22,161.17,3502700
2024-02-11 19:00:00-05:00,160.67,161.80,159.46,160.24,3477100
2024-02-12 19:00:00-05:00,161.52,162.21,159.22,160.44,5480400
2024-02-13 19:00:00-05:00,160.23,161.90,159.88,161.49,4348500
2024-02-14 19:00:00-05:00,161.12,163.64,160.92,163.50,5276200
2024-02-15 19:00:00-05:00,163.77,165.65,163.02,164.33,6689900
2024-02-19 19:00:00-05:00,162.79,165.43,162.51,162.72,5484100
2024-02-20 19:00:00-05:00,163.22,163.53,160.64,162.15,3818500
2024-02-21 19:00:00-05:00,161.82,164.19,160.30,163.64,4852300
2024-02-22 19:00:00-05:00,164.12,165.64,163.89,164.89,3941800
2024-02-25 19:00:00-05:00,165.58,166.46,164.80,165.55,4327400
2024-02-26 19:00:00-05:00,165.52,166.22,163.86,165.72,3888500
2024-02-27 19:00:00-05:00,166.52,166.55,163.77,164.80,4331300
2024-02-28 19:00:00-05:00,164.68,164.82,162.39,163.00,7485700
2024-02-29 19:00:00-05:00,163.00,165.90,162.72,165.64,4028700
2024-03-03 19:00:00-05:00,165.13,166.64,163.21,163.92,4723600
2024-03-04 19:00:00-05:00,164.61,166.27,164.61,165.88,5309800
2024-03-05 19:00:00-05:00,165.17,168.65,164.89,167.64,6047100
2024-03-06 19:00:00-05:00,168.68,168.89,166.23,167.18,6125200
2024-03-07 19:00:00-05:00,166.41,168.64,165.43,165.59,6195600
2024-03-10 20:00:00-04:00,165.18,167.82,165.02,166.31,5134800
2024-03-11 20:00:00-04:00,166.39,169.33,166.37,167.51,5391100
2024-03-12 20:00:00-04:00,168.97,168.98,166.12,166.52,5987900
2024-03-13 20:00:00-04:00,166.80,168.54,165.41,167.76,6999400
2024-03-14 20:00:00-04:00,166.51,167.19,164.38,164.69,17019675
2024-03-17 20:00:00-04:00,165.74,166.54,164.40,165.26,8569000
2024-03-18 20:00:00-04:00,164.98,166.59,164.98,166.34,7625600
2024-03-19 20:00:00-04:00,165.93,165.94,162.70,163.20,7326600
2024-03-20 20:00:00-04:00,163.70,164.56,162.84,164.34,5743600
2024-03-21 20:00:00-04:00,164.09,165.72,163.67,165.22,4084400
2024-03-24 20:00:00-04:00,165.73,165.91,164.92,165.29,4366400
2024-03-25 20:00:00-04:00,165.94,166.44,165.15,165.90,4392400
2024-03-26 20:00:00-04:00,166.47,167.19,165.55,166.98,5073500
2024-03-27 20:00:00-04:00,167.58,168.78,166.93,168.60,5418700
2024-03-31 20:00:00-04:00,168.39,168.41,165.95,167.36,3502100
2024-04-01 20:00:00-04:00,166.09,167.61,165.27,167.29,4523800
2024-04-02 20:00:00-04:00,167.32,168.14,163.51,164.18,5893000
2024-04-03 20:00:00-04:00,164.48,164.52,155.03,155.45,10539000
2024-04-04 20:00:00-04:00,155.54,158.36,154.89,157.40,7030100
2024-04-07 20:00:00-04:00,156.66,159.22,155.91,157.21,4745000
2024-04-08 20:00:00-04:00,157.15,157.90,154.99,157.52,5933200
2024-04-09 20:00:00-04:00,156.09,157.36,154.95,156.50,3231700
2024-04-10 20:00:00-04:00,156.65,156.81,154.83,155.10,3307000
2024-04-11 20:00:00-04:00,153.68,153.68,149.52,151.65,7029400
2024-04-14 20:00:00-04:00,153.74,153.91,150.92,151.08,5433700
2024-04-15 20:00:00-04:00,151.56,153.02,151.46,151.89,4881300
2024-04-16 20:00:00-04:00,153.40,153.95,152.54,153.49,4792200
2024-04-17 20:00:00-04:00,154.16,156.47,153.66,153.88,4480100
2024-04-18 20:00:00-04:00,154.21,155.69,152.56,155.51,5532400
2024-04-21 20:00:00-04:00,156.70,158.48,155.99,156.89,5580700
2024-04-22 20:00:00-04:00,157.55,159.21,157.20,158.44,4084100
2024-04-23 20:00:00-04:00,157.48,158.03,155.82,156.81,4074700
2024-04-24 20:00:00-04:00,156.68,158.20,154.73,156.33,5503700
2024-04-25 20:00:00-04:00,156.15,156.49,147.32,149.17,10721700
2024-04-28 20:00:00-04:00,149.14,150.97,148.17,150.94,6219000
2024-04-29 20:00:00-04:00,150.71,152.37,149.23,151.99,5484800
2024-04-30 20:00:00-04:00,151.47,152.97,150.59,151.13,5176400
2024-05-01 20:00:00-04:00,151.55,151.80,147.76,150.28,5904300
2024-05-02 20:00:00-04:00,150.60,153.49,150.21,153.06,5849900
2024-05-05 20:00:00-04:00,153.64,153.85,150.45,152.07,5834600
2024-05-06 20:00:00-04:00,152.66,153.25,151.29,151.90,5301700
2024-05-07 20:00:00-04:00,151.52,152.23,149.40,149.94,5906700
2024-05-08 20:00:00-04:00,150.28,150.75,149.54,149.89,3570000
2024-05-09 20:00:00-04:00,150.18,150.87,149.85,150.22,3509500
2024-05-12 20:00:00-04:00,150.72,151.92,150.27,150.72,3505900
2024-05-13 20:00:00-04:00,151.06,151.62,149.26,151.01,4025000
2024-05-14 20:00:00-04:00,151.68,153.65,151.27,153.06,5261300
2024-05-15 20:00:00-04:00,152.74,154.13,151.56,153.59,4642000
2024-05-16 20:00:00-04:00,154.56,155.59,153.72,155.52,5152200
2024-05-19 20:00:00-04:00,155.14,155.52,153.64,153.78,3058700
2024-05-20 20:00:00-04:00,154.54,154.86,151.86,152.26,3645200
2024-05-21 20:00:00-04:00,150.99,151.33,148.75,149.16,6904900
2024-05-22 20:00:00-04:00,148.61,149.56,147.43,147.89,5672900
2024-05-23 20:00:00-04:00,147.99,148.38,146.12,146.77,3691700
2024-05-27 20:00:00-04:00,146.11,146.11,143.87,145.17,5533500
2024-05-28 20:00:00-04:00,144.74,146.14,143.61,144.65,4254500
2024-05-29 20:00:00-04:00,144.52,146.18,143.52,146.07,4311100
2024-05-30 20:00:00-04:00,146.39,151.05,145.97,150.68,15664400
2024-06-02 20:00:00-04:00,149.52,152.50,148.43,149.70,4467800
2024-06-03 20:00:00-04:00,149.70,152.15,149.31,151.52,4215500
2024-06-04 20:00:00-04:00,152.23,155.11,151.54,154.60,5100500
2024-06-05 20:00:00-04:00,154.65,157.82,153.59,157.53,5186700
2024-06-06 20:00:00-04:00,157.93,159.18,156.80,158.32,3781700
2024-06-09 20:00:00-04:00,157.93,159.57,156.71,159.30,4247500
2024-06-10 20:00:00-04:00,159.10,159.46,156.45,156.72,3790200
2024-06-11 20:00:00-04:00,156.88,157.50,154.22,155.21,4725600
2024-06-12 20:00:00-04:00,155.13,155.97,154.19,155.65,3690800
2024-06-13 20:00:00-04:00,155.57,158.16,155.13,157.55,4377600
2024-06-16 20:00:00-04:00,157.37,159.24,156.40,158.57,4076000
2024-06-17 20:00:00-04:00,159.28,161.68,158.74,160.14,4250900
2024-06-19 20:00:00-04:00,159.97,161.49,158.88,160.86,5847500
2024-06-20 20:00:00-04:00,161.39,161.60,158.48,159.23,12228100
2024-06-23 20:00:00-04:00,159.92,162.05,159.52,161.43,6249900
2024-06-24 20:00:00-04:00,160.83,162.05,159.44,159.57,4844600
2024-06-25 20:00:00-04:00,159.14,161.06,159.01,159.94,5576100
2024-06-26 20:00:00-04:00,160.07,160.32,156.76,157.92,5382000
2024-06-27 20:00:00-04:00,158.86,160.57,157.98,160.29,17019675
2024-06-30 20:00:00-04:00,160.05,162.49,158.44,159.21,5194500
2024-07-01 20:00:00-04:00,157.59,157.59,154.61,155.09,5965500
2024-07-02 20:00:00-04:00,155.21,156.16,152.81,153.11,3527600
2024-07-04 20:00:00-04:00,153.93,156.35,152.91,156.30,5978300
2024-07-07 20:00:00-04:00,155.63,156.73,154.77,155.61,3500200
2024-07-08 20:00:00-04:00,156.08,157.49,154.06,157.04,4224600
2024-07-09 20:00:00-04:00,156.48,157.42,155.23,157.13,3887800
2024-07-10 20:00:00-04:00,156.55,159.19,156.39,158.78,3689500
2024-07-11 20:00:00-04:00,159.45,160.39,158.77,159.13,4133500
2024-07-14 20:00:00-04:00,159.30,160.67,157.89,158.47,2395100
2024-07-15 20:00:00-04:00,159.00,160.18,157.74,159.57,3829500
2024-07-16 20:00:00-04:00,159.86,165.74,159.86,165.29,6983200
2024-07-17 20:00:00-04:00,164.52,166.62,161.00,161.40,5957800
2024-07-18 20:00:00-04:00,163.79,163.96,161.48,162.51,4293600
2024-07-21 20:00:00-04:00,163.46,164.79,162.21,163.73,4066900
2024-07-22 20:00:00-04:00,163.46,164.65,162.94,163.30,2933800
2024-07-23 20:00:00-04:00,163.34,166.55,163.11,166.18,6117700
2024-07-24 20:00:00-04:00,166.93,175.52,162.02,171.80,9442200
2024-07-25 20:00:00-04:00,173.01,176.22,171.75,174.62,6948800
2024-07-28 20:00:00-04:00,173.57,175.54,170.26,171.59,5458500
2024-07-29 20:00:00-04:00,173.14,177.03,172.21,176.15,6032200
2024-07-30 20:00:00-04:00,175.78,176.83,173.01,174.77,6473900
2024-07-31 20:00:00-04:00,177.08,180.10,176.14,178.91,6595500
2024-08-01 20:00:00-04:00,180.11,182.87,175.85,178.52,6303900
2024-08-04 20:00:00-04:00,176.78,178.52,172.62,173.87,6459300
2024-08-05 20:00:00-04:00,174.88,177.13,172.66,175.14,4273200
2024-08-06 20:00:00-04:00,177.21,178.80,175.40,176.84,6351000
2024-08-07 20:00:00-04:00,176.28,179.86,176.28,179.56,5744600
2024-08-08 20:00:00-04:00,179.92,180.14,177.39,179.12,3206500
2024-08-11 20:00:00-04:00,179.26,179.72,177.02,179.36,4808300
2024-08-12 20:00:00-04:00,179.71,181.02,178.60,180.35,3477300
2024-08-13 20:00:00-04:00,180.13,182.35,179.63,182.02,4153400
2024-08-14 20:00:00-04:00,183.42,183.89,180.40,182.39,4719900
2024-08-15 20:00:00-04:00,182.85,183.19,181.33,182.86,3674900
2024-08-18 20:00:00-04:00,182.39,185.96,182.35,185.67,4309300
2024-08-19 20:00:00-04:00,185.90,186.24,183.08,184.99,3631800
2024-08-20 20:00:00-04:00,185.26,186.11,184.53,185.34,4250400
2024-08-21 20:00:00-04:00,185.80,186.30,184.23,185.19,3676700
2024-08-22 20:00:00-04:00,186.02,186.71,185.06,186.31,4720300
2024-08-25 20:00:00-04:00,186.32,186.70,184.91,186.20,4182300
2024-08-26 20:00:00-04:00,186.72,187.01,184.07,184.77,2504500
2024-08-27 20:00:00-04:00,184.39,185.06,182.99,184.28,3910200
2024-08-28 20:00:00-04:00,184.84,185.26,182.82,184.07,4538300
2024-08-29 20:00:00-04:00,184.14,185.32,183.12,185.14,3820800
2024-09-02 20:00:00-04:00,184.98,188.57,184.94,186.44,4872400
2024-09-03 20:00:00-04:00,187.37,188.50,185.26,185.80,4214300
2024-09-04 20:00:00-04:00,185.75,185.91,181.22,181.88,5902800
2024-09-05 20:00:00-04:00,182.46,183.66,181.86,182.39,4312600
2024-09-08 20:00:00-04:00,183.87,185.42,182.90,185.24,3606900
2024-09-09 20:00:00-04:00,184.96,188.12,181.93,188.00,6333300
2024-09-10 20:00:00-04:00,186.43,186.43,182.41,183.52,4909300
2024-09-11 20:00:00-04:00,183.69,183.97,180.38,182.98,4165200
2024-09-12 20:00:00-04:00,182.83,183.52,180.89,183.16,2718100
2024-09-15 20:00:00-04:00,184.68,185.00,183.39,184.59,3235700
2024-09-16 20:00:00-04:00,183.71,184.92,180.90,182.44,3534100
2024-09-17 20:00:00-04:00,182.14,184.45,180.87,181.96,3236800
2024-09-18 20:00:00-04:00,182.42,183.11,181.03,182.60,3929300
2024-09-19 20:00:00-04:00,182.02,182.79,181.20,182.46,11661200
2024-09-22 20:00:00-04:00,182.68,183.24,181.26,182.80,3178000
2024-09-23 20:00:00-04:00,181.97,184.10,180.69,182.50,4286500
2024-09-24 20:00:00-04:00,182.96,183.50,180.09,180.37,5589300
2024-09-25 20:00:00-04:00,179.28,181.89,178.83,180.98,6215700
2024-09-26 20:00:00-04:00,181.64,184.97,179.44,183.70,4891900
2024-09-29 20:00:00-04:00,183.76,186.37,183.31,186.24,4550200
2024-09-30 20:00:00-04:00,186.40,187.65,185.24,185.75,3924600
2024-10-01 20:00:00-04:00,184.52,185.79,183.38,185.62,2946900
2024-10-02 20:00:00-04:00,185.67,185.84,183.66,184.33,3453800
2024-10-03 20:00:00-04:00,184.00,184.51,182.06,183.23,4749700
2024-10-06 20:00:00-04:00,183.35,183.99,181.86,182.59,5033800
2024-10-07 20:00:00-04:00,183.28,183.90,181.31,182.03,4419000
2024-10-08 20:00:00-04:00,181.87,183.80,181.03,183.67,4478900
2024-10-09 20:00:00-04:00,183.47,183.73,182.28,183.29,3562500
2024-10-10 20:00:00-04:00,183.90,184.13,182.56,183.14,2973000
2024-10-13 20:00:00-04:00,183.19,185.17,182.64,184.51,3623900
2024-10-14 20:00:00-04:00,185.11,186.56,181.78,182.39,6553500
2024-10-15 20:00:00-04:00,181.05,181.61,179.41,181.05,5576000
2024-10-16 20:00:00-04:00,181.13,182.16,179.15,179.26,4419000
2024-10-17 20:00:00-04:00,179.64,180.32,178.87,179.53,5607900
2024-10-20 20:00:00-04:00,179.39,180.03,176.71,177.33,4496500
2024-10-21 20:00:00-04:00,177.12,179.76,177.03,179.44,4210400
2024-10-22 20:00:00-04:00,179.38,179.92,178.24,178.60,4266700
2024-10-23 20:00:00-04:00,179.12,181.06,178.88,180.28,6741800
2024-10-24 20:00:00-04:00,180.31,180.50,177.93,178.57,4017400
2024-10-27 20:00:00-04:00,178.80,180.75,178.26,180.31,5383700
2024-10-28 20:00:00-04:00,181.08,181.72,179.21,180.09,6131500
2024-10-29 20:00:00-04:00,182.16,192.36,179.24,191.55,10396400
2024-10-30 20:00:00-04:00,192.00,197.08,191.47,193.80,8829300
2024-10-31 20:00:00-04:00,194.28,194.62,192.33,193.50,4493900
2024-11-03 19:00:00-05:00,193.73,194.15,190.33,190.57,3531800
2024-11-04 19:00:00-05:00,190.59,192.42,188.55,191.72,5109300
2024-11-05 19:00:00-05:00,195.63,195.97,190.93,191.26,7194800
2024-11-06 19:00:00-05:00,191.98,192.33,189.38,190.61,4520200
2024-11-07 19:00:00-05:00,191.23,191.92,189.63,189.65,4596900
2024-11-10 19:00:00-05:00,169.75,169.75,164.17,165.82,17019675
2024-11-11 19:00:00-05:00,167.32,167.91,162.58,162.64,10557000
2024-11-12 19:00:00-05:00,163.19,164.11,161.27,161.94,8483500
2024-11-13 19:00:00-05:00,161.60,163.14,160.26,161.25,8442500
2024-11-14 19:00:00-05:00,161.25,161.25,156.59,156.84,11265400
2024-11-17 19:00:00-05:00,157.44,158.51,156.66,158.07,8336900
2024-11-18 19:00:00-05:00,157.11,158.85,155.72,158.34,5246000
2024-11-19 19:00:00-05:00,158.67,159.62,157.47,159.48,7135600
2024-11-20 19:00:00-05:00,160.26,163.94,158.68,163.25,6847700
2024-11-21 19:00:00-05:00,165.73,170.03,164.93,168.21,11328600
2024-11-24 19:00:00-05:00,168.28,171.29,168.02,168.32,12465000
2024-11-25 19:00:00-05:00,168.34,172.68,167.95,172.19,6947500
2024-11-26 19:00:00-05:00,172.19,175.14,171.96,174.04,5271500
2024-11-28 19:00:00-05:00,174.10,174.48,173.49,173.90,2710700
2024-12-01 19:00:00-05:00,173.28,173.68,170.03,172.79,3936600
2024-12-02 19:00:00-05:00,173.28,174.45,172.52,172.54,4107600
2024-12-03 19:00:00-05:00,171.21,171.54,167.22,167.75,6125500
2024-12-04 19:00:00-05:00,166.34,167.99,164.96,167.47,5444200
2024-12-05 19:00:00-05:00,167.31,168.01,165.56,167.49,4839600
2024-12-08 19:00:00-05:00,166.92,169.33,165.77,167.85,4394500
2024-12-09 19:00:00-05:00,166.86,168.18,165.25,166.99,4089600
2024-12-10 19:00:00-05:00,167.27,167.31,165.26,165.76,9492200
2024-12-11 19:00:00-05:00,166.27,167.22,163.50,164.64,4999500
2024-12-12 19:00:00-05:00,164.69,166.28,163.88,164.81,5471600
2024-12-15 19:00:00-05:00,163.19,164.78,162.11,163.15,8157900
2024-12-16 19:00:00-05:00,162.16,167.78,161.80,166.72,7664700
2024-12-17 19:00:00-05:00,167.34,167.78,164.29,164.48,5471600
2024-12-18 19:00:00-05:00,164.39,165.29,161.93,163.05,6110500
2024-12-19 19:00:00-05:00,163.31,168.07,162.23,166.91,17019675
2024-12-22 19:00:00-05:00,166.63,169.83,166.01,169.58,6945600
2024-12-23 19:00:00-05:00,169.60,171.27,169.06,171.11,2692800
2024-12-25 19:00:00-05:00,170.18,171.44,169.81,170.35,2759300
2024-12-26 19:00:00-05:00,169.13,170.79,168.53,169.22,2745400
2024-12-29 19:00:00-05:00,168.28,168.58,166.84,167.50,3405700
2024-12-30 19:00:00-05:00,167.64,169.06,167.23,168.92,3326400
2025-01-01 19:00:00-05:00,169.84,170.90,169.11,170.58,4092000
2025-01-02 19:00:00-05:00,170.79,172.60,169.97,172.27,4380200
2025-01-05 19:00:00-05:00,171.85,172.99,170.41,171.21,6302100
2025-01-06 19:00:00-05:00,170.76,173.17,169.58,170.66,5905200
2025-01-07 19:00:00-05:00,170.35,170.39,167.48,169.69,4488500
2025-01-09 19:00:00-05:00,168.13,168.77,164.77,166.52,5372200
2025-01-12 19:00:00-05:00,166.51,169.19,165.73,168.01,4734100
2025-01-13 19:00:00-05:00,167.89,168.05,165.49,166.88,4779100
2025-01-14 19:00:00-05:00,166.51,167.41,161.90,164.42,8048700
2025-01-15 19:00:00-05:00,164.52,166.93,163.63,166.68,5236000
2025-01-16 19:00:00-05:00,165.89,166.96,164.35,164.63,7852500
2025-01-20 19:00:00-05:00,165.20,168.56,164.30,165.63,7548500
2025-01-21 19:00:00-05:00,163.42,163.96,161.27,162.36,9465000
2025-01-22 19:00:00-05:00,163.57,163.79,161.67,163.77,7116200
2025-01-23 19:00:00-05:00,162.48,164.19,162.41,163.42,5584900
2025-01-26 19:00:00-05:00,165.68,170.28,165.61,169.75,6985200
2025-01-27 19:00:00-05:00,169.65,170.00,166.71,167.74,5603700
2025-01-28 19:00:00-05:00,167.45,169.77,167.26,168.18,3748300
2025-01-29 19:00:00-05:00,168.90,169.00,166.95,168.55,5209200
2025-01-30 19:00:00-05:00,179.73,184.02,176.25,176.47,11926500
2025-02-02 19:00:00-05:00,175.78,183.91,174.79,182.45,9830000
2025-02-03 19:00:00-05:00,180.05,183.42,179.49,182.27,7377800
2025-02-04 19:00:00-05:00,182.82,185.56,182.24,184.00,6449600
2025-02-05 19:00:00-05:00,184.14,186.63,182.86,185.17,4586400
2025-02-06 19:00:00-05:00,185.35,186.02,182.74,182.90,3805900
2025-02-09 19:00:00-05:00,183.72,183.72,181.45,182.65,3685700
2025-02-10 19:00:00-05:00,182.13,184.17,180.65,184.08,3977000
2025-02-11 19:00:00-05:00,182.80,186.51,182.69,185.20,4525000
2025-02-12 19:00:00-05:00,186.43,186.43,183.69,185.63,4108900
2025-02-13 19:00:00-05:00,186.11,187.29,184.99,185.07,3976900
2025-02-17 19:00:00-05:00,184.24,189.06,182.96,188.32,6065500
2025-02-18 19:00:00-05:00,188.84,190.10,188.09,189.37,4888700
2025-02-19 19:00:00-05:00,190.00,193.22,188.87,192.76,5067000
2025-02-20 19:00:00-05:00,192.22,195.74,191.94,193.91,5889400
2025-02-23 19:00:00-05:00,193.67,197.19,193.14,195.83,6305000
2025-02-24 19:00:00-05:00,196.89,197.68,194.17,195.89,7746800
2025-02-25 19:00:00-05:00,195.36,195.59,193.29,194.80,4766700
2025-02-26 19:00:00-05:00,194.85,198.44,194.08,196.73,5696900
2025-02-27 19:00:00-05:00,196.83,201.13,196.15,200.58,13136400
2025-03-02 19:00:00-05:00,201.49,203.72,200.47,202.93,7016400
2025-03-03 19:00:00-05:00,205.80,206.94,199.28,199.36,7554000
2025-03-04 19:00:00-05:00,198.70,203.60,197.67,202.99,5752800
2025-03-05 19:00:00-05:00,202.90,203.41,200.07,202.23,4346000
2025-03-06 19:00:00-05:00,202.58,206.30,200.55,205.63,6806100
2025-03-09 20:00:00-04:00,201.50,209.82,200.74,207.90,8604000
2025-03-10 20:00:00-04:00,207.90,207.90,203.82,204.96,7144500
2025-03-11 20:00:00-04:00,203.43,205.23,200.85,203.49,6139800
2025-03-12 20:00:00-04:00,203.43,205.16,202.16,203.00,5559500
2025-03-13 20:00:00-04:00,201.30,204.22,199.87,203.21,4511600
2025-03-16 20:00:00-04:00,203.64,206.79,201.05,205.80,5075400
2025-03-17 20:00:00-04:00,205.80,206.48,203.69,205.21,5088200
2025-03-18 20:00:00-04:00,205.38,205.83,202.26,203.67,5412900
2025-03-19 20:00:00-04:00,204.40,204.79,202.58,203.39,5836100
2025-03-20 20:00:00-04:00,203.17,204.28,200.30,201.52,16657700
2025-03-23 20:00:00-04:00,200.93,202.49,199.11,200.72,7393800
2025-03-24 20:00:00-04:00,200.76,200.80,191.32,193.20,10089100
2025-03-25 20:00:00-04:00,194.91,194.91,188.55,193.16,6742900
2025-03-26 20:00:00-04:00,193.85,195.45,193.16,194.53,4995300
2025-03-27 20:00:00-04:00,194.54,197.69,193.44,196.99,6478100
2025-03-30 20:00:00-04:00,196.17,202.29,196.17,201.05,11093700
2025-03-31 20:00:00-04:00,202.01,203.58,197.29,197.93,7853200
2025-04-01 20:00:00-04:00,198.84,198.84,192.24,196.90,9262800
2025-04-02 20:00:00-04:00,201.80,202.17,193.11,193.49,7593100
2025-04-03 20:00:00-04:00,191.92,191.92,178.65,179.40,13505200
2025-04-06 20:00:00-04:00,173.71,180.59,169.16,179.01,12581100
2025-04-07 20:00:00-04:00,180.02,180.78,165.36,168.57,12517100
2025-04-08 20:00:00-04:00,161.50,173.30,157.75,172.57,17019675
2025-04-09 20:00:00-04:00,170.57,170.81,158.30,167.16,13970000
2025-04-10 20:00:00-04:00,166.78,169.82,162.49,167.97,9047700
2025-04-13 20:00:00-04:00,170.27,172.91,169.08,171.86,7164400
2025-04-14 20:00:00-04:00,172.09,174.81,170.75,171.22,8078500
2025-04-15 20:00:00-04:00,170.96,171.27,164.39,166.26,9459300
2025-04-16 20:00:00-04:00,167.13,169.67,166.49,167.53,8998100
2025-04-20 20:00:00-04:00,168.00,168.67,163.22,164.79,7364600
2025-04-21 20:00:00-04:00,165.68,169.15,165.52,168.30,6191900
2025-04-22 20:00:00-04:00,169.48,172.53,168.90,171.46,7119700
2025-04-23 20:00:00-04:00,172.01,175.76,170.55,174.68,8789400
2025-04-24 20:00:00-04:00,181.22,182.75,174.31,180.19,10482100
2025-04-27 20:00:00-04:00,182.07,187.03,181.72,186.27,10408000
2025-04-28 20:00:00-04:00,186.51,189.37,184.57,187.40,6671400
2025-04-29 20:00:00-04:00,188.35,189.60,184.98,188.94,8400700
2025-04-30 20:00:00-04:00,186.79,189.64,183.81,187.24,5823600
2025-05-01 20:00:00-04:00,189.01,192.70,188.49,192.21,6424800
2025-05-04 20:00:00-04:00,192.21,192.24,188.88,189.88,5121500
2025-05-05 20:00:00-04:00,189.33,189.64,179.88,181.25,9392000
2025-05-06 20:00:00-04:00,182.23,184.18,180.86,182.16,5771700
2025-05-07 20:00:00-04:00,178.32,180.77,175.91,179.72,8816700
2025-05-08 20:00:00-04:00,179.89,183.78,178.42,178.78,7806100
2025-05-11 20:00:00-04:00,174.32,186.61,174.32,184.07,12792700
2025-05-12 20:00:00-04:00,183.07,183.77,179.56,182.07,7523800
2025-05-13 20:00:00-04:00,180.64,181.73,171.03,171.84,12212000
2025-05-14 20:00:00-04:00,172.40,176.36,171.00,175.95,12073300
2025-05-15 20:00:00-04:00,175.58,178.26,174.82,178.21,6152800
2025-05-18 20:00:00-04:00,178.41,179.94,176.75,179.85,5216700
2025-05-19 20:00:00-04:00,179.03,180.13,177.85,179.02,5505100
2025-05-20 20:00:00-04:00,178.13,178.98,175.81,176.06,5140900
2025-05-21 20:00:00-04:00,175.69,177.77,174.56,176.78,4689200
2025-05-22 20:00:00-04:00,176.62,178.31,175.99,177.48,4027000
2025-05-26 20:00:00-04:00,178.46,180.12,178.10,179.86,5726700
2025-05-27 20:00:00-04:00,179.50,180.23,176.62,177.31,4787800
2025-05-28 20:00:00-04:00,177.67,180.86,176.93,179.76,4925900
2025-05-29 20:00:00-04:00,179.16,180.80,177.24,180.24,11609000
2025-06-01 20:00:00-04:00,179.87,181.09,177.38,181.09,4435600
2025-06-02 20:00:00-04:00,181.00,182.78,178.99,181.34,5335600
2025-06-03 20:00:00-04:00,182.47,184.18,181.36,181.43,4382200
2025-06-04 20:00:00-04:00,181.58,182.65,179.21,181.56,4417900
2025-06-05 20:00:00-04:00,182.54,184.48,182.36,183.84,3607800
2025-06-08 20:00:00-04:00,184.50,185.74,183.05,183.19,4661500
2025-06-09 20:00:00-04:00,183.08,185.83,182.84,183.52,4087500
2025-06-10 20:00:00-04:00,183.37,186.64,183.10,185.46,3908000
2025-06-11 20:00:00-04:00,186.14,187.48,181.50,186.35,5781400
2025-06-12 20:00:00-04:00,185.52,187.37,184.29,185.05,4965700
2025-06-15 20:00:00-04:00,184.88,185.61,182.97,184.84,4203900
2025-06-16 20:00:00-04:00,183.19,184.60,179.19,179.63,4733900
2025-06-17 20:00:00-04:00,179.41,181.22,177.90,179.64,3573200
2025-06-19 20:00:00-04:00,180.22,181.20,178.35,179.45,12158100
2025-06-22 20:00:00-04:00,178.67,179.94,176.55,177.96,5157900
2025-06-23 20:00:00-04:00,178.70,180.27,177.41,179.70,4074400
2025-06-24 20:00:00-04:00,179.45,181.19,178.81,179.54,4471100
2025-06-25 20:00:00-04:00,180.64,183.03,179.93,180.90,5734000
2025-06-26 20:00:00-04:00,181.97,182.07,176.00,176.56,17019675
2025-06-29 20:00:00-04:00,176.67,180.37,176.02,179.76,6482600
2025-06-30 20:00:00-04:00,179.17,185.71,178.57,184.00,5937600
2025-07-01 20:00:00-04:00,183.71,186.51,183.55,184.73,4658200
2025-07-02 20:00:00-04:00,185.12,185.43,182.91,183.31,3706200
2025-07-06 20:00:00-04:00,183.46,185.35,180.94,181.71,11049100
2025-07-07 20:00:00-04:00,180.90,186.91,180.78,183.78,7106900
2025-07-08 20:00:00-04:00,182.55,185.06,182.38,184.61,5594100
2025-07-09 20:00:00-04:00,184.49,191.27,183.58,188.85,6049400
2025-07-10 20:00:00-04:00,187.77,187.88,185.13,186.38,4991000
2025-07-13 20:00:00-04:00,185.67,186.59,184.04,185.48,4072800
2025-07-14 20:00:00-04:00,185.80,186.25,180.72,182.07,6729200
2025-07-15 20:00:00-04:00,182.59,186.95,182.18,186.16,6202600
2025-07-16 20:00:00-04:00,184.62,187.67,183.90,186.96,4853100
2025-07-17 20:00:00-04:00,187.07,187.88,184.20,184.87,5332000
2025-07-20 20:00:00-04:00,185.22,185.50,180.35,180.56,4954800
2025-07-21 20:00:00-04:00,180.65,183.84,180.61,182.77,4432100
2025-07-22 20:00:00-04:00,182.71,186.38,182.44,186.13,4344500
2025-07-23 20:00:00-04:00,186.34,187.78,185.58,186.41,3462700
2025-07-24 20:00:00-04:00,186.96,186.96,184.16,185.87,3786800
2025-07-27 20:00:00-04:00,186.78,186.78,183.29,184.15,3776900
2025-07-28 20:00:00-04:00,184.76,188.03,183.50,186.79,6715500
2025-07-29 20:00:00-04:00,187.32,188.23,183.65,184.92,5008400
2025-07-30 20:00:00-04:00,192.49,194.22,183.27,184.64,10347900
2025-07-31 20:00:00-04:00,185.52,192.49,185.39,190.69,8082000
2025-08-03 20:00:00-04:00,190.29,192.79,189.23,192.62,4217500
2025-08-04 20:00:00-04:00,192.97,195.26,191.92,193.95,4153400
2025-08-05 20:00:00-04:00,192.66,193.46,190.16,191.75,4057200
2025-08-06 20:00:00-04:00,192.48,195.20,191.94,194.25,4683300
2025-08-07 20:00:00-04:00,194.46,195.69,192.57,193.46,4101700
2025-08-10 20:00:00-04:00,193.59,194.81,192.32,194.03,6067800
2025-08-11 20:00:00-04:00,193.50,195.38,192.48,194.03,3049800
2025-08-12 20:00:00-04:00,195.13,197.04,194.59,196.80,3558500
2025-08-13 20:00:00-04:00,197.12,200.31,196.20,199.93,4635400
2025-08-14 20:00:00-04:00,201.14,202.04,199.58,201.90,4430900
2025-08-17 20:00:00-04:00,201.81,203.51,201.18,201.78,6083500
2025-08-18 20:00:00-04:00,201.74,202.98,200.34,201.41,3975500
2025-08-19 20:00:00-04:00,201.86,206.78,201.86,204.30,5782100
2025-08-20 20:00:00-04:00,204.29,207.52,204.03,204.64,5323900
2025-08-21 20:00:00-04:00,205.95,206.57,202.32,205.72,5516900
2025-08-24 20:00:00-04:00,205.42,206.40,202.25,202.74,2796200
2025-08-25 20:00:00-04:00,202.71,203.74,201.78,203.53,3702900
2025-08-26 20:00:00-04:00,203.98,205.54,202.99,203.24,3459100
2025-08-27 20:00:00-04:00,202.84,203.19,200.73,203.10,4523100
2025-08-28 20:00:00-04:00,203.18,206.11,203.08,205.52,4264700
2025-09-01 20:00:00-04:00,205.27,207.24,204.14,207.01,4335500
2025-09-02 20:00:00-04:00,207.49,208.47,206.58,206.95,3973500
2025-09-03 20:00:00-04:00,207.33,209.22,206.75,208.06,3531600
2025-09-04 20:00:00-04:00,207.62,209.37,206.11,207.63,4465400
2025-09-07 20:00:00-04:00,206.10,207.08,202.80,204.93,5525500
2025-09-08 20:00:00-04:00,204.67,205.83,204.27,205.54,3097100
2025-09-09 20:00:00-04:00,205.36,207.35,203.61,206.73,4520600
2025-09-10 20:00:00-04:00,215.24,216.63,211.72,215.11,7647700
2025-09-11 20:00:00-04:00,214.04,215.27,213.17,213.28,4418800
2025-09-14 20:00:00-04:00,214.51,214.51,209.34,212.56,5162100
2025-09-15 20:00:00-04:00,213.27,213.64,210.84,211.25,4251000
2025-09-16 20:00:00-04:00,214.02,216.41,212.26,215.69,5258400
2025-09-17 20:00:00-04:00,215.94,216.92,214.82,216.84,4445600
2025-09-18 20:00:00-04:00,217.26,218.31,216.45,217.31,14415100
2025-09-21 20:00:00-04:00,217.30,219.94,216.30,217.43,5990700
2025-09-22 20:00:00-04:00,216.86,219.20,216.78,217.45,4629900
2025-09-23 20:00:00-04:00,216.85,217.09,213.47,214.89,5074500
2025-09-24 20:00:00-04:00,215.00,217.11,212.97,213.47,6666000
2025-09-25 20:00:00-04:00,215.51,216.34,212.62,215.50,4185600
2025-09-28 20:00:00-04:00,215.63,218.06,214.69,217.99,4958400
2025-09-29 20:00:00-04:00,217.89,226.96,217.41,226.17,9187300
2025-09-30 20:00:00-04:00,228.22,239.13,226.62,238.71,12243100
2025-10-01 20:00:00-04:00,235.30,237.04,229.08,231.08,8107700
2025-10-02 20:00:00-04:00,231.41,233.30,228.29,228.49,6547300
2025-10-05 20:00:00-04:00,226.34,227.55,222.64,224.85,11940300
2025-10-06 20:00:00-04:00,225.93,228.65,222.31,227.43,4901000
2025-10-07 20:00:00-04:00,226.11,227.60,224.35,225.88,5412800
2025-10-08 20:00:00-04:00,227.86,228.37,225.27,225.34,4607600
2025-10-09 20:00:00-04:00,226.14,229.24,225.16,225.16,6156900
2025-10-12 20:00:00-04:00,224.67,228.39,223.91,224.96,5411900
2025-10-13 20:00:00-04:00,222.78,225.30,222.24,223.82,5527600
2025-10-14 20:00:00-04:00,223.53,225.25,221.68,222.57,5459400
2025-10-15 20:00:00-04:00,222.57,224.43,221.82,223.21,4737500
2025-10-16 20:00:00-04:00,223.85,226.99,223.15,225.86,7150000
2025-10-19 20:00:00-04:00,227.27,228.51,226.29,228.31,5246700
2025-10-20 20:00:00-04:00,228.40,229.05,226.12,227.65,3298100
2025-10-21 20:00:00-04:00,227.93,228.41,224.74,224.99,3523500
2025-10-22 20:00:00-04:00,225.29,226.15,223.58,224.57,5818000
2025-10-23 20:00:00-04:00,225.09,225.34,222.60,224.31,3554700
2025-10-26 20:00:00-04:00,224.27,224.91,223.45,224.35,2784400
2025-10-27 20:00:00-04:00,223.34,224.71,220.69,223.87,3724200
2025-10-28 20:00:00-04:00,223.95,224.32,220.42,221.51,5469300
2025-10-29 20:00:00-04:00,223.38,225.94,222.75,224.52,5020700
2025-10-30 20:00:00-04:00,219.40,220.26,212.51,214.52,10825300
2025-11-02 19:00:00-05:00,213.18,215.46,208.27,208.54,8874300
2025-11-03 19:00:00-05:00,208.94,213.58,208.94,212.40,6184000
2025-11-04 19:00:00-05:00,212.26,213.92,209.17,213.27,4928200
2025-11-05 19:00:00-05:00,212.40,216.13,212.17,215.50,6615300
2025-11-06 19:00:00-05:00,215.77,217.42,213.59,215.62,4647900
2025-11-09 19:00:00-05:00,213.50,216.31,212.66,215.18,4530800
2025-11-10 19:00:00-05:00,215.46,221.78,215.46,221.53,4802400
2025-11-11 19:00:00-05:00,221.76,230.22,221.65,229.46,8583200
2025-11-12 19:00:00-05:00,229.97,235.43,228.41,228.54,7968500
2025-11-13 19:00:00-05:00,229.84,231.21,226.60,228.61,5461500
2025-11-16 19:00:00-05:00,229.49,231.55,225.53,230.22,5023100
2025-11-17 19:00:00-05:00,231.21,233.36,228.36,230.09,6232600
2025-11-18 19:00:00-05:00,229.77,234.31,226.64,229.15,7618400
2025-11-19 19:00:00-05:00,229.49,231.16,224.32,225.75,4283600
2025-11-20 19:00:00-05:00,226.83,234.17,226.42,232.47,8017600
2025-11-23 19:00:00-05:00,232.19,233.78,224.79,225.80,10225900
2025-11-24 19:00:00-05:00,226.60,230.30,226.59,228.06,7134100
2025-11-25 19:00:00-05:00,228.29,228.73,222.98,223.98,5920800
2025-11-27 19:00:00-05:00,223.19,224.41,221.87,224.02,2655600
2025-11-30 19:00:00-05:00,223.52,225.79,220.36,221.48,5208300
2025-12-01 19:00:00-05:00,221.19,222.97,219.51,220.75,5096700
2025-12-02 19:00:00-05:00,221.21,227.06,220.90,226.52,4872900
2025-12-03 19:00:00-05:00,226.40,227.21,223.92,225.02,3732900
2025-12-04 19:00:00-05:00,225.23,225.55,221.42,222.43,3985200
2025-12-07 19:00:00-05:00,222.43,222.47,218.80,219.52,4006100
2025-12-08 19:00:00-05:00,220.28,221.19,216.67,219.39,4267900
2025-12-09 19:00:00-05:00,221.37,222.33,217.43,221.54,8735200
2025-12-10 19:00:00-05:00,221.90,222.31,218.65,220.36,4170600
2025-12-11 19:00:00-05:00,220.08,220.21,217.53,219.71,5467600
2025-12-14 19:00:00-05:00,220.62,224.61,219.95,223.78,5971900
2025-12-15 19:00:00-05:00,222.75,223.18,218.33,220.06,6405900
2025-12-16 19:00:00-05:00,220.27,222.75,219.26,220.69,5243400
2025-12-17 19:00:00-05:00,220.38,222.61,219.19,219.22,4760400
2025-12-18 19:00:00-05:00,219.35,225.77,218.76,223.16,17019675
2025-12-21 19:00:00-05:00,222.46,224.96,220.63,224.23,4828100
2025-12-22 19:00:00-05:00,224.54,227.06,224.23,225.10,3612100
2025-12-23 19:00:00-05:00,225.76,227.07,225.28,226.18,1744900
2025-12-25 19:00:00-05:00,226.11,226.89,224.99,226.27,1593900
2025-12-28 19:00:00-05:00,226.43,228.27,226.03,227.11,3803000
2025-12-29 19:00:00-05:00,227.04,227.48,224.93,226.03,2348000
2025-12-30 19:00:00-05:00,226.03,226.53,224.74,224.80,3196900
2026-01-01 19:00:00-05:00,225.05,227.02,222.07,225.61,3336800
2026-01-04 19:00:00-05:00,223.34,223.57,214.34,216.63,9341300
2026-01-05 19:00:00-05:00,216.20,220.58,216.01,220.31,9151700
2026-01-06 19:00:00-05:00,221.60,233.21,221.11,229.65,10285400
2026-01-07 19:00:00-05:00,227.40,227.80,219.52,220.51,9365900
2026-01-08 19:00:00-05:00,220.14,221.49,215.46,216.53,6714200
2026-01-11 19:00:00-05:00,217.62,218.90,214.86,216.49,6546100
2026-01-12 19:00:00-05:00,215.99,217.19,212.37,217.19,4872600
2026-01-13 19:00:00-05:00,217.43,219.73,213.50,218.31,8426400
2026-01-14 19:00:00-05:00,218.93,219.43,212.35,213.25,6954200
2026-01-15 19:00:00-05:00,213.84,215.56,212.12,212.59,8649700
2026-01-19 19:00:00-05:00,209.96,212.28,208.23,212.28,8251400
2026-01-20 19:00:00-05:00,210.72,216.21,209.83,214.37,10727100
2026-01-21 19:00:00-05:00,214.50,217.25,212.99,216.32,5650900
2026-01-22 19:00:00-05:00,215.47,218.01,214.10,217.46,5816400
2026-01-25 19:00:00-05:00,217.31,219.66,216.70,218.95,6553400
2026-01-26 19:00:00-05:00,219.06,224.99,218.83,222.09,5747400
2026-01-27 19:00:00-05:00,221.76,222.19,214.92,216.87,5215800
2026-01-28 19:00:00-05:00,216.21,222.30,216.21,218.62,7834000
2026-01-29 19:00:00-05:00,218.70,222.18,217.75,221.18,6622200
2026-02-01 19:00:00-05:00,223.00,227.90,222.57,223.78,5413000
2026-02-02 19:00:00-05:00,222.11,226.82,221.80,223.80,8158500
2026-02-03 19:00:00-05:00,208.05,219.03,202.59,215.32,15319700
2026-02-04 19:00:00-05:00,215.12,218.06,212.28,217.22,10794000
2026-02-05 19:00:00-05:00,216.95,223.96,216.70,221.59,6067100
2026-02-08 19:00:00-05:00,221.58,222.12,218.31,221.42,6767700
2026-02-09 19:00:00-05:00,221.91,223.95,220.11,220.61,6044500
2026-02-10 19:00:00-05:00,220.44,222.31,216.26,219.07,8072400
2026-02-11 19:00:00-05:00,219.75,227.17,219.09,225.63,8712000
2026-02-12 19:00:00-05:00,226.54,232.81,226.12,229.60,8252200
2026-02-16 19:00:00-05:00,230.75,233.31,229.29,230.94,7336400
2026-02-17 19:00:00-05:00,232.07,232.07,224.21,226.84,5495100
2026-02-18 19:00:00-05:00,227.09,227.48,221.19,222.50,5410800
2026-02-19 19:00:00-05:00,223.19,224.82,221.27,222.96,6830300
2026-02-22 19:00:00-05:00,223.96,229.53,223.93,227.59,5463200
2026-02-23 19:00:00-05:00,227.12,228.86,225.80,226.56,4880800
2026-02-24 19:00:00-05:00,227.82,230.64,224.62,225.05,5410900
2026-02-25 19:00:00-05:00,225.72,225.91,219.31,222.84,5331300
2026-02-26 19:00:00-05:00,223.25,230.36,223.21,230.17,8018100
2026-03-01 19:00:00-05:00,231.74,233.72,229.99,232.33,7438800
2026-03-02 19:00:00-05:00,231.44,233.77,228.35,231.94,6595700
2026-03-03 19:00:00-05:00,231.64,235.16,230.17,234.25,5380800
2026-03-04 19:00:00-05:00,231.50,232.87,226.12,230.44,9423100
2026-03-05 19:00:00-05:00,228.46,229.69,224.93,228.22,6139600
2026-03-08 20:00:00-04:00,228.08,228.78,221.39,225.58,7915800
2026-03-09 20:00:00-04:00,225.79,229.37,224.30,225.14,6466800
2026-03-10 20:00:00-04:00,224.19,227.40,223.45,225.81,5299200
2026-03-11 20:00:00-04:00,223.27,225.94,221.73,223.52,7607000
2026-03-12 20:00:00-04:00,225.02,226.74,217.63,217.87,5676100
2026-03-15 20:00:00-04:00,219.27,222.52,218.51,219.63,3991800
2026-03-16 20:00:00-04:00,220.21,221.44,217.95,217.95,4405700
2026-03-17 20:00:00-04:00,216.70,217.20,205.89,206.63,8597000
2026-03-18 20:00:00-04:00,206.66,208.70,202.62,204.53,7006800
2026-03-19 20:00:00-04:00,204.57,206.07,201.39,203.38,17019675
2026-03-22 20:00:00-04:00,205.65,206.90,201.55,203.24,7419900
2026-03-23 20:00:00-04:00,201.37,204.31,200.14,203.51,6990500
2026-03-24 20:00:00-04:00,205.16,207.95,204.17,205.48,6000100
2026-03-25 20:00:00-04:00,205.49,209.71,204.07,209.38,4576300
2026-03-26 20:00:00-04:00,209.68,211.73,207.40,207.68,5654000
2026-03-29 20:00:00-04:00,210.51,212.18,209.05,211.37,7491200
2026-03-30 20:00:00-04:00,213.29,217.37,213.08,215.70,8311700
2026-03-31 20:00:00-04:00,216.57,218.64,211.99,213.21,5702800
2026-04-01 20:00:00-04:00,212.23,212.79,206.00,207.12,5151100
2026-04-05 20:00:00-04:00,205.34,207.28,203.61,204.99,4929100
2026-04-06 20:00:00-04:00,204.53,204.79,200.00,204.67,8801600
2026-04-07 20:00:00-04:00,204.56,210.47,202.88,209.85,5477500
2026-04-08 20:00:00-04:00,207.76,211.75,207.02,210.65,4477800
2026-04-09 20:00:00-04:00,211.79,212.34,206.04,206.23,4633200
2026-04-12 20:00:00-04:00,204.73,206.37,201.34,204.77,7532500
2026-04-13 20:00:00-04:00,203.11,208.69,202.38,208.53,6199400
2026-04-14 20:00:00-04:00,208.99,209.82,205.55,208.42,5952100
2026-04-15 20:00:00-04:00,207.78,209.66,206.52,208.99,5075400
2026-04-16 20:00:00-04:00,209.66,212.35,207.82,208.38,8986600
2026-04-19 20:00:00-04:00,207.94,208.33,202.84,203.71,5774300
2026-04-20 20:00:00-04:00,204.01,206.20,200.92,205.12,7772100
2026-04-21 20:00:00-04:00,205.17,205.99,199.81,200.50,7646200
2026-04-22 20:00:00-04:00,201.05,202.76,200.41,200.95,7461100
2026-04-23 20:00:00-04:00,198.93,200.25,197.14,198.71,7605800
2026-04-26 20:00:00-04:00,198.00,201.42,196.23,197.38,7467600
2026-04-27 20:00:00-04:00,198.67,199.18,196.44,197.69,6313100
2026-04-28 20:00:00-04:00,192.00,205.83,190.75,203.89,10406300
2026-04-29 20:00:00-04:00,209.00,214.87,208.17,211.32,10319200
2026-04-30 20:00:00-04:00,211.00,211.00,205.57,206.60,6343100
2026-05-03 20:00:00-04:00,205.71,208.34,204.87,208.16,4579300
2026-05-04 20:00:00-04:00,208.97,209.52,205.83,206.11,4490500
2026-05-05 20:00:00-04:00,206.11,207.01,203.56,205.03,7290000
2026-05-06 20:00:00-04:00,204.92,207.00,202.03,202.71,6681100
2026-05-07 20:00:00-04:00,201.92,202.40,200.02,201.55,4915400
2026-05-10 20:00:00-04:00,202.01,205.38,202.01,202.78,4931700
2026-05-11 20:00:00-04:00,204.59,211.32,203.51,207.86,7044100
2026-05-12 20:00:00-04:00,206.86,209.53,204.30,208.50,5705700
2026-05-13 20:00:00-04:00,209.50,213.51,208.35,210.77,5006500
2026-05-14 20:00:00-04:00,213.10,214.92,209.02,210.39,5385000
2026-05-17 20:00:00-04:00,210.37,211.36,207.68,209.41,5069000
2026-05-18 20:00:00-04:00,209.90,215.80,208.73,213.76,7220300
2026-05-19 20:00:00-04:00,213.36,214.50,211.50,212.30,5129000
2026-05-20 20:00:00-04:00,210.95,215.64,209.50,214.50,3813800
2026-05-21 20:00:00-04:00,217.00,220.01,215.70,215.70,5406100
2026-05-25 20:00:00-04:00,215.92,217.05,211.91,213.12,4706700
2026-05-26 20:00:00-04:00,213.12,215.94,211.36,215.40,4640100
2026-05-27 20:00:00-04:00,215.90,219.38,215.90,218.63,5189300
2026-05-28 20:00:00-04:00,219.02,219.60,214.90,217.72,7618500
2026-05-31 20:00:00-04:00,215.26,216.50,211.51,212.93,4858400
2026-06-01 20:00:00-04:00,211.01,216.57,208.99,215.40,5861800
2026-06-02 20:00:00-04:00,214.80,219.54,213.73,217.13,5667500
2026-06-03 20:00:00-04:00,222.50,224.99,219.84,224.94,6782000
2026-06-04 20:00:00-04:00,227.37,230.47,226.00,227.23,6248900
2026-06-07 20:00:00-04:00,226.75,228.58,221.17,223.07,4915600
2026-06-08 20:00:00-04:00,224.80,227.14,221.72,225.42,4257500
2026-06-09 20:00:00-04:00,226.93,227.14,224.12,224.95,4147300
2026-06-10 20:00:00-04:00,226.01,227.55,224.04,224.77,4569000
2026-06-11 20:00:00-04:00,227.50,228.40,224.32,227.73,4086500
2026-06-14 20:00:00-04:00,226.00,226.50,220.00,221.59,5261900
2026-06-15 20:00:00-04:00,223.31,223.50,219.15,222.47,5945500
2026-06-16 20:00:00-04:00,222.40,222.84,218.83,221.23,5624200
2026-06-17 20:00:00-04:00,221.37,222.35,215.37,216.49,9646100
2026-06-21 20:00:00-04:00,221.94,232.32,221.94,230.01,9912800
2026-06-22 20:00:00-04:00,232.97,235.31,231.30,234.76,7365600
2026-06-23 20:00:00-04:00,236.35,237.36,232.85,234.89,7311000
2026-06-24 20:00:00-04:00,233.66,244.61,233.66,243.14,10278100
2026-06-25 20:00:00-04:00,245.26,253.35,244.66,253.35,17019675
2026-06-28 20:00:00-04:00,253.05,255.99,249.20,254.31,9759200
