Date,Open,High,Low,Close,Volume
2018-07-01 20:00:00-04:00,36.19,36.21,35.54,35.75,3800100
2018-07-02 20:00:00-04:00,35.85,36.33,35.82,36.09,1508000
2018-07-04 20:00:00-04:00,36.21,36.66,35.98,36.62,2556000
2018-07-05 20:00:00-04:00,36.66,37.07,36.62,36.92,2306800
2018-07-08 20:00:00-04:00,37.63,37.63,37.11,37.36,3410300
2018-07-09 20:00:00-04:00,37.52,37.95,37.42,37.89,3420800
2018-07-10 20:00:00-04:00,37.94,38.14,37.68,37.82,2556100
2018-07-11 20:00:00-04:00,37.94,38.09,37.74,37.86,2706300
2018-07-12 20:00:00-04:00,37.54,37.81,37.28,37.60,2402800
2018-07-15 20:00:00-04:00,37.61,37.66,37.12,37.28,3159200
2018-07-16 20:00:00-04:00,37.30,37.89,37.24,37.72,3405100
2018-07-17 20:00:00-04:00,37.72,37.75,37.17,37.39,2823100
2018-07-18 20:00:00-04:00,37.40,37.58,37.31,37.34,2904300
2018-07-19 20:00:00-04:00,37.44,37.44,37.07,37.24,2532400
2018-07-22 20:00:00-04:00,37.33,37.43,37.15,37.33,2038000
2018-07-23 20:00:00-04:00,37.40,37.69,37.29,37.38,4609600
2018-07-24 20:00:00-04:00,37.31,37.61,36.94,37.34,3555700
2018-07-25 20:00:00-04:00,37.47,37.91,37.44,37.71,2427600
2018-07-26 20:00:00-04:00,37.72,37.85,37.38,37.63,2653300
2018-07-29 20:00:00-04:00,37.59,37.75,37.38,37.42,3418100
2018-07-30 20:00:00-04:00,38.92,39.18,37.68,38.14,8130450
2018-07-31 20:00:00-04:00,38.21,38.69,37.98,38.02,5427800
2018-08-01 20:00:00-04:00,38.07,39.12,38.07,39.00,6796100
2018-08-02 20:00:00-04:00,39.20,39.51,38.99,39.48,4369600
2018-08-05 20:00:00-04:00,39.52,39.84,39.40,39.56,3701300
2018-08-06 20:00:00-04:00,39.59,39.99,39.59,39.71,3238900
2018-08-07 20:00:00-04:00,39.72,39.76,39.27,39.49,2261800
2018-08-08 20:00:00-04:00,39.61,39.75,39.31,39.71,2974800
2018-08-09 20:00:00-04:00,39.51,39.66,39.31,39.41,1809500
2018-08-12 20:00:00-04:00,39.49,39.52,38.82,38.98,2140400
2018-08-13 20:00:00-04:00,39.00,39.50,39.00,39.47,2713500
2018-08-14 20:00:00-04:00,39.35,39.68,38.88,39.34,4513700
2018-08-15 20:00:00-04:00,39.53,40.07,39.50,39.90,6099400
2018-08-16 20:00:00-04:00,39.90,40.40,39.78,40.22,6010700
2018-08-19 20:00:00-04:00,40.32,40.63,40.32,40.40,3935400
2018-08-20 20:00:00-04:00,40.44,40.52,40.10,40.37,2884800
2018-08-21 20:00:00-04:00,40.40,40.43,40.01,40.18,2582600
2018-08-22 20:00:00-04:00,40.00,40.30,39.94,40.19,1633300
2018-08-23 20:00:00-04:00,40.30,40.40,40.13,40.34,1984100
2018-08-26 20:00:00-04:00,40.48,40.67,40.29,40.40,2492700
2018-08-27 20:00:00-04:00,40.37,40.60,40.04,40.14,2692100
2018-08-28 20:00:00-04:00,40.34,40.48,39.94,40.10,2700600
2018-08-29 20:00:00-04:00,40.09,40.26,39.91,40.09,2207700
2018-08-30 20:00:00-04:00,40.09,40.20,39.92,40.10,4717900
2018-09-03 20:00:00-04:00,40.02,40.10,39.62,39.85,3451500
2018-09-04 20:00:00-04:00,39.78,39.97,39.59,39.65,6904800
2018-09-05 20:00:00-04:00,39.55,39.66,39.22,39.31,3819000
2018-09-06 20:00:00-04:00,39.22,39.31,38.84,39.23,3440500
2018-09-09 20:00:00-04:00,39.48,39.90,39.31,39.55,3794900
2018-09-10 20:00:00-04:00,39.51,39.66,39.31,39.58,2933300
2018-09-11 20:00:00-04:00,39.53,39.92,39.53,39.70,2202200
2018-09-12 20:00:00-04:00,39.83,39.98,39.70,39.78,1641500
2018-09-13 20:00:00-04:00,39.82,39.88,39.68,39.82,1999500
2018-09-16 20:00:00-04:00,39.86,39.90,39.41,39.61,3700600
2018-09-17 20:00:00-04:00,39.62,39.70,39.28,39.48,2386000
2018-09-18 20:00:00-04:00,39.56,39.92,39.48,39.74,2110900
2018-09-19 20:00:00-04:00,39.90,40.12,39.79,40.05,1847500
2018-09-20 20:00:00-04:00,40.10,40.17,39.85,40.04,5386700
2018-09-23 20:00:00-04:00,40.08,40.28,39.39,39.48,2612100
2018-09-24 20:00:00-04:00,39.52,39.78,39.47,39.50,2391800
2018-09-25 20:00:00-04:00,39.50,39.65,39.23,39.27,2358100
2018-09-26 20:00:00-04:00,39.08,39.57,39.08,39.35,1741700
2018-09-27 20:00:00-04:00,39.35,40.02,39.35,40.00,2956100
2018-09-30 20:00:00-04:00,40.23,40.35,39.80,39.87,2950000
2018-10-01 20:00:00-04:00,39.96,40.23,39.80,40.11,1860100
2018-10-02 20:00:00-04:00,40.26,40.53,40.13,40.14,2886900
2018-10-03 20:00:00-04:00,40.04,40.26,39.87,40.15,2452300
2018-10-04 20:00:00-04:00,40.17,40.67,40.11,40.64,2652900
2018-10-07 20:00:00-04:00,40.64,41.43,40.48,41.21,3941900
2018-10-08 20:00:00-04:00,41.12,41.34,40.87,40.94,3485200
2018-10-09 20:00:00-04:00,41.06,41.27,39.87,39.90,3333600
2018-10-10 20:00:00-04:00,39.87,39.92,38.61,38.73,5776600
2018-10-11 20:00:00-04:00,39.00,39.03,38.36,38.85,4604300
2018-10-14 20:00:00-04:00,38.88,39.51,38.83,39.02,2477900
2018-10-15 20:00:00-04:00,39.17,39.31,38.88,39.23,2499300
2018-10-16 20:00:00-04:00,39.21,39.33,38.62,39.01,3879100
2018-10-17 20:00:00-04:00,39.06,39.55,38.88,39.16,3009000
2018-10-18 20:00:00-04:00,39.39,39.60,39.27,39.42,2698000
2018-10-21 20:00:00-04:00,39.55,39.58,38.88,38.92,1994200
2018-10-22 20:00:00-04:00,38.59,39.12,38.02,39.04,4263400
2018-10-23 20:00:00-04:00,39.07,39.29,37.91,37.99,5496900
2018-10-24 20:00:00-04:00,38.00,38.33,37.71,38.11,3032500
2018-10-25 20:00:00-04:00,37.87,37.87,36.72,36.97,4529300
2018-10-28 20:00:00-04:00,37.16,37.81,37.01,37.40,3316600
2018-10-29 20:00:00-04:00,37.72,38.22,37.38,38.19,3884200
2018-10-30 20:00:00-04:00,38.34,38.38,37.48,37.60,4614200
2018-10-31 20:00:00-04:00,37.69,38.78,37.66,38.77,4586200
2018-11-01 20:00:00-04:00,38.77,39.15,37.94,38.19,3483200
2018-11-04 19:00:00-05:00,38.24,38.49,38.06,38.27,3683600
2018-11-05 19:00:00-05:00,38.18,38.73,36.97,37.66,5319000
2018-11-06 19:00:00-05:00,37.60,38.45,37.45,38.43,5147600
2018-11-07 19:00:00-05:00,38.57,38.96,38.25,38.65,3620300
2018-11-08 19:00:00-05:00,38.69,38.97,38.35,38.40,7033300
2018-11-11 19:00:00-05:00,38.40,38.72,38.07,38.14,2620900
2018-11-12 19:00:00-05:00,38.21,38.60,38.07,38.21,4057000
2018-11-13 19:00:00-05:00,38.34,38.44,36.82,37.08,4275400
2018-11-14 19:00:00-05:00,36.86,36.91,36.16,36.70,4251200
2018-11-15 19:00:00-05:00,36.68,37.23,36.47,36.90,3789100
2018-11-18 19:00:00-05:00,36.94,37.17,36.54,36.85,2983500
2018-11-19 19:00:00-05:00,36.74,37.05,36.28,36.33,3430300
2018-11-20 19:00:00-05:00,36.34,36.86,36.29,36.55,3195000
2018-11-22 19:00:00-05:00,36.29,36.50,35.98,36.23,1280300
2018-11-25 19:00:00-05:00,36.38,36.59,36.26,36.49,2450200
2018-11-26 19:00:00-05:00,36.50,36.94,36.46,36.93,2912900
2018-11-27 19:00:00-05:00,36.95,37.06,36.48,36.87,3028800
2018-11-28 19:00:00-05:00,36.73,37.26,36.73,36.90,2482000
2018-11-29 19:00:00-05:00,36.86,37.10,36.81,36.89,6182000
2018-12-02 19:00:00-05:00,37.80,37.80,36.96,37.55,5314300
2018-12-03 19:00:00-05:00,37.59,37.80,36.45,36.56,4421700
2018-12-05 19:00:00-05:00,36.37,36.51,35.40,36.49,5070400
2018-12-06 19:00:00-05:00,36.36,36.64,35.47,35.64,3669300
2018-12-09 19:00:00-05:00,35.68,35.91,35.10,35.74,5023400
2018-12-10 19:00:00-05:00,35.96,36.21,35.48,35.71,4563300
2018-12-11 19:00:00-05:00,36.09,36.62,35.97,36.22,6002200
2018-12-12 19:00:00-05:00,36.16,36.30,35.80,36.01,2685100
2018-12-13 19:00:00-05:00,35.69,36.21,35.67,35.76,3490500
2018-12-16 19:00:00-05:00,35.62,35.66,34.60,34.77,3286600
2018-12-17 19:00:00-05:00,34.90,35.26,34.15,34.34,3522100
2018-12-18 19:00:00-05:00,34.54,34.92,33.75,33.99,3124800
2018-12-19 19:00:00-05:00,33.87,33.87,32.59,33.05,5450000
2018-12-20 19:00:00-05:00,33.18,33.48,32.49,32.70,8130450
2018-12-23 19:00:00-05:00,32.62,32.62,31.60,31.76,2541100
2018-12-25 19:00:00-05:00,31.89,32.62,31.39,32.60,3380400
2018-12-26 19:00:00-05:00,32.29,32.84,31.89,32.83,3809900
2018-12-27 19:00:00-05:00,32.97,33.26,32.46,32.69,3046500
2018-12-30 19:00:00-05:00,32.74,32.90,32.46,32.84,2718200
2019-01-01 19:00:00-05:00,32.52,32.98,32.49,32.82,2497000
2019-01-02 19:00:00-05:00,32.70,33.14,32.38,32.68,3273000
2019-01-03 19:00:00-05:00,33.00,33.51,32.94,33.43,3117100
2019-01-06 19:00:00-05:00,33.30,34.02,33.24,33.60,3970100
2019-01-07 19:00:00-05:00,33.85,34.26,33.69,34.23,5096800
2019-01-08 19:00:00-05:00,34.23,34.83,34.23,34.52,3530100
2019-01-09 19:00:00-05:00,34.52,34.78,34.29,34.76,2934100
2019-01-10 19:00:00-05:00,34.77,34.85,34.37,34.60,2513600
2019-01-13 19:00:00-05:00,34.48,34.58,34.21,34.35,3107600
2019-01-14 19:00:00-05:00,34.41,34.88,34.39,34.85,2773300
2019-01-15 19:00:00-05:00,34.88,35.14,34.64,34.71,3497200
2019-01-16 19:00:00-05:00,34.84,34.84,34.45,34.80,2867500
2019-01-17 19:00:00-05:00,35.00,35.69,34.99,35.48,2646400
2019-01-21 19:00:00-05:00,35.33,35.33,34.64,34.92,3115500
2019-01-22 19:00:00-05:00,35.00,35.15,34.54,35.04,2554700
2019-01-23 19:00:00-05:00,34.87,35.31,34.85,35.00,2181000
2019-01-24 19:00:00-05:00,35.12,35.35,35.00,35.04,1996200
2019-01-27 19:00:00-05:00,34.95,35.41,34.80,35.40,2281200
2019-01-28 19:00:00-05:00,35.53,35.68,35.26,35.44,3404200
2019-01-29 19:00:00-05:00,35.57,35.97,35.41,35.82,2857600
2019-01-30 19:00:00-05:00,35.65,36.10,35.60,35.99,5076200
2019-01-31 19:00:00-05:00,36.10,36.17,35.88,35.98,2337700
2019-02-03 19:00:00-05:00,35.91,36.00,35.45,35.66,3226400
2019-02-04 19:00:00-05:00,34.41,35.04,33.20,33.55,8130450
2019-02-05 19:00:00-05:00,33.43,33.59,33.18,33.56,6194600
2019-02-06 19:00:00-05:00,33.51,33.52,32.96,33.18,4076600
2019-02-07 19:00:00-05:00,33.67,33.71,33.14,33.47,6580400
2019-02-10 19:00:00-05:00,33.53,33.72,33.16,33.67,3569200
2019-02-11 19:00:00-05:00,33.79,34.13,33.62,33.94,3322100
2019-02-12 19:00:00-05:00,33.99,34.19,33.75,33.99,3046600
2019-02-13 19:00:00-05:00,33.87,34.19,33.75,33.86,2990000
2019-02-14 19:00:00-05:00,34.18,34.38,33.80,33.93,4056100
2019-02-18 19:00:00-05:00,33.95,33.98,33.78,33.83,4843000
2019-02-19 19:00:00-05:00,33.87,34.12,33.79,33.92,5803100
2019-02-20 19:00:00-05:00,33.92,34.57,33.80,34.41,5061100
2019-02-21 19:00:00-05:00,34.25,34.74,34.15,34.34,4361800
2019-02-24 19:00:00-05:00,34.48,34.58,34.26,34.29,3786600
2019-02-25 19:00:00-05:00,34.36,34.49,34.16,34.21,3551900
2019-02-26 19:00:00-05:00,34.12,34.51,34.06,34.45,3052700
2019-02-27 19:00:00-05:00,34.50,34.56,34.25,34.35,2973400
2019-02-28 19:00:00-05:00,34.46,34.63,33.99,34.29,2556200
2019-03-03 19:00:00-05:00,34.39,34.42,33.79,34.14,3550600
2019-03-04 19:00:00-05:00,34.07,34.30,33.94,34.15,2864300
2019-03-05 19:00:00-05:00,34.22,34.25,33.88,34.05,2643200
2019-03-06 19:00:00-05:00,34.08,34.18,33.61,34.08,2856100
2019-03-07 19:00:00-05:00,34.04,34.10,33.70,33.88,2604500
2019-03-10 20:00:00-04:00,33.89,34.67,33.89,34.63,2895900
2019-03-11 20:00:00-04:00,34.66,34.85,34.52,34.68,4006200
2019-03-12 20:00:00-04:00,34.70,35.27,34.67,34.97,3082700
2019-03-13 20:00:00-04:00,35.00,35.12,34.87,35.04,3894100
2019-03-14 20:00:00-04:00,35.05,35.42,34.85,34.90,7504400
2019-03-17 20:00:00-04:00,34.92,34.97,34.22,34.33,4771200
2019-03-18 20:00:00-04:00,34.43,35.07,34.40,34.76,4566100
2019-03-19 20:00:00-04:00,34.77,34.77,34.02,34.19,3581300
2019-03-20 20:00:00-04:00,34.20,34.74,34.13,34.66,2797700
2019-03-21 20:00:00-04:00,34.67,34.73,34.32,34.45,2594400
2019-03-24 20:00:00-04:00,34.33,34.76,34.20,34.23,2731000
2019-03-25 20:00:00-04:00,34.18,34.39,33.85,34.18,3825200
2019-03-26 20:00:00-04:00,34.18,34.38,34.03,34.34,2888500
2019-03-27 20:00:00-04:00,34.32,34.54,34.27,34.53,2195800
2019-03-28 20:00:00-04:00,34.61,34.90,34.55,34.86,2577400
2019-03-31 20:00:00-04:00,34.93,35.13,34.42,34.50,2998300
2019-04-01 20:00:00-04:00,34.54,34.54,34.15,34.16,3141000
2019-04-02 20:00:00-04:00,34.16,34.22,33.95,34.12,3379700
2019-04-03 20:00:00-04:00,34.19,34.83,34.14,34.54,3166700
2019-04-04 20:00:00-04:00,34.47,34.71,34.39,34.70,2491300
2019-04-07 20:00:00-04:00,34.69,34.90,34.57,34.83,2720200
2019-04-08 20:00:00-04:00,34.81,34.86,34.48,34.58,4127600
2019-04-09 20:00:00-04:00,34.63,35.08,34.57,34.95,2487000
2019-04-10 20:00:00-04:00,35.02,35.38,34.82,34.99,1965300
2019-04-11 20:00:00-04:00,34.99,35.12,34.85,35.06,3374000
2019-04-14 20:00:00-04:00,35.09,35.14,34.89,35.03,2308700
2019-04-15 20:00:00-04:00,35.11,35.24,34.64,34.74,1928600
2019-04-16 20:00:00-04:00,34.84,34.91,34.66,34.79,2289000
2019-04-17 20:00:00-04:00,34.76,34.87,34.54,34.56,2318200
2019-04-21 20:00:00-04:00,34.53,34.60,34.35,34.48,2508100
2019-04-22 20:00:00-04:00,34.51,34.67,34.30,34.51,3180800
2019-04-23 20:00:00-04:00,34.58,34.80,34.42,34.58,2275000
2019-04-24 20:00:00-04:00,34.36,34.49,33.63,33.72,5070600
2019-04-25 20:00:00-04:00,33.58,33.95,32.65,33.07,6032900
2019-04-28 20:00:00-04:00,33.73,35.11,33.48,34.97,6932500
2019-04-29 20:00:00-04:00,35.09,36.08,35.07,36.05,7347800
2019-04-30 20:00:00-04:00,35.92,36.28,35.62,35.62,5399300
2019-05-01 20:00:00-04:00,35.49,35.61,34.83,35.19,4427600
2019-05-02 20:00:00-04:00,35.22,35.38,34.80,35.30,3140200
2019-05-05 20:00:00-04:00,34.55,35.04,34.54,34.83,3176600
2019-05-06 20:00:00-04:00,34.66,34.81,34.33,34.52,4358500
2019-05-07 20:00:00-04:00,34.60,34.98,34.23,34.29,3898400
2019-05-08 20:00:00-04:00,34.03,34.52,34.00,34.40,2454100
2019-05-09 20:00:00-04:00,34.25,34.47,33.50,34.29,3810900
2019-05-12 20:00:00-04:00,33.89,33.92,32.81,32.89,4759600
2019-05-13 20:00:00-04:00,33.23,33.68,33.10,33.30,3729500
2019-05-14 20:00:00-04:00,33.23,33.53,33.12,33.41,3488400
2019-05-15 20:00:00-04:00,33.48,33.90,33.41,33.64,5260900
2019-05-16 20:00:00-04:00,33.40,33.81,33.16,33.17,3715800
2019-05-19 20:00:00-04:00,33.03,33.22,32.42,32.46,3325000
2019-05-20 20:00:00-04:00,32.62,32.86,32.24,32.76,4585200
2019-05-21 20:00:00-04:00,32.70,32.73,32.10,32.55,3150000
2019-05-22 20:00:00-04:00,32.16,32.34,31.49,31.97,4557300
2019-05-23 20:00:00-04:00,32.09,32.12,31.65,31.93,3369000
2019-05-27 20:00:00-04:00,31.91,32.06,31.40,31.45,6942900
2019-05-28 20:00:00-04:00,31.39,31.66,31.25,31.42,3969700
2019-05-29 20:00:00-04:00,31.53,31.89,31.28,31.36,2936700
2019-05-30 20:00:00-04:00,31.07,31.32,30.79,31.24,5283900
2019-06-02 20:00:00-04:00,31.31,31.89,31.31,31.78,3953400
2019-06-03 20:00:00-04:00,31.95,32.32,31.95,32.31,2965400
2019-06-04 20:00:00-04:00,32.31,32.37,31.75,32.02,2848200
2019-06-05 20:00:00-04:00,32.03,32.54,31.96,32.37,2719000
2019-06-06 20:00:00-04:00,32.58,32.65,32.27,32.27,2398200
2019-06-09 20:00:00-04:00,32.50,32.77,32.37,32.66,2779900
2019-06-10 20:00:00-04:00,32.78,32.82,32.57,32.75,2239900
2019-06-11 20:00:00-04:00,32.79,33.30,32.76,33.20,3548500
2019-06-12 20:00:00-04:00,33.31,33.54,33.26,33.43,3574000
2019-06-13 20:00:00-04:00,33.39,33.42,33.12,33.25,2558000
2019-06-16 20:00:00-04:00,33.21,33.30,33.06,33.21,4088200
2019-06-17 20:00:00-04:00,33.48,34.01,33.43,33.59,3242800
2019-06-18 20:00:00-04:00,33.63,33.63,33.07,33.19,3661400
2019-06-19 20:00:00-04:00,33.43,33.71,32.99,33.67,4041000
2019-06-20 20:00:00-04:00,33.68,33.83,33.46,33.49,6337500
2019-06-23 20:00:00-04:00,33.49,33.52,33.08,33.21,3218400
2019-06-24 20:00:00-04:00,33.21,33.21,32.86,32.95,3108200
2019-06-25 20:00:00-04:00,32.86,33.25,32.81,33.02,3818100
2019-06-26 20:00:00-04:00,32.97,33.18,32.84,33.08,3532600
2019-06-27 20:00:00-04:00,33.16,33.47,33.13,33.26,4663200
2019-06-30 20:00:00-04:00,33.71,34.23,33.56,33.75,5441000
2019-07-01 20:00:00-04:00,33.75,33.97,33.65,33.83,2689700
2019-07-02 20:00:00-04:00,33.93,34.16,33.63,34.14,1417100
2019-07-04 20:00:00-04:00,34.09,34.19,33.87,34.19,1741700
2019-07-07 20:00:00-04:00,34.05,34.22,33.86,34.11,2621900
2019-07-08 20:00:00-04:00,33.97,34.21,33.78,34.05,4615500
2019-07-09 20:00:00-04:00,34.16,34.40,34.01,34.08,3653800
2019-07-10 20:00:00-04:00,34.08,34.32,33.83,34.02,3787800
2019-07-11 20:00:00-04:00,34.20,34.44,34.04,34.18,2837200
2019-07-14 20:00:00-04:00,34.23,34.32,33.76,34.03,3214500
2019-07-15 20:00:00-04:00,33.97,34.01,33.17,33.28,3732500
2019-07-16 20:00:00-04:00,33.23,33.28,32.84,32.86,2675600
2019-07-17 20:00:00-04:00,32.71,32.95,32.31,32.74,3756900
2019-07-18 20:00:00-04:00,32.89,33.16,32.79,32.81,3390600
2019-07-21 20:00:00-04:00,32.94,33.18,32.87,32.92,3146600
2019-07-22 20:00:00-04:00,33.05,33.33,32.99,33.05,2921700
2019-07-23 20:00:00-04:00,32.95,33.16,32.77,33.08,2813500
2019-07-24 20:00:00-04:00,33.12,33.39,32.95,33.17,2422900
2019-07-25 20:00:00-04:00,33.08,33.38,33.03,33.09,2080100
2019-07-28 20:00:00-04:00,33.12,33.44,33.11,33.34,2430600
2019-07-29 20:00:00-04:00,33.24,33.51,33.04,33.39,2718200
2019-07-30 20:00:00-04:00,33.30,34.07,33.25,33.49,8111900
2019-07-31 20:00:00-04:00,33.52,34.32,33.43,33.55,7037200
2019-08-01 20:00:00-04:00,33.40,33.56,32.13,32.67,7796600
2019-08-04 20:00:00-04:00,31.80,32.24,30.55,30.80,8130450
2019-08-05 20:00:00-04:00,31.12,31.14,29.72,30.51,6826100
2019-08-06 20:00:00-04:00,30.02,30.48,29.72,30.39,5799800
2019-08-07 20:00:00-04:00,30.56,31.23,30.32,31.22,3918800
2019-08-08 20:00:00-04:00,31.14,31.41,30.69,31.27,3689300
2019-08-11 20:00:00-04:00,31.00,31.00,30.19,30.49,3628100
2019-08-12 20:00:00-04:00,30.39,31.58,30.39,30.78,3850300
2019-08-13 20:00:00-04:00,30.39,30.65,29.93,29.98,4239300
2019-08-14 20:00:00-04:00,30.07,30.21,29.76,29.97,2992800
2019-08-15 20:00:00-04:00,30.14,30.96,30.05,30.85,3760200
2019-08-18 20:00:00-04:00,31.22,31.28,30.78,31.00,2549400
2019-08-19 20:00:00-04:00,30.92,30.98,30.51,30.56,2891000
2019-08-20 20:00:00-04:00,30.66,31.03,30.65,31.02,3501300
2019-08-21 20:00:00-04:00,31.12,31.35,31.01,31.21,2520400
2019-08-22 20:00:00-04:00,30.89,31.12,30.63,30.80,7189200
2019-08-25 20:00:00-04:00,31.14,31.25,30.98,31.12,5031000
2019-08-26 20:00:00-04:00,31.20,31.40,30.78,30.79,4437200
2019-08-27 20:00:00-04:00,30.79,30.96,30.52,30.92,2543600
2019-08-28 20:00:00-04:00,31.17,31.22,30.82,31.05,2020700
2019-08-29 20:00:00-04:00,31.24,31.61,31.21,31.31,2995100
2019-09-02 20:00:00-04:00,31.01,31.31,30.75,31.26,2858800
2019-09-03 20:00:00-04:00,31.60,31.62,31.35,31.47,1575300
2019-09-04 20:00:00-04:00,31.68,32.12,31.63,31.79,2430400
2019-09-05 20:00:00-04:00,31.79,31.97,31.64,31.86,1893000
2019-09-08 20:00:00-04:00,32.01,32.70,31.91,32.65,2607700
2019-09-09 20:00:00-04:00,32.66,33.21,32.66,33.16,3008700
2019-09-10 20:00:00-04:00,33.25,33.78,32.74,33.78,2482900
2019-09-11 20:00:00-04:00,33.79,34.14,33.48,34.11,3475500
2019-09-12 20:00:00-04:00,34.13,34.72,34.06,34.26,3676300
2019-09-15 20:00:00-04:00,34.09,34.56,33.86,34.53,2652900
2019-09-16 20:00:00-04:00,35.34,35.39,34.28,34.39,4254100
2019-09-17 20:00:00-04:00,34.23,34.35,33.83,34.29,2689300
2019-09-18 20:00:00-04:00,34.36,34.39,33.56,33.66,2469300
2019-09-19 20:00:00-04:00,33.68,33.95,33.57,33.66,4553100
2019-09-22 20:00:00-04:00,33.52,33.68,33.21,33.25,2855500
2019-09-23 20:00:00-04:00,33.29,33.35,32.71,32.86,4054300
2019-09-24 20:00:00-04:00,32.87,33.44,32.87,33.31,2572400
2019-09-25 20:00:00-04:00,33.41,33.70,33.15,33.63,1807300
2019-09-26 20:00:00-04:00,33.72,33.89,33.42,33.69,1842100
2019-09-29 20:00:00-04:00,33.77,33.96,33.71,33.80,2257200
2019-09-30 20:00:00-04:00,33.91,34.11,33.10,33.19,3033800
2019-10-01 20:00:00-04:00,33.05,33.06,32.41,32.69,2735500
2019-10-02 20:00:00-04:00,32.69,32.75,32.13,32.53,2650200
2019-10-03 20:00:00-04:00,32.56,33.23,32.53,33.21,1961700
2019-10-06 20:00:00-04:00,33.06,33.07,32.73,32.74,2910900
2019-10-07 20:00:00-04:00,32.72,32.72,31.59,31.60,4073900
2019-10-08 20:00:00-04:00,31.83,32.20,31.78,32.04,2879200
2019-10-09 20:00:00-04:00,32.04,32.99,32.04,32.73,2974900
2019-10-10 20:00:00-04:00,33.03,33.49,32.93,33.30,2709600
2019-10-13 20:00:00-04:00,33.13,33.30,32.86,33.08,1745900
2019-10-14 20:00:00-04:00,33.12,33.37,32.94,33.19,1837800
2019-10-15 20:00:00-04:00,33.15,33.22,32.62,32.67,2529000
2019-10-16 20:00:00-04:00,32.61,32.89,32.14,32.79,2377700
2019-10-17 20:00:00-04:00,32.70,32.93,32.61,32.62,3559900
2019-10-20 20:00:00-04:00,32.87,33.30,32.77,33.25,2386700
2019-10-21 20:00:00-04:00,33.23,33.54,32.93,33.38,1619800
2019-10-22 20:00:00-04:00,33.35,33.56,33.11,33.52,1592800
2019-10-23 20:00:00-04:00,33.59,33.67,33.13,33.36,1789000
2019-10-24 20:00:00-04:00,33.36,33.83,33.26,33.75,1944400
2019-10-27 20:00:00-04:00,34.00,34.35,33.75,33.99,2295000
2019-10-28 20:00:00-04:00,33.84,34.37,33.73,34.16,2508600
2019-10-29 20:00:00-04:00,34.00,34.01,33.24,33.35,3236700
2019-10-30 20:00:00-04:00,33.86,34.70,33.32,34.60,5368500
2019-10-31 20:00:00-04:00,34.79,34.93,34.57,34.92,3513300
2019-11-03 19:00:00-05:00,35.10,35.66,34.98,35.44,3542700
2019-11-04 19:00:00-05:00,35.76,35.84,35.31,35.36,2491600
2019-11-05 19:00:00-05:00,35.36,35.53,35.25,35.29,1953200
2019-11-06 19:00:00-05:00,35.45,36.03,35.44,35.83,2639100
2019-11-07 19:00:00-05:00,35.66,35.67,35.30,35.64,2542200
2019-11-10 19:00:00-05:00,35.61,35.88,35.35,35.82,3094100
2019-11-11 19:00:00-05:00,35.88,35.88,35.42,35.58,2613200
2019-11-12 19:00:00-05:00,35.43,35.54,35.11,35.24,1938000
2019-11-13 19:00:00-05:00,35.30,35.48,35.04,35.21,2464700
2019-11-14 19:00:00-05:00,35.33,35.57,35.12,35.28,7416200
2019-11-17 19:00:00-05:00,35.22,35.26,34.96,35.26,3123200
2019-11-18 19:00:00-05:00,35.17,35.57,35.07,35.45,2945200
2019-11-19 19:00:00-05:00,35.51,35.65,35.12,35.26,3013300
2019-11-20 19:00:00-05:00,35.34,35.54,34.99,35.53,3050400
2019-11-21 19:00:00-05:00,35.50,35.65,35.35,35.44,1859100
2019-11-24 19:00:00-05:00,35.59,35.78,35.43,35.74,1773600
2019-11-25 19:00:00-05:00,35.69,35.71,35.33,35.47,2295300
2019-11-26 19:00:00-05:00,35.58,35.71,35.48,35.63,1993400
2019-11-28 19:00:00-05:00,35.49,35.72,35.41,35.62,1395700
2019-12-01 19:00:00-05:00,35.64,35.94,35.52,35.92,3499200
2019-12-02 19:00:00-05:00,35.59,35.66,35.30,35.61,2422900
2019-12-03 19:00:00-05:00,35.57,35.90,35.49,35.62,2645600
2019-12-04 19:00:00-05:00,35.68,35.84,35.42,35.80,1836800
2019-12-05 19:00:00-05:00,36.05,36.51,35.94,36.43,3676900
2019-12-08 19:00:00-05:00,36.41,36.80,36.37,36.56,2592600
2019-12-09 19:00:00-05:00,36.57,36.69,36.44,36.51,2601900
2019-12-10 19:00:00-05:00,36.55,36.78,36.47,36.70,1999400
2019-12-11 19:00:00-05:00,36.61,37.38,36.60,37.26,3332000
2019-12-12 19:00:00-05:00,37.43,37.75,37.20,37.50,3856000
2019-12-15 19:00:00-05:00,37.66,38.36,37.64,38.15,5367000
2019-12-16 19:00:00-05:00,38.54,39.16,38.31,38.34,3205000
2019-12-17 19:00:00-05:00,38.28,38.29,37.23,37.59,4433900
2019-12-18 19:00:00-05:00,37.65,37.88,37.57,37.87,3144200
2019-12-19 19:00:00-05:00,38.13,38.66,37.92,37.99,6373000
2019-12-22 19:00:00-05:00,38.05,38.21,37.78,38.18,1866600
2019-12-23 19:00:00-05:00,38.37,38.39,38.17,38.23,708300
2019-12-25 19:00:00-05:00,38.19,38.48,38.12,38.33,985100
2019-12-26 19:00:00-05:00,38.48,38.50,38.26,38.41,1355000
2019-12-29 19:00:00-05:00,38.53,38.55,38.18,38.27,1375600
2019-12-30 19:00:00-05:00,38.15,38.48,38.15,38.46,1787200
2020-01-01 19:00:00-05:00,38.64,38.70,38.07,38.26,3081000
2020-01-02 19:00:00-05:00,38.07,38.32,37.93,38.18,2259500
2020-01-05 19:00:00-05:00,37.99,38.04,37.60,37.88,2831700
2020-01-06 19:00:00-05:00,37.81,37.91,37.42,37.43,2265200
2020-01-07 19:00:00-05:00,37.43,37.53,36.82,37.01,3346400
2020-01-08 19:00:00-05:00,36.78,36.78,35.70,36.63,4080200
2020-01-09 19:00:00-05:00,36.81,36.89,36.34,36.47,2311400
2020-01-12 19:00:00-05:00,36.54,36.90,36.49,36.86,3167800
2020-01-13 19:00:00-05:00,36.93,37.04,36.57,36.92,4798500
2020-01-14 19:00:00-05:00,36.80,37.20,36.51,36.83,2586700
2020-01-15 19:00:00-05:00,37.05,37.72,37.00,37.62,2585000
2020-01-16 19:00:00-05:00,37.67,37.79,37.43,37.54,2741700
2020-01-20 19:00:00-05:00,37.42,37.66,37.23,37.44,2663400
2020-01-21 19:00:00-05:00,37.54,37.59,37.25,37.28,2101400
2020-01-22 19:00:00-05:00,37.12,37.37,36.93,37.31,1459900
2020-01-23 19:00:00-05:00,37.38,37.39,36.49,36.76,2169300
2020-01-26 19:00:00-05:00,36.31,36.42,35.98,36.12,2718500
2020-01-27 19:00:00-05:00,36.26,36.60,36.12,36.44,2219100
2020-01-28 19:00:00-05:00,36.56,36.59,36.22,36.24,2799500
2020-01-29 19:00:00-05:00,37.85,38.17,37.15,38.00,5958800
2020-01-30 19:00:00-05:00,37.73,37.85,36.96,37.14,8130450
2020-02-02 19:00:00-05:00,37.31,37.56,37.04,37.30,3939400
2020-02-03 19:00:00-05:00,37.75,37.91,37.56,37.64,2567400
2020-02-04 19:00:00-05:00,37.98,38.28,37.91,38.22,3038600
2020-02-05 19:00:00-05:00,38.32,38.44,38.12,38.15,2387300
2020-02-06 19:00:00-05:00,37.94,38.17,37.79,37.93,2289400
2020-02-09 19:00:00-05:00,37.83,38.06,37.63,37.90,1695300
2020-02-10 19:00:00-05:00,38.08,38.59,37.94,38.27,2200100
2020-02-11 19:00:00-05:00,38.42,38.61,38.12,38.14,2281000
2020-02-12 19:00:00-05:00,37.98,38.16,37.65,37.86,2317400
2020-02-13 19:00:00-05:00,37.70,37.76,37.31,37.44,2513200
2020-02-17 19:00:00-05:00,37.20,37.34,36.93,37.17,2512100
2020-02-18 19:00:00-05:00,37.21,37.24,36.69,36.77,2257000
2020-02-19 19:00:00-05:00,36.58,37.07,36.53,36.99,1951000
2020-02-20 19:00:00-05:00,36.87,36.92,36.44,36.71,2645800
2020-02-23 19:00:00-05:00,35.76,35.97,35.54,35.81,3011000
2020-02-24 19:00:00-05:00,35.87,35.91,33.78,33.81,3364800
2020-02-25 19:00:00-05:00,34.00,34.39,33.33,33.34,5251700
2020-02-26 19:00:00-05:00,32.82,32.87,31.43,31.46,4476100
2020-02-27 19:00:00-05:00,30.63,31.48,29.92,31.48,8056800
2020-03-01 19:00:00-05:00,31.94,32.48,31.42,32.48,4829300
2020-03-02 19:00:00-05:00,32.25,33.11,31.64,31.83,4886600
2020-03-03 19:00:00-05:00,32.42,32.94,32.05,32.92,2971300
2020-03-04 19:00:00-05:00,32.09,32.49,31.78,32.05,2848400
2020-03-05 19:00:00-05:00,30.90,31.87,30.86,31.48,4051200
2020-03-08 20:00:00-04:00,29.68,31.39,29.25,29.52,6747000
2020-03-09 20:00:00-04:00,30.49,31.07,28.98,31.04,7447300
2020-03-10 20:00:00-04:00,29.86,30.38,28.91,29.33,4993300
2020-03-11 20:00:00-04:00,27.57,28.23,26.31,26.37,7272700
2020-03-12 20:00:00-04:00,27.60,29.01,26.20,28.97,6236600
2020-03-15 20:00:00-04:00,26.01,28.92,25.93,27.33,5685000
2020-03-16 20:00:00-04:00,28.04,29.50,27.68,29.49,4465100
2020-03-17 20:00:00-04:00,27.70,27.87,25.97,27.61,4471500
2020-03-18 20:00:00-04:00,27.53,29.27,26.42,27.98,3483900
2020-03-19 20:00:00-04:00,28.34,28.34,25.45,25.60,5009900
2020-03-22 20:00:00-04:00,25.27,25.92,24.18,24.51,4870400
2020-03-23 20:00:00-04:00,25.80,27.17,25.50,27.03,5301800
2020-03-24 20:00:00-04:00,27.08,28.46,26.66,27.34,3921500
2020-03-25 20:00:00-04:00,27.70,29.09,27.45,28.82,3556900
2020-03-26 20:00:00-04:00,28.01,28.79,27.72,28.01,3277700
2020-03-29 20:00:00-04:00,28.25,30.10,27.83,29.96,3215300
2020-03-30 20:00:00-04:00,29.99,30.51,29.04,29.42,3882200
2020-03-31 20:00:00-04:00,28.18,29.24,28.03,28.32,3496900
2020-04-01 20:00:00-04:00,28.20,29.44,28.05,28.71,3022600
2020-04-02 20:00:00-04:00,28.47,29.08,28.31,28.98,2582000
2020-04-05 20:00:00-04:00,29.97,30.12,29.49,29.92,5224600
2020-04-06 20:00:00-04:00,30.78,31.43,29.99,30.09,3180800
2020-04-07 20:00:00-04:00,30.30,30.81,29.91,30.51,2560500
2020-04-08 20:00:00-04:00,30.76,31.64,30.66,31.43,4278700
2020-04-12 20:00:00-04:00,31.16,31.27,29.81,30.16,3178500
2020-04-13 20:00:00-04:00,30.82,31.38,30.47,31.14,3445500
2020-04-14 20:00:00-04:00,30.30,30.52,29.46,29.68,2691000
2020-04-15 20:00:00-04:00,29.79,30.02,29.00,29.82,2736900
2020-04-16 20:00:00-04:00,30.69,31.23,30.36,31.10,3870200
2020-04-19 20:00:00-04:00,30.58,31.35,30.36,30.39,2588400
2020-04-20 20:00:00-04:00,29.90,29.92,29.15,29.27,2906600
2020-04-21 20:00:00-04:00,29.70,29.86,29.07,29.60,3132800
2020-04-22 20:00:00-04:00,29.76,30.27,29.66,29.89,2417400
2020-04-23 20:00:00-04:00,30.17,30.24,29.57,30.10,2244700
2020-04-26 20:00:00-04:00,30.00,30.70,29.95,30.56,1906500
2020-04-27 20:00:00-04:00,31.08,31.20,30.36,31.08,2657800
2020-04-28 20:00:00-04:00,31.69,32.28,31.48,32.12,3875400
2020-04-29 20:00:00-04:00,32.11,32.37,30.98,31.06,4571500
2020-04-30 20:00:00-04:00,30.66,30.88,29.22,29.37,2772900
2020-05-03 20:00:00-04:00,29.08,29.23,28.72,29.07,2530500
2020-05-04 20:00:00-04:00,29.39,29.74,29.20,29.23,2623400
2020-05-05 20:00:00-04:00,29.33,29.53,28.69,28.77,2934400
2020-05-06 20:00:00-04:00,29.18,29.45,29.01,29.07,2964600
2020-05-07 20:00:00-04:00,29.60,30.51,29.48,30.43,2890500
2020-05-10 20:00:00-04:00,30.10,30.17,29.33,29.63,2588600
2020-05-11 20:00:00-04:00,30.00,30.13,28.98,29.05,2321900
2020-05-12 20:00:00-04:00,28.85,29.10,28.12,28.30,2888800
2020-05-13 20:00:00-04:00,27.95,28.62,27.60,28.57,2448700
2020-05-14 20:00:00-04:00,28.43,29.08,28.36,28.53,6204700
2020-05-17 20:00:00-04:00,29.44,30.10,29.42,29.94,2599800
2020-05-18 20:00:00-04:00,29.93,29.94,29.36,29.41,1980700
2020-05-19 20:00:00-04:00,29.71,29.95,29.58,29.86,1955300
2020-05-20 20:00:00-04:00,29.65,29.84,29.47,29.67,1817300
2020-05-21 20:00:00-04:00,29.61,29.91,29.40,29.89,1745700
2020-05-25 20:00:00-04:00,30.67,31.55,30.66,31.36,2720900
2020-05-26 20:00:00-04:00,31.86,32.94,31.86,32.94,4187100
2020-05-27 20:00:00-04:00,33.51,33.51,32.85,32.94,4333100
2020-05-28 20:00:00-04:00,32.64,33.32,32.51,33.21,3755800
2020-05-31 20:00:00-04:00,33.01,33.01,32.51,32.85,2563100
2020-06-01 20:00:00-04:00,32.94,33.54,32.80,33.51,2902300
2020-06-02 20:00:00-04:00,33.79,34.32,33.74,34.22,2280500
2020-06-03 20:00:00-04:00,33.99,34.77,33.81,34.75,2463500
2020-06-04 20:00:00-04:00,35.44,36.22,35.44,35.92,3539700
2020-06-07 20:00:00-04:00,35.92,36.26,35.39,36.23,4290500
2020-06-08 20:00:00-04:00,35.58,36.07,35.38,35.80,3929400
2020-06-09 20:00:00-04:00,35.74,35.82,34.87,34.92,4093400
2020-06-10 20:00:00-04:00,33.92,34.12,32.56,32.61,3486800
2020-06-11 20:00:00-04:00,33.45,33.76,32.66,33.31,3304600
2020-06-14 20:00:00-04:00,32.31,33.43,32.13,33.37,2955000
2020-06-15 20:00:00-04:00,34.41,34.97,33.95,34.42,2780800
2020-06-16 20:00:00-04:00,34.64,34.64,33.92,34.19,2347200
2020-06-17 20:00:00-04:00,33.88,34.35,33.74,34.28,2139600
2020-06-18 20:00:00-04:00,34.84,35.20,33.95,33.99,5032300
2020-06-21 20:00:00-04:00,33.86,33.97,33.37,33.79,1551400
2020-06-22 20:00:00-04:00,34.21,34.21,33.72,33.73,2217200
2020-06-23 20:00:00-04:00,33.31,33.45,32.88,33.21,3655800
2020-06-24 20:00:00-04:00,33.08,33.83,32.95,33.75,2568900
2020-06-25 20:00:00-04:00,33.64,33.67,32.71,32.88,4166900
2020-06-28 20:00:00-04:00,33.26,33.68,33.12,33.50,1799700
2020-06-29 20:00:00-04:00,33.57,33.83,33.32,33.70,2839600
2020-06-30 20:00:00-04:00,33.87,33.87,33.22,33.29,1991300
2020-07-01 20:00:00-04:00,33.80,34.22,33.38,33.42,2647400
2020-07-05 20:00:00-04:00,33.91,34.09,33.21,33.51,1961000
2020-07-06 20:00:00-04:00,33.11,33.26,32.95,33.13,2271900
2020-07-07 20:00:00-04:00,33.11,33.26,32.46,32.67,2520300
2020-07-08 20:00:00-04:00,32.50,32.51,31.71,31.94,2281700
2020-07-09 20:00:00-04:00,32.01,33.28,32.01,33.26,1869300
2020-07-12 20:00:00-04:00,33.59,33.92,33.40,33.59,3270200
2020-07-13 20:00:00-04:00,33.61,34.27,33.32,34.16,2169700
2020-07-14 20:00:00-04:00,34.63,34.80,34.30,34.55,2132500
2020-07-15 20:00:00-04:00,34.48,34.92,34.28,34.60,2496600
2020-07-16 20:00:00-04:00,34.70,34.91,34.55,34.78,1974200
2020-07-19 20:00:00-04:00,34.63,34.63,33.97,33.97,2115300
2020-07-20 20:00:00-04:00,34.09,34.92,34.04,34.52,1855400
2020-07-21 20:00:00-04:00,34.45,34.89,34.29,34.77,1862800
2020-07-22 20:00:00-04:00,34.89,35.71,34.80,35.70,2616600
2020-07-23 20:00:00-04:00,35.81,36.07,35.45,35.55,2458800
2020-07-26 20:00:00-04:00,34.90,35.60,34.46,35.59,2290700
2020-07-27 20:00:00-04:00,35.59,36.30,35.59,35.98,2556200
2020-07-28 20:00:00-04:00,36.32,36.56,35.96,36.26,2714700
2020-07-29 20:00:00-04:00,36.32,36.83,36.09,36.63,2856600
2020-07-30 20:00:00-04:00,36.54,36.81,35.50,36.18,3500900
2020-08-02 20:00:00-04:00,36.30,36.61,36.08,36.26,2236200
2020-08-03 20:00:00-04:00,36.18,36.24,35.88,36.09,1979200
2020-08-04 20:00:00-04:00,36.32,36.71,36.26,36.61,2217200
2020-08-05 20:00:00-04:00,36.58,36.99,36.58,36.79,1745900
2020-08-06 20:00:00-04:00,36.64,37.25,36.57,37.19,2241400
2020-08-09 20:00:00-04:00,37.29,37.81,37.28,37.58,1936800
2020-08-10 20:00:00-04:00,38.01,38.19,37.44,37.50,2169500
2020-08-11 20:00:00-04:00,37.87,37.94,37.48,37.55,1940100
2020-08-12 20:00:00-04:00,37.61,37.92,37.30,37.53,2317300
2020-08-13 20:00:00-04:00,37.33,37.78,37.23,37.67,1633700
2020-08-16 20:00:00-04:00,37.62,37.83,37.42,37.50,1907100
2020-08-17 20:00:00-04:00,37.62,37.93,37.50,37.74,1574100
2020-08-18 20:00:00-04:00,37.58,37.97,37.38,37.52,1847000
2020-08-19 20:00:00-04:00,36.98,37.18,36.80,37.04,1723100
2020-08-20 20:00:00-04:00,36.94,37.19,36.80,37.12,2381900
2020-08-23 20:00:00-04:00,37.32,37.86,37.16,37.85,2211500
2020-08-24 20:00:00-04:00,38.14,38.25,37.54,37.73,2025300
2020-08-25 20:00:00-04:00,37.88,38.02,37.49,37.88,1782600
2020-08-26 20:00:00-04:00,37.97,38.25,37.86,38.08,2906500
2020-08-27 20:00:00-04:00,38.07,38.30,37.70,38.24,2279100
2020-08-30 20:00:00-04:00,38.26,38.30,37.94,38.12,2306300
2020-08-31 20:00:00-04:00,37.91,38.46,37.83,38.44,2805500
2020-09-01 20:00:00-04:00,38.50,39.07,38.43,38.95,3050500
2020-09-02 20:00:00-04:00,39.03,39.59,38.76,39.01,3940400
2020-09-03 20:00:00-04:00,39.23,39.77,39.16,39.59,4156800
2020-09-07 20:00:00-04:00,39.43,39.70,38.51,38.51,6292900
2020-09-08 20:00:00-04:00,38.76,39.46,38.72,39.22,3267300
2020-09-09 20:00:00-04:00,39.06,39.68,39.06,39.19,3122100
2020-09-10 20:00:00-04:00,39.29,40.00,39.18,39.93,3286500
2020-09-13 20:00:00-04:00,40.03,40.67,39.99,40.45,3331600
2020-09-14 20:00:00-04:00,40.69,40.79,40.26,40.43,2795900
2020-09-15 20:00:00-04:00,40.49,41.06,40.48,40.59,4542000
2020-09-16 20:00:00-04:00,40.32,40.96,40.04,40.68,5066300
2020-09-17 20:00:00-04:00,40.44,41.35,40.44,40.57,7380600
2020-09-20 20:00:00-04:00,39.99,40.05,39.10,39.61,5648400
2020-09-21 20:00:00-04:00,39.49,40.03,39.46,40.03,4315600
2020-09-22 20:00:00-04:00,40.01,40.20,38.41,38.46,3229000
2020-09-23 20:00:00-04:00,38.46,39.01,37.97,38.72,1607200
2020-09-24 20:00:00-04:00,38.43,39.29,38.36,39.24,1993100
2020-09-27 20:00:00-04:00,39.75,40.11,39.55,39.60,2514300
2020-09-28 20:00:00-04:00,39.67,39.67,38.95,39.16,1718800
2020-09-29 20:00:00-04:00,39.46,39.86,39.23,39.59,2584000
2020-09-30 20:00:00-04:00,39.74,39.81,39.34,39.69,1997000
2020-10-01 20:00:00-04:00,39.13,40.07,39.12,39.80,2238200
2020-10-04 20:00:00-04:00,40.06,40.72,39.98,40.69,3029700
2020-10-05 20:00:00-04:00,40.75,41.38,40.40,40.54,2580200
2020-10-06 20:00:00-04:00,40.91,41.26,40.80,41.14,2187100
2020-10-07 20:00:00-04:00,41.32,41.61,41.13,41.60,2465500
2020-10-08 20:00:00-04:00,41.73,42.16,41.64,41.70,2990400
2020-10-11 20:00:00-04:00,41.92,42.61,41.89,42.57,2778000
2020-10-12 20:00:00-04:00,42.35,42.35,41.29,41.58,2735900
2020-10-13 20:00:00-04:00,40.90,41.85,40.75,41.60,4577400
2020-10-14 20:00:00-04:00,41.26,42.56,41.03,42.53,2759200
2020-10-15 20:00:00-04:00,42.62,42.77,42.27,42.40,2192300
2020-10-18 20:00:00-04:00,43.19,43.83,42.58,42.85,3823700
2020-10-19 20:00:00-04:00,43.29,43.70,43.02,43.32,3246900
2020-10-20 20:00:00-04:00,43.24,43.94,43.24,43.27,2711000
2020-10-21 20:00:00-04:00,43.33,44.10,43.28,44.01,2309400
2020-10-22 20:00:00-04:00,44.18,44.33,43.94,44.17,2028100
2020-10-25 20:00:00-04:00,44.00,44.09,43.30,43.59,2491400
2020-10-26 20:00:00-04:00,43.44,43.64,42.89,42.89,2911500
2020-10-27 20:00:00-04:00,42.33,43.36,42.12,42.17,4291300
2020-10-28 20:00:00-04:00,42.05,42.82,41.67,42.51,3687400
2020-10-29 20:00:00-04:00,40.88,42.22,38.90,39.38,6630100
2020-11-01 19:00:00-05:00,40.15,41.37,39.98,41.35,4924800
2020-11-02 19:00:00-05:00,42.00,42.24,40.36,40.79,4088600
2020-11-03 19:00:00-05:00,40.90,40.96,39.57,39.61,3781500
2020-11-04 19:00:00-05:00,40.07,41.24,39.92,40.80,2946300
2020-11-05 19:00:00-05:00,41.05,41.50,40.67,41.11,3125400
2020-11-08 19:00:00-05:00,42.75,43.76,41.96,41.98,3642200
2020-11-09 19:00:00-05:00,42.28,43.13,42.15,42.71,2481900
2020-11-10 19:00:00-05:00,43.01,43.01,41.59,42.66,2523400
2020-11-11 19:00:00-05:00,42.48,42.48,41.59,42.01,2084400
2020-11-12 19:00:00-05:00,42.27,42.62,41.91,42.46,1628900
2020-11-15 19:00:00-05:00,43.13,43.13,42.41,42.93,2765500
2020-11-16 19:00:00-05:00,42.61,42.97,42.17,42.72,1836400
2020-11-17 19:00:00-05:00,42.89,43.15,42.25,42.26,2332500
2020-11-18 19:00:00-05:00,42.03,42.09,41.28,41.96,1603200
2020-11-19 19:00:00-05:00,41.74,41.93,41.44,41.70,1814400
2020-11-22 19:00:00-05:00,41.82,42.13,41.41,41.87,1953400
2020-11-23 19:00:00-05:00,42.16,43.37,41.96,43.37,2669900
2020-11-24 19:00:00-05:00,43.21,43.50,42.71,43.32,2460700
2020-11-26 19:00:00-05:00,43.32,43.56,42.99,43.27,1383100
2020-11-29 19:00:00-05:00,43.06,43.12,42.37,42.69,2624900
2020-11-30 19:00:00-05:00,43.05,43.20,42.74,42.98,2373000
2020-12-01 19:00:00-05:00,42.85,43.05,42.34,42.45,2719300
2020-12-02 19:00:00-05:00,42.48,42.85,42.28,42.73,2128600
2020-12-03 19:00:00-05:00,42.88,43.39,42.86,43.38,2156800
2020-12-06 19:00:00-05:00,43.28,43.46,42.80,42.92,1877600
2020-12-07 19:00:00-05:00,42.71,43.45,42.60,43.20,1589700
2020-12-08 19:00:00-05:00,43.44,43.46,42.55,42.75,2517500
2020-12-09 19:00:00-05:00,42.75,42.75,41.90,42.20,3436400
2020-12-10 19:00:00-05:00,41.97,42.80,41.66,42.73,2868600
2020-12-13 19:00:00-05:00,43.13,43.17,41.77,41.77,2175700
2020-12-14 19:00:00-05:00,42.02,42.75,41.71,42.52,1861100
2020-12-15 19:00:00-05:00,42.46,42.64,41.87,42.20,1937200
2020-12-16 19:00:00-05:00,42.71,42.75,41.97,42.36,3056400
2020-12-17 19:00:00-05:00,42.30,42.74,41.97,42.61,5635200
2020-12-20 19:00:00-05:00,42.05,42.45,41.80,42.35,1859000
2020-12-21 19:00:00-05:00,42.26,42.42,41.77,41.80,1600100
2020-12-22 19:00:00-05:00,42.05,42.51,41.89,42.33,1692900
2020-12-23 19:00:00-05:00,42.38,42.46,42.05,42.41,411600
2020-12-27 19:00:00-05:00,42.72,42.86,42.45,42.63,1205600
2020-12-28 19:00:00-05:00,42.76,42.83,42.12,42.42,1354200
2020-12-29 19:00:00-05:00,42.42,43.04,42.32,42.81,1533200
2020-12-30 19:00:00-05:00,42.92,43.33,42.72,43.24,1698900
2021-01-03 19:00:00-05:00,43.23,43.77,42.34,42.78,3085900
2021-01-04 19:00:00-05:00,42.80,43.88,42.66,43.61,3080200
2021-01-05 19:00:00-05:00,43.94,45.95,43.87,45.38,3366900
2021-01-06 19:00:00-05:00,45.46,45.75,44.88,44.97,2863000
2021-01-07 19:00:00-05:00,45.14,45.56,44.35,45.09,2909100
2021-01-10 19:00:00-05:00,44.46,45.02,44.33,44.64,2238800
2021-01-11 19:00:00-05:00,44.74,44.74,44.08,44.09,2523100
2021-01-12 19:00:00-05:00,43.98,44.89,43.65,44.41,4196700
2021-01-13 19:00:00-05:00,44.91,45.79,44.74,45.35,2373900
2021-01-14 19:00:00-05:00,45.08,45.27,44.24,44.78,2676700
2021-01-18 19:00:00-05:00,45.39,45.68,45.06,45.55,3321700
2021-01-19 19:00:00-05:00,45.85,46.31,45.28,45.89,2307400
2021-01-20 19:00:00-05:00,45.74,46.00,45.20,45.28,1812500
2021-01-21 19:00:00-05:00,44.93,45.56,44.54,45.31,1818800
2021-01-24 19:00:00-05:00,45.31,46.05,45.06,45.54,2556200
2021-01-25 19:00:00-05:00,45.55,45.72,44.46,44.76,2637800
2021-01-26 19:00:00-05:00,44.20,44.55,42.27,42.53,3744500
2021-01-27 19:00:00-05:00,42.83,44.01,42.53,43.76,2962100
2021-01-28 19:00:00-05:00,43.52,43.66,42.63,42.90,4765400
2021-01-31 19:00:00-05:00,43.30,43.53,43.04,43.30,2562300
2021-02-01 19:00:00-05:00,43.75,44.45,43.58,43.70,4181800
2021-02-02 19:00:00-05:00,43.74,44.24,43.54,44.12,2221700
2021-02-03 19:00:00-05:00,44.18,45.06,44.15,45.05,1874700
2021-02-04 19:00:00-05:00,45.49,45.73,45.19,45.72,2577500
2021-02-07 19:00:00-05:00,46.04,46.49,45.90,46.34,2233000
2021-02-08 19:00:00-05:00,46.43,47.25,46.10,47.06,2661300
2021-02-09 19:00:00-05:00,47.29,47.46,46.69,47.04,1975500
2021-02-10 19:00:00-05:00,47.06,47.46,46.61,47.44,2129800
2021-02-11 19:00:00-05:00,47.50,48.17,47.25,48.13,2166500
2021-02-15 19:00:00-05:00,48.42,49.16,48.20,48.41,2789500
2021-02-16 19:00:00-05:00,48.16,48.41,47.82,48.30,2517300
2021-02-17 19:00:00-05:00,48.05,48.67,47.97,48.22,2717000
2021-02-18 19:00:00-05:00,48.37,48.70,48.19,48.48,2402100
2021-02-21 19:00:00-05:00,48.63,49.40,48.48,49.11,2261900
2021-02-22 19:00:00-05:00,49.32,49.59,48.62,49.25,2539300
2021-02-23 19:00:00-05:00,49.44,50.64,49.32,50.51,2835800
2021-02-24 19:00:00-05:00,50.46,50.69,49.49,49.54,2436000
2021-02-25 19:00:00-05:00,49.34,49.70,48.78,48.87,2890600
2021-02-28 19:00:00-05:00,49.41,49.87,49.36,49.49,2100400
2021-03-01 19:00:00-05:00,49.56,49.96,49.24,49.55,2409500
2021-03-02 19:00:00-05:00,49.53,50.08,49.30,49.34,2597800
2021-03-03 19:00:00-05:00,49.36,49.55,47.46,47.93,3197200
2021-03-04 19:00:00-05:00,48.60,49.87,48.33,49.74,6637000
2021-03-07 19:00:00-05:00,49.90,50.88,49.31,49.89,2491600
2021-03-08 19:00:00-05:00,49.89,50.50,49.46,50.09,2982100
2021-03-09 19:00:00-05:00,50.10,50.78,49.84,50.44,2403000
2021-03-10 19:00:00-05:00,50.44,51.07,49.97,50.61,2784200
2021-03-11 19:00:00-05:00,50.82,50.85,50.27,50.31,2312700
2021-03-14 20:00:00-04:00,50.57,50.76,49.89,50.36,3116000
2021-03-15 20:00:00-04:00,50.23,50.50,49.59,49.91,1549500
2021-03-16 20:00:00-04:00,49.92,50.00,49.44,49.84,1666000
2021-03-17 20:00:00-04:00,50.01,50.43,49.56,49.76,2366400
2021-03-18 20:00:00-04:00,49.79,49.81,48.93,49.09,7885400
2021-03-21 20:00:00-04:00,48.22,48.75,48.03,48.74,3035200
2021-03-22 20:00:00-04:00,48.46,48.85,47.73,47.99,1831900
2021-03-23 20:00:00-04:00,48.15,49.12,48.14,48.30,2484500
2021-03-24 20:00:00-04:00,48.33,49.28,48.08,49.13,1875000
2021-03-25 20:00:00-04:00,49.38,50.04,49.08,50.02,1921800
2021-03-28 20:00:00-04:00,49.69,50.08,49.25,49.31,1798300
2021-03-29 20:00:00-04:00,49.38,50.39,49.38,50.01,2040700
2021-03-30 20:00:00-04:00,49.93,50.06,49.20,49.24,3201100
2021-03-31 20:00:00-04:00,49.35,50.01,49.29,49.80,2759400
2021-04-04 20:00:00-04:00,50.06,50.37,49.55,49.68,1922700
2021-04-05 20:00:00-04:00,49.79,50.36,49.51,50.13,2013200
2021-04-06 20:00:00-04:00,50.20,50.48,49.81,49.96,1719800
2021-04-07 20:00:00-04:00,49.81,50.24,49.76,50.22,1759700
2021-04-08 20:00:00-04:00,50.51,50.62,49.95,50.57,2420100
2021-04-11 20:00:00-04:00,50.79,50.91,50.35,50.61,1750900
2021-04-12 20:00:00-04:00,50.34,50.43,49.80,50.01,2077200
2021-04-13 20:00:00-04:00,50.10,50.75,49.92,50.57,2022100
2021-04-14 20:00:00-04:00,50.95,50.98,50.18,50.68,1733900
2021-04-15 20:00:00-04:00,51.08,51.46,50.65,51.35,1819200
2021-04-18 20:00:00-04:00,51.52,51.60,50.84,51.21,2089100
2021-04-19 20:00:00-04:00,51.21,51.38,50.34,50.71,1473400
2021-04-20 20:00:00-04:00,51.03,51.77,50.75,51.68,1941200
2021-04-21 20:00:00-04:00,51.36,51.54,50.74,50.85,2134900
2021-04-22 20:00:00-04:00,51.01,51.52,50.64,51.32,2148000
2021-04-25 20:00:00-04:00,51.51,52.44,51.38,51.81,3840700
2021-04-26 20:00:00-04:00,51.68,53.99,51.39,53.40,4741200
2021-04-27 20:00:00-04:00,53.81,54.69,53.47,54.50,3660700
2021-04-28 20:00:00-04:00,55.04,55.20,54.27,54.90,4124600
2021-04-29 20:00:00-04:00,54.79,54.79,54.15,54.53,3332000
2021-05-02 20:00:00-04:00,55.16,56.07,55.03,55.83,3359700
2021-05-03 20:00:00-04:00,55.80,56.51,55.70,56.23,3015400
2021-05-04 20:00:00-04:00,56.40,57.25,56.01,57.18,3453100
2021-05-05 20:00:00-04:00,57.53,57.75,56.72,57.61,3417700
2021-05-06 20:00:00-04:00,57.55,58.17,57.12,57.89,2852100
2021-05-09 20:00:00-04:00,58.10,59.32,58.10,58.42,4003800
2021-05-10 20:00:00-04:00,58.23,58.50,57.05,57.78,2382900
2021-05-11 20:00:00-04:00,57.67,58.07,57.23,57.44,2160300
2021-05-12 20:00:00-04:00,57.42,58.23,57.25,57.99,2709600
2021-05-13 20:00:00-04:00,58.36,58.64,58.12,58.44,1746100
2021-05-16 20:00:00-04:00,58.46,58.62,57.98,58.43,1914800
2021-05-17 20:00:00-04:00,58.50,59.09,58.19,58.22,1973000
2021-05-18 20:00:00-04:00,57.75,57.86,56.52,57.70,2290000
2021-05-19 20:00:00-04:00,57.70,57.84,57.33,57.44,2864500
2021-05-20 20:00:00-04:00,57.70,58.57,57.59,58.17,3776400
2021-05-23 20:00:00-04:00,58.23,58.36,57.83,57.86,2349100
2021-05-24 20:00:00-04:00,58.11,58.22,57.77,57.84,1935900
2021-05-25 20:00:00-04:00,57.61,57.85,56.95,57.75,3184100
2021-05-26 20:00:00-04:00,58.16,58.68,57.73,57.84,4793500
2021-05-27 20:00:00-04:00,58.11,58.11,57.70,57.78,1944200
2021-05-31 20:00:00-04:00,58.32,59.25,58.22,58.99,3118100
2021-06-01 20:00:00-04:00,59.25,59.26,58.56,58.99,2218000
2021-06-02 20:00:00-04:00,58.97,59.33,58.34,59.28,2163000
2021-06-03 20:00:00-04:00,59.47,59.91,59.36,59.73,1696500
2021-06-06 20:00:00-04:00,59.84,60.19,59.46,59.63,1698400
2021-06-07 20:00:00-04:00,59.48,59.86,59.15,59.69,1957800
2021-06-08 20:00:00-04:00,59.44,59.59,59.04,59.16,1343800
2021-06-09 20:00:00-04:00,59.37,59.48,58.28,58.39,2167900
2021-06-10 20:00:00-04:00,58.36,58.50,56.95,57.32,3061200
2021-06-13 20:00:00-04:00,57.18,57.24,56.31,56.65,1853000
2021-06-14 20:00:00-04:00,56.65,56.80,55.83,56.14,3015700
2021-06-15 20:00:00-04:00,56.06,56.10,55.43,55.58,2558200
2021-06-16 20:00:00-04:00,55.42,55.45,52.94,53.79,4029100
2021-06-17 20:00:00-04:00,53.30,53.35,52.56,52.68,5417200
2021-06-20 20:00:00-04:00,53.00,53.86,53.00,53.71,2560300
2021-06-21 20:00:00-04:00,53.89,53.96,53.30,53.54,2243300
2021-06-22 20:00:00-04:00,53.57,53.63,53.18,53.21,2133400
2021-06-23 20:00:00-04:00,53.41,53.85,53.20,53.58,1520200
2021-06-24 20:00:00-04:00,53.67,53.76,52.76,53.38,2501300
2021-06-27 20:00:00-04:00,53.43,53.59,52.75,52.80,2442000
2021-06-28 20:00:00-04:00,53.04,53.47,52.45,52.63,2257600
2021-06-29 20:00:00-04:00,52.55,52.81,52.27,52.63,2569500
2021-06-30 20:00:00-04:00,52.98,53.21,52.68,52.73,2828900
2021-07-01 20:00:00-04:00,52.80,52.89,52.32,52.66,1639800
2021-07-05 20:00:00-04:00,52.41,52.50,51.37,51.63,2042900
2021-07-06 20:00:00-04:00,51.33,52.11,51.20,52.02,1994500
2021-07-07 20:00:00-04:00,51.43,51.69,50.99,51.36,2083400
2021-07-08 20:00:00-04:00,52.02,52.53,51.90,52.39,2385600
2021-07-11 20:00:00-04:00,52.55,52.61,51.89,52.11,2049300
2021-07-12 20:00:00-04:00,52.02,52.29,51.32,51.45,1821800
2021-07-13 20:00:00-04:00,51.30,51.86,50.95,51.05,1522700
2021-07-14 20:00:00-04:00,50.87,51.36,50.83,51.26,1433500
2021-07-15 20:00:00-04:00,51.45,51.56,50.38,50.56,1788600
2021-07-18 20:00:00-04:00,50.04,50.38,49.43,49.90,2593300
2021-07-19 20:00:00-04:00,49.96,50.98,49.74,50.40,2322000
2021-07-20 20:00:00-04:00,50.61,51.04,50.31,50.46,3063200
2021-07-21 20:00:00-04:00,50.34,50.37,49.47,49.86,2263500
2021-07-22 20:00:00-04:00,50.00,50.50,49.76,50.38,1897100
2021-07-25 20:00:00-04:00,50.57,51.11,50.57,50.76,3221100
2021-07-26 20:00:00-04:00,51.29,51.96,49.97,51.11,3993700
2021-07-27 20:00:00-04:00,50.98,51.26,50.06,50.93,3210200
2021-07-28 20:00:00-04:00,51.50,51.89,51.21,51.76,2023300
2021-07-29 20:00:00-04:00,51.91,52.58,51.79,51.87,3612000
2021-08-01 20:00:00-04:00,52.05,52.72,51.53,51.56,2152400
2021-08-02 20:00:00-04:00,51.57,52.03,50.83,51.93,1481300
2021-08-03 20:00:00-04:00,51.74,51.74,50.82,51.03,2232700
2021-08-04 20:00:00-04:00,51.36,51.55,51.01,51.07,2330900
2021-08-05 20:00:00-04:00,51.41,52.49,51.41,52.36,3110000
2021-08-08 20:00:00-04:00,52.35,52.80,52.00,52.60,2585400
2021-08-09 20:00:00-04:00,52.63,53.36,52.55,53.34,2726800
2021-08-10 20:00:00-04:00,53.54,53.75,53.20,53.41,1882700
2021-08-11 20:00:00-04:00,53.41,53.78,53.11,53.69,1563100
2021-08-12 20:00:00-04:00,53.90,54.22,53.67,54.20,2472400
2021-08-15 20:00:00-04:00,54.04,54.53,53.78,54.44,2759600
2021-08-16 20:00:00-04:00,54.26,54.67,53.48,53.71,1962100
2021-08-17 20:00:00-04:00,53.40,53.91,53.18,53.21,1604600
2021-08-18 20:00:00-04:00,52.82,53.06,51.64,51.83,2244600
2021-08-19 20:00:00-04:00,51.70,51.87,51.11,51.49,4539600
2021-08-22 20:00:00-04:00,51.70,52.21,51.27,51.82,2008600
2021-08-23 20:00:00-04:00,51.83,52.39,51.62,52.08,1972800
2021-08-24 20:00:00-04:00,52.07,52.84,51.84,52.68,1381400
2021-08-25 20:00:00-04:00,52.66,52.67,52.04,52.19,1717300
2021-08-26 20:00:00-04:00,52.19,52.98,52.12,52.92,1443300
2021-08-29 20:00:00-04:00,52.89,52.99,52.46,52.48,1266900
2021-08-30 20:00:00-04:00,52.57,52.60,52.12,52.42,2889000
2021-08-31 20:00:00-04:00,52.60,52.60,51.51,52.12,1544100
2021-09-01 20:00:00-04:00,52.15,52.85,52.12,52.62,2027800
2021-09-02 20:00:00-04:00,52.62,52.73,52.15,52.60,1160600
2021-09-06 20:00:00-04:00,52.39,52.61,51.73,51.85,2386100
2021-09-07 20:00:00-04:00,51.71,52.39,51.06,52.31,2621100
2021-09-08 20:00:00-04:00,52.12,52.95,52.04,52.12,2103200
2021-09-09 20:00:00-04:00,52.29,52.71,52.07,52.32,2041500
2021-09-12 20:00:00-04:00,52.81,53.54,52.75,53.43,3271000
2021-09-13 20:00:00-04:00,53.65,53.87,52.71,52.75,2354700
2021-09-14 20:00:00-04:00,52.87,54.69,52.65,54.62,3194100
2021-09-15 20:00:00-04:00,54.61,55.27,54.24,55.04,3129400
2021-09-16 20:00:00-04:00,54.72,54.82,54.20,54.51,6143900
2021-09-19 20:00:00-04:00,53.43,53.85,52.20,52.88,3836500
2021-09-20 20:00:00-04:00,53.09,53.14,52.08,52.44,2601800
2021-09-21 20:00:00-04:00,52.98,53.17,51.20,51.54,4012300
2021-09-22 20:00:00-04:00,51.79,52.98,51.62,52.67,1797800
2021-09-23 20:00:00-04:00,52.41,52.92,52.16,52.21,2374300
2021-09-26 20:00:00-04:00,52.59,53.43,52.46,53.09,2542900
2021-09-27 20:00:00-04:00,53.27,53.83,52.87,52.92,2756900
2021-09-28 20:00:00-04:00,53.01,53.35,52.88,53.10,1962900
2021-09-29 20:00:00-04:00,53.31,53.40,52.41,52.43,2835200
2021-09-30 20:00:00-04:00,52.66,53.36,51.91,53.12,2240900
2021-10-03 20:00:00-04:00,53.23,54.18,53.18,53.43,2383500
2021-10-04 20:00:00-04:00,53.60,54.61,53.15,54.41,2128000
2021-10-05 20:00:00-04:00,54.16,54.47,53.20,54.43,1827800
2021-10-06 20:00:00-04:00,54.87,55.51,54.48,55.06,1925200
2021-10-07 20:00:00-04:00,55.31,55.72,54.88,55.30,2103500
2021-10-10 20:00:00-04:00,55.52,56.31,55.26,55.89,1955300
2021-10-11 20:00:00-04:00,55.30,55.64,55.03,55.38,2080100
2021-10-12 20:00:00-04:00,55.48,55.56,54.35,54.97,2172800
2021-10-13 20:00:00-04:00,55.44,56.10,54.74,56.06,1971600
2021-10-14 20:00:00-04:00,56.35,56.37,55.70,55.87,2149600
2021-10-17 20:00:00-04:00,55.75,56.41,55.14,55.74,1686100
2021-10-18 20:00:00-04:00,55.99,56.41,55.43,56.39,1553200
2021-10-19 20:00:00-04:00,56.65,57.02,56.18,56.65,2290000
2021-10-20 20:00:00-04:00,56.60,56.93,56.23,56.68,1488600
2021-10-21 20:00:00-04:00,56.73,58.05,56.73,57.86,1692200
2021-10-24 20:00:00-04:00,58.01,58.33,57.70,58.21,2424000
2021-10-25 20:00:00-04:00,58.23,58.34,56.98,57.10,3276000
2021-10-26 20:00:00-04:00,57.48,57.74,56.28,56.38,2638000
2021-10-27 20:00:00-04:00,56.44,56.92,55.99,56.65,2991900
2021-10-28 20:00:00-04:00,56.54,56.91,56.08,56.13,3301700
2021-10-31 20:00:00-04:00,56.36,56.46,55.44,55.58,3187300
2021-11-01 20:00:00-04:00,55.58,55.64,55.16,55.37,2782100
2021-11-02 20:00:00-04:00,55.04,56.71,54.68,56.70,4029100
2021-11-03 20:00:00-04:00,56.74,56.96,55.92,56.12,2174600
2021-11-04 20:00:00-04:00,56.52,56.86,55.90,56.34,2371500
2021-11-07 19:00:00-05:00,56.57,56.89,55.59,55.74,2563200
2021-11-08 19:00:00-05:00,55.78,56.33,55.44,56.29,1839200
2021-11-09 19:00:00-05:00,56.52,57.21,56.20,57.13,2792900
2021-11-10 19:00:00-05:00,57.22,57.93,57.09,57.79,1797800
2021-11-11 19:00:00-05:00,57.89,57.97,56.96,57.60,1510300
2021-11-14 19:00:00-05:00,58.04,58.52,57.56,58.49,2027600
2021-11-15 19:00:00-05:00,58.62,58.71,57.97,58.33,1983300
2021-11-16 19:00:00-05:00,58.14,58.20,57.59,57.68,1937400
2021-11-17 19:00:00-05:00,57.76,58.81,57.46,58.50,2630200
2021-11-18 19:00:00-05:00,58.51,58.69,57.12,57.40,4874300
2021-11-21 19:00:00-05:00,57.43,58.77,57.33,58.35,2553200
2021-11-22 19:00:00-05:00,58.40,58.84,57.90,58.64,2475900
2021-11-23 19:00:00-05:00,58.64,58.73,58.02,58.26,3321900
2021-11-25 19:00:00-05:00,57.04,57.05,56.12,56.58,2181800
2021-11-28 19:00:00-05:00,57.17,57.42,56.50,56.94,2149900
2021-11-29 19:00:00-05:00,56.06,56.24,54.65,54.65,4786100
2021-11-30 19:00:00-05:00,55.61,56.26,54.29,54.31,2172200
2021-12-01 19:00:00-05:00,54.51,55.32,54.35,54.82,2090700
2021-12-02 19:00:00-05:00,55.11,55.81,54.52,54.94,2294700
2021-12-05 19:00:00-05:00,55.49,56.02,55.12,55.44,2565700
2021-12-06 19:00:00-05:00,55.64,56.49,55.51,56.37,1685700
2021-12-07 19:00:00-05:00,56.38,56.77,56.18,56.34,1983100
2021-12-08 19:00:00-05:00,56.05,56.08,55.38,55.59,2230900
2021-12-09 19:00:00-05:00,56.09,56.30,55.59,55.74,2663300
2021-12-12 19:00:00-05:00,55.97,57.05,55.88,56.79,2888500
2021-12-13 19:00:00-05:00,56.81,57.73,56.67,56.97,2269600
2021-12-14 19:00:00-05:00,56.96,57.30,56.25,57.18,1898200
2021-12-15 19:00:00-05:00,57.41,58.73,57.33,58.13,2462400
2021-12-16 19:00:00-05:00,57.88,58.22,57.19,57.34,4944500
2021-12-19 19:00:00-05:00,56.85,56.85,55.38,56.42,2267800
2021-12-20 19:00:00-05:00,56.73,57.49,56.73,56.96,1958700
2021-12-21 19:00:00-05:00,56.97,57.30,56.58,56.77,1966300
2021-12-22 19:00:00-05:00,56.93,57.74,56.87,57.49,2921100
2021-12-26 19:00:00-05:00,57.58,58.06,57.32,58.05,1175900
2021-12-27 19:00:00-05:00,57.98,58.84,57.98,58.80,1049900
2021-12-28 19:00:00-05:00,58.91,59.27,58.75,58.87,1038500
2021-12-29 19:00:00-05:00,59.04,59.22,58.71,58.74,906900
2021-12-30 19:00:00-05:00,58.60,59.53,58.51,59.38,1330500
2022-01-02 19:00:00-05:00,59.39,59.88,59.19,59.64,2134200
2022-01-03 19:00:00-05:00,60.23,61.23,60.07,60.75,2898800
2022-01-04 19:00:00-05:00,60.80,61.21,60.24,60.28,2665400
2022-01-05 19:00:00-05:00,60.65,61.21,60.45,60.81,1920000
2022-01-06 19:00:00-05:00,60.92,61.37,60.58,61.33,2029200
2022-01-09 19:00:00-05:00,61.34,61.94,60.79,61.44,2583700
2022-01-10 19:00:00-05:00,61.67,62.00,61.12,61.92,2483000
2022-01-11 19:00:00-05:00,61.98,62.33,61.33,61.87,2224000
2022-01-12 19:00:00-05:00,62.07,62.58,62.01,62.29,1930600
2022-01-13 19:00:00-05:00,62.24,62.96,61.87,62.86,1757300
2022-01-17 19:00:00-05:00,62.34,62.83,61.91,62.61,2094000
2022-01-18 19:00:00-05:00,62.87,63.36,62.38,62.38,2638500
2022-01-19 19:00:00-05:00,62.46,62.74,60.45,60.52,3803700
2022-01-20 19:00:00-05:00,60.82,61.20,60.03,60.57,5093300
2022-01-23 19:00:00-05:00,60.09,60.46,58.60,60.26,4235400
2022-01-24 19:00:00-05:00,59.30,60.58,57.67,60.07,4188200
2022-01-25 19:00:00-05:00,61.49,63.71,61.17,63.49,6153400
2022-01-26 19:00:00-05:00,63.99,66.09,63.91,65.19,8130450
2022-01-27 19:00:00-05:00,65.15,66.73,65.01,66.70,5871300
2022-01-30 19:00:00-05:00,66.18,66.39,64.66,65.89,5621300
2022-01-31 19:00:00-05:00,66.07,66.55,65.66,66.36,2791000
2022-02-01 19:00:00-05:00,66.30,67.51,66.07,67.38,2841200
2022-02-02 19:00:00-05:00,66.78,67.17,66.02,66.48,2116200
2022-02-03 19:00:00-05:00,66.73,67.02,65.55,66.51,2435500
2022-02-06 19:00:00-05:00,67.04,67.38,66.48,67.11,2111600
2022-02-07 19:00:00-05:00,67.39,68.10,67.11,67.73,2416200
2022-02-08 19:00:00-05:00,68.18,68.73,68.02,68.25,3827700
2022-02-09 19:00:00-05:00,68.21,68.92,67.20,67.51,2423600
2022-02-10 19:00:00-05:00,67.49,68.36,66.98,67.54,2563600
2022-02-13 19:00:00-05:00,67.49,67.79,66.05,67.23,2637300
2022-02-14 19:00:00-05:00,67.26,68.17,67.15,67.83,2007100
2022-02-15 19:00:00-05:00,67.77,68.63,67.52,67.92,2292300
2022-02-16 19:00:00-05:00,67.19,67.89,66.81,67.70,1859000
2022-02-17 19:00:00-05:00,67.57,68.17,67.12,67.47,4011100
2022-02-21 19:00:00-05:00,67.57,68.25,67.19,67.75,3039800
2022-02-22 19:00:00-05:00,68.32,68.33,66.34,66.45,2054700
2022-02-23 19:00:00-05:00,65.48,67.11,64.78,66.99,3623300
2022-02-24 19:00:00-05:00,67.54,69.83,67.47,69.68,3479100
2022-02-27 19:00:00-05:00,68.53,69.59,68.40,69.29,4347400
2022-02-28 19:00:00-05:00,69.45,69.99,68.47,68.88,3285100
2022-03-01 19:00:00-05:00,69.48,71.18,69.44,70.90,2863700
2022-03-02 19:00:00-05:00,72.10,72.78,71.15,72.36,5261800
2022-03-03 19:00:00-05:00,72.00,73.40,71.41,73.13,5050600
2022-03-06 19:00:00-05:00,74.98,77.71,73.36,74.16,8130450
2022-03-07 19:00:00-05:00,74.28,76.31,73.39,73.42,5457600
2022-03-08 19:00:00-05:00,73.56,73.84,71.05,72.23,5769900
2022-03-09 19:00:00-05:00,72.15,74.59,71.62,74.46,3395900
2022-03-10 19:00:00-05:00,74.97,75.33,73.80,73.84,3017200
2022-03-13 20:00:00-04:00,74.19,74.32,71.64,72.93,3647200
2022-03-14 20:00:00-04:00,72.89,73.62,71.88,73.14,3693000
2022-03-15 20:00:00-04:00,73.22,73.22,70.67,71.94,4989000
2022-03-16 20:00:00-04:00,72.21,74.02,72.21,73.99,3530800
2022-03-17 20:00:00-04:00,73.93,74.22,72.62,74.17,8130450
2022-03-20 20:00:00-04:00,75.36,77.28,75.30,76.98,4747800
2022-03-21 20:00:00-04:00,77.28,77.55,76.47,77.33,3166300
2022-03-22 20:00:00-04:00,77.72,79.07,77.20,78.68,7256600
2022-03-23 20:00:00-04:00,79.05,80.46,78.82,79.87,5208300
2022-03-24 20:00:00-04:00,79.83,82.58,79.81,82.57,4799700
2022-03-27 20:00:00-04:00,82.12,82.23,80.88,81.56,3924000
2022-03-28 20:00:00-04:00,79.49,79.75,75.66,77.58,8130450
2022-03-29 20:00:00-04:00,78.01,79.31,78.01,78.87,3247900
2022-03-30 20:00:00-04:00,78.51,80.19,78.27,79.72,3966000
2022-03-31 20:00:00-04:00,80.07,80.80,79.71,80.52,2762000
2022-04-03 20:00:00-04:00,80.78,80.85,79.00,79.87,2826700
2022-04-04 20:00:00-04:00,79.67,80.78,79.55,80.28,3187400
2022-04-05 20:00:00-04:00,80.65,82.49,80.52,81.99,4388700
2022-04-06 20:00:00-04:00,81.99,83.42,81.41,83.00,2818400
2022-04-07 20:00:00-04:00,83.97,84.81,83.16,84.13,4721300
2022-04-10 20:00:00-04:00,85.59,85.66,83.47,83.52,3784600
2022-04-11 20:00:00-04:00,83.92,85.05,83.26,83.97,4400600
2022-04-12 20:00:00-04:00,84.15,84.92,82.94,84.39,2781600
2022-04-13 20:00:00-04:00,84.73,86.24,84.55,85.59,2459800
2022-04-17 20:00:00-04:00,84.58,86.29,84.18,85.19,3077900
2022-04-18 20:00:00-04:00,84.39,84.83,83.03,84.73,3848700
2022-04-19 20:00:00-04:00,84.84,86.94,84.48,86.75,3258600
2022-04-20 20:00:00-04:00,87.18,87.33,84.60,84.83,3600300
2022-04-21 20:00:00-04:00,84.75,84.89,81.27,81.41,4111600
2022-04-24 20:00:00-04:00,80.81,81.03,78.39,80.34,5029800
2022-04-25 20:00:00-04:00,83.56,84.76,79.45,80.05,7081100
2022-04-26 20:00:00-04:00,81.97,84.39,79.15,82.95,7217600
2022-04-27 20:00:00-04:00,83.61,83.67,80.51,81.71,5018200
2022-04-28 20:00:00-04:00,81.24,81.90,78.95,79.10,6341700
2022-05-01 20:00:00-04:00,79.67,79.89,77.72,78.88,3578500
2022-05-02 20:00:00-04:00,78.86,80.27,78.46,79.28,3859500
2022-05-03 20:00:00-04:00,79.70,80.64,78.53,80.50,3413600
2022-05-04 20:00:00-04:00,80.50,81.00,78.00,78.97,2934800
2022-05-05 20:00:00-04:00,78.53,79.61,78.05,79.25,2597500
2022-05-08 20:00:00-04:00,78.18,78.21,74.18,74.51,4329000
2022-05-09 20:00:00-04:00,75.35,77.80,74.27,75.05,4026600
2022-05-10 20:00:00-04:00,75.19,76.41,74.29,74.51,3592300
2022-05-11 20:00:00-04:00,74.37,74.69,72.92,74.58,3508300
2022-05-12 20:00:00-04:00,75.41,75.95,74.56,75.42,2895600
2022-05-15 20:00:00-04:00,75.81,77.27,75.81,77.00,3816900
2022-05-16 20:00:00-04:00,77.75,79.03,76.62,78.64,5854600
2022-05-17 20:00:00-04:00,78.26,78.49,74.69,75.01,4800000
2022-05-18 20:00:00-04:00,73.97,75.17,72.27,74.41,4326800
2022-05-19 20:00:00-04:00,75.03,75.74,73.01,74.53,4850200
2022-05-22 20:00:00-04:00,75.41,77.45,75.37,76.81,3171600
2022-05-23 20:00:00-04:00,76.66,78.00,76.05,77.87,2657400
2022-05-24 20:00:00-04:00,77.75,79.31,77.67,78.76,2732200
2022-05-25 20:00:00-04:00,79.32,79.41,77.76,78.36,3482600
2022-05-26 20:00:00-04:00,78.19,78.92,76.98,78.91,2790800
2022-05-30 20:00:00-04:00,79.33,81.46,79.05,80.58,8130450
2022-05-31 20:00:00-04:00,80.64,80.93,76.05,76.90,4459100
2022-06-01 20:00:00-04:00,76.89,79.22,76.63,79.22,2989200
2022-06-02 20:00:00-04:00,78.97,79.26,77.62,78.00,2381100
2022-06-05 20:00:00-04:00,78.44,78.90,77.77,78.44,1976000
2022-06-06 20:00:00-04:00,77.76,79.60,77.34,79.43,2037100
2022-06-07 20:00:00-04:00,78.97,79.45,78.28,78.62,1694000
2022-06-08 20:00:00-04:00,78.29,78.62,76.18,76.29,2042500
2022-06-09 20:00:00-04:00,75.42,76.51,74.61,75.13,2706400
2022-06-12 20:00:00-04:00,73.53,74.16,72.38,72.77,3099900
2022-06-13 20:00:00-04:00,73.12,73.57,72.36,73.35,2525800
2022-06-14 20:00:00-04:00,73.82,74.03,72.29,73.01,3131600
2022-06-15 20:00:00-04:00,71.87,71.87,69.65,70.12,3485500
2022-06-16 20:00:00-04:00,70.43,70.96,68.14,68.60,8130450
2022-06-20 20:00:00-04:00,70.51,70.61,69.49,70.45,3138700
2022-06-21 20:00:00-04:00,69.23,69.74,68.63,68.70,2843500
2022-06-22 20:00:00-04:00,68.76,68.76,63.53,63.66,6445200
2022-06-23 20:00:00-04:00,63.80,66.30,63.48,66.12,8130450
2022-06-26 20:00:00-04:00,66.59,67.94,66.19,67.47,3615500
2022-06-27 20:00:00-04:00,67.93,69.46,67.13,67.42,2727200
2022-06-28 20:00:00-04:00,68.01,68.83,67.73,68.53,3522500
2022-06-29 20:00:00-04:00,67.70,69.28,67.34,68.85,3971500
2022-06-30 20:00:00-04:00,68.77,68.99,66.44,67.80,2603600
2022-07-04 20:00:00-04:00,66.20,66.52,63.14,64.22,4154000
2022-07-05 20:00:00-04:00,64.36,64.89,62.79,64.08,2842600
2022-07-06 20:00:00-04:00,65.32,67.19,65.22,66.01,2993200
2022-07-07 20:00:00-04:00,66.38,66.81,64.98,65.07,2568300
2022-07-10 20:00:00-04:00,64.73,65.37,64.35,64.44,1896100
2022-07-11 20:00:00-04:00,63.80,65.64,63.48,64.64,2016500
2022-07-12 20:00:00-04:00,64.30,65.04,63.88,64.50,2093000
2022-07-13 20:00:00-04:00,63.14,63.81,62.13,63.62,3104000
2022-07-14 20:00:00-04:00,64.19,64.40,63.13,63.88,2048500
2022-07-17 20:00:00-04:00,64.51,65.53,64.19,64.37,2211700
2022-07-18 20:00:00-04:00,64.73,65.69,64.46,65.51,1862800
2022-07-19 20:00:00-04:00,64.99,66.32,64.63,66.16,1988100
2022-07-20 20:00:00-04:00,65.67,65.96,65.11,65.68,1548200
2022-07-21 20:00:00-04:00,65.66,66.28,65.13,65.52,1480700
2022-07-24 20:00:00-04:00,66.37,67.81,65.99,67.10,2709800
2022-07-25 20:00:00-04:00,69.46,70.98,68.01,70.02,5602400
2022-07-26 20:00:00-04:00,69.43,71.75,68.88,71.38,4388900
2022-07-27 20:00:00-04:00,70.92,71.93,70.09,70.41,3022200
2022-07-28 20:00:00-04:00,70.83,73.50,70.81,73.44,4656000
2022-07-31 20:00:00-04:00,73.55,75.26,73.43,74.76,3843400
2022-08-01 20:00:00-04:00,74.59,74.91,73.33,73.46,3187700
2022-08-02 20:00:00-04:00,73.15,73.51,72.28,72.98,2538300
2022-08-03 20:00:00-04:00,72.61,73.27,72.21,72.77,2413200
2022-08-04 20:00:00-04:00,72.64,74.35,72.30,73.43,2178400
2022-08-07 20:00:00-04:00,73.56,73.95,72.98,73.19,2522000
2022-08-08 20:00:00-04:00,73.56,74.53,73.22,73.52,1751600
2022-08-09 20:00:00-04:00,74.05,74.80,73.82,74.18,2005400
2022-08-10 20:00:00-04:00,74.66,75.47,74.36,74.66,1731600
2022-08-11 20:00:00-04:00,75.07,76.90,74.98,76.84,2339300
2022-08-14 20:00:00-04:00,75.63,76.56,74.64,76.42,1765900
2022-08-15 20:00:00-04:00,76.40,77.34,76.22,77.18,1758500
2022-08-16 20:00:00-04:00,76.76,77.39,76.30,76.97,1232400
2022-08-17 20:00:00-04:00,77.18,78.28,77.13,78.11,1485600
2022-08-18 20:00:00-04:00,78.00,78.34,77.23,77.76,1837900
2022-08-21 20:00:00-04:00,76.64,77.62,76.45,77.14,1775300
2022-08-22 20:00:00-04:00,77.24,78.71,76.88,78.49,1747000
2022-08-23 20:00:00-04:00,78.34,79.50,77.24,79.02,2107300
2022-08-24 20:00:00-04:00,79.59,81.09,79.32,81.04,2445900
2022-08-25 20:00:00-04:00,81.04,81.07,79.78,79.84,2285800
2022-08-28 20:00:00-04:00,79.26,81.51,79.09,80.90,1876500
2022-08-29 20:00:00-04:00,80.53,80.54,77.78,78.06,2615300
2022-08-30 20:00:00-04:00,77.70,79.23,77.16,78.35,3482100
2022-08-31 20:00:00-04:00,77.66,78.32,77.30,78.07,2486400
2022-09-01 20:00:00-04:00,79.12,80.04,77.82,78.10,2669000
2022-09-05 20:00:00-04:00,78.42,78.77,76.24,76.39,3142800
2022-09-06 20:00:00-04:00,75.77,77.95,75.41,77.76,2802400
2022-09-07 20:00:00-04:00,77.37,80.51,77.37,80.49,3909000
2022-09-08 20:00:00-04:00,80.90,82.24,80.50,81.54,3674500
2022-09-11 20:00:00-04:00,81.73,81.97,77.53,78.63,4826700
2022-09-12 20:00:00-04:00,77.46,79.06,76.56,76.97,2781800
2022-09-13 20:00:00-04:00,76.64,77.42,76.09,76.81,2824700
2022-09-14 20:00:00-04:00,76.69,77.07,75.83,76.00,2245400
2022-09-15 20:00:00-04:00,75.73,76.20,74.95,75.57,5615800
2022-09-18 20:00:00-04:00,74.78,77.85,74.67,77.85,2584300
2022-09-19 20:00:00-04:00,77.29,77.56,76.15,77.33,1916300
2022-09-20 20:00:00-04:00,78.36,79.00,76.66,76.66,2087900
2022-09-21 20:00:00-04:00,77.15,77.56,76.28,76.72,2400100
2022-09-22 20:00:00-04:00,75.33,75.33,71.53,72.78,3590200
2022-09-25 20:00:00-04:00,72.38,74.20,72.17,72.66,3084000
2022-09-26 20:00:00-04:00,73.71,74.25,71.70,72.04,3584000
2022-09-27 20:00:00-04:00,72.41,74.34,71.69,73.91,2074900
2022-09-28 20:00:00-04:00,73.48,73.64,71.46,71.86,1818700
2022-09-29 20:00:00-04:00,72.28,72.96,71.54,71.71,2436100
2022-10-02 20:00:00-04:00,72.53,74.18,72.13,74.01,2619000
2022-10-03 20:00:00-04:00,75.04,76.53,74.93,76.39,2378800
2022-10-04 20:00:00-04:00,75.79,77.66,75.56,76.90,2244300
2022-10-05 20:00:00-04:00,76.32,77.66,75.98,76.44,2512200
2022-10-06 20:00:00-04:00,75.75,76.70,75.17,76.16,2396100
2022-10-09 20:00:00-04:00,77.38,78.09,76.55,77.21,2261700
2022-10-10 20:00:00-04:00,76.60,78.05,75.49,76.93,2587000
2022-10-11 20:00:00-04:00,76.93,77.47,74.71,76.69,4447100
2022-10-12 20:00:00-04:00,75.60,79.30,75.32,79.19,2066400
2022-10-13 20:00:00-04:00,79.54,79.54,74.25,74.33,2997600
2022-10-16 20:00:00-04:00,75.55,76.83,75.55,76.45,2484200
2022-10-17 20:00:00-04:00,77.25,78.39,76.96,78.24,1912500
2022-10-18 20:00:00-04:00,78.43,79.08,77.93,78.76,1786700
2022-10-19 20:00:00-04:00,79.34,79.97,78.47,78.74,3182200
2022-10-20 20:00:00-04:00,78.11,80.28,77.77,79.95,2222900
2022-10-23 20:00:00-04:00,80.22,80.64,79.43,79.59,2253100
2022-10-24 20:00:00-04:00,80.43,81.71,78.94,81.24,4168000
2022-10-25 20:00:00-04:00,82.07,83.91,81.91,83.43,3741600
2022-10-26 20:00:00-04:00,84.03,85.69,83.61,83.91,3210600
2022-10-27 20:00:00-04:00,83.81,85.09,83.29,84.58,1901100
2022-10-30 20:00:00-04:00,84.96,87.22,84.87,86.45,4720600
2022-10-31 20:00:00-04:00,86.79,87.34,85.91,86.94,2324200
2022-11-01 20:00:00-04:00,85.53,87.26,84.59,85.40,2797300
2022-11-02 20:00:00-04:00,85.11,86.67,84.11,85.83,1992800
2022-11-03 20:00:00-04:00,87.25,87.61,84.67,84.85,2787000
2022-11-06 19:00:00-05:00,84.86,85.27,84.03,85.22,2821800
2022-11-07 19:00:00-05:00,85.41,86.28,84.87,85.92,2132900
2022-11-08 19:00:00-05:00,85.39,85.75,82.56,82.96,2478200
2022-11-09 19:00:00-05:00,85.04,85.49,83.29,84.04,2526500
2022-11-10 19:00:00-05:00,84.43,84.88,81.78,82.96,2537800
2022-11-13 19:00:00-05:00,83.25,85.65,82.99,84.04,2871700
2022-11-14 19:00:00-05:00,84.76,84.91,83.22,84.62,2778800
2022-11-15 19:00:00-05:00,84.16,85.67,83.97,85.22,2010200
2022-11-16 19:00:00-05:00,84.53,85.16,84.01,84.69,1803600
2022-11-17 19:00:00-05:00,85.07,85.59,84.25,85.18,1983600
2022-11-20 19:00:00-05:00,85.27,87.18,84.30,86.04,3572200
2022-11-21 19:00:00-05:00,86.66,87.53,86.22,87.44,2354500
2022-11-22 19:00:00-05:00,87.18,87.84,86.54,86.64,1657600
2022-11-24 19:00:00-05:00,87.08,87.33,86.70,87.19,748800
2022-11-27 19:00:00-05:00,86.77,87.24,85.91,86.16,2120900
2022-11-28 19:00:00-05:00,86.56,87.56,85.97,86.34,1661400
2022-11-29 19:00:00-05:00,86.80,87.60,85.09,87.28,4193300
2022-11-30 19:00:00-05:00,87.46,87.64,81.65,81.75,5141200
2022-12-01 19:00:00-05:00,81.47,82.49,80.71,82.10,3558200
2022-12-04 19:00:00-05:00,81.21,82.77,80.52,81.26,3663500
2022-12-05 19:00:00-05:00,81.17,82.44,80.43,81.33,2664400
2022-12-06 19:00:00-05:00,81.66,83.59,81.64,83.41,3130900
2022-12-07 19:00:00-05:00,84.15,84.28,82.14,82.72,1956000
2022-12-08 19:00:00-05:00,82.81,83.60,82.21,82.25,2764100
2022-12-11 19:00:00-05:00,82.40,83.71,81.66,83.55,2011100
2022-12-12 19:00:00-05:00,84.51,84.78,82.91,83.46,2333200
2022-12-13 19:00:00-05:00,84.40,84.70,82.89,83.08,2777200
2022-12-14 19:00:00-05:00,82.45,83.50,82.33,82.74,2661600
2022-12-15 19:00:00-05:00,81.97,83.07,81.04,82.64,8130450
2022-12-18 19:00:00-05:00,83.25,84.30,82.16,82.94,1965600
2022-12-19 19:00:00-05:00,83.00,84.07,82.63,83.20,1993300
2022-12-20 19:00:00-05:00,83.46,84.59,82.91,84.39,1497200
2022-12-21 19:00:00-05:00,84.26,84.38,82.32,83.69,1378300
2022-12-22 19:00:00-05:00,84.08,84.73,83.84,84.71,1106700
2022-12-26 19:00:00-05:00,85.04,86.08,85.00,85.86,1465600
2022-12-27 19:00:00-05:00,85.85,85.85,83.40,83.81,1576600
2022-12-28 19:00:00-05:00,84.04,84.34,83.28,83.36,1497200
2022-12-29 19:00:00-05:00,82.69,83.33,82.40,83.12,1659300
2023-01-02 19:00:00-05:00,83.03,83.12,79.69,80.26,2286000
2023-01-03 19:00:00-05:00,80.04,80.04,77.04,77.34,5116400
2023-01-04 19:00:00-05:00,77.14,77.34,74.80,75.40,5358900
2023-01-05 19:00:00-05:00,75.99,77.34,75.59,76.94,4058600
2023-01-08 19:00:00-05:00,76.99,77.93,76.37,76.42,3935900
2023-01-09 19:00:00-05:00,76.70,77.35,76.25,77.19,2615000
2023-01-10 19:00:00-05:00,77.67,77.74,77.01,77.60,2692500
2023-01-11 19:00:00-05:00,77.70,78.46,77.13,78.23,2813100
2023-01-12 19:00:00-05:00,77.88,79.41,77.88,79.14,2488300
2023-01-16 19:00:00-05:00,79.28,79.96,78.85,78.86,2744500
2023-01-17 19:00:00-05:00,78.78,79.06,75.99,76.09,3522600
2023-01-18 19:00:00-05:00,76.25,77.88,76.17,76.37,3148500
2023-01-19 19:00:00-05:00,76.44,76.66,75.16,75.87,8130450
2023-01-22 19:00:00-05:00,75.82,75.84,74.52,75.51,4333100
2023-01-23 19:00:00-05:00,75.78,76.91,74.39,76.78,2458200
2023-01-24 19:00:00-05:00,75.94,76.63,75.32,76.60,3000400
2023-01-25 19:00:00-05:00,77.07,77.22,74.13,76.00,4499600
2023-01-26 19:00:00-05:00,76.36,76.69,74.61,74.87,3527600
2023-01-29 19:00:00-05:00,74.42,74.60,73.34,73.63,4036400
2023-01-30 19:00:00-05:00,73.01,74.28,72.61,74.17,5008000
2023-01-31 19:00:00-05:00,74.07,75.05,73.88,74.63,5673900
2023-02-01 19:00:00-05:00,73.74,74.30,72.59,73.69,5729200
2023-02-02 19:00:00-05:00,74.30,74.92,73.47,73.66,2702800
2023-02-05 19:00:00-05:00,73.68,74.24,73.41,73.91,2881300
2023-02-06 19:00:00-05:00,73.72,74.08,73.15,74.00,3326400
2023-02-07 19:00:00-05:00,73.80,74.70,73.11,73.45,3082700
2023-02-08 19:00:00-05:00,73.58,77.54,72.28,72.55,3743100
2023-02-09 19:00:00-05:00,73.30,74.10,73.06,73.89,3444400
2023-02-12 19:00:00-05:00,73.91,74.00,73.05,73.72,3888400
2023-02-13 19:00:00-05:00,74.08,74.22,73.26,73.61,2379600
2023-02-14 19:00:00-05:00,73.36,73.81,72.95,73.58,3077700
2023-02-15 19:00:00-05:00,73.20,73.94,73.16,73.29,2409600
2023-02-16 19:00:00-05:00,73.16,73.49,72.81,73.44,2364100
2023-02-20 19:00:00-05:00,73.13,73.74,73.05,73.27,2261000
2023-02-21 19:00:00-05:00,73.76,74.12,73.31,73.46,3531800
2023-02-22 19:00:00-05:00,74.04,74.71,73.31,73.85,3186200
2023-02-23 19:00:00-05:00,73.85,73.85,72.94,73.31,2870600
2023-02-26 19:00:00-05:00,73.45,73.80,72.96,73.08,2279800
2023-02-27 19:00:00-05:00,72.83,72.83,71.06,71.65,5926200
2023-02-28 19:00:00-05:00,71.69,71.87,70.94,71.33,2987600
2023-03-01 19:00:00-05:00,71.34,72.91,71.13,72.52,2772500
2023-03-02 19:00:00-05:00,72.29,73.18,72.11,72.96,1866800
2023-03-05 19:00:00-05:00,72.87,73.29,72.49,73.27,2764500
2023-03-06 19:00:00-05:00,73.02,73.19,71.38,71.77,2400800
2023-03-07 19:00:00-05:00,71.85,72.05,71.30,71.93,1667300
2023-03-08 19:00:00-05:00,72.08,72.34,69.95,70.20,2704900
2023-03-09 19:00:00-05:00,69.76,70.40,68.76,69.00,4202000
2023-03-12 20:00:00-04:00,68.41,70.06,67.83,69.51,3608200
2023-03-13 20:00:00-04:00,70.53,71.42,70.22,71.06,3257800
2023-03-14 20:00:00-04:00,69.86,70.05,68.42,69.14,3395600
2023-03-15 20:00:00-04:00,68.42,68.88,67.70,68.83,3313900
2023-03-16 20:00:00-04:00,68.80,68.80,66.59,66.84,6452400
2023-03-19 20:00:00-04:00,67.32,69.73,67.06,69.25,3646400
2023-03-20 20:00:00-04:00,70.02,70.15,69.31,69.93,2506300
2023-03-21 20:00:00-04:00,70.16,70.70,69.27,69.28,2721600
2023-03-22 20:00:00-04:00,69.51,69.98,67.18,67.63,3030900
2023-03-23 20:00:00-04:00,67.25,69.09,66.76,68.96,2329500
2023-03-26 20:00:00-04:00,69.99,70.45,69.25,69.98,2406500
2023-03-27 20:00:00-04:00,70.11,71.15,70.10,70.70,2037000
2023-03-28 20:00:00-04:00,71.53,71.72,70.88,71.10,2011800
2023-03-29 20:00:00-04:00,71.33,71.74,71.07,71.53,2526000
2023-03-30 20:00:00-04:00,71.97,72.41,71.24,71.70,3416600
2023-04-02 20:00:00-04:00,71.65,73.12,71.65,72.39,2094500
2023-04-03 20:00:00-04:00,72.34,72.70,71.08,71.45,1962600
2023-04-04 20:00:00-04:00,71.25,71.61,70.79,71.48,2281500
2023-04-05 20:00:00-04:00,71.51,71.54,70.33,70.88,2413900
2023-04-09 20:00:00-04:00,70.96,72.23,70.96,72.05,2108600
2023-04-10 20:00:00-04:00,72.22,73.67,72.20,73.26,2521900
2023-04-11 20:00:00-04:00,73.26,73.63,72.90,73.01,2432000
2023-04-12 20:00:00-04:00,72.84,73.44,72.32,73.11,2154800
2023-04-13 20:00:00-04:00,73.72,74.57,73.43,73.62,2548800
2023-04-16 20:00:00-04:00,73.80,74.07,73.48,73.99,1654800
2023-04-17 20:00:00-04:00,73.84,74.44,73.80,74.30,1807000
2023-04-18 20:00:00-04:00,74.58,74.66,73.28,73.76,2168200
2023-04-19 20:00:00-04:00,73.23,73.55,72.58,72.91,1932300
2023-04-20 20:00:00-04:00,73.34,73.38,72.43,72.46,2160000
2023-04-23 20:00:00-04:00,72.74,73.33,72.45,72.73,2501900
2023-04-24 20:00:00-04:00,70.66,71.15,68.07,68.32,5777600
2023-04-25 20:00:00-04:00,68.25,69.93,67.75,69.34,3457700
2023-04-26 20:00:00-04:00,69.04,70.74,68.93,70.22,3294100
2023-04-27 20:00:00-04:00,69.81,70.37,69.58,70.28,3474600
2023-04-30 20:00:00-04:00,70.42,70.80,69.83,70.03,1872300
2023-05-01 20:00:00-04:00,69.39,69.39,67.48,67.98,3479500
2023-05-02 20:00:00-04:00,68.25,68.75,67.45,67.53,2590100
2023-05-03 20:00:00-04:00,67.31,67.93,66.39,66.81,3434900
2023-05-04 20:00:00-04:00,67.36,68.56,67.27,68.37,2507900
2023-05-07 20:00:00-04:00,68.66,68.89,67.73,67.87,2272700
2023-05-08 20:00:00-04:00,67.51,67.87,66.87,67.53,2464100
2023-05-09 20:00:00-04:00,67.72,68.07,66.98,67.18,3108100
2023-05-10 20:00:00-04:00,66.84,67.82,66.68,67.42,2640400
2023-05-11 20:00:00-04:00,67.50,67.96,67.20,67.85,1913300
2023-05-14 20:00:00-04:00,68.12,68.62,67.86,68.46,2630400
2023-05-15 20:00:00-04:00,68.14,68.33,66.22,66.24,2659400
2023-05-16 20:00:00-04:00,66.46,66.59,65.55,66.14,2719000
2023-05-17 20:00:00-04:00,65.85,65.96,64.97,65.91,3053400
2023-05-18 20:00:00-04:00,66.27,66.56,65.69,66.31,2732200
2023-05-21 20:00:00-04:00,66.72,66.91,65.95,66.50,2975400
2023-05-22 20:00:00-04:00,66.55,68.38,66.40,67.96,3076000
2023-05-23 20:00:00-04:00,68.00,68.10,65.93,65.96,2381900
2023-05-24 20:00:00-04:00,65.38,67.27,65.13,66.75,3812400
2023-05-25 20:00:00-04:00,66.90,67.20,65.60,65.85,2858600
2023-05-29 20:00:00-04:00,65.39,65.63,64.25,64.68,3055500
2023-05-30 20:00:00-04:00,64.24,64.63,63.69,63.97,5709500
2023-05-31 20:00:00-04:00,64.26,64.32,63.31,63.88,2613100
2023-06-01 20:00:00-04:00,64.52,65.23,64.23,65.17,2311300
2023-06-04 20:00:00-04:00,65.37,65.37,64.51,64.53,1907100
2023-06-05 20:00:00-04:00,64.30,65.65,64.30,65.55,1905500
2023-06-06 20:00:00-04:00,65.39,67.14,64.87,66.43,3023900
2023-06-07 20:00:00-04:00,66.43,66.43,64.44,65.38,2701500
2023-06-08 20:00:00-04:00,65.33,66.24,65.00,65.68,2281200
2023-06-11 20:00:00-04:00,65.76,66.62,65.27,66.25,2772500
2023-06-12 20:00:00-04:00,66.33,67.44,66.33,67.26,2601300
2023-06-13 20:00:00-04:00,67.87,68.06,65.93,66.24,3166100
2023-06-14 20:00:00-04:00,66.27,67.82,66.16,67.51,3366900
2023-06-15 20:00:00-04:00,67.82,68.82,67.43,68.35,5529600
2023-06-19 20:00:00-04:00,67.91,68.06,66.53,67.08,3379200
2023-06-20 20:00:00-04:00,66.66,67.70,65.60,66.52,3441000
2023-06-21 20:00:00-04:00,67.19,67.19,65.66,66.15,2472800
2023-06-22 20:00:00-04:00,65.90,66.24,65.67,66.01,3636700
2023-06-25 20:00:00-04:00,66.09,66.84,66.05,66.68,2512700
2023-06-26 20:00:00-04:00,66.36,67.05,65.83,66.91,2187900
2023-06-27 20:00:00-04:00,66.79,67.20,66.29,66.95,2473400
2023-06-28 20:00:00-04:00,66.97,68.57,66.97,67.57,2190000
2023-06-29 20:00:00-04:00,67.82,68.69,67.06,68.42,2942900
2023-07-02 20:00:00-04:00,68.54,69.88,68.44,69.48,1485100
2023-07-04 20:00:00-04:00,69.23,70.25,69.07,70.10,2412500
2023-07-05 20:00:00-04:00,69.44,69.97,69.29,69.76,3300600
2023-07-06 20:00:00-04:00,69.38,71.08,69.32,70.64,3257100
2023-07-09 20:00:00-04:00,70.69,71.79,70.69,71.12,3159200
2023-07-10 20:00:00-04:00,71.47,72.98,71.41,72.86,2769200
2023-07-11 20:00:00-04:00,73.16,73.23,71.20,71.29,2982500
2023-07-12 20:00:00-04:00,71.56,71.92,70.98,71.69,2194800
2023-07-13 20:00:00-04:00,72.13,72.13,70.70,70.81,1869800
2023-07-16 20:00:00-04:00,71.20,72.22,70.87,72.04,2441100
2023-07-17 20:00:00-04:00,72.06,73.90,71.91,73.12,2793900
2023-07-18 20:00:00-04:00,73.37,73.86,72.72,73.34,2329500
2023-07-19 20:00:00-04:00,74.14,75.05,73.91,74.82,2934300
2023-07-20 20:00:00-04:00,75.12,75.15,74.34,74.38,2537900
2023-07-23 20:00:00-04:00,74.75,75.82,74.53,75.25,3059600
2023-07-24 20:00:00-04:00,75.37,78.14,74.89,77.92,4330300
2023-07-25 20:00:00-04:00,78.59,79.05,78.17,78.69,3134400
2023-07-26 20:00:00-04:00,78.69,79.04,77.39,77.68,2676400
2023-07-27 20:00:00-04:00,78.12,78.31,77.79,78.22,1620900
2023-07-30 20:00:00-04:00,78.77,78.78,76.39,76.93,5483600
2023-07-31 20:00:00-04:00,76.45,77.17,75.96,76.95,2293200
2023-08-01 20:00:00-04:00,76.50,77.76,76.33,76.77,2793500
2023-08-02 20:00:00-04:00,76.50,77.43,76.32,76.94,2134200
2023-08-03 20:00:00-04:00,77.45,78.78,77.43,77.46,3437500
2023-08-06 20:00:00-04:00,77.46,79.04,77.33,78.97,2750600
2023-08-07 20:00:00-04:00,78.18,78.59,77.11,78.27,2371500
2023-08-08 20:00:00-04:00,78.64,78.64,77.59,77.73,1836900
2023-08-09 20:00:00-04:00,77.84,78.68,77.39,77.78,2023100
2023-08-10 20:00:00-04:00,77.75,77.77,76.42,76.80,2270700
2023-08-13 20:00:00-04:00,76.72,76.97,76.35,76.91,1859700
2023-08-14 20:00:00-04:00,76.56,76.82,74.95,75.04,2020600
2023-08-15 20:00:00-04:00,74.88,75.27,74.66,74.80,1908800
2023-08-16 20:00:00-04:00,75.21,75.69,74.84,75.14,1547300
2023-08-17 20:00:00-04:00,74.73,75.58,74.64,75.40,1738600
2023-08-20 20:00:00-04:00,75.54,75.55,74.64,75.11,2490100
2023-08-21 20:00:00-04:00,75.12,75.29,73.46,73.52,2012000
2023-08-22 20:00:00-04:00,73.32,73.88,72.54,73.85,2060200
2023-08-23 20:00:00-04:00,73.80,74.14,73.03,73.12,2282300
2023-08-24 20:00:00-04:00,73.51,73.82,72.99,73.58,3717600
2023-08-27 20:00:00-04:00,73.85,74.53,73.37,73.62,2269300
2023-08-28 20:00:00-04:00,73.92,74.33,72.86,74.29,2178000
2023-08-29 20:00:00-04:00,74.25,74.37,73.50,73.51,2969100
2023-08-30 20:00:00-04:00,73.62,73.62,72.16,72.19,4174800
2023-08-31 20:00:00-04:00,72.68,73.25,72.11,72.63,3572100
2023-09-04 20:00:00-04:00,72.40,72.82,71.49,71.80,3243800
2023-09-05 20:00:00-04:00,71.73,71.79,70.13,70.51,3563900
2023-09-06 20:00:00-04:00,70.55,71.55,70.30,71.49,3058800
2023-09-07 20:00:00-04:00,71.73,72.38,71.53,71.74,2984100
2023-09-10 20:00:00-04:00,72.01,72.43,71.29,71.68,2832200
2023-09-11 20:00:00-04:00,72.03,72.94,72.03,72.55,2910800
2023-09-12 20:00:00-04:00,72.97,73.12,72.13,72.50,2934500
2023-09-13 20:00:00-04:00,72.91,73.71,72.82,73.42,3454200
2023-09-14 20:00:00-04:00,73.31,73.47,71.62,72.23,8130450
2023-09-17 20:00:00-04:00,72.54,72.75,71.96,72.09,3062000
2023-09-18 20:00:00-04:00,72.20,72.36,71.80,72.00,3324400
2023-09-19 20:00:00-04:00,72.32,72.96,72.17,72.26,1961600
2023-09-20 20:00:00-04:00,72.27,72.39,71.68,71.80,2637700
2023-09-21 20:00:00-04:00,71.61,71.84,69.97,70.07,2102700
2023-09-24 20:00:00-04:00,69.78,70.39,69.78,70.37,1634100
2023-09-25 20:00:00-04:00,69.90,70.21,69.03,69.25,2200200
2023-09-26 20:00:00-04:00,69.32,69.86,68.65,69.51,2272300
2023-09-27 20:00:00-04:00,69.58,70.22,69.02,69.22,2149400
2023-09-28 20:00:00-04:00,69.44,69.48,68.20,68.65,2366500
2023-10-01 20:00:00-04:00,68.09,68.43,66.92,67.54,2518600
2023-10-02 20:00:00-04:00,67.34,67.75,66.96,67.19,1870800
2023-10-03 20:00:00-04:00,67.18,67.20,66.42,66.88,1704600
2023-10-04 20:00:00-04:00,66.84,67.25,66.44,66.57,1555800
2023-10-05 20:00:00-04:00,66.11,66.51,65.00,66.32,2094400
2023-10-08 20:00:00-04:00,66.32,67.68,66.32,67.27,1845300
2023-10-09 20:00:00-04:00,67.76,68.16,67.31,67.50,2159100
2023-10-10 20:00:00-04:00,67.62,68.05,66.72,67.09,1981900
2023-10-11 20:00:00-04:00,67.18,67.25,65.55,66.24,1898100
2023-10-12 20:00:00-04:00,66.18,66.89,66.17,66.74,1699400
2023-10-15 20:00:00-04:00,67.36,67.87,66.80,67.84,2042100
2023-10-16 20:00:00-04:00,67.06,68.74,66.99,68.45,1916100
2023-10-17 20:00:00-04:00,68.27,69.24,67.78,67.84,1919200
2023-10-18 20:00:00-04:00,67.81,68.01,67.01,67.22,2164000
2023-10-19 20:00:00-04:00,67.40,67.58,66.30,66.31,2457300
2023-10-22 20:00:00-04:00,66.21,66.76,65.88,65.91,2718400
2023-10-23 20:00:00-04:00,65.25,66.11,63.23,63.24,5912100
2023-10-24 20:00:00-04:00,63.47,64.79,63.09,64.68,3672100
2023-10-25 20:00:00-04:00,64.75,65.97,64.71,65.40,3319300
2023-10-26 20:00:00-04:00,65.19,65.40,63.44,63.76,2915300
2023-10-29 20:00:00-04:00,64.08,65.31,64.04,65.01,2333300
2023-10-30 20:00:00-04:00,65.11,65.56,64.90,65.15,2627000
2023-10-31 20:00:00-04:00,65.40,65.76,64.83,64.97,2516300
2023-11-01 20:00:00-04:00,65.02,66.08,64.74,65.92,2547300
2023-11-02 20:00:00-04:00,66.50,67.09,66.20,66.37,2330800
2023-11-05 19:00:00-05:00,66.37,66.79,65.94,66.05,2911100
2023-11-06 19:00:00-05:00,65.89,66.12,65.51,65.64,2575400
2023-11-07 19:00:00-05:00,65.60,65.99,65.16,65.57,3073500
2023-11-08 19:00:00-05:00,65.91,66.07,65.36,65.69,2956000
2023-11-09 19:00:00-05:00,65.81,66.66,65.53,66.00,8130450
2023-11-12 19:00:00-05:00,65.98,66.52,65.87,66.49,2854400
2023-11-13 19:00:00-05:00,66.90,68.20,66.90,67.65,3218500
2023-11-14 19:00:00-05:00,68.03,68.85,67.94,68.00,3112900
2023-11-15 19:00:00-05:00,67.60,67.90,67.28,67.71,2902300
2023-11-16 19:00:00-05:00,68.11,68.27,67.39,67.74,2859300
2023-11-19 19:00:00-05:00,67.48,67.96,67.33,67.42,3316400
2023-11-20 19:00:00-05:00,67.58,67.81,67.23,67.53,3146300
2023-11-21 19:00:00-05:00,67.26,68.15,66.96,68.08,2440600
2023-11-23 19:00:00-05:00,68.22,69.00,67.88,68.05,1171500
2023-11-26 19:00:00-05:00,67.78,67.84,67.04,67.04,2854200
2023-11-27 19:00:00-05:00,67.04,68.00,66.74,67.83,2834100
2023-11-28 19:00:00-05:00,67.79,67.89,66.92,67.04,2702600
2023-11-29 19:00:00-05:00,67.29,67.88,67.11,67.53,5546400
2023-11-30 19:00:00-05:00,67.56,68.96,67.52,68.77,2722400
2023-12-03 19:00:00-05:00,68.31,69.22,68.16,68.36,4183800
2023-12-04 19:00:00-05:00,68.04,68.42,67.74,67.91,2888800
2023-12-05 19:00:00-05:00,67.74,67.95,66.94,67.04,3188500
2023-12-06 19:00:00-05:00,67.37,68.29,67.15,67.62,3030800
2023-12-07 19:00:00-05:00,67.90,68.41,67.50,67.55,2903800
2023-12-10 19:00:00-05:00,67.64,68.88,67.43,68.77,2936700
2023-12-11 19:00:00-05:00,68.70,68.79,67.79,68.31,2588100
2023-12-12 19:00:00-05:00,68.15,69.09,66.43,68.93,4365200
2023-12-13 19:00:00-05:00,69.13,70.85,69.13,70.00,3863700
2023-12-14 19:00:00-05:00,70.01,70.18,69.23,69.38,8130450
2023-12-17 19:00:00-05:00,69.06,69.24,66.10,66.26,6458500
2023-12-18 19:00:00-05:00,66.54,67.94,66.45,67.72,3770400
2023-12-19 19:00:00-05:00,67.17,67.28,64.67,64.74,5051200
2023-12-20 19:00:00-05:00,64.76,65.23,64.17,64.97,3827800
2023-12-21 19:00:00-05:00,65.13,66.08,65.13,65.45,3018600
2023-12-25 19:00:00-05:00,65.54,66.50,65.54,66.30,1892500
2023-12-26 19:00:00-05:00,66.02,66.28,65.73,66.10,2372900
2023-12-27 19:00:00-05:00,65.94,66.39,65.88,66.19,2389700
2023-12-28 19:00:00-05:00,66.08,66.32,65.74,66.15,2195900
2024-01-01 19:00:00-05:00,66.27,67.07,66.11,66.64,3072600
2024-01-02 19:00:00-05:00,66.39,67.80,66.12,66.98,3760900
2024-01-03 19:00:00-05:00,67.00,67.09,65.69,65.72,3442200
2024-01-04 19:00:00-05:00,65.37,65.95,64.38,64.86,2926100
2024-01-07 19:00:00-05:00,64.43,65.10,63.90,65.09,3087500
2024-01-08 19:00:00-05:00,64.98,65.02,64.20,64.73,2875100
2024-01-09 19:00:00-05:00,64.74,64.93,63.47,63.50,3480400
2024-01-10 19:00:00-05:00,63.45,63.90,63.21,63.63,2739500
2024-01-11 19:00:00-05:00,64.12,64.58,63.57,63.71,2548600
2024-01-15 19:00:00-05:00,63.91,63.98,63.06,63.29,2941300
2024-01-16 19:00:00-05:00,62.74,63.67,62.60,63.13,2564600
2024-01-17 19:00:00-05:00,62.91,63.06,62.43,62.96,2609800
2024-01-18 19:00:00-05:00,62.98,63.03,62.28,62.46,5030200
2024-01-21 19:00:00-05:00,52.10,52.90,47.16,47.34,8130450
2024-01-22 19:00:00-05:00,47.84,49.63,47.45,47.91,8130450
2024-01-23 19:00:00-05:00,47.91,49.71,47.57,48.21,8130450
2024-01-24 19:00:00-05:00,48.21,48.65,46.46,47.06,8130450
2024-01-25 19:00:00-05:00,47.64,48.08,46.86,47.67,8130450
2024-01-28 19:00:00-05:00,49.38,50.51,48.61,50.32,8130450
2024-01-29 19:00:00-05:00,50.47,51.43,50.12,51.29,7267000
2024-01-30 19:00:00-05:00,51.25,51.53,50.59,50.91,8130450
2024-01-31 19:00:00-05:00,51.00,52.02,50.89,51.99,5654100
2024-02-01 19:00:00-05:00,51.84,52.05,50.99,51.01,4745500
2024-02-04 19:00:00-05:00,50.19,50.38,48.43,48.51,8130450
2024-02-05 19:00:00-05:00,48.57,49.48,48.38,48.88,5783700
2024-02-06 19:00:00-05:00,48.66,49.16,48.34,48.89,4051600
2024-02-07 19:00:00-05:00,48.91,49.04,48.38,48.73,3476800
2024-02-08 19:00:00-05:00,48.73,49.24,48.38,49.05,5518800
2024-02-11 19:00:00-05:00,49.21,49.80,49.14,49.69,3651800
2024-02-12 19:00:00-05:00,49.47,50.09,48.51,48.51,5274400
2024-02-13 19:00:00-05:00,48.59,49.30,48.50,49.25,3746400
2024-02-14 19:00:00-05:00,49.24,50.60,49.23,50.22,3826400
2024-02-15 19:00:00-05:00,50.21,50.41,49.34,49.60,3302700
2024-02-19 19:00:00-05:00,49.48,49.79,48.76,49.37,4459600
2024-02-20 19:00:00-05:00,49.28,49.86,49.10,49.84,3141400
2024-02-21 19:00:00-05:00,49.54,49.85,48.96,49.65,6515500
2024-02-22 19:00:00-05:00,49.47,49.85,49.00,49.42,3105900
2024-02-25 19:00:00-05:00,49.41,49.56,49.03,49.16,3044200
2024-02-26 19:00:00-05:00,49.39,49.72,48.73,48.81,3783300
2024-02-27 19:00:00-05:00,48.82,49.45,48.68,49.01,3027900
2024-02-28 19:00:00-05:00,49.50,49.82,48.82,49.11,4941700
2024-02-29 19:00:00-05:00,50.52,50.62,49.51,50.15,8080000
2024-03-03 19:00:00-05:00,50.16,50.29,48.93,49.21,4712600
2024-03-04 19:00:00-05:00,48.97,49.68,48.90,49.43,4131400
2024-03-05 19:00:00-05:00,49.71,50.29,49.57,50.07,3473600
2024-03-06 19:00:00-05:00,50.28,51.62,49.37,50.16,8130450
2024-03-07 19:00:00-05:00,50.12,51.07,49.88,50.68,4757400
2024-03-10 20:00:00-04:00,50.57,51.37,50.55,50.77,5209600
2024-03-11 20:00:00-04:00,52.78,54.05,52.41,52.77,8130450
2024-03-12 20:00:00-04:00,53.16,54.85,53.12,53.88,8130450
2024-03-13 20:00:00-04:00,53.99,55.10,53.32,53.82,8130450
2024-03-14 20:00:00-04:00,53.41,55.27,53.36,54.84,8130450
2024-03-17 20:00:00-04:00,54.64,56.49,54.64,55.86,7266100
2024-03-18 20:00:00-04:00,55.62,56.61,55.62,56.43,6668900
2024-03-19 20:00:00-04:00,56.43,57.11,56.30,56.69,5097400
2024-03-20 20:00:00-04:00,56.87,58.24,56.84,57.76,6053400
2024-03-21 20:00:00-04:00,58.25,58.33,56.96,57.33,4434100
2024-03-24 20:00:00-04:00,57.42,58.32,57.33,57.80,4296500
2024-03-25 20:00:00-04:00,57.89,57.89,57.06,57.16,3903500
2024-03-26 20:00:00-04:00,57.43,58.41,57.40,58.24,4083100
2024-03-27 20:00:00-04:00,58.33,58.64,57.91,58.07,4120600
2024-03-31 20:00:00-04:00,58.34,58.56,57.57,57.65,3307600
2024-04-01 20:00:00-04:00,57.75,58.51,57.63,57.97,3742300
2024-04-02 20:00:00-04:00,57.79,58.16,57.30,57.93,4097900
2024-04-03 20:00:00-04:00,58.48,58.88,58.18,58.47,3967800
2024-04-04 20:00:00-04:00,58.26,58.83,58.22,58.68,3348000
2024-04-07 20:00:00-04:00,58.92,59.13,58.40,58.42,3108100
2024-04-08 20:00:00-04:00,58.43,59.26,58.43,59.08,4067500
2024-04-09 20:00:00-04:00,58.66,59.24,58.33,59.07,3704400
2024-04-10 20:00:00-04:00,59.15,59.25,57.69,57.85,3408200
2024-04-11 20:00:00-04:00,57.66,57.79,56.22,56.37,3413300
2024-04-14 20:00:00-04:00,56.72,56.94,55.63,55.96,3154700
2024-04-15 20:00:00-04:00,56.10,56.14,55.37,55.73,3032300
2024-04-16 20:00:00-04:00,55.81,56.50,55.68,55.86,2400400
2024-04-17 20:00:00-04:00,55.95,57.21,55.76,57.07,3066800
2024-04-18 20:00:00-04:00,57.19,58.17,56.96,57.88,7990000
2024-04-21 20:00:00-04:00,57.79,58.21,56.92,57.79,3169600
2024-04-22 20:00:00-04:00,57.32,57.59,56.87,57.13,3195200
2024-04-23 20:00:00-04:00,56.42,57.15,55.86,56.92,3708600
2024-04-24 20:00:00-04:00,57.14,57.28,56.04,56.40,2726500
2024-04-25 20:00:00-04:00,56.14,56.40,55.55,55.57,2708800
2024-04-28 20:00:00-04:00,55.67,56.21,55.67,56.11,2977300
2024-04-29 20:00:00-04:00,56.20,56.20,53.04,54.24,6731000
2024-04-30 20:00:00-04:00,54.14,55.26,53.85,53.97,5208400
2024-05-01 20:00:00-04:00,54.30,54.98,53.87,54.87,3746200
2024-05-02 20:00:00-04:00,54.84,55.18,54.42,54.71,3273800
2024-05-05 20:00:00-04:00,54.99,55.71,54.48,55.65,4187500
2024-05-06 20:00:00-04:00,56.22,56.98,56.14,56.95,4171800
2024-05-07 20:00:00-04:00,56.63,57.77,56.46,57.35,4275500
2024-05-08 20:00:00-04:00,57.52,57.94,57.30,57.73,4173100
2024-05-09 20:00:00-04:00,57.92,58.31,57.55,58.23,2924300
2024-05-12 20:00:00-04:00,58.35,58.89,57.79,57.91,3690500
2024-05-13 20:00:00-04:00,58.23,58.23,56.70,57.02,3959800
2024-05-14 20:00:00-04:00,57.00,57.16,55.73,56.00,4165300
2024-05-15 20:00:00-04:00,56.07,57.91,56.07,57.41,4691600
2024-05-16 20:00:00-04:00,57.58,57.71,56.96,57.44,2842900
2024-05-19 20:00:00-04:00,57.33,57.38,56.69,56.74,2598600
2024-05-20 20:00:00-04:00,56.70,57.37,56.68,57.11,2957100
2024-05-21 20:00:00-04:00,56.52,57.78,56.52,57.70,3750600
2024-05-22 20:00:00-04:00,57.50,58.24,56.51,56.60,3563100
2024-05-23 20:00:00-04:00,56.79,57.10,56.22,56.39,2730700
2024-05-27 20:00:00-04:00,56.39,57.01,56.21,56.76,2875800
2024-05-28 20:00:00-04:00,56.39,56.48,55.83,55.96,3000500
2024-05-29 20:00:00-04:00,55.78,56.41,55.32,56.06,4713100
2024-05-30 20:00:00-04:00,56.18,58.21,56.10,58.20,8130450
2024-06-02 20:00:00-04:00,57.84,58.54,57.09,57.78,3677300
2024-06-03 20:00:00-04:00,57.36,58.27,57.29,57.63,5003700
2024-06-04 20:00:00-04:00,57.63,57.91,56.37,56.93,3419300
2024-06-05 20:00:00-04:00,56.87,57.92,56.65,57.02,3082200
2024-06-06 20:00:00-04:00,56.85,57.32,56.20,57.11,3185800
2024-06-09 20:00:00-04:00,57.11,57.99,56.98,57.75,4084000
2024-06-10 20:00:00-04:00,57.33,57.42,56.68,57.32,2563000
2024-06-11 20:00:00-04:00,57.61,57.71,56.30,56.37,2703100
2024-06-12 20:00:00-04:00,56.32,56.93,56.03,56.61,2499600
2024-06-13 20:00:00-04:00,56.34,56.80,55.25,55.46,2623900
2024-06-16 20:00:00-04:00,55.00,56.19,54.49,56.08,2855100
2024-06-17 20:00:00-04:00,55.95,56.32,55.23,55.85,3401000
2024-06-19 20:00:00-04:00,55.75,56.95,55.63,56.87,3599400
2024-06-20 20:00:00-04:00,57.01,57.33,56.46,57.19,8130450
2024-06-23 20:00:00-04:00,56.96,58.05,56.48,57.91,4346300
2024-06-24 20:00:00-04:00,57.71,57.82,56.50,56.54,3890300
2024-06-25 20:00:00-04:00,56.22,57.02,56.10,56.55,3041900
2024-06-26 20:00:00-04:00,56.59,57.06,56.29,56.50,2300300
2024-06-27 20:00:00-04:00,56.65,56.80,56.13,56.35,8130450
2024-06-30 20:00:00-04:00,56.69,57.24,56.36,56.53,2185500
2024-07-01 20:00:00-04:00,56.62,57.94,56.50,57.91,3581100
2024-07-02 20:00:00-04:00,58.14,58.44,57.86,58.44,2680500
2024-07-04 20:00:00-04:00,57.83,58.34,56.53,57.20,4111700
2024-07-07 20:00:00-04:00,57.20,59.16,57.16,59.08,4534800
2024-07-08 20:00:00-04:00,59.06,59.88,58.70,58.85,3974100
2024-07-09 20:00:00-04:00,59.19,59.93,58.56,59.87,3882700
2024-07-10 20:00:00-04:00,60.09,60.75,59.57,59.89,3295800
2024-07-11 20:00:00-04:00,60.29,60.35,59.65,59.92,2378600
2024-07-14 20:00:00-04:00,59.83,60.12,59.01,59.10,2869200
2024-07-15 20:00:00-04:00,58.73,60.29,58.38,60.18,2130000
2024-07-16 20:00:00-04:00,60.34,61.33,60.33,61.26,2490500
2024-07-17 20:00:00-04:00,60.85,61.60,60.27,60.39,1947500
2024-07-18 20:00:00-04:00,60.51,60.52,59.22,59.84,2730400
2024-07-21 20:00:00-04:00,60.02,60.02,59.11,59.80,1404300
2024-07-22 20:00:00-04:00,59.48,59.65,57.97,58.00,2255400
2024-07-23 20:00:00-04:00,57.95,58.76,57.69,58.40,1847300
2024-07-24 20:00:00-04:00,58.54,59.95,58.54,59.02,1998700
2024-07-25 20:00:00-04:00,59.02,59.69,58.86,59.64,2048300
2024-07-28 20:00:00-04:00,59.45,59.88,58.99,59.01,3293500
2024-07-29 20:00:00-04:00,56.86,58.86,55.03,58.26,6377400
2024-07-30 20:00:00-04:00,57.91,58.38,56.86,57.80,4783600
2024-07-31 20:00:00-04:00,58.08,58.42,56.06,56.38,3561900
2024-08-01 20:00:00-04:00,56.17,56.46,54.67,54.91,4081500
2024-08-04 20:00:00-04:00,54.07,54.96,53.67,54.23,4091700
2024-08-05 20:00:00-04:00,54.34,54.68,53.82,54.03,3019500
2024-08-06 20:00:00-04:00,54.63,55.19,54.20,54.23,2778100
2024-08-07 20:00:00-04:00,54.32,55.22,54.32,54.51,1849200
2024-08-08 20:00:00-04:00,54.32,54.53,53.99,54.48,1640200
2024-08-11 20:00:00-04:00,54.53,54.62,53.80,54.13,2045800
2024-08-12 20:00:00-04:00,53.95,54.47,53.02,54.42,3625500
2024-08-13 20:00:00-04:00,54.42,54.46,54.01,54.42,2353300
2024-08-14 20:00:00-04:00,54.65,55.14,54.34,54.87,2589200
2024-08-15 20:00:00-04:00,54.83,55.12,54.58,55.08,2036500
2024-08-18 20:00:00-04:00,55.09,55.78,55.09,55.63,2301100
2024-08-19 20:00:00-04:00,55.56,55.69,54.99,55.01,1833800
2024-08-20 20:00:00-04:00,55.22,55.72,55.11,55.67,1875900
2024-08-21 20:00:00-04:00,55.72,55.77,55.13,55.70,1875100
2024-08-22 20:00:00-04:00,55.98,56.91,55.79,56.88,1713000
2024-08-25 20:00:00-04:00,57.09,57.39,56.71,57.10,1703700
2024-08-26 20:00:00-04:00,57.16,57.21,56.39,56.93,1787100
2024-08-27 20:00:00-04:00,56.47,57.37,56.14,57.31,1654500
2024-08-28 20:00:00-04:00,57.44,57.48,56.37,57.20,1535700
2024-08-29 20:00:00-04:00,57.30,57.46,56.89,57.34,3369000
2024-09-02 20:00:00-04:00,56.83,57.21,56.55,56.99,2302900
2024-09-03 20:00:00-04:00,57.17,57.95,57.02,57.74,2388500
2024-09-04 20:00:00-04:00,57.90,58.33,56.44,56.47,3138500
2024-09-05 20:00:00-04:00,56.44,56.92,55.65,55.91,2641500
2024-09-08 20:00:00-04:00,56.14,56.47,55.65,55.94,1996000
2024-09-09 20:00:00-04:00,56.04,56.04,54.75,55.51,3220600
2024-09-10 20:00:00-04:00,55.67,55.67,54.63,55.47,2535500
2024-09-11 20:00:00-04:00,55.47,56.20,55.01,56.05,2145100
2024-09-12 20:00:00-04:00,56.30,56.78,56.08,56.77,1837400
2024-09-15 20:00:00-04:00,57.21,57.30,56.27,56.79,1602800
2024-09-16 20:00:00-04:00,57.07,57.21,56.61,56.84,1837700
2024-09-17 20:00:00-04:00,56.78,57.39,56.51,56.91,2050500
2024-09-18 20:00:00-04:00,57.39,58.86,57.19,58.71,4254900
2024-09-19 20:00:00-04:00,58.51,58.51,57.27,57.69,8130450
2024-09-22 20:00:00-04:00,57.33,58.04,56.94,57.26,3112100
2024-09-23 20:00:00-04:00,57.62,58.07,56.94,57.09,2620300
2024-09-24 20:00:00-04:00,57.11,57.19,54.64,54.66,3304400
2024-09-25 20:00:00-04:00,54.68,55.90,54.67,55.82,2967800
2024-09-26 20:00:00-04:00,56.17,57.07,56.17,56.41,1845200
2024-09-29 20:00:00-04:00,56.41,56.68,55.76,56.16,2979700
2024-09-30 20:00:00-04:00,55.47,56.41,55.10,55.96,2294100
2024-10-01 20:00:00-04:00,56.03,56.36,55.08,55.27,2166300
2024-10-02 20:00:00-04:00,55.07,55.13,54.30,54.97,2167700
2024-10-03 20:00:00-04:00,55.19,55.90,55.04,55.68,2299700
2024-10-06 20:00:00-04:00,55.66,55.87,55.10,55.34,1928000
2024-10-07 20:00:00-04:00,55.05,55.05,53.87,54.10,2179400
2024-10-08 20:00:00-04:00,54.03,54.44,53.43,53.56,2454400
2024-10-09 20:00:00-04:00,53.82,54.40,53.47,53.86,2010200
2024-10-10 20:00:00-04:00,54.07,54.90,54.07,54.50,1897600
2024-10-13 20:00:00-04:00,54.32,54.69,53.90,54.44,1653800
2024-10-14 20:00:00-04:00,54.49,55.36,54.19,54.22,2169300
2024-10-15 20:00:00-04:00,54.36,55.03,54.36,54.80,1610900
2024-10-16 20:00:00-04:00,54.93,55.19,54.44,55.12,2005100
2024-10-17 20:00:00-04:00,55.04,55.14,52.56,53.02,4330200
2024-10-20 20:00:00-04:00,53.28,53.75,52.52,52.77,1953400
2024-10-21 20:00:00-04:00,52.85,53.08,52.33,52.36,2304200
2024-10-22 20:00:00-04:00,52.38,52.79,51.95,52.72,2197800
2024-10-23 20:00:00-04:00,52.79,53.19,52.40,53.12,1887900
2024-10-24 20:00:00-04:00,53.36,53.76,53.02,53.17,1815300
2024-10-27 20:00:00-04:00,53.12,54.01,53.07,53.81,1878700
2024-10-28 20:00:00-04:00,53.51,54.30,52.93,52.95,2986500
2024-10-29 20:00:00-04:00,53.02,53.59,52.15,52.21,2705200
2024-10-30 20:00:00-04:00,52.41,52.68,51.80,51.90,5370200
2024-10-31 20:00:00-04:00,52.14,52.41,51.30,51.37,2234800
2024-11-03 19:00:00-05:00,51.53,52.23,51.50,51.99,2459400
2024-11-04 19:00:00-05:00,47.48,48.90,45.99,48.89,8130450
2024-11-05 19:00:00-05:00,49.22,50.45,48.40,50.07,5034300
2024-11-06 19:00:00-05:00,50.00,50.03,48.81,49.35,4173800
2024-11-07 19:00:00-05:00,48.99,49.23,48.51,49.01,3482500
2024-11-10 19:00:00-05:00,49.24,49.77,48.97,49.22,2480300
2024-11-11 19:00:00-05:00,48.70,48.97,48.28,48.35,2661600
2024-11-12 19:00:00-05:00,48.29,49.10,47.92,48.76,4003000
2024-11-13 19:00:00-05:00,49.09,49.63,48.73,49.37,2191500
2024-11-14 19:00:00-05:00,49.55,50.65,49.52,50.16,3556600
2024-11-17 19:00:00-05:00,50.29,50.54,49.52,49.55,2609900
2024-11-18 19:00:00-05:00,49.43,50.60,49.11,49.82,2187200
2024-11-19 19:00:00-05:00,50.04,50.34,49.62,50.32,2317400
2024-11-20 19:00:00-05:00,50.34,50.89,50.17,50.48,2943300
2024-11-21 19:00:00-05:00,50.37,50.73,50.08,50.42,2329900
2024-11-24 19:00:00-05:00,50.25,50.90,49.90,50.31,4481800
2024-11-25 19:00:00-05:00,50.39,50.99,49.84,50.98,3017100
2024-11-26 19:00:00-05:00,50.99,51.70,50.97,51.60,2093000
2024-11-28 19:00:00-05:00,51.81,51.97,51.15,51.81,1810700
2024-12-01 19:00:00-05:00,51.45,51.78,50.80,51.50,3951700
2024-12-02 19:00:00-05:00,51.72,51.77,50.06,50.46,5193900
2024-12-03 19:00:00-05:00,50.31,50.59,48.99,49.13,3371800
2024-12-04 19:00:00-05:00,49.18,49.84,48.89,49.61,2991800
2024-12-05 19:00:00-05:00,49.82,49.82,48.64,48.80,2766700
2024-12-08 19:00:00-05:00,49.21,50.51,49.03,49.33,2216900
2024-12-09 19:00:00-05:00,49.23,49.76,48.37,49.42,3009700
2024-12-10 19:00:00-05:00,49.38,50.27,49.27,50.22,3627200
2024-12-11 19:00:00-05:00,50.27,50.63,49.79,50.37,2795500
2024-12-12 19:00:00-05:00,50.33,50.33,49.00,49.73,2378800
2024-12-15 19:00:00-05:00,49.61,50.08,48.99,49.05,2461500
2024-12-16 19:00:00-05:00,48.91,49.47,48.63,48.86,2368600
2024-12-17 19:00:00-05:00,48.49,48.91,47.29,47.31,3745300
2024-12-18 19:00:00-05:00,47.45,47.78,46.83,46.86,3151400
2024-12-19 19:00:00-05:00,46.88,48.37,46.74,47.91,8130450
2024-12-22 19:00:00-05:00,47.45,47.95,47.10,47.84,2592200
2024-12-23 19:00:00-05:00,47.84,48.11,47.43,48.05,1434600
2024-12-25 19:00:00-05:00,47.78,48.29,47.72,48.03,1627600
2024-12-26 19:00:00-05:00,47.72,48.58,47.61,48.00,1537700
2024-12-29 19:00:00-05:00,47.78,47.91,47.05,47.52,2676700
2024-12-30 19:00:00-05:00,47.44,48.02,47.35,47.94,2120100
2025-01-01 19:00:00-05:00,48.42,48.64,47.60,47.66,2003700
2025-01-02 19:00:00-05:00,47.60,47.88,47.33,47.50,1984400
2025-01-05 19:00:00-05:00,47.83,48.44,47.00,47.10,2304500
2025-01-06 19:00:00-05:00,47.25,47.88,46.87,46.91,2147400
2025-01-07 19:00:00-05:00,46.51,47.53,45.93,47.30,3493600
2025-01-09 19:00:00-05:00,47.16,48.89,47.09,48.48,4497600
2025-01-12 19:00:00-05:00,48.83,49.86,48.49,49.46,4102600
2025-01-13 19:00:00-05:00,49.27,49.39,48.19,48.58,3063700
2025-01-14 19:00:00-05:00,48.94,49.35,48.48,48.53,2773500
2025-01-15 19:00:00-05:00,48.48,48.57,47.79,48.41,2051200
2025-01-16 19:00:00-05:00,48.36,49.02,48.36,48.67,3234800
2025-01-20 19:00:00-05:00,48.56,49.10,48.31,48.61,3062400
2025-01-21 19:00:00-05:00,48.27,48.32,47.74,47.94,3053100
2025-01-22 19:00:00-05:00,48.17,48.33,47.74,48.08,2278200
2025-01-23 19:00:00-05:00,48.05,48.33,47.66,47.93,2737400
2025-01-26 19:00:00-05:00,48.79,49.67,48.60,49.51,3437900
2025-01-27 19:00:00-05:00,49.41,49.63,47.96,48.01,2450700
2025-01-28 19:00:00-05:00,47.88,49.45,47.86,49.02,3468000
2025-01-29 19:00:00-05:00,49.20,49.35,48.76,49.03,2393800
2025-01-30 19:00:00-05:00,48.82,49.09,48.25,48.62,6847800
2025-02-02 19:00:00-05:00,48.28,48.42,47.43,47.47,4491000
2025-02-03 19:00:00-05:00,46.03,46.22,45.04,45.07,7220100
2025-02-04 19:00:00-05:00,45.07,45.09,42.84,44.08,7418800
2025-02-05 19:00:00-05:00,44.41,44.73,42.71,43.23,5401400
2025-02-06 19:00:00-05:00,43.34,43.94,43.05,43.43,4346300
2025-02-09 19:00:00-05:00,43.31,43.82,43.05,43.74,4392000
2025-02-10 19:00:00-05:00,43.57,44.18,43.27,44.07,2933900
2025-02-11 19:00:00-05:00,43.05,43.92,42.84,42.91,3454800
2025-02-12 19:00:00-05:00,42.81,44.74,42.63,43.38,5556900
2025-02-13 19:00:00-05:00,43.43,43.90,43.43,43.75,3382100
2025-02-17 19:00:00-05:00,43.66,44.14,43.44,44.06,3040400
2025-02-18 19:00:00-05:00,43.98,44.63,43.89,44.18,3163000
2025-02-19 19:00:00-05:00,44.12,44.72,43.97,44.67,2704200
2025-02-20 19:00:00-05:00,44.85,46.52,44.62,46.24,5487500
2025-02-23 19:00:00-05:00,46.20,47.16,45.69,46.44,5041400
2025-02-24 19:00:00-05:00,46.37,47.10,46.17,46.79,3985400
2025-02-25 19:00:00-05:00,46.55,46.68,45.05,45.08,3898800
2025-02-26 19:00:00-05:00,44.89,45.34,44.63,44.71,3405800
2025-02-27 19:00:00-05:00,45.06,45.54,44.88,45.29,6678100
2025-03-02 19:00:00-05:00,45.41,45.73,44.46,44.70,3366100
2025-03-03 19:00:00-05:00,44.43,44.94,43.86,43.97,3633900
2025-03-04 19:00:00-05:00,43.97,44.47,43.48,43.95,3265600
2025-03-05 19:00:00-05:00,44.00,46.41,43.95,46.12,4417900
2025-03-06 19:00:00-05:00,45.99,48.24,45.96,47.44,4428600
2025-03-09 20:00:00-04:00,47.92,50.24,47.91,48.57,6451400
2025-03-10 20:00:00-04:00,48.72,48.97,46.54,46.68,4958100
2025-03-11 20:00:00-04:00,46.06,46.20,44.95,45.18,4061000
2025-03-12 20:00:00-04:00,45.10,46.18,44.86,45.34,3557300
2025-03-13 20:00:00-04:00,45.06,45.59,44.52,45.27,2922500
2025-03-16 20:00:00-04:00,45.70,46.70,45.63,46.05,4661600
2025-03-17 20:00:00-04:00,46.52,46.68,45.72,45.75,3740400
2025-03-18 20:00:00-04:00,45.62,45.98,44.61,45.03,5744800
2025-03-19 20:00:00-04:00,44.93,45.32,44.39,44.64,5540700
2025-03-20 20:00:00-04:00,44.72,45.06,44.12,44.24,8130450
2025-03-23 20:00:00-04:00,44.05,44.73,43.65,44.07,3992300
2025-03-24 20:00:00-04:00,44.10,44.70,43.95,44.19,3853700
2025-03-25 20:00:00-04:00,44.24,45.30,44.19,45.17,2985700
2025-03-26 20:00:00-04:00,45.38,46.52,45.34,46.33,3975400
2025-03-27 20:00:00-04:00,46.36,46.44,45.70,45.94,2077400
2025-03-30 20:00:00-04:00,45.89,46.58,45.75,46.07,3041100
2025-03-31 20:00:00-04:00,46.37,46.42,45.48,46.26,2971500
2025-04-01 20:00:00-04:00,46.20,46.40,45.29,46.03,2655700
2025-04-02 20:00:00-04:00,46.08,46.20,45.24,45.65,3909900
2025-04-03 20:00:00-04:00,43.90,44.22,41.27,41.57,6807300
2025-04-06 20:00:00-04:00,41.03,43.09,40.64,41.24,6206600
2025-04-07 20:00:00-04:00,41.98,42.30,39.51,40.10,4504200
2025-04-08 20:00:00-04:00,39.64,42.87,39.32,42.59,5982400
2025-04-09 20:00:00-04:00,42.59,42.97,41.45,42.68,5105700
2025-04-10 20:00:00-04:00,42.92,44.15,42.63,43.99,3950400
2025-04-13 20:00:00-04:00,44.18,44.82,43.60,44.55,2663800
2025-04-14 20:00:00-04:00,44.68,44.68,43.59,44.21,2723400
2025-04-15 20:00:00-04:00,44.34,45.14,44.02,44.27,4132200
2025-04-16 20:00:00-04:00,44.54,45.96,44.54,45.89,3503100
2025-04-20 20:00:00-04:00,45.90,46.18,45.30,46.15,3130300
2025-04-21 20:00:00-04:00,46.52,47.15,46.28,46.58,3166700
2025-04-22 20:00:00-04:00,46.60,47.06,45.85,46.18,2202900
2025-04-23 20:00:00-04:00,46.05,46.87,45.73,46.81,2151900
2025-04-24 20:00:00-04:00,46.78,46.78,45.94,46.30,2261700
2025-04-27 20:00:00-04:00,46.30,46.68,45.68,46.11,2095200
2025-04-28 20:00:00-04:00,45.98,46.17,45.64,45.85,1903200
2025-04-29 20:00:00-04:00,45.86,45.96,45.23,45.82,4366900
2025-04-30 20:00:00-04:00,45.55,46.27,45.31,45.66,2246800
2025-05-01 20:00:00-04:00,46.16,46.20,45.42,45.92,2691000
2025-05-04 20:00:00-04:00,45.49,45.87,45.35,45.58,3168800
2025-05-05 20:00:00-04:00,46.38,47.79,45.78,46.37,4916900
2025-05-06 20:00:00-04:00,46.29,46.47,45.49,45.95,4618300
2025-05-07 20:00:00-04:00,45.20,46.03,45.20,45.77,3126500
2025-05-08 20:00:00-04:00,45.71,46.67,45.49,46.57,3079700
2025-05-11 20:00:00-04:00,47.42,48.34,47.16,47.88,4470100
2025-05-12 20:00:00-04:00,47.69,49.30,47.51,48.64,4538700
2025-05-13 20:00:00-04:00,48.65,48.65,47.40,47.41,2896800
2025-05-14 20:00:00-04:00,47.13,47.21,45.69,46.89,4177700
2025-05-15 20:00:00-04:00,46.93,48.13,46.76,48.10,3227600
2025-05-18 20:00:00-04:00,48.68,48.83,47.77,47.99,3395100
2025-05-19 20:00:00-04:00,47.98,48.50,47.68,48.13,2467900
2025-05-20 20:00:00-04:00,48.16,48.16,46.72,46.83,2805000
2025-05-21 20:00:00-04:00,46.38,46.69,45.92,46.50,2573600
2025-05-22 20:00:00-04:00,46.15,46.59,45.81,46.48,1674700
2025-05-26 20:00:00-04:00,46.83,47.23,46.44,47.14,2011600
2025-05-27 20:00:00-04:00,47.15,47.25,46.74,46.87,2229400
2025-05-28 20:00:00-04:00,46.90,47.16,46.48,46.89,1812900
2025-05-29 20:00:00-04:00,46.62,46.89,46.12,46.80,4963000
2025-06-01 20:00:00-04:00,46.80,46.80,45.84,46.63,2648100
2025-06-02 20:00:00-04:00,46.48,46.48,45.39,45.84,3690300
2025-06-03 20:00:00-04:00,45.74,46.02,45.42,45.80,3223400
2025-06-04 20:00:00-04:00,45.92,46.00,45.38,45.55,2287600
2025-06-05 20:00:00-04:00,45.97,46.31,45.81,45.97,2169600
2025-06-08 20:00:00-04:00,46.04,46.59,45.97,46.44,2332200
2025-06-09 20:00:00-04:00,46.53,47.44,46.51,47.25,2819600
2025-06-10 20:00:00-04:00,47.40,47.42,46.89,47.18,3330200
2025-06-11 20:00:00-04:00,46.88,48.19,46.73,48.14,3330000
2025-06-12 20:00:00-04:00,48.23,50.81,48.07,50.41,7556200
2025-06-15 20:00:00-04:00,50.69,52.97,50.65,52.51,8130450
2025-06-16 20:00:00-04:00,52.33,53.20,52.09,52.45,5309400
2025-06-17 20:00:00-04:00,52.42,53.37,52.27,52.34,4620900
2025-06-19 20:00:00-04:00,52.63,52.79,51.69,51.97,8130450
2025-06-22 20:00:00-04:00,51.71,52.23,51.07,51.21,3640900
2025-06-23 20:00:00-04:00,50.80,51.70,50.75,51.31,4966100
2025-06-24 20:00:00-04:00,51.04,51.29,50.13,50.70,4524700
2025-06-25 20:00:00-04:00,50.96,51.91,50.88,51.55,3598200
2025-06-26 20:00:00-04:00,51.56,51.65,49.77,50.39,4770100
2025-06-29 20:00:00-04:00,50.41,51.51,50.07,51.17,4198800
2025-06-30 20:00:00-04:00,51.07,52.95,50.96,52.79,5012100
2025-07-01 20:00:00-04:00,53.22,54.27,52.64,54.19,4662400
2025-07-02 20:00:00-04:00,54.29,54.65,53.20,53.62,2259900
2025-07-06 20:00:00-04:00,53.20,53.78,52.81,52.86,2761100
2025-07-07 20:00:00-04:00,52.94,53.62,52.75,52.88,3015300
2025-07-08 20:00:00-04:00,52.87,53.01,51.59,52.35,3184500
2025-07-09 20:00:00-04:00,52.38,53.88,51.88,53.21,3013500
2025-07-10 20:00:00-04:00,52.91,53.46,52.46,53.26,2190000
2025-07-13 20:00:00-04:00,53.10,53.30,52.30,52.64,2313600
2025-07-14 20:00:00-04:00,52.44,52.59,51.89,52.09,3548800
2025-07-15 20:00:00-04:00,51.94,52.47,51.67,52.35,3487300
2025-07-16 20:00:00-04:00,51.45,52.11,50.63,51.90,4503700
2025-07-17 20:00:00-04:00,51.99,52.78,51.81,52.73,2983000
2025-07-20 20:00:00-04:00,52.93,53.37,52.48,52.50,2069900
2025-07-21 20:00:00-04:00,52.48,53.78,52.45,53.72,2365600
2025-07-22 20:00:00-04:00,53.83,54.67,53.72,54.50,2589600
2025-07-23 20:00:00-04:00,54.42,54.50,53.74,53.81,2346800
2025-07-24 20:00:00-04:00,53.57,53.74,52.42,53.66,2684300
2025-07-27 20:00:00-04:00,53.25,53.32,52.65,53.09,1751300
2025-07-28 20:00:00-04:00,53.29,53.29,52.17,52.54,3370700
2025-07-29 20:00:00-04:00,52.72,54.19,52.61,53.51,3352600
2025-07-30 20:00:00-04:00,53.10,53.34,52.32,52.53,3986300
2025-07-31 20:00:00-04:00,52.50,52.84,51.34,52.21,2583100
2025-08-03 20:00:00-04:00,52.58,52.86,51.92,52.70,2530900
2025-08-04 20:00:00-04:00,52.88,55.97,52.88,55.86,5761300
2025-08-05 20:00:00-04:00,56.46,56.98,54.96,55.00,4889800
2025-08-06 20:00:00-04:00,55.66,56.27,54.83,56.09,3943600
2025-08-07 20:00:00-04:00,56.63,56.92,55.92,56.07,2694300
2025-08-10 20:00:00-04:00,56.62,57.08,56.06,56.50,3063300
2025-08-11 20:00:00-04:00,56.68,57.86,56.37,56.77,3844500
2025-08-12 20:00:00-04:00,56.71,58.00,55.73,57.99,4223900
2025-08-13 20:00:00-04:00,58.17,58.24,57.02,57.51,3571600
2025-08-14 20:00:00-04:00,57.68,57.95,57.17,57.93,2935700
2025-08-17 20:00:00-04:00,57.77,57.99,57.46,57.85,3654500
2025-08-18 20:00:00-04:00,57.88,58.19,57.16,58.13,3475500
2025-08-19 20:00:00-04:00,58.45,59.40,58.32,59.38,4485500
2025-08-20 20:00:00-04:00,59.36,60.35,58.92,59.76,4190200
2025-08-21 20:00:00-04:00,59.99,61.99,59.62,61.52,5237100
2025-08-24 20:00:00-04:00,61.53,62.95,61.28,62.78,3365300
2025-08-25 20:00:00-04:00,62.52,62.52,61.24,61.42,4715200
2025-08-26 20:00:00-04:00,61.21,61.78,60.79,61.32,2896100
2025-08-27 20:00:00-04:00,61.42,61.51,60.58,61.27,3506900
2025-08-28 20:00:00-04:00,61.16,61.66,60.83,61.25,2760600
2025-09-01 20:00:00-04:00,61.16,61.41,60.25,60.67,3837800
2025-09-02 20:00:00-04:00,60.39,60.41,59.76,60.35,3028500
2025-09-03 20:00:00-04:00,60.50,60.81,59.98,60.56,2691200
2025-09-04 20:00:00-04:00,60.56,61.63,60.28,61.54,2656400
2025-09-07 20:00:00-04:00,61.44,61.84,60.03,60.92,4161500
2025-09-08 20:00:00-04:00,60.96,61.33,60.68,60.81,2316900
2025-09-09 20:00:00-04:00,60.64,60.86,58.25,60.05,3606200
2025-09-10 20:00:00-04:00,60.01,60.31,59.44,60.06,2909300
2025-09-11 20:00:00-04:00,59.94,60.40,59.80,60.20,2289900
2025-09-14 20:00:00-04:00,60.04,60.23,59.17,59.18,3085800
2025-09-15 20:00:00-04:00,59.42,61.52,58.59,60.96,4665400
2025-09-16 20:00:00-04:00,60.77,61.24,59.70,59.73,3084000
2025-09-17 20:00:00-04:00,59.91,59.91,59.28,59.48,2837700
2025-09-18 20:00:00-04:00,59.55,60.50,59.39,60.28,8130450
2025-09-21 20:00:00-04:00,59.87,59.97,57.16,58.53,4342500
2025-09-22 20:00:00-04:00,58.58,60.23,58.58,59.35,3624600
2025-09-23 20:00:00-04:00,59.67,60.67,59.56,60.11,2537600
2025-09-24 20:00:00-04:00,60.61,60.90,59.66,59.71,2939400
2025-09-25 20:00:00-04:00,59.95,60.17,58.04,59.25,5878800
2025-09-28 20:00:00-04:00,59.29,59.33,58.03,58.97,4268100
2025-09-29 20:00:00-04:00,58.86,59.23,58.36,58.41,3233600
2025-09-30 20:00:00-04:00,58.74,58.98,56.88,57.93,3650700
2025-10-01 20:00:00-04:00,57.76,58.19,57.58,57.80,2725200
2025-10-02 20:00:00-04:00,57.60,59.89,57.52,59.68,4260900
2025-10-05 20:00:00-04:00,59.69,61.79,59.26,61.06,4057800
2025-10-06 20:00:00-04:00,60.94,62.01,60.69,61.49,3486700
2025-10-07 20:00:00-04:00,61.57,62.15,59.46,60.84,4711300
2025-10-08 20:00:00-04:00,60.90,61.71,59.69,59.95,3706600
2025-10-09 20:00:00-04:00,59.90,60.66,59.45,59.49,4527500
2025-10-12 20:00:00-04:00,59.68,61.05,59.31,60.27,3609400
2025-10-13 20:00:00-04:00,59.40,61.00,57.12,60.48,6127600
2025-10-14 20:00:00-04:00,61.64,63.14,60.84,61.97,5344100
2025-10-15 20:00:00-04:00,62.13,62.75,61.40,61.50,3638000
2025-10-16 20:00:00-04:00,60.96,61.95,60.49,61.92,3048600
2025-10-19 20:00:00-04:00,62.30,62.57,61.52,61.79,2124500
2025-10-20 20:00:00-04:00,61.70,61.92,59.71,60.35,2822600
2025-10-21 20:00:00-04:00,60.37,61.41,59.82,60.53,2193200
2025-10-22 20:00:00-04:00,61.11,61.60,60.52,61.12,2047800
2025-10-23 20:00:00-04:00,61.11,62.46,61.11,61.92,1916900
2025-10-26 20:00:00-04:00,63.32,63.56,60.14,60.56,3409400
2025-10-27 20:00:00-04:00,60.15,60.80,59.72,60.01,2104200
2025-10-28 20:00:00-04:00,59.62,59.97,59.05,59.18,3183200
2025-10-29 20:00:00-04:00,59.64,60.00,59.27,59.34,2521000
2025-10-30 20:00:00-04:00,59.02,59.49,58.28,59.18,4037500
2025-11-02 19:00:00-05:00,58.76,59.67,58.23,58.75,3877300
2025-11-03 19:00:00-05:00,54.90,60.52,54.36,58.78,8130450
2025-11-04 19:00:00-05:00,57.37,57.48,54.87,55.04,5743600
2025-11-05 19:00:00-05:00,54.88,56.11,54.88,55.46,4019000
2025-11-06 19:00:00-05:00,55.72,55.72,54.97,55.71,3739900
2025-11-09 19:00:00-05:00,55.79,55.79,54.34,54.76,4063200
2025-11-10 19:00:00-05:00,55.12,56.41,54.78,56.35,3394100
2025-11-11 19:00:00-05:00,55.90,56.87,55.75,56.47,3130700
2025-11-12 19:00:00-05:00,56.60,58.39,56.56,57.52,3691400
2025-11-13 19:00:00-05:00,57.44,58.45,56.77,57.31,3103300
2025-11-16 19:00:00-05:00,57.32,58.37,57.13,57.43,2404600
2025-11-17 19:00:00-05:00,57.67,59.77,56.96,59.67,3312200
2025-11-18 19:00:00-05:00,59.46,59.72,56.01,57.42,5265200
2025-11-19 19:00:00-05:00,57.43,58.17,57.04,57.06,2997400
2025-11-20 19:00:00-05:00,57.16,58.46,56.93,57.81,3103700
2025-11-23 19:00:00-05:00,57.59,58.12,57.13,57.83,5782000
2025-11-24 19:00:00-05:00,58.13,58.97,57.92,58.87,2315700
2025-11-25 19:00:00-05:00,58.72,60.20,58.72,59.70,2159200
2025-11-27 19:00:00-05:00,59.59,60.23,59.57,59.89,1139800
2025-11-30 19:00:00-05:00,60.02,60.51,59.59,59.67,2450000
2025-12-01 19:00:00-05:00,59.62,59.81,59.13,59.47,1800900
2025-12-02 19:00:00-05:00,59.83,60.31,58.83,58.96,2239200
2025-12-03 19:00:00-05:00,59.14,59.23,57.14,58.53,2924700
2025-12-04 19:00:00-05:00,58.29,58.76,58.15,58.18,1925500
2025-12-07 19:00:00-05:00,58.08,58.15,57.05,57.13,2428400
2025-12-08 19:00:00-05:00,57.05,58.28,56.99,57.26,2543500
2025-12-09 19:00:00-05:00,57.47,58.17,56.37,57.40,2961900
2025-12-10 19:00:00-05:00,57.60,59.12,57.60,59.08,2427400
2025-12-11 19:00:00-05:00,59.32,59.74,58.29,59.17,2996600
2025-12-14 19:00:00-05:00,58.86,59.53,58.22,59.36,2645900
2025-12-15 19:00:00-05:00,57.96,58.79,57.08,57.17,3847900
2025-12-16 19:00:00-05:00,57.74,58.53,57.31,57.74,2901100
2025-12-17 19:00:00-05:00,57.64,58.26,57.47,57.48,2871200
2025-12-18 19:00:00-05:00,57.37,57.92,56.84,57.43,7828800
2025-12-21 19:00:00-05:00,57.05,57.51,56.68,57.04,2329000
2025-12-22 19:00:00-05:00,57.03,57.21,56.49,56.67,2073100
2025-12-23 19:00:00-05:00,57.00,57.29,56.84,56.97,767800
2025-12-25 19:00:00-05:00,56.90,57.14,56.74,57.10,1172200
2025-12-28 19:00:00-05:00,57.09,57.62,56.91,57.41,1764800
2025-12-29 19:00:00-05:00,57.44,57.89,57.22,57.36,2017400
2025-12-30 19:00:00-05:00,57.29,57.45,56.66,56.69,1589500
2026-01-01 19:00:00-05:00,56.64,58.52,56.41,58.22,2972200
2026-01-04 19:00:00-05:00,57.66,58.83,57.00,58.75,3684400
2026-01-05 19:00:00-05:00,59.07,60.21,58.27,59.64,4020400
2026-01-06 19:00:00-05:00,59.42,59.54,57.35,57.70,3181700
2026-01-07 19:00:00-05:00,57.35,61.51,57.35,60.33,4790200
2026-01-08 19:00:00-05:00,60.91,61.55,60.09,61.07,3568000
2026-01-11 19:00:00-05:00,61.35,61.87,60.98,61.33,2758800
2026-01-12 19:00:00-05:00,61.33,62.53,61.14,62.49,2717600
2026-01-13 19:00:00-05:00,62.75,64.79,62.75,63.70,5476100
2026-01-14 19:00:00-05:00,63.52,65.70,63.46,65.64,5085300
2026-01-15 19:00:00-05:00,65.08,65.60,64.05,64.27,3660600
2026-01-19 19:00:00-05:00,63.99,65.24,63.05,64.96,4052000
2026-01-20 19:00:00-05:00,65.15,66.89,64.51,66.75,3769800
2026-01-21 19:00:00-05:00,66.89,67.10,65.94,66.18,3993800
2026-01-22 19:00:00-05:00,66.64,67.11,65.76,66.57,3013600
2026-01-25 19:00:00-05:00,66.87,66.94,66.07,66.43,2752100
2026-01-26 19:00:00-05:00,66.32,67.49,65.92,67.28,2586200
2026-01-27 19:00:00-05:00,67.87,68.77,66.11,66.46,3237700
2026-01-28 19:00:00-05:00,67.02,68.09,65.92,65.98,5621200
2026-01-29 19:00:00-05:00,65.59,66.40,65.23,66.37,5377200
2026-02-01 19:00:00-05:00,66.24,67.41,65.84,67.13,5608000
2026-02-02 19:00:00-05:00,61.55,67.29,61.53,66.45,7404700
2026-02-03 19:00:00-05:00,66.18,66.93,65.60,66.40,5968600
2026-02-04 19:00:00-05:00,66.62,66.62,63.95,64.52,3169900
2026-02-05 19:00:00-05:00,64.46,66.86,64.31,65.40,2761900
2026-02-08 19:00:00-05:00,65.41,66.63,64.58,66.41,3274900
2026-02-09 19:00:00-05:00,66.64,67.72,66.32,67.66,3194600
2026-02-10 19:00:00-05:00,67.94,68.96,67.49,68.33,6428800
2026-02-11 19:00:00-05:00,68.30,69.11,67.63,68.53,3508100
2026-02-12 19:00:00-05:00,68.16,69.08,67.41,68.54,3063800
2026-02-16 19:00:00-05:00,68.32,68.70,66.11,68.12,3993600
2026-02-17 19:00:00-05:00,67.78,68.41,66.76,67.08,3578600
2026-02-18 19:00:00-05:00,67.25,68.53,66.78,68.41,2748700
2026-02-19 19:00:00-05:00,68.55,68.75,67.16,67.44,2697800
2026-02-22 19:00:00-05:00,67.42,68.94,66.99,67.25,2177000
2026-02-23 19:00:00-05:00,67.21,68.27,66.44,67.57,2350700
2026-02-24 19:00:00-05:00,67.62,68.12,65.45,67.01,2677600
2026-02-25 19:00:00-05:00,66.97,67.81,66.37,66.98,2729900
2026-02-26 19:00:00-05:00,66.99,68.65,66.39,68.59,5021100
2026-03-01 19:00:00-05:00,69.04,70.02,67.82,69.15,3032700
2026-03-02 19:00:00-05:00,67.99,68.20,66.73,67.54,3012000
2026-03-03 19:00:00-05:00,67.85,68.05,66.28,66.78,2453500
2026-03-04 19:00:00-05:00,66.58,66.63,65.53,66.09,2873900
2026-03-05 19:00:00-05:00,66.50,67.58,65.07,67.00,3399100
2026-03-08 20:00:00-04:00,67.07,68.29,65.88,67.48,3646300
2026-03-09 20:00:00-04:00,68.04,69.39,66.65,68.94,5133600
2026-03-10 20:00:00-04:00,68.48,70.96,68.46,70.37,5839200
2026-03-11 20:00:00-04:00,71.03,73.24,70.06,72.03,5544300
2026-03-12 20:00:00-04:00,73.02,73.22,70.93,71.51,4379200
2026-03-15 20:00:00-04:00,71.43,71.68,69.90,70.29,4235500
2026-03-16 20:00:00-04:00,70.90,72.65,70.53,71.65,3915800
2026-03-17 20:00:00-04:00,71.53,71.72,70.40,70.41,3812500
2026-03-18 20:00:00-04:00,69.96,70.16,67.68,68.19,5365700
2026-03-19 20:00:00-04:00,68.37,68.37,64.64,65.74,8130450
2026-03-22 20:00:00-04:00,65.81,68.02,65.51,67.54,3416900
2026-03-23 20:00:00-04:00,67.92,71.13,67.66,70.97,2921900
2026-03-24 20:00:00-04:00,70.44,71.42,70.03,71.19,2905800
2026-03-25 20:00:00-04:00,71.02,73.20,70.76,71.86,3464700
2026-03-26 20:00:00-04:00,71.53,73.70,71.24,71.76,6175600
2026-03-29 20:00:00-04:00,72.69,73.60,71.10,71.28,4062400
2026-03-30 20:00:00-04:00,71.66,72.87,71.16,72.21,4043400
2026-03-31 20:00:00-04:00,72.84,73.36,71.21,71.90,3825000
2026-04-01 20:00:00-04:00,72.28,73.51,71.60,73.35,3406600
2026-04-05 20:00:00-04:00,73.03,73.35,72.13,72.90,1772700
2026-04-06 20:00:00-04:00,72.90,73.21,71.15,71.68,2679500
2026-04-07 20:00:00-04:00,68.37,71.29,67.23,71.25,3824800
2026-04-08 20:00:00-04:00,71.16,72.18,69.39,69.89,3170900
2026-04-09 20:00:00-04:00,70.07,70.67,69.03,69.27,2918500
2026-04-12 20:00:00-04:00,70.08,70.53,68.65,69.36,2663600
2026-04-13 20:00:00-04:00,69.19,69.44,68.13,68.39,2831500
2026-04-14 20:00:00-04:00,67.90,68.19,66.42,66.51,3245000
2026-04-15 20:00:00-04:00,66.73,68.27,66.27,68.23,3033000
2026-04-16 20:00:00-04:00,66.51,66.81,65.63,66.60,4257200
2026-04-19 20:00:00-04:00,67.23,68.02,66.86,67.92,3488500
2026-04-20 20:00:00-04:00,68.23,69.46,67.58,69.37,2906800
2026-04-21 20:00:00-04:00,69.65,70.06,68.71,68.98,2182200
2026-04-22 20:00:00-04:00,69.00,70.06,69.00,69.57,2075800
2026-04-23 20:00:00-04:00,69.57,69.81,68.22,68.78,1934100
2026-04-26 20:00:00-04:00,69.05,70.28,68.81,70.08,4208800
2026-04-27 20:00:00-04:00,71.11,72.44,70.20,72.32,3823800
2026-04-28 20:00:00-04:00,72.67,74.40,72.67,73.78,5136000
2026-04-29 20:00:00-04:00,73.44,75.28,72.91,74.05,5001700
2026-04-30 20:00:00-04:00,74.15,74.96,73.57,74.45,3823700
2026-05-03 20:00:00-04:00,74.51,76.86,74.13,75.77,5003400
2026-05-04 20:00:00-04:00,75.77,81.21,75.13,78.67,8130450
2026-05-05 20:00:00-04:00,78.59,78.98,75.50,77.51,5584500
2026-05-06 20:00:00-04:00,77.89,79.20,76.14,77.02,4879600
2026-05-07 20:00:00-04:00,77.06,77.78,76.56,77.15,2916900
2026-05-10 20:00:00-04:00,77.58,79.39,77.49,79.32,3377600
2026-05-11 20:00:00-04:00,79.48,81.33,78.87,80.20,4293800
2026-05-12 20:00:00-04:00,80.74,82.56,80.13,82.35,4140000
2026-05-13 20:00:00-04:00,82.25,82.25,80.47,80.88,2717600
2026-05-14 20:00:00-04:00,80.49,81.34,78.91,79.87,4574600
2026-05-17 20:00:00-04:00,80.35,80.85,78.67,80.38,3087600
2026-05-18 20:00:00-04:00,80.27,80.37,77.75,78.87,4489600
2026-05-19 20:00:00-04:00,79.01,79.20,77.06,77.55,3654800
2026-05-20 20:00:00-04:00,77.87,78.81,77.03,77.12,3411800
2026-05-21 20:00:00-04:00,77.28,78.61,77.06,77.52,2468300
2026-05-25 20:00:00-04:00,77.85,79.23,76.85,78.01,3308100
2026-05-26 20:00:00-04:00,77.85,80.38,77.26,79.55,3953200
2026-05-27 20:00:00-04:00,79.05,81.06,79.05,80.04,3683600
2026-05-28 20:00:00-04:00,79.91,80.79,79.54,79.78,5862500
2026-05-31 20:00:00-04:00,79.72,82.83,79.05,82.62,2983000
2026-06-01 20:00:00-04:00,82.86,83.60,81.65,82.46,4174200
2026-06-02 20:00:00-04:00,82.90,85.37,82.43,84.11,3559600
2026-06-03 20:00:00-04:00,83.13,84.74,82.56,83.37,2689000
2026-06-04 20:00:00-04:00,83.00,83.19,80.87,80.92,3512900
2026-06-07 20:00:00-04:00,82.01,82.69,80.19,80.22,3645900
2026-06-08 20:00:00-04:00,80.00,80.38,79.07,80.12,2951600
2026-06-09 20:00:00-04:00,80.49,82.55,80.12,81.28,3086100
2026-06-10 20:00:00-04:00,81.64,81.64,78.86,78.90,3379900
2026-06-11 20:00:00-04:00,79.17,80.25,78.18,80.24,2033500
2026-06-14 20:00:00-04:00,79.06,79.42,77.72,79.27,3456600
2026-06-15 20:00:00-04:00,79.05,79.25,77.52,78.02,2875500
2026-06-16 20:00:00-04:00,77.50,77.50,75.60,76.50,3450300
2026-06-17 20:00:00-04:00,76.66,76.66,74.28,75.10,8130450
2026-06-21 20:00:00-04:00,75.45,76.52,74.52,76.29,3567700
2026-06-22 20:00:00-04:00,76.03,76.75,75.68,75.84,3369300
2026-06-23 20:00:00-04:00,75.98,75.98,71.62,75.08,5438800
2026-06-24 20:00:00-04:00,74.80,76.62,74.65,76.54,4129500
2026-06-25 20:00:00-04:00,76.44,78.13,76.28,76.79,4072300
2026-06-28 20:00:00-04:00,77.09,77.80,76.43,76.87,3019400
