Date,Open,High,Low,Close,Volume
2018-07-01 20:00:00-04:00,160.59,161.79,159.16,161.57,1053079.00
2018-07-02 20:00:00-04:00,162.05,163.15,161.18,162.64,886323.00
2018-07-04 20:00:00-04:00,163.08,164.07,162.52,163.79,1245129.00
2018-07-05 20:00:00-04:00,164.13,165.65,163.58,164.25,1065596.00
2018-07-08 20:00:00-04:00,165.12,166.06,164.83,165.47,1205754.00
2018-07-09 20:00:00-04:00,165.70,166.20,164.79,165.39,1330398.00
2018-07-10 20:00:00-04:00,164.53,166.06,163.85,165.45,1266902.00
2018-07-11 20:00:00-04:00,166.02,167.14,165.53,166.87,829478.00
2018-07-12 20:00:00-04:00,167.53,167.64,166.68,167.12,674456.00
2018-07-15 20:00:00-04:00,166.75,167.04,165.47,165.78,784236.00
2018-07-16 20:00:00-04:00,165.93,167.99,165.49,167.56,946820.00
2018-07-17 20:00:00-04:00,167.56,168.11,166.12,166.47,785539.00
2018-07-18 20:00:00-04:00,166.41,168.10,165.53,167.03,1315534.00
2018-07-19 20:00:00-04:00,166.38,167.96,166.38,167.07,931565.00
2018-07-22 20:00:00-04:00,166.68,168.15,166.44,167.87,606267.00
2018-07-23 20:00:00-04:00,168.10,169.03,167.19,168.05,1082676.00
2018-07-24 20:00:00-04:00,166.82,170.12,166.37,169.86,951513.00
2018-07-25 20:00:00-04:00,170.16,170.93,168.43,170.00,1254125.00
2018-07-26 20:00:00-04:00,169.81,170.50,168.27,169.21,1445002.00
2018-07-29 20:00:00-04:00,168.96,169.50,166.47,167.22,1434702.00
2018-07-30 20:00:00-04:00,167.88,169.73,167.16,169.33,1584378.00
2018-07-31 20:00:00-04:00,169.11,170.76,168.56,169.08,1707326.00
2018-08-01 20:00:00-04:00,166.32,167.09,162.18,165.76,2558316.00
2018-08-02 20:00:00-04:00,166.80,168.04,165.52,167.13,1375900.00
2018-08-05 20:00:00-04:00,167.20,168.34,166.75,167.94,1235220.00
2018-08-06 20:00:00-04:00,167.88,168.25,167.16,167.71,988020.00
2018-08-07 20:00:00-04:00,168.39,170.54,167.97,170.02,1555303.00
2018-08-08 20:00:00-04:00,170.88,171.63,169.88,170.09,939127.00
2018-08-09 20:00:00-04:00,169.44,170.28,168.18,168.62,1754263.00
2018-08-12 20:00:00-04:00,168.75,169.79,167.45,167.88,964030.00
2018-08-13 20:00:00-04:00,167.92,169.98,167.54,169.35,813962.00
2018-08-14 20:00:00-04:00,168.96,170.25,168.01,169.77,1085544.00
2018-08-15 20:00:00-04:00,170.35,171.39,169.60,170.86,608353.00
2018-08-16 20:00:00-04:00,171.28,171.71,170.06,171.19,688537.00
2018-08-19 20:00:00-04:00,171.78,172.02,170.73,170.98,692448.00
2018-08-20 20:00:00-04:00,171.78,172.45,169.97,169.99,1101841.00
2018-08-21 20:00:00-04:00,169.49,171.38,168.43,171.01,640948.00
2018-08-22 20:00:00-04:00,171.56,172.23,170.93,171.67,628692.00
2018-08-23 20:00:00-04:00,171.78,173.00,171.68,172.73,583711.00
2018-08-26 20:00:00-04:00,173.41,173.76,172.23,173.34,618132.00
2018-08-27 20:00:00-04:00,173.72,174.48,173.39,174.25,845514.00
2018-08-28 20:00:00-04:00,174.15,175.83,174.15,175.40,1180461.00
2018-08-29 20:00:00-04:00,175.10,176.60,175.10,176.06,1017746.00
2018-08-30 20:00:00-04:00,175.68,177.65,175.68,177.10,1157253.00
2018-09-03 20:00:00-04:00,177.29,178.12,176.81,177.15,1485810.00
2018-09-04 20:00:00-04:00,176.50,176.87,173.57,174.20,1220096.00
2018-09-05 20:00:00-04:00,174.92,175.02,172.72,173.41,1793247.00
2018-09-06 20:00:00-04:00,172.62,173.63,172.13,172.53,1385939.00
2018-09-09 20:00:00-04:00,173.45,174.05,172.64,172.67,1050211.00
2018-09-10 20:00:00-04:00,172.12,173.68,171.75,173.08,1407974.00
2018-09-11 20:00:00-04:00,173.42,175.66,173.13,175.23,1698330.00
2018-09-12 20:00:00-04:00,176.06,177.51,175.84,177.03,1164685.00
2018-09-13 20:00:00-04:00,177.02,177.51,176.33,176.78,783845.00
2018-09-16 20:00:00-04:00,176.35,176.64,173.93,174.47,1197019.00
2018-09-17 20:00:00-04:00,174.18,176.69,174.05,176.18,1207710.00
2018-09-18 20:00:00-04:00,176.56,177.04,175.78,176.38,1119703.00
2018-09-19 20:00:00-04:00,177.15,177.95,176.63,177.64,1177853.00
2018-09-20 20:00:00-04:00,177.22,178.19,176.73,177.38,2243188.00
2018-09-23 20:00:00-04:00,176.85,178.23,176.74,177.98,1131568.00
2018-09-24 20:00:00-04:00,178.61,178.93,177.57,177.83,695577.00
2018-09-25 20:00:00-04:00,177.83,179.39,176.90,177.48,1074983.00
2018-09-26 20:00:00-04:00,177.82,177.82,176.25,176.35,656854.00
2018-09-27 20:00:00-04:00,176.12,177.66,175.51,177.03,1245781.00
2018-09-30 20:00:00-04:00,177.71,180.34,177.71,179.32,1325834.00
2018-10-01 20:00:00-04:00,179.17,179.53,177.57,179.00,927263.00
2018-10-02 20:00:00-04:00,178.42,178.69,175.21,175.47,1383723.00
2018-10-03 20:00:00-04:00,175.30,175.52,171.09,171.86,1394675.00
2018-10-04 20:00:00-04:00,171.89,172.89,170.53,172.13,1362732.00
2018-10-07 20:00:00-04:00,172.13,172.34,168.32,169.82,1153993.00
2018-10-08 20:00:00-04:00,169.37,171.10,168.61,169.91,784627.00
2018-10-09 20:00:00-04:00,169.18,169.56,164.27,164.67,1317751.00
2018-10-10 20:00:00-04:00,164.30,165.98,160.81,161.76,2171479.00
2018-10-11 20:00:00-04:00,164.59,166.46,162.74,164.57,1579032.00
2018-10-14 20:00:00-04:00,164.45,164.72,161.64,161.64,1466775.00
2018-10-15 20:00:00-04:00,162.72,165.89,161.92,165.70,2195990.00
2018-10-16 20:00:00-04:00,165.45,166.59,164.59,166.17,1055165.00
2018-10-17 20:00:00-04:00,166.28,166.28,161.54,162.65,1078243.00
2018-10-18 20:00:00-04:00,162.22,163.41,160.94,161.49,1624535.00
2018-10-21 20:00:00-04:00,162.02,162.44,159.48,159.63,1240826.00
2018-10-22 20:00:00-04:00,157.48,157.93,154.05,156.93,2358835.00
2018-10-23 20:00:00-04:00,157.10,158.69,153.76,154.21,1779557.00
2018-10-24 20:00:00-04:00,155.25,158.11,153.75,156.99,1612409.00
2018-10-25 20:00:00-04:00,155.19,157.37,153.46,155.33,1680859.00
2018-10-28 20:00:00-04:00,157.29,158.00,152.84,154.99,1037303.00
2018-10-29 20:00:00-04:00,155.48,156.94,153.94,156.41,1569384.00
2018-10-30 20:00:00-04:00,157.98,158.78,156.15,156.34,2049182.00
2018-10-31 20:00:00-04:00,156.06,158.93,155.84,158.83,1412146.00
2018-11-01 20:00:00-04:00,159.80,161.32,157.38,159.79,1580075.00
2018-11-04 19:00:00-05:00,159.88,161.68,159.13,160.97,2394950.00
2018-11-05 19:00:00-05:00,153.33,163.50,152.61,163.26,3499269.00
2018-11-06 19:00:00-05:00,164.70,164.86,160.07,160.66,3686494.00
2018-11-07 19:00:00-05:00,160.62,165.87,160.27,165.83,2012285.00
2018-11-08 19:00:00-05:00,164.30,165.58,162.79,165.00,1311362.00
2018-11-11 19:00:00-05:00,164.89,164.89,160.15,160.22,1315925.00
2018-11-12 19:00:00-05:00,160.40,162.22,158.24,159.06,1218140.00
2018-11-13 19:00:00-05:00,160.07,160.92,158.42,159.56,1162729.00
2018-11-14 19:00:00-05:00,158.66,162.92,157.65,162.82,1347477.00
2018-11-15 19:00:00-05:00,161.95,168.30,161.63,166.91,1622970.00
2018-11-18 19:00:00-05:00,166.80,167.98,164.27,165.09,1209796.00
2018-11-19 19:00:00-05:00,164.08,164.72,161.46,162.35,2284779.00
2018-11-20 19:00:00-05:00,163.55,165.77,163.15,164.17,1301584.00
2018-11-22 19:00:00-05:00,163.33,165.25,162.92,164.16,465978.00
2018-11-25 19:00:00-05:00,165.03,165.72,164.14,164.21,1470947.00
2018-11-26 19:00:00-05:00,163.69,165.39,162.41,165.17,1177462.00
2018-11-27 19:00:00-05:00,165.37,169.34,165.33,169.33,1389851.00
2018-11-28 19:00:00-05:00,168.67,170.53,168.31,169.64,1255038.00
2018-11-29 19:00:00-05:00,169.83,171.82,169.11,171.44,1754393.00
2018-12-02 19:00:00-05:00,172.24,173.67,170.57,171.31,1822712.00
2018-12-03 19:00:00-05:00,171.44,171.80,165.87,166.13,1894030.00
2018-12-05 19:00:00-05:00,164.51,165.02,159.27,163.62,2518550.00
2018-12-06 19:00:00-05:00,163.97,164.62,158.95,159.53,1538614.00
2018-12-09 19:00:00-05:00,159.30,161.47,156.50,160.88,1149300.00
2018-12-10 19:00:00-05:00,162.54,164.38,159.91,161.04,1391546.00
2018-12-11 19:00:00-05:00,163.00,164.50,160.17,160.29,1316447.00
2018-12-12 19:00:00-05:00,161.03,162.21,159.72,161.19,1460256.00
2018-12-13 19:00:00-05:00,159.44,159.65,156.86,157.49,1471078.00
2018-12-16 19:00:00-05:00,156.50,156.70,152.70,153.68,1531052.00
2018-12-17 19:00:00-05:00,155.04,155.14,150.46,151.85,1673558.00
2018-12-18 19:00:00-05:00,152.61,155.61,150.14,151.22,2160788.00
2018-12-19 19:00:00-05:00,150.33,151.82,146.81,147.99,2534066.00
2018-12-20 19:00:00-05:00,147.48,149.73,145.57,145.79,3674500.00
2018-12-23 19:00:00-05:00,145.25,145.46,142.76,142.79,1183590.00
2018-12-25 19:00:00-05:00,143.18,148.26,141.96,148.24,1277985.00
2018-12-26 19:00:00-05:00,146.59,151.23,145.64,151.21,1550479.00
2018-12-27 19:00:00-05:00,152.34,152.67,150.39,151.05,1063249.00
2018-12-30 19:00:00-05:00,152.24,153.72,151.62,153.32,867679.00
2019-01-01 19:00:00-05:00,151.04,151.75,148.49,149.75,1534312.00
2019-01-02 19:00:00-05:00,148.40,148.85,143.39,143.71,2464182.00
2019-01-03 19:00:00-05:00,145.14,148.74,145.14,147.65,2574744.00
2019-01-06 19:00:00-05:00,147.54,151.56,147.21,148.77,2164960.00
2019-01-07 19:00:00-05:00,149.85,151.75,149.60,151.54,1475902.00
2019-01-08 19:00:00-05:00,152.60,155.83,152.30,154.77,1546176.00
2019-01-09 19:00:00-05:00,154.01,156.29,153.33,156.13,1096626.00
2019-01-10 19:00:00-05:00,155.40,156.18,154.18,155.74,1222182.00
2019-01-13 19:00:00-05:00,154.74,155.95,154.02,154.04,1234177.00
2019-01-14 19:00:00-05:00,154.47,157.28,154.47,157.04,1102624.00
2019-01-15 19:00:00-05:00,157.59,158.53,156.61,157.37,1011749.00
2019-01-16 19:00:00-05:00,159.97,161.34,157.87,160.66,2153095.00
2019-01-17 19:00:00-05:00,161.48,164.84,160.79,164.72,1761955.00
2019-01-21 19:00:00-05:00,163.80,164.47,161.64,162.76,1382810.00
2019-01-22 19:00:00-05:00,162.66,163.94,160.61,162.72,943169.00
2019-01-23 19:00:00-05:00,162.38,164.00,161.67,163.80,1067551.00
2019-01-24 19:00:00-05:00,164.67,166.56,163.94,165.39,1607194.00
2019-01-27 19:00:00-05:00,164.07,164.81,163.11,164.56,965725.00
2019-01-28 19:00:00-05:00,164.59,166.56,164.49,164.98,1296108.00
2019-01-29 19:00:00-05:00,165.32,167.66,164.55,167.04,1119573.00
2019-01-30 19:00:00-05:00,166.55,170.03,165.61,169.75,2027539.00
2019-01-31 19:00:00-05:00,169.62,170.19,167.05,168.36,1306668.00
2019-02-03 19:00:00-05:00,168.07,168.75,166.15,168.18,1280332.00
2019-02-04 19:00:00-05:00,168.75,172.84,164.26,164.95,2770575.00
2019-02-05 19:00:00-05:00,164.83,167.01,164.59,165.40,1630923.00
2019-02-06 19:00:00-05:00,164.16,165.50,163.28,164.37,1252821.00
2019-02-07 19:00:00-05:00,163.77,164.85,161.78,164.81,1280201.00
2019-02-10 19:00:00-05:00,165.33,166.58,164.50,165.20,999232.00
2019-02-11 19:00:00-05:00,165.83,167.75,164.92,167.57,1428313.00
2019-02-12 19:00:00-05:00,168.24,168.57,166.53,166.75,1140303.00
2019-02-13 19:00:00-05:00,166.24,167.36,165.35,166.38,1130525.00
2019-02-14 19:00:00-05:00,168.01,169.02,166.71,168.98,1926495.00
2019-02-18 19:00:00-05:00,168.51,169.16,168.07,168.78,952165.00
2019-02-19 19:00:00-05:00,168.54,169.56,168.02,169.47,1122963.00
2019-02-20 19:00:00-05:00,169.47,169.47,167.66,168.54,908749.00
2019-02-21 19:00:00-05:00,168.88,170.01,168.66,169.88,875632.00
2019-02-24 19:00:00-05:00,170.51,171.47,170.11,170.30,1360776.00
2019-02-25 19:00:00-05:00,170.26,170.52,168.80,169.51,1025830.00
2019-02-26 19:00:00-05:00,168.72,170.33,168.61,170.31,918657.00
2019-02-27 19:00:00-05:00,170.26,171.36,169.17,169.29,1583987.00
2019-02-28 19:00:00-05:00,170.47,173.16,170.05,173.09,1275899.00
2019-03-03 19:00:00-05:00,173.82,173.94,170.02,172.06,1072245.00
2019-03-04 19:00:00-05:00,172.05,172.07,170.20,171.63,748512.00
2019-03-05 19:00:00-05:00,171.82,171.94,168.37,169.15,1102102.00
2019-03-06 19:00:00-05:00,169.24,169.47,167.55,168.37,937693.00
2019-03-07 19:00:00-05:00,167.65,168.60,166.26,168.40,1049429.00
2019-03-10 20:00:00-04:00,169.21,170.62,169.09,170.60,833780.00
2019-03-11 20:00:00-04:00,171.19,172.25,170.68,171.04,1076026.00
2019-03-12 20:00:00-04:00,171.86,174.01,171.52,173.12,1044996.00
2019-03-13 20:00:00-04:00,173.20,173.20,171.54,172.19,1141086.00
2019-03-14 20:00:00-04:00,172.56,175.53,172.39,173.32,2627418.00
2019-03-17 20:00:00-04:00,170.13,170.13,165.21,167.00,2546843.00
2019-03-18 20:00:00-04:00,167.02,169.04,165.61,168.98,1773690.00
2019-03-19 20:00:00-04:00,169.02,169.02,165.31,165.97,1755436.00
2019-03-20 20:00:00-04:00,165.83,167.69,165.59,167.52,1450347.00
2019-03-21 20:00:00-04:00,166.84,167.05,163.84,163.90,1426618.00
2019-03-24 20:00:00-04:00,164.31,164.85,162.59,164.67,1491417.00
2019-03-25 20:00:00-04:00,166.10,169.30,166.10,168.59,1800417.00
2019-03-26 20:00:00-04:00,168.74,169.21,166.66,167.64,1402758.00
2019-03-27 20:00:00-04:00,167.99,168.86,167.00,168.59,1290762.00
2019-03-28 20:00:00-04:00,169.45,170.64,168.72,170.46,1934318.00
2019-03-31 20:00:00-04:00,171.24,172.52,170.77,171.59,1462864.00
2019-04-01 20:00:00-04:00,171.60,172.02,170.92,171.15,1280201.00
2019-04-02 20:00:00-04:00,171.69,171.70,169.52,170.23,1791552.00
2019-04-03 20:00:00-04:00,170.56,171.93,169.56,171.73,1506802.00
2019-04-04 20:00:00-04:00,172.36,173.13,171.28,171.52,1923105.00
2019-04-07 20:00:00-04:00,171.71,171.89,170.03,171.32,1623361.00
2019-04-08 20:00:00-04:00,170.19,170.96,169.04,170.49,1748526.00
2019-04-09 20:00:00-04:00,170.60,173.26,170.23,172.16,1088803.00
2019-04-10 20:00:00-04:00,172.83,172.92,171.49,171.82,1250866.00
2019-04-11 20:00:00-04:00,172.42,173.10,168.16,168.40,1745006.00
2019-04-14 20:00:00-04:00,168.45,169.07,167.36,168.05,1437179.00
2019-04-15 20:00:00-04:00,168.94,170.01,163.57,163.83,2033015.00
2019-04-16 20:00:00-04:00,164.30,164.30,151.20,154.17,5580037.25
2019-04-17 20:00:00-04:00,154.26,157.59,152.64,155.55,3315172.00
2019-04-21 20:00:00-04:00,155.03,156.67,153.31,153.61,1942140.00
2019-04-22 20:00:00-04:00,153.62,157.84,153.09,155.65,3334208.00
2019-04-23 20:00:00-04:00,155.54,159.23,154.32,158.70,2306161.00
2019-04-24 20:00:00-04:00,158.20,162.70,157.47,162.06,2368874.00
2019-04-25 20:00:00-04:00,162.80,163.13,161.13,162.53,1052036.00
2019-04-28 20:00:00-04:00,161.98,163.09,160.88,161.57,1438352.00
2019-04-29 20:00:00-04:00,162.06,164.47,159.66,164.32,2357140.00
2019-04-30 20:00:00-04:00,164.01,164.32,160.47,160.85,1222312.00
2019-05-01 20:00:00-04:00,160.83,162.24,159.93,161.54,1244607.00
2019-05-02 20:00:00-04:00,162.38,162.52,161.03,162.38,1206537.00
2019-05-05 20:00:00-04:00,159.80,163.07,158.79,162.81,1830144.00
2019-05-06 20:00:00-04:00,161.63,162.12,157.67,158.73,1939924.00
2019-05-07 20:00:00-04:00,159.07,159.73,157.46,158.58,2034189.00
2019-05-08 20:00:00-04:00,153.55,158.02,151.87,156.85,3803054.00
2019-05-09 20:00:00-04:00,155.81,156.85,152.60,153.85,3242811.00
2019-05-12 20:00:00-04:00,152.21,155.86,151.87,152.68,2098205.00
2019-05-13 20:00:00-04:00,152.77,155.00,152.06,152.10,1837315.00
2019-05-14 20:00:00-04:00,151.58,155.07,151.17,153.86,1876299.00
2019-05-15 20:00:00-04:00,153.92,155.65,153.25,154.21,1997161.00
2019-05-16 20:00:00-04:00,152.85,156.85,152.83,155.87,3246592.00
2019-05-19 20:00:00-04:00,155.37,157.50,155.11,156.55,2044358.00
2019-05-20 20:00:00-04:00,157.36,160.57,157.36,159.70,2248142.00
2019-05-21 20:00:00-04:00,159.24,161.37,158.65,160.87,1666517.00
2019-05-22 20:00:00-04:00,160.43,160.43,158.30,159.72,1474989.00
2019-05-23 20:00:00-04:00,160.33,162.68,159.80,160.53,1695070.00
2019-05-27 20:00:00-04:00,161.43,163.45,159.82,159.83,2946327.00
2019-05-28 20:00:00-04:00,159.42,161.69,158.69,159.72,1479813.00
2019-05-29 20:00:00-04:00,159.83,162.19,159.64,161.91,940952.00
2019-05-30 20:00:00-04:00,160.81,160.91,159.19,159.34,1354648.00
2019-06-02 20:00:00-04:00,159.70,161.12,157.84,158.81,1470034.00
2019-06-03 20:00:00-04:00,160.22,161.42,159.08,160.55,1310449.00
2019-06-04 20:00:00-04:00,162.00,164.61,160.64,163.38,1917759.00
2019-06-05 20:00:00-04:00,162.78,162.99,159.61,162.04,2181388.00
2019-06-06 20:00:00-04:00,163.10,164.03,162.39,163.24,1655826.00
2019-06-09 20:00:00-04:00,163.89,165.35,163.22,164.49,1669777.00
2019-06-10 20:00:00-04:00,165.26,165.61,161.73,162.30,1244086.00
2019-06-11 20:00:00-04:00,161.79,163.82,161.63,162.27,1311753.00
2019-06-12 20:00:00-04:00,162.85,162.85,160.68,162.32,1606933.00
2019-06-13 20:00:00-04:00,162.58,162.58,160.26,160.35,1283200.00
2019-06-16 20:00:00-04:00,160.52,161.33,159.63,160.37,1236524.00
2019-06-17 20:00:00-04:00,161.07,162.65,161.07,161.99,1141086.00
2019-06-18 20:00:00-04:00,161.85,163.72,161.65,163.14,1993641.00
2019-06-19 20:00:00-04:00,164.35,168.00,163.91,167.85,2041620.00
2019-06-20 20:00:00-04:00,168.08,170.10,167.26,169.34,3144244.00
2019-06-23 20:00:00-04:00,169.42,171.25,168.86,171.18,1442655.00
2019-06-24 20:00:00-04:00,171.19,172.84,169.80,169.97,1771212.00
2019-06-25 20:00:00-04:00,170.02,170.38,167.17,169.90,1586725.00
2019-06-26 20:00:00-04:00,170.69,172.10,170.07,170.61,1169900.00
2019-06-27 20:00:00-04:00,171.45,172.64,170.82,172.57,2023758.00
2019-06-30 20:00:00-04:00,173.36,174.58,172.08,174.31,1351389.00
2019-07-01 20:00:00-04:00,174.48,174.62,172.22,173.84,1090889.00
2019-07-02 20:00:00-04:00,174.05,174.78,173.00,174.78,792580.00
2019-07-04 20:00:00-04:00,173.51,174.63,172.09,174.07,749685.00
2019-07-07 20:00:00-04:00,173.37,173.93,171.69,171.86,1389720.00
2019-07-08 20:00:00-04:00,171.17,172.65,170.91,172.37,1202755.00
2019-07-09 20:00:00-04:00,172.77,174.43,172.77,173.57,927914.00
2019-07-10 20:00:00-04:00,174.34,175.49,173.20,175.42,1337699.00
2019-07-11 20:00:00-04:00,175.34,175.49,172.05,173.17,841212.00
2019-07-14 20:00:00-04:00,173.50,174.14,172.42,173.41,879152.00
2019-07-15 20:00:00-04:00,173.93,173.98,171.70,172.14,773284.00
2019-07-16 20:00:00-04:00,172.97,173.01,171.41,172.46,920092.00
2019-07-17 20:00:00-04:00,171.87,173.96,171.81,173.82,704704.00
2019-07-18 20:00:00-04:00,174.01,174.04,171.68,171.77,989584.00
2019-07-21 20:00:00-04:00,172.21,173.12,171.97,172.91,1349172.00
2019-07-22 20:00:00-04:00,173.27,175.20,172.75,175.16,979415.00
2019-07-23 20:00:00-04:00,175.04,175.73,173.14,175.47,967159.00
2019-07-24 20:00:00-04:00,174.67,176.22,173.82,174.03,1136001.00
2019-07-25 20:00:00-04:00,174.86,175.62,173.60,174.20,864289.00
2019-07-28 20:00:00-04:00,174.53,175.09,173.17,174.47,989584.00
2019-07-29 20:00:00-04:00,173.58,176.71,173.51,176.69,783453.00
2019-07-30 20:00:00-04:00,176.27,176.71,172.36,173.11,2193122.00
2019-07-31 20:00:00-04:00,173.18,176.49,172.32,172.80,1304061.00
2019-08-01 20:00:00-04:00,172.82,173.02,169.17,170.30,1521535.00
2019-08-04 20:00:00-04:00,167.77,168.08,161.61,161.84,2835504.00
2019-08-05 20:00:00-04:00,164.09,167.77,156.81,165.81,3422997.00
2019-08-06 20:00:00-04:00,164.65,168.07,162.43,167.56,1985818.00
2019-08-07 20:00:00-04:00,168.82,172.59,168.12,172.27,1703154.00
2019-08-08 20:00:00-04:00,172.95,174.71,172.49,174.17,1503542.00
2019-08-11 20:00:00-04:00,173.10,174.45,170.15,170.62,707051.00
2019-08-12 20:00:00-04:00,170.69,174.32,170.32,173.48,1210057.00
2019-08-13 20:00:00-04:00,171.50,172.30,167.45,167.57,1341610.00
2019-08-14 20:00:00-04:00,167.53,169.65,167.41,168.69,1271205.00
2019-08-15 20:00:00-04:00,169.91,170.47,169.19,170.05,1022831.00
2019-08-18 20:00:00-04:00,171.91,173.04,170.80,172.21,877327.00
2019-08-19 20:00:00-04:00,172.38,174.19,170.61,170.70,1176158.00
2019-08-20 20:00:00-04:00,171.72,173.59,171.68,173.50,1314230.00
2019-08-21 20:00:00-04:00,173.93,176.05,173.91,174.74,1504846.00
2019-08-22 20:00:00-04:00,174.38,175.17,169.30,170.04,1442003.00
2019-08-25 20:00:00-04:00,171.43,172.01,169.52,170.38,940822.00
2019-08-26 20:00:00-04:00,171.88,173.49,169.95,171.41,1180721.00
2019-08-27 20:00:00-04:00,170.52,173.89,170.45,173.25,742644.00
2019-08-28 20:00:00-04:00,174.75,175.00,173.74,174.64,680192.00
2019-08-29 20:00:00-04:00,175.79,175.79,173.12,173.88,1042910.00
2019-09-02 20:00:00-04:00,171.99,173.05,168.39,169.84,1122833.00
2019-09-03 20:00:00-04:00,171.25,174.68,170.69,174.42,1337960.00
2019-09-04 20:00:00-04:00,176.40,177.32,175.45,177.00,1339263.00
2019-09-05 20:00:00-04:00,177.83,181.83,176.80,180.28,1761825.00
2019-09-08 20:00:00-04:00,180.92,180.98,176.48,177.06,1131177.00
2019-09-09 20:00:00-04:00,176.57,178.92,173.92,178.92,2233801.00
2019-09-10 20:00:00-04:00,178.61,179.58,175.34,179.26,1542787.00
2019-09-11 20:00:00-04:00,181.05,181.21,177.88,180.05,1430399.00
2019-09-12 20:00:00-04:00,180.51,180.54,178.46,179.05,879674.00
2019-09-15 20:00:00-04:00,178.08,178.48,177.16,177.70,1112141.00
2019-09-16 20:00:00-04:00,178.44,178.52,176.90,177.30,1089716.00
2019-09-17 20:00:00-04:00,177.20,178.10,175.27,176.87,959336.00
2019-09-18 20:00:00-04:00,176.88,177.93,175.87,176.09,1100668.00
2019-09-19 20:00:00-04:00,175.55,176.26,173.96,174.14,2493517.00
2019-09-22 20:00:00-04:00,174.03,175.51,173.82,174.06,1196758.00
2019-09-23 20:00:00-04:00,174.89,175.90,171.36,172.41,1626490.00
2019-09-24 20:00:00-04:00,172.32,174.91,172.05,174.42,1126614.00
2019-09-25 20:00:00-04:00,175.02,175.02,170.48,172.08,1383723.00
2019-09-26 20:00:00-04:00,173.28,173.29,169.97,170.35,1182807.00
2019-09-29 20:00:00-04:00,171.05,174.73,170.85,173.74,2171479.00
2019-09-30 20:00:00-04:00,174.60,176.06,171.77,172.14,1135610.00
2019-10-01 20:00:00-04:00,171.19,171.85,168.33,170.24,1383201.00
2019-10-02 20:00:00-04:00,170.04,172.56,168.33,172.33,1062336.00
2019-10-03 20:00:00-04:00,173.00,173.97,171.95,173.84,796883.00
2019-10-06 20:00:00-04:00,172.94,173.77,171.35,171.42,1158426.00
2019-10-07 20:00:00-04:00,170.19,170.49,167.65,167.91,1163902.00
2019-10-08 20:00:00-04:00,169.21,170.76,168.51,170.20,771589.00
2019-10-09 20:00:00-04:00,169.36,171.44,168.76,170.70,757508.00
2019-10-10 20:00:00-04:00,173.12,175.13,172.65,173.67,1106535.00
2019-10-13 20:00:00-04:00,173.67,173.67,172.02,172.20,801055.00
2019-10-14 20:00:00-04:00,173.36,174.82,172.41,173.96,1176419.00
2019-10-15 20:00:00-04:00,173.38,174.47,172.34,173.72,1321792.00
2019-10-16 20:00:00-04:00,174.45,177.25,174.23,176.38,1256863.00
2019-10-17 20:00:00-04:00,176.28,177.97,175.65,177.60,1098973.00
2019-10-20 20:00:00-04:00,176.59,177.99,174.44,174.52,1237567.00
2019-10-21 20:00:00-04:00,174.72,176.18,171.62,171.90,912530.00
2019-10-22 20:00:00-04:00,173.27,173.78,172.08,172.80,1253734.00
2019-10-23 20:00:00-04:00,173.69,173.69,168.11,168.89,1800939.00
2019-10-24 20:00:00-04:00,168.89,170.38,167.73,167.79,2237190.00
2019-10-27 20:00:00-04:00,168.79,171.12,167.99,169.01,2486738.00
2019-10-28 20:00:00-04:00,169.59,176.70,168.99,174.64,2116980.00
2019-10-29 20:00:00-04:00,174.51,175.94,174.42,175.79,940692.00
2019-10-30 20:00:00-04:00,175.54,176.53,174.46,175.83,2124672.00
2019-10-31 20:00:00-04:00,176.99,178.64,176.46,177.30,1805763.00
2019-11-03 19:00:00-05:00,179.03,179.73,176.92,179.05,1659085.00
2019-11-04 19:00:00-05:00,175.11,177.73,169.16,169.42,3765114.00
2019-11-05 19:00:00-05:00,169.42,172.26,169.29,172.25,2328196.00
2019-11-06 19:00:00-05:00,172.52,173.13,167.54,167.98,1902244.00
2019-11-07 19:00:00-05:00,167.58,169.70,167.58,168.13,1950224.00
2019-11-10 19:00:00-05:00,167.16,167.89,166.04,166.51,1414623.00
2019-11-11 19:00:00-05:00,166.05,168.27,165.72,166.46,1350346.00
2019-11-12 19:00:00-05:00,166.25,169.66,165.26,169.65,1718800.00
2019-11-13 19:00:00-05:00,169.80,171.85,169.80,170.88,1309015.00
2019-11-14 19:00:00-05:00,171.78,172.02,169.88,170.54,1508627.00
2019-11-17 19:00:00-05:00,170.80,171.37,166.75,167.25,2338235.00
2019-11-18 19:00:00-05:00,168.01,169.77,167.35,168.81,1407322.00
2019-11-19 19:00:00-05:00,169.44,170.15,168.53,169.49,1665344.00
2019-11-20 19:00:00-05:00,169.72,171.66,169.28,170.99,1315925.00
2019-11-21 19:00:00-05:00,171.10,171.88,169.71,171.63,1270944.00
2019-11-24 19:00:00-05:00,171.92,174.60,170.93,174.36,1612018.00
2019-11-25 19:00:00-05:00,174.50,175.93,174.38,175.29,1939924.00
2019-11-26 19:00:00-05:00,175.29,179.70,175.14,178.85,1885816.00
2019-11-28 19:00:00-05:00,177.86,178.80,176.80,177.54,760376.00
2019-12-01 19:00:00-05:00,177.26,178.29,175.62,177.91,1851135.00
2019-12-02 19:00:00-05:00,175.94,177.21,174.16,175.64,2163656.00
2019-12-03 19:00:00-05:00,176.09,177.20,174.98,176.67,1429747.00
2019-12-04 19:00:00-05:00,177.16,178.70,175.89,177.82,1088151.00
2019-12-05 19:00:00-05:00,178.57,179.89,178.17,179.05,1363775.00
2019-12-08 19:00:00-05:00,178.52,178.95,177.27,177.67,1186980.00
2019-12-09 19:00:00-05:00,177.99,178.14,176.14,177.21,1270553.00
2019-12-10 19:00:00-05:00,177.70,180.02,176.68,179.85,1403671.00
2019-12-11 19:00:00-05:00,179.74,183.64,179.67,182.86,1826493.00
2019-12-12 19:00:00-05:00,182.65,185.60,181.99,185.12,2201857.00
2019-12-15 19:00:00-05:00,185.86,186.06,184.82,185.92,1879428.00
2019-12-16 19:00:00-05:00,186.58,188.03,184.76,185.34,1828058.00
2019-12-17 19:00:00-05:00,185.15,185.52,183.29,184.06,1526359.00
2019-12-18 19:00:00-05:00,183.92,185.38,183.40,184.54,1502629.00
2019-12-19 19:00:00-05:00,186.53,189.78,185.97,187.15,3126904.00
2019-12-22 19:00:00-05:00,187.58,188.88,186.76,188.41,1084631.00
2019-12-23 19:00:00-05:00,188.46,188.66,186.90,188.08,274450.00
2019-12-25 19:00:00-05:00,188.09,188.61,186.27,186.73,654768.00
2019-12-26 19:00:00-05:00,187.09,188.02,186.67,187.97,712657.00
2019-12-29 19:00:00-05:00,187.85,188.56,186.00,186.36,578757.00
2019-12-30 19:00:00-05:00,186.05,187.39,185.14,187.36,1080850.00
2020-01-01 19:00:00-05:00,187.44,188.38,185.92,187.75,2195338.00
2020-01-02 19:00:00-05:00,184.94,186.71,184.91,185.72,2037709.00
2020-01-05 19:00:00-05:00,185.29,188.55,183.70,188.33,2039534.00
2020-01-06 19:00:00-05:00,187.09,188.43,186.09,187.89,1737835.00
2020-01-07 19:00:00-05:00,188.01,189.82,187.08,188.35,1836402.00
2020-01-08 19:00:00-05:00,189.30,189.59,188.03,188.44,1221139.00
2020-01-09 19:00:00-05:00,189.54,190.34,188.48,189.08,1268467.00
2020-01-12 19:00:00-05:00,189.08,190.47,188.35,190.28,1664431.00
2020-01-13 19:00:00-05:00,189.53,191.14,188.26,190.11,1879428.00
2020-01-14 19:00:00-05:00,190.08,192.63,189.99,191.03,1471599.00
2020-01-15 19:00:00-05:00,191.98,192.20,189.02,190.74,1179157.00
2020-01-16 19:00:00-05:00,191.32,191.81,189.66,190.88,1526619.00
2020-01-20 19:00:00-05:00,190.72,191.56,189.66,191.19,1682815.00
2020-01-21 19:00:00-05:00,191.67,192.55,191.28,192.09,1368599.00
2020-01-22 19:00:00-05:00,192.01,193.09,190.61,192.02,1479161.00
2020-01-23 19:00:00-05:00,192.60,193.28,191.22,191.69,1612931.00
2020-01-26 19:00:00-05:00,189.04,193.22,188.14,192.72,2071477.00
2020-01-27 19:00:00-05:00,193.07,195.44,192.78,194.45,1557780.00
2020-01-28 19:00:00-05:00,194.99,195.61,193.85,194.41,1209405.00
2020-01-29 19:00:00-05:00,192.89,194.28,192.58,193.69,1788944.00
2020-01-30 19:00:00-05:00,192.58,193.57,189.10,189.57,2263918.00
2020-02-02 19:00:00-05:00,190.99,194.10,190.73,192.42,2323502.00
2020-02-03 19:00:00-05:00,195.15,197.31,194.61,195.96,1654001.00
2020-02-04 19:00:00-05:00,197.25,197.52,195.34,197.02,1827797.00
2020-02-05 19:00:00-05:00,174.29,180.98,166.54,173.78,5580037.25
2020-02-06 19:00:00-05:00,173.33,173.41,169.80,170.10,4840488.00
2020-02-09 19:00:00-05:00,170.31,174.20,169.84,173.60,3394574.00
2020-02-10 19:00:00-05:00,174.75,178.60,174.35,176.64,3396399.00
2020-02-11 19:00:00-05:00,176.88,177.31,172.27,173.76,3107477.00
2020-02-12 19:00:00-05:00,173.65,176.66,172.82,175.22,2473439.00
2020-02-13 19:00:00-05:00,175.69,179.35,174.73,179.27,3025468.00
2020-02-17 19:00:00-05:00,179.63,180.35,176.13,176.36,2401730.00
2020-02-18 19:00:00-05:00,177.19,178.02,176.10,176.41,2008113.00
2020-02-19 19:00:00-05:00,175.88,177.57,173.63,174.61,1475902.00
2020-02-20 19:00:00-05:00,173.99,178.28,173.87,177.29,2435107.00
2020-02-23 19:00:00-05:00,172.65,174.20,171.75,172.59,2135364.00
2020-02-24 19:00:00-05:00,173.13,173.74,167.51,169.08,2898999.00
2020-02-25 19:00:00-05:00,170.40,172.10,168.86,169.57,2680613.00
2020-02-26 19:00:00-05:00,168.52,172.51,167.00,167.19,3438903.00
2020-02-27 19:00:00-05:00,163.28,164.57,159.56,163.84,4678426.00
2020-03-01 19:00:00-05:00,163.85,169.00,161.24,169.00,2912950.00
2020-03-02 19:00:00-05:00,169.36,171.79,162.13,164.99,2540585.00
2020-03-03 19:00:00-05:00,168.30,170.77,167.54,170.24,2548799.00
2020-03-04 19:00:00-05:00,166.47,168.66,165.18,168.19,2965754.00
2020-03-05 19:00:00-05:00,163.55,165.26,158.85,164.73,5507251.00
2020-03-08 20:00:00-04:00,155.90,162.19,154.14,159.51,3376581.00
2020-03-09 20:00:00-04:00,163.65,165.28,158.93,164.03,3425865.00
2020-03-10 20:00:00-04:00,159.78,162.01,158.39,160.29,2585696.00
2020-03-11 20:00:00-04:00,154.34,162.35,152.43,152.46,4865130.00
2020-03-12 20:00:00-04:00,157.58,165.21,149.36,163.47,4510105.00
2020-03-15 20:00:00-04:00,149.30,162.11,144.22,154.23,3792233.00
2020-03-16 20:00:00-04:00,159.35,172.06,154.37,171.77,5049487.00
2020-03-17 20:00:00-04:00,165.26,174.16,157.59,162.24,4808284.00
2020-03-18 20:00:00-04:00,163.47,164.27,152.45,152.73,3444379.00
2020-03-19 20:00:00-04:00,150.55,155.32,149.45,152.14,4823538.00
2020-03-22 20:00:00-04:00,151.55,154.40,136.68,138.64,5580037.25
2020-03-23 20:00:00-04:00,144.74,146.37,137.89,140.21,4551044.00
2020-03-24 20:00:00-04:00,142.07,144.65,137.65,140.73,4549349.00
2020-03-25 20:00:00-04:00,141.56,151.75,141.26,151.61,3472019.00
2020-03-26 20:00:00-04:00,146.93,153.11,146.15,149.70,2935506.00
2020-03-29 20:00:00-04:00,152.10,154.63,150.22,154.05,2510988.00
2020-03-30 20:00:00-04:00,153.49,159.70,151.37,158.81,3515306.00
2020-03-31 20:00:00-04:00,153.24,158.81,152.06,155.79,2611772.00
2020-04-01 20:00:00-04:00,155.56,161.47,155.12,161.24,2030668.00
2020-04-02 20:00:00-04:00,159.67,160.95,153.99,156.71,1647612.00
2020-04-05 20:00:00-04:00,159.73,165.32,158.58,164.29,2939156.00
2020-04-06 20:00:00-04:00,165.89,167.96,162.47,164.19,3066407.00
2020-04-07 20:00:00-04:00,165.30,173.98,162.65,172.80,3265106.00
2020-04-08 20:00:00-04:00,172.80,173.20,168.33,171.03,3115821.00
2020-04-12 20:00:00-04:00,169.70,172.00,166.99,171.46,1706674.00
2020-04-13 20:00:00-04:00,174.17,174.17,171.11,172.47,2803822.00
2020-04-14 20:00:00-04:00,171.10,175.40,169.75,174.55,2388822.00
2020-04-15 20:00:00-04:00,176.09,181.52,174.57,180.82,2150488.00
2020-04-16 20:00:00-04:00,183.64,183.88,176.80,180.68,2647757.00
2020-04-19 20:00:00-04:00,181.02,184.39,179.40,182.09,1786597.00
2020-04-20 20:00:00-04:00,179.62,180.63,175.88,177.29,3201611.00
2020-04-21 20:00:00-04:00,178.93,185.17,178.32,184.38,2618030.00
2020-04-22 20:00:00-04:00,185.37,187.10,182.69,183.22,1592070.00
2020-04-23 20:00:00-04:00,184.31,185.70,181.44,185.36,2394168.00
2020-04-26 20:00:00-04:00,186.18,187.62,184.93,186.62,1943184.00
2020-04-27 20:00:00-04:00,187.03,187.97,180.50,181.04,2820771.00
2020-04-28 20:00:00-04:00,181.78,181.78,177.73,178.22,2251271.00
2020-04-29 20:00:00-04:00,177.14,182.32,173.92,174.55,3726912.00
2020-04-30 20:00:00-04:00,173.35,175.49,171.27,174.09,1855568.00
2020-05-03 20:00:00-04:00,174.45,177.21,172.27,176.44,1468861.00
2020-05-04 20:00:00-04:00,178.51,182.20,177.08,180.88,1226485.00
2020-05-05 20:00:00-04:00,180.26,181.44,178.63,179.11,1362993.00
2020-05-06 20:00:00-04:00,183.87,183.87,176.61,177.12,1650611.00
2020-05-07 20:00:00-04:00,179.17,179.54,175.57,175.89,1848006.00
2020-05-10 20:00:00-04:00,175.24,182.31,174.97,181.13,1943053.00
2020-05-11 20:00:00-04:00,181.78,184.37,180.97,181.15,1593895.00
2020-05-12 20:00:00-04:00,181.56,182.72,178.56,181.04,1576164.00
2020-05-13 20:00:00-04:00,179.32,179.69,176.28,178.81,1668734.00
2020-05-14 20:00:00-04:00,178.08,181.42,176.92,178.50,2591954.00
2020-05-17 20:00:00-04:00,182.47,185.53,181.34,183.01,1337047.00
2020-05-18 20:00:00-04:00,183.22,183.47,181.33,181.92,1080329.00
2020-05-19 20:00:00-04:00,176.76,178.64,167.66,167.95,5190819.00
2020-05-20 20:00:00-04:00,168.13,168.37,162.09,165.15,5580037.25
2020-05-21 20:00:00-04:00,166.94,169.11,164.89,165.37,5580037.25
2020-05-25 20:00:00-04:00,166.57,167.96,160.25,161.14,4675166.00
2020-05-26 20:00:00-04:00,159.75,162.36,157.18,162.29,4867216.00
2020-05-27 20:00:00-04:00,165.48,168.84,164.05,166.92,2331716.00
2020-05-28 20:00:00-04:00,168.55,170.77,165.61,170.68,2510206.00
2020-05-31 20:00:00-04:00,170.47,172.38,167.81,169.24,1517623.00
2020-06-01 20:00:00-04:00,169.38,169.38,166.90,169.00,1653218.00
2020-06-02 20:00:00-04:00,168.10,168.58,165.62,167.99,2328196.00
2020-06-03 20:00:00-04:00,167.27,169.58,165.89,168.34,2379044.00
2020-06-04 20:00:00-04:00,168.50,168.93,166.47,167.27,4538397.00
2020-06-07 20:00:00-04:00,166.74,171.45,166.08,171.45,4634096.00
2020-06-08 20:00:00-04:00,171.53,173.59,164.48,164.54,3077359.00
2020-06-09 20:00:00-04:00,165.35,167.16,164.07,164.45,3096916.00
2020-06-10 20:00:00-04:00,163.61,164.05,159.09,159.63,3100567.00
2020-06-11 20:00:00-04:00,162.65,164.11,158.80,160.10,2622594.00
2020-06-14 20:00:00-04:00,158.62,163.72,157.46,162.37,2613467.00
2020-06-15 20:00:00-04:00,164.91,166.78,163.09,163.97,1933535.00
2020-06-16 20:00:00-04:00,164.48,166.51,163.47,164.54,1709021.00
2020-06-17 20:00:00-04:00,163.92,165.28,162.96,163.81,1472121.00
2020-06-18 20:00:00-04:00,165.42,165.99,163.06,164.76,3133814.00
2020-06-21 20:00:00-04:00,164.30,164.30,160.92,163.09,1885164.00
2020-06-22 20:00:00-04:00,164.22,166.43,163.95,164.92,1933014.00
2020-06-23 20:00:00-04:00,163.70,164.34,157.96,161.44,2870576.00
2020-06-24 20:00:00-04:00,160.74,160.74,156.24,158.76,3233685.00
2020-06-25 20:00:00-04:00,159.25,162.83,158.79,161.97,3350375.00
2020-06-28 20:00:00-04:00,162.30,162.64,158.61,161.55,2722074.00
2020-06-29 20:00:00-04:00,161.29,167.00,160.23,165.92,3015559.00
2020-06-30 20:00:00-04:00,165.76,168.49,165.57,167.49,1876950.00
2020-07-01 20:00:00-04:00,167.94,170.65,166.79,169.92,2457011.00
2020-07-05 20:00:00-04:00,172.27,175.94,171.69,173.69,4168900.00
2020-07-06 20:00:00-04:00,172.24,174.94,171.67,174.32,2381260.00
2020-07-07 20:00:00-04:00,174.71,178.17,174.22,175.26,3059758.00
2020-07-08 20:00:00-04:00,177.01,180.53,176.11,179.33,2306944.00
2020-07-09 20:00:00-04:00,178.92,180.15,176.67,178.47,1156601.00
2020-07-12 20:00:00-04:00,178.44,181.84,177.43,178.50,1749960.00
2020-07-13 20:00:00-04:00,178.25,182.93,178.06,182.66,1647351.00
2020-07-14 20:00:00-04:00,183.77,185.95,183.15,185.12,1769257.00
2020-07-15 20:00:00-04:00,185.08,186.11,183.68,183.80,1677860.00
2020-07-16 20:00:00-04:00,184.96,186.60,183.17,185.14,1667821.00
2020-07-19 20:00:00-04:00,185.83,186.21,183.79,185.74,1308363.00
2020-07-20 20:00:00-04:00,187.05,191.68,186.54,188.14,1885556.00
2020-07-21 20:00:00-04:00,188.42,190.53,187.86,189.62,1448261.00
2020-07-22 20:00:00-04:00,190.08,191.50,188.42,189.11,1097017.00
2020-07-23 20:00:00-04:00,188.99,189.30,186.54,188.54,806531.00
2020-07-26 20:00:00-04:00,187.41,191.17,186.58,190.82,1216706.00
2020-07-27 20:00:00-04:00,190.39,190.96,188.75,189.31,1059468.00
2020-07-28 20:00:00-04:00,189.81,192.72,189.81,191.67,1099495.00
2020-07-29 20:00:00-04:00,189.55,190.80,187.25,189.90,1196758.00
2020-07-30 20:00:00-04:00,190.05,195.10,189.49,195.10,1944618.00
2020-08-02 20:00:00-04:00,196.23,197.33,194.17,196.72,1584378.00
2020-08-03 20:00:00-04:00,196.27,196.87,195.21,196.15,1080850.00
2020-08-04 20:00:00-04:00,194.38,197.61,194.38,196.55,1397152.00
2020-08-05 20:00:00-04:00,184.46,185.81,177.78,180.03,3378276.00
2020-08-06 20:00:00-04:00,180.44,181.56,176.83,177.81,2904866.00
2020-08-09 20:00:00-04:00,179.95,179.95,176.87,178.04,3261586.00
2020-08-10 20:00:00-04:00,179.81,180.69,176.80,176.83,2119848.00
2020-08-11 20:00:00-04:00,177.45,179.99,177.45,178.37,1596373.00
2020-08-12 20:00:00-04:00,178.16,182.28,177.86,181.91,1368338.00
2020-08-13 20:00:00-04:00,181.37,181.89,177.98,179.03,1468470.00
2020-08-16 20:00:00-04:00,179.53,180.75,178.91,180.33,1286981.00
2020-08-17 20:00:00-04:00,181.35,183.70,179.72,182.97,2322329.00
2020-08-18 20:00:00-04:00,183.77,184.59,180.68,181.68,1322966.00
2020-08-19 20:00:00-04:00,180.49,181.67,178.98,179.56,1001579.00
2020-08-20 20:00:00-04:00,178.99,179.85,177.15,178.72,1520361.00
2020-08-23 20:00:00-04:00,179.51,180.01,176.41,176.80,1178505.00
2020-08-24 20:00:00-04:00,177.60,178.45,176.26,177.38,1428704.00
2020-08-25 20:00:00-04:00,176.61,176.90,173.40,176.12,1510583.00
2020-08-26 20:00:00-04:00,165.40,172.16,160.88,170.98,5020803.00
2020-08-27 20:00:00-04:00,171.37,171.55,167.05,168.37,2496125.00
2020-08-30 20:00:00-04:00,169.10,169.54,167.70,168.35,3030683.00
2020-08-31 20:00:00-04:00,169.18,170.50,165.55,167.01,1841617.00
2020-09-01 20:00:00-04:00,166.83,170.78,166.45,170.72,1696635.00
2020-09-02 20:00:00-04:00,170.59,171.06,162.32,163.00,2307856.00
2020-09-03 20:00:00-04:00,164.26,165.15,161.18,162.32,2015284.00
2020-09-07 20:00:00-04:00,163.34,163.89,160.39,162.86,1959090.00
2020-09-08 20:00:00-04:00,164.32,166.33,163.23,163.91,1828971.00
2020-09-09 20:00:00-04:00,163.51,164.01,160.94,162.94,2706037.00
2020-09-10 20:00:00-04:00,163.40,164.72,162.65,164.06,1527532.00
2020-09-13 20:00:00-04:00,164.84,165.93,164.11,164.14,1468991.00
2020-09-14 20:00:00-04:00,164.21,164.52,157.29,157.36,3234076.00
2020-09-15 20:00:00-04:00,157.33,159.94,156.01,157.97,3173188.00
2020-09-16 20:00:00-04:00,157.49,159.46,156.14,158.50,2504730.00
2020-09-17 20:00:00-04:00,157.36,162.78,157.36,161.36,5239711.00
2020-09-20 20:00:00-04:00,161.00,161.00,156.81,158.95,1590245.00
2020-09-21 20:00:00-04:00,158.35,158.71,154.99,155.72,2451666.00
2020-09-22 20:00:00-04:00,157.20,159.84,156.21,156.97,2205638.00
2020-09-23 20:00:00-04:00,157.25,157.58,153.10,153.88,1982167.00
2020-09-24 20:00:00-04:00,153.11,156.26,152.73,155.92,1946182.00
2020-09-27 20:00:00-04:00,157.54,158.58,156.35,156.56,1364557.00
2020-09-28 20:00:00-04:00,157.32,157.93,156.51,156.85,1102624.00
2020-09-29 20:00:00-04:00,158.16,163.91,157.81,161.90,3013082.00
2020-09-30 20:00:00-04:00,163.10,164.78,159.10,160.63,1583074.00
2020-10-01 20:00:00-04:00,161.36,163.51,160.73,161.89,1314361.00
2020-10-04 20:00:00-04:00,162.94,165.96,162.91,165.70,1272509.00
2020-10-05 20:00:00-04:00,165.60,167.22,163.53,163.83,1296108.00
2020-10-06 20:00:00-04:00,164.40,165.41,162.85,164.00,1352171.00
2020-10-07 20:00:00-04:00,164.05,165.17,163.12,164.36,1317229.00
2020-10-08 20:00:00-04:00,165.27,165.69,163.11,165.12,2050486.00
2020-10-11 20:00:00-04:00,165.66,167.34,164.70,165.85,1127657.00
2020-10-12 20:00:00-04:00,165.20,166.81,163.79,164.70,1155297.00
2020-10-13 20:00:00-04:00,164.75,166.20,162.20,162.60,1201582.00
2020-10-14 20:00:00-04:00,161.54,164.54,161.08,163.52,1491547.00
2020-10-15 20:00:00-04:00,164.08,166.41,163.26,164.90,1375639.00
2020-10-18 20:00:00-04:00,165.27,167.51,164.54,165.17,1462342.00
2020-10-19 20:00:00-04:00,165.55,165.94,164.21,164.39,1082806.00
2020-10-20 20:00:00-04:00,165.75,166.30,162.15,164.49,1531313.00
2020-10-21 20:00:00-04:00,163.94,167.98,163.85,167.75,1429095.00
2020-10-22 20:00:00-04:00,167.58,168.82,166.46,167.19,1284765.00
2020-10-25 20:00:00-04:00,166.50,169.00,166.00,168.38,1271335.00
2020-10-26 20:00:00-04:00,169.05,171.08,168.67,169.94,1301192.00
2020-10-27 20:00:00-04:00,167.06,167.94,163.76,164.13,1381767.00
2020-10-28 20:00:00-04:00,164.10,164.73,160.64,161.75,1403410.00
2020-10-29 20:00:00-04:00,161.68,162.79,158.52,160.82,1842400.00
2020-11-01 19:00:00-05:00,162.55,165.01,161.45,163.37,1351780.00
2020-11-02 19:00:00-05:00,164.54,166.78,163.47,165.41,1474989.00
2020-11-03 19:00:00-05:00,167.39,170.62,164.67,164.76,1932883.00
2020-11-04 19:00:00-05:00,166.99,170.10,161.73,163.27,2831593.00
2020-11-05 19:00:00-05:00,163.65,168.13,163.32,164.64,1738878.00
2020-11-08 19:00:00-05:00,171.74,172.44,166.92,167.21,2515161.00
2020-11-09 19:00:00-05:00,167.72,169.35,166.73,167.20,2824161.00
2020-11-10 19:00:00-05:00,169.50,169.72,167.56,169.19,2031972.00
2020-11-11 19:00:00-05:00,169.01,169.56,166.39,167.14,1702632.00
2020-11-12 19:00:00-05:00,168.02,169.93,167.03,168.95,2442278.00
2020-11-15 19:00:00-05:00,171.45,171.52,168.22,168.78,2053746.00
2020-11-16 19:00:00-05:00,168.21,170.62,167.32,168.67,1471860.00
2020-11-17 19:00:00-05:00,168.51,168.56,162.34,162.45,2425329.00
2020-11-18 19:00:00-05:00,162.99,163.85,161.34,162.05,1876820.00
2020-11-19 19:00:00-05:00,161.86,163.33,160.77,161.34,1637442.00
2020-11-22 19:00:00-05:00,161.27,162.41,158.43,158.98,1951006.00
2020-11-23 19:00:00-05:00,159.34,159.87,157.86,159.54,3017515.00
2020-11-24 19:00:00-05:00,160.37,160.72,157.79,158.27,2122717.00
2020-11-26 19:00:00-05:00,158.85,159.69,157.36,159.31,1107057.00
2020-11-29 19:00:00-05:00,160.09,163.44,160.01,163.40,5442843.00
2020-11-30 19:00:00-05:00,164.29,166.11,163.92,166.05,2192470.00
2020-12-01 19:00:00-05:00,166.05,171.52,165.90,168.29,2914384.00
2020-12-02 19:00:00-05:00,167.87,167.92,165.25,165.96,3061192.00
2020-12-03 19:00:00-05:00,165.94,168.94,165.87,168.91,3078141.00
2020-12-06 19:00:00-05:00,168.68,169.48,164.11,164.52,1692724.00
2020-12-07 19:00:00-05:00,163.59,167.24,163.24,167.16,1557780.00
2020-12-08 19:00:00-05:00,167.60,168.12,165.90,167.54,1715540.00
2020-12-09 19:00:00-05:00,167.87,169.88,167.59,169.20,1761695.00
2020-12-10 19:00:00-05:00,168.44,169.62,167.61,169.45,1661041.00
2020-12-13 19:00:00-05:00,169.99,172.28,167.49,167.57,1612279.00
2020-12-14 19:00:00-05:00,167.88,171.47,167.46,170.45,1645004.00
2020-12-15 19:00:00-05:00,171.03,172.51,169.14,171.26,1578511.00
2020-12-16 19:00:00-05:00,172.07,174.30,171.77,173.65,1528705.00
2020-12-17 19:00:00-05:00,173.47,176.81,172.46,176.01,3586363.00
2020-12-20 19:00:00-05:00,174.11,174.83,171.25,173.06,1223747.00
2020-12-21 19:00:00-05:00,172.75,173.49,171.22,171.69,1227006.00
2020-12-22 19:00:00-05:00,172.51,172.62,170.49,170.54,1198844.00
2020-12-23 19:00:00-05:00,170.99,174.03,170.99,173.15,573672.00
2020-12-27 19:00:00-05:00,173.72,174.46,172.66,173.26,840299.00
2020-12-28 19:00:00-05:00,174.14,175.08,172.65,173.40,1065205.00
2020-12-29 19:00:00-05:00,173.58,174.09,172.17,172.24,870026.00
2020-12-30 19:00:00-05:00,172.62,175.10,172.29,174.71,909531.00
2021-01-03 19:00:00-05:00,175.25,175.75,172.28,175.04,1460256.00
2021-01-04 19:00:00-05:00,175.43,176.44,172.75,175.27,1539657.00
2021-01-05 19:00:00-05:00,174.76,177.78,174.55,177.10,1920628.00
2021-01-06 19:00:00-05:00,177.67,178.65,175.40,177.00,1600154.00
2021-01-07 19:00:00-05:00,177.74,179.21,177.09,178.09,1899897.00
2021-01-10 19:00:00-05:00,178.48,180.00,178.04,179.52,1134436.00
2021-01-11 19:00:00-05:00,182.75,186.68,181.26,183.69,2830550.00
2021-01-12 19:00:00-05:00,183.24,185.86,182.93,183.64,1423489.00
2021-01-13 19:00:00-05:00,183.36,183.62,179.73,179.98,1785554.00
2021-01-14 19:00:00-05:00,180.04,182.98,179.85,182.75,1906025.00
2021-01-18 19:00:00-05:00,184.31,185.19,181.05,182.07,1592592.00
2021-01-19 19:00:00-05:00,181.65,184.04,180.84,183.84,1550349.00
2021-01-20 19:00:00-05:00,183.13,184.33,181.65,182.86,1661172.00
2021-01-21 19:00:00-05:00,182.64,183.18,180.62,180.66,2072651.00
2021-01-24 19:00:00-05:00,180.49,182.40,179.68,181.70,1099886.00
2021-01-25 19:00:00-05:00,181.54,181.70,178.37,180.38,1549697.00
2021-01-26 19:00:00-05:00,178.92,179.91,174.90,175.17,1725058.00
2021-01-27 19:00:00-05:00,176.42,180.83,175.83,178.89,2065219.00
2021-01-28 19:00:00-05:00,179.06,184.74,177.99,182.79,2638630.00
2021-01-31 19:00:00-05:00,183.25,185.04,182.13,182.49,1453998.00
2021-02-01 19:00:00-05:00,183.24,184.37,180.21,180.31,2028061.00
2021-02-02 19:00:00-05:00,180.48,184.07,179.49,182.18,2154790.00
2021-02-03 19:00:00-05:00,181.47,182.88,176.29,177.97,3301091.00
2021-02-04 19:00:00-05:00,178.25,180.27,176.05,177.82,1982167.00
2021-02-07 19:00:00-05:00,178.07,180.40,178.07,179.32,1749048.00
2021-02-08 19:00:00-05:00,179.04,179.61,176.68,177.47,1615147.00
2021-02-09 19:00:00-05:00,178.90,179.30,176.01,176.58,1227919.00
2021-02-10 19:00:00-05:00,177.53,177.53,175.06,176.92,1604717.00
2021-02-11 19:00:00-05:00,177.18,179.45,176.22,178.97,1482029.00
2021-02-15 19:00:00-05:00,179.05,180.01,178.09,179.68,1338742.00
2021-02-16 19:00:00-05:00,179.24,179.66,177.54,179.32,1429617.00
2021-02-17 19:00:00-05:00,179.24,180.13,177.35,178.62,1847876.00
2021-02-18 19:00:00-05:00,178.68,178.78,173.00,173.11,2691434.00
2021-02-21 19:00:00-05:00,173.25,173.34,168.86,171.77,1734576.00
2021-02-22 19:00:00-05:00,172.37,173.76,169.85,172.95,2231845.00
2021-02-23 19:00:00-05:00,172.74,173.25,170.84,172.26,2042272.00
2021-02-24 19:00:00-05:00,172.28,174.69,171.34,172.56,1595721.00
2021-02-25 19:00:00-05:00,171.84,172.81,168.28,168.37,2009025.00
2021-02-28 19:00:00-05:00,169.46,171.86,168.86,171.80,1716322.00
2021-03-01 19:00:00-05:00,172.54,172.54,169.92,170.87,1081893.00
2021-03-02 19:00:00-05:00,170.36,170.73,168.43,168.73,1790509.00
2021-03-03 19:00:00-05:00,168.84,170.28,166.50,168.19,1818149.00
2021-03-04 19:00:00-05:00,168.86,172.88,168.23,172.07,1441481.00
2021-03-07 19:00:00-05:00,171.63,174.30,170.38,171.83,1273943.00
2021-03-08 19:00:00-05:00,173.11,173.81,170.04,170.14,1588941.00
2021-03-09 19:00:00-05:00,171.76,171.76,165.91,166.66,2752713.00
2021-03-10 19:00:00-05:00,166.74,167.95,165.36,166.88,3233033.00
2021-03-11 19:00:00-05:00,167.70,168.22,165.55,166.91,1566125.00
2021-03-14 20:00:00-04:00,167.01,168.84,166.68,168.67,1432876.00
2021-03-15 20:00:00-04:00,169.01,169.20,167.20,167.82,1207058.00
2021-03-16 20:00:00-04:00,167.61,168.82,167.18,167.69,1516189.00
2021-03-17 20:00:00-04:00,167.17,168.83,166.76,167.58,1124006.00
2021-03-18 20:00:00-04:00,168.10,169.07,166.65,167.45,3343074.00
2021-03-21 20:00:00-04:00,167.09,169.32,166.74,169.27,1312014.00
2021-03-22 20:00:00-04:00,169.51,169.53,167.76,168.32,1183590.00
2021-03-23 20:00:00-04:00,167.67,169.76,167.28,169.38,1258428.00
2021-03-24 20:00:00-04:00,170.70,170.70,167.13,169.35,1567950.00
2021-03-25 20:00:00-04:00,169.67,171.88,167.63,171.73,1464559.00
2021-03-28 20:00:00-04:00,172.11,174.03,170.62,173.14,1167944.00
2021-03-29 20:00:00-04:00,172.43,174.00,171.02,171.77,1174463.00
2021-03-30 20:00:00-04:00,171.76,172.19,169.78,170.35,1533660.00
2021-03-31 20:00:00-04:00,170.63,171.35,168.54,169.25,1249171.00
2021-04-04 20:00:00-04:00,169.81,173.13,169.81,171.70,1595460.00
2021-04-05 20:00:00-04:00,171.74,173.20,170.51,171.38,1189066.00
2021-04-06 20:00:00-04:00,171.42,171.72,169.78,170.95,1007185.00
2021-04-07 20:00:00-04:00,170.95,171.28,169.84,170.15,1753741.00
2021-04-08 20:00:00-04:00,170.30,173.74,170.30,173.69,1598589.00
2021-04-11 20:00:00-04:00,173.29,173.55,172.26,173.33,1321010.00
2021-04-12 20:00:00-04:00,172.87,176.17,172.69,175.63,1270944.00
2021-04-13 20:00:00-04:00,175.61,175.84,174.12,175.02,1439395.00
2021-04-14 20:00:00-04:00,175.72,181.41,175.68,180.64,2697301.00
2021-04-15 20:00:00-04:00,181.44,183.56,180.72,182.81,2482826.00
2021-04-18 20:00:00-04:00,182.35,182.73,180.24,181.42,1879688.00
2021-04-19 20:00:00-04:00,181.25,182.57,179.47,179.66,1950224.00
2021-04-20 20:00:00-04:00,180.43,181.93,180.17,180.85,1797549.00
2021-04-21 20:00:00-04:00,180.07,181.09,179.41,180.14,1273161.00
2021-04-22 20:00:00-04:00,180.43,180.43,176.64,179.24,1997422.00
2021-04-25 20:00:00-04:00,179.34,181.00,179.24,180.36,1391415.00
2021-04-26 20:00:00-04:00,180.15,181.76,177.44,180.90,1373814.00
2021-04-27 20:00:00-04:00,181.12,182.08,179.85,180.41,1087369.00
2021-04-28 20:00:00-04:00,180.86,180.94,175.90,176.14,1537832.00
2021-04-29 20:00:00-04:00,175.38,176.34,173.29,174.31,2246839.00
2021-05-02 20:00:00-04:00,174.94,177.78,174.50,177.33,1276290.00
2021-05-03 20:00:00-04:00,177.04,177.09,174.67,176.21,1299497.00
2021-05-04 20:00:00-04:00,176.31,176.55,172.37,174.98,2237712.00
2021-05-05 20:00:00-04:00,169.53,171.56,166.88,168.71,3668632.00
2021-05-06 20:00:00-04:00,167.71,171.61,167.40,167.71,3322474.00
2021-05-09 20:00:00-04:00,167.73,174.34,167.52,172.78,2425720.00
2021-05-10 20:00:00-04:00,173.27,174.18,168.54,168.98,2062742.00
2021-05-11 20:00:00-04:00,168.17,170.63,168.17,169.29,2134190.00
2021-05-12 20:00:00-04:00,169.78,172.29,169.30,171.00,2337322.00
2021-05-13 20:00:00-04:00,171.42,172.69,169.64,169.81,1753350.00
2021-05-16 20:00:00-04:00,170.14,171.84,168.87,168.90,1276811.00
2021-05-17 20:00:00-04:00,168.05,170.45,167.58,169.67,2195860.00
2021-05-18 20:00:00-04:00,169.40,170.16,168.48,169.99,1381376.00
2021-05-19 20:00:00-04:00,169.29,171.84,169.15,171.49,1451390.00
2021-05-20 20:00:00-04:00,172.22,174.53,171.01,171.28,1331832.00
2021-05-23 20:00:00-04:00,171.66,172.43,169.75,170.74,1678382.00
2021-05-24 20:00:00-04:00,170.55,171.26,168.84,169.88,2069391.00
2021-05-25 20:00:00-04:00,168.35,170.42,167.69,169.55,2108636.00
2021-05-26 20:00:00-04:00,169.54,170.22,168.33,168.80,4219488.00
2021-05-27 20:00:00-04:00,170.23,171.15,169.27,169.46,2000290.00
2021-05-31 20:00:00-04:00,168.93,169.22,166.95,167.07,2497820.00
2021-06-01 20:00:00-04:00,167.04,167.80,166.84,167.21,2054528.00
2021-06-02 20:00:00-04:00,167.02,169.01,166.82,168.64,1828971.00
2021-06-03 20:00:00-04:00,169.54,169.83,168.20,168.60,1152559.00
2021-06-06 20:00:00-04:00,168.98,169.62,167.65,167.83,1548002.00
2021-06-07 20:00:00-04:00,168.66,169.90,166.85,168.20,1957525.00
2021-06-08 20:00:00-04:00,168.41,171.25,168.41,171.08,1615669.00
2021-06-09 20:00:00-04:00,170.78,172.61,170.75,172.53,1454259.00
2021-06-10 20:00:00-04:00,173.45,173.46,170.17,170.58,1474989.00
2021-06-13 20:00:00-04:00,170.68,171.18,168.46,170.64,1631315.00
2021-06-14 20:00:00-04:00,170.67,171.13,169.33,169.74,2597039.00
2021-06-15 20:00:00-04:00,170.54,170.58,168.33,168.92,2597691.00
2021-06-16 20:00:00-04:00,168.58,169.85,168.58,168.90,2174608.00
2021-06-17 20:00:00-04:00,168.26,170.56,167.87,169.10,3339814.00
2021-06-20 20:00:00-04:00,169.23,169.87,168.37,169.31,2038491.00
2021-06-21 20:00:00-04:00,169.51,169.51,167.98,168.95,1864434.00
2021-06-22 20:00:00-04:00,168.58,169.76,167.91,168.88,1824277.00
2021-06-23 20:00:00-04:00,168.76,169.74,168.52,168.60,1007185.00
2021-06-24 20:00:00-04:00,168.62,170.00,168.59,169.57,2231193.00
2021-06-27 20:00:00-04:00,169.97,171.80,169.86,171.32,1561952.00
2021-06-28 20:00:00-04:00,171.72,174.11,171.52,173.57,2289212.00
2021-06-29 20:00:00-04:00,173.67,173.91,169.72,170.97,1699373.00
2021-06-30 20:00:00-04:00,170.84,173.67,170.61,173.48,1582161.00
2021-07-01 20:00:00-04:00,174.06,175.01,173.28,174.66,1289719.00
2021-07-05 20:00:00-04:00,174.35,175.40,173.27,175.30,1372249.00
2021-07-06 20:00:00-04:00,175.75,177.19,174.19,177.15,1587637.00
2021-07-07 20:00:00-04:00,175.96,176.95,175.09,176.46,1167423.00
2021-07-08 20:00:00-04:00,176.91,177.19,174.20,175.61,1721407.00
2021-07-11 20:00:00-04:00,176.01,176.53,175.15,175.46,1162859.00
2021-07-12 20:00:00-04:00,174.85,175.79,174.33,174.78,683713.00
2021-07-13 20:00:00-04:00,174.61,175.09,172.27,172.94,1808631.00
2021-07-14 20:00:00-04:00,171.77,173.74,170.83,173.38,1250475.00
2021-07-15 20:00:00-04:00,173.83,175.26,172.98,174.40,1533790.00
2021-07-18 20:00:00-04:00,173.92,175.15,172.73,173.82,1593765.00
2021-07-19 20:00:00-04:00,174.76,175.88,173.28,173.64,1235481.00
2021-07-20 20:00:00-04:00,173.93,174.16,171.54,173.19,1408495.00
2021-07-21 20:00:00-04:00,173.80,175.54,172.72,175.30,1754002.00
2021-07-22 20:00:00-04:00,175.75,176.86,175.46,176.51,1576164.00
2021-07-25 20:00:00-04:00,175.79,176.71,174.80,175.35,905489.00
2021-07-26 20:00:00-04:00,175.58,180.29,175.54,179.05,1192325.00
2021-07-27 20:00:00-04:00,178.45,179.27,177.57,178.20,857118.00
2021-07-28 20:00:00-04:00,179.12,180.03,178.11,179.49,1206406.00
2021-07-29 20:00:00-04:00,179.42,180.55,178.46,179.80,1298715.00
2021-08-01 20:00:00-04:00,180.22,181.33,179.02,180.06,981240.00
2021-08-02 20:00:00-04:00,180.56,181.22,179.26,179.81,791798.00
2021-08-03 20:00:00-04:00,179.20,180.32,178.27,179.09,1353214.00
2021-08-04 20:00:00-04:00,168.92,172.27,168.72,170.89,3255197.00
2021-08-05 20:00:00-04:00,170.34,170.68,168.62,169.45,1825842.00
2021-08-08 20:00:00-04:00,169.52,170.34,166.99,167.70,1941489.00
2021-08-09 20:00:00-04:00,167.62,168.73,167.02,167.76,2235104.00
2021-08-10 20:00:00-04:00,167.92,170.34,167.87,169.19,1518014.00
2021-08-11 20:00:00-04:00,169.82,173.91,169.51,173.01,4996031.00
2021-08-12 20:00:00-04:00,173.01,173.92,172.24,173.50,1494807.00
2021-08-15 20:00:00-04:00,174.33,175.64,173.43,175.48,1631966.00
2021-08-16 20:00:00-04:00,175.54,178.66,175.02,178.20,3112953.00
2021-08-17 20:00:00-04:00,178.33,178.87,174.53,174.57,1982949.00
2021-08-18 20:00:00-04:00,174.97,175.89,173.74,174.26,1679555.00
2021-08-19 20:00:00-04:00,174.00,175.65,173.07,175.26,1544221.00
2021-08-22 20:00:00-04:00,175.75,176.42,175.10,175.65,1677078.00
2021-08-23 20:00:00-04:00,175.51,175.61,174.12,174.26,1165206.00
2021-08-24 20:00:00-04:00,173.48,174.29,171.94,173.64,1459734.00
2021-08-25 20:00:00-04:00,173.26,174.65,173.03,174.02,1479813.00
2021-08-26 20:00:00-04:00,174.48,175.77,173.96,174.70,1473164.00
2021-08-29 20:00:00-04:00,175.01,177.18,174.54,176.08,1300149.00
2021-08-30 20:00:00-04:00,176.01,177.31,175.31,176.95,1880210.00
2021-08-31 20:00:00-04:00,177.15,177.93,175.33,177.49,1525446.00
2021-09-01 20:00:00-04:00,178.27,179.54,177.60,179.36,1572383.00
2021-09-02 20:00:00-04:00,179.62,181.93,178.92,181.26,1801591.00
2021-09-06 20:00:00-04:00,181.26,181.97,179.20,181.26,2087384.00
2021-09-07 20:00:00-04:00,181.78,186.19,181.53,185.40,2430544.00
2021-09-08 20:00:00-04:00,184.42,185.68,183.28,183.48,1901723.00
2021-09-09 20:00:00-04:00,183.82,184.33,181.20,182.20,1574990.00
2021-09-12 20:00:00-04:00,183.00,183.76,182.13,182.39,1604587.00
2021-09-13 20:00:00-04:00,182.45,184.27,182.30,183.69,1692854.00
2021-09-14 20:00:00-04:00,184.21,186.01,183.19,184.56,2514639.00
2021-09-15 20:00:00-04:00,185.61,185.83,183.46,185.26,1519057.00
2021-09-16 20:00:00-04:00,184.78,185.44,183.66,184.75,3764983.00
2021-09-19 20:00:00-04:00,182.95,184.72,181.74,182.86,1816976.00
2021-09-20 20:00:00-04:00,183.37,184.94,182.66,182.67,1457648.00
2021-09-21 20:00:00-04:00,183.15,183.63,180.59,181.12,2077996.00
2021-09-22 20:00:00-04:00,181.53,182.22,178.76,179.01,2082429.00
2021-09-23 20:00:00-04:00,178.59,179.57,178.04,178.56,1210318.00
2021-09-26 20:00:00-04:00,177.85,178.14,176.01,177.33,1439265.00
2021-09-27 20:00:00-04:00,176.81,177.07,174.73,176.13,1819062.00
2021-09-28 20:00:00-04:00,176.26,178.03,176.26,177.58,1099234.00
2021-09-29 20:00:00-04:00,177.63,178.28,173.35,173.37,2666532.00
2021-09-30 20:00:00-04:00,173.80,173.80,169.92,172.57,2213722.00
2021-10-03 20:00:00-04:00,171.81,174.41,169.35,169.66,2924554.00
2021-10-04 20:00:00-04:00,169.66,172.89,169.66,171.43,2005375.00
2021-10-05 20:00:00-04:00,170.70,173.03,170.30,172.97,1618016.00
2021-10-06 20:00:00-04:00,173.61,175.06,170.05,170.50,1716062.00
2021-10-07 20:00:00-04:00,170.66,171.09,168.22,168.27,2037187.00
2021-10-10 20:00:00-04:00,168.14,168.27,166.21,166.33,1152038.00
2021-10-11 20:00:00-04:00,166.33,168.27,165.83,168.13,2060526.00
2021-10-12 20:00:00-04:00,168.25,170.45,167.74,169.16,1527923.00
2021-10-13 20:00:00-04:00,169.80,171.67,169.80,171.16,1314622.00
2021-10-14 20:00:00-04:00,171.32,172.07,169.40,170.09,1670298.00
2021-10-17 20:00:00-04:00,169.86,169.92,167.98,168.17,1136392.00
2021-10-18 20:00:00-04:00,168.92,171.36,168.68,171.19,1090629.00
2021-10-19 20:00:00-04:00,172.42,174.96,171.60,174.13,1329094.00
2021-10-20 20:00:00-04:00,174.87,175.25,173.08,173.83,807183.00
2021-10-21 20:00:00-04:00,173.92,174.46,173.25,174.27,1358429.00
2021-10-24 20:00:00-04:00,174.29,174.46,172.93,173.79,1055817.00
2021-10-25 20:00:00-04:00,174.06,174.42,173.40,173.75,1626230.00
2021-10-26 20:00:00-04:00,174.49,174.63,172.76,172.79,1537050.00
2021-10-27 20:00:00-04:00,172.79,174.16,167.93,168.32,1916847.00
2021-10-28 20:00:00-04:00,167.98,169.50,167.19,168.98,2394038.00
2021-10-31 20:00:00-04:00,169.22,171.78,168.77,171.42,1256081.00
2021-11-01 20:00:00-04:00,171.41,171.74,170.13,171.31,2300685.00
2021-11-02 20:00:00-04:00,171.07,174.45,170.89,174.23,2113981.00
2021-11-03 20:00:00-04:00,176.32,177.94,170.95,172.15,2706428.00
2021-11-04 20:00:00-04:00,169.91,173.03,168.85,171.88,2595214.00
2021-11-07 19:00:00-05:00,171.02,173.22,170.21,172.98,1332353.00
2021-11-08 19:00:00-05:00,172.29,173.09,171.25,171.85,2004984.00
2021-11-09 19:00:00-05:00,172.09,173.98,170.24,173.41,1384505.00
2021-11-10 19:00:00-05:00,173.24,174.01,170.62,172.79,1670168.00
2021-11-11 19:00:00-05:00,172.93,173.35,171.22,172.09,1970824.00
2021-11-14 19:00:00-05:00,172.58,172.79,171.28,171.86,1772777.00
2021-11-15 19:00:00-05:00,172.24,173.42,171.51,172.17,1719843.00
2021-11-16 19:00:00-05:00,172.83,176.40,172.09,176.22,2469528.00
2021-11-17 19:00:00-05:00,176.77,177.41,174.42,175.87,2100552.00
2021-11-18 19:00:00-05:00,177.00,178.02,175.31,175.34,1700677.00
2021-11-21 19:00:00-05:00,174.47,174.62,172.24,173.00,1652958.00
2021-11-22 19:00:00-05:00,172.63,174.30,172.09,173.91,1637182.00
2021-11-23 19:00:00-05:00,173.69,174.45,172.39,172.41,1188544.00
2021-11-25 19:00:00-05:00,172.82,175.46,172.31,172.86,1599893.00
2021-11-28 19:00:00-05:00,172.90,174.12,171.56,171.81,1656608.00
2021-11-29 19:00:00-05:00,172.74,172.74,166.45,167.25,5544409.00
2021-11-30 19:00:00-05:00,167.62,171.76,166.88,170.45,3083487.00
2021-12-01 19:00:00-05:00,170.52,173.51,169.94,170.64,2291950.00
2021-12-02 19:00:00-05:00,171.89,172.27,169.66,172.17,1663388.00
2021-12-05 19:00:00-05:00,173.01,175.81,172.65,173.60,1885556.00
2021-12-06 19:00:00-05:00,174.35,178.21,174.25,176.57,2273175.00
2021-12-07 19:00:00-05:00,171.10,174.83,169.33,173.82,1885816.00
2021-12-08 19:00:00-05:00,174.19,174.94,173.17,173.48,1545133.00
2021-12-09 19:00:00-05:00,173.89,174.71,172.61,173.39,1240696.00
2021-12-12 19:00:00-05:00,173.75,179.78,173.54,178.93,1990381.00
2021-12-13 19:00:00-05:00,178.40,178.59,175.31,175.49,1560649.00
2021-12-14 19:00:00-05:00,176.54,177.45,174.75,176.53,1768214.00
2021-12-15 19:00:00-05:00,176.21,182.23,175.26,182.05,2332107.00
2021-12-16 19:00:00-05:00,181.89,183.60,180.63,181.83,3307349.00
2021-12-19 19:00:00-05:00,181.39,181.39,178.30,178.65,2174869.00
2021-12-20 19:00:00-05:00,179.68,180.80,177.03,178.24,1467557.00
2021-12-21 19:00:00-05:00,178.42,178.56,174.11,175.42,1576425.00
2021-12-22 19:00:00-05:00,175.53,176.66,174.20,176.17,1258037.00
2021-12-26 19:00:00-05:00,176.95,177.95,175.76,177.88,791276.00
2021-12-27 19:00:00-05:00,177.73,177.91,176.05,177.09,732475.00
2021-12-28 19:00:00-05:00,177.51,179.43,176.68,178.92,1091932.00
2021-12-29 19:00:00-05:00,179.56,180.52,178.74,179.25,656333.00
2021-12-30 19:00:00-05:00,179.25,180.34,177.89,177.99,866375.00
2022-01-02 19:00:00-05:00,177.11,179.47,174.77,179.22,1300410.00
2022-01-03 19:00:00-05:00,178.73,179.19,176.39,178.21,1185154.00
2022-01-04 19:00:00-05:00,178.18,180.75,178.01,179.03,1206015.00
2022-01-05 19:00:00-05:00,178.13,179.17,176.70,176.75,1001188.00
2022-01-06 19:00:00-05:00,177.14,181.14,176.67,179.88,1804590.00
2022-01-09 19:00:00-05:00,179.22,183.94,178.70,183.44,2188689.00
2022-01-10 19:00:00-05:00,183.53,185.67,181.96,185.25,1948138.00
2022-01-11 19:00:00-05:00,184.73,187.21,183.69,185.38,1851135.00
2022-01-12 19:00:00-05:00,184.81,186.75,183.52,186.63,1931971.00
2022-01-13 19:00:00-05:00,186.31,186.64,184.56,185.88,1958699.00
2022-01-17 19:00:00-05:00,185.21,185.70,182.64,184.32,1945400.00
2022-01-18 19:00:00-05:00,184.71,187.53,184.04,186.76,2176824.00
2022-01-19 19:00:00-05:00,187.41,190.07,186.75,186.83,2095989.00
2022-01-20 19:00:00-05:00,188.39,188.73,186.05,187.30,2209680.00
2022-01-23 19:00:00-05:00,185.95,186.74,179.85,183.99,2294297.00
2022-01-24 19:00:00-05:00,183.12,183.98,179.33,182.68,1922844.00
2022-01-25 19:00:00-05:00,182.06,183.92,179.11,179.70,2568747.00
2022-01-26 19:00:00-05:00,180.04,183.35,177.44,177.79,2360530.00
2022-01-27 19:00:00-05:00,178.74,181.07,176.25,181.00,1927147.00
2022-01-30 19:00:00-05:00,180.12,180.73,178.36,179.88,2132104.00
2022-01-31 19:00:00-05:00,180.03,180.85,177.60,179.23,1472903.00
2022-02-01 19:00:00-05:00,179.14,181.81,178.40,181.67,1918542.00
2022-02-02 19:00:00-05:00,185.23,192.77,183.64,191.51,3989628.00
2022-02-03 19:00:00-05:00,188.98,192.08,187.97,190.29,2188819.00
2022-02-06 19:00:00-05:00,190.81,192.67,189.27,190.58,2076301.00
2022-02-07 19:00:00-05:00,190.36,196.00,190.14,195.69,2106159.00
2022-02-08 19:00:00-05:00,195.81,198.62,194.90,196.23,2424546.00
2022-02-09 19:00:00-05:00,195.09,195.09,191.41,192.47,1781903.00
2022-02-10 19:00:00-05:00,191.79,194.61,190.20,191.09,1440177.00
2022-02-13 19:00:00-05:00,190.46,191.48,188.74,190.32,1471729.00
2022-02-14 19:00:00-05:00,192.42,193.10,190.82,191.91,1256863.00
2022-02-15 19:00:00-05:00,191.15,192.48,189.08,191.90,1402367.00
2022-02-16 19:00:00-05:00,189.98,190.17,187.45,188.38,1691289.00
2022-02-17 19:00:00-05:00,188.71,189.78,185.99,186.88,1714497.00
2022-02-21 19:00:00-05:00,187.53,188.50,186.19,186.97,1876559.00
2022-02-22 19:00:00-05:00,187.37,190.94,186.91,190.15,2023237.00
2022-02-23 19:00:00-05:00,187.96,189.66,186.63,188.48,2062351.00
2022-02-24 19:00:00-05:00,189.45,193.39,188.65,193.03,1727013.00
2022-02-27 19:00:00-05:00,190.07,192.27,189.85,192.01,1501195.00
2022-02-28 19:00:00-05:00,191.81,193.54,190.64,192.08,1265338.00
2022-03-01 19:00:00-05:00,191.52,194.22,190.99,192.88,1217488.00
2022-03-02 19:00:00-05:00,193.40,194.55,191.97,193.11,1341219.00
2022-03-03 19:00:00-05:00,192.08,195.11,190.51,194.94,1739400.00
2022-03-06 19:00:00-05:00,193.69,195.69,190.93,195.38,2327022.00
2022-03-07 19:00:00-05:00,194.02,195.23,187.39,187.65,2193122.00
2022-03-08 19:00:00-05:00,188.98,190.52,187.09,188.07,1605760.00
2022-03-09 19:00:00-05:00,186.34,186.65,182.19,183.01,2595214.00
2022-03-10 19:00:00-05:00,183.17,183.91,180.49,180.73,1700677.00
2022-03-13 20:00:00-04:00,181.72,186.26,180.80,182.36,1734315.00
2022-03-14 20:00:00-04:00,183.22,184.04,181.41,183.70,1513060.00
2022-03-15 20:00:00-04:00,184.52,185.57,182.70,185.19,1535746.00
2022-03-16 20:00:00-04:00,185.15,187.29,182.92,186.26,1556216.00
2022-03-17 20:00:00-04:00,185.63,186.65,183.02,186.08,3571239.00
2022-03-20 20:00:00-04:00,185.61,190.38,185.35,190.03,1577468.00
2022-03-21 20:00:00-04:00,190.91,190.91,187.06,188.09,1574208.00
2022-03-22 20:00:00-04:00,188.69,189.21,185.28,186.03,1512278.00
2022-03-23 20:00:00-04:00,186.46,187.38,186.01,186.82,851251.00
2022-03-24 20:00:00-04:00,187.90,188.75,186.58,188.66,942387.00
2022-03-27 20:00:00-04:00,188.85,190.42,187.14,190.41,896754.00
2022-03-28 20:00:00-04:00,191.69,193.02,190.52,191.57,1821539.00
2022-03-29 20:00:00-04:00,191.01,193.28,190.21,191.44,1173811.00
2022-03-30 20:00:00-04:00,191.25,191.91,188.53,188.89,1526228.00
2022-03-31 20:00:00-04:00,189.65,191.94,187.89,191.06,1723051.00
2022-04-03 20:00:00-04:00,190.54,190.72,187.02,188.01,1346285.00
2022-04-04 20:00:00-04:00,187.63,194.05,187.61,191.38,1380247.00
2022-04-05 20:00:00-04:00,190.66,197.23,190.08,197.00,2026932.00
2022-04-06 20:00:00-04:00,196.27,199.78,195.67,199.09,1276198.00
2022-04-07 20:00:00-04:00,199.49,201.83,199.44,200.47,1777747.00
2022-04-10 20:00:00-04:00,200.61,200.88,195.48,196.53,1365365.00
2022-04-11 20:00:00-04:00,196.03,197.57,194.35,195.93,1002463.00
2022-04-12 20:00:00-04:00,195.85,197.57,194.85,197.21,845371.00
2022-04-13 20:00:00-04:00,198.14,199.53,196.63,197.75,1172402.00
2022-04-17 20:00:00-04:00,197.26,198.10,188.50,189.32,1277978.00
2022-04-18 20:00:00-04:00,188.82,192.07,188.68,191.79,1251012.00
2022-04-19 20:00:00-04:00,192.38,195.98,191.92,194.81,1814381.00
2022-04-20 20:00:00-04:00,197.25,197.52,192.54,192.80,1905456.00
2022-04-21 20:00:00-04:00,190.98,191.18,185.57,185.63,1466743.00
2022-04-24 20:00:00-04:00,185.39,188.65,183.89,188.12,1175455.00
2022-04-25 20:00:00-04:00,187.72,189.24,184.88,185.59,1679930.00
2022-04-26 20:00:00-04:00,186.06,186.99,183.63,184.11,1771514.00
2022-04-27 20:00:00-04:00,185.03,185.94,182.23,184.27,1220738.00
2022-04-28 20:00:00-04:00,183.32,184.08,179.28,179.92,1500960.00
2022-05-01 20:00:00-04:00,180.60,182.54,177.31,178.75,1268566.00
2022-05-02 20:00:00-04:00,179.61,182.50,179.21,181.11,1345776.00
2022-05-03 20:00:00-04:00,180.52,185.23,179.29,184.54,1664921.00
2022-05-04 20:00:00-04:00,182.70,189.89,181.11,188.98,3131410.00
2022-05-05 20:00:00-04:00,186.33,188.78,182.19,187.77,2669801.00
2022-05-08 20:00:00-04:00,185.61,186.01,183.10,183.57,1897951.00
2022-05-09 20:00:00-04:00,184.31,186.46,181.24,182.04,2313514.00
2022-05-10 20:00:00-04:00,181.29,186.14,180.97,181.23,1232695.00
2022-05-11 20:00:00-04:00,180.98,182.16,179.13,181.76,1485696.00
2022-05-12 20:00:00-04:00,182.72,182.92,179.00,180.83,1516351.00
2022-05-15 20:00:00-04:00,181.04,185.18,180.23,184.07,1432654.00
2022-05-16 20:00:00-04:00,184.98,186.53,183.87,186.52,1272763.00
2022-05-17 20:00:00-04:00,186.19,186.65,182.37,182.77,1143782.00
2022-05-18 20:00:00-04:00,181.66,183.79,179.11,182.80,1570411.00
2022-05-19 20:00:00-04:00,183.71,184.49,180.38,183.64,1158665.00
2022-05-22 20:00:00-04:00,186.21,187.64,184.38,187.06,1091376.00
2022-05-23 20:00:00-04:00,187.00,188.51,185.96,187.39,1226717.00
2022-05-24 20:00:00-04:00,188.91,188.91,180.74,183.54,1752562.00
2022-05-25 20:00:00-04:00,184.54,185.99,183.28,183.79,1001064.00
2022-05-26 20:00:00-04:00,184.91,186.67,183.81,186.67,896251.00
2022-05-30 20:00:00-04:00,184.46,187.33,182.64,186.19,1782072.00
2022-05-31 20:00:00-04:00,188.55,188.55,180.65,182.99,956544.00
2022-06-01 20:00:00-04:00,183.39,184.84,178.99,184.64,849569.00
2022-06-02 20:00:00-04:00,184.26,185.83,183.41,183.67,675432.00
2022-06-05 20:00:00-04:00,184.92,188.61,184.19,188.31,1484424.00
2022-06-06 20:00:00-04:00,187.89,189.24,185.42,187.73,1213488.00
2022-06-07 20:00:00-04:00,187.62,188.77,186.00,186.12,1142256.00
2022-06-08 20:00:00-04:00,185.34,185.99,181.14,181.39,918257.00
2022-06-09 20:00:00-04:00,179.60,183.49,178.01,182.09,1746074.00
2022-06-12 20:00:00-04:00,178.78,180.84,175.70,176.63,1447790.00
2022-06-13 20:00:00-04:00,176.63,176.84,170.20,172.59,1509737.00
2022-06-14 20:00:00-04:00,173.31,174.53,170.68,172.93,1160191.00
2022-06-15 20:00:00-04:00,170.90,171.82,169.04,171.44,2171431.00
2022-06-16 20:00:00-04:00,172.01,175.84,171.44,171.87,2834652.00
2022-06-20 20:00:00-04:00,173.82,173.82,171.27,172.74,1710713.00
2022-06-21 20:00:00-04:00,172.09,174.64,170.92,173.28,1775585.00
2022-06-22 20:00:00-04:00,173.83,177.29,173.83,177.13,917621.00
2022-06-23 20:00:00-04:00,180.08,183.50,177.64,183.25,1978469.00
2022-06-26 20:00:00-04:00,183.09,183.42,180.69,182.65,973970.00
2022-06-27 20:00:00-04:00,182.97,183.82,178.48,178.59,1111474.00
2022-06-28 20:00:00-04:00,178.62,183.44,177.95,182.10,1456058.00
2022-06-29 20:00:00-04:00,181.12,182.33,179.28,180.05,1784743.00
2022-06-30 20:00:00-04:00,180.03,184.17,178.43,183.90,985673.00
2022-07-04 20:00:00-04:00,181.79,182.94,178.06,181.07,989234.00
2022-07-05 20:00:00-04:00,180.95,182.71,179.33,179.87,1352899.00
2022-07-06 20:00:00-04:00,179.51,181.38,179.33,179.95,1243762.00
2022-07-07 20:00:00-04:00,179.85,182.26,179.30,179.41,1106767.00
2022-07-10 20:00:00-04:00,177.64,178.93,177.22,177.98,715882.00
2022-07-11 20:00:00-04:00,176.28,177.24,172.07,173.03,1233077.00
2022-07-12 20:00:00-04:00,171.63,172.98,170.32,171.96,885058.00
2022-07-13 20:00:00-04:00,169.58,171.44,169.37,171.01,871829.00
2022-07-14 20:00:00-04:00,172.95,175.33,172.08,174.72,986054.00
2022-07-17 20:00:00-04:00,173.88,174.63,170.85,171.12,1041641.00
2022-07-18 20:00:00-04:00,172.85,174.41,172.09,174.15,971808.00
2022-07-19 20:00:00-04:00,172.69,173.61,171.76,173.23,1390550.00
2022-07-20 20:00:00-04:00,174.26,176.82,173.42,176.07,1261442.00
2022-07-21 20:00:00-04:00,176.67,177.55,175.52,176.83,760656.00
2022-07-24 20:00:00-04:00,177.07,177.96,176.43,177.20,806575.00
2022-07-25 20:00:00-04:00,178.53,179.38,176.70,178.31,698201.00
2022-07-26 20:00:00-04:00,177.86,179.57,175.36,178.45,785206.00
2022-07-27 20:00:00-04:00,178.23,179.42,175.13,178.13,1278233.00
2022-07-28 20:00:00-04:00,177.92,179.16,176.75,178.43,1396147.00
2022-07-31 20:00:00-04:00,177.56,179.22,177.56,178.76,921182.00
2022-08-01 20:00:00-04:00,179.07,180.21,177.21,177.48,1212852.00
2022-08-02 20:00:00-04:00,177.48,179.96,177.42,178.88,1144546.00
2022-08-03 20:00:00-04:00,179.27,187.26,179.27,184.42,2299267.00
2022-08-04 20:00:00-04:00,183.64,186.53,181.34,185.67,1323134.00
2022-08-07 20:00:00-04:00,185.93,187.83,184.96,186.94,918638.00
2022-08-08 20:00:00-04:00,188.10,191.27,186.09,186.45,1433417.00
2022-08-09 20:00:00-04:00,188.21,189.18,187.14,188.83,925634.00
2022-08-10 20:00:00-04:00,189.12,191.68,188.94,189.45,1081582.00
2022-08-11 20:00:00-04:00,189.87,192.78,189.78,192.58,1056905.00
2022-08-14 20:00:00-04:00,192.13,195.36,191.79,194.86,984910.00
2022-08-15 20:00:00-04:00,194.31,196.50,193.45,195.57,1258008.00
2022-08-16 20:00:00-04:00,194.12,195.29,192.49,192.97,811027.00
2022-08-17 20:00:00-04:00,193.23,193.39,190.89,192.59,787750.00
2022-08-18 20:00:00-04:00,193.07,194.07,191.08,193.19,902484.00
2022-08-21 20:00:00-04:00,192.78,194.04,189.80,190.43,968501.00
2022-08-22 20:00:00-04:00,189.41,190.00,187.32,187.99,1120632.00
2022-08-23 20:00:00-04:00,188.00,190.45,187.07,188.68,1119996.00
2022-08-24 20:00:00-04:00,189.58,190.31,188.48,189.89,860254.00
2022-08-25 20:00:00-04:00,190.08,190.35,185.16,185.31,925507.00
2022-08-28 20:00:00-04:00,184.13,187.04,183.68,185.82,679375.00
2022-08-29 20:00:00-04:00,185.79,186.15,184.32,184.90,885694.00
2022-08-30 20:00:00-04:00,185.40,188.23,184.28,184.35,1509737.00
2022-08-31 20:00:00-04:00,183.98,186.47,183.42,186.42,1230533.00
2022-09-01 20:00:00-04:00,187.34,187.56,183.90,184.66,1185758.00
2022-09-05 20:00:00-04:00,185.18,185.19,183.14,184.09,1096718.00
2022-09-06 20:00:00-04:00,184.80,189.58,184.63,189.13,1703590.00
2022-09-07 20:00:00-04:00,188.69,191.04,187.90,190.89,1658561.00
2022-09-08 20:00:00-04:00,190.53,193.40,190.22,192.61,1202422.00
2022-09-11 20:00:00-04:00,192.89,195.14,192.46,193.63,1158792.00
2022-09-12 20:00:00-04:00,191.73,192.63,187.93,188.17,1285102.00
2022-09-13 20:00:00-04:00,188.83,191.99,188.11,189.76,1388897.00
2022-09-14 20:00:00-04:00,189.76,190.55,187.89,188.11,807847.00
2022-09-15 20:00:00-04:00,187.48,187.70,185.66,186.36,1673698.00
2022-09-18 20:00:00-04:00,185.11,185.11,182.19,184.12,2190130.00
2022-09-19 20:00:00-04:00,183.29,183.45,176.86,178.88,1820995.00
2022-09-20 20:00:00-04:00,178.95,180.40,174.29,174.41,1372615.00
2022-09-21 20:00:00-04:00,174.04,175.09,172.78,173.81,1246306.00
2022-09-22 20:00:00-04:00,172.77,173.91,169.00,171.41,1831807.00
2022-09-25 20:00:00-04:00,170.62,171.80,168.69,169.74,1336363.00
2022-09-26 20:00:00-04:00,171.03,172.07,166.53,167.33,1403398.00
2022-09-27 20:00:00-04:00,167.94,170.02,166.84,168.81,1506430.00
2022-09-28 20:00:00-04:00,168.27,168.54,164.59,165.70,1782708.00
2022-09-29 20:00:00-04:00,166.44,167.54,163.13,163.29,2060386.00
2022-10-02 20:00:00-04:00,164.95,169.98,163.27,169.11,1298585.00
2022-10-03 20:00:00-04:00,169.54,173.83,169.01,173.65,1375159.00
2022-10-04 20:00:00-04:00,172.24,174.62,171.22,173.55,1053725.00
2022-10-05 20:00:00-04:00,172.47,172.66,167.21,167.37,1521821.00
2022-10-06 20:00:00-04:00,166.29,166.75,162.42,163.17,1827610.00
2022-10-09 20:00:00-04:00,164.44,164.80,160.92,161.07,1398691.00
2022-10-10 20:00:00-04:00,161.27,164.48,159.51,163.16,1189574.00
2022-10-11 20:00:00-04:00,163.31,164.34,161.72,161.79,948912.00
2022-10-12 20:00:00-04:00,159.18,166.62,158.21,166.00,1214760.00
2022-10-13 20:00:00-04:00,167.17,168.35,163.84,164.66,1135514.00
2022-10-16 20:00:00-04:00,165.87,168.67,165.16,167.82,1260043.00
2022-10-17 20:00:00-04:00,171.99,173.03,168.74,169.00,1882942.00
2022-10-18 20:00:00-04:00,167.72,168.41,164.06,165.22,1667465.00
2022-10-19 20:00:00-04:00,165.43,165.93,162.84,163.10,1117961.00
2022-10-20 20:00:00-04:00,163.32,164.44,161.65,163.85,2199034.00
2022-10-23 20:00:00-04:00,165.38,166.53,164.28,165.03,2081374.00
2022-10-24 20:00:00-04:00,165.15,165.93,164.36,165.39,2517542.00
2022-10-25 20:00:00-04:00,166.49,171.19,165.46,170.65,2347858.00
2022-10-26 20:00:00-04:00,171.29,171.29,168.59,169.40,1146962.00
2022-10-27 20:00:00-04:00,170.15,172.67,170.15,172.40,1594961.00
2022-10-30 20:00:00-04:00,171.95,173.89,171.72,172.92,1671281.00
2022-10-31 20:00:00-04:00,173.64,174.11,170.66,171.38,2779829.00
2022-11-01 20:00:00-04:00,171.33,172.28,167.05,167.08,2600604.00
2022-11-02 20:00:00-04:00,165.60,165.71,161.93,161.95,2922420.00
2022-11-03 20:00:00-04:00,164.20,164.20,159.88,161.83,3030667.00
2022-11-06 19:00:00-05:00,161.83,162.81,160.51,161.90,2458394.00
2022-11-07 19:00:00-05:00,161.84,162.75,159.60,160.84,3688291.00
2022-11-08 19:00:00-05:00,161.23,162.08,159.53,159.96,2660261.00
2022-11-09 19:00:00-05:00,162.25,168.64,161.07,168.01,5101610.00
2022-11-10 19:00:00-05:00,168.85,168.85,164.47,166.83,2280314.00
2022-11-13 19:00:00-05:00,167.66,168.09,164.25,164.26,2453815.00
2022-11-14 19:00:00-05:00,165.78,165.78,162.03,162.95,2578853.00
2022-11-15 19:00:00-05:00,163.96,165.04,162.20,162.74,1855466.00
2022-11-16 19:00:00-05:00,161.21,162.97,160.35,161.15,1531615.00
2022-11-17 19:00:00-05:00,161.61,165.83,161.06,165.31,1787160.00
2022-11-20 19:00:00-05:00,165.32,173.94,165.32,171.98,3098210.00
2022-11-21 19:00:00-05:00,171.51,172.83,169.52,172.65,1782835.00
2022-11-22 19:00:00-05:00,172.34,174.04,172.10,173.92,1251394.00
2022-11-24 19:00:00-05:00,174.29,174.98,173.30,174.45,477000.00
2022-11-27 19:00:00-05:00,173.96,175.39,172.95,173.92,2174866.00
2022-11-28 19:00:00-05:00,173.47,176.69,172.62,176.62,2405352.00
2022-11-29 19:00:00-05:00,176.98,182.96,175.90,182.71,3089815.00
2022-11-30 19:00:00-05:00,184.52,186.35,182.88,183.81,2109230.00
2022-12-01 19:00:00-05:00,181.91,185.10,181.56,184.94,1708042.00
2022-12-04 19:00:00-05:00,182.74,183.55,180.35,180.42,1557182.00
2022-12-05 19:00:00-05:00,179.89,180.99,177.89,179.09,1155612.00
2022-12-06 19:00:00-05:00,179.72,181.17,178.45,180.62,2097019.00
2022-12-07 19:00:00-05:00,180.20,182.52,179.92,182.38,1557818.00
2022-12-08 19:00:00-05:00,181.85,183.57,181.10,182.11,1088832.00
2022-12-11 19:00:00-05:00,183.25,187.49,182.70,186.86,1993733.00
2022-12-12 19:00:00-05:00,190.77,190.82,186.52,186.86,3356681.00
2022-12-13 19:00:00-05:00,186.68,187.91,184.30,186.85,2229689.00
2022-12-14 19:00:00-05:00,185.51,186.82,183.46,184.25,1462546.00
2022-12-15 19:00:00-05:00,182.82,183.88,181.49,183.52,2848898.00
2022-12-18 19:00:00-05:00,183.63,184.47,182.13,182.74,1546498.00
2022-12-19 19:00:00-05:00,182.96,184.77,182.46,183.32,1507574.00
2022-12-20 19:00:00-05:00,184.58,187.18,184.35,186.35,1043422.00
2022-12-21 19:00:00-05:00,185.90,186.71,184.10,186.52,1038842.00
2022-12-22 19:00:00-05:00,186.46,187.81,185.60,187.16,787877.00
2022-12-26 19:00:00-05:00,187.32,187.99,186.00,187.77,709903.00
2022-12-27 19:00:00-05:00,188.54,189.43,186.10,186.17,652536.00
2022-12-28 19:00:00-05:00,187.74,190.25,186.04,188.95,819041.00
2022-12-29 19:00:00-05:00,188.15,188.76,185.64,187.04,813953.00
2023-01-02 19:00:00-05:00,193.19,193.19,186.61,188.42,1274544.00
2023-01-03 19:00:00-05:00,189.76,190.14,188.46,189.83,1835750.00
2023-01-04 19:00:00-05:00,189.50,190.04,187.41,187.78,2003654.00
2023-01-05 19:00:00-05:00,188.94,190.88,187.27,190.75,1451606.00
2023-01-08 19:00:00-05:00,191.19,191.19,185.57,185.68,1701427.00
2023-01-09 19:00:00-05:00,187.14,188.63,186.87,187.83,1550695.00
2023-01-10 19:00:00-05:00,188.36,188.84,186.55,188.40,1797718.00
2023-01-11 19:00:00-05:00,188.73,189.76,186.88,187.26,881496.00
2023-01-12 19:00:00-05:00,186.65,188.45,186.23,188.18,844354.00
2023-01-16 19:00:00-05:00,187.64,189.22,187.47,188.29,1831553.00
2023-01-17 19:00:00-05:00,188.13,188.13,186.19,186.50,1387498.00
2023-01-18 19:00:00-05:00,185.83,187.70,185.28,186.79,1161972.00
2023-01-19 19:00:00-05:00,186.84,186.84,183.94,186.68,1148489.00
2023-01-22 19:00:00-05:00,186.55,186.55,183.29,183.57,1518514.00
2023-01-23 19:00:00-05:00,184.23,184.38,180.59,180.75,1137168.00
2023-01-24 19:00:00-05:00,179.80,181.51,178.52,181.51,1562906.00
2023-01-25 19:00:00-05:00,181.82,183.29,180.41,183.24,728983.00
2023-01-26 19:00:00-05:00,183.35,186.36,182.50,185.21,1566341.00
2023-01-29 19:00:00-05:00,185.03,186.06,183.55,183.97,1328350.00
2023-01-30 19:00:00-05:00,183.79,185.67,182.82,185.51,1528308.00
2023-01-31 19:00:00-05:00,185.34,187.58,184.56,186.94,1394621.00
2023-02-01 19:00:00-05:00,175.91,189.53,173.66,182.75,3859248.00
2023-02-02 19:00:00-05:00,182.85,184.15,179.49,180.82,2693969.00
2023-02-05 19:00:00-05:00,180.98,184.41,180.98,183.99,1971473.00
2023-02-06 19:00:00-05:00,182.79,186.91,182.57,186.22,1961297.00
2023-02-07 19:00:00-05:00,185.63,186.16,183.35,184.05,1360786.00
2023-02-08 19:00:00-05:00,183.45,184.02,179.81,180.37,1167060.00
2023-02-09 19:00:00-05:00,180.70,182.40,179.67,182.28,1469287.00
2023-02-12 19:00:00-05:00,182.22,183.07,180.68,181.85,1373760.00
2023-02-13 19:00:00-05:00,182.12,182.12,177.77,179.03,2323690.00
2023-02-14 19:00:00-05:00,178.48,179.33,177.66,179.13,886584.00
2023-02-15 19:00:00-05:00,177.34,179.65,176.65,177.95,1075476.00
2023-02-16 19:00:00-05:00,177.92,180.27,177.23,179.85,1671662.00
2023-02-20 19:00:00-05:00,178.42,178.42,176.05,176.15,1499815.00
2023-02-21 19:00:00-05:00,176.19,177.96,176.04,176.82,1401490.00
2023-02-22 19:00:00-05:00,176.09,177.60,175.49,176.32,957689.00
2023-02-23 19:00:00-05:00,174.34,175.29,172.99,174.99,1058558.00
2023-02-26 19:00:00-05:00,176.07,176.46,173.79,174.23,755314.00
2023-02-27 19:00:00-05:00,173.91,175.14,172.23,172.51,1956590.00
2023-02-28 19:00:00-05:00,170.99,171.74,169.61,170.75,1109947.00
2023-03-01 19:00:00-05:00,169.74,172.29,169.42,172.08,1243126.00
2023-03-02 19:00:00-05:00,173.12,174.54,172.60,174.48,975370.00
2023-03-05 19:00:00-05:00,174.05,175.05,173.63,173.74,999919.00
2023-03-06 19:00:00-05:00,174.45,175.22,172.78,173.67,1564306.00
2023-03-07 19:00:00-05:00,173.32,174.16,172.65,173.01,1058558.00
2023-03-08 19:00:00-05:00,173.86,174.41,170.95,171.47,1321226.00
2023-03-09 19:00:00-05:00,171.30,171.94,169.06,169.61,1283830.00
2023-03-12 20:00:00-04:00,169.08,172.61,168.80,170.85,1010095.00
2023-03-13 20:00:00-04:00,172.72,173.11,170.02,171.96,1181306.00
2023-03-14 20:00:00-04:00,170.22,173.25,169.36,173.13,1566214.00
2023-03-15 20:00:00-04:00,172.22,176.04,171.56,175.73,1559472.00
2023-03-16 20:00:00-04:00,176.48,176.48,173.14,173.94,1962442.00
2023-03-19 20:00:00-04:00,174.16,176.79,174.10,176.09,1210308.00
2023-03-20 20:00:00-04:00,176.87,177.78,175.62,177.39,1394494.00
2023-03-21 20:00:00-04:00,177.89,180.19,176.41,176.41,1496762.00
2023-03-22 20:00:00-04:00,176.21,177.10,173.71,174.53,1188557.00
2023-03-23 20:00:00-04:00,174.87,177.78,174.28,177.58,1158283.00
2023-03-26 20:00:00-04:00,179.37,179.99,178.64,178.82,1120250.00
2023-03-27 20:00:00-04:00,178.47,179.70,177.76,178.11,716263.00
2023-03-28 20:00:00-04:00,178.31,180.05,178.31,179.37,963922.00
2023-03-29 20:00:00-04:00,180.20,181.05,179.64,181.02,870557.00
2023-03-30 20:00:00-04:00,182.00,182.85,180.34,182.77,1408740.00
2023-04-02 20:00:00-04:00,182.06,183.46,180.69,182.34,1306726.00
2023-04-03 20:00:00-04:00,183.00,184.94,183.00,183.30,1272636.00
2023-04-04 20:00:00-04:00,184.15,186.72,183.56,185.82,1086161.00
2023-04-05 20:00:00-04:00,186.52,188.40,186.05,188.05,1742386.00
2023-04-09 20:00:00-04:00,187.15,188.69,186.23,187.20,1035408.00
2023-04-10 20:00:00-04:00,187.57,188.67,186.75,186.79,1156502.00
2023-04-11 20:00:00-04:00,188.78,189.26,187.19,187.43,1526146.00
2023-04-12 20:00:00-04:00,187.71,189.28,187.37,189.24,987326.00
2023-04-13 20:00:00-04:00,189.35,190.04,188.16,188.65,949930.00
2023-04-16 20:00:00-04:00,188.98,189.52,188.19,189.23,943697.00
2023-04-17 20:00:00-04:00,189.58,189.58,187.15,187.24,1063774.00
2023-04-18 20:00:00-04:00,187.97,191.27,187.86,191.12,1755233.00
2023-04-19 20:00:00-04:00,190.84,193.91,189.94,193.38,1974780.00
2023-04-20 20:00:00-04:00,194.41,195.25,192.74,192.87,1206110.00
2023-04-23 20:00:00-04:00,193.57,194.94,191.98,193.47,1331148.00
2023-04-24 20:00:00-04:00,193.28,193.97,191.80,192.66,973080.00
2023-04-25 20:00:00-04:00,190.73,191.44,189.52,190.87,1202167.00
2023-04-26 20:00:00-04:00,190.98,194.82,190.54,194.41,1443466.00
2023-04-27 20:00:00-04:00,194.14,195.72,193.41,195.16,1798862.00
2023-04-30 20:00:00-04:00,194.89,196.50,194.89,195.90,1392458.00
2023-05-01 20:00:00-04:00,195.24,195.67,193.77,194.77,1537848.00
2023-05-02 20:00:00-04:00,195.70,196.92,194.00,194.64,1606409.00
2023-05-03 20:00:00-04:00,191.97,191.97,185.93,186.41,3060050.00
2023-05-04 20:00:00-04:00,187.82,189.54,186.41,187.29,1866660.00
2023-05-07 20:00:00-04:00,185.82,187.09,185.16,185.70,1904311.00
2023-05-08 20:00:00-04:00,185.10,185.16,183.14,184.33,1395257.00
2023-05-09 20:00:00-04:00,185.46,185.65,183.08,185.37,1025105.00
2023-05-10 20:00:00-04:00,184.94,185.79,184.17,185.62,1250885.00
2023-05-11 20:00:00-04:00,185.82,186.61,184.89,186.44,1096718.00
2023-05-14 20:00:00-04:00,186.77,186.80,184.12,185.39,1194535.00
2023-05-15 20:00:00-04:00,184.84,185.80,184.25,184.86,888492.00
2023-05-16 20:00:00-04:00,185.62,185.79,183.47,185.54,1372742.00
2023-05-17 20:00:00-04:00,185.23,186.11,184.21,185.75,1773931.00
2023-05-18 20:00:00-04:00,186.00,187.10,185.39,185.98,1573464.00
2023-05-21 20:00:00-04:00,185.71,187.47,185.11,185.36,1218958.00
2023-05-22 20:00:00-04:00,184.74,185.44,181.34,181.99,1333056.00
2023-05-23 20:00:00-04:00,181.86,181.86,179.98,181.08,1227734.00
2023-05-24 20:00:00-04:00,179.86,180.75,177.07,178.51,1809420.00
2023-05-25 20:00:00-04:00,178.37,179.66,177.68,178.03,1068862.00
2023-05-29 20:00:00-04:00,178.11,179.19,175.91,176.02,1322244.00
2023-05-30 20:00:00-04:00,176.10,178.88,175.45,178.51,2816717.00
2023-05-31 20:00:00-04:00,179.96,183.53,179.48,183.19,2582287.00
2023-06-01 20:00:00-04:00,184.21,187.17,184.07,185.91,2211754.00
2023-06-04 20:00:00-04:00,186.16,188.55,186.16,187.54,1688198.00
2023-06-05 20:00:00-04:00,188.31,188.89,183.17,184.93,1887012.00
2023-06-06 20:00:00-04:00,184.67,186.76,184.01,186.24,1588855.00
2023-06-07 20:00:00-04:00,185.47,186.24,183.90,184.89,1566214.00
2023-06-08 20:00:00-04:00,185.82,187.27,184.81,186.37,1687817.00
2023-06-11 20:00:00-04:00,186.31,186.33,184.61,185.78,1552603.00
2023-06-12 20:00:00-04:00,185.10,186.87,184.67,186.37,808229.00
2023-06-13 20:00:00-04:00,189.34,190.91,187.27,187.73,1460256.00
2023-06-14 20:00:00-04:00,188.05,190.28,187.16,189.82,884803.00
2023-06-15 20:00:00-04:00,190.73,192.58,190.17,191.65,1887012.00
2023-06-19 20:00:00-04:00,190.49,192.31,189.02,190.05,1187921.00
2023-06-20 20:00:00-04:00,189.91,191.14,188.62,190.68,975370.00
2023-06-21 20:00:00-04:00,191.45,192.02,190.52,191.24,909353.00
2023-06-22 20:00:00-04:00,191.19,192.48,189.92,190.11,1039097.00
2023-06-25 20:00:00-04:00,190.11,190.49,187.22,190.07,831761.00
2023-06-26 20:00:00-04:00,190.06,191.73,188.24,191.37,1158283.00
2023-06-27 20:00:00-04:00,191.19,192.20,190.68,191.94,1474121.00
2023-06-28 20:00:00-04:00,191.21,193.12,190.65,193.05,1449953.00
2023-06-29 20:00:00-04:00,194.29,196.44,194.17,195.64,1745311.00
2023-07-02 20:00:00-04:00,194.00,195.06,192.23,194.09,766380.00
2023-07-04 20:00:00-04:00,192.19,193.07,191.45,192.89,1469287.00
2023-07-05 20:00:00-04:00,192.07,193.05,191.27,191.83,948022.00
2023-07-06 20:00:00-04:00,190.46,191.66,189.84,190.39,1171003.00
2023-07-09 20:00:00-04:00,190.77,192.42,190.13,190.86,1017600.00
2023-07-10 20:00:00-04:00,190.60,192.21,189.96,192.17,896506.00
2023-07-11 20:00:00-04:00,193.45,193.71,191.16,191.68,985291.00
2023-07-12 20:00:00-04:00,191.07,193.40,190.92,192.63,1490784.00
2023-07-13 20:00:00-04:00,192.82,193.51,191.34,192.22,1152559.00
2023-07-16 20:00:00-04:00,191.77,192.17,189.82,190.18,900576.00
2023-07-17 20:00:00-04:00,189.60,190.29,187.87,189.94,969010.00
2023-07-18 20:00:00-04:00,189.05,191.10,188.56,188.89,1831171.00
2023-07-19 20:00:00-04:00,189.93,195.25,189.68,195.20,1840711.00
2023-07-20 20:00:00-04:00,195.99,197.17,194.85,196.26,1461528.00
2023-07-23 20:00:00-04:00,209.12,212.91,206.63,207.47,4918315.00
2023-07-24 20:00:00-04:00,205.57,210.32,203.74,209.94,2120042.00
2023-07-25 20:00:00-04:00,209.69,211.20,208.97,209.56,2359560.00
2023-07-26 20:00:00-04:00,210.41,212.28,209.80,210.15,2476584.00
2023-07-27 20:00:00-04:00,211.27,211.56,207.57,207.73,2087988.00
2023-07-30 20:00:00-04:00,207.84,207.84,205.00,206.47,2067636.00
2023-07-31 20:00:00-04:00,204.74,206.49,203.87,206.41,1441303.00
2023-08-01 20:00:00-04:00,205.76,206.68,203.98,204.70,1776221.00
2023-08-02 20:00:00-04:00,204.04,205.46,196.90,199.12,2726023.00
2023-08-03 20:00:00-04:00,198.78,203.57,197.97,200.66,1935475.00
2023-08-06 20:00:00-04:00,201.12,205.41,200.86,203.95,1878744.00
2023-08-07 20:00:00-04:00,204.73,209.34,203.29,208.30,3209129.00
2023-08-08 20:00:00-04:00,206.79,210.81,206.79,208.62,2605819.00
2023-08-09 20:00:00-04:00,208.97,209.85,205.32,205.44,1630831.00
2023-08-10 20:00:00-04:00,205.57,209.36,204.61,209.20,1685909.00
2023-08-13 20:00:00-04:00,209.02,210.29,207.85,209.45,1370962.00
2023-08-14 20:00:00-04:00,208.99,209.64,207.14,207.24,1032737.00
2023-08-15 20:00:00-04:00,206.22,206.81,204.74,205.08,1036298.00
2023-08-16 20:00:00-04:00,205.36,205.36,203.64,204.18,1176346.00
2023-08-17 20:00:00-04:00,203.50,204.41,202.00,202.81,1239437.00
2023-08-20 20:00:00-04:00,202.64,204.71,201.90,204.24,1361422.00
2023-08-21 20:00:00-04:00,204.47,205.50,201.99,204.30,1313722.00
2023-08-22 20:00:00-04:00,205.40,205.63,204.03,205.33,1104986.00
2023-08-23 20:00:00-04:00,205.41,207.25,205.24,205.27,1093411.00
2023-08-24 20:00:00-04:00,205.84,208.86,205.38,207.50,1708296.00
2023-08-27 20:00:00-04:00,208.46,209.43,207.90,208.64,1066572.00
2023-08-28 20:00:00-04:00,209.06,209.28,207.76,208.58,1117070.00
2023-08-29 20:00:00-04:00,209.12,210.08,207.19,207.71,1185377.00
2023-08-30 20:00:00-04:00,208.08,208.87,206.46,207.08,1403398.00
2023-08-31 20:00:00-04:00,208.23,208.23,205.76,206.35,1061484.00
2023-09-04 20:00:00-04:00,206.34,206.34,201.83,202.21,1540646.00
2023-09-05 20:00:00-04:00,201.47,201.67,193.48,197.59,3129756.00
2023-09-06 20:00:00-04:00,198.52,200.35,197.72,198.58,1329622.00
2023-09-07 20:00:00-04:00,198.18,198.92,195.72,198.36,1504649.00
2023-09-10 20:00:00-04:00,198.70,199.75,196.30,198.67,1533396.00
2023-09-11 20:00:00-04:00,198.53,198.77,195.37,196.08,1414082.00
2023-09-12 20:00:00-04:00,195.82,197.29,195.34,197.05,1255464.00
2023-09-13 20:00:00-04:00,198.05,198.53,195.92,196.76,1545989.00
2023-09-14 20:00:00-04:00,194.99,197.55,194.62,196.11,3820706.00
2023-09-17 20:00:00-04:00,196.48,198.16,194.98,196.73,1041005.00
2023-09-18 20:00:00-04:00,196.46,198.42,196.07,197.76,1103078.00
2023-09-19 20:00:00-04:00,198.91,200.00,198.41,198.63,1598268.00
2023-09-20 20:00:00-04:00,198.34,199.14,196.87,197.08,1258008.00
2023-09-21 20:00:00-04:00,196.65,198.40,196.33,197.20,805558.00
2023-09-24 20:00:00-04:00,197.05,198.43,195.98,198.36,1223410.00
2023-09-25 20:00:00-04:00,196.56,198.01,193.90,194.03,1213234.00
2023-09-26 20:00:00-04:00,195.16,195.56,190.27,192.44,1511899.00
2023-09-27 20:00:00-04:00,193.05,196.33,193.05,195.37,1282176.00
2023-09-28 20:00:00-04:00,195.83,196.30,191.76,192.24,1582368.00
2023-10-01 20:00:00-04:00,190.63,191.85,189.72,191.66,952982.00
2023-10-02 20:00:00-04:00,191.17,193.23,190.76,192.51,1278233.00
2023-10-03 20:00:00-04:00,193.02,193.33,190.44,193.12,852749.00
2023-10-04 20:00:00-04:00,193.20,194.51,192.49,194.11,1044948.00
2023-10-05 20:00:00-04:00,193.48,196.34,191.87,195.13,1020144.00
2023-10-08 20:00:00-04:00,194.33,197.72,194.27,197.64,877807.00
2023-10-09 20:00:00-04:00,197.08,200.41,196.18,198.70,1256100.00
2023-10-10 20:00:00-04:00,198.01,198.01,191.94,194.30,2154132.00
2023-10-11 20:00:00-04:00,194.59,195.23,190.85,191.15,1399327.00
2023-10-12 20:00:00-04:00,190.99,193.22,190.64,192.36,1312704.00
2023-10-15 20:00:00-04:00,193.24,194.47,191.42,193.14,954254.00
2023-10-16 20:00:00-04:00,191.89,194.36,191.02,192.81,1071914.00
2023-10-17 20:00:00-04:00,193.56,194.61,191.78,192.88,1196316.00
2023-10-18 20:00:00-04:00,192.88,194.64,191.09,191.46,1029684.00
2023-10-19 20:00:00-04:00,191.51,194.54,191.13,192.32,1335091.00
2023-10-22 20:00:00-04:00,192.27,193.87,190.05,190.30,889510.00
2023-10-23 20:00:00-04:00,190.04,193.43,190.00,192.74,1035026.00
2023-10-24 20:00:00-04:00,192.06,194.99,189.61,190.03,1374396.00
2023-10-25 20:00:00-04:00,189.22,190.64,188.35,189.00,806702.00
2023-10-26 20:00:00-04:00,188.92,189.52,186.16,187.08,1349592.00
2023-10-29 20:00:00-04:00,188.12,188.12,184.83,186.70,1362058.00
2023-10-30 20:00:00-04:00,187.62,188.78,186.14,187.96,2504822.00
2023-10-31 20:00:00-04:00,188.69,189.25,186.91,188.70,1197334.00
2023-11-01 20:00:00-04:00,188.71,191.44,188.08,190.30,1442321.00
2023-11-02 20:00:00-04:00,192.38,193.02,190.48,192.52,1244779.00
2023-11-05 19:00:00-05:00,192.62,193.27,191.05,192.66,1211453.00
2023-11-06 19:00:00-05:00,192.83,192.83,190.15,190.44,1179780.00
2023-11-07 19:00:00-05:00,191.53,191.53,188.85,190.30,1509864.00
2023-11-08 19:00:00-05:00,176.35,177.88,170.92,172.69,5580037.25
2023-11-09 19:00:00-05:00,173.87,175.26,171.81,174.48,2833380.00
2023-11-12 19:00:00-05:00,175.48,176.91,172.56,175.38,2810611.00
2023-11-13 19:00:00-05:00,175.80,176.77,172.97,173.51,3262680.00
2023-11-14 19:00:00-05:00,173.27,174.94,172.42,173.82,3193738.00
2023-11-15 19:00:00-05:00,174.48,175.94,173.97,174.79,1988645.00
2023-11-16 19:00:00-05:00,175.62,175.62,172.98,173.45,2305373.00
2023-11-19 19:00:00-05:00,172.88,174.45,171.64,173.75,3011842.00
2023-11-20 19:00:00-05:00,175.13,176.36,174.56,175.60,2034182.00
2023-11-21 19:00:00-05:00,176.50,177.01,175.29,176.08,2454578.00
2023-11-23 19:00:00-05:00,175.97,177.64,175.79,177.63,993178.00
2023-11-26 19:00:00-05:00,177.46,178.75,176.53,177.61,2221294.00
2023-11-27 19:00:00-05:00,177.51,178.42,176.37,176.43,1876582.00
2023-11-28 19:00:00-05:00,176.30,177.59,175.21,175.25,3463274.00
2023-11-29 19:00:00-05:00,175.69,176.23,174.59,175.62,4166818.00
2023-11-30 19:00:00-05:00,175.54,177.34,174.99,177.16,1923773.00
2023-12-03 19:00:00-05:00,176.46,177.39,176.30,176.65,2002637.00
2023-12-04 19:00:00-05:00,176.37,176.37,173.61,173.70,3092486.00
2023-12-05 19:00:00-05:00,173.80,174.67,172.70,173.59,2201578.00
2023-12-06 19:00:00-05:00,174.14,174.61,173.21,174.36,2836687.00
2023-12-07 19:00:00-05:00,175.15,175.15,173.32,173.44,2096510.00
2023-12-10 19:00:00-05:00,173.56,175.15,173.47,174.25,2138359.00
2023-12-11 19:00:00-05:00,173.89,176.88,172.89,176.70,2257800.00
2023-12-12 19:00:00-05:00,176.54,179.57,175.87,179.54,2065601.00
2023-12-13 19:00:00-05:00,180.81,181.69,177.84,178.07,2850298.00
2023-12-14 19:00:00-05:00,174.87,177.42,174.65,176.95,3743623.00
2023-12-17 19:00:00-05:00,177.93,179.45,177.01,177.48,2174866.00
2023-12-18 19:00:00-05:00,177.40,179.90,177.40,179.65,2164181.00
2023-12-19 19:00:00-05:00,179.37,181.08,177.70,179.05,1932168.00
2023-12-20 19:00:00-05:00,179.69,182.09,179.31,181.52,1837913.00
2023-12-21 19:00:00-05:00,182.26,183.20,181.10,181.43,2512073.00
2023-12-25 19:00:00-05:00,181.43,182.53,181.07,181.65,2663186.00
2023-12-26 19:00:00-05:00,181.10,181.63,180.36,181.05,1903166.00
2023-12-27 19:00:00-05:00,181.40,182.24,181.16,181.45,1424513.00
2023-12-28 19:00:00-05:00,181.21,182.27,180.96,182.05,1083617.00
2024-01-01 19:00:00-05:00,181.59,185.79,179.22,183.23,2483198.00
2024-01-02 19:00:00-05:00,183.53,183.87,179.26,179.54,2343151.00
2024-01-03 19:00:00-05:00,179.75,181.75,179.57,181.36,1656526.00
2024-01-04 19:00:00-05:00,180.55,182.08,179.96,180.75,1259026.00
2024-01-07 19:00:00-05:00,181.20,185.64,180.86,184.96,2048810.00
2024-01-08 19:00:00-05:00,184.55,186.57,177.34,177.57,3426514.00
2024-01-09 19:00:00-05:00,177.68,178.98,173.74,178.00,2804760.00
2024-01-10 19:00:00-05:00,177.86,178.37,174.92,175.46,2401027.00
2024-01-11 19:00:00-05:00,176.60,177.74,175.43,176.40,1734118.00
2024-01-15 19:00:00-05:00,175.50,177.38,173.77,175.45,2017265.00
2024-01-16 19:00:00-05:00,174.61,176.78,173.96,174.93,1294896.00
2024-01-17 19:00:00-05:00,174.84,176.45,174.17,175.45,1540138.00
2024-01-18 19:00:00-05:00,175.62,176.29,174.24,176.12,1596996.00
2024-01-21 19:00:00-05:00,176.95,178.53,175.80,176.12,1157138.00
2024-01-22 19:00:00-05:00,176.33,177.94,176.13,177.92,1550822.00
2024-01-23 19:00:00-05:00,177.67,178.60,175.09,175.13,1676369.00
2024-01-24 19:00:00-05:00,175.98,176.76,174.60,176.63,1069752.00
2024-01-25 19:00:00-05:00,177.54,178.26,175.80,176.69,1134878.00
2024-01-28 19:00:00-05:00,176.44,177.68,176.06,177.58,1378848.00
2024-01-29 19:00:00-05:00,178.07,178.40,176.28,176.36,1889810.00
2024-01-30 19:00:00-05:00,177.66,180.05,176.80,178.30,2996450.00
2024-01-31 19:00:00-05:00,177.32,180.94,174.06,180.94,4002094.00
2024-02-01 19:00:00-05:00,182.67,183.89,176.73,177.09,2193310.00
2024-02-04 19:00:00-05:00,176.93,178.13,175.26,175.51,2147263.00
2024-02-05 19:00:00-05:00,175.80,179.70,175.55,178.20,2125766.00
2024-02-06 19:00:00-05:00,178.47,180.93,178.29,178.80,2051100.00
2024-02-07 19:00:00-05:00,178.04,181.94,178.04,179.72,2090659.00
2024-02-08 19:00:00-05:00,179.90,182.21,179.43,181.99,2665476.00
2024-02-11 19:00:00-05:00,181.70,183.67,180.16,181.70,1848725.00
2024-02-12 19:00:00-05:00,181.78,183.08,177.22,178.49,2427739.00
2024-02-13 19:00:00-05:00,178.45,178.85,176.89,178.15,2035073.00
2024-02-14 19:00:00-05:00,178.35,180.90,178.05,179.16,1559981.00
2024-02-15 19:00:00-05:00,179.04,182.16,177.90,179.75,2012813.00
2024-02-19 19:00:00-05:00,179.75,181.73,178.81,179.68,1518641.00
2024-02-20 19:00:00-05:00,179.73,183.30,179.26,183.16,2065474.00
2024-02-21 19:00:00-05:00,183.07,183.31,179.75,181.89,1660978.00
2024-02-22 19:00:00-05:00,182.14,184.11,181.35,183.82,1262714.00
2024-02-25 19:00:00-05:00,183.57,183.85,180.34,180.47,1194917.00
2024-02-26 19:00:00-05:00,179.79,181.75,179.57,180.11,1168968.00
2024-02-27 19:00:00-05:00,179.88,180.93,178.32,178.55,1054742.00
2024-02-28 19:00:00-05:00,178.87,178.87,175.50,175.86,2306009.00
2024-02-29 19:00:00-05:00,175.76,176.45,174.27,175.69,2316694.00
2024-03-03 19:00:00-05:00,174.98,176.60,174.37,175.94,2455850.00
2024-03-04 19:00:00-05:00,177.15,178.15,174.05,174.30,1699010.00
2024-03-05 19:00:00-05:00,174.23,176.70,174.01,175.90,1698502.00
2024-03-06 19:00:00-05:00,177.72,178.99,176.87,178.13,2359306.00
2024-03-07 19:00:00-05:00,178.12,181.01,177.19,179.84,2153114.00
2024-03-10 20:00:00-04:00,179.67,181.70,178.82,179.54,1226462.00
2024-03-11 20:00:00-04:00,178.76,179.50,177.84,178.28,1551713.00
2024-03-12 20:00:00-04:00,178.51,181.00,177.91,179.01,1222901.00
2024-03-13 20:00:00-04:00,178.63,179.70,176.31,177.79,1426675.00
2024-03-14 20:00:00-04:00,174.05,178.23,174.05,177.45,3416592.00
2024-03-17 20:00:00-04:00,178.12,179.51,177.23,178.20,1452370.00
2024-03-18 20:00:00-04:00,178.56,180.17,178.36,180.09,1361549.00
2024-03-19 20:00:00-04:00,179.81,180.36,177.17,178.32,997248.00
2024-03-20 20:00:00-04:00,179.13,181.40,178.18,181.13,1726104.00
2024-03-21 20:00:00-04:00,182.09,184.90,181.45,184.60,2836687.00
2024-03-24 20:00:00-04:00,183.92,184.23,180.32,181.16,2232742.00
2024-03-25 20:00:00-04:00,181.57,182.06,180.35,181.32,1118088.00
2024-03-26 20:00:00-04:00,182.36,184.85,181.93,184.81,1067971.00
2024-03-27 20:00:00-04:00,184.96,186.22,183.91,185.50,1391441.00
2024-03-31 20:00:00-04:00,185.25,185.77,181.96,182.95,848806.00
2024-04-01 20:00:00-04:00,182.10,182.26,180.09,180.68,1561507.00
2024-04-02 20:00:00-04:00,181.06,183.85,180.15,182.60,1546498.00
2024-04-03 20:00:00-04:00,184.25,185.10,182.12,182.20,1211707.00
2024-04-04 20:00:00-04:00,182.20,184.62,181.60,184.54,1570411.00
2024-04-07 20:00:00-04:00,184.12,184.12,181.08,181.20,2653392.00
2024-04-08 20:00:00-04:00,181.91,184.48,180.68,184.27,1202040.00
2024-04-09 20:00:00-04:00,182.42,182.72,179.33,180.65,1057541.00
2024-04-10 20:00:00-04:00,180.61,182.39,179.64,180.37,1285356.00
2024-04-11 20:00:00-04:00,179.26,179.93,175.22,176.29,1308125.00
2024-04-14 20:00:00-04:00,177.75,178.47,175.89,175.95,1109566.00
2024-04-15 20:00:00-04:00,176.03,176.24,172.95,173.17,1353535.00
2024-04-16 20:00:00-04:00,172.97,174.39,171.97,174.07,1921483.00
2024-04-17 20:00:00-04:00,174.37,174.85,172.77,174.78,1134115.00
2024-04-18 20:00:00-04:00,175.94,176.64,174.72,175.50,1609334.00
2024-04-21 20:00:00-04:00,175.95,176.97,174.91,175.32,977405.00
2024-04-22 20:00:00-04:00,175.85,177.05,174.96,175.68,1018236.00
2024-04-23 20:00:00-04:00,174.16,175.84,172.44,175.29,991906.00
2024-04-24 20:00:00-04:00,175.35,175.93,172.72,172.78,1125847.00
2024-04-25 20:00:00-04:00,172.42,174.78,172.42,173.58,938990.00
2024-04-28 20:00:00-04:00,173.80,175.79,173.80,174.99,1161336.00
2024-04-29 20:00:00-04:00,174.52,176.04,173.96,175.86,2144465.00
2024-04-30 20:00:00-04:00,175.44,176.98,174.26,175.20,3461875.00
2024-05-01 20:00:00-04:00,182.16,182.37,172.60,180.17,4820244.00
2024-05-02 20:00:00-04:00,178.99,181.63,175.51,175.92,2190766.00
2024-05-05 20:00:00-04:00,177.52,178.41,176.58,177.35,1596869.00
2024-05-06 20:00:00-04:00,178.31,179.59,177.00,177.78,1424767.00
2024-05-07 20:00:00-04:00,177.67,177.67,174.80,175.10,2225873.00
2024-05-08 20:00:00-04:00,175.52,177.25,175.35,176.16,2444530.00
2024-05-09 20:00:00-04:00,176.16,177.15,175.21,176.67,2587757.00
2024-05-12 20:00:00-04:00,177.36,178.77,176.38,177.63,1365110.00
2024-05-13 20:00:00-04:00,178.44,179.12,175.69,176.16,1334964.00
2024-05-14 20:00:00-04:00,176.94,178.20,175.85,177.88,1485696.00
2024-05-15 20:00:00-04:00,177.40,178.67,176.58,177.38,1642788.00
2024-05-16 20:00:00-04:00,177.73,177.73,175.96,177.14,2270520.00
2024-05-19 20:00:00-04:00,177.22,177.90,176.09,177.76,1230151.00
2024-05-20 20:00:00-04:00,178.17,178.54,175.62,176.06,1981394.00
2024-05-21 20:00:00-04:00,175.74,176.95,175.44,175.75,1735262.00
2024-05-22 20:00:00-04:00,175.24,175.84,172.08,172.68,1656907.00
2024-05-23 20:00:00-04:00,172.44,172.95,170.98,171.51,1746965.00
2024-05-27 20:00:00-04:00,170.45,171.22,169.12,170.02,1847962.00
2024-05-28 20:00:00-04:00,168.82,169.74,167.92,168.72,3409596.00
2024-05-29 20:00:00-04:00,168.94,170.12,167.92,170.00,2151842.00
2024-05-30 20:00:00-04:00,170.32,174.07,169.66,173.89,5580037.25
2024-06-02 20:00:00-04:00,176.16,181.18,175.28,179.04,2647286.00
2024-06-03 20:00:00-04:00,179.25,179.72,177.81,178.79,2677178.00
2024-06-04 20:00:00-04:00,178.59,179.30,176.31,177.14,1484042.00
2024-06-05 20:00:00-04:00,176.52,180.51,175.92,180.04,2225746.00
2024-06-06 20:00:00-04:00,179.33,182.33,178.45,180.38,1998312.00
2024-06-09 20:00:00-04:00,180.11,180.92,178.73,180.26,988344.00
2024-06-10 20:00:00-04:00,179.61,180.02,176.58,176.82,1441049.00
2024-06-11 20:00:00-04:00,176.41,177.16,175.47,176.10,1401108.00
2024-06-12 20:00:00-04:00,175.36,175.86,172.59,174.58,1105368.00
2024-06-13 20:00:00-04:00,175.06,176.09,173.66,175.91,1340561.00
2024-06-16 20:00:00-04:00,175.08,176.23,173.48,175.17,1639099.00
2024-06-17 20:00:00-04:00,174.91,176.68,174.56,175.91,1317538.00
2024-06-19 20:00:00-04:00,175.47,180.07,174.66,179.42,2106050.00
2024-06-20 20:00:00-04:00,180.31,180.31,178.57,179.34,2562062.00
2024-06-23 20:00:00-04:00,179.67,180.29,177.11,177.55,1139330.00
2024-06-24 20:00:00-04:00,177.07,177.25,175.49,176.01,927924.00
2024-06-25 20:00:00-04:00,176.15,176.57,173.62,174.32,2156549.00
2024-06-26 20:00:00-04:00,174.82,175.34,172.40,173.81,1872130.00
2024-06-27 20:00:00-04:00,174.81,176.74,173.48,175.89,3057888.00
2024-06-30 20:00:00-04:00,175.93,178.90,172.44,172.55,1345522.00
2024-07-01 20:00:00-04:00,172.39,173.96,171.36,172.53,843336.00
2024-07-02 20:00:00-04:00,171.59,172.59,171.22,172.23,648466.00
2024-07-04 20:00:00-04:00,172.11,172.11,170.07,171.41,784951.00
2024-07-07 20:00:00-04:00,171.41,172.04,169.48,169.74,1051181.00
2024-07-08 20:00:00-04:00,169.52,169.89,166.06,166.68,2039016.00
2024-07-09 20:00:00-04:00,166.63,170.56,164.63,168.49,2683793.00
2024-07-10 20:00:00-04:00,169.02,171.19,168.71,169.29,2352437.00
2024-07-11 20:00:00-04:00,169.71,173.36,169.06,172.43,2824603.00
2024-07-14 20:00:00-04:00,172.35,173.68,169.95,170.15,1603738.00
2024-07-15 20:00:00-04:00,170.62,173.83,169.64,173.63,1459747.00
2024-07-16 20:00:00-04:00,173.51,177.09,172.93,176.15,1562525.00
2024-07-17 20:00:00-04:00,174.23,177.28,174.22,174.41,1352518.00
2024-07-18 20:00:00-04:00,176.90,176.90,172.69,173.66,1367146.00
2024-07-21 20:00:00-04:00,174.05,174.77,172.38,173.92,1102442.00
2024-07-22 20:00:00-04:00,174.60,176.45,173.38,176.36,1722161.00
2024-07-23 20:00:00-04:00,177.20,179.25,176.46,178.62,1559981.00
2024-07-24 20:00:00-04:00,178.62,181.83,174.47,175.19,2633549.00
2024-07-25 20:00:00-04:00,176.70,180.04,174.89,178.59,1760957.00
2024-07-28 20:00:00-04:00,178.33,179.77,176.01,179.00,1313594.00
2024-07-29 20:00:00-04:00,178.36,182.32,178.36,181.93,2186822.00
2024-07-30 20:00:00-04:00,180.66,182.76,178.55,181.42,4471334.00
2024-07-31 20:00:00-04:00,171.26,178.92,170.09,177.62,4795313.00
2024-08-01 20:00:00-04:00,178.37,182.54,177.77,182.03,2293289.00
2024-08-04 20:00:00-04:00,181.51,183.47,176.78,177.45,1875182.00
2024-08-05 20:00:00-04:00,176.86,179.81,175.80,177.25,1625107.00
2024-08-06 20:00:00-04:00,177.43,179.70,174.76,175.07,1404797.00
2024-08-07 20:00:00-04:00,175.03,177.68,174.42,176.40,1434180.00
2024-08-08 20:00:00-04:00,176.49,177.97,175.39,177.54,1019126.00
2024-08-11 20:00:00-04:00,176.92,177.74,175.97,176.21,1692523.00
2024-08-12 20:00:00-04:00,176.03,178.23,175.73,177.83,1597505.00
2024-08-13 20:00:00-04:00,177.40,178.16,175.82,176.17,1367400.00
2024-08-14 20:00:00-04:00,176.11,176.53,174.63,176.12,2716356.00
2024-08-15 20:00:00-04:00,176.68,178.47,176.49,177.86,1167060.00
2024-08-18 20:00:00-04:00,177.86,178.56,177.19,177.54,1304054.00
2024-08-19 20:00:00-04:00,177.38,177.80,176.09,176.67,1006661.00
2024-08-20 20:00:00-04:00,177.23,177.38,176.13,176.75,1666320.00
2024-08-21 20:00:00-04:00,177.46,177.50,176.24,177.09,1311941.00
2024-08-22 20:00:00-04:00,177.64,177.98,176.32,177.90,1045711.00
2024-08-25 20:00:00-04:00,178.37,180.23,177.33,177.82,989870.00
2024-08-26 20:00:00-04:00,178.20,179.41,177.80,179.10,1175201.00
2024-08-27 20:00:00-04:00,179.29,180.38,178.45,179.80,1247450.00
2024-08-28 20:00:00-04:00,180.47,181.72,180.08,181.36,899813.00
2024-08-29 20:00:00-04:00,181.63,182.59,180.84,182.44,1136405.00
2024-09-02 20:00:00-04:00,182.13,184.37,181.90,182.27,2703254.00
2024-09-03 20:00:00-04:00,182.12,182.48,177.49,177.87,2872430.00
2024-09-04 20:00:00-04:00,177.86,179.00,175.30,175.55,3070099.00
2024-09-05 20:00:00-04:00,175.76,177.42,173.85,175.11,1891464.00
2024-09-08 20:00:00-04:00,175.83,180.59,175.61,179.26,1818070.00
2024-09-09 20:00:00-04:00,179.05,179.77,176.74,178.11,1571047.00
2024-09-10 20:00:00-04:00,176.94,177.56,173.29,176.60,1783471.00
2024-09-11 20:00:00-04:00,176.39,178.01,174.93,177.97,1297949.00
2024-09-12 20:00:00-04:00,178.09,179.48,176.67,176.97,982747.00
2024-09-15 20:00:00-04:00,178.18,179.09,175.96,176.86,1209545.00
2024-09-16 20:00:00-04:00,176.45,177.38,173.51,174.77,1228243.00
2024-09-17 20:00:00-04:00,175.00,177.62,173.54,175.01,1423495.00
2024-09-18 20:00:00-04:00,177.06,178.09,175.74,177.31,2821423.00
2024-09-19 20:00:00-04:00,176.31,176.98,174.97,176.45,2839104.00
2024-09-22 20:00:00-04:00,176.79,177.75,175.48,177.38,1902658.00
2024-09-23 20:00:00-04:00,178.15,180.38,176.24,179.06,1743785.00
2024-09-24 20:00:00-04:00,178.75,179.10,175.98,177.74,2261107.00
2024-09-25 20:00:00-04:00,177.69,179.72,176.52,179.30,1325424.00
2024-09-26 20:00:00-04:00,180.13,184.24,179.73,182.51,1633884.00
2024-09-29 20:00:00-04:00,182.54,183.19,179.88,182.20,1590254.00
2024-09-30 20:00:00-04:00,184.23,184.39,181.40,182.63,1627142.00
2024-10-01 20:00:00-04:00,182.45,182.94,180.75,181.18,1571174.00
2024-10-02 20:00:00-04:00,180.73,181.20,179.33,179.37,1151033.00
2024-10-03 20:00:00-04:00,179.57,180.54,178.78,180.02,906809.00
2024-10-06 20:00:00-04:00,180.02,180.85,178.44,179.45,1624090.00
2024-10-07 20:00:00-04:00,178.99,179.87,177.89,179.23,1070897.00
2024-10-08 20:00:00-04:00,179.06,180.59,177.84,180.01,970663.00
2024-10-09 20:00:00-04:00,180.32,180.32,177.53,178.00,1082090.00
2024-10-10 20:00:00-04:00,178.44,179.42,177.78,178.72,1140475.00
2024-10-13 20:00:00-04:00,178.81,181.72,177.93,181.38,937591.00
2024-10-14 20:00:00-04:00,181.71,184.77,181.31,182.74,1433926.00
2024-10-15 20:00:00-04:00,182.42,183.59,180.78,181.55,1431890.00
2024-10-16 20:00:00-04:00,181.68,182.17,180.60,181.62,1226717.00
2024-10-17 20:00:00-04:00,182.70,184.49,181.52,184.20,1377449.00
2024-10-20 20:00:00-04:00,183.89,183.89,181.33,181.76,746410.00
2024-10-21 20:00:00-04:00,181.46,181.71,180.36,181.15,887602.00
2024-10-22 20:00:00-04:00,180.84,181.85,179.48,181.76,1200641.00
2024-10-23 20:00:00-04:00,181.97,182.78,180.24,180.32,1064410.00
2024-10-24 20:00:00-04:00,180.42,180.92,179.02,179.95,1274544.00
2024-10-27 20:00:00-04:00,180.31,182.05,179.76,180.54,1176854.00
2024-10-28 20:00:00-04:00,180.44,181.43,179.43,179.48,795382.00
2024-10-29 20:00:00-04:00,178.34,179.58,178.17,178.80,1080564.00
2024-10-30 20:00:00-04:00,177.76,178.90,176.42,176.52,1818833.00
2024-10-31 20:00:00-04:00,177.21,178.89,175.83,177.77,1626125.00
2024-11-03 19:00:00-05:00,177.75,179.42,176.06,177.08,2061276.00
2024-11-04 19:00:00-05:00,176.25,180.10,174.61,179.33,2388562.00
2024-11-05 19:00:00-05:00,184.64,184.64,178.34,181.41,2831726.00
2024-11-06 19:00:00-05:00,180.50,183.63,171.41,171.62,5141297.00
2024-11-07 19:00:00-05:00,172.81,176.70,170.97,175.05,4949734.00
2024-11-10 19:00:00-05:00,175.61,178.34,175.29,177.29,1831298.00
2024-11-11 19:00:00-05:00,177.80,178.24,174.62,174.77,1509737.00
2024-11-12 19:00:00-05:00,174.54,175.32,173.11,174.73,1545734.00
2024-11-13 19:00:00-05:00,174.14,174.14,170.41,171.67,3588312.00
2024-11-14 19:00:00-05:00,171.54,172.53,168.89,170.14,2500370.00
2024-11-17 19:00:00-05:00,170.18,172.36,169.26,169.35,1678404.00
2024-11-18 19:00:00-05:00,168.15,168.52,166.66,168.25,1754342.00
2024-11-19 19:00:00-05:00,167.90,168.45,166.86,168.06,1807512.00
2024-11-20 19:00:00-05:00,167.80,170.63,167.03,170.37,2059114.00
2024-11-21 19:00:00-05:00,170.76,170.97,168.62,169.27,2133907.00
2024-11-24 19:00:00-05:00,169.41,170.88,169.21,170.39,2435371.00
2024-11-25 19:00:00-05:00,170.27,170.47,168.29,169.46,2768635.00
2024-11-26 19:00:00-05:00,169.46,171.29,166.54,167.75,3018710.00
2024-11-28 19:00:00-05:00,167.01,168.66,166.47,167.69,1539502.00
2024-12-01 19:00:00-05:00,167.76,169.15,166.80,168.38,2399374.00
2024-12-02 19:00:00-05:00,168.34,168.38,167.01,167.20,3171859.00
2024-12-03 19:00:00-05:00,166.49,168.04,165.68,167.33,2264414.00
2024-12-04 19:00:00-05:00,166.44,168.66,166.38,167.94,3004464.00
2024-12-05 19:00:00-05:00,167.02,167.82,165.76,166.27,3555113.00
2024-12-08 19:00:00-05:00,166.30,169.99,166.25,169.33,2886422.00
2024-12-09 19:00:00-05:00,169.84,169.84,167.73,168.13,2294815.00
2024-12-10 19:00:00-05:00,168.25,169.27,166.16,167.83,2481926.00
2024-12-11 19:00:00-05:00,168.09,173.62,167.78,172.49,4438771.00
2024-12-12 19:00:00-05:00,172.17,172.34,168.96,171.26,3495329.00
2024-12-15 19:00:00-05:00,170.31,175.96,169.93,172.78,3883925.00
2024-12-16 19:00:00-05:00,171.67,173.98,169.63,171.32,3213326.00
2024-12-17 19:00:00-05:00,172.60,173.82,170.03,170.15,4308773.00
2024-12-18 19:00:00-05:00,169.57,171.45,169.18,169.95,3496601.00
2024-12-19 19:00:00-05:00,170.05,174.11,169.71,172.87,3949051.00
2024-12-22 19:00:00-05:00,171.86,173.02,171.07,171.93,2268866.00
2024-12-23 19:00:00-05:00,172.14,172.46,170.22,172.32,626206.00
2024-12-25 19:00:00-05:00,171.85,174.03,171.04,173.21,1468651.00
2024-12-26 19:00:00-05:00,172.17,174.70,172.14,173.49,1807385.00
2024-12-29 19:00:00-05:00,172.68,173.47,170.67,171.98,2156549.00
2024-12-30 19:00:00-05:00,172.64,174.06,171.48,172.26,1735008.00
2025-01-01 19:00:00-05:00,173.12,173.88,171.73,171.97,2164817.00
2025-01-02 19:00:00-05:00,172.45,174.12,171.52,173.46,1582877.00
2025-01-05 19:00:00-05:00,172.78,176.51,172.74,175.17,2228926.00
2025-01-06 19:00:00-05:00,175.36,178.71,175.36,176.27,2432318.00
2025-01-07 19:00:00-05:00,176.59,178.09,174.63,178.00,2789242.00
2025-01-09 19:00:00-05:00,176.34,179.38,175.89,177.42,3304529.00
2025-01-12 19:00:00-05:00,177.88,180.79,175.67,179.33,2884642.00
2025-01-13 19:00:00-05:00,179.57,180.25,176.92,179.04,3292699.00
2025-01-14 19:00:00-05:00,179.95,180.71,172.86,176.60,3941546.00
2025-01-15 19:00:00-05:00,176.52,179.77,175.35,179.42,2871794.00
2025-01-16 19:00:00-05:00,179.58,181.08,178.76,180.24,2684810.00
2025-01-20 19:00:00-05:00,180.94,183.19,180.83,182.51,2439696.00
2025-01-21 19:00:00-05:00,181.35,182.20,179.27,180.65,1712239.00
2025-01-22 19:00:00-05:00,181.07,182.88,180.13,182.58,1726486.00
2025-01-23 19:00:00-05:00,181.47,185.10,181.18,184.85,2183261.00
2025-01-26 19:00:00-05:00,186.02,189.43,185.37,188.83,2432700.00
2025-01-27 19:00:00-05:00,188.82,190.51,188.27,189.12,2215061.00
2025-01-28 19:00:00-05:00,189.29,190.39,187.10,187.47,2692061.00
2025-01-29 19:00:00-05:00,188.10,189.94,186.60,188.67,1783217.00
2025-01-30 19:00:00-05:00,188.20,189.33,187.48,188.00,2745866.00
2025-02-02 19:00:00-05:00,188.54,191.33,186.44,188.01,3275782.00
2025-02-03 19:00:00-05:00,186.80,187.35,183.57,184.06,3863954.00
2025-02-04 19:00:00-05:00,185.04,186.20,184.19,186.07,2621974.00
2025-02-05 19:00:00-05:00,177.33,181.65,170.34,172.52,5580037.25
2025-02-06 19:00:00-05:00,173.99,175.28,172.01,174.52,4812103.00
2025-02-09 19:00:00-05:00,174.52,177.98,173.59,174.29,3495838.00
2025-02-10 19:00:00-05:00,174.17,175.05,172.42,174.27,2441350.00
2025-02-11 19:00:00-05:00,172.74,173.43,171.31,171.48,1615313.00
2025-02-12 19:00:00-05:00,171.16,171.74,169.90,170.85,1891464.00
2025-02-13 19:00:00-05:00,172.55,172.70,170.67,170.69,1439268.00
2025-02-17 19:00:00-05:00,169.48,170.99,168.34,170.94,1698374.00
2025-02-18 19:00:00-05:00,170.84,173.31,170.46,172.78,1363838.00
2025-02-19 19:00:00-05:00,172.92,173.35,171.57,173.06,1813618.00
2025-02-20 19:00:00-05:00,171.95,174.32,171.68,172.68,2443003.00
2025-02-23 19:00:00-05:00,172.42,176.05,172.21,174.87,1912961.00
2025-02-24 19:00:00-05:00,174.98,175.34,172.95,174.67,2163926.00
2025-02-25 19:00:00-05:00,173.97,174.54,171.46,172.80,2051354.00
2025-02-26 19:00:00-05:00,172.36,172.47,169.94,170.20,1944379.00
2025-02-27 19:00:00-05:00,170.95,172.28,168.29,171.24,3267132.00
2025-03-02 19:00:00-05:00,171.98,174.57,171.15,173.46,2064456.00
2025-03-03 19:00:00-05:00,173.87,174.70,170.10,170.28,1774313.00
2025-03-04 19:00:00-05:00,169.55,171.69,168.80,170.17,2398865.00
2025-03-05 19:00:00-05:00,170.12,171.65,168.96,171.10,2494774.00
2025-03-06 19:00:00-05:00,169.88,175.04,169.34,174.29,2306899.00
2025-03-09 20:00:00-04:00,174.28,179.50,173.01,173.48,3316486.00
2025-03-10 20:00:00-04:00,172.86,173.38,170.32,171.55,2521231.00
2025-03-11 20:00:00-04:00,171.55,173.38,170.48,170.72,2806668.00
2025-03-12 20:00:00-04:00,169.82,171.37,169.33,169.93,3371436.00
2025-03-13 20:00:00-04:00,169.69,172.74,169.31,172.36,1471958.00
2025-03-16 20:00:00-04:00,172.19,174.51,171.62,173.77,2584958.00
2025-03-17 20:00:00-04:00,174.22,177.54,172.69,177.05,3355918.00
2025-03-18 20:00:00-04:00,176.34,178.11,175.47,176.79,2957527.00
2025-03-19 20:00:00-04:00,176.76,177.77,175.82,176.84,2090659.00
2025-03-20 20:00:00-04:00,176.26,176.40,173.86,175.60,5562329.00
2025-03-23 20:00:00-04:00,175.55,176.05,173.92,174.81,1544717.00
2025-03-24 20:00:00-04:00,175.38,176.82,172.74,173.96,2130600.00
2025-03-25 20:00:00-04:00,174.02,175.21,172.81,173.90,1742258.00
2025-03-26 20:00:00-04:00,174.80,176.15,173.52,174.45,2038126.00
2025-03-27 20:00:00-04:00,174.38,174.67,172.57,173.52,2106814.00
2025-03-30 20:00:00-04:00,173.13,175.28,171.71,174.71,2497826.00
2025-03-31 20:00:00-04:00,174.48,174.67,172.03,172.41,2179699.00
2025-04-01 20:00:00-04:00,171.44,172.99,170.50,172.70,2078448.00
2025-04-02 20:00:00-04:00,172.53,172.90,167.98,169.01,3418500.00
2025-04-03 20:00:00-04:00,167.44,168.15,156.32,158.15,5580037.25
2025-04-06 20:00:00-04:00,156.19,159.85,152.07,156.42,4857005.00
2025-04-07 20:00:00-04:00,160.28,161.55,150.82,153.18,3561473.00
2025-04-08 20:00:00-04:00,151.03,160.14,147.23,159.68,3981996.00
2025-04-09 20:00:00-04:00,157.46,158.08,148.08,151.88,3754817.00
2025-04-10 20:00:00-04:00,152.23,155.11,149.93,153.90,2354090.00
2025-04-13 20:00:00-04:00,156.07,157.38,154.37,156.90,1971218.00
2025-04-14 20:00:00-04:00,157.43,157.72,153.67,154.10,3266242.00
2025-04-15 20:00:00-04:00,154.89,156.44,151.83,152.85,2085698.00
2025-04-16 20:00:00-04:00,152.17,153.52,151.33,151.56,5173351.00
2025-04-20 20:00:00-04:00,151.56,151.56,147.83,149.96,3182544.00
2025-04-21 20:00:00-04:00,151.51,152.81,150.56,152.46,2054662.00
2025-04-22 20:00:00-04:00,154.51,158.68,153.35,154.32,3924120.00
2025-04-23 20:00:00-04:00,154.56,156.30,153.31,155.94,1711730.00
2025-04-24 20:00:00-04:00,155.92,156.65,154.06,156.42,2150443.00
2025-04-27 20:00:00-04:00,157.29,157.88,155.13,156.08,1781054.00
2025-04-28 20:00:00-04:00,156.36,158.01,155.64,157.46,1473358.00
2025-04-29 20:00:00-04:00,157.22,158.13,155.22,157.95,3501180.00
2025-04-30 20:00:00-04:00,143.26,143.39,129.30,129.31,5580037.25
2025-05-01 20:00:00-04:00,130.63,130.63,126.70,128.73,5580037.25
2025-05-04 20:00:00-04:00,128.46,129.70,126.23,127.38,5526713.00
2025-05-05 20:00:00-04:00,127.13,127.41,124.58,125.97,4686684.00
2025-05-06 20:00:00-04:00,127.19,127.90,125.07,127.48,4337393.00
2025-05-07 20:00:00-04:00,127.48,130.04,126.71,128.10,5483974.00
2025-05-08 20:00:00-04:00,128.52,129.92,127.28,127.54,5258066.00
2025-05-11 20:00:00-04:00,130.68,133.81,130.12,133.74,5580037.25
2025-05-12 20:00:00-04:00,133.38,135.61,131.42,133.74,4798620.00
2025-05-13 20:00:00-04:00,133.33,133.33,130.06,130.44,4996162.00
2025-05-14 20:00:00-04:00,130.67,131.52,128.93,131.40,5289103.00
2025-05-15 20:00:00-04:00,131.38,134.00,130.85,133.79,2865816.00
2025-05-18 20:00:00-04:00,133.20,135.16,132.00,135.04,4080576.00
2025-05-19 20:00:00-04:00,134.68,135.08,133.95,134.75,3492658.00
2025-05-20 20:00:00-04:00,134.24,134.81,131.90,132.06,3349558.00
2025-05-21 20:00:00-04:00,130.45,132.35,130.29,131.43,2668529.00
2025-05-22 20:00:00-04:00,130.05,131.31,129.36,130.72,2481418.00
2025-05-26 20:00:00-04:00,131.92,133.88,131.21,133.10,2557483.00
2025-05-27 20:00:00-04:00,133.55,134.57,131.89,131.96,2128946.00
2025-05-28 20:00:00-04:00,132.31,133.07,131.11,132.58,3402854.00
2025-05-29 20:00:00-04:00,132.37,132.56,130.92,131.64,4272266.00
2025-06-01 20:00:00-04:00,130.57,131.08,128.12,129.21,4150154.00
2025-06-02 20:00:00-04:00,128.69,130.74,128.09,130.17,2581015.00
2025-06-03 20:00:00-04:00,130.59,131.24,129.54,130.38,3133063.00
2025-06-04 20:00:00-04:00,131.03,132.05,130.14,130.45,3634740.00
2025-06-05 20:00:00-04:00,131.12,132.77,130.87,132.30,2590046.00
2025-06-08 20:00:00-04:00,133.51,134.04,132.06,132.37,4385220.00
2025-06-09 20:00:00-04:00,133.06,134.04,131.85,133.82,3717038.00
2025-06-10 20:00:00-04:00,133.90,134.94,131.91,132.53,3002938.00
2025-06-11 20:00:00-04:00,132.30,134.46,131.75,133.87,2116990.00
2025-06-12 20:00:00-04:00,132.77,135.30,131.88,132.14,2895581.00
2025-06-15 20:00:00-04:00,132.27,133.09,131.10,132.06,3022781.00
2025-06-16 20:00:00-04:00,131.94,131.94,130.30,130.40,4810450.00
2025-06-17 20:00:00-04:00,130.22,130.91,129.24,129.37,3612353.00
2025-06-19 20:00:00-04:00,129.92,130.42,128.97,129.23,5580037.25
2025-06-22 20:00:00-04:00,129.04,130.94,128.53,130.23,3922085.00
2025-06-23 20:00:00-04:00,130.72,131.93,129.83,131.65,3708262.00
2025-06-24 20:00:00-04:00,131.28,132.09,130.40,131.14,2694223.00
2025-06-25 20:00:00-04:00,131.01,131.11,129.60,130.42,3662342.00
2025-06-26 20:00:00-04:00,130.74,132.19,130.29,131.11,3905422.00
2025-06-29 20:00:00-04:00,130.92,132.49,130.52,132.17,3211800.00
2025-06-30 20:00:00-04:00,132.14,137.45,131.46,136.33,4093805.00
2025-07-01 20:00:00-04:00,136.23,136.65,134.74,136.03,4168980.00
2025-07-02 20:00:00-04:00,136.72,136.82,135.00,135.17,1345267.00
2025-07-06 20:00:00-04:00,135.27,136.43,132.24,132.71,3179491.00
2025-07-07 20:00:00-04:00,132.60,134.78,132.37,134.00,2427103.00
2025-07-08 20:00:00-04:00,134.28,134.77,132.76,134.67,2808958.00
2025-07-09 20:00:00-04:00,134.74,137.94,134.00,136.20,3833935.00
2025-07-10 20:00:00-04:00,135.22,135.43,133.42,135.03,3089306.00
2025-07-13 20:00:00-04:00,134.25,136.05,132.42,135.89,5580037.25
2025-07-14 20:00:00-04:00,135.88,138.63,135.10,136.82,5580037.25
2025-07-15 20:00:00-04:00,136.82,137.44,135.03,136.79,5290884.00
2025-07-16 20:00:00-04:00,136.79,138.92,135.90,138.81,5019566.00
2025-07-17 20:00:00-04:00,139.27,139.35,136.56,137.24,4414603.00
2025-07-20 20:00:00-04:00,137.23,137.80,134.52,134.54,3986321.00
2025-07-21 20:00:00-04:00,135.19,139.37,135.12,139.10,2406624.00
2025-07-22 20:00:00-04:00,140.88,141.48,138.23,140.10,3337474.00
2025-07-23 20:00:00-04:00,139.87,142.23,139.14,140.91,2291508.00
2025-07-24 20:00:00-04:00,141.46,142.66,140.74,142.20,2386145.00
2025-07-27 20:00:00-04:00,141.87,142.29,140.28,140.38,2353454.00
2025-07-28 20:00:00-04:00,140.14,140.83,139.41,139.95,1909018.00
2025-07-29 20:00:00-04:00,139.83,140.15,138.37,139.30,2349002.00
2025-07-30 20:00:00-04:00,138.50,139.85,136.78,136.78,4749521.00
2025-07-31 20:00:00-04:00,136.10,136.16,133.89,135.34,5580037.25
2025-08-03 20:00:00-04:00,135.28,137.76,135.28,137.28,2607091.00
2025-08-04 20:00:00-04:00,137.28,137.87,135.14,135.73,3637030.00
2025-08-05 20:00:00-04:00,135.73,136.12,132.14,132.30,5375345.00
2025-08-06 20:00:00-04:00,143.76,145.89,141.35,144.01,5580037.25
2025-08-07 20:00:00-04:00,143.39,148.77,143.39,148.48,5031269.00
2025-08-10 20:00:00-04:00,148.52,149.18,146.19,147.71,3524203.00
2025-08-11 20:00:00-04:00,148.48,149.62,147.63,149.60,4033894.00
2025-08-12 20:00:00-04:00,149.79,150.61,148.82,150.37,3398530.00
2025-08-13 20:00:00-04:00,149.90,150.07,148.40,149.63,2905630.00
2025-08-14 20:00:00-04:00,150.40,151.16,149.35,150.35,3328570.00
2025-08-17 20:00:00-04:00,150.26,151.49,149.60,149.63,2243045.00
2025-08-18 20:00:00-04:00,149.49,152.13,149.07,151.96,2419598.00
2025-08-19 20:00:00-04:00,151.98,153.64,151.53,152.85,3171732.00
2025-08-20 20:00:00-04:00,152.29,152.58,150.68,150.88,1658942.00
2025-08-21 20:00:00-04:00,151.80,153.63,151.35,153.21,2060386.00
2025-08-24 20:00:00-04:00,152.93,153.07,148.89,149.36,1561380.00
2025-08-25 20:00:00-04:00,148.92,149.81,148.48,148.92,2855894.00
2025-08-26 20:00:00-04:00,148.59,150.13,148.59,149.94,1692650.00
2025-08-27 20:00:00-04:00,149.86,149.86,146.36,146.75,2281841.00
2025-08-28 20:00:00-04:00,147.14,148.13,146.56,148.08,1691124.00
2025-09-01 20:00:00-04:00,147.90,148.86,144.28,144.37,2073996.00
2025-09-02 20:00:00-04:00,143.15,145.50,140.98,145.49,4609092.00
2025-09-03 20:00:00-04:00,145.13,147.02,143.74,146.76,1627906.00
2025-09-04 20:00:00-04:00,146.56,148.08,146.43,147.63,1582622.00
2025-09-07 20:00:00-04:00,147.34,148.04,144.90,147.81,3309490.00
2025-09-08 20:00:00-04:00,147.42,148.37,146.73,146.96,1918939.00
2025-09-09 20:00:00-04:00,146.01,146.56,144.24,145.38,2373170.00
2025-09-10 20:00:00-04:00,145.75,147.60,145.16,147.02,1993733.00
2025-09-11 20:00:00-04:00,146.51,146.51,144.15,144.15,1422223.00
2025-09-14 20:00:00-04:00,144.38,145.80,143.11,143.30,1697866.00
2025-09-15 20:00:00-04:00,143.11,145.07,142.85,143.66,1541028.00
2025-09-16 20:00:00-04:00,144.13,146.60,144.06,144.71,1349465.00
2025-09-17 20:00:00-04:00,144.90,145.85,144.30,145.33,1428838.00
2025-09-18 20:00:00-04:00,145.17,145.70,143.19,144.30,3499145.00
2025-09-21 20:00:00-04:00,143.73,144.49,142.61,143.92,1561634.00
2025-09-22 20:00:00-04:00,143.73,145.16,143.35,143.90,1598014.00
2025-09-23 20:00:00-04:00,143.35,144.43,142.74,143.54,1319573.00
2025-09-24 20:00:00-04:00,142.85,143.20,137.41,139.33,2382710.00
2025-09-25 20:00:00-04:00,139.67,142.51,139.50,142.42,1610225.00
2025-09-28 20:00:00-04:00,142.42,142.42,140.82,141.96,1715546.00
2025-09-29 20:00:00-04:00,141.88,144.46,141.15,144.40,2040288.00
2025-09-30 20:00:00-04:00,144.89,147.85,143.82,147.31,2991108.00
2025-10-01 20:00:00-04:00,145.85,147.88,145.78,147.82,1620019.00
2025-10-02 20:00:00-04:00,147.95,150.70,147.70,149.37,1242871.00
2025-10-05 20:00:00-04:00,149.61,149.61,147.13,148.12,1390423.00
2025-10-06 20:00:00-04:00,148.55,149.38,147.75,148.54,1057414.00
2025-10-07 20:00:00-04:00,148.52,149.75,148.02,149.62,1414337.00
2025-10-08 20:00:00-04:00,149.77,150.20,145.08,145.88,1566595.00
2025-10-09 20:00:00-04:00,146.12,146.61,143.59,143.93,1372997.00
2025-10-12 20:00:00-04:00,144.18,146.01,143.50,144.01,1084762.00
2025-10-13 20:00:00-04:00,143.11,145.65,143.11,145.32,1501087.00
2025-10-14 20:00:00-04:00,144.73,146.25,143.48,144.09,1455804.00
2025-10-15 20:00:00-04:00,141.04,143.01,138.03,142.94,4354692.00
2025-10-16 20:00:00-04:00,142.95,146.22,142.37,145.89,2472514.00
2025-10-19 20:00:00-04:00,146.03,149.23,146.03,147.36,2206157.00
2025-10-20 20:00:00-04:00,148.16,148.64,144.71,145.84,2900414.00
2025-10-21 20:00:00-04:00,145.65,146.71,144.56,145.13,2745994.00
2025-10-22 20:00:00-04:00,145.49,145.75,143.38,143.91,2136070.00
2025-10-23 20:00:00-04:00,144.99,145.44,143.28,143.37,1959389.00
2025-10-26 20:00:00-04:00,143.51,144.73,142.74,144.30,3257974.00
2025-10-27 20:00:00-04:00,144.35,144.35,142.08,142.12,1692905.00
2025-10-28 20:00:00-04:00,141.44,141.44,139.70,140.04,2048556.00
2025-10-29 20:00:00-04:00,139.66,140.26,137.94,138.39,3462893.00
2025-10-30 20:00:00-04:00,137.54,138.34,135.48,137.88,3424478.00
2025-11-02 19:00:00-05:00,137.78,137.78,135.04,136.79,4381404.00
2025-11-03 19:00:00-05:00,136.63,139.02,135.01,138.13,4236905.00
2025-11-04 19:00:00-05:00,137.01,137.75,134.35,136.09,5580037.25
2025-11-05 19:00:00-05:00,126.91,137.05,125.21,136.86,5580037.25
2025-11-06 19:00:00-05:00,136.53,138.15,134.80,137.20,3903259.00
2025-11-09 19:00:00-05:00,136.42,140.41,135.73,140.14,3154560.00
2025-11-10 19:00:00-05:00,140.95,145.87,140.71,145.83,3795521.00
2025-11-11 19:00:00-05:00,146.68,148.60,145.86,148.22,3619094.00
2025-11-12 19:00:00-05:00,147.89,151.01,147.44,148.93,5057981.00
2025-11-13 19:00:00-05:00,148.93,150.06,147.94,148.93,4257511.00
2025-11-16 19:00:00-05:00,148.32,150.66,146.72,147.34,3851234.00
2025-11-17 19:00:00-05:00,147.52,149.78,146.40,148.38,2679214.00
2025-11-18 19:00:00-05:00,148.36,149.09,145.44,147.53,2089387.00
2025-11-19 19:00:00-05:00,146.12,148.16,145.08,146.26,3292954.00
2025-11-20 19:00:00-05:00,146.52,151.49,146.30,148.68,3816763.00
2025-11-23 19:00:00-05:00,148.80,149.33,147.19,147.33,2671454.00
2025-11-24 19:00:00-05:00,148.11,150.88,147.52,150.82,2564734.00
2025-11-25 19:00:00-05:00,150.51,151.05,149.16,149.60,1582114.00
2025-11-27 19:00:00-05:00,149.35,150.24,148.98,149.69,754042.00
2025-11-30 19:00:00-05:00,149.18,150.27,147.72,147.99,2456868.00
2025-12-01 19:00:00-05:00,148.60,148.60,146.15,146.95,1957862.00
2025-12-02 19:00:00-05:00,147.63,149.46,147.13,149.34,1477428.00
2025-12-03 19:00:00-05:00,149.53,149.75,148.20,149.49,1593943.00
2025-12-04 19:00:00-05:00,149.46,151.31,149.43,149.64,2270138.00
2025-12-07 19:00:00-05:00,148.94,149.83,146.94,147.00,2213916.00
2025-12-08 19:00:00-05:00,147.31,148.41,146.24,146.47,1900114.00
2025-12-09 19:00:00-05:00,146.94,154.90,146.49,153.90,3546845.00
2025-12-10 19:00:00-05:00,154.16,155.54,153.50,155.47,2102107.00
2025-12-11 19:00:00-05:00,155.51,157.27,153.90,155.83,3172495.00
2025-12-14 19:00:00-05:00,155.83,157.03,153.99,155.21,4720646.00
2025-12-15 19:00:00-05:00,155.31,155.77,151.36,152.34,3025706.00
2025-12-16 19:00:00-05:00,152.06,153.96,151.23,151.54,4210702.00
2025-12-17 19:00:00-05:00,151.34,152.80,150.70,151.03,4222277.00
2025-12-18 19:00:00-05:00,150.72,152.66,150.56,151.72,5580037.25
2025-12-21 19:00:00-05:00,152.10,153.67,151.95,152.61,1923391.00
2025-12-22 19:00:00-05:00,152.32,152.32,151.12,151.78,1323389.00
2025-12-23 19:00:00-05:00,152.04,152.59,151.46,152.13,544670.00
2025-12-25 19:00:00-05:00,152.10,153.00,151.16,152.29,1292606.00
2025-12-28 19:00:00-05:00,152.20,152.42,150.92,151.39,1542046.00
2025-12-29 19:00:00-05:00,151.12,152.18,150.92,151.76,974352.00
2025-12-30 19:00:00-05:00,151.67,152.07,150.52,150.54,999919.00
2026-01-01 19:00:00-05:00,150.71,151.88,149.31,151.22,1734754.00
2026-01-04 19:00:00-05:00,150.58,155.75,150.18,154.33,2942518.00
2026-01-05 19:00:00-05:00,153.80,159.89,153.73,159.30,2598823.00
2026-01-06 19:00:00-05:00,159.33,160.47,156.71,157.24,2611289.00
2026-01-07 19:00:00-05:00,156.14,160.56,156.14,159.16,1819087.00
2026-01-08 19:00:00-05:00,159.77,160.08,156.23,157.27,1680694.00
2026-01-11 19:00:00-05:00,157.31,157.91,156.19,157.27,1757141.00
2026-01-12 19:00:00-05:00,157.20,157.97,153.93,156.32,1473485.00
2026-01-13 19:00:00-05:00,156.55,161.07,155.77,160.90,1835242.00
2026-01-14 19:00:00-05:00,160.21,162.33,159.46,161.62,2761512.00
2026-01-15 19:00:00-05:00,160.63,162.22,160.30,160.66,2022989.00
2026-01-19 19:00:00-05:00,158.85,160.06,157.57,157.77,2000347.00
2026-01-20 19:00:00-05:00,159.07,160.99,158.34,159.94,2216587.00
2026-01-21 19:00:00-05:00,159.83,161.04,158.46,159.83,2573383.00
2026-01-22 19:00:00-05:00,159.41,159.42,151.75,156.53,4367158.00
2026-01-25 19:00:00-05:00,157.26,159.40,156.89,157.79,1574736.00
2026-01-26 19:00:00-05:00,156.49,159.16,156.06,157.78,2397593.00
2026-01-27 19:00:00-05:00,158.28,161.35,155.44,156.63,2151206.00
2026-01-28 19:00:00-05:00,155.50,156.74,154.37,155.99,1852668.00
2026-01-29 19:00:00-05:00,156.49,158.28,155.23,157.84,3520133.00
2026-02-01 19:00:00-05:00,157.47,157.94,156.06,156.62,2475439.00
2026-02-02 19:00:00-05:00,157.23,161.84,156.63,160.18,3672518.00
2026-02-03 19:00:00-05:00,160.65,165.29,159.52,161.25,3991154.00
2026-02-04 19:00:00-05:00,161.90,162.89,159.69,160.19,3673790.00
2026-02-05 19:00:00-05:00,160.38,163.44,158.94,162.91,2853732.00
2026-02-08 19:00:00-05:00,158.24,164.04,155.43,160.87,4676254.00
2026-02-09 19:00:00-05:00,163.77,170.28,162.22,169.40,4604400.00
2026-02-10 19:00:00-05:00,168.40,179.58,168.40,178.22,5580037.25
2026-02-11 19:00:00-05:00,178.46,180.32,174.28,175.44,5580037.25
2026-02-12 19:00:00-05:00,176.11,177.83,173.38,173.55,3167500.00
2026-02-16 19:00:00-05:00,173.82,176.06,173.18,175.02,2237900.00
2026-02-17 19:00:00-05:00,175.03,180.45,174.68,180.25,2696200.00
2026-02-18 19:00:00-05:00,179.74,180.61,178.35,180.04,1985100.00
2026-02-19 19:00:00-05:00,179.37,183.03,179.17,182.92,2740000.00
2026-02-22 19:00:00-05:00,182.29,183.82,179.72,181.89,3261800.00
2026-02-23 19:00:00-05:00,182.54,184.86,179.89,180.06,2986900.00
2026-02-24 19:00:00-05:00,180.82,181.29,176.96,178.55,2506100.00
2026-02-25 19:00:00-05:00,179.42,179.85,173.58,174.31,3326900.00
2026-02-26 19:00:00-05:00,172.99,175.64,171.72,174.13,4624900.00
2026-03-01 19:00:00-05:00,171.76,174.45,169.95,174.19,2124300.00
2026-03-02 19:00:00-05:00,170.93,172.66,169.29,171.89,2109600.00
2026-03-03 19:00:00-05:00,172.23,172.47,168.58,169.21,2137400.00
2026-03-04 19:00:00-05:00,167.29,167.85,165.59,167.68,2856600.00
2026-03-05 19:00:00-05:00,166.02,167.17,162.14,164.90,2651200.00
2026-03-08 20:00:00-04:00,162.81,164.84,159.60,163.26,2905100.00
2026-03-09 20:00:00-04:00,163.32,165.19,162.16,162.73,2528200.00
2026-03-10 20:00:00-04:00,162.42,162.95,159.18,162.03,4098500.00
2026-03-11 20:00:00-04:00,160.77,162.00,157.09,158.51,2885600.00
2026-03-12 20:00:00-04:00,160.24,161.27,157.82,158.24,2559900.00
2026-03-15 20:00:00-04:00,159.49,160.53,158.29,159.15,2187400.00
2026-03-16 20:00:00-04:00,160.47,162.30,160.11,160.51,2373900.00
2026-03-17 20:00:00-04:00,158.72,158.91,155.26,156.97,2083300.00
2026-03-18 20:00:00-04:00,156.41,158.00,155.35,155.43,2423800.00
2026-03-19 20:00:00-04:00,155.36,157.00,152.67,153.05,3723700.00
2026-03-22 20:00:00-04:00,155.58,156.99,154.32,155.14,2284900.00
2026-03-23 20:00:00-04:00,153.59,155.95,153.01,154.83,2220100.00
2026-03-24 20:00:00-04:00,156.37,157.68,153.93,157.16,1853300.00
2026-03-25 20:00:00-04:00,155.73,159.07,155.22,156.28,2370000.00
2026-03-26 20:00:00-04:00,157.04,157.04,153.30,153.43,2032100.00
2026-03-29 20:00:00-04:00,153.60,154.17,152.11,153.61,1855900.00
2026-03-30 20:00:00-04:00,154.85,156.82,152.94,156.13,1949200.00
2026-03-31 20:00:00-04:00,156.60,157.85,154.73,155.25,2459500.00
2026-04-01 20:00:00-04:00,153.48,156.47,152.18,153.43,2368200.00
2026-04-05 20:00:00-04:00,152.51,154.85,151.92,154.23,1875900.00
2026-04-06 20:00:00-04:00,154.37,154.65,152.93,153.88,1807000.00
2026-04-07 20:00:00-04:00,156.83,158.12,155.07,155.99,2629200.00
2026-04-08 20:00:00-04:00,154.01,156.08,153.79,154.37,2709900.00
2026-04-09 20:00:00-04:00,154.31,154.83,151.98,153.14,2051900.00
2026-04-12 20:00:00-04:00,152.85,154.46,151.72,154.34,3061300.00
2026-04-13 20:00:00-04:00,153.93,155.09,153.32,154.64,2889700.00
2026-04-14 20:00:00-04:00,154.18,155.94,153.47,154.43,2660100.00
2026-04-15 20:00:00-04:00,154.26,154.68,151.94,153.74,4071500.00
2026-04-16 20:00:00-04:00,154.32,158.83,154.10,157.43,3591700.00
2026-04-19 20:00:00-04:00,156.55,157.97,155.92,157.53,3302500.00
2026-04-20 20:00:00-04:00,158.48,158.49,155.59,155.59,3214300.00
2026-04-21 20:00:00-04:00,156.24,156.56,153.57,154.56,2690800.00
2026-04-22 20:00:00-04:00,154.82,155.65,152.39,153.77,2846600.00
2026-04-23 20:00:00-04:00,153.91,154.29,151.00,151.07,2008800.00
2026-04-26 20:00:00-04:00,150.94,152.43,148.82,149.17,2681300.00
2026-04-27 20:00:00-04:00,149.78,150.79,146.81,148.47,3111500.00
2026-04-28 20:00:00-04:00,147.26,147.54,143.50,144.29,3104200.00
2026-04-29 20:00:00-04:00,144.44,148.26,144.43,148.00,3597400.00
2026-04-30 20:00:00-04:00,148.35,149.14,146.16,148.26,2472400.00
2026-05-03 20:00:00-04:00,147.96,149.45,145.17,145.29,2454100.00
2026-05-04 20:00:00-04:00,146.03,146.41,142.00,143.16,3533200.00
2026-05-05 20:00:00-04:00,144.01,145.38,143.29,143.75,3421200.00
2026-05-06 20:00:00-04:00,149.94,153.37,148.23,152.19,5580037.25
2026-05-07 20:00:00-04:00,152.79,154.19,145.46,148.38,4481800.00
2026-05-10 20:00:00-04:00,147.67,148.59,141.96,142.15,3588600.00
2026-05-11 20:00:00-04:00,143.84,147.71,143.16,146.48,3465300.00
2026-05-12 20:00:00-04:00,145.56,145.56,141.83,143.17,3830100.00
2026-05-13 20:00:00-04:00,144.17,145.22,142.63,143.46,2778800.00
2026-05-14 20:00:00-04:00,143.82,144.48,141.03,142.47,4277300.00
2026-05-17 20:00:00-04:00,142.94,144.56,141.02,141.35,3814100.00
2026-05-18 20:00:00-04:00,141.01,147.17,140.83,145.92,4219500.00
2026-05-19 20:00:00-04:00,146.63,147.84,143.62,145.92,2479100.00
2026-05-20 20:00:00-04:00,144.14,146.00,141.67,145.23,1986200.00
2026-05-21 20:00:00-04:00,145.65,147.21,144.62,146.60,1291300.00
2026-05-25 20:00:00-04:00,146.60,148.25,145.23,146.72,3243500.00
2026-05-26 20:00:00-04:00,146.57,149.68,145.10,146.21,2878200.00
2026-05-27 20:00:00-04:00,145.18,147.42,142.95,147.37,3214500.00
2026-05-28 20:00:00-04:00,147.22,148.19,145.61,146.09,3728400.00
2026-05-31 20:00:00-04:00,145.13,146.88,144.11,144.31,2387000.00
2026-06-01 20:00:00-04:00,143.98,145.00,142.13,143.42,2693500.00
2026-06-02 20:00:00-04:00,143.45,145.69,143.20,144.59,1609700.00
2026-06-03 20:00:00-04:00,147.84,150.61,147.07,148.51,2241600.00
2026-06-04 20:00:00-04:00,150.72,152.17,149.65,150.10,2077400.00
2026-06-07 20:00:00-04:00,148.96,149.96,148.00,148.94,1926000.00
2026-06-08 20:00:00-04:00,149.72,152.55,148.70,152.04,2214900.00
2026-06-09 20:00:00-04:00,151.48,151.62,147.74,147.79,1748000.00
2026-06-10 20:00:00-04:00,147.33,148.09,145.90,147.35,1639900.00
2026-06-11 20:00:00-04:00,147.94,149.00,144.40,146.24,1966900.00
2026-06-14 20:00:00-04:00,146.60,147.94,145.44,145.52,1760200.00
2026-06-15 20:00:00-04:00,146.57,146.89,144.26,145.16,1509900.00
2026-06-16 20:00:00-04:00,144.50,145.60,140.63,141.61,2920800.00
2026-06-17 20:00:00-04:00,142.02,144.70,141.75,143.98,5580037.25
2026-06-21 20:00:00-04:00,142.44,143.43,140.11,140.71,3642600.00
2026-06-22 20:00:00-04:00,142.55,145.59,141.25,143.92,2908100.00
2026-06-23 20:00:00-04:00,145.66,149.20,144.61,147.77,2300200.00
2026-06-24 20:00:00-04:00,148.42,152.83,147.20,151.38,2548900.00
2026-06-25 20:00:00-04:00,152.80,156.89,151.63,155.92,5580037.25
2026-06-28 20:00:00-04:00,154.73,155.25,152.97,155.19,2396600.00
