Date,Open,High,Low,Close,Volume
2018-07-01 20:00:00-04:00,26.42,26.99,26.30,26.95,1695800
2018-07-02 20:00:00-04:00,26.95,26.99,26.60,26.63,899100
2018-07-04 20:00:00-04:00,26.72,26.98,26.60,26.97,993700
2018-07-05 20:00:00-04:00,26.98,27.21,26.87,27.17,1709700
2018-07-08 20:00:00-04:00,27.23,27.37,27.10,27.37,1581900
2018-07-09 20:00:00-04:00,27.34,27.50,27.23,27.48,1968400
2018-07-10 20:00:00-04:00,27.31,27.41,27.02,27.14,1855100
2018-07-11 20:00:00-04:00,27.23,27.54,27.22,27.35,2607600
2018-07-12 20:00:00-04:00,27.21,27.35,26.83,26.99,1881800
2018-07-15 20:00:00-04:00,27.04,27.16,26.81,26.86,1654800
2018-07-16 20:00:00-04:00,26.68,27.07,26.61,26.95,1468200
2018-07-17 20:00:00-04:00,26.24,26.47,26.01,26.20,4142600
2018-07-18 20:00:00-04:00,26.13,26.35,25.99,26.02,1660500
2018-07-19 20:00:00-04:00,26.04,26.11,25.73,25.83,1516700
2018-07-22 20:00:00-04:00,25.75,25.88,25.44,25.75,1602100
2018-07-23 20:00:00-04:00,26.19,26.24,25.72,25.78,2074600
2018-07-24 20:00:00-04:00,25.75,25.90,25.56,25.74,1439100
2018-07-25 20:00:00-04:00,25.78,26.22,25.62,25.86,1789900
2018-07-26 20:00:00-04:00,25.74,25.78,25.22,25.36,1832600
2018-07-29 20:00:00-04:00,25.52,25.63,25.32,25.37,2020300
2018-07-30 20:00:00-04:00,25.38,25.54,25.33,25.40,1180700
2018-07-31 20:00:00-04:00,25.42,25.62,25.19,25.36,1307000
2018-08-01 20:00:00-04:00,25.27,25.50,25.19,25.43,1247400
2018-08-02 20:00:00-04:00,25.47,25.72,25.43,25.53,1084500
2018-08-05 20:00:00-04:00,25.50,25.84,25.49,25.68,1421200
2018-08-06 20:00:00-04:00,25.82,25.95,25.77,25.84,1624300
2018-08-07 20:00:00-04:00,25.99,26.10,25.54,25.89,1208700
2018-08-08 20:00:00-04:00,25.89,26.16,25.88,26.00,813300
2018-08-09 20:00:00-04:00,25.99,26.25,25.84,26.09,1203400
2018-08-12 20:00:00-04:00,26.15,26.30,25.89,26.09,1422200
2018-08-13 20:00:00-04:00,26.13,26.40,26.13,26.23,1167100
2018-08-14 20:00:00-04:00,26.12,26.23,25.71,26.01,1142300
2018-08-15 20:00:00-04:00,26.20,26.51,26.18,26.33,1208600
2018-08-16 20:00:00-04:00,26.26,26.62,26.21,26.58,1336700
2018-08-19 20:00:00-04:00,26.71,26.85,26.48,26.72,956500
2018-08-20 20:00:00-04:00,26.84,27.29,26.77,27.27,1930800
2018-08-21 20:00:00-04:00,27.23,27.40,27.04,27.33,1331200
2018-08-22 20:00:00-04:00,27.35,27.59,27.32,27.42,1722800
2018-08-23 20:00:00-04:00,27.49,27.84,27.31,27.71,2114900
2018-08-26 20:00:00-04:00,27.94,28.05,27.75,27.99,2806800
2018-08-27 20:00:00-04:00,27.99,28.17,27.34,27.38,4673900
2018-08-28 20:00:00-04:00,27.74,27.74,27.21,27.31,4203700
2018-08-29 20:00:00-04:00,30.24,31.93,28.38,30.71,6199150
2018-08-30 20:00:00-04:00,30.97,32.33,30.94,31.58,6199150
2018-09-03 20:00:00-04:00,31.52,32.15,31.22,32.07,4948900
2018-09-04 20:00:00-04:00,32.11,32.18,31.18,31.34,3127700
2018-09-05 20:00:00-04:00,31.43,31.76,30.86,30.95,3127000
2018-09-06 20:00:00-04:00,31.06,31.53,30.86,30.90,2950000
2018-09-09 20:00:00-04:00,30.94,31.62,30.85,31.56,2976500
2018-09-10 20:00:00-04:00,31.47,31.50,31.06,31.30,1971400
2018-09-11 20:00:00-04:00,31.35,31.71,31.19,31.64,2323000
2018-09-12 20:00:00-04:00,31.34,31.56,30.93,31.12,2118700
2018-09-13 20:00:00-04:00,31.25,31.33,30.89,31.06,1770900
2018-09-16 20:00:00-04:00,31.13,31.21,30.72,30.79,1394100
2018-09-17 20:00:00-04:00,30.81,31.01,30.45,30.69,2139300
2018-09-18 20:00:00-04:00,30.72,30.95,30.27,30.35,1535200
2018-09-19 20:00:00-04:00,30.43,31.05,30.26,30.99,1702400
2018-09-20 20:00:00-04:00,31.15,31.50,30.77,31.04,2732000
2018-09-23 20:00:00-04:00,30.98,31.52,30.88,31.34,3976400
2018-09-24 20:00:00-04:00,31.28,31.63,31.22,31.32,2091300
2018-09-25 20:00:00-04:00,30.86,31.18,30.55,30.89,2012100
2018-09-26 20:00:00-04:00,30.87,31.32,30.66,31.01,1560000
2018-09-27 20:00:00-04:00,30.91,31.29,30.83,31.24,1352500
2018-09-30 20:00:00-04:00,31.39,31.88,29.49,29.67,5221300
2018-10-01 20:00:00-04:00,29.60,30.00,29.59,29.76,2611900
2018-10-02 20:00:00-04:00,30.23,30.48,29.80,30.31,2341100
2018-10-03 20:00:00-04:00,30.14,30.34,29.74,29.93,2040900
2018-10-04 20:00:00-04:00,29.86,29.96,29.12,29.59,1879100
2018-10-07 20:00:00-04:00,29.62,29.70,29.05,29.22,2193100
2018-10-08 20:00:00-04:00,29.21,29.63,28.95,29.00,2668600
2018-10-09 20:00:00-04:00,28.95,29.23,28.55,28.58,3670100
2018-10-10 20:00:00-04:00,28.30,28.92,28.23,28.24,2077000
2018-10-11 20:00:00-04:00,28.70,29.24,28.51,29.03,2695500
2018-10-14 20:00:00-04:00,29.03,29.54,28.91,29.39,2082900
2018-10-15 20:00:00-04:00,29.59,30.92,29.56,30.84,3860700
2018-10-16 20:00:00-04:00,30.89,31.13,30.29,30.77,3298300
2018-10-17 20:00:00-04:00,30.88,31.54,30.65,30.98,3197000
2018-10-18 20:00:00-04:00,31.13,31.70,30.57,30.74,3193600
2018-10-21 20:00:00-04:00,30.94,31.42,30.75,30.96,2519500
2018-10-22 20:00:00-04:00,30.65,31.12,30.02,30.89,2991300
2018-10-23 20:00:00-04:00,30.81,31.26,29.62,29.63,4367600
2018-10-24 20:00:00-04:00,29.95,30.53,29.91,30.07,3222300
2018-10-25 20:00:00-04:00,29.71,30.27,29.40,29.64,3957000
2018-10-28 20:00:00-04:00,29.98,30.54,29.30,29.72,3562200
2018-10-29 20:00:00-04:00,29.76,30.44,29.73,30.37,3799700
2018-10-30 20:00:00-04:00,30.73,31.82,30.63,31.26,3268600
2018-10-31 20:00:00-04:00,31.50,31.87,31.35,31.55,2978200
2018-11-01 20:00:00-04:00,31.80,32.02,31.51,32.02,4929500
2018-11-04 19:00:00-05:00,32.32,33.74,32.26,33.64,6199150
2018-11-05 19:00:00-05:00,33.63,34.07,33.35,34.04,4362200
2018-11-06 19:00:00-05:00,34.11,34.97,33.87,34.73,5693200
2018-11-07 19:00:00-05:00,34.61,35.04,34.38,34.67,4007700
2018-11-08 19:00:00-05:00,34.46,34.59,33.64,34.43,3926500
2018-11-11 19:00:00-05:00,33.75,34.34,33.38,33.40,2715700
2018-11-12 19:00:00-05:00,33.56,34.13,33.09,33.31,2712800
2018-11-13 19:00:00-05:00,33.54,33.57,32.75,32.94,3274100
2018-11-14 19:00:00-05:00,33.16,33.98,32.88,33.85,3894300
2018-11-15 19:00:00-05:00,33.38,33.86,33.07,33.69,4794100
2018-11-18 19:00:00-05:00,33.72,33.89,32.43,32.47,3316400
2018-11-19 19:00:00-05:00,31.03,31.89,30.33,30.64,5361400
2018-11-20 19:00:00-05:00,30.99,31.24,30.67,30.92,2166500
2018-11-22 19:00:00-05:00,30.72,31.45,30.72,31.08,702600
2018-11-25 19:00:00-05:00,31.31,31.57,31.10,31.50,1930500
2018-11-26 19:00:00-05:00,31.50,31.87,31.24,31.39,2860500
2018-11-27 19:00:00-05:00,31.68,32.79,31.54,32.73,2767200
2018-11-28 19:00:00-05:00,32.64,32.82,32.34,32.46,1512300
2018-11-29 19:00:00-05:00,32.42,32.65,32.09,32.62,1766600
2018-12-02 19:00:00-05:00,33.59,33.81,32.68,33.14,1905900
2018-12-03 19:00:00-05:00,33.02,33.31,31.42,31.45,2776800
2018-12-05 19:00:00-05:00,30.82,32.26,30.67,32.24,3634400
2018-12-06 19:00:00-05:00,32.15,32.53,31.07,31.28,2835300
2018-12-09 19:00:00-05:00,31.41,32.12,31.08,31.86,3140300
2018-12-10 19:00:00-05:00,32.40,32.41,31.15,31.59,2978200
2018-12-11 19:00:00-05:00,32.14,32.27,31.75,32.14,4938000
2018-12-12 19:00:00-05:00,35.76,36.55,34.25,34.91,6199150
2018-12-13 19:00:00-05:00,34.45,35.88,34.05,34.55,5175900
2018-12-16 19:00:00-05:00,34.35,34.51,32.80,33.00,4952900
2018-12-17 19:00:00-05:00,33.14,33.58,32.73,33.18,3448000
2018-12-18 19:00:00-05:00,33.45,34.38,32.86,33.03,3963000
2018-12-19 19:00:00-05:00,32.88,33.63,32.11,32.91,3379300
2018-12-20 19:00:00-05:00,32.73,33.32,31.71,31.71,6199150
2018-12-23 19:00:00-05:00,31.43,31.87,30.96,30.97,1680000
2018-12-25 19:00:00-05:00,30.98,32.63,30.77,32.61,2986500
2018-12-26 19:00:00-05:00,32.18,32.43,31.28,32.42,2409700
2018-12-27 19:00:00-05:00,32.69,33.47,32.37,33.10,2423500
2018-12-30 19:00:00-05:00,33.35,34.02,33.18,33.91,2125600
2019-01-01 19:00:00-05:00,33.24,34.05,33.10,33.94,2509000
2019-01-02 19:00:00-05:00,33.56,33.76,32.85,32.87,2414300
2019-01-03 19:00:00-05:00,33.54,34.58,32.99,34.56,3262200
2019-01-06 19:00:00-05:00,34.98,36.20,34.90,35.59,4217200
2019-01-07 19:00:00-05:00,35.87,36.69,35.40,36.65,3911700
2019-01-08 19:00:00-05:00,36.82,37.18,36.45,36.56,2707200
2019-01-09 19:00:00-05:00,36.45,37.15,36.03,36.90,2779800
2019-01-10 19:00:00-05:00,36.74,37.05,36.65,36.67,2530600
2019-01-13 19:00:00-05:00,36.43,36.99,36.31,36.63,1458300
2019-01-14 19:00:00-05:00,36.70,37.64,36.61,37.63,2109200
2019-01-15 19:00:00-05:00,37.69,37.94,37.27,37.76,2168800
2019-01-16 19:00:00-05:00,37.82,38.48,37.59,38.04,2489200
2019-01-17 19:00:00-05:00,38.42,38.73,38.08,38.50,1980600
2019-01-21 19:00:00-05:00,38.70,39.01,38.15,38.38,1934600
2019-01-22 19:00:00-05:00,38.75,38.99,37.94,38.26,2838900
2019-01-23 19:00:00-05:00,38.37,39.54,38.13,39.49,2065700
2019-01-24 19:00:00-05:00,40.01,40.16,39.63,39.96,3118600
2019-01-27 19:00:00-05:00,39.70,39.70,38.66,39.30,2940700
2019-01-28 19:00:00-05:00,39.55,39.74,39.29,39.40,1712900
2019-01-29 19:00:00-05:00,38.60,38.61,36.81,37.58,6199150
2019-01-30 19:00:00-05:00,37.20,38.26,37.15,38.09,2502000
2019-01-31 19:00:00-05:00,38.15,38.41,37.85,38.30,1742000
2019-02-03 19:00:00-05:00,38.15,38.32,37.75,37.98,1867100
2019-02-04 19:00:00-05:00,38.05,38.14,37.60,37.91,1624500
2019-02-05 19:00:00-05:00,37.93,38.15,37.67,37.96,1775900
2019-02-06 19:00:00-05:00,37.57,37.91,37.02,37.28,1522400
2019-02-07 19:00:00-05:00,37.14,37.98,37.09,37.88,1325200
2019-02-10 19:00:00-05:00,38.20,38.84,37.90,38.70,2206500
2019-02-11 19:00:00-05:00,38.89,39.16,38.43,38.84,1908200
2019-02-12 19:00:00-05:00,39.00,39.37,38.87,39.10,1435500
2019-02-13 19:00:00-05:00,39.05,40.04,38.93,39.71,1768800
2019-02-14 19:00:00-05:00,39.97,40.31,39.73,40.21,1918500
2019-02-18 19:00:00-05:00,40.65,42.61,40.65,41.79,4276500
2019-02-19 19:00:00-05:00,41.79,42.60,41.61,42.21,2561200
2019-02-20 19:00:00-05:00,42.25,42.61,42.06,42.35,1787700
2019-02-21 19:00:00-05:00,42.50,43.61,42.50,43.57,2772800
2019-02-24 19:00:00-05:00,43.80,43.96,43.29,43.68,1988800
2019-02-25 19:00:00-05:00,43.62,43.94,42.95,43.09,2851500
2019-02-26 19:00:00-05:00,43.12,43.28,42.59,42.90,2652500
2019-02-27 19:00:00-05:00,42.80,43.01,42.43,42.66,1901400
2019-02-28 19:00:00-05:00,43.00,43.12,42.12,42.76,2645300
2019-03-03 19:00:00-05:00,43.51,43.69,42.29,42.80,4549800
2019-03-04 19:00:00-05:00,45.61,45.70,40.21,40.71,6199150
2019-03-05 19:00:00-05:00,40.75,40.99,39.54,39.97,5115600
2019-03-06 19:00:00-05:00,39.93,39.97,38.55,38.69,4396200
2019-03-07 19:00:00-05:00,38.04,39.06,37.69,39.01,2350300
2019-03-10 20:00:00-04:00,39.05,40.26,39.02,40.23,2711500
2019-03-11 20:00:00-04:00,40.25,40.37,39.65,39.79,2440500
2019-03-12 20:00:00-04:00,39.93,40.00,39.28,39.43,2866800
2019-03-13 20:00:00-04:00,39.35,39.68,39.17,39.27,2428500
2019-03-14 20:00:00-04:00,39.31,39.74,39.24,39.43,3135100
2019-03-17 20:00:00-04:00,39.43,39.71,38.78,39.12,2961400
2019-03-18 20:00:00-04:00,39.34,39.56,39.03,39.16,1874400
2019-03-19 20:00:00-04:00,39.20,39.20,37.30,37.92,3586700
2019-03-20 20:00:00-04:00,37.92,38.69,37.90,38.53,2212700
2019-03-21 20:00:00-04:00,38.26,38.46,37.02,37.06,2095900
2019-03-24 20:00:00-04:00,37.03,37.38,36.71,37.29,4246500
2019-03-25 20:00:00-04:00,37.56,37.89,37.12,37.30,2436800
2019-03-26 20:00:00-04:00,37.30,37.55,36.64,37.15,1891200
2019-03-27 20:00:00-04:00,37.15,37.66,36.97,37.07,1479600
2019-03-28 20:00:00-04:00,37.45,37.98,37.04,37.34,2585300
2019-03-31 20:00:00-04:00,37.62,37.98,37.39,37.77,2099200
2019-04-01 20:00:00-04:00,37.88,38.24,37.66,37.92,2144600
2019-04-02 20:00:00-04:00,38.33,38.40,37.97,38.12,2045300
2019-04-03 20:00:00-04:00,38.19,38.38,37.31,37.49,2016600
2019-04-04 20:00:00-04:00,37.50,37.73,37.21,37.31,2026500
2019-04-07 20:00:00-04:00,37.20,37.40,36.75,37.24,1619800
2019-04-08 20:00:00-04:00,37.00,37.55,36.64,37.37,2080500
2019-04-09 20:00:00-04:00,37.46,37.83,37.27,37.35,1443500
2019-04-10 20:00:00-04:00,37.44,37.44,36.88,37.08,2565300
2019-04-11 20:00:00-04:00,37.40,37.99,36.78,37.99,2664600
2019-04-14 20:00:00-04:00,38.79,39.48,38.32,38.40,3027000
2019-04-15 20:00:00-04:00,38.65,39.02,38.50,38.70,2679500
2019-04-16 20:00:00-04:00,39.11,39.21,38.21,38.24,2607200
2019-04-17 20:00:00-04:00,38.20,38.46,37.89,38.18,1720500
2019-04-21 20:00:00-04:00,38.13,38.84,38.13,38.73,1873300
2019-04-22 20:00:00-04:00,39.11,39.99,39.00,39.87,2986700
2019-04-23 20:00:00-04:00,39.91,40.76,39.74,40.04,2276700
2019-04-24 20:00:00-04:00,39.84,39.95,38.66,39.06,2215500
2019-04-25 20:00:00-04:00,39.15,39.22,38.10,38.22,1513200
2019-04-28 20:00:00-04:00,38.33,38.74,38.10,38.62,1166700
2019-04-29 20:00:00-04:00,38.63,38.64,37.92,38.36,1831500
2019-04-30 20:00:00-04:00,38.57,39.07,38.25,38.37,1781600
2019-05-01 20:00:00-04:00,38.32,39.02,38.28,39.00,1572200
2019-05-02 20:00:00-04:00,38.61,39.01,38.15,38.79,3459800
2019-05-05 20:00:00-04:00,37.96,38.00,36.70,37.04,3073700
2019-05-06 20:00:00-04:00,36.60,36.89,35.63,36.16,3034900
2019-05-07 20:00:00-04:00,36.05,36.37,35.78,36.15,2620300
2019-05-08 20:00:00-04:00,35.35,35.52,34.55,35.22,3583000
2019-05-09 20:00:00-04:00,35.03,35.17,34.19,35.07,2561100
2019-05-12 20:00:00-04:00,34.24,34.42,33.06,33.18,3019800
2019-05-13 20:00:00-04:00,33.37,33.59,33.00,33.21,2069100
2019-05-14 20:00:00-04:00,32.89,33.46,32.76,33.30,2263600
2019-05-15 20:00:00-04:00,33.66,34.50,33.08,34.04,4267500
2019-05-16 20:00:00-04:00,33.56,35.06,33.50,34.61,4496400
2019-05-19 20:00:00-04:00,34.13,34.69,34.01,34.66,2017000
2019-05-20 20:00:00-04:00,34.92,35.29,34.75,34.86,2028200
2019-05-21 20:00:00-04:00,34.75,35.39,34.67,35.25,1726500
2019-05-22 20:00:00-04:00,34.82,35.39,34.73,35.33,2973800
2019-05-23 20:00:00-04:00,35.42,35.58,35.12,35.19,2093500
2019-05-27 20:00:00-04:00,35.24,35.45,34.91,35.06,2019900
2019-05-28 20:00:00-04:00,34.74,35.39,34.44,35.08,1773400
2019-05-29 20:00:00-04:00,35.17,35.63,35.13,35.47,1604800
2019-05-30 20:00:00-04:00,35.00,35.23,34.72,34.94,2008400
2019-06-02 20:00:00-04:00,35.04,35.12,34.51,34.72,2529900
2019-06-03 20:00:00-04:00,35.12,35.82,35.12,35.63,2391800
2019-06-04 20:00:00-04:00,35.95,36.12,35.24,35.88,3273200
2019-06-05 20:00:00-04:00,42.56,45.57,40.93,45.49,6199150
2019-06-06 20:00:00-04:00,45.30,46.23,44.65,45.23,6199150
2019-06-09 20:00:00-04:00,45.50,45.93,43.93,44.09,4076900
2019-06-10 20:00:00-04:00,44.36,44.74,44.01,44.02,3393800
2019-06-11 20:00:00-04:00,43.65,43.89,42.90,43.01,2702300
2019-06-12 20:00:00-04:00,43.13,43.25,42.37,42.47,2928700
2019-06-13 20:00:00-04:00,42.40,43.21,42.18,42.75,2311000
2019-06-16 20:00:00-04:00,42.63,43.60,42.34,43.30,2689100
2019-06-17 20:00:00-04:00,43.57,44.63,43.55,44.30,2835300
2019-06-18 20:00:00-04:00,44.33,44.83,43.54,44.06,1820400
2019-06-19 20:00:00-04:00,44.65,44.65,43.57,44.33,2610600
2019-06-20 20:00:00-04:00,44.03,44.22,43.35,43.52,3072000
2019-06-23 20:00:00-04:00,43.64,43.71,42.68,42.74,1637200
2019-06-24 20:00:00-04:00,42.50,42.97,42.12,42.18,2117500
2019-06-25 20:00:00-04:00,42.36,42.72,41.66,41.68,2130700
2019-06-26 20:00:00-04:00,41.79,42.04,41.29,41.60,3713500
2019-06-27 20:00:00-04:00,41.58,41.83,41.02,41.13,6199150
2019-06-30 20:00:00-04:00,42.03,42.30,41.19,41.97,3957000
2019-07-01 20:00:00-04:00,42.00,42.64,41.84,42.21,3574800
2019-07-02 20:00:00-04:00,42.21,43.21,42.06,43.14,1579600
2019-07-04 20:00:00-04:00,43.00,43.01,42.54,42.99,1651400
2019-07-07 20:00:00-04:00,42.76,42.84,41.98,42.09,2027100
2019-07-08 20:00:00-04:00,41.97,43.33,41.69,43.29,3341600
2019-07-09 20:00:00-04:00,43.51,43.96,43.00,43.12,2392100
2019-07-10 20:00:00-04:00,43.40,44.25,43.23,44.00,2894700
2019-07-11 20:00:00-04:00,44.19,44.71,44.04,44.08,1918100
2019-07-14 20:00:00-04:00,44.30,44.67,43.85,44.19,2513700
2019-07-15 20:00:00-04:00,44.39,44.70,44.13,44.36,1780500
2019-07-16 20:00:00-04:00,44.29,44.66,44.09,44.11,1783500
2019-07-17 20:00:00-04:00,44.12,44.14,43.40,43.87,1880700
2019-07-18 20:00:00-04:00,44.00,44.16,43.02,43.04,1651500
2019-07-21 20:00:00-04:00,43.37,43.49,42.95,43.06,1975200
2019-07-22 20:00:00-04:00,43.33,43.86,42.99,43.85,2151100
2019-07-23 20:00:00-04:00,43.64,45.00,43.52,44.92,1925700
2019-07-24 20:00:00-04:00,45.17,46.44,44.84,45.62,3608500
2019-07-25 20:00:00-04:00,46.16,46.18,45.20,45.94,1812500
2019-07-28 20:00:00-04:00,46.21,46.78,45.73,45.95,1833700
2019-07-29 20:00:00-04:00,45.62,45.84,44.92,45.63,1178700
2019-07-30 20:00:00-04:00,45.66,46.01,44.76,45.22,1658500
2019-07-31 20:00:00-04:00,45.24,45.84,44.23,44.41,2168900
2019-08-01 20:00:00-04:00,43.98,43.99,42.55,42.81,1710100
2019-08-04 20:00:00-04:00,41.25,41.95,40.80,41.25,2461900
2019-08-05 20:00:00-04:00,41.70,42.75,41.49,42.67,1680900
2019-08-06 20:00:00-04:00,42.09,42.70,41.64,42.52,1650300
2019-08-07 20:00:00-04:00,43.65,43.94,43.22,43.88,1790200
2019-08-08 20:00:00-04:00,43.58,44.37,43.57,43.65,1788800
2019-08-11 20:00:00-04:00,43.23,43.70,42.86,43.07,1341600
2019-08-12 20:00:00-04:00,42.92,44.07,42.79,43.20,1880600
2019-08-13 20:00:00-04:00,42.50,42.80,41.34,41.68,1562200
2019-08-14 20:00:00-04:00,41.11,41.30,39.53,40.07,2353400
2019-08-15 20:00:00-04:00,40.60,41.27,40.53,41.07,1382200
2019-08-18 20:00:00-04:00,41.87,42.47,41.56,42.11,1669200
2019-08-19 20:00:00-04:00,42.11,42.11,41.41,41.43,1025000
2019-08-20 20:00:00-04:00,41.90,42.13,41.50,41.52,1265500
2019-08-21 20:00:00-04:00,41.64,41.93,41.10,41.19,1680300
2019-08-22 20:00:00-04:00,41.08,41.38,39.88,40.01,1962200
2019-08-25 20:00:00-04:00,40.44,40.49,40.01,40.35,1363600
2019-08-26 20:00:00-04:00,40.60,40.75,39.35,39.53,1563900
2019-08-27 20:00:00-04:00,39.45,40.35,39.19,40.00,2469300
2019-08-28 20:00:00-04:00,41.76,42.47,40.79,41.27,2492600
2019-08-29 20:00:00-04:00,41.54,41.60,40.63,40.93,2220100
2019-09-02 20:00:00-04:00,40.78,41.06,40.39,40.73,3391200
2019-09-03 20:00:00-04:00,41.26,41.88,41.03,41.20,4402000
2019-09-04 20:00:00-04:00,38.66,40.03,37.94,39.62,6199150
2019-09-05 20:00:00-04:00,39.72,40.12,38.81,39.52,4709600
2019-09-08 20:00:00-04:00,39.65,39.91,38.60,38.91,3835800
2019-09-09 20:00:00-04:00,38.68,39.66,38.11,39.65,2894600
2019-09-10 20:00:00-04:00,40.10,40.43,39.52,40.43,2972600
2019-09-11 20:00:00-04:00,40.74,40.77,39.46,39.54,1987100
2019-09-12 20:00:00-04:00,39.51,40.39,39.39,39.88,3311100
2019-09-15 20:00:00-04:00,39.73,41.52,39.72,41.29,2915100
2019-09-16 20:00:00-04:00,40.51,40.51,39.51,40.44,2338200
2019-09-17 20:00:00-04:00,40.32,40.84,39.51,40.30,3042100
2019-09-18 20:00:00-04:00,40.63,40.95,39.94,40.00,2238400
2019-09-19 20:00:00-04:00,40.09,40.99,39.36,39.58,6199150
2019-09-22 20:00:00-04:00,39.36,39.91,38.86,39.69,5920600
2019-09-23 20:00:00-04:00,39.83,40.15,38.77,39.09,3187000
2019-09-24 20:00:00-04:00,38.98,40.35,38.90,40.14,2584100
2019-09-25 20:00:00-04:00,39.96,40.12,38.84,39.19,2294100
2019-09-26 20:00:00-04:00,39.40,39.94,38.90,39.34,2112700
2019-09-29 20:00:00-04:00,39.40,39.65,38.69,39.23,2089300
2019-09-30 20:00:00-04:00,38.05,38.25,36.12,36.49,6199150
2019-10-01 20:00:00-04:00,36.30,36.98,36.16,36.80,2884100
2019-10-02 20:00:00-04:00,36.90,37.76,36.70,37.52,2666200
2019-10-03 20:00:00-04:00,37.65,37.78,37.06,37.61,1320500
2019-10-06 20:00:00-04:00,37.49,37.83,37.31,37.54,2451600
2019-10-07 20:00:00-04:00,37.36,37.36,36.58,36.59,1784300
2019-10-08 20:00:00-04:00,37.00,37.44,36.75,37.30,988800
2019-10-09 20:00:00-04:00,37.14,37.43,36.60,37.25,2481800
2019-10-10 20:00:00-04:00,37.75,38.26,37.59,37.80,2045600
2019-10-13 20:00:00-04:00,37.73,37.93,37.35,37.52,2095300
2019-10-14 20:00:00-04:00,37.73,37.98,37.42,37.63,1082500
2019-10-15 20:00:00-04:00,37.64,37.87,37.04,37.20,1583500
2019-10-16 20:00:00-04:00,37.68,38.25,37.45,38.05,1395400
2019-10-17 20:00:00-04:00,37.80,38.48,37.80,38.45,1458600
2019-10-20 20:00:00-04:00,38.78,38.88,38.35,38.36,1938600
2019-10-21 20:00:00-04:00,38.56,38.94,37.91,37.99,1499500
2019-10-22 20:00:00-04:00,38.08,38.08,37.45,37.73,1815500
2019-10-23 20:00:00-04:00,37.78,37.78,36.40,36.89,2236600
2019-10-24 20:00:00-04:00,36.98,37.64,36.86,37.25,1543200
2019-10-27 20:00:00-04:00,37.36,37.71,36.77,37.14,1922200
2019-10-28 20:00:00-04:00,37.09,37.27,35.83,35.85,2801800
2019-10-29 20:00:00-04:00,36.01,36.85,35.97,36.78,2272000
2019-10-30 20:00:00-04:00,36.79,37.24,36.44,37.12,2079500
2019-10-31 20:00:00-04:00,36.59,37.02,35.86,36.43,3817100
2019-11-03 19:00:00-05:00,36.79,36.79,35.97,36.15,2751600
2019-11-04 19:00:00-05:00,36.39,37.72,36.36,36.93,2304500
2019-11-05 19:00:00-05:00,36.74,36.95,36.26,36.73,2197000
2019-11-06 19:00:00-05:00,37.02,37.39,36.98,37.15,1575300
2019-11-07 19:00:00-05:00,37.33,37.45,37.01,37.45,1676100
2019-11-10 19:00:00-05:00,37.17,37.88,37.10,37.78,1266400
2019-11-11 19:00:00-05:00,37.88,38.25,37.74,38.05,2134800
2019-11-12 19:00:00-05:00,37.83,38.27,37.66,37.73,1346000
2019-11-13 19:00:00-05:00,37.28,37.85,37.03,37.52,1276900
2019-11-14 19:00:00-05:00,37.73,38.04,37.57,38.01,1025300
2019-11-17 19:00:00-05:00,38.04,38.04,37.49,37.70,1718600
2019-11-18 19:00:00-05:00,37.81,37.99,37.28,37.41,2024500
2019-11-19 19:00:00-05:00,37.38,37.65,36.98,37.39,2232100
2019-11-20 19:00:00-05:00,37.46,37.49,36.42,36.54,2899900
2019-11-21 19:00:00-05:00,36.66,37.25,36.57,36.96,1349300
2019-11-24 19:00:00-05:00,37.00,37.62,36.90,37.31,2902300
2019-11-25 19:00:00-05:00,37.26,37.86,37.09,37.65,2064100
2019-11-26 19:00:00-05:00,37.80,38.14,37.73,38.12,1229500
2019-11-28 19:00:00-05:00,38.17,38.41,37.90,37.96,661200
2019-12-01 19:00:00-05:00,37.79,37.86,36.61,36.73,2399400
2019-12-02 19:00:00-05:00,36.20,36.73,35.94,36.70,2521000
2019-12-03 19:00:00-05:00,36.85,37.46,36.54,36.60,2685200
2019-12-04 19:00:00-05:00,36.57,36.72,35.92,36.29,4964600
2019-12-05 19:00:00-05:00,34.40,35.05,33.22,35.00,6199150
2019-12-08 19:00:00-05:00,35.04,35.47,34.61,34.61,4112200
2019-12-09 19:00:00-05:00,34.61,34.85,34.42,34.69,4056000
2019-12-10 19:00:00-05:00,34.63,35.63,34.44,35.41,6199150
2019-12-11 19:00:00-05:00,38.47,42.95,37.97,42.62,6199150
2019-12-12 19:00:00-05:00,42.89,43.97,41.19,41.38,6199150
2019-12-15 19:00:00-05:00,41.72,42.32,41.15,41.25,4428100
2019-12-16 19:00:00-05:00,41.20,41.25,40.44,40.89,3113600
2019-12-17 19:00:00-05:00,41.00,41.16,40.64,40.92,3106100
2019-12-18 19:00:00-05:00,40.83,41.82,40.83,41.53,3007700
2019-12-19 19:00:00-05:00,41.95,42.50,41.41,42.39,5058500
2019-12-22 19:00:00-05:00,41.86,42.60,41.67,42.36,3676700
2019-12-23 19:00:00-05:00,42.51,42.72,42.34,42.47,835700
2019-12-25 19:00:00-05:00,42.47,42.95,42.43,42.72,2772600
2019-12-26 19:00:00-05:00,42.83,42.97,42.44,42.67,1689500
2019-12-29 19:00:00-05:00,42.60,42.84,42.38,42.64,1751200
2019-12-30 19:00:00-05:00,42.43,42.87,42.32,42.69,1627000
2020-01-01 19:00:00-05:00,43.25,43.39,42.45,42.86,1470900
2020-01-02 19:00:00-05:00,42.33,42.70,41.84,41.87,1354700
2020-01-05 19:00:00-05:00,41.57,42.16,41.50,41.89,1202400
2020-01-06 19:00:00-05:00,41.73,41.95,41.54,41.55,1163000
2020-01-07 19:00:00-05:00,42.65,43.29,42.25,42.28,2471600
2020-01-08 19:00:00-05:00,42.31,42.53,41.93,42.10,1905300
2020-01-09 19:00:00-05:00,42.25,42.30,41.47,41.64,1690500
2020-01-12 19:00:00-05:00,41.98,42.54,41.80,42.39,1570100
2020-01-13 19:00:00-05:00,42.20,42.38,41.85,42.06,1276800
2020-01-14 19:00:00-05:00,41.82,42.65,41.82,42.36,1611700
2020-01-15 19:00:00-05:00,42.72,42.94,42.50,42.85,1092300
2020-01-16 19:00:00-05:00,42.97,43.03,42.13,42.23,1388100
2020-01-20 19:00:00-05:00,42.00,42.33,41.80,42.17,1482300
2020-01-21 19:00:00-05:00,42.43,42.73,42.21,42.44,1633700
2020-01-22 19:00:00-05:00,42.44,42.77,42.25,42.50,1390500
2020-01-23 19:00:00-05:00,42.96,43.86,42.72,43.27,2274500
2020-01-26 19:00:00-05:00,42.37,42.66,41.95,41.97,2405500
2020-01-27 19:00:00-05:00,42.27,43.21,42.25,42.93,1853400
2020-01-28 19:00:00-05:00,43.06,43.46,42.03,42.16,2399000
2020-01-29 19:00:00-05:00,41.73,42.24,41.48,42.19,1815900
2020-01-30 19:00:00-05:00,41.96,42.10,40.57,40.67,2024100
2020-02-02 19:00:00-05:00,40.87,42.02,40.72,41.83,2272900
2020-02-03 19:00:00-05:00,42.63,43.15,42.59,42.87,1907400
2020-02-04 19:00:00-05:00,43.34,43.44,42.52,42.67,1000700
2020-02-05 19:00:00-05:00,42.86,43.63,42.66,43.48,1525000
2020-02-06 19:00:00-05:00,43.22,43.31,42.51,42.64,1836300
2020-02-09 19:00:00-05:00,42.39,42.55,41.81,42.48,2071300
2020-02-10 19:00:00-05:00,43.33,44.06,42.81,43.08,2077100
2020-02-11 19:00:00-05:00,43.35,43.60,42.72,43.20,1124500
2020-02-12 19:00:00-05:00,42.89,43.33,42.48,43.31,1330400
2020-02-13 19:00:00-05:00,43.26,43.34,42.99,43.19,1096500
2020-02-17 19:00:00-05:00,42.83,43.74,42.83,43.07,1334200
2020-02-18 19:00:00-05:00,43.22,44.47,43.17,43.84,1979300
2020-02-19 19:00:00-05:00,43.65,44.61,43.33,44.47,2320000
2020-02-20 19:00:00-05:00,44.37,44.44,43.45,43.89,2082200
2020-02-23 19:00:00-05:00,41.86,43.03,41.53,42.63,1761400
2020-02-24 19:00:00-05:00,42.86,43.03,40.56,40.93,1967600
2020-02-25 19:00:00-05:00,41.00,41.59,40.16,40.39,1442200
2020-02-26 19:00:00-05:00,39.42,40.52,38.49,38.97,1910400
2020-02-27 19:00:00-05:00,37.91,39.06,37.54,38.45,2621700
2020-03-01 19:00:00-05:00,38.86,39.72,37.89,39.66,1461500
2020-03-02 19:00:00-05:00,40.00,40.92,39.00,40.02,2422300
2020-03-03 19:00:00-05:00,40.65,41.85,39.73,41.62,3722200
2020-03-04 19:00:00-05:00,42.27,44.42,41.09,42.88,5827600
2020-03-05 19:00:00-05:00,41.59,42.43,40.42,41.09,3514700
2020-03-08 20:00:00-04:00,39.29,40.00,37.90,38.72,2561900
2020-03-09 20:00:00-04:00,40.00,40.61,38.44,40.52,2499100
2020-03-10 20:00:00-04:00,39.42,40.05,38.40,38.83,2457700
2020-03-11 20:00:00-04:00,35.40,37.21,34.10,34.73,3259100
2020-03-12 20:00:00-04:00,36.82,37.02,34.13,37.02,2466800
2020-03-15 20:00:00-04:00,32.19,37.51,30.58,35.06,2979900
2020-03-16 20:00:00-04:00,35.18,39.53,35.18,39.23,2686300
2020-03-17 20:00:00-04:00,36.43,39.79,35.29,36.00,2610800
2020-03-18 20:00:00-04:00,35.53,38.20,34.33,37.52,3145300
2020-03-19 20:00:00-04:00,37.70,39.72,35.64,36.07,2585900
2020-03-22 20:00:00-04:00,35.73,36.00,32.77,34.50,2025200
2020-03-23 20:00:00-04:00,36.87,38.93,36.09,38.87,1878300
2020-03-24 20:00:00-04:00,38.85,40.00,37.66,38.57,1481900
2020-03-25 20:00:00-04:00,38.75,41.11,37.66,40.83,2090300
2020-03-26 20:00:00-04:00,39.32,40.06,38.06,39.34,2522800
2020-03-29 20:00:00-04:00,39.05,41.48,38.54,41.08,1775600
2020-03-30 20:00:00-04:00,41.09,41.13,39.53,39.81,1839000
2020-03-31 20:00:00-04:00,38.86,40.13,38.00,39.97,1808800
2020-04-01 20:00:00-04:00,40.38,41.17,39.74,40.62,2069200
2020-04-02 20:00:00-04:00,40.70,42.12,39.74,40.34,2389600
2020-04-05 20:00:00-04:00,41.56,45.33,41.20,45.03,2903000
2020-04-06 20:00:00-04:00,45.65,46.65,45.02,45.54,3576700
2020-04-07 20:00:00-04:00,45.92,46.66,44.91,46.16,1589200
2020-04-08 20:00:00-04:00,46.17,46.95,45.22,45.65,2790700
2020-04-12 20:00:00-04:00,45.40,45.48,43.69,44.43,1967600
2020-04-13 20:00:00-04:00,45.48,46.42,44.91,45.31,2097400
2020-04-14 20:00:00-04:00,44.48,45.21,43.69,43.90,1497000
2020-04-15 20:00:00-04:00,43.13,44.76,42.61,44.61,2079200
2020-04-16 20:00:00-04:00,45.65,45.65,43.46,44.20,2217100
2020-04-19 20:00:00-04:00,43.99,47.28,43.71,46.35,2835000
2020-04-20 20:00:00-04:00,46.09,46.11,43.81,44.03,2279000
2020-04-21 20:00:00-04:00,45.17,45.28,44.51,44.73,1257600
2020-04-22 20:00:00-04:00,44.76,45.83,44.66,44.76,1206400
2020-04-23 20:00:00-04:00,45.14,46.78,45.07,46.58,2194900
2020-04-26 20:00:00-04:00,47.00,49.14,46.83,48.92,2905700
2020-04-27 20:00:00-04:00,49.19,49.91,46.93,46.99,2418900
2020-04-28 20:00:00-04:00,47.73,47.94,46.27,47.13,2539900
2020-04-29 20:00:00-04:00,47.17,47.19,45.67,46.25,2284200
2020-04-30 20:00:00-04:00,45.62,46.79,45.32,46.34,2000800
2020-05-03 20:00:00-04:00,46.05,47.10,45.83,46.83,1730500
2020-05-04 20:00:00-04:00,46.81,47.76,46.31,47.30,1938200
2020-05-05 20:00:00-04:00,47.49,47.62,45.73,45.74,1438900
2020-05-06 20:00:00-04:00,46.61,47.04,46.08,46.57,1320600
2020-05-07 20:00:00-04:00,47.33,47.99,46.78,47.96,1242000
2020-05-10 20:00:00-04:00,47.72,48.85,47.62,48.53,1443400
2020-05-11 20:00:00-04:00,49.10,49.32,48.05,48.09,1783500
2020-05-12 20:00:00-04:00,46.70,47.88,46.14,46.76,2129600
2020-05-13 20:00:00-04:00,46.63,47.10,46.14,46.83,1171400
2020-05-14 20:00:00-04:00,46.33,49.75,46.33,49.65,2972300
2020-05-17 20:00:00-04:00,50.35,51.90,50.22,51.36,2811700
2020-05-18 20:00:00-04:00,51.69,52.15,51.00,51.17,1354300
2020-05-19 20:00:00-04:00,51.94,53.36,51.79,52.95,1608200
2020-05-20 20:00:00-04:00,53.00,53.13,51.56,51.72,1888100
2020-05-21 20:00:00-04:00,51.87,52.89,51.63,52.81,1288100
2020-05-25 20:00:00-04:00,54.74,54.76,53.67,53.91,1987900
2020-05-26 20:00:00-04:00,54.25,55.65,52.86,55.57,2259300
2020-05-27 20:00:00-04:00,56.00,56.76,54.78,54.79,2550300
2020-05-28 20:00:00-04:00,55.00,55.32,53.81,55.26,3389000
2020-05-31 20:00:00-04:00,55.27,56.04,54.59,56.00,2899800
2020-06-01 20:00:00-04:00,56.25,56.88,55.16,55.67,2902100
2020-06-02 20:00:00-04:00,55.78,57.19,55.68,56.31,3833800
2020-06-03 20:00:00-04:00,55.74,56.49,52.91,53.94,3969000
2020-06-04 20:00:00-04:00,55.00,55.79,53.63,54.29,2865500
2020-06-07 20:00:00-04:00,54.00,54.52,53.40,54.51,2045000
2020-06-08 20:00:00-04:00,54.50,55.32,53.82,55.09,1773600
2020-06-09 20:00:00-04:00,55.20,55.36,54.35,54.93,1729100
2020-06-10 20:00:00-04:00,53.62,53.74,52.21,52.21,1766500
2020-06-11 20:00:00-04:00,53.24,53.78,51.57,52.76,1654000
2020-06-14 20:00:00-04:00,51.81,53.84,51.31,53.75,1558500
2020-06-15 20:00:00-04:00,55.06,55.38,53.75,54.40,1624800
2020-06-16 20:00:00-04:00,54.62,54.72,53.52,53.62,1520900
2020-06-17 20:00:00-04:00,53.62,53.69,52.88,53.36,1771300
2020-06-18 20:00:00-04:00,53.89,54.45,53.03,53.62,1984000
2020-06-21 20:00:00-04:00,53.62,54.37,52.93,54.15,1127800
2020-06-22 20:00:00-04:00,54.93,54.96,53.95,54.08,1049500
2020-06-23 20:00:00-04:00,54.00,54.34,52.69,53.22,1746000
2020-06-24 20:00:00-04:00,53.17,53.43,52.45,53.36,1532900
2020-06-25 20:00:00-04:00,53.37,53.78,52.80,53.47,2195900
2020-06-28 20:00:00-04:00,53.69,53.85,52.61,53.15,1804100
2020-06-29 20:00:00-04:00,53.29,54.54,53.20,54.16,1626000
2020-06-30 20:00:00-04:00,54.42,54.42,53.59,53.59,1280200
2020-07-01 20:00:00-04:00,54.18,54.18,53.16,53.26,1100300
2020-07-05 20:00:00-04:00,54.25,57.53,54.07,56.57,4118300
2020-07-06 20:00:00-04:00,56.37,56.94,55.70,55.90,2109100
2020-07-07 20:00:00-04:00,56.05,56.52,55.20,55.51,1514200
2020-07-08 20:00:00-04:00,56.04,56.61,55.43,56.16,1596200
2020-07-09 20:00:00-04:00,55.97,56.15,54.27,54.97,1723200
2020-07-12 20:00:00-04:00,55.71,55.89,52.18,52.36,2629300
2020-07-13 20:00:00-04:00,52.24,53.43,51.93,52.97,2001100
2020-07-14 20:00:00-04:00,54.07,54.44,52.98,53.46,2022000
2020-07-15 20:00:00-04:00,52.99,53.11,52.27,52.85,1318300
2020-07-16 20:00:00-04:00,53.70,54.86,53.33,54.60,1722300
2020-07-19 20:00:00-04:00,54.62,54.80,53.78,54.35,2190100
2020-07-20 20:00:00-04:00,56.00,56.20,54.48,54.52,1566400
2020-07-21 20:00:00-04:00,54.44,54.95,53.81,54.95,1189300
2020-07-22 20:00:00-04:00,54.97,55.96,54.71,55.17,1060600
2020-07-23 20:00:00-04:00,54.92,56.85,54.78,56.72,2618200
2020-07-26 20:00:00-04:00,57.07,59.27,57.05,58.92,2909200
2020-07-27 20:00:00-04:00,58.77,58.98,57.52,57.59,1445200
2020-07-28 20:00:00-04:00,58.38,59.82,58.20,59.45,1905500
2020-07-29 20:00:00-04:00,58.84,59.40,58.43,59.11,1536100
2020-07-30 20:00:00-04:00,59.32,59.63,58.50,59.51,1320700
2020-08-02 20:00:00-04:00,60.00,60.44,59.52,59.93,1578100
2020-08-03 20:00:00-04:00,60.00,60.40,59.35,60.39,935700
2020-08-04 20:00:00-04:00,60.41,60.50,59.60,59.92,1156100
2020-08-05 20:00:00-04:00,60.19,60.98,59.61,60.95,1484800
2020-08-06 20:00:00-04:00,60.88,61.52,60.62,60.99,1271700
2020-08-09 20:00:00-04:00,61.25,61.35,60.29,60.56,1659200
2020-08-10 20:00:00-04:00,60.63,61.37,60.13,60.17,1325000
2020-08-11 20:00:00-04:00,60.02,60.86,59.46,60.55,801000
2020-08-12 20:00:00-04:00,60.28,61.45,60.12,60.68,954700
2020-08-13 20:00:00-04:00,60.44,60.78,59.37,59.74,1276200
2020-08-16 20:00:00-04:00,60.00,60.18,59.10,59.45,1273300
2020-08-17 20:00:00-04:00,59.40,59.89,58.62,59.08,2123500
2020-08-18 20:00:00-04:00,59.36,60.35,59.26,59.84,1081100
2020-08-19 20:00:00-04:00,59.42,60.18,59.29,59.88,1063500
2020-08-20 20:00:00-04:00,60.00,60.19,59.52,59.86,866400
2020-08-23 20:00:00-04:00,60.44,60.64,59.46,59.60,1181300
2020-08-24 20:00:00-04:00,59.41,59.46,56.63,57.09,2882100
2020-08-25 20:00:00-04:00,57.76,57.83,56.39,56.93,1753900
2020-08-26 20:00:00-04:00,57.24,57.29,55.18,55.99,2225000
2020-08-27 20:00:00-04:00,56.17,57.11,55.88,56.03,1208800
2020-08-30 20:00:00-04:00,56.56,56.92,56.02,56.77,1527200
2020-08-31 20:00:00-04:00,57.33,58.62,56.95,58.60,2634700
2020-09-01 20:00:00-04:00,59.32,60.31,58.40,60.07,2511600
2020-09-02 20:00:00-04:00,46.60,47.00,42.25,45.46,6199150
2020-09-03 20:00:00-04:00,45.16,45.78,42.42,44.28,6199150
2020-09-07 20:00:00-04:00,43.58,43.96,41.86,42.08,4833300
2020-09-08 20:00:00-04:00,42.86,42.96,41.28,41.97,5626000
2020-09-09 20:00:00-04:00,42.05,43.25,40.55,40.58,5179100
2020-09-10 20:00:00-04:00,40.91,41.97,40.90,41.55,2571100
2020-09-13 20:00:00-04:00,42.13,42.79,41.60,42.57,3045600
2020-09-14 20:00:00-04:00,43.00,43.28,41.38,41.62,1841200
2020-09-15 20:00:00-04:00,41.86,42.35,41.38,41.43,2002200
2020-09-16 20:00:00-04:00,40.75,41.35,40.52,41.13,1538300
2020-09-17 20:00:00-04:00,41.33,41.69,40.41,41.03,2883700
2020-09-20 20:00:00-04:00,40.40,40.78,40.02,40.59,1747300
2020-09-21 20:00:00-04:00,41.00,41.20,40.43,41.11,1445700
2020-09-22 20:00:00-04:00,40.79,40.97,38.94,39.29,2988700
2020-09-23 20:00:00-04:00,39.12,39.38,38.20,38.82,2996100
2020-09-24 20:00:00-04:00,39.11,39.41,38.54,39.32,2507600
2020-09-27 20:00:00-04:00,39.91,40.15,39.50,39.78,1440000
2020-09-28 20:00:00-04:00,39.78,40.47,39.64,39.99,1476700
2020-09-29 20:00:00-04:00,39.85,40.42,39.37,39.69,1410300
2020-09-30 20:00:00-04:00,39.85,40.16,39.07,39.74,1492700
2020-10-01 20:00:00-04:00,39.03,40.38,39.01,40.12,1646400
2020-10-04 20:00:00-04:00,40.56,41.41,40.45,41.36,1891600
2020-10-05 20:00:00-04:00,41.30,41.94,40.92,41.14,2946400
2020-10-06 20:00:00-04:00,41.50,41.95,41.12,41.88,2007500
2020-10-07 20:00:00-04:00,42.27,42.86,41.83,42.38,2228700
2020-10-08 20:00:00-04:00,42.85,43.25,42.25,43.03,2285300
2020-10-11 20:00:00-04:00,43.22,43.40,42.16,42.73,2451600
2020-10-12 20:00:00-04:00,42.65,42.72,41.67,41.68,1672800
2020-10-13 20:00:00-04:00,41.92,42.57,41.67,42.07,1801200
2020-10-14 20:00:00-04:00,41.52,42.26,41.35,42.11,1768200
2020-10-15 20:00:00-04:00,42.36,42.39,41.77,41.81,1182000
2020-10-18 20:00:00-04:00,42.00,42.05,41.19,41.27,1277900
2020-10-19 20:00:00-04:00,41.58,41.62,40.74,40.75,1361300
2020-10-20 20:00:00-04:00,41.83,41.88,40.96,41.01,1981400
2020-10-21 20:00:00-04:00,41.11,41.72,40.97,41.49,1368900
2020-10-22 20:00:00-04:00,41.49,41.70,40.77,41.24,1363400
2020-10-25 20:00:00-04:00,41.07,41.39,40.05,40.57,1396500
2020-10-26 20:00:00-04:00,40.67,40.67,39.52,39.54,1720800
2020-10-27 20:00:00-04:00,38.93,39.20,38.36,38.44,1666500
2020-10-28 20:00:00-04:00,38.30,38.86,38.03,38.81,1779000
2020-10-29 20:00:00-04:00,38.61,39.65,38.61,39.39,2348400
2020-11-01 19:00:00-05:00,39.84,40.14,38.47,39.15,1626000
2020-11-02 19:00:00-05:00,39.62,40.33,39.37,39.65,1204100
2020-11-03 19:00:00-05:00,40.00,40.59,39.50,39.71,1269500
2020-11-04 19:00:00-05:00,40.47,41.48,40.14,41.30,1591900
2020-11-05 19:00:00-05:00,41.69,42.38,41.14,42.30,1607400
2020-11-08 19:00:00-05:00,43.24,44.70,42.81,42.87,2593600
2020-11-09 19:00:00-05:00,42.74,43.58,42.42,43.12,2157500
2020-11-10 19:00:00-05:00,43.58,43.59,42.14,42.90,1122700
2020-11-11 19:00:00-05:00,42.85,43.40,42.13,42.48,1349300
2020-11-12 19:00:00-05:00,43.29,43.75,42.88,43.55,1088700
2020-11-15 19:00:00-05:00,43.76,44.53,43.76,44.13,1492200
2020-11-16 19:00:00-05:00,43.82,44.41,43.40,44.04,929400
2020-11-17 19:00:00-05:00,42.59,42.89,41.78,42.36,4027900
2020-11-18 19:00:00-05:00,42.17,42.53,41.63,42.53,2105100
2020-11-19 19:00:00-05:00,42.69,42.87,42.08,42.10,1956100
2020-11-22 19:00:00-05:00,42.51,43.38,42.17,43.36,1632900
2020-11-23 19:00:00-05:00,43.57,44.11,43.21,43.99,1650900
2020-11-24 19:00:00-05:00,44.18,44.60,43.70,44.29,1387200
2020-11-26 19:00:00-05:00,44.53,44.69,43.98,44.47,664600
2020-11-29 19:00:00-05:00,44.51,44.90,44.03,44.80,1552900
2020-11-30 19:00:00-05:00,45.08,45.60,44.45,45.44,2031300
2020-12-01 19:00:00-05:00,45.19,45.69,45.00,45.67,1362000
2020-12-02 19:00:00-05:00,45.61,46.63,45.12,46.50,1711500
2020-12-03 19:00:00-05:00,46.52,47.12,46.45,46.98,1729600
2020-12-06 19:00:00-05:00,47.00,48.56,46.93,48.47,1909600
2020-12-07 19:00:00-05:00,47.99,48.53,47.69,48.29,1883600
2020-12-08 19:00:00-05:00,48.44,48.61,46.56,47.18,3508300
2020-12-09 19:00:00-05:00,46.04,46.69,43.63,46.10,5758200
2020-12-10 19:00:00-05:00,45.67,48.17,45.63,47.81,2940400
2020-12-13 19:00:00-05:00,48.10,48.30,47.46,47.83,2147300
2020-12-14 19:00:00-05:00,48.40,49.25,48.02,48.55,2352100
2020-12-15 19:00:00-05:00,48.41,49.14,48.02,48.44,2291800
2020-12-16 19:00:00-05:00,48.36,49.18,48.21,49.07,1720500
2020-12-17 19:00:00-05:00,49.15,51.43,49.07,51.36,5209800
2020-12-20 19:00:00-05:00,50.29,51.57,50.29,51.39,2014100
2020-12-21 19:00:00-05:00,51.11,52.43,51.11,52.19,1422000
2020-12-22 19:00:00-05:00,51.93,52.83,51.85,52.50,1110300
2020-12-23 19:00:00-05:00,52.76,53.30,52.52,53.25,753300
2020-12-27 19:00:00-05:00,53.76,54.05,53.29,53.47,1706200
2020-12-28 19:00:00-05:00,53.51,53.59,52.02,52.31,1851500
2020-12-29 19:00:00-05:00,52.55,52.92,52.06,52.49,1002800
2020-12-30 19:00:00-05:00,52.49,52.98,52.15,52.85,1218900
2021-01-03 19:00:00-05:00,52.94,53.05,51.12,51.18,2437000
2021-01-04 19:00:00-05:00,51.08,51.72,50.84,51.21,1628500
2021-01-05 19:00:00-05:00,51.13,52.09,51.06,51.45,2259800
2021-01-06 19:00:00-05:00,51.79,52.45,51.60,52.39,1264800
2021-01-07 19:00:00-05:00,52.84,53.44,52.54,52.93,1145800
2021-01-10 19:00:00-05:00,52.24,53.79,52.09,52.79,1526800
2021-01-11 19:00:00-05:00,52.72,54.28,52.70,54.20,1087600
2021-01-12 19:00:00-05:00,54.86,55.32,53.13,53.20,1352900
2021-01-13 19:00:00-05:00,53.60,54.77,53.40,54.46,1190000
2021-01-14 19:00:00-05:00,54.37,54.62,53.31,53.31,1079300
2021-01-18 19:00:00-05:00,53.45,53.71,52.52,52.62,1203200
2021-01-19 19:00:00-05:00,53.03,53.21,52.13,52.84,1072600
2021-01-20 19:00:00-05:00,54.95,54.98,53.78,54.60,1764900
2021-01-21 19:00:00-05:00,54.16,55.39,54.15,55.03,1217200
2021-01-24 19:00:00-05:00,55.22,56.32,54.59,55.00,1138100
2021-01-25 19:00:00-05:00,54.98,55.45,54.38,55.12,1095200
2021-01-26 19:00:00-05:00,54.64,56.99,53.86,56.51,2040400
2021-01-27 19:00:00-05:00,56.02,56.10,53.35,54.07,2728300
2021-01-28 19:00:00-05:00,53.63,54.89,52.98,53.39,2591200
2021-01-31 19:00:00-05:00,53.79,55.15,52.92,54.86,1539000
2021-02-01 19:00:00-05:00,54.99,55.06,53.19,53.74,2331700
2021-02-02 19:00:00-05:00,53.79,54.23,53.01,54.03,1464300
2021-02-03 19:00:00-05:00,54.25,55.32,54.11,54.90,666100
2021-02-04 19:00:00-05:00,55.28,55.50,54.84,55.33,774800
2021-02-07 19:00:00-05:00,55.64,56.56,55.41,56.26,699600
2021-02-08 19:00:00-05:00,56.23,56.30,55.39,55.80,711700
2021-02-09 19:00:00-05:00,55.87,56.19,55.00,55.49,807600
2021-02-10 19:00:00-05:00,55.95,56.11,55.43,55.65,837500
2021-02-11 19:00:00-05:00,55.62,56.59,55.35,56.22,697300
2021-02-15 19:00:00-05:00,56.10,56.50,55.52,55.62,750200
2021-02-16 19:00:00-05:00,55.58,55.83,54.44,55.21,1477300
2021-02-17 19:00:00-05:00,54.96,55.24,54.06,54.48,971400
2021-02-18 19:00:00-05:00,54.90,55.35,54.37,54.40,1221500
2021-02-21 19:00:00-05:00,54.09,54.98,53.84,54.49,1300300
2021-02-22 19:00:00-05:00,54.20,54.46,52.20,54.22,1460900
2021-02-23 19:00:00-05:00,53.97,54.25,52.87,52.89,2264800
2021-02-24 19:00:00-05:00,52.91,53.21,51.20,51.85,1424800
2021-02-25 19:00:00-05:00,52.47,52.78,51.30,52.17,1243600
2021-02-28 19:00:00-05:00,52.68,53.38,52.29,53.02,1331400
2021-03-01 19:00:00-05:00,53.08,53.50,51.32,51.54,1972300
2021-03-02 19:00:00-05:00,51.66,51.71,50.55,50.56,2276100
2021-03-03 19:00:00-05:00,52.14,53.48,48.74,48.87,4299000
2021-03-04 19:00:00-05:00,49.21,50.20,47.52,49.55,2513400
2021-03-07 19:00:00-05:00,49.37,50.30,49.03,49.20,1563700
2021-03-08 19:00:00-05:00,49.99,51.05,49.79,50.48,1295600
2021-03-09 19:00:00-05:00,51.11,51.36,50.29,50.85,934300
2021-03-10 19:00:00-05:00,53.20,54.48,52.41,53.26,2134200
2021-03-11 19:00:00-05:00,52.73,54.44,52.73,54.34,1377400
2021-03-14 20:00:00-04:00,54.56,56.40,54.56,56.37,1363500
2021-03-15 20:00:00-04:00,56.36,57.57,56.28,57.24,1166100
2021-03-16 20:00:00-04:00,56.74,57.35,56.28,56.92,1428100
2021-03-17 20:00:00-04:00,55.95,56.91,55.12,55.25,934000
2021-03-18 20:00:00-04:00,55.46,55.95,54.73,55.42,1817200
2021-03-21 20:00:00-04:00,55.43,56.23,55.25,55.71,842200
2021-03-22 20:00:00-04:00,55.70,55.79,53.47,53.94,1289000
2021-03-23 20:00:00-04:00,53.94,54.12,52.49,52.51,960600
2021-03-24 20:00:00-04:00,52.38,54.00,51.99,53.81,1161000
2021-03-25 20:00:00-04:00,54.11,55.64,53.82,55.61,1426400
2021-03-28 20:00:00-04:00,55.47,56.44,54.57,54.91,1013000
2021-03-29 20:00:00-04:00,54.32,54.96,53.77,54.71,799200
2021-03-30 20:00:00-04:00,54.85,55.18,54.24,54.72,1314000
2021-03-31 20:00:00-04:00,54.98,56.63,54.80,56.60,1004500
2021-04-04 20:00:00-04:00,56.95,57.46,56.61,56.79,842800
2021-04-05 20:00:00-04:00,56.49,56.50,55.54,55.90,1085600
2021-04-06 20:00:00-04:00,55.97,56.15,55.46,56.00,729800
2021-04-07 20:00:00-04:00,56.59,56.82,55.65,56.63,1154100
2021-04-08 20:00:00-04:00,56.59,56.80,56.14,56.46,933900
2021-04-11 20:00:00-04:00,56.22,57.65,55.92,56.20,783200
2021-04-12 20:00:00-04:00,56.20,56.30,55.59,56.06,762700
2021-04-13 20:00:00-04:00,56.21,56.64,55.76,55.92,1273300
2021-04-14 20:00:00-04:00,56.25,56.97,56.18,56.48,1120600
2021-04-15 20:00:00-04:00,56.75,57.23,56.41,56.87,1098700
2021-04-18 20:00:00-04:00,56.59,56.85,54.63,54.88,1894600
2021-04-19 20:00:00-04:00,54.78,55.17,53.27,54.17,1705200
2021-04-20 20:00:00-04:00,54.53,55.37,54.30,54.92,1115700
2021-04-21 20:00:00-04:00,54.83,55.06,53.84,53.85,886600
2021-04-22 20:00:00-04:00,54.00,54.71,53.65,54.46,886700
2021-04-25 20:00:00-04:00,54.60,54.72,53.96,54.31,1523100
2021-04-26 20:00:00-04:00,54.14,54.31,52.83,52.91,1381600
2021-04-27 20:00:00-04:00,52.76,52.91,51.76,52.06,1589700
2021-04-28 20:00:00-04:00,52.41,52.85,52.00,52.75,1112800
2021-04-29 20:00:00-04:00,52.35,52.43,50.28,50.47,2128000
2021-05-02 20:00:00-04:00,50.64,51.83,50.61,51.36,1068400
2021-05-03 20:00:00-04:00,51.00,51.07,49.62,50.70,2140600
2021-05-04 20:00:00-04:00,51.06,51.63,50.60,51.35,1372300
2021-05-05 20:00:00-04:00,51.18,52.91,51.10,52.85,2000800
2021-05-06 20:00:00-04:00,53.21,54.15,52.75,53.87,1207300
2021-05-09 20:00:00-04:00,53.90,54.34,53.35,53.52,1393200
2021-05-10 20:00:00-04:00,52.48,53.87,52.13,53.68,1185500
2021-05-11 20:00:00-04:00,52.73,53.00,49.51,49.52,2410700
2021-05-12 20:00:00-04:00,49.87,51.02,49.57,50.64,1455400
2021-05-13 20:00:00-04:00,50.89,52.02,50.50,51.74,1068600
2021-05-16 20:00:00-04:00,51.26,52.37,51.26,52.06,948500
2021-05-17 20:00:00-04:00,52.31,52.87,51.95,52.03,1483100
2021-05-18 20:00:00-04:00,51.13,52.19,51.01,51.90,1111600
2021-05-19 20:00:00-04:00,51.91,53.66,51.67,53.41,1592000
2021-05-20 20:00:00-04:00,53.78,54.06,52.80,52.90,743400
2021-05-23 20:00:00-04:00,53.26,54.06,53.15,53.46,877600
2021-05-24 20:00:00-04:00,53.59,53.88,52.95,53.00,1109300
2021-05-25 20:00:00-04:00,52.97,53.32,52.70,52.96,807400
2021-05-26 20:00:00-04:00,52.99,53.92,52.81,52.94,1075300
2021-05-27 20:00:00-04:00,53.11,53.33,52.42,52.87,1304600
2021-05-31 20:00:00-04:00,53.11,53.50,52.50,53.50,1585900
2021-06-01 20:00:00-04:00,53.71,54.43,53.42,54.41,2250100
2021-06-02 20:00:00-04:00,57.95,59.50,57.95,58.38,5760000
2021-06-03 20:00:00-04:00,58.74,60.63,58.58,60.01,3165500
2021-06-06 20:00:00-04:00,60.00,60.81,59.80,60.77,1872600
2021-06-07 20:00:00-04:00,60.88,61.09,60.27,60.47,1243500
2021-06-08 20:00:00-04:00,60.50,60.98,60.04,60.08,1600500
2021-06-09 20:00:00-04:00,60.46,60.46,58.83,59.01,1517600
2021-06-10 20:00:00-04:00,59.16,59.31,58.40,58.89,1189200
2021-06-13 20:00:00-04:00,58.74,58.82,57.72,58.20,1196700
2021-06-14 20:00:00-04:00,57.95,58.17,57.33,57.63,1171300
2021-06-15 20:00:00-04:00,57.61,57.78,57.00,57.54,1620600
2021-06-16 20:00:00-04:00,57.26,57.83,56.60,56.82,1181900
2021-06-17 20:00:00-04:00,56.39,56.58,55.48,56.15,2225600
2021-06-20 20:00:00-04:00,56.16,57.37,55.97,57.11,1239400
2021-06-21 20:00:00-04:00,57.04,57.97,56.92,57.71,1764400
2021-06-22 20:00:00-04:00,57.62,57.91,57.18,57.18,1019200
2021-06-23 20:00:00-04:00,57.80,58.06,57.04,57.65,1099900
2021-06-24 20:00:00-04:00,57.81,58.48,57.72,58.14,1847800
2021-06-27 20:00:00-04:00,58.15,58.38,57.39,57.53,895200
2021-06-28 20:00:00-04:00,57.67,57.74,56.91,57.32,629100
2021-06-29 20:00:00-04:00,57.25,57.40,56.56,56.89,1105300
2021-06-30 20:00:00-04:00,57.13,58.44,57.13,57.80,1361300
2021-07-01 20:00:00-04:00,57.95,58.13,57.50,57.92,643100
2021-07-05 20:00:00-04:00,58.27,58.38,57.16,57.73,843700
2021-07-06 20:00:00-04:00,57.82,58.02,56.22,56.80,1074200
2021-07-07 20:00:00-04:00,55.98,57.19,55.44,56.48,878200
2021-07-08 20:00:00-04:00,56.88,57.78,56.88,57.66,933100
2021-07-11 20:00:00-04:00,57.88,57.96,56.44,56.76,991900
2021-07-12 20:00:00-04:00,57.05,57.23,56.48,56.86,937400
2021-07-13 20:00:00-04:00,57.10,57.49,56.77,56.96,660500
2021-07-14 20:00:00-04:00,56.70,57.00,56.11,56.49,630400
2021-07-15 20:00:00-04:00,56.51,56.70,54.99,55.05,1483300
2021-07-18 20:00:00-04:00,54.16,54.46,53.66,54.15,1686300
2021-07-19 20:00:00-04:00,54.50,54.88,54.05,54.54,1416400
2021-07-20 20:00:00-04:00,54.77,55.72,54.32,55.55,1287800
2021-07-21 20:00:00-04:00,55.54,55.59,54.78,55.42,665600
2021-07-22 20:00:00-04:00,55.71,56.39,55.25,56.21,748000
2021-07-25 20:00:00-04:00,56.12,56.97,56.10,56.61,807000
2021-07-26 20:00:00-04:00,56.50,56.55,55.65,56.45,699000
2021-07-27 20:00:00-04:00,56.28,57.14,56.09,56.79,676200
2021-07-28 20:00:00-04:00,57.19,58.31,57.10,57.78,650500
2021-07-29 20:00:00-04:00,57.49,58.32,57.31,58.14,756200
2021-08-01 20:00:00-04:00,58.48,58.85,57.76,57.83,739700
2021-08-02 20:00:00-04:00,57.85,58.44,57.37,58.29,680200
2021-08-03 20:00:00-04:00,58.00,58.15,56.93,56.95,740900
2021-08-04 20:00:00-04:00,56.87,57.10,56.47,56.80,517600
2021-08-05 20:00:00-04:00,56.87,57.34,56.80,56.86,428800
2021-08-08 20:00:00-04:00,56.76,57.46,56.60,56.86,394000
2021-08-09 20:00:00-04:00,56.94,57.01,56.23,56.45,918100
2021-08-10 20:00:00-04:00,56.54,56.89,55.83,56.46,892200
2021-08-11 20:00:00-04:00,56.50,56.54,55.61,56.11,801400
2021-08-12 20:00:00-04:00,56.34,56.39,55.81,55.92,569900
2021-08-15 20:00:00-04:00,55.75,56.05,55.36,55.99,737700
2021-08-16 20:00:00-04:00,55.74,55.84,54.96,55.40,1117200
2021-08-17 20:00:00-04:00,55.60,55.95,54.73,54.79,1430200
2021-08-18 20:00:00-04:00,54.44,55.16,54.26,54.96,982400
2021-08-19 20:00:00-04:00,54.90,55.16,54.58,54.99,2361500
2021-08-22 20:00:00-04:00,55.17,55.88,54.97,55.86,2475500
2021-08-23 20:00:00-04:00,56.19,56.33,55.87,56.27,1577800
2021-08-24 20:00:00-04:00,56.35,57.48,56.10,56.75,918400
2021-08-25 20:00:00-04:00,56.89,57.05,56.28,56.72,765500
2021-08-26 20:00:00-04:00,56.87,57.42,56.62,57.18,1218900
2021-08-29 20:00:00-04:00,57.48,57.78,57.10,57.24,890100
2021-08-30 20:00:00-04:00,57.24,57.43,56.83,57.13,1016900
2021-08-31 20:00:00-04:00,57.14,57.35,56.24,56.88,1685300
2021-09-01 20:00:00-04:00,56.98,58.58,56.00,58.51,2999500
2021-09-02 20:00:00-04:00,58.20,58.35,56.27,56.92,2456300
2021-09-06 20:00:00-04:00,56.73,56.98,55.55,55.63,1391300
2021-09-07 20:00:00-04:00,55.57,57.07,55.50,56.25,1657500
2021-09-08 20:00:00-04:00,56.32,56.52,55.45,55.49,935700
2021-09-09 20:00:00-04:00,55.51,55.70,53.86,53.91,1440000
2021-09-12 20:00:00-04:00,54.26,54.66,53.99,54.32,1086100
2021-09-13 20:00:00-04:00,54.38,54.39,52.85,52.96,1096700
2021-09-14 20:00:00-04:00,53.00,53.74,52.60,53.38,1604400
2021-09-15 20:00:00-04:00,53.48,54.14,53.01,53.78,1151400
2021-09-16 20:00:00-04:00,53.83,53.83,52.91,53.14,2714200
2021-09-19 20:00:00-04:00,52.19,52.40,51.29,51.68,1415400
2021-09-20 20:00:00-04:00,51.91,52.03,50.34,50.84,1347700
2021-09-21 20:00:00-04:00,51.09,51.66,50.85,50.90,1232700
2021-09-22 20:00:00-04:00,50.96,52.05,50.96,51.71,992000
2021-09-23 20:00:00-04:00,51.55,52.22,51.21,52.02,879600
2021-09-26 20:00:00-04:00,52.01,52.79,51.94,52.54,772100
2021-09-27 20:00:00-04:00,52.41,52.50,51.26,51.35,901500
2021-09-28 20:00:00-04:00,51.54,52.22,51.25,51.32,880400
2021-09-29 20:00:00-04:00,51.60,51.84,51.03,51.35,1096800
2021-09-30 20:00:00-04:00,51.64,52.66,51.16,52.23,1086300
2021-10-03 20:00:00-04:00,52.20,52.46,51.52,51.73,770800
2021-10-04 20:00:00-04:00,51.91,52.74,51.52,51.94,804700
2021-10-05 20:00:00-04:00,51.54,52.10,51.01,51.90,872300
2021-10-06 20:00:00-04:00,52.37,53.18,52.32,52.81,647700
2021-10-07 20:00:00-04:00,53.00,53.06,52.30,52.60,509400
2021-10-10 20:00:00-04:00,52.77,52.98,52.33,52.34,424600
2021-10-11 20:00:00-04:00,52.25,52.56,51.85,51.90,613500
2021-10-12 20:00:00-04:00,51.93,52.31,51.63,52.03,452600
2021-10-13 20:00:00-04:00,52.35,53.60,52.35,53.46,528300
2021-10-14 20:00:00-04:00,53.30,53.58,52.05,52.25,1178700
2021-10-17 20:00:00-04:00,52.05,52.55,51.83,52.23,534800
2021-10-18 20:00:00-04:00,52.21,52.80,52.06,52.72,467200
2021-10-19 20:00:00-04:00,52.87,53.48,52.83,52.95,552800
2021-10-20 20:00:00-04:00,52.81,53.46,52.71,53.46,584600
2021-10-21 20:00:00-04:00,53.33,53.71,52.51,52.67,656700
2021-10-24 20:00:00-04:00,52.52,52.70,51.66,51.75,856000
2021-10-25 20:00:00-04:00,52.25,53.90,52.10,52.47,1313000
2021-10-26 20:00:00-04:00,53.00,54.35,52.55,53.66,1047100
2021-10-27 20:00:00-04:00,53.66,54.55,53.66,54.34,835100
2021-10-28 20:00:00-04:00,54.09,54.94,54.00,54.29,938800
2021-10-31 20:00:00-04:00,54.29,55.86,54.29,55.26,937900
2021-11-01 20:00:00-04:00,57.60,60.82,57.58,59.16,2442200
2021-11-02 20:00:00-04:00,59.20,60.25,58.68,60.20,1106600
2021-11-03 20:00:00-04:00,60.05,61.46,59.95,60.82,930900
2021-11-04 20:00:00-04:00,61.35,61.65,60.35,60.50,1253700
2021-11-07 19:00:00-05:00,60.70,61.29,60.08,60.16,1137500
2021-11-08 19:00:00-05:00,60.07,60.86,59.32,60.63,1173700
2021-11-09 19:00:00-05:00,60.63,61.80,60.16,60.50,918500
2021-11-10 19:00:00-05:00,60.74,61.36,60.24,60.86,614300
2021-11-11 19:00:00-05:00,61.10,61.72,60.99,61.41,507000
2021-11-14 19:00:00-05:00,61.44,62.19,61.34,61.55,580300
2021-11-15 19:00:00-05:00,61.55,62.56,61.32,62.03,864100
2021-11-16 19:00:00-05:00,61.99,62.08,60.88,61.75,1317900
2021-11-17 19:00:00-05:00,61.19,61.64,60.28,61.46,862300
2021-11-18 19:00:00-05:00,61.28,61.29,60.39,60.77,972500
2021-11-21 19:00:00-05:00,60.76,61.67,60.36,60.37,1017800
2021-11-22 19:00:00-05:00,60.07,60.61,59.50,60.29,1010500
2021-11-23 19:00:00-05:00,60.35,61.52,60.12,61.29,833900
2021-11-25 19:00:00-05:00,60.30,61.23,60.07,60.74,1144400
2021-11-28 19:00:00-05:00,61.43,62.30,60.94,61.69,1408400
2021-11-29 19:00:00-05:00,61.15,61.50,59.89,60.23,1545700
2021-11-30 19:00:00-05:00,61.16,62.30,59.92,59.97,1525400
2021-12-01 19:00:00-05:00,60.00,61.94,59.97,61.68,1672300
2021-12-02 19:00:00-05:00,61.95,62.40,60.41,61.09,1581900
2021-12-05 19:00:00-05:00,61.69,62.41,60.82,61.18,1463600
2021-12-06 19:00:00-05:00,62.17,64.08,61.95,62.97,1617800
2021-12-07 19:00:00-05:00,62.84,63.15,61.99,62.20,1888200
2021-12-08 19:00:00-05:00,69.93,73.35,69.11,71.93,6199150
2021-12-09 19:00:00-05:00,71.90,73.67,71.20,73.35,3221000
2021-12-12 19:00:00-05:00,73.10,74.68,72.15,74.12,2444800
2021-12-13 19:00:00-05:00,74.10,75.45,73.66,73.98,1920800
2021-12-14 19:00:00-05:00,73.79,74.55,72.85,74.50,2497300
2021-12-15 19:00:00-05:00,74.62,74.85,72.81,72.95,1731600
2021-12-16 19:00:00-05:00,72.61,74.40,72.30,74.12,2467900
2021-12-19 19:00:00-05:00,73.51,74.68,73.27,74.48,1082000
2021-12-20 19:00:00-05:00,75.02,75.58,73.87,75.14,1245800
2021-12-21 19:00:00-05:00,74.91,75.99,74.38,75.73,774000
2021-12-22 19:00:00-05:00,75.87,77.01,75.81,76.00,887500
2021-12-26 19:00:00-05:00,76.41,77.53,76.33,77.24,1052700
2021-12-27 19:00:00-05:00,77.30,77.84,76.69,77.33,827600
2021-12-28 19:00:00-05:00,77.24,78.28,77.20,77.60,742200
2021-12-29 19:00:00-05:00,77.66,78.04,76.88,76.90,652500
2021-12-30 19:00:00-05:00,77.05,77.56,76.95,76.97,704500
2022-01-02 19:00:00-05:00,76.77,77.38,75.67,77.38,1361600
2022-01-03 19:00:00-05:00,76.73,77.30,74.92,75.88,2074800
2022-01-04 19:00:00-05:00,75.70,76.83,74.92,75.38,2254200
2022-01-05 19:00:00-05:00,74.71,75.82,74.12,74.38,2349300
2022-01-06 19:00:00-05:00,74.63,75.31,72.94,73.05,1340900
2022-01-09 19:00:00-05:00,72.69,75.04,72.40,74.88,1818300
2022-01-10 19:00:00-05:00,75.43,75.43,73.15,73.91,1937700
2022-01-11 19:00:00-05:00,74.00,75.06,73.06,73.32,1931800
2022-01-12 19:00:00-05:00,74.10,74.98,72.05,72.17,2004800
2022-01-13 19:00:00-05:00,71.81,72.64,70.81,71.41,1194600
2022-01-17 19:00:00-05:00,70.50,71.12,69.90,70.00,2060700
2022-01-18 19:00:00-05:00,69.99,70.80,68.14,68.21,1481600
2022-01-19 19:00:00-05:00,68.36,69.43,65.88,65.95,2309300
2022-01-20 19:00:00-05:00,65.63,66.38,64.75,64.91,1671200
2022-01-23 19:00:00-05:00,64.44,65.38,62.24,65.38,2539900
2022-01-24 19:00:00-05:00,65.00,65.03,63.42,64.63,2290200
2022-01-25 19:00:00-05:00,65.58,65.98,63.89,64.32,1402600
2022-01-26 19:00:00-05:00,64.99,65.73,63.05,63.58,1210500
2022-01-27 19:00:00-05:00,63.68,64.77,62.73,64.75,1649500
2022-01-30 19:00:00-05:00,64.58,66.43,64.37,66.31,1048200
2022-01-31 19:00:00-05:00,66.13,66.27,64.91,66.14,888300
2022-02-01 19:00:00-05:00,66.23,66.67,65.56,66.44,1707000
2022-02-02 19:00:00-05:00,65.15,65.97,64.33,64.34,2468700
2022-02-03 19:00:00-05:00,64.31,66.06,64.03,65.35,1488300
2022-02-06 19:00:00-05:00,65.11,65.51,64.71,64.77,1021000
2022-02-07 19:00:00-05:00,64.84,66.05,64.84,65.38,1168000
2022-02-08 19:00:00-05:00,65.71,66.02,65.38,65.95,1647300
2022-02-09 19:00:00-05:00,65.23,66.53,64.70,65.08,1199300
2022-02-10 19:00:00-05:00,65.35,65.70,63.52,63.82,1484100
2022-02-13 19:00:00-05:00,63.99,64.99,63.34,63.82,2008700
2022-02-14 19:00:00-05:00,64.42,68.82,64.16,68.53,4510300
2022-02-15 19:00:00-05:00,67.99,69.50,67.38,69.36,2317100
2022-02-16 19:00:00-05:00,69.06,69.80,68.70,69.03,1878400
2022-02-17 19:00:00-05:00,69.35,69.47,68.08,68.70,1175200
2022-02-21 19:00:00-05:00,68.11,69.61,67.89,68.84,2493700
2022-02-22 19:00:00-05:00,69.04,69.27,67.02,67.22,1238900
2022-02-23 19:00:00-05:00,65.22,68.16,65.00,68.01,1469600
2022-02-24 19:00:00-05:00,67.88,69.01,67.34,68.70,968100
2022-02-27 19:00:00-05:00,67.51,68.44,67.02,68.42,1586400
2022-02-28 19:00:00-05:00,68.11,68.67,66.62,67.30,1344400
2022-03-01 19:00:00-05:00,67.12,70.24,67.12,70.18,1291200
2022-03-02 19:00:00-05:00,71.01,71.06,68.55,69.06,1800700
2022-03-03 19:00:00-05:00,68.19,68.40,65.09,65.94,2957700
2022-03-06 19:00:00-05:00,64.48,64.48,58.46,58.76,4738000
2022-03-07 19:00:00-05:00,58.71,59.25,57.03,58.22,2868400
2022-03-08 19:00:00-05:00,60.18,60.46,59.09,59.37,2006800
2022-03-09 19:00:00-05:00,58.36,58.86,56.43,57.38,2705300
2022-03-10 19:00:00-05:00,57.95,57.95,54.90,54.98,2130900
2022-03-13 20:00:00-04:00,54.92,55.51,53.29,53.70,3037600
2022-03-14 20:00:00-04:00,54.15,56.87,53.97,56.61,2130500
2022-03-15 20:00:00-04:00,57.17,57.92,56.43,57.90,1666400
2022-03-16 20:00:00-04:00,57.48,58.77,57.37,58.63,988400
2022-03-17 20:00:00-04:00,58.43,60.21,58.43,60.10,2761500
2022-03-20 20:00:00-04:00,60.00,60.39,58.70,59.27,1519100
2022-03-21 20:00:00-04:00,59.66,60.20,59.20,59.60,1129400
2022-03-22 20:00:00-04:00,59.11,59.25,57.72,57.85,1441600
2022-03-23 20:00:00-04:00,58.88,60.71,58.50,60.34,1207500
2022-03-24 20:00:00-04:00,60.33,60.81,59.59,60.51,1339400
2022-03-27 20:00:00-04:00,60.05,60.69,59.85,60.62,669700
2022-03-28 20:00:00-04:00,61.00,61.98,60.71,61.90,1185500
2022-03-29 20:00:00-04:00,61.90,61.90,60.92,61.36,941700
2022-03-30 20:00:00-04:00,61.14,61.63,60.62,60.63,1024700
2022-03-31 20:00:00-04:00,61.00,61.74,60.60,61.04,1379600
2022-04-03 20:00:00-04:00,61.08,61.78,61.04,61.74,771000
2022-04-04 20:00:00-04:00,61.40,61.67,59.27,59.85,1037100
2022-04-05 20:00:00-04:00,59.12,59.44,57.62,58.19,750400
2022-04-06 20:00:00-04:00,58.30,58.69,57.16,58.16,781500
2022-04-07 20:00:00-04:00,58.14,58.51,57.38,58.22,1005900
2022-04-10 20:00:00-04:00,57.63,58.38,57.12,57.17,813000
2022-04-11 20:00:00-04:00,57.16,58.18,56.01,56.32,995400
2022-04-12 20:00:00-04:00,56.15,57.47,56.06,57.26,941000
2022-04-13 20:00:00-04:00,57.29,57.63,55.84,55.84,1701200
2022-04-17 20:00:00-04:00,55.76,56.47,55.55,55.84,794700
2022-04-18 20:00:00-04:00,55.60,57.11,55.53,57.08,1482100
2022-04-19 20:00:00-04:00,57.61,58.36,57.31,57.69,753800
2022-04-20 20:00:00-04:00,58.07,58.71,57.10,57.30,1120100
2022-04-21 20:00:00-04:00,56.98,57.54,56.25,56.32,927100
2022-04-24 20:00:00-04:00,56.13,57.74,55.65,57.72,1222200
2022-04-25 20:00:00-04:00,57.40,57.55,55.37,55.40,1264500
2022-04-26 20:00:00-04:00,55.01,55.46,54.06,54.73,1433100
2022-04-27 20:00:00-04:00,55.51,57.19,55.15,57.01,1026700
2022-04-28 20:00:00-04:00,56.40,57.33,55.03,55.17,969500
2022-05-01 20:00:00-04:00,55.29,56.57,55.10,56.47,1030500
2022-05-02 20:00:00-04:00,55.95,57.02,55.94,56.31,1253800
2022-05-03 20:00:00-04:00,56.00,57.46,55.16,57.45,1755700
2022-05-04 20:00:00-04:00,56.51,56.54,54.20,54.74,1373100
2022-05-05 20:00:00-04:00,54.01,54.66,53.49,54.25,1461300
2022-05-08 20:00:00-04:00,53.70,54.01,51.57,51.85,989400
2022-05-09 20:00:00-04:00,52.36,52.86,50.56,51.96,1756800
2022-05-10 20:00:00-04:00,51.46,52.86,50.71,50.80,1407600
2022-05-11 20:00:00-04:00,50.41,51.28,49.52,50.46,1026200
2022-05-12 20:00:00-04:00,51.10,52.69,50.98,52.36,930600
2022-05-15 20:00:00-04:00,52.23,52.45,51.27,51.37,1190400
2022-05-16 20:00:00-04:00,51.70,53.67,51.70,53.65,1367700
2022-05-17 20:00:00-04:00,53.07,53.37,50.77,51.17,995200
2022-05-18 20:00:00-04:00,49.00,50.56,48.78,49.82,2223400
2022-05-19 20:00:00-04:00,50.77,50.77,48.57,49.84,2039900
2022-05-22 20:00:00-04:00,50.27,50.60,49.53,50.19,1290900
2022-05-23 20:00:00-04:00,49.83,50.10,48.16,48.87,935600
2022-05-24 20:00:00-04:00,48.64,49.87,48.41,49.58,1402100
2022-05-25 20:00:00-04:00,49.34,51.24,48.89,50.57,1602400
2022-05-26 20:00:00-04:00,51.12,52.33,50.71,52.33,2525900
2022-05-30 20:00:00-04:00,51.65,51.97,50.64,50.82,2028700
2022-05-31 20:00:00-04:00,51.25,51.70,49.86,51.35,1883400
2022-06-01 20:00:00-04:00,47.00,51.41,46.60,50.68,4459900
2022-06-02 20:00:00-04:00,50.68,50.68,48.07,48.74,2185300
2022-06-05 20:00:00-04:00,49.12,51.18,48.90,49.36,2629600
2022-06-06 20:00:00-04:00,48.99,49.54,48.29,48.65,1230200
2022-06-07 20:00:00-04:00,48.26,49.46,47.89,48.47,1163100
2022-06-08 20:00:00-04:00,48.27,48.77,46.76,46.76,1493200
2022-06-09 20:00:00-04:00,45.76,46.40,44.90,45.22,1390400
2022-06-12 20:00:00-04:00,44.28,44.59,43.16,43.56,1918900
2022-06-13 20:00:00-04:00,43.19,43.69,42.24,42.60,2100000
2022-06-14 20:00:00-04:00,43.73,44.89,43.19,44.49,2275800
2022-06-15 20:00:00-04:00,43.17,43.61,41.63,42.04,1818500
2022-06-16 20:00:00-04:00,42.86,44.54,42.41,43.56,3153400
2022-06-20 20:00:00-04:00,44.20,45.15,44.00,44.56,2817200
2022-06-21 20:00:00-04:00,44.06,44.56,43.89,44.18,1696400
2022-06-22 20:00:00-04:00,44.50,46.41,44.47,46.14,2477300
2022-06-23 20:00:00-04:00,46.31,46.95,45.88,46.94,2001600
2022-06-26 20:00:00-04:00,47.13,47.19,45.88,46.63,1358200
2022-06-27 20:00:00-04:00,46.87,47.37,45.92,45.92,1486100
2022-06-28 20:00:00-04:00,45.76,45.89,45.25,45.60,820600
2022-06-29 20:00:00-04:00,45.11,46.45,44.66,45.70,1672600
2022-06-30 20:00:00-04:00,45.34,46.03,44.75,45.64,1079400
2022-07-04 20:00:00-04:00,44.89,45.53,43.79,45.52,1073300
2022-07-05 20:00:00-04:00,45.54,46.33,45.28,45.95,1309400
2022-07-06 20:00:00-04:00,45.90,46.93,45.90,46.51,894000
2022-07-07 20:00:00-04:00,46.16,47.64,45.98,47.49,1466700
2022-07-10 20:00:00-04:00,47.11,47.54,46.78,47.01,1058300
2022-07-11 20:00:00-04:00,47.03,47.95,46.32,46.48,1237700
2022-07-12 20:00:00-04:00,45.51,47.34,45.26,47.11,929900
2022-07-13 20:00:00-04:00,46.14,46.93,45.31,46.61,819700
2022-07-14 20:00:00-04:00,47.17,47.53,46.63,47.50,729800
2022-07-17 20:00:00-04:00,47.63,48.00,47.01,47.10,852500
2022-07-18 20:00:00-04:00,47.77,49.31,47.49,49.25,1204800
2022-07-19 20:00:00-04:00,48.46,49.75,48.46,49.49,1375200
2022-07-20 20:00:00-04:00,49.49,49.88,49.11,49.86,787900
2022-07-21 20:00:00-04:00,49.58,49.71,47.99,48.44,1171200
2022-07-24 20:00:00-04:00,48.64,48.67,47.59,48.42,1056800
2022-07-25 20:00:00-04:00,48.62,48.95,48.27,48.33,1117300
2022-07-26 20:00:00-04:00,48.77,49.82,48.50,49.65,1181700
2022-07-27 20:00:00-04:00,50.00,51.56,49.86,51.22,1427300
2022-07-28 20:00:00-04:00,51.05,51.78,50.41,51.60,784300
2022-07-31 20:00:00-04:00,51.15,52.23,50.67,51.74,1009600
2022-08-01 20:00:00-04:00,51.73,51.90,51.14,51.59,639100
2022-08-02 20:00:00-04:00,51.77,52.79,51.61,52.20,977400
2022-08-03 20:00:00-04:00,52.59,52.61,52.11,52.49,1036900
2022-08-04 20:00:00-04:00,52.12,52.91,51.79,52.89,760600
2022-08-07 20:00:00-04:00,53.14,53.75,52.45,52.55,917200
2022-08-08 20:00:00-04:00,52.30,52.63,51.52,51.74,843900
2022-08-09 20:00:00-04:00,52.82,54.13,52.60,53.97,1110800
2022-08-10 20:00:00-04:00,53.94,54.40,52.70,52.89,914200
2022-08-11 20:00:00-04:00,54.48,54.85,54.08,54.70,1291800
2022-08-14 20:00:00-04:00,54.21,55.30,54.20,55.17,1037000
2022-08-15 20:00:00-04:00,54.71,55.90,54.66,55.63,1002800
2022-08-16 20:00:00-04:00,54.96,55.20,54.21,54.67,1219000
2022-08-17 20:00:00-04:00,54.62,56.38,54.58,56.37,882800
2022-08-18 20:00:00-04:00,55.96,55.96,55.01,55.79,1522400
2022-08-21 20:00:00-04:00,55.50,55.50,54.39,54.42,1041700
2022-08-22 20:00:00-04:00,53.97,55.08,53.80,54.12,750700
2022-08-23 20:00:00-04:00,53.97,54.31,53.44,54.02,860500
2022-08-24 20:00:00-04:00,54.34,55.76,54.23,55.49,956200
2022-08-25 20:00:00-04:00,55.44,55.59,53.62,53.62,679000
2022-08-28 20:00:00-04:00,52.99,53.18,51.55,51.66,3146000
2022-08-29 20:00:00-04:00,52.01,52.74,51.48,51.70,1846300
2022-08-30 20:00:00-04:00,52.26,52.36,49.66,50.74,2754300
2022-08-31 20:00:00-04:00,47.50,48.32,44.86,45.48,6199150
2022-09-01 20:00:00-04:00,45.33,46.16,44.07,44.22,3703300
2022-09-05 20:00:00-04:00,43.22,43.73,42.54,42.71,3462200
2022-09-06 20:00:00-04:00,42.84,43.81,42.29,43.54,2324500
2022-09-07 20:00:00-04:00,43.21,44.25,42.92,43.87,1787500
2022-09-08 20:00:00-04:00,43.89,44.53,43.48,44.33,2053500
2022-09-11 20:00:00-04:00,44.75,45.46,44.22,44.60,1853100
2022-09-12 20:00:00-04:00,43.57,43.57,42.48,42.59,2665200
2022-09-13 20:00:00-04:00,42.59,43.10,42.27,42.71,2363800
2022-09-14 20:00:00-04:00,42.37,42.82,41.92,42.20,2246200
2022-09-15 20:00:00-04:00,41.80,41.94,41.11,41.85,2868800
2022-09-18 20:00:00-04:00,41.37,41.91,41.07,41.23,1614400
2022-09-19 20:00:00-04:00,40.86,40.97,40.17,40.58,1345800
2022-09-20 20:00:00-04:00,40.79,41.80,40.55,40.74,1798400
2022-09-21 20:00:00-04:00,40.54,41.31,40.49,41.04,2086800
2022-09-22 20:00:00-04:00,40.41,40.70,39.87,40.60,2498700
2022-09-25 20:00:00-04:00,40.60,41.10,39.60,39.71,1809700
2022-09-26 20:00:00-04:00,40.15,40.59,39.44,40.36,1912000
2022-09-27 20:00:00-04:00,40.79,42.53,40.73,42.12,2330800
2022-09-28 20:00:00-04:00,41.63,41.79,40.44,40.84,1138600
2022-09-29 20:00:00-04:00,40.93,41.63,40.34,40.43,1325500
2022-10-02 20:00:00-04:00,41.15,41.60,40.85,41.27,1061900
2022-10-03 20:00:00-04:00,42.17,43.02,41.85,42.81,1627000
2022-10-04 20:00:00-04:00,42.10,42.68,41.80,42.32,1208200
2022-10-05 20:00:00-04:00,42.14,42.64,41.87,41.93,929400
2022-10-06 20:00:00-04:00,41.33,41.38,40.40,40.59,981200
2022-10-09 20:00:00-04:00,40.59,40.61,39.45,39.81,1185900
2022-10-10 20:00:00-04:00,38.57,39.93,38.51,39.16,2088600
2022-10-11 20:00:00-04:00,39.43,39.64,38.68,39.45,1614500
2022-10-12 20:00:00-04:00,38.70,40.40,38.33,40.15,2213400
2022-10-13 20:00:00-04:00,40.56,40.78,39.31,39.59,1080700
2022-10-16 20:00:00-04:00,40.32,40.84,40.12,40.42,1439300
2022-10-17 20:00:00-04:00,41.41,41.74,40.67,41.30,1327500
2022-10-18 20:00:00-04:00,40.60,41.59,40.45,41.03,1639800
2022-10-19 20:00:00-04:00,40.79,42.28,40.55,40.89,1489000
2022-10-20 20:00:00-04:00,41.14,43.23,40.63,43.08,1954400
2022-10-23 20:00:00-04:00,43.25,43.70,42.67,43.69,1517500
2022-10-24 20:00:00-04:00,43.69,45.60,43.67,45.22,2006900
2022-10-25 20:00:00-04:00,45.23,46.99,45.01,46.04,1334600
2022-10-26 20:00:00-04:00,47.11,47.96,46.96,47.07,2045100
2022-10-27 20:00:00-04:00,47.26,48.30,47.20,48.25,1421400
2022-10-30 20:00:00-04:00,47.98,48.13,47.16,47.90,1531300
2022-10-31 20:00:00-04:00,48.20,48.53,47.07,47.96,1162800
2022-11-01 20:00:00-04:00,47.90,48.01,46.26,46.26,1245300
2022-11-02 20:00:00-04:00,45.80,46.32,45.43,45.69,1588600
2022-11-03 20:00:00-04:00,46.23,46.36,44.99,45.95,2137200
2022-11-06 19:00:00-05:00,46.26,46.47,45.22,45.74,1542500
2022-11-07 19:00:00-05:00,45.80,45.89,44.18,44.42,2180000
2022-11-08 19:00:00-05:00,43.59,43.93,41.05,41.16,3006200
2022-11-09 19:00:00-05:00,42.80,44.19,42.49,44.09,2897900
2022-11-10 19:00:00-05:00,43.76,45.14,43.56,45.01,2108900
2022-11-13 19:00:00-05:00,44.82,45.77,44.62,44.69,1240300
2022-11-14 19:00:00-05:00,45.00,46.49,44.86,45.72,1418000
2022-11-15 19:00:00-05:00,45.25,45.25,43.60,44.13,1773300
2022-11-16 19:00:00-05:00,43.30,44.05,43.07,43.73,1599100
2022-11-17 19:00:00-05:00,44.60,45.35,44.46,44.80,1634200
2022-11-20 19:00:00-05:00,44.43,44.72,44.03,44.34,1370800
2022-11-21 19:00:00-05:00,44.51,44.55,43.39,43.73,1801000
2022-11-22 19:00:00-05:00,43.98,44.80,43.84,44.05,1474500
2022-11-24 19:00:00-05:00,44.01,44.42,43.62,44.11,590800
2022-11-27 19:00:00-05:00,43.85,43.85,42.62,42.62,1491000
2022-11-28 19:00:00-05:00,42.64,43.44,42.61,43.24,1923100
2022-11-29 19:00:00-05:00,43.20,45.00,43.15,44.96,2707900
2022-11-30 19:00:00-05:00,45.10,45.42,44.33,44.69,1937100
2022-12-01 19:00:00-05:00,44.19,44.96,43.27,44.77,1551300
2022-12-04 19:00:00-05:00,44.54,45.33,44.39,45.02,1909300
2022-12-05 19:00:00-05:00,45.15,45.58,43.56,44.33,2677300
2022-12-06 19:00:00-05:00,43.98,44.24,42.81,43.24,2207100
2022-12-07 19:00:00-05:00,50.51,52.45,50.10,51.87,6199150
2022-12-08 19:00:00-05:00,52.10,52.40,50.05,50.76,3828100
2022-12-11 19:00:00-05:00,50.78,51.45,49.92,51.04,2735500
2022-12-12 19:00:00-05:00,52.42,52.51,50.22,50.60,2500600
2022-12-13 19:00:00-05:00,50.85,51.80,50.50,50.77,1927200
2022-12-14 19:00:00-05:00,49.87,49.98,48.47,48.53,1795400
2022-12-15 19:00:00-05:00,47.89,48.79,47.57,48.42,4023800
2022-12-18 19:00:00-05:00,48.54,49.75,48.24,48.57,2095600
2022-12-19 19:00:00-05:00,48.76,49.80,48.51,49.27,2079400
2022-12-20 19:00:00-05:00,49.32,50.04,48.97,49.44,1765600
2022-12-21 19:00:00-05:00,49.02,49.10,48.44,49.01,1368800
2022-12-22 19:00:00-05:00,48.74,49.35,48.50,49.33,1016000
2022-12-26 19:00:00-05:00,49.43,49.73,48.90,49.65,822900
2022-12-27 19:00:00-05:00,49.68,50.00,48.99,49.12,1021000
2022-12-28 19:00:00-05:00,49.62,50.86,49.62,50.73,1147800
2022-12-29 19:00:00-05:00,50.35,51.01,50.09,50.98,994100
2023-01-02 19:00:00-05:00,51.50,52.14,50.45,50.74,1496600
2023-01-03 19:00:00-05:00,51.40,51.73,49.32,49.42,1537900
2023-01-04 19:00:00-05:00,48.91,50.04,48.56,49.41,1338000
2023-01-05 19:00:00-05:00,50.04,51.48,49.53,51.42,1906800
2023-01-08 19:00:00-05:00,51.89,53.16,51.66,51.93,1634600
2023-01-09 19:00:00-05:00,51.75,52.35,51.34,51.88,938000
2023-01-10 19:00:00-05:00,52.07,52.31,50.89,51.23,1123600
2023-01-11 19:00:00-05:00,51.61,51.86,50.80,50.92,707700
2023-01-12 19:00:00-05:00,50.31,51.28,50.19,51.09,923100
2023-01-16 19:00:00-05:00,50.89,51.64,50.68,51.11,1288200
2023-01-17 19:00:00-05:00,51.43,52.52,51.00,51.02,1741900
2023-01-18 19:00:00-05:00,50.62,50.93,49.97,50.14,1069700
2023-01-19 19:00:00-05:00,50.14,50.53,48.94,50.29,1313700
2023-01-22 19:00:00-05:00,50.69,51.44,50.51,51.26,1370600
2023-01-23 19:00:00-05:00,50.61,51.30,50.24,50.26,842600
2023-01-24 19:00:00-05:00,49.68,50.24,49.28,49.99,1106000
2023-01-25 19:00:00-05:00,50.36,51.11,50.15,51.07,1184800
2023-01-26 19:00:00-05:00,50.78,51.30,50.41,51.03,788100
2023-01-29 19:00:00-05:00,50.60,51.55,50.60,50.71,1240800
2023-01-30 19:00:00-05:00,50.61,52.04,50.41,52.02,1312000
2023-01-31 19:00:00-05:00,51.69,52.25,50.55,52.03,1844100
2023-02-01 19:00:00-05:00,52.13,52.60,51.12,51.47,2479700
2023-02-02 19:00:00-05:00,50.73,51.06,49.74,50.32,1701200
2023-02-05 19:00:00-05:00,49.50,49.93,49.21,49.50,865600
2023-02-06 19:00:00-05:00,49.16,50.33,48.48,50.21,2222100
2023-02-07 19:00:00-05:00,50.04,50.59,48.86,49.35,1264700
2023-02-08 19:00:00-05:00,49.90,50.00,48.68,48.71,764300
2023-02-09 19:00:00-05:00,48.36,48.88,48.19,48.54,1411900
2023-02-12 19:00:00-05:00,48.49,49.51,48.32,49.46,905100
2023-02-13 19:00:00-05:00,49.05,49.83,48.55,48.99,868500
2023-02-14 19:00:00-05:00,48.50,49.30,48.21,48.90,906800
2023-02-15 19:00:00-05:00,48.33,48.74,47.83,47.97,1752000
2023-02-16 19:00:00-05:00,47.84,48.05,47.29,47.75,848800
2023-02-20 19:00:00-05:00,47.24,48.00,47.24,47.72,1307900
2023-02-21 19:00:00-05:00,47.91,48.29,47.34,47.87,1152300
2023-02-22 19:00:00-05:00,48.78,49.04,47.26,48.02,1061500
2023-02-23 19:00:00-05:00,47.24,47.39,45.83,46.18,1675800
2023-02-26 19:00:00-05:00,46.75,46.98,46.18,46.47,1396300
2023-02-27 19:00:00-05:00,46.68,50.01,46.13,48.22,4058800
2023-02-28 19:00:00-05:00,48.17,48.73,48.02,48.55,1415200
2023-03-01 19:00:00-05:00,48.04,48.84,47.54,48.81,1514300
2023-03-02 19:00:00-05:00,49.00,49.51,48.33,49.09,2801900
2023-03-05 19:00:00-05:00,54.25,54.25,49.92,50.89,6199150
2023-03-06 19:00:00-05:00,51.13,51.30,48.96,49.49,2644300
2023-03-07 19:00:00-05:00,49.66,51.17,49.43,51.02,2115400
2023-03-08 19:00:00-05:00,51.20,51.79,49.61,49.64,1562900
2023-03-09 19:00:00-05:00,49.62,50.52,49.04,49.53,1616200
2023-03-12 20:00:00-04:00,49.10,49.83,47.96,49.68,2139000
2023-03-13 20:00:00-04:00,50.37,51.80,50.06,50.70,2515300
2023-03-14 20:00:00-04:00,49.82,50.35,49.48,49.78,1741800
2023-03-15 20:00:00-04:00,49.43,50.97,49.02,50.88,1956900
2023-03-16 20:00:00-04:00,50.80,50.80,49.33,49.44,2127000
2023-03-19 20:00:00-04:00,49.53,50.46,49.49,50.20,1130000
2023-03-20 20:00:00-04:00,50.65,50.95,49.67,50.10,1028600
2023-03-21 20:00:00-04:00,50.07,50.39,48.76,48.79,1185900
2023-03-22 20:00:00-04:00,49.07,50.05,48.62,49.10,1436800
2023-03-23 20:00:00-04:00,48.81,49.26,48.44,49.23,2010500
2023-03-26 20:00:00-04:00,49.33,50.00,48.35,48.61,1496100
2023-03-27 20:00:00-04:00,50.61,52.20,50.23,50.87,3545200
2023-03-28 20:00:00-04:00,49.82,51.50,49.79,51.32,2413700
2023-03-29 20:00:00-04:00,51.88,52.16,51.55,51.95,1687000
2023-03-30 20:00:00-04:00,52.13,52.57,51.84,52.52,1315800
2023-04-02 20:00:00-04:00,52.34,52.67,51.80,52.27,886800
2023-04-03 20:00:00-04:00,52.38,52.38,51.41,52.20,944700
2023-04-04 20:00:00-04:00,52.05,52.34,51.63,51.86,856300
2023-04-05 20:00:00-04:00,48.53,50.55,47.55,50.48,5132000
2023-04-09 20:00:00-04:00,50.15,52.19,49.73,52.13,1968000
2023-04-10 20:00:00-04:00,51.90,51.90,50.63,51.53,1539200
2023-04-11 20:00:00-04:00,52.09,52.09,51.34,51.35,1246500
2023-04-12 20:00:00-04:00,51.53,52.12,51.03,51.80,1019800
2023-04-13 20:00:00-04:00,51.73,52.25,50.86,51.14,800800
2023-04-16 20:00:00-04:00,50.77,50.77,49.58,49.64,1727200
2023-04-17 20:00:00-04:00,48.95,49.70,47.57,48.15,1761400
2023-04-18 20:00:00-04:00,47.63,47.68,46.75,47.01,2011100
2023-04-19 20:00:00-04:00,46.54,47.31,46.26,46.58,1355600
2023-04-20 20:00:00-04:00,46.62,47.06,46.27,46.89,936900
2023-04-23 20:00:00-04:00,46.80,46.91,46.28,46.57,1054900
2023-04-24 20:00:00-04:00,46.32,46.84,45.30,45.31,1068800
2023-04-25 20:00:00-04:00,45.26,45.48,44.92,45.09,1197200
2023-04-26 20:00:00-04:00,45.12,45.64,44.39,45.59,1471600
2023-04-27 20:00:00-04:00,45.53,46.06,45.41,46.04,1216200
2023-04-30 20:00:00-04:00,46.30,46.64,45.72,46.19,1068600
2023-05-01 20:00:00-04:00,45.39,45.70,44.37,44.70,1467000
2023-05-02 20:00:00-04:00,44.80,45.01,44.17,44.32,1367900
2023-05-03 20:00:00-04:00,44.09,44.38,43.58,43.82,1196000
2023-05-04 20:00:00-04:00,44.27,44.56,43.68,44.08,1489600
2023-05-07 20:00:00-04:00,44.29,44.39,43.68,43.84,1660200
2023-05-08 20:00:00-04:00,43.23,43.46,42.64,43.15,2512200
2023-05-09 20:00:00-04:00,43.73,43.86,42.91,43.62,1659500
2023-05-10 20:00:00-04:00,43.47,43.49,42.83,43.34,1172800
2023-05-11 20:00:00-04:00,43.51,43.72,43.13,43.41,1210000
2023-05-14 20:00:00-04:00,43.50,44.57,43.46,44.42,1392400
2023-05-15 20:00:00-04:00,44.01,44.22,43.34,43.40,1348900
2023-05-16 20:00:00-04:00,43.55,44.71,43.45,44.50,1404600
2023-05-17 20:00:00-04:00,44.04,44.68,44.00,44.66,1218100
2023-05-18 20:00:00-04:00,44.97,45.38,44.61,44.92,1544100
2023-05-21 20:00:00-04:00,44.94,45.82,44.89,45.58,1360000
2023-05-22 20:00:00-04:00,45.32,45.77,45.22,45.50,1526900
2023-05-23 20:00:00-04:00,45.39,45.45,44.02,44.31,1629000
2023-05-24 20:00:00-04:00,44.77,45.32,44.47,45.14,991400
2023-05-25 20:00:00-04:00,45.42,48.36,45.42,47.99,2542800
2023-05-29 20:00:00-04:00,48.60,49.56,47.83,47.97,2120200
2023-05-30 20:00:00-04:00,47.39,47.74,46.32,46.74,2153200
2023-05-31 20:00:00-04:00,46.91,47.43,46.38,47.03,1302800
2023-06-01 20:00:00-04:00,47.54,48.33,46.91,48.13,2178400
2023-06-04 20:00:00-04:00,47.74,48.08,46.44,47.50,3087100
2023-06-05 20:00:00-04:00,42.92,43.29,41.49,42.39,6199150
2023-06-06 20:00:00-04:00,42.54,44.21,42.47,43.28,3611700
2023-06-07 20:00:00-04:00,42.96,43.25,41.94,42.53,2814900
2023-06-08 20:00:00-04:00,42.69,42.84,41.17,41.35,3748300
2023-06-11 20:00:00-04:00,41.48,41.89,41.05,41.54,3296600
2023-06-12 20:00:00-04:00,41.80,42.47,41.35,42.40,2727100
2023-06-13 20:00:00-04:00,42.86,44.49,42.57,44.37,3920300
2023-06-14 20:00:00-04:00,44.09,44.67,43.75,44.28,2262400
2023-06-15 20:00:00-04:00,44.37,44.60,43.87,44.31,3126500
2023-06-19 20:00:00-04:00,44.06,44.30,42.94,43.05,2354500
2023-06-20 20:00:00-04:00,42.52,42.56,41.55,41.87,2687300
2023-06-21 20:00:00-04:00,41.82,42.00,41.18,41.52,1280000
2023-06-22 20:00:00-04:00,41.05,41.36,40.84,41.02,2550600
2023-06-25 20:00:00-04:00,41.08,41.84,41.08,41.17,1129800
2023-06-26 20:00:00-04:00,41.24,41.95,41.03,41.75,1062300
2023-06-27 20:00:00-04:00,41.60,41.70,41.05,41.66,1601400
2023-06-28 20:00:00-04:00,41.64,42.60,41.48,42.56,1421000
2023-06-29 20:00:00-04:00,43.10,43.16,42.42,42.49,1380300
2023-07-02 20:00:00-04:00,42.57,42.72,42.25,42.30,777300
2023-07-04 20:00:00-04:00,42.01,43.04,41.90,42.92,2844600
2023-07-05 20:00:00-04:00,42.24,42.52,41.83,42.39,1543500
2023-07-06 20:00:00-04:00,42.46,43.80,42.32,43.19,1555700
2023-07-09 20:00:00-04:00,43.03,43.52,42.73,43.18,1878100
2023-07-10 20:00:00-04:00,43.69,44.05,43.18,44.04,1265700
2023-07-11 20:00:00-04:00,44.50,44.70,43.60,43.67,1704500
2023-07-12 20:00:00-04:00,43.74,43.99,43.20,43.80,2364400
2023-07-13 20:00:00-04:00,42.26,42.43,40.58,41.46,4147200
2023-07-16 20:00:00-04:00,41.20,42.20,41.06,41.42,2354600
2023-07-17 20:00:00-04:00,41.20,42.16,40.91,41.58,2381100
2023-07-18 20:00:00-04:00,41.89,42.36,41.46,42.15,2021600
2023-07-19 20:00:00-04:00,41.81,42.89,41.54,42.24,1752200
2023-07-20 20:00:00-04:00,42.56,42.79,41.96,42.40,1096700
2023-07-23 20:00:00-04:00,42.40,42.59,42.01,42.33,895900
2023-07-24 20:00:00-04:00,42.47,43.24,41.68,43.06,2223200
2023-07-25 20:00:00-04:00,42.81,43.02,42.38,42.87,1362300
2023-07-26 20:00:00-04:00,43.22,43.86,42.79,43.25,2549000
2023-07-27 20:00:00-04:00,43.19,43.19,41.16,41.58,3070200
2023-07-30 20:00:00-04:00,41.73,42.42,41.50,42.20,1632700
2023-07-31 20:00:00-04:00,42.89,42.89,41.76,41.97,1390700
2023-08-01 20:00:00-04:00,41.37,41.89,41.27,41.82,1382600
2023-08-02 20:00:00-04:00,41.73,41.96,41.09,41.12,1998600
2023-08-03 20:00:00-04:00,41.19,42.28,41.03,41.60,1504100
2023-08-06 20:00:00-04:00,41.55,41.91,41.09,41.84,1358100
2023-08-07 20:00:00-04:00,41.26,41.73,41.01,41.67,930400
2023-08-08 20:00:00-04:00,41.73,41.85,41.14,41.15,1198100
2023-08-09 20:00:00-04:00,41.55,42.48,41.30,41.66,1654500
2023-08-10 20:00:00-04:00,41.31,41.82,41.25,41.77,796400
2023-08-13 20:00:00-04:00,41.56,42.08,41.39,42.06,1079200
2023-08-14 20:00:00-04:00,41.76,42.14,41.52,42.04,1548000
2023-08-15 20:00:00-04:00,41.14,41.91,40.43,40.43,2929100
2023-08-16 20:00:00-04:00,40.73,41.21,40.10,40.97,1547700
2023-08-17 20:00:00-04:00,40.54,41.63,40.42,41.25,1337300
2023-08-20 20:00:00-04:00,41.20,41.48,41.00,41.18,987300
2023-08-21 20:00:00-04:00,41.50,42.03,40.65,41.61,1517000
2023-08-22 20:00:00-04:00,41.72,42.10,41.31,42.01,1182400
2023-08-23 20:00:00-04:00,42.28,42.46,41.11,41.11,1199800
2023-08-24 20:00:00-04:00,41.38,41.71,40.94,41.49,1993400
2023-08-27 20:00:00-04:00,41.50,42.15,41.50,42.04,1608200
2023-08-28 20:00:00-04:00,42.27,43.42,41.97,42.83,1629800
2023-08-29 20:00:00-04:00,42.80,43.79,42.68,43.16,2683700
2023-08-30 20:00:00-04:00,48.61,50.25,47.77,49.98,5465600
2023-08-31 20:00:00-04:00,50.56,50.72,48.35,48.47,2949200
2023-09-04 20:00:00-04:00,48.17,48.61,47.85,47.93,1746800
2023-09-05 20:00:00-04:00,47.69,49.23,47.60,48.74,1669800
2023-09-06 20:00:00-04:00,48.49,48.93,48.11,48.14,1398000
2023-09-07 20:00:00-04:00,48.10,48.49,47.92,48.22,1687100
2023-09-10 20:00:00-04:00,48.25,49.13,48.01,48.83,1329500
2023-09-11 20:00:00-04:00,48.44,49.06,48.29,48.81,1096300
2023-09-12 20:00:00-04:00,48.77,48.94,48.44,48.64,907500
2023-09-13 20:00:00-04:00,48.98,49.79,48.84,49.08,1594800
2023-09-14 20:00:00-04:00,48.90,49.19,48.60,48.81,2376000
2023-09-17 20:00:00-04:00,48.48,49.23,48.18,48.86,905600
2023-09-18 20:00:00-04:00,48.98,49.15,47.97,47.97,1158100
2023-09-19 20:00:00-04:00,48.08,48.64,47.93,47.96,890700
2023-09-20 20:00:00-04:00,47.36,47.75,46.87,46.89,1060600
2023-09-21 20:00:00-04:00,47.21,47.69,46.98,47.14,1013800
2023-09-24 20:00:00-04:00,46.91,47.55,46.74,47.12,873800
2023-09-25 20:00:00-04:00,46.73,46.92,45.88,45.97,1135000
2023-09-26 20:00:00-04:00,46.11,46.38,45.75,46.05,1101800
2023-09-27 20:00:00-04:00,46.77,47.46,46.50,47.33,1259800
2023-09-28 20:00:00-04:00,47.67,47.95,47.25,47.26,1135200
2023-10-01 20:00:00-04:00,47.30,48.06,46.96,47.16,918100
2023-10-02 20:00:00-04:00,46.68,46.82,46.08,46.46,1018000
2023-10-03 20:00:00-04:00,46.47,46.61,44.97,45.48,1714300
2023-10-04 20:00:00-04:00,45.19,45.45,42.87,43.75,2984400
2023-10-05 20:00:00-04:00,43.64,44.84,43.17,44.75,1687800
2023-10-08 20:00:00-04:00,44.50,44.90,44.12,44.66,923600
2023-10-09 20:00:00-04:00,44.74,45.56,44.60,44.69,862900
2023-10-10 20:00:00-04:00,44.85,45.32,44.20,44.41,1215500
2023-10-11 20:00:00-04:00,44.48,44.48,42.55,43.53,1508600
2023-10-12 20:00:00-04:00,43.52,43.72,41.95,42.00,1753500
2023-10-15 20:00:00-04:00,42.45,43.86,42.45,43.51,1176500
2023-10-16 20:00:00-04:00,42.94,44.10,42.63,43.90,1795100
2023-10-17 20:00:00-04:00,43.31,43.38,42.24,42.42,1123400
2023-10-18 20:00:00-04:00,42.28,42.60,41.83,42.12,1278100
2023-10-19 20:00:00-04:00,42.12,42.34,41.53,41.64,1185700
2023-10-22 20:00:00-04:00,41.40,41.80,40.98,41.05,1575600
2023-10-23 20:00:00-04:00,41.05,41.67,40.67,41.56,1033900
2023-10-24 20:00:00-04:00,41.39,41.78,40.82,40.85,922800
2023-10-25 20:00:00-04:00,40.44,41.02,39.94,40.60,1332900
2023-10-26 20:00:00-04:00,40.98,42.03,40.75,41.02,1455100
2023-10-29 20:00:00-04:00,41.47,41.47,40.46,41.06,866400
2023-10-30 20:00:00-04:00,41.41,42.58,41.37,42.20,1169200
2023-10-31 20:00:00-04:00,42.07,42.49,41.83,42.33,1114300
2023-11-01 20:00:00-04:00,42.64,43.00,42.17,42.82,958700
2023-11-02 20:00:00-04:00,43.42,44.58,43.32,43.90,1481700
2023-11-05 19:00:00-05:00,43.86,43.91,43.22,43.22,887400
2023-11-06 19:00:00-05:00,42.79,43.58,42.59,43.04,1090100
2023-11-07 19:00:00-05:00,43.54,44.22,42.89,43.16,924900
2023-11-08 19:00:00-05:00,43.72,44.11,43.05,43.26,962900
2023-11-09 19:00:00-05:00,43.34,44.14,42.84,44.13,932500
2023-11-12 19:00:00-05:00,43.91,44.46,43.62,43.90,841000
2023-11-13 19:00:00-05:00,44.92,45.75,44.83,45.67,941500
2023-11-14 19:00:00-05:00,45.96,46.66,45.91,46.39,1121200
2023-11-15 19:00:00-05:00,44.62,44.90,43.83,44.22,1512800
2023-11-16 19:00:00-05:00,44.49,45.20,44.43,45.19,1287600
2023-11-19 19:00:00-05:00,45.28,45.35,44.81,44.97,873800
2023-11-20 19:00:00-05:00,44.71,45.64,44.54,45.52,984900
2023-11-21 19:00:00-05:00,45.73,46.19,45.49,45.74,708800
2023-11-23 19:00:00-05:00,45.70,46.08,45.42,46.05,275800
2023-11-26 19:00:00-05:00,45.94,46.01,45.11,45.18,1131100
2023-11-27 19:00:00-05:00,44.97,45.47,44.60,45.22,935100
2023-11-28 19:00:00-05:00,45.67,46.10,45.17,45.31,989500
2023-11-29 19:00:00-05:00,45.53,45.87,44.76,45.85,1752300
2023-11-30 19:00:00-05:00,45.71,46.99,45.71,46.75,1171000
2023-12-03 19:00:00-05:00,46.38,46.98,46.21,46.95,1272200
2023-12-04 19:00:00-05:00,46.72,47.01,45.56,45.75,1616700
2023-12-05 19:00:00-05:00,46.19,46.95,45.74,45.76,1995600
2023-12-06 19:00:00-05:00,45.09,48.36,44.55,46.31,5473300
2023-12-07 19:00:00-05:00,46.55,46.92,43.59,44.35,4528100
2023-12-10 19:00:00-05:00,44.57,45.18,44.01,44.95,2332700
2023-12-11 19:00:00-05:00,44.88,44.91,43.41,43.58,2811400
2023-12-12 19:00:00-05:00,43.46,44.33,43.09,44.32,2170800
2023-12-13 19:00:00-05:00,44.75,45.68,44.33,44.57,2162800
2023-12-14 19:00:00-05:00,44.40,44.56,43.25,43.49,3823700
2023-12-17 19:00:00-05:00,43.14,43.44,42.20,43.11,2268100
2023-12-18 19:00:00-05:00,43.30,43.72,42.76,43.70,2015500
2023-12-19 19:00:00-05:00,43.52,44.31,43.12,43.58,2622100
2023-12-20 19:00:00-05:00,43.76,43.88,43.31,43.76,1720800
2023-12-21 19:00:00-05:00,44.05,44.39,43.70,44.17,1148000
2023-12-25 19:00:00-05:00,44.06,44.43,43.97,44.10,1137300
2023-12-26 19:00:00-05:00,44.15,44.34,43.98,44.25,1321500
2023-12-27 19:00:00-05:00,44.27,45.18,44.26,45.10,1816800
2023-12-28 19:00:00-05:00,44.85,45.37,44.69,45.01,1545500
2024-01-01 19:00:00-05:00,44.53,45.27,44.22,45.14,1525900
2024-01-02 19:00:00-05:00,44.79,45.03,44.41,44.58,1225600
2024-01-03 19:00:00-05:00,44.36,45.74,44.29,45.59,1964600
2024-01-04 19:00:00-05:00,45.41,46.57,45.22,46.43,1737700
2024-01-07 19:00:00-05:00,46.27,47.73,46.04,47.39,1644300
2024-01-08 19:00:00-05:00,47.90,48.15,47.09,47.90,1916100
2024-01-09 19:00:00-05:00,48.12,48.73,47.79,48.50,1645100
2024-01-10 19:00:00-05:00,48.66,48.98,47.76,48.38,1121700
2024-01-11 19:00:00-05:00,49.90,50.66,49.40,49.72,2502300
2024-01-15 19:00:00-05:00,49.72,51.00,49.55,50.58,2570300
2024-01-16 19:00:00-05:00,50.14,50.77,49.86,50.69,1963500
2024-01-17 19:00:00-05:00,51.00,51.60,50.35,51.33,1595600
2024-01-18 19:00:00-05:00,51.50,52.57,51.41,52.51,1833100
2024-01-21 19:00:00-05:00,52.79,52.93,51.80,51.91,1355700
2024-01-22 19:00:00-05:00,51.45,51.64,50.64,50.67,1677200
2024-01-23 19:00:00-05:00,51.00,51.48,50.63,51.43,1677000
2024-01-24 19:00:00-05:00,52.00,52.44,51.34,51.69,1110400
2024-01-25 19:00:00-05:00,51.86,52.08,51.31,51.42,823300
2024-01-28 19:00:00-05:00,51.28,52.85,51.28,52.77,1260400
2024-01-29 19:00:00-05:00,52.44,53.08,52.20,52.88,1594800
2024-01-30 19:00:00-05:00,52.48,53.84,52.37,53.00,2020800
2024-01-31 19:00:00-05:00,53.94,54.80,53.60,54.09,1790500
2024-02-01 19:00:00-05:00,54.44,54.76,53.81,54.62,1471000
2024-02-04 19:00:00-05:00,54.54,55.44,54.41,54.77,2344700
2024-02-05 19:00:00-05:00,55.30,56.27,54.64,54.91,2736600
2024-02-06 19:00:00-05:00,55.07,55.85,54.27,55.79,1282900
2024-02-07 19:00:00-05:00,55.20,56.31,54.35,55.48,1743900
2024-02-08 19:00:00-05:00,55.50,57.17,55.47,56.74,1940800
2024-02-11 19:00:00-05:00,56.86,57.73,56.86,56.88,1412900
2024-02-12 19:00:00-05:00,55.10,55.80,54.19,54.68,1828900
2024-02-13 19:00:00-05:00,55.19,57.55,54.71,57.38,2086900
2024-02-14 19:00:00-05:00,56.69,57.22,56.37,57.05,1484300
2024-02-15 19:00:00-05:00,57.05,57.05,55.89,55.91,1714800
2024-02-19 19:00:00-05:00,55.46,55.70,54.42,54.45,1720700
2024-02-20 19:00:00-05:00,54.05,54.49,53.17,54.45,1646800
2024-02-21 19:00:00-05:00,55.51,56.35,54.89,56.32,2054000
2024-02-22 19:00:00-05:00,56.29,56.29,54.82,55.33,1924000
2024-02-25 19:00:00-05:00,55.37,56.17,54.66,56.16,2069900
2024-02-26 19:00:00-05:00,56.36,56.50,55.35,56.14,1124200
2024-02-27 19:00:00-05:00,55.79,56.83,55.52,56.62,1529700
2024-02-28 19:00:00-05:00,57.09,57.25,56.30,56.98,2619100
2024-02-29 19:00:00-05:00,57.14,61.01,57.00,60.84,3761300
2024-03-03 19:00:00-05:00,62.00,63.24,62.00,62.48,3977300
2024-03-04 19:00:00-05:00,62.21,62.41,60.79,61.11,2366300
2024-03-05 19:00:00-05:00,61.53,63.09,61.27,61.96,4069100
2024-03-06 19:00:00-05:00,53.75,55.14,51.25,52.84,6199150
2024-03-07 19:00:00-05:00,53.03,54.86,52.75,54.28,3413400
2024-03-10 20:00:00-04:00,54.03,54.14,51.47,51.54,3007600
2024-03-11 20:00:00-04:00,51.76,52.78,51.21,51.51,2870500
2024-03-12 20:00:00-04:00,51.47,51.85,50.91,51.56,2765600
2024-03-13 20:00:00-04:00,51.30,51.54,50.04,50.23,1881600
2024-03-14 20:00:00-04:00,50.19,50.53,49.18,50.02,4335600
2024-03-17 20:00:00-04:00,50.02,50.14,49.45,49.50,1858100
2024-03-18 20:00:00-04:00,49.07,50.22,49.04,49.74,1409000
2024-03-19 20:00:00-04:00,49.74,50.62,49.54,50.22,1354700
2024-03-20 20:00:00-04:00,50.82,51.34,50.26,50.69,1397000
2024-03-21 20:00:00-04:00,50.33,51.05,49.71,50.93,1849600
2024-03-24 20:00:00-04:00,50.72,51.67,49.77,49.81,1402000
2024-03-25 20:00:00-04:00,50.03,50.37,49.50,49.52,1392100
2024-03-26 20:00:00-04:00,49.94,50.56,49.74,50.49,1296900
2024-03-27 20:00:00-04:00,50.39,50.46,49.37,49.45,1480200
2024-03-31 20:00:00-04:00,49.61,49.80,49.10,49.19,1235400
2024-04-01 20:00:00-04:00,48.74,49.03,48.25,48.60,1945600
2024-04-02 20:00:00-04:00,48.60,49.07,48.58,48.62,1417100
2024-04-03 20:00:00-04:00,48.95,49.06,47.58,47.61,1576400
2024-04-04 20:00:00-04:00,47.60,47.91,47.52,47.59,1326500
2024-04-07 20:00:00-04:00,47.94,48.03,47.44,47.50,1089800
2024-04-08 20:00:00-04:00,47.50,47.85,47.41,47.69,1374400
2024-04-09 20:00:00-04:00,47.03,47.30,46.73,46.74,1338300
2024-04-10 20:00:00-04:00,47.51,47.51,46.78,47.10,1516700
2024-04-11 20:00:00-04:00,45.28,46.42,45.26,45.60,2121400
2024-04-14 20:00:00-04:00,45.74,45.84,44.27,44.33,1971200
2024-04-15 20:00:00-04:00,44.62,45.06,44.20,45.03,1736400
2024-04-16 20:00:00-04:00,45.15,45.15,44.69,44.80,1319200
2024-04-17 20:00:00-04:00,44.26,44.62,43.40,43.77,1500000
2024-04-18 20:00:00-04:00,43.79,44.03,43.32,43.56,1223300
2024-04-21 20:00:00-04:00,43.75,43.99,43.30,43.92,1342300
2024-04-22 20:00:00-04:00,43.78,44.93,43.53,44.72,1850600
2024-04-23 20:00:00-04:00,45.00,45.53,44.87,45.04,1459800
2024-04-24 20:00:00-04:00,44.73,45.89,44.69,45.68,2584500
2024-04-25 20:00:00-04:00,45.98,46.85,45.72,46.61,1461200
2024-04-28 20:00:00-04:00,46.83,47.05,46.50,46.76,1233100
2024-04-29 20:00:00-04:00,46.50,47.38,46.21,46.23,2218200
2024-04-30 20:00:00-04:00,46.23,47.50,46.04,46.63,1469400
2024-05-01 20:00:00-04:00,47.06,47.54,46.47,47.51,893800
2024-05-02 20:00:00-04:00,48.22,48.57,47.63,47.77,1101100
2024-05-05 20:00:00-04:00,48.25,49.08,48.01,48.95,1362200
2024-05-06 20:00:00-04:00,49.38,49.53,48.73,48.81,1856300
2024-05-07 20:00:00-04:00,48.73,49.25,48.52,49.21,984700
2024-05-08 20:00:00-04:00,49.25,49.39,48.32,48.92,1579500
2024-05-09 20:00:00-04:00,49.11,49.36,48.55,49.10,955200
2024-05-12 20:00:00-04:00,49.10,49.67,48.55,48.57,967100
2024-05-13 20:00:00-04:00,49.11,49.54,48.69,48.73,1290400
2024-05-14 20:00:00-04:00,48.78,49.47,48.24,49.32,1255400
2024-05-15 20:00:00-04:00,49.68,49.68,49.02,49.20,798800
2024-05-16 20:00:00-04:00,49.27,49.33,48.79,48.85,854000
2024-05-19 20:00:00-04:00,48.75,49.09,48.60,48.87,981600
2024-05-20 20:00:00-04:00,48.60,49.45,48.58,49.43,1286500
2024-05-21 20:00:00-04:00,49.60,50.25,49.11,49.56,1267400
2024-05-22 20:00:00-04:00,49.75,49.97,48.62,48.88,1445500
2024-05-23 20:00:00-04:00,49.17,49.53,48.96,49.34,816600
2024-05-27 20:00:00-04:00,49.55,49.86,49.27,49.50,837300
2024-05-28 20:00:00-04:00,48.86,49.47,48.75,49.34,1028600
2024-05-29 20:00:00-04:00,48.22,48.47,47.17,47.85,2201800
2024-05-30 20:00:00-04:00,48.06,48.27,47.21,48.17,2088900
2024-06-02 20:00:00-04:00,48.83,48.83,47.47,47.92,2608000
2024-06-03 20:00:00-04:00,47.72,47.88,46.82,47.09,1525600
2024-06-04 20:00:00-04:00,47.50,48.74,47.22,48.24,3588500
2024-06-05 20:00:00-04:00,52.58,53.58,48.47,48.56,5779000
2024-06-06 20:00:00-04:00,47.63,47.84,45.62,45.75,2792100
2024-06-09 20:00:00-04:00,45.02,46.08,44.69,45.83,1828400
2024-06-10 20:00:00-04:00,45.89,46.41,45.76,45.92,1461500
2024-06-11 20:00:00-04:00,48.41,48.81,47.46,48.78,2248100
2024-06-12 20:00:00-04:00,48.85,49.07,47.78,48.34,1405600
2024-06-13 20:00:00-04:00,48.00,48.04,46.48,46.70,931300
2024-06-16 20:00:00-04:00,46.05,47.14,45.90,47.06,1583400
2024-06-17 20:00:00-04:00,46.97,47.15,46.04,46.58,1444000
2024-06-19 20:00:00-04:00,46.54,47.04,46.41,46.96,1279900
2024-06-20 20:00:00-04:00,46.83,48.50,46.61,48.45,5600100
2024-06-23 20:00:00-04:00,48.21,48.57,47.05,47.11,1662500
2024-06-24 20:00:00-04:00,47.17,47.47,46.83,47.36,1064000
2024-06-25 20:00:00-04:00,47.07,47.84,47.05,47.66,1123300
2024-06-26 20:00:00-04:00,47.80,48.55,47.59,48.15,1052800
2024-06-27 20:00:00-04:00,48.20,48.92,47.97,48.18,1929800
2024-06-30 20:00:00-04:00,48.29,48.29,47.18,47.74,1203500
2024-07-01 20:00:00-04:00,47.60,48.03,47.13,47.25,1011200
2024-07-02 20:00:00-04:00,47.37,47.59,46.53,46.95,577300
2024-07-04 20:00:00-04:00,46.59,46.77,46.25,46.77,1179200
2024-07-07 20:00:00-04:00,47.72,48.69,47.29,48.10,1695500
2024-07-08 20:00:00-04:00,47.90,48.15,46.63,46.73,1384400
2024-07-09 20:00:00-04:00,46.91,47.42,46.52,47.34,804600
2024-07-10 20:00:00-04:00,47.79,48.32,47.47,47.92,611300
2024-07-11 20:00:00-04:00,48.14,49.24,48.00,48.76,1058000
2024-07-14 20:00:00-04:00,48.81,49.17,48.02,48.92,628800
2024-07-15 20:00:00-04:00,49.26,52.07,48.87,51.67,2263500
2024-07-16 20:00:00-04:00,50.95,51.49,50.36,50.42,1016100
2024-07-17 20:00:00-04:00,50.43,50.83,49.53,49.65,970700
2024-07-18 20:00:00-04:00,49.53,49.72,49.07,49.39,842300
2024-07-21 20:00:00-04:00,49.69,50.66,49.18,50.47,974900
2024-07-22 20:00:00-04:00,50.19,51.41,49.90,51.27,1143700
2024-07-23 20:00:00-04:00,50.93,51.25,49.61,49.63,1248000
2024-07-24 20:00:00-04:00,49.69,50.64,49.37,49.83,996700
2024-07-25 20:00:00-04:00,50.45,50.73,49.76,50.16,748800
2024-07-28 20:00:00-04:00,50.25,50.85,49.68,50.13,725400
2024-07-29 20:00:00-04:00,50.44,51.69,50.25,51.48,1529500
2024-07-30 20:00:00-04:00,52.54,53.62,52.22,52.74,2186000
2024-07-31 20:00:00-04:00,52.75,53.57,50.33,51.29,1278500
2024-08-01 20:00:00-04:00,49.44,50.19,47.95,48.12,1933200
2024-08-04 20:00:00-04:00,45.53,46.91,44.89,45.77,1443900
2024-08-05 20:00:00-04:00,45.95,47.70,45.63,46.71,1451500
2024-08-06 20:00:00-04:00,47.91,48.43,46.51,46.54,1366600
2024-08-07 20:00:00-04:00,47.13,48.83,47.13,48.58,1038400
2024-08-08 20:00:00-04:00,48.35,48.85,47.96,48.81,747200
2024-08-11 20:00:00-04:00,49.01,49.13,48.36,48.50,880700
2024-08-12 20:00:00-04:00,48.78,49.77,48.70,49.68,1271100
2024-08-13 20:00:00-04:00,49.68,50.13,49.26,50.03,900200
2024-08-14 20:00:00-04:00,52.42,54.74,51.60,54.31,3474900
2024-08-15 20:00:00-04:00,54.31,54.48,53.40,53.80,1236500
2024-08-18 20:00:00-04:00,53.83,53.97,53.40,53.94,682900
2024-08-19 20:00:00-04:00,54.02,54.61,53.69,54.60,933600
2024-08-20 20:00:00-04:00,54.61,55.47,54.40,54.80,880400
2024-08-21 20:00:00-04:00,54.91,55.42,54.26,54.30,728700
2024-08-22 20:00:00-04:00,55.04,56.72,54.62,56.54,1311900
2024-08-25 20:00:00-04:00,57.50,57.50,56.60,56.79,1685600
2024-08-26 20:00:00-04:00,56.32,57.15,55.80,57.02,1160500
2024-08-27 20:00:00-04:00,57.05,57.51,56.14,57.00,1596500
2024-08-28 20:00:00-04:00,57.29,58.19,56.72,56.74,1428900
2024-08-29 20:00:00-04:00,57.15,58.05,56.00,57.65,2967800
2024-09-02 20:00:00-04:00,57.84,58.25,55.20,55.35,4872800
2024-09-03 20:00:00-04:00,58.20,59.24,54.62,54.93,4792000
2024-09-04 20:00:00-04:00,54.01,55.32,52.06,52.43,3240200
2024-09-05 20:00:00-04:00,52.46,53.21,50.67,51.16,2440700
2024-09-08 20:00:00-04:00,51.50,52.17,51.25,51.47,1546300
2024-09-09 20:00:00-04:00,51.42,53.52,51.42,52.81,2075800
2024-09-10 20:00:00-04:00,52.47,53.38,51.85,53.30,1490600
2024-09-11 20:00:00-04:00,53.50,54.70,53.15,54.53,1330800
2024-09-12 20:00:00-04:00,54.88,56.20,54.88,56.17,1409600
2024-09-15 20:00:00-04:00,56.24,56.66,55.63,56.30,1944000
2024-09-16 20:00:00-04:00,56.83,57.20,55.93,56.44,1637100
2024-09-17 20:00:00-04:00,56.64,57.40,56.00,56.41,1341600
2024-09-18 20:00:00-04:00,57.78,58.19,57.40,57.98,1383200
2024-09-19 20:00:00-04:00,57.90,58.99,57.61,58.73,4556100
2024-09-22 20:00:00-04:00,60.40,62.09,60.00,61.68,3429700
2024-09-23 20:00:00-04:00,61.61,61.69,60.34,60.53,2103800
2024-09-24 20:00:00-04:00,60.50,61.58,60.40,61.42,1446800
2024-09-25 20:00:00-04:00,61.88,63.06,61.81,62.46,2108000
2024-09-26 20:00:00-04:00,62.51,62.82,61.34,61.81,1887600
2024-09-29 20:00:00-04:00,61.35,61.93,60.74,61.59,1170300
2024-09-30 20:00:00-04:00,61.49,61.59,59.60,61.45,1728500
2024-10-01 20:00:00-04:00,62.50,66.30,62.20,66.02,4516900
2024-10-02 20:00:00-04:00,65.49,66.35,64.91,65.25,3271900
2024-10-03 20:00:00-04:00,66.30,66.78,65.79,66.69,2110400
2024-10-06 20:00:00-04:00,64.49,65.62,63.29,63.59,2810300
2024-10-07 20:00:00-04:00,64.18,65.57,63.83,65.25,1559300
2024-10-08 20:00:00-04:00,64.94,68.31,64.72,67.48,3057400
2024-10-09 20:00:00-04:00,67.07,68.52,66.89,68.50,2461500
2024-10-10 20:00:00-04:00,68.60,69.91,68.33,68.47,3223400
2024-10-13 20:00:00-04:00,68.87,68.93,67.35,67.73,1461300
2024-10-14 20:00:00-04:00,67.43,67.88,65.77,65.87,2028900
2024-10-15 20:00:00-04:00,66.30,66.85,66.15,66.57,1126700
2024-10-16 20:00:00-04:00,67.02,67.35,66.14,66.51,1660800
2024-10-17 20:00:00-04:00,66.61,66.91,65.28,65.33,2233900
2024-10-20 20:00:00-04:00,66.00,66.75,65.55,66.56,1951500
2024-10-21 20:00:00-04:00,65.68,66.62,65.61,66.15,1404800
2024-10-22 20:00:00-04:00,65.95,66.83,65.65,66.25,1456400
2024-10-23 20:00:00-04:00,66.39,67.17,65.47,66.06,1154100
2024-10-24 20:00:00-04:00,66.08,66.16,64.03,64.12,2063200
2024-10-27 20:00:00-04:00,63.41,64.83,63.17,64.09,1861900
2024-10-28 20:00:00-04:00,64.25,66.24,63.60,65.32,1710400
2024-10-29 20:00:00-04:00,65.28,65.56,64.17,64.63,1384500
2024-10-30 20:00:00-04:00,64.25,64.91,63.46,63.51,1230100
2024-10-31 20:00:00-04:00,64.14,65.38,63.66,63.97,1427100
2024-11-03 19:00:00-05:00,63.96,64.46,63.17,63.24,1131300
2024-11-04 19:00:00-05:00,63.24,65.96,63.00,65.86,1353200
2024-11-05 19:00:00-05:00,67.84,68.86,67.07,68.50,1821900
2024-11-06 19:00:00-05:00,68.50,71.05,68.40,70.32,2384700
2024-11-07 19:00:00-05:00,70.33,72.36,70.10,71.91,2277100
2024-11-10 19:00:00-05:00,72.51,73.47,71.39,72.05,1496700
2024-11-11 19:00:00-05:00,72.00,72.00,69.94,70.93,1565300
2024-11-12 19:00:00-05:00,71.09,72.78,70.60,71.40,1695500
2024-11-13 19:00:00-05:00,70.92,71.27,69.32,69.75,1613300
2024-11-14 19:00:00-05:00,68.99,69.02,66.97,67.22,1611400
2024-11-17 19:00:00-05:00,67.63,67.94,65.71,66.58,1210700
2024-11-18 19:00:00-05:00,66.13,67.51,65.62,67.10,1121800
2024-11-19 19:00:00-05:00,67.09,67.32,65.98,66.48,1023800
2024-11-20 19:00:00-05:00,67.41,68.88,66.96,68.17,1286100
2024-11-21 19:00:00-05:00,68.30,70.31,68.20,70.13,1419700
2024-11-24 19:00:00-05:00,70.58,71.64,69.98,70.18,1728600
2024-11-25 19:00:00-05:00,70.41,71.18,69.52,70.86,1086300
2024-11-26 19:00:00-05:00,70.63,71.10,68.38,69.17,945800
2024-11-28 19:00:00-05:00,69.94,70.50,69.52,69.72,667600
2024-12-01 19:00:00-05:00,69.77,70.23,69.28,69.52,1245100
2024-12-02 19:00:00-05:00,69.55,71.56,69.20,71.05,1242800
2024-12-03 19:00:00-05:00,71.82,73.49,71.39,73.15,1758700
2024-12-04 19:00:00-05:00,72.57,73.45,72.15,72.23,1634800
2024-12-05 19:00:00-05:00,71.94,73.78,71.94,73.58,1282600
2024-12-08 19:00:00-05:00,74.95,75.11,72.97,73.02,2523700
2024-12-09 19:00:00-05:00,72.78,73.42,70.60,70.88,2595700
2024-12-10 19:00:00-05:00,71.28,73.87,70.60,73.21,3671900
2024-12-11 19:00:00-05:00,83.67,89.25,82.00,84.52,6199150
2024-12-12 19:00:00-05:00,87.16,91.25,86.90,89.72,6199150
2024-12-15 19:00:00-05:00,88.65,91.82,88.65,91.14,3551100
2024-12-16 19:00:00-05:00,90.23,91.20,87.60,88.14,2912000
2024-12-17 19:00:00-05:00,89.21,89.70,83.07,83.92,2744700
2024-12-18 19:00:00-05:00,85.50,86.16,84.05,85.79,2086800
2024-12-19 19:00:00-05:00,84.85,89.22,84.54,87.38,3838600
2024-12-22 19:00:00-05:00,87.33,88.12,86.50,87.62,1243400
2024-12-23 19:00:00-05:00,87.65,88.24,87.08,87.93,542500
2024-12-25 19:00:00-05:00,87.64,88.81,87.34,88.44,960300
2024-12-26 19:00:00-05:00,87.68,87.87,86.32,86.66,1093800
2024-12-29 19:00:00-05:00,85.25,85.86,84.06,85.01,1128500
2024-12-30 19:00:00-05:00,85.11,85.38,84.38,84.81,1310500
2025-01-01 19:00:00-05:00,85.07,86.17,82.01,83.24,2501200
2025-01-02 19:00:00-05:00,83.64,84.51,83.12,83.61,1597200
2025-01-05 19:00:00-05:00,84.45,85.37,83.83,84.49,1651600
2025-01-06 19:00:00-05:00,84.95,85.24,81.46,81.93,2359000
2025-01-07 19:00:00-05:00,81.65,82.86,80.60,82.23,1498500
2025-01-09 19:00:00-05:00,80.60,84.76,80.24,82.25,1843300
2025-01-12 19:00:00-05:00,80.74,82.27,80.61,82.24,1355100
2025-01-13 19:00:00-05:00,83.21,83.94,82.51,83.48,1229900
2025-01-14 19:00:00-05:00,85.91,86.95,84.16,85.70,1906000
2025-01-15 19:00:00-05:00,85.90,86.24,83.95,84.04,1393000
2025-01-16 19:00:00-05:00,85.00,85.83,84.33,84.76,1563600
2025-01-20 19:00:00-05:00,85.40,88.88,85.40,88.68,2319900
2025-01-21 19:00:00-05:00,93.00,95.27,92.00,94.85,3401900
2025-01-22 19:00:00-05:00,93.73,100.92,93.48,98.18,6199150
2025-01-23 19:00:00-05:00,99.23,101.44,96.26,96.62,3037900
2025-01-26 19:00:00-05:00,84.60,86.00,74.89,76.29,6199150
2025-01-27 19:00:00-05:00,79.02,81.19,77.20,80.05,4677300
2025-01-28 19:00:00-05:00,80.94,82.40,80.27,81.36,2279300
2025-01-29 19:00:00-05:00,83.97,86.54,83.24,84.65,2449000
2025-01-30 19:00:00-05:00,85.23,87.56,84.77,87.14,2354600
2025-02-02 19:00:00-05:00,83.41,85.98,81.65,85.12,2149800
2025-02-03 19:00:00-05:00,85.40,87.91,85.22,87.50,2299900
2025-02-04 19:00:00-05:00,88.58,92.39,88.01,92.08,2614600
2025-02-05 19:00:00-05:00,93.31,94.79,91.59,93.12,2937200
2025-02-06 19:00:00-05:00,93.23,94.20,89.41,89.71,1765200
2025-02-09 19:00:00-05:00,90.13,91.49,89.18,90.11,1357700
2025-02-10 19:00:00-05:00,89.00,89.54,87.15,87.49,1386400
2025-02-11 19:00:00-05:00,84.00,88.81,83.65,88.80,1844500
2025-02-12 19:00:00-05:00,90.00,90.32,88.09,88.85,1535400
2025-02-13 19:00:00-05:00,88.48,90.01,88.01,89.80,1518100
2025-02-17 19:00:00-05:00,90.16,92.43,88.40,89.65,2023200
2025-02-18 19:00:00-05:00,88.45,89.15,86.37,87.05,1993700
2025-02-19 19:00:00-05:00,86.81,87.55,85.18,86.45,2628000
2025-02-20 19:00:00-05:00,86.70,87.99,83.59,84.08,1884900
2025-02-23 19:00:00-05:00,83.90,84.08,79.94,80.43,3203300
2025-02-24 19:00:00-05:00,79.83,81.83,75.88,78.29,2436800
2025-02-25 19:00:00-05:00,80.88,82.10,79.62,80.77,2192900
2025-02-26 19:00:00-05:00,82.21,82.25,77.79,78.03,1698300
2025-02-27 19:00:00-05:00,77.27,79.66,75.61,79.57,3393200
2025-03-02 19:00:00-05:00,79.50,80.55,73.42,74.69,3579100
2025-03-03 19:00:00-05:00,72.90,75.74,70.47,74.31,3295900
2025-03-04 19:00:00-05:00,73.85,75.32,72.76,75.25,1816700
2025-03-05 19:00:00-05:00,72.24,72.97,68.00,68.43,3100900
2025-03-06 19:00:00-05:00,68.63,69.07,64.65,68.93,3327400
2025-03-09 20:00:00-04:00,65.83,66.92,64.01,65.53,4183500
2025-03-10 20:00:00-04:00,61.78,66.48,59.31,63.95,6199150
2025-03-11 20:00:00-04:00,66.21,67.17,64.26,66.40,3288400
2025-03-12 20:00:00-04:00,65.75,66.11,60.77,62.31,2964300
2025-03-13 20:00:00-04:00,64.05,64.68,62.64,63.84,3305800
2025-03-16 20:00:00-04:00,63.36,66.26,63.36,65.68,2109500
2025-03-17 20:00:00-04:00,64.83,65.29,63.65,64.33,1672400
2025-03-18 20:00:00-04:00,64.67,66.72,64.24,65.90,1658200
2025-03-19 20:00:00-04:00,64.99,66.75,64.99,65.63,1130900
2025-03-20 20:00:00-04:00,64.60,65.62,63.74,65.56,2539000
2025-03-23 20:00:00-04:00,69.08,69.68,67.50,69.53,1644000
2025-03-24 20:00:00-04:00,69.28,70.57,69.00,69.42,1966000
2025-03-25 20:00:00-04:00,69.10,69.56,65.26,65.76,2278900
2025-03-26 20:00:00-04:00,64.81,65.64,62.49,62.86,3517800
2025-03-27 20:00:00-04:00,62.65,63.31,61.00,61.56,2157700
2025-03-30 20:00:00-04:00,59.68,60.65,58.04,60.43,3553600
2025-03-31 20:00:00-04:00,60.51,61.58,59.16,61.54,2018100
2025-04-01 20:00:00-04:00,59.99,66.77,59.99,65.03,3700000
2025-04-02 20:00:00-04:00,59.61,61.28,56.07,56.19,2391600
2025-04-03 20:00:00-04:00,52.76,54.43,49.21,53.50,5780400
2025-04-06 20:00:00-04:00,50.17,58.79,50.15,55.22,3083200
2025-04-07 20:00:00-04:00,57.49,59.18,52.98,54.03,2563300
2025-04-08 20:00:00-04:00,53.65,63.69,53.18,61.99,3358100
2025-04-09 20:00:00-04:00,59.59,60.64,56.37,58.36,1911900
2025-04-10 20:00:00-04:00,57.86,59.60,56.75,58.78,2033100
2025-04-13 20:00:00-04:00,61.22,61.86,58.18,58.50,1273700
2025-04-14 20:00:00-04:00,58.51,60.23,58.34,59.38,1232700
2025-04-15 20:00:00-04:00,57.54,59.91,57.54,58.87,1003800
2025-04-16 20:00:00-04:00,59.75,60.67,58.76,60.14,1959400
2025-04-20 20:00:00-04:00,59.01,59.44,56.94,57.84,1142100
2025-04-21 20:00:00-04:00,58.64,60.10,58.64,59.50,1200700
2025-04-22 20:00:00-04:00,63.77,66.68,62.31,62.59,2672200
2025-04-23 20:00:00-04:00,62.74,64.98,62.42,64.29,984600
2025-04-24 20:00:00-04:00,64.20,66.04,63.99,65.94,1601000
2025-04-27 20:00:00-04:00,65.41,67.49,65.41,66.48,1696800
2025-04-28 20:00:00-04:00,66.36,67.56,66.19,67.36,1264900
2025-04-29 20:00:00-04:00,65.06,67.26,64.71,67.16,1739000
2025-04-30 20:00:00-04:00,69.50,72.73,69.06,71.43,3039400
2025-05-01 20:00:00-04:00,72.23,73.85,72.23,72.85,1854200
2025-05-04 20:00:00-04:00,71.68,73.93,71.30,72.91,1375400
2025-05-05 20:00:00-04:00,70.90,73.11,70.67,72.66,1158700
2025-05-06 20:00:00-04:00,72.63,73.85,71.90,73.34,1710900
2025-05-07 20:00:00-04:00,74.47,75.68,73.69,74.78,1581300
2025-05-08 20:00:00-04:00,75.38,75.81,73.71,74.74,882200
2025-05-11 20:00:00-04:00,78.58,79.67,77.16,79.01,1514700
2025-05-12 20:00:00-04:00,79.05,81.41,78.63,80.59,1438600
2025-05-13 20:00:00-04:00,80.98,81.48,78.84,79.53,1876100
2025-05-14 20:00:00-04:00,78.67,80.56,78.46,79.80,1405900
2025-05-15 20:00:00-04:00,80.08,81.30,79.44,81.24,1271800
2025-05-18 20:00:00-04:00,79.50,81.34,79.00,80.99,761800
2025-05-19 20:00:00-04:00,80.90,81.09,80.26,81.05,761500
2025-05-20 20:00:00-04:00,79.93,82.21,79.60,79.92,1248700
2025-05-21 20:00:00-04:00,80.18,81.25,79.67,80.12,929200
2025-05-22 20:00:00-04:00,78.01,80.53,77.14,80.22,705300
2025-05-26 20:00:00-04:00,83.13,83.49,81.67,82.35,1354100
2025-05-27 20:00:00-04:00,82.65,83.05,81.86,82.70,1301100
2025-05-28 20:00:00-04:00,83.19,83.40,81.44,81.55,1122000
2025-05-29 20:00:00-04:00,80.14,80.67,78.45,80.06,2302900
2025-06-01 20:00:00-04:00,80.15,81.75,79.27,81.75,2591300
2025-06-02 20:00:00-04:00,82.42,83.34,81.05,83.26,2690800
2025-06-03 20:00:00-04:00,84.67,86.21,83.24,83.89,4094900
2025-06-04 20:00:00-04:00,76.85,79.51,70.77,73.05,6199150
2025-06-05 20:00:00-04:00,73.88,74.44,71.75,72.72,3207200
2025-06-08 20:00:00-04:00,73.03,74.62,71.70,72.46,3397400
2025-06-09 20:00:00-04:00,72.73,73.10,70.85,72.44,3878800
2025-06-10 20:00:00-04:00,72.95,73.25,71.52,72.22,2769200
2025-06-11 20:00:00-04:00,71.52,74.20,71.52,74.13,2160900
2025-06-12 20:00:00-04:00,72.72,73.67,71.72,72.16,1845200
2025-06-15 20:00:00-04:00,72.60,74.93,72.56,73.76,1854300
2025-06-16 20:00:00-04:00,73.02,74.55,72.96,73.45,1566500
2025-06-17 20:00:00-04:00,74.14,74.75,73.23,73.82,1496900
2025-06-19 20:00:00-04:00,74.43,75.56,73.96,74.53,2813700
2025-06-22 20:00:00-04:00,73.96,75.72,73.55,75.44,2061600
2025-06-23 20:00:00-04:00,77.00,79.87,76.06,79.35,2945300
2025-06-24 20:00:00-04:00,79.75,80.24,78.35,79.43,1821700
2025-06-25 20:00:00-04:00,80.06,82.45,79.79,81.51,3138900
2025-06-26 20:00:00-04:00,81.93,82.41,80.70,82.12,3397400
2025-06-29 20:00:00-04:00,82.94,83.28,81.25,81.33,1822900
2025-06-30 20:00:00-04:00,80.50,81.36,79.07,80.11,2042600
2025-07-01 20:00:00-04:00,79.16,80.07,78.09,79.52,3045200
2025-07-02 20:00:00-04:00,79.76,81.84,79.76,81.38,1082500
2025-07-06 20:00:00-04:00,80.81,81.27,79.41,80.13,1591000
2025-07-07 20:00:00-04:00,77.25,79.88,77.11,78.66,3457800
2025-07-08 20:00:00-04:00,79.21,79.88,78.29,79.33,1330300
2025-07-09 20:00:00-04:00,79.74,79.74,77.40,78.45,2332700
2025-07-10 20:00:00-04:00,77.98,78.29,77.10,77.75,1638200
2025-07-13 20:00:00-04:00,77.48,81.47,76.89,81.42,3647200
2025-07-14 20:00:00-04:00,82.57,83.21,81.38,82.61,3086100
2025-07-15 20:00:00-04:00,82.87,84.44,80.83,84.12,2534000
2025-07-16 20:00:00-04:00,84.65,85.40,83.90,84.81,1760500
2025-07-17 20:00:00-04:00,85.13,85.63,84.33,84.98,1784600
2025-07-20 20:00:00-04:00,84.50,85.88,83.40,85.47,1162800
2025-07-21 20:00:00-04:00,85.75,85.77,83.20,84.36,1680300
2025-07-22 20:00:00-04:00,84.95,87.29,84.38,86.75,1503200
2025-07-23 20:00:00-04:00,87.01,87.67,86.38,87.19,1708700
2025-07-24 20:00:00-04:00,87.68,88.92,86.84,88.60,1116000
2025-07-27 20:00:00-04:00,88.75,90.76,88.25,90.55,1136500
2025-07-28 20:00:00-04:00,92.00,93.48,90.81,91.07,2215500
2025-07-29 20:00:00-04:00,91.40,93.01,91.17,92.95,1426200
2025-07-30 20:00:00-04:00,94.01,95.51,92.79,92.84,1980300
2025-07-31 20:00:00-04:00,90.16,90.68,87.30,88.63,2151900
2025-08-03 20:00:00-04:00,89.42,92.90,88.65,92.67,1434300
2025-08-04 20:00:00-04:00,93.02,93.12,90.47,91.49,1470700
2025-08-05 20:00:00-04:00,92.61,94.34,91.65,94.31,1363500
2025-08-06 20:00:00-04:00,95.07,95.80,93.44,95.18,1216400
2025-08-07 20:00:00-04:00,96.00,96.43,94.63,95.06,2021400
2025-08-10 20:00:00-04:00,94.75,95.71,93.16,93.38,1409300
2025-08-11 20:00:00-04:00,93.58,96.56,93.50,96.40,1488500
2025-08-12 20:00:00-04:00,97.00,98.19,94.08,94.66,1547900
2025-08-13 20:00:00-04:00,92.88,93.40,89.09,91.42,2612600
2025-08-14 20:00:00-04:00,90.94,91.70,89.52,90.87,1478800
2025-08-17 20:00:00-04:00,90.46,92.21,90.10,91.93,1077600
2025-08-18 20:00:00-04:00,91.01,91.37,88.45,88.77,1593800
2025-08-19 20:00:00-04:00,87.87,88.00,84.41,86.64,1889700
2025-08-20 20:00:00-04:00,86.34,87.63,86.00,87.36,1496000
2025-08-21 20:00:00-04:00,87.54,90.45,87.25,89.81,1971300
2025-08-24 20:00:00-04:00,90.12,91.12,89.41,90.74,1663800
2025-08-25 20:00:00-04:00,91.09,92.52,90.65,91.49,1187200
2025-08-26 20:00:00-04:00,91.43,94.04,91.43,92.74,1657600
2025-08-27 20:00:00-04:00,93.00,98.88,92.87,97.89,2790400
2025-08-28 20:00:00-04:00,97.25,97.55,93.47,93.97,2230600
2025-09-01 20:00:00-04:00,92.68,93.61,90.00,93.59,2702400
2025-09-02 20:00:00-04:00,93.74,95.21,92.46,94.82,5741200
2025-09-03 20:00:00-04:00,115.00,117.80,110.90,116.92,6199150
2025-09-04 20:00:00-04:00,115.86,117.06,113.66,116.69,4410300
2025-09-07 20:00:00-04:00,116.90,117.80,115.30,117.17,2593300
2025-09-08 20:00:00-04:00,116.90,117.80,115.30,117.17,2131800
2025-09-09 20:00:00-04:00,116.90,117.80,115.30,117.17,3431800
2025-09-10 20:00:00-04:00,116.90,117.80,115.30,117.17,3381100
2025-09-11 20:00:00-04:00,116.90,117.80,115.30,117.17,2778000
2025-09-14 20:00:00-04:00,116.90,117.80,115.30,117.17,3375500
2025-09-15 20:00:00-04:00,116.90,117.80,115.30,117.17,2907000
2025-09-16 20:00:00-04:00,116.90,117.80,115.30,117.17,3196700
2025-09-17 20:00:00-04:00,116.90,117.80,115.30,117.17,2048100
2025-09-18 20:00:00-04:00,116.90,117.80,115.30,117.17,3153500
2025-09-21 20:00:00-04:00,116.90,117.80,115.30,117.17,2613100
2025-09-22 20:00:00-04:00,116.90,117.80,115.30,117.17,2846200
2025-09-23 20:00:00-04:00,116.90,117.80,115.30,117.17,2367300
2025-09-24 20:00:00-04:00,116.90,117.80,115.30,117.17,2808100
2025-09-25 20:00:00-04:00,116.90,117.80,115.30,117.17,3795900
2025-09-28 20:00:00-04:00,116.90,117.80,115.30,117.17,2318600
2025-09-29 20:00:00-04:00,116.90,117.80,115.30,117.17,2088200
2025-09-30 20:00:00-04:00,116.90,117.80,115.30,117.17,3107500
2025-10-01 20:00:00-04:00,116.90,117.80,115.30,117.17,2280200
2025-10-02 20:00:00-04:00,116.90,117.80,115.30,117.17,1762400
2025-10-05 20:00:00-04:00,116.90,117.80,115.30,117.17,3005500
2025-10-06 20:00:00-04:00,116.90,117.80,115.30,117.17,2718500
2025-10-07 20:00:00-04:00,116.90,117.80,115.30,117.17,1981300
2025-10-08 20:00:00-04:00,116.90,117.80,115.30,117.17,2366000
2025-10-09 20:00:00-04:00,116.90,117.80,115.30,117.17,3059300
2025-10-12 20:00:00-04:00,116.90,117.80,115.30,117.17,2884700
2025-10-13 20:00:00-04:00,116.90,117.80,115.30,117.17,1738600
2025-10-14 20:00:00-04:00,116.90,117.80,115.30,117.17,2401800
2025-10-15 20:00:00-04:00,116.90,117.80,115.30,117.17,2615900
2025-10-16 20:00:00-04:00,116.90,117.80,115.30,117.17,1965600
2025-10-19 20:00:00-04:00,116.90,117.80,115.30,117.17,2010800
2025-10-20 20:00:00-04:00,116.90,117.80,115.30,117.17,2083700
2025-10-21 20:00:00-04:00,116.90,117.80,115.30,117.17,3091100
2025-10-22 20:00:00-04:00,116.90,117.80,115.30,117.17,2242000
2025-10-23 20:00:00-04:00,116.90,117.80,115.30,117.17,1851300
2025-10-26 20:00:00-04:00,116.90,117.80,115.30,117.17,1909200
2025-10-27 20:00:00-04:00,116.90,117.80,115.30,117.17,2597000
2025-10-28 20:00:00-04:00,116.90,117.80,115.30,117.17,2589100
2025-10-29 20:00:00-04:00,116.90,117.80,115.30,117.17,1940800
2025-10-30 20:00:00-04:00,116.90,117.80,115.30,117.17,2146200
2025-11-02 19:00:00-05:00,116.90,117.80,115.30,117.17,1725700
2025-11-03 19:00:00-05:00,116.90,117.80,115.30,117.17,3044900
2025-11-04 19:00:00-05:00,116.90,117.80,115.30,117.17,2782500
2025-11-05 19:00:00-05:00,116.90,117.80,115.30,117.17,2829700
2025-11-06 19:00:00-05:00,116.90,117.80,115.30,117.17,3331000
2025-11-09 19:00:00-05:00,116.90,117.80,115.30,117.17,3523300
2025-11-10 19:00:00-05:00,116.90,117.80,115.30,117.17,2880000
2025-11-11 19:00:00-05:00,116.90,117.80,115.30,117.17,2188800
2025-11-12 19:00:00-05:00,116.90,117.80,115.30,117.17,3621700
2025-11-13 19:00:00-05:00,116.90,117.80,115.30,117.17,5733900
2025-11-16 19:00:00-05:00,116.90,117.80,115.30,117.17,3143600
2025-11-17 19:00:00-05:00,116.90,117.80,115.30,117.17,3498800
2025-11-18 19:00:00-05:00,116.90,117.80,115.30,117.17,2725900
2025-11-19 19:00:00-05:00,116.90,117.80,115.30,117.17,3939200
2025-11-20 19:00:00-05:00,116.90,117.80,115.30,117.17,3812300
2025-11-23 19:00:00-05:00,116.90,117.80,115.30,117.17,6199150
2025-11-24 19:00:00-05:00,116.90,117.80,115.30,117.17,2114000
2025-11-25 19:00:00-05:00,116.90,117.80,115.30,117.17,2033300
2025-11-27 19:00:00-05:00,116.90,117.80,115.30,117.17,1262400
2025-11-30 19:00:00-05:00,116.90,117.80,115.30,117.17,2303800
2025-12-01 19:00:00-05:00,116.90,117.80,115.30,117.17,2282800
2025-12-02 19:00:00-05:00,116.90,117.80,115.30,117.17,3809100
2025-12-03 19:00:00-05:00,116.90,117.80,115.30,117.17,2447300
2025-12-04 19:00:00-05:00,116.90,117.80,115.30,117.17,2332300
2025-12-07 19:00:00-05:00,116.90,117.80,115.30,117.17,3775000
2025-12-08 19:00:00-05:00,116.90,117.80,115.30,117.17,3288500
2025-12-09 19:00:00-05:00,116.90,117.80,115.30,117.17,3822200
2025-12-10 19:00:00-05:00,116.90,117.80,115.30,117.17,6199150
2025-12-11 19:00:00-05:00,116.90,117.80,115.30,117.17,4664500
2025-12-14 19:00:00-05:00,116.90,117.80,115.30,117.17,2686500
2025-12-15 19:00:00-05:00,116.90,117.80,115.30,117.17,2727100
2025-12-16 19:00:00-05:00,116.90,117.80,115.30,117.17,2365600
2025-12-17 19:00:00-05:00,116.90,117.80,115.30,117.17,3057100
2025-12-18 19:00:00-05:00,116.90,117.80,115.30,117.17,4528300
2025-12-21 19:00:00-05:00,116.90,117.80,115.30,117.17,2811400
2025-12-22 19:00:00-05:00,116.90,117.80,115.30,117.17,1802100
2025-12-23 19:00:00-05:00,116.90,117.80,115.30,117.17,833200
2025-12-25 19:00:00-05:00,116.90,117.80,115.30,117.17,946900
2025-12-28 19:00:00-05:00,116.90,117.80,115.30,117.17,1755600
2025-12-29 19:00:00-05:00,116.90,117.80,115.30,117.17,1163000
2025-12-30 19:00:00-05:00,116.90,117.80,115.30,117.17,1170200
2026-01-01 19:00:00-05:00,116.90,117.80,115.30,117.17,1985000
2026-01-04 19:00:00-05:00,116.90,117.80,115.30,117.17,3215900
2026-01-05 19:00:00-05:00,116.90,117.80,115.30,117.17,3456200
2026-01-06 19:00:00-05:00,116.90,117.80,115.30,117.17,3220700
2026-01-07 19:00:00-05:00,116.90,117.80,115.30,117.17,4574100
2026-01-08 19:00:00-05:00,116.90,117.80,115.30,117.17,2772100
2026-01-11 19:00:00-05:00,116.90,117.80,115.30,117.17,2240000
2026-01-12 19:00:00-05:00,116.90,117.80,115.30,117.17,1699200
2026-01-13 19:00:00-05:00,116.90,117.80,115.30,117.17,1776700
2026-01-14 19:00:00-05:00,116.90,117.80,115.30,117.17,1747700
2026-01-15 19:00:00-05:00,116.90,117.80,115.30,117.17,2056200
2026-01-19 19:00:00-05:00,116.90,117.80,115.30,117.17,2737900
2026-01-20 19:00:00-05:00,116.90,117.80,115.30,117.17,2884900
2026-01-21 19:00:00-05:00,116.90,117.80,115.30,117.17,2095000
2026-01-22 19:00:00-05:00,116.90,117.80,115.30,117.17,1806100
2026-01-25 19:00:00-05:00,116.90,117.80,115.30,117.17,1471500
2026-01-26 19:00:00-05:00,116.90,117.80,115.30,117.17,1971300
2026-01-27 19:00:00-05:00,116.90,117.80,115.30,117.17,2073000
2026-01-28 19:00:00-05:00,116.90,117.80,115.30,117.17,2262400
2026-01-29 19:00:00-05:00,116.90,117.80,115.30,117.17,3246900
2026-02-01 19:00:00-05:00,116.90,117.80,115.30,117.17,2534000
2026-02-02 19:00:00-05:00,116.90,117.80,115.30,117.17,3186600
2026-02-03 19:00:00-05:00,116.90,117.80,115.30,117.17,5577100
2026-02-04 19:00:00-05:00,116.90,117.80,115.30,117.17,3316200
2026-02-05 19:00:00-05:00,116.90,117.80,115.30,117.17,6199150
2026-02-08 19:00:00-05:00,116.90,117.80,115.30,117.17,4303800
2026-02-09 19:00:00-05:00,116.90,117.80,115.30,117.17,2274500
2026-02-10 19:00:00-05:00,116.90,117.80,115.30,117.17,3525900
2026-02-11 19:00:00-05:00,116.90,117.80,115.30,117.17,2871500
2026-02-12 19:00:00-05:00,116.90,117.80,115.30,117.17,3088200
2026-02-16 19:00:00-05:00,116.90,117.80,115.30,117.17,2182200
2026-02-17 19:00:00-05:00,116.90,117.80,115.30,117.17,2223800
2026-02-18 19:00:00-05:00,116.90,117.80,115.30,117.17,2389500
2026-02-19 19:00:00-05:00,116.90,117.80,115.30,117.17,2527700
2026-02-22 19:00:00-05:00,116.90,117.80,115.30,117.17,2197400
2026-02-23 19:00:00-05:00,116.90,117.80,115.30,117.17,2270200
2026-02-24 19:00:00-05:00,116.90,117.80,115.30,117.17,2348300
2026-02-25 19:00:00-05:00,116.90,117.80,115.30,117.17,2612900
2026-02-26 19:00:00-05:00,116.90,117.80,115.30,117.17,3083000
2026-03-01 19:00:00-05:00,116.90,117.80,115.30,117.17,2527500
2026-03-02 19:00:00-05:00,116.90,117.80,115.30,117.17,3014100
2026-03-03 19:00:00-05:00,116.90,117.80,115.30,117.17,2708600
2026-03-04 19:00:00-05:00,116.90,117.80,115.30,117.17,6199150
2026-03-05 19:00:00-05:00,116.90,117.80,115.30,117.17,3924200
2026-03-08 20:00:00-04:00,116.90,117.80,115.30,117.17,3070300
2026-03-09 20:00:00-04:00,116.90,117.80,115.30,117.17,3020900
2026-03-10 20:00:00-04:00,116.90,117.80,115.30,117.17,2058400
2026-03-11 20:00:00-04:00,116.90,117.80,115.30,117.17,2641100
2026-03-12 20:00:00-04:00,116.90,117.80,115.30,117.17,2425800
2026-03-15 20:00:00-04:00,116.90,117.80,115.30,117.17,3759700
2026-03-16 20:00:00-04:00,116.90,117.80,115.30,117.17,3264000
2026-03-17 20:00:00-04:00,116.90,117.80,115.30,117.17,4159500
2026-03-18 20:00:00-04:00,116.90,117.80,115.30,117.17,3934600
2026-03-19 20:00:00-04:00,116.90,117.80,115.30,117.17,5809600
2026-03-22 20:00:00-04:00,116.90,117.80,115.30,117.17,3544000
2026-03-23 20:00:00-04:00,116.90,117.80,115.30,117.17,3382000
2026-03-24 20:00:00-04:00,116.90,117.80,115.30,117.17,2670800
2026-03-25 20:00:00-04:00,116.90,117.80,115.30,117.17,3719900
2026-03-26 20:00:00-04:00,116.90,117.80,115.30,117.17,2518000
2026-03-29 20:00:00-04:00,116.90,117.80,115.30,117.17,3512400
2026-03-30 20:00:00-04:00,116.90,117.80,115.30,117.17,3021000
2026-03-31 20:00:00-04:00,116.90,117.80,115.30,117.17,2677100
2026-04-01 20:00:00-04:00,116.90,117.80,115.30,117.17,3617700
2026-04-05 20:00:00-04:00,116.90,117.80,115.30,117.17,1939100
2026-04-06 20:00:00-04:00,116.90,117.80,115.30,117.17,1969500
2026-04-07 20:00:00-04:00,116.90,117.80,115.30,117.17,4110400
2026-04-08 20:00:00-04:00,116.90,117.80,115.30,117.17,3280400
2026-04-09 20:00:00-04:00,116.90,117.80,115.30,117.17,2498400
2026-04-12 20:00:00-04:00,116.90,117.80,115.30,117.17,3048400
2026-04-13 20:00:00-04:00,116.90,117.80,115.30,117.17,3429500
2026-04-14 20:00:00-04:00,116.90,117.80,115.30,117.17,3041100
2026-04-15 20:00:00-04:00,116.90,117.80,115.30,117.17,2298700
2026-04-16 20:00:00-04:00,116.90,117.80,115.30,117.17,1926300
2026-04-19 20:00:00-04:00,116.90,117.80,115.30,117.17,1963500
2026-04-20 20:00:00-04:00,116.90,117.80,115.30,117.17,1805700
2026-04-21 20:00:00-04:00,116.90,117.80,115.30,117.17,2778000
2026-04-22 20:00:00-04:00,116.90,117.80,115.30,117.17,2281900
2026-04-23 20:00:00-04:00,116.90,117.80,115.30,117.17,1418300
2026-04-26 20:00:00-04:00,116.90,117.80,115.30,117.17,1684200
2026-04-27 20:00:00-04:00,116.90,117.80,115.30,117.17,3103100
2026-04-28 20:00:00-04:00,116.90,117.80,115.30,117.17,1830400
2026-04-29 20:00:00-04:00,116.90,117.80,115.30,117.17,2665500
2026-04-30 20:00:00-04:00,116.90,117.80,115.30,117.17,1733800
2026-05-03 20:00:00-04:00,116.90,117.80,115.30,117.17,1198600
2026-05-04 20:00:00-04:00,116.90,117.80,115.30,117.17,1632400
2026-05-05 20:00:00-04:00,116.90,117.80,115.30,117.17,2244800
2026-05-06 20:00:00-04:00,116.90,117.80,115.30,117.17,3546900
2026-05-07 20:00:00-04:00,116.90,117.80,115.30,117.17,1501600
2026-05-10 20:00:00-04:00,116.90,117.80,115.30,117.17,2380700
2026-05-11 20:00:00-04:00,116.90,117.80,115.30,117.17,1603700
2026-05-12 20:00:00-04:00,116.90,117.80,115.30,117.17,1272700
2026-05-13 20:00:00-04:00,116.90,117.80,115.30,117.17,1121900
2026-05-14 20:00:00-04:00,116.90,117.80,115.30,117.17,2423400
2026-05-17 20:00:00-04:00,116.90,117.80,115.30,117.17,2502800
2026-05-18 20:00:00-04:00,116.90,117.80,115.30,117.17,2331500
2026-05-19 20:00:00-04:00,116.90,117.80,115.30,117.17,1985900
2026-05-20 20:00:00-04:00,116.90,117.80,115.30,117.17,1548500
2026-05-21 20:00:00-04:00,116.90,117.80,115.30,117.17,1620800
2026-05-25 20:00:00-04:00,116.90,117.80,115.30,117.17,1407700
2026-05-26 20:00:00-04:00,116.90,117.80,115.30,117.17,1751500
2026-05-27 20:00:00-04:00,116.90,117.80,115.30,117.17,1813700
2026-05-28 20:00:00-04:00,116.90,117.80,115.30,117.17,3862900
2026-05-31 20:00:00-04:00,116.90,117.80,115.30,117.17,2894200
2026-06-01 20:00:00-04:00,116.90,117.80,115.30,117.17,2725900
2026-06-02 20:00:00-04:00,116.90,117.80,115.30,117.17,2654000
2026-06-03 20:00:00-04:00,116.90,117.80,115.30,117.17,6199150
2026-06-04 20:00:00-04:00,116.90,117.80,115.30,117.17,4195400
2026-06-07 20:00:00-04:00,116.90,117.80,115.30,117.17,5635300
2026-06-08 20:00:00-04:00,116.90,117.80,115.30,117.17,6199150
2026-06-09 20:00:00-04:00,116.90,117.80,115.30,117.17,3869900
2026-06-10 20:00:00-04:00,116.90,117.80,115.30,117.17,3000400
2026-06-11 20:00:00-04:00,116.90,117.80,115.30,117.17,2665200
2026-06-14 20:00:00-04:00,116.90,117.80,115.30,117.17,3955900
2026-06-15 20:00:00-04:00,116.90,117.80,115.30,117.17,4210600
2026-06-16 20:00:00-04:00,116.90,117.80,115.30,117.17,2883800
2026-06-17 20:00:00-04:00,116.90,117.80,115.30,117.17,4297300
2026-06-21 20:00:00-04:00,116.90,117.80,115.30,117.17,3863800
2026-06-22 20:00:00-04:00,116.90,117.80,115.30,117.17,3816500
2026-06-23 20:00:00-04:00,116.90,117.80,115.30,117.17,2802000
2026-06-24 20:00:00-04:00,116.90,117.80,115.30,117.17,3554900
2026-06-25 20:00:00-04:00,116.90,117.80,115.30,117.17,6199150
2026-06-28 20:00:00-04:00,116.90,117.80,115.30,117.17,4073500
