Date,Open,High,Low,Close,Volume
2018-07-01 20:00:00-04:00,100.14,100.14,98.02,98.94,952300
2018-07-02 20:00:00-04:00,100.16,101.91,98.86,99.51,701700
2018-07-04 20:00:00-04:00,100.84,102.08,100.06,101.01,836300
2018-07-05 20:00:00-04:00,100.99,104.12,99.44,103.28,839100
2018-07-08 20:00:00-04:00,103.27,104.75,103.08,104.58,1089900
2018-07-09 20:00:00-04:00,105.47,105.79,101.66,102.50,2119500
2018-07-10 20:00:00-04:00,101.89,103.17,98.76,100.06,1455900
2018-07-11 20:00:00-04:00,101.19,101.19,98.44,99.69,837300
2018-07-12 20:00:00-04:00,99.50,101.61,99.47,100.50,897000
2018-07-15 20:00:00-04:00,98.59,100.09,98.26,99.47,851800
2018-07-16 20:00:00-04:00,98.63,100.74,98.03,99.97,507800
2018-07-17 20:00:00-04:00,99.76,100.25,98.07,99.93,1009800
2018-07-18 20:00:00-04:00,99.80,101.33,99.48,101.07,653600
2018-07-19 20:00:00-04:00,101.79,101.79,99.47,100.35,885800
2018-07-22 20:00:00-04:00,100.35,100.69,99.34,100.37,702000
2018-07-23 20:00:00-04:00,101.20,103.27,100.83,102.11,855600
2018-07-24 20:00:00-04:00,101.93,104.06,101.05,103.06,608600
2018-07-25 20:00:00-04:00,102.83,103.99,102.57,102.96,556200
2018-07-26 20:00:00-04:00,102.76,104.50,100.68,101.27,729600
2018-07-29 20:00:00-04:00,102.53,104.07,101.39,102.31,1388800
2018-07-30 20:00:00-04:00,101.95,103.30,99.54,100.97,625000
2018-07-31 20:00:00-04:00,100.60,101.81,98.53,101.68,724500
2018-08-01 20:00:00-04:00,100.98,103.81,100.00,102.91,544100
2018-08-02 20:00:00-04:00,102.90,103.16,99.43,100.09,1028900
2018-08-05 20:00:00-04:00,100.92,103.87,100.41,102.24,1028500
2018-08-06 20:00:00-04:00,102.92,104.26,102.66,103.10,659700
2018-08-07 20:00:00-04:00,102.30,103.00,100.62,102.37,1548400
2018-08-08 20:00:00-04:00,101.77,103.31,99.08,100.35,1897200
2018-08-09 20:00:00-04:00,101.05,104.07,100.28,103.15,1340700
2018-08-12 20:00:00-04:00,102.35,103.43,100.68,100.91,911900
2018-08-13 20:00:00-04:00,101.93,103.22,101.44,102.34,1239100
2018-08-14 20:00:00-04:00,94.15,95.04,88.21,90.06,6442675
2018-08-15 20:00:00-04:00,91.82,92.34,90.38,92.17,3945000
2018-08-16 20:00:00-04:00,92.26,93.45,90.88,92.06,2165100
2018-08-19 20:00:00-04:00,93.04,93.31,91.28,92.68,1904300
2018-08-20 20:00:00-04:00,93.41,95.19,93.07,93.90,2826800
2018-08-21 20:00:00-04:00,95.22,96.02,94.82,95.16,2283900
2018-08-22 20:00:00-04:00,94.22,94.81,92.67,93.14,990100
2018-08-23 20:00:00-04:00,94.19,94.56,93.07,93.26,1314800
2018-08-26 20:00:00-04:00,93.88,94.66,93.31,94.01,1638100
2018-08-27 20:00:00-04:00,93.81,94.23,92.22,92.78,1304700
2018-08-28 20:00:00-04:00,92.78,93.64,92.31,93.38,2070800
2018-08-29 20:00:00-04:00,93.19,93.79,92.54,93.08,1060800
2018-08-30 20:00:00-04:00,92.84,93.01,91.68,92.75,1852700
2018-09-03 20:00:00-04:00,93.57,93.63,91.76,92.16,1374500
2018-09-04 20:00:00-04:00,91.45,91.57,89.54,89.97,1778800
2018-09-05 20:00:00-04:00,89.98,90.02,86.94,87.70,1721700
2018-09-06 20:00:00-04:00,87.32,87.32,85.28,86.29,1902800
2018-09-09 20:00:00-04:00,86.36,86.88,85.60,85.87,1902400
2018-09-10 20:00:00-04:00,86.07,89.87,85.26,89.16,2335200
2018-09-11 20:00:00-04:00,90.17,92.63,90.16,92.31,2308500
2018-09-12 20:00:00-04:00,92.05,92.35,90.11,91.01,1962500
2018-09-13 20:00:00-04:00,91.34,94.61,90.72,93.24,2167900
2018-09-16 20:00:00-04:00,93.12,95.32,92.76,93.98,1582500
2018-09-17 20:00:00-04:00,94.91,96.70,94.19,95.56,2019400
2018-09-18 20:00:00-04:00,95.59,98.94,95.37,98.49,2071000
2018-09-19 20:00:00-04:00,99.04,99.34,96.85,97.07,1917000
2018-09-20 20:00:00-04:00,97.93,98.78,97.11,98.47,1801100
2018-09-23 20:00:00-04:00,99.74,102.31,99.56,101.77,2216700
2018-09-24 20:00:00-04:00,102.37,104.33,101.86,103.03,1891000
2018-09-25 20:00:00-04:00,102.74,103.09,100.44,100.60,2045700
2018-09-26 20:00:00-04:00,101.91,102.96,101.02,102.69,1283900
2018-09-27 20:00:00-04:00,102.30,105.58,102.05,103.55,1629000
2018-09-30 20:00:00-04:00,103.75,106.08,103.68,104.79,1215100
2018-10-01 20:00:00-04:00,105.01,105.32,103.48,104.98,1423900
2018-10-02 20:00:00-04:00,105.66,107.84,104.50,107.18,1820800
2018-10-03 20:00:00-04:00,106.76,106.76,103.56,103.60,1506800
2018-10-04 20:00:00-04:00,104.33,104.70,102.56,104.44,1428600
2018-10-07 20:00:00-04:00,103.10,103.87,100.97,101.78,1466900
2018-10-08 20:00:00-04:00,101.59,104.53,101.59,103.51,1228500
2018-10-09 20:00:00-04:00,103.52,103.94,98.76,99.03,1652100
2018-10-10 20:00:00-04:00,98.09,99.36,95.41,95.46,2204300
2018-10-11 20:00:00-04:00,97.64,98.05,93.36,96.61,1604800
2018-10-14 20:00:00-04:00,97.89,98.51,96.68,97.99,1073100
2018-10-15 20:00:00-04:00,98.97,100.60,97.75,100.21,1234900
2018-10-16 20:00:00-04:00,100.06,100.37,98.17,99.20,951100
2018-10-17 20:00:00-04:00,98.05,98.32,95.84,97.25,947800
2018-10-18 20:00:00-04:00,97.72,99.11,96.87,97.36,1298600
2018-10-21 20:00:00-04:00,97.41,97.56,95.05,95.41,2078900
2018-10-22 20:00:00-04:00,92.83,93.54,89.71,91.24,2636200
2018-10-23 20:00:00-04:00,92.59,92.76,86.27,86.48,1479700
2018-10-24 20:00:00-04:00,87.69,88.44,85.75,87.51,1766900
2018-10-25 20:00:00-04:00,85.98,88.33,84.18,87.14,1867800
2018-10-28 20:00:00-04:00,87.16,87.44,81.49,82.86,1768000
2018-10-29 20:00:00-04:00,81.49,84.45,81.14,84.17,2093100
2018-10-30 20:00:00-04:00,85.04,88.63,84.87,86.07,2455900
2018-10-31 20:00:00-04:00,86.40,88.88,86.17,88.43,1499900
2018-11-01 20:00:00-04:00,88.87,89.41,86.53,87.57,1556400
2018-11-04 19:00:00-05:00,88.51,90.70,87.90,88.85,1315400
2018-11-05 19:00:00-05:00,89.18,89.34,86.18,86.84,2266000
2018-11-06 19:00:00-05:00,90.22,91.57,84.47,88.75,3843100
2018-11-07 19:00:00-05:00,88.30,88.95,83.94,84.76,2403100
2018-11-08 19:00:00-05:00,83.55,87.97,81.36,87.21,2440200
2018-11-11 19:00:00-05:00,87.84,88.58,84.19,84.43,1889200
2018-11-12 19:00:00-05:00,84.05,84.60,81.72,82.61,2039200
2018-11-13 19:00:00-05:00,84.28,85.64,82.74,83.27,1676600
2018-11-14 19:00:00-05:00,83.45,86.32,82.38,85.97,1848800
2018-11-15 19:00:00-05:00,86.06,88.13,85.76,87.66,1632800
2018-11-18 19:00:00-05:00,86.30,87.85,84.94,87.27,2185600
2018-11-19 19:00:00-05:00,85.20,85.80,82.88,83.38,1912500
2018-11-20 19:00:00-05:00,84.11,85.40,83.72,83.76,1527500
2018-11-22 19:00:00-05:00,80.73,81.84,79.38,80.43,1443000
2018-11-25 19:00:00-05:00,81.71,84.04,81.12,83.82,2564000
2018-11-26 19:00:00-05:00,85.96,87.59,83.58,84.23,6442675
2018-11-27 19:00:00-05:00,83.85,85.92,83.03,84.20,3818000
2018-11-28 19:00:00-05:00,84.64,87.50,84.13,85.89,4893000
2018-11-29 19:00:00-05:00,85.46,85.56,80.57,84.64,6442675
2018-12-02 19:00:00-05:00,87.29,88.93,85.32,86.02,6422700
2018-12-03 19:00:00-05:00,86.18,86.51,80.40,80.58,3880300
2018-12-05 19:00:00-05:00,78.22,78.48,74.35,78.08,5247300
2018-12-06 19:00:00-05:00,80.52,82.47,78.26,78.75,3588900
2018-12-09 19:00:00-05:00,77.71,79.67,76.25,77.17,2668400
2018-12-10 19:00:00-05:00,79.20,79.44,76.13,76.71,2166300
2018-12-11 19:00:00-05:00,78.04,79.02,75.44,75.53,2795000
2018-12-12 19:00:00-05:00,75.26,75.79,72.50,73.86,4373200
2018-12-13 19:00:00-05:00,73.45,73.45,70.43,71.09,4368300
2018-12-16 19:00:00-05:00,70.66,71.11,67.60,67.90,3815000
2018-12-17 19:00:00-05:00,68.15,68.98,66.34,67.43,3899500
2018-12-18 19:00:00-05:00,68.44,72.88,68.23,69.48,4552800
2018-12-19 19:00:00-05:00,67.77,70.15,67.77,68.27,3320800
2018-12-20 19:00:00-05:00,68.74,70.30,67.31,68.07,5570500
2018-12-23 19:00:00-05:00,67.66,68.51,65.65,65.70,1673500
2018-12-25 19:00:00-05:00,66.65,70.59,65.33,70.54,3065300
2018-12-26 19:00:00-05:00,69.02,71.35,67.84,71.22,1932400
2018-12-27 19:00:00-05:00,71.64,71.74,69.07,70.46,1803100
2018-12-30 19:00:00-05:00,70.89,71.54,69.84,71.09,1508700
2019-01-01 19:00:00-05:00,69.51,73.80,68.91,73.02,2385200
2019-01-02 19:00:00-05:00,73.39,75.07,72.34,73.74,2275500
2019-01-03 19:00:00-05:00,75.05,76.75,74.45,76.63,2600800
2019-01-06 19:00:00-05:00,77.19,79.46,76.48,78.70,2267000
2019-01-07 19:00:00-05:00,79.90,80.94,78.73,80.48,3275400
2019-01-08 19:00:00-05:00,82.05,83.54,81.06,81.89,2257300
2019-01-09 19:00:00-05:00,80.66,81.84,79.89,81.38,1835500
2019-01-10 19:00:00-05:00,80.71,80.79,78.75,79.83,1531200
2019-01-13 19:00:00-05:00,78.62,80.87,78.33,80.14,1833700
2019-01-14 19:00:00-05:00,80.66,81.89,79.23,80.53,1245300
2019-01-15 19:00:00-05:00,80.32,81.98,79.67,81.01,1610100
2019-01-16 19:00:00-05:00,80.17,81.66,79.84,81.02,1259700
2019-01-17 19:00:00-05:00,81.96,82.10,80.82,81.97,1645700
2019-01-21 19:00:00-05:00,80.96,81.22,77.61,77.80,2429700
2019-01-22 19:00:00-05:00,78.75,79.13,76.69,77.70,1464900
2019-01-23 19:00:00-05:00,77.76,78.97,77.44,77.88,2267500
2019-01-24 19:00:00-05:00,78.30,79.15,77.78,78.38,2364300
2019-01-27 19:00:00-05:00,77.29,77.67,76.10,76.91,1631900
2019-01-28 19:00:00-05:00,77.60,78.08,76.44,76.81,1505100
2019-01-29 19:00:00-05:00,78.40,78.63,76.75,78.42,1287600
2019-01-30 19:00:00-05:00,78.68,80.22,78.09,79.08,2240300
2019-01-31 19:00:00-05:00,79.29,80.07,78.46,78.90,1274800
2019-02-03 19:00:00-05:00,78.42,80.33,76.95,80.17,2025300
2019-02-04 19:00:00-05:00,79.70,79.87,77.96,78.13,2340800
2019-02-05 19:00:00-05:00,77.53,78.64,76.56,77.95,1347000
2019-02-06 19:00:00-05:00,77.37,77.64,74.90,75.12,1892700
2019-02-07 19:00:00-05:00,75.01,75.50,72.91,74.08,1908900
2019-02-10 19:00:00-05:00,73.72,75.24,72.74,75.04,1374200
2019-02-11 19:00:00-05:00,76.18,77.28,75.33,75.67,1580200
2019-02-12 19:00:00-05:00,76.18,78.22,75.92,77.47,1569200
2019-02-13 19:00:00-05:00,77.14,80.27,77.07,79.62,1827600
2019-02-14 19:00:00-05:00,80.52,82.01,79.82,80.90,2132400
2019-02-18 19:00:00-05:00,80.14,81.21,79.14,80.36,2466600
2019-02-19 19:00:00-05:00,79.85,82.86,79.45,81.73,3395400
2019-02-20 19:00:00-05:00,80.66,81.72,77.60,78.42,2724800
2019-02-21 19:00:00-05:00,79.22,80.34,78.80,79.87,1874300
2019-02-24 19:00:00-05:00,79.38,80.91,78.96,80.84,1707600
2019-02-25 19:00:00-05:00,80.73,82.02,80.43,81.01,1854800
2019-02-26 19:00:00-05:00,81.46,83.10,80.87,80.99,1576500
2019-02-27 19:00:00-05:00,80.88,81.01,78.76,79.02,2404900
2019-02-28 19:00:00-05:00,79.24,81.34,79.24,80.45,1910600
2019-03-03 19:00:00-05:00,81.05,81.21,78.87,80.36,1459500
2019-03-04 19:00:00-05:00,80.71,80.71,78.50,78.79,1380800
2019-03-05 19:00:00-05:00,78.65,78.69,76.35,76.81,1680200
2019-03-06 19:00:00-05:00,76.98,77.28,75.01,75.06,1711100
2019-03-07 19:00:00-05:00,73.60,73.75,71.30,73.32,1873600
2019-03-10 20:00:00-04:00,74.14,75.06,73.70,74.92,1398800
2019-03-11 20:00:00-04:00,75.25,77.56,75.25,77.16,1920700
2019-03-12 20:00:00-04:00,78.68,79.48,77.80,79.40,2119200
2019-03-13 20:00:00-04:00,79.26,81.47,79.26,80.01,2550900
2019-03-14 20:00:00-04:00,79.29,79.87,78.27,78.61,1755600
2019-03-17 20:00:00-04:00,78.94,80.33,78.30,80.26,1396200
2019-03-18 20:00:00-04:00,80.56,80.77,78.79,79.22,1330900
2019-03-19 20:00:00-04:00,78.89,81.64,78.85,80.75,1531300
2019-03-20 20:00:00-04:00,80.64,81.66,80.12,81.31,1657700
2019-03-21 20:00:00-04:00,80.66,80.66,77.60,77.83,1412700
2019-03-24 20:00:00-04:00,77.60,77.78,76.18,77.53,1053200
2019-03-25 20:00:00-04:00,78.36,80.09,78.26,78.78,1353000
2019-03-26 20:00:00-04:00,78.76,79.49,77.69,78.58,880400
2019-03-27 20:00:00-04:00,77.94,78.93,77.54,78.73,2086300
2019-03-28 20:00:00-04:00,79.68,80.44,77.74,77.95,1508800
2019-03-31 20:00:00-04:00,79.00,80.00,78.58,79.61,1414000
2019-04-01 20:00:00-04:00,79.77,80.28,78.63,78.69,1209100
2019-04-02 20:00:00-04:00,79.07,79.42,76.41,76.74,1491500
2019-04-03 20:00:00-04:00,76.78,77.18,75.85,76.65,1751900
2019-04-04 20:00:00-04:00,77.21,78.96,76.82,78.66,1951600
2019-04-07 20:00:00-04:00,78.93,80.74,78.93,80.12,1577000
2019-04-08 20:00:00-04:00,79.69,79.91,78.48,78.96,1236700
2019-04-09 20:00:00-04:00,79.01,80.23,78.77,79.75,1208200
2019-04-10 20:00:00-04:00,79.32,79.36,76.65,76.71,3192700
2019-04-11 20:00:00-04:00,80.61,82.99,80.25,81.60,3828700
2019-04-14 20:00:00-04:00,81.92,83.02,80.88,81.35,1716500
2019-04-15 20:00:00-04:00,81.80,82.46,80.96,82.05,2224300
2019-04-16 20:00:00-04:00,82.82,84.05,82.25,83.10,1890500
2019-04-17 20:00:00-04:00,83.85,84.07,82.32,82.36,1480600
2019-04-21 20:00:00-04:00,83.55,85.58,83.13,85.37,2347500
2019-04-22 20:00:00-04:00,85.37,86.60,84.56,85.84,2130300
2019-04-23 20:00:00-04:00,86.26,86.73,84.63,85.25,2721500
2019-04-24 20:00:00-04:00,85.31,85.96,84.07,84.15,1261700
2019-04-25 20:00:00-04:00,83.45,83.53,81.17,82.31,1817400
2019-04-28 20:00:00-04:00,82.53,82.76,81.48,82.07,1224400
2019-04-29 20:00:00-04:00,82.48,83.16,81.24,81.68,1917800
2019-04-30 20:00:00-04:00,81.14,81.19,77.74,77.83,2127200
2019-05-01 20:00:00-04:00,76.68,78.42,76.03,76.10,1780900
2019-05-02 20:00:00-04:00,76.79,77.92,76.55,77.14,1697800
2019-05-05 20:00:00-04:00,75.89,77.82,75.84,77.31,1715300
2019-05-06 20:00:00-04:00,76.43,76.93,73.57,75.42,2597600
2019-05-07 20:00:00-04:00,77.92,82.95,77.92,81.27,4557800
2019-05-08 20:00:00-04:00,80.58,84.15,80.31,83.10,3515200
2019-05-09 20:00:00-04:00,82.95,83.60,81.87,82.83,2279900
2019-05-12 20:00:00-04:00,82.24,83.63,81.16,82.30,1587100
2019-05-13 20:00:00-04:00,82.72,84.12,82.66,83.77,1661700
2019-05-14 20:00:00-04:00,82.68,84.78,82.48,83.73,1416400
2019-05-15 20:00:00-04:00,84.41,85.24,84.28,84.94,1044500
2019-05-16 20:00:00-04:00,84.27,85.55,84.27,85.24,1281200
2019-05-19 20:00:00-04:00,84.98,85.39,83.93,84.19,1390900
2019-05-20 20:00:00-04:00,85.14,87.63,85.03,87.37,2239300
2019-05-21 20:00:00-04:00,86.75,86.97,83.56,83.59,1444400
2019-05-22 20:00:00-04:00,81.90,81.90,78.13,79.87,2143600
2019-05-23 20:00:00-04:00,80.70,81.29,78.18,80.08,1389000
2019-05-27 20:00:00-04:00,80.29,80.66,79.01,79.62,1428900
2019-05-28 20:00:00-04:00,78.17,78.74,76.98,77.92,2679600
2019-05-29 20:00:00-04:00,78.02,79.02,76.84,77.18,1645400
2019-05-30 20:00:00-04:00,75.63,77.10,75.08,75.42,1900500
2019-06-02 20:00:00-04:00,75.92,76.63,74.82,75.51,1950100
2019-06-03 20:00:00-04:00,76.38,76.88,74.74,76.25,1769100
2019-06-04 20:00:00-04:00,76.19,76.75,72.65,73.93,2088700
2019-06-05 20:00:00-04:00,74.00,75.37,73.77,75.05,1450800
2019-06-06 20:00:00-04:00,74.56,75.92,74.43,74.62,1674000
2019-06-09 20:00:00-04:00,75.15,75.81,74.18,75.07,1750900
2019-06-10 20:00:00-04:00,75.87,77.66,75.40,76.73,1516200
2019-06-11 20:00:00-04:00,75.58,77.07,75.25,75.54,1551700
2019-06-12 20:00:00-04:00,77.15,78.13,76.55,77.05,1079900
2019-06-13 20:00:00-04:00,77.25,77.93,75.55,76.11,1093000
2019-06-16 20:00:00-04:00,75.71,78.63,75.53,78.13,1256400
2019-06-17 20:00:00-04:00,78.65,81.11,78.65,80.41,1416700
2019-06-18 20:00:00-04:00,80.07,81.07,79.08,80.08,1205700
2019-06-19 20:00:00-04:00,82.15,83.21,81.20,82.75,1871900
2019-06-20 20:00:00-04:00,83.05,84.59,82.38,84.44,2484200
2019-06-23 20:00:00-04:00,84.54,84.78,82.36,82.79,1380200
2019-06-24 20:00:00-04:00,82.41,82.92,80.80,80.93,1302600
2019-06-25 20:00:00-04:00,82.01,83.86,81.18,82.48,1645400
2019-06-26 20:00:00-04:00,82.76,83.79,82.58,82.68,1005600
2019-06-27 20:00:00-04:00,83.41,84.26,83.02,83.81,1633900
2019-06-30 20:00:00-04:00,85.41,85.49,83.20,84.11,1467900
2019-07-01 20:00:00-04:00,84.06,84.07,79.96,80.12,1834000
2019-07-02 20:00:00-04:00,80.38,80.94,79.94,80.91,584800
2019-07-04 20:00:00-04:00,81.54,83.58,81.53,82.61,1355900
2019-07-07 20:00:00-04:00,82.21,83.23,81.31,82.27,804200
2019-07-08 20:00:00-04:00,81.90,82.30,80.86,82.28,1006300
2019-07-09 20:00:00-04:00,83.44,84.91,82.86,84.36,1097200
2019-07-10 20:00:00-04:00,84.28,84.42,82.86,84.08,1230900
2019-07-11 20:00:00-04:00,84.45,86.02,84.39,85.24,1243600
2019-07-14 20:00:00-04:00,85.24,85.56,81.80,81.84,1075200
2019-07-15 20:00:00-04:00,81.94,82.64,79.10,80.08,1652000
2019-07-16 20:00:00-04:00,79.84,80.72,78.23,78.29,1230500
2019-07-17 20:00:00-04:00,78.43,79.71,77.70,79.67,1418600
2019-07-18 20:00:00-04:00,79.88,80.81,79.25,80.46,1141900
2019-07-21 20:00:00-04:00,80.42,81.91,79.51,79.60,981600
2019-07-22 20:00:00-04:00,79.82,80.62,79.41,80.33,738900
2019-07-23 20:00:00-04:00,79.89,81.79,79.89,80.34,802700
2019-07-24 20:00:00-04:00,80.41,80.69,77.44,77.99,1127400
2019-07-25 20:00:00-04:00,78.21,78.83,77.12,78.45,1005500
2019-07-28 20:00:00-04:00,78.31,78.52,76.18,76.71,1186300
2019-07-29 20:00:00-04:00,76.34,79.44,76.08,79.09,1311900
2019-07-30 20:00:00-04:00,78.83,80.75,78.53,79.55,1473000
2019-07-31 20:00:00-04:00,76.68,77.05,73.09,74.91,4983800
2019-08-01 20:00:00-04:00,75.28,76.25,72.94,74.98,2019200
2019-08-04 20:00:00-04:00,73.08,73.45,70.23,70.34,2350900
2019-08-05 20:00:00-04:00,70.61,71.53,68.29,70.04,2593600
2019-08-06 20:00:00-04:00,67.70,72.10,66.67,71.33,3916400
2019-08-07 20:00:00-04:00,72.34,73.45,71.92,73.22,4293900
2019-08-08 20:00:00-04:00,73.33,75.58,72.50,74.16,1676100
2019-08-11 20:00:00-04:00,73.88,75.22,73.28,74.51,1870000
2019-08-12 20:00:00-04:00,74.63,77.49,74.14,76.87,1796900
2019-08-13 20:00:00-04:00,74.86,75.45,73.96,74.08,1783100
2019-08-14 20:00:00-04:00,73.73,74.86,72.68,73.84,1531100
2019-08-15 20:00:00-04:00,73.96,75.40,73.66,74.95,1302500
2019-08-18 20:00:00-04:00,76.29,77.25,75.58,77.03,1109000
2019-08-19 20:00:00-04:00,76.48,77.45,76.06,76.51,1034000
2019-08-20 20:00:00-04:00,77.41,78.26,76.65,77.14,961700
2019-08-21 20:00:00-04:00,77.39,77.60,76.40,76.47,905500
2019-08-22 20:00:00-04:00,75.22,76.02,72.61,72.90,1817400
2019-08-25 20:00:00-04:00,74.44,74.55,71.76,72.06,1659800
2019-08-26 20:00:00-04:00,72.29,72.71,70.41,71.18,1528600
2019-08-27 20:00:00-04:00,71.83,75.33,71.55,74.47,1760500
2019-08-28 20:00:00-04:00,75.14,77.08,75.14,75.97,1333000
2019-08-29 20:00:00-04:00,76.12,76.91,74.64,75.59,1703700
2019-09-02 20:00:00-04:00,73.44,75.00,72.33,74.75,1427100
2019-09-03 20:00:00-04:00,76.23,76.74,75.32,75.38,1160600
2019-09-04 20:00:00-04:00,75.84,76.99,75.18,75.25,1561800
2019-09-05 20:00:00-04:00,73.81,74.75,73.28,73.67,1623800
2019-09-08 20:00:00-04:00,74.50,75.22,73.40,74.40,2582100
2019-09-09 20:00:00-04:00,75.02,78.22,74.76,76.65,2724600
2019-09-10 20:00:00-04:00,77.06,78.12,75.36,76.08,1314200
2019-09-11 20:00:00-04:00,74.36,75.10,73.65,74.11,1575400
2019-09-12 20:00:00-04:00,74.45,75.20,73.62,74.54,1189600
2019-09-15 20:00:00-04:00,80.15,81.65,78.46,80.95,3985100
2019-09-16 20:00:00-04:00,80.73,81.15,77.35,77.41,2406400
2019-09-17 20:00:00-04:00,76.56,76.68,74.90,75.72,1550000
2019-09-18 20:00:00-04:00,76.75,76.94,74.71,75.01,1270700
2019-09-19 20:00:00-04:00,75.02,75.67,73.83,74.61,3524400
2019-09-22 20:00:00-04:00,74.48,76.40,74.32,75.75,1797800
2019-09-23 20:00:00-04:00,75.14,75.75,72.13,72.82,2268100
2019-09-24 20:00:00-04:00,72.07,72.36,70.18,71.86,2199000
2019-09-25 20:00:00-04:00,71.48,71.67,68.66,69.45,2467300
2019-09-26 20:00:00-04:00,68.59,70.05,68.51,69.35,1680800
2019-09-29 20:00:00-04:00,69.21,69.67,68.28,69.29,1125800
2019-09-30 20:00:00-04:00,68.55,68.97,65.51,65.51,3069100
2019-10-01 20:00:00-04:00,65.24,65.64,63.53,64.06,2013100
2019-10-02 20:00:00-04:00,63.44,66.73,63.44,66.19,2143400
2019-10-03 20:00:00-04:00,66.45,66.82,64.73,65.83,1328400
2019-10-06 20:00:00-04:00,65.78,66.01,64.24,64.25,1750400
2019-10-07 20:00:00-04:00,63.56,63.86,62.25,62.28,1900200
2019-10-08 20:00:00-04:00,63.07,63.49,62.23,62.85,1582500
2019-10-09 20:00:00-04:00,62.92,63.82,62.53,63.61,1334000
2019-10-10 20:00:00-04:00,64.34,65.26,63.93,64.46,1397300
2019-10-13 20:00:00-04:00,63.33,65.27,62.37,64.70,1244200
2019-10-14 20:00:00-04:00,63.98,66.23,63.70,65.38,2119200
2019-10-15 20:00:00-04:00,64.77,65.87,64.23,64.30,1516900
2019-10-16 20:00:00-04:00,64.60,65.59,64.08,64.77,1900500
2019-10-17 20:00:00-04:00,64.93,65.40,63.15,63.17,1358600
2019-10-20 20:00:00-04:00,63.39,63.99,62.96,63.76,1284200
2019-10-21 20:00:00-04:00,64.20,67.10,63.83,66.04,1218600
2019-10-22 20:00:00-04:00,65.87,67.72,64.84,67.17,1333500
2019-10-23 20:00:00-04:00,67.79,68.13,66.31,66.98,1015200
2019-10-24 20:00:00-04:00,66.92,68.02,66.41,67.40,961600
2019-10-27 20:00:00-04:00,67.80,68.45,66.28,66.74,1213500
2019-10-28 20:00:00-04:00,66.12,68.08,65.84,67.76,1707800
2019-10-29 20:00:00-04:00,67.15,68.00,64.80,65.03,1786700
2019-10-30 20:00:00-04:00,64.73,66.11,63.84,66.09,1409000
2019-10-31 20:00:00-04:00,66.69,67.35,66.13,66.88,1491200
2019-11-03 19:00:00-05:00,67.96,70.03,67.82,69.64,2150000
2019-11-04 19:00:00-05:00,70.13,71.51,69.42,69.54,2512500
2019-11-05 19:00:00-05:00,61.68,62.19,58.96,59.49,6442675
2019-11-06 19:00:00-05:00,59.92,61.02,57.45,58.23,5583200
2019-11-07 19:00:00-05:00,57.68,58.98,57.22,58.13,2361000
2019-11-10 19:00:00-05:00,57.20,59.46,56.80,59.17,3207700
2019-11-11 19:00:00-05:00,59.96,61.31,59.42,60.12,2975600
2019-11-12 19:00:00-05:00,59.58,60.53,58.74,59.35,2145700
2019-11-13 19:00:00-05:00,59.38,60.27,58.62,58.94,1589300
2019-11-14 19:00:00-05:00,59.14,60.16,58.77,59.55,2195500
2019-11-17 19:00:00-05:00,59.25,59.26,58.17,58.50,1717100
2019-11-18 19:00:00-05:00,58.04,58.27,57.06,57.31,1618800
2019-11-19 19:00:00-05:00,57.36,58.85,56.53,58.16,1591600
2019-11-20 19:00:00-05:00,58.37,58.81,57.28,58.38,3014900
2019-11-21 19:00:00-05:00,58.37,59.17,57.89,58.20,1748100
2019-11-24 19:00:00-05:00,57.97,59.66,57.34,59.59,2119600
2019-11-25 19:00:00-05:00,59.73,59.95,58.77,59.56,2149300
2019-11-26 19:00:00-05:00,59.96,61.05,59.38,60.66,1881400
2019-11-28 19:00:00-05:00,59.86,60.56,59.26,59.75,946200
2019-12-01 19:00:00-05:00,59.94,60.64,59.29,60.17,1677200
2019-12-02 19:00:00-05:00,59.38,59.83,58.88,59.42,1800300
2019-12-03 19:00:00-05:00,59.72,62.64,59.61,62.24,2598900
2019-12-04 19:00:00-05:00,62.44,62.96,61.27,61.76,2013700
2019-12-05 19:00:00-05:00,62.09,64.52,62.06,64.30,2031900
2019-12-08 19:00:00-05:00,63.82,65.16,63.35,64.72,1781600
2019-12-09 19:00:00-05:00,64.78,65.37,64.31,64.48,1710000
2019-12-10 19:00:00-05:00,64.64,65.15,64.14,64.76,3193800
2019-12-11 19:00:00-05:00,64.82,67.10,64.76,66.65,1660500
2019-12-12 19:00:00-05:00,66.97,67.79,65.70,65.73,1272000
2019-12-15 19:00:00-05:00,66.16,67.92,66.16,67.74,2780200
2019-12-16 19:00:00-05:00,67.84,68.30,66.70,66.91,1904100
2019-12-17 19:00:00-05:00,66.92,68.15,66.91,67.27,1594900
2019-12-18 19:00:00-05:00,67.40,67.92,66.45,67.58,2108400
2019-12-19 19:00:00-05:00,68.11,68.90,67.34,68.00,4300900
2019-12-22 19:00:00-05:00,68.28,69.10,68.14,68.78,1980300
2019-12-23 19:00:00-05:00,68.96,70.24,68.78,69.67,745300
2019-12-25 19:00:00-05:00,69.90,71.12,69.86,70.54,1466900
2019-12-26 19:00:00-05:00,70.84,71.15,69.99,70.12,1342400
2019-12-29 19:00:00-05:00,70.59,71.17,70.18,70.35,1790300
2019-12-30 19:00:00-05:00,70.12,71.94,70.00,71.74,1101500
2020-01-01 19:00:00-05:00,72.12,72.36,70.68,71.58,1822000
2020-01-02 19:00:00-05:00,73.39,73.97,72.18,72.94,2168500
2020-01-05 19:00:00-05:00,73.90,74.09,72.60,73.31,2018200
2020-01-06 19:00:00-05:00,73.12,74.58,73.12,74.49,2196900
2020-01-07 19:00:00-05:00,74.53,74.87,71.54,72.10,1991100
2020-01-08 19:00:00-05:00,72.07,73.11,71.10,72.73,1458900
2020-01-09 19:00:00-05:00,72.37,72.37,71.00,71.27,1684400
2020-01-12 19:00:00-05:00,71.07,71.16,69.78,69.90,2451800
2020-01-13 19:00:00-05:00,69.97,70.89,69.46,70.50,2048500
2020-01-14 19:00:00-05:00,70.12,70.86,69.20,70.54,1538700
2020-01-15 19:00:00-05:00,70.85,71.64,69.85,70.10,1586900
2020-01-16 19:00:00-05:00,70.22,70.80,69.00,69.17,1930400
2020-01-20 19:00:00-05:00,69.08,69.28,67.60,68.23,2215800
2020-01-21 19:00:00-05:00,67.88,68.04,65.88,66.01,2112200
2020-01-22 19:00:00-05:00,65.53,66.58,64.13,65.43,2058300
2020-01-23 19:00:00-05:00,64.90,64.90,63.25,64.00,1608500
2020-01-26 19:00:00-05:00,62.76,62.96,61.16,61.32,2338600
2020-01-27 19:00:00-05:00,62.00,62.12,60.81,61.12,2815100
2020-01-28 19:00:00-05:00,61.76,62.19,59.89,59.93,1379400
2020-01-29 19:00:00-05:00,58.91,59.59,57.45,59.09,3936700
2020-01-30 19:00:00-05:00,58.33,58.57,56.82,57.48,2437700
2020-02-02 19:00:00-05:00,57.32,57.56,56.02,56.46,2568400
2020-02-03 19:00:00-05:00,57.60,58.06,56.39,56.56,2249200
2020-02-04 19:00:00-05:00,57.90,60.53,57.69,59.79,2996200
2020-02-05 19:00:00-05:00,60.00,60.13,58.50,58.89,1309600
2020-02-06 19:00:00-05:00,58.18,58.47,57.03,57.35,1549500
2020-02-09 19:00:00-05:00,56.61,57.00,55.41,55.62,3973100
2020-02-10 19:00:00-05:00,56.50,56.76,55.68,56.02,1898200
2020-02-11 19:00:00-05:00,56.29,58.00,56.29,57.44,1999300
2020-02-12 19:00:00-05:00,57.35,57.89,56.94,57.58,2526600
2020-02-13 19:00:00-05:00,57.94,58.14,57.11,57.92,2084200
2020-02-17 19:00:00-05:00,57.56,58.38,57.07,57.60,2282400
2020-02-18 19:00:00-05:00,59.77,61.78,59.64,61.25,4359300
2020-02-19 19:00:00-05:00,62.11,63.03,60.45,60.63,2429400
2020-02-20 19:00:00-05:00,59.72,59.72,58.35,59.02,2015200
2020-02-23 19:00:00-05:00,56.55,56.63,54.36,54.91,2522700
2020-02-24 19:00:00-05:00,55.13,55.35,51.29,51.88,3401300
2020-02-25 19:00:00-05:00,51.92,52.31,48.74,48.78,3366500
2020-02-26 19:00:00-05:00,46.68,48.31,44.52,45.95,4306000
2020-02-27 19:00:00-05:00,44.13,48.00,44.03,47.90,4762200
2020-03-01 19:00:00-05:00,48.77,48.79,46.33,48.30,3284100
2020-03-02 19:00:00-05:00,48.27,49.93,47.46,48.00,3101200
2020-03-03 19:00:00-05:00,48.56,48.66,46.44,47.47,2453500
2020-03-04 19:00:00-05:00,46.75,46.84,44.43,45.24,2460900
2020-03-05 19:00:00-05:00,43.18,43.47,36.92,37.74,6442675
2020-03-08 20:00:00-04:00,22.59,22.93,18.16,20.89,6442675
2020-03-09 20:00:00-04:00,23.32,24.78,20.20,23.07,6442675
2020-03-10 20:00:00-04:00,22.00,22.00,19.44,20.36,6442675
2020-03-11 20:00:00-04:00,18.39,20.59,17.53,19.91,6442675
2020-03-12 20:00:00-04:00,21.66,21.90,19.70,21.13,6442675
2020-03-15 20:00:00-04:00,17.74,21.20,15.73,18.26,5636300
2020-03-16 20:00:00-04:00,18.40,18.65,15.48,15.72,6335400
2020-03-17 20:00:00-04:00,14.29,14.70,11.31,12.09,6442675
2020-03-18 20:00:00-04:00,12.34,15.05,11.87,14.53,6442675
2020-03-19 20:00:00-04:00,15.03,16.17,13.61,14.45,6442675
2020-03-22 20:00:00-04:00,14.53,16.70,13.59,15.83,6442675
2020-03-23 20:00:00-04:00,17.29,19.18,17.16,18.75,6282000
2020-03-24 20:00:00-04:00,19.12,20.18,17.23,18.79,5472600
2020-03-25 20:00:00-04:00,18.78,20.85,18.63,20.17,5156700
2020-03-26 20:00:00-04:00,19.26,19.30,18.11,18.55,3532600
2020-03-29 20:00:00-04:00,17.69,18.57,17.10,18.33,4627000
2020-03-30 20:00:00-04:00,19.14,21.20,18.91,20.36,5978800
2020-03-31 20:00:00-04:00,19.58,19.91,18.42,19.49,5043300
2020-04-01 20:00:00-04:00,20.67,25.79,20.55,22.58,6442675
2020-04-02 20:00:00-04:00,24.27,25.56,21.60,24.55,6442675
2020-04-05 20:00:00-04:00,25.03,25.25,23.03,24.95,5645200
2020-04-06 20:00:00-04:00,26.15,29.61,25.24,25.66,6442675
2020-04-07 20:00:00-04:00,26.62,29.27,26.17,29.13,5067400
2020-04-08 20:00:00-04:00,31.38,31.87,25.83,27.09,6442675
2020-04-12 20:00:00-04:00,28.72,28.91,25.43,25.71,5231200
2020-04-13 20:00:00-04:00,25.49,26.32,24.17,24.60,5110200
2020-04-14 20:00:00-04:00,22.91,23.69,22.23,23.50,5506700
2020-04-15 20:00:00-04:00,23.70,23.71,21.34,21.79,5225200
2020-04-16 20:00:00-04:00,22.06,24.55,21.97,24.50,5523300
2020-04-19 20:00:00-04:00,22.54,25.24,22.19,23.99,4717700
2020-04-20 20:00:00-04:00,22.91,24.51,22.66,24.41,4822500
2020-04-21 20:00:00-04:00,25.80,26.93,25.63,26.61,4612900
2020-04-22 20:00:00-04:00,27.55,29.40,27.09,28.84,5175800
2020-04-23 20:00:00-04:00,29.44,30.69,27.33,27.81,5357000
2020-04-26 20:00:00-04:00,27.06,28.56,25.74,28.15,3587000
2020-04-27 20:00:00-04:00,29.26,29.76,27.83,29.53,4282800
2020-04-28 20:00:00-04:00,31.12,34.39,30.80,34.35,5239400
2020-04-29 20:00:00-04:00,34.35,34.70,31.73,33.84,5484800
2020-04-30 20:00:00-04:00,32.73,33.21,30.28,31.31,3825500
2020-05-03 20:00:00-04:00,30.19,33.07,29.75,33.05,3596000
2020-05-04 20:00:00-04:00,35.40,35.66,30.96,31.35,5252200
2020-05-05 20:00:00-04:00,31.52,32.47,30.23,30.25,2879900
2020-05-06 20:00:00-04:00,31.28,32.38,30.90,31.38,2376700
2020-05-07 20:00:00-04:00,32.30,33.02,31.63,32.71,2804900
2020-05-10 20:00:00-04:00,32.56,33.03,31.80,31.88,2340700
2020-05-11 20:00:00-04:00,32.35,32.57,31.12,31.77,2651300
2020-05-12 20:00:00-04:00,31.49,31.49,29.19,29.64,3626200
2020-05-13 20:00:00-04:00,29.23,31.00,28.09,29.95,2732800
2020-05-14 20:00:00-04:00,30.11,31.20,29.82,30.42,2701900
2020-05-17 20:00:00-04:00,32.72,34.24,32.48,34.08,2908600
2020-05-18 20:00:00-04:00,34.33,34.67,32.81,32.82,2503800
2020-05-19 20:00:00-04:00,33.57,34.54,33.48,34.25,2104300
2020-05-20 20:00:00-04:00,34.22,34.70,32.99,33.64,1616800
2020-05-21 20:00:00-04:00,33.39,33.73,32.46,33.68,1773800
2020-05-25 20:00:00-04:00,34.90,35.64,34.34,35.22,2680900
2020-05-26 20:00:00-04:00,35.63,36.23,33.57,34.75,2796200
2020-05-27 20:00:00-04:00,34.99,35.08,33.34,33.75,1983000
2020-05-28 20:00:00-04:00,33.41,33.94,32.56,33.40,4327500
2020-05-31 20:00:00-04:00,33.18,34.56,32.46,34.30,2103300
2020-06-01 20:00:00-04:00,34.71,35.86,34.66,35.78,1941800
2020-06-02 20:00:00-04:00,36.54,37.51,35.79,37.32,2014500
2020-06-03 20:00:00-04:00,37.10,37.95,36.24,37.40,1697800
2020-06-04 20:00:00-04:00,40.46,41.90,39.68,40.96,4400900
2020-06-07 20:00:00-04:00,43.37,46.98,42.42,46.92,4506800
2020-06-08 20:00:00-04:00,44.91,44.92,41.81,42.30,4396800
2020-06-09 20:00:00-04:00,41.14,41.83,39.35,39.36,2612300
2020-06-10 20:00:00-04:00,35.22,37.48,34.70,34.80,3623300
2020-06-11 20:00:00-04:00,37.46,38.23,34.83,36.84,2637300
2020-06-14 20:00:00-04:00,34.42,38.49,33.86,37.75,2998500
2020-06-15 20:00:00-04:00,40.41,40.68,37.68,39.20,2151500
2020-06-16 20:00:00-04:00,39.07,39.10,36.48,36.52,2263800
2020-06-17 20:00:00-04:00,36.42,37.63,35.89,36.55,2401200
2020-06-18 20:00:00-04:00,37.40,37.81,35.84,36.66,5432500
2020-06-21 20:00:00-04:00,36.75,36.84,35.34,36.15,2671400
2020-06-22 20:00:00-04:00,36.99,37.38,36.05,36.33,2740100
2020-06-23 20:00:00-04:00,35.69,35.69,32.75,32.87,4372000
2020-06-24 20:00:00-04:00,32.77,34.24,32.03,34.22,3468600
2020-06-25 20:00:00-04:00,33.61,33.71,31.73,32.26,3699000
2020-06-28 20:00:00-04:00,31.69,32.86,31.31,32.50,2680100
2020-06-29 20:00:00-04:00,32.00,33.07,31.25,32.80,2632400
2020-06-30 20:00:00-04:00,33.23,33.61,31.00,31.06,4343000
2020-07-01 20:00:00-04:00,32.11,33.37,31.63,32.60,3305900
2020-07-05 20:00:00-04:00,33.47,33.83,32.40,33.64,2497900
2020-07-06 20:00:00-04:00,32.94,33.29,31.46,31.47,2133100
2020-07-07 20:00:00-04:00,31.59,32.22,31.25,31.56,2738300
2020-07-08 20:00:00-04:00,31.42,31.72,29.31,29.42,3235300
2020-07-09 20:00:00-04:00,29.31,30.59,28.95,30.54,2557200
2020-07-12 20:00:00-04:00,30.68,31.13,28.95,29.10,3915700
2020-07-13 20:00:00-04:00,29.14,30.92,28.87,30.81,2776800
2020-07-14 20:00:00-04:00,31.28,31.53,29.92,31.30,3706300
2020-07-15 20:00:00-04:00,30.66,31.79,29.94,30.99,1651600
2020-07-16 20:00:00-04:00,31.06,31.64,30.35,30.61,1904100
2020-07-19 20:00:00-04:00,30.63,31.46,30.25,30.26,1623700
2020-07-20 20:00:00-04:00,31.56,33.59,31.50,33.03,3450300
2020-07-21 20:00:00-04:00,32.44,32.86,31.67,32.71,1267800
2020-07-22 20:00:00-04:00,32.31,32.86,31.86,32.22,1257200
2020-07-23 20:00:00-04:00,32.46,32.84,31.63,31.95,1026000
2020-07-26 20:00:00-04:00,32.16,32.24,31.13,31.42,1231600
2020-07-27 20:00:00-04:00,31.09,31.60,30.40,30.50,1534200
2020-07-28 20:00:00-04:00,30.62,32.02,30.33,31.97,1644400
2020-07-29 20:00:00-04:00,30.88,31.34,30.19,30.99,1717900
2020-07-30 20:00:00-04:00,30.92,31.43,30.69,31.27,2380400
2020-08-02 20:00:00-04:00,31.28,31.88,30.46,31.39,2151000
2020-08-03 20:00:00-04:00,31.20,32.51,30.80,32.22,2728200
2020-08-04 20:00:00-04:00,33.06,33.93,32.19,32.66,1973900
2020-08-05 20:00:00-04:00,32.24,32.71,31.65,31.95,1706300
2020-08-06 20:00:00-04:00,31.60,33.10,31.30,32.95,1584200
2020-08-09 20:00:00-04:00,33.15,35.21,33.15,35.04,2869300
2020-08-10 20:00:00-04:00,35.84,36.83,34.67,34.87,2717200
2020-08-11 20:00:00-04:00,35.69,36.20,34.89,35.26,1702400
2020-08-12 20:00:00-04:00,35.16,35.60,34.71,35.27,1508000
2020-08-13 20:00:00-04:00,35.13,36.24,34.89,36.00,1775400
2020-08-16 20:00:00-04:00,35.85,36.23,35.09,35.66,1712400
2020-08-17 20:00:00-04:00,35.32,35.86,35.07,35.20,1604500
2020-08-18 20:00:00-04:00,35.16,35.43,34.18,34.25,1057500
2020-08-19 20:00:00-04:00,33.56,33.87,32.13,32.14,2567000
2020-08-20 20:00:00-04:00,31.65,31.94,30.90,31.02,2582500
2020-08-23 20:00:00-04:00,31.36,32.35,30.97,31.68,1722200
2020-08-24 20:00:00-04:00,32.06,32.64,31.69,32.48,1653300
2020-08-25 20:00:00-04:00,32.42,32.72,31.11,31.16,1318800
2020-08-26 20:00:00-04:00,31.44,31.74,30.98,31.46,1690400
2020-08-27 20:00:00-04:00,31.61,32.10,31.34,31.76,1239000
2020-08-30 20:00:00-04:00,31.77,31.80,30.81,30.82,1819300
2020-08-31 20:00:00-04:00,30.69,30.99,30.20,30.44,2169400
2020-09-01 20:00:00-04:00,30.16,30.25,28.68,28.73,4058600
2020-09-02 20:00:00-04:00,28.76,29.22,28.07,28.30,3410700
2020-09-03 20:00:00-04:00,28.66,28.83,27.67,28.11,2883800
2020-09-07 20:00:00-04:00,27.45,27.56,25.25,25.31,3869100
2020-09-08 20:00:00-04:00,25.80,25.80,24.96,25.47,4372900
2020-09-09 20:00:00-04:00,25.50,25.50,23.80,23.80,2852300
2020-09-10 20:00:00-04:00,23.85,24.12,23.04,23.43,3425800
2020-09-13 20:00:00-04:00,23.93,24.90,23.54,24.57,3083900
2020-09-14 20:00:00-04:00,24.67,25.09,24.02,24.13,2517700
2020-09-15 20:00:00-04:00,24.43,26.80,24.21,26.04,3570800
2020-09-16 20:00:00-04:00,25.36,26.76,25.17,26.73,3290200
2020-09-17 20:00:00-04:00,26.49,26.90,26.10,26.72,4801000
2020-09-20 20:00:00-04:00,25.75,25.94,24.55,25.38,2850900
2020-09-21 20:00:00-04:00,25.61,26.19,24.48,25.01,2702700
2020-09-22 20:00:00-04:00,25.01,25.33,23.62,23.65,2398000
2020-09-23 20:00:00-04:00,23.63,24.47,22.82,23.73,2031200
2020-09-24 20:00:00-04:00,23.42,23.84,22.82,23.65,3254500
2020-09-27 20:00:00-04:00,24.37,25.34,24.26,24.91,2581200
2020-09-28 20:00:00-04:00,24.58,24.77,23.94,24.68,2002600
2020-09-29 20:00:00-04:00,24.78,25.13,23.73,23.83,2935100
2020-09-30 20:00:00-04:00,23.74,23.74,22.62,23.01,4321700
2020-10-01 20:00:00-04:00,22.29,24.50,22.19,24.11,3746800
2020-10-04 20:00:00-04:00,24.52,24.75,23.92,24.42,2377900
2020-10-05 20:00:00-04:00,25.02,25.66,22.97,23.11,3605300
2020-10-06 20:00:00-04:00,23.46,23.63,22.88,23.31,3222600
2020-10-07 20:00:00-04:00,23.61,24.64,23.34,24.62,2542400
2020-10-08 20:00:00-04:00,24.92,25.20,24.07,24.28,2767900
2020-10-11 20:00:00-04:00,24.00,24.94,23.39,24.68,1891700
2020-10-12 20:00:00-04:00,24.39,24.88,24.03,24.06,1866100
2020-10-13 20:00:00-04:00,24.28,25.62,24.11,24.12,2691400
2020-10-14 20:00:00-04:00,23.66,24.23,23.11,24.23,2778900
2020-10-15 20:00:00-04:00,24.14,24.20,23.10,23.17,2778000
2020-10-18 20:00:00-04:00,23.48,23.49,22.16,22.18,4017700
2020-10-19 20:00:00-04:00,22.46,23.01,21.82,22.51,2940000
2020-10-20 20:00:00-04:00,22.32,22.50,21.76,21.92,3020000
2020-10-21 20:00:00-04:00,21.97,23.26,21.91,23.08,3398000
2020-10-22 20:00:00-04:00,23.18,23.46,22.65,22.97,2758800
2020-10-25 20:00:00-04:00,22.58,22.74,21.55,21.78,2738100
2020-10-26 20:00:00-04:00,21.64,21.71,20.92,21.02,4581200
2020-10-27 20:00:00-04:00,20.17,20.62,19.39,19.46,5808200
2020-10-28 20:00:00-04:00,18.99,20.28,18.69,20.20,4695000
2020-10-29 20:00:00-04:00,20.09,20.56,19.66,20.54,3394700
2020-11-01 19:00:00-05:00,20.92,22.32,20.12,21.92,4311300
2020-11-02 19:00:00-05:00,22.71,23.31,22.03,22.25,4269200
2020-11-03 19:00:00-05:00,22.18,22.81,21.28,21.45,3972000
2020-11-04 19:00:00-05:00,21.60,22.02,20.70,20.73,3870000
2020-11-05 19:00:00-05:00,20.63,20.85,19.44,19.57,4655900
2020-11-08 19:00:00-05:00,22.35,26.58,22.16,25.63,6442675
2020-11-09 19:00:00-05:00,26.76,27.05,25.21,27.00,5136900
2020-11-10 19:00:00-05:00,27.29,27.40,26.00,26.29,4373600
2020-11-11 19:00:00-05:00,25.45,26.60,24.92,25.34,2862200
2020-11-12 19:00:00-05:00,25.73,27.37,25.72,26.89,3066800
2020-11-15 19:00:00-05:00,28.37,29.06,28.09,28.76,4228600
2020-11-16 19:00:00-05:00,28.03,29.90,27.77,29.86,3521400
2020-11-17 19:00:00-05:00,30.21,31.89,29.71,30.21,5090200
2020-11-18 19:00:00-05:00,29.68,31.73,29.18,31.57,6155600
2020-11-19 19:00:00-05:00,31.53,32.01,30.89,31.89,3236500
2020-11-22 19:00:00-05:00,32.60,35.85,32.50,35.61,5003500
2020-11-23 19:00:00-05:00,37.24,37.82,36.02,37.73,5386400
2020-11-24 19:00:00-05:00,37.07,37.74,35.37,36.33,4276800
2020-11-26 19:00:00-05:00,35.70,35.82,34.02,34.83,3677400
2020-11-29 19:00:00-05:00,34.26,34.65,31.84,31.98,6442675
2020-11-30 19:00:00-05:00,33.23,33.56,31.65,31.89,4307200
2020-12-01 19:00:00-05:00,31.69,33.90,31.45,32.43,4252800
2020-12-02 19:00:00-05:00,32.88,34.08,32.50,33.54,3509900
2020-12-03 19:00:00-05:00,34.50,37.93,34.50,37.79,6387500
2020-12-06 19:00:00-05:00,37.13,37.74,36.13,36.53,3446900
2020-12-07 19:00:00-05:00,36.02,37.60,35.79,36.93,3125200
2020-12-08 19:00:00-05:00,37.43,38.67,36.93,37.88,4312000
2020-12-09 19:00:00-05:00,37.71,40.96,37.71,39.97,4896100
2020-12-10 19:00:00-05:00,40.07,40.25,39.02,40.11,2533300
2020-12-13 19:00:00-05:00,41.07,41.24,37.55,37.58,3596800
2020-12-14 19:00:00-05:00,38.30,38.92,36.99,38.55,2919900
2020-12-15 19:00:00-05:00,38.78,38.82,37.63,38.14,2818500
2020-12-16 19:00:00-05:00,38.57,38.63,37.27,37.93,2430500
2020-12-17 19:00:00-05:00,37.60,38.23,36.32,36.69,6442675
2020-12-20 19:00:00-05:00,33.82,36.21,33.62,36.03,6442675
2020-12-21 19:00:00-05:00,36.04,36.13,34.98,35.26,3080500
2020-12-22 19:00:00-05:00,35.92,38.73,35.71,38.26,4810500
2020-12-23 19:00:00-05:00,38.23,38.77,37.26,38.62,1609100
2020-12-27 19:00:00-05:00,38.94,39.03,37.78,38.12,2515600
2020-12-28 19:00:00-05:00,38.34,38.73,36.97,37.62,2121700
2020-12-29 19:00:00-05:00,37.51,39.72,37.41,39.43,2914400
2020-12-30 19:00:00-05:00,39.22,39.71,38.62,38.74,2210900
2021-01-03 19:00:00-05:00,39.22,40.09,38.07,39.17,2820800
2021-01-04 19:00:00-05:00,39.84,44.78,39.67,42.96,6028500
2021-01-05 19:00:00-05:00,43.92,46.25,43.16,45.08,4451400
2021-01-06 19:00:00-05:00,45.99,47.28,44.96,45.45,3259900
2021-01-07 19:00:00-05:00,45.79,46.74,44.52,45.43,2749400
2021-01-10 19:00:00-05:00,43.77,46.91,43.30,46.66,2167500
2021-01-11 19:00:00-05:00,47.48,50.53,47.07,50.32,4213900
2021-01-12 19:00:00-05:00,50.18,50.22,48.99,49.25,2484200
2021-01-13 19:00:00-05:00,50.02,51.28,49.25,49.57,3008600
2021-01-14 19:00:00-05:00,48.88,48.94,46.76,47.41,2840000
2021-01-18 19:00:00-05:00,48.42,48.91,47.86,48.04,1922800
2021-01-19 19:00:00-05:00,48.31,49.33,47.95,48.52,2348200
2021-01-20 19:00:00-05:00,48.10,48.89,46.02,48.65,4382700
2021-01-21 19:00:00-05:00,46.93,51.22,46.27,51.02,4518300
2021-01-24 19:00:00-05:00,49.90,51.94,47.58,49.09,3581000
2021-01-25 19:00:00-05:00,49.88,51.31,47.49,47.71,2928500
2021-01-26 19:00:00-05:00,46.23,48.15,44.92,45.29,4006700
2021-01-27 19:00:00-05:00,46.34,48.55,45.64,48.27,3635000
2021-01-28 19:00:00-05:00,47.85,48.75,45.11,45.37,3138200
2021-01-31 19:00:00-05:00,46.72,47.02,45.10,46.41,1934800
2021-02-01 19:00:00-05:00,47.94,48.41,46.65,46.76,1886200
2021-02-02 19:00:00-05:00,47.37,51.50,46.93,50.89,4214000
2021-02-03 19:00:00-05:00,51.80,52.74,50.46,52.30,2928500
2021-02-04 19:00:00-05:00,53.36,53.36,51.42,51.58,1912800
2021-02-07 19:00:00-05:00,52.80,55.71,52.54,55.17,2660700
2021-02-08 19:00:00-05:00,54.83,54.95,53.24,53.60,2409400
2021-02-09 19:00:00-05:00,54.06,55.95,53.38,55.13,2186400
2021-02-10 19:00:00-05:00,54.70,55.41,52.47,54.24,1815400
2021-02-11 19:00:00-05:00,53.61,55.79,53.33,55.32,1991300
2021-02-15 19:00:00-05:00,56.47,57.75,55.09,55.20,2524100
2021-02-16 19:00:00-05:00,55.36,56.18,53.94,55.10,1951300
2021-02-17 19:00:00-05:00,54.61,54.95,51.78,52.14,2338300
2021-02-18 19:00:00-05:00,52.38,53.58,52.16,52.48,2293800
2021-02-21 19:00:00-05:00,53.92,56.65,53.05,54.75,3405900
2021-02-22 19:00:00-05:00,53.66,57.19,50.46,56.83,5421100
2021-02-23 19:00:00-05:00,57.51,59.71,56.55,59.07,2798400
2021-02-24 19:00:00-05:00,59.71,59.92,55.27,55.27,2740600
2021-02-25 19:00:00-05:00,55.02,56.17,52.24,55.45,2530500
2021-02-28 19:00:00-05:00,56.79,59.60,56.36,58.96,3159600
2021-03-01 19:00:00-05:00,58.50,59.34,55.94,56.83,2592800
2021-03-02 19:00:00-05:00,58.01,62.81,58.01,59.92,3671300
2021-03-03 19:00:00-05:00,60.79,66.69,60.78,65.41,5757800
2021-03-04 19:00:00-05:00,67.61,71.44,66.47,68.63,6442675
2021-03-07 19:00:00-05:00,69.95,70.63,65.86,67.75,3194400
2021-03-08 19:00:00-05:00,66.81,67.30,64.34,65.22,3557600
2021-03-09 19:00:00-05:00,65.26,66.61,63.42,65.15,2816800
2021-03-10 19:00:00-05:00,66.24,69.20,65.54,67.64,2355000
2021-03-11 19:00:00-05:00,67.20,68.32,65.74,66.01,2146300
2021-03-14 20:00:00-04:00,66.42,67.94,65.71,67.85,2132400
2021-03-15 20:00:00-04:00,66.00,66.81,63.95,66.07,5632100
2021-03-16 20:00:00-04:00,65.30,66.77,63.60,65.53,2594400
2021-03-17 20:00:00-04:00,64.68,65.68,60.01,60.50,3535700
2021-03-18 20:00:00-04:00,60.78,63.61,59.77,61.02,6442675
2021-03-21 20:00:00-04:00,61.21,61.73,59.70,60.62,2663300
2021-03-22 20:00:00-04:00,58.11,60.59,57.43,58.06,3744100
2021-03-23 20:00:00-04:00,59.79,62.30,59.74,59.88,2555300
2021-03-24 20:00:00-04:00,58.03,59.85,55.97,59.40,3060000
2021-03-25 20:00:00-04:00,61.70,62.27,59.14,61.00,2158200
2021-03-28 20:00:00-04:00,60.13,61.04,58.51,59.76,1857300
2021-03-29 20:00:00-04:00,59.15,60.95,58.45,59.95,1567600
2021-03-30 20:00:00-04:00,59.88,60.52,58.86,59.15,2509100
2021-03-31 20:00:00-04:00,59.71,65.38,59.62,65.37,4710600
2021-04-04 20:00:00-04:00,65.12,65.20,60.50,60.69,3868400
2021-04-05 20:00:00-04:00,61.58,63.54,60.57,60.74,2533100
2021-04-06 20:00:00-04:00,60.39,61.91,60.26,61.42,2096400
2021-04-07 20:00:00-04:00,60.86,60.87,59.22,60.53,3255900
2021-04-08 20:00:00-04:00,60.93,61.61,59.60,60.21,1823800
2021-04-11 20:00:00-04:00,60.80,61.65,58.94,59.47,1633600
2021-04-12 20:00:00-04:00,60.13,61.86,59.57,60.98,1941400
2021-04-13 20:00:00-04:00,61.87,65.54,61.87,64.67,2961400
2021-04-14 20:00:00-04:00,63.72,64.36,62.73,63.65,1816900
2021-04-15 20:00:00-04:00,64.03,64.30,62.32,62.41,1588200
2021-04-18 20:00:00-04:00,62.78,64.32,62.01,62.52,1754400
2021-04-19 20:00:00-04:00,62.18,62.19,58.85,59.78,2708500
2021-04-20 20:00:00-04:00,58.93,61.04,58.23,60.58,1693000
2021-04-21 20:00:00-04:00,60.83,61.29,59.29,60.59,1292700
2021-04-22 20:00:00-04:00,61.08,61.74,60.17,61.28,1147400
2021-04-25 20:00:00-04:00,60.81,62.99,60.81,62.35,1192000
2021-04-26 20:00:00-04:00,62.44,64.07,62.22,63.85,1302400
2021-04-27 20:00:00-04:00,64.35,68.08,64.25,67.35,2791100
2021-04-28 20:00:00-04:00,68.42,70.51,67.27,67.89,2104800
2021-04-29 20:00:00-04:00,67.03,68.49,65.49,65.78,1718100
2021-05-02 20:00:00-04:00,67.19,68.05,66.01,67.55,1988800
2021-05-03 20:00:00-04:00,67.48,68.01,63.03,63.75,4645800
2021-05-04 20:00:00-04:00,64.45,69.30,63.39,66.90,4667800
2021-05-05 20:00:00-04:00,67.15,67.23,64.26,66.20,2412900
2021-05-06 20:00:00-04:00,64.88,68.00,64.51,67.78,2096300
2021-05-09 20:00:00-04:00,68.79,70.17,66.20,66.61,2036400
2021-05-10 20:00:00-04:00,64.10,65.85,62.20,64.23,2528200
2021-05-11 20:00:00-04:00,65.18,69.46,63.71,64.30,3715300
2021-05-12 20:00:00-04:00,63.10,65.23,60.75,61.64,3031000
2021-05-13 20:00:00-04:00,62.85,64.15,62.05,63.67,2573900
2021-05-16 20:00:00-04:00,63.42,65.14,62.90,65.01,2344800
2021-05-17 20:00:00-04:00,65.25,65.68,63.66,64.72,2063900
2021-05-18 20:00:00-04:00,62.48,63.93,61.04,63.03,2713000
2021-05-19 20:00:00-04:00,62.90,62.90,60.35,61.91,2686900
2021-05-20 20:00:00-04:00,63.02,64.12,61.40,61.73,2688600
2021-05-23 20:00:00-04:00,62.14,62.86,60.94,62.53,2324900
2021-05-24 20:00:00-04:00,62.65,63.00,60.94,61.06,1535600
2021-05-25 20:00:00-04:00,61.06,63.54,60.79,63.33,2386200
2021-05-26 20:00:00-04:00,63.88,64.92,63.19,64.18,1741600
2021-05-27 20:00:00-04:00,64.61,64.91,63.54,64.77,1361500
2021-05-31 20:00:00-04:00,67.05,70.25,66.66,70.06,4189300
2021-06-01 20:00:00-04:00,70.57,72.05,68.80,69.93,2704700
2021-06-02 20:00:00-04:00,69.55,70.82,68.44,69.99,2083100
2021-06-03 20:00:00-04:00,70.63,71.09,67.98,69.42,2294200
2021-06-06 20:00:00-04:00,69.82,71.07,69.37,70.53,1269800
2021-06-07 20:00:00-04:00,70.53,72.95,68.84,72.52,2686300
2021-06-08 20:00:00-04:00,72.90,74.51,71.07,71.41,2792100
2021-06-09 20:00:00-04:00,73.06,73.41,69.54,70.37,1771300
2021-06-10 20:00:00-04:00,70.50,71.55,70.14,70.60,1406800
2021-06-13 20:00:00-04:00,71.56,72.49,69.07,69.93,1526300
2021-06-14 20:00:00-04:00,70.57,73.73,70.41,73.49,2721500
2021-06-15 20:00:00-04:00,72.86,74.22,71.89,73.11,1672300
2021-06-16 20:00:00-04:00,72.77,73.82,68.07,70.29,2811400
2021-06-17 20:00:00-04:00,68.28,70.57,68.11,69.72,4276700
2021-06-20 20:00:00-04:00,70.08,74.68,69.98,74.02,2736700
2021-06-21 20:00:00-04:00,73.19,74.15,71.71,73.88,2022300
2021-06-22 20:00:00-04:00,74.72,77.48,74.27,74.35,2321800
2021-06-23 20:00:00-04:00,73.83,76.41,73.70,76.24,1762500
2021-06-24 20:00:00-04:00,76.67,78.18,75.69,77.91,4894100
2021-06-27 20:00:00-04:00,77.28,77.61,74.33,74.80,2340300
2021-06-28 20:00:00-04:00,75.49,77.04,74.41,74.93,1710900
2021-06-29 20:00:00-04:00,75.66,77.19,74.92,75.95,2110500
2021-06-30 20:00:00-04:00,78.47,82.94,76.92,80.57,5577400
2021-07-01 20:00:00-04:00,79.08,80.14,78.27,79.33,1773000
2021-07-05 20:00:00-04:00,79.49,79.77,73.59,73.75,3326500
2021-07-06 20:00:00-04:00,73.82,74.95,70.22,71.18,3724000
2021-07-07 20:00:00-04:00,69.34,72.10,69.04,71.34,3050300
2021-07-08 20:00:00-04:00,72.33,73.41,71.19,72.34,1834200
2021-07-11 20:00:00-04:00,71.25,73.14,70.31,72.67,1403000
2021-07-12 20:00:00-04:00,72.68,73.72,71.35,72.84,1211900
2021-07-13 20:00:00-04:00,73.45,73.92,68.00,68.42,2219300
2021-07-14 20:00:00-04:00,67.27,68.45,65.34,66.12,2985800
2021-07-15 20:00:00-04:00,66.80,67.07,63.11,63.39,1964600
2021-07-18 20:00:00-04:00,60.05,61.71,57.72,59.21,4708000
2021-07-19 20:00:00-04:00,58.78,61.68,58.15,60.61,2800200
2021-07-20 20:00:00-04:00,61.28,65.01,61.28,64.18,2988100
2021-07-21 20:00:00-04:00,64.03,64.22,62.20,63.64,1593800
2021-07-22 20:00:00-04:00,64.64,64.64,62.31,63.29,1939000
2021-07-25 20:00:00-04:00,63.30,65.87,63.19,64.92,2016500
2021-07-26 20:00:00-04:00,63.91,64.47,62.84,63.54,1815900
2021-07-27 20:00:00-04:00,63.76,65.26,63.11,64.38,2753200
2021-07-28 20:00:00-04:00,65.23,65.36,63.62,64.34,1479200
2021-07-29 20:00:00-04:00,64.13,64.24,61.68,62.40,2085100
2021-08-01 20:00:00-04:00,62.81,64.50,61.42,62.09,2854500
2021-08-02 20:00:00-04:00,61.09,65.74,61.08,65.15,4093400
2021-08-03 20:00:00-04:00,63.59,64.92,61.50,61.82,2713700
2021-08-04 20:00:00-04:00,62.64,65.25,61.71,64.58,2331200
2021-08-05 20:00:00-04:00,65.66,66.57,64.17,64.76,1661600
2021-08-08 20:00:00-04:00,63.32,64.01,61.96,62.48,2151200
2021-08-09 20:00:00-04:00,63.45,64.51,63.09,63.20,2719400
2021-08-10 20:00:00-04:00,62.84,64.29,61.19,64.29,1696600
2021-08-11 20:00:00-04:00,64.03,64.98,62.91,64.58,972300
2021-08-12 20:00:00-04:00,64.70,64.70,61.45,61.54,1786600
2021-08-15 20:00:00-04:00,60.43,60.63,58.70,59.02,2563800
2021-08-16 20:00:00-04:00,58.58,60.41,58.09,58.48,1906700
2021-08-17 20:00:00-04:00,58.66,59.56,56.71,56.80,1633800
2021-08-18 20:00:00-04:00,55.47,56.30,53.64,55.23,4156600
2021-08-19 20:00:00-04:00,54.52,55.78,53.80,55.47,2305800
2021-08-22 20:00:00-04:00,58.17,59.62,57.70,58.75,3154700
2021-08-23 20:00:00-04:00,59.94,60.80,59.23,60.37,2315800
2021-08-24 20:00:00-04:00,60.51,61.32,59.65,61.03,1731000
2021-08-25 20:00:00-04:00,60.63,60.63,58.97,59.46,1886200
2021-08-26 20:00:00-04:00,60.37,62.71,60.37,62.37,2360000
2021-08-29 20:00:00-04:00,63.45,63.55,61.66,62.06,1551200
2021-08-30 20:00:00-04:00,61.75,63.51,60.91,62.76,1550600
2021-08-31 20:00:00-04:00,62.78,62.89,59.61,60.34,4149500
2021-09-01 20:00:00-04:00,61.24,63.63,60.99,62.30,2422800
2021-09-02 20:00:00-04:00,62.18,62.57,60.76,61.48,1671700
2021-09-06 20:00:00-04:00,61.23,62.42,60.19,60.97,2166800
2021-09-07 20:00:00-04:00,61.71,62.59,60.17,60.78,1900500
2021-09-08 20:00:00-04:00,60.27,63.00,59.65,61.56,1823800
2021-09-09 20:00:00-04:00,62.96,62.97,60.96,61.06,1385400
2021-09-12 20:00:00-04:00,61.97,64.24,61.97,63.30,2117300
2021-09-13 20:00:00-04:00,64.15,64.19,61.06,61.58,1936600
2021-09-14 20:00:00-04:00,63.17,66.69,62.97,66.38,3566300
2021-09-15 20:00:00-04:00,65.86,65.94,64.22,65.15,1994800
2021-09-16 20:00:00-04:00,67.52,68.63,66.72,67.22,6442675
2021-09-19 20:00:00-04:00,64.10,65.78,62.82,64.37,3205500
2021-09-20 20:00:00-04:00,65.36,65.93,63.58,65.12,2147000
2021-09-21 20:00:00-04:00,66.60,69.36,66.56,68.66,2866600
2021-09-22 20:00:00-04:00,68.92,72.22,68.73,71.49,2534300
2021-09-23 20:00:00-04:00,70.97,73.94,70.58,72.19,2385400
2021-09-26 20:00:00-04:00,74.48,77.88,74.47,77.69,3893100
2021-09-27 20:00:00-04:00,78.92,79.27,75.99,77.28,3429100
2021-09-28 20:00:00-04:00,76.74,78.88,76.53,78.15,2400300
2021-09-29 20:00:00-04:00,77.76,79.49,76.88,77.03,2991200
2021-09-30 20:00:00-04:00,77.52,80.52,77.14,80.44,2777100
2021-10-03 20:00:00-04:00,81.72,85.38,80.59,84.11,4564700
2021-10-04 20:00:00-04:00,85.43,87.51,83.15,84.75,4147300
2021-10-05 20:00:00-04:00,81.87,85.10,81.50,84.71,3002700
2021-10-06 20:00:00-04:00,84.80,86.03,83.48,85.53,2158700
2021-10-07 20:00:00-04:00,86.69,89.91,86.44,89.42,3156400
2021-10-10 20:00:00-04:00,91.15,92.84,89.60,90.10,3252500
2021-10-11 20:00:00-04:00,89.99,91.95,88.07,89.50,2461000
2021-10-12 20:00:00-04:00,87.45,89.19,85.30,88.03,2924600
2021-10-13 20:00:00-04:00,89.50,90.02,86.43,88.55,2324100
2021-10-14 20:00:00-04:00,89.63,90.15,87.86,88.10,2394200
2021-10-17 20:00:00-04:00,90.31,93.35,88.28,88.90,3628900
2021-10-18 20:00:00-04:00,89.31,90.61,88.22,90.27,1686500
2021-10-19 20:00:00-04:00,88.69,90.71,88.29,90.44,1665900
2021-10-20 20:00:00-04:00,89.86,90.20,87.68,88.63,1533000
2021-10-21 20:00:00-04:00,89.40,90.41,88.35,88.96,2178100
2021-10-24 20:00:00-04:00,90.53,91.85,88.66,89.02,2841100
2021-10-25 20:00:00-04:00,89.89,91.50,89.19,90.88,1901700
2021-10-26 20:00:00-04:00,89.09,90.82,87.37,87.53,2080200
2021-10-27 20:00:00-04:00,86.78,88.74,86.61,88.70,1685000
2021-10-28 20:00:00-04:00,88.69,88.94,85.82,87.21,2158500
2021-10-31 20:00:00-04:00,89.36,91.23,88.97,90.81,3992000
2021-11-01 20:00:00-04:00,89.30,94.47,87.96,93.12,4236000
2021-11-02 20:00:00-04:00,92.25,93.76,89.92,90.97,2673400
2021-11-03 20:00:00-04:00,93.13,94.70,90.25,91.75,2656000
2021-11-04 20:00:00-04:00,93.09,93.89,91.58,92.58,1870100
2021-11-07 19:00:00-05:00,93.79,95.77,93.45,94.15,2161800
2021-11-08 19:00:00-05:00,93.98,94.92,90.45,92.33,2347300
2021-11-09 19:00:00-05:00,91.84,91.85,86.35,87.57,2657600
2021-11-10 19:00:00-05:00,87.91,89.85,87.90,88.88,1649100
2021-11-11 19:00:00-05:00,88.44,90.68,88.00,89.85,1820400
2021-11-14 19:00:00-05:00,89.68,91.42,87.24,90.85,1707800
2021-11-15 19:00:00-05:00,91.52,92.14,89.63,90.04,2032400
2021-11-16 19:00:00-05:00,88.53,90.90,87.12,87.63,2341200
2021-11-17 19:00:00-05:00,87.85,90.16,86.51,88.22,1903100
2021-11-18 19:00:00-05:00,85.45,86.45,82.36,83.49,4786700
2021-11-21 19:00:00-05:00,83.60,88.30,83.55,86.19,2790200
2021-11-22 19:00:00-05:00,88.75,90.94,88.26,90.04,2824600
2021-11-23 19:00:00-05:00,88.79,93.92,88.66,93.32,2163700
2021-11-25 19:00:00-05:00,86.05,88.53,83.72,87.83,3128400
2021-11-28 19:00:00-05:00,91.29,94.60,88.56,89.83,4238700
2021-11-29 19:00:00-05:00,86.73,90.94,86.55,87.22,6442675
2021-11-30 19:00:00-05:00,89.51,89.80,84.10,84.17,4079700
2021-12-01 19:00:00-05:00,82.97,87.99,81.33,86.97,2894300
2021-12-02 19:00:00-05:00,88.39,89.23,84.71,86.62,2497100
2021-12-05 19:00:00-05:00,88.37,89.68,86.25,88.44,1926900
2021-12-06 19:00:00-05:00,90.03,95.50,89.85,94.46,2953800
2021-12-07 19:00:00-05:00,94.87,95.31,92.41,92.86,2304500
2021-12-08 19:00:00-05:00,91.84,92.69,89.74,90.16,1931500
2021-12-09 19:00:00-05:00,91.20,91.72,88.05,90.85,1940800
2021-12-12 19:00:00-05:00,89.80,90.63,86.25,87.12,2011900
2021-12-13 19:00:00-05:00,85.51,87.90,84.62,85.04,2764200
2021-12-14 19:00:00-05:00,85.44,85.44,80.93,84.78,3691000
2021-12-15 19:00:00-05:00,86.28,88.48,85.63,86.05,2641200
2021-12-16 19:00:00-05:00,84.72,85.64,82.25,83.70,5014400
2021-12-19 19:00:00-05:00,79.77,81.71,77.65,81.00,2760900
2021-12-20 19:00:00-05:00,82.87,86.07,82.44,85.72,2142800
2021-12-21 19:00:00-05:00,84.84,87.45,84.15,86.37,1766700
2021-12-22 19:00:00-05:00,86.62,87.76,86.00,86.57,1639900
2021-12-26 19:00:00-05:00,86.56,90.89,85.08,90.82,2062700
2021-12-27 19:00:00-05:00,91.21,91.79,89.14,90.02,1408400
2021-12-28 19:00:00-05:00,89.84,90.89,88.68,88.84,1256500
2021-12-29 19:00:00-05:00,88.84,89.82,87.58,87.69,1231300
2021-12-30 19:00:00-05:00,86.71,88.52,86.19,88.13,1293700
2022-01-02 19:00:00-05:00,87.91,91.88,87.89,91.39,2002000
2022-01-03 19:00:00-05:00,92.59,97.82,92.13,97.41,4505400
2022-01-04 19:00:00-05:00,99.19,100.91,95.87,96.52,3375500
2022-01-05 19:00:00-05:00,100.47,101.67,98.98,101.04,3343300
2022-01-06 19:00:00-05:00,101.33,101.89,98.24,99.30,2441400
2022-01-09 19:00:00-05:00,99.37,99.55,96.17,99.16,2356800
2022-01-10 19:00:00-05:00,99.88,102.08,97.15,101.62,3423500
2022-01-11 19:00:00-05:00,102.65,102.71,99.92,101.80,3475000
2022-01-12 19:00:00-05:00,101.49,104.00,100.95,101.40,2634300
2022-01-13 19:00:00-05:00,101.82,105.69,101.82,105.59,1942200
2022-01-17 19:00:00-05:00,106.55,107.66,101.17,102.92,4453700
2022-01-18 19:00:00-05:00,103.79,104.44,100.93,102.73,2098600
2022-01-19 19:00:00-05:00,100.55,105.55,99.45,99.62,2670500
2022-01-20 19:00:00-05:00,97.42,98.68,94.32,96.42,3212200
2022-01-23 19:00:00-05:00,92.32,98.18,89.24,97.59,3537000
2022-01-24 19:00:00-05:00,96.90,104.71,94.13,103.77,3375500
2022-01-25 19:00:00-05:00,106.00,107.53,102.27,104.11,3170400
2022-01-26 19:00:00-05:00,107.46,109.55,102.97,105.12,2673700
2022-01-27 19:00:00-05:00,105.63,106.67,102.20,105.19,2358700
2022-01-30 19:00:00-05:00,104.60,105.92,102.31,103.10,2421900
2022-01-31 19:00:00-05:00,102.00,107.24,100.19,106.40,3556400
2022-02-01 19:00:00-05:00,106.22,107.72,103.98,107.03,2201100
2022-02-02 19:00:00-05:00,105.77,106.72,103.57,105.73,1822000
2022-02-03 19:00:00-05:00,107.57,110.89,106.91,107.92,2799500
2022-02-06 19:00:00-05:00,107.05,108.76,104.97,106.38,2070100
2022-02-07 19:00:00-05:00,105.54,105.91,99.76,101.63,3257900
2022-02-08 19:00:00-05:00,101.73,105.82,101.73,105.32,1794100
2022-02-09 19:00:00-05:00,104.67,109.58,104.24,106.58,2416700
2022-02-10 19:00:00-05:00,107.72,111.59,106.16,110.78,3674500
2022-02-13 19:00:00-05:00,109.57,110.73,105.35,106.62,2986200
2022-02-14 19:00:00-05:00,102.96,104.93,100.61,104.50,2331200
2022-02-15 19:00:00-05:00,105.48,109.18,104.75,106.09,2270900
2022-02-16 19:00:00-05:00,105.92,108.64,105.52,105.98,1933200
2022-02-17 19:00:00-05:00,104.60,108.26,104.09,107.43,2856800
2022-02-21 19:00:00-05:00,110.28,111.40,103.17,104.62,4222400
2022-02-22 19:00:00-05:00,105.87,109.99,104.37,105.87,3944000
2022-02-23 19:00:00-05:00,108.78,108.82,100.64,104.51,4639500
2022-02-24 19:00:00-05:00,104.25,109.49,104.25,108.91,3169100
2022-02-27 19:00:00-05:00,108.07,113.15,107.26,112.85,3783500
2022-02-28 19:00:00-05:00,114.14,116.11,109.47,111.81,3782000
2022-03-01 19:00:00-05:00,114.56,114.59,110.68,111.68,2960700
2022-03-02 19:00:00-05:00,109.86,111.58,109.14,110.08,2327100
2022-03-03 19:00:00-05:00,110.40,114.56,110.23,113.10,3083700
2022-03-06 19:00:00-05:00,114.18,115.10,107.01,110.35,4263200
2022-03-07 19:00:00-05:00,111.63,115.50,106.17,110.35,4156700
2022-03-08 19:00:00-05:00,109.04,109.04,103.33,106.74,4367400
2022-03-09 19:00:00-05:00,107.49,110.48,106.17,110.04,3019700
2022-03-10 19:00:00-05:00,108.41,110.03,106.08,106.43,2354700
2022-03-13 20:00:00-04:00,104.95,105.61,100.67,103.57,2915000
2022-03-14 20:00:00-04:00,99.15,103.50,98.03,102.24,3328700
2022-03-15 20:00:00-04:00,102.29,104.03,101.23,103.11,3209300
2022-03-16 20:00:00-04:00,105.70,110.67,105.65,109.89,3426900
2022-03-17 20:00:00-04:00,109.71,111.18,107.56,107.89,4813900
2022-03-20 20:00:00-04:00,110.81,115.31,110.21,114.81,4203600
2022-03-21 20:00:00-04:00,114.36,114.64,111.48,112.73,2898000
2022-03-22 20:00:00-04:00,115.09,117.25,113.47,117.08,2748800
2022-03-23 20:00:00-04:00,116.96,118.85,116.05,117.53,2042100
2022-03-24 20:00:00-04:00,116.49,121.47,116.49,120.25,2169400
2022-03-27 20:00:00-04:00,116.58,116.98,114.26,115.48,1948600
2022-03-28 20:00:00-04:00,111.49,114.20,109.41,113.87,2263600
2022-03-29 20:00:00-04:00,116.07,116.92,113.43,114.21,1563300
2022-03-30 20:00:00-04:00,112.97,115.90,112.51,112.51,1887700
2022-03-31 20:00:00-04:00,112.59,115.33,111.97,113.63,1825100
2022-04-03 20:00:00-04:00,114.91,115.67,112.86,114.57,1403400
2022-04-04 20:00:00-04:00,114.19,117.36,110.94,111.20,1847900
2022-04-05 20:00:00-04:00,112.71,113.58,109.56,110.85,1650800
2022-04-06 20:00:00-04:00,112.70,113.41,109.11,112.41,1877300
2022-04-07 20:00:00-04:00,111.94,116.87,111.94,116.54,2257300
2022-04-10 20:00:00-04:00,114.04,114.23,109.61,110.90,2391300
2022-04-11 20:00:00-04:00,112.67,116.62,112.67,114.24,1659800
2022-04-12 20:00:00-04:00,115.98,117.19,113.83,115.19,1626000
2022-04-13 20:00:00-04:00,114.10,115.66,112.98,113.63,1589200
2022-04-17 20:00:00-04:00,114.56,115.77,112.79,114.91,1716300
2022-04-18 20:00:00-04:00,114.05,115.39,112.46,113.20,1950700
2022-04-19 20:00:00-04:00,114.12,116.68,112.82,116.47,1882600
2022-04-20 20:00:00-04:00,117.88,119.81,112.19,112.73,2427300
2022-04-21 20:00:00-04:00,112.26,112.83,106.35,106.78,2228000
2022-04-24 20:00:00-04:00,102.80,104.14,98.30,103.27,2901100
2022-04-25 20:00:00-04:00,102.92,106.33,102.38,102.92,1587200
2022-04-26 20:00:00-04:00,103.82,105.12,99.81,103.94,1549900
2022-04-27 20:00:00-04:00,104.99,107.97,101.15,106.27,1896300
2022-04-28 20:00:00-04:00,106.58,108.38,102.85,103.61,1748800
2022-05-01 20:00:00-04:00,101.78,104.76,100.59,104.65,2298000
2022-05-02 20:00:00-04:00,109.88,112.27,105.35,111.72,3555100
2022-05-03 20:00:00-04:00,115.11,117.26,112.08,116.95,2581900
2022-05-04 20:00:00-04:00,117.86,118.96,111.20,113.75,2854100
2022-05-05 20:00:00-04:00,116.12,117.86,112.94,117.31,2732200
2022-05-08 20:00:00-04:00,113.76,114.48,104.99,106.28,3314700
2022-05-09 20:00:00-04:00,108.85,111.41,102.60,106.57,3144900
2022-05-10 20:00:00-04:00,108.50,111.90,105.07,105.29,2705600
2022-05-11 20:00:00-04:00,103.80,107.32,102.40,106.78,3362800
2022-05-12 20:00:00-04:00,109.15,114.13,109.07,112.15,2781600
2022-05-15 20:00:00-04:00,111.87,113.58,110.21,110.36,3959200
2022-05-16 20:00:00-04:00,112.51,112.51,108.82,110.49,2993400
2022-05-17 20:00:00-04:00,111.03,111.16,106.24,107.89,3284800
2022-05-18 20:00:00-04:00,104.91,111.06,104.81,109.12,2942600
2022-05-19 20:00:00-04:00,109.90,112.57,106.91,109.50,3060100
2022-05-22 20:00:00-04:00,110.53,114.50,109.12,114.40,3308000
2022-05-23 20:00:00-04:00,113.53,114.83,110.76,114.13,2542900
2022-05-24 20:00:00-04:00,115.87,119.89,115.33,119.14,3404000
2022-05-25 20:00:00-04:00,120.85,124.34,120.45,123.08,3329200
2022-05-26 20:00:00-04:00,122.73,128.66,122.26,128.31,3007600
2022-05-30 20:00:00-04:00,131.97,134.22,126.59,127.78,5259000
2022-05-31 20:00:00-04:00,129.44,131.45,126.83,128.51,3194600
2022-06-01 20:00:00-04:00,127.21,130.87,125.45,129.36,2084900
2022-06-02 20:00:00-04:00,129.16,130.89,128.64,130.00,1787700
2022-06-05 20:00:00-04:00,130.92,131.84,128.81,130.96,1561900
2022-06-06 20:00:00-04:00,130.05,135.38,129.81,134.82,2588100
2022-06-07 20:00:00-04:00,135.78,136.37,133.49,134.74,2131500
2022-06-08 20:00:00-04:00,134.21,135.53,132.53,132.66,2012400
2022-06-09 20:00:00-04:00,130.46,132.84,128.51,130.69,2074600
2022-06-12 20:00:00-04:00,125.65,126.47,119.48,124.23,3571800
2022-06-13 20:00:00-04:00,127.57,129.68,123.75,125.77,2928600
2022-06-14 20:00:00-04:00,125.16,126.92,121.14,123.36,3256400
2022-06-15 20:00:00-04:00,119.08,120.76,111.45,112.36,4887500
2022-06-16 20:00:00-04:00,111.04,112.00,100.49,102.79,6442675
2022-06-20 20:00:00-04:00,106.96,112.13,106.75,111.18,4853800
2022-06-21 20:00:00-04:00,103.80,108.44,102.80,105.99,4888000
2022-06-22 20:00:00-04:00,106.75,107.87,98.65,100.22,4647300
2022-06-23 20:00:00-04:00,102.17,105.75,99.22,100.61,6442675
2022-06-26 20:00:00-04:00,101.70,105.83,100.72,104.55,3281100
2022-06-27 20:00:00-04:00,108.22,110.47,105.74,109.10,3428400
2022-06-28 20:00:00-04:00,110.26,111.47,102.61,102.80,3422600
2022-06-29 20:00:00-04:00,100.22,104.21,99.66,101.83,2875400
2022-06-30 20:00:00-04:00,102.41,103.43,97.62,101.88,2392300
2022-07-04 20:00:00-04:00,98.55,99.31,93.32,95.94,4823400
2022-07-05 20:00:00-04:00,94.42,96.58,89.31,92.69,4696800
2022-07-06 20:00:00-04:00,95.93,99.10,95.93,97.75,3716200
2022-07-07 20:00:00-04:00,99.42,99.69,95.52,97.78,2328100
2022-07-10 20:00:00-04:00,96.21,97.50,93.88,96.15,1796900
2022-07-11 20:00:00-04:00,92.74,94.39,90.69,92.80,2649200
2022-07-12 20:00:00-04:00,91.47,95.52,91.47,92.95,1872500
2022-07-13 20:00:00-04:00,89.10,90.69,87.17,89.69,3025100
2022-07-14 20:00:00-04:00,91.65,92.28,90.02,91.73,1941300
2022-07-17 20:00:00-04:00,94.79,96.18,93.99,94.58,2007800
2022-07-18 20:00:00-04:00,94.65,98.39,94.02,97.95,1652800
2022-07-19 20:00:00-04:00,96.71,100.38,95.70,99.83,1655900
2022-07-20 20:00:00-04:00,96.73,98.01,94.67,97.48,1392500
2022-07-21 20:00:00-04:00,98.03,98.76,94.69,95.34,1710400
2022-07-24 20:00:00-04:00,98.27,101.80,96.11,100.85,2881300
2022-07-25 20:00:00-04:00,102.71,103.38,97.67,99.42,1921700
2022-07-26 20:00:00-04:00,99.87,104.15,99.65,103.63,2038800
2022-07-27 20:00:00-04:00,104.80,105.55,102.52,103.90,1874700
2022-07-28 20:00:00-04:00,106.31,108.15,104.75,107.60,2478300
2022-07-31 20:00:00-04:00,105.75,107.00,102.96,105.84,2799800
2022-08-01 20:00:00-04:00,104.77,108.40,103.71,107.20,3512000
2022-08-02 20:00:00-04:00,108.77,108.93,101.45,102.02,2596600
2022-08-03 20:00:00-04:00,100.71,101.75,97.50,97.88,3202700
2022-08-04 20:00:00-04:00,96.57,103.39,96.12,102.01,2479600
2022-08-07 20:00:00-04:00,102.04,104.77,101.54,103.50,2461600
2022-08-08 20:00:00-04:00,105.47,107.28,103.83,104.68,2718000
2022-08-09 20:00:00-04:00,104.53,106.95,102.07,105.94,2571400
2022-08-10 20:00:00-04:00,108.28,112.92,108.16,111.60,2690000
2022-08-11 20:00:00-04:00,110.63,112.17,109.38,111.90,2517200
2022-08-14 20:00:00-04:00,107.70,110.62,105.15,110.05,2960700
2022-08-15 20:00:00-04:00,110.82,111.63,106.54,108.04,2159800
2022-08-16 20:00:00-04:00,108.12,110.41,107.19,108.19,1905600
2022-08-17 20:00:00-04:00,109.45,112.75,109.25,111.89,2334700
2022-08-18 20:00:00-04:00,110.67,113.20,110.32,112.17,1786900
2022-08-21 20:00:00-04:00,110.97,113.20,107.75,112.85,1885900
2022-08-22 20:00:00-04:00,115.68,119.66,115.36,116.23,3278200
2022-08-23 20:00:00-04:00,115.96,118.73,115.62,117.55,3554400
2022-08-24 20:00:00-04:00,118.68,118.83,115.43,117.23,2759900
2022-08-25 20:00:00-04:00,116.63,118.38,114.78,115.21,2587000
2022-08-28 20:00:00-04:00,115.25,121.96,114.21,119.80,3585500
2022-08-29 20:00:00-04:00,116.79,117.11,113.08,115.33,2509300
2022-08-30 20:00:00-04:00,112.15,116.88,111.24,114.65,2777500
2022-08-31 20:00:00-04:00,112.26,112.92,109.94,112.09,2306300
2022-09-01 20:00:00-04:00,115.91,116.97,113.76,115.16,1756400
2022-09-05 20:00:00-04:00,117.24,117.83,114.08,115.28,2783300
2022-09-06 20:00:00-04:00,111.71,114.11,111.02,113.18,2227000
2022-09-07 20:00:00-04:00,113.28,114.06,111.80,113.71,1653600
2022-09-08 20:00:00-04:00,116.52,117.40,115.27,116.15,1732300
2022-09-11 20:00:00-04:00,118.56,120.17,117.26,118.17,2061400
2022-09-12 20:00:00-04:00,116.85,120.68,115.41,115.88,1939500
2022-09-13 20:00:00-04:00,117.82,121.40,117.56,120.58,2149300
2022-09-14 20:00:00-04:00,117.32,118.85,115.53,115.81,1963300
2022-09-15 20:00:00-04:00,114.03,114.58,110.76,114.08,5496100
2022-09-18 20:00:00-04:00,109.01,114.02,108.83,112.63,1987500
2022-09-19 20:00:00-04:00,111.74,113.36,109.64,112.51,2355600
2022-09-20 20:00:00-04:00,115.00,115.57,110.75,110.80,1969000
2022-09-21 20:00:00-04:00,113.36,113.98,108.81,108.85,1569600
2022-09-22 20:00:00-04:00,104.12,104.20,97.77,99.10,3556600
2022-09-25 20:00:00-04:00,98.20,99.62,95.46,95.67,2549500
2022-09-26 20:00:00-04:00,97.83,99.40,96.11,97.63,3214900
2022-09-27 20:00:00-04:00,98.27,103.48,97.89,102.71,2517900
2022-09-28 20:00:00-04:00,101.92,104.29,99.74,104.01,1725600
2022-09-29 20:00:00-04:00,102.59,104.67,101.50,103.62,2004000
2022-10-02 20:00:00-04:00,108.73,112.69,108.06,111.42,2517000
2022-10-03 20:00:00-04:00,114.83,117.71,112.87,117.25,2452800
2022-10-04 20:00:00-04:00,115.89,120.83,115.88,119.89,3323900
2022-10-05 20:00:00-04:00,118.84,123.15,118.72,122.44,2422400
2022-10-06 20:00:00-04:00,122.58,123.94,120.67,122.52,2081000
2022-10-09 20:00:00-04:00,121.34,124.05,118.74,120.70,1731300
2022-10-10 20:00:00-04:00,117.34,122.08,117.02,119.89,2605500
2022-10-11 20:00:00-04:00,119.67,122.70,117.89,121.44,2969900
2022-10-12 20:00:00-04:00,119.55,126.88,119.19,124.97,2637200
2022-10-13 20:00:00-04:00,124.15,126.16,119.65,119.88,3216900
2022-10-16 20:00:00-04:00,122.40,124.35,119.60,119.97,1925100
2022-10-17 20:00:00-04:00,121.67,122.82,119.21,122.02,1645600
2022-10-18 20:00:00-04:00,121.65,126.57,121.65,125.62,2078800
2022-10-19 20:00:00-04:00,127.24,128.14,125.22,126.10,1743200
2022-10-20 20:00:00-04:00,126.56,131.12,126.07,131.03,2486500
2022-10-23 20:00:00-04:00,130.15,134.03,129.70,131.84,2026600
2022-10-24 20:00:00-04:00,131.50,133.17,130.53,131.93,1711100
2022-10-25 20:00:00-04:00,132.66,135.49,132.05,133.66,1690100
2022-10-26 20:00:00-04:00,136.37,136.46,131.62,131.92,2421100
2022-10-27 20:00:00-04:00,134.02,134.74,128.85,132.32,2005400
2022-10-30 20:00:00-04:00,130.60,136.67,130.43,135.15,2053300
2022-10-31 20:00:00-04:00,137.64,138.38,135.50,136.46,1773700
2022-11-01 20:00:00-04:00,135.66,136.41,132.15,133.19,1988900
2022-11-02 20:00:00-04:00,132.64,138.28,132.13,136.37,2226700
2022-11-03 20:00:00-04:00,139.78,140.04,135.61,138.82,2899900
2022-11-06 19:00:00-05:00,139.96,142.51,139.01,140.64,3424400
2022-11-07 19:00:00-05:00,140.10,143.13,138.50,140.69,2653400
2022-11-08 19:00:00-05:00,138.93,139.82,134.80,135.53,2815400
2022-11-09 19:00:00-05:00,137.27,138.04,134.94,137.88,2117600
2022-11-10 19:00:00-05:00,141.08,143.21,140.34,141.38,2691200
2022-11-13 19:00:00-05:00,140.46,143.31,140.23,140.71,1865000
2022-11-14 19:00:00-05:00,141.24,145.34,139.85,143.68,3313800
2022-11-15 19:00:00-05:00,142.39,143.14,138.33,138.64,3438600
2022-11-16 19:00:00-05:00,136.42,141.19,135.61,141.08,2038000
2022-11-17 19:00:00-05:00,136.46,136.79,132.68,136.23,3815400
2022-11-20 19:00:00-05:00,132.47,132.71,123.95,130.80,4481900
2022-11-21 19:00:00-05:00,132.90,134.11,130.63,132.06,2863300
2022-11-22 19:00:00-05:00,129.71,131.31,128.10,130.80,2309800
2022-11-24 19:00:00-05:00,131.94,132.45,130.00,130.21,984100
2022-11-27 19:00:00-05:00,125.24,127.45,124.48,125.34,3470000
2022-11-28 19:00:00-05:00,127.81,129.29,126.60,127.96,2099200
2022-11-29 19:00:00-05:00,129.88,130.33,126.04,129.08,2796600
2022-11-30 19:00:00-05:00,130.11,130.64,125.83,126.18,2171600
2022-12-01 19:00:00-05:00,125.94,127.67,124.44,126.85,2402900
2022-12-04 19:00:00-05:00,129.25,130.72,122.58,123.83,2496400
2022-12-05 19:00:00-05:00,122.40,125.22,119.92,120.52,2009500
2022-12-06 19:00:00-05:00,121.03,122.70,119.01,119.08,1795200
2022-12-07 19:00:00-05:00,122.37,123.18,115.52,115.88,3625400
2022-12-08 19:00:00-05:00,115.63,117.87,112.92,113.02,2872100
2022-12-11 19:00:00-05:00,113.97,117.28,113.10,117.04,3968200
2022-12-12 19:00:00-05:00,118.76,120.87,117.65,118.88,4811300
2022-12-13 19:00:00-05:00,119.90,122.03,118.49,119.33,4133300
2022-12-14 19:00:00-05:00,117.72,120.41,117.12,119.80,2998200
2022-12-15 19:00:00-05:00,117.17,119.24,115.81,117.13,6442675
2022-12-18 19:00:00-05:00,117.44,118.88,115.63,116.49,1879400
2022-12-19 19:00:00-05:00,116.15,118.76,115.76,117.67,1668400
2022-12-20 19:00:00-05:00,120.21,120.45,118.16,119.47,2396500
2022-12-21 19:00:00-05:00,119.82,119.92,113.08,115.88,2354400
2022-12-22 19:00:00-05:00,117.81,119.56,116.86,119.49,1759500
2022-12-26 19:00:00-05:00,120.04,120.51,118.96,119.97,1560200
2022-12-27 19:00:00-05:00,119.76,119.88,116.77,117.26,1719700
2022-12-28 19:00:00-05:00,115.95,119.63,115.55,118.84,1406400
2022-12-29 19:00:00-05:00,118.21,119.70,117.72,119.28,1487000
2023-01-02 19:00:00-05:00,117.70,118.88,113.02,114.57,2406400
2023-01-03 19:00:00-05:00,112.59,116.15,111.69,113.90,1724400
2023-01-04 19:00:00-05:00,114.31,117.93,113.59,116.89,2407600
2023-01-05 19:00:00-05:00,119.03,121.54,118.33,120.46,2473700
2023-01-08 19:00:00-05:00,122.82,125.01,122.32,123.38,2453400
2023-01-09 19:00:00-05:00,124.28,124.81,121.88,123.79,1756100
2023-01-10 19:00:00-05:00,125.75,126.07,122.29,124.04,2199600
2023-01-11 19:00:00-05:00,124.31,127.95,124.31,126.73,1959900
2023-01-12 19:00:00-05:00,126.92,127.32,125.46,126.65,1526600
2023-01-16 19:00:00-05:00,127.46,128.43,126.77,127.08,1883600
2023-01-17 19:00:00-05:00,127.70,130.49,125.49,125.66,2183500
2023-01-18 19:00:00-05:00,124.90,128.10,123.63,127.69,1808100
2023-01-19 19:00:00-05:00,127.88,128.96,126.61,128.67,1534600
2023-01-22 19:00:00-05:00,129.93,130.99,129.33,130.24,1467200
2023-01-23 19:00:00-05:00,130.76,131.24,127.76,128.40,1213300
2023-01-24 19:00:00-05:00,128.58,128.59,124.96,128.26,1646200
2023-01-25 19:00:00-05:00,130.19,130.80,127.81,130.71,2409400
2023-01-26 19:00:00-05:00,130.80,133.24,130.42,131.64,1632700
2023-01-29 19:00:00-05:00,129.66,129.93,126.63,126.74,2423400
2023-01-30 19:00:00-05:00,126.50,128.71,125.46,127.42,1632700
2023-01-31 19:00:00-05:00,126.44,126.99,122.89,125.01,2554200
2023-02-01 19:00:00-05:00,124.67,124.67,119.49,119.97,2727100
2023-02-02 19:00:00-05:00,120.69,123.25,120.04,120.69,1553300
2023-02-05 19:00:00-05:00,120.42,122.08,117.77,119.57,1748300
2023-02-06 19:00:00-05:00,120.53,125.31,119.03,125.19,2406600
2023-02-07 19:00:00-05:00,126.34,126.67,124.29,125.83,2029300
2023-02-08 19:00:00-05:00,125.78,126.14,123.16,123.37,1997500
2023-02-09 19:00:00-05:00,125.60,130.26,125.21,130.19,2817400
2023-02-12 19:00:00-05:00,128.99,131.14,128.37,129.26,2778100
2023-02-13 19:00:00-05:00,127.60,131.44,127.32,130.69,1617600
2023-02-14 19:00:00-05:00,128.67,128.79,125.45,127.00,3966400
2023-02-15 19:00:00-05:00,126.28,127.25,123.57,123.62,2541700
2023-02-16 19:00:00-05:00,121.46,121.46,116.24,117.45,4160500
2023-02-20 19:00:00-05:00,117.99,118.51,116.31,117.04,2601800
2023-02-21 19:00:00-05:00,119.29,124.21,117.77,119.72,3629600
2023-02-22 19:00:00-05:00,121.04,124.23,120.07,123.48,2938100
2023-02-23 19:00:00-05:00,122.24,125.38,121.42,124.16,2199400
2023-02-26 19:00:00-05:00,124.84,126.68,123.68,125.89,2280900
2023-02-27 19:00:00-05:00,127.67,127.83,122.54,122.59,2517100
2023-02-28 19:00:00-05:00,122.34,126.58,121.41,126.11,3477500
2023-03-01 19:00:00-05:00,125.52,128.71,124.27,128.33,2394800
2023-03-02 19:00:00-05:00,126.41,130.75,125.75,130.64,3427400
2023-03-05 19:00:00-05:00,129.08,129.46,127.48,127.79,2250100
2023-03-06 19:00:00-05:00,126.83,127.72,124.12,127.07,2709800
2023-03-07 19:00:00-05:00,125.78,129.56,124.97,126.84,2536200
2023-03-08 19:00:00-05:00,127.35,129.49,124.26,124.57,1704800
2023-03-09 19:00:00-05:00,124.27,126.12,120.43,120.99,2090800
2023-03-12 20:00:00-04:00,116.89,119.89,113.54,117.10,2957300
2023-03-13 20:00:00-04:00,116.89,121.55,116.06,118.07,2618600
2023-03-14 20:00:00-04:00,113.28,113.28,107.80,109.26,5858600
2023-03-15 20:00:00-04:00,106.84,111.95,105.94,111.75,3899100
2023-03-16 20:00:00-04:00,111.37,112.16,108.35,109.60,6217600
2023-03-19 20:00:00-04:00,109.55,112.95,109.55,111.82,2594200
2023-03-20 20:00:00-04:00,114.39,116.70,114.26,116.28,3064200
2023-03-21 20:00:00-04:00,116.59,117.34,113.77,113.91,1719200
2023-03-22 20:00:00-04:00,114.46,116.34,111.58,112.72,1877900
2023-03-23 20:00:00-04:00,109.95,112.61,108.46,111.65,2350300
2023-03-26 20:00:00-04:00,112.60,115.14,111.64,114.44,1742800
2023-03-27 20:00:00-04:00,113.96,116.86,113.47,116.36,1117300
2023-03-28 20:00:00-04:00,117.89,118.49,116.90,118.21,1343200
2023-03-29 20:00:00-04:00,119.61,119.62,117.86,118.66,1753100
2023-03-30 20:00:00-04:00,118.88,120.71,118.80,120.33,1946000
2023-04-02 20:00:00-04:00,127.38,129.79,125.94,128.57,4018300
2023-04-03 20:00:00-04:00,129.69,129.84,123.94,126.10,2252100
2023-04-04 20:00:00-04:00,126.70,127.98,125.17,127.28,1985100
2023-04-05 20:00:00-04:00,126.61,126.80,124.89,125.12,1683600
2023-04-09 20:00:00-04:00,126.63,130.07,126.63,127.47,2581200
2023-04-10 20:00:00-04:00,127.94,130.31,127.90,129.23,2228100
2023-04-11 20:00:00-04:00,130.86,130.93,128.46,129.09,1486200
2023-04-12 20:00:00-04:00,128.82,130.77,128.63,129.74,1663400
2023-04-13 20:00:00-04:00,130.16,132.18,129.13,130.63,1531300
2023-04-16 20:00:00-04:00,130.63,131.17,128.56,128.72,1255500
2023-04-17 20:00:00-04:00,128.17,129.37,127.09,128.79,1365300
2023-04-18 20:00:00-04:00,127.05,127.93,126.25,127.89,1250800
2023-04-19 20:00:00-04:00,126.41,126.99,124.36,126.35,1555000
2023-04-20 20:00:00-04:00,126.32,126.60,124.55,125.60,1342300
2023-04-23 20:00:00-04:00,125.19,128.20,124.86,127.73,1934300
2023-04-24 20:00:00-04:00,126.24,126.59,123.55,124.03,1444300
2023-04-25 20:00:00-04:00,122.86,124.09,120.89,121.89,1607000
2023-04-26 20:00:00-04:00,121.87,123.28,120.60,122.90,1543300
2023-04-27 20:00:00-04:00,122.78,127.24,122.18,126.59,1670900
2023-04-30 20:00:00-04:00,124.58,126.71,124.10,126.34,2382500
2023-05-01 20:00:00-04:00,124.07,124.07,117.11,120.22,5074300
2023-05-02 20:00:00-04:00,117.18,118.36,114.18,114.64,3241800
2023-05-03 20:00:00-04:00,115.03,116.74,112.10,112.16,3582300
2023-05-04 20:00:00-04:00,116.00,119.05,114.92,118.22,2272100
2023-05-07 20:00:00-04:00,121.00,121.62,117.71,118.03,1589600
2023-05-08 20:00:00-04:00,116.67,119.89,116.22,118.32,1420000
2023-05-09 20:00:00-04:00,119.52,119.79,116.50,116.89,1541200
2023-05-10 20:00:00-04:00,114.35,115.94,113.42,114.36,2231200
2023-05-11 20:00:00-04:00,115.48,115.99,113.92,114.66,1705100
2023-05-14 20:00:00-04:00,115.30,116.05,114.27,115.52,1650700
2023-05-15 20:00:00-04:00,114.95,115.34,111.82,111.85,1591600
2023-05-16 20:00:00-04:00,113.06,115.17,111.87,114.28,1471900
2023-05-17 20:00:00-04:00,113.51,115.40,112.58,115.32,1211600
2023-05-18 20:00:00-04:00,116.91,118.06,116.06,116.65,1486200
2023-05-21 20:00:00-04:00,116.86,119.72,116.65,118.65,1669000
2023-05-22 20:00:00-04:00,119.93,120.56,118.41,119.08,1202500
2023-05-23 20:00:00-04:00,120.30,121.02,118.32,120.38,1611200
2023-05-24 20:00:00-04:00,116.81,117.90,115.96,117.35,1483700
2023-05-25 20:00:00-04:00,118.18,118.34,116.27,117.34,1425100
2023-05-29 20:00:00-04:00,115.69,116.18,114.46,116.00,1580800
2023-05-30 20:00:00-04:00,113.81,114.95,112.88,113.90,2308900
2023-05-31 20:00:00-04:00,114.21,116.86,113.04,114.75,1380900
2023-06-01 20:00:00-04:00,116.86,118.39,115.69,117.66,2126300
2023-06-04 20:00:00-04:00,120.39,120.71,116.69,116.74,1651000
2023-06-05 20:00:00-04:00,114.66,117.88,114.66,117.31,1162700
2023-06-06 20:00:00-04:00,118.09,121.25,118.04,120.20,1910900
2023-06-07 20:00:00-04:00,120.20,120.61,117.65,119.44,1307600
2023-06-08 20:00:00-04:00,119.01,120.14,117.85,118.49,1098700
2023-06-11 20:00:00-04:00,115.93,118.24,115.15,116.22,1697400
2023-06-12 20:00:00-04:00,117.77,119.85,116.27,116.51,1650500
2023-06-13 20:00:00-04:00,118.18,118.39,112.40,113.57,2260300
2023-06-14 20:00:00-04:00,114.25,116.08,113.11,113.46,2961500
2023-06-15 20:00:00-04:00,113.77,115.64,112.88,115.32,4054000
2023-06-19 20:00:00-04:00,114.34,114.57,112.21,113.74,2092900
2023-06-20 20:00:00-04:00,113.81,115.63,113.38,114.36,1710000
2023-06-21 20:00:00-04:00,113.22,113.39,111.53,112.73,1324300
2023-06-22 20:00:00-04:00,111.48,112.56,110.55,112.33,3578500
2023-06-25 20:00:00-04:00,112.83,114.69,112.76,113.96,1296100
2023-06-26 20:00:00-04:00,113.92,115.04,113.23,114.05,1586600
2023-06-27 20:00:00-04:00,114.51,115.22,112.59,115.21,1435400
2023-06-28 20:00:00-04:00,115.56,116.86,115.32,116.46,1143300
2023-06-29 20:00:00-04:00,117.35,118.69,116.28,117.67,1282400
2023-07-02 20:00:00-04:00,117.88,119.14,117.54,118.20,663100
2023-07-04 20:00:00-04:00,118.99,118.99,116.43,116.99,2062300
2023-07-05 20:00:00-04:00,116.34,117.13,112.63,113.92,1833300
2023-07-06 20:00:00-04:00,113.50,120.29,113.50,118.60,2328400
2023-07-09 20:00:00-04:00,118.76,120.36,118.43,120.12,1587400
2023-07-10 20:00:00-04:00,120.90,123.56,120.41,122.85,2162500
2023-07-11 20:00:00-04:00,123.60,125.43,123.18,124.97,2066000
2023-07-12 20:00:00-04:00,125.52,126.24,122.88,124.88,2138000
2023-07-13 20:00:00-04:00,124.19,124.19,121.08,121.52,1747500
2023-07-16 20:00:00-04:00,120.99,122.21,120.64,121.35,1253000
2023-07-17 20:00:00-04:00,121.14,125.15,121.09,124.34,1934900
2023-07-18 20:00:00-04:00,124.32,126.28,123.54,124.42,1336100
2023-07-19 20:00:00-04:00,125.97,126.98,124.92,125.43,2001200
2023-07-20 20:00:00-04:00,126.05,127.35,125.19,126.52,4011400
2023-07-23 20:00:00-04:00,127.38,130.01,127.18,129.40,3024500
2023-07-24 20:00:00-04:00,129.33,131.55,128.99,130.82,2444400
2023-07-25 20:00:00-04:00,129.60,130.82,129.02,129.88,1298100
2023-07-26 20:00:00-04:00,130.72,131.35,128.74,129.31,1558600
2023-07-27 20:00:00-04:00,129.80,130.49,127.84,130.46,1737000
2023-07-30 20:00:00-04:00,129.85,132.13,129.85,131.97,2219800
2023-07-31 20:00:00-04:00,130.96,133.02,129.74,132.47,3894300
2023-08-01 20:00:00-04:00,132.12,132.35,129.91,131.49,2429800
2023-08-02 20:00:00-04:00,132.44,134.82,131.43,132.94,2520700
2023-08-03 20:00:00-04:00,134.05,134.56,132.65,133.09,1640300
2023-08-06 20:00:00-04:00,133.97,134.48,132.65,133.10,1416700
2023-08-07 20:00:00-04:00,130.09,133.75,129.21,133.65,1942300
2023-08-08 20:00:00-04:00,134.73,136.70,134.34,135.52,2306600
2023-08-09 20:00:00-04:00,135.52,136.69,133.92,134.86,1668300
2023-08-10 20:00:00-04:00,134.37,135.64,133.83,134.82,1650100
2023-08-13 20:00:00-04:00,134.91,135.18,133.62,134.17,1347900
2023-08-14 20:00:00-04:00,133.07,133.61,131.72,132.80,1713900
2023-08-15 20:00:00-04:00,133.07,134.29,132.01,132.35,1564600
2023-08-16 20:00:00-04:00,134.58,135.25,132.68,132.89,1166300
2023-08-17 20:00:00-04:00,131.56,133.89,131.25,133.36,1497700
2023-08-20 20:00:00-04:00,134.56,135.41,132.54,133.73,2390900
2023-08-21 20:00:00-04:00,134.02,134.63,133.25,133.60,1384300
2023-08-22 20:00:00-04:00,132.40,133.61,130.93,133.52,1876300
2023-08-23 20:00:00-04:00,132.67,134.97,132.45,134.24,2932500
2023-08-24 20:00:00-04:00,134.80,135.14,133.08,134.72,1598200
2023-08-27 20:00:00-04:00,135.13,136.90,134.95,135.74,1237900
2023-08-28 20:00:00-04:00,135.13,136.25,134.45,136.20,1175100
2023-08-29 20:00:00-04:00,136.48,136.97,136.09,136.31,1518000
2023-08-30 20:00:00-04:00,136.74,136.97,135.35,136.73,1370600
2023-08-31 20:00:00-04:00,137.74,139.83,137.35,139.33,2555600
2023-09-04 20:00:00-04:00,139.57,140.93,138.64,138.90,2018700
2023-09-05 20:00:00-04:00,138.32,141.22,138.30,140.62,2533900
2023-09-06 20:00:00-04:00,140.44,141.61,139.05,139.52,1840700
2023-09-07 20:00:00-04:00,140.62,142.07,140.09,140.56,1414800
2023-09-10 20:00:00-04:00,141.88,142.18,136.71,137.43,2383900
2023-09-11 20:00:00-04:00,139.18,141.67,138.94,140.81,2837700
2023-09-12 20:00:00-04:00,141.39,141.46,138.61,140.34,1322200
2023-09-13 20:00:00-04:00,142.34,142.90,141.84,142.26,1488800
2023-09-14 20:00:00-04:00,141.25,142.79,139.57,140.31,3351100
2023-09-17 20:00:00-04:00,141.52,141.81,139.94,140.77,1018200
2023-09-18 20:00:00-04:00,141.89,142.24,139.26,139.98,1117900
2023-09-19 20:00:00-04:00,139.27,140.31,137.57,137.73,1378100
2023-09-20 20:00:00-04:00,138.24,138.33,135.54,136.35,2660800
2023-09-21 20:00:00-04:00,136.92,138.15,135.27,135.64,1367300
2023-09-24 20:00:00-04:00,135.87,137.77,135.44,137.51,1974600
2023-09-25 20:00:00-04:00,136.68,138.99,136.57,137.89,1392300
2023-09-26 20:00:00-04:00,139.82,142.76,139.14,141.64,3027800
2023-09-27 20:00:00-04:00,141.64,143.13,140.74,141.56,1221100
2023-09-28 20:00:00-04:00,141.70,141.81,138.81,139.52,1851600
2023-10-01 20:00:00-04:00,139.77,139.92,134.00,135.31,1678100
2023-10-02 20:00:00-04:00,134.93,135.93,133.65,135.93,1693800
2023-10-03 20:00:00-04:00,134.74,134.74,129.93,131.08,2536200
2023-10-04 20:00:00-04:00,129.16,131.62,128.89,130.73,1718300
2023-10-05 20:00:00-04:00,133.15,137.83,131.67,136.24,4441200
2023-10-08 20:00:00-04:00,140.37,141.80,139.53,140.96,2184400
2023-10-09 20:00:00-04:00,140.96,142.30,139.89,140.88,1661600
2023-10-10 20:00:00-04:00,140.62,143.31,140.20,143.10,3028200
2023-10-11 20:00:00-04:00,144.75,146.97,144.26,146.26,3206300
2023-10-12 20:00:00-04:00,149.32,151.64,149.30,150.06,2908300
2023-10-15 20:00:00-04:00,151.27,151.46,148.71,150.81,1661700
2023-10-16 20:00:00-04:00,150.69,152.79,150.62,151.77,1925700
2023-10-17 20:00:00-04:00,152.87,154.41,152.15,153.07,1996000
2023-10-18 20:00:00-04:00,152.62,153.75,151.13,152.17,1580300
2023-10-19 20:00:00-04:00,152.17,152.79,149.55,149.97,2465500
2023-10-22 20:00:00-04:00,148.30,150.79,147.51,148.93,2548800
2023-10-23 20:00:00-04:00,149.36,149.88,147.00,147.07,1604600
2023-10-24 20:00:00-04:00,147.56,148.76,146.24,148.35,1596700
2023-10-25 20:00:00-04:00,146.87,147.42,143.89,145.69,2669100
2023-10-26 20:00:00-04:00,145.94,146.00,142.26,144.18,1589100
2023-10-29 20:00:00-04:00,144.37,145.27,141.48,142.72,1496200
2023-10-30 20:00:00-04:00,143.19,145.18,141.73,144.43,1342500
2023-10-31 20:00:00-04:00,145.88,146.47,142.97,143.61,1700500
2023-11-01 20:00:00-04:00,142.67,147.27,141.98,147.06,1621200
2023-11-02 20:00:00-04:00,147.26,147.78,144.92,146.03,1294200
2023-11-05 19:00:00-05:00,146.31,146.91,143.33,144.26,1914800
2023-11-06 19:00:00-05:00,142.17,144.20,138.34,143.05,3074600
2023-11-07 19:00:00-05:00,141.93,143.72,139.79,140.51,2448500
2023-11-08 19:00:00-05:00,141.11,142.60,139.98,140.16,1785400
2023-11-09 19:00:00-05:00,142.03,142.93,140.42,142.07,1692200
2023-11-12 19:00:00-05:00,142.35,143.55,141.75,142.50,1289700
2023-11-13 19:00:00-05:00,143.28,143.91,142.45,143.38,2417800
2023-11-14 19:00:00-05:00,143.04,145.33,143.04,143.38,1785600
2023-11-15 19:00:00-05:00,142.46,142.62,136.83,140.35,3097600
2023-11-16 19:00:00-05:00,141.76,144.91,141.27,143.71,2182700
2023-11-19 19:00:00-05:00,144.52,145.63,143.21,143.71,1421400
2023-11-20 19:00:00-05:00,142.87,143.21,141.34,142.74,1127800
2023-11-21 19:00:00-05:00,138.95,142.31,138.04,141.88,1363500
2023-11-23 19:00:00-05:00,142.18,143.81,142.13,142.31,549800
2023-11-26 19:00:00-05:00,141.54,142.08,140.41,141.75,1232200
2023-11-27 19:00:00-05:00,142.11,143.32,141.31,141.72,1066600
2023-11-28 19:00:00-05:00,142.14,142.55,140.83,141.54,1031500
2023-11-29 19:00:00-05:00,142.80,144.94,139.09,142.11,2406800
2023-11-30 19:00:00-05:00,142.01,144.28,141.42,141.98,1353900
2023-12-03 19:00:00-05:00,140.55,141.82,139.99,141.60,1372900
2023-12-04 19:00:00-05:00,141.93,142.18,138.10,138.19,1842800
2023-12-05 19:00:00-05:00,136.89,137.22,134.09,134.81,3304500
2023-12-06 19:00:00-05:00,136.15,136.87,134.85,135.83,2245500
2023-12-07 19:00:00-05:00,136.43,138.43,136.21,136.88,1596100
2023-12-10 19:00:00-05:00,136.65,138.28,136.51,137.63,1992800
2023-12-11 19:00:00-05:00,136.46,137.07,135.12,136.10,2404800
2023-12-12 19:00:00-05:00,136.29,137.82,135.62,137.55,1840400
2023-12-13 19:00:00-05:00,139.02,141.86,138.86,141.22,2552900
2023-12-14 19:00:00-05:00,140.51,141.73,138.85,140.91,4063700
2023-12-17 19:00:00-05:00,144.05,145.28,143.23,143.23,1883400
2023-12-18 19:00:00-05:00,143.16,144.89,142.54,144.63,1578800
2023-12-19 19:00:00-05:00,144.60,146.74,143.27,143.42,1581400
2023-12-20 19:00:00-05:00,143.99,144.24,142.26,143.81,1292300
2023-12-21 19:00:00-05:00,144.99,145.71,143.56,143.93,1258500
2023-12-25 19:00:00-05:00,145.06,147.25,145.06,146.33,1038900
2023-12-26 19:00:00-05:00,146.33,147.02,144.84,145.50,911800
2023-12-27 19:00:00-05:00,144.94,145.13,142.90,142.96,1167000
2023-12-28 19:00:00-05:00,143.57,143.90,142.40,142.73,2267700
2024-01-01 19:00:00-05:00,144.10,145.98,143.87,144.50,1400300
2024-01-02 19:00:00-05:00,145.13,148.07,143.90,147.41,1391300
2024-01-03 19:00:00-05:00,148.24,148.75,143.13,143.41,1815200
2024-01-04 19:00:00-05:00,144.31,145.09,142.32,143.53,1654700
2024-01-07 19:00:00-05:00,140.63,143.35,138.70,143.35,2130700
2024-01-08 19:00:00-05:00,143.60,143.75,140.10,140.59,1356800
2024-01-09 19:00:00-05:00,140.07,140.17,137.93,139.30,1470200
2024-01-10 19:00:00-05:00,139.88,140.42,138.39,139.33,1234700
2024-01-11 19:00:00-05:00,141.72,142.28,139.94,141.59,1472500
2024-01-15 19:00:00-05:00,140.84,141.14,138.70,139.12,1423100
2024-01-16 19:00:00-05:00,137.49,139.27,137.01,137.85,1448100
2024-01-17 19:00:00-05:00,137.79,138.36,136.50,137.81,1460800
2024-01-18 19:00:00-05:00,137.80,139.07,137.15,139.03,1344100
2024-01-21 19:00:00-05:00,139.23,141.05,138.20,139.84,2268600
2024-01-22 19:00:00-05:00,138.96,140.90,138.71,139.40,1307300
2024-01-23 19:00:00-05:00,140.25,141.37,139.20,141.00,1470200
2024-01-24 19:00:00-05:00,142.32,143.95,140.32,143.87,2399500
2024-01-25 19:00:00-05:00,144.03,144.58,141.96,143.79,1443200
2024-01-28 19:00:00-05:00,143.48,143.48,141.47,142.52,2775200
2024-01-29 19:00:00-05:00,141.57,144.84,141.18,144.43,2002400
2024-01-30 19:00:00-05:00,144.32,144.32,141.27,141.49,1636100
2024-01-31 19:00:00-05:00,142.19,142.80,139.28,140.55,1578800
2024-02-01 19:00:00-05:00,140.42,140.72,138.23,138.25,1282800
2024-02-04 19:00:00-05:00,137.89,138.57,136.15,137.70,1613000
2024-02-05 19:00:00-05:00,138.42,140.62,138.05,139.88,1927200
2024-02-06 19:00:00-05:00,139.87,140.63,138.70,139.39,1754700
2024-02-07 19:00:00-05:00,139.43,142.09,139.26,141.25,1674700
2024-02-08 19:00:00-05:00,141.47,141.94,139.20,139.65,1015100
2024-02-11 19:00:00-05:00,147.25,154.73,145.98,152.76,6442675
2024-02-12 19:00:00-05:00,153.98,156.15,150.54,152.41,3354200
2024-02-13 19:00:00-05:00,154.35,156.72,152.88,156.33,3724500
2024-02-14 19:00:00-05:00,156.99,165.23,156.71,164.30,3728700
2024-02-15 19:00:00-05:00,165.14,167.08,163.89,165.13,2540900
2024-02-19 19:00:00-05:00,165.27,165.79,163.14,163.88,2792200
2024-02-20 19:00:00-05:00,167.71,169.31,164.08,165.43,3442900
2024-02-21 19:00:00-05:00,165.33,165.99,162.34,162.65,2346100
2024-02-22 19:00:00-05:00,161.39,163.63,160.50,162.31,2092400
2024-02-25 19:00:00-05:00,161.79,163.77,160.74,163.00,1374200
2024-02-26 19:00:00-05:00,163.30,164.06,162.11,163.78,1499100
2024-02-27 19:00:00-05:00,163.02,165.50,162.65,165.44,1458000
2024-02-28 19:00:00-05:00,166.26,168.41,165.66,167.98,2029400
2024-02-29 19:00:00-05:00,168.74,170.98,168.56,170.42,1774300
2024-03-03 19:00:00-05:00,171.37,171.37,166.79,167.43,1320000
2024-03-04 19:00:00-05:00,167.55,170.45,167.43,168.52,1141500
2024-03-05 19:00:00-05:00,169.39,170.18,167.81,169.57,1736600
2024-03-06 19:00:00-05:00,169.91,171.85,169.87,171.09,1551100
2024-03-07 19:00:00-05:00,170.99,173.04,170.64,171.54,1251800
2024-03-10 20:00:00-04:00,170.83,172.78,169.91,172.68,1290800
2024-03-11 20:00:00-04:00,173.61,173.96,171.95,172.69,1099200
2024-03-12 20:00:00-04:00,174.78,176.51,174.07,175.54,1436900
2024-03-13 20:00:00-04:00,175.96,177.54,175.75,177.36,1467800
2024-03-14 20:00:00-04:00,176.97,179.11,175.81,177.77,3367100
2024-03-17 20:00:00-04:00,178.50,179.03,176.69,177.88,1170300
2024-03-18 20:00:00-04:00,177.74,180.50,177.36,180.28,1288700
2024-03-19 20:00:00-04:00,179.41,180.64,177.90,180.54,1373600
2024-03-20 20:00:00-04:00,180.84,182.19,180.05,181.94,1326900
2024-03-21 20:00:00-04:00,182.50,182.61,180.64,182.22,1080300
2024-03-24 20:00:00-04:00,183.19,184.73,183.19,183.99,1332700
2024-03-25 20:00:00-04:00,183.99,185.42,181.64,181.80,1541900
2024-03-26 20:00:00-04:00,181.45,183.96,181.05,183.93,987000
2024-03-27 20:00:00-04:00,185.32,185.81,183.91,185.47,1052600
2024-03-31 20:00:00-04:00,186.57,187.06,184.91,186.67,1148300
2024-04-01 20:00:00-04:00,187.18,187.80,185.45,187.53,1543800
2024-04-02 20:00:00-04:00,188.13,190.43,188.08,190.20,1490100
2024-04-03 20:00:00-04:00,190.59,190.90,187.72,188.16,1459700
2024-04-04 20:00:00-04:00,188.49,191.89,187.46,191.23,1519800
2024-04-07 20:00:00-04:00,191.47,195.13,190.36,193.33,1830400
2024-04-08 20:00:00-04:00,194.25,195.13,191.63,192.36,1830200
2024-04-09 20:00:00-04:00,190.93,193.56,190.70,193.01,1182900
2024-04-10 20:00:00-04:00,193.73,194.94,190.55,194.91,1250200
2024-04-11 20:00:00-04:00,195.94,198.38,191.86,193.12,1526900
2024-04-14 20:00:00-04:00,194.59,196.05,191.50,192.19,1229200
2024-04-15 20:00:00-04:00,190.89,192.05,188.89,190.88,1331900
2024-04-16 20:00:00-04:00,190.56,191.85,186.59,188.26,1578200
2024-04-17 20:00:00-04:00,189.12,189.77,186.00,186.81,1063300
2024-04-18 20:00:00-04:00,188.33,190.79,187.28,187.87,1800800
2024-04-21 20:00:00-04:00,187.18,190.64,185.36,189.60,1416100
2024-04-22 20:00:00-04:00,188.60,191.42,187.65,191.27,960400
2024-04-23 20:00:00-04:00,190.65,193.41,189.92,192.09,1289500
2024-04-24 20:00:00-04:00,192.46,194.35,190.39,193.83,1093800
2024-04-25 20:00:00-04:00,192.03,195.47,191.73,194.44,1184000
2024-04-28 20:00:00-04:00,193.49,194.17,191.19,192.67,1663400
2024-04-29 20:00:00-04:00,191.47,192.43,187.86,188.24,2042700
2024-04-30 20:00:00-04:00,189.99,190.46,180.81,183.45,2875200
2024-05-01 20:00:00-04:00,184.21,185.45,182.54,184.96,1933200
2024-05-02 20:00:00-04:00,183.98,188.62,183.71,188.59,1873700
2024-05-05 20:00:00-04:00,189.53,192.55,189.20,191.10,1791600
2024-05-06 20:00:00-04:00,191.34,192.30,190.03,190.63,1244800
2024-05-07 20:00:00-04:00,189.39,191.65,188.83,190.20,1390200
2024-05-08 20:00:00-04:00,190.26,191.55,189.90,190.66,1032900
2024-05-09 20:00:00-04:00,191.30,192.40,188.07,189.23,1732200
2024-05-12 20:00:00-04:00,190.17,190.26,187.30,187.90,1384100
2024-05-13 20:00:00-04:00,187.64,188.96,186.26,187.19,1474600
2024-05-14 20:00:00-04:00,186.29,186.96,182.92,185.96,1614800
2024-05-15 20:00:00-04:00,186.09,186.74,183.82,183.92,1145200
2024-05-16 20:00:00-04:00,184.65,187.41,184.15,186.83,1011900
2024-05-19 20:00:00-04:00,186.98,188.17,186.20,186.99,929000
2024-05-20 20:00:00-04:00,185.69,188.19,185.58,185.79,834100
2024-05-21 20:00:00-04:00,185.49,185.58,180.98,181.80,1179200
2024-05-22 20:00:00-04:00,183.39,184.47,181.25,181.44,1394600
2024-05-23 20:00:00-04:00,183.14,184.20,182.58,182.86,688400
2024-05-27 20:00:00-04:00,184.54,187.31,184.50,186.92,1304000
2024-05-28 20:00:00-04:00,186.74,186.95,182.68,184.33,1527700
2024-05-29 20:00:00-04:00,183.88,187.04,183.88,186.52,1288500
2024-05-30 20:00:00-04:00,186.70,188.53,186.16,188.34,2933800
2024-06-02 20:00:00-04:00,187.57,187.93,176.26,180.26,2775100
2024-06-03 20:00:00-04:00,178.38,178.91,174.95,178.85,1744900
2024-06-04 20:00:00-04:00,178.85,179.59,178.16,178.82,825700
2024-06-05 20:00:00-04:00,178.53,181.05,178.45,180.57,1181400
2024-06-06 20:00:00-04:00,180.57,181.10,179.38,179.87,1027800
2024-06-09 20:00:00-04:00,180.30,184.31,180.17,183.34,961200
2024-06-10 20:00:00-04:00,182.05,183.11,180.76,183.05,716300
2024-06-11 20:00:00-04:00,184.56,185.26,181.81,183.04,1056800
2024-06-12 20:00:00-04:00,181.95,182.30,177.95,179.92,1268800
2024-06-13 20:00:00-04:00,179.49,179.59,175.51,175.78,978300
2024-06-16 20:00:00-04:00,176.33,177.82,174.95,177.28,1235300
2024-06-17 20:00:00-04:00,178.44,179.45,177.89,178.52,1124300
2024-06-19 20:00:00-04:00,179.12,182.99,179.12,182.17,1960000
2024-06-20 20:00:00-04:00,182.96,183.08,179.90,180.42,3342900
2024-06-23 20:00:00-04:00,181.59,188.23,181.33,187.18,1809700
2024-06-24 20:00:00-04:00,187.04,187.74,185.57,187.03,1441900
2024-06-25 20:00:00-04:00,187.30,187.30,184.32,186.16,1258000
2024-06-26 20:00:00-04:00,187.38,188.46,185.87,188.27,1036500
2024-06-27 20:00:00-04:00,189.55,191.75,188.16,189.22,2105900
2024-06-30 20:00:00-04:00,190.76,193.19,188.83,192.54,1230300
2024-07-01 20:00:00-04:00,194.23,197.18,192.63,193.67,1763200
2024-07-02 20:00:00-04:00,194.78,197.33,193.13,195.59,741100
2024-07-04 20:00:00-04:00,195.13,196.11,191.22,192.37,761300
2024-07-07 20:00:00-04:00,191.28,192.39,190.02,192.20,774800
2024-07-08 20:00:00-04:00,189.94,193.40,188.68,191.49,993300
2024-07-09 20:00:00-04:00,190.99,191.54,189.75,191.30,970900
2024-07-10 20:00:00-04:00,191.41,196.88,190.53,195.81,1249100
2024-07-11 20:00:00-04:00,196.00,197.21,192.28,192.98,1128200
2024-07-14 20:00:00-04:00,193.76,200.47,193.16,199.37,1410700
2024-07-15 20:00:00-04:00,198.35,199.07,196.77,197.60,1077600
2024-07-16 20:00:00-04:00,199.04,202.74,197.87,199.38,1485200
2024-07-17 20:00:00-04:00,199.50,200.64,195.31,198.52,893900
2024-07-18 20:00:00-04:00,197.53,198.08,194.08,194.21,1348100
2024-07-21 20:00:00-04:00,194.11,194.46,191.00,193.46,930500
2024-07-22 20:00:00-04:00,193.14,193.29,187.42,187.49,1390300
2024-07-23 20:00:00-04:00,188.88,190.86,187.44,187.93,1178900
2024-07-24 20:00:00-04:00,187.52,191.11,186.69,188.85,1067800
2024-07-25 20:00:00-04:00,188.58,190.28,186.89,189.76,775700
2024-07-28 20:00:00-04:00,190.55,191.19,185.72,187.40,853000
2024-07-29 20:00:00-04:00,187.62,189.45,186.49,187.22,1525100
2024-07-30 20:00:00-04:00,191.89,192.80,188.07,191.22,1245800
2024-07-31 20:00:00-04:00,190.30,192.59,185.12,187.35,1525000
2024-08-01 20:00:00-04:00,184.31,184.85,175.79,178.70,1999200
2024-08-04 20:00:00-04:00,174.04,176.64,169.76,175.03,2421900
2024-08-05 20:00:00-04:00,181.83,184.16,176.75,179.30,1953100
2024-08-06 20:00:00-04:00,183.00,185.88,180.63,180.89,1454900
2024-08-07 20:00:00-04:00,180.53,188.24,180.53,186.66,1319600
2024-08-08 20:00:00-04:00,186.29,190.65,184.84,188.82,1289100
2024-08-11 20:00:00-04:00,189.69,191.75,188.63,190.26,1114700
2024-08-12 20:00:00-04:00,187.87,188.32,184.85,185.39,1783000
2024-08-13 20:00:00-04:00,185.40,186.14,184.46,185.68,1066700
2024-08-14 20:00:00-04:00,186.33,189.23,186.04,188.04,1220000
2024-08-15 20:00:00-04:00,185.47,187.68,185.09,186.36,1163700
2024-08-18 20:00:00-04:00,187.18,189.89,186.77,187.34,1189700
2024-08-19 20:00:00-04:00,187.19,187.19,181.33,181.51,1114600
2024-08-20 20:00:00-04:00,183.61,184.60,181.62,182.82,1105500
2024-08-21 20:00:00-04:00,183.19,185.04,182.51,183.41,893400
2024-08-22 20:00:00-04:00,184.70,187.40,184.55,186.74,755500
2024-08-25 20:00:00-04:00,189.07,190.61,185.99,188.71,1127100
2024-08-26 20:00:00-04:00,188.59,189.31,185.46,186.26,876600
2024-08-27 20:00:00-04:00,185.05,186.98,184.71,186.12,698700
2024-08-28 20:00:00-04:00,188.53,190.01,185.98,188.25,1054700
2024-08-29 20:00:00-04:00,185.82,187.11,184.39,186.64,1811900
2024-09-02 20:00:00-04:00,183.12,183.12,178.31,179.34,1414100
2024-09-03 20:00:00-04:00,180.18,181.03,176.23,176.28,1098600
2024-09-04 20:00:00-04:00,177.83,178.24,174.95,176.02,1312600
2024-09-05 20:00:00-04:00,175.67,177.33,171.05,171.93,1505600
2024-09-08 20:00:00-04:00,172.68,172.99,171.05,171.43,1442900
2024-09-09 20:00:00-04:00,171.07,171.43,161.59,164.04,3135100
2024-09-10 20:00:00-04:00,164.93,164.93,160.55,161.18,2580700
2024-09-11 20:00:00-04:00,162.59,170.24,160.64,163.44,2673900
2024-09-12 20:00:00-04:00,163.80,166.97,163.80,164.93,1464800
2024-09-15 20:00:00-04:00,166.44,168.59,164.38,167.22,1638300
2024-09-16 20:00:00-04:00,166.65,172.50,166.65,171.96,1817500
2024-09-17 20:00:00-04:00,171.72,174.96,170.16,170.39,1609800
2024-09-18 20:00:00-04:00,174.48,175.90,171.54,173.74,1175100
2024-09-19 20:00:00-04:00,171.49,174.27,170.32,173.14,6442675
2024-09-22 20:00:00-04:00,174.33,178.11,173.75,177.21,3249300
2024-09-23 20:00:00-04:00,179.84,180.91,176.19,177.38,3046800
2024-09-24 20:00:00-04:00,177.38,177.77,172.05,172.69,1740600
2024-09-25 20:00:00-04:00,168.40,169.45,160.79,161.53,4646800
2024-09-26 20:00:00-04:00,163.14,165.73,162.02,163.22,5079300
2024-09-29 20:00:00-04:00,162.72,165.09,161.43,164.91,2768200
2024-09-30 20:00:00-04:00,163.50,171.03,162.61,169.81,3149200
2024-10-01 20:00:00-04:00,174.69,175.34,170.78,173.42,3037900
2024-10-02 20:00:00-04:00,173.97,180.62,173.03,180.12,3018800
2024-10-03 20:00:00-04:00,183.24,187.06,181.27,186.16,3491700
2024-10-06 20:00:00-04:00,187.44,191.77,186.53,190.84,3780800
2024-10-07 20:00:00-04:00,187.60,188.34,183.50,185.36,6442675
2024-10-08 20:00:00-04:00,184.03,186.26,182.52,185.34,2270800
2024-10-09 20:00:00-04:00,186.25,189.10,185.54,185.63,1431600
2024-10-10 20:00:00-04:00,184.29,187.49,184.09,186.49,1366800
2024-10-13 20:00:00-04:00,184.07,184.92,181.50,182.42,1560500
2024-10-14 20:00:00-04:00,175.69,176.24,171.85,171.96,2845200
2024-10-15 20:00:00-04:00,172.39,175.65,172.39,174.54,1916600
2024-10-16 20:00:00-04:00,174.16,176.10,172.90,175.97,1753800
2024-10-17 20:00:00-04:00,175.47,176.84,173.90,176.00,1214200
2024-10-20 20:00:00-04:00,177.22,178.63,174.14,174.49,1461000
2024-10-21 20:00:00-04:00,176.22,177.02,174.37,176.04,1068000
2024-10-22 20:00:00-04:00,174.42,175.29,172.15,173.26,1415100
2024-10-23 20:00:00-04:00,174.43,175.19,172.44,173.05,1072700
2024-10-24 20:00:00-04:00,174.69,176.50,173.95,176.37,2150800
2024-10-27 20:00:00-04:00,170.05,172.09,169.43,170.45,1788200
2024-10-28 20:00:00-04:00,170.04,171.42,167.55,168.01,1690800
2024-10-29 20:00:00-04:00,169.18,170.49,168.01,168.98,1568200
2024-10-30 20:00:00-04:00,170.61,171.35,168.16,169.09,2028700
2024-10-31 20:00:00-04:00,169.70,171.09,167.48,168.18,1946100
2024-11-03 19:00:00-05:00,170.45,173.46,169.79,171.95,1918600
2024-11-04 19:00:00-05:00,167.31,171.12,166.18,168.00,3691100
2024-11-05 19:00:00-05:00,172.18,177.72,169.31,175.65,3017300
2024-11-06 19:00:00-05:00,174.54,175.25,171.62,173.71,1727300
2024-11-07 19:00:00-05:00,172.76,174.28,171.45,173.98,2579100
2024-11-10 19:00:00-05:00,174.06,174.18,171.23,171.35,2803600
2024-11-11 19:00:00-05:00,172.64,174.57,171.98,172.10,1788200
2024-11-12 19:00:00-05:00,173.14,175.65,169.79,174.33,1469300
2024-11-13 19:00:00-05:00,175.78,176.97,173.52,175.37,1366000
2024-11-14 19:00:00-05:00,175.37,176.87,169.19,169.77,2123400
2024-11-17 19:00:00-05:00,171.59,176.55,170.73,174.87,1967600
2024-11-18 19:00:00-05:00,173.63,175.68,172.16,173.15,1632800
2024-11-19 19:00:00-05:00,173.08,175.52,173.04,174.44,1647800
2024-11-20 19:00:00-05:00,176.16,178.50,175.44,175.63,2140300
2024-11-21 19:00:00-05:00,174.96,178.87,174.48,178.12,2188900
2024-11-24 19:00:00-05:00,177.36,177.45,172.00,172.61,2957900
2024-11-25 19:00:00-05:00,172.78,173.57,168.36,169.16,2466800
2024-11-26 19:00:00-05:00,169.69,171.89,169.10,169.38,1490400
2024-11-28 19:00:00-05:00,169.39,171.51,169.20,170.72,820300
2024-12-01 19:00:00-05:00,170.90,171.39,167.20,169.03,1719200
2024-12-02 19:00:00-05:00,171.15,171.38,167.59,168.96,1804400
2024-12-03 19:00:00-05:00,169.19,169.50,162.17,164.38,2437500
2024-12-04 19:00:00-05:00,164.82,167.40,164.82,166.00,2157300
2024-12-05 19:00:00-05:00,165.20,165.25,158.44,160.38,3104700
2024-12-08 19:00:00-05:00,162.96,163.41,160.28,160.66,1775700
2024-12-09 19:00:00-05:00,161.23,161.40,156.29,156.84,2298900
2024-12-10 19:00:00-05:00,158.00,158.43,156.25,157.56,2662900
2024-12-11 19:00:00-05:00,157.38,157.71,155.67,155.96,1627900
2024-12-12 19:00:00-05:00,156.32,157.70,154.77,157.02,1718100
2024-12-15 19:00:00-05:00,156.37,156.37,152.38,152.78,2370800
2024-12-16 19:00:00-05:00,151.79,154.14,149.77,153.95,2714400
2024-12-17 19:00:00-05:00,154.79,155.49,149.94,150.04,2546800
2024-12-18 19:00:00-05:00,152.47,153.18,146.92,147.14,2963100
2024-12-19 19:00:00-05:00,146.28,150.18,146.12,148.95,6442675
2024-12-22 19:00:00-05:00,148.97,150.52,147.78,150.06,2107300
2024-12-23 19:00:00-05:00,151.34,151.99,149.20,151.67,823200
2024-12-25 19:00:00-05:00,152.16,153.42,150.64,151.92,1163800
2024-12-26 19:00:00-05:00,151.76,153.38,150.71,152.22,1723500
2024-12-29 19:00:00-05:00,152.38,155.69,151.27,154.75,2086900
2024-12-30 19:00:00-05:00,154.76,157.91,154.48,157.49,2491900
2025-01-01 19:00:00-05:00,159.72,161.71,158.81,160.33,1787600
2025-01-02 19:00:00-05:00,161.84,165.28,161.20,164.35,2016400
2025-01-05 19:00:00-05:00,165.14,168.31,162.29,163.08,2121400
2025-01-06 19:00:00-05:00,163.66,166.58,162.70,165.75,2127400
2025-01-07 19:00:00-05:00,164.92,166.31,162.92,164.38,1666000
2025-01-09 19:00:00-05:00,168.13,170.40,165.06,168.01,2725200
2025-01-12 19:00:00-05:00,169.26,173.13,168.91,170.74,3038500
2025-01-13 19:00:00-05:00,170.15,171.95,168.90,170.81,1734400
2025-01-14 19:00:00-05:00,171.59,173.28,170.81,172.62,1669800
2025-01-15 19:00:00-05:00,171.71,173.20,170.78,172.19,1377800
2025-01-16 19:00:00-05:00,173.38,173.91,171.63,173.21,1812000
2025-01-20 19:00:00-05:00,171.54,171.82,168.97,170.11,2151200
2025-01-21 19:00:00-05:00,169.41,172.70,168.20,170.72,1608400
2025-01-22 19:00:00-05:00,172.15,173.32,169.03,169.80,1888600
2025-01-23 19:00:00-05:00,170.31,170.82,165.84,166.56,1940300
2025-01-26 19:00:00-05:00,166.94,168.90,163.63,164.96,1773100
2025-01-27 19:00:00-05:00,164.82,166.75,160.70,162.70,1731200
2025-01-28 19:00:00-05:00,162.45,164.94,161.23,164.25,1316300
2025-01-29 19:00:00-05:00,165.66,166.33,162.89,163.82,1284500
2025-01-30 19:00:00-05:00,162.97,163.30,157.60,158.00,2917300
2025-02-02 19:00:00-05:00,158.79,159.56,155.34,158.12,2217700
2025-02-03 19:00:00-05:00,157.50,161.11,154.36,159.87,1991400
2025-02-04 19:00:00-05:00,159.48,159.48,155.26,158.39,1985300
2025-02-05 19:00:00-05:00,159.81,159.97,152.84,153.84,2122300
2025-02-06 19:00:00-05:00,154.45,154.77,151.79,152.01,1974200
2025-02-09 19:00:00-05:00,153.51,155.49,153.16,155.41,1697300
2025-02-10 19:00:00-05:00,156.60,158.27,155.45,155.74,1722300
2025-02-11 19:00:00-05:00,154.96,155.07,149.14,149.45,2391400
2025-02-12 19:00:00-05:00,149.45,151.07,148.32,150.13,2256900
2025-02-13 19:00:00-05:00,150.81,154.37,147.33,150.92,3073900
2025-02-17 19:00:00-05:00,154.96,155.34,148.41,150.70,2500200
2025-02-18 19:00:00-05:00,152.69,156.11,152.39,154.06,2086300
2025-02-19 19:00:00-05:00,154.10,156.54,153.29,155.82,2352500
2025-02-20 19:00:00-05:00,154.67,155.24,149.57,150.08,3936400
2025-02-23 19:00:00-05:00,150.08,150.74,149.03,149.23,3883400
2025-02-24 19:00:00-05:00,151.13,155.23,145.82,146.04,4696100
2025-02-25 19:00:00-05:00,145.96,148.04,145.16,146.54,3301800
2025-02-26 19:00:00-05:00,149.60,150.91,145.87,149.57,3137200
2025-02-27 19:00:00-05:00,149.02,153.25,146.71,152.81,3361400
2025-03-02 19:00:00-05:00,153.77,154.24,141.99,142.28,3495000
2025-03-03 19:00:00-05:00,140.34,141.82,135.36,139.43,5029500
2025-03-04 19:00:00-05:00,137.87,138.20,134.17,137.18,3759200
2025-03-05 19:00:00-05:00,136.63,137.90,134.51,135.44,3351300
2025-03-06 19:00:00-05:00,136.31,139.55,135.06,135.64,2813700
2025-03-09 20:00:00-04:00,135.29,137.41,132.72,136.10,3438400
2025-03-10 20:00:00-04:00,137.35,141.34,136.75,140.04,2319200
2025-03-11 20:00:00-04:00,139.86,143.63,138.68,141.88,2411000
2025-03-12 20:00:00-04:00,140.68,142.23,138.05,141.15,2641900
2025-03-13 20:00:00-04:00,141.85,146.20,140.59,145.41,2738700
2025-03-16 20:00:00-04:00,145.99,149.07,145.46,148.15,1979600
2025-03-17 20:00:00-04:00,149.08,150.08,147.27,150.06,2352900
2025-03-18 20:00:00-04:00,150.38,153.51,150.25,152.57,2974500
2025-03-19 20:00:00-04:00,151.83,154.17,150.99,153.43,2048800
2025-03-20 20:00:00-04:00,151.80,153.67,151.18,153.45,6442675
2025-03-23 20:00:00-04:00,153.78,156.29,153.49,155.88,2042200
2025-03-24 20:00:00-04:00,156.83,158.05,155.45,156.45,2324100
2025-03-25 20:00:00-04:00,157.65,159.86,157.16,157.89,2373500
2025-03-26 20:00:00-04:00,157.45,158.01,154.55,155.12,1468100
2025-03-27 20:00:00-04:00,154.83,155.83,150.88,152.52,1635700
2025-03-30 20:00:00-04:00,152.60,156.45,151.80,154.78,2068900
2025-03-31 20:00:00-04:00,155.13,156.00,152.82,155.74,1455900
2025-04-01 20:00:00-04:00,153.97,156.62,153.21,156.34,1394900
2025-04-02 20:00:00-04:00,146.24,148.14,136.60,136.77,5414200
2025-04-03 20:00:00-04:00,129.78,131.49,119.22,119.44,5425100
2025-04-06 20:00:00-04:00,117.01,125.13,113.30,120.56,5480200
2025-04-07 20:00:00-04:00,125.13,125.52,113.67,115.45,3368700
2025-04-08 20:00:00-04:00,112.14,132.97,110.36,130.63,5370800
2025-04-09 20:00:00-04:00,125.13,125.88,115.83,119.23,4367600
2025-04-10 20:00:00-04:00,119.16,124.92,117.17,124.90,3928700
2025-04-13 20:00:00-04:00,127.61,128.72,121.86,123.57,2523500
2025-04-14 20:00:00-04:00,122.65,125.87,122.65,123.09,1690700
2025-04-15 20:00:00-04:00,123.66,128.35,123.64,126.07,2047300
2025-04-16 20:00:00-04:00,128.35,134.78,128.35,133.25,3667400
2025-04-20 20:00:00-04:00,129.90,130.07,126.16,128.13,2180300
2025-04-21 20:00:00-04:00,130.81,133.57,130.09,132.19,1731900
2025-04-22 20:00:00-04:00,133.40,135.54,130.10,131.22,2130200
2025-04-23 20:00:00-04:00,132.57,133.42,130.80,131.82,2054400
2025-04-24 20:00:00-04:00,130.80,132.87,130.55,132.40,1608400
2025-04-27 20:00:00-04:00,132.06,134.18,131.90,133.43,1664800
2025-04-28 20:00:00-04:00,133.42,133.61,131.02,132.29,1665100
2025-04-29 20:00:00-04:00,130.15,130.31,126.35,127.80,1980000
2025-04-30 20:00:00-04:00,127.12,132.05,126.73,130.53,2158100
2025-05-01 20:00:00-04:00,132.21,133.45,129.55,132.45,2368000
2025-05-04 20:00:00-04:00,129.73,130.75,127.84,128.84,2865800
2025-05-05 20:00:00-04:00,129.63,132.63,127.13,127.77,3775900
2025-05-06 20:00:00-04:00,128.54,128.65,123.68,125.44,2549200
2025-05-07 20:00:00-04:00,126.32,132.95,126.32,131.84,2555000
2025-05-08 20:00:00-04:00,133.60,134.91,132.29,133.49,1944500
2025-05-11 20:00:00-04:00,140.22,143.04,137.54,138.36,2264700
2025-05-12 20:00:00-04:00,139.03,142.98,138.34,141.51,2010200
2025-05-13 20:00:00-04:00,139.92,141.30,139.39,140.20,1621500
2025-05-14 20:00:00-04:00,136.66,138.45,135.04,138.38,2596100
2025-05-15 20:00:00-04:00,139.18,139.18,135.72,137.58,2291900
2025-05-18 20:00:00-04:00,136.41,136.71,134.16,135.84,1476400
2025-05-19 20:00:00-04:00,135.68,136.30,133.98,134.87,1104900
2025-05-20 20:00:00-04:00,134.87,135.18,132.70,132.88,1650200
2025-05-21 20:00:00-04:00,131.37,133.42,128.87,132.86,1928900
2025-05-22 20:00:00-04:00,130.93,133.18,130.39,132.44,1766200
2025-05-26 20:00:00-04:00,134.32,134.64,132.13,134.03,1787100
2025-05-27 20:00:00-04:00,135.72,135.72,132.52,132.85,1904900
2025-05-28 20:00:00-04:00,134.01,134.71,132.71,134.34,2103100
2025-05-29 20:00:00-04:00,133.20,133.27,130.39,131.17,4362800
2025-06-01 20:00:00-04:00,134.97,135.53,132.44,134.13,2118500
2025-06-02 20:00:00-04:00,134.53,139.69,132.46,138.70,2770700
2025-06-03 20:00:00-04:00,138.56,140.38,134.90,135.84,2444000
2025-06-04 20:00:00-04:00,136.73,136.87,133.39,133.99,2062800
2025-06-05 20:00:00-04:00,135.77,137.66,135.50,137.02,1776700
2025-06-08 20:00:00-04:00,137.86,139.71,136.82,138.55,1735600
2025-06-09 20:00:00-04:00,139.40,143.85,139.16,141.91,2282200
2025-06-10 20:00:00-04:00,142.13,145.60,140.67,145.17,3217700
2025-06-11 20:00:00-04:00,143.45,145.63,142.22,145.57,1758700
2025-06-12 20:00:00-04:00,153.38,154.03,148.68,151.01,5208100
2025-06-15 20:00:00-04:00,150.26,151.32,145.09,147.23,3828700
2025-06-16 20:00:00-04:00,149.22,152.10,147.31,149.08,3360000
2025-06-17 20:00:00-04:00,149.57,151.21,144.71,145.04,2978500
2025-06-19 20:00:00-04:00,146.55,146.91,144.38,145.11,4309700
2025-06-22 20:00:00-04:00,147.20,147.20,137.24,137.60,4574200
2025-06-23 20:00:00-04:00,134.80,137.68,133.65,135.84,3222300
2025-06-24 20:00:00-04:00,135.52,137.10,134.27,134.57,2068400
2025-06-25 20:00:00-04:00,135.23,138.04,134.30,137.33,1581900
2025-06-26 20:00:00-04:00,137.05,137.76,135.49,136.25,2781700
2025-06-29 20:00:00-04:00,135.66,135.66,133.50,133.94,2386100
2025-06-30 20:00:00-04:00,134.33,138.33,132.97,136.67,2014200
2025-07-01 20:00:00-04:00,138.40,139.28,135.45,138.40,1852400
2025-07-02 20:00:00-04:00,138.14,138.63,136.72,137.36,1199600
2025-07-06 20:00:00-04:00,136.76,137.66,132.57,134.45,1717300
2025-07-07 20:00:00-04:00,134.18,141.59,133.89,140.14,2482000
2025-07-08 20:00:00-04:00,139.93,140.38,137.95,138.54,1237300
2025-07-09 20:00:00-04:00,137.54,139.60,135.85,139.43,1793300
2025-07-10 20:00:00-04:00,139.10,141.80,138.37,140.70,1333400
2025-07-13 20:00:00-04:00,140.15,140.15,136.77,138.39,1549900
2025-07-14 20:00:00-04:00,138.71,139.07,134.37,134.41,2913500
2025-07-15 20:00:00-04:00,134.31,135.17,131.27,133.04,2179700
2025-07-16 20:00:00-04:00,133.06,137.71,132.88,137.38,1727700
2025-07-17 20:00:00-04:00,139.40,141.44,137.76,137.81,2388400
2025-07-20 20:00:00-04:00,137.73,138.11,136.23,136.32,1296200
2025-07-21 20:00:00-04:00,136.64,139.84,136.49,138.25,1540500
2025-07-22 20:00:00-04:00,139.01,140.46,138.04,140.08,1249100
2025-07-23 20:00:00-04:00,139.60,142.49,138.86,141.64,1851200
2025-07-24 20:00:00-04:00,141.94,142.49,139.66,140.97,1035600
2025-07-27 20:00:00-04:00,142.32,147.19,142.32,146.73,1686800
2025-07-28 20:00:00-04:00,146.73,149.20,145.47,148.66,2587200
2025-07-29 20:00:00-04:00,147.80,148.11,145.73,147.20,2019300
2025-07-30 20:00:00-04:00,145.25,148.37,144.04,144.92,1866000
2025-07-31 20:00:00-04:00,144.71,145.24,141.18,142.46,2830900
2025-08-03 20:00:00-04:00,141.35,144.46,141.06,144.06,2536100
2025-08-04 20:00:00-04:00,144.06,144.06,137.15,142.02,3845200
2025-08-05 20:00:00-04:00,143.30,145.26,139.25,140.73,2171900
2025-08-06 20:00:00-04:00,141.97,143.98,137.31,137.57,2202600
2025-08-07 20:00:00-04:00,138.43,141.04,136.77,138.46,1684600
2025-08-10 20:00:00-04:00,137.45,137.92,132.77,133.40,3044700
2025-08-11 20:00:00-04:00,134.24,137.28,133.67,135.01,2581300
2025-08-12 20:00:00-04:00,134.53,136.65,134.24,136.46,1945500
2025-08-13 20:00:00-04:00,136.50,138.52,134.41,138.22,1483400
2025-08-14 20:00:00-04:00,138.22,140.07,137.05,137.68,1889700
2025-08-17 20:00:00-04:00,136.80,137.63,134.71,136.99,1408000
2025-08-18 20:00:00-04:00,135.95,138.09,135.31,136.44,1324000
2025-08-19 20:00:00-04:00,136.88,137.90,135.15,135.37,1582000
2025-08-20 20:00:00-04:00,135.16,136.46,133.94,135.50,1734700
2025-08-21 20:00:00-04:00,136.38,141.18,136.00,140.68,2029200
2025-08-24 20:00:00-04:00,140.80,142.92,139.57,142.63,1623100
2025-08-25 20:00:00-04:00,141.66,141.93,139.68,141.35,2046200
2025-08-26 20:00:00-04:00,141.54,144.98,141.35,144.39,1987800
2025-08-27 20:00:00-04:00,144.93,146.66,143.26,146.46,1061400
2025-08-28 20:00:00-04:00,145.82,147.40,145.61,146.06,1214100
2025-09-01 20:00:00-04:00,145.77,147.39,144.28,147.14,1558700
2025-09-02 20:00:00-04:00,145.32,145.99,138.95,139.71,1952800
2025-09-03 20:00:00-04:00,139.36,141.19,137.99,140.15,1572700
2025-09-04 20:00:00-04:00,138.23,139.47,134.58,136.19,1995100
2025-09-07 20:00:00-04:00,137.09,137.36,133.19,134.79,2052100
2025-09-08 20:00:00-04:00,135.53,137.36,133.76,133.82,2149800
2025-09-09 20:00:00-04:00,134.50,137.57,133.65,137.11,2005900
2025-09-10 20:00:00-04:00,135.01,136.84,134.51,135.91,1573000
2025-09-11 20:00:00-04:00,136.30,137.66,134.36,134.40,1752000
2025-09-14 20:00:00-04:00,134.97,135.02,131.86,132.09,3109100
2025-09-15 20:00:00-04:00,133.18,137.53,133.13,135.91,2752100
2025-09-16 20:00:00-04:00,135.23,139.75,134.02,137.92,2225200
2025-09-17 20:00:00-04:00,138.26,138.62,136.19,138.09,1954500
2025-09-18 20:00:00-04:00,138.15,138.15,135.20,137.14,4089400
2025-09-21 20:00:00-04:00,135.71,136.78,133.66,136.31,2136700
2025-09-22 20:00:00-04:00,137.17,143.86,137.17,139.60,2423600
2025-09-23 20:00:00-04:00,141.68,145.45,141.59,141.99,1998900
2025-09-24 20:00:00-04:00,141.99,144.53,141.30,143.14,1306500
2025-09-25 20:00:00-04:00,143.58,148.26,142.67,145.56,1646100
2025-09-28 20:00:00-04:00,144.07,144.48,140.31,140.98,1808100
2025-09-29 20:00:00-04:00,139.17,141.52,138.20,140.50,2488400
2025-09-30 20:00:00-04:00,139.04,141.82,138.83,140.94,1497300
2025-10-01 20:00:00-04:00,139.63,145.02,139.49,140.59,2614600
2025-10-02 20:00:00-04:00,140.98,145.23,140.98,144.79,2012300
2025-10-05 20:00:00-04:00,146.31,149.72,145.85,146.39,2499600
2025-10-06 20:00:00-04:00,145.02,146.37,143.02,146.21,1358100
2025-10-07 20:00:00-04:00,146.44,147.15,143.83,146.37,1399900
2025-10-08 20:00:00-04:00,147.09,148.75,141.41,141.59,1481000
2025-10-09 20:00:00-04:00,139.10,140.54,137.16,137.28,2134500
2025-10-12 20:00:00-04:00,139.65,140.49,138.20,139.53,1527300
2025-10-13 20:00:00-04:00,136.86,140.50,136.48,139.26,1751500
2025-10-14 20:00:00-04:00,140.59,141.58,138.25,139.36,1105700
2025-10-15 20:00:00-04:00,140.02,140.75,134.76,136.91,1915000
2025-10-16 20:00:00-04:00,137.12,137.50,135.08,136.57,1541200
2025-10-19 20:00:00-04:00,137.36,139.39,136.87,138.63,2216200
2025-10-20 20:00:00-04:00,138.81,139.56,136.97,138.96,1410200
2025-10-21 20:00:00-04:00,140.50,142.27,138.27,139.70,2404200
2025-10-22 20:00:00-04:00,144.94,146.67,143.84,144.50,2477500
2025-10-23 20:00:00-04:00,145.08,145.68,142.57,143.21,1434400
2025-10-26 20:00:00-04:00,143.84,144.98,141.29,141.78,1389400
2025-10-27 20:00:00-04:00,141.03,141.34,137.86,138.58,1140500
2025-10-28 20:00:00-04:00,138.14,142.72,138.14,141.02,1473300
2025-10-29 20:00:00-04:00,141.02,141.99,139.34,139.57,1392100
2025-10-30 20:00:00-04:00,139.52,141.88,139.34,140.59,1653700
2025-11-02 19:00:00-05:00,140.65,141.06,137.30,138.71,1964300
2025-11-03 19:00:00-05:00,139.02,139.02,135.01,136.89,2390400
2025-11-04 19:00:00-05:00,136.67,138.27,134.54,134.80,1830700
2025-11-05 19:00:00-05:00,135.98,140.49,135.83,138.22,2062700
2025-11-06 19:00:00-05:00,139.36,142.01,137.12,141.04,1564600
2025-11-09 19:00:00-05:00,141.85,143.12,139.69,142.10,1332800
2025-11-10 19:00:00-05:00,143.57,147.25,142.19,145.46,1432400
2025-11-11 19:00:00-05:00,145.31,145.93,143.04,143.52,1295000
2025-11-12 19:00:00-05:00,143.45,145.51,141.80,142.74,1602100
2025-11-13 19:00:00-05:00,143.17,148.12,141.51,147.50,2001800
2025-11-16 19:00:00-05:00,146.99,147.30,144.17,144.70,1271900
2025-11-17 19:00:00-05:00,143.90,149.63,142.80,147.88,1853500
2025-11-18 19:00:00-05:00,144.04,147.41,142.88,147.00,1365200
2025-11-19 19:00:00-05:00,147.71,152.73,144.45,144.59,1963100
2025-11-20 19:00:00-05:00,144.25,146.39,142.25,144.77,1873500
2025-11-23 19:00:00-05:00,144.19,146.77,141.94,145.96,1776600
2025-11-24 19:00:00-05:00,144.42,145.95,143.14,145.35,1341800
2025-11-25 19:00:00-05:00,145.62,148.97,144.91,147.61,1379600
2025-11-27 19:00:00-05:00,147.61,151.66,147.34,150.85,749300
2025-11-30 19:00:00-05:00,151.02,156.92,150.60,154.38,2404200
2025-12-01 19:00:00-05:00,154.22,155.36,152.14,154.21,1820900
2025-12-02 19:00:00-05:00,155.02,157.58,155.02,156.58,1638800
2025-12-03 19:00:00-05:00,156.35,159.30,156.20,157.69,1652800
2025-12-04 19:00:00-05:00,157.82,162.57,156.70,156.80,2047800
2025-12-07 19:00:00-05:00,155.92,158.37,154.79,155.73,1215500
2025-12-08 19:00:00-05:00,155.13,157.90,154.82,156.37,1370100
2025-12-09 19:00:00-05:00,156.74,158.82,154.11,158.46,1817300
2025-12-10 19:00:00-05:00,156.26,159.03,153.90,155.25,1902500
2025-12-11 19:00:00-05:00,156.33,157.34,154.31,154.90,1514900
2025-12-14 19:00:00-05:00,155.64,155.64,149.82,152.31,1897600
2025-12-15 19:00:00-05:00,149.93,150.41,144.76,147.36,2939400
2025-12-16 19:00:00-05:00,148.94,153.18,148.09,152.32,2313100
2025-12-17 19:00:00-05:00,151.68,152.02,144.51,145.33,2178300
2025-12-18 19:00:00-05:00,145.25,149.20,144.99,146.44,3981300
2025-12-21 19:00:00-05:00,148.40,151.45,146.74,146.77,1317900
2025-12-22 19:00:00-05:00,147.05,148.07,145.52,146.47,1041200
2025-12-23 19:00:00-05:00,146.28,146.28,144.76,145.24,667500
2025-12-25 19:00:00-05:00,145.06,145.13,143.15,144.65,985300
2025-12-28 19:00:00-05:00,146.07,147.72,145.74,146.88,1398200
2025-12-29 19:00:00-05:00,148.15,150.57,147.74,149.53,1551800
2025-12-30 19:00:00-05:00,149.53,150.02,148.24,148.62,1202100
2026-01-01 19:00:00-05:00,149.38,151.91,146.99,150.61,1370500
2026-01-04 19:00:00-05:00,151.98,152.82,141.92,145.32,2598000
2026-01-05 19:00:00-05:00,146.61,146.68,142.03,142.83,1892900
2026-01-06 19:00:00-05:00,142.23,143.30,137.82,138.85,2492100
2026-01-07 19:00:00-05:00,139.15,148.10,139.15,145.98,2496800
2026-01-08 19:00:00-05:00,145.70,147.19,144.03,145.73,1899100
2026-01-11 19:00:00-05:00,145.61,147.51,144.31,145.88,1998800
2026-01-12 19:00:00-05:00,148.17,151.62,147.02,149.49,1853600
2026-01-13 19:00:00-05:00,149.52,155.07,149.48,151.98,2496800
2026-01-14 19:00:00-05:00,150.45,151.36,147.85,149.10,2404300
2026-01-15 19:00:00-05:00,149.47,150.12,147.93,149.56,2249300
2026-01-19 19:00:00-05:00,151.07,152.25,146.56,147.01,2055500
2026-01-20 19:00:00-05:00,150.07,154.56,149.15,151.26,1955500
2026-01-21 19:00:00-05:00,149.01,150.83,147.50,150.12,2170300
2026-01-22 19:00:00-05:00,151.86,154.47,151.46,152.27,1227500
2026-01-25 19:00:00-05:00,153.75,154.22,149.35,151.77,1705900
2026-01-26 19:00:00-05:00,151.88,157.46,151.43,157.31,2016900
2026-01-27 19:00:00-05:00,159.59,159.62,156.64,158.45,1748800
2026-01-28 19:00:00-05:00,163.12,166.56,161.00,161.21,2504900
2026-01-29 19:00:00-05:00,160.73,164.06,159.01,162.08,2161200
2026-02-01 19:00:00-05:00,156.81,158.65,155.71,156.83,1748000
2026-02-02 19:00:00-05:00,156.77,161.10,154.99,161.03,1876000
2026-02-03 19:00:00-05:00,161.06,167.56,161.06,167.07,2672000
2026-02-04 19:00:00-05:00,164.05,166.14,161.23,162.90,1821300
2026-02-05 19:00:00-05:00,162.78,166.58,162.65,165.03,2090800
2026-02-08 19:00:00-05:00,164.02,165.57,163.04,164.07,1738400
2026-02-09 19:00:00-05:00,163.96,164.06,160.81,163.01,1636100
2026-02-10 19:00:00-05:00,166.09,168.60,164.43,167.09,2986500
2026-02-11 19:00:00-05:00,166.02,167.73,162.49,165.51,2316900
2026-02-12 19:00:00-05:00,164.72,168.36,164.46,167.22,1405800
2026-02-16 19:00:00-05:00,168.56,170.83,161.64,166.67,1704100
2026-02-17 19:00:00-05:00,169.10,172.19,167.55,172.03,2497700
2026-02-18 19:00:00-05:00,174.26,175.01,171.60,172.73,2257600
2026-02-19 19:00:00-05:00,172.11,174.54,170.34,174.01,3473900
2026-02-22 19:00:00-05:00,174.26,175.23,171.26,171.84,2711300
2026-02-23 19:00:00-05:00,173.01,174.00,164.21,170.56,3975500
2026-02-24 19:00:00-05:00,172.49,172.51,163.75,165.86,2479300
2026-02-25 19:00:00-05:00,164.48,168.98,162.50,165.08,2523500
2026-02-26 19:00:00-05:00,167.34,172.47,165.54,172.10,2459400
2026-03-01 19:00:00-05:00,179.13,181.27,171.41,176.92,5199300
2026-03-02 19:00:00-05:00,177.97,179.43,171.31,175.51,5508700
2026-03-03 19:00:00-05:00,173.81,175.51,170.59,174.70,2533800
2026-03-04 19:00:00-05:00,175.32,178.80,175.05,178.06,5065300
2026-03-05 19:00:00-05:00,181.58,182.08,178.33,179.55,4917000
2026-03-08 20:00:00-04:00,182.65,185.64,178.52,181.86,5221200
2026-03-09 20:00:00-04:00,180.30,181.76,175.19,177.39,2194700
2026-03-10 20:00:00-04:00,172.05,177.08,171.86,175.67,6442675
2026-03-11 20:00:00-04:00,177.43,180.65,175.93,176.04,4683900
2026-03-12 20:00:00-04:00,173.94,182.40,173.31,181.37,4100900
2026-03-15 20:00:00-04:00,181.60,182.62,178.73,181.33,3203000
2026-03-16 20:00:00-04:00,182.04,187.70,181.33,186.20,2629900
2026-03-17 20:00:00-04:00,187.08,190.15,186.60,188.64,2692200
2026-03-18 20:00:00-04:00,190.69,192.69,188.64,189.27,3262100
2026-03-19 20:00:00-04:00,189.27,193.62,188.98,191.49,4606800
2026-03-22 20:00:00-04:00,186.23,193.01,185.00,190.73,3254900
2026-03-23 20:00:00-04:00,193.14,198.87,193.14,195.98,2780700
2026-03-24 20:00:00-04:00,193.57,196.06,192.96,194.95,2182300
2026-03-25 20:00:00-04:00,197.80,203.04,196.96,201.08,3220000
2026-03-26 20:00:00-04:00,203.09,203.79,200.35,200.74,5333800
2026-03-29 20:00:00-04:00,202.79,203.57,196.53,197.56,3737600
2026-03-30 20:00:00-04:00,198.43,202.04,192.72,196.71,4423800
2026-03-31 20:00:00-04:00,189.49,194.67,186.32,189.58,4287000
2026-04-01 20:00:00-04:00,196.49,200.37,191.84,192.82,2911800
2026-04-05 20:00:00-04:00,193.02,194.77,191.63,193.21,1463500
2026-04-06 20:00:00-04:00,195.05,198.20,193.84,194.43,2520300
2026-04-07 20:00:00-04:00,176.20,186.32,174.18,185.45,5403100
2026-04-08 20:00:00-04:00,186.94,190.09,184.26,185.29,3384800
2026-04-09 20:00:00-04:00,184.64,188.64,184.31,187.18,2948000
2026-04-12 20:00:00-04:00,189.51,190.97,186.63,188.07,3560300
2026-04-13 20:00:00-04:00,185.75,186.56,182.02,185.49,4133500
2026-04-14 20:00:00-04:00,185.34,187.75,182.99,184.85,3336300
2026-04-15 20:00:00-04:00,184.54,188.36,184.54,185.63,3026600
2026-04-16 20:00:00-04:00,175.48,179.62,169.62,179.28,6169400
2026-04-19 20:00:00-04:00,180.88,184.64,179.42,182.45,2861200
2026-04-20 20:00:00-04:00,183.45,188.94,182.09,188.76,2447000
2026-04-21 20:00:00-04:00,190.23,193.69,188.22,192.81,2043500
2026-04-22 20:00:00-04:00,195.74,197.18,192.95,194.52,2569300
2026-04-23 20:00:00-04:00,194.24,194.88,190.78,193.72,1733900
2026-04-26 20:00:00-04:00,195.45,197.06,194.87,195.35,1640700
2026-04-27 20:00:00-04:00,198.91,200.05,195.52,198.97,1863600
2026-04-28 20:00:00-04:00,201.42,204.74,200.65,204.20,2135500
2026-04-29 20:00:00-04:00,199.51,205.77,199.51,204.51,2169500
2026-04-30 20:00:00-04:00,203.44,206.63,199.16,206.51,3206000
2026-05-03 20:00:00-04:00,208.35,213.34,206.91,212.52,2725400
2026-05-04 20:00:00-04:00,208.95,210.57,204.47,205.05,4916200
2026-05-05 20:00:00-04:00,197.75,197.87,191.42,194.01,3938200
2026-05-06 20:00:00-04:00,189.95,191.06,185.53,189.41,2611100
2026-05-07 20:00:00-04:00,188.77,189.28,185.92,187.67,3161400
2026-05-10 20:00:00-04:00,189.46,195.95,189.46,195.08,2290600
2026-05-11 20:00:00-04:00,196.98,198.11,194.61,197.07,1783500
2026-05-12 20:00:00-04:00,196.92,200.30,195.42,200.00,1388900
2026-05-13 20:00:00-04:00,198.92,201.50,197.61,200.26,1569100
2026-05-14 20:00:00-04:00,203.00,204.61,201.45,203.56,2152700
2026-05-17 20:00:00-04:00,202.85,206.92,199.50,205.62,1538100
2026-05-18 20:00:00-04:00,207.25,208.58,205.02,207.77,1732400
2026-05-19 20:00:00-04:00,207.08,210.80,202.90,204.33,1550900
2026-05-20 20:00:00-04:00,208.08,208.95,198.75,200.97,1495600
2026-05-21 20:00:00-04:00,199.52,201.50,198.00,200.71,1522900
2026-05-25 20:00:00-04:00,199.12,201.90,194.68,195.13,1651900
2026-05-26 20:00:00-04:00,191.96,194.68,190.75,192.84,1570400
2026-05-27 20:00:00-04:00,194.76,195.71,191.79,194.14,1947600
2026-05-28 20:00:00-04:00,193.11,193.90,189.50,191.48,4583100
2026-05-31 20:00:00-04:00,194.49,201.66,194.13,199.03,1819300
2026-06-01 20:00:00-04:00,197.08,203.62,197.08,202.40,1819300
2026-06-02 20:00:00-04:00,202.48,211.69,201.51,210.59,3174200
2026-06-03 20:00:00-04:00,207.16,207.16,199.80,202.94,4824900
2026-06-04 20:00:00-04:00,202.50,203.53,192.60,192.62,3749300
2026-06-07 20:00:00-04:00,195.43,200.03,194.81,198.20,2908900
2026-06-08 20:00:00-04:00,196.50,197.03,191.91,194.24,2661400
2026-06-09 20:00:00-04:00,196.78,200.22,194.89,196.55,2732800
2026-06-10 20:00:00-04:00,199.55,200.35,190.29,191.59,2788500
2026-06-11 20:00:00-04:00,190.00,195.43,189.45,192.13,2033000
2026-06-14 20:00:00-04:00,183.11,190.84,182.30,189.96,3360400
2026-06-15 20:00:00-04:00,186.66,188.31,185.55,188.12,2241600
2026-06-16 20:00:00-04:00,187.28,188.93,184.71,185.48,2616700
2026-06-17 20:00:00-04:00,183.00,183.90,180.44,183.50,4783100
2026-06-21 20:00:00-04:00,184.78,188.37,184.78,187.80,1864500
2026-06-22 20:00:00-04:00,186.45,188.98,186.26,187.91,2188600
2026-06-23 20:00:00-04:00,184.03,186.08,182.00,183.48,2561700
2026-06-24 20:00:00-04:00,181.62,183.92,181.08,182.55,1748700
2026-06-25 20:00:00-04:00,180.74,183.22,179.36,179.91,3402100
2026-06-28 20:00:00-04:00,180.26,182.15,179.61,180.54,2387600
