Date,Open,High,Low,Close,Volume
2018-07-01 20:00:00-04:00,75.73,76.66,75.62,76.57,557000
2018-07-02 20:00:00-04:00,76.98,77.46,76.79,76.88,371900
2018-07-04 20:00:00-04:00,77.17,77.22,76.64,77.07,685000
2018-07-05 20:00:00-04:00,76.83,77.77,76.63,77.54,441300
2018-07-08 20:00:00-04:00,78.02,79.56,78.01,79.48,634000
2018-07-09 20:00:00-04:00,79.52,79.53,78.74,79.40,512800
2018-07-10 20:00:00-04:00,78.88,79.17,78.27,78.48,448600
2018-07-11 20:00:00-04:00,79.04,79.04,77.48,78.11,353700
2018-07-12 20:00:00-04:00,77.79,78.52,77.66,78.14,612700
2018-07-15 20:00:00-04:00,78.28,79.15,78.28,79.11,483900
2018-07-16 20:00:00-04:00,79.13,79.43,78.81,79.20,336800
2018-07-17 20:00:00-04:00,79.35,80.00,79.23,79.88,445700
2018-07-18 20:00:00-04:00,79.71,79.72,78.50,78.65,530600
2018-07-19 20:00:00-04:00,78.36,78.46,77.85,78.18,346500
2018-07-22 20:00:00-04:00,78.19,79.09,77.91,79.00,389200
2018-07-23 20:00:00-04:00,78.86,79.63,78.67,79.16,461800
2018-07-24 20:00:00-04:00,79.10,79.10,77.80,78.55,353700
2018-07-25 20:00:00-04:00,80.66,82.32,79.49,81.28,963400
2018-07-26 20:00:00-04:00,81.51,82.36,81.40,82.17,459000
2018-07-29 20:00:00-04:00,82.27,83.08,82.16,82.58,525000
2018-07-30 20:00:00-04:00,82.94,83.10,82.28,82.49,493800
2018-07-31 20:00:00-04:00,82.88,83.31,81.51,81.68,406300
2018-08-01 20:00:00-04:00,81.36,81.38,80.61,80.91,538800
2018-08-02 20:00:00-04:00,80.82,81.38,80.29,81.36,344900
2018-08-05 20:00:00-04:00,81.38,82.01,81.16,81.74,362800
2018-08-06 20:00:00-04:00,81.38,82.60,81.38,81.98,246900
2018-08-07 20:00:00-04:00,81.97,82.50,81.69,82.44,218000
2018-08-08 20:00:00-04:00,82.40,82.59,81.88,81.98,243500
2018-08-09 20:00:00-04:00,81.25,81.68,80.60,81.12,436500
2018-08-12 20:00:00-04:00,81.05,81.43,80.65,80.84,253200
2018-08-13 20:00:00-04:00,81.04,81.85,80.94,81.58,294100
2018-08-14 20:00:00-04:00,81.06,81.52,80.97,81.32,305500
2018-08-15 20:00:00-04:00,81.74,82.61,81.64,82.39,330900
2018-08-16 20:00:00-04:00,82.22,82.74,82.08,82.59,505500
2018-08-19 20:00:00-04:00,82.80,83.02,82.55,82.75,324600
2018-08-20 20:00:00-04:00,82.93,83.91,82.77,83.54,368300
2018-08-21 20:00:00-04:00,83.34,83.62,82.86,83.14,438300
2018-08-22 20:00:00-04:00,83.09,83.09,82.00,82.19,276900
2018-08-23 20:00:00-04:00,82.46,82.84,82.31,82.82,216200
2018-08-26 20:00:00-04:00,82.89,83.69,82.89,83.08,554800
2018-08-27 20:00:00-04:00,83.28,83.39,82.30,82.66,513700
2018-08-28 20:00:00-04:00,82.70,82.81,81.78,82.54,366700
2018-08-29 20:00:00-04:00,82.47,82.52,82.05,82.15,270900
2018-08-30 20:00:00-04:00,82.09,82.39,81.69,82.35,395200
2018-09-03 20:00:00-04:00,82.25,82.78,81.99,82.64,338600
2018-09-04 20:00:00-04:00,82.60,83.73,82.60,83.45,406900
2018-09-05 20:00:00-04:00,83.40,83.79,82.88,82.99,334500
2018-09-06 20:00:00-04:00,83.03,83.10,82.50,82.79,411600
2018-09-09 20:00:00-04:00,79.98,79.98,76.62,79.11,1298700
2018-09-10 20:00:00-04:00,78.79,79.85,78.27,79.48,763000
2018-09-11 20:00:00-04:00,79.35,79.46,78.69,78.95,379000
2018-09-12 20:00:00-04:00,79.29,79.88,79.08,79.73,390700
2018-09-13 20:00:00-04:00,80.01,81.57,79.88,81.34,419400
2018-09-16 20:00:00-04:00,81.58,81.58,80.24,80.33,615300
2018-09-17 20:00:00-04:00,80.43,80.76,80.03,80.52,930200
2018-09-18 20:00:00-04:00,80.70,81.94,80.66,81.65,447600
2018-09-19 20:00:00-04:00,82.18,82.99,82.01,82.73,524600
2018-09-20 20:00:00-04:00,83.13,83.33,82.36,83.26,1098800
2018-09-23 20:00:00-04:00,83.25,83.32,82.47,82.51,525500
2018-09-24 20:00:00-04:00,82.76,83.01,81.80,82.02,487400
2018-09-25 20:00:00-04:00,82.18,82.28,80.93,81.07,446500
2018-09-26 20:00:00-04:00,80.78,81.34,80.47,80.80,406100
2018-09-27 20:00:00-04:00,80.63,81.47,80.17,81.20,456900
2018-09-30 20:00:00-04:00,81.69,81.99,80.67,81.04,388400
2018-10-01 20:00:00-04:00,81.03,81.41,80.19,81.29,297800
2018-10-02 20:00:00-04:00,81.91,82.34,81.42,81.69,628600
2018-10-03 20:00:00-04:00,81.94,82.80,81.94,82.55,506400
2018-10-04 20:00:00-04:00,82.67,83.08,81.88,82.03,575100
2018-10-07 20:00:00-04:00,81.77,83.64,81.35,83.23,706700
2018-10-08 20:00:00-04:00,83.02,83.78,82.57,83.37,421000
2018-10-09 20:00:00-04:00,83.48,84.09,81.92,81.97,634100
2018-10-10 20:00:00-04:00,81.78,81.82,78.42,78.43,884400
2018-10-11 20:00:00-04:00,79.16,79.43,77.22,78.80,809000
2018-10-14 20:00:00-04:00,78.62,79.44,78.40,78.62,628000
2018-10-15 20:00:00-04:00,79.03,79.53,78.15,79.52,1011400
2018-10-16 20:00:00-04:00,79.61,81.16,79.42,80.54,735400
2018-10-17 20:00:00-04:00,80.52,81.07,79.13,79.68,675400
2018-10-18 20:00:00-04:00,79.26,81.21,78.92,80.73,572200
2018-10-21 20:00:00-04:00,80.74,81.19,79.39,79.44,522600
2018-10-22 20:00:00-04:00,78.39,79.41,77.74,78.96,616900
2018-10-23 20:00:00-04:00,78.60,78.66,75.74,75.94,723400
2018-10-24 20:00:00-04:00,77.15,78.79,75.39,77.95,856400
2018-10-25 20:00:00-04:00,77.88,78.39,77.04,77.59,906000
2018-10-28 20:00:00-04:00,78.29,79.25,77.31,77.92,627600
2018-10-29 20:00:00-04:00,78.37,79.67,78.06,79.55,621700
2018-10-30 20:00:00-04:00,80.31,81.08,79.38,79.44,723700
2018-10-31 20:00:00-04:00,79.89,80.19,79.35,80.08,533400
2018-11-01 20:00:00-04:00,80.86,81.69,79.21,79.51,475800
2018-11-04 19:00:00-05:00,79.62,80.64,79.62,80.58,403300
2018-11-05 19:00:00-05:00,80.31,81.40,80.25,81.35,385900
2018-11-06 19:00:00-05:00,81.95,82.44,80.93,82.29,495600
2018-11-07 19:00:00-05:00,81.61,82.48,81.57,82.10,533400
2018-11-08 19:00:00-05:00,81.88,82.49,81.22,81.56,567900
2018-11-11 19:00:00-05:00,81.56,82.11,80.48,80.59,331200
2018-11-12 19:00:00-05:00,80.68,82.09,80.59,81.45,519200
2018-11-13 19:00:00-05:00,82.08,82.75,80.23,81.12,505300
2018-11-14 19:00:00-05:00,80.44,81.41,79.71,81.19,650100
2018-11-15 19:00:00-05:00,80.56,81.35,79.64,81.07,952700
2018-11-18 19:00:00-05:00,81.09,81.86,80.68,81.63,440300
2018-11-19 19:00:00-05:00,81.09,81.60,80.11,80.39,664000
2018-11-20 19:00:00-05:00,80.46,82.17,80.22,80.79,428300
2018-11-22 19:00:00-05:00,80.14,81.62,79.83,80.75,223900
2018-11-25 19:00:00-05:00,81.78,82.28,80.85,81.47,477000
2018-11-26 19:00:00-05:00,81.10,81.60,79.76,79.87,709800
2018-11-27 19:00:00-05:00,79.73,82.48,79.58,82.47,810100
2018-11-28 19:00:00-05:00,81.75,82.58,81.69,81.94,540900
2018-11-29 19:00:00-05:00,81.94,82.30,81.05,81.08,813600
2018-12-02 19:00:00-05:00,81.72,83.74,80.81,81.21,538300
2018-12-03 19:00:00-05:00,81.01,81.01,77.05,77.15,780900
2018-12-05 19:00:00-05:00,76.06,76.49,74.48,76.01,1093600
2018-12-06 19:00:00-05:00,75.91,77.23,75.00,75.30,782800
2018-12-09 19:00:00-05:00,75.21,75.33,72.60,74.05,629000
2018-12-10 19:00:00-05:00,74.93,75.26,73.04,73.24,861400
2018-12-11 19:00:00-05:00,74.48,74.70,73.36,73.71,907300
2018-12-12 19:00:00-05:00,73.87,74.33,72.79,73.21,1047300
2018-12-13 19:00:00-05:00,72.64,72.96,72.15,72.38,847700
2018-12-16 19:00:00-05:00,72.15,72.94,70.96,71.21,1111300
2018-12-17 19:00:00-05:00,71.37,72.43,70.95,71.15,685100
2018-12-18 19:00:00-05:00,71.07,72.20,69.54,69.85,839900
2018-12-19 19:00:00-05:00,69.38,70.11,68.54,69.27,716600
2018-12-20 19:00:00-05:00,68.98,70.47,67.92,68.06,1127800
2018-12-23 19:00:00-05:00,67.54,68.00,66.25,66.26,262100
2018-12-25 19:00:00-05:00,66.39,68.95,65.38,68.91,553000
2018-12-26 19:00:00-05:00,67.96,69.72,67.49,69.72,527200
2018-12-27 19:00:00-05:00,69.89,70.34,69.10,69.30,447700
2018-12-30 19:00:00-05:00,69.53,70.15,69.21,69.93,455600
2019-01-01 19:00:00-05:00,69.17,71.78,68.99,71.66,939100
2019-01-02 19:00:00-05:00,71.35,72.01,70.47,70.53,677600
2019-01-03 19:00:00-05:00,71.69,73.34,71.29,73.03,784100
2019-01-06 19:00:00-05:00,72.76,73.82,72.05,73.31,642100
2019-01-07 19:00:00-05:00,73.65,74.15,72.84,74.15,651800
2019-01-08 19:00:00-05:00,74.08,75.19,74.08,74.95,525100
2019-01-09 19:00:00-05:00,74.82,75.31,74.60,75.06,354400
2019-01-10 19:00:00-05:00,74.68,75.39,74.28,75.30,383300
2019-01-13 19:00:00-05:00,74.63,75.71,74.63,75.24,431500
2019-01-14 19:00:00-05:00,75.14,75.71,74.87,75.70,341900
2019-01-15 19:00:00-05:00,76.19,76.74,75.68,76.41,610300
2019-01-16 19:00:00-05:00,75.96,76.94,75.70,76.82,554500
2019-01-17 19:00:00-05:00,77.37,77.39,76.61,77.09,752300
2019-01-21 19:00:00-05:00,76.82,77.28,76.00,76.23,670200
2019-01-22 19:00:00-05:00,76.54,76.89,75.85,76.80,535200
2019-01-23 19:00:00-05:00,76.66,77.79,76.64,77.59,406500
2019-01-24 19:00:00-05:00,78.35,78.88,77.79,78.30,427900
2019-01-27 19:00:00-05:00,77.68,78.33,77.20,77.99,426500
2019-01-28 19:00:00-05:00,77.92,78.22,77.38,77.44,338400
2019-01-29 19:00:00-05:00,77.49,78.33,76.52,77.87,423100
2019-01-30 19:00:00-05:00,77.40,78.88,77.15,78.76,469100
2019-01-31 19:00:00-05:00,79.00,79.29,78.51,79.03,422700
2019-02-03 19:00:00-05:00,78.98,79.14,78.13,78.50,582400
2019-02-04 19:00:00-05:00,78.70,78.70,77.79,78.50,585200
2019-02-05 19:00:00-05:00,77.91,79.47,76.67,77.25,740500
2019-02-06 19:00:00-05:00,76.78,77.54,75.89,76.65,695300
2019-02-07 19:00:00-05:00,76.25,76.71,74.94,76.18,474600
2019-02-10 19:00:00-05:00,76.55,76.62,75.38,76.53,347500
2019-02-11 19:00:00-05:00,77.17,78.09,77.12,77.80,525900
2019-02-12 19:00:00-05:00,78.04,78.63,77.54,77.65,398800
2019-02-13 19:00:00-05:00,76.95,77.45,76.50,76.95,463000
2019-02-14 19:00:00-05:00,77.69,78.43,77.52,78.38,642800
2019-02-18 19:00:00-05:00,78.09,78.72,77.69,78.65,431700
2019-02-19 19:00:00-05:00,78.66,79.02,78.22,79.00,386200
2019-02-20 19:00:00-05:00,79.04,79.21,78.06,78.23,462100
2019-02-21 19:00:00-05:00,78.45,78.45,77.81,77.99,486800
2019-02-24 19:00:00-05:00,78.46,78.46,77.56,77.69,423300
2019-02-25 19:00:00-05:00,77.37,78.22,77.37,77.68,326700
2019-02-26 19:00:00-05:00,77.59,78.07,77.51,77.80,345600
2019-02-27 19:00:00-05:00,77.75,78.12,77.47,77.63,503500
2019-02-28 19:00:00-05:00,78.15,78.69,77.83,77.92,591000
2019-03-03 19:00:00-05:00,78.06,78.55,76.82,77.51,516400
2019-03-04 19:00:00-05:00,77.74,78.11,76.89,77.62,405100
2019-03-05 19:00:00-05:00,77.51,77.73,76.90,76.91,307100
2019-03-06 19:00:00-05:00,76.63,76.64,75.65,76.40,545300
2019-03-07 19:00:00-05:00,75.86,76.39,75.70,76.31,517100
2019-03-10 20:00:00-04:00,76.58,77.24,76.42,77.19,578300
2019-03-11 20:00:00-04:00,77.42,77.69,77.25,77.41,495500
2019-03-12 20:00:00-04:00,77.81,78.20,77.26,77.63,571000
2019-03-13 20:00:00-04:00,77.59,77.78,77.12,77.75,521800
2019-03-14 20:00:00-04:00,77.69,78.38,77.49,78.15,932500
2019-03-17 20:00:00-04:00,78.44,79.49,78.38,79.00,592200
2019-03-18 20:00:00-04:00,79.36,79.60,78.32,78.43,509100
2019-03-19 20:00:00-04:00,78.43,78.48,76.92,77.03,686400
2019-03-20 20:00:00-04:00,76.61,77.62,76.09,77.45,464100
2019-03-21 20:00:00-04:00,76.77,76.91,75.46,75.52,772700
2019-03-24 20:00:00-04:00,75.55,76.52,75.36,76.02,438200
2019-03-25 20:00:00-04:00,76.60,77.08,76.34,76.98,361000
2019-03-26 20:00:00-04:00,76.87,77.50,76.81,77.06,395900
2019-03-27 20:00:00-04:00,77.17,77.57,76.17,76.92,477700
2019-03-28 20:00:00-04:00,77.48,77.73,76.85,77.06,603200
2019-03-31 20:00:00-04:00,77.50,79.20,77.50,79.14,685300
2019-04-01 20:00:00-04:00,79.07,79.51,78.58,78.86,633400
2019-04-02 20:00:00-04:00,79.53,79.96,79.33,79.64,548700
2019-04-03 20:00:00-04:00,79.68,80.39,79.44,79.69,294300
2019-04-04 20:00:00-04:00,79.70,80.41,79.36,80.39,606700
2019-04-07 20:00:00-04:00,80.22,80.62,80.17,80.52,408300
2019-04-08 20:00:00-04:00,80.03,80.06,79.24,79.36,376000
2019-04-09 20:00:00-04:00,79.41,80.23,79.24,80.11,350500
2019-04-10 20:00:00-04:00,80.38,81.16,80.05,80.51,423800
2019-04-11 20:00:00-04:00,81.52,82.10,81.09,81.82,370500
2019-04-14 20:00:00-04:00,81.63,82.13,80.99,81.15,351000
2019-04-15 20:00:00-04:00,81.48,82.27,81.40,82.07,397100
2019-04-16 20:00:00-04:00,82.44,82.44,81.23,81.28,703000
2019-04-17 20:00:00-04:00,81.51,86.01,81.51,83.61,1051900
2019-04-21 20:00:00-04:00,83.72,83.74,81.44,82.03,710900
2019-04-22 20:00:00-04:00,81.93,82.19,81.52,81.80,611300
2019-04-23 20:00:00-04:00,81.63,81.73,81.12,81.36,526200
2019-04-24 20:00:00-04:00,80.78,81.82,80.33,81.55,406200
2019-04-25 20:00:00-04:00,81.70,81.99,81.15,81.97,282600
2019-04-28 20:00:00-04:00,82.15,82.95,82.05,82.64,447300
2019-04-29 20:00:00-04:00,82.74,82.74,81.76,82.60,465700
2019-04-30 20:00:00-04:00,82.51,82.95,82.06,82.27,435300
2019-05-01 20:00:00-04:00,82.34,82.88,81.90,82.45,390800
2019-05-02 20:00:00-04:00,82.66,83.22,82.42,82.82,284300
2019-05-05 20:00:00-04:00,81.61,83.13,81.37,82.86,250700
2019-05-06 20:00:00-04:00,82.35,82.72,81.01,81.56,328400
2019-05-07 20:00:00-04:00,81.30,82.43,81.06,81.85,426100
2019-05-08 20:00:00-04:00,81.11,82.35,80.94,82.11,338900
2019-05-09 20:00:00-04:00,81.76,83.25,81.39,83.14,331700
2019-05-12 20:00:00-04:00,81.81,82.23,80.89,81.32,481300
2019-05-13 20:00:00-04:00,81.46,82.79,81.46,82.27,415900
2019-05-14 20:00:00-04:00,81.51,82.20,81.10,81.74,356900
2019-05-15 20:00:00-04:00,82.13,82.75,82.09,82.34,442300
2019-05-16 20:00:00-04:00,81.52,83.06,81.50,82.34,507100
2019-05-19 20:00:00-04:00,82.24,83.30,82.17,83.20,589900
2019-05-20 20:00:00-04:00,83.65,84.25,83.40,83.69,473500
2019-05-21 20:00:00-04:00,83.35,83.62,83.07,83.34,500700
2019-05-22 20:00:00-04:00,82.40,82.54,81.15,81.65,565000
2019-05-23 20:00:00-04:00,81.87,82.29,81.46,82.15,443800
2019-05-27 20:00:00-04:00,82.01,82.20,81.21,81.30,649200
2019-05-28 20:00:00-04:00,81.06,81.93,80.79,81.80,532400
2019-05-29 20:00:00-04:00,81.80,82.56,81.41,81.49,308900
2019-05-30 20:00:00-04:00,80.63,81.16,80.40,80.57,412900
2019-06-02 20:00:00-04:00,80.50,81.82,80.38,81.80,436200
2019-06-03 20:00:00-04:00,82.78,83.20,82.21,83.13,526800
2019-06-04 20:00:00-04:00,83.27,83.53,82.46,83.20,536300
2019-06-05 20:00:00-04:00,83.38,83.95,83.09,83.79,309900
2019-06-06 20:00:00-04:00,83.68,84.36,83.68,83.74,329900
2019-06-09 20:00:00-04:00,84.44,84.54,83.65,83.67,354800
2019-06-10 20:00:00-04:00,84.10,84.34,83.28,83.31,422800
2019-06-11 20:00:00-04:00,83.23,83.61,82.82,83.34,430500
2019-06-12 20:00:00-04:00,83.36,83.81,83.16,83.51,386700
2019-06-13 20:00:00-04:00,83.58,84.10,83.23,84.02,335500
2019-06-16 20:00:00-04:00,84.07,84.31,83.13,83.22,275900
2019-06-17 20:00:00-04:00,83.27,83.90,82.89,83.66,330800
2019-06-18 20:00:00-04:00,83.61,84.33,83.32,83.48,378000
2019-06-19 20:00:00-04:00,84.06,84.32,82.97,84.21,378300
2019-06-20 20:00:00-04:00,84.32,84.42,82.96,82.99,1055800
2019-06-23 20:00:00-04:00,83.05,84.14,83.05,83.24,450000
2019-06-24 20:00:00-04:00,83.31,83.39,82.74,83.15,371500
2019-06-25 20:00:00-04:00,83.28,83.51,82.52,82.52,384300
2019-06-26 20:00:00-04:00,82.75,83.45,82.70,83.33,343700
2019-06-27 20:00:00-04:00,83.89,84.49,83.89,84.29,913500
2019-06-30 20:00:00-04:00,84.87,86.00,84.87,85.87,460600
2019-07-01 20:00:00-04:00,85.90,86.02,84.79,85.28,400800
2019-07-02 20:00:00-04:00,85.58,86.64,85.57,86.50,255200
2019-07-04 20:00:00-04:00,86.53,86.69,85.90,86.64,408600
2019-07-07 20:00:00-04:00,86.21,86.49,85.73,85.79,451200
2019-07-08 20:00:00-04:00,85.26,86.45,85.26,86.42,463900
2019-07-09 20:00:00-04:00,86.42,86.70,85.90,86.02,485500
2019-07-10 20:00:00-04:00,86.36,86.57,85.69,86.55,565500
2019-07-11 20:00:00-04:00,86.71,87.02,86.22,86.90,452800
2019-07-14 20:00:00-04:00,87.17,87.19,86.58,87.10,375900
2019-07-15 20:00:00-04:00,87.25,87.25,86.64,86.77,504600
2019-07-16 20:00:00-04:00,86.63,86.88,85.87,86.20,348400
2019-07-17 20:00:00-04:00,86.12,86.83,85.95,86.69,367700
2019-07-18 20:00:00-04:00,86.80,87.05,85.91,85.95,341800
2019-07-21 20:00:00-04:00,85.94,86.30,85.77,86.00,374900
2019-07-22 20:00:00-04:00,86.01,86.50,85.51,86.21,358100
2019-07-23 20:00:00-04:00,86.08,86.32,85.29,85.79,556000
2019-07-24 20:00:00-04:00,86.93,88.04,86.28,86.99,673200
2019-07-25 20:00:00-04:00,87.25,87.76,86.56,87.73,629800
2019-07-28 20:00:00-04:00,87.87,87.94,86.45,86.76,478000
2019-07-29 20:00:00-04:00,86.38,86.99,86.17,86.59,351200
2019-07-30 20:00:00-04:00,86.58,86.99,85.85,86.21,613500
2019-07-31 20:00:00-04:00,86.00,86.09,82.84,83.65,718000
2019-08-01 20:00:00-04:00,83.59,83.64,82.25,82.75,558800
2019-08-04 20:00:00-04:00,81.48,81.49,79.41,79.97,614400
2019-08-05 20:00:00-04:00,80.43,81.59,79.84,81.55,535300
2019-08-06 20:00:00-04:00,80.16,81.59,78.99,81.18,540000
2019-08-07 20:00:00-04:00,82.00,83.28,81.58,83.17,526400
2019-08-08 20:00:00-04:00,84.01,84.01,81.83,83.09,280800
2019-08-11 20:00:00-04:00,82.46,84.02,82.21,82.42,391400
2019-08-12 20:00:00-04:00,82.01,84.26,81.86,83.55,367200
2019-08-13 20:00:00-04:00,82.45,82.69,80.26,80.31,511800
2019-08-14 20:00:00-04:00,80.64,81.36,80.32,81.01,317700
2019-08-15 20:00:00-04:00,81.41,82.67,81.39,82.29,593000
2019-08-18 20:00:00-04:00,83.66,83.66,81.39,82.79,277300
2019-08-19 20:00:00-04:00,82.58,82.62,81.61,81.72,316200
2019-08-20 20:00:00-04:00,82.36,82.84,81.64,82.80,307700
2019-08-21 20:00:00-04:00,83.21,83.75,82.45,83.38,387200
2019-08-22 20:00:00-04:00,83.22,83.76,80.93,81.31,383400
2019-08-25 20:00:00-04:00,82.04,82.48,81.51,82.25,267400
2019-08-26 20:00:00-04:00,82.77,82.90,81.14,81.68,331900
2019-08-27 20:00:00-04:00,81.10,82.37,81.10,82.21,302800
2019-08-28 20:00:00-04:00,82.06,83.69,82.06,83.14,477200
2019-08-29 20:00:00-04:00,83.92,84.41,83.59,84.27,658600
2019-09-02 20:00:00-04:00,83.31,83.61,82.24,83.21,609900
2019-09-03 20:00:00-04:00,84.04,84.08,83.37,83.79,367200
2019-09-04 20:00:00-04:00,84.78,86.45,84.78,85.76,367500
2019-09-05 20:00:00-04:00,85.87,86.79,85.39,86.55,463700
2019-09-08 20:00:00-04:00,87.07,88.11,86.67,87.89,571700
2019-09-09 20:00:00-04:00,88.08,89.13,88.02,89.00,533600
2019-09-10 20:00:00-04:00,89.04,89.82,87.56,89.81,637400
2019-09-11 20:00:00-04:00,89.46,90.01,89.00,89.43,513800
2019-09-12 20:00:00-04:00,90.05,90.72,89.41,90.01,581300
2019-09-15 20:00:00-04:00,89.53,89.62,88.33,88.48,352600
2019-09-16 20:00:00-04:00,88.16,89.08,87.81,89.06,359200
2019-09-17 20:00:00-04:00,88.52,89.68,88.00,89.63,382800
2019-09-18 20:00:00-04:00,89.50,90.01,88.91,89.04,259800
2019-09-19 20:00:00-04:00,90.33,90.66,89.04,89.35,775700
2019-09-22 20:00:00-04:00,88.62,90.21,88.44,90.01,318800
2019-09-23 20:00:00-04:00,90.68,90.71,89.54,89.72,418200
2019-09-24 20:00:00-04:00,89.70,90.79,89.52,90.10,278700
2019-09-25 20:00:00-04:00,90.04,90.83,89.78,90.69,266600
2019-09-26 20:00:00-04:00,91.19,91.50,90.35,90.82,249400
2019-09-29 20:00:00-04:00,90.97,91.31,90.27,90.40,513800
2019-09-30 20:00:00-04:00,90.87,91.21,88.94,89.01,328000
2019-10-01 20:00:00-04:00,88.16,88.43,86.98,87.31,509800
2019-10-02 20:00:00-04:00,87.01,87.63,85.76,87.63,468400
2019-10-03 20:00:00-04:00,87.90,89.42,87.72,89.39,232200
2019-10-06 20:00:00-04:00,88.94,89.43,88.67,88.72,340900
2019-10-07 20:00:00-04:00,88.08,88.08,87.19,87.36,450500
2019-10-08 20:00:00-04:00,88.05,88.51,87.63,87.82,341300
2019-10-09 20:00:00-04:00,87.53,88.91,87.53,88.16,339400
2019-10-10 20:00:00-04:00,89.65,90.22,89.05,89.14,397100
2019-10-13 20:00:00-04:00,88.67,89.21,88.40,88.98,245900
2019-10-14 20:00:00-04:00,90.27,90.80,89.62,89.99,466000
2019-10-15 20:00:00-04:00,89.67,89.89,88.89,89.16,394800
2019-10-16 20:00:00-04:00,89.81,90.25,89.23,89.41,286200
2019-10-17 20:00:00-04:00,89.28,89.92,89.01,89.55,386100
2019-10-20 20:00:00-04:00,90.23,90.57,89.83,90.50,314600
2019-10-21 20:00:00-04:00,90.63,91.12,90.43,90.73,325000
2019-10-22 20:00:00-04:00,90.51,91.28,90.26,90.49,386200
2019-10-23 20:00:00-04:00,91.49,92.49,90.92,91.24,567300
2019-10-24 20:00:00-04:00,90.78,91.55,89.95,91.17,440300
2019-10-27 20:00:00-04:00,91.52,92.39,91.52,91.59,263500
2019-10-28 20:00:00-04:00,91.34,92.51,91.34,92.50,447400
2019-10-29 20:00:00-04:00,92.34,92.34,91.12,91.98,268100
2019-10-30 20:00:00-04:00,91.51,92.08,91.03,92.06,516700
2019-10-31 20:00:00-04:00,92.35,93.12,92.27,92.78,268700
2019-11-03 19:00:00-05:00,93.28,93.54,91.90,92.65,601300
2019-11-04 19:00:00-05:00,92.66,93.91,92.49,92.81,361400
2019-11-05 19:00:00-05:00,92.62,93.20,92.41,93.18,375600
2019-11-06 19:00:00-05:00,93.42,94.22,93.42,93.58,312400
2019-11-07 19:00:00-05:00,93.62,93.82,92.80,93.57,393200
2019-11-10 19:00:00-05:00,93.08,93.82,92.71,93.36,339100
2019-11-11 19:00:00-05:00,93.63,94.26,93.18,93.98,298000
2019-11-12 19:00:00-05:00,93.41,94.20,92.86,94.17,393900
2019-11-13 19:00:00-05:00,93.92,94.78,93.86,94.71,413400
2019-11-14 19:00:00-05:00,94.91,95.37,93.75,93.85,800200
2019-11-17 19:00:00-05:00,93.48,94.17,93.12,94.14,449200
2019-11-18 19:00:00-05:00,94.40,94.82,93.84,94.00,464000
2019-11-19 19:00:00-05:00,93.81,95.03,93.64,94.67,602900
2019-11-20 19:00:00-05:00,94.85,95.08,94.20,94.90,392800
2019-11-21 19:00:00-05:00,95.22,95.54,94.59,95.47,325000
2019-11-24 19:00:00-05:00,95.57,96.11,95.24,95.88,402700
2019-11-25 19:00:00-05:00,95.75,96.85,95.59,96.80,1211500
2019-11-26 19:00:00-05:00,97.21,97.92,96.87,97.54,440200
2019-11-28 19:00:00-05:00,97.49,97.68,97.11,97.19,265800
2019-12-01 19:00:00-05:00,97.71,98.01,96.86,96.86,655400
2019-12-02 19:00:00-05:00,95.83,95.83,94.80,95.27,483100
2019-12-03 19:00:00-05:00,95.37,96.47,95.37,96.11,463900
2019-12-04 19:00:00-05:00,96.13,96.69,96.04,96.56,346200
2019-12-05 19:00:00-05:00,97.52,97.98,97.28,97.70,357500
2019-12-08 19:00:00-05:00,98.36,98.63,97.90,98.28,368300
2019-12-09 19:00:00-05:00,98.75,98.77,97.98,98.70,463900
2019-12-10 19:00:00-05:00,98.84,99.44,98.64,99.21,361000
2019-12-11 19:00:00-05:00,99.32,100.85,99.32,100.59,765200
2019-12-12 19:00:00-05:00,100.52,100.75,99.14,99.90,443500
2019-12-15 19:00:00-05:00,100.66,101.03,100.30,100.39,542100
2019-12-16 19:00:00-05:00,100.38,101.14,100.30,100.68,504800
2019-12-17 19:00:00-05:00,100.79,100.99,100.05,100.31,466500
2019-12-18 19:00:00-05:00,100.29,100.29,99.73,100.03,404500
2019-12-19 19:00:00-05:00,100.60,101.47,100.23,100.85,995700
2019-12-22 19:00:00-05:00,101.08,101.08,99.95,100.05,434400
2019-12-23 19:00:00-05:00,100.52,100.52,99.82,100.39,254600
2019-12-25 19:00:00-05:00,100.68,100.86,99.98,100.23,200500
2019-12-26 19:00:00-05:00,100.48,100.48,99.83,100.12,262600
2019-12-29 19:00:00-05:00,100.28,100.44,99.47,99.49,324200
2019-12-30 19:00:00-05:00,99.49,99.93,99.23,99.55,548300
2020-01-01 19:00:00-05:00,99.79,100.29,98.85,100.00,837100
2020-01-02 19:00:00-05:00,99.13,99.13,98.27,98.81,392700
2020-01-05 19:00:00-05:00,98.04,98.40,97.66,98.29,571100
2020-01-06 19:00:00-05:00,97.93,98.55,97.61,98.20,311400
2020-01-07 19:00:00-05:00,98.36,99.18,97.70,98.15,367600
2020-01-08 19:00:00-05:00,98.91,99.15,98.43,99.14,311200
2020-01-09 19:00:00-05:00,99.10,99.48,98.52,98.76,270400
2020-01-12 19:00:00-05:00,98.73,99.00,98.41,98.61,772200
2020-01-13 19:00:00-05:00,98.54,98.75,98.20,98.46,396600
2020-01-14 19:00:00-05:00,98.06,98.52,97.90,98.26,440300
2020-01-15 19:00:00-05:00,98.72,99.04,98.28,98.95,577500
2020-01-16 19:00:00-05:00,99.30,99.82,98.58,98.95,613800
2020-01-20 19:00:00-05:00,98.47,99.17,98.16,98.38,381600
2020-01-21 19:00:00-05:00,98.75,99.28,98.12,98.20,433600
2020-01-22 19:00:00-05:00,97.60,99.47,97.38,99.26,386200
2020-01-23 19:00:00-05:00,99.37,99.95,98.46,99.28,300000
2020-01-26 19:00:00-05:00,97.41,98.33,97.26,97.81,366200
2020-01-27 19:00:00-05:00,98.34,100.09,97.92,99.46,474800
2020-01-28 19:00:00-05:00,99.70,100.66,99.70,100.38,299900
2020-01-29 19:00:00-05:00,99.66,101.72,99.66,101.64,329500
2020-01-30 19:00:00-05:00,100.77,101.08,98.39,98.77,506700
2020-02-02 19:00:00-05:00,99.67,100.52,99.54,99.86,436400
2020-02-03 19:00:00-05:00,100.93,102.00,100.93,101.49,454400
2020-02-04 19:00:00-05:00,100.03,102.93,99.10,102.70,652300
2020-02-05 19:00:00-05:00,103.24,103.36,101.82,102.39,370300
2020-02-06 19:00:00-05:00,102.24,103.26,102.09,102.87,383000
2020-02-09 19:00:00-05:00,102.35,103.22,102.21,103.06,241500
2020-02-10 19:00:00-05:00,103.26,104.05,103.19,103.68,424300
2020-02-11 19:00:00-05:00,104.01,104.59,103.53,103.63,236900
2020-02-12 19:00:00-05:00,103.41,104.85,103.24,104.77,334400
2020-02-13 19:00:00-05:00,104.80,105.16,104.32,105.11,288500
2020-02-17 19:00:00-05:00,104.77,105.22,103.94,104.52,298700
2020-02-18 19:00:00-05:00,104.98,105.23,104.44,104.75,215000
2020-02-19 19:00:00-05:00,104.47,105.57,103.60,105.31,414100
2020-02-20 19:00:00-05:00,104.88,105.27,103.86,104.34,428800
2020-02-23 19:00:00-05:00,102.02,102.77,100.63,101.06,371800
2020-02-24 19:00:00-05:00,101.28,101.28,97.29,97.66,454500
2020-02-25 19:00:00-05:00,98.05,98.71,95.37,95.44,676000
2020-02-26 19:00:00-05:00,93.79,95.20,90.42,90.46,744300
2020-02-27 19:00:00-05:00,87.60,88.87,85.52,87.78,1402400
2020-03-01 19:00:00-05:00,88.26,91.10,87.23,91.08,773200
2020-03-02 19:00:00-05:00,90.64,91.72,86.19,86.38,822600
2020-03-03 19:00:00-05:00,87.89,90.12,85.58,90.05,787800
2020-03-04 19:00:00-05:00,87.16,87.59,83.87,84.93,639200
2020-03-05 19:00:00-05:00,81.53,83.02,80.27,82.04,990300
2020-03-08 20:00:00-04:00,74.84,75.94,70.26,71.02,1235900
2020-03-09 20:00:00-04:00,73.18,74.63,69.97,74.59,959600
2020-03-10 20:00:00-04:00,72.44,73.17,69.04,69.51,1029400
2020-03-11 20:00:00-04:00,64.41,65.07,59.28,60.42,1134700
2020-03-12 20:00:00-04:00,64.59,67.88,60.44,67.81,1003300
2020-03-15 20:00:00-04:00,59.28,64.08,58.36,58.69,947300
2020-03-16 20:00:00-04:00,59.96,64.22,57.53,64.07,928600
2020-03-17 20:00:00-04:00,60.56,65.38,58.75,63.53,1468175
2020-03-18 20:00:00-04:00,62.20,63.56,59.10,61.11,804800
2020-03-19 20:00:00-04:00,61.22,63.45,57.82,58.18,1224500
2020-03-22 20:00:00-04:00,58.26,58.26,53.75,55.09,720100
2020-03-23 20:00:00-04:00,57.38,62.15,57.33,61.94,660300
2020-03-24 20:00:00-04:00,61.48,67.88,60.32,64.25,978300
2020-03-25 20:00:00-04:00,65.11,69.16,63.54,68.50,1027100
2020-03-26 20:00:00-04:00,66.44,69.15,65.29,67.48,631200
2020-03-29 20:00:00-04:00,67.24,70.71,65.33,70.31,808400
2020-03-30 20:00:00-04:00,69.34,70.84,67.54,68.18,869100
2020-03-31 20:00:00-04:00,64.49,66.01,61.62,62.55,857100
2020-04-01 20:00:00-04:00,61.80,64.45,61.67,63.62,768600
2020-04-02 20:00:00-04:00,62.52,63.39,59.93,60.74,816700
2020-04-05 20:00:00-04:00,64.42,68.88,63.98,68.28,715200
2020-04-06 20:00:00-04:00,71.90,72.78,67.49,67.74,727700
2020-04-07 20:00:00-04:00,68.01,71.85,67.11,71.46,614500
2020-04-08 20:00:00-04:00,72.27,77.21,72.15,76.39,668400
2020-04-12 20:00:00-04:00,74.82,76.23,73.66,75.73,517200
2020-04-13 20:00:00-04:00,77.43,77.59,74.70,76.03,834700
2020-04-14 20:00:00-04:00,73.34,73.41,70.85,71.26,698300
2020-04-15 20:00:00-04:00,70.49,71.40,68.93,69.17,610400
2020-04-16 20:00:00-04:00,72.33,73.94,71.16,73.39,646600
2020-04-19 20:00:00-04:00,72.03,72.87,70.37,71.83,723400
2020-04-20 20:00:00-04:00,69.89,71.02,69.25,69.84,599000
2020-04-21 20:00:00-04:00,71.89,71.89,69.55,69.56,503700
2020-04-22 20:00:00-04:00,69.25,73.26,68.07,71.12,871200
2020-04-23 20:00:00-04:00,71.91,72.41,70.20,72.27,599900
2020-04-26 20:00:00-04:00,72.56,78.37,72.53,78.12,863700
2020-04-27 20:00:00-04:00,80.22,81.78,78.69,78.92,759700
2020-04-28 20:00:00-04:00,81.42,82.10,79.48,81.13,439500
2020-04-29 20:00:00-04:00,78.95,80.35,78.14,78.23,485900
2020-04-30 20:00:00-04:00,76.77,76.99,75.11,76.00,532200
2020-05-03 20:00:00-04:00,75.05,75.73,73.59,74.64,641300
2020-05-04 20:00:00-04:00,76.39,76.59,73.63,73.67,475900
2020-05-05 20:00:00-04:00,74.17,74.41,70.39,70.49,529200
2020-05-06 20:00:00-04:00,71.29,73.96,71.29,71.95,661700
2020-05-07 20:00:00-04:00,73.58,73.87,71.75,73.87,614900
2020-05-10 20:00:00-04:00,72.65,73.42,71.26,71.36,612500
2020-05-11 20:00:00-04:00,71.24,71.63,68.04,68.04,574200
2020-05-12 20:00:00-04:00,67.27,67.27,62.61,63.23,821800
2020-05-13 20:00:00-04:00,62.03,64.18,59.62,64.01,754400
2020-05-14 20:00:00-04:00,63.16,65.58,62.05,65.33,1468175
2020-05-17 20:00:00-04:00,68.87,71.29,68.03,70.25,1468175
2020-05-18 20:00:00-04:00,70.00,70.14,67.21,67.22,487900
2020-05-19 20:00:00-04:00,68.23,69.94,68.00,68.98,447500
2020-05-20 20:00:00-04:00,68.52,70.16,68.52,69.72,397300
2020-05-21 20:00:00-04:00,69.70,69.78,68.09,68.92,546900
2020-05-25 20:00:00-04:00,72.03,74.32,71.51,72.99,472000
2020-05-26 20:00:00-04:00,76.34,77.01,74.24,74.52,578300
2020-05-27 20:00:00-04:00,75.23,75.23,72.90,73.23,516500
2020-05-28 20:00:00-04:00,72.24,73.93,71.49,73.17,878100
2020-05-31 20:00:00-04:00,73.47,75.96,72.57,75.29,696200
2020-06-01 20:00:00-04:00,76.64,76.97,74.59,75.00,620500
2020-06-02 20:00:00-04:00,76.90,78.64,76.33,76.82,521300
2020-06-03 20:00:00-04:00,76.24,78.55,75.57,78.51,651300
2020-06-04 20:00:00-04:00,83.00,84.02,81.41,81.63,611800
2020-06-07 20:00:00-04:00,82.01,84.11,81.92,82.88,649800
2020-06-08 20:00:00-04:00,80.41,81.65,79.59,80.77,441700
2020-06-09 20:00:00-04:00,80.20,80.67,78.20,78.37,551600
2020-06-10 20:00:00-04:00,74.24,75.71,70.23,70.31,591800
2020-06-11 20:00:00-04:00,73.41,73.87,70.01,72.11,511800
2020-06-14 20:00:00-04:00,69.31,73.54,69.18,73.02,537500
2020-06-15 20:00:00-04:00,76.96,76.96,72.89,74.32,605100
2020-06-16 20:00:00-04:00,74.51,74.71,72.31,72.66,897100
2020-06-17 20:00:00-04:00,71.65,73.56,71.57,72.81,394200
2020-06-18 20:00:00-04:00,74.71,74.71,70.88,72.40,1027200
2020-06-21 20:00:00-04:00,72.03,72.03,70.61,71.68,499600
2020-06-22 20:00:00-04:00,73.19,73.39,71.04,71.08,647800
2020-06-23 20:00:00-04:00,70.14,70.14,67.58,67.64,978500
2020-06-24 20:00:00-04:00,67.12,69.17,66.94,69.03,651100
2020-06-25 20:00:00-04:00,67.97,68.43,66.69,67.31,888600
2020-06-28 20:00:00-04:00,68.53,69.37,67.59,68.74,501400
2020-06-29 20:00:00-04:00,68.58,71.03,68.58,70.52,631500
2020-06-30 20:00:00-04:00,70.88,70.90,68.66,69.17,583500
2020-07-01 20:00:00-04:00,71.07,71.48,68.86,69.09,424200
2020-07-05 20:00:00-04:00,70.87,71.61,69.59,70.41,537600
2020-07-06 20:00:00-04:00,69.34,69.61,67.99,68.11,760600
2020-07-07 20:00:00-04:00,68.41,69.63,67.82,68.77,846800
2020-07-08 20:00:00-04:00,68.73,68.73,66.17,66.86,426700
2020-07-09 20:00:00-04:00,67.03,68.92,66.98,68.89,661300
2020-07-12 20:00:00-04:00,69.87,70.18,68.56,69.08,379900
2020-07-13 20:00:00-04:00,68.82,70.15,68.37,69.90,387500
2020-07-14 20:00:00-04:00,71.49,72.19,70.60,71.74,344400
2020-07-15 20:00:00-04:00,71.02,73.65,70.87,72.36,380300
2020-07-16 20:00:00-04:00,72.57,72.57,71.19,71.75,423400
2020-07-19 20:00:00-04:00,71.23,71.55,70.04,70.62,354900
2020-07-20 20:00:00-04:00,70.78,72.54,70.70,71.64,502200
2020-07-21 20:00:00-04:00,71.02,72.26,70.91,72.09,469600
2020-07-22 20:00:00-04:00,75.22,77.05,74.33,76.51,999500
2020-07-23 20:00:00-04:00,77.33,77.40,75.19,76.56,773300
2020-07-26 20:00:00-04:00,75.83,76.41,74.98,75.79,716900
2020-07-27 20:00:00-04:00,75.36,76.30,74.59,74.67,334400
2020-07-28 20:00:00-04:00,74.43,77.25,74.43,76.91,505600
2020-07-29 20:00:00-04:00,75.14,76.31,74.75,75.96,608000
2020-07-30 20:00:00-04:00,75.85,76.59,75.18,75.82,678300
2020-08-02 20:00:00-04:00,76.05,76.38,75.19,75.77,503800
2020-08-03 20:00:00-04:00,75.46,75.80,74.83,74.95,339700
2020-08-04 20:00:00-04:00,75.68,76.88,75.54,76.49,617700
2020-08-05 20:00:00-04:00,76.25,77.25,76.13,76.52,580700
2020-08-06 20:00:00-04:00,76.12,78.87,76.02,78.76,431400
2020-08-09 20:00:00-04:00,78.89,81.04,78.83,80.77,431200
2020-08-10 20:00:00-04:00,82.46,83.36,81.36,81.69,487900
2020-08-11 20:00:00-04:00,83.14,83.14,80.60,81.48,330100
2020-08-12 20:00:00-04:00,80.49,81.48,79.86,80.95,267100
2020-08-13 20:00:00-04:00,80.37,81.86,80.37,81.42,250500
2020-08-16 20:00:00-04:00,81.13,81.36,79.33,79.45,358800
2020-08-17 20:00:00-04:00,79.41,79.88,78.36,78.74,473200
2020-08-18 20:00:00-04:00,78.76,79.59,78.52,78.69,271000
2020-08-19 20:00:00-04:00,77.49,78.22,77.17,77.31,283900
2020-08-20 20:00:00-04:00,77.19,77.78,76.48,76.90,317900
2020-08-23 20:00:00-04:00,77.53,80.49,77.14,80.48,398200
2020-08-24 20:00:00-04:00,81.34,81.57,79.93,80.31,349000
2020-08-25 20:00:00-04:00,80.10,80.58,79.29,80.17,346000
2020-08-26 20:00:00-04:00,79.93,81.84,79.93,81.05,406400
2020-08-27 20:00:00-04:00,81.70,81.70,80.44,80.79,430600
2020-08-30 20:00:00-04:00,80.64,80.64,78.53,78.57,499900
2020-08-31 20:00:00-04:00,77.97,79.63,77.58,78.14,494100
2020-09-01 20:00:00-04:00,78.11,79.60,77.74,79.04,599400
2020-09-02 20:00:00-04:00,79.90,81.91,77.60,77.97,625400
2020-09-03 20:00:00-04:00,80.01,80.70,78.86,79.91,640900
2020-09-07 20:00:00-04:00,79.44,79.44,76.80,77.65,527800
2020-09-08 20:00:00-04:00,78.45,78.66,77.41,77.73,440600
2020-09-09 20:00:00-04:00,78.26,78.77,76.27,76.27,480300
2020-09-10 20:00:00-04:00,76.28,78.01,75.77,77.60,368700
2020-09-13 20:00:00-04:00,78.34,79.85,78.34,79.28,346000
2020-09-14 20:00:00-04:00,79.20,80.02,78.47,79.43,576500
2020-09-15 20:00:00-04:00,79.30,81.14,79.30,79.83,591000
2020-09-16 20:00:00-04:00,79.06,80.16,78.64,79.44,542200
2020-09-17 20:00:00-04:00,79.04,80.03,78.45,78.55,836900
2020-09-20 20:00:00-04:00,76.65,77.46,74.51,75.53,861400
2020-09-21 20:00:00-04:00,75.24,76.84,75.24,75.70,786600
2020-09-22 20:00:00-04:00,76.09,77.12,73.64,73.74,443700
2020-09-23 20:00:00-04:00,73.70,75.42,71.81,74.09,463800
2020-09-24 20:00:00-04:00,73.35,75.17,73.22,74.75,326000
2020-09-27 20:00:00-04:00,76.09,76.88,75.50,76.06,450600
2020-09-28 20:00:00-04:00,75.62,76.23,74.98,75.26,414600
2020-09-29 20:00:00-04:00,75.60,76.82,75.36,76.11,511100
2020-09-30 20:00:00-04:00,76.00,76.94,75.15,76.70,415900
2020-10-01 20:00:00-04:00,75.67,77.93,75.50,77.14,372200
2020-10-04 20:00:00-04:00,78.20,79.05,77.78,78.45,323200
2020-10-05 20:00:00-04:00,79.11,79.99,77.25,77.39,409400
2020-10-06 20:00:00-04:00,78.23,79.28,78.01,78.42,399400
2020-10-07 20:00:00-04:00,79.15,79.82,78.47,79.22,457000
2020-10-08 20:00:00-04:00,80.04,80.20,78.07,78.09,300600
2020-10-11 20:00:00-04:00,78.05,79.24,78.05,78.71,266600
2020-10-12 20:00:00-04:00,78.05,78.67,77.13,77.64,537800
2020-10-13 20:00:00-04:00,78.16,79.26,77.76,77.83,451200
2020-10-14 20:00:00-04:00,76.79,79.49,76.60,79.12,428700
2020-10-15 20:00:00-04:00,79.24,80.02,78.58,79.47,414000
2020-10-18 20:00:00-04:00,79.46,80.74,78.71,78.94,398100
2020-10-19 20:00:00-04:00,79.48,80.77,79.37,79.68,440300
2020-10-20 20:00:00-04:00,79.68,80.84,79.68,80.32,591000
2020-10-21 20:00:00-04:00,80.28,83.06,78.27,82.57,814900
2020-10-22 20:00:00-04:00,83.22,83.78,81.54,82.24,499300
2020-10-25 20:00:00-04:00,81.16,81.16,79.70,80.04,472000
2020-10-26 20:00:00-04:00,79.59,80.14,77.58,77.67,414900
2020-10-27 20:00:00-04:00,76.20,76.97,75.06,75.23,513100
2020-10-28 20:00:00-04:00,74.93,76.83,74.19,76.16,484100
2020-10-29 20:00:00-04:00,75.98,77.94,75.76,77.42,731600
2020-11-01 19:00:00-05:00,78.80,79.95,77.97,79.48,379700
2020-11-02 19:00:00-05:00,81.02,82.43,80.46,81.30,478400
2020-11-03 19:00:00-05:00,79.26,82.45,78.53,79.96,361900
2020-11-04 19:00:00-05:00,80.46,82.83,80.46,82.40,326900
2020-11-05 19:00:00-05:00,82.80,83.40,80.42,80.87,283400
2020-11-08 19:00:00-05:00,88.80,89.36,85.96,87.33,744900
2020-11-09 19:00:00-05:00,87.68,89.18,87.30,88.57,388500
2020-11-10 19:00:00-05:00,88.97,88.97,86.66,87.83,340100
2020-11-11 19:00:00-05:00,86.91,87.27,84.56,85.31,342600
2020-11-12 19:00:00-05:00,86.35,88.38,86.27,87.88,331000
2020-11-15 19:00:00-05:00,90.29,90.67,88.73,90.00,369600
2020-11-16 19:00:00-05:00,88.78,89.96,88.08,89.55,334500
2020-11-17 19:00:00-05:00,89.64,90.90,88.20,88.28,381900
2020-11-18 19:00:00-05:00,87.60,89.38,87.07,89.13,399400
2020-11-19 19:00:00-05:00,88.77,89.49,88.35,89.07,373800
2020-11-22 19:00:00-05:00,90.21,90.76,89.47,90.35,413000
2020-11-23 19:00:00-05:00,91.95,93.19,91.08,93.11,503300
2020-11-24 19:00:00-05:00,92.23,92.56,91.03,92.28,308900
2020-11-26 19:00:00-05:00,91.82,93.04,91.50,91.68,194100
2020-11-29 19:00:00-05:00,90.94,91.45,88.73,88.89,1468175
2020-11-30 19:00:00-05:00,90.64,91.23,89.61,90.17,477800
2020-12-01 19:00:00-05:00,89.99,91.03,89.85,90.83,268000
2020-12-02 19:00:00-05:00,90.42,91.40,90.29,90.66,323200
2020-12-03 19:00:00-05:00,91.40,92.77,91.33,92.10,370400
2020-12-06 19:00:00-05:00,91.44,91.68,90.28,90.59,294800
2020-12-07 19:00:00-05:00,89.47,90.46,89.47,90.27,426400
2020-12-08 19:00:00-05:00,90.87,90.94,89.58,90.09,341000
2020-12-09 19:00:00-05:00,89.35,90.85,89.35,90.59,395100
2020-12-10 19:00:00-05:00,89.53,90.86,89.26,89.46,332200
2020-12-13 19:00:00-05:00,90.77,90.77,87.62,87.62,426600
2020-12-14 19:00:00-05:00,88.64,89.63,87.93,89.47,411600
2020-12-15 19:00:00-05:00,89.87,90.25,88.75,89.30,315600
2020-12-16 19:00:00-05:00,89.33,89.40,88.45,89.20,337900
2020-12-17 19:00:00-05:00,89.15,89.81,87.91,88.61,1211600
2020-12-20 19:00:00-05:00,89.09,89.09,85.85,88.08,471700
2020-12-21 19:00:00-05:00,88.06,88.73,87.45,87.60,447600
2020-12-22 19:00:00-05:00,87.94,89.39,87.94,88.70,554300
2020-12-23 19:00:00-05:00,89.08,89.33,87.72,88.67,76100
2020-12-27 19:00:00-05:00,89.21,90.38,88.73,89.07,345500
2020-12-28 19:00:00-05:00,89.48,89.53,87.91,87.99,514800
2020-12-29 19:00:00-05:00,88.46,89.60,88.46,88.99,400000
2020-12-30 19:00:00-05:00,88.87,90.82,88.51,90.66,250800
2021-01-03 19:00:00-05:00,91.05,91.28,87.88,88.22,390700
2021-01-04 19:00:00-05:00,87.95,89.00,87.72,88.15,289000
2021-01-05 19:00:00-05:00,90.09,93.37,89.60,93.06,624700
2021-01-06 19:00:00-05:00,93.81,94.53,92.71,92.76,457100
2021-01-07 19:00:00-05:00,92.93,93.15,91.24,92.26,297300
2021-01-10 19:00:00-05:00,91.14,92.20,90.73,91.22,341600
2021-01-11 19:00:00-05:00,91.28,92.39,90.99,91.50,392300
2021-01-12 19:00:00-05:00,91.30,92.06,90.98,91.75,389300
2021-01-13 19:00:00-05:00,92.29,93.01,91.83,92.39,357500
2021-01-14 19:00:00-05:00,91.42,92.22,90.96,91.91,365700
2021-01-18 19:00:00-05:00,92.24,93.50,91.97,92.68,409000
2021-01-19 19:00:00-05:00,92.54,92.77,91.80,92.33,352000
2021-01-20 19:00:00-05:00,92.05,92.42,91.41,91.56,375100
2021-01-21 19:00:00-05:00,90.38,90.91,89.93,90.25,592100
2021-01-24 19:00:00-05:00,89.27,90.35,88.34,89.44,455400
2021-01-25 19:00:00-05:00,89.78,90.07,89.05,89.07,382900
2021-01-26 19:00:00-05:00,87.59,88.35,86.16,86.29,489400
2021-01-27 19:00:00-05:00,87.37,90.25,87.00,88.74,475500
2021-01-28 19:00:00-05:00,88.02,88.21,85.94,86.47,547200
2021-01-31 19:00:00-05:00,87.15,87.62,85.69,87.37,632100
2021-02-01 19:00:00-05:00,88.49,89.44,87.31,88.56,501900
2021-02-02 19:00:00-05:00,88.39,90.24,85.88,86.90,649000
2021-02-03 19:00:00-05:00,86.98,89.97,86.98,88.99,407500
2021-02-04 19:00:00-05:00,89.35,89.74,87.96,89.60,379200
2021-02-07 19:00:00-05:00,89.47,90.36,89.35,90.02,461300
2021-02-08 19:00:00-05:00,89.53,89.72,88.64,88.73,415000
2021-02-09 19:00:00-05:00,89.10,89.15,87.84,88.35,464300
2021-02-10 19:00:00-05:00,88.26,89.18,88.05,88.69,377800
2021-02-11 19:00:00-05:00,88.82,89.98,88.82,89.94,306500
2021-02-15 19:00:00-05:00,90.02,90.79,89.63,89.71,693800
2021-02-16 19:00:00-05:00,89.51,90.73,89.05,90.57,420000
2021-02-17 19:00:00-05:00,90.04,90.34,88.99,89.52,762700
2021-02-18 19:00:00-05:00,89.97,91.56,89.23,91.17,603800
2021-02-21 19:00:00-05:00,90.85,93.00,90.85,92.35,531800
2021-02-22 19:00:00-05:00,93.04,93.21,91.23,92.00,666700
2021-02-23 19:00:00-05:00,91.97,94.69,91.97,94.05,372400
2021-02-24 19:00:00-05:00,94.80,94.95,91.29,92.05,400700
2021-02-25 19:00:00-05:00,91.66,91.83,89.25,89.35,700800
2021-02-28 19:00:00-05:00,90.95,92.41,90.81,90.99,501300
2021-03-01 19:00:00-05:00,90.92,92.53,90.81,91.89,392400
2021-03-02 19:00:00-05:00,92.05,93.51,91.88,92.14,358800
2021-03-03 19:00:00-05:00,91.83,92.25,89.49,90.41,409900
2021-03-04 19:00:00-05:00,91.30,93.59,90.08,93.10,423500
2021-03-07 19:00:00-05:00,94.16,97.17,94.00,95.15,491800
2021-03-08 19:00:00-05:00,94.38,96.43,93.34,94.75,507900
2021-03-09 19:00:00-05:00,94.61,97.38,94.61,96.75,418600
2021-03-10 19:00:00-05:00,94.85,96.64,94.85,95.52,340500
2021-03-11 19:00:00-05:00,96.91,97.12,95.73,96.99,414500
2021-03-14 20:00:00-04:00,96.76,96.80,95.32,96.79,254900
2021-03-15 20:00:00-04:00,95.94,96.51,94.61,95.31,264600
2021-03-16 20:00:00-04:00,96.19,96.99,95.17,96.15,317400
2021-03-17 20:00:00-04:00,97.34,97.81,95.56,95.70,443200
2021-03-18 20:00:00-04:00,94.89,95.68,93.63,94.67,985300
2021-03-21 20:00:00-04:00,93.95,94.56,93.21,93.91,392200
2021-03-22 20:00:00-04:00,93.05,94.05,91.61,92.07,495000
2021-03-23 20:00:00-04:00,92.74,93.99,92.42,92.46,391600
2021-03-24 20:00:00-04:00,92.52,94.14,91.39,93.88,463000
2021-03-25 20:00:00-04:00,94.89,94.89,93.18,94.19,381500
2021-03-28 20:00:00-04:00,93.04,94.07,92.20,93.10,373700
2021-03-29 20:00:00-04:00,93.44,94.34,93.05,94.05,291500
2021-03-30 20:00:00-04:00,93.43,94.20,92.41,92.44,466300
2021-03-31 20:00:00-04:00,91.98,94.64,91.95,94.60,371700
2021-04-04 20:00:00-04:00,95.28,95.87,94.30,94.60,303400
2021-04-05 20:00:00-04:00,94.55,95.22,94.18,94.82,510300
2021-04-06 20:00:00-04:00,94.57,95.51,94.21,94.79,243700
2021-04-07 20:00:00-04:00,94.17,94.45,93.61,93.92,227000
2021-04-08 20:00:00-04:00,94.93,95.29,94.35,95.29,345000
2021-04-11 20:00:00-04:00,95.66,97.06,95.07,96.62,444600
2021-04-12 20:00:00-04:00,96.10,96.84,95.51,96.47,369900
2021-04-13 20:00:00-04:00,96.28,97.63,96.28,97.54,371100
2021-04-14 20:00:00-04:00,97.77,98.12,96.94,97.87,319300
2021-04-15 20:00:00-04:00,99.15,100.29,99.13,100.08,492900
2021-04-18 20:00:00-04:00,100.34,100.70,99.61,99.95,320300
2021-04-19 20:00:00-04:00,99.53,99.88,98.55,99.04,560700
2021-04-20 20:00:00-04:00,99.39,101.21,98.96,101.01,474900
2021-04-21 20:00:00-04:00,100.50,100.50,97.07,97.88,538700
2021-04-22 20:00:00-04:00,97.91,99.36,97.91,98.81,344600
2021-04-25 20:00:00-04:00,99.28,100.29,98.17,98.23,295800
2021-04-26 20:00:00-04:00,97.82,98.79,97.67,98.45,316700
2021-04-27 20:00:00-04:00,98.91,98.92,97.99,98.07,251000
2021-04-28 20:00:00-04:00,98.88,99.51,98.41,99.15,303800
2021-04-29 20:00:00-04:00,98.91,99.23,97.94,98.24,418700
2021-05-02 20:00:00-04:00,99.47,99.88,98.89,99.05,428500
2021-05-03 20:00:00-04:00,98.68,99.80,98.31,99.65,351300
2021-05-04 20:00:00-04:00,99.61,100.90,99.31,100.87,383900
2021-05-05 20:00:00-04:00,101.31,102.01,100.36,101.88,393300
2021-05-06 20:00:00-04:00,100.28,101.71,100.02,101.60,349900
2021-05-09 20:00:00-04:00,102.20,103.74,101.45,101.47,319000
2021-05-10 20:00:00-04:00,100.75,101.29,99.53,99.61,349600
2021-05-11 20:00:00-04:00,100.17,100.17,97.65,97.89,328200
2021-05-12 20:00:00-04:00,97.47,101.19,97.47,100.75,335600
2021-05-13 20:00:00-04:00,100.83,102.38,100.36,102.02,233100
2021-05-16 20:00:00-04:00,101.81,102.12,100.92,101.41,316000
2021-05-17 20:00:00-04:00,101.18,102.05,100.75,100.82,278900
2021-05-18 20:00:00-04:00,99.74,100.77,99.12,100.69,333700
2021-05-19 20:00:00-04:00,100.74,100.87,99.35,100.35,260600
2021-05-20 20:00:00-04:00,100.66,101.77,100.45,101.10,266300
2021-05-23 20:00:00-04:00,101.28,101.29,100.56,100.98,245400
2021-05-24 20:00:00-04:00,100.75,101.69,99.07,99.39,353600
2021-05-25 20:00:00-04:00,100.07,100.12,98.93,99.68,385200
2021-05-26 20:00:00-04:00,100.62,101.04,100.21,100.83,499200
2021-05-27 20:00:00-04:00,101.36,101.42,100.40,101.05,285800
2021-05-31 20:00:00-04:00,101.92,102.49,100.86,101.59,319200
2021-06-01 20:00:00-04:00,101.69,102.13,100.86,101.70,321800
2021-06-02 20:00:00-04:00,101.14,102.29,100.74,101.92,277800
2021-06-03 20:00:00-04:00,101.67,102.23,100.96,102.08,209000
2021-06-06 20:00:00-04:00,102.57,102.57,101.70,102.06,276700
2021-06-07 20:00:00-04:00,101.51,102.21,100.60,101.97,305100
2021-06-08 20:00:00-04:00,101.59,101.65,100.40,100.48,314700
2021-06-09 20:00:00-04:00,101.24,101.24,99.14,99.26,257700
2021-06-10 20:00:00-04:00,99.51,100.07,98.98,99.85,274100
2021-06-13 20:00:00-04:00,99.74,99.80,98.27,98.70,236300
2021-06-14 20:00:00-04:00,98.96,100.32,98.41,99.85,433800
2021-06-15 20:00:00-04:00,99.70,99.85,98.36,98.79,484400
2021-06-16 20:00:00-04:00,99.32,99.49,94.02,94.05,541700
2021-06-17 20:00:00-04:00,91.51,92.54,88.05,88.43,1468175
2021-06-20 20:00:00-04:00,89.22,91.89,89.22,91.74,817000
2021-06-21 20:00:00-04:00,91.74,91.76,90.34,91.11,486200
2021-06-22 20:00:00-04:00,91.49,92.09,90.95,91.11,547500
2021-06-23 20:00:00-04:00,91.33,92.87,91.05,92.31,630700
2021-06-24 20:00:00-04:00,92.80,94.32,92.29,93.96,453500
2021-06-27 20:00:00-04:00,93.69,93.92,92.06,92.21,429600
2021-06-28 20:00:00-04:00,92.86,93.39,91.14,91.22,377600
2021-06-29 20:00:00-04:00,90.76,91.47,90.53,91.30,700700
2021-06-30 20:00:00-04:00,91.85,92.95,91.38,92.85,740800
2021-07-01 20:00:00-04:00,92.66,93.08,91.70,92.01,315900
2021-07-05 20:00:00-04:00,91.93,91.93,89.54,90.36,555200
2021-07-06 20:00:00-04:00,89.51,91.13,89.51,90.91,473300
2021-07-07 20:00:00-04:00,88.92,89.25,87.60,88.12,649300
2021-07-08 20:00:00-04:00,89.30,90.79,89.13,90.74,331500
2021-07-11 20:00:00-04:00,89.98,90.87,89.47,90.77,310700
2021-07-12 20:00:00-04:00,90.38,90.72,89.92,90.36,356400
2021-07-13 20:00:00-04:00,90.21,91.32,89.61,90.07,280500
2021-07-14 20:00:00-04:00,88.87,90.89,88.80,90.76,270200
2021-07-15 20:00:00-04:00,91.56,91.56,90.08,90.34,324400
2021-07-18 20:00:00-04:00,88.51,88.86,86.53,87.06,492200
2021-07-19 20:00:00-04:00,87.31,90.32,87.31,89.43,431400
2021-07-20 20:00:00-04:00,90.36,91.73,89.61,90.15,331000
2021-07-21 20:00:00-04:00,90.25,90.77,88.67,89.25,615500
2021-07-22 20:00:00-04:00,89.83,90.53,89.30,89.68,553400
2021-07-25 20:00:00-04:00,89.72,90.99,89.47,90.16,607100
2021-07-26 20:00:00-04:00,89.22,90.59,88.73,89.73,316100
2021-07-27 20:00:00-04:00,90.10,90.66,89.08,89.47,331600
2021-07-28 20:00:00-04:00,90.34,91.43,89.61,90.51,343800
2021-07-29 20:00:00-04:00,90.03,90.96,89.23,89.44,472000
2021-08-01 20:00:00-04:00,90.15,91.15,88.88,89.05,399100
2021-08-02 20:00:00-04:00,89.59,89.82,87.92,88.71,379100
2021-08-03 20:00:00-04:00,87.65,89.06,87.43,87.99,405300
2021-08-04 20:00:00-04:00,88.78,89.75,88.16,88.97,251500
2021-08-05 20:00:00-04:00,90.17,90.89,89.80,90.42,309000
2021-08-08 20:00:00-04:00,90.26,91.19,89.73,90.56,262700
2021-08-09 20:00:00-04:00,90.68,92.26,90.18,91.86,387900
2021-08-10 20:00:00-04:00,92.16,93.74,91.45,93.65,371800
2021-08-11 20:00:00-04:00,93.65,93.83,92.65,92.87,224200
2021-08-12 20:00:00-04:00,92.64,92.86,92.32,92.60,204800
2021-08-15 20:00:00-04:00,91.97,93.37,91.61,92.47,365600
2021-08-16 20:00:00-04:00,91.86,92.80,91.50,92.37,237800
2021-08-17 20:00:00-04:00,91.91,92.87,91.47,91.84,269200
2021-08-18 20:00:00-04:00,91.10,92.18,90.61,91.13,251100
2021-08-19 20:00:00-04:00,90.93,91.43,90.45,91.24,311500
2021-08-22 20:00:00-04:00,92.07,92.73,91.72,92.09,330700
2021-08-23 20:00:00-04:00,92.25,93.03,92.14,92.74,172800
2021-08-24 20:00:00-04:00,93.13,94.02,92.45,93.32,208200
2021-08-25 20:00:00-04:00,93.72,93.79,91.64,91.83,244000
2021-08-26 20:00:00-04:00,91.97,93.54,91.65,93.13,179500
2021-08-29 20:00:00-04:00,93.49,93.49,92.07,92.20,222100
2021-08-30 20:00:00-04:00,91.85,93.20,91.85,92.28,400700
2021-08-31 20:00:00-04:00,92.42,92.67,91.21,91.73,273000
2021-09-01 20:00:00-04:00,91.99,92.17,90.81,91.06,255500
2021-09-02 20:00:00-04:00,90.94,91.06,90.19,90.57,247700
2021-09-06 20:00:00-04:00,90.44,91.03,89.27,89.44,407500
2021-09-07 20:00:00-04:00,89.41,89.74,88.64,89.24,291300
2021-09-08 20:00:00-04:00,88.85,90.51,88.85,89.42,223300
2021-09-09 20:00:00-04:00,90.02,90.27,88.33,88.40,223300
2021-09-12 20:00:00-04:00,89.21,90.10,88.80,89.52,216600
2021-09-13 20:00:00-04:00,89.88,89.89,88.37,88.49,276300
2021-09-14 20:00:00-04:00,88.40,89.10,88.32,88.64,265500
2021-09-15 20:00:00-04:00,88.68,89.40,87.67,88.23,258700
2021-09-16 20:00:00-04:00,87.77,88.71,85.81,86.13,1468175
2021-09-19 20:00:00-04:00,84.21,84.85,82.81,84.38,490100
2021-09-20 20:00:00-04:00,84.89,84.94,82.84,83.16,336200
2021-09-21 20:00:00-04:00,84.00,84.98,83.49,84.44,412400
2021-09-22 20:00:00-04:00,85.44,86.65,85.27,85.49,314500
2021-09-23 20:00:00-04:00,85.51,86.75,85.20,85.26,281600
2021-09-26 20:00:00-04:00,86.01,88.05,85.49,87.39,308000
2021-09-27 20:00:00-04:00,87.71,88.49,86.15,86.19,359700
2021-09-28 20:00:00-04:00,86.25,87.05,85.75,86.55,216500
2021-09-29 20:00:00-04:00,87.04,87.21,85.51,85.52,523700
2021-09-30 20:00:00-04:00,86.07,87.48,85.39,86.90,372000
2021-10-03 20:00:00-04:00,86.49,88.19,86.11,86.51,400200
2021-10-04 20:00:00-04:00,87.30,88.39,86.33,88.18,458600
2021-10-05 20:00:00-04:00,87.27,89.20,86.79,89.05,491200
2021-10-06 20:00:00-04:00,90.07,91.57,89.43,90.42,400400
2021-10-07 20:00:00-04:00,90.15,91.41,90.11,90.90,311300
2021-10-10 20:00:00-04:00,91.41,91.96,90.05,90.06,221700
2021-10-11 20:00:00-04:00,89.73,90.78,89.73,90.54,401600
2021-10-12 20:00:00-04:00,90.50,90.76,89.06,90.50,308800
2021-10-13 20:00:00-04:00,91.64,92.63,90.87,92.60,228700
2021-10-14 20:00:00-04:00,93.36,94.49,93.12,93.83,388200
2021-10-17 20:00:00-04:00,93.41,94.07,92.93,93.41,435000
2021-10-18 20:00:00-04:00,94.03,94.74,93.58,93.85,387700
2021-10-19 20:00:00-04:00,93.50,94.87,93.47,94.81,277800
2021-10-20 20:00:00-04:00,88.43,90.94,88.42,89.89,790200
2021-10-21 20:00:00-04:00,89.82,90.71,89.26,89.72,418700
2021-10-24 20:00:00-04:00,89.70,90.22,88.59,89.29,605900
2021-10-25 20:00:00-04:00,89.51,89.91,88.27,88.28,484200
2021-10-26 20:00:00-04:00,87.93,89.08,87.45,87.52,435300
2021-10-27 20:00:00-04:00,87.86,88.40,87.40,87.66,398800
2021-10-28 20:00:00-04:00,87.72,87.93,85.49,85.70,673700
2021-10-31 20:00:00-04:00,86.04,88.23,86.04,88.10,638500
2021-11-01 20:00:00-04:00,88.09,88.78,87.51,88.55,398500
2021-11-02 20:00:00-04:00,88.57,89.74,88.31,89.04,594300
2021-11-03 20:00:00-04:00,88.85,89.19,88.18,89.11,479100
2021-11-04 20:00:00-04:00,90.11,91.95,89.93,91.31,729300
2021-11-07 19:00:00-05:00,91.79,92.51,90.14,90.37,468600
2021-11-08 19:00:00-05:00,89.59,90.05,88.83,88.90,499700
2021-11-09 19:00:00-05:00,89.30,90.12,88.93,89.31,384100
2021-11-10 19:00:00-05:00,89.06,89.94,89.00,89.87,382700
2021-11-11 19:00:00-05:00,89.72,91.03,88.98,90.90,356800
2021-11-14 19:00:00-05:00,91.47,91.49,90.23,91.05,341800
2021-11-15 19:00:00-05:00,91.44,91.95,90.83,91.13,614200
2021-11-16 19:00:00-05:00,90.77,91.27,89.94,90.69,405200
2021-11-17 19:00:00-05:00,90.40,90.81,89.39,89.68,452200
2021-11-18 19:00:00-05:00,88.90,89.86,88.54,89.00,709100
2021-11-21 19:00:00-05:00,89.82,90.43,88.71,89.35,542200
2021-11-22 19:00:00-05:00,89.84,91.24,89.36,91.10,463000
2021-11-23 19:00:00-05:00,90.90,91.08,89.96,90.07,388800
2021-11-25 19:00:00-05:00,86.42,86.95,84.69,85.76,434400
2021-11-28 19:00:00-05:00,86.77,86.89,84.85,85.17,565200
2021-11-29 19:00:00-05:00,83.91,84.99,83.06,83.31,1468175
2021-11-30 19:00:00-05:00,85.33,85.68,82.07,82.08,839800
2021-12-01 19:00:00-05:00,82.86,86.32,82.45,85.60,625300
2021-12-02 19:00:00-05:00,85.64,86.36,85.14,85.59,499900
2021-12-05 19:00:00-05:00,87.27,89.16,86.51,88.03,652500
2021-12-06 19:00:00-05:00,88.42,89.12,88.21,88.42,590600
2021-12-07 19:00:00-05:00,88.50,89.33,88.45,88.68,251100
2021-12-08 19:00:00-05:00,87.72,88.98,87.65,88.25,356700
2021-12-09 19:00:00-05:00,88.88,89.04,87.62,88.49,291100
2021-12-12 19:00:00-05:00,88.22,88.40,87.47,87.89,318900
2021-12-13 19:00:00-05:00,88.01,89.66,87.58,88.38,382900
2021-12-14 19:00:00-05:00,88.68,89.21,87.65,88.80,931800
2021-12-15 19:00:00-05:00,89.61,89.99,88.13,88.41,922300
2021-12-16 19:00:00-05:00,88.28,88.28,86.28,86.34,1409900
2021-12-19 19:00:00-05:00,85.18,85.19,82.25,83.62,897100
2021-12-20 19:00:00-05:00,84.70,87.75,84.17,87.35,857500
2021-12-21 19:00:00-05:00,87.12,88.42,86.85,88.34,443900
2021-12-22 19:00:00-05:00,89.10,89.77,88.33,89.24,286100
2021-12-26 19:00:00-05:00,89.08,89.89,88.81,89.82,220200
2021-12-27 19:00:00-05:00,89.75,91.23,89.75,90.65,219400
2021-12-28 19:00:00-05:00,90.97,91.32,90.73,91.15,258600
2021-12-29 19:00:00-05:00,91.20,92.18,90.62,90.63,268600
2021-12-30 19:00:00-05:00,90.49,91.13,90.22,90.23,244700
2022-01-02 19:00:00-05:00,91.03,92.36,91.03,91.40,381900
2022-01-03 19:00:00-05:00,92.30,94.22,92.18,93.76,437000
2022-01-04 19:00:00-05:00,94.46,95.40,93.60,93.81,689700
2022-01-05 19:00:00-05:00,95.46,95.72,94.14,95.49,420700
2022-01-06 19:00:00-05:00,95.70,97.39,95.49,97.16,592400
2022-01-09 19:00:00-05:00,97.94,98.20,96.34,97.44,641100
2022-01-10 19:00:00-05:00,97.72,98.65,96.58,98.49,447500
2022-01-11 19:00:00-05:00,100.36,102.21,99.11,100.57,738800
2022-01-12 19:00:00-05:00,101.01,102.06,100.14,100.48,639100
2022-01-13 19:00:00-05:00,99.31,102.26,98.62,102.23,457600
2022-01-17 19:00:00-05:00,102.26,102.73,99.88,101.41,483400
2022-01-18 19:00:00-05:00,101.80,101.80,99.76,100.42,406400
2022-01-19 19:00:00-05:00,100.55,101.97,99.52,99.66,458600
2022-01-20 19:00:00-05:00,99.57,99.57,97.21,97.42,504000
2022-01-23 19:00:00-05:00,96.26,98.74,94.81,98.45,498100
2022-01-24 19:00:00-05:00,97.15,99.99,95.00,98.95,660000
2022-01-25 19:00:00-05:00,99.57,101.11,98.44,99.03,506900
2022-01-26 19:00:00-05:00,99.89,100.65,96.66,97.53,523700
2022-01-27 19:00:00-05:00,97.21,98.47,95.44,98.44,497200
2022-01-30 19:00:00-05:00,97.60,98.80,97.58,98.69,516600
2022-01-31 19:00:00-05:00,98.26,99.67,97.15,99.12,682300
2022-02-01 19:00:00-05:00,98.71,100.61,98.67,100.34,607900
2022-02-02 19:00:00-05:00,100.62,100.63,97.22,98.80,732000
2022-02-03 19:00:00-05:00,98.58,101.27,98.17,100.20,390400
2022-02-06 19:00:00-05:00,100.40,101.31,100.04,100.12,379400
2022-02-07 19:00:00-05:00,101.09,102.58,100.42,102.23,607100
2022-02-08 19:00:00-05:00,102.37,103.65,102.37,102.49,418700
2022-02-09 19:00:00-05:00,102.18,104.77,101.79,102.37,602200
2022-02-10 19:00:00-05:00,102.06,103.63,100.92,101.56,580800
2022-02-13 19:00:00-05:00,101.56,101.71,99.67,100.36,631600
2022-02-14 19:00:00-05:00,101.54,102.74,101.45,101.81,511800
2022-02-15 19:00:00-05:00,101.16,102.59,101.16,102.15,421300
2022-02-16 19:00:00-05:00,100.92,101.39,99.99,100.94,718400
2022-02-17 19:00:00-05:00,100.48,101.82,100.48,101.37,818800
2022-02-21 19:00:00-05:00,101.37,101.61,99.43,100.33,497600
2022-02-22 19:00:00-05:00,100.94,101.58,99.22,99.58,444100
2022-02-23 19:00:00-05:00,96.89,97.29,94.53,96.56,907700
2022-02-24 19:00:00-05:00,97.26,100.47,97.26,99.90,729100
2022-02-27 19:00:00-05:00,97.44,98.17,96.68,97.39,1080000
2022-02-28 19:00:00-05:00,96.16,96.70,93.27,93.57,1129800
2022-03-01 19:00:00-05:00,94.69,97.14,94.34,96.41,510400
2022-03-02 19:00:00-05:00,96.68,97.01,95.35,96.11,396100
2022-03-03 19:00:00-05:00,93.76,94.41,92.61,93.76,560100
2022-03-06 19:00:00-05:00,92.70,92.86,90.79,90.91,495100
2022-03-07 19:00:00-05:00,92.08,92.54,90.36,91.30,837200
2022-03-08 19:00:00-05:00,94.27,95.61,93.88,94.01,666000
2022-03-09 19:00:00-05:00,92.65,94.46,92.10,92.69,659400
2022-03-10 19:00:00-05:00,93.28,94.43,93.03,93.43,673200
2022-03-13 20:00:00-04:00,95.26,95.71,93.33,93.71,350900
2022-03-14 20:00:00-04:00,94.38,95.15,93.42,94.27,552000
2022-03-15 20:00:00-04:00,95.26,96.20,94.53,95.95,756300
2022-03-16 20:00:00-04:00,95.43,95.43,94.12,95.14,630200
2022-03-17 20:00:00-04:00,95.01,95.01,93.49,94.76,1138000
2022-03-20 20:00:00-04:00,95.52,96.00,94.41,95.99,725500
2022-03-21 20:00:00-04:00,97.30,98.63,96.94,97.81,984500
2022-03-22 20:00:00-04:00,97.41,97.95,96.09,96.12,537400
2022-03-23 20:00:00-04:00,96.42,97.14,96.28,96.88,600200
2022-03-24 20:00:00-04:00,97.06,98.66,96.75,98.66,820500
2022-03-27 20:00:00-04:00,98.67,98.67,97.76,98.43,752500
2022-03-28 20:00:00-04:00,99.54,100.41,98.85,99.26,659000
2022-03-29 20:00:00-04:00,99.36,99.65,98.15,98.49,484600
2022-03-30 20:00:00-04:00,98.01,99.44,97.04,97.05,775200
2022-03-31 20:00:00-04:00,97.89,98.36,96.70,97.15,448400
2022-04-03 20:00:00-04:00,96.59,96.69,95.28,95.71,584200
2022-04-04 20:00:00-04:00,95.45,98.07,95.45,97.47,661600
2022-04-05 20:00:00-04:00,97.25,98.94,96.97,98.18,806600
2022-04-06 20:00:00-04:00,97.98,98.55,96.59,98.12,674400
2022-04-07 20:00:00-04:00,98.67,99.64,97.77,99.11,504500
2022-04-10 20:00:00-04:00,99.54,101.34,99.18,99.39,560600
2022-04-11 20:00:00-04:00,99.05,100.29,97.62,98.06,407900
2022-04-12 20:00:00-04:00,97.32,99.01,97.04,98.90,414100
2022-04-13 20:00:00-04:00,99.04,99.96,98.82,99.50,373200
2022-04-17 20:00:00-04:00,98.81,100.01,98.24,98.47,341500
2022-04-18 20:00:00-04:00,99.09,99.46,98.18,99.27,600600
2022-04-19 20:00:00-04:00,99.80,102.08,99.71,101.84,541200
2022-04-20 20:00:00-04:00,102.52,103.12,101.00,102.38,776100
2022-04-21 20:00:00-04:00,101.66,102.06,99.93,100.01,715700
2022-04-24 20:00:00-04:00,99.21,99.48,95.61,98.63,721000
2022-04-25 20:00:00-04:00,97.17,98.65,96.62,96.70,526100
2022-04-26 20:00:00-04:00,96.93,98.49,96.67,97.20,373600
2022-04-27 20:00:00-04:00,98.07,98.48,96.48,98.40,451400
2022-04-28 20:00:00-04:00,97.84,97.92,94.64,94.81,479100
2022-05-01 20:00:00-04:00,95.41,96.18,93.25,94.83,353600
2022-05-02 20:00:00-04:00,95.28,96.37,94.73,95.74,360800
2022-05-03 20:00:00-04:00,95.93,98.76,95.46,98.69,437500
2022-05-04 20:00:00-04:00,97.44,98.00,95.41,96.15,457900
2022-05-05 20:00:00-04:00,96.08,97.34,95.32,96.70,416000
2022-05-08 20:00:00-04:00,95.80,96.63,94.76,95.26,333400
2022-05-09 20:00:00-04:00,95.81,96.61,93.18,94.11,378500
2022-05-10 20:00:00-04:00,94.58,95.90,93.85,93.92,469700
2022-05-11 20:00:00-04:00,93.95,93.95,90.42,91.98,658500
2022-05-12 20:00:00-04:00,92.49,93.97,92.30,92.97,607200
2022-05-15 20:00:00-04:00,92.69,93.95,91.79,93.06,596800
2022-05-16 20:00:00-04:00,94.70,95.25,93.66,95.00,574000
2022-05-17 20:00:00-04:00,94.54,94.54,92.32,92.62,405300
2022-05-18 20:00:00-04:00,91.49,92.24,89.42,90.75,517800
2022-05-19 20:00:00-04:00,91.25,91.93,88.78,90.44,479400
2022-05-22 20:00:00-04:00,92.06,92.94,91.40,92.47,403300
2022-05-23 20:00:00-04:00,92.39,92.39,89.74,91.58,393300
2022-05-24 20:00:00-04:00,90.98,92.32,90.96,92.04,507800
2022-05-25 20:00:00-04:00,93.07,94.06,92.86,93.70,447400
2022-05-26 20:00:00-04:00,93.90,94.87,93.55,94.83,339300
2022-05-30 20:00:00-04:00,94.07,94.99,93.58,94.32,957700
2022-05-31 20:00:00-04:00,94.61,94.74,92.59,94.08,399600
2022-06-01 20:00:00-04:00,94.34,94.80,93.04,94.77,308700
2022-06-02 20:00:00-04:00,94.30,94.32,93.10,93.19,284600
2022-06-05 20:00:00-04:00,94.14,95.28,93.25,94.46,262300
2022-06-06 20:00:00-04:00,93.89,95.75,93.56,95.72,267000
2022-06-07 20:00:00-04:00,95.03,95.48,93.73,93.98,250000
2022-06-08 20:00:00-04:00,94.07,94.07,92.21,92.25,363700
2022-06-09 20:00:00-04:00,90.27,90.72,88.70,88.76,543500
2022-06-12 20:00:00-04:00,87.16,87.62,84.94,85.43,418800
2022-06-13 20:00:00-04:00,85.78,87.09,85.72,86.47,508500
2022-06-14 20:00:00-04:00,88.84,91.51,88.77,90.15,742900
2022-06-15 20:00:00-04:00,88.74,89.06,86.76,87.43,867500
2022-06-16 20:00:00-04:00,87.79,89.33,87.52,89.04,1404000
2022-06-20 20:00:00-04:00,90.84,91.80,90.25,91.60,562300
2022-06-21 20:00:00-04:00,89.87,91.70,89.72,91.26,590200
2022-06-22 20:00:00-04:00,91.63,92.13,90.67,91.61,697700
2022-06-23 20:00:00-04:00,92.55,96.09,92.18,95.86,1154800
2022-06-26 20:00:00-04:00,95.94,95.98,94.88,95.57,569300
2022-06-27 20:00:00-04:00,96.71,97.32,94.65,94.79,390400
2022-06-28 20:00:00-04:00,94.97,95.28,94.09,94.68,372900
2022-06-29 20:00:00-04:00,93.33,94.77,93.05,94.22,742900
2022-06-30 20:00:00-04:00,94.11,97.67,93.92,97.20,574900
2022-07-04 20:00:00-04:00,95.53,95.53,93.03,94.49,605300
2022-07-05 20:00:00-04:00,94.45,95.75,93.51,95.35,886500
2022-07-06 20:00:00-04:00,95.89,96.90,95.82,95.85,605000
2022-07-07 20:00:00-04:00,97.12,97.21,96.10,96.17,635400
2022-07-10 20:00:00-04:00,96.15,97.62,96.15,97.37,593300
2022-07-11 20:00:00-04:00,96.74,98.45,96.60,97.01,515300
2022-07-12 20:00:00-04:00,95.74,95.99,94.10,94.93,605100
2022-07-13 20:00:00-04:00,92.70,94.77,92.66,94.19,558000
2022-07-14 20:00:00-04:00,95.67,96.13,94.76,95.73,448800
2022-07-17 20:00:00-04:00,96.27,97.01,94.76,95.09,432500
2022-07-18 20:00:00-04:00,95.91,97.88,95.91,97.36,384000
2022-07-19 20:00:00-04:00,96.87,97.47,96.29,96.61,446200
2022-07-20 20:00:00-04:00,96.52,97.64,95.71,97.57,379900
2022-07-21 20:00:00-04:00,97.74,98.07,96.88,97.52,343200
2022-07-24 20:00:00-04:00,97.87,98.67,97.46,98.24,334400
2022-07-25 20:00:00-04:00,97.84,98.43,97.12,97.50,351400
2022-07-26 20:00:00-04:00,97.79,98.45,97.13,98.17,398400
2022-07-27 20:00:00-04:00,97.73,97.88,93.27,96.39,885300
2022-07-28 20:00:00-04:00,96.39,98.34,96.32,97.58,652000
2022-07-31 20:00:00-04:00,96.47,96.92,95.32,95.99,512200
2022-08-01 20:00:00-04:00,95.81,96.53,94.67,94.76,301100
2022-08-02 20:00:00-04:00,95.34,96.11,94.82,95.89,425500
2022-08-03 20:00:00-04:00,95.43,96.00,94.54,94.67,290300
2022-08-04 20:00:00-04:00,94.67,95.50,94.19,94.82,571700
2022-08-07 20:00:00-04:00,95.30,95.82,94.94,95.08,329300
2022-08-08 20:00:00-04:00,95.58,97.10,95.47,97.03,509600
2022-08-09 20:00:00-04:00,98.36,98.81,98.01,98.41,392100
2022-08-10 20:00:00-04:00,98.81,98.81,98.11,98.38,527100
2022-08-11 20:00:00-04:00,98.72,100.07,98.72,100.03,362700
2022-08-14 20:00:00-04:00,99.23,100.05,99.10,99.61,318000
2022-08-15 20:00:00-04:00,98.91,100.64,98.91,100.28,425300
2022-08-16 20:00:00-04:00,99.49,100.55,99.42,100.19,387100
2022-08-17 20:00:00-04:00,100.68,101.75,100.50,101.74,309800
2022-08-18 20:00:00-04:00,101.36,101.53,100.05,100.72,352300
2022-08-21 20:00:00-04:00,99.70,99.70,97.70,97.80,455500
2022-08-22 20:00:00-04:00,98.08,98.28,97.13,97.15,282100
2022-08-23 20:00:00-04:00,97.15,97.70,96.43,97.47,264700
2022-08-24 20:00:00-04:00,98.01,98.59,97.54,98.03,287800
2022-08-25 20:00:00-04:00,97.92,98.48,95.64,95.67,323400
2022-08-28 20:00:00-04:00,94.88,95.39,94.23,94.88,492900
2022-08-29 20:00:00-04:00,94.86,95.19,94.22,94.77,300300
2022-08-30 20:00:00-04:00,95.43,95.43,94.04,94.15,460700
2022-08-31 20:00:00-04:00,93.76,94.54,93.22,94.46,395000
2022-09-01 20:00:00-04:00,95.39,96.05,93.40,93.76,549800
2022-09-05 20:00:00-04:00,94.94,95.34,93.97,94.43,402000
2022-09-06 20:00:00-04:00,94.01,96.78,94.01,96.68,413800
2022-09-07 20:00:00-04:00,96.22,98.80,96.02,97.77,645200
2022-09-08 20:00:00-04:00,98.39,100.29,98.13,99.54,689300
2022-09-11 20:00:00-04:00,100.06,100.55,99.50,100.26,390200
2022-09-12 20:00:00-04:00,98.56,99.78,98.56,98.78,581800
2022-09-13 20:00:00-04:00,98.81,99.34,97.15,98.01,541800
2022-09-14 20:00:00-04:00,98.01,99.29,97.50,98.60,680400
2022-09-15 20:00:00-04:00,98.26,99.43,97.60,99.06,1161800
2022-09-18 20:00:00-04:00,98.24,100.22,98.24,100.17,536400
2022-09-19 20:00:00-04:00,99.83,100.66,99.46,100.41,836500
2022-09-20 20:00:00-04:00,100.78,102.17,100.25,100.50,996700
2022-09-21 20:00:00-04:00,100.99,101.34,98.98,99.59,804000
2022-09-22 20:00:00-04:00,98.66,99.15,95.36,96.83,952000
2022-09-25 20:00:00-04:00,96.20,96.96,95.25,95.94,753400
2022-09-26 20:00:00-04:00,96.85,97.01,94.77,95.41,493300
2022-09-27 20:00:00-04:00,95.63,98.35,95.33,97.77,560400
2022-09-28 20:00:00-04:00,97.31,97.69,96.37,97.11,427400
2022-09-29 20:00:00-04:00,97.47,98.62,96.48,96.58,509200
2022-10-02 20:00:00-04:00,98.01,99.29,96.25,98.90,577100
2022-10-03 20:00:00-04:00,99.68,103.60,99.68,103.33,813800
2022-10-04 20:00:00-04:00,102.17,103.65,102.17,103.19,411700
2022-10-05 20:00:00-04:00,102.76,103.87,102.76,103.53,447900
2022-10-06 20:00:00-04:00,103.39,103.39,101.87,102.87,432000
2022-10-09 20:00:00-04:00,103.33,104.32,103.04,104.06,388900
2022-10-10 20:00:00-04:00,103.55,105.25,103.05,103.56,363000
2022-10-11 20:00:00-04:00,103.58,105.24,102.93,103.70,453200
2022-10-12 20:00:00-04:00,102.47,107.83,101.92,107.06,691400
2022-10-13 20:00:00-04:00,107.88,108.85,105.26,105.84,638900
2022-10-16 20:00:00-04:00,107.74,108.32,106.66,107.39,499100
2022-10-17 20:00:00-04:00,109.40,110.16,108.74,110.02,582500
2022-10-18 20:00:00-04:00,109.81,110.98,108.91,109.25,742100
2022-10-19 20:00:00-04:00,108.94,109.24,106.29,106.58,489200
2022-10-20 20:00:00-04:00,107.00,110.24,106.85,110.17,581100
2022-10-23 20:00:00-04:00,110.47,111.96,110.47,111.69,654800
2022-10-24 20:00:00-04:00,111.17,112.23,110.35,111.27,669800
2022-10-25 20:00:00-04:00,111.79,112.30,110.76,111.00,623000
2022-10-26 20:00:00-04:00,111.68,113.14,108.31,108.62,808500
2022-10-27 20:00:00-04:00,108.37,110.65,108.04,110.37,1135800
2022-10-30 20:00:00-04:00,110.38,112.44,110.08,112.13,765000
2022-10-31 20:00:00-04:00,112.59,112.59,109.90,110.85,652600
2022-11-01 20:00:00-04:00,110.51,111.61,108.92,108.96,796000
2022-11-02 20:00:00-04:00,107.58,109.52,106.69,109.02,442200
2022-11-03 20:00:00-04:00,110.25,111.62,109.24,110.64,569100
2022-11-06 19:00:00-05:00,111.34,111.34,109.51,110.11,526500
2022-11-07 19:00:00-05:00,110.02,110.66,108.98,110.08,613600
2022-11-08 19:00:00-05:00,109.60,110.73,108.77,109.20,367900
2022-11-09 19:00:00-05:00,111.80,112.14,110.11,110.51,691300
2022-11-10 19:00:00-05:00,111.26,111.46,106.40,106.49,697800
2022-11-13 19:00:00-05:00,106.47,108.37,106.26,107.39,621700
2022-11-14 19:00:00-05:00,108.34,110.21,107.76,109.33,663700
2022-11-15 19:00:00-05:00,109.66,110.73,108.69,109.35,495800
2022-11-16 19:00:00-05:00,108.44,109.61,108.13,109.57,469500
2022-11-17 19:00:00-05:00,110.99,112.07,109.82,110.38,1468175
2022-11-20 19:00:00-05:00,110.38,112.58,110.35,111.71,541800
2022-11-21 19:00:00-05:00,112.49,113.87,112.09,112.87,601200
2022-11-22 19:00:00-05:00,112.31,113.60,112.04,113.34,346200
2022-11-24 19:00:00-05:00,113.56,114.45,113.56,113.86,170800
2022-11-27 19:00:00-05:00,113.14,113.88,112.40,112.72,474400
2022-11-28 19:00:00-05:00,112.52,114.12,112.52,113.86,484000
2022-11-29 19:00:00-05:00,113.40,116.91,112.72,116.44,1114200
2022-11-30 19:00:00-05:00,117.07,117.41,115.73,116.87,671200
2022-12-01 19:00:00-05:00,116.10,118.53,116.10,117.58,604100
2022-12-04 19:00:00-05:00,116.56,116.80,114.90,115.30,435600
2022-12-05 19:00:00-05:00,115.27,116.22,114.47,115.71,472300
2022-12-06 19:00:00-05:00,115.47,116.65,115.28,115.63,409900
2022-12-07 19:00:00-05:00,116.49,116.57,113.53,114.16,439200
2022-12-08 19:00:00-05:00,113.72,114.57,112.63,113.10,364000
2022-12-11 19:00:00-05:00,113.08,113.97,112.35,113.94,409100
2022-12-12 19:00:00-05:00,115.24,115.24,112.43,113.36,957300
2022-12-13 19:00:00-05:00,113.66,116.14,113.66,114.61,964800
2022-12-14 19:00:00-05:00,113.49,114.20,112.54,112.84,687000
2022-12-15 19:00:00-05:00,111.47,113.54,111.42,113.08,1468175
2022-12-18 19:00:00-05:00,113.36,115.68,113.36,114.40,874000
2022-12-19 19:00:00-05:00,115.04,116.02,114.15,114.72,471200
2022-12-20 19:00:00-05:00,114.83,117.30,114.83,116.95,483700
2022-12-21 19:00:00-05:00,116.50,116.65,114.11,114.93,410200
2022-12-22 19:00:00-05:00,115.09,116.64,115.09,116.61,206600
2022-12-26 19:00:00-05:00,116.61,117.53,116.61,117.16,275100
2022-12-27 19:00:00-05:00,117.50,117.65,116.27,116.32,275000
2022-12-28 19:00:00-05:00,116.64,117.60,116.22,117.16,345100
2022-12-29 19:00:00-05:00,116.91,117.69,116.60,117.01,476600
2023-01-02 19:00:00-05:00,116.73,117.42,115.43,116.08,717400
2023-01-03 19:00:00-05:00,116.55,117.35,115.83,116.49,744100
2023-01-04 19:00:00-05:00,115.79,117.51,115.79,116.86,615500
2023-01-05 19:00:00-05:00,118.26,120.27,118.16,119.96,541400
2023-01-08 19:00:00-05:00,119.12,119.74,116.67,116.95,627400
2023-01-09 19:00:00-05:00,116.97,119.03,116.72,118.17,411000
2023-01-10 19:00:00-05:00,118.03,119.28,117.80,118.56,425400
2023-01-11 19:00:00-05:00,118.55,120.42,117.99,118.02,502400
2023-01-12 19:00:00-05:00,117.20,118.52,116.42,117.92,642500
2023-01-16 19:00:00-05:00,118.10,118.30,116.78,117.22,431800
2023-01-17 19:00:00-05:00,117.14,117.44,115.29,115.35,463700
2023-01-18 19:00:00-05:00,115.00,115.40,113.45,114.07,618800
2023-01-19 19:00:00-05:00,114.49,114.76,113.36,114.17,559700
2023-01-22 19:00:00-05:00,114.02,115.41,113.45,114.39,486400
2023-01-23 19:00:00-05:00,114.52,116.18,113.43,116.12,425600
2023-01-24 19:00:00-05:00,115.59,117.49,115.59,117.40,390900
2023-01-25 19:00:00-05:00,117.53,118.00,116.73,117.96,252600
2023-01-26 19:00:00-05:00,117.86,117.86,116.33,116.34,276500
2023-01-29 19:00:00-05:00,116.10,117.67,115.94,116.54,421700
2023-01-30 19:00:00-05:00,116.55,117.50,115.27,117.50,629700
2023-01-31 19:00:00-05:00,116.80,118.48,116.47,116.87,1056100
2023-02-01 19:00:00-05:00,119.61,119.99,113.29,113.52,1120100
2023-02-02 19:00:00-05:00,113.41,116.85,113.41,116.83,826200
2023-02-05 19:00:00-05:00,116.85,118.30,116.57,118.13,493900
2023-02-06 19:00:00-05:00,117.49,118.78,116.93,118.34,604600
2023-02-07 19:00:00-05:00,117.85,119.35,117.73,118.37,399400
2023-02-08 19:00:00-05:00,118.97,120.10,116.75,116.82,354400
2023-02-09 19:00:00-05:00,116.97,118.17,116.82,118.17,388700
2023-02-12 19:00:00-05:00,118.17,119.60,118.17,119.35,306600
2023-02-13 19:00:00-05:00,118.94,119.14,117.29,117.35,346400
2023-02-14 19:00:00-05:00,117.83,118.09,117.15,117.69,363300
2023-02-15 19:00:00-05:00,117.27,119.16,117.27,118.18,261200
2023-02-16 19:00:00-05:00,118.29,119.55,118.10,119.53,425500
2023-02-20 19:00:00-05:00,119.47,119.47,117.14,117.45,416600
2023-02-21 19:00:00-05:00,116.71,118.17,116.63,117.15,377200
2023-02-22 19:00:00-05:00,117.75,118.72,116.93,117.15,275900
2023-02-23 19:00:00-05:00,117.06,119.29,116.80,118.65,373300
2023-02-26 19:00:00-05:00,118.95,119.88,116.89,117.56,553400
2023-02-27 19:00:00-05:00,118.07,118.76,117.39,118.32,670200
2023-02-28 19:00:00-05:00,117.54,119.99,117.54,118.29,568700
2023-03-01 19:00:00-05:00,117.57,117.74,116.58,117.47,523000
2023-03-02 19:00:00-05:00,117.65,117.82,116.74,117.24,438500
2023-03-05 19:00:00-05:00,117.37,118.57,117.15,117.39,580000
2023-03-06 19:00:00-05:00,117.57,118.34,115.98,116.70,578900
2023-03-07 19:00:00-05:00,116.69,117.26,113.77,115.12,477600
2023-03-08 19:00:00-05:00,115.75,115.90,112.72,112.99,526300
2023-03-09 19:00:00-05:00,112.01,112.94,110.45,110.82,578200
2023-03-12 20:00:00-04:00,108.19,108.19,103.55,103.82,675400
2023-03-13 20:00:00-04:00,106.27,108.30,105.78,107.95,909600
2023-03-14 20:00:00-04:00,104.51,105.87,103.08,104.64,717000
2023-03-15 20:00:00-04:00,103.44,106.86,102.61,105.78,738200
2023-03-16 20:00:00-04:00,104.74,104.74,101.46,102.14,1183200
2023-03-19 20:00:00-04:00,103.25,105.45,103.10,104.57,547600
2023-03-20 20:00:00-04:00,107.06,108.02,106.58,106.85,543500
2023-03-21 20:00:00-04:00,106.62,107.48,103.99,104.08,599500
2023-03-22 20:00:00-04:00,103.90,104.81,102.91,103.42,529100
2023-03-23 20:00:00-04:00,102.08,103.77,101.66,103.74,323100
2023-03-26 20:00:00-04:00,105.59,106.01,104.90,105.51,410600
2023-03-27 20:00:00-04:00,104.90,105.96,104.81,105.77,409000
2023-03-28 20:00:00-04:00,106.90,107.73,105.98,106.22,503300
2023-03-29 20:00:00-04:00,106.67,107.07,106.00,106.55,460600
2023-03-30 20:00:00-04:00,107.14,107.37,106.32,107.19,476600
2023-04-02 20:00:00-04:00,107.07,108.24,106.43,106.66,705700
2023-04-03 20:00:00-04:00,107.59,107.59,103.28,104.64,676000
2023-04-04 20:00:00-04:00,103.70,105.63,103.47,105.47,635800
2023-04-05 20:00:00-04:00,105.33,106.25,104.48,104.97,667600
2023-04-09 20:00:00-04:00,104.98,105.89,104.26,105.37,524000
2023-04-10 20:00:00-04:00,105.43,105.88,104.35,104.61,953000
2023-04-11 20:00:00-04:00,104.77,105.64,104.13,104.57,905100
2023-04-12 20:00:00-04:00,104.60,105.05,103.29,104.40,877800
2023-04-13 20:00:00-04:00,104.73,105.52,103.73,104.53,689800
2023-04-16 20:00:00-04:00,104.28,106.17,103.52,106.14,753300
2023-04-17 20:00:00-04:00,106.24,107.28,105.74,106.87,536700
2023-04-18 20:00:00-04:00,107.01,107.26,106.04,106.91,736400
2023-04-19 20:00:00-04:00,107.12,107.66,106.24,106.88,484400
2023-04-20 20:00:00-04:00,106.67,106.71,104.33,104.86,526500
2023-04-23 20:00:00-04:00,104.44,105.54,104.17,104.55,422900
2023-04-24 20:00:00-04:00,103.80,104.39,103.05,103.49,448700
2023-04-25 20:00:00-04:00,102.85,103.74,101.88,102.61,471000
2023-04-26 20:00:00-04:00,102.68,104.79,102.68,104.54,546600
2023-04-27 20:00:00-04:00,104.09,105.98,103.95,105.73,533100
2023-04-30 20:00:00-04:00,105.42,106.77,105.08,106.21,540900
2023-05-01 20:00:00-04:00,105.77,105.77,103.26,104.71,361400
2023-05-02 20:00:00-04:00,105.47,106.43,103.48,103.49,625600
2023-05-03 20:00:00-04:00,103.62,104.38,99.60,103.13,865200
2023-05-04 20:00:00-04:00,104.69,105.90,104.27,105.51,618300
2023-05-07 20:00:00-04:00,106.19,106.45,105.27,105.51,346800
2023-05-08 20:00:00-04:00,105.12,106.90,104.50,105.88,883000
2023-05-09 20:00:00-04:00,106.23,106.23,104.38,105.02,537000
2023-05-10 20:00:00-04:00,104.37,105.21,104.13,105.06,487100
2023-05-11 20:00:00-04:00,105.67,105.67,103.76,104.35,300100
2023-05-14 20:00:00-04:00,105.00,105.39,104.56,104.82,398600
2023-05-15 20:00:00-04:00,104.48,104.85,103.32,103.56,402400
2023-05-16 20:00:00-04:00,104.02,105.75,104.02,105.16,439700
2023-05-17 20:00:00-04:00,104.91,106.40,104.70,106.09,407700
2023-05-18 20:00:00-04:00,106.96,107.17,105.20,105.50,433100
2023-05-21 20:00:00-04:00,105.50,106.18,104.70,105.60,395700
2023-05-22 20:00:00-04:00,105.34,105.89,104.54,104.69,372200
2023-05-23 20:00:00-04:00,104.25,104.27,103.18,103.24,406100
2023-05-24 20:00:00-04:00,103.03,103.54,102.19,102.74,449700
2023-05-25 20:00:00-04:00,102.72,103.26,102.25,102.54,566900
2023-05-29 20:00:00-04:00,102.32,102.84,101.47,102.44,514100
2023-05-30 20:00:00-04:00,101.95,102.54,100.43,100.53,756800
2023-05-31 20:00:00-04:00,101.07,101.58,100.70,101.12,643800
2023-06-01 20:00:00-04:00,102.24,104.51,102.12,104.29,441000
2023-06-04 20:00:00-04:00,104.25,104.25,102.98,103.25,349400
2023-06-05 20:00:00-04:00,103.53,104.29,103.22,104.00,373800
2023-06-06 20:00:00-04:00,103.97,105.74,103.26,105.40,551500
2023-06-07 20:00:00-04:00,104.95,105.38,104.23,104.84,775200
2023-06-08 20:00:00-04:00,104.84,105.34,104.37,105.16,312500
2023-06-11 20:00:00-04:00,105.06,105.93,104.97,105.48,538300
2023-06-12 20:00:00-04:00,105.37,107.04,105.21,106.82,442800
2023-06-13 20:00:00-04:00,106.82,107.47,103.94,104.25,426500
2023-06-14 20:00:00-04:00,104.17,105.62,103.96,105.54,393400
2023-06-15 20:00:00-04:00,105.47,106.06,104.83,105.24,877900
2023-06-19 20:00:00-04:00,104.91,104.99,103.76,104.00,413700
2023-06-20 20:00:00-04:00,103.70,104.64,102.92,104.10,414600
2023-06-21 20:00:00-04:00,104.27,104.35,103.32,103.67,472900
2023-06-22 20:00:00-04:00,103.02,104.11,102.65,103.55,696600
2023-06-25 20:00:00-04:00,103.60,104.51,102.88,104.27,487900
2023-06-26 20:00:00-04:00,104.59,105.64,104.45,105.46,906100
2023-06-27 20:00:00-04:00,105.16,105.33,104.25,104.69,583100
2023-06-28 20:00:00-04:00,105.00,106.32,105.00,106.15,419900
2023-06-29 20:00:00-04:00,106.55,107.26,105.83,106.81,577000
2023-07-02 20:00:00-04:00,106.27,108.00,105.99,107.65,194900
2023-07-04 20:00:00-04:00,106.48,107.26,105.79,107.04,503700
2023-07-05 20:00:00-04:00,106.67,108.35,106.10,108.32,662100
2023-07-06 20:00:00-04:00,108.53,110.08,108.53,109.02,553900
2023-07-09 20:00:00-04:00,108.88,109.71,108.30,109.11,424100
2023-07-10 20:00:00-04:00,109.37,110.06,109.37,109.65,351200
2023-07-11 20:00:00-04:00,110.13,110.61,108.66,108.87,336400
2023-07-12 20:00:00-04:00,108.07,108.82,107.66,107.66,575900
2023-07-13 20:00:00-04:00,108.00,108.00,106.67,107.26,385300
2023-07-16 20:00:00-04:00,107.24,108.94,107.24,108.29,343700
2023-07-17 20:00:00-04:00,108.43,110.20,108.43,109.65,541700
2023-07-18 20:00:00-04:00,108.98,110.07,108.98,109.78,397300
2023-07-19 20:00:00-04:00,110.59,112.01,110.28,111.96,480600
2023-07-20 20:00:00-04:00,112.12,112.26,111.20,111.97,375800
2023-07-23 20:00:00-04:00,111.98,112.76,111.74,111.80,362700
2023-07-24 20:00:00-04:00,111.76,111.85,111.21,111.38,387100
2023-07-25 20:00:00-04:00,111.30,112.57,111.14,111.30,407200
2023-07-26 20:00:00-04:00,111.30,111.87,108.08,108.50,797000
2023-07-27 20:00:00-04:00,110.10,110.28,108.31,109.53,494300
2023-07-30 20:00:00-04:00,109.55,110.34,109.01,109.51,420000
2023-07-31 20:00:00-04:00,109.51,110.00,108.69,109.90,403200
2023-08-01 20:00:00-04:00,109.82,111.31,109.54,110.74,350500
2023-08-02 20:00:00-04:00,110.72,112.03,109.93,111.30,455300
2023-08-03 20:00:00-04:00,111.78,112.76,110.57,110.89,448900
2023-08-06 20:00:00-04:00,111.56,113.12,111.35,112.63,367400
2023-08-07 20:00:00-04:00,111.88,111.96,110.56,111.42,575600
2023-08-08 20:00:00-04:00,111.50,111.75,110.46,110.62,273300
2023-08-09 20:00:00-04:00,110.90,111.79,110.61,110.84,420500
2023-08-10 20:00:00-04:00,110.91,111.78,110.91,111.76,342400
2023-08-13 20:00:00-04:00,111.79,112.21,111.38,112.05,325900
2023-08-14 20:00:00-04:00,111.00,111.22,110.04,110.34,371300
2023-08-15 20:00:00-04:00,110.39,111.69,110.39,110.80,314100
2023-08-16 20:00:00-04:00,111.17,111.29,109.26,109.30,319400
2023-08-17 20:00:00-04:00,108.85,110.86,108.74,109.78,367300
2023-08-20 20:00:00-04:00,109.86,110.16,109.19,110.08,388200
2023-08-21 20:00:00-04:00,109.48,110.28,108.43,108.46,375000
2023-08-22 20:00:00-04:00,108.86,108.95,108.15,108.52,436900
2023-08-23 20:00:00-04:00,108.25,109.81,108.25,108.80,427200
2023-08-24 20:00:00-04:00,109.07,109.23,108.26,108.82,701600
2023-08-27 20:00:00-04:00,108.76,109.58,108.56,109.00,333500
2023-08-28 20:00:00-04:00,109.30,109.39,107.84,109.09,406700
2023-08-29 20:00:00-04:00,109.30,109.81,108.94,109.65,473200
2023-08-30 20:00:00-04:00,109.87,110.28,108.91,108.93,632800
2023-08-31 20:00:00-04:00,109.57,109.95,108.62,108.81,551100
2023-09-04 20:00:00-04:00,108.71,108.71,106.27,106.32,605000
2023-09-05 20:00:00-04:00,106.35,107.12,105.45,106.06,683100
2023-09-06 20:00:00-04:00,106.18,106.61,105.20,106.07,690900
2023-09-07 20:00:00-04:00,106.36,107.27,105.92,106.58,498800
2023-09-10 20:00:00-04:00,106.76,107.53,106.26,106.52,350400
2023-09-11 20:00:00-04:00,106.63,107.95,106.53,107.52,471400
2023-09-12 20:00:00-04:00,107.81,107.81,106.66,107.21,460500
2023-09-13 20:00:00-04:00,107.40,108.26,107.12,108.22,478900
2023-09-14 20:00:00-04:00,107.40,107.93,107.13,107.30,998100
2023-09-17 20:00:00-04:00,107.57,108.09,106.46,107.84,343400
2023-09-18 20:00:00-04:00,107.79,108.95,107.67,108.61,366600
2023-09-19 20:00:00-04:00,108.64,109.49,108.15,108.26,482900
2023-09-20 20:00:00-04:00,108.12,108.30,107.26,107.45,497900
2023-09-21 20:00:00-04:00,107.38,107.83,106.33,107.61,471400
2023-09-24 20:00:00-04:00,107.40,108.52,107.40,108.49,379700
2023-09-25 20:00:00-04:00,108.14,108.50,107.11,107.17,602000
2023-09-26 20:00:00-04:00,107.40,107.41,105.91,106.84,367400
2023-09-27 20:00:00-04:00,107.40,108.13,107.29,107.73,424600
2023-09-28 20:00:00-04:00,107.78,107.98,106.03,106.16,679400
2023-10-01 20:00:00-04:00,106.00,106.23,104.98,105.94,569200
2023-10-02 20:00:00-04:00,105.55,105.90,104.72,105.75,620000
2023-10-03 20:00:00-04:00,105.72,106.85,105.32,106.76,498100
2023-10-04 20:00:00-04:00,106.43,108.15,106.43,107.70,595200
2023-10-05 20:00:00-04:00,107.96,110.71,107.85,110.42,647600
2023-10-08 20:00:00-04:00,109.95,111.10,109.67,110.36,469800
2023-10-09 20:00:00-04:00,110.46,111.08,110.14,110.43,456500
2023-10-10 20:00:00-04:00,110.57,111.59,110.08,110.85,815100
2023-10-11 20:00:00-04:00,111.36,111.60,110.14,110.91,473500
2023-10-12 20:00:00-04:00,111.18,111.91,110.29,110.87,510800
2023-10-15 20:00:00-04:00,111.65,113.09,111.65,112.56,385300
2023-10-16 20:00:00-04:00,112.30,114.22,111.96,113.58,466000
2023-10-17 20:00:00-04:00,113.29,113.50,112.19,112.28,432900
2023-10-18 20:00:00-04:00,111.93,112.85,111.11,111.13,426700
2023-10-19 20:00:00-04:00,111.16,111.26,107.83,107.86,640700
2023-10-22 20:00:00-04:00,108.24,109.35,107.71,108.80,519800
2023-10-23 20:00:00-04:00,109.43,110.19,108.62,108.87,608900
2023-10-24 20:00:00-04:00,108.65,110.43,108.65,109.60,689600
2023-10-25 20:00:00-04:00,111.68,113.97,107.86,111.03,844300
2023-10-26 20:00:00-04:00,110.54,111.06,109.21,109.60,723700
2023-10-29 20:00:00-04:00,110.02,111.21,109.85,110.90,577100
2023-10-30 20:00:00-04:00,112.36,114.00,111.99,113.84,690000
2023-10-31 20:00:00-04:00,114.15,114.15,112.81,113.85,643300
2023-11-01 20:00:00-04:00,113.92,115.12,112.54,113.36,540200
2023-11-02 20:00:00-04:00,113.66,115.04,112.98,114.62,734800
2023-11-05 19:00:00-05:00,114.74,115.30,113.11,113.54,430200
2023-11-06 19:00:00-05:00,113.38,113.97,112.45,112.71,362300
2023-11-07 19:00:00-05:00,112.46,113.37,112.01,112.26,377200
2023-11-08 19:00:00-05:00,112.57,112.78,112.09,112.40,424400
2023-11-09 19:00:00-05:00,112.68,114.17,112.21,114.11,360100
2023-11-12 19:00:00-05:00,114.15,114.85,113.94,114.34,259000
2023-11-13 19:00:00-05:00,114.86,115.90,114.02,115.70,642700
2023-11-14 19:00:00-05:00,115.71,116.29,114.03,114.08,677700
2023-11-15 19:00:00-05:00,114.59,115.47,114.54,114.87,686800
2023-11-16 19:00:00-05:00,115.24,116.05,115.02,115.74,476500
2023-11-19 19:00:00-05:00,115.46,115.88,114.94,115.44,358200
2023-11-20 19:00:00-05:00,115.80,117.24,115.64,117.01,550400
2023-11-21 19:00:00-05:00,116.77,117.89,116.59,117.76,455200
2023-11-23 19:00:00-05:00,117.95,119.47,117.69,118.70,249300
2023-11-26 19:00:00-05:00,118.32,118.84,117.75,118.49,385600
2023-11-27 19:00:00-05:00,118.56,118.63,117.31,117.67,529800
2023-11-28 19:00:00-05:00,117.91,118.30,117.50,117.65,446600
2023-11-29 19:00:00-05:00,117.94,120.69,117.72,120.46,1468175
2023-11-30 19:00:00-05:00,119.81,121.06,119.41,120.67,548800
2023-12-03 19:00:00-05:00,120.36,122.31,120.07,121.87,508200
2023-12-04 19:00:00-05:00,121.67,122.05,120.85,121.25,383700
2023-12-05 19:00:00-05:00,121.82,122.11,120.17,120.45,550100
2023-12-06 19:00:00-05:00,120.70,120.84,119.01,119.60,1096700
2023-12-07 19:00:00-05:00,119.76,120.17,119.40,119.71,488700
2023-12-10 19:00:00-05:00,120.19,121.11,119.86,120.73,608800
2023-12-11 19:00:00-05:00,120.83,122.01,120.63,121.88,427000
2023-12-12 19:00:00-05:00,121.62,121.97,120.86,121.17,691600
2023-12-13 19:00:00-05:00,121.79,121.79,119.36,119.98,1253900
2023-12-14 19:00:00-05:00,119.21,119.97,118.55,119.30,1468175
2023-12-17 19:00:00-05:00,120.14,120.60,119.45,120.43,551100
2023-12-18 19:00:00-05:00,120.41,121.11,120.41,120.82,449100
2023-12-19 19:00:00-05:00,120.31,120.57,118.46,118.52,535400
2023-12-20 19:00:00-05:00,118.51,119.43,117.92,119.03,398100
2023-12-21 19:00:00-05:00,119.62,119.67,118.72,118.96,321400
2023-12-25 19:00:00-05:00,118.71,119.39,118.48,118.94,383700
2023-12-26 19:00:00-05:00,118.54,119.16,118.41,118.72,389600
2023-12-27 19:00:00-05:00,117.75,119.24,117.43,119.07,290300
2023-12-28 19:00:00-05:00,119.08,119.43,118.54,119.08,425200
2024-01-01 19:00:00-05:00,119.33,119.85,118.95,119.42,633500
2024-01-02 19:00:00-05:00,119.35,120.17,118.86,119.04,772200
2024-01-03 19:00:00-05:00,119.31,120.32,119.31,119.79,517800
2024-01-04 19:00:00-05:00,120.22,120.59,119.33,119.85,493500
2024-01-07 19:00:00-05:00,120.25,120.35,117.72,118.79,553200
2024-01-08 19:00:00-05:00,118.44,118.44,116.39,116.78,526800
2024-01-09 19:00:00-05:00,116.75,118.16,116.43,118.11,429300
2024-01-10 19:00:00-05:00,117.63,117.84,116.74,117.51,725400
2024-01-11 19:00:00-05:00,117.72,118.13,116.92,117.81,335500
2024-01-15 19:00:00-05:00,117.52,118.08,117.06,117.62,566500
2024-01-16 19:00:00-05:00,117.27,118.91,117.21,117.60,500800
2024-01-17 19:00:00-05:00,117.27,118.47,116.91,118.33,344600
2024-01-18 19:00:00-05:00,119.13,119.51,118.04,119.39,421200
2024-01-21 19:00:00-05:00,119.64,120.71,119.64,120.26,288400
2024-01-22 19:00:00-05:00,120.24,120.70,119.66,119.86,371100
2024-01-23 19:00:00-05:00,120.30,120.58,119.43,119.62,444500
2024-01-24 19:00:00-05:00,120.07,121.07,119.59,121.05,413900
2024-01-25 19:00:00-05:00,121.29,121.73,120.90,121.30,609800
2024-01-28 19:00:00-05:00,120.75,120.98,119.81,120.55,360300
2024-01-29 19:00:00-05:00,120.58,122.09,120.32,121.89,384000
2024-01-30 19:00:00-05:00,122.36,122.70,120.28,120.38,548500
2024-01-31 19:00:00-05:00,119.24,119.80,115.92,117.67,598900
2024-02-01 19:00:00-05:00,118.52,118.96,117.65,118.46,448200
2024-02-04 19:00:00-05:00,117.88,118.55,117.21,117.88,549100
2024-02-05 19:00:00-05:00,117.49,119.04,117.07,118.78,394000
2024-02-06 19:00:00-05:00,119.15,120.24,119.15,120.04,674900
2024-02-07 19:00:00-05:00,121.07,122.63,120.05,122.47,794100
2024-02-08 19:00:00-05:00,122.13,123.48,121.53,123.44,616700
2024-02-11 19:00:00-05:00,123.48,124.83,123.27,123.82,514200
2024-02-12 19:00:00-05:00,124.07,124.77,122.07,122.98,668300
2024-02-13 19:00:00-05:00,123.28,123.92,122.68,122.86,671000
2024-02-14 19:00:00-05:00,123.20,124.17,123.15,123.31,634900
2024-02-15 19:00:00-05:00,123.11,124.13,122.72,123.04,524300
2024-02-19 19:00:00-05:00,122.60,124.27,122.46,123.35,508000
2024-02-20 19:00:00-05:00,123.74,124.11,123.08,124.08,405000
2024-02-21 19:00:00-05:00,124.60,129.38,123.80,124.83,541600
2024-02-22 19:00:00-05:00,124.19,125.18,123.94,124.38,460600
2024-02-25 19:00:00-05:00,123.97,124.81,123.77,124.57,465600
2024-02-26 19:00:00-05:00,124.40,125.73,124.04,125.66,415000
2024-02-27 19:00:00-05:00,125.46,126.62,125.46,125.85,419700
2024-02-28 19:00:00-05:00,126.17,126.50,123.86,124.41,702000
2024-02-29 19:00:00-05:00,124.35,124.84,123.20,123.67,363500
2024-03-03 19:00:00-05:00,123.27,124.49,123.09,123.79,357600
2024-03-04 19:00:00-05:00,123.37,125.12,123.37,123.80,360900
2024-03-05 19:00:00-05:00,124.23,125.64,123.50,125.56,464500
2024-03-06 19:00:00-05:00,125.46,126.06,124.65,124.67,591600
2024-03-07 19:00:00-05:00,124.61,125.27,120.64,121.17,1238400
2024-03-10 20:00:00-04:00,120.74,122.18,120.56,121.43,825200
2024-03-11 20:00:00-04:00,121.47,122.32,121.02,121.88,621200
2024-03-12 20:00:00-04:00,122.03,122.24,115.30,116.72,1468175
2024-03-13 20:00:00-04:00,116.64,118.55,111.57,113.69,1468175
2024-03-14 20:00:00-04:00,112.05,114.95,112.05,113.73,1468175
2024-03-17 20:00:00-04:00,114.12,115.45,113.24,114.31,961700
2024-03-18 20:00:00-04:00,114.62,116.22,114.31,115.61,1152900
2024-03-19 20:00:00-04:00,115.22,116.28,115.22,115.55,831400
2024-03-20 20:00:00-04:00,115.61,115.62,112.72,113.54,1157500
2024-03-21 20:00:00-04:00,113.93,114.89,113.08,113.18,1215800
2024-03-24 20:00:00-04:00,113.18,114.87,113.18,114.11,926100
2024-03-25 20:00:00-04:00,113.93,115.12,113.73,114.17,1064600
2024-03-26 20:00:00-04:00,114.00,114.72,113.20,114.29,1234200
2024-03-27 20:00:00-04:00,114.59,114.92,113.40,114.06,1033800
2024-03-31 20:00:00-04:00,113.73,113.73,111.84,111.86,807500
2024-04-01 20:00:00-04:00,112.12,112.35,109.34,109.42,1468175
2024-04-02 20:00:00-04:00,109.37,110.39,106.27,108.70,1468175
2024-04-03 20:00:00-04:00,109.23,110.25,107.42,108.16,1442500
2024-04-04 20:00:00-04:00,108.10,108.10,106.45,106.53,1251900
2024-04-07 20:00:00-04:00,106.40,106.46,104.14,105.94,1468175
2024-04-08 20:00:00-04:00,106.43,106.96,105.37,105.70,1309100
2024-04-09 20:00:00-04:00,105.21,105.71,102.74,103.07,1468175
2024-04-10 20:00:00-04:00,96.73,96.83,38.26,48.30,1468175
2024-04-11 20:00:00-04:00,58.69,60.36,51.25,58.04,1468175
2024-04-14 20:00:00-04:00,58.01,59.90,54.53,54.82,1468175
2024-04-15 20:00:00-04:00,54.62,59.80,53.69,58.91,1468175
2024-04-16 20:00:00-04:00,59.09,63.22,59.09,62.11,1468175
2024-04-17 20:00:00-04:00,62.15,68.19,62.15,63.85,1468175
2024-04-18 20:00:00-04:00,64.30,66.46,63.36,65.56,1468175
2024-04-21 20:00:00-04:00,66.82,68.72,65.14,65.21,1468175
2024-04-22 20:00:00-04:00,66.30,75.51,65.08,74.42,1468175
2024-04-23 20:00:00-04:00,74.88,81.02,74.51,77.21,1468175
2024-04-24 20:00:00-04:00,75.93,77.21,72.69,74.20,1468175
2024-04-25 20:00:00-04:00,73.92,75.62,72.47,74.41,1468175
2024-04-28 20:00:00-04:00,75.64,78.33,74.46,76.71,1468175
2024-04-29 20:00:00-04:00,71.10,77.48,70.23,74.82,1468175
2024-04-30 20:00:00-04:00,74.16,78.76,74.14,78.07,1468175
2024-05-01 20:00:00-04:00,78.20,79.51,76.92,77.87,1468175
2024-05-02 20:00:00-04:00,77.89,78.58,75.31,76.18,1468175
2024-05-05 20:00:00-04:00,76.80,81.04,76.80,79.41,1468175
2024-05-06 20:00:00-04:00,79.32,83.89,78.51,83.65,1468175
2024-05-07 20:00:00-04:00,83.04,88.30,81.91,87.90,1468175
2024-05-08 20:00:00-04:00,87.45,89.77,85.31,85.34,1468175
2024-05-09 20:00:00-04:00,85.82,86.48,83.97,84.97,1468175
2024-05-12 20:00:00-04:00,85.39,86.08,83.21,83.63,1468175
2024-05-13 20:00:00-04:00,82.81,88.33,82.58,86.99,1468175
2024-05-14 20:00:00-04:00,87.05,87.05,85.43,86.22,1468175
2024-05-15 20:00:00-04:00,86.78,87.08,81.35,82.45,1468175
2024-05-16 20:00:00-04:00,83.43,84.92,81.95,84.54,1468175
2024-05-19 20:00:00-04:00,84.78,85.37,83.09,84.49,1274000
2024-05-20 20:00:00-04:00,82.99,83.09,79.44,81.85,1468175
2024-05-21 20:00:00-04:00,81.85,84.51,81.01,84.08,1468175
2024-05-22 20:00:00-04:00,83.37,83.37,78.98,79.12,1468175
2024-05-23 20:00:00-04:00,79.33,80.54,78.89,80.29,1410900
2024-05-27 20:00:00-04:00,79.90,82.85,79.18,82.47,1468175
2024-05-28 20:00:00-04:00,81.70,82.01,79.09,80.91,1255900
2024-05-29 20:00:00-04:00,81.52,82.27,80.71,80.81,1253800
2024-05-30 20:00:00-04:00,81.04,82.01,79.88,81.29,1468175
2024-06-02 20:00:00-04:00,81.74,82.86,80.64,81.02,1468175
2024-06-03 20:00:00-04:00,80.62,81.75,79.63,80.36,1468175
2024-06-04 20:00:00-04:00,80.55,82.47,79.91,82.07,1202400
2024-06-05 20:00:00-04:00,81.99,82.34,78.83,79.80,1468175
2024-06-06 20:00:00-04:00,79.46,80.55,78.37,79.89,1190100
2024-06-09 20:00:00-04:00,79.49,80.55,78.85,80.17,1201500
2024-06-10 20:00:00-04:00,79.29,79.85,78.33,79.20,1468175
2024-06-11 20:00:00-04:00,79.53,81.03,78.93,79.67,1468175
2024-06-12 20:00:00-04:00,78.99,79.09,77.48,78.30,1244500
2024-06-13 20:00:00-04:00,77.34,78.37,75.19,76.51,1466200
2024-06-16 20:00:00-04:00,76.93,79.15,76.56,78.50,1047400
2024-06-17 20:00:00-04:00,78.14,79.07,77.97,78.97,1204800
2024-06-19 20:00:00-04:00,78.97,81.50,78.59,81.11,1262600
2024-06-20 20:00:00-04:00,80.78,82.61,80.44,81.59,1468175
2024-06-23 20:00:00-04:00,81.81,83.15,81.81,82.21,1344400
2024-06-24 20:00:00-04:00,81.92,82.55,81.40,82.03,1302600
2024-06-25 20:00:00-04:00,81.57,81.78,80.19,81.74,676700
2024-06-26 20:00:00-04:00,81.35,81.54,79.81,80.78,923600
2024-06-27 20:00:00-04:00,81.19,82.17,80.32,80.82,1468175
2024-06-30 20:00:00-04:00,81.63,82.96,81.28,81.36,953000
2024-07-01 20:00:00-04:00,81.08,81.99,81.08,81.61,914100
2024-07-02 20:00:00-04:00,81.92,82.80,80.87,80.98,658500
2024-07-04 20:00:00-04:00,80.41,81.19,79.30,80.27,1468175
2024-07-07 20:00:00-04:00,80.71,81.17,79.38,79.72,661900
2024-07-08 20:00:00-04:00,79.86,81.40,79.17,80.69,618700
2024-07-09 20:00:00-04:00,80.82,82.08,80.43,81.90,701200
2024-07-10 20:00:00-04:00,82.25,84.53,82.14,83.96,746100
2024-07-11 20:00:00-04:00,84.55,85.49,83.89,84.76,636300
2024-07-14 20:00:00-04:00,84.74,86.14,84.58,85.52,579300
2024-07-15 20:00:00-04:00,85.82,87.88,85.82,87.20,1077100
2024-07-16 20:00:00-04:00,87.29,88.86,87.13,87.61,1400800
2024-07-17 20:00:00-04:00,87.54,89.47,86.81,86.89,943300
2024-07-18 20:00:00-04:00,86.92,87.87,86.03,86.95,639400
2024-07-21 20:00:00-04:00,88.81,89.73,87.44,87.66,1207600
2024-07-22 20:00:00-04:00,87.43,88.77,87.43,88.23,578500
2024-07-23 20:00:00-04:00,88.36,89.04,86.86,86.97,958600
2024-07-24 20:00:00-04:00,92.61,92.61,86.29,87.76,1206900
2024-07-25 20:00:00-04:00,88.97,89.48,87.85,89.34,998300
2024-07-28 20:00:00-04:00,89.99,92.24,89.99,90.70,1027100
2024-07-29 20:00:00-04:00,90.99,93.41,90.88,93.06,1094500
2024-07-30 20:00:00-04:00,92.79,93.18,91.36,91.36,815000
2024-07-31 20:00:00-04:00,92.01,93.35,90.96,91.57,759900
2024-08-01 20:00:00-04:00,90.08,90.16,87.97,89.56,937300
2024-08-04 20:00:00-04:00,87.38,87.97,84.82,87.31,968800
2024-08-05 20:00:00-04:00,87.44,88.43,86.57,87.66,827400
2024-08-06 20:00:00-04:00,88.40,90.14,87.43,87.49,772600
2024-08-07 20:00:00-04:00,87.81,90.06,87.81,89.95,777100
2024-08-08 20:00:00-04:00,90.17,91.95,89.81,90.65,851700
2024-08-11 20:00:00-04:00,91.12,91.74,89.90,90.14,684900
2024-08-12 20:00:00-04:00,90.44,91.93,90.32,91.80,829700
2024-08-13 20:00:00-04:00,92.06,94.05,91.71,92.57,1011000
2024-08-14 20:00:00-04:00,93.84,95.81,93.68,94.53,1188500
2024-08-15 20:00:00-04:00,94.68,95.97,94.68,95.45,1010700
2024-08-18 20:00:00-04:00,95.29,97.08,95.29,96.68,797000
2024-08-19 20:00:00-04:00,96.35,96.66,95.69,95.82,730400
2024-08-20 20:00:00-04:00,96.10,96.65,95.80,96.08,644300
2024-08-21 20:00:00-04:00,96.18,97.80,96.03,97.48,769100
2024-08-22 20:00:00-04:00,98.15,100.46,98.09,99.34,897800
2024-08-25 20:00:00-04:00,99.76,101.78,99.57,100.65,1004200
2024-08-26 20:00:00-04:00,101.93,102.01,100.06,100.38,873200
2024-08-27 20:00:00-04:00,100.46,102.20,99.91,102.00,837200
2024-08-28 20:00:00-04:00,102.49,104.09,102.00,103.66,864000
2024-08-29 20:00:00-04:00,103.98,104.15,102.68,103.49,965900
2024-09-02 20:00:00-04:00,103.02,104.03,102.16,103.62,1180400
2024-09-03 20:00:00-04:00,103.54,105.55,103.12,103.98,869300
2024-09-04 20:00:00-04:00,104.88,104.88,102.66,103.03,772800
2024-09-05 20:00:00-04:00,102.97,103.71,100.52,101.02,1174000
2024-09-08 20:00:00-04:00,101.26,102.70,100.37,101.82,855200
2024-09-09 20:00:00-04:00,102.00,102.00,100.31,100.69,827100
2024-09-10 20:00:00-04:00,100.38,100.73,97.57,99.83,778100
2024-09-11 20:00:00-04:00,99.70,100.94,98.72,100.76,836400
2024-09-12 20:00:00-04:00,101.46,102.29,100.88,102.26,850900
2024-09-15 20:00:00-04:00,103.03,105.51,102.91,104.62,790400
2024-09-16 20:00:00-04:00,104.89,105.52,104.39,104.60,888900
2024-09-17 20:00:00-04:00,104.58,106.40,104.37,105.07,813200
2024-09-18 20:00:00-04:00,106.05,107.09,104.42,105.66,718200
2024-09-19 20:00:00-04:00,105.23,106.32,104.65,104.68,1468175
2024-09-22 20:00:00-04:00,105.16,106.65,104.73,106.09,795000
2024-09-23 20:00:00-04:00,105.84,107.00,105.47,106.51,650000
2024-09-24 20:00:00-04:00,106.69,107.58,106.14,106.80,696200
2024-09-25 20:00:00-04:00,107.22,108.09,106.96,107.97,638300
2024-09-26 20:00:00-04:00,107.96,107.96,101.49,102.85,1351000
2024-09-29 20:00:00-04:00,103.10,105.08,101.85,104.34,929200
2024-09-30 20:00:00-04:00,104.18,104.18,102.00,102.17,712400
2024-10-01 20:00:00-04:00,103.44,104.23,102.99,103.64,579400
2024-10-02 20:00:00-04:00,102.65,103.36,101.67,103.29,488800
2024-10-03 20:00:00-04:00,104.17,105.47,103.96,105.18,466200
2024-10-06 20:00:00-04:00,104.68,104.92,102.10,102.19,512700
2024-10-07 20:00:00-04:00,103.12,103.39,102.32,102.85,371700
2024-10-08 20:00:00-04:00,104.17,106.31,103.37,105.85,533900
2024-10-09 20:00:00-04:00,105.85,106.60,104.39,105.09,367000
2024-10-10 20:00:00-04:00,106.38,108.34,106.21,106.42,516000
2024-10-13 20:00:00-04:00,106.61,107.77,106.59,107.41,408300
2024-10-14 20:00:00-04:00,108.36,110.18,107.83,109.40,637600
2024-10-15 20:00:00-04:00,109.61,111.28,108.76,109.47,407600
2024-10-16 20:00:00-04:00,109.92,109.92,106.78,107.68,692900
2024-10-17 20:00:00-04:00,108.05,108.60,106.85,108.34,510000
2024-10-20 20:00:00-04:00,108.11,109.07,107.65,108.85,602100
2024-10-21 20:00:00-04:00,108.53,110.06,108.01,109.67,482000
2024-10-22 20:00:00-04:00,109.18,109.94,108.51,109.46,655500
2024-10-23 20:00:00-04:00,113.55,115.27,107.89,108.01,1242200
2024-10-24 20:00:00-04:00,108.36,108.36,102.84,103.83,1136000
2024-10-27 20:00:00-04:00,104.51,106.12,103.89,104.15,921400
2024-10-28 20:00:00-04:00,104.27,106.40,104.27,105.58,586100
2024-10-29 20:00:00-04:00,105.58,106.71,105.25,105.65,427800
2024-10-30 20:00:00-04:00,104.87,105.92,104.26,104.27,441800
2024-10-31 20:00:00-04:00,103.99,105.15,102.42,102.71,580800
2024-11-03 19:00:00-05:00,102.98,103.78,101.84,102.19,470100
2024-11-04 19:00:00-05:00,102.08,103.23,100.73,103.07,383600
2024-11-05 19:00:00-05:00,108.54,111.16,108.54,109.60,815100
2024-11-06 19:00:00-05:00,109.21,110.01,106.15,107.23,769400
2024-11-07 19:00:00-05:00,108.12,108.96,107.27,107.82,482500
2024-11-10 19:00:00-05:00,109.42,111.48,107.57,107.66,786500
2024-11-11 19:00:00-05:00,107.34,111.52,107.34,108.96,719700
2024-11-12 19:00:00-05:00,108.60,109.94,107.38,108.68,506100
2024-11-13 19:00:00-05:00,109.31,109.43,106.80,107.64,416900
2024-11-14 19:00:00-05:00,108.16,108.87,106.67,107.82,451500
2024-11-17 19:00:00-05:00,111.46,111.73,108.12,108.37,523500
2024-11-18 19:00:00-05:00,106.77,108.39,106.48,107.94,424300
2024-11-19 19:00:00-05:00,108.34,108.94,106.53,107.39,340100
2024-11-20 19:00:00-05:00,108.24,108.41,106.85,107.62,553500
2024-11-21 19:00:00-05:00,107.19,110.43,107.19,109.09,582200
2024-11-24 19:00:00-05:00,110.44,110.71,109.26,109.98,543100
2024-11-25 19:00:00-05:00,109.72,110.84,108.44,110.03,388000
2024-11-26 19:00:00-05:00,110.10,110.90,109.57,110.29,364300
2024-11-28 19:00:00-05:00,110.56,110.99,109.26,109.84,311600
2024-12-01 19:00:00-05:00,110.27,110.51,108.00,108.65,609500
2024-12-02 19:00:00-05:00,109.21,109.34,107.14,108.11,576700
2024-12-03 19:00:00-05:00,107.37,108.51,99.01,104.71,1468175
2024-12-04 19:00:00-05:00,107.12,107.12,103.97,105.27,950000
2024-12-05 19:00:00-05:00,105.29,105.29,101.69,103.44,859000
2024-12-08 19:00:00-05:00,102.89,104.54,101.70,102.95,1096400
2024-12-09 19:00:00-05:00,102.95,103.03,99.35,102.34,787200
2024-12-10 19:00:00-05:00,103.04,104.10,101.15,103.75,716800
2024-12-11 19:00:00-05:00,104.46,105.83,102.93,103.19,608300
2024-12-12 19:00:00-05:00,103.22,104.51,102.40,104.09,696800
2024-12-15 19:00:00-05:00,103.79,106.22,103.26,105.44,904400
2024-12-16 19:00:00-05:00,104.27,105.89,103.91,104.45,931700
2024-12-17 19:00:00-05:00,104.21,105.09,102.57,103.11,1225800
2024-12-18 19:00:00-05:00,103.53,105.30,102.75,104.58,1107000
2024-12-19 19:00:00-05:00,104.66,108.85,104.13,108.01,1468175
2024-12-22 19:00:00-05:00,107.48,108.28,106.85,108.20,709800
2024-12-23 19:00:00-05:00,107.95,109.52,107.27,109.30,251800
2024-12-25 19:00:00-05:00,108.64,109.77,107.67,109.45,348400
2024-12-26 19:00:00-05:00,108.55,109.11,107.05,108.12,356000
2024-12-29 19:00:00-05:00,106.96,109.66,105.90,108.57,657800
2024-12-30 19:00:00-05:00,109.49,110.17,108.97,110.12,539000
2025-01-01 19:00:00-05:00,110.13,111.70,109.15,110.83,752300
2025-01-02 19:00:00-05:00,111.21,111.24,109.52,110.11,644100
2025-01-05 19:00:00-05:00,110.15,112.70,109.84,110.04,700900
2025-01-06 19:00:00-05:00,111.04,112.06,109.27,110.32,571200
2025-01-07 19:00:00-05:00,111.29,113.29,109.83,112.93,734100
2025-01-09 19:00:00-05:00,111.60,112.28,110.26,111.24,772600
2025-01-12 19:00:00-05:00,110.59,112.16,110.31,111.76,557800
2025-01-13 19:00:00-05:00,112.41,113.53,111.92,112.84,417100
2025-01-14 19:00:00-05:00,113.81,115.32,113.34,114.96,437100
2025-01-15 19:00:00-05:00,115.02,116.18,114.04,116.01,351000
2025-01-16 19:00:00-05:00,116.15,117.67,115.27,117.06,418800
2025-01-20 19:00:00-05:00,117.52,119.83,117.31,118.30,542200
2025-01-21 19:00:00-05:00,118.04,120.41,116.53,119.27,641600
2025-01-22 19:00:00-05:00,118.66,118.79,116.77,117.13,455400
2025-01-23 19:00:00-05:00,117.17,118.73,116.97,118.09,406600
2025-01-26 19:00:00-05:00,118.78,120.23,118.26,119.59,339700
2025-01-27 19:00:00-05:00,120.06,121.76,119.57,120.34,512100
2025-01-28 19:00:00-05:00,120.72,122.34,120.36,120.67,496300
2025-01-29 19:00:00-05:00,121.57,121.98,120.45,121.02,379600
2025-01-30 19:00:00-05:00,120.15,122.97,120.15,120.81,664000
2025-02-02 19:00:00-05:00,119.90,121.54,118.98,121.15,723500
2025-02-03 19:00:00-05:00,119.66,122.21,119.60,121.13,591400
2025-02-04 19:00:00-05:00,121.13,122.23,120.42,121.78,587100
2025-02-05 19:00:00-05:00,122.81,122.81,115.89,118.71,910500
2025-02-06 19:00:00-05:00,119.20,122.65,118.79,122.18,958100
2025-02-09 19:00:00-05:00,121.82,122.35,120.55,120.97,450400
2025-02-10 19:00:00-05:00,120.87,121.69,119.58,120.18,708900
2025-02-11 19:00:00-05:00,120.53,120.69,118.35,120.20,514700
2025-02-12 19:00:00-05:00,120.21,122.35,119.26,122.25,620600
2025-02-13 19:00:00-05:00,122.20,122.71,120.43,120.56,526000
2025-02-17 19:00:00-05:00,120.41,122.65,120.14,122.55,567700
2025-02-18 19:00:00-05:00,122.66,123.73,121.60,122.72,767300
2025-02-19 19:00:00-05:00,122.19,124.12,121.63,122.97,523600
2025-02-20 19:00:00-05:00,123.18,123.62,120.76,121.31,626700
2025-02-23 19:00:00-05:00,122.24,122.24,120.47,121.44,523700
2025-02-24 19:00:00-05:00,121.52,123.06,120.81,122.19,589500
2025-02-25 19:00:00-05:00,121.98,123.35,120.53,120.65,666500
2025-02-26 19:00:00-05:00,121.27,123.63,121.24,122.88,573400
2025-02-27 19:00:00-05:00,123.69,126.48,122.99,126.10,1006500
2025-03-02 19:00:00-05:00,127.00,130.01,126.09,127.24,873000
2025-03-03 19:00:00-05:00,125.94,126.24,122.55,122.85,941800
2025-03-04 19:00:00-05:00,122.95,125.60,122.84,124.90,605000
2025-03-05 19:00:00-05:00,123.45,124.82,121.73,123.13,476500
2025-03-06 19:00:00-05:00,122.89,124.95,121.83,124.18,753400
2025-03-09 20:00:00-04:00,122.36,123.95,120.54,121.30,693400
2025-03-10 20:00:00-04:00,121.54,123.90,120.48,123.27,923800
2025-03-11 20:00:00-04:00,123.81,124.49,119.84,121.07,701400
2025-03-12 20:00:00-04:00,121.65,123.03,120.56,120.67,550200
2025-03-13 20:00:00-04:00,122.09,124.30,121.02,124.10,746400
2025-03-16 20:00:00-04:00,123.63,126.67,123.20,126.28,593100
2025-03-17 20:00:00-04:00,126.32,127.14,124.60,125.64,564900
2025-03-18 20:00:00-04:00,125.16,127.09,124.60,126.07,658100
2025-03-19 20:00:00-04:00,124.71,127.45,124.71,127.25,607200
2025-03-20 20:00:00-04:00,126.29,127.49,124.72,125.50,1468175
2025-03-23 20:00:00-04:00,126.59,128.81,126.06,128.43,814100
2025-03-24 20:00:00-04:00,129.09,129.42,127.32,128.54,739000
2025-03-25 20:00:00-04:00,128.94,130.53,128.02,129.16,629100
2025-03-26 20:00:00-04:00,129.80,130.54,128.31,130.04,564200
2025-03-27 20:00:00-04:00,130.16,130.60,127.24,128.41,422800
2025-03-30 20:00:00-04:00,128.09,131.11,128.09,130.34,607200
2025-03-31 20:00:00-04:00,129.93,131.91,129.25,130.75,645800
2025-04-01 20:00:00-04:00,129.96,132.36,129.44,131.70,606000
2025-04-02 20:00:00-04:00,126.15,128.87,124.95,126.43,796900
2025-04-03 20:00:00-04:00,122.58,123.20,113.41,116.23,1263300
2025-04-06 20:00:00-04:00,112.80,119.15,108.46,113.36,1288800
2025-04-07 20:00:00-04:00,118.11,118.63,111.28,112.33,854900
2025-04-08 20:00:00-04:00,110.43,122.00,109.81,121.59,1146100
2025-04-09 20:00:00-04:00,119.16,119.98,114.11,117.60,746800
2025-04-10 20:00:00-04:00,117.29,119.23,114.89,118.49,535000
2025-04-13 20:00:00-04:00,120.18,122.22,119.25,120.21,523500
2025-04-14 20:00:00-04:00,121.93,122.73,120.53,121.75,456000
2025-04-15 20:00:00-04:00,121.79,122.35,119.12,120.20,553100
2025-04-16 20:00:00-04:00,120.61,121.67,119.26,120.22,563100
2025-04-20 20:00:00-04:00,119.42,119.98,114.89,116.18,763400
2025-04-21 20:00:00-04:00,117.78,120.65,117.78,120.65,483500
2025-04-22 20:00:00-04:00,121.85,124.94,121.15,121.75,433000
2025-04-23 20:00:00-04:00,120.89,123.67,120.51,122.87,631500
2025-04-24 20:00:00-04:00,122.83,122.93,120.77,121.92,353900
2025-04-27 20:00:00-04:00,122.54,123.71,121.26,122.56,487300
2025-04-28 20:00:00-04:00,121.51,123.19,120.39,122.92,568500
2025-04-29 20:00:00-04:00,120.84,122.52,118.56,122.30,1377000
2025-04-30 20:00:00-04:00,110.19,118.41,110.19,116.72,1468175
2025-05-01 20:00:00-04:00,118.22,122.86,115.98,120.80,793100
2025-05-04 20:00:00-04:00,120.17,121.61,120.12,120.46,524400
2025-05-05 20:00:00-04:00,119.72,121.21,118.83,119.32,657100
2025-05-06 20:00:00-04:00,120.06,121.36,119.64,119.94,768400
2025-05-07 20:00:00-04:00,120.87,121.83,119.58,120.21,604700
2025-05-08 20:00:00-04:00,120.56,121.50,120.25,120.91,436100
2025-05-11 20:00:00-04:00,122.40,123.17,118.92,119.70,566700
2025-05-12 20:00:00-04:00,119.77,120.66,118.98,119.07,746900
2025-05-13 20:00:00-04:00,119.16,119.31,116.61,118.27,959600
2025-05-14 20:00:00-04:00,118.28,120.10,117.90,119.55,615200
2025-05-15 20:00:00-04:00,119.38,121.12,119.38,121.04,706000
2025-05-18 20:00:00-04:00,120.90,121.70,120.02,121.18,554200
2025-05-19 20:00:00-04:00,121.00,121.78,120.79,121.16,464000
2025-05-20 20:00:00-04:00,120.84,121.36,119.02,119.18,890300
2025-05-21 20:00:00-04:00,119.46,119.99,117.82,118.55,523300
2025-05-22 20:00:00-04:00,117.55,119.12,117.41,118.40,386000
2025-05-26 20:00:00-04:00,119.46,121.32,118.31,121.23,565800
2025-05-27 20:00:00-04:00,121.03,121.99,118.93,119.04,582000
2025-05-28 20:00:00-04:00,119.15,120.16,118.66,119.95,580900
2025-05-29 20:00:00-04:00,119.83,121.20,119.67,120.84,616700
2025-06-01 20:00:00-04:00,120.10,121.26,118.85,121.21,502400
2025-06-02 20:00:00-04:00,120.73,122.59,119.54,121.76,524700
2025-06-03 20:00:00-04:00,122.16,122.16,119.21,119.27,424400
2025-06-04 20:00:00-04:00,119.37,120.05,118.25,118.76,487100
2025-06-05 20:00:00-04:00,120.17,120.76,119.34,120.67,336200
2025-06-08 20:00:00-04:00,120.35,121.09,117.75,119.64,385700
2025-06-09 20:00:00-04:00,118.89,119.80,118.60,119.07,418000
2025-06-10 20:00:00-04:00,119.08,119.76,118.45,118.77,403600
2025-06-11 20:00:00-04:00,117.99,119.93,117.55,119.75,346400
2025-06-12 20:00:00-04:00,119.14,119.91,118.33,118.78,485400
2025-06-15 20:00:00-04:00,119.18,120.11,118.89,119.61,556700
2025-06-16 20:00:00-04:00,118.98,119.25,117.34,118.40,553700
2025-06-17 20:00:00-04:00,118.69,119.95,118.49,118.70,538300
2025-06-19 20:00:00-04:00,119.16,120.19,118.64,119.57,889000
2025-06-22 20:00:00-04:00,119.64,121.14,118.66,121.08,535000
2025-06-23 20:00:00-04:00,121.45,122.64,120.81,121.87,459200
2025-06-24 20:00:00-04:00,121.57,121.57,120.16,120.39,345800
2025-06-25 20:00:00-04:00,120.59,122.19,120.36,122.00,387700
2025-06-26 20:00:00-04:00,122.12,123.28,121.53,122.84,652100
2025-06-29 20:00:00-04:00,122.77,123.51,122.35,123.24,505200
2025-06-30 20:00:00-04:00,122.73,124.13,122.73,123.84,508400
2025-07-01 20:00:00-04:00,123.78,124.13,118.93,119.27,1011200
2025-07-02 20:00:00-04:00,120.52,121.16,119.92,120.45,564100
2025-07-06 20:00:00-04:00,120.51,121.52,119.78,120.46,957500
2025-07-07 20:00:00-04:00,120.03,121.02,119.36,120.34,931700
2025-07-08 20:00:00-04:00,121.01,121.01,116.64,116.87,947300
2025-07-09 20:00:00-04:00,117.16,118.44,116.00,118.39,789900
2025-07-10 20:00:00-04:00,117.54,118.35,116.73,117.39,497000
2025-07-13 20:00:00-04:00,117.10,120.04,116.57,119.94,457200
2025-07-14 20:00:00-04:00,119.71,120.21,117.01,117.01,443100
2025-07-15 20:00:00-04:00,117.34,119.30,117.23,119.15,404700
2025-07-16 20:00:00-04:00,118.42,121.08,118.42,120.84,541800
2025-07-17 20:00:00-04:00,120.97,121.62,120.08,121.33,591800
2025-07-20 20:00:00-04:00,121.38,121.71,119.41,119.54,506000
2025-07-21 20:00:00-04:00,119.43,122.27,119.30,122.07,440900
2025-07-22 20:00:00-04:00,122.90,124.40,121.72,124.03,788700
2025-07-23 20:00:00-04:00,124.03,131.98,122.23,130.70,1468175
2025-07-24 20:00:00-04:00,133.08,137.55,132.45,134.29,1363200
2025-07-27 20:00:00-04:00,133.92,134.39,132.40,133.32,743900
2025-07-28 20:00:00-04:00,137.74,142.94,135.90,142.38,1468175
2025-07-29 20:00:00-04:00,141.71,142.26,139.40,140.17,824200
2025-07-30 20:00:00-04:00,141.43,143.10,139.08,139.60,617800
2025-07-31 20:00:00-04:00,138.71,138.71,134.47,136.39,756600
2025-08-03 20:00:00-04:00,136.94,138.58,136.34,138.47,491900
2025-08-04 20:00:00-04:00,140.69,140.79,138.56,138.64,840100
2025-08-05 20:00:00-04:00,139.41,141.19,138.10,140.35,762200
2025-08-06 20:00:00-04:00,140.51,141.32,138.98,139.63,709300
2025-08-07 20:00:00-04:00,140.36,141.12,139.52,139.68,701200
2025-08-10 20:00:00-04:00,139.94,140.36,137.95,138.18,895200
2025-08-11 20:00:00-04:00,138.78,139.39,137.35,138.87,623000
2025-08-12 20:00:00-04:00,138.91,139.37,136.60,138.13,701600
2025-08-13 20:00:00-04:00,138.24,138.68,136.28,137.70,671000
2025-08-14 20:00:00-04:00,138.37,138.37,134.19,134.59,659400
2025-08-17 20:00:00-04:00,134.29,135.40,133.94,135.14,456700
2025-08-18 20:00:00-04:00,134.61,136.38,134.61,135.92,485600
2025-08-19 20:00:00-04:00,136.78,138.50,136.09,138.23,565200
2025-08-20 20:00:00-04:00,138.04,139.54,137.91,138.75,396300
2025-08-21 20:00:00-04:00,139.30,140.91,138.92,140.36,491100
2025-08-24 20:00:00-04:00,140.09,140.65,138.41,138.52,486600
2025-08-25 20:00:00-04:00,137.96,138.96,137.04,138.82,538400
2025-08-26 20:00:00-04:00,138.05,141.25,138.05,139.62,413100
2025-08-27 20:00:00-04:00,139.57,140.38,138.63,139.59,426800
2025-08-28 20:00:00-04:00,139.55,140.91,138.97,139.08,448700
2025-09-01 20:00:00-04:00,138.70,139.94,137.04,139.08,511700
2025-09-02 20:00:00-04:00,138.40,140.02,138.40,139.70,423400
2025-09-03 20:00:00-04:00,140.51,141.01,139.81,140.57,409300
2025-09-04 20:00:00-04:00,140.38,140.62,137.58,138.94,343700
2025-09-07 20:00:00-04:00,138.67,139.72,137.29,139.50,372600
2025-09-08 20:00:00-04:00,139.82,140.29,138.24,139.59,378900
2025-09-09 20:00:00-04:00,139.24,139.68,137.74,138.15,580500
2025-09-10 20:00:00-04:00,138.55,142.05,138.44,141.60,416400
2025-09-11 20:00:00-04:00,141.63,142.79,140.72,141.38,400600
2025-09-14 20:00:00-04:00,141.27,142.75,140.73,141.54,500900
2025-09-15 20:00:00-04:00,141.26,141.61,139.57,139.98,525600
2025-09-16 20:00:00-04:00,140.22,142.92,139.87,141.91,454800
2025-09-17 20:00:00-04:00,141.40,143.61,141.40,142.74,625500
2025-09-18 20:00:00-04:00,143.05,145.27,141.78,144.52,1416200
2025-09-21 20:00:00-04:00,143.45,144.77,143.03,144.35,609600
2025-09-22 20:00:00-04:00,143.95,146.91,143.95,145.64,509600
2025-09-23 20:00:00-04:00,145.35,145.74,142.28,142.41,411000
2025-09-24 20:00:00-04:00,142.40,143.36,141.25,142.14,382400
2025-09-25 20:00:00-04:00,143.65,144.06,142.38,143.66,427700
2025-09-28 20:00:00-04:00,143.83,144.18,142.34,142.63,418500
2025-09-29 20:00:00-04:00,142.29,142.71,139.97,142.08,707000
2025-09-30 20:00:00-04:00,141.19,141.56,138.21,140.10,863000
2025-10-01 20:00:00-04:00,139.12,140.34,138.44,138.57,512100
2025-10-02 20:00:00-04:00,138.46,139.63,136.63,136.99,607800
2025-10-05 20:00:00-04:00,135.83,137.25,133.39,133.42,763100
2025-10-06 20:00:00-04:00,134.39,135.48,133.95,135.06,704700
2025-10-07 20:00:00-04:00,136.64,137.25,133.95,135.45,796400
2025-10-08 20:00:00-04:00,136.25,137.40,134.98,135.86,702500
2025-10-09 20:00:00-04:00,136.15,137.05,134.83,135.42,530900
2025-10-12 20:00:00-04:00,136.03,136.88,134.75,135.87,478800
2025-10-13 20:00:00-04:00,135.81,139.70,135.81,139.27,521100
2025-10-14 20:00:00-04:00,139.12,139.79,136.18,137.51,378900
2025-10-15 20:00:00-04:00,136.50,136.92,132.64,133.04,522500
2025-10-16 20:00:00-04:00,133.12,134.58,132.29,134.20,437800
2025-10-19 20:00:00-04:00,134.42,135.28,133.53,134.85,532500
2025-10-20 20:00:00-04:00,135.28,137.07,134.42,135.43,587900
2025-10-21 20:00:00-04:00,135.52,136.00,133.04,135.05,681800
2025-10-22 20:00:00-04:00,133.18,135.62,131.97,135.12,879100
2025-10-23 20:00:00-04:00,134.73,134.90,132.72,133.05,688300
2025-10-26 20:00:00-04:00,133.82,134.79,133.51,134.41,613700
2025-10-27 20:00:00-04:00,133.93,134.54,133.31,133.79,523500
2025-10-28 20:00:00-04:00,132.58,133.67,130.79,131.16,543900
2025-10-29 20:00:00-04:00,131.70,133.57,131.40,131.87,726000
2025-10-30 20:00:00-04:00,130.87,132.62,130.41,130.95,876900
2025-11-02 19:00:00-05:00,130.30,130.30,127.30,130.08,847600
2025-11-03 19:00:00-05:00,130.12,133.07,129.70,132.81,660000
2025-11-04 19:00:00-05:00,132.90,133.92,132.43,133.18,599200
2025-11-05 19:00:00-05:00,133.17,134.04,130.90,131.26,583800
2025-11-06 19:00:00-05:00,131.18,131.90,129.94,131.67,592500
2025-11-09 19:00:00-05:00,131.22,132.81,131.10,132.20,452200
2025-11-10 19:00:00-05:00,132.14,133.35,131.68,131.74,367100
2025-11-11 19:00:00-05:00,131.54,133.97,131.54,133.39,512900
2025-11-12 19:00:00-05:00,133.62,134.34,132.06,132.59,487400
2025-11-13 19:00:00-05:00,132.22,132.75,130.50,131.24,386400
2025-11-16 19:00:00-05:00,130.96,132.06,129.94,130.87,884900
2025-11-17 19:00:00-05:00,130.27,132.43,129.62,131.28,317500
2025-11-18 19:00:00-05:00,130.80,131.64,128.86,130.18,358200
2025-11-19 19:00:00-05:00,131.24,131.98,129.09,129.81,299900
2025-11-20 19:00:00-05:00,130.37,133.33,130.06,131.85,561200
2025-11-23 19:00:00-05:00,131.41,133.06,130.91,132.70,557500
2025-11-24 19:00:00-05:00,133.61,135.13,133.59,134.79,551900
2025-11-25 19:00:00-05:00,135.36,135.86,134.22,134.29,557800
2025-11-27 19:00:00-05:00,134.13,135.49,133.12,134.15,208600
2025-11-30 19:00:00-05:00,133.96,134.57,131.79,131.96,526200
2025-12-01 19:00:00-05:00,132.88,132.88,130.43,130.59,577600
2025-12-02 19:00:00-05:00,130.84,131.22,128.65,130.26,592400
2025-12-03 19:00:00-05:00,129.73,131.45,129.71,130.26,300400
2025-12-04 19:00:00-05:00,129.94,130.95,129.51,130.81,456600
2025-12-07 19:00:00-05:00,130.79,133.18,130.53,132.45,696600
2025-12-08 19:00:00-05:00,132.93,134.49,132.30,132.52,599300
2025-12-09 19:00:00-05:00,133.03,135.04,133.00,134.33,471300
2025-12-10 19:00:00-05:00,135.74,138.80,134.44,138.44,482500
2025-12-11 19:00:00-05:00,138.40,139.66,138.27,138.86,442200
2025-12-14 19:00:00-05:00,139.65,140.84,138.70,140.05,519500
2025-12-15 19:00:00-05:00,140.33,140.88,139.05,140.14,511400
2025-12-16 19:00:00-05:00,139.69,140.54,138.02,138.13,565900
2025-12-17 19:00:00-05:00,137.52,139.53,136.69,137.93,508300
2025-12-18 19:00:00-05:00,137.64,139.52,137.44,139.04,1116600
2025-12-21 19:00:00-05:00,138.74,143.71,138.37,141.92,551000
2025-12-22 19:00:00-05:00,142.08,143.02,141.20,141.76,415600
2025-12-23 19:00:00-05:00,140.89,143.82,140.89,142.88,218800
2025-12-25 19:00:00-05:00,142.64,143.10,141.00,141.60,257500
2025-12-28 19:00:00-05:00,141.82,141.82,139.98,141.15,523500
2025-12-29 19:00:00-05:00,141.64,141.64,140.64,140.85,277900
2025-12-30 19:00:00-05:00,139.47,140.80,139.21,139.26,349500
2026-01-01 19:00:00-05:00,139.03,141.21,137.55,137.83,562300
2026-01-04 19:00:00-05:00,136.11,141.67,135.69,140.30,669500
2026-01-05 19:00:00-05:00,137.99,139.81,137.40,139.31,537300
2026-01-06 19:00:00-05:00,139.11,140.10,138.15,139.43,430200
2026-01-07 19:00:00-05:00,139.31,142.63,139.31,142.14,501100
2026-01-08 19:00:00-05:00,141.69,142.63,141.48,141.62,334100
2026-01-11 19:00:00-05:00,141.33,143.72,140.93,142.53,483300
2026-01-12 19:00:00-05:00,143.05,143.59,140.99,141.60,478100
2026-01-13 19:00:00-05:00,140.93,143.92,140.93,142.08,508100
2026-01-14 19:00:00-05:00,142.36,143.60,139.17,139.49,502500
2026-01-15 19:00:00-05:00,138.99,140.14,138.11,138.64,410400
2026-01-19 19:00:00-05:00,137.58,139.64,136.51,136.68,478700
2026-01-20 19:00:00-05:00,137.22,139.58,137.22,138.40,434000
2026-01-21 19:00:00-05:00,138.33,139.46,136.74,137.98,437200
2026-01-22 19:00:00-05:00,137.07,137.70,135.10,136.18,509600
2026-01-25 19:00:00-05:00,136.76,139.36,136.67,137.76,442700
2026-01-26 19:00:00-05:00,137.81,138.50,136.73,137.07,397700
2026-01-27 19:00:00-05:00,136.59,138.47,136.31,138.22,515100
2026-01-28 19:00:00-05:00,138.35,139.78,137.52,139.65,421300
2026-01-29 19:00:00-05:00,138.61,140.22,138.24,139.89,1279200
2026-02-01 19:00:00-05:00,140.26,143.16,139.65,143.10,616400
2026-02-02 19:00:00-05:00,142.18,145.30,141.98,143.31,444800
2026-02-03 19:00:00-05:00,144.31,145.74,143.42,144.48,797500
2026-02-04 19:00:00-05:00,148.82,152.35,146.50,146.60,867500
2026-02-05 19:00:00-05:00,148.44,148.64,145.22,146.17,510400
2026-02-08 19:00:00-05:00,144.81,145.91,140.44,141.09,563900
2026-02-09 19:00:00-05:00,140.22,142.42,138.80,141.62,425200
2026-02-10 19:00:00-05:00,142.18,144.37,141.30,143.59,349500
2026-02-11 19:00:00-05:00,143.30,144.60,141.27,143.76,524000
2026-02-12 19:00:00-05:00,142.88,145.61,142.81,143.91,470500
2026-02-16 19:00:00-05:00,145.08,146.31,143.03,145.57,401100
2026-02-17 19:00:00-05:00,145.59,146.96,142.08,143.26,411600
2026-02-18 19:00:00-05:00,142.81,144.80,142.81,143.67,366700
2026-02-19 19:00:00-05:00,144.45,145.44,142.64,144.05,579000
2026-02-22 19:00:00-05:00,142.53,145.53,141.80,142.31,532300
2026-02-23 19:00:00-05:00,143.39,143.63,141.11,141.96,389000
2026-02-24 19:00:00-05:00,143.37,144.22,140.47,143.81,598700
2026-02-25 19:00:00-05:00,144.75,146.52,144.69,145.74,361100
2026-02-26 19:00:00-05:00,144.18,146.83,143.22,144.92,504900
2026-03-01 19:00:00-05:00,143.66,146.83,143.39,145.99,435600
2026-03-02 19:00:00-05:00,143.61,146.18,141.23,144.35,443100
2026-03-03 19:00:00-05:00,144.31,145.13,143.18,144.41,351700
2026-03-04 19:00:00-05:00,143.06,144.37,142.39,143.03,707300
2026-03-05 19:00:00-05:00,142.88,142.88,138.52,141.85,650600
2026-03-08 20:00:00-04:00,140.51,141.95,138.07,141.68,592300
2026-03-09 20:00:00-04:00,142.02,145.12,140.18,142.57,497400
2026-03-10 20:00:00-04:00,141.47,142.91,140.52,140.66,528600
2026-03-11 20:00:00-04:00,139.13,140.70,138.17,138.44,418200
2026-03-12 20:00:00-04:00,139.57,139.57,138.10,138.13,338300
2026-03-15 20:00:00-04:00,139.05,141.12,138.32,139.49,315000
2026-03-16 20:00:00-04:00,140.67,141.28,139.36,139.37,377900
2026-03-17 20:00:00-04:00,138.41,139.13,136.97,137.30,406000
2026-03-18 20:00:00-04:00,137.53,138.04,135.80,137.39,431700
2026-03-19 20:00:00-04:00,137.36,137.52,135.42,136.48,784400
2026-03-22 20:00:00-04:00,138.95,139.26,136.70,137.06,775000
2026-03-23 20:00:00-04:00,136.59,138.92,135.97,138.25,297400
2026-03-24 20:00:00-04:00,139.18,139.85,136.51,137.19,256600
2026-03-25 20:00:00-04:00,137.35,139.07,136.95,138.47,414300
2026-03-26 20:00:00-04:00,138.40,139.40,134.75,134.79,576200
2026-03-29 20:00:00-04:00,135.41,137.67,135.12,136.13,734200
2026-03-30 20:00:00-04:00,135.07,139.09,134.86,138.84,660900
2026-03-31 20:00:00-04:00,139.17,141.13,138.85,140.10,644500
2026-04-01 20:00:00-04:00,139.56,143.47,138.93,142.60,530700
2026-04-05 20:00:00-04:00,141.87,143.80,141.87,143.36,387900
2026-04-06 20:00:00-04:00,143.02,144.77,142.52,143.74,498100
2026-04-07 20:00:00-04:00,145.94,148.24,145.35,147.85,498800
2026-04-08 20:00:00-04:00,147.00,149.15,146.79,147.39,440800
2026-04-09 20:00:00-04:00,147.32,147.95,145.82,145.84,364800
2026-04-12 20:00:00-04:00,145.49,147.61,144.30,147.55,340800
2026-04-13 20:00:00-04:00,147.24,149.61,146.53,148.20,453500
2026-04-14 20:00:00-04:00,148.05,150.19,147.73,149.08,418000
2026-04-15 20:00:00-04:00,148.09,150.03,148.09,149.68,412200
2026-04-16 20:00:00-04:00,150.37,152.55,149.19,151.86,459100
2026-04-19 20:00:00-04:00,150.24,152.80,150.24,151.10,458600
2026-04-20 20:00:00-04:00,151.85,152.15,150.03,150.92,538400
2026-04-21 20:00:00-04:00,151.66,151.66,149.20,151.25,568900
2026-04-22 20:00:00-04:00,150.02,154.04,145.37,153.97,638600
2026-04-23 20:00:00-04:00,154.63,155.08,151.60,152.56,681500
2026-04-26 20:00:00-04:00,152.49,154.60,152.00,152.07,566800
2026-04-27 20:00:00-04:00,153.62,154.51,151.64,152.67,624800
2026-04-28 20:00:00-04:00,152.61,154.03,151.52,152.54,488000
2026-04-29 20:00:00-04:00,152.07,154.34,151.59,154.30,750800
2026-04-30 20:00:00-04:00,154.00,154.42,152.47,152.72,503200
2026-05-03 20:00:00-04:00,151.86,154.46,151.47,152.65,452600
2026-05-04 20:00:00-04:00,153.00,154.68,152.81,154.14,435500
2026-05-05 20:00:00-04:00,155.26,156.69,154.05,154.39,376800
2026-05-06 20:00:00-04:00,153.97,154.67,152.04,152.45,569100
2026-05-07 20:00:00-04:00,152.98,153.99,150.81,151.08,469000
2026-05-10 20:00:00-04:00,153.33,155.28,152.70,153.86,784200
2026-05-11 20:00:00-04:00,154.29,155.48,151.60,154.91,471700
2026-05-12 20:00:00-04:00,154.33,154.68,151.25,152.99,517100
2026-05-13 20:00:00-04:00,153.97,155.29,153.79,154.47,385200
2026-05-14 20:00:00-04:00,154.46,155.66,153.69,155.04,1066200
2026-05-17 20:00:00-04:00,155.69,157.83,155.04,157.35,501600
2026-05-18 20:00:00-04:00,156.81,157.92,149.87,149.87,1291200
2026-05-19 20:00:00-04:00,150.76,154.74,148.50,154.46,759500
2026-05-20 20:00:00-04:00,154.51,156.61,153.10,156.60,575800
2026-05-21 20:00:00-04:00,156.48,157.17,155.56,156.28,398900
2026-05-25 20:00:00-04:00,156.34,157.76,155.84,156.75,369000
2026-05-26 20:00:00-04:00,156.31,157.26,152.84,154.39,431900
2026-05-27 20:00:00-04:00,153.42,155.74,153.01,153.79,518700
2026-05-28 20:00:00-04:00,153.45,155.70,152.91,153.24,584800
2026-05-31 20:00:00-04:00,153.17,153.74,152.10,152.12,454400
2026-06-01 20:00:00-04:00,153.92,154.50,150.94,151.05,524900
2026-06-02 20:00:00-04:00,150.88,151.38,148.34,151.20,616900
2026-06-03 20:00:00-04:00,153.09,154.90,152.01,154.31,425600
2026-06-04 20:00:00-04:00,155.01,159.36,155.01,159.18,396900
2026-06-07 20:00:00-04:00,159.01,159.36,156.08,157.13,625700
2026-06-08 20:00:00-04:00,156.82,160.74,156.67,159.33,596600
2026-06-09 20:00:00-04:00,160.78,163.50,159.81,162.52,449800
2026-06-10 20:00:00-04:00,163.93,165.78,163.14,165.10,521100
2026-06-11 20:00:00-04:00,165.74,168.27,164.61,166.76,451300
2026-06-14 20:00:00-04:00,166.69,169.58,165.78,167.39,688100
2026-06-15 20:00:00-04:00,168.66,170.11,167.37,169.17,509500
2026-06-16 20:00:00-04:00,168.54,171.75,168.54,171.25,664800
2026-06-17 20:00:00-04:00,172.28,172.74,169.55,170.76,1468175
2026-06-21 20:00:00-04:00,172.02,175.63,171.40,172.05,900500
2026-06-22 20:00:00-04:00,173.83,176.17,172.95,175.58,646900
2026-06-23 20:00:00-04:00,175.87,177.05,173.62,175.64,713300
2026-06-24 20:00:00-04:00,177.28,181.15,176.37,176.40,878000
2026-06-25 20:00:00-04:00,177.72,179.55,175.99,179.31,922700
2026-06-28 20:00:00-04:00,178.10,180.75,176.50,179.25,875300
