Date,Open,High,Low,Close,Volume
2018-07-01 20:00:00-04:00,159.13,159.43,157.74,159.30,3822800
2018-07-02 20:00:00-04:00,159.64,160.68,158.80,158.97,1608400
2018-07-04 20:00:00-04:00,159.68,159.89,158.57,159.62,3040600
2018-07-05 20:00:00-04:00,159.76,160.39,158.42,159.67,2552400
2018-07-08 20:00:00-04:00,160.68,161.50,160.13,160.99,2575100
2018-07-09 20:00:00-04:00,161.38,162.37,161.23,162.24,2842400
2018-07-10 20:00:00-04:00,161.92,162.37,160.88,161.70,3309300
2018-07-11 20:00:00-04:00,162.73,162.96,161.74,162.52,2709200
2018-07-12 20:00:00-04:00,162.94,164.15,162.94,163.13,2308100
2018-07-15 20:00:00-04:00,163.50,163.57,162.47,163.29,2530500
2018-07-16 20:00:00-04:00,163.08,165.38,163.08,165.11,4662800
2018-07-17 20:00:00-04:00,165.04,165.78,164.36,165.00,3787800
2018-07-18 20:00:00-04:00,164.94,166.86,164.66,166.37,3691100
2018-07-19 20:00:00-04:00,165.91,167.29,165.70,166.22,3564100
2018-07-22 20:00:00-04:00,166.23,166.99,165.77,166.04,2264300
2018-07-23 20:00:00-04:00,167.10,167.70,165.31,165.84,5058100
2018-07-24 20:00:00-04:00,165.36,166.09,163.44,165.03,4382700
2018-07-25 20:00:00-04:00,165.46,165.95,163.31,163.71,4280000
2018-07-26 20:00:00-04:00,164.38,164.61,161.48,161.86,3871200
2018-07-29 20:00:00-04:00,161.36,162.21,161.25,161.97,2331100
2018-07-30 20:00:00-04:00,162.31,162.59,161.64,162.17,2795900
2018-07-31 20:00:00-04:00,161.63,162.35,160.59,161.17,3086800
2018-08-01 20:00:00-04:00,160.18,160.79,158.91,160.64,3543500
2018-08-02 20:00:00-04:00,160.95,161.25,160.31,160.63,2309000
2018-08-05 20:00:00-04:00,160.61,160.97,160.19,160.67,2515700
2018-08-06 20:00:00-04:00,161.21,161.91,160.63,161.78,3052500
2018-08-07 20:00:00-04:00,162.10,163.31,161.99,162.58,2176700
2018-08-08 20:00:00-04:00,163.38,163.99,162.60,162.63,2466000
2018-08-09 20:00:00-04:00,162.02,162.51,160.63,161.17,2873000
2018-08-12 20:00:00-04:00,161.17,162.23,159.28,159.39,5294400
2018-08-13 20:00:00-04:00,160.24,160.91,157.04,158.54,9604750
2018-08-14 20:00:00-04:00,157.43,159.43,156.89,159.27,6049300
2018-08-15 20:00:00-04:00,159.30,161.00,159.05,160.42,5690100
2018-08-16 20:00:00-04:00,160.59,160.91,159.95,160.56,3885800
2018-08-19 20:00:00-04:00,160.79,162.92,160.43,162.51,2956700
2018-08-20 20:00:00-04:00,163.25,164.81,162.90,164.39,4124600
2018-08-21 20:00:00-04:00,164.86,167.12,163.10,163.36,5007000
2018-08-22 20:00:00-04:00,163.70,165.36,163.50,164.34,3595000
2018-08-23 20:00:00-04:00,164.49,166.26,164.21,165.27,3054300
2018-08-26 20:00:00-04:00,166.53,166.63,165.18,165.83,2521300
2018-08-27 20:00:00-04:00,166.09,166.19,164.72,165.82,3516300
2018-08-28 20:00:00-04:00,165.96,166.69,165.63,166.43,2488000
2018-08-29 20:00:00-04:00,165.87,166.24,164.30,164.44,2825400
2018-08-30 20:00:00-04:00,164.54,165.80,164.46,165.68,4023300
2018-09-03 20:00:00-04:00,165.62,169.93,165.46,169.24,4612800
2018-09-04 20:00:00-04:00,169.03,170.55,167.65,168.47,3667100
2018-09-05 20:00:00-04:00,168.84,170.90,168.18,169.91,3490400
2018-09-06 20:00:00-04:00,169.54,171.01,169.53,170.19,3672700
2018-09-09 20:00:00-04:00,171.76,174.64,171.76,173.87,5586600
2018-09-10 20:00:00-04:00,175.78,177.15,174.54,176.48,5969500
2018-09-11 20:00:00-04:00,176.63,177.78,174.05,174.93,5660100
2018-09-12 20:00:00-04:00,174.49,174.49,172.23,172.85,4701100
2018-09-13 20:00:00-04:00,173.46,173.74,171.28,172.53,3622400
2018-09-16 20:00:00-04:00,172.54,173.33,171.86,171.98,3074700
2018-09-17 20:00:00-04:00,172.17,174.73,171.78,174.14,4338500
2018-09-18 20:00:00-04:00,174.95,175.50,173.84,174.69,2579100
2018-09-19 20:00:00-04:00,174.67,175.45,174.13,174.17,4020800
2018-09-20 20:00:00-04:00,174.37,175.49,173.72,175.27,9604750
2018-09-23 20:00:00-04:00,174.55,174.82,171.62,171.64,4623700
2018-09-24 20:00:00-04:00,172.34,172.72,170.66,171.20,4443300
2018-09-25 20:00:00-04:00,172.13,172.59,171.01,171.25,2965800
2018-09-26 20:00:00-04:00,171.24,171.51,169.73,170.69,3218800
2018-09-27 20:00:00-04:00,170.36,172.35,170.29,170.95,3966100
2018-09-30 20:00:00-04:00,172.08,173.13,171.13,171.32,3670500
2018-10-01 20:00:00-04:00,171.23,171.68,168.90,168.97,4428000
2018-10-02 20:00:00-04:00,170.13,170.38,168.06,168.13,4162500
2018-10-03 20:00:00-04:00,168.06,168.15,163.62,164.10,5996200
2018-10-04 20:00:00-04:00,164.28,164.80,160.57,162.06,5016600
2018-10-07 20:00:00-04:00,161.94,163.94,160.97,163.74,3731800
2018-10-08 20:00:00-04:00,163.36,164.37,161.40,161.54,4466800
2018-10-09 20:00:00-04:00,164.31,164.42,159.56,159.85,6157900
2018-10-10 20:00:00-04:00,159.86,162.30,155.53,156.58,5831400
2018-10-11 20:00:00-04:00,159.06,159.76,156.93,158.83,5450200
2018-10-14 20:00:00-04:00,158.74,159.51,157.37,157.76,3642800
2018-10-15 20:00:00-04:00,158.31,160.16,157.30,159.75,4057400
2018-10-16 20:00:00-04:00,156.50,157.35,151.83,152.81,8985700
2018-10-17 20:00:00-04:00,152.06,153.00,148.15,148.91,9262000
2018-10-18 20:00:00-04:00,148.82,149.36,147.36,148.42,7004300
2018-10-21 20:00:00-04:00,149.22,149.70,146.53,147.51,4866700
2018-10-22 20:00:00-04:00,145.05,148.12,144.78,147.33,7004900
2018-10-23 20:00:00-04:00,147.37,150.50,145.50,146.04,6791700
2018-10-24 20:00:00-04:00,146.50,148.96,145.93,147.78,5228000
2018-10-25 20:00:00-04:00,145.97,146.35,141.04,142.13,9472200
2018-10-28 20:00:00-04:00,143.38,145.23,141.07,142.93,5918400
2018-10-29 20:00:00-04:00,142.90,145.60,142.47,145.44,5657100
2018-10-30 20:00:00-04:00,146.88,147.59,144.90,145.14,6339500
2018-10-31 20:00:00-04:00,145.93,149.25,145.16,148.92,5225300
2018-11-01 20:00:00-04:00,150.58,151.03,146.39,148.48,4730600
2018-11-04 19:00:00-05:00,149.38,150.53,147.96,150.35,3885300
2018-11-05 19:00:00-05:00,150.14,150.73,148.58,150.20,3338800
2018-11-06 19:00:00-05:00,151.67,154.88,150.24,154.51,4673400
2018-11-07 19:00:00-05:00,154.43,155.71,153.26,155.14,4054000
2018-11-08 19:00:00-05:00,155.41,155.54,152.64,153.49,4761100
2018-11-11 19:00:00-05:00,152.86,154.28,147.73,148.07,7590400
2018-11-12 19:00:00-05:00,146.31,149.88,142.64,147.72,9604750
2018-11-13 19:00:00-05:00,150.70,150.94,147.84,148.46,7561100
2018-11-14 19:00:00-05:00,147.73,148.27,143.27,146.36,8663100
2018-11-15 19:00:00-05:00,143.58,146.57,143.19,146.08,6834900
2018-11-18 19:00:00-05:00,145.83,147.62,142.19,143.25,6203400
2018-11-19 19:00:00-05:00,139.67,141.94,137.81,139.51,8661000
2018-11-20 19:00:00-05:00,140.29,141.06,139.59,139.71,5752100
2018-11-22 19:00:00-05:00,139.79,140.56,139.03,139.34,2711000
2018-11-25 19:00:00-05:00,140.46,142.26,139.36,140.14,6140500
2018-11-26 19:00:00-05:00,139.56,143.08,139.32,142.95,7084200
2018-11-27 19:00:00-05:00,143.55,147.48,141.64,147.30,7133600
2018-11-28 19:00:00-05:00,146.77,147.16,145.21,145.83,4329300
2018-11-29 19:00:00-05:00,145.90,149.74,145.37,149.70,8942400
2018-12-02 19:00:00-05:00,152.16,152.34,148.89,150.88,7610600
2018-12-03 19:00:00-05:00,150.31,151.28,144.91,145.53,7059600
2018-12-05 19:00:00-05:00,144.04,146.14,141.51,146.08,7571200
2018-12-06 19:00:00-05:00,145.57,148.07,142.99,143.45,6226100
2018-12-09 19:00:00-05:00,143.94,144.44,139.24,142.53,5373800
2018-12-10 19:00:00-05:00,144.70,145.78,142.16,142.96,5229400
2018-12-11 19:00:00-05:00,144.24,146.83,143.46,144.62,5912500
2018-12-12 19:00:00-05:00,144.71,145.21,142.85,144.34,6102200
2018-12-13 19:00:00-05:00,143.60,145.40,142.75,143.03,4265200
2018-12-16 19:00:00-05:00,142.38,142.78,138.58,139.44,5631700
2018-12-17 19:00:00-05:00,140.22,142.75,139.88,141.16,4462200
2018-12-18 19:00:00-05:00,141.89,145.24,138.45,139.10,6996900
2018-12-19 19:00:00-05:00,138.04,138.90,134.68,136.28,7675600
2018-12-20 19:00:00-05:00,135.16,139.44,132.97,133.23,9604750
2018-12-23 19:00:00-05:00,132.96,133.99,131.24,131.28,4547400
2018-12-25 19:00:00-05:00,132.38,139.70,132.36,139.70,6141500
2018-12-26 19:00:00-05:00,138.17,141.51,135.62,141.40,5069300
2018-12-27 19:00:00-05:00,142.14,143.72,139.97,141.31,4552000
2018-12-30 19:00:00-05:00,142.35,143.82,141.67,142.64,4206000
2019-01-01 19:00:00-05:00,140.89,143.77,140.34,143.13,4242900
2019-01-02 19:00:00-05:00,142.66,142.66,139.64,139.98,4810500
2019-01-03 19:00:00-05:00,141.28,145.06,140.73,144.13,4762600
2019-01-06 19:00:00-05:00,144.31,147.92,144.31,146.97,4928800
2019-01-07 19:00:00-05:00,148.24,149.09,145.79,147.68,4722400
2019-01-08 19:00:00-05:00,147.66,150.49,147.02,149.21,4922000
2019-01-09 19:00:00-05:00,147.80,148.80,146.39,148.65,3605300
2019-01-10 19:00:00-05:00,147.71,149.65,147.04,148.94,3285100
2019-01-13 19:00:00-05:00,147.43,148.79,146.86,148.44,3871400
2019-01-14 19:00:00-05:00,146.18,147.62,145.45,146.50,5016100
2019-01-15 19:00:00-05:00,147.02,147.71,145.99,146.97,4075400
2019-01-16 19:00:00-05:00,144.46,145.66,142.79,145.17,6499200
2019-01-17 19:00:00-05:00,146.92,149.46,146.26,149.08,6371100
2019-01-21 19:00:00-05:00,147.35,148.27,145.58,147.03,6272700
2019-01-22 19:00:00-05:00,146.60,147.82,144.89,146.85,4910400
2019-01-23 19:00:00-05:00,146.94,147.38,145.53,147.18,3860100
2019-01-24 19:00:00-05:00,149.25,150.15,148.28,149.76,4501800
2019-01-27 19:00:00-05:00,148.58,149.42,147.28,149.29,4091400
2019-01-28 19:00:00-05:00,148.57,149.56,147.85,149.17,3686900
2019-01-29 19:00:00-05:00,149.82,152.92,149.25,151.24,5197700
2019-01-30 19:00:00-05:00,150.68,153.31,150.31,152.36,5138000
2019-01-31 19:00:00-05:00,152.78,153.71,151.78,153.06,4513100
2019-02-03 19:00:00-05:00,153.00,154.77,152.62,154.77,3050200
2019-02-04 19:00:00-05:00,155.15,155.23,153.32,154.74,4135200
2019-02-05 19:00:00-05:00,154.99,154.99,152.80,153.35,3072500
2019-02-06 19:00:00-05:00,152.54,153.52,151.47,152.81,2793400
2019-02-07 19:00:00-05:00,151.96,153.23,151.69,153.20,2792300
2019-02-10 19:00:00-05:00,153.58,153.93,151.71,151.86,3729200
2019-02-11 19:00:00-05:00,152.62,154.74,152.35,154.01,3773200
2019-02-12 19:00:00-05:00,154.66,156.64,154.35,156.41,4146900
2019-02-13 19:00:00-05:00,155.66,156.84,154.41,155.83,2600600
2019-02-14 19:00:00-05:00,157.62,159.91,156.94,159.72,4997900
2019-02-18 19:00:00-05:00,159.15,160.38,158.80,159.67,3828400
2019-02-19 19:00:00-05:00,159.72,159.73,158.65,159.27,3970100
2019-02-20 19:00:00-05:00,159.27,159.70,158.24,159.24,3094200
2019-02-21 19:00:00-05:00,159.14,159.84,159.08,159.72,3321600
2019-02-24 19:00:00-05:00,160.02,160.57,157.70,157.72,6190700
2019-02-25 19:00:00-05:00,154.07,156.46,151.76,156.32,9604750
2019-02-26 19:00:00-05:00,155.99,156.49,152.10,152.48,8766200
2019-02-27 19:00:00-05:00,152.42,153.74,152.01,153.70,8060600
2019-02-28 19:00:00-05:00,154.26,154.88,151.81,153.72,5481300
2019-03-03 19:00:00-05:00,154.58,154.61,151.17,152.59,5046800
2019-03-04 19:00:00-05:00,152.95,153.68,152.13,152.75,3691000
2019-03-05 19:00:00-05:00,153.19,153.56,152.62,153.13,4460900
2019-03-06 19:00:00-05:00,153.08,153.27,150.74,151.51,4122200
2019-03-07 19:00:00-05:00,150.67,151.02,149.03,150.45,3867100
2019-03-10 20:00:00-04:00,151.09,152.09,150.43,151.46,3866200
2019-03-11 20:00:00-04:00,152.28,152.98,151.37,152.75,3777000
2019-03-12 20:00:00-04:00,153.25,153.71,151.45,151.50,4528300
2019-03-13 20:00:00-04:00,151.61,152.00,150.96,151.89,4393000
2019-03-14 20:00:00-04:00,152.47,152.63,150.18,152.41,8059100
2019-03-17 20:00:00-04:00,152.66,153.45,152.49,153.40,4395800
2019-03-18 20:00:00-04:00,154.05,155.41,153.45,154.00,4437100
2019-03-19 20:00:00-04:00,154.14,156.50,153.41,155.65,4772600
2019-03-20 20:00:00-04:00,155.14,158.91,155.14,158.88,4755700
2019-03-21 20:00:00-04:00,158.33,160.62,157.80,157.86,5173600
2019-03-24 20:00:00-04:00,157.86,160.34,157.66,158.64,3845900
2019-03-25 20:00:00-04:00,159.48,160.74,157.85,158.36,4143300
2019-03-26 20:00:00-04:00,158.61,160.25,157.56,158.28,4298400
2019-03-27 20:00:00-04:00,158.83,160.08,158.20,158.96,3326100
2019-03-28 20:00:00-04:00,159.62,160.61,159.02,160.49,4674100
2019-03-31 20:00:00-04:00,161.41,163.84,161.29,163.62,5381400
2019-04-01 20:00:00-04:00,163.51,163.51,162.27,162.51,2717800
2019-04-02 20:00:00-04:00,163.07,166.26,162.34,166.11,4581500
2019-04-03 20:00:00-04:00,166.43,167.68,165.62,167.65,3138400
2019-04-04 20:00:00-04:00,167.99,169.89,167.78,168.99,3615300
2019-04-07 20:00:00-04:00,168.42,170.44,168.31,170.24,3040900
2019-04-08 20:00:00-04:00,169.16,169.54,167.66,168.02,3721700
2019-04-09 20:00:00-04:00,168.32,168.61,165.62,166.79,3587500
2019-04-10 20:00:00-04:00,167.19,168.53,166.46,168.51,2465100
2019-04-11 20:00:00-04:00,169.05,170.83,169.05,170.49,3097900
2019-04-14 20:00:00-04:00,170.75,171.57,170.11,171.34,3049900
2019-04-15 20:00:00-04:00,171.66,172.28,170.86,171.01,3271400
2019-04-16 20:00:00-04:00,171.74,172.99,171.72,172.75,3271900
2019-04-17 20:00:00-04:00,172.31,173.78,171.54,172.00,3162500
2019-04-21 20:00:00-04:00,170.71,172.50,170.62,171.27,2593900
2019-04-22 20:00:00-04:00,171.57,173.40,170.14,172.33,3702600
2019-04-23 20:00:00-04:00,172.42,174.21,171.90,172.89,2750900
2019-04-24 20:00:00-04:00,172.30,173.73,171.50,172.71,3292100
2019-04-25 20:00:00-04:00,172.19,172.41,170.06,170.29,3560300
2019-04-28 20:00:00-04:00,170.04,170.45,167.56,169.08,3785200
2019-04-29 20:00:00-04:00,168.57,170.41,167.93,170.37,3415600
2019-04-30 20:00:00-04:00,169.95,170.22,166.15,166.27,4644700
2019-05-01 20:00:00-04:00,166.69,168.16,166.27,168.12,2810000
2019-05-02 20:00:00-04:00,168.94,169.20,167.54,167.74,3583400
2019-05-05 20:00:00-04:00,166.22,167.21,165.86,166.96,2619400
2019-05-06 20:00:00-04:00,164.55,165.31,161.38,162.90,4622100
2019-05-07 20:00:00-04:00,162.66,164.44,161.99,163.23,3122600
2019-05-08 20:00:00-04:00,161.68,163.16,160.24,162.74,2917700
2019-05-09 20:00:00-04:00,161.59,163.50,158.92,162.74,3863600
2019-05-12 20:00:00-04:00,159.74,160.30,158.19,159.19,3325900
2019-05-13 20:00:00-04:00,159.33,161.22,158.92,160.26,3663600
2019-05-14 20:00:00-04:00,159.58,161.26,159.13,160.38,3355800
2019-05-15 20:00:00-04:00,160.97,163.06,160.75,160.90,3854000
2019-05-16 20:00:00-04:00,159.63,162.67,159.53,161.07,5223800
2019-05-19 20:00:00-04:00,159.85,161.30,159.42,159.70,4782800
2019-05-20 20:00:00-04:00,156.51,161.02,155.85,160.12,8555600
2019-05-21 20:00:00-04:00,159.32,160.76,157.28,158.00,5706000
2019-05-22 20:00:00-04:00,157.61,161.03,155.79,160.58,7754000
2019-05-23 20:00:00-04:00,161.03,162.14,159.25,161.91,3799500
2019-05-27 20:00:00-04:00,162.57,164.32,160.04,160.20,5165800
2019-05-28 20:00:00-04:00,159.14,160.48,157.26,158.90,4569900
2019-05-29 20:00:00-04:00,159.02,161.00,158.98,159.81,3029800
2019-05-30 20:00:00-04:00,158.61,159.15,157.79,158.78,3681500
2019-06-02 20:00:00-04:00,158.51,160.47,157.86,158.55,4620200
2019-06-03 20:00:00-04:00,160.23,163.51,160.10,163.30,5118100
2019-06-04 20:00:00-04:00,163.40,165.68,162.62,165.66,3704600
2019-06-05 20:00:00-04:00,165.62,166.47,164.20,166.06,3732900
2019-06-06 20:00:00-04:00,166.09,167.62,165.25,166.17,3522300
2019-06-09 20:00:00-04:00,167.23,168.32,166.19,166.80,3154500
2019-06-10 20:00:00-04:00,167.62,169.15,164.94,166.77,3708500
2019-06-11 20:00:00-04:00,167.44,168.60,166.74,167.55,2551500
2019-06-12 20:00:00-04:00,168.40,170.70,167.98,170.42,3630900
2019-06-13 20:00:00-04:00,169.55,173.92,169.55,173.30,4898000
2019-06-16 20:00:00-04:00,174.34,175.85,173.50,174.32,4620500
2019-06-17 20:00:00-04:00,175.27,177.01,174.43,174.74,3891300
2019-06-18 20:00:00-04:00,175.10,175.59,173.41,175.13,3648200
2019-06-19 20:00:00-04:00,176.50,178.26,176.29,177.92,5171500
2019-06-20 20:00:00-04:00,177.93,178.54,176.09,176.35,9604750
2019-06-23 20:00:00-04:00,175.31,176.24,172.76,173.08,4943500
2019-06-24 20:00:00-04:00,173.75,174.42,171.98,172.44,3587900
2019-06-25 20:00:00-04:00,172.94,174.61,172.36,173.85,3071200
2019-06-26 20:00:00-04:00,174.85,175.18,173.51,174.36,2286800
2019-06-27 20:00:00-04:00,174.99,176.02,174.67,175.16,9604750
2019-06-30 20:00:00-04:00,176.61,178.81,175.33,177.10,4097700
2019-07-01 20:00:00-04:00,177.07,177.09,175.57,176.98,3160500
2019-07-02 20:00:00-04:00,176.71,179.18,176.61,178.64,2183700
2019-07-04 20:00:00-04:00,176.84,178.69,176.64,178.10,2547800
2019-07-07 20:00:00-04:00,177.69,179.76,177.36,179.32,2705300
2019-07-08 20:00:00-04:00,178.49,179.67,177.88,178.55,2397400
2019-07-09 20:00:00-04:00,177.47,177.98,175.88,177.50,3457400
2019-07-10 20:00:00-04:00,178.76,180.30,177.73,180.27,3450100
2019-07-11 20:00:00-04:00,181.08,183.81,180.75,183.80,4429800
2019-07-14 20:00:00-04:00,184.40,184.70,182.60,184.19,3141300
2019-07-15 20:00:00-04:00,183.01,183.90,182.53,182.98,2657400
2019-07-16 20:00:00-04:00,182.53,183.25,181.59,181.59,3037300
2019-07-17 20:00:00-04:00,181.50,182.11,179.40,180.61,3068000
2019-07-18 20:00:00-04:00,180.80,181.27,179.33,179.43,3254800
2019-07-21 20:00:00-04:00,179.39,179.61,177.19,177.94,2764900
2019-07-22 20:00:00-04:00,179.03,180.34,178.32,179.46,2589900
2019-07-23 20:00:00-04:00,179.55,180.90,179.45,180.83,2207100
2019-07-24 20:00:00-04:00,180.47,181.85,179.92,181.54,2335300
2019-07-25 20:00:00-04:00,181.52,182.94,180.32,182.69,2675500
2019-07-28 20:00:00-04:00,182.59,183.83,182.21,183.64,2407200
2019-07-29 20:00:00-04:00,183.20,184.10,182.64,183.07,2172600
2019-07-30 20:00:00-04:00,182.21,183.44,178.69,179.97,3426400
2019-07-31 20:00:00-04:00,180.35,183.28,178.57,179.25,3431500
2019-08-01 20:00:00-04:00,178.43,179.51,177.78,178.68,2884900
2019-08-04 20:00:00-04:00,176.47,176.83,171.88,172.60,4553200
2019-08-05 20:00:00-04:00,172.66,176.10,172.23,175.86,3646800
2019-08-06 20:00:00-04:00,173.53,175.60,171.08,175.11,3901100
2019-08-07 20:00:00-04:00,176.61,178.29,175.79,178.19,2968000
2019-08-08 20:00:00-04:00,178.09,178.90,175.14,176.88,2912100
2019-08-11 20:00:00-04:00,175.27,176.56,173.62,174.35,2005000
2019-08-12 20:00:00-04:00,173.76,178.23,172.47,175.46,3876700
2019-08-13 20:00:00-04:00,172.20,172.96,169.72,169.78,4582100
2019-08-14 20:00:00-04:00,170.97,171.61,167.64,169.95,4199700
2019-08-15 20:00:00-04:00,171.60,172.18,169.85,171.52,4093600
2019-08-18 20:00:00-04:00,174.32,175.87,172.91,175.14,6413600
2019-08-19 20:00:00-04:00,179.81,183.48,178.69,182.84,9604750
2019-08-20 20:00:00-04:00,184.22,186.03,182.56,185.63,7938600
2019-08-21 20:00:00-04:00,185.33,187.53,185.19,186.15,4544600
2019-08-22 20:00:00-04:00,185.20,186.02,181.93,183.16,5769300
2019-08-25 20:00:00-04:00,183.99,184.87,182.07,184.15,3680200
2019-08-26 20:00:00-04:00,184.91,185.63,183.53,183.78,4311700
2019-08-27 20:00:00-04:00,183.50,187.05,182.85,186.93,3066700
2019-08-28 20:00:00-04:00,188.57,191.77,188.46,191.45,4184200
2019-08-29 20:00:00-04:00,192.39,193.10,190.92,191.95,3768300
2019-09-02 20:00:00-04:00,190.72,191.71,188.14,188.72,4139400
2019-09-03 20:00:00-04:00,189.77,189.94,186.99,189.94,3132900
2019-09-04 20:00:00-04:00,191.76,193.86,191.72,193.33,3373100
2019-09-05 20:00:00-04:00,193.79,196.05,193.10,195.85,3237900
2019-09-08 20:00:00-04:00,196.16,198.17,194.96,197.33,4449100
2019-09-09 20:00:00-04:00,196.80,197.45,194.65,197.44,4210600
2019-09-10 20:00:00-04:00,197.38,198.01,195.76,197.15,2978300
2019-09-11 20:00:00-04:00,197.79,199.55,197.53,198.11,3366100
2019-09-12 20:00:00-04:00,198.56,199.11,196.87,198.27,3805500
2019-09-15 20:00:00-04:00,197.21,197.95,195.41,195.73,3120200
2019-09-16 20:00:00-04:00,192.17,195.17,191.90,195.07,3732500
2019-09-17 20:00:00-04:00,195.21,196.19,194.05,195.60,3341800
2019-09-18 20:00:00-04:00,195.87,196.08,193.16,193.30,3134000
2019-09-19 20:00:00-04:00,193.19,194.94,190.00,190.38,7687700
2019-09-22 20:00:00-04:00,189.95,192.47,189.77,191.72,2754000
2019-09-23 20:00:00-04:00,193.32,195.10,190.47,191.00,4511300
2019-09-24 20:00:00-04:00,192.00,193.58,190.23,193.28,3716700
2019-09-25 20:00:00-04:00,194.62,195.84,194.05,194.72,4200600
2019-09-26 20:00:00-04:00,196.26,196.38,194.16,194.78,3152000
2019-09-29 20:00:00-04:00,195.05,197.09,195.00,196.61,3249200
2019-09-30 20:00:00-04:00,197.44,198.72,195.50,195.81,3335400
2019-10-01 20:00:00-04:00,195.40,195.40,190.10,191.12,4336100
2019-10-02 20:00:00-04:00,190.66,192.19,188.22,192.19,2777700
2019-10-03 20:00:00-04:00,192.50,194.22,192.37,193.14,3163100
2019-10-06 20:00:00-04:00,192.78,193.31,191.55,192.13,2917600
2019-10-07 20:00:00-04:00,190.96,193.86,190.74,192.07,3438500
2019-10-08 20:00:00-04:00,193.62,194.52,192.02,194.00,2657600
2019-10-09 20:00:00-04:00,194.33,196.79,194.11,196.26,2781500
2019-10-10 20:00:00-04:00,198.55,200.57,198.08,198.84,3459200
2019-10-13 20:00:00-04:00,198.47,199.55,198.33,198.44,2183900
2019-10-14 20:00:00-04:00,198.87,200.71,198.79,199.66,2663300
2019-10-15 20:00:00-04:00,199.49,200.12,198.15,199.89,2388100
2019-10-16 20:00:00-04:00,200.28,201.82,199.56,200.63,2250500
2019-10-17 20:00:00-04:00,200.82,202.29,199.67,201.61,3662500
2019-10-20 20:00:00-04:00,201.89,202.51,199.65,200.57,2041700
2019-10-21 20:00:00-04:00,201.08,201.93,200.42,200.99,2003200
2019-10-22 20:00:00-04:00,200.54,201.17,198.59,198.85,2110500
2019-10-23 20:00:00-04:00,198.97,200.29,197.50,198.19,2173900
2019-10-24 20:00:00-04:00,197.85,199.49,197.05,198.61,2210900
2019-10-27 20:00:00-04:00,199.09,200.79,198.76,200.66,2705000
2019-10-28 20:00:00-04:00,200.69,201.25,198.22,198.40,2558000
2019-10-29 20:00:00-04:00,197.87,200.49,197.33,200.18,1956700
2019-10-30 20:00:00-04:00,200.71,201.16,197.62,198.77,2824100
2019-10-31 20:00:00-04:00,200.04,201.21,199.18,201.11,2197400
2019-11-03 19:00:00-05:00,201.90,202.00,198.18,199.06,2542400
2019-11-04 19:00:00-05:00,198.91,199.06,195.12,196.76,3624600
2019-11-05 19:00:00-05:00,197.29,198.32,196.50,198.29,2631900
2019-11-06 19:00:00-05:00,198.28,199.80,196.39,197.39,2832500
2019-11-07 19:00:00-05:00,197.27,197.66,196.28,197.30,2088400
2019-11-10 19:00:00-05:00,195.32,196.83,195.05,196.42,2309600
2019-11-11 19:00:00-05:00,196.72,198.82,196.59,197.54,2991100
2019-11-12 19:00:00-05:00,196.66,199.05,195.61,198.96,2399600
2019-11-13 19:00:00-05:00,199.13,200.77,198.32,200.44,2282200
2019-11-14 19:00:00-05:00,201.41,201.72,200.28,201.07,3524700
2019-11-17 19:00:00-05:00,202.05,202.78,200.62,202.39,5747400
2019-11-18 19:00:00-05:00,195.40,197.54,191.00,191.39,9604750
2019-11-19 19:00:00-05:00,190.28,190.66,186.90,187.18,9604750
2019-11-20 19:00:00-05:00,188.06,188.38,185.15,185.18,7823700
2019-11-21 19:00:00-05:00,185.15,185.68,184.56,184.75,5786500
2019-11-24 19:00:00-05:00,184.73,185.17,183.78,185.06,8865400
2019-11-25 19:00:00-05:00,185.37,187.23,185.06,187.06,9604750
2019-11-26 19:00:00-05:00,187.84,189.34,186.98,188.96,6687500
2019-11-28 19:00:00-05:00,189.22,189.24,186.67,186.85,2952900
2019-12-01 19:00:00-05:00,187.18,187.43,184.27,184.40,4416300
2019-12-02 19:00:00-05:00,183.41,183.41,180.43,181.34,6505400
2019-12-03 19:00:00-05:00,182.07,183.31,181.81,182.58,4256200
2019-12-04 19:00:00-05:00,182.80,182.92,180.59,181.64,4580500
2019-12-05 19:00:00-05:00,182.67,183.66,182.41,182.73,4193700
2019-12-08 19:00:00-05:00,182.74,185.80,182.65,184.65,5111100
2019-12-09 19:00:00-05:00,184.64,184.79,183.43,184.12,4663000
2019-12-10 19:00:00-05:00,179.96,182.20,179.60,180.79,8284800
2019-12-11 19:00:00-05:00,181.22,182.61,179.71,180.82,9604750
2019-12-12 19:00:00-05:00,180.89,182.69,179.66,182.56,6869200
2019-12-15 19:00:00-05:00,182.86,184.82,182.75,183.80,5850300
2019-12-16 19:00:00-05:00,184.22,187.14,184.09,185.67,7574400
2019-12-17 19:00:00-05:00,186.09,187.26,185.60,185.91,6677400
2019-12-18 19:00:00-05:00,186.32,188.27,186.15,187.80,5405000
2019-12-19 19:00:00-05:00,188.12,188.95,187.44,188.63,7778200
2019-12-22 19:00:00-05:00,189.32,189.32,186.88,186.94,3943700
2019-12-23 19:00:00-05:00,187.19,188.50,186.95,188.18,2260700
2019-12-25 19:00:00-05:00,188.24,188.59,187.26,188.31,2649200
2019-12-26 19:00:00-05:00,188.64,189.14,187.42,187.59,3082800
2019-12-29 19:00:00-05:00,187.93,188.03,184.67,185.32,3952400
2019-12-30 19:00:00-05:00,185.14,186.34,184.58,186.23,3789900
2020-01-01 19:00:00-05:00,186.83,187.41,185.77,187.32,3935700
2020-01-02 19:00:00-05:00,185.17,187.34,184.84,186.70,3423200
2020-01-05 19:00:00-05:00,184.62,187.61,184.54,187.58,5682800
2020-01-06 19:00:00-05:00,187.19,188.09,184.97,186.35,5685400
2020-01-07 19:00:00-05:00,186.59,190.15,186.48,189.14,4916200
2020-01-08 19:00:00-05:00,189.86,192.35,189.19,192.04,4843600
2020-01-09 19:00:00-05:00,191.66,192.29,190.20,191.21,4226600
2020-01-12 19:00:00-05:00,191.45,191.46,189.90,190.46,6060900
2020-01-13 19:00:00-05:00,189.73,191.83,189.58,190.01,3915100
2020-01-14 19:00:00-05:00,189.56,191.86,189.43,191.53,3444300
2020-01-15 19:00:00-05:00,192.67,195.17,192.22,195.13,5390800
2020-01-16 19:00:00-05:00,195.81,198.36,195.21,197.77,7979200
2020-01-20 19:00:00-05:00,197.45,199.26,197.04,198.66,4873500
2020-01-21 19:00:00-05:00,199.37,201.71,198.60,198.61,4030800
2020-01-22 19:00:00-05:00,197.96,200.25,196.69,199.25,4617900
2020-01-23 19:00:00-05:00,199.94,200.77,196.62,197.85,4467500
2020-01-26 19:00:00-05:00,194.61,198.25,194.61,197.16,3595600
2020-01-27 19:00:00-05:00,197.69,200.62,197.29,199.43,3621900
2020-01-28 19:00:00-05:00,200.32,201.15,199.04,199.57,2564000
2020-01-29 19:00:00-05:00,197.85,198.95,197.48,198.52,4685700
2020-01-30 19:00:00-05:00,198.66,198.89,194.34,194.52,5304700
2020-02-02 19:00:00-05:00,196.40,199.15,195.59,197.45,5100900
2020-02-03 19:00:00-05:00,199.58,201.56,199.58,200.40,3505100
2020-02-04 19:00:00-05:00,202.20,203.24,201.14,203.06,3868600
2020-02-05 19:00:00-05:00,202.96,204.17,202.52,203.68,3930300
2020-02-06 19:00:00-05:00,203.68,204.27,201.70,202.37,2456100
2020-02-09 19:00:00-05:00,201.77,205.19,201.41,205.19,2568000
2020-02-10 19:00:00-05:00,205.19,206.76,204.84,206.07,2692400
2020-02-11 19:00:00-05:00,206.48,206.63,203.68,206.02,3592100
2020-02-12 19:00:00-05:00,205.50,207.74,205.01,206.68,2468100
2020-02-13 19:00:00-05:00,207.60,209.10,206.91,208.96,2841600
2020-02-17 19:00:00-05:00,208.80,209.88,207.36,208.03,2892600
2020-02-18 19:00:00-05:00,208.86,209.36,207.24,207.77,2713300
2020-02-19 19:00:00-05:00,207.81,210.74,206.50,210.65,3701800
2020-02-20 19:00:00-05:00,210.21,210.94,208.08,209.22,3881100
2020-02-23 19:00:00-05:00,203.37,207.32,202.71,204.41,5350100
2020-02-24 19:00:00-05:00,209.87,210.61,201.67,202.43,8061500
2020-02-25 19:00:00-05:00,203.90,205.56,199.82,200.64,6963000
2020-02-26 19:00:00-05:00,197.05,200.25,191.51,191.65,7612800
2020-02-27 19:00:00-05:00,186.44,188.52,181.07,185.77,9604750
2020-03-01 19:00:00-05:00,187.60,196.14,186.32,196.09,7150800
2020-03-02 19:00:00-05:00,196.17,201.10,192.36,194.38,8432500
2020-03-03 19:00:00-05:00,198.71,205.79,197.68,205.59,6770000
2020-03-04 19:00:00-05:00,201.77,204.34,198.83,200.24,6473900
2020-03-05 19:00:00-05:00,194.07,196.39,189.53,194.87,7399900
2020-03-08 20:00:00-04:00,182.38,184.35,176.74,179.48,9604750
2020-03-09 20:00:00-04:00,185.23,192.58,179.94,192.47,7206600
2020-03-10 20:00:00-04:00,186.55,188.14,180.71,182.76,7253900
2020-03-11 20:00:00-04:00,167.76,177.35,158.68,163.62,9604750
2020-03-12 20:00:00-04:00,172.08,176.69,163.11,176.57,9604750
2020-03-15 20:00:00-04:00,156.22,159.76,140.03,141.62,9604750
2020-03-16 20:00:00-04:00,144.41,150.05,133.32,149.07,9604750
2020-03-17 20:00:00-04:00,137.19,139.36,120.73,133.61,9604750
2020-03-18 20:00:00-04:00,131.49,139.86,121.91,138.33,9604750
2020-03-19 20:00:00-04:00,139.74,146.13,130.33,130.62,9604750
2020-03-22 20:00:00-04:00,128.82,141.59,125.63,139.41,9604750
2020-03-23 20:00:00-04:00,148.85,159.40,147.67,158.58,9604750
2020-03-24 20:00:00-04:00,158.32,164.44,154.53,156.04,9604750
2020-03-25 20:00:00-04:00,157.52,170.15,156.67,167.59,9604750
2020-03-26 20:00:00-04:00,161.82,168.59,160.11,163.59,7121700
2020-03-29 20:00:00-04:00,163.60,170.15,161.06,168.35,6936700
2020-03-30 20:00:00-04:00,167.23,167.83,159.21,160.29,7335400
2020-03-31 20:00:00-04:00,151.02,156.90,150.24,153.35,7858200
2020-04-01 20:00:00-04:00,150.19,156.86,149.38,155.65,6353900
2020-04-02 20:00:00-04:00,154.15,155.69,150.18,153.41,7299800
2020-04-05 20:00:00-04:00,161.40,165.18,158.93,164.25,7454000
2020-04-06 20:00:00-04:00,174.20,175.23,164.70,165.08,6438800
2020-04-07 20:00:00-04:00,166.73,168.93,164.44,167.25,6094700
2020-04-08 20:00:00-04:00,171.53,176.84,168.69,173.01,7125100
2020-04-12 20:00:00-04:00,172.08,172.08,167.72,170.66,4415600
2020-04-13 20:00:00-04:00,173.31,180.05,171.81,177.85,5655400
2020-04-14 20:00:00-04:00,170.56,173.62,168.79,170.39,5693900
2020-04-15 20:00:00-04:00,170.94,173.60,168.97,171.57,7262800
2020-04-16 20:00:00-04:00,177.85,180.50,176.99,179.78,6717600
2020-04-19 20:00:00-04:00,176.96,181.17,176.30,176.89,4753100
2020-04-20 20:00:00-04:00,172.34,175.42,171.28,172.22,4845000
2020-04-21 20:00:00-04:00,173.32,176.60,172.68,175.28,4067700
2020-04-22 20:00:00-04:00,174.55,177.68,173.58,173.69,3565500
2020-04-23 20:00:00-04:00,175.76,182.80,175.00,182.15,5025200
2020-04-26 20:00:00-04:00,184.61,189.67,183.73,186.94,5472800
2020-04-27 20:00:00-04:00,192.29,192.49,186.22,186.83,5080700
2020-04-28 20:00:00-04:00,190.02,192.45,188.71,190.42,4381100
2020-04-29 20:00:00-04:00,186.11,190.68,185.88,188.72,5152700
2020-04-30 20:00:00-04:00,186.09,188.61,185.24,187.64,3819300
2020-05-03 20:00:00-04:00,186.02,191.15,184.76,190.45,4090900
2020-05-04 20:00:00-04:00,193.11,196.47,191.97,193.68,4655200
2020-05-05 20:00:00-04:00,195.19,196.11,192.13,192.23,3321100
2020-05-06 20:00:00-04:00,194.46,198.85,194.38,196.98,4501300
2020-05-07 20:00:00-04:00,199.77,202.22,198.44,201.26,4365200
2020-05-10 20:00:00-04:00,198.97,204.98,198.53,203.08,4378300
2020-05-11 20:00:00-04:00,204.81,205.39,199.94,199.94,4399600
2020-05-12 20:00:00-04:00,200.06,202.86,196.20,197.54,6237200
2020-05-13 20:00:00-04:00,194.34,201.45,194.19,201.30,6434500
2020-05-14 20:00:00-04:00,199.85,208.81,199.77,205.46,9604750
2020-05-17 20:00:00-04:00,211.05,213.18,209.51,210.63,8314800
2020-05-18 20:00:00-04:00,206.42,208.15,204.15,204.41,9387000
2020-05-19 20:00:00-04:00,207.75,207.99,201.70,204.48,7534200
2020-05-20 20:00:00-04:00,203.99,207.05,202.42,206.79,4772700
2020-05-21 20:00:00-04:00,206.64,208.05,204.89,207.65,3041800
2020-05-25 20:00:00-04:00,213.03,213.09,207.81,208.17,4535200
2020-05-26 20:00:00-04:00,208.35,212.38,206.71,212.36,4664800
2020-05-27 20:00:00-04:00,214.21,216.54,209.84,210.45,5259300
2020-05-28 20:00:00-04:00,210.38,214.37,210.10,213.32,5341600
2020-05-31 20:00:00-04:00,214.12,214.43,211.08,212.30,3407800
2020-06-01 20:00:00-04:00,213.45,216.96,212.05,216.95,5301000
2020-06-02 20:00:00-04:00,217.46,218.35,216.24,216.77,4638100
2020-06-03 20:00:00-04:00,215.71,217.78,213.72,215.00,4759400
2020-06-04 20:00:00-04:00,217.92,220.96,216.23,220.14,5054300
2020-06-07 20:00:00-04:00,218.05,221.79,217.86,221.75,3811900
2020-06-08 20:00:00-04:00,220.51,223.06,219.24,221.74,3716100
2020-06-09 20:00:00-04:00,222.34,223.93,219.55,219.75,3589800
2020-06-10 20:00:00-04:00,214.92,216.44,206.18,206.81,6563700
2020-06-11 20:00:00-04:00,209.92,212.79,204.72,209.38,5238500
2020-06-14 20:00:00-04:00,205.21,209.19,202.35,208.44,6250900
2020-06-15 20:00:00-04:00,215.39,217.33,209.75,215.86,5291600
2020-06-16 20:00:00-04:00,218.30,219.89,215.97,216.64,4234000
2020-06-17 20:00:00-04:00,215.35,217.42,213.43,215.22,3347800
2020-06-18 20:00:00-04:00,218.58,219.62,212.78,213.01,9604750
2020-06-21 20:00:00-04:00,212.19,215.96,212.03,215.18,3815200
2020-06-22 20:00:00-04:00,218.49,218.87,216.02,216.17,3105300
2020-06-23 20:00:00-04:00,214.01,216.15,209.63,212.56,3873000
2020-06-24 20:00:00-04:00,211.41,212.75,209.17,211.91,2938400
2020-06-25 20:00:00-04:00,211.89,212.54,207.48,208.14,5002700
2020-06-28 20:00:00-04:00,209.57,212.88,207.56,212.55,3468300
2020-06-29 20:00:00-04:00,213.31,217.33,212.53,216.34,4524600
2020-06-30 20:00:00-04:00,215.60,216.19,213.25,214.31,3677300
2020-07-01 20:00:00-04:00,217.58,217.89,214.11,214.61,3369800
2020-07-05 20:00:00-04:00,216.14,217.20,213.35,215.52,3133800
2020-07-06 20:00:00-04:00,213.63,216.58,213.37,213.62,2927800
2020-07-07 20:00:00-04:00,214.06,215.72,212.64,215.19,2294000
2020-07-08 20:00:00-04:00,215.61,216.34,212.75,214.14,2994700
2020-07-09 20:00:00-04:00,214.43,216.19,213.00,216.00,2745300
2020-07-12 20:00:00-04:00,217.56,222.69,215.12,215.58,4437500
2020-07-13 20:00:00-04:00,215.04,222.97,214.57,222.63,4614200
2020-07-14 20:00:00-04:00,224.66,225.65,220.35,222.64,4343700
2020-07-15 20:00:00-04:00,221.74,224.97,221.09,222.88,2511200
2020-07-16 20:00:00-04:00,224.57,225.10,222.57,224.87,3091300
2020-07-19 20:00:00-04:00,223.71,225.58,222.83,224.69,2451100
2020-07-20 20:00:00-04:00,225.94,227.88,225.16,226.63,2439900
2020-07-21 20:00:00-04:00,226.78,229.37,226.27,229.01,2750000
2020-07-22 20:00:00-04:00,231.28,231.28,226.09,227.83,2680100
2020-07-23 20:00:00-04:00,228.89,230.49,227.12,229.13,2984500
2020-07-26 20:00:00-04:00,228.94,232.04,228.94,230.95,2412500
2020-07-27 20:00:00-04:00,231.93,232.37,228.57,229.10,2227000
2020-07-28 20:00:00-04:00,228.69,230.68,228.14,228.56,2874100
2020-07-29 20:00:00-04:00,227.42,230.89,225.88,229.99,2347800
2020-07-30 20:00:00-04:00,228.86,230.73,225.07,229.28,3640600
2020-08-02 20:00:00-04:00,230.35,231.95,229.44,229.88,2363500
2020-08-03 20:00:00-04:00,230.27,231.35,227.86,231.34,2224000
2020-08-04 20:00:00-04:00,231.79,231.79,229.63,231.00,1959900
2020-08-05 20:00:00-04:00,230.24,233.56,230.18,232.63,2203400
2020-08-06 20:00:00-04:00,233.70,237.43,233.01,234.59,2846300
2020-08-09 20:00:00-04:00,235.27,237.49,234.73,237.26,2393100
2020-08-10 20:00:00-04:00,239.82,241.27,236.98,237.43,3321300
2020-08-11 20:00:00-04:00,241.60,244.38,239.19,243.18,3867900
2020-08-12 20:00:00-04:00,242.81,244.10,241.59,243.25,2202400
2020-08-13 20:00:00-04:00,242.80,243.54,241.11,242.29,2490400
2020-08-16 20:00:00-04:00,245.61,249.78,244.90,248.93,5584400
2020-08-17 20:00:00-04:00,249.50,250.95,244.44,246.13,6934300
2020-08-18 20:00:00-04:00,248.26,248.70,243.48,244.28,4986800
2020-08-19 20:00:00-04:00,242.28,243.46,241.33,242.40,3530000
2020-08-20 20:00:00-04:00,241.79,244.88,240.45,244.60,5519100
2020-08-23 20:00:00-04:00,246.12,247.73,243.47,247.64,4430900
2020-08-24 20:00:00-04:00,248.09,248.27,245.17,247.11,2854500
2020-08-25 20:00:00-04:00,248.49,252.28,247.23,252.12,4001900
2020-08-26 20:00:00-04:00,252.37,253.00,247.48,249.27,3430900
2020-08-27 20:00:00-04:00,248.99,249.44,245.93,247.24,3100100
2020-08-30 20:00:00-04:00,246.13,247.59,244.29,246.17,4105400
2020-08-31 20:00:00-04:00,245.29,247.58,244.84,246.94,3235100
2020-09-01 20:00:00-04:00,247.30,250.07,246.21,249.34,3464600
2020-09-02 20:00:00-04:00,249.43,249.77,236.29,238.43,5380100
2020-09-03 20:00:00-04:00,239.22,240.28,229.78,234.11,5253500
2020-09-07 20:00:00-04:00,231.90,235.31,228.16,233.76,5241200
2020-09-08 20:00:00-04:00,236.54,242.86,235.93,240.52,4754700
2020-09-09 20:00:00-04:00,241.36,243.94,235.42,236.75,3156300
2020-09-10 20:00:00-04:00,237.86,241.33,237.41,239.90,3729200
2020-09-13 20:00:00-04:00,241.83,245.22,241.37,243.65,3055800
2020-09-14 20:00:00-04:00,245.73,248.90,245.15,247.93,4174900
2020-09-15 20:00:00-04:00,247.96,248.80,243.68,244.50,3379100
2020-09-16 20:00:00-04:00,241.27,245.45,240.45,243.05,3166600
2020-09-17 20:00:00-04:00,241.71,242.94,235.11,238.91,6072900
2020-09-20 20:00:00-04:00,236.03,236.92,231.39,236.45,3548000
2020-09-21 20:00:00-04:00,235.86,237.46,234.95,237.28,2972000
2020-09-22 20:00:00-04:00,239.11,240.15,229.80,231.41,4467600
2020-09-23 20:00:00-04:00,230.68,234.15,229.09,230.67,3095600
2020-09-24 20:00:00-04:00,229.36,234.54,229.13,233.15,2457700
2020-09-27 20:00:00-04:00,236.08,238.07,234.67,236.43,3061100
2020-09-28 20:00:00-04:00,237.36,237.74,235.37,236.24,2048900
2020-09-29 20:00:00-04:00,237.43,243.02,236.59,241.10,4778800
2020-09-30 20:00:00-04:00,242.60,243.09,239.48,241.02,2696900
2020-10-01 20:00:00-04:00,238.69,244.03,237.97,242.49,2943600
2020-10-04 20:00:00-04:00,243.89,245.19,242.83,244.91,2330700
2020-10-05 20:00:00-04:00,245.26,245.69,239.42,240.02,2992500
2020-10-06 20:00:00-04:00,243.83,246.56,243.09,245.51,3423700
2020-10-07 20:00:00-04:00,246.42,247.39,244.10,247.01,2256200
2020-10-08 20:00:00-04:00,247.84,249.41,246.64,248.23,2240100
2020-10-11 20:00:00-04:00,249.50,250.32,248.35,249.09,2411900
2020-10-12 20:00:00-04:00,248.04,252.44,248.04,252.08,2699900
2020-10-13 20:00:00-04:00,251.34,252.03,247.56,249.24,2221000
2020-10-14 20:00:00-04:00,246.66,251.99,245.80,249.63,2699400
2020-10-15 20:00:00-04:00,250.25,254.07,249.38,249.74,3108600
2020-10-18 20:00:00-04:00,251.56,251.86,246.02,246.33,2428100
2020-10-19 20:00:00-04:00,247.55,251.59,246.67,248.33,2281500
2020-10-20 20:00:00-04:00,247.77,250.05,245.94,247.00,2304500
2020-10-21 20:00:00-04:00,246.50,248.02,243.65,244.09,2787000
2020-10-22 20:00:00-04:00,245.15,245.86,242.70,245.69,1750600
2020-10-25 20:00:00-04:00,242.78,244.42,236.14,239.65,2911900
2020-10-26 20:00:00-04:00,240.47,242.85,239.72,240.34,3014100
2020-10-27 20:00:00-04:00,234.62,237.59,233.27,234.16,3255900
2020-10-28 20:00:00-04:00,234.14,237.62,232.07,234.08,2872500
2020-10-29 20:00:00-04:00,233.38,234.08,227.49,231.55,3872800
2020-11-01 19:00:00-05:00,234.54,238.56,233.12,235.05,2956400
2020-11-02 19:00:00-05:00,238.62,242.68,237.64,240.80,3037500
2020-11-03 19:00:00-05:00,240.27,249.20,239.62,245.45,3525300
2020-11-04 19:00:00-05:00,250.34,250.90,246.63,248.17,2516600
2020-11-05 19:00:00-05:00,248.93,248.97,245.56,246.77,2839100
2020-11-08 19:00:00-05:00,250.02,250.40,233.95,234.38,7856400
2020-11-09 19:00:00-05:00,236.83,239.43,233.75,239.24,4828500
2020-11-10 19:00:00-05:00,240.76,244.55,239.76,241.13,2987900
2020-11-11 19:00:00-05:00,245.69,246.29,237.74,239.82,3818600
2020-11-12 19:00:00-05:00,239.98,242.85,238.97,240.63,3939200
2020-11-15 19:00:00-05:00,242.38,244.21,239.96,242.71,5360200
2020-11-16 19:00:00-05:00,236.23,237.47,233.89,236.55,8532200
2020-11-17 19:00:00-05:00,234.84,239.08,233.54,234.26,5122200
2020-11-18 19:00:00-05:00,234.77,236.47,233.28,235.21,3929400
2020-11-19 19:00:00-05:00,235.66,236.46,233.42,234.24,4111000
2020-11-22 19:00:00-05:00,234.41,237.61,234.02,235.62,3294200
2020-11-23 19:00:00-05:00,237.88,239.22,236.64,237.28,4773400
2020-11-24 19:00:00-05:00,237.43,238.52,235.46,237.84,3001700
2020-11-26 19:00:00-05:00,238.96,240.12,238.19,239.61,1625300
2020-11-29 19:00:00-05:00,238.94,241.14,236.07,240.84,4624100
2020-11-30 19:00:00-05:00,241.99,242.18,239.22,240.14,3942400
2020-12-01 19:00:00-05:00,239.15,239.27,235.31,236.64,4168600
2020-12-02 19:00:00-05:00,236.23,237.37,233.19,234.06,4168900
2020-12-03 19:00:00-05:00,233.48,234.58,229.42,230.44,7732800
2020-12-06 19:00:00-05:00,230.01,230.88,227.83,229.26,6379000
2020-12-07 19:00:00-05:00,228.46,229.14,225.85,228.46,5338100
2020-12-08 19:00:00-05:00,230.98,231.99,228.92,231.83,4550100
2020-12-09 19:00:00-05:00,230.52,232.25,228.80,231.15,4234300
2020-12-10 19:00:00-05:00,229.89,231.63,229.27,230.93,3454500
2020-12-13 19:00:00-05:00,232.31,234.46,231.56,231.83,4576800
2020-12-14 19:00:00-05:00,233.51,234.60,232.37,233.92,3754100
2020-12-15 19:00:00-05:00,234.40,236.34,233.51,235.33,4669600
2020-12-16 19:00:00-05:00,237.57,239.46,236.82,239.15,4247000
2020-12-17 19:00:00-05:00,239.69,240.69,235.95,236.08,9604750
2020-12-20 19:00:00-05:00,234.43,237.39,232.09,236.55,4339000
2020-12-21 19:00:00-05:00,235.74,236.87,234.38,235.72,3140100
2020-12-22 19:00:00-05:00,235.74,236.56,234.11,235.52,2337100
2020-12-23 19:00:00-05:00,235.20,236.87,235.16,236.49,1093900
2020-12-27 19:00:00-05:00,237.58,237.65,235.02,235.03,2633800
2020-12-28 19:00:00-05:00,235.67,236.09,231.38,232.36,2572100
2020-12-29 19:00:00-05:00,232.29,233.33,231.25,231.55,2511400
2020-12-30 19:00:00-05:00,231.82,232.15,230.08,231.86,2607900
2021-01-03 19:00:00-05:00,232.20,232.58,227.88,230.38,5002000
2021-01-04 19:00:00-05:00,229.28,232.66,228.93,232.24,3822600
2021-01-05 19:00:00-05:00,230.50,235.48,228.59,233.56,3949200
2021-01-06 19:00:00-05:00,233.02,234.62,232.34,232.42,3833200
2021-01-07 19:00:00-05:00,233.37,236.32,233.07,234.89,3757700
2021-01-10 19:00:00-05:00,233.48,238.63,233.29,236.76,3764400
2021-01-11 19:00:00-05:00,236.65,242.61,236.25,241.21,4030900
2021-01-12 19:00:00-05:00,242.94,244.83,239.12,239.22,3921400
2021-01-13 19:00:00-05:00,239.61,239.96,233.65,234.24,4641400
2021-01-14 19:00:00-05:00,234.49,241.26,233.94,240.56,5131700
2021-01-18 19:00:00-05:00,242.67,242.67,238.32,238.47,3615800
2021-01-19 19:00:00-05:00,238.52,241.98,236.99,239.44,3498400
2021-01-20 19:00:00-05:00,241.11,245.02,240.63,243.58,4397900
2021-01-21 19:00:00-05:00,243.77,248.85,242.55,247.90,4501900
2021-01-24 19:00:00-05:00,247.77,249.45,245.65,248.85,4025900
2021-01-25 19:00:00-05:00,249.14,249.34,245.90,246.68,2472200
2021-01-26 19:00:00-05:00,244.40,245.12,238.37,239.22,4337000
2021-01-27 19:00:00-05:00,241.07,247.00,239.99,242.71,3463000
2021-01-28 19:00:00-05:00,240.76,241.85,235.71,236.40,4079500
2021-01-31 19:00:00-05:00,236.76,238.00,233.28,235.75,3707800
2021-02-01 19:00:00-05:00,235.68,240.65,235.68,237.57,4111800
2021-02-02 19:00:00-05:00,237.33,240.68,236.30,239.32,2802700
2021-02-03 19:00:00-05:00,239.39,243.92,239.39,243.38,2976000
2021-02-04 19:00:00-05:00,244.67,245.95,242.50,243.42,2389900
2021-02-07 19:00:00-05:00,244.14,244.78,241.70,244.44,3475600
2021-02-08 19:00:00-05:00,244.12,244.59,241.46,241.59,2507800
2021-02-09 19:00:00-05:00,242.69,243.48,241.14,243.27,2410600
2021-02-10 19:00:00-05:00,242.61,244.63,240.93,241.85,2595300
2021-02-11 19:00:00-05:00,241.90,243.29,241.43,242.24,2392200
2021-02-15 19:00:00-05:00,241.80,243.22,239.94,240.39,2873500
2021-02-16 19:00:00-05:00,240.52,245.98,240.40,245.22,3536400
2021-02-17 19:00:00-05:00,245.11,248.50,244.26,247.08,3532000
2021-02-18 19:00:00-05:00,246.92,247.83,243.92,244.10,4079900
2021-02-21 19:00:00-05:00,242.85,243.10,238.85,240.79,3995500
2021-02-22 19:00:00-05:00,235.14,235.40,224.84,233.27,9604750
2021-02-23 19:00:00-05:00,229.77,233.06,221.74,226.93,9604750
2021-02-24 19:00:00-05:00,226.74,227.74,222.34,222.81,6545400
2021-02-25 19:00:00-05:00,225.01,227.16,223.56,225.51,7871200
2021-02-28 19:00:00-05:00,225.92,229.12,225.62,228.37,4528900
2021-03-01 19:00:00-05:00,228.42,229.67,226.75,227.21,3740300
2021-03-02 19:00:00-05:00,226.33,227.39,223.47,224.65,4257500
2021-03-03 19:00:00-05:00,223.46,224.21,215.69,219.04,7154900
2021-03-04 19:00:00-05:00,220.20,221.89,215.25,221.30,6351800
2021-03-07 19:00:00-05:00,221.92,229.77,220.43,226.11,5037400
2021-03-08 19:00:00-05:00,229.34,233.56,228.52,231.28,6625300
2021-03-09 19:00:00-05:00,233.58,236.06,231.96,233.86,3798400
2021-03-10 19:00:00-05:00,235.93,237.85,234.70,236.15,4371300
2021-03-11 19:00:00-05:00,234.92,240.51,234.32,239.88,4190500
2021-03-14 20:00:00-04:00,241.11,245.64,240.97,244.66,4355200
2021-03-15 20:00:00-04:00,244.66,248.16,243.88,247.77,4458900
2021-03-16 20:00:00-04:00,246.95,249.35,245.29,245.97,5908400
2021-03-17 20:00:00-04:00,245.09,250.75,243.98,248.72,4808100
2021-03-18 20:00:00-04:00,249.14,253.94,248.08,253.94,9604750
2021-03-21 20:00:00-04:00,251.65,255.02,249.63,253.80,5564700
2021-03-22 20:00:00-04:00,254.39,257.74,253.80,254.71,4801200
2021-03-23 20:00:00-04:00,254.08,260.68,253.84,257.14,4842000
2021-03-24 20:00:00-04:00,257.39,261.65,256.89,261.04,5373500
2021-03-25 20:00:00-04:00,261.18,267.03,260.03,266.86,5865900
2021-03-28 20:00:00-04:00,266.41,268.39,263.45,265.44,4642900
2021-03-29 20:00:00-04:00,264.96,268.50,263.55,267.75,5045400
2021-03-30 20:00:00-04:00,268.34,270.56,267.15,268.12,4744100
2021-03-31 20:00:00-04:00,269.56,271.02,266.93,270.32,3923900
2021-04-04 20:00:00-04:00,272.16,277.43,272.07,277.04,4697200
2021-04-05 20:00:00-04:00,275.47,277.51,275.05,275.62,3988600
2021-04-06 20:00:00-04:00,274.79,276.81,273.11,274.47,3799300
2021-04-07 20:00:00-04:00,274.67,276.91,272.81,276.19,4035600
2021-04-08 20:00:00-04:00,277.01,280.48,276.47,280.40,4607800
2021-04-11 20:00:00-04:00,279.08,282.23,278.72,281.77,3556800
2021-04-12 20:00:00-04:00,281.55,281.87,278.44,281.43,3635100
2021-04-13 20:00:00-04:00,280.82,283.45,280.46,281.10,3440600
2021-04-14 20:00:00-04:00,281.26,284.07,281.12,283.49,3508200
2021-04-15 20:00:00-04:00,285.33,288.70,284.54,288.18,6213100
2021-04-18 20:00:00-04:00,286.78,288.84,285.86,287.10,4494300
2021-04-19 20:00:00-04:00,286.35,287.83,282.98,284.56,4462900
2021-04-20 20:00:00-04:00,285.44,288.03,284.50,286.31,3740100
2021-04-21 20:00:00-04:00,286.53,286.73,280.06,282.36,4875000
2021-04-22 20:00:00-04:00,283.00,285.94,280.71,284.50,3405700
2021-04-25 20:00:00-04:00,284.31,284.59,280.48,281.07,2848500
2021-04-26 20:00:00-04:00,281.52,283.25,281.41,281.60,3335800
2021-04-27 20:00:00-04:00,282.79,283.68,280.46,280.82,2713400
2021-04-28 20:00:00-04:00,282.58,286.17,282.03,285.77,3261900
2021-04-29 20:00:00-04:00,285.52,286.20,282.49,284.30,3118700
2021-05-02 20:00:00-04:00,286.60,291.29,286.07,290.10,3683700
2021-05-03 20:00:00-04:00,289.09,292.70,288.88,292.30,3954400
2021-05-04 20:00:00-04:00,293.60,293.60,290.88,291.66,3227200
2021-05-05 20:00:00-04:00,293.09,296.72,292.70,296.52,3539600
2021-05-06 20:00:00-04:00,295.73,298.48,294.72,297.99,2998100
2021-05-09 20:00:00-04:00,299.04,303.65,298.24,299.63,4840600
2021-05-10 20:00:00-04:00,296.50,296.89,288.29,290.44,5500900
2021-05-11 20:00:00-04:00,286.81,288.81,277.80,278.44,5822000
2021-05-12 20:00:00-04:00,280.20,287.60,279.93,285.84,5159800
2021-05-13 20:00:00-04:00,286.60,287.51,282.71,284.27,3998000
2021-05-16 20:00:00-04:00,281.96,283.57,276.96,281.09,4388000
2021-05-17 20:00:00-04:00,281.08,285.09,276.49,278.23,7010300
2021-05-18 20:00:00-04:00,274.05,276.47,271.48,276.20,5242100
2021-05-19 20:00:00-04:00,276.59,280.82,276.59,277.48,3854700
2021-05-20 20:00:00-04:00,278.44,280.45,276.20,277.36,3920600
2021-05-23 20:00:00-04:00,278.30,279.97,276.33,276.55,2930600
2021-05-24 20:00:00-04:00,277.15,278.53,276.03,278.23,3523300
2021-05-25 20:00:00-04:00,279.16,282.29,278.16,278.73,2881600
2021-05-26 20:00:00-04:00,278.71,281.44,278.71,280.00,3734800
2021-05-27 20:00:00-04:00,281.40,282.41,280.07,280.12,3194000
2021-05-31 20:00:00-04:00,281.66,282.19,276.84,277.84,3549800
2021-06-01 20:00:00-04:00,278.56,279.89,275.85,276.58,3380100
2021-06-02 20:00:00-04:00,274.61,276.31,273.45,274.99,2652500
2021-06-03 20:00:00-04:00,275.59,276.77,273.15,274.62,2638700
2021-06-06 20:00:00-04:00,274.71,275.78,271.85,273.69,3974800
2021-06-07 20:00:00-04:00,274.85,275.75,272.82,274.52,2913500
2021-06-08 20:00:00-04:00,275.00,276.36,270.99,271.38,3603700
2021-06-09 20:00:00-04:00,271.65,273.41,270.32,272.23,3286300
2021-06-10 20:00:00-04:00,273.08,274.82,272.27,274.40,2785100
2021-06-13 20:00:00-04:00,272.78,273.78,270.39,273.12,3393500
2021-06-14 20:00:00-04:00,272.62,272.80,267.98,270.59,5270600
2021-06-15 20:00:00-04:00,270.80,271.38,265.93,267.35,4492500
2021-06-16 20:00:00-04:00,267.59,269.49,264.92,267.65,4481100
2021-06-17 20:00:00-04:00,264.23,268.28,263.48,267.20,8792700
2021-06-20 20:00:00-04:00,269.53,272.59,269.19,271.60,3774200
2021-06-21 20:00:00-04:00,272.96,278.06,272.22,276.12,4418400
2021-06-22 20:00:00-04:00,275.51,276.96,274.28,275.20,2564500
2021-06-23 20:00:00-04:00,276.48,278.00,275.20,275.35,2649200
2021-06-24 20:00:00-04:00,275.70,278.54,275.09,276.93,9604750
2021-06-27 20:00:00-04:00,276.96,278.38,274.93,277.50,2635400
2021-06-28 20:00:00-04:00,278.84,282.82,278.63,281.00,3150100
2021-06-29 20:00:00-04:00,280.73,282.81,280.51,281.57,3061500
2021-06-30 20:00:00-04:00,282.47,284.05,281.23,283.91,2578000
2021-07-01 20:00:00-04:00,284.79,285.31,283.75,284.94,2201600
2021-07-05 20:00:00-04:00,285.05,285.94,279.73,281.90,3109500
2021-07-06 20:00:00-04:00,281.22,286.46,281.01,285.63,2939900
2021-07-07 20:00:00-04:00,281.73,282.85,277.96,281.26,3663000
2021-07-08 20:00:00-04:00,283.03,285.48,282.71,284.40,2587400
2021-07-11 20:00:00-04:00,283.50,286.09,283.02,284.09,2521800
2021-07-12 20:00:00-04:00,284.71,285.46,279.75,279.95,3213800
2021-07-13 20:00:00-04:00,281.45,282.61,280.80,281.86,3381600
2021-07-14 20:00:00-04:00,280.24,285.17,280.22,284.95,2603900
2021-07-15 20:00:00-04:00,286.09,288.10,283.79,283.91,3623700
2021-07-18 20:00:00-04:00,280.78,281.67,278.06,281.56,3752600
2021-07-19 20:00:00-04:00,281.23,287.97,281.03,287.28,4251700
2021-07-20 20:00:00-04:00,289.26,290.03,286.94,288.17,2832600
2021-07-21 20:00:00-04:00,289.56,289.59,287.26,288.43,2208100
2021-07-22 20:00:00-04:00,290.92,294.43,289.56,293.89,2786400
2021-07-25 20:00:00-04:00,291.45,292.76,288.63,292.43,2752000
2021-07-26 20:00:00-04:00,292.96,293.04,287.90,288.96,2910300
2021-07-27 20:00:00-04:00,288.22,290.79,286.71,287.43,2376200
2021-07-28 20:00:00-04:00,288.28,290.11,287.36,289.11,2172400
2021-07-29 20:00:00-04:00,288.60,291.48,288.15,289.79,2381200
2021-08-01 20:00:00-04:00,291.38,291.38,288.22,288.93,2016400
2021-08-02 20:00:00-04:00,289.93,294.04,289.64,293.10,2405900
2021-08-03 20:00:00-04:00,291.99,293.08,290.84,291.66,1783700
2021-08-04 20:00:00-04:00,293.11,296.68,292.35,294.13,2284000
2021-08-05 20:00:00-04:00,295.52,296.43,290.61,291.24,2656600
2021-08-08 20:00:00-04:00,290.70,292.33,289.02,290.29,1995300
2021-08-09 20:00:00-04:00,290.21,294.24,288.87,292.69,1868100
2021-08-10 20:00:00-04:00,294.74,298.93,294.39,297.56,3258600
2021-08-11 20:00:00-04:00,297.87,298.60,293.40,294.93,2554200
2021-08-12 20:00:00-04:00,294.79,296.50,292.25,292.55,2217000
2021-08-15 20:00:00-04:00,292.01,296.35,289.59,295.84,3496300
2021-08-16 20:00:00-04:00,283.44,285.72,279.56,283.22,9322800
2021-08-17 20:00:00-04:00,281.97,289.49,281.67,283.92,4880600
2021-08-18 20:00:00-04:00,281.49,287.14,280.61,285.11,2974700
2021-08-19 20:00:00-04:00,284.88,291.10,284.73,290.71,2929900
2021-08-22 20:00:00-04:00,291.38,291.85,289.07,289.39,2792700
2021-08-23 20:00:00-04:00,290.29,290.36,286.54,286.88,2359500
2021-08-24 20:00:00-04:00,286.22,288.35,285.30,285.98,2586900
2021-08-25 20:00:00-04:00,285.39,286.96,283.44,283.86,2952300
2021-08-26 20:00:00-04:00,283.33,286.13,282.24,285.54,2985400
2021-08-29 20:00:00-04:00,287.77,290.94,287.15,288.82,2926900
2021-08-30 20:00:00-04:00,288.73,289.86,285.75,288.01,4183100
2021-08-31 20:00:00-04:00,288.92,289.12,284.24,287.22,3339100
2021-09-01 20:00:00-04:00,288.45,291.25,287.27,290.86,3109000
2021-09-02 20:00:00-04:00,288.72,293.66,288.57,293.17,2774800
2021-09-06 20:00:00-04:00,293.78,295.14,290.11,291.93,2555200
2021-09-07 20:00:00-04:00,291.93,294.58,290.76,294.27,2219500
2021-09-08 20:00:00-04:00,295.04,296.18,293.64,294.44,3011900
2021-09-09 20:00:00-04:00,296.41,297.51,294.15,294.60,3178600
2021-09-12 20:00:00-04:00,297.26,299.21,295.31,297.70,3908700
2021-09-13 20:00:00-04:00,298.22,299.51,295.01,295.63,2857200
2021-09-14 20:00:00-04:00,295.85,297.01,292.95,295.86,2875500
2021-09-15 20:00:00-04:00,297.05,299.82,296.57,298.54,3043800
2021-09-16 20:00:00-04:00,297.26,301.43,297.26,297.90,7098400
2021-09-19 20:00:00-04:00,294.49,297.65,291.47,293.94,4036600
2021-09-20 20:00:00-04:00,295.55,299.05,294.64,296.61,3171100
2021-09-21 20:00:00-04:00,298.06,300.85,295.94,298.13,2872800
2021-09-22 20:00:00-04:00,299.82,301.31,297.83,298.11,2426600
2021-09-23 20:00:00-04:00,298.88,299.82,297.79,299.51,2004900
2021-09-26 20:00:00-04:00,298.96,305.06,298.96,302.99,2966100
2021-09-27 20:00:00-04:00,302.96,302.96,295.05,296.24,3304100
2021-09-28 20:00:00-04:00,295.85,300.75,295.85,299.02,2424000
2021-09-29 20:00:00-04:00,300.18,300.59,290.76,291.32,4255000
2021-09-30 20:00:00-04:00,291.22,295.29,288.05,292.74,2814200
2021-10-03 20:00:00-04:00,291.53,293.41,287.68,289.73,2919900
2021-10-04 20:00:00-04:00,290.11,294.81,289.61,292.40,2514300
2021-10-05 20:00:00-04:00,291.23,293.44,288.78,293.18,2226800
2021-10-06 20:00:00-04:00,295.97,301.05,295.40,299.50,2789500
2021-10-07 20:00:00-04:00,295.53,297.67,293.65,296.72,2912200
2021-10-10 20:00:00-04:00,297.83,302.50,296.95,299.05,2589100
2021-10-11 20:00:00-04:00,300.98,302.67,299.43,299.79,2960300
2021-10-12 20:00:00-04:00,299.36,301.95,298.68,300.21,2477400
2021-10-13 20:00:00-04:00,302.21,305.62,301.83,305.33,2824300
2021-10-14 20:00:00-04:00,307.54,311.46,306.84,310.98,3473500
2021-10-17 20:00:00-04:00,309.73,315.89,309.73,315.06,3487500
2021-10-18 20:00:00-04:00,316.77,317.79,314.54,317.71,2375600
2021-10-19 20:00:00-04:00,317.48,319.11,316.13,317.92,2574800
2021-10-20 20:00:00-04:00,317.89,323.79,317.82,323.59,2885400
2021-10-21 20:00:00-04:00,323.93,325.73,321.40,324.80,2734700
2021-10-24 20:00:00-04:00,325.88,329.84,324.80,329.48,2923400
2021-10-25 20:00:00-04:00,331.37,331.96,327.55,327.65,2989500
2021-10-26 20:00:00-04:00,328.25,332.93,327.75,330.42,2840300
2021-10-27 20:00:00-04:00,331.03,331.86,329.15,329.76,2553500
2021-10-28 20:00:00-04:00,328.66,332.93,328.39,329.91,3820200
2021-10-31 20:00:00-04:00,331.03,331.53,323.66,325.24,3380500
2021-11-01 20:00:00-04:00,324.99,327.38,323.87,325.96,2367100
2021-11-02 20:00:00-04:00,325.37,327.80,324.15,327.45,2378800
2021-11-03 20:00:00-04:00,329.06,331.23,327.84,330.30,3210000
2021-11-04 20:00:00-04:00,331.74,332.28,326.21,326.94,3090200
2021-11-07 19:00:00-05:00,328.56,330.95,326.46,327.11,2357200
2021-11-08 19:00:00-05:00,328.07,331.81,327.22,328.94,2183300
2021-11-09 19:00:00-05:00,326.81,329.44,326.34,327.10,2161400
2021-11-10 19:00:00-05:00,329.25,330.14,324.66,326.26,2387300
2021-11-11 19:00:00-05:00,327.58,331.47,325.43,330.70,2793300
2021-11-14 19:00:00-05:00,332.26,332.69,327.73,329.32,3650600
2021-11-15 19:00:00-05:00,339.01,350.00,336.35,348.18,8648200
2021-11-16 19:00:00-05:00,348.62,354.48,346.83,350.42,4647000
2021-11-17 19:00:00-05:00,353.21,360.79,351.52,360.18,4503700
2021-11-18 19:00:00-05:00,361.76,363.95,358.64,362.70,3542000
2021-11-21 19:00:00-05:00,363.68,369.68,362.71,362.79,4006400
2021-11-22 19:00:00-05:00,360.02,363.58,357.66,362.42,3557000
2021-11-23 19:00:00-05:00,358.24,366.30,357.54,365.73,2676300
2021-11-25 19:00:00-05:00,361.43,367.54,356.98,357.38,3007800
2021-11-28 19:00:00-05:00,361.11,364.58,360.35,361.04,3725500
2021-11-29 19:00:00-05:00,358.17,362.47,355.21,355.53,7773500
2021-11-30 19:00:00-05:00,358.31,365.59,356.65,356.83,3516200
2021-12-01 19:00:00-05:00,358.07,365.99,357.35,363.38,3705000
2021-12-02 19:00:00-05:00,365.23,370.65,360.42,363.42,5237500
2021-12-05 19:00:00-05:00,368.50,374.82,366.45,370.45,4624500
2021-12-06 19:00:00-05:00,371.61,373.00,368.06,370.87,4204500
2021-12-07 19:00:00-05:00,370.87,374.14,363.83,366.48,4079400
2021-12-08 19:00:00-05:00,366.08,370.05,363.84,366.56,3822900
2021-12-09 19:00:00-05:00,367.32,370.37,365.60,370.18,2625200
2021-12-12 19:00:00-05:00,370.18,371.16,360.47,361.13,3766400
2021-12-13 19:00:00-05:00,359.53,361.52,354.74,358.42,4662800
2021-12-14 19:00:00-05:00,357.01,363.52,355.91,363.42,4421400
2021-12-15 19:00:00-05:00,363.94,364.36,354.78,356.04,4632800
2021-12-16 19:00:00-05:00,353.76,354.66,345.25,345.74,9604750
2021-12-19 19:00:00-05:00,342.46,347.70,339.44,347.01,4294800
2021-12-20 19:00:00-05:00,349.00,350.90,341.52,347.96,3038200
2021-12-21 19:00:00-05:00,348.44,352.69,346.53,352.57,3267800
2021-12-22 19:00:00-05:00,354.93,356.31,351.66,353.84,2743900
2021-12-26 19:00:00-05:00,355.60,360.42,354.86,360.10,2228300
2021-12-27 19:00:00-05:00,360.90,362.71,359.13,362.00,2521400
2021-12-28 19:00:00-05:00,362.14,367.48,362.08,366.12,2209300
2021-12-29 19:00:00-05:00,367.02,368.43,363.94,365.31,1804400
2021-12-30 19:00:00-05:00,365.36,371.19,365.27,369.83,2386100
2022-01-02 19:00:00-05:00,371.22,372.35,359.36,364.16,3715700
2022-01-03 19:00:00-05:00,364.16,368.58,363.75,367.90,3266500
2022-01-04 19:00:00-05:00,368.93,369.13,362.52,362.91,4443200
2022-01-05 19:00:00-05:00,364.08,364.54,359.15,361.59,3315100
2022-01-06 19:00:00-05:00,359.45,360.10,350.11,350.76,4520700
2022-01-09 19:00:00-05:00,345.23,345.40,339.44,345.28,6440000
2022-01-10 19:00:00-05:00,345.82,349.18,342.48,344.58,4385400
2022-01-11 19:00:00-05:00,346.02,350.62,344.32,347.01,3623300
2022-01-12 19:00:00-05:00,349.78,351.39,343.86,344.85,3466300
2022-01-13 19:00:00-05:00,339.82,340.42,331.06,331.50,6336200
2022-01-17 19:00:00-05:00,326.25,328.02,320.84,326.80,6435200
2022-01-18 19:00:00-05:00,327.21,328.56,320.28,320.53,5175100
2022-01-19 19:00:00-05:00,322.00,322.46,311.03,311.52,5440600
2022-01-20 19:00:00-05:00,313.43,320.89,309.39,311.10,7718400
2022-01-23 19:00:00-05:00,306.36,324.71,306.20,324.21,8584300
2022-01-24 19:00:00-05:00,319.15,322.16,313.85,319.90,5536700
2022-01-25 19:00:00-05:00,320.81,326.07,315.86,318.39,6103300
2022-01-26 19:00:00-05:00,321.19,324.48,315.38,317.63,3941000
2022-01-27 19:00:00-05:00,320.96,326.80,314.43,326.64,4551300
2022-01-30 19:00:00-05:00,325.10,327.41,322.78,327.03,4084600
2022-01-31 19:00:00-05:00,329.25,330.34,322.92,328.56,3406800
2022-02-01 19:00:00-05:00,328.28,333.88,327.73,333.05,3839300
2022-02-02 19:00:00-05:00,329.89,331.61,323.66,325.10,4009700
2022-02-03 19:00:00-05:00,323.93,324.97,315.69,320.52,3728100
2022-02-06 19:00:00-05:00,321.04,322.41,316.75,318.45,2809300
2022-02-07 19:00:00-05:00,318.45,323.47,316.18,322.09,3225100
2022-02-08 19:00:00-05:00,325.54,327.46,323.48,324.70,2777500
2022-02-09 19:00:00-05:00,319.78,323.48,314.46,316.43,4291800
2022-02-10 19:00:00-05:00,316.08,318.44,310.62,312.16,3308700
2022-02-13 19:00:00-05:00,310.12,314.49,309.07,313.29,3654300
2022-02-14 19:00:00-05:00,316.85,318.51,313.13,314.80,3552500
2022-02-15 19:00:00-05:00,313.24,314.45,308.08,311.98,3594900
2022-02-16 19:00:00-05:00,311.00,313.96,309.57,310.06,3927000
2022-02-17 19:00:00-05:00,310.46,312.43,306.64,309.11,5526100
2022-02-21 19:00:00-05:00,298.61,300.04,278.35,281.75,9604750
2022-02-22 19:00:00-05:00,284.56,285.52,273.67,274.87,9604750
2022-02-23 19:00:00-05:00,267.34,279.32,266.71,279.14,8416700
2022-02-24 19:00:00-05:00,279.09,282.88,274.09,282.18,6510600
2022-02-27 19:00:00-05:00,278.90,281.67,276.68,281.45,5735100
2022-02-28 19:00:00-05:00,280.34,287.33,279.60,285.39,5640900
2022-03-01 19:00:00-05:00,286.11,295.14,284.88,291.73,5645600
2022-03-02 19:00:00-05:00,293.35,294.68,287.69,289.05,3858400
2022-03-03 19:00:00-05:00,287.13,291.10,284.73,288.96,3630900
2022-03-06 19:00:00-05:00,288.96,293.72,285.26,287.63,4670000
2022-03-07 19:00:00-05:00,284.94,292.73,281.56,282.26,5092500
2022-03-08 19:00:00-05:00,286.89,289.09,284.12,284.38,4443600
2022-03-09 19:00:00-05:00,281.83,285.33,276.80,285.04,3895200
2022-03-10 19:00:00-05:00,286.24,288.49,283.51,284.01,2973300
2022-03-13 20:00:00-04:00,289.49,290.47,283.49,285.42,3604200
2022-03-14 20:00:00-04:00,287.20,296.01,287.18,294.54,3775300
2022-03-15 20:00:00-04:00,297.27,299.39,290.68,296.67,3942400
2022-03-16 20:00:00-04:00,295.08,301.55,293.91,301.55,3123200
2022-03-17 20:00:00-04:00,299.11,305.48,297.92,305.48,9409600
2022-03-20 20:00:00-04:00,303.06,305.43,293.23,295.29,4521200
2022-03-21 20:00:00-04:00,295.24,297.02,290.48,295.61,4852800
2022-03-22 20:00:00-04:00,293.07,294.23,283.17,284.24,5207700
2022-03-23 20:00:00-04:00,284.33,286.35,281.78,283.10,4599900
2022-03-24 20:00:00-04:00,285.52,285.81,276.40,278.53,5176500
2022-03-27 20:00:00-04:00,278.82,281.82,277.23,281.76,3936600
2022-03-28 20:00:00-04:00,284.12,287.78,280.54,284.83,5306100
2022-03-29 20:00:00-04:00,280.71,282.62,274.42,276.54,7223800
2022-03-30 20:00:00-04:00,274.52,276.09,267.96,268.35,9604750
2022-03-31 20:00:00-04:00,269.40,271.98,267.97,270.65,5554600
2022-04-03 20:00:00-04:00,270.29,274.76,268.57,273.96,4659500
2022-04-04 20:00:00-04:00,274.57,277.11,270.94,273.31,4376100
2022-04-05 20:00:00-04:00,267.24,269.55,264.46,267.65,6499900
2022-04-06 20:00:00-04:00,266.08,273.07,263.21,271.42,5241000
2022-04-07 20:00:00-04:00,270.26,279.97,270.10,278.92,5741900
2022-04-10 20:00:00-04:00,275.96,281.66,274.27,274.98,4100600
2022-04-11 20:00:00-04:00,277.42,280.87,273.53,274.59,4122600
2022-04-12 20:00:00-04:00,274.43,279.44,274.08,278.30,3185300
2022-04-13 20:00:00-04:00,278.66,279.94,272.84,273.01,4569200
2022-04-17 20:00:00-04:00,271.64,274.59,267.81,269.14,3192400
2022-04-18 20:00:00-04:00,269.50,276.24,268.78,275.95,3389700
2022-04-19 20:00:00-04:00,278.82,283.39,277.70,282.53,4720800
2022-04-20 20:00:00-04:00,284.20,285.45,277.69,278.24,3014200
2022-04-21 20:00:00-04:00,277.76,277.76,268.76,269.05,4043200
2022-04-24 20:00:00-04:00,268.96,273.58,265.61,273.38,4396900
2022-04-25 20:00:00-04:00,270.97,275.73,268.70,268.92,3415200
2022-04-26 20:00:00-04:00,270.12,274.71,268.17,270.39,3446200
2022-04-27 20:00:00-04:00,273.21,281.99,271.65,279.50,4149500
2022-04-28 20:00:00-04:00,276.26,279.46,268.70,269.31,4878200
2022-05-01 20:00:00-04:00,270.74,276.84,268.87,275.20,4233900
2022-05-02 20:00:00-04:00,274.06,277.02,271.66,273.40,3336600
2022-05-03 20:00:00-04:00,272.61,283.08,271.58,282.68,4021300
2022-05-04 20:00:00-04:00,278.82,279.14,263.32,268.16,4959600
2022-05-05 20:00:00-04:00,265.64,266.04,259.46,263.85,4325300
2022-05-08 20:00:00-04:00,260.24,269.62,258.65,266.29,5243600
2022-05-09 20:00:00-04:00,267.57,269.91,257.89,261.03,4392900
2022-05-10 20:00:00-04:00,261.29,262.98,253.33,253.68,3880500
2022-05-11 20:00:00-04:00,252.43,262.84,251.59,259.71,4447700
2022-05-12 20:00:00-04:00,259.95,268.44,258.60,265.40,3949100
2022-05-15 20:00:00-04:00,263.65,268.57,259.80,265.36,4267900
2022-05-16 20:00:00-04:00,274.78,278.76,260.80,269.81,9604750
2022-05-17 20:00:00-04:00,262.68,264.87,252.08,255.67,7799500
2022-05-18 20:00:00-04:00,255.96,262.23,255.47,257.98,5211500
2022-05-19 20:00:00-04:00,259.83,260.44,250.66,257.47,5621800
2022-05-22 20:00:00-04:00,259.17,260.29,251.31,256.43,4305600
2022-05-23 20:00:00-04:00,254.61,259.38,251.61,258.13,4241900
2022-05-24 20:00:00-04:00,256.23,264.91,256.10,263.19,4612900
2022-05-25 20:00:00-04:00,266.55,274.00,266.27,271.47,4170800
2022-05-26 20:00:00-04:00,272.13,276.58,270.39,276.54,3899300
2022-05-30 20:00:00-04:00,274.87,276.01,269.70,271.42,5966600
2022-05-31 20:00:00-04:00,272.22,273.34,267.97,268.12,3080800
2022-06-01 20:00:00-04:00,269.58,276.09,266.95,275.95,4086400
2022-06-02 20:00:00-04:00,273.66,278.29,272.37,275.24,2956600
2022-06-05 20:00:00-04:00,275.67,277.52,273.59,274.16,2562000
2022-06-06 20:00:00-04:00,266.20,272.80,263.98,272.25,3547800
2022-06-07 20:00:00-04:00,270.46,271.18,266.76,268.43,3003100
2022-06-08 20:00:00-04:00,268.63,276.86,268.26,270.53,4168400
2022-06-09 20:00:00-04:00,262.99,267.50,260.41,260.95,4623900
2022-06-12 20:00:00-04:00,256.54,258.76,253.77,255.46,4704600
2022-06-13 20:00:00-04:00,255.51,258.37,249.53,251.41,3987000
2022-06-14 20:00:00-04:00,253.51,255.85,248.52,252.37,4050400
2022-06-15 20:00:00-04:00,248.03,249.10,243.34,246.71,6181000
2022-06-16 20:00:00-04:00,244.49,249.56,243.94,244.25,9604750
2022-06-20 20:00:00-04:00,246.92,247.12,241.26,242.87,5498400
2022-06-21 20:00:00-04:00,240.33,245.19,238.64,242.67,4678400
2022-06-22 20:00:00-04:00,243.59,248.63,243.49,248.48,3747500
2022-06-23 20:00:00-04:00,250.33,255.73,247.13,255.32,9604750
2022-06-26 20:00:00-04:00,256.63,257.12,253.95,255.04,2538600
2022-06-27 20:00:00-04:00,256.02,257.66,243.43,243.72,4052100
2022-06-28 20:00:00-04:00,245.01,249.15,242.51,247.08,2460500
2022-06-29 20:00:00-04:00,244.25,249.94,241.82,247.44,4058000
2022-06-30 20:00:00-04:00,248.76,253.29,247.69,251.78,2818300
2022-07-04 20:00:00-04:00,248.55,255.98,248.13,255.98,3241300
2022-07-05 20:00:00-04:00,257.11,257.95,253.08,255.84,2206100
2022-07-06 20:00:00-04:00,255.17,258.90,253.92,258.65,3133900
2022-07-07 20:00:00-04:00,258.01,259.82,256.14,258.45,1891000
2022-07-10 20:00:00-04:00,257.28,261.26,257.25,258.38,2453200
2022-07-11 20:00:00-04:00,260.70,264.92,255.69,257.23,2696100
2022-07-12 20:00:00-04:00,254.08,261.44,252.39,259.09,2941600
2022-07-13 20:00:00-04:00,254.28,261.89,254.10,261.16,2822200
2022-07-14 20:00:00-04:00,265.97,266.55,262.49,263.81,2647200
2022-07-17 20:00:00-04:00,268.17,269.29,263.44,264.38,2664000
2022-07-18 20:00:00-04:00,266.54,270.66,264.62,270.50,2614900
2022-07-19 20:00:00-04:00,271.49,273.98,269.10,272.73,2533400
2022-07-20 20:00:00-04:00,273.23,275.39,269.63,275.16,1965000
2022-07-21 20:00:00-04:00,277.56,280.28,274.59,276.60,2391500
2022-07-24 20:00:00-04:00,276.79,277.36,274.11,276.20,1910500
2022-07-25 20:00:00-04:00,267.95,271.23,266.96,269.01,2690200
2022-07-26 20:00:00-04:00,269.04,270.93,263.25,269.67,3233700
2022-07-27 20:00:00-04:00,266.14,271.77,264.49,270.32,3992100
2022-07-28 20:00:00-04:00,270.65,271.95,268.34,271.50,3236000
2022-07-31 20:00:00-04:00,271.23,278.28,270.66,275.90,3303900
2022-08-01 20:00:00-04:00,275.53,275.72,270.66,271.29,3091000
2022-08-02 20:00:00-04:00,273.68,277.93,270.96,276.40,3329400
2022-08-03 20:00:00-04:00,274.75,279.65,274.66,277.12,2718400
2022-08-04 20:00:00-04:00,275.51,279.48,274.71,279.40,2029100
2022-08-07 20:00:00-04:00,281.35,284.91,280.07,281.45,2505100
2022-08-08 20:00:00-04:00,278.67,279.64,273.64,275.35,2607000
2022-08-09 20:00:00-04:00,279.22,282.36,278.82,281.10,3863400
2022-08-10 20:00:00-04:00,283.14,283.84,279.30,280.30,2444100
2022-08-11 20:00:00-04:00,282.03,284.12,279.84,284.09,2273800
2022-08-14 20:00:00-04:00,281.52,284.87,279.81,283.83,3917300
2022-08-15 20:00:00-04:00,282.36,300.41,282.27,295.36,9604750
2022-08-16 20:00:00-04:00,296.00,297.27,292.37,293.89,3162600
2022-08-17 20:00:00-04:00,293.17,295.86,290.70,293.40,2899600
2022-08-18 20:00:00-04:00,293.18,294.40,288.49,289.89,3489100
2022-08-21 20:00:00-04:00,286.97,288.46,281.22,281.67,3144200
2022-08-22 20:00:00-04:00,280.77,281.05,275.74,276.88,3317500
2022-08-23 20:00:00-04:00,275.21,279.66,273.86,277.97,2495600
2022-08-24 20:00:00-04:00,278.45,279.64,275.91,279.48,2529700
2022-08-25 20:00:00-04:00,279.95,281.04,268.87,268.94,3315500
2022-08-28 20:00:00-04:00,267.56,270.39,265.50,267.33,2711800
2022-08-29 20:00:00-04:00,269.35,270.56,263.14,264.43,2892400
2022-08-30 20:00:00-04:00,265.16,265.58,261.78,261.90,4376200
2022-08-31 20:00:00-04:00,261.89,266.59,260.36,266.40,3742500
2022-09-01 20:00:00-04:00,268.89,269.51,263.45,265.06,2753600
2022-09-05 20:00:00-04:00,266.26,267.43,260.85,262.92,4110000
2022-09-06 20:00:00-04:00,263.74,270.33,263.61,270.12,3016000
2022-09-07 20:00:00-04:00,268.79,272.59,267.46,272.33,2703200
2022-09-08 20:00:00-04:00,271.95,274.68,270.90,272.21,2769200
2022-09-11 20:00:00-04:00,273.15,274.99,269.11,270.19,3632900
2022-09-12 20:00:00-04:00,265.16,267.04,251.82,252.38,4797200
2022-09-13 20:00:00-04:00,253.71,253.84,248.06,250.93,4194400
2022-09-14 20:00:00-04:00,252.34,252.45,245.67,246.58,3896100
2022-09-15 20:00:00-04:00,244.32,251.13,244.18,250.60,9535100
2022-09-18 20:00:00-04:00,248.43,255.38,248.37,254.64,3047200
2022-09-19 20:00:00-04:00,251.43,253.15,246.42,248.96,2940700
2022-09-20 20:00:00-04:00,250.63,254.38,246.55,246.60,3173500
2022-09-21 20:00:00-04:00,246.29,246.29,243.23,244.40,3515800
2022-09-22 20:00:00-04:00,243.26,246.36,241.84,246.03,3527900
2022-09-25 20:00:00-04:00,246.48,248.41,241.19,242.07,4181800
2022-09-26 20:00:00-04:00,244.60,248.53,242.44,243.99,3701000
2022-09-27 20:00:00-04:00,249.92,257.44,247.64,256.25,5816600
2022-09-28 20:00:00-04:00,252.91,253.13,249.47,252.74,4518600
2022-09-29 20:00:00-04:00,252.28,255.88,249.50,250.57,4789100
2022-10-02 20:00:00-04:00,255.17,259.76,253.85,257.62,3580000
2022-10-03 20:00:00-04:00,261.07,264.53,260.22,262.94,3641300
2022-10-04 20:00:00-04:00,259.93,265.26,259.13,263.20,2728000
2022-10-05 20:00:00-04:00,262.94,266.04,261.31,263.69,2641500
2022-10-06 20:00:00-04:00,261.10,262.10,256.46,258.18,2406000
2022-10-09 20:00:00-04:00,257.49,258.67,254.46,256.49,2115400
2022-10-10 20:00:00-04:00,255.26,259.89,255.08,256.88,2771900
2022-10-11 20:00:00-04:00,258.27,258.47,254.70,254.73,2258200
2022-10-12 20:00:00-04:00,249.41,258.64,244.02,256.83,3881600
2022-10-13 20:00:00-04:00,260.29,260.29,250.58,251.02,2783100
2022-10-16 20:00:00-04:00,253.90,257.77,253.66,255.40,3426700
2022-10-17 20:00:00-04:00,261.48,263.21,257.19,258.85,3166500
2022-10-18 20:00:00-04:00,256.50,256.77,247.92,250.16,4323000
2022-10-19 20:00:00-04:00,249.66,252.44,243.24,244.69,3959500
2022-10-20 20:00:00-04:00,243.67,250.36,243.36,250.20,3429100
2022-10-23 20:00:00-04:00,251.51,258.32,251.51,257.22,2937100
2022-10-24 20:00:00-04:00,259.26,265.27,259.26,263.58,2791600
2022-10-25 20:00:00-04:00,263.88,265.04,259.86,263.48,2615000
2022-10-26 20:00:00-04:00,265.02,267.22,262.84,264.30,3041500
2022-10-27 20:00:00-04:00,263.34,271.66,263.34,271.19,3243100
2022-10-30 20:00:00-04:00,267.34,271.77,265.65,268.91,4210900
2022-10-31 20:00:00-04:00,272.76,274.43,266.38,268.84,3309100
2022-11-01 20:00:00-04:00,268.06,272.57,262.00,262.19,4426400
2022-11-02 20:00:00-04:00,257.50,259.66,254.72,255.62,4823900
2022-11-03 20:00:00-04:00,259.61,262.29,251.99,257.92,4401600
2022-11-06 19:00:00-05:00,260.16,264.88,256.84,263.58,3260200
2022-11-07 19:00:00-05:00,265.55,266.37,261.19,264.37,3371800
2022-11-08 19:00:00-05:00,262.43,265.61,259.94,260.39,3071400
2022-11-09 19:00:00-05:00,270.37,285.80,269.77,283.04,7794000
2022-11-10 19:00:00-05:00,283.32,288.47,281.72,285.99,4945400
2022-11-13 19:00:00-05:00,285.46,286.93,278.18,278.70,6394800
2022-11-14 19:00:00-05:00,276.11,287.52,275.37,283.25,9290400
2022-11-15 19:00:00-05:00,277.74,287.32,276.52,285.96,5249500
2022-11-16 19:00:00-05:00,283.32,284.84,278.00,282.81,3642100
2022-11-17 19:00:00-05:00,285.26,286.95,281.74,284.39,3559300
2022-11-20 19:00:00-05:00,287.82,289.53,285.31,287.66,4069000
2022-11-21 19:00:00-05:00,290.58,296.77,290.02,295.01,6054700
2022-11-22 19:00:00-05:00,296.72,297.68,290.98,291.95,4243400
2022-11-24 19:00:00-05:00,293.21,298.83,292.31,296.37,3393500
2022-11-27 19:00:00-05:00,295.18,298.57,288.63,289.60,4733700
2022-11-28 19:00:00-05:00,286.95,290.58,286.60,286.91,3505600
2022-11-29 19:00:00-05:00,285.88,296.17,284.57,295.98,9604750
2022-11-30 19:00:00-05:00,298.10,301.17,296.40,298.80,3830100
2022-12-01 19:00:00-05:00,293.33,300.09,292.64,299.64,3644100
2022-12-04 19:00:00-05:00,297.04,297.38,291.92,292.41,5057300
2022-12-05 19:00:00-05:00,292.01,293.85,287.35,290.01,3341500
2022-12-06 19:00:00-05:00,288.65,294.97,287.26,292.48,4038200
2022-12-07 19:00:00-05:00,291.01,296.47,291.01,296.08,3483600
2022-12-08 19:00:00-05:00,293.69,296.40,292.28,292.78,3738800
2022-12-11 19:00:00-05:00,295.08,299.96,293.52,299.63,4900200
2022-12-12 19:00:00-05:00,314.58,317.23,301.44,304.11,5787700
2022-12-13 19:00:00-05:00,301.96,309.75,300.57,304.61,4546000
2022-12-14 19:00:00-05:00,300.96,301.49,295.42,299.28,5056900
2022-12-15 19:00:00-05:00,295.47,299.59,291.64,295.39,9604750
2022-12-18 19:00:00-05:00,291.88,294.08,288.70,289.90,3000600
2022-12-19 19:00:00-05:00,286.24,289.50,283.96,287.63,2632200
2022-12-20 19:00:00-05:00,290.56,291.96,287.53,291.75,2610400
2022-12-21 19:00:00-05:00,289.05,289.05,283.87,288.79,3064400
2022-12-22 19:00:00-05:00,286.99,291.52,286.00,291.18,2064900
2022-12-26 19:00:00-05:00,290.89,293.76,290.06,291.93,1610200
2022-12-27 19:00:00-05:00,292.84,293.65,288.23,288.44,1568200
2022-12-28 19:00:00-05:00,291.11,294.01,290.14,292.71,1559100
2022-12-29 19:00:00-05:00,290.05,290.67,285.96,288.56,2581600
2023-01-02 19:00:00-05:00,289.98,291.63,284.83,288.60,2822400
2023-01-03 19:00:00-05:00,293.32,294.63,289.03,292.09,3560900
2023-01-04 19:00:00-05:00,290.36,290.59,286.15,288.20,2935100
2023-01-05 19:00:00-05:00,288.95,291.29,282.29,290.08,4022500
2023-01-08 19:00:00-05:00,292.34,294.67,289.65,290.34,3466300
2023-01-09 19:00:00-05:00,288.96,293.01,286.82,292.91,2111300
2023-01-10 19:00:00-05:00,294.67,300.60,294.28,300.56,2864800
2023-01-11 19:00:00-05:00,303.49,303.49,298.47,301.36,2481800
2023-01-12 19:00:00-05:00,298.27,303.66,297.82,302.58,2798600
2023-01-16 19:00:00-05:00,301.78,306.19,298.83,299.22,3988900
2023-01-17 19:00:00-05:00,301.47,305.60,295.02,295.71,2952200
2023-01-18 19:00:00-05:00,292.65,293.56,283.78,284.01,5359300
2023-01-19 19:00:00-05:00,283.21,287.99,280.82,287.77,3725100
2023-01-22 19:00:00-05:00,286.44,290.08,284.20,288.21,3237900
2023-01-23 19:00:00-05:00,287.88,290.60,285.61,290.23,2127900
2023-01-24 19:00:00-05:00,288.07,290.62,284.62,289.84,2060400
2023-01-25 19:00:00-05:00,286.99,291.66,285.51,286.68,3555300
2023-01-26 19:00:00-05:00,285.05,290.73,284.42,289.32,2761200
2023-01-29 19:00:00-05:00,288.53,290.64,286.57,287.08,2643100
2023-01-30 19:00:00-05:00,288.68,296.31,287.86,296.15,3526800
2023-01-31 19:00:00-05:00,294.52,301.98,290.18,299.73,3076500
2023-02-01 19:00:00-05:00,304.63,311.95,303.93,310.42,4776600
2023-02-02 19:00:00-05:00,303.79,305.78,301.78,302.85,3389700
2023-02-05 19:00:00-05:00,300.55,302.40,299.15,300.81,2229700
2023-02-06 19:00:00-05:00,295.99,298.73,293.00,297.09,3865500
2023-02-07 19:00:00-05:00,295.02,295.98,291.95,293.06,2777200
2023-02-08 19:00:00-05:00,295.17,295.89,287.62,288.27,3063300
2023-02-09 19:00:00-05:00,286.72,289.78,285.72,289.18,2768800
2023-02-12 19:00:00-05:00,289.91,295.71,288.33,295.56,2432500
2023-02-13 19:00:00-05:00,292.90,295.04,288.38,290.90,3380800
2023-02-14 19:00:00-05:00,288.58,293.74,288.49,292.97,2585500
2023-02-15 19:00:00-05:00,287.77,295.76,287.71,293.47,3169200
2023-02-16 19:00:00-05:00,291.13,292.89,285.90,290.47,4985500
2023-02-20 19:00:00-05:00,279.14,281.39,269.53,269.96,9604750
2023-02-21 19:00:00-05:00,271.83,274.43,269.58,270.69,5922100
2023-02-22 19:00:00-05:00,271.14,273.96,269.15,273.44,4354500
2023-02-23 19:00:00-05:00,267.12,272.54,266.76,271.02,3713300
2023-02-26 19:00:00-05:00,273.48,274.52,269.54,270.42,3238300
2023-02-27 19:00:00-05:00,269.50,272.88,268.87,270.91,3949500
2023-02-28 19:00:00-05:00,266.69,268.33,263.71,265.65,5905100
2023-03-01 19:00:00-05:00,263.53,268.69,262.44,267.69,4103700
2023-03-02 19:00:00-05:00,269.17,272.80,268.37,272.65,4036700
2023-03-05 19:00:00-05:00,272.24,274.17,271.31,272.43,3763200
2023-03-06 19:00:00-05:00,273.21,273.21,265.32,265.57,4512400
2023-03-07 19:00:00-05:00,266.34,269.11,265.26,268.22,4680300
2023-03-08 19:00:00-05:00,269.66,270.87,264.78,265.01,3248000
2023-03-09 19:00:00-05:00,265.53,269.76,261.42,263.46,4730900
2023-03-12 20:00:00-04:00,261.32,269.00,260.04,263.65,3892100
2023-03-13 20:00:00-04:00,266.21,266.67,258.93,262.77,5116000
2023-03-14 20:00:00-04:00,261.28,266.08,260.11,264.98,4835500
2023-03-15 20:00:00-04:00,264.09,265.04,262.25,263.84,4400200
2023-03-16 20:00:00-04:00,264.84,268.65,263.41,265.37,8342000
2023-03-19 20:00:00-04:00,264.49,266.69,263.73,266.17,3677800
2023-03-20 20:00:00-04:00,268.17,269.51,264.64,266.33,4788200
2023-03-21 20:00:00-04:00,266.93,267.96,259.90,260.05,3723400
2023-03-22 20:00:00-04:00,262.49,263.27,257.85,261.25,6005800
2023-03-23 20:00:00-04:00,260.00,262.19,258.41,260.43,3851000
2023-03-26 20:00:00-04:00,261.10,262.19,258.49,258.82,4269700
2023-03-27 20:00:00-04:00,258.39,260.68,257.58,258.40,3633300
2023-03-28 20:00:00-04:00,258.80,261.32,258.80,260.74,3607500
2023-03-29 20:00:00-04:00,262.58,263.26,261.19,262.58,3432800
2023-03-30 20:00:00-04:00,264.08,271.96,263.87,271.56,5800600
2023-04-02 20:00:00-04:00,271.33,274.18,271.21,273.96,4007600
2023-04-03 20:00:00-04:00,273.75,275.87,270.90,271.41,2965700
2023-04-04 20:00:00-04:00,271.45,272.11,265.45,265.63,4002400
2023-04-05 20:00:00-04:00,264.32,266.66,261.55,265.57,3193400
2023-04-09 20:00:00-04:00,263.29,269.28,262.86,267.93,2799900
2023-04-10 20:00:00-04:00,269.33,271.54,268.47,270.32,2497000
2023-04-11 20:00:00-04:00,272.56,274.62,266.46,267.26,3341400
2023-04-12 20:00:00-04:00,267.67,269.12,263.51,268.83,3505800
2023-04-13 20:00:00-04:00,268.83,272.56,268.12,268.87,2653200
2023-04-16 20:00:00-04:00,268.42,271.91,268.28,271.82,2621900
2023-04-17 20:00:00-04:00,272.67,275.35,272.30,275.09,2847800
2023-04-18 20:00:00-04:00,272.79,274.48,271.50,273.21,2889300
2023-04-19 20:00:00-04:00,272.34,277.26,271.91,274.74,3371800
2023-04-20 20:00:00-04:00,277.54,279.00,275.45,276.09,3506700
2023-04-23 20:00:00-04:00,276.05,277.80,275.33,277.56,2515400
2023-04-24 20:00:00-04:00,277.43,278.53,272.49,272.68,4529500
2023-04-25 20:00:00-04:00,271.85,272.34,264.16,265.07,4037400
2023-04-26 20:00:00-04:00,265.01,271.18,264.83,270.47,3133600
2023-04-27 20:00:00-04:00,270.32,276.81,269.96,276.55,4063400
2023-04-30 20:00:00-04:00,275.11,275.65,273.63,273.94,2970000
2023-05-01 20:00:00-04:00,274.62,274.83,267.82,270.79,3413200
2023-05-02 20:00:00-04:00,271.05,274.91,269.15,269.68,2743400
2023-05-03 20:00:00-04:00,269.35,271.07,262.55,262.94,4422500
2023-05-04 20:00:00-04:00,264.25,267.65,263.26,266.50,3806600
2023-05-07 20:00:00-04:00,265.93,266.70,261.73,264.95,3736500
2023-05-08 20:00:00-04:00,263.33,267.83,262.95,267.38,2570000
2023-05-09 20:00:00-04:00,268.42,270.14,263.10,265.96,3571000
2023-05-10 20:00:00-04:00,265.69,266.34,262.27,264.73,3859700
2023-05-11 20:00:00-04:00,265.01,267.74,264.50,267.28,3438300
2023-05-14 20:00:00-04:00,266.78,267.70,264.04,265.51,5353600
2023-05-15 20:00:00-04:00,259.26,263.25,254.97,259.79,9604750
2023-05-16 20:00:00-04:00,259.63,270.58,258.76,269.05,7956900
2023-05-17 20:00:00-04:00,269.29,272.31,268.32,271.60,4547000
2023-05-18 20:00:00-04:00,272.15,272.15,266.80,267.66,4470600
2023-05-21 20:00:00-04:00,267.52,269.60,265.08,267.46,3736200
2023-05-22 20:00:00-04:00,266.19,274.00,266.19,271.40,5352200
2023-05-23 20:00:00-04:00,273.63,273.77,267.02,267.86,4978200
2023-05-24 20:00:00-04:00,268.50,268.50,263.23,263.86,5355900
2023-05-25 20:00:00-04:00,264.09,269.89,262.88,269.45,4626100
2023-05-29 20:00:00-04:00,269.87,270.95,265.88,269.06,5193300
2023-05-30 20:00:00-04:00,268.39,268.77,261.32,262.70,9604750
2023-05-31 20:00:00-04:00,263.26,268.05,259.49,267.28,4305100
2023-06-01 20:00:00-04:00,269.37,274.53,268.51,274.28,4515600
2023-06-04 20:00:00-04:00,273.98,274.07,270.04,271.64,3028800
2023-06-05 20:00:00-04:00,270.46,275.19,270.30,274.33,2855400
2023-06-06 20:00:00-04:00,275.55,280.08,275.36,279.62,4842700
2023-06-07 20:00:00-04:00,280.04,283.09,278.77,279.05,3757300
2023-06-08 20:00:00-04:00,278.95,279.37,274.43,275.58,3485800
2023-06-11 20:00:00-04:00,276.56,280.46,275.86,278.84,4456600
2023-06-12 20:00:00-04:00,280.26,281.86,276.81,278.11,4043400
2023-06-13 20:00:00-04:00,278.96,280.40,273.99,277.77,4176000
2023-06-14 20:00:00-04:00,278.82,281.22,277.65,279.91,4109700
2023-06-15 20:00:00-04:00,282.06,283.58,278.17,278.39,9604750
2023-06-19 20:00:00-04:00,277.83,280.59,276.40,279.35,3371100
2023-06-20 20:00:00-04:00,280.70,281.35,278.21,278.69,2713300
2023-06-21 20:00:00-04:00,279.43,280.66,277.67,279.13,3052000
2023-06-22 20:00:00-04:00,278.34,280.19,277.21,278.79,8525900
2023-06-25 20:00:00-04:00,280.51,286.58,279.87,285.35,4440100
2023-06-26 20:00:00-04:00,285.59,292.37,285.35,290.77,5342500
2023-06-27 20:00:00-04:00,289.16,290.03,283.66,284.07,4025600
2023-06-28 20:00:00-04:00,284.32,285.57,281.77,285.29,3279700
2023-06-29 20:00:00-04:00,286.92,288.63,285.73,287.90,3230700
2023-07-02 20:00:00-04:00,287.10,288.61,286.29,287.33,1483300
2023-07-04 20:00:00-04:00,287.77,289.44,287.30,288.05,2496000
2023-07-05 20:00:00-04:00,284.38,285.44,279.47,279.91,4828300
2023-07-06 20:00:00-04:00,279.88,283.26,278.86,280.64,2951900
2023-07-09 20:00:00-04:00,281.01,287.80,281.01,287.57,3246700
2023-07-10 20:00:00-04:00,290.00,291.54,287.99,290.70,2913800
2023-07-11 20:00:00-04:00,293.16,297.74,292.88,294.28,5300500
2023-07-12 20:00:00-04:00,294.81,295.11,290.52,291.57,3235600
2023-07-13 20:00:00-04:00,291.79,293.70,291.22,293.33,2942100
2023-07-16 20:00:00-04:00,292.61,294.56,291.15,292.91,2002500
2023-07-17 20:00:00-04:00,291.51,295.02,289.28,293.57,2315600
2023-07-18 20:00:00-04:00,293.80,296.52,293.51,296.09,2361400
2023-07-19 20:00:00-04:00,296.89,297.92,294.61,295.73,2101900
2023-07-20 20:00:00-04:00,297.57,298.33,296.10,297.01,3673400
2023-07-23 20:00:00-04:00,297.47,301.82,297.46,301.31,2621900
2023-07-24 20:00:00-04:00,301.27,302.97,300.13,301.33,2890800
2023-07-25 20:00:00-04:00,300.92,306.73,300.51,305.46,3448100
2023-07-26 20:00:00-04:00,307.43,309.03,304.85,305.58,2608600
2023-07-27 20:00:00-04:00,307.70,308.62,305.38,307.11,2268200
2023-07-30 20:00:00-04:00,307.37,309.62,307.22,309.40,2690000
2023-07-31 20:00:00-04:00,307.48,310.45,306.66,307.76,2547200
2023-08-01 20:00:00-04:00,305.87,308.19,303.92,304.45,2752600
2023-08-02 20:00:00-04:00,303.69,307.79,303.66,305.70,2451300
2023-08-03 20:00:00-04:00,304.14,305.40,301.52,302.54,3591600
2023-08-06 20:00:00-04:00,303.26,305.30,302.68,305.07,2111000
2023-08-07 20:00:00-04:00,302.67,304.48,299.72,303.81,3272600
2023-08-08 20:00:00-04:00,303.39,306.70,302.84,304.18,2698900
2023-08-09 20:00:00-04:00,306.46,308.53,304.86,305.29,3075100
2023-08-10 20:00:00-04:00,304.47,307.32,304.31,306.87,3108400
2023-08-13 20:00:00-04:00,307.20,309.36,304.39,305.80,3974800
2023-08-14 20:00:00-04:00,307.48,313.42,304.47,307.83,5860900
2023-08-15 20:00:00-04:00,308.27,313.08,307.40,308.65,3753900
2023-08-16 20:00:00-04:00,309.34,311.08,303.12,303.32,3885100
2023-08-17 20:00:00-04:00,301.27,304.82,300.68,303.41,3472000
2023-08-20 20:00:00-04:00,302.70,303.87,299.82,300.34,3109700
2023-08-21 20:00:00-04:00,301.46,302.42,298.46,300.73,2582200
2023-08-22 20:00:00-04:00,300.76,303.00,300.36,302.22,2728000
2023-08-23 20:00:00-04:00,301.32,304.92,298.72,298.98,2490000
2023-08-24 20:00:00-04:00,299.75,302.45,297.69,299.23,2418100
2023-08-27 20:00:00-04:00,299.54,303.47,299.24,302.05,2099900
2023-08-28 20:00:00-04:00,302.87,305.70,302.85,305.27,2628200
2023-08-29 20:00:00-04:00,305.93,309.31,305.81,308.38,2256200
2023-08-30 20:00:00-04:00,308.92,310.22,307.50,308.08,2914700
2023-08-31 20:00:00-04:00,309.66,311.01,308.86,310.67,2317400
2023-09-04 20:00:00-04:00,309.51,309.94,305.34,305.73,3141400
2023-09-05 20:00:00-04:00,305.49,306.50,303.66,304.07,3199700
2023-09-06 20:00:00-04:00,303.16,307.72,302.48,306.32,2454000
2023-09-07 20:00:00-04:00,305.47,307.32,304.70,306.59,2210300
2023-09-10 20:00:00-04:00,307.13,307.68,305.53,306.28,2087800
2023-09-11 20:00:00-04:00,304.84,306.65,303.96,304.33,2190500
2023-09-12 20:00:00-04:00,304.10,305.89,303.13,303.95,2564300
2023-09-13 20:00:00-04:00,305.36,308.08,303.39,307.45,2707600
2023-09-14 20:00:00-04:00,305.30,307.02,298.78,299.78,7117800
2023-09-17 20:00:00-04:00,298.62,300.01,295.59,295.91,2740400
2023-09-18 20:00:00-04:00,294.69,295.61,291.33,293.44,2776500
2023-09-19 20:00:00-04:00,293.81,295.07,289.89,289.94,2320000
2023-09-20 20:00:00-04:00,288.58,289.36,285.75,286.12,2766500
2023-09-21 20:00:00-04:00,285.56,286.95,284.91,285.16,2289200
2023-09-24 20:00:00-04:00,284.02,286.61,284.02,285.87,1882300
2023-09-25 20:00:00-04:00,284.03,285.23,281.34,282.18,2655500
2023-09-26 20:00:00-04:00,282.61,283.75,279.72,281.51,2513900
2023-09-27 20:00:00-04:00,281.37,284.36,280.51,283.07,2369600
2023-09-28 20:00:00-04:00,284.43,285.10,279.65,281.83,3502600
2023-10-01 20:00:00-04:00,280.30,283.03,278.38,279.66,2806800
2023-10-02 20:00:00-04:00,277.87,278.23,270.55,272.30,3609200
2023-10-03 20:00:00-04:00,273.62,274.41,270.82,272.72,2956300
2023-10-04 20:00:00-04:00,272.35,272.98,270.71,272.07,2469300
2023-10-05 20:00:00-04:00,271.20,274.72,268.05,273.12,2922500
2023-10-08 20:00:00-04:00,270.77,275.65,270.19,275.49,1929900
2023-10-09 20:00:00-04:00,276.73,280.44,275.31,279.09,3116300
2023-10-10 20:00:00-04:00,279.57,280.61,275.99,278.00,2292800
2023-10-11 20:00:00-04:00,277.67,277.67,271.21,273.30,2546400
2023-10-12 20:00:00-04:00,273.23,274.90,271.32,272.28,2092700
2023-10-15 20:00:00-04:00,274.62,278.30,273.83,277.33,2567000
2023-10-16 20:00:00-04:00,276.73,278.29,274.69,276.03,2139700
2023-10-17 20:00:00-04:00,273.29,273.59,270.10,270.71,2720100
2023-10-18 20:00:00-04:00,271.42,271.74,267.15,267.48,3028600
2023-10-19 20:00:00-04:00,266.63,267.86,264.53,267.14,2885300
2023-10-22 20:00:00-04:00,266.59,268.86,265.20,265.89,2590900
2023-10-23 20:00:00-04:00,267.45,268.54,263.05,264.25,2705200
2023-10-24 20:00:00-04:00,262.79,264.17,260.41,262.03,2962800
2023-10-25 20:00:00-04:00,261.66,264.18,259.06,259.30,3108200
2023-10-26 20:00:00-04:00,260.21,260.85,255.81,257.86,2907300
2023-10-29 20:00:00-04:00,258.80,263.32,258.33,262.54,3074400
2023-10-30 20:00:00-04:00,263.58,266.20,262.67,265.54,3036000
2023-10-31 20:00:00-04:00,266.37,267.53,263.05,267.34,2747300
2023-11-01 20:00:00-04:00,270.72,274.83,270.49,274.71,3628000
2023-11-02 20:00:00-04:00,274.39,277.77,274.38,275.72,3071900
2023-11-05 19:00:00-05:00,274.92,276.49,273.49,274.75,2890300
2023-11-06 19:00:00-05:00,274.79,276.08,273.81,274.94,2629000
2023-11-07 19:00:00-05:00,275.18,277.96,274.32,276.01,2454900
2023-11-08 19:00:00-05:00,272.31,273.04,268.32,268.50,4059100
2023-11-09 19:00:00-05:00,269.77,271.97,267.49,271.97,3653500
2023-11-12 19:00:00-05:00,268.43,270.42,267.91,268.69,4586700
2023-11-13 19:00:00-05:00,280.65,287.50,279.95,283.20,7952800
2023-11-14 19:00:00-05:00,283.64,288.14,283.56,287.45,3985900
2023-11-15 19:00:00-05:00,285.30,287.23,283.85,285.82,3114000
2023-11-16 19:00:00-05:00,287.74,287.94,284.90,286.60,2770300
2023-11-19 19:00:00-05:00,286.52,288.83,285.17,287.45,3459000
2023-11-20 19:00:00-05:00,285.01,285.48,282.00,284.80,2977200
2023-11-21 19:00:00-05:00,286.71,289.01,285.86,288.40,2873500
2023-11-23 19:00:00-05:00,288.38,290.43,287.57,289.80,1259900
2023-11-26 19:00:00-05:00,289.79,291.84,288.91,290.00,2992600
2023-11-27 19:00:00-05:00,289.80,293.41,288.57,292.26,3116900
2023-11-28 19:00:00-05:00,294.90,294.90,291.94,292.04,3083800
2023-11-29 19:00:00-05:00,293.47,294.61,289.76,294.36,4493700
2023-11-30 19:00:00-05:00,294.68,300.57,293.90,300.12,3613600
2023-12-03 19:00:00-05:00,300.12,305.24,299.50,304.25,3827900
2023-12-04 19:00:00-05:00,302.35,304.15,300.48,303.76,3269800
2023-12-05 19:00:00-05:00,305.17,308.28,304.43,306.21,3030800
2023-12-06 19:00:00-05:00,306.21,307.43,304.87,306.27,2742300
2023-12-07 19:00:00-05:00,306.11,307.31,305.23,306.55,2889300
2023-12-10 19:00:00-05:00,309.69,311.83,308.75,311.11,3520700
2023-12-11 19:00:00-05:00,310.28,314.11,310.16,312.87,2893400
2023-12-12 19:00:00-05:00,314.46,322.86,311.66,322.45,5822700
2023-12-13 19:00:00-05:00,328.40,331.53,326.77,330.34,7594800
2023-12-14 19:00:00-05:00,326.97,332.76,325.59,332.40,9604750
2023-12-17 19:00:00-05:00,332.13,333.26,328.94,329.40,4420500
2023-12-18 19:00:00-05:00,330.01,331.42,329.02,330.59,4654700
2023-12-19 19:00:00-05:00,329.58,333.12,327.06,327.39,3259500
2023-12-20 19:00:00-05:00,330.40,330.76,325.83,327.68,2794200
2023-12-21 19:00:00-05:00,327.74,329.90,325.54,327.32,2029900
2023-12-25 19:00:00-05:00,327.17,328.73,326.92,328.00,1585500
2023-12-26 19:00:00-05:00,328.56,328.64,326.00,327.26,2764300
2023-12-27 19:00:00-05:00,327.23,327.74,324.70,326.16,2859400
2023-12-28 19:00:00-05:00,324.73,326.34,322.09,325.40,9604750
2024-01-01 19:00:00-05:00,323.21,326.11,322.28,324.02,2833600
2024-01-02 19:00:00-05:00,321.58,321.79,316.05,317.62,3309600
2024-01-03 19:00:00-05:00,319.19,322.00,317.88,317.93,3652400
2024-01-04 19:00:00-05:00,317.25,322.85,317.21,322.01,2664300
2024-01-07 19:00:00-05:00,322.47,327.20,322.31,326.70,2736200
2024-01-08 19:00:00-05:00,324.71,327.81,324.18,325.07,2338100
2024-01-09 19:00:00-05:00,329.23,335.08,328.93,335.03,4109300
2024-01-10 19:00:00-05:00,335.30,338.97,331.70,334.77,3530400
2024-01-11 19:00:00-05:00,336.65,336.65,331.86,334.00,1956100
2024-01-15 19:00:00-05:00,336.21,337.70,334.47,336.56,3669400
2024-01-16 19:00:00-05:00,334.87,337.81,332.45,334.00,2646100
2024-01-17 19:00:00-05:00,334.39,336.82,332.43,336.06,2510700
2024-01-18 19:00:00-05:00,336.92,340.81,334.54,340.30,3234600
2024-01-21 19:00:00-05:00,337.43,339.40,333.99,334.93,4003700
2024-01-22 19:00:00-05:00,334.14,334.16,327.76,329.38,3878400
2024-01-23 19:00:00-05:00,330.46,331.34,325.89,326.08,3474400
2024-01-24 19:00:00-05:00,331.08,331.35,327.01,329.55,3064200
2024-01-25 19:00:00-05:00,330.02,335.26,329.60,333.62,3177700
2024-01-28 19:00:00-05:00,333.48,334.62,331.47,334.00,2732000
2024-01-29 19:00:00-05:00,332.87,337.03,332.44,335.31,2336500
2024-01-30 19:00:00-05:00,336.08,337.08,330.85,331.42,3377900
2024-01-31 19:00:00-05:00,331.84,338.16,330.82,338.10,2439100
2024-02-01 19:00:00-05:00,332.57,337.61,328.66,335.43,3697600
2024-02-04 19:00:00-05:00,332.08,334.34,329.36,333.47,2653800
2024-02-05 19:00:00-05:00,333.20,336.16,332.68,334.51,2045300
2024-02-06 19:00:00-05:00,336.61,341.54,335.89,340.56,3272200
2024-02-07 19:00:00-05:00,340.72,343.34,339.58,341.53,2521900
2024-02-08 19:00:00-05:00,341.91,342.19,338.78,340.99,2389900
2024-02-11 19:00:00-05:00,342.00,346.22,341.84,343.15,3119700
2024-02-12 19:00:00-05:00,336.60,337.50,332.29,335.77,3106500
2024-02-13 19:00:00-05:00,335.38,337.08,332.38,336.37,2998900
2024-02-14 19:00:00-05:00,337.00,339.57,335.08,339.05,2662800
2024-02-15 19:00:00-05:00,338.67,341.78,337.24,340.24,3899600
2024-02-19 19:00:00-05:00,333.63,342.96,332.93,340.45,4830000
2024-02-20 19:00:00-05:00,338.59,342.83,337.05,341.91,3277800
2024-02-21 19:00:00-05:00,345.02,350.20,344.75,348.68,3387500
2024-02-22 19:00:00-05:00,349.38,351.41,347.66,349.26,3398200
2024-02-25 19:00:00-05:00,350.72,352.01,348.10,348.93,2461000
2024-02-26 19:00:00-05:00,349.92,352.87,348.00,352.64,2802900
2024-02-27 19:00:00-05:00,352.64,356.66,352.17,354.57,2282500
2024-02-28 19:00:00-05:00,355.68,358.48,355.08,357.39,4382800
2024-02-29 19:00:00-05:00,357.15,361.60,356.65,360.99,2750900
2024-03-03 19:00:00-05:00,359.54,361.07,356.92,357.16,2619000
2024-03-04 19:00:00-05:00,356.91,357.73,354.01,355.36,3011600
2024-03-05 19:00:00-05:00,357.56,358.78,355.06,356.53,2496300
2024-03-06 19:00:00-05:00,356.93,359.23,354.77,355.69,2368500
2024-03-07 19:00:00-05:00,354.22,355.75,351.48,352.67,2162900
2024-03-10 20:00:00-04:00,350.97,352.32,348.43,350.94,2833700
2024-03-11 20:00:00-04:00,351.87,355.07,351.78,353.79,2843800
2024-03-12 20:00:00-04:00,355.20,361.51,354.96,357.99,3761200
2024-03-13 20:00:00-04:00,357.06,359.14,351.55,354.48,3877500
2024-03-14 20:00:00-04:00,353.39,357.45,351.90,352.55,9234900
2024-03-17 20:00:00-04:00,355.63,356.68,350.58,351.31,3455600
2024-03-18 20:00:00-04:00,354.12,358.44,352.46,358.39,3493800
2024-03-19 20:00:00-04:00,358.40,363.56,355.39,363.11,2750400
2024-03-20 20:00:00-04:00,366.89,374.88,366.78,373.30,4212200
2024-03-21 20:00:00-04:00,372.82,374.46,368.48,368.66,2910900
2024-03-24 20:00:00-04:00,367.54,368.26,361.68,362.26,2683900
2024-03-25 20:00:00-04:00,361.22,362.97,358.38,358.88,2720200
2024-03-26 20:00:00-04:00,359.75,364.92,359.65,364.51,2536500
2024-03-27 20:00:00-04:00,365.68,366.14,358.68,362.35,4108200
2024-03-31 20:00:00-04:00,360.34,361.91,347.46,347.64,4333200
2024-04-01 20:00:00-04:00,344.31,346.53,342.85,342.89,4650500
2024-04-02 20:00:00-04:00,341.94,342.32,339.11,339.96,4723000
2024-04-03 20:00:00-04:00,342.52,344.78,337.14,337.86,4381600
2024-04-04 20:00:00-04:00,337.86,339.42,336.30,338.04,3243400
2024-04-07 20:00:00-04:00,338.23,342.48,337.47,341.99,4339600
2024-04-08 20:00:00-04:00,343.48,344.26,338.86,341.40,3022600
2024-04-09 20:00:00-04:00,332.38,334.38,329.43,331.14,4805200
2024-04-10 20:00:00-04:00,331.59,332.41,326.63,328.12,4104700
2024-04-11 20:00:00-04:00,326.94,326.94,322.59,323.87,3550300
2024-04-14 20:00:00-04:00,326.75,326.91,318.51,319.21,4209200
2024-04-15 20:00:00-04:00,318.16,319.38,314.51,316.28,4525500
2024-04-16 20:00:00-04:00,318.12,318.57,313.55,314.39,4273800
2024-04-17 20:00:00-04:00,317.05,318.28,312.97,314.45,3717300
2024-04-18 20:00:00-04:00,316.17,317.26,314.15,316.78,3076600
2024-04-21 20:00:00-04:00,319.48,320.64,315.22,317.49,3112800
2024-04-22 20:00:00-04:00,319.27,321.34,317.66,320.22,3697400
2024-04-23 20:00:00-04:00,318.40,318.85,313.44,314.56,4029200
2024-04-24 20:00:00-04:00,311.45,314.47,308.79,313.59,3787800
2024-04-25 20:00:00-04:00,312.66,317.22,312.65,316.52,2465300
2024-04-28 20:00:00-04:00,316.44,318.65,315.64,318.14,2427400
2024-04-29 20:00:00-04:00,317.12,318.74,314.42,315.70,3089900
2024-04-30 20:00:00-04:00,314.56,316.81,311.18,313.58,3267500
2024-05-01 20:00:00-04:00,316.91,317.38,312.64,316.94,3213600
2024-05-02 20:00:00-04:00,322.37,327.66,321.51,323.86,4165100
2024-05-05 20:00:00-04:00,326.83,327.19,321.58,323.33,3366100
2024-05-06 20:00:00-04:00,324.56,326.40,321.52,321.81,2930700
2024-05-07 20:00:00-04:00,320.01,321.58,318.92,320.06,3123200
2024-05-08 20:00:00-04:00,320.45,328.73,320.11,328.19,3801400
2024-05-09 20:00:00-04:00,328.21,330.43,325.60,327.24,3413700
2024-05-12 20:00:00-04:00,328.78,329.47,321.54,322.07,4055600
2024-05-13 20:00:00-04:00,316.49,325.18,314.55,321.64,5854300
2024-05-14 20:00:00-04:00,326.06,331.02,325.59,329.35,4151100
2024-05-15 20:00:00-04:00,328.72,328.96,323.69,323.74,3101600
2024-05-16 20:00:00-04:00,325.66,325.82,321.72,325.14,2739000
2024-05-19 20:00:00-04:00,322.23,323.57,318.84,319.10,3237400
2024-05-20 20:00:00-04:00,320.22,320.22,313.92,317.53,4275100
2024-05-21 20:00:00-04:00,316.12,316.68,310.71,312.27,4024400
2024-05-22 20:00:00-04:00,312.64,312.66,307.94,308.78,4021100
2024-05-23 20:00:00-04:00,308.31,309.39,306.45,307.09,2736900
2024-05-27 20:00:00-04:00,307.36,312.65,306.50,310.49,3807500
2024-05-28 20:00:00-04:00,308.44,308.68,305.83,307.85,3506200
2024-05-29 20:00:00-04:00,310.33,314.09,309.80,313.10,2921800
2024-05-30 20:00:00-04:00,313.93,318.80,311.99,318.52,5557800
2024-06-02 20:00:00-04:00,317.36,317.36,310.88,311.99,3712800
2024-06-03 20:00:00-04:00,310.91,313.68,309.22,312.23,4296800
2024-06-04 20:00:00-04:00,312.46,314.32,310.00,314.13,2422400
2024-06-05 20:00:00-04:00,313.69,315.63,312.04,314.93,2979400
2024-06-06 20:00:00-04:00,309.82,312.76,308.11,311.06,2583800
2024-06-09 20:00:00-04:00,311.03,316.55,310.55,316.32,2691000
2024-06-10 20:00:00-04:00,316.74,319.89,314.19,319.32,3250900
2024-06-11 20:00:00-04:00,330.08,333.37,326.31,327.33,4793000
2024-06-12 20:00:00-04:00,329.01,331.66,326.32,330.89,3380800
2024-06-13 20:00:00-04:00,327.97,330.53,325.00,329.90,2589000
2024-06-16 20:00:00-04:00,328.05,333.56,327.58,332.43,2680200
2024-06-17 20:00:00-04:00,335.71,339.00,334.91,336.59,3655000
2024-06-19 20:00:00-04:00,334.81,337.59,332.52,336.18,3661200
2024-06-20 20:00:00-04:00,337.51,338.85,334.86,338.42,6596400
2024-06-23 20:00:00-04:00,339.47,340.22,333.59,333.74,4278900
2024-06-24 20:00:00-04:00,329.40,330.04,318.19,321.80,4879600
2024-06-25 20:00:00-04:00,322.88,325.86,321.05,325.13,3365300
2024-06-26 20:00:00-04:00,326.09,327.92,321.92,324.81,2912600
2024-06-27 20:00:00-04:00,324.68,328.42,324.07,327.43,6344000
2024-06-30 20:00:00-04:00,327.12,327.82,319.01,319.77,2643600
2024-07-01 20:00:00-04:00,318.64,320.38,316.29,318.61,2995900
2024-07-02 20:00:00-04:00,320.54,323.05,317.25,317.35,1733000
2024-07-04 20:00:00-04:00,316.46,319.51,315.44,318.24,3437500
2024-07-07 20:00:00-04:00,319.48,324.12,318.64,323.02,3534500
2024-07-08 20:00:00-04:00,322.40,322.69,319.18,320.63,2254300
2024-07-09 20:00:00-04:00,322.10,327.48,321.13,327.37,3263100
2024-07-10 20:00:00-04:00,333.65,336.84,328.15,336.51,4146900
2024-07-11 20:00:00-04:00,337.66,346.18,336.80,342.20,4019900
2024-07-14 20:00:00-04:00,341.60,343.54,337.69,340.95,2884000
2024-07-15 20:00:00-04:00,342.48,351.38,341.94,351.09,3210400
2024-07-16 20:00:00-04:00,348.73,356.87,347.57,353.73,3991100
2024-07-17 20:00:00-04:00,351.84,357.39,347.92,348.20,2395000
2024-07-18 20:00:00-04:00,348.53,349.65,344.27,345.61,2474500
2024-07-21 20:00:00-04:00,346.70,349.34,343.45,345.51,4049300
2024-07-22 20:00:00-04:00,347.58,347.58,341.83,342.06,2535700
2024-07-23 20:00:00-04:00,341.40,343.80,332.91,333.20,3508100
2024-07-24 20:00:00-04:00,333.10,341.31,332.27,336.04,3297600
2024-07-25 20:00:00-04:00,337.67,344.01,337.67,341.95,2439000
2024-07-28 20:00:00-04:00,341.67,345.17,341.42,344.01,2142100
2024-07-29 20:00:00-04:00,345.10,346.88,341.72,345.93,2788800
2024-07-30 20:00:00-04:00,347.17,354.30,345.31,350.18,3526100
2024-07-31 20:00:00-04:00,351.92,353.34,336.47,341.07,3759000
2024-08-01 20:00:00-04:00,337.60,338.21,329.81,338.07,3764600
2024-08-04 20:00:00-04:00,333.74,336.65,328.38,332.92,3827900
2024-08-05 20:00:00-04:00,331.72,341.14,330.32,336.63,2831100
2024-08-06 20:00:00-04:00,337.83,338.87,325.56,325.68,3429100
2024-08-07 20:00:00-04:00,325.53,331.71,324.67,331.33,3591100
2024-08-08 20:00:00-04:00,330.90,334.36,328.53,331.61,2314800
2024-08-11 20:00:00-04:00,333.64,334.33,325.42,328.92,3830200
2024-08-12 20:00:00-04:00,325.17,336.13,322.80,332.97,6388600
2024-08-13 20:00:00-04:00,332.48,342.12,332.34,338.29,4814800
2024-08-14 20:00:00-04:00,344.76,347.56,340.65,342.49,3575800
2024-08-15 20:00:00-04:00,342.39,345.94,342.39,344.38,3308300
2024-08-18 20:00:00-04:00,344.80,346.88,344.42,345.34,3634900
2024-08-19 20:00:00-04:00,343.04,349.69,342.89,349.33,3459400
2024-08-20 20:00:00-04:00,351.41,354.66,350.52,352.37,4587600
2024-08-21 20:00:00-04:00,353.36,354.27,346.80,347.52,4097300
2024-08-22 20:00:00-04:00,348.75,357.94,347.36,357.25,3426200
2024-08-25 20:00:00-04:00,358.66,360.09,355.14,355.84,2452100
2024-08-26 20:00:00-04:00,355.25,356.00,352.88,354.96,1780300
2024-08-27 20:00:00-04:00,354.78,357.08,352.12,354.49,2218300
2024-08-28 20:00:00-04:00,356.57,357.25,351.13,351.25,2698400
2024-08-29 20:00:00-04:00,353.34,354.46,349.17,352.63,3216700
2024-09-02 20:00:00-04:00,352.06,353.47,347.27,349.03,3598100
2024-09-03 20:00:00-04:00,348.49,350.17,344.51,348.97,3221300
2024-09-04 20:00:00-04:00,349.19,349.43,342.18,346.27,2789200
2024-09-05 20:00:00-04:00,347.29,349.70,343.94,344.55,2228800
2024-09-08 20:00:00-04:00,347.14,350.39,344.53,349.78,2747600
2024-09-09 20:00:00-04:00,349.95,355.56,346.87,354.90,2787400
2024-09-10 20:00:00-04:00,353.64,355.23,346.55,354.54,2937700
2024-09-11 20:00:00-04:00,355.92,358.84,354.60,358.31,2367700
2024-09-12 20:00:00-04:00,359.39,365.55,359.34,363.63,2514700
2024-09-15 20:00:00-04:00,365.55,367.47,363.19,365.56,2877800
2024-09-16 20:00:00-04:00,366.92,371.24,365.25,366.74,2947600
2024-09-17 20:00:00-04:00,367.55,375.76,364.66,367.47,3549400
2024-09-18 20:00:00-04:00,374.01,375.00,370.35,373.53,3753500
2024-09-19 20:00:00-04:00,371.61,374.96,370.34,373.07,6584200
2024-09-22 20:00:00-04:00,374.00,375.74,370.58,375.08,2502300
2024-09-23 20:00:00-04:00,377.70,383.84,376.68,383.41,4057700
2024-09-24 20:00:00-04:00,383.41,383.41,378.58,379.84,2787300
2024-09-25 20:00:00-04:00,382.30,382.78,378.46,379.62,2849500
2024-09-26 20:00:00-04:00,382.44,386.16,381.16,382.33,2452300
2024-09-29 20:00:00-04:00,382.97,387.86,381.84,387.75,3442000
2024-09-30 20:00:00-04:00,386.62,392.88,384.13,391.44,3476200
2024-10-01 20:00:00-04:00,390.14,393.74,387.52,393.55,3431300
2024-10-02 20:00:00-04:00,391.39,395.19,389.28,393.86,3320700
2024-10-03 20:00:00-04:00,392.41,394.09,382.25,390.78,3989000
2024-10-06 20:00:00-04:00,387.46,392.16,383.96,390.49,3267800
2024-10-07 20:00:00-04:00,392.15,397.41,390.85,396.35,3693900
2024-10-08 20:00:00-04:00,401.92,401.94,393.06,398.15,3627800
2024-10-09 20:00:00-04:00,392.08,396.63,390.08,392.31,3040800
2024-10-10 20:00:00-04:00,392.88,395.35,391.24,394.16,2717400
2024-10-13 20:00:00-04:00,393.76,398.49,393.59,397.53,2088700
2024-10-14 20:00:00-04:00,399.95,403.41,397.15,397.69,3693000
2024-10-15 20:00:00-04:00,396.05,400.71,396.05,400.58,2429000
2024-10-16 20:00:00-04:00,400.58,400.96,396.71,397.70,2013800
2024-10-17 20:00:00-04:00,398.71,398.72,395.45,397.13,2436600
2024-10-20 20:00:00-04:00,398.15,398.62,386.96,388.90,3699500
2024-10-21 20:00:00-04:00,381.34,385.60,379.15,384.55,4486700
2024-10-22 20:00:00-04:00,383.31,386.87,379.61,382.43,3159000
2024-10-23 20:00:00-04:00,384.97,386.80,380.95,385.34,2550300
2024-10-24 20:00:00-04:00,386.14,386.14,380.70,381.73,1941400
2024-10-27 20:00:00-04:00,386.08,388.36,384.64,385.54,2586500
2024-10-28 20:00:00-04:00,376.98,381.92,372.30,378.06,3822700
2024-10-29 20:00:00-04:00,377.99,380.57,375.06,375.62,2795600
2024-10-30 20:00:00-04:00,373.69,378.63,373.69,376.80,2518600
2024-10-31 20:00:00-04:00,377.80,381.54,375.13,375.69,3277800
2024-11-03 19:00:00-05:00,375.07,383.24,374.23,378.54,2690500
2024-11-04 19:00:00-05:00,377.96,383.00,376.90,382.86,2496500
2024-11-05 19:00:00-05:00,377.07,377.07,365.28,371.65,7133400
2024-11-06 19:00:00-05:00,374.16,382.55,373.97,382.24,4323100
2024-11-07 19:00:00-05:00,386.60,388.90,384.98,388.42,3448700
2024-11-10 19:00:00-05:00,390.21,393.88,388.36,390.71,4071500
2024-11-11 19:00:00-05:00,396.41,398.11,384.87,385.72,5647100
2024-11-12 19:00:00-05:00,391.51,394.97,389.21,392.53,3083100
2024-11-13 19:00:00-05:00,390.43,393.78,386.98,388.25,3348100
2024-11-14 19:00:00-05:00,385.55,391.30,385.55,390.60,3239500
2024-11-17 19:00:00-05:00,388.04,394.78,386.56,392.77,3394300
2024-11-18 19:00:00-05:00,390.80,391.54,382.16,389.28,3239400
2024-11-19 19:00:00-05:00,388.52,389.19,382.70,382.78,4732200
2024-11-20 19:00:00-05:00,384.05,393.68,383.14,392.78,3722200
2024-11-21 19:00:00-05:00,394.35,402.05,393.25,401.92,4932500
2024-11-24 19:00:00-05:00,406.70,411.72,406.18,410.21,4544200
2024-11-25 19:00:00-05:00,410.14,420.45,406.41,411.03,2758600
2024-11-26 19:00:00-05:00,412.30,413.75,409.76,410.95,2293500
2024-11-28 19:00:00-05:00,412.27,414.61,411.28,412.81,2028700
2024-12-01 19:00:00-05:00,412.69,414.04,407.07,410.73,2617100
2024-12-02 19:00:00-05:00,413.39,414.31,407.23,413.03,2714000
2024-12-03 19:00:00-05:00,410.20,412.53,409.32,411.65,1968800
2024-12-04 19:00:00-05:00,410.38,413.42,409.69,410.32,2523500
2024-12-05 19:00:00-05:00,412.40,419.18,410.78,414.97,3161400
2024-12-08 19:00:00-05:00,415.91,419.77,411.76,412.86,3426000
2024-12-09 19:00:00-05:00,410.67,411.06,405.39,406.52,3354900
2024-12-10 19:00:00-05:00,409.06,411.73,405.24,405.36,4211200
2024-12-11 19:00:00-05:00,405.41,406.68,397.47,398.66,3673600
2024-12-12 19:00:00-05:00,399.96,402.24,398.43,401.13,2649500
2024-12-15 19:00:00-05:00,401.96,402.57,395.08,395.09,2879600
2024-12-16 19:00:00-05:00,394.41,394.80,390.79,392.94,3726500
2024-12-17 19:00:00-05:00,391.53,395.09,378.42,378.85,4225500
2024-12-18 19:00:00-05:00,379.73,380.12,370.26,370.38,4576100
2024-12-19 19:00:00-05:00,368.79,378.34,368.49,377.67,8046400
2024-12-22 19:00:00-05:00,376.23,378.29,372.32,377.53,2433800
2024-12-23 19:00:00-05:00,377.22,381.08,375.65,381.08,1392600
2024-12-25 19:00:00-05:00,377.60,380.73,376.73,380.12,1319500
2024-12-26 19:00:00-05:00,377.23,380.43,376.49,377.92,1942700
2024-12-29 19:00:00-05:00,375.68,376.34,371.02,374.62,2444700
2024-12-30 19:00:00-05:00,375.18,376.58,372.57,374.20,2179700
2025-01-01 19:00:00-05:00,377.22,377.74,371.69,373.69,2415700
2025-01-02 19:00:00-05:00,375.00,376.14,371.14,374.38,2231600
2025-01-05 19:00:00-05:00,375.65,379.01,373.28,374.57,3274500
2025-01-06 19:00:00-05:00,376.04,377.00,368.53,369.62,2274300
2025-01-07 19:00:00-05:00,368.44,372.95,365.65,372.48,2848500
2025-01-09 19:00:00-05:00,374.12,377.97,370.00,375.07,5323400
2025-01-12 19:00:00-05:00,375.16,380.81,372.96,374.38,3512900
2025-01-13 19:00:00-05:00,375.74,379.21,374.82,377.85,3405200
2025-01-14 19:00:00-05:00,391.19,392.49,386.49,390.65,4584800
2025-01-15 19:00:00-05:00,390.82,394.52,388.56,393.77,2305900
2025-01-16 19:00:00-05:00,397.77,398.69,393.00,393.82,3229000
2025-01-20 19:00:00-05:00,397.30,404.24,397.30,402.52,3568100
2025-01-21 19:00:00-05:00,401.67,401.67,393.77,394.51,3581400
2025-01-22 19:00:00-05:00,395.92,398.92,393.21,398.63,3840300
2025-01-23 19:00:00-05:00,398.35,399.23,395.14,398.74,2369800
2025-01-26 19:00:00-05:00,399.13,409.99,398.26,408.72,3699200
2025-01-27 19:00:00-05:00,407.15,407.15,400.86,402.91,2818300
2025-01-28 19:00:00-05:00,404.24,405.35,396.13,397.70,2384900
2025-01-29 19:00:00-05:00,400.58,401.45,395.87,398.74,3081300
2025-01-30 19:00:00-05:00,397.46,400.55,394.72,396.32,2761000
2025-02-02 19:00:00-05:00,390.68,396.24,385.76,393.22,2896200
2025-02-03 19:00:00-05:00,393.94,396.89,390.65,395.85,2150800
2025-02-04 19:00:00-05:00,399.37,399.37,392.62,398.09,2212100
2025-02-05 19:00:00-05:00,399.14,401.91,397.30,398.41,2023700
2025-02-06 19:00:00-05:00,397.49,398.54,391.04,391.88,2530200
2025-02-09 19:00:00-05:00,395.03,399.17,393.25,398.25,2617600
2025-02-10 19:00:00-05:00,398.26,400.73,397.05,400.53,1441800
2025-02-11 19:00:00-05:00,393.05,394.08,386.83,391.66,3387000
2025-02-12 19:00:00-05:00,393.17,397.28,392.00,396.75,3067900
2025-02-13 19:00:00-05:00,399.22,402.11,393.03,393.93,3004400
2025-02-17 19:00:00-05:00,392.79,393.32,385.00,387.98,3994000
2025-02-18 19:00:00-05:00,382.12,383.48,378.00,380.40,3780000
2025-02-19 19:00:00-05:00,378.06,379.75,376.23,379.64,2703500
2025-02-20 19:00:00-05:00,381.33,382.69,369.30,370.65,5287000
2025-02-23 19:00:00-05:00,371.41,371.85,363.82,367.88,5722000
2025-02-24 19:00:00-05:00,370.36,385.76,369.58,378.34,6823900
2025-02-25 19:00:00-05:00,380.21,383.71,373.79,375.63,3871500
2025-02-26 19:00:00-05:00,375.09,380.43,373.57,375.43,2825100
2025-02-27 19:00:00-05:00,379.42,381.78,375.44,381.52,4263500
2025-03-02 19:00:00-05:00,381.86,381.97,371.78,374.87,3397600
2025-03-03 19:00:00-05:00,371.47,373.21,364.49,367.17,4384800
2025-03-04 19:00:00-05:00,364.59,372.40,363.64,371.66,2780300
2025-03-05 19:00:00-05:00,368.92,373.02,366.25,367.22,4222000
2025-03-06 19:00:00-05:00,365.07,366.18,354.87,362.47,4573900
2025-03-09 20:00:00-04:00,363.09,368.55,358.44,360.41,3710500
2025-03-10 20:00:00-04:00,359.99,360.68,351.82,354.16,4013300
2025-03-11 20:00:00-04:00,357.83,357.86,348.00,350.86,3368000
2025-03-12 20:00:00-04:00,350.36,350.45,334.24,336.17,7062400
2025-03-13 20:00:00-04:00,339.46,340.18,334.40,340.10,5510700
2025-03-16 20:00:00-04:00,340.53,344.20,339.76,342.83,3681300
2025-03-17 20:00:00-04:00,342.25,342.60,336.50,338.41,3008200
2025-03-18 20:00:00-04:00,340.77,343.12,337.85,342.14,2990200
2025-03-19 20:00:00-04:00,343.37,350.22,340.96,344.17,3391200
2025-03-20 20:00:00-04:00,340.85,342.11,335.23,339.94,8205400
2025-03-23 20:00:00-04:00,343.30,352.80,342.97,352.16,4023200
2025-03-24 20:00:00-04:00,349.99,352.04,347.10,349.47,2799500
2025-03-25 20:00:00-04:00,348.89,353.09,348.63,350.57,3140900
2025-03-26 20:00:00-04:00,350.35,353.55,349.62,351.15,3036600
2025-03-27 20:00:00-04:00,351.57,351.61,344.80,346.72,2980200
2025-03-30 20:00:00-04:00,342.22,356.97,341.40,354.79,4498800
2025-03-31 20:00:00-04:00,352.52,355.57,350.37,353.85,2801600
2025-04-01 20:00:00-04:00,350.99,360.43,350.70,359.05,3189500
2025-04-02 20:00:00-04:00,344.43,348.55,340.49,344.55,5407100
2025-04-03 20:00:00-04:00,339.52,353.78,337.90,342.61,7531100
2025-04-06 20:00:00-04:00,333.31,342.92,322.86,330.61,6950500
2025-04-07 20:00:00-04:00,339.20,342.70,319.22,324.54,4868000
2025-04-08 20:00:00-04:00,318.11,344.68,315.90,344.05,6793000
2025-04-09 20:00:00-04:00,341.59,343.95,328.82,342.33,5574800
2025-04-10 20:00:00-04:00,339.13,343.16,333.21,342.57,3576400
2025-04-13 20:00:00-04:00,346.38,347.56,342.31,345.80,2841800
2025-04-14 20:00:00-04:00,345.18,349.90,342.04,342.81,2883100
2025-04-15 20:00:00-04:00,340.61,342.51,333.33,334.95,2637200
2025-04-16 20:00:00-04:00,337.43,346.09,337.25,343.73,3232400
2025-04-20 20:00:00-04:00,342.98,343.05,330.89,335.83,4015200
2025-04-21 20:00:00-04:00,339.95,344.85,339.24,343.12,2802400
2025-04-22 20:00:00-04:00,350.37,353.20,343.52,345.04,3283300
2025-04-23 20:00:00-04:00,345.12,348.90,343.29,348.16,2749500
2025-04-24 20:00:00-04:00,346.28,347.54,343.42,346.17,2811300
2025-04-27 20:00:00-04:00,346.56,348.61,343.20,345.53,2413000
2025-04-28 20:00:00-04:00,344.53,349.07,343.41,347.54,2836900
2025-04-29 20:00:00-04:00,345.12,349.74,341.13,348.98,3741500
2025-04-30 20:00:00-04:00,348.81,351.30,346.30,346.86,3210100
2025-05-01 20:00:00-04:00,350.52,354.54,349.63,352.89,2283300
2025-05-04 20:00:00-04:00,350.57,352.63,348.25,350.19,2563500
2025-05-05 20:00:00-04:00,347.23,350.71,345.73,347.91,2299700
2025-05-06 20:00:00-04:00,348.98,352.17,348.28,351.17,2657200
2025-05-07 20:00:00-04:00,352.39,357.52,350.70,353.22,3035800
2025-05-08 20:00:00-04:00,350.57,353.90,349.96,351.13,1970700
2025-05-11 20:00:00-04:00,363.03,366.63,361.56,364.57,3831400
2025-05-12 20:00:00-04:00,368.84,368.84,361.05,361.68,2726800
2025-05-13 20:00:00-04:00,360.03,363.80,358.99,360.91,2587400
2025-05-14 20:00:00-04:00,360.22,367.22,359.66,366.55,2830500
2025-05-15 20:00:00-04:00,368.09,369.00,366.08,368.63,3129100
2025-05-18 20:00:00-04:00,362.25,369.00,362.22,367.27,4428200
2025-05-19 20:00:00-04:00,374.04,377.31,362.11,365.02,6287400
2025-05-20 20:00:00-04:00,365.92,366.26,356.84,359.00,3966000
2025-05-21 20:00:00-04:00,356.26,357.45,352.93,354.44,2957300
2025-05-22 20:00:00-04:00,350.81,353.08,349.62,351.13,3115000
2025-05-26 20:00:00-04:00,354.21,358.72,353.51,358.58,3998500
2025-05-27 20:00:00-04:00,357.05,359.30,355.70,356.31,2986100
2025-05-28 20:00:00-04:00,358.19,358.53,352.44,356.54,3034800
2025-05-29 20:00:00-04:00,355.34,357.84,353.47,356.54,4110400
2025-06-01 20:00:00-04:00,353.50,356.29,350.29,356.22,2506900
2025-06-02 20:00:00-04:00,356.22,361.62,355.29,361.17,3359500
2025-06-03 20:00:00-04:00,361.17,363.39,359.80,360.51,2428800
2025-06-04 20:00:00-04:00,361.38,361.94,357.99,359.72,2324100
2025-06-05 20:00:00-04:00,361.89,363.00,356.49,357.82,2349700
2025-06-08 20:00:00-04:00,357.81,357.84,354.92,355.74,2619700
2025-06-09 20:00:00-04:00,356.46,359.00,353.16,358.38,3014900
2025-06-10 20:00:00-04:00,359.58,359.58,350.00,351.12,3793500
2025-06-11 20:00:00-04:00,351.47,355.62,349.22,353.75,2921900
2025-06-12 20:00:00-04:00,350.68,353.39,343.66,345.47,3364400
2025-06-15 20:00:00-04:00,346.66,347.86,342.79,344.40,3688600
2025-06-16 20:00:00-04:00,342.83,345.11,338.41,339.75,4230100
2025-06-17 20:00:00-04:00,341.01,341.81,336.84,338.04,4453900
2025-06-19 20:00:00-04:00,338.49,342.11,337.84,340.57,8056500
2025-06-22 20:00:00-04:00,340.91,347.82,339.49,347.72,3862400
2025-06-23 20:00:00-04:00,347.43,352.34,346.57,351.09,4089600
2025-06-24 20:00:00-04:00,349.82,354.18,349.06,352.49,4159600
2025-06-25 20:00:00-04:00,353.81,355.77,351.26,354.09,3187900
2025-06-26 20:00:00-04:00,354.19,360.56,353.60,359.19,5503700
2025-06-29 20:00:00-04:00,359.72,361.34,355.27,357.14,4600700
2025-06-30 20:00:00-04:00,354.90,369.86,353.55,363.50,5152600
2025-07-01 20:00:00-04:00,363.97,364.28,359.80,362.22,3011400
2025-07-02 20:00:00-04:00,362.18,363.52,358.79,362.05,2573600
2025-07-06 20:00:00-04:00,361.39,363.14,355.28,358.12,3433100
2025-07-07 20:00:00-04:00,356.54,360.81,355.65,357.98,2531700
2025-07-08 20:00:00-04:00,357.99,361.46,355.34,361.43,3384200
2025-07-09 20:00:00-04:00,359.44,368.15,358.97,363.63,3701700
2025-07-10 20:00:00-04:00,360.77,362.17,357.60,360.49,3068900
2025-07-13 20:00:00-04:00,360.88,361.67,356.96,360.52,2481100
2025-07-14 20:00:00-04:00,360.40,361.15,349.23,349.35,3868700
2025-07-15 20:00:00-04:00,350.54,351.60,343.33,348.14,4259800
2025-07-16 20:00:00-04:00,347.31,350.99,345.47,349.74,3128900
2025-07-17 20:00:00-04:00,350.66,351.26,347.72,350.09,3361600
2025-07-20 20:00:00-04:00,351.38,356.31,350.52,354.61,3503900
2025-07-21 20:00:00-04:00,355.04,362.56,354.30,361.40,3095400
2025-07-22 20:00:00-04:00,362.07,368.09,361.93,366.60,3238000
2025-07-23 20:00:00-04:00,365.76,368.09,362.62,363.43,3088000
2025-07-24 20:00:00-04:00,364.96,366.25,363.39,365.62,2221000
2025-07-27 20:00:00-04:00,364.06,371.21,363.32,367.46,4062800
2025-07-28 20:00:00-04:00,367.24,369.90,365.06,367.57,2931600
2025-07-29 20:00:00-04:00,367.90,368.73,360.06,362.44,3110700
2025-07-30 20:00:00-04:00,359.61,363.15,357.34,357.99,3091600
2025-07-31 20:00:00-04:00,358.29,365.09,356.28,363.98,3008200
2025-08-03 20:00:00-04:00,365.13,372.01,364.01,370.96,2844300
2025-08-04 20:00:00-04:00,371.97,376.92,371.09,375.43,2931400
2025-08-05 20:00:00-04:00,376.08,378.86,374.56,376.78,2812800
2025-08-06 20:00:00-04:00,378.56,381.31,373.43,376.17,2433000
2025-08-07 20:00:00-04:00,377.06,379.21,376.20,377.81,2326700
2025-08-10 20:00:00-04:00,379.88,381.38,373.37,377.49,2605800
2025-08-11 20:00:00-04:00,381.28,386.11,378.93,385.74,2911300
2025-08-12 20:00:00-04:00,389.14,397.26,388.42,396.63,5187500
2025-08-13 20:00:00-04:00,390.81,393.16,389.02,389.95,3600200
2025-08-14 20:00:00-04:00,391.79,392.36,385.19,389.04,3841400
2025-08-17 20:00:00-04:00,386.30,387.83,382.34,384.48,4407100
2025-08-18 20:00:00-04:00,390.63,403.63,390.63,396.65,7629300
2025-08-19 20:00:00-04:00,399.07,400.52,391.27,391.34,4195300
2025-08-20 20:00:00-04:00,389.55,393.96,385.91,387.40,2942600
2025-08-21 20:00:00-04:00,390.49,403.76,387.99,402.10,5284700
2025-08-24 20:00:00-04:00,399.73,400.42,396.99,398.31,3579500
2025-08-25 20:00:00-04:00,397.43,398.45,394.23,396.99,3180900
2025-08-26 20:00:00-04:00,398.20,401.03,396.65,397.67,2487800
2025-08-27 20:00:00-04:00,396.46,398.36,394.33,396.90,4051600
2025-08-28 20:00:00-04:00,397.17,398.31,394.90,396.24,2210300
2025-09-01 20:00:00-04:00,393.23,398.01,392.32,395.79,3328600
2025-09-02 20:00:00-04:00,394.45,398.43,393.12,397.15,3025100
2025-09-03 20:00:00-04:00,400.19,404.80,398.90,403.30,3873100
2025-09-04 20:00:00-04:00,408.10,411.84,405.59,410.41,5855600
2025-09-07 20:00:00-04:00,409.97,412.01,407.28,411.38,3742600
2025-09-08 20:00:00-04:00,409.60,410.19,404.34,406.88,3516000
2025-09-09 20:00:00-04:00,407.05,408.93,403.35,404.81,2897800
2025-09-10 20:00:00-04:00,407.23,416.56,405.81,414.79,5316400
2025-09-11 20:00:00-04:00,411.71,414.88,410.35,414.08,5004200
2025-09-14 20:00:00-04:00,413.86,414.68,409.24,414.10,4884700
2025-09-15 20:00:00-04:00,415.12,415.88,411.53,412.86,3726700
2025-09-16 20:00:00-04:00,415.79,418.06,407.34,408.50,4771700
2025-09-17 20:00:00-04:00,409.04,412.81,407.39,408.97,3677200
2025-09-18 20:00:00-04:00,408.87,410.05,406.64,407.22,6718400
2025-09-21 20:00:00-04:00,405.67,406.43,402.75,403.61,2656300
2025-09-22 20:00:00-04:00,403.61,405.30,399.16,402.54,2597000
2025-09-23 20:00:00-04:00,398.50,402.28,396.76,401.42,3220700
2025-09-24 20:00:00-04:00,398.37,402.49,397.35,399.15,2554300
2025-09-25 20:00:00-04:00,399.84,403.03,397.57,401.74,2316600
2025-09-28 20:00:00-04:00,401.70,402.58,395.62,398.51,3008400
2025-09-29 20:00:00-04:00,398.35,398.71,395.26,396.94,3211600
2025-09-30 20:00:00-04:00,396.15,396.88,387.26,388.93,3787800
2025-10-01 20:00:00-04:00,387.44,389.28,385.77,386.96,2964700
2025-10-02 20:00:00-04:00,386.10,389.23,384.63,387.01,2951300
2025-10-05 20:00:00-04:00,386.46,386.46,377.86,381.40,3653700
2025-10-06 20:00:00-04:00,381.52,381.81,377.66,378.93,2505700
2025-10-07 20:00:00-04:00,378.59,378.59,375.18,375.97,2517600
2025-10-08 20:00:00-04:00,375.10,376.53,369.77,370.00,3321400
2025-10-09 20:00:00-04:00,372.51,372.51,367.14,368.10,2992400
2025-10-12 20:00:00-04:00,371.35,374.52,369.51,371.64,2925900
2025-10-13 20:00:00-04:00,371.15,380.97,370.31,379.82,4399900
2025-10-14 20:00:00-04:00,381.30,386.34,378.85,380.39,3690100
2025-10-15 20:00:00-04:00,381.72,382.05,376.15,379.50,2783700
2025-10-16 20:00:00-04:00,380.59,385.10,379.31,383.92,2657700
2025-10-19 20:00:00-04:00,383.44,385.17,380.18,380.97,2761100
2025-10-20 20:00:00-04:00,379.66,385.61,378.00,382.94,2306900
2025-10-21 20:00:00-04:00,383.28,385.04,380.26,381.05,2857000
2025-10-22 20:00:00-04:00,379.24,380.80,373.53,377.19,2767300
2025-10-23 20:00:00-04:00,381.76,381.76,377.81,378.80,2426800
2025-10-26 20:00:00-04:00,379.80,381.36,375.10,377.42,3065800
2025-10-27 20:00:00-04:00,376.59,382.06,375.03,377.89,2372800
2025-10-28 20:00:00-04:00,375.20,377.16,367.56,370.34,3852300
2025-10-29 20:00:00-04:00,370.02,376.86,368.45,371.82,2384300
2025-10-30 20:00:00-04:00,369.28,373.18,367.37,371.86,2643500
2025-11-02 19:00:00-05:00,369.33,370.77,366.07,370.64,2897600
2025-11-03 19:00:00-05:00,369.66,375.86,369.07,375.28,2590000
2025-11-04 19:00:00-05:00,374.99,375.61,362.98,366.22,4763000
2025-11-05 19:00:00-05:00,364.25,365.07,360.06,361.55,3622100
2025-11-06 19:00:00-05:00,361.47,366.04,360.08,363.55,2766400
2025-11-09 19:00:00-05:00,362.26,363.11,356.05,362.88,3257900
2025-11-10 19:00:00-05:00,364.41,368.34,363.35,366.62,2407300
2025-11-11 19:00:00-05:00,364.48,365.95,361.49,363.57,3375800
2025-11-12 19:00:00-05:00,364.09,365.91,359.15,360.57,3034800
2025-11-13 19:00:00-05:00,358.46,359.85,352.47,354.98,3413300
2025-11-16 19:00:00-05:00,353.77,356.37,348.85,350.74,5127200
2025-11-17 19:00:00-05:00,333.05,341.69,329.16,329.63,9604750
2025-11-18 19:00:00-05:00,334.02,334.79,324.62,327.69,7595000
2025-11-19 19:00:00-05:00,329.51,332.00,325.36,325.61,4025300
2025-11-20 19:00:00-05:00,327.75,339.85,326.22,336.33,7441300
2025-11-23 19:00:00-05:00,335.23,336.71,329.69,329.72,6132900
2025-11-24 19:00:00-05:00,332.09,345.81,331.95,343.92,6316600
2025-11-25 19:00:00-05:00,343.12,350.05,341.89,348.23,4517300
2025-11-27 19:00:00-05:00,347.70,350.54,346.30,349.65,2119600
2025-11-30 19:00:00-05:00,346.84,354.91,345.69,350.05,5107100
2025-12-01 19:00:00-05:00,349.56,350.22,344.14,346.82,3965300
2025-12-02 19:00:00-05:00,347.28,353.13,346.54,350.62,4166700
2025-12-03 19:00:00-05:00,351.29,352.49,345.09,346.24,4022800
2025-12-04 19:00:00-05:00,345.73,350.63,344.62,349.63,5959200
2025-12-07 19:00:00-05:00,347.01,347.15,340.85,345.00,7273000
2025-12-08 19:00:00-05:00,342.88,351.66,340.12,340.42,5063100
2025-12-09 19:00:00-05:00,339.27,347.08,339.17,346.20,6316100
2025-12-10 19:00:00-05:00,351.00,357.63,348.97,352.44,6609800
2025-12-11 19:00:00-05:00,354.22,355.70,351.05,354.60,3861200
2025-12-14 19:00:00-05:00,354.35,357.58,350.63,351.98,4387400
2025-12-15 19:00:00-05:00,351.89,353.70,346.87,347.73,3497200
2025-12-16 19:00:00-05:00,347.03,352.48,346.05,351.74,3875200
2025-12-17 19:00:00-05:00,358.44,361.16,349.58,350.01,4805200
2025-12-18 19:00:00-05:00,349.14,349.14,340.08,340.16,9604750
2025-12-21 19:00:00-05:00,340.46,343.02,338.88,341.53,3523700
2025-12-22 19:00:00-05:00,339.17,342.62,337.14,340.13,3873400
2025-12-23 19:00:00-05:00,339.51,343.37,339.07,342.46,1368600
2025-12-25 19:00:00-05:00,342.12,345.14,341.71,344.87,1786900
2025-12-28 19:00:00-05:00,345.09,345.40,339.91,342.57,3790000
2025-12-29 19:00:00-05:00,341.17,342.11,338.90,341.49,2392600
2025-12-30 19:00:00-05:00,340.65,341.84,339.14,339.27,2317500
2026-01-01 19:00:00-05:00,338.61,343.60,336.13,340.97,3763000
2026-01-04 19:00:00-05:00,337.89,342.47,336.46,339.26,4725300
2026-01-05 19:00:00-05:00,336.71,345.76,332.97,344.39,4680300
2026-01-06 19:00:00-05:00,348.38,353.47,344.13,344.16,4442700
2026-01-07 19:00:00-05:00,340.46,358.14,339.27,354.51,5196500
2026-01-08 19:00:00-05:00,358.40,370.22,356.24,369.38,7093500
2026-01-11 19:00:00-05:00,369.38,371.14,364.07,369.68,5859800
2026-01-12 19:00:00-05:00,370.59,374.84,365.61,374.41,4785800
2026-01-13 19:00:00-05:00,371.40,374.75,368.72,370.67,4959900
2026-01-14 19:00:00-05:00,370.74,374.84,369.20,373.84,2990100
2026-01-15 19:00:00-05:00,373.93,377.40,372.21,374.83,3709000
2026-01-19 19:00:00-05:00,367.02,372.04,366.09,369.84,5353700
2026-01-20 19:00:00-05:00,370.53,380.50,369.42,379.24,5169800
2026-01-21 19:00:00-05:00,381.03,385.12,375.19,375.68,4828100
2026-01-22 19:00:00-05:00,376.15,378.97,373.89,378.38,3138300
2026-01-25 19:00:00-05:00,379.60,381.98,376.59,381.10,3984800
2026-01-26 19:00:00-05:00,379.55,381.07,372.96,375.02,3466100
2026-01-27 19:00:00-05:00,374.87,375.65,368.41,370.03,3371500
2026-01-28 19:00:00-05:00,369.64,371.80,364.95,366.59,4744500
2026-01-29 19:00:00-05:00,367.18,369.85,363.38,369.33,3755600
2026-02-01 19:00:00-05:00,368.99,374.32,363.07,372.81,4757200
2026-02-02 19:00:00-05:00,371.99,386.28,371.71,375.75,5684400
2026-02-03 19:00:00-05:00,379.19,385.05,378.96,381.77,5574700
2026-02-04 19:00:00-05:00,381.25,381.57,375.48,377.00,3759700
2026-02-05 19:00:00-05:00,375.99,380.95,373.78,379.74,4685400
2026-02-08 19:00:00-05:00,378.96,380.36,372.89,375.65,3639300
2026-02-09 19:00:00-05:00,378.42,386.24,376.58,384.21,3160800
2026-02-10 19:00:00-05:00,379.60,385.93,376.72,385.20,3229900
2026-02-11 19:00:00-05:00,388.03,392.05,383.54,384.74,3702200
2026-02-12 19:00:00-05:00,384.72,388.47,381.67,385.56,2875900
2026-02-16 19:00:00-05:00,386.72,388.47,375.16,377.66,3485300
2026-02-17 19:00:00-05:00,377.38,379.71,374.21,378.14,2982600
2026-02-18 19:00:00-05:00,378.35,378.35,372.09,373.27,2930900
2026-02-19 19:00:00-05:00,372.15,379.42,370.67,376.88,3984100
2026-02-22 19:00:00-05:00,375.64,378.75,364.39,371.70,5495700
2026-02-23 19:00:00-05:00,383.65,388.81,376.85,379.08,5675800
2026-02-24 19:00:00-05:00,375.72,376.09,366.16,370.30,5036900
2026-02-25 19:00:00-05:00,373.09,376.13,369.68,369.83,2889400
2026-02-26 19:00:00-05:00,368.61,376.83,367.11,375.38,4819500
2026-03-01 19:00:00-05:00,369.74,369.84,363.82,365.61,4537600
2026-03-02 19:00:00-05:00,358.62,363.60,355.07,361.77,3964700
2026-03-03 19:00:00-05:00,361.06,364.38,356.44,363.93,4324400
2026-03-04 19:00:00-05:00,360.98,361.83,354.16,356.60,4752200
2026-03-05 19:00:00-05:00,352.52,354.40,348.26,352.90,4167400
2026-03-08 20:00:00-04:00,350.61,351.49,340.79,348.60,4224500
2026-03-09 20:00:00-04:00,348.08,356.56,346.09,352.14,3986000
2026-03-10 20:00:00-04:00,350.47,351.32,344.21,345.92,3197100
2026-03-11 20:00:00-04:00,343.46,346.07,336.18,336.41,3893600
2026-03-12 20:00:00-04:00,339.15,340.86,335.51,336.51,2531900
2026-03-15 20:00:00-04:00,339.89,342.67,338.11,340.03,3194400
2026-03-16 20:00:00-04:00,342.32,344.20,338.40,338.89,3075900
2026-03-17 20:00:00-04:00,336.08,337.27,327.68,328.47,3592200
2026-03-18 20:00:00-04:00,326.51,327.77,322.21,325.77,3845400
2026-03-19 20:00:00-04:00,325.31,327.77,317.88,318.36,9604750
2026-03-22 20:00:00-04:00,329.52,332.23,325.77,328.44,5806300
2026-03-23 20:00:00-04:00,323.47,330.04,320.62,328.45,4566400
2026-03-24 20:00:00-04:00,332.51,334.68,324.56,330.03,4397800
2026-03-25 20:00:00-04:00,328.97,331.63,324.16,325.98,3448400
2026-03-26 20:00:00-04:00,325.06,325.10,318.35,319.26,3977400
2026-03-29 20:00:00-04:00,323.30,325.55,320.18,321.09,4066000
2026-03-30 20:00:00-04:00,326.04,328.97,321.00,326.44,5749100
2026-03-31 20:00:00-04:00,326.92,330.61,325.37,327.11,3386200
2026-04-01 20:00:00-04:00,321.19,323.87,316.29,319.24,3732300
2026-04-05 20:00:00-04:00,317.32,324.25,316.55,324.22,2448300
2026-04-06 20:00:00-04:00,320.60,321.97,312.96,316.40,4661600
2026-04-07 20:00:00-04:00,330.78,336.26,329.78,333.66,4610600
2026-04-08 20:00:00-04:00,328.79,338.03,326.00,337.05,3002000
2026-04-09 20:00:00-04:00,338.50,338.69,333.31,334.83,3208300
2026-04-12 20:00:00-04:00,333.04,338.90,329.46,338.62,3741200
2026-04-13 20:00:00-04:00,338.46,340.21,335.82,340.16,2882500
2026-04-14 20:00:00-04:00,339.31,339.72,334.11,336.39,3365200
2026-04-15 20:00:00-04:00,337.46,339.43,334.18,334.64,2856700
2026-04-16 20:00:00-04:00,340.29,349.40,340.29,346.80,4930400
2026-04-19 20:00:00-04:00,345.75,348.56,341.06,348.38,3260900
2026-04-20 20:00:00-04:00,350.30,350.92,340.42,341.36,3081000
2026-04-21 20:00:00-04:00,341.39,342.67,335.40,336.97,2855800
2026-04-22 20:00:00-04:00,336.97,338.29,334.37,337.63,2712400
2026-04-23 20:00:00-04:00,335.36,337.74,332.19,333.39,3255900
2026-04-26 20:00:00-04:00,331.99,334.87,329.67,329.83,3282900
2026-04-27 20:00:00-04:00,331.96,333.43,324.92,326.61,4279300
2026-04-28 20:00:00-04:00,323.24,323.41,316.67,320.41,4150000
2026-04-29 20:00:00-04:00,319.84,327.66,319.84,326.35,4317900
2026-04-30 20:00:00-04:00,327.64,328.06,320.95,321.47,3865300
2026-05-03 20:00:00-04:00,319.68,319.68,309.94,310.09,6396100
2026-05-04 20:00:00-04:00,311.08,315.27,308.09,313.07,6391400
2026-05-05 20:00:00-04:00,319.56,322.82,316.97,320.64,5455900
2026-05-06 20:00:00-04:00,322.59,325.05,320.03,320.24,4411700
2026-05-07 20:00:00-04:00,320.28,321.59,314.44,315.09,4995500
2026-05-10 20:00:00-04:00,314.14,314.76,307.40,309.08,4335700
2026-05-11 20:00:00-04:00,310.90,312.44,306.81,308.15,4225700
2026-05-12 20:00:00-04:00,305.32,305.40,297.04,300.30,6307800
2026-05-13 20:00:00-04:00,302.79,303.70,299.18,302.08,5072600
2026-05-14 20:00:00-04:00,298.07,300.67,294.67,295.30,6121500
2026-05-17 20:00:00-04:00,297.02,301.52,295.09,297.58,6366100
2026-05-18 20:00:00-04:00,289.70,300.93,286.95,300.19,8692500
2026-05-19 20:00:00-04:00,298.82,308.69,294.46,308.27,5810900
2026-05-20 20:00:00-04:00,304.08,311.65,302.11,311.44,4516600
2026-05-21 20:00:00-04:00,312.16,312.62,309.14,310.74,2963800
2026-05-25 20:00:00-04:00,312.71,314.43,306.66,308.23,6978200
2026-05-26 20:00:00-04:00,312.41,318.61,312.17,315.48,5990100
2026-05-27 20:00:00-04:00,315.09,319.48,312.81,318.82,6818900
2026-05-28 20:00:00-04:00,318.09,319.70,314.64,314.78,6963300
2026-05-31 20:00:00-04:00,312.78,313.54,305.40,308.38,4544200
2026-06-01 20:00:00-04:00,307.67,309.88,306.27,309.20,4310000
2026-06-02 20:00:00-04:00,305.65,311.19,304.83,310.64,4328300
2026-06-03 20:00:00-04:00,317.83,320.75,308.11,309.95,4558600
2026-06-04 20:00:00-04:00,310.83,314.05,308.63,310.78,3946300
2026-06-07 20:00:00-04:00,308.88,313.77,307.07,309.71,4381800
2026-06-08 20:00:00-04:00,311.35,322.89,310.27,321.33,4875300
2026-06-09 20:00:00-04:00,323.27,324.00,318.80,318.92,4823800
2026-06-10 20:00:00-04:00,322.29,327.03,318.55,326.01,4656600
2026-06-11 20:00:00-04:00,328.50,331.02,325.29,328.39,3649000
2026-06-14 20:00:00-04:00,333.76,338.00,329.54,329.82,4695000
2026-06-15 20:00:00-04:00,331.91,338.27,329.75,337.09,5131500
2026-06-16 20:00:00-04:00,336.01,341.15,326.17,327.48,6085400
2026-06-17 20:00:00-04:00,331.70,338.02,330.90,334.28,9604750
2026-06-21 20:00:00-04:00,330.00,331.73,326.34,326.62,4713600
2026-06-22 20:00:00-04:00,323.87,329.02,321.70,324.45,4788000
2026-06-23 20:00:00-04:00,329.12,342.96,327.71,342.86,6385000
2026-06-24 20:00:00-04:00,342.25,348.64,341.82,345.00,6974100
2026-06-25 20:00:00-04:00,347.90,350.50,345.85,348.86,7771700
2026-06-28 20:00:00-04:00,348.86,351.35,345.54,350.81,5784300
