Date,Open,High,Low,Close,Volume
2018-07-01 20:00:00-04:00,15.73,15.76,15.49,15.58,5866400
2018-07-02 20:00:00-04:00,15.58,15.85,15.56,15.72,4516300
2018-07-04 20:00:00-04:00,15.75,15.80,15.60,15.79,4479500
2018-07-05 20:00:00-04:00,15.81,15.96,15.76,15.94,4152900
2018-07-08 20:00:00-04:00,15.96,16.03,15.84,15.96,5938700
2018-07-09 20:00:00-04:00,16.04,16.17,15.94,15.98,5526600
2018-07-10 20:00:00-04:00,15.91,15.96,15.76,15.80,4213900
2018-07-11 20:00:00-04:00,15.83,15.89,15.67,15.83,3641600
2018-07-12 20:00:00-04:00,15.86,15.91,15.78,15.84,3562400
2018-07-15 20:00:00-04:00,15.82,15.85,15.63,15.72,3147500
2018-07-16 20:00:00-04:00,15.75,15.79,15.66,15.73,4855600
2018-07-17 20:00:00-04:00,15.76,15.85,15.70,15.79,5058200
2018-07-18 20:00:00-04:00,15.75,16.11,15.72,16.06,5720100
2018-07-19 20:00:00-04:00,16.00,16.04,15.88,15.91,4920000
2018-07-22 20:00:00-04:00,15.94,16.15,15.91,16.14,6358800
2018-07-23 20:00:00-04:00,16.18,16.26,15.76,15.80,7770700
2018-07-24 20:00:00-04:00,15.79,15.82,15.50,15.74,8809300
2018-07-25 20:00:00-04:00,15.78,15.88,15.70,15.76,3857300
2018-07-26 20:00:00-04:00,15.83,15.83,15.54,15.56,3194800
2018-07-29 20:00:00-04:00,15.56,15.58,15.43,15.47,4625000
2018-07-30 20:00:00-04:00,15.52,15.71,15.44,15.66,12229000
2018-07-31 20:00:00-04:00,15.64,16.11,15.61,16.09,8129900
2018-08-01 20:00:00-04:00,16.00,16.44,15.95,16.41,10960300
2018-08-02 20:00:00-04:00,16.41,16.50,16.13,16.18,12982200
2018-08-05 20:00:00-04:00,16.12,16.24,16.02,16.18,6384600
2018-08-06 20:00:00-04:00,16.14,16.14,15.93,15.99,7584900
2018-08-07 20:00:00-04:00,16.05,16.26,15.31,15.37,12959400
2018-08-08 20:00:00-04:00,15.35,15.44,15.29,15.32,11420100
2018-08-09 20:00:00-04:00,15.26,15.32,15.06,15.16,8288300
2018-08-12 20:00:00-04:00,15.16,15.25,14.94,15.03,6328700
2018-08-13 20:00:00-04:00,15.03,15.28,15.03,15.17,5368700
2018-08-14 20:00:00-04:00,15.15,15.60,15.11,15.55,9146000
2018-08-15 20:00:00-04:00,15.55,15.78,15.50,15.63,5444200
2018-08-16 20:00:00-04:00,15.60,15.68,15.44,15.65,6437300
2018-08-19 20:00:00-04:00,15.73,15.79,15.61,15.63,8965500
2018-08-20 20:00:00-04:00,15.67,15.84,15.62,15.75,8210800
2018-08-21 20:00:00-04:00,15.77,16.00,15.71,15.93,7930200
2018-08-22 20:00:00-04:00,15.95,15.97,15.58,15.61,7416100
2018-08-23 20:00:00-04:00,15.60,15.74,15.56,15.67,4569500
2018-08-26 20:00:00-04:00,15.67,15.69,15.56,15.65,5702900
2018-08-27 20:00:00-04:00,15.70,16.00,15.67,16.00,8275900
2018-08-28 20:00:00-04:00,16.03,16.35,16.03,16.19,7685500
2018-08-29 20:00:00-04:00,16.20,16.37,16.12,16.26,5254100
2018-08-30 20:00:00-04:00,16.23,16.41,16.09,16.10,10145600
2018-09-03 20:00:00-04:00,16.13,16.18,15.83,15.87,6237400
2018-09-04 20:00:00-04:00,15.82,15.99,15.80,15.88,6992300
2018-09-05 20:00:00-04:00,15.95,16.01,15.83,15.91,5424300
2018-09-06 20:00:00-04:00,15.89,16.04,15.82,16.01,7920100
2018-09-09 20:00:00-04:00,16.10,16.13,15.91,15.91,5367800
2018-09-10 20:00:00-04:00,15.82,16.03,15.80,15.92,6628300
2018-09-11 20:00:00-04:00,15.92,16.06,15.87,15.96,4802200
2018-09-12 20:00:00-04:00,16.05,16.13,16.00,16.06,5840700
2018-09-13 20:00:00-04:00,16.05,16.14,15.85,16.13,6092300
2018-09-16 20:00:00-04:00,16.15,16.17,15.96,16.00,5923300
2018-09-17 20:00:00-04:00,15.99,16.15,15.94,16.07,7508100
2018-09-18 20:00:00-04:00,16.09,16.10,15.75,15.81,9164800
2018-09-19 20:00:00-04:00,15.83,15.91,15.66,15.87,11704800
2018-09-20 20:00:00-04:00,15.85,15.98,15.79,15.79,10060400
2018-09-23 20:00:00-04:00,15.79,15.82,15.52,15.62,6722500
2018-09-24 20:00:00-04:00,15.74,16.02,15.67,15.83,8583600
2018-09-25 20:00:00-04:00,15.81,15.92,15.72,15.72,6855000
2018-09-26 20:00:00-04:00,15.84,16.04,15.77,15.99,5602200
2018-09-27 20:00:00-04:00,15.98,16.06,15.83,15.93,7220300
2018-09-30 20:00:00-04:00,15.93,15.95,15.79,15.83,5389900
2018-10-01 20:00:00-04:00,15.79,15.84,15.64,15.64,4876400
2018-10-02 20:00:00-04:00,15.65,15.79,15.55,15.70,5471400
2018-10-03 20:00:00-04:00,15.69,15.69,15.22,15.30,6433100
2018-10-04 20:00:00-04:00,15.24,15.30,15.13,15.18,5707400
2018-10-07 20:00:00-04:00,15.23,15.47,15.16,15.44,4698600
2018-10-08 20:00:00-04:00,15.42,15.44,15.18,15.21,4324000
2018-10-09 20:00:00-04:00,15.19,15.27,14.93,14.94,7993700
2018-10-10 20:00:00-04:00,14.96,14.96,14.44,14.53,8607600
2018-10-11 20:00:00-04:00,14.64,14.75,14.38,14.48,6142900
2018-10-14 20:00:00-04:00,14.44,14.63,14.43,14.48,6661000
2018-10-15 20:00:00-04:00,14.55,14.73,14.47,14.67,4960300
2018-10-16 20:00:00-04:00,14.68,14.71,14.47,14.59,3645700
2018-10-17 20:00:00-04:00,14.57,14.59,14.34,14.40,3727700
2018-10-18 20:00:00-04:00,14.41,14.53,14.34,14.42,8657000
2018-10-21 20:00:00-04:00,14.46,14.46,14.19,14.25,4365700
2018-10-22 20:00:00-04:00,14.06,14.16,13.82,14.13,7571700
2018-10-23 20:00:00-04:00,14.15,14.17,13.83,13.85,9249800
2018-10-24 20:00:00-04:00,13.91,14.26,13.87,14.13,9151900
2018-10-25 20:00:00-04:00,14.01,14.09,13.67,13.91,8467800
2018-10-28 20:00:00-04:00,14.05,14.29,13.98,14.10,5122700
2018-10-29 20:00:00-04:00,14.16,14.40,14.07,14.32,8290000
2018-10-30 20:00:00-04:00,14.38,14.66,14.17,14.43,9905400
2018-10-31 20:00:00-04:00,14.44,14.66,14.26,14.59,8605000
2018-11-01 20:00:00-04:00,14.89,15.02,14.04,14.10,7605700
2018-11-04 19:00:00-05:00,14.14,14.71,14.14,14.53,7139800
2018-11-05 19:00:00-05:00,14.43,14.50,13.82,13.97,9857500
2018-11-06 19:00:00-05:00,13.93,14.34,13.93,14.34,7432700
2018-11-07 19:00:00-05:00,14.33,14.45,14.15,14.36,6591700
2018-11-08 19:00:00-05:00,14.28,14.41,14.16,14.27,4944500
2018-11-11 19:00:00-05:00,14.29,14.40,14.19,14.19,4062200
2018-11-12 19:00:00-05:00,14.26,14.43,14.21,14.22,5904500
2018-11-13 19:00:00-05:00,14.30,14.38,14.07,14.22,5739300
2018-11-14 19:00:00-05:00,14.09,14.42,13.98,14.38,7225600
2018-11-15 19:00:00-05:00,14.36,14.55,14.28,14.54,5576300
2018-11-18 19:00:00-05:00,14.51,14.51,14.34,14.46,6701600
2018-11-19 19:00:00-05:00,14.41,14.59,14.31,14.48,6435900
2018-11-20 19:00:00-05:00,14.50,14.60,14.38,14.38,3400400
2018-11-22 19:00:00-05:00,14.27,14.46,14.25,14.29,1251900
2018-11-25 19:00:00-05:00,14.44,14.55,14.38,14.47,4260200
2018-11-26 19:00:00-05:00,14.46,14.57,14.38,14.46,4606500
2018-11-27 19:00:00-05:00,14.44,14.50,14.22,14.50,5678800
2018-11-28 19:00:00-05:00,14.46,14.66,14.38,14.57,5847600
2018-11-29 19:00:00-05:00,14.60,14.60,14.17,14.34,8227000
2018-12-02 19:00:00-05:00,14.47,14.62,14.28,14.61,4006200
2018-12-03 19:00:00-05:00,14.59,14.62,14.13,14.13,5512300
2018-12-05 19:00:00-05:00,14.02,14.25,13.71,14.23,8970800
2018-12-06 19:00:00-05:00,14.20,14.24,13.88,13.88,6344300
2018-12-09 19:00:00-05:00,13.90,13.92,13.53,13.67,5928200
2018-12-10 19:00:00-05:00,13.81,13.91,13.56,13.57,4566600
2018-12-11 19:00:00-05:00,13.67,13.78,13.48,13.48,6668000
2018-12-12 19:00:00-05:00,13.48,13.57,13.33,13.42,6183600
2018-12-13 19:00:00-05:00,13.39,13.63,13.32,13.42,6096500
2018-12-16 19:00:00-05:00,13.42,13.54,13.03,13.08,6524500
2018-12-17 19:00:00-05:00,13.27,13.46,13.11,13.28,7459300
2018-12-18 19:00:00-05:00,13.27,13.61,12.98,13.00,8105100
2018-12-19 19:00:00-05:00,12.83,12.93,12.33,12.47,9119300
2018-12-20 19:00:00-05:00,12.58,12.77,12.40,12.49,13773500
2018-12-23 19:00:00-05:00,12.43,12.49,12.03,12.03,3345600
2018-12-25 19:00:00-05:00,12.06,12.71,12.06,12.71,6894200
2018-12-26 19:00:00-05:00,12.58,12.71,12.22,12.71,8030500
2018-12-27 19:00:00-05:00,12.82,13.07,12.66,12.78,7185300
2018-12-30 19:00:00-05:00,12.84,12.84,12.55,12.78,5122300
2019-01-01 19:00:00-05:00,12.60,12.63,12.42,12.56,5120300
2019-01-02 19:00:00-05:00,12.48,12.73,12.47,12.53,6563900
2019-01-03 19:00:00-05:00,12.70,13.01,12.68,12.93,5968700
2019-01-06 19:00:00-05:00,12.96,13.09,12.86,13.01,5555800
2019-01-07 19:00:00-05:00,13.13,13.36,13.10,13.33,7861400
2019-01-08 19:00:00-05:00,13.37,13.40,13.13,13.38,7094800
2019-01-09 19:00:00-05:00,13.38,13.69,13.30,13.55,5978300
2019-01-10 19:00:00-05:00,13.52,13.60,13.40,13.60,6726900
2019-01-13 19:00:00-05:00,13.53,13.54,13.34,13.41,6773600
2019-01-14 19:00:00-05:00,13.44,13.53,13.26,13.38,6967000
2019-01-15 19:00:00-05:00,13.37,13.57,13.31,13.39,7218700
2019-01-16 19:00:00-05:00,13.34,13.44,13.19,13.43,6534200
2019-01-17 19:00:00-05:00,13.47,13.59,13.30,13.43,7070300
2019-01-21 19:00:00-05:00,13.40,13.44,13.10,13.23,5256400
2019-01-22 19:00:00-05:00,13.24,13.31,12.94,13.07,7587000
2019-01-23 19:00:00-05:00,13.03,13.24,12.95,13.17,10124700
2019-01-24 19:00:00-05:00,13.30,13.45,13.23,13.40,6828900
2019-01-27 19:00:00-05:00,13.31,13.63,13.29,13.55,7149800
2019-01-28 19:00:00-05:00,13.54,13.79,13.54,13.71,7193900
2019-01-29 19:00:00-05:00,13.72,14.00,13.72,13.92,9024200
2019-01-30 19:00:00-05:00,13.89,13.99,13.77,13.84,11906300
2019-01-31 19:00:00-05:00,13.87,13.90,13.49,13.83,6083300
2019-02-03 19:00:00-05:00,13.76,13.96,13.68,13.96,4794500
2019-02-04 19:00:00-05:00,13.97,14.07,13.94,14.04,8436800
2019-02-05 19:00:00-05:00,14.03,14.06,13.93,13.96,4229600
2019-02-06 19:00:00-05:00,13.87,13.97,13.82,13.94,5872800
2019-02-07 19:00:00-05:00,13.82,13.92,13.66,13.77,6581100
2019-02-10 19:00:00-05:00,13.82,13.88,13.71,13.72,9649600
2019-02-11 19:00:00-05:00,13.86,13.86,13.67,13.78,10732300
2019-02-12 19:00:00-05:00,13.85,14.12,13.79,14.07,10376400
2019-02-13 19:00:00-05:00,14.05,14.14,13.95,14.06,5461700
2019-02-14 19:00:00-05:00,14.17,14.32,14.14,14.29,9716200
2019-02-18 19:00:00-05:00,14.29,14.38,14.17,14.19,9573300
2019-02-19 19:00:00-05:00,14.48,15.21,14.19,15.08,19771800
2019-02-20 19:00:00-05:00,15.09,15.33,15.03,15.17,10887800
2019-02-21 19:00:00-05:00,15.24,15.59,15.24,15.43,9184800
2019-02-24 19:00:00-05:00,15.53,15.60,15.16,15.17,8389200
2019-02-25 19:00:00-05:00,15.21,15.41,15.09,15.10,7868800
2019-02-26 19:00:00-05:00,15.01,15.12,14.87,14.94,6602300
2019-02-27 19:00:00-05:00,14.97,15.13,14.96,15.03,9641100
2019-02-28 19:00:00-05:00,15.11,15.13,14.78,14.98,6661700
2019-03-03 19:00:00-05:00,15.06,15.17,14.94,15.17,5504600
2019-03-04 19:00:00-05:00,15.17,15.27,15.05,15.20,4520900
2019-03-05 19:00:00-05:00,15.21,15.31,15.09,15.12,4011000
2019-03-06 19:00:00-05:00,15.14,15.14,14.82,14.85,5341400
2019-03-07 19:00:00-05:00,14.74,14.78,14.58,14.78,7098800
2019-03-10 20:00:00-04:00,14.88,15.04,14.71,14.90,4663900
2019-03-11 20:00:00-04:00,14.85,14.91,14.65,14.68,7536800
2019-03-12 20:00:00-04:00,14.75,14.88,14.66,14.69,4896000
2019-03-13 20:00:00-04:00,14.68,14.75,14.58,14.73,3928800
2019-03-14 20:00:00-04:00,14.71,14.78,14.64,14.68,7254000
2019-03-17 20:00:00-04:00,14.75,14.81,14.60,14.71,3718300
2019-03-18 20:00:00-04:00,14.76,14.82,14.58,14.63,4267400
2019-03-19 20:00:00-04:00,14.61,14.86,14.53,14.65,7584000
2019-03-20 20:00:00-04:00,14.60,14.83,14.52,14.68,7758100
2019-03-21 20:00:00-04:00,14.64,14.68,14.22,14.41,6581400
2019-03-24 20:00:00-04:00,14.41,14.46,14.19,14.33,5983100
2019-03-25 20:00:00-04:00,14.45,14.63,14.38,14.63,6486200
2019-03-26 20:00:00-04:00,14.62,14.68,14.41,14.56,8444400
2019-03-27 20:00:00-04:00,14.62,14.70,14.51,14.69,6256700
2019-03-28 20:00:00-04:00,14.74,14.80,14.60,14.64,6376100
2019-03-31 20:00:00-04:00,14.74,14.95,14.72,14.93,6406200
2019-04-01 20:00:00-04:00,14.98,15.10,14.87,15.06,8707900
2019-04-02 20:00:00-04:00,15.13,15.16,14.84,14.95,12362500
2019-04-03 20:00:00-04:00,14.93,14.97,14.79,14.91,4770500
2019-04-04 20:00:00-04:00,14.94,15.00,14.90,14.97,3975500
2019-04-07 20:00:00-04:00,14.95,15.04,14.90,15.02,4844000
2019-04-08 20:00:00-04:00,14.99,15.01,14.65,14.68,4375000
2019-04-09 20:00:00-04:00,14.72,14.87,14.71,14.84,8473900
2019-04-10 20:00:00-04:00,14.89,14.93,14.64,14.77,4255600
2019-04-11 20:00:00-04:00,14.82,14.90,14.63,14.89,4817700
2019-04-14 20:00:00-04:00,14.89,14.93,14.64,14.73,5776100
2019-04-15 20:00:00-04:00,14.75,14.79,14.60,14.72,5528800
2019-04-16 20:00:00-04:00,14.82,14.82,14.53,14.57,3678400
2019-04-17 20:00:00-04:00,14.55,14.72,14.51,14.64,5204600
2019-04-21 20:00:00-04:00,14.58,14.58,14.34,14.48,4459200
2019-04-22 20:00:00-04:00,14.51,14.73,14.45,14.65,5829500
2019-04-23 20:00:00-04:00,14.72,14.79,14.63,14.68,6242700
2019-04-24 20:00:00-04:00,14.58,14.75,14.42,14.64,8154900
2019-04-25 20:00:00-04:00,14.69,14.89,14.65,14.86,5655300
2019-04-28 20:00:00-04:00,14.87,15.13,14.86,14.89,9877300
2019-04-29 20:00:00-04:00,14.88,14.94,14.76,14.90,7415600
2019-04-30 20:00:00-04:00,14.96,15.19,14.95,15.09,15027800
2019-05-01 20:00:00-04:00,15.10,15.48,15.07,15.18,10758000
2019-05-02 20:00:00-04:00,15.23,15.42,15.18,15.40,6314600
2019-05-05 20:00:00-04:00,15.20,15.42,15.10,15.40,9966700
2019-05-06 20:00:00-04:00,15.25,15.34,14.87,14.99,8058600
2019-05-07 20:00:00-04:00,15.01,15.07,14.75,14.77,8126300
2019-05-08 20:00:00-04:00,14.65,14.89,14.65,14.72,10631900
2019-05-09 20:00:00-04:00,14.62,14.89,14.52,14.88,4974300
2019-05-12 20:00:00-04:00,14.61,14.71,14.46,14.58,6669400
2019-05-13 20:00:00-04:00,14.60,14.87,14.58,14.71,4804800
2019-05-14 20:00:00-04:00,14.63,15.03,14.63,14.93,4250900
2019-05-15 20:00:00-04:00,14.93,15.08,14.93,14.98,3813500
2019-05-16 20:00:00-04:00,14.85,14.99,14.81,14.86,4522900
2019-05-19 20:00:00-04:00,14.82,14.86,14.58,14.69,2746000
2019-05-20 20:00:00-04:00,14.79,14.89,14.69,14.86,5289600
2019-05-21 20:00:00-04:00,14.84,14.87,14.75,14.81,2742300
2019-05-22 20:00:00-04:00,14.66,14.86,14.56,14.82,6009500
2019-05-23 20:00:00-04:00,14.93,15.05,14.82,14.92,4135200
2019-05-27 20:00:00-04:00,14.96,14.98,14.62,14.62,6955800
2019-05-28 20:00:00-04:00,14.56,14.59,14.27,14.39,5463800
2019-05-29 20:00:00-04:00,14.42,14.55,14.24,14.25,8239800
2019-05-30 20:00:00-04:00,14.02,14.14,13.86,14.03,8376400
2019-06-02 20:00:00-04:00,14.05,14.07,13.80,13.98,9246600
2019-06-03 20:00:00-04:00,14.06,14.15,13.91,14.02,10045300
2019-06-04 20:00:00-04:00,14.14,14.24,13.92,14.10,10673600
2019-06-05 20:00:00-04:00,14.09,14.15,13.95,14.04,6177000
2019-06-06 20:00:00-04:00,14.10,14.27,14.06,14.20,7116700
2019-06-09 20:00:00-04:00,14.30,14.36,14.20,14.31,3941500
2019-06-10 20:00:00-04:00,14.41,14.46,14.26,14.39,4406700
2019-06-11 20:00:00-04:00,14.40,14.44,14.26,14.27,4881600
2019-06-12 20:00:00-04:00,14.27,14.37,14.22,14.36,4896900
2019-06-13 20:00:00-04:00,14.33,14.34,14.13,14.18,5239000
2019-06-16 20:00:00-04:00,14.20,14.43,14.18,14.36,5773200
2019-06-17 20:00:00-04:00,14.44,14.66,14.34,14.44,5075600
2019-06-18 20:00:00-04:00,14.44,14.46,14.17,14.31,7335700
2019-06-19 20:00:00-04:00,14.48,14.48,14.27,14.44,5569400
2019-06-20 20:00:00-04:00,14.40,14.40,14.07,14.07,13464900
2019-06-23 20:00:00-04:00,14.07,14.14,13.71,13.84,8600300
2019-06-24 20:00:00-04:00,13.95,14.08,13.79,13.79,7950200
2019-06-25 20:00:00-04:00,13.82,13.89,13.71,13.80,8094300
2019-06-26 20:00:00-04:00,13.92,14.12,13.83,14.11,5004700
2019-06-27 20:00:00-04:00,14.13,14.28,14.13,14.27,8481100
2019-06-30 20:00:00-04:00,14.38,14.50,14.11,14.23,8296900
2019-07-01 20:00:00-04:00,14.22,14.38,14.15,14.29,5367400
2019-07-02 20:00:00-04:00,14.32,14.48,14.31,14.46,2427000
2019-07-04 20:00:00-04:00,14.36,14.45,14.17,14.42,3275400
2019-07-07 20:00:00-04:00,14.37,14.42,14.29,14.37,3959300
2019-07-08 20:00:00-04:00,14.26,14.28,14.04,14.16,4898400
2019-07-09 20:00:00-04:00,14.30,14.37,14.15,14.37,7969500
2019-07-10 20:00:00-04:00,14.37,14.41,14.05,14.23,4726900
2019-07-11 20:00:00-04:00,14.26,14.35,14.20,14.26,4605900
2019-07-14 20:00:00-04:00,14.24,14.29,14.12,14.20,4854000
2019-07-15 20:00:00-04:00,14.19,14.33,14.04,14.33,4015900
2019-07-16 20:00:00-04:00,14.30,14.32,13.97,14.02,5122000
2019-07-17 20:00:00-04:00,13.99,14.06,13.85,13.94,3555700
2019-07-18 20:00:00-04:00,13.95,13.98,13.83,13.84,3490500
2019-07-21 20:00:00-04:00,13.78,13.86,13.66,13.68,4317700
2019-07-22 20:00:00-04:00,13.79,13.99,13.70,13.98,2918000
2019-07-23 20:00:00-04:00,13.97,14.03,13.87,13.98,2796000
2019-07-24 20:00:00-04:00,13.99,13.99,13.82,13.88,2449600
2019-07-25 20:00:00-04:00,13.89,13.96,13.78,13.79,4757400
2019-07-28 20:00:00-04:00,13.85,13.90,13.68,13.71,8474400
2019-07-29 20:00:00-04:00,13.65,13.86,13.65,13.85,4438900
2019-07-30 20:00:00-04:00,13.85,13.96,13.55,13.62,7662500
2019-07-31 20:00:00-04:00,13.65,13.65,13.36,13.36,9884000
2019-08-01 20:00:00-04:00,13.36,13.51,13.31,13.37,7749000
2019-08-04 20:00:00-04:00,13.26,13.36,12.82,13.00,10118800
2019-08-05 20:00:00-04:00,13.13,13.25,13.04,13.13,10201800
2019-08-06 20:00:00-04:00,12.91,13.15,12.56,13.02,11041800
2019-08-07 20:00:00-04:00,13.05,13.33,12.97,13.16,13727500
2019-08-08 20:00:00-04:00,13.12,13.28,12.91,13.03,11904400
2019-08-11 20:00:00-04:00,12.92,12.99,12.74,12.78,4958500
2019-08-12 20:00:00-04:00,12.74,13.00,12.71,12.92,5153000
2019-08-13 20:00:00-04:00,12.78,12.82,12.36,12.39,8815900
2019-08-14 20:00:00-04:00,12.38,12.43,12.15,12.22,10447100
2019-08-15 20:00:00-04:00,12.27,12.48,12.21,12.42,6919800
2019-08-18 20:00:00-04:00,12.56,12.58,12.49,12.53,4919000
2019-08-19 20:00:00-04:00,12.48,12.55,12.43,12.49,7209200
2019-08-20 20:00:00-04:00,12.60,12.60,12.43,12.49,5716600
2019-08-21 20:00:00-04:00,12.46,12.62,12.39,12.60,4361600
2019-08-22 20:00:00-04:00,12.55,12.60,12.26,12.29,8621600
2019-08-25 20:00:00-04:00,12.38,12.49,12.31,12.35,4894900
2019-08-26 20:00:00-04:00,12.41,12.49,12.29,12.33,6958000
2019-08-27 20:00:00-04:00,12.31,12.46,12.31,12.36,7680800
2019-08-28 20:00:00-04:00,12.49,12.69,12.49,12.52,5924000
2019-08-29 20:00:00-04:00,12.54,12.64,12.48,12.56,6300600
2019-09-02 20:00:00-04:00,12.46,12.56,12.39,12.56,5787800
2019-09-03 20:00:00-04:00,12.66,12.83,12.66,12.80,10226800
2019-09-04 20:00:00-04:00,12.87,13.11,12.82,13.10,14782900
2019-09-05 20:00:00-04:00,13.08,13.18,13.01,13.05,8090700
2019-09-08 20:00:00-04:00,13.07,13.43,13.00,13.43,6115800
2019-09-09 20:00:00-04:00,13.42,13.66,13.42,13.65,8803500
2019-09-10 20:00:00-04:00,13.71,13.78,13.48,13.65,6886900
2019-09-11 20:00:00-04:00,13.68,13.72,13.28,13.38,8777600
2019-09-12 20:00:00-04:00,13.48,13.68,13.47,13.57,8476400
2019-09-15 20:00:00-04:00,13.49,13.68,13.48,13.64,7781200
2019-09-16 20:00:00-04:00,13.61,13.64,13.48,13.51,7303500
2019-09-17 20:00:00-04:00,13.54,13.60,13.46,13.55,5597500
2019-09-18 20:00:00-04:00,13.57,13.66,13.49,13.53,4273400
2019-09-19 20:00:00-04:00,13.55,13.63,13.45,13.50,10822800
2019-09-22 20:00:00-04:00,13.35,13.60,13.35,13.49,5433200
2019-09-23 20:00:00-04:00,13.54,13.59,13.32,13.39,7362300
2019-09-24 20:00:00-04:00,13.42,13.50,13.36,13.36,9790700
2019-09-25 20:00:00-04:00,13.40,13.43,13.19,13.24,8984100
2019-09-26 20:00:00-04:00,13.32,13.56,13.25,13.56,9952000
2019-09-29 20:00:00-04:00,13.59,13.84,13.58,13.71,8606100
2019-09-30 20:00:00-04:00,13.77,13.79,13.45,13.46,5150400
2019-10-01 20:00:00-04:00,13.37,13.47,13.14,13.15,9104600
2019-10-02 20:00:00-04:00,13.12,13.25,12.94,13.20,8623900
2019-10-03 20:00:00-04:00,13.21,13.29,13.08,13.17,5944800
2019-10-06 20:00:00-04:00,13.17,13.42,13.13,13.32,7594900
2019-10-07 20:00:00-04:00,13.25,13.29,13.02,13.04,6093300
2019-10-08 20:00:00-04:00,13.10,13.16,12.97,13.02,6882800
2019-10-09 20:00:00-04:00,13.10,13.21,13.02,13.09,4878000
2019-10-10 20:00:00-04:00,13.23,13.52,13.18,13.21,8320800
2019-10-13 20:00:00-04:00,13.15,13.17,12.81,12.93,5420800
2019-10-14 20:00:00-04:00,12.98,13.13,12.92,13.01,4844200
2019-10-15 20:00:00-04:00,12.96,13.13,12.87,12.96,4531000
2019-10-16 20:00:00-04:00,13.02,13.08,12.91,13.02,4754000
2019-10-17 20:00:00-04:00,12.98,13.08,12.89,13.03,4994700
2019-10-20 20:00:00-04:00,13.10,13.33,13.07,13.32,5118100
2019-10-21 20:00:00-04:00,13.31,13.33,13.16,13.30,4288500
2019-10-22 20:00:00-04:00,13.33,13.41,13.26,13.36,7111500
2019-10-23 20:00:00-04:00,13.40,13.44,13.23,13.31,4083200
2019-10-24 20:00:00-04:00,13.21,13.26,13.14,13.22,3780400
2019-10-27 20:00:00-04:00,13.31,13.34,13.21,13.24,4227400
2019-10-28 20:00:00-04:00,13.20,13.33,13.15,13.17,4700600
2019-10-29 20:00:00-04:00,13.13,13.21,12.98,13.21,3658200
2019-10-30 20:00:00-04:00,13.18,13.21,12.96,12.99,7046000
2019-10-31 20:00:00-04:00,13.06,13.32,13.06,13.29,8510800
2019-11-03 19:00:00-05:00,13.36,13.62,13.33,13.58,5774100
2019-11-04 19:00:00-05:00,13.59,13.93,13.58,13.80,15769000
2019-11-05 19:00:00-05:00,13.86,14.21,13.73,13.82,12001800
2019-11-06 19:00:00-05:00,13.83,13.93,13.43,13.44,9107900
2019-11-07 19:00:00-05:00,13.40,13.63,13.29,13.61,8328500
2019-11-10 19:00:00-05:00,13.48,13.52,13.33,13.51,6839500
2019-11-11 19:00:00-05:00,13.45,13.59,13.30,13.31,6381500
2019-11-12 19:00:00-05:00,13.24,13.37,13.21,13.36,5902100
2019-11-13 19:00:00-05:00,13.36,13.53,13.32,13.52,5657400
2019-11-14 19:00:00-05:00,13.56,13.65,13.53,13.59,3986900
2019-11-17 19:00:00-05:00,13.59,13.72,13.51,13.65,7176200
2019-11-18 19:00:00-05:00,13.74,13.79,13.59,13.63,6744500
2019-11-19 19:00:00-05:00,13.55,13.56,13.31,13.36,12232900
2019-11-20 19:00:00-05:00,13.29,13.33,13.17,13.29,6407000
2019-11-21 19:00:00-05:00,13.34,13.53,13.25,13.40,5481800
2019-11-24 19:00:00-05:00,13.44,13.63,13.41,13.59,4693600
2019-11-25 19:00:00-05:00,13.64,13.86,13.58,13.86,10804800
2019-11-26 19:00:00-05:00,13.84,14.09,13.79,14.07,7736800
2019-11-28 19:00:00-05:00,14.03,14.03,13.85,13.86,3448400
2019-12-01 19:00:00-05:00,13.90,14.01,13.82,13.87,5744800
2019-12-02 19:00:00-05:00,13.77,13.98,13.71,13.90,8412900
2019-12-03 19:00:00-05:00,13.86,14.09,13.86,13.91,7974700
2019-12-04 19:00:00-05:00,14.00,14.07,13.91,14.05,8237200
2019-12-05 19:00:00-05:00,14.17,14.31,14.11,14.18,7816000
2019-12-08 19:00:00-05:00,14.22,14.30,14.14,14.23,6663200
2019-12-09 19:00:00-05:00,14.13,14.24,14.11,14.19,8084800
2019-12-10 19:00:00-05:00,14.22,14.28,14.09,14.20,6093100
2019-12-11 19:00:00-05:00,13.88,14.17,13.84,14.16,12552900
2019-12-12 19:00:00-05:00,14.20,14.27,14.07,14.23,11489500
2019-12-15 19:00:00-05:00,14.33,14.51,14.21,14.48,12180700
2019-12-16 19:00:00-05:00,14.54,14.55,14.40,14.54,12707100
2019-12-17 19:00:00-05:00,14.55,14.72,14.47,14.67,7573700
2019-12-18 19:00:00-05:00,14.66,14.80,14.59,14.78,7860500
2019-12-19 19:00:00-05:00,14.81,14.87,14.72,14.83,14734600
2019-12-22 19:00:00-05:00,14.84,14.86,14.73,14.82,3397400
2019-12-23 19:00:00-05:00,14.80,14.88,14.76,14.84,1632500
2019-12-25 19:00:00-05:00,14.86,14.93,14.80,14.92,2642200
2019-12-26 19:00:00-05:00,14.98,14.98,14.86,14.95,3278400
2019-12-29 19:00:00-05:00,14.97,15.03,14.93,14.97,2813000
2019-12-30 19:00:00-05:00,14.93,15.02,14.90,14.90,4320200
2020-01-01 19:00:00-05:00,14.98,14.99,14.56,14.65,8615600
2020-01-02 19:00:00-05:00,14.41,14.54,14.40,14.49,7338700
2020-01-05 19:00:00-05:00,14.40,14.40,14.08,14.11,6040600
2020-01-06 19:00:00-05:00,14.11,14.12,13.95,14.07,10964100
2020-01-07 19:00:00-05:00,14.09,14.29,14.07,14.17,8460600
2020-01-08 19:00:00-05:00,14.16,14.20,13.97,14.00,5100500
2020-01-09 19:00:00-05:00,14.01,14.10,13.91,14.07,7675000
2020-01-12 19:00:00-05:00,14.07,14.20,14.03,14.20,5952000
2020-01-13 19:00:00-05:00,14.21,14.24,14.08,14.20,4737800
2020-01-14 19:00:00-05:00,14.17,14.31,14.12,14.17,4598400
2020-01-15 19:00:00-05:00,14.24,14.38,14.23,14.36,4561400
2020-01-16 19:00:00-05:00,14.40,14.48,14.33,14.36,6042900
2020-01-20 19:00:00-05:00,14.32,14.32,14.05,14.13,12637300
2020-01-21 19:00:00-05:00,14.15,14.26,14.06,14.07,5837600
2020-01-22 19:00:00-05:00,14.04,14.07,13.87,14.02,7150400
2020-01-23 19:00:00-05:00,14.00,14.03,13.52,13.72,9593300
2020-01-26 19:00:00-05:00,13.38,13.48,13.26,13.38,8908900
2020-01-27 19:00:00-05:00,13.47,13.63,13.33,13.57,9413900
2020-01-28 19:00:00-05:00,13.62,13.70,13.47,13.47,9220200
2020-01-29 19:00:00-05:00,13.34,13.46,13.16,13.30,8969800
2020-01-30 19:00:00-05:00,13.25,13.28,13.07,13.13,9191900
2020-02-02 19:00:00-05:00,13.16,13.34,13.09,13.13,6575400
2020-02-03 19:00:00-05:00,13.30,13.67,13.30,13.53,10785800
2020-02-04 19:00:00-05:00,13.62,13.86,13.60,13.69,8640200
2020-02-05 19:00:00-05:00,13.82,13.83,13.59,13.66,5160600
2020-02-06 19:00:00-05:00,13.53,13.62,13.34,13.42,5129400
2020-02-09 19:00:00-05:00,13.42,13.49,13.30,13.41,4414700
2020-02-10 19:00:00-05:00,13.53,13.62,13.50,13.60,5499000
2020-02-11 19:00:00-05:00,13.68,13.87,13.66,13.73,6454900
2020-02-12 19:00:00-05:00,13.63,13.71,13.54,13.55,5235900
2020-02-13 19:00:00-05:00,13.59,13.63,13.52,13.58,4978000
2020-02-17 19:00:00-05:00,13.51,13.64,13.45,13.54,8527800
2020-02-18 19:00:00-05:00,13.58,13.64,13.42,13.42,10452600
2020-02-19 19:00:00-05:00,13.92,13.92,13.40,13.80,10585900
2020-02-20 19:00:00-05:00,13.74,13.98,13.62,13.96,8200500
2020-02-23 19:00:00-05:00,13.61,13.62,13.10,13.20,10316700
2020-02-24 19:00:00-05:00,13.26,13.26,12.36,12.36,14476700
2020-02-25 19:00:00-05:00,12.43,12.50,11.96,11.96,14437500
2020-02-26 19:00:00-05:00,11.69,12.39,11.48,11.87,18896500
2020-02-27 19:00:00-05:00,11.58,11.98,11.50,11.63,20376800
2020-03-01 19:00:00-05:00,11.71,12.04,11.30,12.03,10950500
2020-03-02 19:00:00-05:00,11.99,12.14,11.31,11.38,12121900
2020-03-03 19:00:00-05:00,11.58,11.60,11.15,11.46,14922100
2020-03-04 19:00:00-05:00,11.17,11.17,10.47,10.56,19704600
2020-03-05 19:00:00-05:00,10.19,10.94,10.10,10.81,19246000
2020-03-08 20:00:00-04:00,10.03,10.48,9.58,9.70,9909400
2020-03-09 20:00:00-04:00,10.14,10.49,9.62,10.14,11290000
2020-03-10 20:00:00-04:00,9.84,9.87,9.19,9.28,15610700
2020-03-11 20:00:00-04:00,8.44,8.83,7.99,8.44,19298500
2020-03-12 20:00:00-04:00,8.93,9.17,7.82,9.17,21246850
2020-03-15 20:00:00-04:00,8.15,8.22,7.21,7.73,21246850
2020-03-16 20:00:00-04:00,7.85,8.09,6.31,8.09,21246850
2020-03-17 20:00:00-04:00,7.48,8.26,6.64,7.48,21246850
2020-03-18 20:00:00-04:00,7.37,8.75,7.01,8.31,21246850
2020-03-19 20:00:00-04:00,8.48,9.25,7.83,8.55,21246850
2020-03-22 20:00:00-04:00,8.47,9.09,8.23,8.58,21246850
2020-03-23 20:00:00-04:00,9.18,9.76,8.28,8.93,20507500
2020-03-24 20:00:00-04:00,9.12,9.99,8.48,9.75,18291800
2020-03-25 20:00:00-04:00,9.92,11.07,9.63,10.01,16527400
2020-03-26 20:00:00-04:00,9.47,9.49,8.68,9.06,12528800
2020-03-29 20:00:00-04:00,9.30,9.39,8.51,9.34,13639400
2020-03-30 20:00:00-04:00,9.31,9.44,8.69,9.03,12147200
2020-03-31 20:00:00-04:00,8.39,8.50,8.21,8.41,12319100
2020-04-01 20:00:00-04:00,8.27,8.56,7.67,7.81,12895800
2020-04-02 20:00:00-04:00,7.70,7.93,7.22,7.41,11869200
2020-04-05 20:00:00-04:00,8.10,8.62,7.91,8.52,12677200
2020-04-06 20:00:00-04:00,9.28,9.44,8.62,8.74,10877900
2020-04-07 20:00:00-04:00,8.91,9.32,8.72,9.21,10420000
2020-04-08 20:00:00-04:00,9.67,10.06,9.41,9.74,11532100
2020-04-12 20:00:00-04:00,9.75,9.77,9.16,9.33,8546000
2020-04-13 20:00:00-04:00,9.62,9.74,9.25,9.36,12585000
2020-04-14 20:00:00-04:00,8.91,9.27,8.64,9.22,13702400
2020-04-15 20:00:00-04:00,9.16,9.27,8.81,9.00,12591600
2020-04-16 20:00:00-04:00,9.36,9.51,9.20,9.30,15377200
2020-04-19 20:00:00-04:00,9.05,9.26,8.83,8.83,11318000
2020-04-20 20:00:00-04:00,8.50,8.87,8.46,8.64,10045200
2020-04-21 20:00:00-04:00,8.87,9.05,8.56,8.69,6093500
2020-04-22 20:00:00-04:00,9.00,9.05,8.69,8.84,7611700
2020-04-23 20:00:00-04:00,9.14,9.29,8.84,9.08,10370300
2020-04-26 20:00:00-04:00,9.21,9.64,9.06,9.46,7854500
2020-04-27 20:00:00-04:00,9.75,9.82,9.44,9.56,11852800
2020-04-28 20:00:00-04:00,9.92,10.46,9.80,10.28,21246850
2020-04-29 20:00:00-04:00,10.08,10.20,9.72,10.07,12008000
2020-04-30 20:00:00-04:00,9.70,9.81,9.27,9.36,8277300
2020-05-03 20:00:00-04:00,9.16,9.33,8.93,9.09,9934900
2020-05-04 20:00:00-04:00,9.28,9.45,8.93,8.97,11238400
2020-05-05 20:00:00-04:00,9.04,9.16,8.60,8.61,10132400
2020-05-06 20:00:00-04:00,8.78,9.22,8.78,9.04,9037700
2020-05-07 20:00:00-04:00,9.20,9.23,8.77,9.05,9927100
2020-05-10 20:00:00-04:00,8.82,8.92,8.29,8.32,15165600
2020-05-11 20:00:00-04:00,8.33,8.54,8.03,8.04,13440200
2020-05-12 20:00:00-04:00,7.92,7.98,7.66,7.73,20341400
2020-05-13 20:00:00-04:00,7.47,8.22,7.41,8.21,13458900
2020-05-14 20:00:00-04:00,8.08,8.27,7.81,8.23,17502600
2020-05-17 20:00:00-04:00,8.69,9.76,8.66,9.63,21246850
2020-05-18 20:00:00-04:00,9.52,9.81,9.29,9.45,10976900
2020-05-19 20:00:00-04:00,9.58,9.63,9.32,9.44,12415700
2020-05-20 20:00:00-04:00,9.32,9.54,9.27,9.35,10680900
2020-05-21 20:00:00-04:00,9.35,9.45,8.95,9.18,8159500
2020-05-25 20:00:00-04:00,9.99,9.99,9.70,9.95,15909000
2020-05-26 20:00:00-04:00,10.28,10.49,10.04,10.24,19369700
2020-05-27 20:00:00-04:00,10.34,10.39,9.72,9.84,13982600
2020-05-28 20:00:00-04:00,9.66,9.94,9.44,9.77,17952700
2020-05-31 20:00:00-04:00,9.70,10.14,9.66,10.02,11424700
2020-06-01 20:00:00-04:00,10.17,10.30,10.00,10.04,12923200
2020-06-02 20:00:00-04:00,10.22,10.55,10.13,10.31,12064100
2020-06-03 20:00:00-04:00,10.28,10.84,10.17,10.68,20934800
2020-06-04 20:00:00-04:00,11.58,11.97,11.34,11.46,21246850
2020-06-07 20:00:00-04:00,11.84,12.23,11.83,12.12,13986900
2020-06-08 20:00:00-04:00,11.65,11.92,11.43,11.82,11883500
2020-06-09 20:00:00-04:00,11.66,11.69,10.71,10.87,19970400
2020-06-10 20:00:00-04:00,9.86,10.35,9.70,9.95,12040800
2020-06-11 20:00:00-04:00,10.48,10.61,9.95,10.34,8148300
2020-06-14 20:00:00-04:00,9.81,10.35,9.73,10.18,13214200
2020-06-15 20:00:00-04:00,10.77,10.82,10.02,10.48,14222000
2020-06-16 20:00:00-04:00,10.53,10.54,9.95,10.07,15893400
2020-06-17 20:00:00-04:00,9.90,10.18,9.85,9.98,20923800
2020-06-18 20:00:00-04:00,10.11,10.13,9.40,9.54,21246850
2020-06-21 20:00:00-04:00,9.42,9.42,9.05,9.23,15073600
2020-06-22 20:00:00-04:00,9.38,9.43,9.14,9.19,16632600
2020-06-23 20:00:00-04:00,8.97,9.00,8.58,8.98,14071500
2020-06-24 20:00:00-04:00,8.82,8.94,8.62,8.88,13428700
2020-06-25 20:00:00-04:00,8.78,8.85,8.63,8.78,19299200
2020-06-28 20:00:00-04:00,8.78,9.03,8.65,8.96,12777200
2020-06-29 20:00:00-04:00,8.97,9.15,8.72,8.82,21246850
2020-06-30 20:00:00-04:00,8.91,9.41,8.88,8.91,17424800
2020-07-01 20:00:00-04:00,9.16,9.31,8.87,8.96,7231300
2020-07-05 20:00:00-04:00,9.19,9.36,8.96,9.17,9223700
2020-07-06 20:00:00-04:00,9.01,9.03,8.68,8.87,13259000
2020-07-07 20:00:00-04:00,8.83,8.86,8.67,8.78,12047100
2020-07-08 20:00:00-04:00,8.73,8.79,8.50,8.60,9443800
2020-07-09 20:00:00-04:00,8.55,8.89,8.52,8.87,9987300
2020-07-12 20:00:00-04:00,8.96,9.09,8.72,8.85,8339100
2020-07-13 20:00:00-04:00,8.75,8.85,8.59,8.68,6070000
2020-07-14 20:00:00-04:00,9.05,9.52,9.03,9.50,12488900
2020-07-15 20:00:00-04:00,9.27,9.34,9.16,9.20,8295000
2020-07-16 20:00:00-04:00,9.21,9.28,8.99,9.00,7911800
2020-07-19 20:00:00-04:00,8.95,8.97,8.67,8.67,9089200
2020-07-20 20:00:00-04:00,8.79,8.98,8.75,8.91,7559200
2020-07-21 20:00:00-04:00,8.79,8.91,8.71,8.89,8421300
2020-07-22 20:00:00-04:00,8.78,8.84,8.62,8.78,9055700
2020-07-23 20:00:00-04:00,8.59,8.69,8.44,8.59,9623200
2020-07-26 20:00:00-04:00,8.59,8.60,8.30,8.44,11145400
2020-07-27 20:00:00-04:00,8.41,8.70,8.39,8.60,7402000
2020-07-28 20:00:00-04:00,8.81,9.03,8.62,9.01,9742600
2020-07-29 20:00:00-04:00,8.82,8.91,8.68,8.87,11190300
2020-07-30 20:00:00-04:00,8.80,8.88,8.38,8.82,18973400
2020-08-02 20:00:00-04:00,8.73,8.73,8.42,8.43,9114300
2020-08-03 20:00:00-04:00,8.37,9.38,8.34,8.92,21246850
2020-08-04 20:00:00-04:00,9.05,9.08,8.80,8.91,8641900
2020-08-05 20:00:00-04:00,8.82,8.96,8.73,8.80,8427400
2020-08-06 20:00:00-04:00,8.73,9.43,8.69,9.41,13942300
2020-08-09 20:00:00-04:00,9.49,9.77,9.43,9.72,9891200
2020-08-10 20:00:00-04:00,10.01,10.21,9.50,9.54,9951000
2020-08-11 20:00:00-04:00,9.64,9.70,9.31,9.46,8261200
2020-08-12 20:00:00-04:00,9.40,9.58,9.18,9.22,6140800
2020-08-13 20:00:00-04:00,9.16,9.34,9.14,9.20,6201600
2020-08-16 20:00:00-04:00,9.22,9.24,8.73,8.91,10192000
2020-08-17 20:00:00-04:00,8.89,8.95,8.72,8.82,8166600
2020-08-18 20:00:00-04:00,8.78,8.96,8.72,8.82,4909300
2020-08-19 20:00:00-04:00,8.74,8.91,8.69,8.78,6061600
2020-08-20 20:00:00-04:00,8.81,8.87,8.62,8.67,6159600
2020-08-23 20:00:00-04:00,8.71,9.08,8.60,9.07,5954700
2020-08-24 20:00:00-04:00,9.17,9.32,9.08,9.24,6870100
2020-08-25 20:00:00-04:00,9.18,9.22,9.00,9.00,5328100
2020-08-26 20:00:00-04:00,9.03,9.34,9.00,9.27,6193000
2020-08-27 20:00:00-04:00,9.37,9.59,9.23,9.56,5823700
2020-08-30 20:00:00-04:00,9.52,9.54,9.18,9.18,8119100
2020-08-31 20:00:00-04:00,9.06,9.31,8.97,9.23,7919200
2020-09-01 20:00:00-04:00,9.21,9.34,9.12,9.34,5374300
2020-09-02 20:00:00-04:00,9.41,9.68,9.36,9.46,7166200
2020-09-03 20:00:00-04:00,9.61,9.81,9.55,9.77,7350700
2020-09-07 20:00:00-04:00,9.64,9.71,9.37,9.52,8658600
2020-09-08 20:00:00-04:00,9.57,9.59,9.38,9.53,11963700
2020-09-09 20:00:00-04:00,9.55,9.71,9.31,9.32,10075100
2020-09-10 20:00:00-04:00,9.34,9.35,8.91,9.10,7320700
2020-09-13 20:00:00-04:00,9.21,9.76,9.17,9.75,10404500
2020-09-14 20:00:00-04:00,9.72,10.02,9.68,9.83,14812000
2020-09-15 20:00:00-04:00,9.91,9.97,9.63,9.86,11202300
2020-09-16 20:00:00-04:00,9.70,9.74,9.45,9.53,8687200
2020-09-17 20:00:00-04:00,9.48,9.49,9.10,9.12,13428000
2020-09-20 20:00:00-04:00,8.93,8.93,8.48,8.58,12074200
2020-09-21 20:00:00-04:00,8.61,8.69,8.46,8.51,9711800
2020-09-22 20:00:00-04:00,8.48,8.74,8.34,8.37,9956800
2020-09-23 20:00:00-04:00,8.33,8.48,8.21,8.33,8597900
2020-09-24 20:00:00-04:00,8.27,8.75,8.27,8.70,7459400
2020-09-27 20:00:00-04:00,8.91,9.10,8.87,8.94,6413400
2020-09-28 20:00:00-04:00,8.42,8.82,8.42,8.78,6901800
2020-09-29 20:00:00-04:00,8.78,9.07,8.69,8.82,8872700
2020-09-30 20:00:00-04:00,8.90,9.13,8.82,9.11,10430100
2020-10-01 20:00:00-04:00,8.78,9.27,8.76,9.23,6346400
2020-10-04 20:00:00-04:00,9.32,9.38,9.13,9.31,5893300
2020-10-05 20:00:00-04:00,9.41,9.54,9.22,9.24,10008100
2020-10-06 20:00:00-04:00,9.31,9.54,9.30,9.50,10167900
2020-10-07 20:00:00-04:00,9.62,9.72,9.49,9.69,10669900
2020-10-08 20:00:00-04:00,9.77,9.80,9.42,9.47,7935000
2020-10-11 20:00:00-04:00,9.47,9.51,9.30,9.40,9384400
2020-10-12 20:00:00-04:00,9.45,9.45,9.10,9.14,9583400
2020-10-13 20:00:00-04:00,9.13,9.22,8.96,8.96,5494200
2020-10-14 20:00:00-04:00,8.87,9.05,8.73,9.01,6790200
2020-10-15 20:00:00-04:00,9.00,9.06,8.81,8.96,4439800
2020-10-18 20:00:00-04:00,8.87,8.96,8.71,8.73,5680600
2020-10-19 20:00:00-04:00,8.84,8.96,8.75,8.82,5409200
2020-10-20 20:00:00-04:00,9.11,9.11,8.69,9.03,6090500
2020-10-21 20:00:00-04:00,9.06,9.45,9.05,9.39,6363300
2020-10-22 20:00:00-04:00,9.46,9.64,9.41,9.52,5959500
2020-10-25 20:00:00-04:00,9.39,9.51,9.01,9.15,6898000
2020-10-26 20:00:00-04:00,9.09,9.13,8.87,8.88,6153200
2020-10-27 20:00:00-04:00,8.69,8.78,8.48,8.55,7829300
2020-10-28 20:00:00-04:00,8.51,8.67,8.41,8.60,9517600
2020-10-29 20:00:00-04:00,8.56,8.71,8.41,8.57,11023600
2020-11-01 19:00:00-05:00,8.65,8.97,8.50,8.95,13350000
2020-11-02 19:00:00-05:00,9.14,9.41,9.05,9.31,14687400
2020-11-03 19:00:00-05:00,9.41,9.41,8.89,8.99,15840500
2020-11-04 19:00:00-05:00,9.01,9.24,8.88,8.94,9666800
2020-11-05 19:00:00-05:00,8.95,9.04,8.51,8.58,12549800
2020-11-08 19:00:00-05:00,10.63,12.25,10.44,11.16,21246850
2020-11-09 19:00:00-05:00,11.11,11.26,10.83,10.94,16846400
2020-11-10 19:00:00-05:00,10.78,10.93,10.36,10.48,9616200
2020-11-11 19:00:00-05:00,10.35,10.43,9.86,9.99,11849200
2020-11-12 19:00:00-05:00,10.08,10.87,10.04,10.84,14804900
2020-11-15 19:00:00-05:00,11.45,11.48,10.95,11.23,18235300
2020-11-16 19:00:00-05:00,10.98,11.60,10.75,11.56,18593400
2020-11-17 19:00:00-05:00,11.52,11.82,11.29,11.57,11022900
2020-11-18 19:00:00-05:00,11.43,11.86,11.08,11.82,14973800
2020-11-19 19:00:00-05:00,11.84,11.84,11.44,11.57,8091900
2020-11-22 19:00:00-05:00,11.77,12.19,11.60,12.03,14202800
2020-11-23 19:00:00-05:00,12.34,12.41,12.05,12.13,14185500
2020-11-24 19:00:00-05:00,11.87,12.10,11.73,12.05,6752000
2020-11-26 19:00:00-05:00,11.88,12.06,11.76,11.96,2966600
2020-11-29 19:00:00-05:00,11.92,11.92,11.44,11.47,17143800
2020-11-30 19:00:00-05:00,11.78,11.92,11.70,11.87,7773600
2020-12-01 19:00:00-05:00,11.52,12.23,11.52,12.19,8618600
2020-12-02 19:00:00-05:00,12.41,12.46,12.13,12.36,8738700
2020-12-03 19:00:00-05:00,12.47,12.87,12.41,12.80,8237200
2020-12-06 19:00:00-05:00,12.66,12.74,12.29,12.41,4653200
2020-12-07 19:00:00-05:00,12.37,12.50,12.20,12.38,5000000
2020-12-08 19:00:00-05:00,12.57,12.57,12.27,12.41,8867600
2020-12-09 19:00:00-05:00,11.80,12.24,11.78,12.13,8860400
2020-12-10 19:00:00-05:00,12.04,12.15,11.81,11.87,7047300
2020-12-13 19:00:00-05:00,12.00,12.13,11.47,11.47,8397700
2020-12-14 19:00:00-05:00,11.79,11.88,11.44,11.87,7737200
2020-12-15 19:00:00-05:00,11.83,11.93,11.64,11.79,6491100
2020-12-16 19:00:00-05:00,11.86,11.90,11.43,11.69,8227800
2020-12-17 19:00:00-05:00,11.61,11.65,11.39,11.52,14884800
2020-12-20 19:00:00-05:00,11.34,11.59,11.14,11.26,9606000
2020-12-21 19:00:00-05:00,11.25,11.25,11.05,11.14,5608000
2020-12-22 19:00:00-05:00,11.26,11.52,11.20,11.48,5077000
2020-12-23 19:00:00-05:00,11.49,11.61,11.35,11.61,2138600
2020-12-27 19:00:00-05:00,11.70,11.97,11.62,11.91,4930700
2020-12-28 19:00:00-05:00,11.84,12.04,11.72,11.74,2967600
2020-12-29 19:00:00-05:00,11.74,12.13,11.74,11.94,4590100
2020-12-30 19:00:00-05:00,11.97,12.01,11.74,11.97,3835500
2021-01-03 19:00:00-05:00,12.04,12.14,11.46,11.57,9386100
2021-01-04 19:00:00-05:00,11.56,11.66,11.39,11.41,10783400
2021-01-05 19:00:00-05:00,11.67,12.24,11.58,12.06,6569800
2021-01-06 19:00:00-05:00,12.13,12.24,11.97,12.01,8853600
2021-01-07 19:00:00-05:00,12.11,12.21,11.95,12.04,4023000
2021-01-10 19:00:00-05:00,11.88,11.95,11.61,11.75,6003400
2021-01-11 19:00:00-05:00,11.65,11.98,11.63,11.93,6934200
2021-01-12 19:00:00-05:00,11.93,12.15,11.92,12.06,6967400
2021-01-13 19:00:00-05:00,12.11,12.49,12.10,12.28,8988800
2021-01-14 19:00:00-05:00,12.09,12.12,11.74,12.01,5139300
2021-01-18 19:00:00-05:00,12.12,12.16,11.79,12.07,4673300
2021-01-19 19:00:00-05:00,11.74,12.42,11.74,12.23,7293300
2021-01-20 19:00:00-05:00,11.95,12.28,11.95,11.97,4721300
2021-01-21 19:00:00-05:00,11.86,11.86,11.63,11.79,8364900
2021-01-24 19:00:00-05:00,11.70,11.71,11.35,11.36,9169300
2021-01-25 19:00:00-05:00,11.52,11.54,11.02,11.04,9621900
2021-01-26 19:00:00-05:00,10.93,11.37,10.76,11.12,18309500
2021-01-27 19:00:00-05:00,11.25,12.09,11.13,11.65,13350100
2021-01-28 19:00:00-05:00,11.55,11.65,10.95,11.08,8067800
2021-01-31 19:00:00-05:00,11.17,11.22,10.98,11.16,6914400
2021-02-01 19:00:00-05:00,11.24,11.66,11.16,11.61,6547500
2021-02-02 19:00:00-05:00,11.59,11.69,11.51,11.61,7354000
2021-02-03 19:00:00-05:00,11.71,11.80,11.33,11.56,12196200
2021-02-04 19:00:00-05:00,11.63,11.79,11.48,11.61,3557300
2021-02-07 19:00:00-05:00,11.61,11.70,11.40,11.70,5610600
2021-02-08 19:00:00-05:00,11.69,11.71,11.28,11.34,5922600
2021-02-09 19:00:00-05:00,11.46,11.77,11.41,11.52,7087200
2021-02-10 19:00:00-05:00,11.50,11.97,11.47,11.94,10085400
2021-02-11 19:00:00-05:00,11.94,12.19,11.88,12.19,9175200
2021-02-15 19:00:00-05:00,12.23,12.82,12.23,12.77,12797500
2021-02-16 19:00:00-05:00,12.76,12.85,12.48,12.81,11934800
2021-02-17 19:00:00-05:00,12.44,13.13,12.41,13.11,7780300
2021-02-18 19:00:00-05:00,13.20,13.80,13.09,13.69,12099900
2021-02-21 19:00:00-05:00,13.76,14.26,13.61,13.65,12803100
2021-02-22 19:00:00-05:00,13.66,13.72,13.13,13.57,11145100
2021-02-23 19:00:00-05:00,13.70,14.17,13.63,14.00,9530100
2021-02-24 19:00:00-05:00,14.02,14.06,13.21,13.38,9062000
2021-02-25 19:00:00-05:00,13.42,13.74,13.21,13.57,9523600
2021-02-28 19:00:00-05:00,13.78,13.86,13.40,13.43,7182300
2021-03-01 19:00:00-05:00,13.36,13.42,13.01,13.09,6756600
2021-03-02 19:00:00-05:00,13.20,13.61,13.09,13.27,7864800
2021-03-03 19:00:00-05:00,13.18,13.24,12.51,12.95,10261800
2021-03-04 19:00:00-05:00,13.09,13.09,12.50,12.92,6983500
2021-03-07 19:00:00-05:00,13.27,13.53,13.00,13.45,6725300
2021-03-08 19:00:00-05:00,13.43,13.69,13.23,13.45,5872500
2021-03-09 19:00:00-05:00,13.54,13.70,13.31,13.53,7459400
2021-03-10 19:00:00-05:00,13.54,13.94,13.40,13.85,9185900
2021-03-11 19:00:00-05:00,13.94,14.12,13.89,14.09,7674100
2021-03-14 20:00:00-04:00,14.22,14.82,14.17,14.72,7607000
2021-03-15 20:00:00-04:00,14.62,14.65,14.31,14.49,7410800
2021-03-16 20:00:00-04:00,14.52,15.09,14.49,15.06,7065800
2021-03-17 20:00:00-04:00,15.07,15.08,14.58,14.71,4818400
2021-03-18 20:00:00-04:00,14.53,14.68,14.25,14.57,11133300
2021-03-21 20:00:00-04:00,14.52,14.64,14.29,14.36,7964600
2021-03-22 20:00:00-04:00,14.35,14.38,13.72,13.79,7401500
2021-03-23 20:00:00-04:00,13.84,14.39,13.80,13.96,7177700
2021-03-24 20:00:00-04:00,13.96,13.98,13.45,13.91,10036400
2021-03-25 20:00:00-04:00,14.08,14.15,13.86,14.06,6753100
2021-03-28 20:00:00-04:00,14.03,14.23,13.77,13.84,7097400
2021-03-29 20:00:00-04:00,13.90,14.29,13.89,14.15,4229700
2021-03-30 20:00:00-04:00,14.02,14.13,13.68,13.78,7736100
2021-03-31 20:00:00-04:00,13.85,14.02,13.72,13.99,4447500
2021-04-04 20:00:00-04:00,14.08,14.25,13.88,14.15,5065500
2021-04-05 20:00:00-04:00,14.30,14.30,13.92,14.17,7639000
2021-04-06 20:00:00-04:00,14.19,14.38,14.08,14.33,7210100
2021-04-07 20:00:00-04:00,14.29,14.43,14.12,14.35,8094100
2021-04-08 20:00:00-04:00,14.45,14.47,13.99,14.18,9700500
2021-04-11 20:00:00-04:00,14.15,14.20,13.86,14.11,8242500
2021-04-12 20:00:00-04:00,14.03,14.12,13.76,14.06,7729500
2021-04-13 20:00:00-04:00,14.16,14.58,14.07,14.26,5220200
2021-04-14 20:00:00-04:00,14.20,14.37,14.03,14.36,6304000
2021-04-15 20:00:00-04:00,14.53,14.54,14.29,14.30,5918700
2021-04-18 20:00:00-04:00,14.17,14.33,14.05,14.23,5143600
2021-04-19 20:00:00-04:00,13.95,14.16,13.67,13.85,7610700
2021-04-20 20:00:00-04:00,13.89,14.26,13.71,14.19,5676300
2021-04-21 20:00:00-04:00,14.25,14.35,13.97,13.98,4025500
2021-04-22 20:00:00-04:00,13.99,14.29,13.90,14.14,5445400
2021-04-25 20:00:00-04:00,14.35,14.47,14.17,14.26,5647600
2021-04-26 20:00:00-04:00,14.17,14.70,14.12,14.68,7548400
2021-04-27 20:00:00-04:00,14.74,14.98,14.61,14.95,8887900
2021-04-28 20:00:00-04:00,15.11,15.14,14.80,15.07,9944100
2021-04-29 20:00:00-04:00,15.00,15.02,14.70,14.85,7894900
2021-05-02 20:00:00-04:00,15.07,15.15,14.71,14.78,13474700
2021-05-03 20:00:00-04:00,14.67,14.79,14.25,14.37,8602900
2021-05-04 20:00:00-04:00,14.51,14.79,14.23,14.34,11792700
2021-05-05 20:00:00-04:00,14.69,14.72,13.85,14.00,11269700
2021-05-06 20:00:00-04:00,13.95,14.44,13.85,14.38,9346200
2021-05-09 20:00:00-04:00,14.45,14.52,13.94,13.99,9378700
2021-05-10 20:00:00-04:00,13.79,13.98,13.64,13.90,8762200
2021-05-11 20:00:00-04:00,13.86,14.03,13.45,13.50,5666900
2021-05-12 20:00:00-04:00,13.58,13.90,13.52,13.66,6022700
2021-05-13 20:00:00-04:00,13.92,14.31,13.80,14.17,4986400
2021-05-16 20:00:00-04:00,14.08,14.24,13.98,14.21,6969600
2021-05-17 20:00:00-04:00,14.18,14.40,14.03,14.19,10781300
2021-05-18 20:00:00-04:00,14.07,14.07,13.68,13.91,5569100
2021-05-19 20:00:00-04:00,13.91,13.94,13.55,13.88,11607300
2021-05-20 20:00:00-04:00,13.85,13.97,13.72,13.85,11421900
2021-05-23 20:00:00-04:00,13.91,14.01,13.77,13.91,7819900
2021-05-24 20:00:00-04:00,14.10,14.17,13.71,13.73,7784300
2021-05-25 20:00:00-04:00,13.92,14.11,13.65,13.95,5454700
2021-05-26 20:00:00-04:00,14.08,14.17,13.88,14.01,21246850
2021-05-27 20:00:00-04:00,14.17,14.21,13.85,14.04,5243500
2021-05-31 20:00:00-04:00,14.25,14.47,14.12,14.45,5708400
2021-06-01 20:00:00-04:00,14.55,14.62,14.37,14.48,8412200
2021-06-02 20:00:00-04:00,14.39,14.51,14.17,14.26,5626000
2021-06-03 20:00:00-04:00,14.33,14.39,14.17,14.30,4603800
2021-06-06 20:00:00-04:00,14.30,14.74,14.30,14.56,5599600
2021-06-07 20:00:00-04:00,14.55,14.83,14.44,14.80,6327500
2021-06-08 20:00:00-04:00,14.84,14.85,14.55,14.57,6264200
2021-06-09 20:00:00-04:00,14.64,14.75,14.43,14.73,13468000
2021-06-10 20:00:00-04:00,14.58,14.76,14.58,14.65,4150700
2021-06-13 20:00:00-04:00,14.75,14.85,14.34,14.45,5425000
2021-06-14 20:00:00-04:00,14.30,14.61,14.20,14.52,6992400
2021-06-15 20:00:00-04:00,14.54,14.77,14.36,14.69,5541300
2021-06-16 20:00:00-04:00,14.75,14.84,14.48,14.56,11403000
2021-06-17 20:00:00-04:00,14.35,14.48,13.98,14.02,18259000
2021-06-20 20:00:00-04:00,14.17,14.43,14.05,14.42,4997700
2021-06-21 20:00:00-04:00,14.43,14.47,14.14,14.31,3613900
2021-06-22 20:00:00-04:00,14.37,14.62,14.37,14.40,4903400
2021-06-23 20:00:00-04:00,14.41,14.48,14.19,14.42,6064900
2021-06-24 20:00:00-04:00,14.50,14.50,14.16,14.37,7919400
2021-06-27 20:00:00-04:00,14.37,14.37,13.57,13.86,12890600
2021-06-28 20:00:00-04:00,13.92,14.07,13.78,13.84,7535700
2021-06-29 20:00:00-04:00,13.85,14.09,13.78,13.98,6020700
2021-06-30 20:00:00-04:00,14.07,14.31,14.05,14.17,5249900
2021-07-01 20:00:00-04:00,14.17,14.26,13.98,14.11,5767200
2021-07-05 20:00:00-04:00,14.08,14.08,13.54,13.68,9553400
2021-07-06 20:00:00-04:00,13.68,13.86,13.45,13.56,10047600
2021-07-07 20:00:00-04:00,13.31,13.79,12.95,13.58,9684100
2021-07-08 20:00:00-04:00,13.90,14.03,13.66,13.99,6401400
2021-07-11 20:00:00-04:00,14.10,14.10,13.76,13.98,6021000
2021-07-12 20:00:00-04:00,14.00,14.00,13.50,13.54,6390900
2021-07-13 20:00:00-04:00,13.67,13.81,13.49,13.54,7147900
2021-07-14 20:00:00-04:00,13.45,13.53,13.22,13.38,8222200
2021-07-15 20:00:00-04:00,13.39,13.54,13.04,13.07,8483600
2021-07-18 20:00:00-04:00,12.75,12.77,12.35,12.59,12791500
2021-07-19 20:00:00-04:00,12.68,13.10,12.41,12.92,9003800
2021-07-20 20:00:00-04:00,13.04,13.63,13.04,13.39,10098700
2021-07-21 20:00:00-04:00,13.29,13.42,12.96,13.01,5155800
2021-07-22 20:00:00-04:00,13.18,13.18,12.82,12.91,4236200
2021-07-25 20:00:00-04:00,12.91,13.25,12.85,13.23,6170700
2021-07-26 20:00:00-04:00,13.18,13.27,13.01,13.13,5414400
2021-07-27 20:00:00-04:00,13.12,13.30,12.90,13.16,6231500
2021-07-28 20:00:00-04:00,13.27,13.52,13.13,13.31,6548500
2021-07-29 20:00:00-04:00,13.28,13.40,12.98,13.03,4660400
2021-08-01 20:00:00-04:00,13.15,13.53,12.90,12.92,6920300
2021-08-02 20:00:00-04:00,12.95,12.99,12.53,12.91,9834000
2021-08-03 20:00:00-04:00,12.64,12.91,12.27,12.40,9766300
2021-08-04 20:00:00-04:00,12.49,12.98,12.46,12.91,8979800
2021-08-05 20:00:00-04:00,13.12,13.34,13.00,13.20,9576100
2021-08-08 20:00:00-04:00,13.10,13.13,12.86,12.98,6830400
2021-08-09 20:00:00-04:00,12.96,13.37,12.82,13.25,9708400
2021-08-10 20:00:00-04:00,13.27,13.52,13.09,13.46,7493900
2021-08-11 20:00:00-04:00,13.47,13.51,13.13,13.22,6128000
2021-08-12 20:00:00-04:00,13.22,13.26,12.97,13.01,4866200
2021-08-15 20:00:00-04:00,12.90,12.92,12.67,12.73,6421700
2021-08-16 20:00:00-04:00,12.73,12.73,12.35,12.54,9201500
2021-08-17 20:00:00-04:00,12.55,12.64,12.42,12.54,9347800
2021-08-18 20:00:00-04:00,12.42,12.46,12.05,12.15,15445200
2021-08-19 20:00:00-04:00,12.09,12.45,12.00,12.40,8355800
2021-08-22 20:00:00-04:00,12.49,12.68,12.47,12.62,6376700
2021-08-23 20:00:00-04:00,12.68,13.09,12.67,13.04,11104500
2021-08-24 20:00:00-04:00,13.00,13.31,12.81,13.22,8688900
2021-08-25 20:00:00-04:00,13.18,13.38,12.91,12.98,8280800
2021-08-26 20:00:00-04:00,12.98,13.47,12.95,13.43,6420800
2021-08-29 20:00:00-04:00,13.48,13.51,13.24,13.38,9811500
2021-08-30 20:00:00-04:00,13.24,13.58,13.24,13.54,10503600
2021-08-31 20:00:00-04:00,13.58,13.68,13.31,13.41,6636700
2021-09-01 20:00:00-04:00,13.48,13.53,13.24,13.50,7221000
2021-09-02 20:00:00-04:00,13.50,13.55,13.07,13.22,5977400
2021-09-06 20:00:00-04:00,13.16,13.35,13.04,13.33,6202300
2021-09-07 20:00:00-04:00,13.29,13.42,13.08,13.19,4842200
2021-09-08 20:00:00-04:00,13.01,13.36,12.99,13.16,7166200
2021-09-09 20:00:00-04:00,13.36,13.44,13.07,13.08,6111200
2021-09-12 20:00:00-04:00,13.23,13.71,13.12,13.65,7330400
2021-09-13 20:00:00-04:00,13.71,13.72,13.50,13.60,4854000
2021-09-14 20:00:00-04:00,13.64,13.64,13.34,13.53,5088100
2021-09-15 20:00:00-04:00,13.50,13.63,13.39,13.42,6349100
2021-09-16 20:00:00-04:00,13.54,13.57,13.26,13.30,12046800
2021-09-19 20:00:00-04:00,13.07,13.31,12.88,13.22,6810000
2021-09-20 20:00:00-04:00,13.30,13.47,13.22,13.26,6200100
2021-09-21 20:00:00-04:00,13.41,13.71,13.36,13.51,9231400
2021-09-22 20:00:00-04:00,13.67,13.96,13.62,13.84,5771200
2021-09-23 20:00:00-04:00,13.84,14.02,13.74,13.87,6807200
2021-09-26 20:00:00-04:00,14.03,14.32,13.85,13.90,11291100
2021-09-27 20:00:00-04:00,13.83,14.13,13.74,13.84,6873900
2021-09-28 20:00:00-04:00,13.86,13.93,13.61,13.63,6725500
2021-09-29 20:00:00-04:00,13.64,13.72,13.32,13.36,7586100
2021-09-30 20:00:00-04:00,13.49,13.92,13.47,13.72,12255400
2021-10-03 20:00:00-04:00,13.77,13.94,13.59,13.61,7726400
2021-10-04 20:00:00-04:00,13.53,13.70,13.41,13.57,7103000
2021-10-05 20:00:00-04:00,13.33,13.44,12.89,13.39,9408600
2021-10-06 20:00:00-04:00,13.50,13.67,13.38,13.47,6455300
2021-10-07 20:00:00-04:00,13.45,13.63,13.41,13.46,7347300
2021-10-10 20:00:00-04:00,13.50,13.61,13.40,13.51,4847900
2021-10-11 20:00:00-04:00,13.47,13.64,13.45,13.54,4844100
2021-10-12 20:00:00-04:00,13.52,13.52,13.08,13.27,7320700
2021-10-13 20:00:00-04:00,13.45,13.58,13.33,13.48,4959300
2021-10-14 20:00:00-04:00,13.72,13.81,13.64,13.72,6926100
2021-10-17 20:00:00-04:00,13.54,13.88,13.54,13.81,5849300
2021-10-18 20:00:00-04:00,13.81,13.87,13.54,13.56,3480400
2021-10-19 20:00:00-04:00,13.46,13.75,13.45,13.67,6044500
2021-10-20 20:00:00-04:00,13.64,13.73,13.57,13.70,5377700
2021-10-21 20:00:00-04:00,13.69,13.90,13.64,13.81,5389700
2021-10-24 20:00:00-04:00,13.80,13.90,13.63,13.76,3720900
2021-10-25 20:00:00-04:00,13.83,13.99,13.75,13.76,3540100
2021-10-26 20:00:00-04:00,13.76,13.86,13.62,13.69,3796300
2021-10-27 20:00:00-04:00,13.67,13.83,13.54,13.80,5235800
2021-10-28 20:00:00-04:00,13.77,13.94,13.72,13.76,8963900
2021-10-31 20:00:00-04:00,13.75,14.14,13.66,14.11,5399500
2021-11-01 20:00:00-04:00,14.08,14.24,13.99,14.21,6612800
2021-11-02 20:00:00-04:00,14.18,14.70,14.12,14.56,6100300
2021-11-03 20:00:00-04:00,14.50,15.08,14.38,14.66,8301400
2021-11-04 20:00:00-04:00,15.15,15.56,14.94,15.02,8251800
2021-11-07 19:00:00-05:00,15.04,15.26,14.95,15.03,6596800
2021-11-08 19:00:00-05:00,14.97,15.06,14.85,14.99,5268900
2021-11-09 19:00:00-05:00,14.93,15.02,14.73,14.75,5180900
2021-11-10 19:00:00-05:00,14.75,14.75,14.44,14.57,4979800
2021-11-11 19:00:00-05:00,14.61,14.73,14.53,14.62,10827600
2021-11-14 19:00:00-05:00,14.66,14.73,14.57,14.66,8991100
2021-11-15 19:00:00-05:00,14.66,14.70,14.18,14.25,11601400
2021-11-16 19:00:00-05:00,14.16,14.24,13.97,14.21,6895400
2021-11-17 19:00:00-05:00,14.29,14.30,14.07,14.16,5381000
2021-11-18 19:00:00-05:00,13.90,14.12,13.68,13.94,8944100
2021-11-21 19:00:00-05:00,14.07,14.11,13.90,13.97,6262600
2021-11-22 19:00:00-05:00,14.10,14.32,13.90,14.27,8967900
2021-11-23 19:00:00-05:00,14.19,14.35,14.05,14.33,5154900
2021-11-25 19:00:00-05:00,13.54,13.58,12.74,13.44,12143600
2021-11-28 19:00:00-05:00,13.67,13.72,13.14,13.43,8013800
2021-11-29 19:00:00-05:00,13.14,13.27,12.75,12.84,17626200
2021-11-30 19:00:00-05:00,13.19,13.27,12.56,12.56,16261300
2021-12-01 19:00:00-05:00,12.64,13.09,12.48,12.91,9096700
2021-12-02 19:00:00-05:00,12.91,13.00,12.57,12.64,9172900
2021-12-05 19:00:00-05:00,12.84,13.62,12.68,13.43,8254400
2021-12-06 19:00:00-05:00,13.58,13.76,13.43,13.56,8844200
2021-12-07 19:00:00-05:00,13.60,14.06,13.60,13.85,5372800
2021-12-08 19:00:00-05:00,13.67,13.92,13.59,13.77,6855000
2021-12-09 19:00:00-05:00,13.49,13.90,13.49,13.60,5853800
2021-12-12 19:00:00-05:00,13.51,13.60,13.13,13.24,6934400
2021-12-13 19:00:00-05:00,13.24,13.51,13.09,13.14,5282500
2021-12-14 19:00:00-05:00,13.25,13.25,12.60,12.93,7597000
2021-12-15 19:00:00-05:00,12.96,13.09,12.63,12.65,7320700
2021-12-16 19:00:00-05:00,12.68,12.91,12.46,12.85,11201500
2021-12-19 19:00:00-05:00,12.59,12.80,12.36,12.67,7237700
2021-12-20 19:00:00-05:00,12.80,13.81,12.75,13.79,11084100
2021-12-21 19:00:00-05:00,13.76,14.21,13.63,14.08,7632800
2021-12-22 19:00:00-05:00,14.12,14.33,14.12,14.19,5459900
2021-12-26 19:00:00-05:00,14.10,14.31,13.99,14.30,6002800
2021-12-27 19:00:00-05:00,14.17,14.42,14.13,14.30,4523600
2021-12-28 19:00:00-05:00,14.27,14.35,14.08,14.30,3826900
2021-12-29 19:00:00-05:00,14.26,14.53,14.26,14.35,3267500
2021-12-30 19:00:00-05:00,14.33,14.42,14.21,14.22,3592000
2022-01-02 19:00:00-05:00,14.30,14.73,14.30,14.44,8806300
2022-01-03 19:00:00-05:00,14.74,15.13,14.60,14.65,11124100
2022-01-04 19:00:00-05:00,14.74,14.97,14.18,14.21,6864900
2022-01-05 19:00:00-05:00,14.46,14.51,14.12,14.19,9265700
2022-01-06 19:00:00-05:00,14.27,15.07,14.27,14.89,9247300
2022-01-09 19:00:00-05:00,14.87,15.02,14.47,14.52,11571300
2022-01-10 19:00:00-05:00,14.53,14.88,14.38,14.79,6778300
2022-01-11 19:00:00-05:00,14.64,14.93,14.59,14.66,3608600
2022-01-12 19:00:00-05:00,14.67,14.93,14.66,14.78,3982800
2022-01-13 19:00:00-05:00,14.83,14.84,14.38,14.67,5926200
2022-01-17 19:00:00-05:00,14.43,14.65,14.27,14.48,11590400
2022-01-18 19:00:00-05:00,14.50,14.56,14.19,14.19,4775800
2022-01-19 19:00:00-05:00,14.21,14.63,14.12,14.14,5967800
2022-01-20 19:00:00-05:00,14.10,14.18,13.81,13.94,6487600
2022-01-23 19:00:00-05:00,13.56,13.96,13.22,13.90,8051800
2022-01-24 19:00:00-05:00,13.67,14.03,13.52,13.94,7360000
2022-01-25 19:00:00-05:00,14.09,14.42,13.82,13.94,7829600
2022-01-26 19:00:00-05:00,14.14,14.26,13.37,13.57,8322300
2022-01-27 19:00:00-05:00,13.49,13.72,13.11,13.72,8636500
2022-01-30 19:00:00-05:00,13.62,14.19,13.50,14.18,6594900
2022-01-31 19:00:00-05:00,14.18,14.44,14.12,14.21,7853100
2022-02-01 19:00:00-05:00,14.23,14.30,13.96,14.05,7978900
2022-02-02 19:00:00-05:00,13.99,14.12,13.82,13.97,6450100
2022-02-03 19:00:00-05:00,13.94,14.42,13.83,14.28,5843400
2022-02-06 19:00:00-05:00,14.27,14.66,14.27,14.59,8813200
2022-02-07 19:00:00-05:00,14.65,14.96,14.64,14.86,9775700
2022-02-08 19:00:00-05:00,15.07,15.42,15.01,15.09,7402300
2022-02-09 19:00:00-05:00,14.98,15.42,14.87,15.16,10358400
2022-02-10 19:00:00-05:00,15.16,15.29,14.66,14.77,7356400
2022-02-13 19:00:00-05:00,14.84,15.01,14.57,14.66,6525200
2022-02-14 19:00:00-05:00,15.00,15.38,14.92,15.31,12508800
2022-02-15 19:00:00-05:00,15.40,15.82,15.33,15.79,11836400
2022-02-16 19:00:00-05:00,15.95,16.15,15.57,15.78,11639200
2022-02-17 19:00:00-05:00,15.84,15.99,15.46,15.63,9764900
2022-02-21 19:00:00-05:00,15.46,15.65,15.15,15.20,7632300
2022-02-22 19:00:00-05:00,15.31,15.41,14.95,15.00,9838800
2022-02-23 19:00:00-05:00,14.55,15.15,14.35,15.12,9820300
2022-02-24 19:00:00-05:00,15.20,15.46,15.07,15.33,8988000
2022-02-27 19:00:00-05:00,15.06,15.28,14.84,14.94,15758700
2022-02-28 19:00:00-05:00,14.90,14.97,14.16,14.25,12000700
2022-03-01 19:00:00-05:00,14.34,14.75,14.34,14.66,12177300
2022-03-02 19:00:00-05:00,14.81,14.92,14.31,14.39,12423200
2022-03-03 19:00:00-05:00,14.11,14.18,13.93,14.12,7642500
2022-03-06 19:00:00-05:00,14.07,14.07,13.51,13.55,7229500
2022-03-07 19:00:00-05:00,13.59,14.40,13.46,14.26,10718500
2022-03-08 19:00:00-05:00,14.64,15.05,14.58,14.78,11023100
2022-03-09 19:00:00-05:00,14.53,15.08,14.44,14.93,10057700
2022-03-10 19:00:00-05:00,15.11,15.35,14.71,14.74,7754800
2022-03-13 20:00:00-04:00,14.89,15.06,14.60,14.64,9754000
2022-03-14 20:00:00-04:00,14.83,15.00,14.64,14.84,7178900
2022-03-15 20:00:00-04:00,15.23,15.51,15.02,15.42,8917500
2022-03-16 20:00:00-04:00,15.26,15.42,15.09,15.41,6238200
2022-03-17 20:00:00-04:00,15.32,15.62,15.15,15.56,9789800
2022-03-20 20:00:00-04:00,15.56,15.58,15.00,15.09,5371500
2022-03-21 20:00:00-04:00,15.11,15.38,15.11,15.21,8424100
2022-03-22 20:00:00-04:00,15.08,15.23,15.00,15.02,7904700
2022-03-23 20:00:00-04:00,15.04,15.30,14.93,15.29,6328500
2022-03-24 20:00:00-04:00,15.24,15.68,15.23,15.61,5922300
2022-03-27 20:00:00-04:00,15.57,15.78,15.51,15.62,9071300
2022-03-28 20:00:00-04:00,15.77,16.26,15.75,16.21,8335600
2022-03-29 20:00:00-04:00,16.37,16.56,16.22,16.32,9443800
2022-03-30 20:00:00-04:00,16.39,16.59,15.88,15.91,12816600
2022-03-31 20:00:00-04:00,16.05,16.15,15.84,16.01,6956100
2022-04-03 20:00:00-04:00,15.85,16.05,15.70,15.93,4058600
2022-04-04 20:00:00-04:00,15.97,16.10,15.55,15.57,4470700
2022-04-05 20:00:00-04:00,15.44,15.49,14.96,15.01,5676400
2022-04-06 20:00:00-04:00,14.91,15.01,14.45,14.70,7896400
2022-04-07 20:00:00-04:00,14.70,14.92,14.53,14.60,5806300
2022-04-10 20:00:00-04:00,14.63,14.80,14.48,14.62,6303500
2022-04-11 20:00:00-04:00,14.76,15.03,14.62,14.92,8467800
2022-04-12 20:00:00-04:00,15.10,16.17,15.10,16.14,11547200
2022-04-13 20:00:00-04:00,16.21,16.46,15.97,16.04,8442100
2022-04-17 20:00:00-04:00,15.97,16.25,15.83,15.92,5679300
2022-04-18 20:00:00-04:00,15.97,16.77,15.96,16.73,9329500
2022-04-19 20:00:00-04:00,16.82,17.33,16.73,16.73,8853100
2022-04-20 20:00:00-04:00,17.11,17.37,16.85,16.91,13685200
2022-04-21 20:00:00-04:00,16.82,17.06,16.77,16.84,8641200
2022-04-24 20:00:00-04:00,16.60,17.18,16.57,17.14,10805900
2022-04-25 20:00:00-04:00,17.11,17.28,16.72,16.73,8131400
2022-04-26 20:00:00-04:00,16.65,17.45,16.61,17.25,13260100
2022-04-27 20:00:00-04:00,17.21,17.56,16.69,17.40,9094100
2022-04-28 20:00:00-04:00,17.23,17.40,16.65,16.67,7710100
2022-05-01 20:00:00-04:00,16.73,16.83,16.10,16.49,7234200
2022-05-02 20:00:00-04:00,16.56,16.70,15.88,16.28,8052000
2022-05-03 20:00:00-04:00,16.34,16.60,15.87,16.49,9406800
2022-05-04 20:00:00-04:00,17.12,17.72,16.03,16.18,15251400
2022-05-05 20:00:00-04:00,16.15,16.75,15.98,16.58,10392100
2022-05-08 20:00:00-04:00,16.30,16.37,15.58,15.65,12376300
2022-05-09 20:00:00-04:00,15.86,16.32,15.65,15.97,11035100
2022-05-10 20:00:00-04:00,16.03,16.45,15.71,15.80,8920300
2022-05-11 20:00:00-04:00,15.64,15.84,15.24,15.73,9696000
2022-05-12 20:00:00-04:00,15.88,16.37,15.80,16.30,5524700
2022-05-15 20:00:00-04:00,16.31,16.65,16.15,16.53,7420700
2022-05-16 20:00:00-04:00,16.75,17.05,16.72,16.97,8387100
2022-05-17 20:00:00-04:00,16.87,17.15,16.08,16.19,10303600
2022-05-18 20:00:00-04:00,16.08,16.46,15.90,15.93,10528500
2022-05-19 20:00:00-04:00,16.05,16.27,14.89,15.24,10539100
2022-05-22 20:00:00-04:00,15.33,15.51,15.17,15.34,8873000
2022-05-23 20:00:00-04:00,15.25,15.25,14.65,15.19,9889700
2022-05-24 20:00:00-04:00,15.15,15.91,14.99,15.85,9621300
2022-05-25 20:00:00-04:00,15.81,16.79,15.74,16.68,12430100
2022-05-26 20:00:00-04:00,16.78,17.09,16.50,16.96,11356000
2022-05-30 20:00:00-04:00,16.80,16.84,16.18,16.37,13459900
2022-05-31 20:00:00-04:00,16.50,16.77,16.05,16.73,13016200
2022-06-01 20:00:00-04:00,16.66,16.97,16.58,16.95,6189000
2022-06-02 20:00:00-04:00,16.82,16.97,16.68,16.84,5783200
2022-06-05 20:00:00-04:00,16.95,17.41,16.75,17.33,9826100
2022-06-06 20:00:00-04:00,17.12,17.35,16.99,17.33,9417700
2022-06-07 20:00:00-04:00,16.96,17.37,16.96,17.15,5780400
2022-06-08 20:00:00-04:00,17.15,17.15,16.30,16.31,6575300
2022-06-09 20:00:00-04:00,15.97,16.14,15.24,15.27,11419300
2022-06-12 20:00:00-04:00,14.80,14.80,13.97,14.03,12270000
2022-06-13 20:00:00-04:00,14.01,14.24,13.79,14.07,6133300
2022-06-14 20:00:00-04:00,14.25,14.70,14.17,14.42,7710900
2022-06-15 20:00:00-04:00,14.06,14.08,13.57,13.65,9846300
2022-06-16 20:00:00-04:00,13.62,13.77,13.15,13.27,21246850
2022-06-20 20:00:00-04:00,13.43,14.00,13.33,13.49,11806600
2022-06-21 20:00:00-04:00,13.25,13.36,12.86,12.86,11292700
2022-06-22 20:00:00-04:00,12.88,12.88,12.38,12.61,13763400
2022-06-23 20:00:00-04:00,12.67,13.51,12.63,13.18,12834900
2022-06-26 20:00:00-04:00,13.17,13.49,13.05,13.12,12557900
2022-06-27 20:00:00-04:00,13.30,13.89,13.16,13.21,9021500
2022-06-28 20:00:00-04:00,13.13,13.15,12.64,12.91,11919600
2022-06-29 20:00:00-04:00,12.74,13.20,12.47,12.89,11017600
2022-06-30 20:00:00-04:00,12.80,13.15,12.66,12.92,6261600
2022-07-04 20:00:00-04:00,12.57,13.09,12.41,13.01,6282700
2022-07-05 20:00:00-04:00,12.98,13.24,12.54,12.72,6770300
2022-07-06 20:00:00-04:00,13.00,13.48,13.00,13.24,8408500
2022-07-07 20:00:00-04:00,13.28,13.34,12.96,13.11,6263200
2022-07-10 20:00:00-04:00,12.87,13.09,12.72,12.94,3858800
2022-07-11 20:00:00-04:00,12.86,13.29,12.83,13.11,5417300
2022-07-12 20:00:00-04:00,12.85,13.11,12.77,13.05,4731100
2022-07-13 20:00:00-04:00,12.79,13.02,12.73,12.92,10037800
2022-07-14 20:00:00-04:00,13.15,13.24,12.88,13.12,7509700
2022-07-17 20:00:00-04:00,13.33,13.71,13.32,13.44,6382600
2022-07-18 20:00:00-04:00,13.75,14.12,13.64,14.08,10379300
2022-07-19 20:00:00-04:00,13.95,14.27,13.90,14.26,5953300
2022-07-20 20:00:00-04:00,14.10,14.17,13.86,14.16,7020300
2022-07-21 20:00:00-04:00,14.31,14.39,13.80,13.91,4744800
2022-07-24 20:00:00-04:00,14.03,14.24,13.94,14.22,4241500
2022-07-25 20:00:00-04:00,14.22,14.25,13.92,13.93,4337900
2022-07-26 20:00:00-04:00,14.12,14.49,14.12,14.46,6086100
2022-07-27 20:00:00-04:00,14.43,14.78,14.10,14.72,7085600
2022-07-28 20:00:00-04:00,14.68,14.84,14.54,14.64,7971700
2022-07-31 20:00:00-04:00,14.57,14.72,14.35,14.67,4705800
2022-08-01 20:00:00-04:00,14.59,14.66,14.21,14.22,13002400
2022-08-02 20:00:00-04:00,14.35,14.61,14.25,14.26,9993500
2022-08-03 20:00:00-04:00,15.54,16.06,14.31,14.54,11138400
2022-08-04 20:00:00-04:00,14.84,14.94,14.54,14.77,8153200
2022-08-07 20:00:00-04:00,14.86,15.14,14.74,14.90,4711800
2022-08-08 20:00:00-04:00,14.91,14.98,14.76,14.98,6461800
2022-08-09 20:00:00-04:00,15.27,15.49,15.21,15.41,6946000
2022-08-10 20:00:00-04:00,15.54,15.79,15.43,15.75,6324000
2022-08-11 20:00:00-04:00,15.87,16.06,15.81,16.06,4119800
2022-08-14 20:00:00-04:00,15.92,15.97,15.77,15.78,4561900
2022-08-15 20:00:00-04:00,15.74,16.11,15.70,16.05,10965100
2022-08-16 20:00:00-04:00,15.88,16.01,15.74,15.91,7722400
2022-08-17 20:00:00-04:00,15.93,16.25,15.93,16.07,7076500
2022-08-18 20:00:00-04:00,15.86,15.93,15.38,15.44,6063700
2022-08-21 20:00:00-04:00,15.18,15.32,15.08,15.13,4796900
2022-08-22 20:00:00-04:00,15.18,15.35,15.09,15.18,6629300
2022-08-23 20:00:00-04:00,15.25,15.40,15.15,15.37,3327200
2022-08-24 20:00:00-04:00,15.44,15.80,15.43,15.73,5347300
2022-08-25 20:00:00-04:00,15.73,15.77,14.98,15.00,5548400
2022-08-28 20:00:00-04:00,15.02,15.02,14.70,14.77,7259300
2022-08-29 20:00:00-04:00,14.71,14.92,14.66,14.69,5084200
2022-08-30 20:00:00-04:00,14.82,14.87,14.58,14.61,6923100
2022-08-31 20:00:00-04:00,14.27,14.55,13.99,14.28,11186700
2022-09-01 20:00:00-04:00,14.51,14.58,14.13,14.19,7678200
2022-09-05 20:00:00-04:00,14.28,14.48,13.78,13.98,7471900
2022-09-06 20:00:00-04:00,14.06,14.54,13.93,14.50,10870600
2022-09-07 20:00:00-04:00,14.32,14.63,14.20,14.53,8012600
2022-09-08 20:00:00-04:00,14.67,15.08,14.58,15.00,13033000
2022-09-11 20:00:00-04:00,14.99,15.23,14.99,15.20,4592300
2022-09-12 20:00:00-04:00,14.76,14.90,14.59,14.70,7235800
2022-09-13 20:00:00-04:00,14.71,15.07,14.54,15.06,12809400
2022-09-14 20:00:00-04:00,15.04,15.20,14.86,14.91,6577800
2022-09-15 20:00:00-04:00,14.85,14.85,14.33,14.61,11395000
2022-09-18 20:00:00-04:00,14.43,14.96,14.39,14.65,8058700
2022-09-19 20:00:00-04:00,14.44,14.62,14.26,14.55,6547400
2022-09-20 20:00:00-04:00,14.68,14.70,13.80,13.81,11326900
2022-09-21 20:00:00-04:00,13.84,13.90,13.20,13.31,8216500
2022-09-22 20:00:00-04:00,13.11,13.11,12.64,13.01,8892800
2022-09-25 20:00:00-04:00,12.74,13.13,12.70,12.76,7454600
2022-09-26 20:00:00-04:00,12.95,13.20,12.82,12.96,9722700
2022-09-27 20:00:00-04:00,13.02,13.65,12.84,13.61,15484000
2022-09-28 20:00:00-04:00,13.43,13.44,12.89,13.08,10457100
2022-09-29 20:00:00-04:00,12.94,13.32,12.94,13.15,9355500
2022-10-02 20:00:00-04:00,13.24,13.68,12.98,13.56,9436800
2022-10-03 20:00:00-04:00,13.72,13.98,13.70,13.95,9941600
2022-10-04 20:00:00-04:00,13.68,13.88,13.36,13.86,7145200
2022-10-05 20:00:00-04:00,13.79,14.05,13.65,13.71,6926100
2022-10-06 20:00:00-04:00,13.60,13.71,13.38,13.50,8135100
2022-10-09 20:00:00-04:00,13.61,13.86,13.47,13.53,9758900
2022-10-10 20:00:00-04:00,13.66,13.86,13.38,13.69,7922900
2022-10-11 20:00:00-04:00,13.68,14.02,13.51,13.76,10394400
2022-10-12 20:00:00-04:00,13.52,13.96,13.37,13.94,11370800
2022-10-13 20:00:00-04:00,14.14,14.31,13.85,13.92,8822700
2022-10-16 20:00:00-04:00,14.39,14.52,14.25,14.39,6023400
2022-10-17 20:00:00-04:00,14.66,14.83,14.55,14.62,7825300
2022-10-18 20:00:00-04:00,14.53,14.74,14.45,14.52,6076100
2022-10-19 20:00:00-04:00,14.59,14.80,14.24,14.28,6914600
2022-10-20 20:00:00-04:00,14.32,14.84,14.25,14.77,8523300
2022-10-23 20:00:00-04:00,14.81,14.95,14.67,14.77,5309600
2022-10-24 20:00:00-04:00,14.64,14.96,14.43,14.91,13158300
2022-10-25 20:00:00-04:00,14.94,15.19,14.83,14.99,7067900
2022-10-26 20:00:00-04:00,15.14,15.44,15.13,15.33,8116800
2022-10-27 20:00:00-04:00,15.36,15.50,15.17,15.45,5267300
2022-10-30 20:00:00-04:00,15.35,15.71,15.32,15.64,9077100
2022-10-31 20:00:00-04:00,15.77,15.87,15.60,15.62,7194400
2022-11-01 20:00:00-04:00,15.49,15.51,14.82,14.91,11017600
2022-11-02 20:00:00-04:00,14.99,15.04,13.81,14.07,9950200
2022-11-03 20:00:00-04:00,14.26,14.42,13.86,14.24,10097500
2022-11-06 19:00:00-05:00,14.42,14.52,13.86,14.22,6376500
2022-11-07 19:00:00-05:00,14.22,14.43,14.14,14.29,8266100
2022-11-08 19:00:00-05:00,14.13,14.32,13.89,13.91,8206700
2022-11-09 19:00:00-05:00,14.41,15.11,14.29,15.01,7325300
2022-11-10 19:00:00-05:00,15.26,15.52,15.16,15.37,6341800
2022-11-13 19:00:00-05:00,15.26,15.53,14.96,14.98,6333100
2022-11-14 19:00:00-05:00,15.34,15.50,15.18,15.37,6245000
2022-11-15 19:00:00-05:00,15.15,15.30,14.92,15.14,4828200
2022-11-16 19:00:00-05:00,14.86,14.98,14.68,14.80,3703600
2022-11-17 19:00:00-05:00,15.05,15.21,14.80,15.18,3582000
2022-11-20 19:00:00-05:00,15.14,15.27,14.96,15.05,3093300
2022-11-21 19:00:00-05:00,15.16,15.38,15.05,15.35,4423400
2022-11-22 19:00:00-05:00,15.22,15.30,15.05,15.13,3544200
2022-11-24 19:00:00-05:00,15.10,15.30,15.05,15.29,1434200
2022-11-27 19:00:00-05:00,15.09,15.18,14.96,15.07,5618500
2022-11-28 19:00:00-05:00,15.07,15.51,15.06,15.45,5864700
2022-11-29 19:00:00-05:00,15.38,15.75,15.20,15.69,13423800
2022-11-30 19:00:00-05:00,15.71,15.88,15.40,15.48,4596200
2022-12-01 19:00:00-05:00,15.28,15.40,15.17,15.38,5494300
2022-12-04 19:00:00-05:00,15.25,15.25,14.61,14.64,5240400
2022-12-05 19:00:00-05:00,14.60,14.64,14.34,14.42,6253600
2022-12-06 19:00:00-05:00,14.39,14.70,14.34,14.56,7851100
2022-12-07 19:00:00-05:00,14.69,14.86,14.63,14.65,5222000
2022-12-08 19:00:00-05:00,14.53,14.78,14.51,14.65,3621900
2022-12-11 19:00:00-05:00,14.66,15.10,14.65,14.99,5174000
2022-12-12 19:00:00-05:00,15.48,15.56,14.80,14.96,6383100
2022-12-13 19:00:00-05:00,14.98,15.03,14.42,14.56,8193100
2022-12-14 19:00:00-05:00,14.34,14.46,14.16,14.18,7680900
2022-12-15 19:00:00-05:00,14.00,14.18,13.75,14.08,9598800
2022-12-18 19:00:00-05:00,14.07,14.13,13.82,13.90,4768500
2022-12-19 19:00:00-05:00,13.83,14.05,13.80,14.00,6234300
2022-12-20 19:00:00-05:00,13.90,14.00,13.13,13.15,15791300
2022-12-21 19:00:00-05:00,13.06,13.37,13.02,13.29,11501100
2022-12-22 19:00:00-05:00,13.30,13.54,13.15,13.53,4701100
2022-12-26 19:00:00-05:00,13.57,13.61,13.30,13.38,5399800
2022-12-27 19:00:00-05:00,13.42,13.42,13.10,13.12,4935600
2022-12-28 19:00:00-05:00,13.19,13.43,13.19,13.36,3926700
2022-12-29 19:00:00-05:00,13.24,13.59,13.17,13.57,4587200
2023-01-02 19:00:00-05:00,13.65,13.75,13.39,13.46,7739100
2023-01-03 19:00:00-05:00,13.57,13.81,13.52,13.67,8853500
2023-01-04 19:00:00-05:00,13.54,13.56,13.23,13.35,6846300
2023-01-05 19:00:00-05:00,13.42,13.75,13.41,13.67,7354500
2023-01-08 19:00:00-05:00,13.61,13.79,13.57,13.69,8344300
2023-01-09 19:00:00-05:00,13.72,14.04,13.63,13.90,5901400
2023-01-10 19:00:00-05:00,14.09,14.61,14.06,14.59,7420200
2023-01-11 19:00:00-05:00,14.69,14.82,14.58,14.71,7238800
2023-01-12 19:00:00-05:00,14.56,14.71,14.32,14.38,9097300
2023-01-16 19:00:00-05:00,14.45,14.76,14.44,14.72,8762100
2023-01-17 19:00:00-05:00,14.66,14.76,14.41,14.49,6599900
2023-01-18 19:00:00-05:00,14.43,14.52,14.31,14.44,4927100
2023-01-19 19:00:00-05:00,14.50,14.91,14.39,14.88,4884500
2023-01-22 19:00:00-05:00,14.94,15.19,14.85,15.18,5527000
2023-01-23 19:00:00-05:00,15.17,15.36,15.02,15.32,4273300
2023-01-24 19:00:00-05:00,15.28,15.53,15.20,15.43,10330100
2023-01-25 19:00:00-05:00,15.46,15.56,15.27,15.50,9464700
2023-01-26 19:00:00-05:00,15.54,15.86,15.47,15.75,6593700
2023-01-29 19:00:00-05:00,15.53,15.81,15.53,15.66,4058100
2023-01-30 19:00:00-05:00,15.69,15.98,15.66,15.93,7041300
2023-01-31 19:00:00-05:00,15.74,15.98,15.48,15.89,8267000
2023-02-01 19:00:00-05:00,16.01,16.34,15.94,16.25,6673600
2023-02-02 19:00:00-05:00,16.04,16.41,16.02,16.12,9431200
2023-02-05 19:00:00-05:00,16.09,16.09,15.54,15.65,6105100
2023-02-06 19:00:00-05:00,15.65,15.88,15.43,15.81,7734800
2023-02-07 19:00:00-05:00,15.73,15.84,15.57,15.68,3636800
2023-02-08 19:00:00-05:00,15.81,15.87,15.54,15.59,6192700
2023-02-09 19:00:00-05:00,15.52,15.52,15.10,15.37,5483700
2023-02-12 19:00:00-05:00,15.37,15.66,15.27,15.60,5437400
2023-02-13 19:00:00-05:00,15.54,15.87,15.45,15.66,9730700
2023-02-14 19:00:00-05:00,15.54,15.69,15.41,15.58,10474100
2023-02-15 19:00:00-05:00,14.37,14.91,13.99,14.66,17484700
2023-02-16 19:00:00-05:00,14.58,14.60,14.25,14.32,9009400
2023-02-20 19:00:00-05:00,14.17,14.38,13.98,14.36,8998200
2023-02-21 19:00:00-05:00,14.40,14.55,14.31,14.44,7020000
2023-02-22 19:00:00-05:00,14.50,14.76,14.37,14.66,5445100
2023-02-23 19:00:00-05:00,14.36,14.57,14.23,14.35,5924700
2023-02-26 19:00:00-05:00,14.56,14.67,14.39,14.44,5861900
2023-02-27 19:00:00-05:00,14.49,14.51,14.16,14.20,15455900
2023-02-28 19:00:00-05:00,14.34,14.42,14.11,14.38,6347600
2023-03-01 19:00:00-05:00,14.25,14.44,14.19,14.35,4620400
2023-03-02 19:00:00-05:00,14.45,14.55,14.33,14.43,4776500
2023-03-05 19:00:00-05:00,14.43,14.65,14.26,14.33,4972200
2023-03-06 19:00:00-05:00,14.37,14.47,14.20,14.30,4617600
2023-03-07 19:00:00-05:00,14.28,14.40,14.22,14.34,3730600
2023-03-08 19:00:00-05:00,14.34,14.38,13.59,13.61,8661500
2023-03-09 19:00:00-05:00,13.51,13.75,13.25,13.44,11332500
2023-03-12 20:00:00-04:00,13.30,13.38,13.05,13.33,8927900
2023-03-13 20:00:00-04:00,13.62,13.73,13.33,13.49,11323800
2023-03-14 20:00:00-04:00,13.13,13.38,12.99,13.32,10794900
2023-03-15 20:00:00-04:00,13.12,13.46,12.95,13.41,11152900
2023-03-16 20:00:00-04:00,13.26,13.34,12.95,12.97,11026100
2023-03-19 20:00:00-04:00,13.02,13.38,13.02,13.26,6774100
2023-03-20 20:00:00-04:00,13.41,13.57,13.27,13.40,10513300
2023-03-21 20:00:00-04:00,13.13,13.15,12.74,12.75,10749600
2023-03-22 20:00:00-04:00,12.73,12.94,12.48,12.56,6692800
2023-03-23 20:00:00-04:00,12.43,12.75,12.26,12.73,8288400
2023-03-26 20:00:00-04:00,12.87,12.98,12.77,12.80,5844700
2023-03-27 20:00:00-04:00,12.68,12.94,12.66,12.89,5118100
2023-03-28 20:00:00-04:00,13.11,13.35,13.10,13.32,6031900
2023-03-29 20:00:00-04:00,13.47,13.63,13.31,13.45,6441900
2023-03-30 20:00:00-04:00,13.58,14.09,13.53,14.04,10637600
2023-04-02 20:00:00-04:00,14.06,14.14,13.80,13.87,6740900
2023-04-03 20:00:00-04:00,13.90,13.93,13.61,13.76,5949500
2023-04-04 20:00:00-04:00,13.75,13.78,13.62,13.70,4042500
2023-04-05 20:00:00-04:00,13.78,13.78,13.57,13.70,4421000
2023-04-09 20:00:00-04:00,13.65,13.90,13.60,13.86,4989800
2023-04-10 20:00:00-04:00,13.88,14.00,13.82,13.97,7637800
2023-04-11 20:00:00-04:00,14.12,14.13,13.67,13.72,4682700
2023-04-12 20:00:00-04:00,13.80,13.95,13.69,13.88,3772400
2023-04-13 20:00:00-04:00,13.93,14.08,13.77,13.87,4041800
2023-04-16 20:00:00-04:00,13.92,14.09,13.84,14.07,3501100
2023-04-17 20:00:00-04:00,14.10,14.33,14.00,14.16,4658900
2023-04-18 20:00:00-04:00,14.07,14.10,13.93,14.03,3797300
2023-04-19 20:00:00-04:00,13.98,13.98,13.64,13.71,3750200
2023-04-20 20:00:00-04:00,13.76,13.86,13.64,13.81,2886000
2023-04-23 20:00:00-04:00,13.72,13.95,13.72,13.93,3811500
2023-04-24 20:00:00-04:00,13.78,13.81,13.52,13.56,4513500
2023-04-25 20:00:00-04:00,13.55,13.67,13.40,13.46,6845300
2023-04-26 20:00:00-04:00,13.53,13.58,13.27,13.55,7395400
2023-04-27 20:00:00-04:00,13.60,13.83,13.44,13.77,6194900
2023-04-30 20:00:00-04:00,13.93,14.06,13.72,13.78,8441600
2023-05-01 20:00:00-04:00,13.76,13.76,13.25,13.61,6661800
2023-05-02 20:00:00-04:00,13.70,14.10,13.65,13.86,7438700
2023-05-03 20:00:00-04:00,14.56,14.88,14.10,14.74,15225300
2023-05-04 20:00:00-04:00,15.22,15.42,14.81,15.13,8677500
2023-05-07 20:00:00-04:00,15.13,15.20,14.79,14.84,4788800
2023-05-08 20:00:00-04:00,14.72,14.98,14.65,14.91,4789200
2023-05-09 20:00:00-04:00,15.02,15.21,14.63,14.75,6417300
2023-05-10 20:00:00-04:00,14.66,14.66,14.34,14.36,8058500
2023-05-11 20:00:00-04:00,14.37,14.44,14.18,14.26,6113500
2023-05-14 20:00:00-04:00,14.32,14.47,14.27,14.41,5121200
2023-05-15 20:00:00-04:00,14.44,14.80,14.34,14.45,19574100
2023-05-16 20:00:00-04:00,14.51,14.65,14.32,14.51,4419900
2023-05-17 20:00:00-04:00,14.50,14.91,14.43,14.78,7248900
2023-05-18 20:00:00-04:00,14.86,14.93,14.45,14.54,6599700
2023-05-21 20:00:00-04:00,14.59,14.70,14.51,14.58,5805200
2023-05-22 20:00:00-04:00,14.51,14.60,14.31,14.33,7071900
2023-05-23 20:00:00-04:00,14.17,14.22,14.01,14.11,8954900
2023-05-24 20:00:00-04:00,14.12,14.31,13.99,14.25,7091200
2023-05-25 20:00:00-04:00,14.24,14.31,14.16,14.29,3949100
2023-05-29 20:00:00-04:00,14.30,14.47,14.10,14.13,3810600
2023-05-30 20:00:00-04:00,14.09,14.16,13.81,14.14,13789600
2023-05-31 20:00:00-04:00,14.18,14.28,14.10,14.27,4265400
2023-06-01 20:00:00-04:00,14.47,15.02,14.39,14.99,8478800
2023-06-04 20:00:00-04:00,14.95,14.98,14.79,14.83,5870400
2023-06-05 20:00:00-04:00,14.80,15.12,14.77,15.00,4771400
2023-06-06 20:00:00-04:00,15.03,15.19,14.87,15.09,7920700
2023-06-07 20:00:00-04:00,15.00,15.24,14.85,15.19,4384400
2023-06-08 20:00:00-04:00,15.15,15.20,15.03,15.10,3530600
2023-06-11 20:00:00-04:00,15.10,15.19,14.90,15.01,4196000
2023-06-12 20:00:00-04:00,15.02,15.04,14.78,14.85,7659300
2023-06-13 20:00:00-04:00,14.88,15.02,14.68,14.87,6982000
2023-06-14 20:00:00-04:00,14.88,14.88,14.33,14.57,9449800
2023-06-15 20:00:00-04:00,14.66,14.72,14.45,14.52,9092900
2023-06-19 20:00:00-04:00,14.48,14.53,14.11,14.15,7707100
2023-06-20 20:00:00-04:00,14.08,14.24,13.98,14.17,8235500
2023-06-21 20:00:00-04:00,14.19,14.21,13.94,14.05,4298700
2023-06-22 20:00:00-04:00,13.87,13.97,13.76,13.83,8345800
2023-06-25 20:00:00-04:00,13.78,14.08,13.76,13.99,5340200
2023-06-26 20:00:00-04:00,13.82,14.17,13.62,14.16,9132600
2023-06-27 20:00:00-04:00,14.16,14.16,13.98,14.08,10586800
2023-06-28 20:00:00-04:00,14.02,14.37,13.98,14.35,6094700
2023-06-29 20:00:00-04:00,14.44,14.54,14.29,14.47,7071700
2023-07-02 20:00:00-04:00,14.47,14.89,14.44,14.89,3002700
2023-07-04 20:00:00-04:00,14.81,14.91,14.59,14.77,6030100
2023-07-05 20:00:00-04:00,14.59,14.78,14.44,14.76,4884700
2023-07-06 20:00:00-04:00,14.76,15.13,14.73,15.00,5467700
2023-07-09 20:00:00-04:00,14.96,15.34,14.90,15.29,5254800
2023-07-10 20:00:00-04:00,15.38,15.47,15.26,15.32,4659900
2023-07-11 20:00:00-04:00,15.46,15.53,15.13,15.15,6775200
2023-07-12 20:00:00-04:00,15.20,15.37,15.04,15.29,5661200
2023-07-13 20:00:00-04:00,15.19,15.20,14.70,14.96,7458400
2023-07-16 20:00:00-04:00,14.94,15.12,14.87,14.99,4419300
2023-07-17 20:00:00-04:00,14.99,15.24,14.96,15.20,3783100
2023-07-18 20:00:00-04:00,15.33,15.33,15.09,15.19,5538700
2023-07-19 20:00:00-04:00,15.33,15.36,14.92,15.02,4065900
2023-07-20 20:00:00-04:00,15.08,15.14,14.98,15.10,3263500
2023-07-23 20:00:00-04:00,15.03,15.14,14.91,14.98,3049600
2023-07-24 20:00:00-04:00,14.96,15.02,14.80,15.02,4477400
2023-07-25 20:00:00-04:00,14.95,15.18,14.93,14.97,3517500
2023-07-26 20:00:00-04:00,15.08,15.30,14.95,15.07,5728500
2023-07-27 20:00:00-04:00,15.29,15.80,15.22,15.63,7993300
2023-07-30 20:00:00-04:00,15.69,15.96,15.66,15.82,7639000
2023-07-31 20:00:00-04:00,15.82,15.88,15.47,15.81,6596700
2023-08-01 20:00:00-04:00,15.56,15.68,15.41,15.60,7823900
2023-08-02 20:00:00-04:00,14.43,14.66,13.51,14.45,19737300
2023-08-03 20:00:00-04:00,14.47,14.63,14.16,14.26,12112500
2023-08-06 20:00:00-04:00,14.23,14.45,14.10,14.43,6128800
2023-08-07 20:00:00-04:00,14.25,14.43,14.08,14.41,5725000
2023-08-08 20:00:00-04:00,14.42,14.59,14.39,14.47,5363300
2023-08-09 20:00:00-04:00,14.47,14.63,14.24,14.32,7862700
2023-08-10 20:00:00-04:00,14.21,14.22,13.83,14.00,6981400
2023-08-13 20:00:00-04:00,13.98,14.05,13.77,13.91,8469300
2023-08-14 20:00:00-04:00,13.78,13.89,13.64,13.77,7688900
2023-08-15 20:00:00-04:00,13.76,13.90,13.75,13.78,7806600
2023-08-16 20:00:00-04:00,13.76,13.86,13.59,13.59,6273400
2023-08-17 20:00:00-04:00,13.43,13.94,13.40,13.85,9629800
2023-08-20 20:00:00-04:00,13.91,13.92,13.64,13.71,7970000
2023-08-21 20:00:00-04:00,13.71,13.74,13.47,13.65,8665800
2023-08-22 20:00:00-04:00,13.69,13.81,13.63,13.67,13979700
2023-08-23 20:00:00-04:00,13.68,13.77,13.43,13.44,8265800
2023-08-24 20:00:00-04:00,13.42,13.45,13.15,13.27,11286100
2023-08-27 20:00:00-04:00,13.43,13.74,13.41,13.61,11554900
2023-08-28 20:00:00-04:00,13.66,13.92,13.59,13.87,11350200
2023-08-29 20:00:00-04:00,13.87,13.89,13.61,13.75,8591700
2023-08-30 20:00:00-04:00,13.73,13.73,13.54,13.57,9502900
2023-08-31 20:00:00-04:00,13.66,13.74,13.54,13.60,6255600
2023-09-04 20:00:00-04:00,13.55,13.78,13.49,13.67,8846800
2023-09-05 20:00:00-04:00,13.61,13.82,13.59,13.73,6661400
2023-09-06 20:00:00-04:00,13.71,13.71,13.45,13.50,6131700
2023-09-07 20:00:00-04:00,13.59,13.82,13.55,13.80,6212200
2023-09-10 20:00:00-04:00,13.85,14.01,13.85,13.87,5652300
2023-09-11 20:00:00-04:00,13.82,14.08,13.82,14.05,6267000
2023-09-12 20:00:00-04:00,14.10,14.17,13.74,13.76,6245000
2023-09-13 20:00:00-04:00,13.92,14.03,13.75,13.98,4881100
2023-09-14 20:00:00-04:00,13.98,14.39,13.94,14.27,13039500
2023-09-17 20:00:00-04:00,14.22,14.29,14.00,14.11,4060800
2023-09-18 20:00:00-04:00,14.16,14.18,14.00,14.03,3854700
2023-09-19 20:00:00-04:00,14.12,14.21,13.91,13.92,4622600
2023-09-20 20:00:00-04:00,13.81,13.81,13.66,13.67,4609100
2023-09-21 20:00:00-04:00,13.69,13.83,13.56,13.58,5857900
2023-09-24 20:00:00-04:00,13.51,13.90,13.51,13.86,5831800
2023-09-25 20:00:00-04:00,13.75,13.80,13.54,13.61,7164700
2023-09-26 20:00:00-04:00,13.63,13.91,13.63,13.79,6153700
2023-09-27 20:00:00-04:00,13.86,14.33,13.80,14.27,7791800
2023-09-28 20:00:00-04:00,14.43,14.46,13.91,13.97,9785200
2023-10-01 20:00:00-04:00,13.88,14.00,13.73,13.84,6158300
2023-10-02 20:00:00-04:00,13.77,13.77,13.36,13.45,8781400
2023-10-03 20:00:00-04:00,13.59,13.83,13.40,13.80,6103300
2023-10-04 20:00:00-04:00,13.78,14.03,13.75,13.98,5874500
2023-10-05 20:00:00-04:00,13.98,14.16,13.76,14.04,5318900
2023-10-08 20:00:00-04:00,13.93,14.02,13.71,13.93,4577000
2023-10-09 20:00:00-04:00,13.95,14.26,13.93,14.13,3110200
2023-10-10 20:00:00-04:00,14.22,14.27,13.89,14.06,5474600
2023-10-11 20:00:00-04:00,14.06,14.11,13.88,13.96,3852000
2023-10-12 20:00:00-04:00,13.97,13.99,13.73,13.78,5167200
2023-10-15 20:00:00-04:00,13.92,14.19,13.89,14.13,5454700
2023-10-16 20:00:00-04:00,14.06,14.32,14.03,14.19,4723800
2023-10-17 20:00:00-04:00,14.06,14.10,13.91,13.93,4651900
2023-10-18 20:00:00-04:00,13.89,14.00,13.67,13.69,8710900
2023-10-19 20:00:00-04:00,13.73,13.81,13.44,13.46,6780300
2023-10-22 20:00:00-04:00,13.46,13.79,13.34,13.60,6005900
2023-10-23 20:00:00-04:00,13.73,13.83,13.54,13.71,7366000
2023-10-24 20:00:00-04:00,13.62,13.73,13.53,13.56,7576500
2023-10-25 20:00:00-04:00,13.56,13.76,13.46,13.50,10821500
2023-10-26 20:00:00-04:00,13.54,13.55,12.97,13.08,9003600
2023-10-29 20:00:00-04:00,13.24,13.41,13.13,13.37,7312700
2023-10-30 20:00:00-04:00,13.39,13.47,13.20,13.46,7680400
2023-10-31 20:00:00-04:00,13.54,13.66,13.29,13.56,14877600
2023-11-01 20:00:00-04:00,13.82,14.33,13.78,14.17,11434700
2023-11-02 20:00:00-04:00,14.40,14.67,14.32,14.57,7116700
2023-11-05 19:00:00-05:00,14.57,14.70,14.45,14.49,9282000
2023-11-06 19:00:00-05:00,14.51,14.52,14.30,14.41,5741900
2023-11-07 19:00:00-05:00,14.42,14.47,14.00,14.02,7182000
2023-11-08 19:00:00-05:00,14.12,14.26,14.06,14.13,5856200
2023-11-09 19:00:00-05:00,14.14,14.29,13.94,14.26,5254900
2023-11-12 19:00:00-05:00,14.27,14.41,14.14,14.25,4431900
2023-11-13 19:00:00-05:00,14.66,14.85,14.60,14.76,6172900
2023-11-14 19:00:00-05:00,14.78,14.97,14.76,14.92,5158400
2023-11-15 19:00:00-05:00,14.88,15.01,14.73,14.84,6323600
2023-11-16 19:00:00-05:00,15.01,15.06,14.88,15.00,5095600
2023-11-19 19:00:00-05:00,15.00,15.23,14.95,15.22,4595100
2023-11-20 19:00:00-05:00,15.21,15.21,14.95,15.03,5091700
2023-11-21 19:00:00-05:00,15.15,15.22,15.04,15.12,2291300
2023-11-23 19:00:00-05:00,15.09,15.19,14.99,15.14,1743300
2023-11-26 19:00:00-05:00,15.08,15.20,14.97,15.15,4290800
2023-11-27 19:00:00-05:00,15.13,15.34,15.06,15.29,4449600
2023-11-28 19:00:00-05:00,15.34,15.46,15.13,15.16,4099200
2023-11-29 19:00:00-05:00,15.19,15.23,15.06,15.19,8295800
2023-11-30 19:00:00-05:00,15.19,15.47,15.12,15.40,4637400
2023-12-03 19:00:00-05:00,15.39,15.75,15.37,15.73,7742000
2023-12-04 19:00:00-05:00,15.66,15.66,15.23,15.37,5448200
2023-12-05 19:00:00-05:00,15.52,15.58,15.26,15.28,8115600
2023-12-06 19:00:00-05:00,15.31,15.48,15.25,15.46,4596600
2023-12-07 19:00:00-05:00,15.47,15.66,15.37,15.64,4917600
2023-12-10 19:00:00-05:00,15.68,15.98,15.65,15.96,6202200
2023-12-11 19:00:00-05:00,15.99,16.31,15.96,16.18,11951300
2023-12-12 19:00:00-05:00,16.14,16.46,15.95,16.32,6779500
2023-12-13 19:00:00-05:00,16.69,17.42,16.64,16.92,16630800
2023-12-14 19:00:00-05:00,16.78,16.89,16.52,16.65,19755200
2023-12-17 19:00:00-05:00,16.74,16.85,16.54,16.73,9333100
2023-12-18 19:00:00-05:00,16.82,16.93,16.72,16.72,6074300
2023-12-19 19:00:00-05:00,16.65,16.86,16.52,16.61,5543400
2023-12-20 19:00:00-05:00,16.78,17.06,16.74,17.01,5940300
2023-12-21 19:00:00-05:00,17.12,17.29,17.01,17.19,5616200
2023-12-25 19:00:00-05:00,17.13,17.52,17.13,17.48,7789900
2023-12-26 19:00:00-05:00,17.46,17.58,17.37,17.53,6179000
2023-12-27 19:00:00-05:00,17.48,17.61,17.39,17.49,2977500
2023-12-28 19:00:00-05:00,17.39,17.50,17.29,17.31,6219200
2024-01-01 19:00:00-05:00,17.31,17.55,17.20,17.52,4762700
2024-01-02 19:00:00-05:00,17.34,17.52,17.22,17.39,7151200
2024-01-03 19:00:00-05:00,17.31,17.57,17.24,17.52,6543900
2024-01-04 19:00:00-05:00,17.44,17.82,17.41,17.63,6067500
2024-01-07 19:00:00-05:00,17.76,18.13,17.74,18.13,7570800
2024-01-08 19:00:00-05:00,17.93,17.98,17.58,17.64,6949700
2024-01-09 19:00:00-05:00,17.75,17.75,17.45,17.55,4922700
2024-01-10 19:00:00-05:00,17.43,17.68,17.36,17.65,5271800
2024-01-11 19:00:00-05:00,17.69,17.84,17.40,17.56,7340100
2024-01-15 19:00:00-05:00,17.48,17.77,17.36,17.60,8817400
2024-01-16 19:00:00-05:00,17.41,17.72,17.28,17.52,8447300
2024-01-17 19:00:00-05:00,17.60,17.73,17.37,17.44,12463400
2024-01-18 19:00:00-05:00,17.52,17.75,17.34,17.75,5435100
2024-01-21 19:00:00-05:00,17.81,17.97,17.68,17.71,4977500
2024-01-22 19:00:00-05:00,17.79,17.84,17.40,17.42,5651400
2024-01-23 19:00:00-05:00,17.68,17.68,17.26,17.30,4965000
2024-01-24 19:00:00-05:00,17.49,17.64,17.23,17.40,6115300
2024-01-25 19:00:00-05:00,17.42,17.65,17.40,17.52,4875200
2024-01-28 19:00:00-05:00,17.41,17.65,17.34,17.62,4218400
2024-01-29 19:00:00-05:00,17.61,17.65,17.49,17.50,4776700
2024-01-30 19:00:00-05:00,17.51,17.57,17.02,17.09,11930700
2024-01-31 19:00:00-05:00,17.12,17.27,17.01,17.27,5535500
2024-02-01 19:00:00-05:00,17.11,17.29,16.93,17.26,4375100
2024-02-04 19:00:00-05:00,17.00,17.17,16.85,17.08,6507000
2024-02-05 19:00:00-05:00,17.09,17.41,17.01,17.31,4029900
2024-02-06 19:00:00-05:00,17.38,17.42,17.09,17.10,4682300
2024-02-07 19:00:00-05:00,17.10,17.38,16.99,17.38,4204600
2024-02-08 19:00:00-05:00,17.43,17.44,17.18,17.41,4304300
2024-02-11 19:00:00-05:00,17.44,17.62,17.44,17.52,4513200
2024-02-12 19:00:00-05:00,17.10,17.14,16.79,17.04,9547100
2024-02-13 19:00:00-05:00,17.12,17.35,16.99,17.27,5698300
2024-02-14 19:00:00-05:00,17.38,17.70,17.38,17.69,5666800
2024-02-15 19:00:00-05:00,17.54,17.61,17.37,17.53,5119100
2024-02-19 19:00:00-05:00,17.34,17.54,17.22,17.48,6141200
2024-02-20 19:00:00-05:00,17.52,18.06,17.49,17.97,13088200
2024-02-21 19:00:00-05:00,18.07,18.40,17.33,18.37,13113000
2024-02-22 19:00:00-05:00,18.43,18.60,17.99,18.02,13202100
2024-02-25 19:00:00-05:00,17.96,18.10,17.80,17.83,6208800
2024-02-26 19:00:00-05:00,17.93,18.20,17.92,17.99,6067100
2024-02-27 19:00:00-05:00,17.92,18.43,17.86,18.34,5051400
2024-02-28 19:00:00-05:00,18.44,18.56,18.24,18.44,7978200
2024-02-29 19:00:00-05:00,18.40,18.64,18.30,18.63,3931200
2024-03-03 19:00:00-05:00,18.66,18.80,18.56,18.73,6429300
2024-03-04 19:00:00-05:00,18.69,18.95,18.45,18.48,7731900
2024-03-05 19:00:00-05:00,18.73,18.91,18.56,18.60,4868100
2024-03-06 19:00:00-05:00,18.66,18.74,18.47,18.50,5077600
2024-03-07 19:00:00-05:00,18.64,18.71,18.30,18.56,5233700
2024-03-10 20:00:00-04:00,18.56,18.62,18.32,18.56,3174800
2024-03-11 20:00:00-04:00,18.61,18.80,18.54,18.63,3538400
2024-03-12 20:00:00-04:00,18.64,18.80,18.43,18.50,4633700
2024-03-13 20:00:00-04:00,18.54,18.57,18.32,18.38,5193600
2024-03-14 20:00:00-04:00,18.32,18.53,18.01,18.24,12139600
2024-03-17 20:00:00-04:00,18.29,18.54,18.26,18.36,8575700
2024-03-18 20:00:00-04:00,18.39,18.51,18.34,18.41,3627300
2024-03-19 20:00:00-04:00,18.40,18.67,18.38,18.48,5930100
2024-03-20 20:00:00-04:00,18.51,18.84,18.51,18.80,6251200
2024-03-21 20:00:00-04:00,18.87,18.91,18.54,18.54,4170600
2024-03-24 20:00:00-04:00,18.57,18.65,18.27,18.28,4150600
2024-03-25 20:00:00-04:00,18.32,18.37,18.00,18.02,5440600
2024-03-26 20:00:00-04:00,18.20,18.53,18.17,18.51,6511400
2024-03-27 20:00:00-04:00,18.55,18.71,18.31,18.57,5737100
2024-03-31 20:00:00-04:00,18.71,18.72,18.48,18.60,4643700
2024-04-01 20:00:00-04:00,18.42,18.44,18.14,18.25,4591200
2024-04-02 20:00:00-04:00,18.24,18.29,18.09,18.21,3907900
2024-04-03 20:00:00-04:00,18.42,18.50,17.97,18.03,3930600
2024-04-04 20:00:00-04:00,18.07,18.32,17.98,18.21,3820800
2024-04-07 20:00:00-04:00,18.17,18.53,18.17,18.45,4473900
2024-04-08 20:00:00-04:00,18.50,18.61,18.24,18.61,3293500
2024-04-09 20:00:00-04:00,18.41,18.49,18.06,18.09,4261800
2024-04-10 20:00:00-04:00,18.12,18.39,17.97,18.27,4132400
2024-04-11 20:00:00-04:00,18.17,18.26,17.87,17.96,3596600
2024-04-14 20:00:00-04:00,18.09,18.16,17.51,17.57,5498300
2024-04-15 20:00:00-04:00,17.67,17.67,17.09,17.13,6173700
2024-04-16 20:00:00-04:00,17.25,17.30,16.77,16.83,8122900
2024-04-17 20:00:00-04:00,16.94,16.94,16.59,16.69,4941700
2024-04-18 20:00:00-04:00,16.75,16.87,16.63,16.80,3946600
2024-04-21 20:00:00-04:00,16.85,17.10,16.82,17.06,4631800
2024-04-22 20:00:00-04:00,17.06,17.45,17.06,17.32,6391300
2024-04-23 20:00:00-04:00,17.35,17.53,17.24,17.36,4810500
2024-04-24 20:00:00-04:00,17.15,17.35,16.95,16.96,4050600
2024-04-25 20:00:00-04:00,16.97,17.22,16.90,16.94,3952200
2024-04-28 20:00:00-04:00,17.01,17.84,16.98,17.23,6363400
2024-04-29 20:00:00-04:00,17.03,17.20,16.90,16.94,7728200
2024-04-30 20:00:00-04:00,16.87,17.29,16.87,16.92,8868300
2024-05-01 20:00:00-04:00,17.04,17.20,15.97,16.57,12142000
2024-05-02 20:00:00-04:00,16.70,16.92,16.55,16.75,6342100
2024-05-05 20:00:00-04:00,16.90,16.97,16.74,16.85,4266000
2024-05-06 20:00:00-04:00,17.10,17.16,16.74,16.81,4814700
2024-05-07 20:00:00-04:00,16.73,16.80,16.34,16.37,7320100
2024-05-08 20:00:00-04:00,16.37,16.60,16.24,16.54,7730400
2024-05-09 20:00:00-04:00,16.57,16.61,16.34,16.47,7459600
2024-05-12 20:00:00-04:00,16.63,16.74,16.48,16.57,6099900
2024-05-13 20:00:00-04:00,16.61,16.75,16.59,16.64,6038200
2024-05-14 20:00:00-04:00,16.80,16.85,16.54,16.59,5730400
2024-05-15 20:00:00-04:00,16.65,16.89,16.54,16.84,5558500
2024-05-16 20:00:00-04:00,16.94,16.94,16.41,16.54,5608900
2024-05-19 20:00:00-04:00,16.59,16.61,16.45,16.50,8417800
2024-05-20 20:00:00-04:00,16.47,16.56,16.36,16.47,5475700
2024-05-21 20:00:00-04:00,16.49,16.68,16.44,16.53,4439500
2024-05-22 20:00:00-04:00,16.61,16.63,16.25,16.30,5460800
2024-05-23 20:00:00-04:00,16.41,16.53,16.32,16.43,3388800
2024-05-27 20:00:00-04:00,16.45,16.51,16.16,16.32,4409300
2024-05-28 20:00:00-04:00,16.15,16.18,15.75,15.97,6964000
2024-05-29 20:00:00-04:00,16.10,16.17,15.91,15.99,6600500
2024-05-30 20:00:00-04:00,16.03,16.15,15.92,16.11,11097700
2024-06-02 20:00:00-04:00,16.21,16.33,16.11,16.30,5599800
2024-06-03 20:00:00-04:00,16.20,16.41,16.16,16.17,7804900
2024-06-04 20:00:00-04:00,16.23,16.31,16.04,16.25,5052500
2024-06-05 20:00:00-04:00,16.19,16.37,16.11,16.15,5366500
2024-06-06 20:00:00-04:00,15.94,16.07,15.89,15.99,8267200
2024-06-09 20:00:00-04:00,15.96,16.31,15.90,16.26,8527600
2024-06-10 20:00:00-04:00,16.23,16.30,16.12,16.14,5974300
2024-06-11 20:00:00-04:00,16.48,16.65,16.37,16.46,5021900
2024-06-12 20:00:00-04:00,16.49,16.51,16.19,16.43,4761000
2024-06-13 20:00:00-04:00,16.31,16.35,15.89,16.00,5099000
2024-06-16 20:00:00-04:00,15.97,16.15,15.89,16.13,2819200
2024-06-17 20:00:00-04:00,16.16,16.30,16.02,16.11,4108100
2024-06-19 20:00:00-04:00,16.07,16.28,16.02,16.22,3598600
2024-06-20 20:00:00-04:00,16.27,16.51,16.15,16.46,11588300
2024-06-23 20:00:00-04:00,16.47,16.59,16.25,16.26,5542100
2024-06-24 20:00:00-04:00,16.33,16.39,16.11,16.24,4663300
2024-06-25 20:00:00-04:00,16.11,16.23,15.89,16.04,8924100
2024-06-26 20:00:00-04:00,16.03,16.18,15.94,16.18,3896500
2024-06-27 20:00:00-04:00,16.31,16.36,16.16,16.33,11009600
2024-06-30 20:00:00-04:00,16.24,16.36,15.98,16.01,4540300
2024-07-01 20:00:00-04:00,16.05,16.09,15.92,16.03,5385200
2024-07-02 20:00:00-04:00,16.11,16.15,15.96,16.05,2580600
2024-07-04 20:00:00-04:00,15.99,16.02,15.79,15.87,7368800
2024-07-07 20:00:00-04:00,15.98,16.12,15.89,16.06,5499600
2024-07-08 20:00:00-04:00,15.95,16.13,15.87,15.93,3493500
2024-07-09 20:00:00-04:00,16.04,16.26,15.91,16.24,6151000
2024-07-10 20:00:00-04:00,16.55,16.59,16.13,16.22,6603200
2024-07-11 20:00:00-04:00,16.36,16.56,16.22,16.51,6089300
2024-07-14 20:00:00-04:00,16.56,16.74,16.51,16.63,6153500
2024-07-15 20:00:00-04:00,16.67,16.96,16.44,16.85,7090500
2024-07-16 20:00:00-04:00,16.76,17.20,16.74,17.13,6873500
2024-07-17 20:00:00-04:00,17.00,17.07,16.28,16.34,5291700
2024-07-18 20:00:00-04:00,16.15,16.34,16.03,16.22,6102100
2024-07-21 20:00:00-04:00,16.22,16.36,16.06,16.28,3806300
2024-07-22 20:00:00-04:00,16.27,16.61,16.24,16.28,5229400
2024-07-23 20:00:00-04:00,16.24,16.28,15.56,15.60,9876800
2024-07-24 20:00:00-04:00,15.62,15.92,15.46,15.61,6399200
2024-07-25 20:00:00-04:00,15.73,16.06,15.67,15.85,6411800
2024-07-28 20:00:00-04:00,15.89,16.24,15.84,16.07,7010600
2024-07-29 20:00:00-04:00,16.08,16.26,16.06,16.16,8358900
2024-07-30 20:00:00-04:00,15.95,16.07,15.83,15.90,14901400
2024-07-31 20:00:00-04:00,15.26,15.54,15.15,15.21,19591800
2024-08-01 20:00:00-04:00,15.12,15.19,14.47,14.71,16781800
2024-08-04 20:00:00-04:00,14.36,14.72,14.27,14.46,11569500
2024-08-05 20:00:00-04:00,14.46,14.89,14.33,14.77,8857300
2024-08-06 20:00:00-04:00,14.91,14.94,14.54,14.56,12711600
2024-08-07 20:00:00-04:00,14.70,14.88,14.59,14.74,9477200
2024-08-08 20:00:00-04:00,14.72,14.98,14.58,14.83,11370900
2024-08-11 20:00:00-04:00,14.81,14.84,14.51,14.57,6563400
2024-08-12 20:00:00-04:00,14.64,14.72,14.46,14.61,6232700
2024-08-13 20:00:00-04:00,14.55,14.77,14.55,14.67,6718200
2024-08-14 20:00:00-04:00,14.89,15.13,14.83,14.92,6576800
2024-08-15 20:00:00-04:00,14.91,14.96,14.79,14.94,7663400
2024-08-18 20:00:00-04:00,14.95,15.36,14.90,15.28,7258200
2024-08-19 20:00:00-04:00,15.23,15.23,14.98,15.00,6466700
2024-08-20 20:00:00-04:00,15.11,15.38,14.96,15.36,7845200
2024-08-21 20:00:00-04:00,15.33,15.75,15.33,15.52,12029900
2024-08-22 20:00:00-04:00,15.56,15.96,15.53,15.81,12255600
2024-08-25 20:00:00-04:00,15.95,15.99,15.69,15.75,8839300
2024-08-26 20:00:00-04:00,15.70,15.85,15.58,15.71,7685200
2024-08-27 20:00:00-04:00,15.71,15.71,15.55,15.65,6453100
2024-08-28 20:00:00-04:00,15.75,16.12,15.66,16.03,6854700
2024-08-29 20:00:00-04:00,16.14,16.41,15.95,16.07,9227400
2024-09-02 20:00:00-04:00,16.00,16.05,15.66,15.77,6736400
2024-09-03 20:00:00-04:00,15.70,15.95,15.34,15.37,9458000
2024-09-04 20:00:00-04:00,15.35,15.40,15.08,15.19,8545700
2024-09-05 20:00:00-04:00,15.20,15.34,15.08,15.19,9017200
2024-09-08 20:00:00-04:00,15.22,15.53,15.19,15.23,8062200
2024-09-09 20:00:00-04:00,15.22,15.30,14.91,15.23,9292700
2024-09-10 20:00:00-04:00,15.18,15.39,15.06,15.27,8475900
2024-09-11 20:00:00-04:00,15.36,15.65,15.25,15.62,7706000
2024-09-12 20:00:00-04:00,15.67,15.99,15.67,15.82,5171200
2024-09-15 20:00:00-04:00,15.89,16.00,15.76,15.85,5366700
2024-09-16 20:00:00-04:00,15.97,16.27,15.97,16.17,5161900
2024-09-17 20:00:00-04:00,16.20,16.59,16.10,16.24,9059400
2024-09-18 20:00:00-04:00,16.58,16.95,16.44,16.83,14809100
2024-09-19 20:00:00-04:00,16.84,17.11,16.60,17.01,15487400
2024-09-22 20:00:00-04:00,17.14,17.21,16.70,16.92,7459100
2024-09-23 20:00:00-04:00,16.98,17.15,16.84,16.96,8588600
2024-09-24 20:00:00-04:00,17.02,17.09,16.53,16.54,6528100
2024-09-25 20:00:00-04:00,16.66,16.77,16.46,16.56,10801100
2024-09-26 20:00:00-04:00,16.73,16.75,16.43,16.46,6475600
2024-09-29 20:00:00-04:00,16.44,16.53,16.03,16.16,7459800
2024-09-30 20:00:00-04:00,16.14,16.21,15.77,16.11,7221100
2024-10-01 20:00:00-04:00,15.96,16.23,15.93,16.13,10699400
2024-10-02 20:00:00-04:00,16.03,16.03,15.75,15.96,8247200
2024-10-03 20:00:00-04:00,16.17,16.52,16.12,16.40,5337300
2024-10-06 20:00:00-04:00,16.30,16.56,15.92,16.05,7174700
2024-10-07 20:00:00-04:00,16.10,16.14,15.61,16.03,7589200
2024-10-08 20:00:00-04:00,15.98,16.13,15.87,16.02,5386300
2024-10-09 20:00:00-04:00,15.97,16.17,15.89,16.17,4648100
2024-10-10 20:00:00-04:00,16.23,16.42,16.10,16.35,4618300
2024-10-13 20:00:00-04:00,16.30,16.45,16.16,16.44,4647100
2024-10-14 20:00:00-04:00,16.48,16.73,16.43,16.45,6507400
2024-10-15 20:00:00-04:00,16.46,16.67,16.44,16.52,4461000
2024-10-16 20:00:00-04:00,16.70,16.71,16.37,16.56,7588800
2024-10-17 20:00:00-04:00,16.52,16.66,16.20,16.32,8034400
2024-10-20 20:00:00-04:00,16.23,16.29,16.06,16.19,4104600
2024-10-21 20:00:00-04:00,16.12,16.19,16.03,16.15,4038300
2024-10-22 20:00:00-04:00,16.07,16.10,15.67,15.96,6680800
2024-10-23 20:00:00-04:00,16.04,16.23,15.94,16.21,5456000
2024-10-24 20:00:00-04:00,16.34,16.37,16.13,16.14,3273800
2024-10-27 20:00:00-04:00,16.31,16.41,16.23,16.26,3761400
2024-10-28 20:00:00-04:00,16.22,16.32,16.10,16.18,2627700
2024-10-29 20:00:00-04:00,16.18,16.44,16.14,16.30,3805900
2024-10-30 20:00:00-04:00,16.23,16.31,15.80,15.83,6286900
2024-10-31 20:00:00-04:00,15.79,16.11,15.79,15.91,4662000
2024-11-03 19:00:00-05:00,15.91,16.09,15.86,15.97,6825000
2024-11-04 19:00:00-05:00,15.83,16.21,15.81,16.21,5502000
2024-11-05 19:00:00-05:00,16.99,17.26,16.47,16.52,21246850
2024-11-06 19:00:00-05:00,16.85,17.19,16.23,16.53,13613400
2024-11-07 19:00:00-05:00,16.58,16.73,16.41,16.54,8591500
2024-11-10 19:00:00-05:00,16.57,16.94,16.32,16.58,12972300
2024-11-11 19:00:00-05:00,16.49,16.77,16.31,16.52,7736900
2024-11-12 19:00:00-05:00,16.54,16.71,16.44,16.53,5505200
2024-11-13 19:00:00-05:00,16.51,16.64,16.00,16.03,9861400
2024-11-14 19:00:00-05:00,16.08,16.23,15.85,15.85,12826400
2024-11-17 19:00:00-05:00,15.89,16.02,15.76,15.99,5446000
2024-11-18 19:00:00-05:00,15.79,15.95,15.68,15.91,6211400
2024-11-19 19:00:00-05:00,15.82,16.03,15.77,15.99,4901100
2024-11-20 19:00:00-05:00,16.10,16.52,16.03,16.43,4364700
2024-11-21 19:00:00-05:00,16.44,16.81,16.42,16.76,6184100
2024-11-24 19:00:00-05:00,16.83,17.05,16.79,16.91,13101500
2024-11-25 19:00:00-05:00,16.82,16.96,16.76,16.81,8026900
2024-11-26 19:00:00-05:00,16.81,17.09,16.81,16.92,6952100
2024-11-28 19:00:00-05:00,17.06,17.12,16.91,16.91,4412600
2024-12-01 19:00:00-05:00,16.95,17.07,16.78,16.89,5542200
2024-12-02 19:00:00-05:00,17.05,17.52,16.98,17.00,10704200
2024-12-03 19:00:00-05:00,17.00,17.07,16.89,17.01,5113800
2024-12-04 19:00:00-05:00,17.01,17.42,16.88,17.26,9272300
2024-12-05 19:00:00-05:00,17.37,17.47,17.11,17.26,5650000
2024-12-08 19:00:00-05:00,17.36,17.58,17.29,17.39,6789100
2024-12-09 19:00:00-05:00,17.45,17.64,17.25,17.51,6518900
2024-12-10 19:00:00-05:00,17.66,17.78,17.32,17.38,6231000
2024-12-11 19:00:00-05:00,17.36,17.47,17.23,17.28,5529300
2024-12-12 19:00:00-05:00,17.28,17.37,17.00,17.06,4514400
2024-12-15 19:00:00-05:00,17.07,17.47,17.00,17.13,8159700
2024-12-16 19:00:00-05:00,17.00,17.32,16.94,17.19,7336300
2024-12-17 19:00:00-05:00,17.21,17.28,16.10,16.11,10588700
2024-12-18 19:00:00-05:00,16.16,16.39,16.11,16.19,7594900
2024-12-19 19:00:00-05:00,16.00,16.86,15.96,16.71,19799300
2024-12-22 19:00:00-05:00,16.69,16.72,16.44,16.59,4286000
2024-12-23 19:00:00-05:00,16.61,16.78,16.54,16.73,1710000
2024-12-25 19:00:00-05:00,16.70,16.84,16.61,16.78,3034500
2024-12-26 19:00:00-05:00,16.66,16.75,16.37,16.51,7022200
2024-12-29 19:00:00-05:00,16.42,16.44,16.10,16.33,5850400
2024-12-30 19:00:00-05:00,16.39,16.48,16.24,16.36,5422200
2025-01-01 19:00:00-05:00,16.41,16.42,16.03,16.06,5124200
2025-01-02 19:00:00-05:00,16.07,16.33,15.92,16.30,7547900
2025-01-05 19:00:00-05:00,16.38,16.48,16.13,16.14,6391600
2025-01-06 19:00:00-05:00,16.28,16.33,15.88,15.92,5538000
2025-01-07 19:00:00-05:00,15.99,15.99,15.66,15.84,5663600
2025-01-09 19:00:00-05:00,15.53,15.98,15.46,15.95,6579100
2025-01-12 19:00:00-05:00,15.84,16.06,15.75,16.03,5721100
2025-01-13 19:00:00-05:00,16.19,16.23,16.05,16.14,4425600
2025-01-14 19:00:00-05:00,16.30,16.56,16.13,16.18,5303600
2025-01-15 19:00:00-05:00,16.21,16.29,15.93,15.94,4135800
2025-01-16 19:00:00-05:00,16.06,16.15,15.90,15.93,5648100
2025-01-20 19:00:00-05:00,15.98,16.17,15.98,16.07,4326900
2025-01-21 19:00:00-05:00,16.01,16.22,15.89,16.15,9609600
2025-01-22 19:00:00-05:00,16.17,16.36,16.00,16.28,6195800
2025-01-23 19:00:00-05:00,16.25,16.33,15.69,15.82,10224100
2025-01-26 19:00:00-05:00,15.85,16.11,15.68,16.04,14916400
2025-01-27 19:00:00-05:00,16.07,16.30,15.89,15.92,8823200
2025-01-28 19:00:00-05:00,15.92,15.99,15.42,15.49,11728800
2025-01-29 19:00:00-05:00,15.73,15.77,15.42,15.54,9613300
2025-01-30 19:00:00-05:00,15.60,15.79,15.49,15.61,11268500
2025-02-02 19:00:00-05:00,15.41,15.54,14.92,15.40,11518700
2025-02-03 19:00:00-05:00,15.37,15.43,15.19,15.31,4919600
2025-02-04 19:00:00-05:00,15.38,15.39,15.11,15.29,6948600
2025-02-05 19:00:00-05:00,15.38,15.60,15.37,15.59,8755800
2025-02-06 19:00:00-05:00,15.64,15.76,15.46,15.65,8154100
2025-02-09 19:00:00-05:00,15.64,15.77,15.44,15.46,12576600
2025-02-10 19:00:00-05:00,15.32,15.46,15.20,15.40,4612900
2025-02-11 19:00:00-05:00,15.19,15.32,15.13,15.23,4368600
2025-02-12 19:00:00-05:00,15.27,15.37,15.19,15.34,3968200
2025-02-13 19:00:00-05:00,15.41,15.54,15.23,15.31,4885000
2025-02-17 19:00:00-05:00,15.32,15.97,15.31,15.92,12502700
2025-02-18 19:00:00-05:00,15.80,16.03,15.70,15.95,10142600
2025-02-19 19:00:00-05:00,15.60,15.81,15.25,15.65,14540200
2025-02-20 19:00:00-05:00,15.69,15.70,15.09,15.26,17225800
2025-02-23 19:00:00-05:00,15.38,15.40,15.03,15.18,6277300
2025-02-24 19:00:00-05:00,15.24,15.24,14.81,14.96,11435200
2025-02-25 19:00:00-05:00,14.99,15.14,14.81,14.95,7467100
2025-02-26 19:00:00-05:00,15.02,15.25,14.92,14.94,9171100
2025-02-27 19:00:00-05:00,15.04,15.13,14.88,15.06,11062800
2025-03-02 19:00:00-05:00,15.18,15.45,15.06,15.07,11331800
2025-03-03 19:00:00-05:00,14.99,15.00,14.62,14.80,9622400
2025-03-04 19:00:00-05:00,14.74,15.11,14.74,15.02,8864600
2025-03-05 19:00:00-05:00,14.91,15.02,14.71,14.76,11659200
2025-03-06 19:00:00-05:00,14.78,15.27,14.73,15.25,9836100
2025-03-09 20:00:00-04:00,15.12,15.22,14.74,14.85,10884100
2025-03-10 20:00:00-04:00,14.84,14.93,14.25,14.33,11097700
2025-03-11 20:00:00-04:00,14.40,14.43,14.01,14.11,9687200
2025-03-12 20:00:00-04:00,14.08,14.24,13.51,13.56,10892100
2025-03-13 20:00:00-04:00,13.77,13.99,13.71,13.92,11947900
2025-03-16 20:00:00-04:00,13.92,14.35,13.92,14.29,6877700
2025-03-17 20:00:00-04:00,14.25,14.26,14.02,14.07,5699300
2025-03-18 20:00:00-04:00,14.06,14.30,14.05,14.12,12360400
2025-03-19 20:00:00-04:00,14.03,14.16,13.88,13.97,10562000
2025-03-20 20:00:00-04:00,13.82,13.82,13.31,13.72,19640500
2025-03-23 20:00:00-04:00,13.93,14.07,13.79,14.03,6922200
2025-03-24 20:00:00-04:00,14.07,14.14,13.73,13.82,5701500
2025-03-25 20:00:00-04:00,13.85,13.94,13.67,13.83,8612600
2025-03-26 20:00:00-04:00,13.75,13.82,13.48,13.57,10618500
2025-03-27 20:00:00-04:00,13.51,13.60,13.22,13.33,8374600
2025-03-30 20:00:00-04:00,13.22,13.54,13.10,13.46,9220900
2025-03-31 20:00:00-04:00,13.48,13.76,13.28,13.68,9006300
2025-04-01 20:00:00-04:00,13.55,13.92,13.49,13.88,11747000
2025-04-02 20:00:00-04:00,13.28,13.37,12.56,12.60,15062200
2025-04-03 20:00:00-04:00,12.19,12.61,11.62,12.45,21246850
2025-04-06 20:00:00-04:00,12.08,12.75,11.57,12.24,21246850
2025-04-07 20:00:00-04:00,12.58,12.69,11.85,12.03,14744700
2025-04-08 20:00:00-04:00,11.80,13.71,11.68,13.47,20128200
2025-04-09 20:00:00-04:00,13.17,13.36,12.36,12.74,14079300
2025-04-10 20:00:00-04:00,12.67,13.12,12.47,12.99,12301500
2025-04-13 20:00:00-04:00,13.13,13.34,12.76,13.05,11371300
2025-04-14 20:00:00-04:00,13.01,13.19,12.84,12.87,8300300
2025-04-15 20:00:00-04:00,12.79,12.96,12.59,12.70,7901600
2025-04-16 20:00:00-04:00,12.80,13.09,12.78,12.94,5533900
2025-04-20 20:00:00-04:00,12.79,12.84,12.62,12.80,5324200
2025-04-21 20:00:00-04:00,12.93,13.12,12.85,13.09,9348200
2025-04-22 20:00:00-04:00,13.57,13.72,13.02,13.04,7417500
2025-04-23 20:00:00-04:00,13.05,13.26,12.94,13.19,5114100
2025-04-24 20:00:00-04:00,13.15,13.19,12.99,13.15,5064400
2025-04-27 20:00:00-04:00,13.18,13.40,13.07,13.24,5656400
2025-04-28 20:00:00-04:00,13.18,13.36,13.11,13.29,8148700
2025-04-29 20:00:00-04:00,13.09,13.43,12.96,13.37,14005200
2025-04-30 20:00:00-04:00,14.03,14.19,13.67,13.76,17651400
2025-05-01 20:00:00-04:00,14.07,14.13,13.83,14.01,9128000
2025-05-04 20:00:00-04:00,13.92,14.16,13.83,13.97,8811500
2025-05-05 20:00:00-04:00,13.90,14.02,13.61,13.72,8435200
2025-05-06 20:00:00-04:00,13.73,13.91,13.68,13.83,7489700
2025-05-07 20:00:00-04:00,13.90,14.21,13.88,14.07,6323200
2025-05-08 20:00:00-04:00,14.06,14.11,13.94,13.99,5600600
2025-05-11 20:00:00-04:00,14.64,15.27,14.55,14.87,15147000
2025-05-12 20:00:00-04:00,14.88,15.05,14.79,14.93,9309200
2025-05-13 20:00:00-04:00,14.91,14.95,14.65,14.68,10703900
2025-05-14 20:00:00-04:00,14.63,14.70,14.53,14.59,7154100
2025-05-15 20:00:00-04:00,14.62,14.77,14.53,14.74,5768500
2025-05-18 20:00:00-04:00,14.45,14.67,14.37,14.61,6071900
2025-05-19 20:00:00-04:00,14.50,14.58,14.30,14.34,8415800
2025-05-20 20:00:00-04:00,14.26,14.26,13.90,13.98,7872300
2025-05-21 20:00:00-04:00,13.96,14.08,13.78,14.05,9327600
2025-05-22 20:00:00-04:00,13.70,13.99,13.70,13.92,6820600
2025-05-26 20:00:00-04:00,14.07,14.68,14.07,14.65,12189800
2025-05-27 20:00:00-04:00,14.68,14.72,14.53,14.61,8737500
2025-05-28 20:00:00-04:00,14.67,14.79,14.54,14.66,12215300
2025-05-29 20:00:00-04:00,14.47,14.83,14.44,14.67,21246850
2025-06-01 20:00:00-04:00,14.61,14.67,14.40,14.62,9716800
2025-06-02 20:00:00-04:00,14.56,14.92,14.47,14.84,12882800
2025-06-03 20:00:00-04:00,14.83,14.94,14.60,14.65,8715000
2025-06-04 20:00:00-04:00,14.62,14.75,14.47,14.56,7893300
2025-06-05 20:00:00-04:00,14.74,14.97,14.68,14.93,7344800
2025-06-08 20:00:00-04:00,15.01,15.24,14.91,15.08,9010200
2025-06-09 20:00:00-04:00,15.18,15.34,15.10,15.22,7747600
2025-06-10 20:00:00-04:00,15.32,15.45,15.07,15.13,9992000
2025-06-11 20:00:00-04:00,14.93,15.06,14.84,14.86,9235400
2025-06-12 20:00:00-04:00,14.65,14.69,14.27,14.42,10943700
2025-06-15 20:00:00-04:00,14.53,14.85,14.52,14.81,6359300
2025-06-16 20:00:00-04:00,14.73,14.93,14.60,14.75,7169400
2025-06-17 20:00:00-04:00,14.76,15.16,14.73,14.90,12788900
2025-06-19 20:00:00-04:00,15.01,15.04,14.79,14.84,13372300
2025-06-22 20:00:00-04:00,14.77,14.99,14.62,14.94,9113900
2025-06-23 20:00:00-04:00,15.01,15.14,14.82,14.84,10506400
2025-06-24 20:00:00-04:00,14.86,14.89,14.61,14.68,7372100
2025-06-25 20:00:00-04:00,14.78,14.90,14.72,14.88,7508400
2025-06-26 20:00:00-04:00,14.96,15.01,14.77,14.93,11121300
2025-06-29 20:00:00-04:00,14.94,15.00,14.59,14.74,10300500
2025-06-30 20:00:00-04:00,14.74,15.41,14.69,15.23,11801500
2025-07-01 20:00:00-04:00,15.27,15.53,15.21,15.51,9975000
2025-07-02 20:00:00-04:00,15.63,15.75,15.48,15.55,5858900
2025-07-06 20:00:00-04:00,15.49,15.61,15.26,15.36,7934100
2025-07-07 20:00:00-04:00,15.44,15.70,15.36,15.52,5977200
2025-07-08 20:00:00-04:00,15.54,15.61,15.37,15.49,6140100
2025-07-09 20:00:00-04:00,15.56,16.01,15.52,15.91,9509500
2025-07-10 20:00:00-04:00,15.85,15.91,15.66,15.85,7982500
2025-07-13 20:00:00-04:00,15.76,15.90,15.63,15.83,6554000
2025-07-14 20:00:00-04:00,15.93,15.94,15.65,15.67,8501900
2025-07-15 20:00:00-04:00,15.75,15.82,15.49,15.49,6679400
2025-07-16 20:00:00-04:00,15.53,15.64,15.32,15.41,7188700
2025-07-17 20:00:00-04:00,15.50,15.56,15.39,15.48,5127000
2025-07-20 20:00:00-04:00,15.54,15.67,15.42,15.43,6443500
2025-07-21 20:00:00-04:00,15.47,15.84,15.41,15.80,6665500
2025-07-22 20:00:00-04:00,15.94,16.15,15.88,15.93,8868500
2025-07-23 20:00:00-04:00,15.87,16.00,15.72,15.76,6727000
2025-07-24 20:00:00-04:00,15.88,16.04,15.68,15.88,10423300
2025-07-27 20:00:00-04:00,16.00,16.04,15.71,15.73,7309400
2025-07-28 20:00:00-04:00,15.78,15.84,15.52,15.62,10881700
2025-07-29 20:00:00-04:00,15.74,15.78,15.24,15.47,18989900
2025-07-30 20:00:00-04:00,15.69,15.84,15.02,15.08,21246850
2025-07-31 20:00:00-04:00,15.05,15.05,14.59,14.90,15665200
2025-08-03 20:00:00-04:00,15.05,15.11,14.83,15.05,12300400
2025-08-04 20:00:00-04:00,15.09,15.09,14.73,14.77,17269800
2025-08-05 20:00:00-04:00,14.76,14.80,14.51,14.68,15192000
2025-08-06 20:00:00-04:00,14.84,14.87,14.55,14.65,8446500
2025-08-07 20:00:00-04:00,14.67,14.77,14.56,14.73,7666700
2025-08-10 20:00:00-04:00,14.72,14.81,14.58,14.69,11613700
2025-08-11 20:00:00-04:00,14.81,15.11,14.75,15.11,7395000
2025-08-12 20:00:00-04:00,15.18,15.49,15.09,15.45,9494400
2025-08-13 20:00:00-04:00,15.35,15.37,15.05,15.33,6944700
2025-08-14 20:00:00-04:00,15.43,15.44,15.06,15.08,10901000
2025-08-17 20:00:00-04:00,15.02,15.26,15.01,15.21,5570400
2025-08-18 20:00:00-04:00,15.23,15.48,15.23,15.47,6918100
2025-08-19 20:00:00-04:00,15.46,15.54,15.32,15.47,8578900
2025-08-20 20:00:00-04:00,15.41,15.67,15.40,15.49,8383500
2025-08-21 20:00:00-04:00,15.57,16.24,15.55,16.22,9060800
2025-08-24 20:00:00-04:00,16.19,16.28,16.05,16.21,8488800
2025-08-25 20:00:00-04:00,16.20,16.38,16.18,16.24,12756700
2025-08-26 20:00:00-04:00,16.27,16.71,16.22,16.66,9907400
2025-08-27 20:00:00-04:00,16.71,16.74,16.46,16.59,10513900
2025-08-28 20:00:00-04:00,16.59,16.66,16.38,16.51,6765300
2025-09-01 20:00:00-04:00,16.39,16.41,16.22,16.38,6153800
2025-09-02 20:00:00-04:00,16.42,16.61,16.39,16.49,5925300
2025-09-03 20:00:00-04:00,16.58,16.89,16.47,16.88,8944100
2025-09-04 20:00:00-04:00,16.88,17.14,16.61,16.72,9785400
2025-09-07 20:00:00-04:00,16.74,16.83,16.60,16.68,8322000
2025-09-08 20:00:00-04:00,16.60,16.77,16.40,16.73,8014900
2025-09-09 20:00:00-04:00,16.77,16.92,16.65,16.88,10592700
2025-09-10 20:00:00-04:00,16.91,17.16,16.87,16.96,6156200
2025-09-11 20:00:00-04:00,16.86,17.07,16.84,16.89,8215100
2025-09-14 20:00:00-04:00,16.89,17.03,16.74,16.94,8161400
2025-09-15 20:00:00-04:00,16.98,17.06,16.63,16.94,7521200
2025-09-16 20:00:00-04:00,16.94,17.17,16.69,16.81,10552200
2025-09-17 20:00:00-04:00,16.85,17.01,16.78,16.89,8147500
2025-09-18 20:00:00-04:00,16.92,16.97,16.67,16.71,21246850
2025-09-21 20:00:00-04:00,16.72,16.72,16.47,16.47,7703000
2025-09-22 20:00:00-04:00,16.49,16.81,16.49,16.72,7063800
2025-09-23 20:00:00-04:00,16.68,16.74,16.54,16.66,8661900
2025-09-24 20:00:00-04:00,16.63,16.82,16.50,16.62,7980100
2025-09-25 20:00:00-04:00,16.72,16.94,16.56,16.84,6232200
2025-09-28 20:00:00-04:00,16.89,16.93,16.65,16.72,5175200
2025-09-29 20:00:00-04:00,16.63,16.69,16.37,16.52,5626700
2025-09-30 20:00:00-04:00,16.41,16.63,16.36,16.55,6045800
2025-10-01 20:00:00-04:00,16.57,16.71,16.49,16.61,4989200
2025-10-02 20:00:00-04:00,16.62,16.74,16.36,16.41,5870800
2025-10-05 20:00:00-04:00,16.49,16.52,16.08,16.13,7509400
2025-10-06 20:00:00-04:00,16.17,16.22,15.93,15.95,4911100
2025-10-07 20:00:00-04:00,15.94,16.00,15.72,15.77,5381800
2025-10-08 20:00:00-04:00,15.83,15.91,15.63,15.71,4693200
2025-10-09 20:00:00-04:00,15.69,15.76,15.33,15.35,8239900
2025-10-12 20:00:00-04:00,15.58,15.82,15.41,15.78,6548000
2025-10-13 20:00:00-04:00,15.55,15.97,15.48,15.90,6397300
2025-10-14 20:00:00-04:00,15.97,16.18,15.93,16.08,6657600
2025-10-15 20:00:00-04:00,16.10,16.12,15.63,15.71,5093800
2025-10-16 20:00:00-04:00,15.68,15.93,15.64,15.80,4891100
2025-10-19 20:00:00-04:00,15.88,16.01,15.80,16.00,4483100
2025-10-20 20:00:00-04:00,16.03,16.33,15.99,16.16,6140500
2025-10-21 20:00:00-04:00,16.18,16.55,16.11,16.30,5351800
2025-10-22 20:00:00-04:00,16.29,16.33,16.12,16.14,5764700
2025-10-23 20:00:00-04:00,16.20,16.29,15.98,16.00,4407300
2025-10-26 20:00:00-04:00,16.06,16.42,16.03,16.15,8731100
2025-10-27 20:00:00-04:00,16.09,16.13,15.73,15.83,5951400
2025-10-28 20:00:00-04:00,15.74,16.02,15.64,15.83,6914400
2025-10-29 20:00:00-04:00,15.76,15.97,15.60,15.61,6799000
2025-10-30 20:00:00-04:00,15.58,15.60,15.15,15.55,10793300
2025-11-02 19:00:00-05:00,15.47,15.70,15.32,15.65,8161700
2025-11-03 19:00:00-05:00,15.51,15.73,15.41,15.58,12376100
2025-11-04 19:00:00-05:00,15.60,15.98,15.56,15.73,15014700
2025-11-05 19:00:00-05:00,16.40,16.89,16.13,16.81,21246850
2025-11-06 19:00:00-05:00,16.95,17.61,16.75,17.31,14670400
2025-11-09 19:00:00-05:00,17.50,17.69,17.24,17.64,15282300
2025-11-10 19:00:00-05:00,17.47,17.62,17.26,17.42,11696100
2025-11-11 19:00:00-05:00,17.39,17.69,17.35,17.53,7687900
2025-11-12 19:00:00-05:00,17.44,17.50,16.95,17.05,9418800
2025-11-13 19:00:00-05:00,17.06,17.10,16.89,17.07,6411100
2025-11-16 19:00:00-05:00,17.05,17.09,16.62,16.72,5387800
2025-11-17 19:00:00-05:00,16.65,16.84,16.59,16.69,5016600
2025-11-18 19:00:00-05:00,16.64,16.76,16.43,16.50,6538900
2025-11-19 19:00:00-05:00,16.61,16.75,16.28,16.31,7090600
2025-11-20 19:00:00-05:00,16.35,17.02,16.34,16.91,8469200
2025-11-23 19:00:00-05:00,16.93,16.97,16.74,16.82,6464400
2025-11-24 19:00:00-05:00,16.91,17.40,16.88,17.27,8328700
2025-11-25 19:00:00-05:00,17.28,17.39,17.19,17.22,4808300
2025-11-27 19:00:00-05:00,17.20,17.34,17.06,17.11,4331500
2025-11-30 19:00:00-05:00,16.97,17.25,16.93,17.03,6589300
2025-12-01 19:00:00-05:00,17.04,17.06,16.87,17.01,9259200
2025-12-02 19:00:00-05:00,17.01,17.17,16.94,17.14,5598300
2025-12-03 19:00:00-05:00,17.12,17.16,16.59,16.65,5726200
2025-12-04 19:00:00-05:00,16.65,16.91,16.61,16.75,8610800
2025-12-07 19:00:00-05:00,16.78,16.83,16.54,16.60,6584100
2025-12-08 19:00:00-05:00,16.65,16.97,16.58,16.94,9218700
2025-12-09 19:00:00-05:00,16.92,17.51,16.92,17.30,9972500
2025-12-10 19:00:00-05:00,17.29,17.80,17.24,17.60,9806800
2025-12-11 19:00:00-05:00,17.74,17.96,17.66,17.82,9417000
2025-12-14 19:00:00-05:00,17.92,18.12,17.66,18.09,8942200
2025-12-15 19:00:00-05:00,18.00,18.05,17.64,17.75,6302300
2025-12-16 19:00:00-05:00,17.78,18.11,17.71,18.02,7170100
2025-12-17 19:00:00-05:00,18.11,18.17,17.83,17.92,8280200
2025-12-18 19:00:00-05:00,17.94,18.09,17.69,17.96,14790700
2025-12-21 19:00:00-05:00,17.99,18.13,17.87,18.08,4527000
2025-12-22 19:00:00-05:00,18.09,18.14,17.79,17.82,4897600
2025-12-23 19:00:00-05:00,17.82,17.99,17.78,17.97,3159900
2025-12-25 19:00:00-05:00,17.89,17.99,17.76,17.90,4171900
2025-12-28 19:00:00-05:00,17.94,17.94,17.72,17.85,4219400
2025-12-29 19:00:00-05:00,17.84,17.92,17.70,17.75,3518100
2025-12-30 19:00:00-05:00,17.71,17.77,17.52,17.54,5341100
2026-01-01 19:00:00-05:00,17.56,18.06,17.44,17.97,6526500
2026-01-04 19:00:00-05:00,17.95,18.08,17.74,17.93,9227400
2026-01-05 19:00:00-05:00,17.98,18.11,17.72,18.07,6619800
2026-01-06 19:00:00-05:00,18.05,18.09,17.57,17.60,7258200
2026-01-07 19:00:00-05:00,17.60,18.14,17.57,18.02,7036300
2026-01-08 19:00:00-05:00,18.14,18.45,18.09,18.25,5632600
2026-01-11 19:00:00-05:00,18.34,18.34,18.02,18.15,5104900
2026-01-12 19:00:00-05:00,18.26,18.48,18.13,18.31,6701900
2026-01-13 19:00:00-05:00,18.31,18.38,17.80,18.03,6081400
2026-01-14 19:00:00-05:00,18.09,18.44,18.07,18.28,9637200
2026-01-15 19:00:00-05:00,18.23,18.41,17.99,18.39,5420100
2026-01-19 19:00:00-05:00,18.20,18.25,17.96,18.05,7762200
2026-01-20 19:00:00-05:00,18.14,18.61,18.14,18.48,8410300
2026-01-21 19:00:00-05:00,18.69,19.10,18.57,18.61,8982600
2026-01-22 19:00:00-05:00,18.54,18.58,18.35,18.50,7678500
2026-01-25 19:00:00-05:00,18.50,18.61,18.34,18.53,7403000
2026-01-26 19:00:00-05:00,18.53,18.53,18.17,18.38,7555100
2026-01-27 19:00:00-05:00,18.42,18.62,18.18,18.25,14095900
2026-01-28 19:00:00-05:00,18.39,18.51,18.23,18.46,10867900
2026-01-29 19:00:00-05:00,18.35,18.46,18.23,18.33,17358800
2026-02-01 19:00:00-05:00,18.48,18.65,18.34,18.47,7094500
2026-02-02 19:00:00-05:00,18.52,18.82,18.41,18.67,8953600
2026-02-03 19:00:00-05:00,18.84,19.20,18.78,19.11,11617400
2026-02-04 19:00:00-05:00,19.04,19.11,18.57,18.80,8706800
2026-02-05 19:00:00-05:00,18.91,19.23,18.84,19.15,5912200
2026-02-08 19:00:00-05:00,19.13,19.37,19.01,19.33,4522900
2026-02-09 19:00:00-05:00,19.40,19.75,19.28,19.72,6115200
2026-02-10 19:00:00-05:00,19.72,19.93,19.66,19.75,6924200
2026-02-11 19:00:00-05:00,19.86,20.12,19.07,19.33,10700000
2026-02-12 19:00:00-05:00,19.34,19.80,19.23,19.68,6500700
2026-02-16 19:00:00-05:00,19.81,19.94,19.50,19.80,9166500
2026-02-17 19:00:00-05:00,19.60,20.16,19.59,20.05,12313000
2026-02-18 19:00:00-05:00,20.59,20.78,19.70,19.86,14849700
2026-02-19 19:00:00-05:00,19.88,20.29,19.72,20.18,17518600
2026-02-22 19:00:00-05:00,20.19,20.33,19.23,19.55,8451500
2026-02-23 19:00:00-05:00,19.56,19.72,19.28,19.68,8462100
2026-02-24 19:00:00-05:00,19.81,19.81,19.41,19.50,5110400
2026-02-25 19:00:00-05:00,19.66,20.14,19.58,20.09,7722300
2026-02-26 19:00:00-05:00,19.89,19.93,19.23,19.38,11340200
2026-03-01 19:00:00-05:00,19.11,19.62,18.79,19.49,9946100
2026-03-02 19:00:00-05:00,19.08,19.49,18.85,19.39,7659700
2026-03-03 19:00:00-05:00,19.69,19.98,19.62,19.91,10898000
2026-03-04 19:00:00-05:00,19.71,19.88,19.49,19.75,14203900
2026-03-05 19:00:00-05:00,19.30,19.42,18.78,19.03,11497800
2026-03-08 20:00:00-04:00,18.71,19.01,18.21,18.96,11739100
2026-03-09 20:00:00-04:00,18.93,19.43,18.75,19.05,9146200
2026-03-10 20:00:00-04:00,18.96,19.15,18.85,18.99,7524800
2026-03-11 20:00:00-04:00,18.69,18.79,18.47,18.50,7887800
2026-03-12 20:00:00-04:00,18.68,18.79,18.23,18.31,7359900
2026-03-15 20:00:00-04:00,18.55,18.80,18.49,18.51,6813900
2026-03-16 20:00:00-04:00,18.68,18.85,18.55,18.60,10756800
2026-03-17 20:00:00-04:00,18.57,19.11,18.51,18.87,8680800
2026-03-18 20:00:00-04:00,18.81,18.98,18.63,18.90,8033400
2026-03-19 20:00:00-04:00,18.82,18.88,18.32,18.40,9363700
2026-03-22 20:00:00-04:00,18.86,19.21,18.76,18.94,11787700
2026-03-23 20:00:00-04:00,18.77,19.10,18.66,18.77,6752800
2026-03-24 20:00:00-04:00,19.01,19.30,18.92,19.27,8999900
2026-03-25 20:00:00-04:00,19.27,19.76,19.15,19.22,9343300
2026-03-26 20:00:00-04:00,19.09,19.10,18.57,18.64,8160400
2026-03-29 20:00:00-04:00,18.86,18.92,18.64,18.76,6118200
2026-03-30 20:00:00-04:00,19.08,19.39,18.90,19.16,10727500
2026-03-31 20:00:00-04:00,19.37,19.37,19.02,19.10,11319000
2026-04-01 20:00:00-04:00,18.94,19.26,18.76,19.14,8195900
2026-04-05 20:00:00-04:00,19.13,19.27,18.96,19.23,7264000
2026-04-06 20:00:00-04:00,19.12,19.46,19.05,19.09,12706000
2026-04-07 20:00:00-04:00,19.74,19.90,19.59,19.71,10961800
2026-04-08 20:00:00-04:00,19.76,20.17,19.64,19.91,11801000
2026-04-09 20:00:00-04:00,19.93,20.24,19.90,20.14,8528900
2026-04-12 20:00:00-04:00,20.12,20.28,19.77,20.27,6817400
2026-04-13 20:00:00-04:00,20.20,20.94,20.14,20.91,13560300
2026-04-14 20:00:00-04:00,20.84,20.88,20.31,20.69,12493400
2026-04-15 20:00:00-04:00,20.57,20.81,20.50,20.57,7151700
2026-04-16 20:00:00-04:00,20.90,21.18,20.75,21.12,5803900
2026-04-19 20:00:00-04:00,21.04,21.32,20.92,21.29,4517600
2026-04-20 20:00:00-04:00,21.41,21.55,21.05,21.12,5504600
2026-04-21 20:00:00-04:00,21.33,21.33,20.77,20.85,5110000
2026-04-22 20:00:00-04:00,20.97,21.17,20.84,21.07,5713600
2026-04-23 20:00:00-04:00,21.07,21.22,20.84,20.90,4510500
2026-04-26 20:00:00-04:00,20.98,21.11,20.84,20.88,6878100
2026-04-27 20:00:00-04:00,20.89,21.08,20.71,20.94,7305500
2026-04-28 20:00:00-04:00,20.85,21.09,20.82,21.06,9008100
2026-04-29 20:00:00-04:00,21.12,21.32,21.03,21.13,8953600
2026-04-30 20:00:00-04:00,21.14,21.33,21.10,21.13,4687200
2026-05-03 20:00:00-04:00,21.00,21.20,20.83,20.86,4737000
2026-05-04 20:00:00-04:00,21.00,21.42,20.98,21.31,7195200
2026-05-05 20:00:00-04:00,21.63,21.98,21.60,21.68,11129400
2026-05-06 20:00:00-04:00,22.16,22.36,21.56,21.67,13850100
2026-05-07 20:00:00-04:00,21.88,22.29,21.84,22.27,6436000
2026-05-10 20:00:00-04:00,22.30,22.39,21.73,21.78,8780700
2026-05-11 20:00:00-04:00,21.94,21.94,21.56,21.76,8726000
2026-05-12 20:00:00-04:00,21.71,21.84,21.52,21.56,8265000
2026-05-13 20:00:00-04:00,21.71,21.96,21.50,21.54,7456600
2026-05-14 20:00:00-04:00,21.38,21.43,21.14,21.38,11014000
2026-05-17 20:00:00-04:00,21.47,22.05,21.47,21.87,9234300
2026-05-18 20:00:00-04:00,21.97,21.99,21.39,21.79,8766400
2026-05-19 20:00:00-04:00,21.79,22.33,21.68,22.30,8225700
2026-05-20 20:00:00-04:00,22.13,22.48,21.97,22.41,7572700
2026-05-21 20:00:00-04:00,22.39,22.48,22.26,22.38,7643900
2026-05-25 20:00:00-04:00,22.52,23.17,22.47,23.11,8959700
2026-05-26 20:00:00-04:00,23.24,23.40,23.05,23.19,7839500
2026-05-27 20:00:00-04:00,23.24,23.40,23.05,23.19,6280500
2026-05-28 20:00:00-04:00,23.10,23.38,22.86,22.98,8806200
2026-05-31 20:00:00-04:00,22.89,23.32,22.78,23.18,5997000
2026-06-01 20:00:00-04:00,23.24,23.40,23.05,23.19,8099700
2026-06-02 20:00:00-04:00,23.24,23.40,23.05,23.19,11440700
2026-06-03 20:00:00-04:00,23.24,23.40,23.05,23.19,7828100
2026-06-04 20:00:00-04:00,23.24,23.40,23.05,23.19,9228600
2026-06-07 20:00:00-04:00,23.24,23.40,23.05,23.19,6417500
2026-06-08 20:00:00-04:00,23.24,23.40,23.05,23.19,13539200
2026-06-09 20:00:00-04:00,23.24,23.40,23.05,23.19,10977800
2026-06-10 20:00:00-04:00,23.24,23.40,23.05,23.19,12883400
2026-06-11 20:00:00-04:00,23.24,23.40,23.05,23.19,7626200
2026-06-14 20:00:00-04:00,23.24,23.40,23.05,23.19,11071800
2026-06-15 20:00:00-04:00,23.24,23.40,23.05,23.19,11725500
2026-06-16 20:00:00-04:00,23.24,23.40,23.05,23.19,12823600
2026-06-17 20:00:00-04:00,23.24,23.40,23.05,23.19,15920300
2026-06-21 20:00:00-04:00,23.24,23.40,23.05,23.19,7430600
2026-06-22 20:00:00-04:00,23.24,23.40,23.05,23.19,6347800
2026-06-23 20:00:00-04:00,23.24,23.40,23.05,23.19,12324700
2026-06-24 20:00:00-04:00,23.24,23.40,23.05,23.19,8848300
2026-06-25 20:00:00-04:00,23.24,23.40,23.05,23.19,9549400
2026-06-28 20:00:00-04:00,23.24,23.40,23.05,23.19,9105900
