Date,Open,High,Low,Close,Volume
2018-07-01 20:00:00-04:00,12.57,12.66,12.43,12.59,4086214
2018-07-02 20:00:00-04:00,12.69,12.81,12.60,12.62,1665599
2018-07-04 20:00:00-04:00,12.69,12.83,12.62,12.75,3033104
2018-07-05 20:00:00-04:00,12.78,12.95,12.61,12.87,2662246
2018-07-08 20:00:00-04:00,12.96,13.30,12.91,13.28,5732123
2018-07-09 20:00:00-04:00,13.28,13.34,13.07,13.25,3400962
2018-07-10 20:00:00-04:00,13.04,13.05,12.74,12.76,2915744
2018-07-11 20:00:00-04:00,12.88,12.98,12.69,12.92,3626554
2018-07-12 20:00:00-04:00,12.90,13.01,12.82,12.98,2457258
2018-07-15 20:00:00-04:00,14.78,14.78,14.10,14.34,10164800
2018-07-16 20:00:00-04:00,14.21,14.46,14.13,14.37,8999295
2018-07-17 20:00:00-04:00,14.35,14.72,14.28,14.69,8359422
2018-07-18 20:00:00-04:00,14.60,14.72,14.29,14.31,7115928
2018-07-19 20:00:00-04:00,14.22,14.34,14.16,14.21,3437474
2018-07-22 20:00:00-04:00,14.19,14.25,14.10,14.18,2888490
2018-07-23 20:00:00-04:00,14.31,14.57,14.25,14.51,4013582
2018-07-24 20:00:00-04:00,14.49,14.50,14.16,14.38,2782084
2018-07-25 20:00:00-04:00,15.45,16.09,15.30,15.96,9234928
2018-07-26 20:00:00-04:00,15.93,16.05,15.78,15.99,5657143
2018-07-29 20:00:00-04:00,15.93,16.11,15.53,15.58,6914069
2018-07-30 20:00:00-04:00,15.90,16.28,15.58,16.20,5232822
2018-07-31 20:00:00-04:00,16.19,16.20,15.83,15.99,9049630
2018-08-01 20:00:00-04:00,15.88,15.96,15.71,15.78,4822453
2018-08-02 20:00:00-04:00,15.74,15.93,15.69,15.90,2497551
2018-08-05 20:00:00-04:00,15.84,15.98,15.78,15.86,2319816
2018-08-06 20:00:00-04:00,15.85,15.91,15.66,15.69,3196104
2018-08-07 20:00:00-04:00,15.72,15.73,15.57,15.66,2989029
2018-08-08 20:00:00-04:00,15.56,15.87,15.54,15.55,2699019
2018-08-09 20:00:00-04:00,15.43,15.64,15.33,15.58,2738922
2018-08-12 20:00:00-04:00,15.57,15.62,15.23,15.28,3039754
2018-08-13 20:00:00-04:00,15.35,15.55,15.30,15.49,2371454
2018-08-14 20:00:00-04:00,15.39,15.39,15.04,15.23,4107339
2018-08-15 20:00:00-04:00,15.39,15.59,15.36,15.50,2169074
2018-08-16 20:00:00-04:00,15.48,15.70,15.45,15.63,2037891
2018-08-19 20:00:00-04:00,15.72,15.92,15.69,15.87,2558709
2018-08-20 20:00:00-04:00,15.84,16.17,15.84,16.14,2948083
2018-08-21 20:00:00-04:00,16.16,16.20,16.03,16.05,2910919
2018-08-22 20:00:00-04:00,16.05,16.05,15.75,15.90,2760959
2018-08-23 20:00:00-04:00,15.95,16.74,15.91,16.65,9627693
2018-08-26 20:00:00-04:00,16.50,16.73,16.47,16.52,5244949
2018-08-27 20:00:00-04:00,16.62,16.63,16.17,16.40,2803600
2018-08-28 20:00:00-04:00,16.44,16.66,16.34,16.60,3566701
2018-08-29 20:00:00-04:00,16.53,16.82,16.40,16.53,4553307
2018-08-30 20:00:00-04:00,16.47,16.79,16.47,16.76,3465119
2018-09-03 20:00:00-04:00,16.59,16.63,16.44,16.54,3299250
2018-09-04 20:00:00-04:00,16.55,16.62,16.44,16.59,2309254
2018-09-05 20:00:00-04:00,16.56,16.78,16.37,16.41,2311862
2018-09-06 20:00:00-04:00,16.35,16.55,16.28,16.41,2362587
2018-09-09 20:00:00-04:00,16.47,16.62,16.43,16.47,2899444
2018-09-10 20:00:00-04:00,16.46,16.74,16.34,16.64,3160896
2018-09-11 20:00:00-04:00,16.68,17.03,16.67,16.99,2742312
2018-09-12 20:00:00-04:00,17.03,17.19,16.84,16.85,4983106
2018-09-13 20:00:00-04:00,16.83,17.05,16.83,16.99,3281125
2018-09-16 20:00:00-04:00,16.70,17.11,16.62,17.01,4973978
2018-09-17 20:00:00-04:00,17.10,17.22,16.82,17.21,3301076
2018-09-18 20:00:00-04:00,17.22,17.32,17.05,17.09,3032843
2018-09-19 20:00:00-04:00,17.16,17.21,16.86,16.92,3237441
2018-09-20 20:00:00-04:00,16.95,17.30,16.93,17.13,8007603
2018-09-23 20:00:00-04:00,17.01,17.01,16.12,16.19,5641626
2018-09-24 20:00:00-04:00,16.29,16.65,16.23,16.53,4488368
2018-09-25 20:00:00-04:00,16.55,16.60,16.05,16.13,3436170
2018-09-26 20:00:00-04:00,16.14,16.47,16.11,16.41,2830984
2018-09-27 20:00:00-04:00,16.38,16.66,16.29,16.48,3051230
2018-09-30 20:00:00-04:00,16.55,16.63,16.37,16.58,4145677
2018-10-01 20:00:00-04:00,16.62,16.65,16.46,16.62,2064102
2018-10-02 20:00:00-04:00,16.64,16.77,16.50,16.68,1999945
2018-10-03 20:00:00-04:00,16.68,16.78,16.51,16.63,2140386
2018-10-04 20:00:00-04:00,16.59,16.79,16.30,16.35,5232822
2018-10-07 20:00:00-04:00,16.73,17.67,16.73,17.52,8985473
2018-10-08 20:00:00-04:00,17.52,17.56,16.91,17.10,6030478
2018-10-09 20:00:00-04:00,17.05,17.09,16.26,16.29,5064084
2018-10-10 20:00:00-04:00,16.17,16.38,15.80,15.85,5845702
2018-10-11 20:00:00-04:00,16.21,16.23,15.84,16.18,4775378
2018-10-14 20:00:00-04:00,16.22,16.37,16.07,16.08,4555654
2018-10-15 20:00:00-04:00,16.22,16.64,16.16,16.62,4488759
2018-10-16 20:00:00-04:00,16.65,16.91,16.46,16.86,4614074
2018-10-17 20:00:00-04:00,16.79,17.00,16.47,16.50,4290942
2018-10-18 20:00:00-04:00,16.51,16.58,16.04,16.38,5337142
2018-10-21 20:00:00-04:00,16.39,16.39,15.75,16.06,5920290
2018-10-22 20:00:00-04:00,15.75,15.87,15.26,15.46,8503514
2018-10-23 20:00:00-04:00,15.48,15.56,14.86,14.88,4968370
2018-10-24 20:00:00-04:00,14.95,15.07,14.75,14.94,3998586
2018-10-25 20:00:00-04:00,14.68,14.96,14.43,14.86,3437866
2018-10-28 20:00:00-04:00,15.13,15.13,14.12,14.39,5411339
2018-10-29 20:00:00-04:00,14.66,14.89,14.14,14.75,7328480
2018-10-30 20:00:00-04:00,15.76,15.76,15.19,15.22,10164800
2018-10-31 20:00:00-04:00,15.32,16.07,15.18,15.97,9617391
2018-11-01 20:00:00-04:00,16.10,16.31,15.77,15.89,5464151
2018-11-04 19:00:00-05:00,15.71,15.79,15.12,15.59,8621526
2018-11-05 19:00:00-05:00,15.60,15.96,15.55,15.71,10155552
2018-11-06 19:00:00-05:00,15.80,16.03,15.67,15.88,7306182
2018-11-07 19:00:00-05:00,15.85,15.94,15.60,15.81,10164800
2018-11-08 19:00:00-05:00,15.64,15.79,15.35,15.60,4423038
2018-11-11 19:00:00-05:00,15.51,15.53,15.03,15.08,5266856
2018-11-12 19:00:00-05:00,15.10,15.50,14.96,15.10,6619626
2018-11-13 19:00:00-05:00,15.33,15.55,15.10,15.28,6962447
2018-11-14 19:00:00-05:00,15.09,15.57,14.88,15.52,4930163
2018-11-15 19:00:00-05:00,15.40,15.49,15.03,15.13,6925414
2018-11-18 19:00:00-05:00,15.13,16.00,14.94,15.28,10164800
2018-11-19 19:00:00-05:00,15.00,15.28,14.83,14.90,5874390
2018-11-20 19:00:00-05:00,15.00,15.43,14.88,15.39,6498875
2018-11-22 19:00:00-05:00,15.29,15.43,15.24,15.40,1820384
2018-11-25 19:00:00-05:00,15.55,15.60,15.26,15.37,3494329
2018-11-26 19:00:00-05:00,15.21,15.33,15.03,15.31,6411768
2018-11-27 19:00:00-05:00,15.36,15.75,15.26,15.64,4213094
2018-11-28 19:00:00-05:00,15.58,16.29,15.43,16.03,10164800
2018-11-29 19:00:00-05:00,15.97,16.14,15.72,16.13,5886908
2018-12-02 19:00:00-05:00,16.21,16.33,15.82,16.16,8049070
2018-12-03 19:00:00-05:00,16.16,16.27,15.46,15.66,5983404
2018-12-05 19:00:00-05:00,15.31,15.55,15.15,15.42,6735160
2018-12-06 19:00:00-05:00,15.43,15.61,15.18,15.24,5292936
2018-12-09 19:00:00-05:00,15.19,15.28,14.63,14.94,7283362
2018-12-10 19:00:00-05:00,15.26,15.52,14.88,15.12,4870310
2018-12-11 19:00:00-05:00,15.40,15.49,15.15,15.21,5604983
2018-12-12 19:00:00-05:00,15.25,15.39,14.88,14.97,3786034
2018-12-13 19:00:00-05:00,14.87,15.15,14.76,14.82,8331126
2018-12-16 19:00:00-05:00,14.76,15.06,14.24,14.38,7767667
2018-12-17 19:00:00-05:00,14.55,14.68,13.98,14.04,5970103
2018-12-18 19:00:00-05:00,14.02,14.26,13.41,13.46,6955927
2018-12-19 19:00:00-05:00,13.59,13.64,12.98,13.19,7843560
2018-12-20 19:00:00-05:00,13.14,13.48,12.70,12.75,10164800
2018-12-23 19:00:00-05:00,12.56,12.65,12.09,12.12,3218533
2018-12-25 19:00:00-05:00,12.23,12.65,11.74,12.65,6208214
2018-12-26 19:00:00-05:00,12.45,12.80,12.20,12.79,4998754
2018-12-27 19:00:00-05:00,12.84,12.96,12.53,12.59,3741176
2018-12-30 19:00:00-05:00,12.60,12.70,12.28,12.66,6649487
2019-01-01 19:00:00-05:00,12.50,13.97,12.42,13.94,10164800
2019-01-02 19:00:00-05:00,13.96,13.98,13.52,13.84,7972656
2019-01-03 19:00:00-05:00,14.02,14.53,13.98,14.24,7616142
2019-01-06 19:00:00-05:00,14.22,14.64,14.10,14.58,6115890
2019-01-07 19:00:00-05:00,14.74,14.84,14.59,14.62,5327101
2019-01-08 19:00:00-05:00,14.81,14.88,14.62,14.66,4124030
2019-01-09 19:00:00-05:00,14.59,14.81,14.23,14.73,5019226
2019-01-10 19:00:00-05:00,14.53,14.86,14.53,14.78,3602300
2019-01-13 19:00:00-05:00,14.49,14.67,14.30,14.55,4984540
2019-01-14 19:00:00-05:00,14.52,15.25,14.29,15.07,10164800
2019-01-15 19:00:00-05:00,15.09,15.30,14.89,15.09,7249327
2019-01-16 19:00:00-05:00,15.02,15.30,15.02,15.15,7015911
2019-01-17 19:00:00-05:00,15.30,15.48,15.18,15.28,8194075
2019-01-21 19:00:00-05:00,12.54,13.13,12.11,12.83,10164800
2019-01-22 19:00:00-05:00,12.98,13.74,12.98,13.56,10164800
2019-01-23 19:00:00-05:00,13.56,13.94,13.21,13.82,9590529
2019-01-24 19:00:00-05:00,13.97,14.19,13.89,13.92,10164800
2019-01-27 19:00:00-05:00,13.74,13.91,13.56,13.71,4928077
2019-01-28 19:00:00-05:00,13.82,14.03,13.76,13.81,7247371
2019-01-29 19:00:00-05:00,14.01,14.22,13.74,14.05,5987838
2019-01-30 19:00:00-05:00,14.00,14.23,13.98,14.13,4855053
2019-01-31 19:00:00-05:00,14.18,14.26,13.83,13.89,6919676
2019-02-03 19:00:00-05:00,13.90,14.07,13.77,14.07,6119672
2019-02-04 19:00:00-05:00,14.09,14.26,14.03,14.13,4241130
2019-02-05 19:00:00-05:00,13.79,14.17,13.41,13.76,10164800
2019-02-06 19:00:00-05:00,13.74,13.77,13.06,13.32,9058106
2019-02-07 19:00:00-05:00,13.64,13.71,12.55,12.88,10164800
2019-02-10 19:00:00-05:00,13.03,13.52,13.03,13.18,10164800
2019-02-11 19:00:00-05:00,13.26,13.60,13.26,13.50,7829216
2019-02-12 19:00:00-05:00,13.56,13.75,13.47,13.48,6181221
2019-02-13 19:00:00-05:00,13.44,13.47,13.16,13.18,5186660
2019-02-14 19:00:00-05:00,13.28,13.44,13.19,13.22,6403292
2019-02-18 19:00:00-05:00,13.35,13.75,13.34,13.61,8581233
2019-02-19 19:00:00-05:00,13.61,13.98,13.55,13.86,6719642
2019-02-20 19:00:00-05:00,13.83,13.99,13.70,13.74,5853917
2019-02-21 19:00:00-05:00,13.83,13.86,13.51,13.77,5308714
2019-02-24 19:00:00-05:00,13.83,13.94,13.74,13.87,6520522
2019-02-25 19:00:00-05:00,13.83,14.08,13.75,13.88,7011608
2019-02-26 19:00:00-05:00,13.85,14.14,13.85,14.04,5267378
2019-02-27 19:00:00-05:00,13.97,14.07,13.87,13.93,4304113
2019-02-28 19:00:00-05:00,14.02,14.11,13.85,14.09,6189175
2019-03-03 19:00:00-05:00,14.23,14.44,13.90,13.93,5137369
2019-03-04 19:00:00-05:00,13.97,14.18,13.90,14.02,6287627
2019-03-05 19:00:00-05:00,14.02,14.28,13.95,14.02,6291409
2019-03-06 19:00:00-05:00,13.98,14.03,13.58,13.80,5810102
2019-03-07 19:00:00-05:00,13.72,14.10,13.65,13.93,3735047
2019-03-10 20:00:00-04:00,13.74,14.26,13.73,14.17,6515827
2019-03-11 20:00:00-04:00,14.16,14.28,14.04,14.22,6652226
2019-03-12 20:00:00-04:00,14.26,14.40,14.20,14.28,5236082
2019-03-13 20:00:00-04:00,14.25,14.47,14.25,14.28,4869918
2019-03-14 20:00:00-04:00,14.26,14.41,14.21,14.31,8152738
2019-03-17 20:00:00-04:00,14.34,14.57,14.28,14.49,5622587
2019-03-18 20:00:00-04:00,14.53,14.68,14.33,14.41,5671096
2019-03-19 20:00:00-04:00,14.38,14.47,14.29,14.38,4658801
2019-03-20 20:00:00-04:00,14.28,14.54,14.28,14.47,5106986
2019-03-21 20:00:00-04:00,14.36,14.48,13.89,14.10,5691308
2019-03-24 20:00:00-04:00,14.07,14.31,14.00,14.01,5100335
2019-03-25 20:00:00-04:00,14.15,14.26,14.01,14.16,4455638
2019-03-26 20:00:00-04:00,14.20,14.37,14.11,14.26,4129377
2019-03-27 20:00:00-04:00,14.30,14.47,14.24,14.41,3812635
2019-03-28 20:00:00-04:00,14.50,14.68,14.36,14.40,6082899
2019-03-31 20:00:00-04:00,14.58,14.83,14.52,14.81,8734974
2019-04-01 20:00:00-04:00,14.80,14.99,14.75,14.88,4540006
2019-04-02 20:00:00-04:00,14.98,15.01,14.66,14.75,5715823
2019-04-03 20:00:00-04:00,14.73,15.00,14.72,14.97,4843056
2019-04-04 20:00:00-04:00,15.02,15.20,14.99,15.15,10164800
2019-04-07 20:00:00-04:00,15.04,15.32,14.90,15.26,5605896
2019-04-08 20:00:00-04:00,15.14,15.14,14.92,15.07,5378870
2019-04-09 20:00:00-04:00,15.07,15.28,15.06,15.13,5221086
2019-04-10 20:00:00-04:00,15.15,15.42,15.13,15.35,5442505
2019-04-11 20:00:00-04:00,15.48,15.67,15.44,15.60,4726739
2019-04-14 20:00:00-04:00,15.60,15.67,15.47,15.48,5200222
2019-04-15 20:00:00-04:00,15.58,15.70,15.49,15.58,4536877
2019-04-16 20:00:00-04:00,15.07,15.20,14.83,15.01,10164800
2019-04-17 20:00:00-04:00,15.05,15.19,15.02,15.10,5796932
2019-04-21 20:00:00-04:00,15.02,15.33,14.99,15.28,4395132
2019-04-22 20:00:00-04:00,15.37,15.66,15.35,15.58,5228910
2019-04-23 20:00:00-04:00,15.65,16.02,15.62,15.90,7018780
2019-04-24 20:00:00-04:00,15.82,15.87,15.53,15.55,4887392
2019-04-25 20:00:00-04:00,15.52,15.61,15.45,15.58,3838976
2019-04-28 20:00:00-04:00,15.58,15.74,15.57,15.60,3714574
2019-04-29 20:00:00-04:00,16.05,16.21,15.61,16.18,9291782
2019-04-30 20:00:00-04:00,16.20,16.70,16.15,16.17,9593137
2019-05-01 20:00:00-04:00,16.53,16.75,16.42,16.52,7618359
2019-05-02 20:00:00-04:00,16.58,16.92,16.42,16.90,5939329
2019-05-05 20:00:00-04:00,16.50,16.95,16.45,16.89,4250258
2019-05-06 20:00:00-04:00,16.80,16.99,16.62,16.81,4493714
2019-05-07 20:00:00-04:00,16.77,17.10,16.69,16.89,3892570
2019-05-08 20:00:00-04:00,16.72,16.77,16.50,16.66,4511449
2019-05-09 20:00:00-04:00,16.55,17.02,16.41,16.95,4899258
2019-05-12 20:00:00-04:00,16.52,16.66,16.17,16.22,4989104
2019-05-13 20:00:00-04:00,16.32,16.67,16.24,16.49,3649505
2019-05-14 20:00:00-04:00,16.32,16.67,16.32,16.60,4717350
2019-05-15 20:00:00-04:00,16.68,16.86,16.62,16.68,4320543
2019-05-16 20:00:00-04:00,16.46,16.83,16.40,16.56,5740208
2019-05-19 20:00:00-04:00,16.52,16.72,16.46,16.60,4785810
2019-05-20 20:00:00-04:00,16.67,16.88,16.65,16.88,4637937
2019-05-21 20:00:00-04:00,16.89,17.07,16.86,16.87,4263167
2019-05-22 20:00:00-04:00,16.64,16.85,16.58,16.75,3587565
2019-05-23 20:00:00-04:00,16.84,16.98,16.70,16.78,4182319
2019-05-27 20:00:00-04:00,16.77,16.91,16.69,16.70,4153631
2019-05-28 20:00:00-04:00,16.55,16.70,16.37,16.61,4262776
2019-05-29 20:00:00-04:00,16.61,16.72,16.53,16.59,2547364
2019-05-30 20:00:00-04:00,16.47,16.63,16.46,16.52,4355230
2019-06-02 20:00:00-04:00,16.50,16.70,16.41,16.68,6404596
2019-06-03 20:00:00-04:00,16.76,17.04,16.70,17.01,4787897
2019-06-04 20:00:00-04:00,17.04,17.33,17.04,17.33,3951381
2019-06-05 20:00:00-04:00,17.35,17.62,17.26,17.56,5070604
2019-06-06 20:00:00-04:00,17.59,17.81,17.55,17.75,4995102
2019-06-09 20:00:00-04:00,17.88,18.02,17.54,17.56,4324977
2019-06-10 20:00:00-04:00,17.68,17.72,17.15,17.35,4743952
2019-06-11 20:00:00-04:00,17.35,17.38,17.01,17.09,4931858
2019-06-12 20:00:00-04:00,17.19,17.50,17.11,17.49,3333285
2019-06-13 20:00:00-04:00,17.44,17.44,17.28,17.33,4133419
2019-06-16 20:00:00-04:00,17.32,17.35,17.10,17.26,2646729
2019-06-17 20:00:00-04:00,17.35,17.80,17.29,17.75,3488461
2019-06-18 20:00:00-04:00,17.77,17.92,17.70,17.87,4599860
2019-06-19 20:00:00-04:00,18.08,18.22,18.00,18.21,7157134
2019-06-20 20:00:00-04:00,18.20,18.63,18.16,18.35,9969602
2019-06-23 20:00:00-04:00,18.39,18.53,18.30,18.33,4182058
2019-06-24 20:00:00-04:00,18.39,18.56,18.22,18.39,5060954
2019-06-25 20:00:00-04:00,18.49,18.83,18.41,18.77,3782643
2019-06-26 20:00:00-04:00,18.77,19.17,18.67,19.15,5216522
2019-06-27 20:00:00-04:00,19.17,19.48,19.13,19.47,6993352
2019-06-30 20:00:00-04:00,19.76,19.91,19.64,19.67,6825136
2019-07-01 20:00:00-04:00,19.69,19.86,19.56,19.72,3720442
2019-07-02 20:00:00-04:00,19.79,19.79,19.49,19.51,2907007
2019-07-04 20:00:00-04:00,19.43,19.69,19.29,19.68,4278424
2019-07-07 20:00:00-04:00,19.56,19.65,19.39,19.47,4398262
2019-07-08 20:00:00-04:00,19.40,19.52,19.33,19.49,3131034
2019-07-09 20:00:00-04:00,19.61,19.68,19.42,19.45,2054582
2019-07-10 20:00:00-04:00,19.44,19.47,19.34,19.40,1531548
2019-07-11 20:00:00-04:00,19.48,19.62,19.40,19.61,2099962
2019-07-14 20:00:00-04:00,19.61,19.65,19.28,19.47,2740747
2019-07-15 20:00:00-04:00,19.44,19.59,19.38,19.44,2926567
2019-07-16 20:00:00-04:00,19.43,19.43,19.03,19.08,2558187
2019-07-17 20:00:00-04:00,18.88,18.96,18.68,18.96,2530803
2019-07-18 20:00:00-04:00,19.14,19.15,18.95,18.99,2480078
2019-07-21 20:00:00-04:00,18.97,19.10,18.92,18.95,2465994
2019-07-22 20:00:00-04:00,19.10,19.12,18.87,18.97,3033104
2019-07-23 20:00:00-04:00,18.93,19.39,18.86,19.34,4106687
2019-07-24 20:00:00-04:00,19.34,19.40,19.10,19.31,2740878
2019-07-25 20:00:00-04:00,19.26,19.44,19.26,19.41,2218626
2019-07-28 20:00:00-04:00,19.41,19.45,18.94,18.97,3381402
2019-07-29 20:00:00-04:00,18.93,18.98,18.70,18.96,2860976
2019-07-30 20:00:00-04:00,18.97,19.18,18.74,18.88,2755352
2019-07-31 20:00:00-04:00,18.80,18.80,18.33,18.39,4906822
2019-08-01 20:00:00-04:00,19.44,19.62,17.50,17.93,6400554
2019-08-04 20:00:00-04:00,17.61,18.13,17.47,17.78,5245340
2019-08-05 20:00:00-04:00,17.98,18.63,17.81,18.54,4326411
2019-08-06 20:00:00-04:00,18.57,19.04,18.20,19.03,5824577
2019-08-07 20:00:00-04:00,19.19,19.50,18.97,19.19,5348226
2019-08-08 20:00:00-04:00,19.25,19.40,18.94,19.04,2823030
2019-08-11 20:00:00-04:00,18.88,19.16,18.79,19.02,2447086
2019-08-12 20:00:00-04:00,18.92,19.40,18.82,19.16,3603604
2019-08-13 20:00:00-04:00,18.89,19.00,18.61,18.70,4019580
2019-08-14 20:00:00-04:00,18.73,18.73,18.42,18.54,3766474
2019-08-15 20:00:00-04:00,18.65,18.85,18.57,18.75,2415921
2019-08-18 20:00:00-04:00,18.92,19.01,18.81,18.89,3646766
2019-08-19 20:00:00-04:00,18.82,19.08,18.66,19.04,2230753
2019-08-20 20:00:00-04:00,19.29,19.29,19.00,19.02,1889887
2019-08-21 20:00:00-04:00,19.03,19.19,18.84,18.94,2081575
2019-08-22 20:00:00-04:00,18.79,19.07,18.20,18.35,10164800
2019-08-25 20:00:00-04:00,18.54,19.01,18.41,18.91,9535109
2019-08-26 20:00:00-04:00,18.94,19.23,18.85,19.00,10164800
2019-08-27 20:00:00-04:00,19.01,19.31,18.70,19.19,8820256
2019-08-28 20:00:00-04:00,19.44,19.62,19.29,19.48,3608038
2019-08-29 20:00:00-04:00,19.62,19.68,19.39,19.50,3953598
2019-09-02 20:00:00-04:00,19.40,19.62,19.25,19.61,3875488
2019-09-03 20:00:00-04:00,19.69,19.73,19.53,19.61,3257522
2019-09-04 20:00:00-04:00,19.68,19.77,19.53,19.63,4507798
2019-09-05 20:00:00-04:00,19.71,19.81,19.50,19.62,3818242
2019-09-08 20:00:00-04:00,19.70,19.95,19.62,19.85,3990631
2019-09-09 20:00:00-04:00,19.83,20.18,19.77,20.16,3136511
2019-09-10 20:00:00-04:00,20.07,20.31,19.93,20.30,3946165
2019-09-11 20:00:00-04:00,20.38,20.51,20.26,20.39,2922003
2019-09-12 20:00:00-04:00,20.51,20.57,20.33,20.45,3226357
2019-09-15 20:00:00-04:00,20.38,20.66,20.38,20.53,2692499
2019-09-16 20:00:00-04:00,20.45,20.65,20.24,20.56,3738698
2019-09-17 20:00:00-04:00,20.50,20.64,20.32,20.61,4099385
2019-09-18 20:00:00-04:00,20.63,20.69,20.43,20.48,3695145
2019-09-19 20:00:00-04:00,20.55,20.61,19.99,20.17,7737284
2019-09-22 20:00:00-04:00,20.08,20.23,19.97,20.20,5208828
2019-09-23 20:00:00-04:00,20.23,20.39,19.99,20.02,4352491
2019-09-24 20:00:00-04:00,19.99,20.11,19.80,19.99,5295935
2019-09-25 20:00:00-04:00,20.04,20.08,19.79,19.85,2904008
2019-09-26 20:00:00-04:00,19.87,19.99,19.67,19.71,3254654
2019-09-29 20:00:00-04:00,19.70,19.77,19.55,19.62,6057862
2019-09-30 20:00:00-04:00,19.65,19.71,18.90,19.07,6737898
2019-10-01 20:00:00-04:00,18.87,18.91,18.09,18.27,5278722
2019-10-02 20:00:00-04:00,18.24,18.33,17.92,18.30,3688364
2019-10-03 20:00:00-04:00,18.27,18.49,18.08,18.48,2934652
2019-10-06 20:00:00-04:00,18.76,18.85,18.52,18.68,3818242
2019-10-07 20:00:00-04:00,18.60,19.00,18.53,18.77,4579387
2019-10-08 20:00:00-04:00,18.97,19.39,18.87,19.31,2302342
2019-10-09 20:00:00-04:00,19.31,19.70,19.18,19.64,2275480
2019-10-10 20:00:00-04:00,19.89,20.22,19.89,19.96,3260522
2019-10-13 20:00:00-04:00,20.22,20.37,20.14,20.26,2852109
2019-10-14 20:00:00-04:00,20.38,21.07,20.31,21.03,4238391
2019-10-15 20:00:00-04:00,21.01,21.07,20.73,20.76,3750826
2019-10-16 20:00:00-04:00,20.85,20.97,20.71,20.91,3029714
2019-10-17 20:00:00-04:00,20.89,20.89,20.38,20.39,3921519
2019-10-20 20:00:00-04:00,20.48,20.65,20.34,20.41,3185020
2019-10-21 20:00:00-04:00,20.43,20.56,20.29,20.44,2147558
2019-10-22 20:00:00-04:00,20.41,20.65,20.32,20.56,3296512
2019-10-23 20:00:00-04:00,20.61,20.72,20.42,20.70,3025802
2019-10-24 20:00:00-04:00,20.70,20.89,20.66,20.86,2305863
2019-10-27 20:00:00-04:00,20.91,21.08,20.83,20.88,3943296
2019-10-28 20:00:00-04:00,20.80,21.08,20.76,20.90,2489206
2019-10-29 20:00:00-04:00,20.83,20.87,20.53,20.78,2438871
2019-10-30 20:00:00-04:00,20.75,20.75,20.48,20.73,2649076
2019-10-31 20:00:00-04:00,20.94,21.54,20.85,21.54,5168534
2019-11-03 19:00:00-05:00,21.76,21.82,21.61,21.72,5615937
2019-11-04 19:00:00-05:00,21.34,22.30,20.79,22.27,8143480
2019-11-05 19:00:00-05:00,22.27,22.27,21.93,22.22,4750863
2019-11-06 19:00:00-05:00,22.24,22.30,21.77,21.83,3918129
2019-11-07 19:00:00-05:00,21.87,21.98,21.72,21.88,2696150
2019-11-10 19:00:00-05:00,21.90,22.32,21.83,22.29,4136810
2019-11-11 19:00:00-05:00,22.24,22.37,22.14,22.28,3977330
2019-11-12 19:00:00-05:00,22.11,22.40,22.05,22.28,2188894
2019-11-13 19:00:00-05:00,22.36,22.90,22.26,22.82,5079732
2019-11-14 19:00:00-05:00,22.95,23.34,22.81,23.31,6473708
2019-11-17 19:00:00-05:00,23.25,23.59,23.14,23.46,5946240
2019-11-18 19:00:00-05:00,23.44,23.48,23.35,23.42,4696617
2019-11-19 19:00:00-05:00,23.32,23.44,23.13,23.29,5032397
2019-11-20 19:00:00-05:00,23.19,23.50,23.08,23.12,2869582
2019-11-21 19:00:00-05:00,23.17,23.28,23.00,23.07,3649766
2019-11-24 19:00:00-05:00,23.17,23.40,23.14,23.38,2692238
2019-11-25 19:00:00-05:00,23.40,23.64,23.28,23.63,4682534
2019-11-26 19:00:00-05:00,23.63,23.72,23.47,23.61,2330639
2019-11-28 19:00:00-05:00,23.56,23.59,23.36,23.38,3044970
2019-12-01 19:00:00-05:00,23.47,23.56,23.08,23.08,2810642
2019-12-02 19:00:00-05:00,22.85,23.27,22.67,23.19,4009800
2019-12-03 19:00:00-05:00,23.31,23.35,22.88,22.90,3382185
2019-12-04 19:00:00-05:00,23.03,23.07,22.86,23.02,2245618
2019-12-05 19:00:00-05:00,23.23,23.45,23.13,23.43,2876754
2019-12-08 19:00:00-05:00,23.27,23.45,23.16,23.25,2152774
2019-12-09 19:00:00-05:00,23.38,23.53,23.35,23.42,3384532
2019-12-10 19:00:00-05:00,23.56,23.65,23.46,23.59,2124607
2019-12-11 19:00:00-05:00,23.61,23.98,23.53,23.88,3813026
2019-12-12 19:00:00-05:00,23.81,24.01,23.72,23.90,2813902
2019-12-15 19:00:00-05:00,23.86,24.16,23.86,24.02,5156146
2019-12-16 19:00:00-05:00,23.98,24.03,23.56,23.78,3500327
2019-12-17 19:00:00-05:00,23.66,23.68,23.23,23.24,5627542
2019-12-18 19:00:00-05:00,23.26,23.47,23.14,23.41,6282802
2019-12-19 19:00:00-05:00,23.59,23.71,23.42,23.71,8422536
2019-12-22 19:00:00-05:00,23.66,23.91,23.65,23.81,4470373
2019-12-23 19:00:00-05:00,23.84,23.85,23.62,23.65,729588
2019-12-25 19:00:00-05:00,23.69,23.73,23.43,23.56,5644494
2019-12-26 19:00:00-05:00,23.59,23.67,23.44,23.52,5160058
2019-12-29 19:00:00-05:00,23.50,23.59,23.24,23.32,1906187
2019-12-30 19:00:00-05:00,23.30,23.36,23.13,23.24,1945177
2020-01-01 19:00:00-05:00,23.35,23.82,23.28,23.82,3960248
2020-01-02 19:00:00-05:00,23.49,23.81,23.35,23.78,2589614
2020-01-05 19:00:00-05:00,23.68,23.82,23.41,23.57,3143814
2020-01-06 19:00:00-05:00,23.62,23.80,23.38,23.72,2503289
2020-01-07 19:00:00-05:00,23.62,23.64,23.19,23.20,3608559
2020-01-08 19:00:00-05:00,23.04,23.15,22.35,22.48,5825750
2020-01-09 19:00:00-05:00,22.45,22.45,21.71,21.79,5197222
2020-01-12 19:00:00-05:00,21.91,22.28,21.72,22.24,3953598
2020-01-13 19:00:00-05:00,22.16,22.45,22.11,22.34,4834971
2020-01-14 19:00:00-05:00,22.20,22.40,21.90,22.05,3210709
2020-01-15 19:00:00-05:00,21.87,22.67,21.87,22.66,6128409
2020-01-16 19:00:00-05:00,22.74,22.76,22.07,22.14,5656491
2020-01-20 19:00:00-05:00,21.96,22.34,21.93,22.20,10164800
2020-01-21 19:00:00-05:00,21.43,21.96,21.27,21.78,9595354
2020-01-22 19:00:00-05:00,21.69,22.36,21.59,22.30,5188094
2020-01-23 19:00:00-05:00,22.42,22.51,21.72,21.99,6917068
2020-01-26 19:00:00-05:00,21.58,23.41,21.52,23.16,10164800
2020-01-27 19:00:00-05:00,23.44,23.84,23.41,23.77,7075765
2020-01-28 19:00:00-05:00,23.70,23.81,23.15,23.53,4875656
2020-01-29 19:00:00-05:00,23.28,23.41,22.69,23.00,7750063
2020-01-30 19:00:00-05:00,22.88,22.95,22.55,22.62,3751999
2020-02-02 19:00:00-05:00,22.76,22.94,22.64,22.70,3357409
2020-02-03 19:00:00-05:00,22.95,23.08,22.85,23.02,3193105
2020-02-04 19:00:00-05:00,23.17,23.67,23.13,23.61,3491199
2020-02-05 19:00:00-05:00,23.67,23.83,23.27,23.73,3386879
2020-02-06 19:00:00-05:00,23.69,23.70,23.40,23.66,2392449
2020-02-09 19:00:00-05:00,23.66,23.94,23.51,23.92,5554518
2020-02-10 19:00:00-05:00,24.06,24.64,24.00,24.20,3370970
2020-02-11 19:00:00-05:00,24.21,24.91,24.21,24.80,4727782
2020-02-12 19:00:00-05:00,24.72,25.28,24.56,24.90,4786854
2020-02-13 19:00:00-05:00,24.83,25.23,24.75,25.21,4788549
2020-02-17 19:00:00-05:00,25.18,25.18,24.87,25.08,2922003
2020-02-18 19:00:00-05:00,25.17,25.90,25.14,25.75,5361526
2020-02-19 19:00:00-05:00,25.77,25.77,24.85,25.47,4942942
2020-02-20 19:00:00-05:00,25.30,25.43,25.10,25.30,4331366
2020-02-23 19:00:00-05:00,24.49,25.11,24.37,24.99,6138580
2020-02-24 19:00:00-05:00,25.09,25.17,23.72,23.96,10164800
2020-02-25 19:00:00-05:00,24.06,24.64,23.92,24.07,9501466
2020-02-26 19:00:00-05:00,23.30,23.72,22.85,22.96,10164800
2020-02-27 19:00:00-05:00,22.12,22.50,21.69,22.18,10164800
2020-03-01 19:00:00-05:00,22.28,22.63,21.90,22.63,9613088
2020-03-02 19:00:00-05:00,22.57,23.19,21.71,21.76,8315738
2020-03-03 19:00:00-05:00,22.20,22.27,21.58,22.04,5373002
2020-03-04 19:00:00-05:00,21.43,21.44,20.14,20.22,6465623
2020-03-05 19:00:00-05:00,19.49,20.12,19.12,19.61,5979883
2020-03-08 20:00:00-04:00,18.24,18.38,17.27,17.41,5447330
2020-03-09 20:00:00-04:00,18.12,18.52,17.58,18.36,5842833
2020-03-10 20:00:00-04:00,17.70,17.82,16.38,16.71,5204264
2020-03-11 20:00:00-04:00,15.35,15.92,14.85,15.02,10164800
2020-03-12 20:00:00-04:00,15.99,16.01,14.68,15.51,8020774
2020-03-15 20:00:00-04:00,13.60,14.50,12.97,13.18,7779273
2020-03-16 20:00:00-04:00,13.51,13.93,12.74,13.34,6887076
2020-03-17 20:00:00-04:00,12.23,12.35,10.30,11.85,5675138
2020-03-18 20:00:00-04:00,11.55,12.20,10.69,11.98,7519516
2020-03-19 20:00:00-04:00,12.00,12.09,9.82,10.01,10164800
2020-03-22 20:00:00-04:00,9.98,10.00,8.60,9.06,8984430
2020-03-23 20:00:00-04:00,9.62,11.59,9.52,11.45,9667856
2020-03-24 20:00:00-04:00,11.53,12.76,11.19,12.22,10164800
2020-03-25 20:00:00-04:00,12.41,13.48,12.00,13.39,10164800
2020-03-26 20:00:00-04:00,12.60,13.00,11.93,12.61,8342992
2020-03-29 20:00:00-04:00,12.66,12.70,11.84,12.39,5632758
2020-03-30 20:00:00-04:00,12.27,12.49,11.84,12.14,6619365
2020-03-31 20:00:00-04:00,15.18,15.18,12.53,13.01,2531000
2020-04-01 20:00:00-04:00,12.78,13.51,11.83,12.32,4431900
2020-04-02 20:00:00-04:00,11.92,12.51,11.68,12.36,4053100
2020-04-05 20:00:00-04:00,12.85,13.80,12.15,12.51,6035400
2020-04-06 20:00:00-04:00,13.26,13.77,11.84,11.93,5686200
2020-04-07 20:00:00-04:00,12.32,13.20,12.13,12.89,6590900
2020-04-08 20:00:00-04:00,13.69,13.95,13.02,13.06,3293300
2020-04-12 20:00:00-04:00,12.97,13.19,12.03,12.42,4059700
2020-04-13 20:00:00-04:00,12.64,12.87,11.80,12.02,4926000
2020-04-14 20:00:00-04:00,11.90,11.92,10.19,11.21,7531900
2020-04-15 20:00:00-04:00,10.77,11.19,10.25,10.58,8193100
2020-04-16 20:00:00-04:00,11.09,11.53,10.93,11.48,10164800
2020-04-19 20:00:00-04:00,11.45,12.39,11.22,11.47,6322600
2020-04-20 20:00:00-04:00,11.21,11.33,10.43,10.44,3304900
2020-04-21 20:00:00-04:00,10.78,11.14,10.51,10.67,2777800
2020-04-22 20:00:00-04:00,10.65,11.22,10.61,10.84,4681000
2020-04-23 20:00:00-04:00,10.91,11.17,10.43,10.65,6716800
2020-04-26 20:00:00-04:00,10.74,11.39,10.70,11.24,2776700
2020-04-27 20:00:00-04:00,11.51,12.07,11.40,11.82,2876900
2020-04-28 20:00:00-04:00,12.22,13.73,12.15,13.69,4141600
2020-04-29 20:00:00-04:00,13.36,13.45,12.62,12.88,3240800
2020-04-30 20:00:00-04:00,12.73,12.77,12.02,12.36,2455800
2020-05-03 20:00:00-04:00,12.12,12.18,11.25,11.78,3015700
2020-05-04 20:00:00-04:00,12.27,12.85,11.98,12.03,3118900
2020-05-05 20:00:00-04:00,12.09,12.17,11.28,11.32,2303900
2020-05-06 20:00:00-04:00,11.33,12.12,11.33,11.70,3471900
2020-05-07 20:00:00-04:00,11.79,12.46,11.79,12.44,2154300
2020-05-10 20:00:00-04:00,12.08,12.30,11.54,11.59,1769500
2020-05-11 20:00:00-04:00,11.68,11.92,10.95,10.96,2564200
2020-05-12 20:00:00-04:00,10.84,10.90,10.36,10.50,2261600
2020-05-13 20:00:00-04:00,10.25,11.14,9.73,11.09,3399300
2020-05-14 20:00:00-04:00,10.90,11.04,10.58,10.61,2882200
2020-05-17 20:00:00-04:00,11.14,12.24,11.14,12.16,3465000
2020-05-18 20:00:00-04:00,12.11,12.29,11.73,11.88,1630800
2020-05-19 20:00:00-04:00,12.10,12.81,12.08,12.57,2594600
2020-05-20 20:00:00-04:00,12.44,12.78,12.19,12.25,2369600
2020-05-21 20:00:00-04:00,12.27,12.49,11.90,12.19,2002100
2020-05-25 20:00:00-04:00,12.98,13.21,12.75,12.87,2550400
2020-05-26 20:00:00-04:00,13.14,13.95,12.71,13.82,6213100
2020-05-27 20:00:00-04:00,14.14,14.15,13.08,13.09,2955000
2020-05-28 20:00:00-04:00,13.04,13.25,12.61,12.89,6797400
2020-05-31 20:00:00-04:00,12.97,13.56,12.91,13.22,2301800
2020-06-01 20:00:00-04:00,13.22,13.99,13.17,13.79,2832100
2020-06-02 20:00:00-04:00,14.23,14.97,14.10,14.95,2698800
2020-06-03 20:00:00-04:00,14.95,15.42,14.79,15.30,4154000
2020-06-04 20:00:00-04:00,16.57,17.01,16.09,16.91,4226600
2020-06-07 20:00:00-04:00,17.76,18.11,17.40,17.47,5243900
2020-06-08 20:00:00-04:00,16.78,16.95,15.83,15.98,3309500
2020-06-09 20:00:00-04:00,15.80,15.80,14.52,14.75,4739400
2020-06-10 20:00:00-04:00,13.67,14.06,12.79,12.79,3176100
2020-06-11 20:00:00-04:00,13.85,13.95,13.09,13.80,4051300
2020-06-14 20:00:00-04:00,12.95,14.45,12.89,14.31,2997400
2020-06-15 20:00:00-04:00,15.16,15.40,14.59,15.01,4129700
2020-06-16 20:00:00-04:00,15.18,15.24,14.58,14.59,5765700
2020-06-17 20:00:00-04:00,14.32,14.70,14.21,14.37,4538200
2020-06-18 20:00:00-04:00,14.78,15.03,13.62,13.74,9255700
2020-06-21 20:00:00-04:00,13.71,14.49,13.37,14.44,3850600
2020-06-22 20:00:00-04:00,14.45,14.94,13.89,14.82,4986400
2020-06-23 20:00:00-04:00,14.56,14.74,14.12,14.41,6634200
2020-06-24 20:00:00-04:00,14.08,15.04,13.98,14.98,4384600
2020-06-25 20:00:00-04:00,15.14,15.27,14.75,15.20,9079100
2020-06-28 20:00:00-04:00,15.55,16.07,15.29,15.98,4908700
2020-06-29 20:00:00-04:00,15.79,16.05,15.51,15.62,5495400
2020-06-30 20:00:00-04:00,15.70,16.00,15.02,15.06,4367800
2020-07-01 20:00:00-04:00,15.40,15.64,14.94,15.09,4617200
2020-07-05 20:00:00-04:00,15.54,15.65,15.20,15.51,2362100
2020-07-06 20:00:00-04:00,15.33,15.39,14.84,14.92,3194500
2020-07-07 20:00:00-04:00,14.82,15.21,14.74,15.11,3232800
2020-07-08 20:00:00-04:00,14.83,15.00,14.53,14.56,2791800
2020-07-09 20:00:00-04:00,14.56,15.13,14.43,15.11,1489200
2020-07-12 20:00:00-04:00,15.16,15.47,14.84,15.01,2583200
2020-07-13 20:00:00-04:00,14.86,15.47,14.83,15.46,2020400
2020-07-14 20:00:00-04:00,15.89,16.49,15.74,16.46,3045200
2020-07-15 20:00:00-04:00,16.37,16.37,15.82,15.97,2671200
2020-07-16 20:00:00-04:00,15.98,16.30,15.71,16.21,3018700
2020-07-19 20:00:00-04:00,15.98,16.11,15.15,15.45,2826700
2020-07-20 20:00:00-04:00,15.67,16.02,15.57,15.87,2661600
2020-07-21 20:00:00-04:00,15.69,15.95,15.55,15.91,2026100
2020-07-22 20:00:00-04:00,15.82,15.95,15.39,15.52,2544700
2020-07-23 20:00:00-04:00,15.57,15.63,15.23,15.32,1841900
2020-07-26 20:00:00-04:00,15.24,15.31,14.90,15.02,3077700
2020-07-27 20:00:00-04:00,14.98,15.49,14.97,15.10,2404000
2020-07-28 20:00:00-04:00,15.04,15.13,14.55,15.05,2688700
2020-07-29 20:00:00-04:00,14.77,15.14,14.45,14.91,3385200
2020-07-30 20:00:00-04:00,14.83,14.90,14.31,14.57,3004400
2020-08-02 20:00:00-04:00,14.59,15.08,14.40,14.91,3047000
2020-08-03 20:00:00-04:00,14.90,15.07,14.70,14.80,2164500
2020-08-04 20:00:00-04:00,14.92,15.92,14.92,15.85,2677400
2020-08-05 20:00:00-04:00,15.10,17.11,15.10,17.03,3926700
2020-08-06 20:00:00-04:00,16.88,16.88,16.28,16.71,2394700
2020-08-09 20:00:00-04:00,16.72,17.69,16.72,17.65,2932900
2020-08-10 20:00:00-04:00,18.07,18.71,17.96,18.02,4807500
2020-08-11 20:00:00-04:00,18.33,18.39,17.57,17.83,3093000
2020-08-12 20:00:00-04:00,17.53,17.76,17.22,17.23,1713500
2020-08-13 20:00:00-04:00,17.22,17.58,17.03,17.30,1326400
2020-08-16 20:00:00-04:00,17.33,17.38,16.94,17.10,1849800
2020-08-17 20:00:00-04:00,16.83,17.04,16.65,16.68,2481100
2020-08-18 20:00:00-04:00,16.89,17.19,16.74,16.87,1422200
2020-08-19 20:00:00-04:00,16.61,16.92,16.45,16.69,1389800
2020-08-20 20:00:00-04:00,16.64,16.88,16.53,16.66,1260300
2020-08-23 20:00:00-04:00,16.68,17.25,16.67,17.19,2349400
2020-08-24 20:00:00-04:00,17.25,17.34,16.74,17.19,2234600
2020-08-25 20:00:00-04:00,17.22,17.29,16.93,16.94,2428400
2020-08-26 20:00:00-04:00,17.11,17.47,17.02,17.18,1973800
2020-08-27 20:00:00-04:00,17.31,17.78,17.25,17.75,1456800
2020-08-30 20:00:00-04:00,17.61,17.74,17.11,17.27,2653300
2020-08-31 20:00:00-04:00,17.12,17.56,17.00,17.29,1640200
2020-09-01 20:00:00-04:00,17.32,18.09,17.18,18.07,2105500
2020-09-02 20:00:00-04:00,18.05,18.44,17.32,17.47,2316600
2020-09-03 20:00:00-04:00,17.81,18.10,17.23,17.44,2447000
2020-09-07 20:00:00-04:00,17.33,17.42,16.86,17.05,2390900
2020-09-08 20:00:00-04:00,17.25,17.34,16.75,16.87,2978700
2020-09-09 20:00:00-04:00,17.85,17.85,16.68,16.73,5113600
2020-09-10 20:00:00-04:00,16.78,17.82,16.76,17.54,4054200
2020-09-13 20:00:00-04:00,17.71,18.16,17.46,18.12,3723900
2020-09-14 20:00:00-04:00,18.09,18.22,17.74,17.95,2473600
2020-09-15 20:00:00-04:00,17.89,18.74,17.63,18.51,3704800
2020-09-16 20:00:00-04:00,18.24,18.79,18.04,18.22,6219600
2020-09-17 20:00:00-04:00,18.03,18.47,17.32,17.44,7148300
2020-09-20 20:00:00-04:00,16.95,16.96,16.50,16.64,3738400
2020-09-21 20:00:00-04:00,16.54,16.99,16.39,16.83,2753500
2020-09-22 20:00:00-04:00,16.86,17.32,16.19,16.20,2669700
2020-09-23 20:00:00-04:00,16.15,16.54,15.92,16.23,2349700
2020-09-24 20:00:00-04:00,16.06,16.54,16.02,16.43,1935800
2020-09-27 20:00:00-04:00,16.68,17.31,16.68,16.94,1820800
2020-09-28 20:00:00-04:00,17.26,17.32,16.90,17.05,1806400
2020-09-29 20:00:00-04:00,17.04,17.14,16.36,16.48,2483800
2020-09-30 20:00:00-04:00,16.69,16.99,16.59,16.98,2578000
2020-10-01 20:00:00-04:00,16.40,17.71,16.27,17.62,1925300
2020-10-04 20:00:00-04:00,17.77,18.04,17.74,17.92,2331500
2020-10-05 20:00:00-04:00,18.10,18.16,17.24,17.28,2488100
2020-10-06 20:00:00-04:00,17.67,18.04,17.35,17.85,1953100
2020-10-07 20:00:00-04:00,17.98,18.52,17.92,18.46,1480800
2020-10-08 20:00:00-04:00,18.60,18.63,18.01,18.03,1822600
2020-10-11 20:00:00-04:00,17.94,18.11,17.55,17.93,1999100
2020-10-12 20:00:00-04:00,17.68,17.69,17.29,17.59,1887700
2020-10-13 20:00:00-04:00,17.68,18.08,17.62,18.00,1328500
2020-10-14 20:00:00-04:00,17.75,18.23,17.48,18.23,1692800
2020-10-15 20:00:00-04:00,18.48,18.56,18.23,18.32,2241500
2020-10-18 20:00:00-04:00,18.33,18.58,17.99,18.34,2065400
2020-10-19 20:00:00-04:00,18.49,18.49,17.95,17.96,2509700
2020-10-20 20:00:00-04:00,17.88,18.05,17.67,17.88,1314800
2020-10-21 20:00:00-04:00,17.98,18.61,17.93,18.58,2288000
2020-10-22 20:00:00-04:00,18.72,18.88,18.38,18.68,1610800
2020-10-25 20:00:00-04:00,18.29,18.35,17.74,18.02,1954500
2020-10-26 20:00:00-04:00,17.86,17.98,17.21,17.28,1920300
2020-10-27 20:00:00-04:00,16.76,16.97,16.35,16.44,2485700
2020-10-28 20:00:00-04:00,16.42,17.09,16.33,16.96,2072400
2020-10-29 20:00:00-04:00,16.89,17.05,16.60,17.00,2732700
2020-11-01 19:00:00-05:00,17.29,17.71,17.09,17.59,2237700
2020-11-02 19:00:00-05:00,18.00,18.48,17.81,18.36,2975500
2020-11-03 19:00:00-05:00,18.12,18.43,17.67,17.91,1879400
2020-11-04 19:00:00-05:00,18.11,18.83,17.79,18.57,4703200
2020-11-05 19:00:00-05:00,18.57,18.78,18.40,18.58,2833400
2020-11-08 19:00:00-05:00,19.79,24.11,19.71,22.10,9779400
2020-11-09 19:00:00-05:00,22.22,23.80,22.12,22.67,7638700
2020-11-10 19:00:00-05:00,23.54,23.54,21.75,21.96,4887500
2020-11-11 19:00:00-05:00,21.51,21.78,20.84,21.13,4710000
2020-11-12 19:00:00-05:00,21.52,22.22,21.51,22.04,3384100
2020-11-15 19:00:00-05:00,23.10,23.59,22.55,22.84,6375900
2020-11-16 19:00:00-05:00,22.40,23.31,22.38,23.16,4094900
2020-11-17 19:00:00-05:00,23.55,23.67,22.83,22.85,4464400
2020-11-18 19:00:00-05:00,22.61,23.28,22.35,23.23,4361100
2020-11-19 19:00:00-05:00,23.14,23.61,22.97,23.60,4930700
2020-11-22 19:00:00-05:00,23.94,24.34,23.70,23.97,4430900
2020-11-23 19:00:00-05:00,24.64,25.03,24.39,24.87,4040800
2020-11-24 19:00:00-05:00,24.39,24.99,24.10,24.19,4581000
2020-11-26 19:00:00-05:00,24.26,24.43,23.97,24.24,1795000
2020-11-29 19:00:00-05:00,24.01,24.20,23.09,23.12,6963100
2020-11-30 19:00:00-05:00,23.99,24.18,23.33,23.43,6321800
2020-12-01 19:00:00-05:00,23.27,24.00,23.18,23.91,3345900
2020-12-02 19:00:00-05:00,23.92,25.15,23.91,24.69,6150300
2020-12-03 19:00:00-05:00,24.98,25.28,24.82,25.00,5239300
2020-12-06 19:00:00-05:00,25.00,25.43,24.76,25.21,2834100
2020-12-07 19:00:00-05:00,24.86,25.14,24.55,25.08,2381500
2020-12-08 19:00:00-05:00,25.19,25.45,24.72,25.08,2473700
2020-12-09 19:00:00-05:00,24.78,26.06,24.78,25.75,3436900
2020-12-10 19:00:00-05:00,25.49,26.28,25.40,26.05,3822400
2020-12-13 19:00:00-05:00,26.93,27.01,26.14,26.42,3583300
2020-12-14 19:00:00-05:00,26.76,26.87,26.06,26.55,2411200
2020-12-15 19:00:00-05:00,26.55,26.66,25.66,26.44,3198000
2020-12-16 19:00:00-05:00,26.49,26.58,25.63,26.57,4039000
2020-12-17 19:00:00-05:00,26.46,26.97,26.39,26.87,7408000
2020-12-20 19:00:00-05:00,26.17,26.38,25.81,26.08,3672200
2020-12-21 19:00:00-05:00,26.13,26.23,25.80,26.08,1872000
2020-12-22 19:00:00-05:00,26.32,27.51,26.31,27.37,3266600
2020-12-23 19:00:00-05:00,27.36,27.42,26.72,26.98,878600
2020-12-27 19:00:00-05:00,27.07,27.66,27.07,27.33,1590800
2020-12-28 19:00:00-05:00,27.42,27.66,27.08,27.56,2718200
2020-12-29 19:00:00-05:00,27.47,28.34,27.47,27.95,2684200
2020-12-30 19:00:00-05:00,28.05,28.26,27.83,28.13,2288900
2021-01-03 19:00:00-05:00,28.08,28.09,26.44,26.48,3203100
2021-01-04 19:00:00-05:00,26.58,27.60,26.43,27.51,3658800
2021-01-05 19:00:00-05:00,27.68,28.22,27.26,27.62,3137000
2021-01-06 19:00:00-05:00,27.75,27.81,27.30,27.34,2321700
2021-01-07 19:00:00-05:00,27.44,27.57,26.92,27.51,2027100
2021-01-10 19:00:00-05:00,27.07,27.96,27.00,27.80,3090400
2021-01-11 19:00:00-05:00,27.80,28.68,27.59,28.45,2367900
2021-01-12 19:00:00-05:00,28.32,28.46,27.68,27.72,1666700
2021-01-13 19:00:00-05:00,28.12,28.58,27.75,28.18,6029900
2021-01-14 19:00:00-05:00,27.85,27.85,27.22,27.54,2117800
2021-01-18 19:00:00-05:00,27.84,27.84,27.13,27.35,2658900
2021-01-19 19:00:00-05:00,27.54,27.58,26.94,27.00,4955400
2021-01-20 19:00:00-05:00,26.82,26.95,26.24,26.53,7578800
2021-01-21 19:00:00-05:00,26.32,26.64,25.99,26.37,2339600
2021-01-24 19:00:00-05:00,26.10,26.22,24.97,25.46,7595900
2021-01-25 19:00:00-05:00,25.76,25.90,24.55,24.64,7258600
2021-01-26 19:00:00-05:00,24.04,24.10,22.58,23.26,8144000
2021-01-27 19:00:00-05:00,23.74,24.52,23.65,24.40,4724500
2021-01-28 19:00:00-05:00,24.28,25.04,23.75,24.22,5861000
2021-01-31 19:00:00-05:00,24.61,24.97,24.18,24.69,2450700
2021-02-01 19:00:00-05:00,25.16,26.18,24.86,25.73,4358000
2021-02-02 19:00:00-05:00,24.93,26.84,24.74,26.47,4079500
2021-02-03 19:00:00-05:00,26.66,27.54,26.42,26.94,5251100
2021-02-04 19:00:00-05:00,27.28,27.39,26.61,26.74,2430300
2021-02-07 19:00:00-05:00,26.95,27.37,26.86,27.34,1917300
2021-02-08 19:00:00-05:00,27.10,27.52,26.97,27.36,2922200
2021-02-09 19:00:00-05:00,27.50,28.04,27.25,27.92,2981100
2021-02-10 19:00:00-05:00,27.85,28.40,27.51,28.33,3034200
2021-02-11 19:00:00-05:00,28.01,28.29,27.69,27.87,1850400
2021-02-15 19:00:00-05:00,27.99,28.35,27.70,27.97,2773600
2021-02-16 19:00:00-05:00,28.33,28.33,27.94,28.22,1581600
2021-02-17 19:00:00-05:00,27.81,28.14,27.26,27.41,1994400
2021-02-18 19:00:00-05:00,27.65,28.39,27.57,28.26,1925700
2021-02-21 19:00:00-05:00,27.82,28.78,27.82,28.23,2592200
2021-02-22 19:00:00-05:00,28.29,28.75,27.80,28.66,1765300
2021-02-23 19:00:00-05:00,28.65,30.08,28.48,29.70,3631100
2021-02-24 19:00:00-05:00,29.57,29.72,27.75,27.94,2886600
2021-02-25 19:00:00-05:00,27.95,28.18,27.39,27.70,3186200
2021-02-28 19:00:00-05:00,28.49,28.97,28.40,28.53,2866300
2021-03-01 19:00:00-05:00,28.44,28.91,28.20,28.56,2272800
2021-03-02 19:00:00-05:00,28.76,30.12,28.58,29.86,4466100
2021-03-03 19:00:00-05:00,29.93,30.40,28.29,29.12,6978900
2021-03-04 19:00:00-05:00,29.58,30.08,28.11,29.93,3592200
2021-03-07 19:00:00-05:00,30.41,30.67,29.32,29.38,3668900
2021-03-08 19:00:00-05:00,29.63,30.05,28.81,29.33,5612300
2021-03-09 19:00:00-05:00,29.64,31.32,29.55,30.99,4037500
2021-03-10 19:00:00-05:00,31.04,32.00,31.04,31.17,5601800
2021-03-11 19:00:00-05:00,31.10,31.40,30.64,31.09,3352300
2021-03-14 20:00:00-04:00,31.26,31.48,30.60,31.36,2038400
2021-03-15 20:00:00-04:00,31.49,31.58,30.58,30.69,3649100
2021-03-16 20:00:00-04:00,30.69,31.73,30.59,31.69,3269100
2021-03-17 20:00:00-04:00,31.55,32.48,31.28,31.30,4661500
2021-03-18 20:00:00-04:00,31.35,31.70,30.21,31.36,3535900
2021-03-21 20:00:00-04:00,31.35,31.53,30.69,31.09,3971200
2021-03-22 20:00:00-04:00,30.58,31.10,29.77,29.93,3850200
2021-03-23 20:00:00-04:00,30.35,30.93,29.91,29.91,2697400
2021-03-24 20:00:00-04:00,29.53,31.01,29.16,30.90,2649000
2021-03-25 20:00:00-04:00,31.01,31.78,30.86,31.53,2890900
2021-03-28 20:00:00-04:00,31.55,31.88,30.91,31.06,2420200
2021-03-29 20:00:00-04:00,31.18,31.61,30.81,31.30,4104700
2021-03-30 20:00:00-04:00,31.69,32.08,31.26,31.66,3185700
2021-03-31 20:00:00-04:00,31.55,31.83,31.19,31.36,3011000
2021-04-04 20:00:00-04:00,31.82,32.03,31.51,31.61,3309300
2021-04-05 20:00:00-04:00,31.43,31.65,30.70,30.94,4111500
2021-04-06 20:00:00-04:00,31.08,31.57,30.95,31.34,2676400
2021-04-07 20:00:00-04:00,31.16,31.44,30.62,31.35,1818300
2021-04-08 20:00:00-04:00,31.45,31.83,31.04,31.76,1537400
2021-04-11 20:00:00-04:00,31.82,31.94,31.33,31.85,2355500
2021-04-12 20:00:00-04:00,31.72,31.90,31.31,31.67,1902400
2021-04-13 20:00:00-04:00,31.84,32.94,31.84,32.08,4282600
2021-04-14 20:00:00-04:00,32.18,32.18,31.46,31.88,2142200
2021-04-15 20:00:00-04:00,32.33,32.42,31.78,32.23,1784200
2021-04-18 20:00:00-04:00,32.07,32.31,31.73,32.10,1827000
2021-04-19 20:00:00-04:00,31.82,31.88,30.33,30.55,3703100
2021-04-20 20:00:00-04:00,30.41,31.50,30.11,31.47,1542800
2021-04-21 20:00:00-04:00,31.63,31.82,30.96,30.96,3119200
2021-04-22 20:00:00-04:00,31.10,31.70,30.98,31.50,2649400
2021-04-25 20:00:00-04:00,31.80,32.00,31.56,31.75,3867300
2021-04-26 20:00:00-04:00,31.92,31.98,31.35,31.57,1615300
2021-04-27 20:00:00-04:00,31.36,31.82,31.23,31.65,4477100
2021-04-28 20:00:00-04:00,31.96,32.12,31.29,31.67,1814100
2021-04-29 20:00:00-04:00,31.54,31.83,31.32,31.50,1853000
2021-05-02 20:00:00-04:00,31.63,31.96,31.46,31.57,2262100
2021-05-03 20:00:00-04:00,31.61,32.05,31.19,31.72,2487200
2021-05-04 20:00:00-04:00,31.94,32.29,31.74,31.88,3795500
2021-05-05 20:00:00-04:00,31.65,31.87,30.36,31.74,4166900
2021-05-06 20:00:00-04:00,31.83,33.20,31.38,33.08,4696900
2021-05-09 20:00:00-04:00,33.37,33.40,32.08,32.11,2593300
2021-05-10 20:00:00-04:00,31.63,32.62,31.41,31.93,3896100
2021-05-11 20:00:00-04:00,31.73,32.01,31.05,31.42,4508700
2021-05-12 20:00:00-04:00,31.68,32.41,31.62,31.88,3087200
2021-05-13 20:00:00-04:00,32.19,32.95,31.90,32.77,5161200
2021-05-16 20:00:00-04:00,32.51,33.28,32.25,33.22,4119000
2021-05-17 20:00:00-04:00,33.38,33.69,33.02,33.23,6696300
2021-05-18 20:00:00-04:00,32.85,33.12,32.33,33.10,4490400
2021-05-19 20:00:00-04:00,33.05,33.42,32.78,33.30,3144900
2021-05-20 20:00:00-04:00,33.70,34.05,33.19,33.27,4480700
2021-05-23 20:00:00-04:00,33.57,33.65,33.16,33.55,4785100
2021-05-24 20:00:00-04:00,33.56,33.97,33.26,33.28,3306600
2021-05-25 20:00:00-04:00,33.38,33.70,33.34,33.53,2900800
2021-05-26 20:00:00-04:00,34.68,35.03,34.17,34.97,7790700
2021-05-27 20:00:00-04:00,34.95,35.00,34.51,34.97,2585800
2021-05-31 20:00:00-04:00,35.46,35.49,34.98,35.09,3491300
2021-06-01 20:00:00-04:00,35.13,35.24,34.60,34.90,2761700
2021-06-02 20:00:00-04:00,34.62,34.75,34.15,34.33,3109900
2021-06-03 20:00:00-04:00,34.48,34.73,34.23,34.69,2516200
2021-06-06 20:00:00-04:00,34.74,34.92,34.47,34.79,2046400
2021-06-07 20:00:00-04:00,34.80,35.51,34.80,35.21,3703300
2021-06-08 20:00:00-04:00,34.98,35.17,34.51,34.52,2051000
2021-06-09 20:00:00-04:00,34.88,35.04,34.42,34.50,4648500
2021-06-10 20:00:00-04:00,34.76,35.03,34.45,34.86,2025800
2021-06-13 20:00:00-04:00,34.79,34.96,34.25,34.45,1652200
2021-06-14 20:00:00-04:00,34.36,34.65,34.23,34.50,2011000
2021-06-15 20:00:00-04:00,34.43,35.06,34.18,34.42,2758700
2021-06-16 20:00:00-04:00,34.33,34.39,33.02,33.53,3171500
2021-06-17 20:00:00-04:00,32.96,33.43,32.65,32.71,4716900
2021-06-20 20:00:00-04:00,33.03,33.64,32.99,33.58,3652700
2021-06-21 20:00:00-04:00,33.50,33.60,32.71,33.32,3652200
2021-06-22 20:00:00-04:00,33.32,33.60,33.13,33.32,1876500
2021-06-23 20:00:00-04:00,33.67,34.10,33.28,34.08,1976200
2021-06-24 20:00:00-04:00,34.24,34.55,34.04,34.33,5229700
2021-06-27 20:00:00-04:00,34.18,34.38,33.12,33.39,2249000
2021-06-28 20:00:00-04:00,33.59,33.85,33.12,33.18,3339200
2021-06-29 20:00:00-04:00,33.27,34.03,33.27,33.97,2644500
2021-06-30 20:00:00-04:00,34.08,34.29,33.87,34.12,2130600
2021-07-01 20:00:00-04:00,34.29,34.30,33.81,33.94,1691500
2021-07-05 20:00:00-04:00,33.74,33.85,32.62,33.02,3327100
2021-07-06 20:00:00-04:00,32.82,33.29,32.18,32.76,3078000
2021-07-07 20:00:00-04:00,32.12,32.94,31.74,32.46,2816900
2021-07-08 20:00:00-04:00,32.98,33.48,32.82,33.46,1802800
2021-07-11 20:00:00-04:00,33.10,33.57,32.86,33.38,2552300
2021-07-12 20:00:00-04:00,33.02,33.24,32.36,32.41,2295100
2021-07-13 20:00:00-04:00,32.63,33.14,32.20,32.32,1940100
2021-07-14 20:00:00-04:00,31.92,32.60,31.64,31.94,4087800
2021-07-15 20:00:00-04:00,32.26,32.41,31.11,31.20,6108400
2021-07-18 20:00:00-04:00,30.44,30.49,29.50,30.05,4668400
2021-07-19 20:00:00-04:00,30.07,31.65,29.91,31.43,3306600
2021-07-20 20:00:00-04:00,31.74,32.56,31.70,32.39,1903300
2021-07-21 20:00:00-04:00,32.29,32.30,31.72,31.86,3796200
2021-07-22 20:00:00-04:00,32.25,32.35,31.77,31.91,2189900
2021-07-25 20:00:00-04:00,31.89,32.36,31.80,32.04,2340800
2021-07-26 20:00:00-04:00,31.85,32.36,31.68,32.26,2399300
2021-07-27 20:00:00-04:00,32.97,33.08,32.03,32.33,3406100
2021-07-28 20:00:00-04:00,32.73,33.05,32.45,32.62,1839000
2021-07-29 20:00:00-04:00,32.32,32.62,32.03,32.34,1729500
2021-08-01 20:00:00-04:00,32.75,33.52,32.15,32.26,1853600
2021-08-02 20:00:00-04:00,32.36,32.59,31.25,32.52,2423700
2021-08-03 20:00:00-04:00,31.54,32.22,30.24,30.25,5556500
2021-08-04 20:00:00-04:00,30.45,31.51,30.42,31.21,5523100
2021-08-05 20:00:00-04:00,31.70,32.04,31.21,31.30,4706000
2021-08-08 20:00:00-04:00,31.03,31.38,30.59,31.12,2840200
2021-08-09 20:00:00-04:00,31.19,32.22,31.06,31.85,2001700
2021-08-10 20:00:00-04:00,31.82,32.57,31.37,32.55,2045900
2021-08-11 20:00:00-04:00,32.46,32.52,32.03,32.23,1303600
2021-08-12 20:00:00-04:00,32.27,32.33,31.67,31.68,994300
2021-08-15 20:00:00-04:00,31.33,31.74,30.94,31.54,1763400
2021-08-16 20:00:00-04:00,31.12,31.30,30.68,31.04,1715100
2021-08-17 20:00:00-04:00,31.38,32.46,30.95,31.78,3637100
2021-08-18 20:00:00-04:00,31.30,31.74,30.68,31.31,3758800
2021-08-19 20:00:00-04:00,31.20,31.55,31.03,31.37,1687300
2021-08-22 20:00:00-04:00,31.70,31.99,31.65,31.75,1808800
2021-08-23 20:00:00-04:00,31.98,32.51,31.97,32.07,1685700
2021-08-24 20:00:00-04:00,32.23,32.70,32.05,32.48,1805700
2021-08-25 20:00:00-04:00,32.47,32.47,31.74,31.76,1223000
2021-08-26 20:00:00-04:00,32.00,32.62,31.94,32.34,2083700
2021-08-29 20:00:00-04:00,32.36,32.44,31.33,31.34,1522000
2021-08-30 20:00:00-04:00,31.24,31.91,31.14,31.31,3454000
2021-08-31 20:00:00-04:00,31.53,31.68,30.97,31.46,2006300
2021-09-01 20:00:00-04:00,31.51,31.92,31.33,31.45,1338500
2021-09-02 20:00:00-04:00,31.30,31.44,30.70,30.94,1411600
2021-09-06 20:00:00-04:00,30.75,31.08,30.47,30.83,1633800
2021-09-07 20:00:00-04:00,30.65,30.89,30.44,30.66,1288500
2021-09-08 20:00:00-04:00,30.67,31.46,30.56,31.23,1535600
2021-09-09 20:00:00-04:00,31.47,31.56,30.77,30.79,1509600
2021-09-12 20:00:00-04:00,31.12,31.95,31.00,31.80,2404600
2021-09-13 20:00:00-04:00,32.00,32.00,31.06,31.15,1693300
2021-09-14 20:00:00-04:00,31.05,31.61,30.93,31.57,1396700
2021-09-15 20:00:00-04:00,31.59,31.75,30.95,31.00,1318100
2021-09-16 20:00:00-04:00,30.82,31.12,30.32,30.56,4280300
2021-09-19 20:00:00-04:00,29.79,30.54,29.62,30.51,2585500
2021-09-20 20:00:00-04:00,30.78,30.92,29.99,30.18,2635400
2021-09-21 20:00:00-04:00,30.62,31.05,30.14,30.68,3354800
2021-09-22 20:00:00-04:00,30.92,31.64,30.89,31.27,3017300
2021-09-23 20:00:00-04:00,31.13,31.51,30.97,31.09,3183300
2021-09-26 20:00:00-04:00,31.37,32.73,31.32,32.54,4630800
2021-09-27 20:00:00-04:00,32.75,33.15,31.79,31.96,3728200
2021-09-28 20:00:00-04:00,32.14,32.30,31.43,31.47,2547500
2021-09-29 20:00:00-04:00,31.56,31.62,30.75,30.77,2626100
2021-09-30 20:00:00-04:00,30.99,32.21,30.90,31.98,5084500
2021-10-03 20:00:00-04:00,31.93,32.15,31.38,31.44,4333100
2021-10-04 20:00:00-04:00,31.52,31.92,31.11,31.67,1990100
2021-10-05 20:00:00-04:00,31.31,31.63,30.39,31.52,2058900
2021-10-06 20:00:00-04:00,31.74,32.27,31.65,31.69,1578800
2021-10-07 20:00:00-04:00,31.77,31.89,31.16,31.20,1120800
2021-10-10 20:00:00-04:00,31.11,31.68,30.90,30.98,2315500
2021-10-11 20:00:00-04:00,30.97,31.40,30.93,30.97,1115000
2021-10-12 20:00:00-04:00,30.96,31.17,30.30,30.92,1602800
2021-10-13 20:00:00-04:00,31.25,31.25,30.43,30.46,3263200
2021-10-14 20:00:00-04:00,31.16,31.42,30.84,30.90,2913000
2021-10-17 20:00:00-04:00,30.62,30.99,30.42,30.47,2339100
2021-10-18 20:00:00-04:00,30.57,30.78,30.14,30.45,1576100
2021-10-19 20:00:00-04:00,30.21,30.88,30.03,30.51,2045800
2021-10-20 20:00:00-04:00,30.37,30.50,29.96,30.29,1081700
2021-10-21 20:00:00-04:00,30.33,30.57,29.86,30.04,2546500
2021-10-24 20:00:00-04:00,30.02,30.10,29.41,29.95,2901900
2021-10-25 20:00:00-04:00,29.82,30.27,29.54,29.54,4585500
2021-10-26 20:00:00-04:00,29.64,30.20,28.95,28.97,3616600
2021-10-27 20:00:00-04:00,28.93,29.49,28.88,29.29,4465200
2021-10-28 20:00:00-04:00,29.27,29.59,29.01,29.28,2975400
2021-10-31 20:00:00-04:00,29.27,30.16,29.22,30.08,2479000
2021-11-01 20:00:00-04:00,30.06,30.52,29.81,30.25,3214200
2021-11-02 20:00:00-04:00,29.96,30.41,29.71,30.01,3418600
2021-11-03 20:00:00-04:00,29.76,31.24,29.30,30.59,4901300
2021-11-04 20:00:00-04:00,31.48,33.19,31.33,32.96,4394900
2021-11-07 19:00:00-05:00,33.11,33.39,32.09,32.33,3035800
2021-11-08 19:00:00-05:00,32.53,32.91,32.28,32.65,2611400
2021-11-09 19:00:00-05:00,32.53,32.99,31.84,31.86,1718600
2021-11-10 19:00:00-05:00,31.86,32.08,31.57,31.58,1517300
2021-11-11 19:00:00-05:00,31.64,31.81,31.42,31.55,1585000
2021-11-14 19:00:00-05:00,31.98,32.72,31.75,32.61,4154000
2021-11-15 19:00:00-05:00,32.57,32.59,31.10,31.29,3593600
2021-11-16 19:00:00-05:00,31.53,31.66,30.94,31.06,1602700
2021-11-17 19:00:00-05:00,31.18,31.19,30.48,30.91,1490400
2021-11-18 19:00:00-05:00,30.61,30.68,29.52,29.78,3956400
2021-11-21 19:00:00-05:00,29.98,30.16,29.62,29.88,2228000
2021-11-22 19:00:00-05:00,30.18,30.49,30.04,30.37,1577700
2021-11-23 19:00:00-05:00,30.11,30.57,29.94,30.32,2231600
2021-11-25 19:00:00-05:00,28.62,28.66,27.58,28.37,2382900
2021-11-28 19:00:00-05:00,28.80,28.93,27.98,28.12,3218200
2021-11-29 19:00:00-05:00,27.72,28.06,27.41,27.76,4977900
2021-11-30 19:00:00-05:00,28.48,28.61,27.05,27.05,3771000
2021-12-01 19:00:00-05:00,27.44,28.60,27.32,28.42,3673400
2021-12-02 19:00:00-05:00,28.62,28.98,28.36,28.68,4616900
2021-12-05 19:00:00-05:00,28.93,30.51,28.85,30.03,4473500
2021-12-06 19:00:00-05:00,30.50,31.05,30.28,30.42,3942500
2021-12-07 19:00:00-05:00,30.58,31.23,30.41,30.67,2024600
2021-12-08 19:00:00-05:00,30.12,30.78,30.05,30.44,2294000
2021-12-09 19:00:00-05:00,30.71,30.77,30.30,30.45,1807500
2021-12-12 19:00:00-05:00,30.30,30.45,28.98,29.68,2953500
2021-12-13 19:00:00-05:00,29.56,30.27,29.22,29.29,2089300
2021-12-14 19:00:00-05:00,29.46,29.63,28.95,29.59,2049500
2021-12-15 19:00:00-05:00,29.87,30.25,28.99,29.09,2002600
2021-12-16 19:00:00-05:00,29.11,29.68,28.60,29.56,4169000
2021-12-19 19:00:00-05:00,28.77,28.94,28.13,28.87,1752100
2021-12-20 19:00:00-05:00,29.02,30.65,28.90,30.19,2950100
2021-12-21 19:00:00-05:00,30.19,30.34,29.65,29.90,3817200
2021-12-22 19:00:00-05:00,29.99,30.82,29.92,30.72,2557600
2021-12-26 19:00:00-05:00,30.59,31.00,30.36,30.94,1125900
2021-12-27 19:00:00-05:00,30.75,31.29,30.75,31.22,1293000
2021-12-28 19:00:00-05:00,31.01,31.31,30.83,31.21,1226000
2021-12-29 19:00:00-05:00,31.13,31.60,31.11,31.22,1127400
2021-12-30 19:00:00-05:00,31.23,31.54,31.01,31.41,1270400
2022-01-02 19:00:00-05:00,31.58,32.34,31.57,31.90,2015600
2022-01-03 19:00:00-05:00,32.26,33.25,32.02,33.09,2892100
2022-01-04 19:00:00-05:00,33.36,33.85,32.84,32.88,3357200
2022-01-05 19:00:00-05:00,33.33,33.64,32.92,33.21,2997900
2022-01-06 19:00:00-05:00,33.33,34.16,32.90,33.56,3595000
2022-01-09 19:00:00-05:00,33.66,33.94,33.00,33.53,5001400
2022-01-10 19:00:00-05:00,33.51,33.91,32.90,33.47,2696500
2022-01-11 19:00:00-05:00,33.73,34.03,33.36,33.46,1861800
2022-01-12 19:00:00-05:00,33.61,34.46,33.58,33.93,2598800
2022-01-13 19:00:00-05:00,33.56,34.63,33.36,34.61,2453500
2022-01-17 19:00:00-05:00,34.34,34.59,33.58,33.87,2414700
2022-01-18 19:00:00-05:00,33.89,33.90,33.23,33.38,2097300
2022-01-19 19:00:00-05:00,33.42,33.93,33.10,33.14,2650300
2022-01-20 19:00:00-05:00,33.04,33.04,31.91,32.20,2816300
2022-01-23 19:00:00-05:00,31.47,32.58,30.72,32.39,2627700
2022-01-24 19:00:00-05:00,31.75,32.25,30.72,31.80,3943600
2022-01-25 19:00:00-05:00,32.17,32.56,30.80,31.20,3066900
2022-01-26 19:00:00-05:00,31.62,32.07,30.00,30.24,3769500
2022-01-27 19:00:00-05:00,30.07,30.47,28.96,30.35,4743600
2022-01-30 19:00:00-05:00,30.00,30.76,29.79,30.68,4605900
2022-01-31 19:00:00-05:00,30.71,31.23,30.44,31.20,6089400
2022-02-01 19:00:00-05:00,31.66,32.44,31.49,32.18,5159700
2022-02-02 19:00:00-05:00,32.67,32.75,32.01,32.11,3291400
2022-02-03 19:00:00-05:00,31.91,32.10,31.24,31.77,4698400
2022-02-06 19:00:00-05:00,31.88,32.92,31.75,32.42,4858000
2022-02-07 19:00:00-05:00,32.73,33.15,32.34,33.09,3374300
2022-02-08 19:00:00-05:00,33.56,34.26,33.46,34.04,3098300
2022-02-09 19:00:00-05:00,33.73,35.09,33.60,34.12,2426600
2022-02-10 19:00:00-05:00,34.00,34.70,33.50,33.91,2930500
2022-02-13 19:00:00-05:00,33.92,34.25,33.51,33.64,2353900
2022-02-14 19:00:00-05:00,33.82,35.10,33.82,34.55,3309800
2022-02-15 19:00:00-05:00,34.44,35.48,34.36,35.28,2682000
2022-02-16 19:00:00-05:00,34.73,34.92,34.33,34.54,1920900
2022-02-17 19:00:00-05:00,34.49,34.90,34.00,34.12,3063600
2022-02-21 19:00:00-05:00,34.20,34.67,33.69,33.98,3305300
2022-02-22 19:00:00-05:00,34.21,34.37,33.36,33.38,2743700
2022-02-23 19:00:00-05:00,32.60,33.99,32.27,33.95,4188800
2022-02-24 19:00:00-05:00,34.07,35.48,34.07,35.30,3493000
2022-02-27 19:00:00-05:00,34.86,36.22,34.85,35.47,6708600
2022-02-28 19:00:00-05:00,35.37,35.56,32.47,32.69,6908400
2022-03-01 19:00:00-05:00,33.14,35.06,33.12,34.69,4966000
2022-03-02 19:00:00-05:00,34.91,35.02,33.80,34.41,3488300
2022-03-03 19:00:00-05:00,33.98,34.33,32.89,33.42,3408600
2022-03-06 19:00:00-05:00,33.58,33.85,31.94,32.01,4347500
2022-03-07 19:00:00-05:00,32.41,33.79,31.99,32.52,3188600
2022-03-08 19:00:00-05:00,33.24,34.01,33.15,33.55,2609700
2022-03-09 19:00:00-05:00,32.98,34.17,32.89,33.85,1873700
2022-03-10 19:00:00-05:00,34.11,34.72,33.24,33.31,2563800
2022-03-13 20:00:00-04:00,33.38,33.56,32.67,33.00,2330800
2022-03-14 20:00:00-04:00,33.25,33.87,33.06,33.67,2826400
2022-03-15 20:00:00-04:00,34.12,34.63,33.67,34.49,3011800
2022-03-16 20:00:00-04:00,33.98,34.76,33.98,34.50,2161200
2022-03-17 20:00:00-04:00,35.03,35.36,34.12,35.28,6526100
2022-03-20 20:00:00-04:00,35.14,35.45,34.53,35.43,2398600
2022-03-21 20:00:00-04:00,35.55,37.19,35.54,36.85,4712100
2022-03-22 20:00:00-04:00,36.62,36.86,35.87,36.27,2184500
2022-03-23 20:00:00-04:00,36.45,36.62,35.92,36.55,2370900
2022-03-24 20:00:00-04:00,36.62,36.97,36.33,36.53,1231900
2022-03-27 20:00:00-04:00,36.33,36.37,35.54,36.03,1686700
2022-03-28 20:00:00-04:00,36.29,36.54,35.92,36.42,2106300
2022-03-29 20:00:00-04:00,36.35,36.44,35.60,35.98,2309200
2022-03-30 20:00:00-04:00,35.75,36.46,35.46,35.49,2318000
2022-03-31 20:00:00-04:00,35.66,35.94,35.33,35.86,1676500
2022-04-03 20:00:00-04:00,35.99,36.03,35.27,35.37,1757700
2022-04-04 20:00:00-04:00,35.23,35.51,33.86,34.02,3241000
2022-04-05 20:00:00-04:00,33.79,34.13,33.42,33.73,2353300
2022-04-06 20:00:00-04:00,33.54,34.08,33.05,33.99,2184200
2022-04-07 20:00:00-04:00,34.11,34.62,33.79,34.09,1908600
2022-04-10 20:00:00-04:00,34.07,34.59,33.71,33.80,1617700
2022-04-11 20:00:00-04:00,33.93,34.50,33.80,34.24,1832100
2022-04-12 20:00:00-04:00,34.42,35.01,34.36,34.84,1812000
2022-04-13 20:00:00-04:00,34.96,35.47,34.89,35.03,2242300
2022-04-17 20:00:00-04:00,34.97,35.43,34.73,34.99,1728400
2022-04-18 20:00:00-04:00,35.10,36.33,35.04,36.18,2149100
2022-04-19 20:00:00-04:00,36.31,36.73,36.12,36.38,1713800
2022-04-20 20:00:00-04:00,36.73,37.06,35.08,35.22,2232600
2022-04-21 20:00:00-04:00,35.05,35.32,34.43,34.52,1802800
2022-04-24 20:00:00-04:00,34.25,34.41,33.33,34.38,3184800
2022-04-25 20:00:00-04:00,34.19,34.52,33.82,33.83,3203700
2022-04-26 20:00:00-04:00,33.79,34.13,32.95,33.97,3115700
2022-04-27 20:00:00-04:00,34.33,34.72,33.50,34.51,1892500
2022-04-28 20:00:00-04:00,34.49,34.77,33.54,33.69,2090200
2022-05-01 20:00:00-04:00,33.69,33.91,32.50,33.41,3492500
2022-05-02 20:00:00-04:00,33.92,35.25,33.07,34.55,3962800
2022-05-03 20:00:00-04:00,34.49,36.14,34.12,36.10,3614500
2022-05-04 20:00:00-04:00,35.82,36.06,34.45,34.99,2463700
2022-05-05 20:00:00-04:00,34.84,34.88,33.81,34.61,3061100
2022-05-08 20:00:00-04:00,34.10,34.27,32.65,32.87,3675500
2022-05-09 20:00:00-04:00,33.26,34.09,32.77,33.57,4580500
2022-05-10 20:00:00-04:00,33.62,34.27,32.88,33.14,2327000
2022-05-11 20:00:00-04:00,32.95,33.12,31.55,32.45,3072100
2022-05-12 20:00:00-04:00,32.93,33.66,32.88,33.38,2323700
2022-05-15 20:00:00-04:00,33.28,34.16,33.23,33.65,2083100
2022-05-16 20:00:00-04:00,34.32,34.90,34.10,34.82,1828700
2022-05-17 20:00:00-04:00,34.39,34.82,33.02,33.18,2277500
2022-05-18 20:00:00-04:00,32.80,33.77,32.60,33.05,3319400
2022-05-19 20:00:00-04:00,33.34,33.37,31.84,32.76,2852300
2022-05-22 20:00:00-04:00,33.23,34.06,32.68,33.89,2246000
2022-05-23 20:00:00-04:00,33.65,33.75,32.36,33.30,1509100
2022-05-24 20:00:00-04:00,33.06,33.81,32.92,33.54,1636500
2022-05-25 20:00:00-04:00,34.01,34.51,33.89,34.19,2090700
2022-05-26 20:00:00-04:00,34.51,35.60,34.47,35.60,1874500
2022-05-30 20:00:00-04:00,35.28,35.60,34.80,35.34,5121800
2022-05-31 20:00:00-04:00,35.64,35.66,34.32,35.25,2435000
2022-06-01 20:00:00-04:00,35.39,36.56,34.99,36.54,3513700
2022-06-02 20:00:00-04:00,36.18,36.61,35.67,36.19,1900700
2022-06-05 20:00:00-04:00,36.55,36.65,36.07,36.21,1818100
2022-06-06 20:00:00-04:00,35.88,37.00,35.66,36.98,1656900
2022-06-07 20:00:00-04:00,36.48,36.90,35.95,36.03,1963100
2022-06-08 20:00:00-04:00,35.62,35.69,34.72,34.75,1922000
2022-06-09 20:00:00-04:00,33.83,34.29,33.32,33.57,3181400
2022-06-12 20:00:00-04:00,32.66,32.66,31.57,31.80,2575000
2022-06-13 20:00:00-04:00,32.00,32.48,31.21,31.81,3513400
2022-06-14 20:00:00-04:00,32.28,32.97,31.90,32.32,3476600
2022-06-15 20:00:00-04:00,31.37,31.54,30.33,30.43,2989300
2022-06-16 20:00:00-04:00,30.58,31.38,30.18,31.14,4905400
2022-06-20 20:00:00-04:00,31.89,31.95,31.21,31.28,2409500
2022-06-21 20:00:00-04:00,30.51,31.41,30.40,31.05,1754200
2022-06-22 20:00:00-04:00,31.08,31.19,29.48,30.33,2668400
2022-06-23 20:00:00-04:00,30.65,31.84,30.47,31.79,2736500
2022-06-26 20:00:00-04:00,31.99,32.11,31.29,31.42,1890700
2022-06-27 20:00:00-04:00,31.71,32.38,31.39,31.50,1728800
2022-06-28 20:00:00-04:00,31.59,31.75,30.55,30.94,1431800
2022-06-29 20:00:00-04:00,30.36,31.36,30.09,31.07,2869300
2022-06-30 20:00:00-04:00,31.01,31.71,30.60,31.42,3909100
2022-07-04 20:00:00-04:00,30.66,30.79,29.69,30.72,3444700
2022-07-05 20:00:00-04:00,30.80,31.77,30.57,31.55,2540100
2022-07-06 20:00:00-04:00,32.02,32.50,31.85,32.16,1812200
2022-07-07 20:00:00-04:00,32.47,32.76,32.11,32.35,2562800
2022-07-10 20:00:00-04:00,32.03,32.54,31.98,32.54,2641000
2022-07-11 20:00:00-04:00,32.27,33.41,32.20,33.01,3367100
2022-07-12 20:00:00-04:00,32.41,32.97,32.26,32.78,2849500
2022-07-13 20:00:00-04:00,32.07,32.70,31.90,32.65,2398800
2022-07-14 20:00:00-04:00,33.29,33.37,32.70,32.92,2074500
2022-07-17 20:00:00-04:00,33.41,34.02,32.41,32.60,2877400
2022-07-18 20:00:00-04:00,32.85,34.13,32.85,34.06,2814200
2022-07-19 20:00:00-04:00,34.04,34.64,33.83,34.43,2191600
2022-07-20 20:00:00-04:00,34.06,34.42,33.91,34.33,2456900
2022-07-21 20:00:00-04:00,34.38,34.62,33.67,33.95,1845100
2022-07-24 20:00:00-04:00,34.09,34.57,33.94,34.41,2450000
2022-07-25 20:00:00-04:00,34.38,34.69,34.09,34.41,3012400
2022-07-26 20:00:00-04:00,35.01,35.50,34.31,34.75,3038300
2022-07-27 20:00:00-04:00,34.91,35.64,34.64,35.61,2431500
2022-07-28 20:00:00-04:00,35.74,36.70,35.44,36.68,4008000
2022-07-31 20:00:00-04:00,36.51,37.19,36.41,36.90,5957900
2022-08-01 20:00:00-04:00,36.77,37.24,36.48,36.75,3503600
2022-08-02 20:00:00-04:00,37.03,37.03,36.44,36.78,5317700
2022-08-03 20:00:00-04:00,36.34,37.63,36.23,36.68,3053800
2022-08-04 20:00:00-04:00,36.28,36.74,35.86,36.63,1792500
2022-08-07 20:00:00-04:00,36.95,37.36,36.76,37.13,5912800
2022-08-08 20:00:00-04:00,37.14,37.30,36.74,37.01,3157000
2022-08-09 20:00:00-04:00,37.56,37.91,37.39,37.47,4122900
2022-08-10 20:00:00-04:00,37.80,38.17,37.61,37.79,3013900
2022-08-11 20:00:00-04:00,38.01,38.21,37.74,38.11,4392500
2022-08-14 20:00:00-04:00,37.82,38.54,37.74,38.27,3293400
2022-08-15 20:00:00-04:00,38.30,38.51,38.17,38.28,2658600
2022-08-16 20:00:00-04:00,37.73,38.06,37.50,38.01,3410200
2022-08-17 20:00:00-04:00,37.98,38.38,37.85,38.00,2449400
2022-08-18 20:00:00-04:00,37.79,37.88,36.98,37.17,1992900
2022-08-21 20:00:00-04:00,36.43,36.71,36.03,36.06,1870100
2022-08-22 20:00:00-04:00,36.23,36.71,36.09,36.26,2563200
2022-08-23 20:00:00-04:00,36.35,36.78,36.28,36.60,1636100
2022-08-24 20:00:00-04:00,36.83,37.38,36.68,37.34,1736200
2022-08-25 20:00:00-04:00,37.55,37.55,36.24,36.24,1398600
2022-08-28 20:00:00-04:00,36.01,36.55,35.76,36.18,1751700
2022-08-29 20:00:00-04:00,36.24,36.39,35.00,35.46,2335700
2022-08-30 20:00:00-04:00,35.52,35.68,34.99,35.02,2433100
2022-08-31 20:00:00-04:00,34.68,34.84,34.06,34.65,2884100
2022-09-01 20:00:00-04:00,35.13,35.48,34.51,34.62,1866200
2022-09-05 20:00:00-04:00,34.77,34.98,34.15,34.33,2037000
2022-09-06 20:00:00-04:00,34.22,35.06,34.06,34.95,3059200
2022-09-07 20:00:00-04:00,34.76,35.50,34.43,35.44,2117400
2022-09-08 20:00:00-04:00,35.73,36.07,35.46,35.99,2290600
2022-09-11 20:00:00-04:00,36.21,36.64,35.92,36.59,3904500
2022-09-12 20:00:00-04:00,35.75,35.95,34.62,34.79,2271500
2022-09-13 20:00:00-04:00,34.89,35.31,33.85,34.91,3310500
2022-09-14 20:00:00-04:00,34.50,34.87,33.77,33.89,2992500
2022-09-15 20:00:00-04:00,33.32,33.44,32.61,33.22,5014500
2022-09-18 20:00:00-04:00,33.02,34.12,33.01,33.83,2523100
2022-09-19 20:00:00-04:00,33.62,34.09,33.34,33.88,2752600
2022-09-20 20:00:00-04:00,34.38,34.46,33.04,33.04,2789300
2022-09-21 20:00:00-04:00,33.18,33.20,32.16,32.41,2482900
2022-09-22 20:00:00-04:00,31.88,31.99,31.05,31.46,2890200
2022-09-25 20:00:00-04:00,31.30,31.52,30.58,30.68,2466200
2022-09-26 20:00:00-04:00,31.14,31.32,30.34,30.74,2407400
2022-09-27 20:00:00-04:00,30.97,31.68,30.69,31.48,2062300
2022-09-28 20:00:00-04:00,31.11,31.16,30.25,30.58,2609900
2022-09-29 20:00:00-04:00,30.43,31.30,30.30,30.57,4017300
2022-10-02 20:00:00-04:00,31.08,31.91,30.82,31.72,2266700
2022-10-03 20:00:00-04:00,32.32,33.18,32.32,33.12,2083400
2022-10-04 20:00:00-04:00,32.60,33.34,32.44,32.95,2426100
2022-10-05 20:00:00-04:00,32.68,33.27,32.50,32.82,1778700
2022-10-06 20:00:00-04:00,32.55,32.63,31.89,32.16,2232100
2022-10-09 20:00:00-04:00,32.58,33.14,32.25,32.56,2883100
2022-10-10 20:00:00-04:00,32.49,33.10,32.14,32.62,2395400
2022-10-11 20:00:00-04:00,32.34,32.47,31.34,31.74,3847600
2022-10-12 20:00:00-04:00,31.22,32.70,30.94,32.51,2607100
2022-10-13 20:00:00-04:00,32.82,32.95,31.76,31.92,1819000
2022-10-16 20:00:00-04:00,32.62,33.01,32.27,32.55,3282600
2022-10-17 20:00:00-04:00,33.34,33.52,32.93,33.22,2343700
2022-10-18 20:00:00-04:00,33.07,33.94,32.98,33.85,4675400
2022-10-19 20:00:00-04:00,33.90,34.56,33.60,33.63,5165300
2022-10-20 20:00:00-04:00,33.61,35.01,33.60,34.96,3365900
2022-10-23 20:00:00-04:00,35.24,35.48,34.60,34.99,4108900
2022-10-24 20:00:00-04:00,34.84,35.26,34.48,35.16,3021600
2022-10-25 20:00:00-04:00,35.46,35.63,34.22,34.31,4502900
2022-10-26 20:00:00-04:00,34.68,35.30,34.62,34.69,2976200
2022-10-27 20:00:00-04:00,34.83,35.76,34.62,35.75,7638700
2022-10-30 20:00:00-04:00,34.30,35.19,33.79,35.14,6714200
2022-10-31 20:00:00-04:00,35.53,36.11,35.19,36.07,4343400
2022-11-01 20:00:00-04:00,35.99,36.39,34.89,34.93,4384100
2022-11-02 20:00:00-04:00,34.59,35.54,34.34,34.86,2788100
2022-11-03 20:00:00-04:00,35.23,36.17,35.04,35.66,5309400
2022-11-06 19:00:00-05:00,35.92,36.26,35.78,36.23,2440900
2022-11-07 19:00:00-05:00,36.45,36.92,36.07,36.46,2574300
2022-11-08 19:00:00-05:00,36.19,36.93,35.92,35.96,3608700
2022-11-09 19:00:00-05:00,36.82,37.99,36.74,37.90,4263800
2022-11-10 19:00:00-05:00,38.03,38.83,36.99,37.04,3631900
2022-11-13 19:00:00-05:00,36.80,37.22,36.26,36.27,3018700
2022-11-14 19:00:00-05:00,36.73,36.87,36.10,36.17,4320200
2022-11-15 19:00:00-05:00,36.01,36.65,35.84,36.46,4513400
2022-11-16 19:00:00-05:00,35.82,36.13,34.44,36.09,2295700
2022-11-17 19:00:00-05:00,36.66,36.85,36.36,36.71,2542900
2022-11-20 19:00:00-05:00,36.61,36.91,36.28,36.88,1865600
2022-11-21 19:00:00-05:00,37.24,37.91,37.12,37.83,2621300
2022-11-22 19:00:00-05:00,37.93,38.05,37.38,37.62,1479400
2022-11-24 19:00:00-05:00,37.67,37.85,37.49,37.64,713900
2022-11-27 19:00:00-05:00,37.22,37.30,36.44,36.64,1957300
2022-11-28 19:00:00-05:00,36.76,36.96,36.58,36.83,1344100
2022-11-29 19:00:00-05:00,36.84,37.35,36.45,37.28,4229100
2022-11-30 19:00:00-05:00,37.48,38.09,37.12,38.01,2629700
2022-12-01 19:00:00-05:00,37.47,38.74,37.43,38.67,3722100
2022-12-04 19:00:00-05:00,38.43,38.84,37.92,38.14,2296900
2022-12-05 19:00:00-05:00,38.38,38.64,37.23,37.48,2116900
2022-12-06 19:00:00-05:00,37.38,37.94,37.35,37.48,1266300
2022-12-07 19:00:00-05:00,37.87,37.99,37.14,37.25,1344800
2022-12-08 19:00:00-05:00,37.25,37.76,37.09,37.60,3043300
2022-12-11 19:00:00-05:00,37.93,38.48,37.53,38.48,2956400
2022-12-12 19:00:00-05:00,39.20,39.37,38.50,38.80,3236300
2022-12-13 19:00:00-05:00,38.85,39.03,38.36,38.59,3362900
2022-12-14 19:00:00-05:00,37.98,38.11,37.43,37.54,2437600
2022-12-15 19:00:00-05:00,37.28,37.89,36.86,37.73,4267600
2022-12-18 19:00:00-05:00,37.73,37.97,36.87,37.19,1875600
2022-12-19 19:00:00-05:00,37.22,38.15,37.22,37.88,2648100
2022-12-20 19:00:00-05:00,38.37,38.90,38.20,38.64,3264100
2022-12-21 19:00:00-05:00,38.27,38.42,37.56,38.14,2499400
2022-12-22 19:00:00-05:00,38.02,38.71,38.02,38.65,2059600
2022-12-26 19:00:00-05:00,38.84,39.28,38.71,38.99,2134100
2022-12-27 19:00:00-05:00,38.94,39.19,38.32,38.32,2265900
2022-12-28 19:00:00-05:00,38.51,39.08,38.45,38.98,2210300
2022-12-29 19:00:00-05:00,38.76,39.07,38.58,39.00,1572300
2023-01-02 19:00:00-05:00,38.99,39.20,38.44,38.65,2088500
2023-01-03 19:00:00-05:00,38.70,39.32,38.67,39.14,2553300
2023-01-04 19:00:00-05:00,38.96,39.14,38.67,38.91,1523900
2023-01-05 19:00:00-05:00,39.34,40.19,39.29,40.04,2511500
2023-01-08 19:00:00-05:00,40.31,40.56,39.58,39.66,1943600
2023-01-09 19:00:00-05:00,39.45,40.15,39.24,40.13,1615300
2023-01-10 19:00:00-05:00,40.30,40.54,39.88,39.97,2372900
2023-01-11 19:00:00-05:00,40.08,40.59,39.97,40.25,2736300
2023-01-12 19:00:00-05:00,39.77,40.42,39.51,40.33,1518800
2023-01-16 19:00:00-05:00,40.27,40.55,39.96,40.19,1900300
2023-01-17 19:00:00-05:00,40.48,40.48,39.08,39.12,2708300
2023-01-18 19:00:00-05:00,38.81,38.91,38.00,38.03,2456300
2023-01-19 19:00:00-05:00,38.23,38.36,37.91,38.30,1698000
2023-01-22 19:00:00-05:00,38.41,39.09,38.30,39.02,2483500
2023-01-23 19:00:00-05:00,38.98,39.35,38.44,39.00,2589500
2023-01-24 19:00:00-05:00,38.56,39.26,38.33,39.20,1781300
2023-01-25 19:00:00-05:00,39.50,40.41,39.08,40.40,2243800
2023-01-26 19:00:00-05:00,40.30,40.67,39.87,39.98,1720700
2023-01-29 19:00:00-05:00,39.66,40.14,39.61,39.77,1487000
2023-01-30 19:00:00-05:00,39.80,40.28,39.44,40.27,1823400
2023-01-31 19:00:00-05:00,40.05,40.35,39.52,40.17,2352300
2023-02-01 19:00:00-05:00,40.20,40.30,39.45,39.81,2309300
2023-02-02 19:00:00-05:00,39.68,40.08,39.26,39.45,2086600
2023-02-05 19:00:00-05:00,39.30,39.55,39.08,39.54,1744600
2023-02-06 19:00:00-05:00,39.49,40.55,39.39,40.43,2267000
2023-02-07 19:00:00-05:00,40.15,40.52,40.15,40.41,1979300
2023-02-08 19:00:00-05:00,40.68,41.03,40.07,40.07,2302100
2023-02-09 19:00:00-05:00,40.03,40.20,39.61,40.14,2981900
2023-02-12 19:00:00-05:00,40.24,40.94,40.24,40.69,4347900
2023-02-13 19:00:00-05:00,39.92,42.79,38.91,42.61,5376000
2023-02-14 19:00:00-05:00,42.10,43.02,41.92,43.00,3132000
2023-02-15 19:00:00-05:00,42.56,43.42,42.44,42.54,2836500
2023-02-16 19:00:00-05:00,42.52,42.75,42.25,42.61,2012500
2023-02-20 19:00:00-05:00,42.61,42.70,41.59,41.69,2345100
2023-02-21 19:00:00-05:00,41.51,42.29,41.45,41.59,2293500
2023-02-22 19:00:00-05:00,41.84,42.27,41.36,41.63,4853500
2023-02-23 19:00:00-05:00,41.19,41.66,40.87,41.56,2847700
2023-02-26 19:00:00-05:00,41.91,42.09,41.62,41.92,1995200
2023-02-27 19:00:00-05:00,41.85,43.95,41.50,41.78,4889400
2023-02-28 19:00:00-05:00,41.79,42.49,41.54,42.40,3331800
2023-03-01 19:00:00-05:00,42.18,43.00,41.84,42.94,3253300
2023-03-02 19:00:00-05:00,43.22,43.49,42.64,43.34,3189000
2023-03-05 19:00:00-05:00,43.37,43.76,43.04,43.35,3575600
2023-03-06 19:00:00-05:00,43.35,43.50,42.93,42.94,4328400
2023-03-07 19:00:00-05:00,43.02,43.33,42.70,43.32,3865600
2023-03-08 19:00:00-05:00,43.56,43.56,41.48,41.66,5598200
2023-03-09 19:00:00-05:00,41.56,41.60,39.93,40.45,4154100
2023-03-12 20:00:00-04:00,39.89,40.24,39.24,39.65,4438200
2023-03-13 20:00:00-04:00,40.41,40.88,39.91,40.40,3872200
2023-03-14 20:00:00-04:00,39.39,39.52,37.81,39.01,5743300
2023-03-15 20:00:00-04:00,38.64,40.24,38.46,40.07,4912300
2023-03-16 20:00:00-04:00,39.82,40.02,38.60,38.84,7541300
2023-03-19 20:00:00-04:00,38.88,39.63,38.88,39.11,5920100
2023-03-20 20:00:00-04:00,39.99,40.74,39.78,40.17,5558200
2023-03-21 20:00:00-04:00,40.24,40.94,40.10,40.13,4331000
2023-03-22 20:00:00-04:00,39.99,40.61,39.53,39.81,3417200
2023-03-23 20:00:00-04:00,39.38,39.99,38.87,39.87,2387400
2023-03-26 20:00:00-04:00,40.39,40.59,40.09,40.38,1963000
2023-03-27 20:00:00-04:00,40.35,40.81,40.30,40.73,2825800
2023-03-28 20:00:00-04:00,41.25,41.46,40.91,41.42,1851100
2023-03-29 20:00:00-04:00,41.62,41.67,41.21,41.54,2144100
2023-03-30 20:00:00-04:00,42.50,42.50,41.58,41.97,2712300
2023-04-02 20:00:00-04:00,41.86,42.63,41.86,42.56,2904600
2023-04-03 20:00:00-04:00,42.40,42.51,41.26,41.72,2611100
2023-04-04 20:00:00-04:00,41.58,41.83,41.29,41.71,5486000
2023-04-05 20:00:00-04:00,41.54,41.80,41.13,41.16,2736800
2023-04-09 20:00:00-04:00,41.01,41.74,41.01,41.72,2641400
2023-04-10 20:00:00-04:00,41.98,42.60,41.87,42.26,3548000
2023-04-11 20:00:00-04:00,42.52,43.26,42.52,43.00,3075100
2023-04-12 20:00:00-04:00,42.97,43.30,42.67,43.11,2258500
2023-04-13 20:00:00-04:00,42.14,42.35,41.72,42.14,3880800
2023-04-16 20:00:00-04:00,42.58,42.58,42.09,42.47,2138400
2023-04-17 20:00:00-04:00,42.56,43.12,42.23,42.95,3079400
2023-04-18 20:00:00-04:00,42.88,43.08,42.48,42.87,1802300
2023-04-19 20:00:00-04:00,42.71,43.11,42.56,42.79,1898700
2023-04-20 20:00:00-04:00,42.90,42.91,42.22,42.52,1666700
2023-04-23 20:00:00-04:00,42.59,42.87,42.42,42.86,3138100
2023-04-24 20:00:00-04:00,42.68,43.13,42.32,42.58,2392300
2023-04-25 20:00:00-04:00,42.64,42.75,41.83,42.01,2428800
2023-04-26 20:00:00-04:00,42.28,43.34,42.07,43.32,2663100
2023-04-27 20:00:00-04:00,43.11,43.91,43.04,43.87,3270300
2023-04-30 20:00:00-04:00,43.87,44.88,43.83,43.88,4126200
2023-05-01 20:00:00-04:00,44.92,45.27,43.33,44.54,4539700
2023-05-02 20:00:00-04:00,44.58,44.89,44.08,44.28,3174500
2023-05-03 20:00:00-04:00,44.22,44.28,42.57,42.90,2952000
2023-05-04 20:00:00-04:00,43.34,43.72,43.09,43.62,3155400
2023-05-07 20:00:00-04:00,43.88,44.12,43.21,43.44,2162200
2023-05-08 20:00:00-04:00,43.74,44.40,43.59,44.38,5901000
2023-05-09 20:00:00-04:00,44.62,44.83,43.68,43.88,3308600
2023-05-10 20:00:00-04:00,43.50,43.68,43.04,43.58,1681700
2023-05-11 20:00:00-04:00,43.86,44.21,43.32,43.58,1834600
2023-05-14 20:00:00-04:00,43.80,44.26,43.52,44.15,1724900
2023-05-15 20:00:00-04:00,43.94,44.09,43.66,43.86,1987400
2023-05-16 20:00:00-04:00,44.56,44.63,44.00,44.29,1777500
2023-05-17 20:00:00-04:00,44.13,44.82,43.86,44.79,1596400
2023-05-18 20:00:00-04:00,45.06,45.20,44.22,44.58,1744000
2023-05-21 20:00:00-04:00,44.46,44.75,44.34,44.44,1946200
2023-05-22 20:00:00-04:00,44.05,44.29,43.39,43.40,2162200
2023-05-23 20:00:00-04:00,43.14,43.18,42.64,42.87,1641200
2023-05-24 20:00:00-04:00,42.87,43.17,42.53,42.89,2388600
2023-05-25 20:00:00-04:00,42.90,43.35,42.89,43.13,2731800
2023-05-29 20:00:00-04:00,43.13,43.30,42.47,43.11,2919500
2023-05-30 20:00:00-04:00,42.96,43.02,41.82,42.38,7281800
2023-05-31 20:00:00-04:00,42.77,43.66,42.34,43.36,3480400
2023-06-01 20:00:00-04:00,43.80,44.88,43.70,44.74,4483100
2023-06-04 20:00:00-04:00,45.06,45.06,43.91,44.42,2398400
2023-06-05 20:00:00-04:00,44.42,45.04,44.31,44.90,1996000
2023-06-06 20:00:00-04:00,44.97,45.97,44.97,45.78,2273300
2023-06-07 20:00:00-04:00,45.67,46.27,45.67,45.95,1965300
2023-06-08 20:00:00-04:00,46.12,46.15,45.28,45.55,1929300
2023-06-11 20:00:00-04:00,45.58,45.93,45.33,45.79,1568700
2023-06-12 20:00:00-04:00,45.69,46.11,45.43,45.62,2328200
2023-06-13 20:00:00-04:00,45.84,45.84,45.18,45.31,2063900
2023-06-14 20:00:00-04:00,45.20,45.89,45.15,45.65,1949500
2023-06-15 20:00:00-04:00,45.91,46.30,45.42,45.59,2980200
2023-06-19 20:00:00-04:00,45.56,46.48,45.56,46.17,3457800
2023-06-20 20:00:00-04:00,46.22,46.91,46.00,46.76,2582000
2023-06-21 20:00:00-04:00,46.47,46.57,45.78,46.16,2811600
2023-06-22 20:00:00-04:00,45.71,46.23,45.57,45.95,4689200
2023-06-25 20:00:00-04:00,46.13,46.41,46.04,46.28,1764700
2023-06-26 20:00:00-04:00,46.37,47.73,46.31,47.69,3096100
2023-06-27 20:00:00-04:00,47.77,47.93,47.55,47.70,2135100
2023-06-28 20:00:00-04:00,47.65,48.49,47.59,48.34,2473200
2023-06-29 20:00:00-04:00,49.06,49.26,48.59,49.14,2480400
2023-07-02 20:00:00-04:00,48.77,49.18,48.67,48.71,877400
2023-07-04 20:00:00-04:00,48.36,48.56,48.11,48.48,2975700
2023-07-05 20:00:00-04:00,48.22,48.60,47.96,48.53,2699100
2023-07-06 20:00:00-04:00,48.52,49.40,48.49,48.98,2145600
2023-07-09 20:00:00-04:00,48.84,49.82,48.83,49.81,3504200
2023-07-10 20:00:00-04:00,49.82,50.34,49.45,50.27,2504000
2023-07-11 20:00:00-04:00,50.88,50.90,49.21,49.24,4557400
2023-07-12 20:00:00-04:00,49.24,49.49,48.93,49.28,2552600
2023-07-13 20:00:00-04:00,49.20,49.20,48.50,48.98,1358000
2023-07-16 20:00:00-04:00,48.92,49.78,48.86,49.77,2671600
2023-07-17 20:00:00-04:00,49.53,49.93,49.36,49.67,1809000
2023-07-18 20:00:00-04:00,49.47,49.78,48.94,49.31,1791100
2023-07-19 20:00:00-04:00,49.69,49.98,49.49,49.96,1549600
2023-07-20 20:00:00-04:00,50.24,50.27,49.46,49.48,1449500
2023-07-23 20:00:00-04:00,49.52,49.77,49.22,49.64,1332800
2023-07-24 20:00:00-04:00,49.35,49.85,48.97,49.79,3176200
2023-07-25 20:00:00-04:00,49.74,50.20,49.70,50.05,1926600
2023-07-26 20:00:00-04:00,50.20,50.27,49.52,49.75,2214400
2023-07-27 20:00:00-04:00,50.04,50.18,49.49,50.00,2095500
2023-07-30 20:00:00-04:00,50.23,50.75,50.05,50.70,3182800
2023-07-31 20:00:00-04:00,49.30,49.30,47.34,48.57,5537100
2023-08-01 20:00:00-04:00,48.23,48.24,47.51,47.64,2846400
2023-08-02 20:00:00-04:00,47.58,48.13,47.17,47.81,2595700
2023-08-03 20:00:00-04:00,48.02,49.01,47.90,48.67,5030800
2023-08-06 20:00:00-04:00,49.04,50.27,48.67,50.06,6148900
2023-08-07 20:00:00-04:00,49.96,50.27,49.63,50.11,4376200
2023-08-08 20:00:00-04:00,50.15,50.15,49.36,49.41,3011400
2023-08-09 20:00:00-04:00,49.52,49.90,49.28,49.46,1822300
2023-08-10 20:00:00-04:00,49.39,49.46,48.80,49.06,2761600
2023-08-13 20:00:00-04:00,48.94,49.26,48.78,48.84,1847300
2023-08-14 20:00:00-04:00,48.62,48.79,48.31,48.39,2281800
2023-08-15 20:00:00-04:00,48.35,49.00,48.34,48.47,2317000
2023-08-16 20:00:00-04:00,48.72,48.91,48.22,48.23,2121200
2023-08-17 20:00:00-04:00,47.79,48.58,47.63,48.40,1859400
2023-08-20 20:00:00-04:00,48.54,48.54,47.82,48.19,1677600
2023-08-21 20:00:00-04:00,48.48,48.58,48.12,48.31,1951900
2023-08-22 20:00:00-04:00,48.41,48.95,48.22,48.76,2088600
2023-08-23 20:00:00-04:00,48.56,48.82,47.72,47.75,2714800
2023-08-24 20:00:00-04:00,47.92,48.11,47.29,47.81,2429300
2023-08-27 20:00:00-04:00,47.91,48.58,47.67,48.48,1634000
2023-08-28 20:00:00-04:00,48.31,48.96,47.96,48.93,2133100
2023-08-29 20:00:00-04:00,49.07,49.55,48.95,49.34,2230800
2023-08-30 20:00:00-04:00,49.35,49.59,49.08,49.09,2878500
2023-08-31 20:00:00-04:00,49.54,49.61,49.08,49.31,2001600
2023-09-04 20:00:00-04:00,49.24,49.30,47.89,47.94,3137900
2023-09-05 20:00:00-04:00,48.01,48.33,47.67,48.06,2214600
2023-09-06 20:00:00-04:00,48.00,48.23,47.69,47.83,2373900
2023-09-07 20:00:00-04:00,47.73,47.99,47.23,47.28,2043800
2023-09-10 20:00:00-04:00,47.52,47.56,46.89,47.47,2511000
2023-09-11 20:00:00-04:00,47.16,47.64,47.04,47.35,1610600
2023-09-12 20:00:00-04:00,47.26,47.59,46.57,46.72,2504100
2023-09-13 20:00:00-04:00,47.01,47.35,46.32,46.73,2970500
2023-09-14 20:00:00-04:00,46.66,46.78,46.09,46.32,6907200
2023-09-17 20:00:00-04:00,46.31,46.86,46.25,46.73,3361500
2023-09-18 20:00:00-04:00,46.73,47.05,46.41,46.76,2001600
2023-09-19 20:00:00-04:00,47.09,47.30,46.15,46.18,1525400
2023-09-20 20:00:00-04:00,46.03,46.43,45.63,45.71,2144500
2023-09-21 20:00:00-04:00,45.67,46.03,45.32,45.45,2026800
2023-09-24 20:00:00-04:00,45.20,46.09,45.15,45.94,1519100
2023-09-25 20:00:00-04:00,45.74,45.96,45.41,45.46,1859700
2023-09-26 20:00:00-04:00,45.77,46.04,45.44,45.72,1778900
2023-09-27 20:00:00-04:00,45.96,46.90,45.79,46.12,2203900
2023-09-28 20:00:00-04:00,46.49,46.77,45.70,45.89,2331700
2023-10-01 20:00:00-04:00,45.60,45.87,44.95,45.07,1826800
2023-10-02 20:00:00-04:00,44.81,45.40,44.70,45.17,2374900
2023-10-03 20:00:00-04:00,44.96,45.62,44.80,45.37,2546200
2023-10-04 20:00:00-04:00,45.16,45.83,45.16,45.28,2430300
2023-10-05 20:00:00-04:00,45.14,46.05,44.85,45.61,2021000
2023-10-08 20:00:00-04:00,46.18,46.25,45.40,46.06,2109200
2023-10-09 20:00:00-04:00,46.50,46.53,46.02,46.10,1918900
2023-10-10 20:00:00-04:00,46.14,46.17,45.82,46.11,2166500
2023-10-11 20:00:00-04:00,46.11,46.17,44.67,45.10,1887700
2023-10-12 20:00:00-04:00,45.01,45.49,43.83,44.03,3683700
2023-10-15 20:00:00-04:00,44.37,44.76,44.21,44.26,2062600
2023-10-16 20:00:00-04:00,44.07,45.01,44.00,44.89,2054000
2023-10-17 20:00:00-04:00,44.75,44.76,43.97,44.01,2225900
2023-10-18 20:00:00-04:00,43.90,44.30,43.25,43.37,1641600
2023-10-19 20:00:00-04:00,43.44,43.53,42.93,43.10,2560800
2023-10-22 20:00:00-04:00,43.03,43.59,42.94,43.21,1548500
2023-10-23 20:00:00-04:00,43.76,43.76,42.88,43.16,2815400
2023-10-24 20:00:00-04:00,43.31,43.52,42.85,42.90,2214000
2023-10-25 20:00:00-04:00,43.02,43.82,43.02,43.13,2307800
2023-10-26 20:00:00-04:00,43.07,43.22,42.61,42.76,1354300
2023-10-29 20:00:00-04:00,43.16,43.34,42.86,43.26,2147800
2023-10-30 20:00:00-04:00,43.16,43.81,43.16,43.76,2651500
2023-10-31 20:00:00-04:00,43.97,44.43,43.61,44.37,3014000
2023-11-01 20:00:00-04:00,47.74,49.48,47.35,47.88,4694300
2023-11-02 20:00:00-04:00,48.40,48.40,47.57,47.61,2954700
2023-11-05 19:00:00-05:00,47.82,48.43,47.54,48.35,2459700
2023-11-06 19:00:00-05:00,48.01,48.17,47.67,47.90,1738800
2023-11-07 19:00:00-05:00,48.20,48.41,47.51,47.97,2041100
2023-11-08 19:00:00-05:00,48.24,48.90,48.07,48.43,3726800
2023-11-09 19:00:00-05:00,48.76,49.33,48.49,49.22,2132200
2023-11-12 19:00:00-05:00,49.27,50.24,49.03,50.00,4508400
2023-11-13 19:00:00-05:00,50.51,51.22,50.23,51.17,4064500
2023-11-14 19:00:00-05:00,51.27,51.72,51.11,51.20,3511500
2023-11-15 19:00:00-05:00,51.20,51.59,50.93,51.18,2641200
2023-11-16 19:00:00-05:00,51.36,51.78,51.04,51.13,2113700
2023-11-19 19:00:00-05:00,51.21,51.31,50.88,51.14,2628200
2023-11-20 19:00:00-05:00,51.05,51.77,50.95,51.67,1430200
2023-11-21 19:00:00-05:00,51.61,52.06,51.41,51.93,1591800
2023-11-23 19:00:00-05:00,52.04,52.20,51.81,51.92,776300
2023-11-26 19:00:00-05:00,51.68,52.36,51.65,52.27,1984800
2023-11-27 19:00:00-05:00,52.41,52.61,51.60,51.60,2083100
2023-11-28 19:00:00-05:00,51.88,52.00,51.13,51.24,1955000
2023-11-29 19:00:00-05:00,51.49,52.32,51.44,52.25,3258100
2023-11-30 19:00:00-05:00,52.27,52.88,52.27,52.55,2005400
2023-12-03 19:00:00-05:00,52.29,52.59,51.75,52.56,2722300
2023-12-04 19:00:00-05:00,52.40,52.49,51.71,51.83,2116100
2023-12-05 19:00:00-05:00,52.10,52.54,51.88,51.96,1523200
2023-12-06 19:00:00-05:00,51.91,52.48,51.91,52.39,1988000
2023-12-07 19:00:00-05:00,52.37,53.00,52.37,52.90,1634800
2023-12-10 19:00:00-05:00,52.82,53.54,52.68,53.30,1464400
2023-12-11 19:00:00-05:00,53.32,53.87,53.18,53.78,1455800
2023-12-12 19:00:00-05:00,54.01,54.14,53.34,53.85,2626200
2023-12-13 19:00:00-05:00,54.02,54.16,52.01,52.43,5529000
2023-12-14 19:00:00-05:00,52.10,52.90,52.03,52.45,5428500
2023-12-17 19:00:00-05:00,52.64,53.12,52.55,52.83,1922000
2023-12-18 19:00:00-05:00,53.00,53.52,52.87,53.29,2697000
2023-12-19 19:00:00-05:00,52.97,53.37,52.33,52.37,2075200
2023-12-20 19:00:00-05:00,52.95,53.32,52.76,53.11,1694800
2023-12-21 19:00:00-05:00,53.21,53.55,53.07,53.21,1352700
2023-12-25 19:00:00-05:00,53.21,53.71,53.06,53.48,1067000
2023-12-26 19:00:00-05:00,53.33,53.72,53.27,53.69,1491200
2023-12-27 19:00:00-05:00,53.67,53.86,53.41,53.75,1527900
2023-12-28 19:00:00-05:00,53.84,54.05,53.71,53.76,1964500
2024-01-01 19:00:00-05:00,53.48,53.77,52.84,53.37,2344100
2024-01-02 19:00:00-05:00,53.23,53.44,52.38,52.41,3080000
2024-01-03 19:00:00-05:00,52.68,53.06,52.21,52.25,1695700
2024-01-04 19:00:00-05:00,52.58,53.89,52.26,53.47,4007100
2024-01-07 19:00:00-05:00,53.17,53.77,52.38,53.73,2524900
2024-01-08 19:00:00-05:00,53.33,53.58,53.05,53.35,2656600
2024-01-09 19:00:00-05:00,54.63,55.31,54.38,55.20,4226300
2024-01-10 19:00:00-05:00,55.31,55.38,54.47,55.14,2361100
2024-01-11 19:00:00-05:00,55.30,55.53,54.88,55.17,2259200
2024-01-15 19:00:00-05:00,54.87,54.99,52.93,53.30,4604300
2024-01-16 19:00:00-05:00,52.94,53.80,52.82,53.21,2264600
2024-01-17 19:00:00-05:00,53.59,54.91,53.44,54.82,3098200
2024-01-18 19:00:00-05:00,54.88,55.56,54.57,55.37,2045900
2024-01-21 19:00:00-05:00,55.44,56.16,55.38,55.69,2003700
2024-01-22 19:00:00-05:00,55.72,56.38,55.60,56.05,3870700
2024-01-23 19:00:00-05:00,56.30,56.66,55.92,55.96,2420700
2024-01-24 19:00:00-05:00,55.96,56.19,54.69,54.90,8717000
2024-01-25 19:00:00-05:00,55.11,55.24,54.63,55.06,4240100
2024-01-28 19:00:00-05:00,55.04,55.42,54.96,55.41,3034600
2024-01-29 19:00:00-05:00,55.38,55.79,55.29,55.61,2936200
2024-01-30 19:00:00-05:00,55.73,56.51,55.52,55.88,4398500
2024-01-31 19:00:00-05:00,56.22,57.04,55.91,57.00,2302900
2024-02-01 19:00:00-05:00,57.06,57.55,56.62,57.33,3097600
2024-02-04 19:00:00-05:00,56.87,57.58,56.74,57.40,2611200
2024-02-05 19:00:00-05:00,57.42,58.10,57.27,58.04,2144200
2024-02-06 19:00:00-05:00,58.34,59.02,58.19,58.69,3043200
2024-02-07 19:00:00-05:00,58.80,58.97,58.52,58.82,2165000
2024-02-08 19:00:00-05:00,59.03,59.05,58.22,58.26,2449600
2024-02-11 19:00:00-05:00,58.30,58.53,58.00,58.49,3656200
2024-02-12 19:00:00-05:00,59.65,61.62,58.21,61.62,6244900
2024-02-13 19:00:00-05:00,62.20,63.06,62.02,63.01,3361300
2024-02-14 19:00:00-05:00,63.09,63.32,62.89,62.90,3241400
2024-02-15 19:00:00-05:00,63.16,63.55,62.35,62.45,2686700
2024-02-19 19:00:00-05:00,62.47,63.29,62.33,62.74,3710000
2024-02-20 19:00:00-05:00,62.88,63.63,62.78,63.15,5369200
2024-02-21 19:00:00-05:00,63.60,64.74,63.40,64.68,2705800
2024-02-22 19:00:00-05:00,64.80,65.55,64.69,65.48,4349000
2024-02-25 19:00:00-05:00,65.69,65.90,65.27,65.47,2650100
2024-02-26 19:00:00-05:00,65.53,65.80,65.00,65.58,1981200
2024-02-27 19:00:00-05:00,65.59,66.51,65.36,66.37,2343200
2024-02-28 19:00:00-05:00,66.40,66.53,65.85,66.16,3676100
2024-02-29 19:00:00-05:00,66.25,66.85,66.11,66.61,2172700
2024-03-03 19:00:00-05:00,66.66,67.57,66.56,67.39,1922800
2024-03-04 19:00:00-05:00,67.24,67.93,67.04,67.56,2954600
2024-03-05 19:00:00-05:00,67.74,68.86,67.69,68.38,4685300
2024-03-06 19:00:00-05:00,68.72,69.08,68.34,68.97,2510900
2024-03-07 19:00:00-05:00,68.97,69.14,66.94,67.34,3655200
2024-03-10 20:00:00-04:00,67.07,67.55,64.39,64.62,6437500
2024-03-11 20:00:00-04:00,64.67,65.81,64.01,65.68,5843600
2024-03-12 20:00:00-04:00,65.60,65.70,64.68,65.25,4389700
2024-03-13 20:00:00-04:00,65.25,65.40,64.80,65.12,3675800
2024-03-14 20:00:00-04:00,64.62,65.85,64.62,65.85,6494400
2024-03-17 20:00:00-04:00,66.37,66.76,65.90,66.35,4039500
2024-03-18 20:00:00-04:00,66.54,67.00,66.07,66.78,4269100
2024-03-19 20:00:00-04:00,66.72,67.56,66.68,67.13,4558300
2024-03-20 20:00:00-04:00,67.41,67.57,66.76,67.28,3789100
2024-03-21 20:00:00-04:00,67.24,67.97,67.12,67.70,3035200
2024-03-24 20:00:00-04:00,67.89,67.98,66.90,66.97,1764200
2024-03-25 20:00:00-04:00,67.07,67.48,66.89,67.25,1903300
2024-03-26 20:00:00-04:00,67.67,67.88,67.10,67.68,2345900
2024-03-27 20:00:00-04:00,67.98,68.34,67.61,68.03,2893100
2024-03-31 20:00:00-04:00,67.95,68.16,65.26,65.72,3389100
2024-04-01 20:00:00-04:00,65.37,65.47,64.45,64.88,4960300
2024-04-02 20:00:00-04:00,64.83,66.27,64.80,65.61,3707900
2024-04-03 20:00:00-04:00,66.15,66.44,64.97,65.15,3506700
2024-04-04 20:00:00-04:00,65.46,66.72,65.21,66.67,2421500
2024-04-07 20:00:00-04:00,66.88,67.03,66.23,66.34,4441100
2024-04-08 20:00:00-04:00,66.39,66.40,64.93,65.46,4819400
2024-04-09 20:00:00-04:00,64.64,65.28,64.28,64.87,2813800
2024-04-10 20:00:00-04:00,64.82,65.61,64.18,65.21,2296700
2024-04-11 20:00:00-04:00,64.92,65.26,63.16,63.63,2998000
2024-04-14 20:00:00-04:00,64.96,65.15,62.74,63.12,2729400
2024-04-15 20:00:00-04:00,63.33,64.37,63.11,63.65,2640700
2024-04-16 20:00:00-04:00,64.06,64.06,62.56,63.09,3088800
2024-04-17 20:00:00-04:00,63.12,63.97,63.00,63.13,2294300
2024-04-18 20:00:00-04:00,63.67,63.96,62.60,63.04,3072300
2024-04-21 20:00:00-04:00,63.13,63.39,62.43,62.56,2394300
2024-04-22 20:00:00-04:00,63.04,64.40,62.46,64.38,3002400
2024-04-23 20:00:00-04:00,64.72,65.11,63.69,64.32,2836800
2024-04-24 20:00:00-04:00,63.91,64.56,63.27,64.42,2279700
2024-04-25 20:00:00-04:00,64.48,66.18,64.33,66.01,4071600
2024-04-28 20:00:00-04:00,65.94,67.45,65.94,66.72,3792700
2024-04-29 20:00:00-04:00,66.37,67.94,66.19,66.36,4954800
2024-04-30 20:00:00-04:00,66.47,67.48,65.98,66.39,4581700
2024-05-01 20:00:00-04:00,73.57,77.42,73.49,76.65,8863900
2024-05-02 20:00:00-04:00,77.75,79.00,76.50,78.43,6147900
2024-05-05 20:00:00-04:00,79.25,79.73,78.31,79.71,3253200
2024-05-06 20:00:00-04:00,79.79,79.88,79.14,79.36,4329900
2024-05-07 20:00:00-04:00,79.76,80.99,79.66,80.94,4103000
2024-05-08 20:00:00-04:00,81.13,81.60,80.50,81.60,2359600
2024-05-09 20:00:00-04:00,82.29,82.38,80.32,80.45,3147600
2024-05-12 20:00:00-04:00,80.57,81.02,79.53,79.80,2537800
2024-05-13 20:00:00-04:00,79.69,80.65,79.54,80.46,2029900
2024-05-14 20:00:00-04:00,80.58,82.41,80.53,82.32,2695000
2024-05-15 20:00:00-04:00,82.33,82.73,82.10,82.10,2620900
2024-05-16 20:00:00-04:00,82.57,82.63,81.83,82.50,1332700
2024-05-19 20:00:00-04:00,82.77,83.69,82.77,83.62,1541100
2024-05-20 20:00:00-04:00,83.48,84.42,83.07,84.35,1589200
2024-05-21 20:00:00-04:00,84.07,84.16,82.73,83.02,2659300
2024-05-22 20:00:00-04:00,83.53,83.53,81.78,81.99,2392200
2024-05-23 20:00:00-04:00,82.81,85.03,82.56,84.28,2719800
2024-05-27 20:00:00-04:00,84.67,85.07,83.63,84.83,2496400
2024-05-28 20:00:00-04:00,84.25,84.75,83.57,83.63,1886600
2024-05-29 20:00:00-04:00,83.78,84.10,83.24,83.79,1510200
2024-05-30 20:00:00-04:00,83.78,84.26,82.50,84.21,3389600
2024-06-02 20:00:00-04:00,84.84,84.98,83.07,84.19,2019000
2024-06-03 20:00:00-04:00,83.97,83.97,81.73,81.86,2504600
2024-06-04 20:00:00-04:00,81.97,84.21,81.97,84.19,1947500
2024-06-05 20:00:00-04:00,83.98,84.60,82.72,82.83,1734900
2024-06-06 20:00:00-04:00,83.07,84.23,82.90,83.34,2064000
2024-06-09 20:00:00-04:00,82.87,83.96,82.87,83.21,2034400
2024-06-10 20:00:00-04:00,82.94,83.22,81.90,82.74,1446300
2024-06-11 20:00:00-04:00,83.05,83.73,82.12,82.99,2249900
2024-06-12 20:00:00-04:00,82.92,83.09,81.36,82.37,2128400
2024-06-13 20:00:00-04:00,81.26,81.31,77.33,78.53,4958700
2024-06-16 20:00:00-04:00,78.40,79.78,78.13,79.58,2863600
2024-06-17 20:00:00-04:00,79.60,79.97,78.86,79.78,1974100
2024-06-19 20:00:00-04:00,79.93,80.37,78.81,79.09,3237100
2024-06-20 20:00:00-04:00,79.03,79.74,78.48,79.72,4992700
2024-06-23 20:00:00-04:00,79.51,80.92,77.70,78.22,4212200
2024-06-24 20:00:00-04:00,78.50,78.82,77.08,77.79,4855500
2024-06-25 20:00:00-04:00,77.73,78.78,77.29,78.59,2504300
2024-06-26 20:00:00-04:00,78.69,79.44,78.59,79.18,2749900
2024-06-27 20:00:00-04:00,79.36,80.05,76.43,77.22,6548900
2024-06-30 20:00:00-04:00,78.34,78.55,76.52,76.89,3021300
2024-07-01 20:00:00-04:00,76.66,78.08,76.45,77.66,2421200
2024-07-02 20:00:00-04:00,78.09,79.04,77.59,78.91,1712900
2024-07-04 20:00:00-04:00,79.04,79.23,77.59,78.39,1880200
2024-07-07 20:00:00-04:00,78.85,80.09,78.85,80.05,2150100
2024-07-08 20:00:00-04:00,80.11,80.82,79.75,79.82,1840500
2024-07-09 20:00:00-04:00,80.12,80.76,79.69,79.76,2683500
2024-07-10 20:00:00-04:00,79.67,80.46,79.00,79.24,2603100
2024-07-11 20:00:00-04:00,79.83,79.89,78.69,78.81,2129200
2024-07-14 20:00:00-04:00,79.22,79.44,78.39,78.49,2703100
2024-07-15 20:00:00-04:00,78.98,81.10,78.98,80.95,3374300
2024-07-16 20:00:00-04:00,79.81,80.29,77.43,77.45,2558700
2024-07-17 20:00:00-04:00,77.59,78.53,76.82,78.37,4132700
2024-07-18 20:00:00-04:00,78.42,78.49,77.08,77.62,1882400
2024-07-21 20:00:00-04:00,78.12,79.85,77.93,79.83,4039700
2024-07-22 20:00:00-04:00,79.77,82.43,79.49,81.98,3515100
2024-07-23 20:00:00-04:00,81.52,81.71,79.07,79.17,2670100
2024-07-24 20:00:00-04:00,79.58,83.21,79.21,81.91,5342500
2024-07-25 20:00:00-04:00,82.38,82.85,80.98,82.25,2903000
2024-07-28 20:00:00-04:00,83.24,83.52,81.78,82.42,3834900
2024-07-29 20:00:00-04:00,92.06,94.39,90.61,93.32,7825600
2024-07-30 20:00:00-04:00,93.89,96.42,92.17,95.20,4050600
2024-07-31 20:00:00-04:00,96.14,96.78,93.61,94.37,3140500
2024-08-01 20:00:00-04:00,92.96,93.26,89.34,89.69,4454800
2024-08-04 20:00:00-04:00,85.68,86.96,84.94,86.30,6636700
2024-08-05 20:00:00-04:00,87.96,90.52,87.55,88.61,3275200
2024-08-06 20:00:00-04:00,89.85,90.34,87.18,87.46,2290000
2024-08-07 20:00:00-04:00,88.41,92.03,88.06,91.48,3333300
2024-08-08 20:00:00-04:00,91.75,92.77,90.79,92.68,1961000
2024-08-11 20:00:00-04:00,92.72,93.12,91.81,92.42,2236500
2024-08-12 20:00:00-04:00,92.99,93.55,92.22,93.51,3058900
2024-08-13 20:00:00-04:00,93.55,94.65,92.53,93.47,1983100
2024-08-14 20:00:00-04:00,94.83,95.42,93.50,95.16,2144700
2024-08-15 20:00:00-04:00,95.08,95.80,94.77,95.40,1351000
2024-08-18 20:00:00-04:00,95.16,96.03,94.98,95.95,1971400
2024-08-19 20:00:00-04:00,96.03,96.29,94.50,95.21,1367800
2024-08-20 20:00:00-04:00,95.38,96.19,95.13,95.84,1322900
2024-08-21 20:00:00-04:00,95.83,96.66,95.65,96.13,1437600
2024-08-22 20:00:00-04:00,96.38,97.14,95.99,96.65,1158200
2024-08-25 20:00:00-04:00,96.49,97.43,96.16,96.22,1677200
2024-08-26 20:00:00-04:00,95.97,96.76,95.00,96.53,1961800
2024-08-27 20:00:00-04:00,97.12,97.72,95.76,96.10,1947400
2024-08-28 20:00:00-04:00,96.42,97.32,95.24,96.54,1949300
2024-08-29 20:00:00-04:00,96.73,97.06,94.89,96.24,3188800
2024-09-02 20:00:00-04:00,96.73,97.47,92.05,92.61,3271300
2024-09-03 20:00:00-04:00,92.49,94.30,92.17,93.94,2147700
2024-09-04 20:00:00-04:00,93.67,94.39,92.64,93.80,3001800
2024-09-05 20:00:00-04:00,93.59,93.74,90.32,91.04,4137000
2024-09-08 20:00:00-04:00,92.69,94.21,92.12,93.28,1803400
2024-09-09 20:00:00-04:00,93.68,93.68,91.80,92.74,2120900
2024-09-10 20:00:00-04:00,92.77,93.84,90.63,93.68,1440600
2024-09-11 20:00:00-04:00,93.69,94.69,93.19,93.82,1842300
2024-09-12 20:00:00-04:00,93.09,95.55,92.36,94.86,2815600
2024-09-15 20:00:00-04:00,95.29,96.13,93.72,94.72,2284500
2024-09-16 20:00:00-04:00,94.82,94.84,93.10,94.18,2040800
2024-09-17 20:00:00-04:00,94.52,95.54,93.85,94.27,1714700
2024-09-18 20:00:00-04:00,96.52,97.09,95.04,97.00,2520100
2024-09-19 20:00:00-04:00,96.82,97.86,96.10,97.02,6550200
2024-09-22 20:00:00-04:00,97.11,98.54,96.80,98.20,2082900
2024-09-23 20:00:00-04:00,98.19,99.16,97.61,98.89,3043100
2024-09-24 20:00:00-04:00,99.21,100.07,98.94,99.28,1547400
2024-09-25 20:00:00-04:00,99.85,100.18,98.59,98.87,1454600
2024-09-26 20:00:00-04:00,98.87,99.27,98.16,98.78,1543600
2024-09-29 20:00:00-04:00,98.12,99.93,97.43,99.81,2004900
2024-09-30 20:00:00-04:00,99.54,101.25,98.47,100.48,2084300
2024-10-01 20:00:00-04:00,100.50,101.68,99.59,100.85,1762900
2024-10-02 20:00:00-04:00,101.04,101.81,99.70,100.31,2418700
2024-10-03 20:00:00-04:00,101.36,102.55,100.59,101.58,2063100
2024-10-06 20:00:00-04:00,101.30,102.93,100.95,102.38,1778800
2024-10-07 20:00:00-04:00,103.38,103.78,102.49,102.54,1494300
2024-10-08 20:00:00-04:00,102.66,103.64,102.15,103.25,1498000
2024-10-09 20:00:00-04:00,102.85,102.88,101.18,101.65,1460700
2024-10-10 20:00:00-04:00,101.71,103.96,101.69,103.37,1624000
2024-10-13 20:00:00-04:00,103.37,103.55,101.75,102.20,2571700
2024-10-14 20:00:00-04:00,102.45,103.83,101.76,103.46,2479600
2024-10-15 20:00:00-04:00,103.55,104.99,103.47,104.85,1511000
2024-10-16 20:00:00-04:00,105.56,106.27,105.12,105.75,2450600
2024-10-17 20:00:00-04:00,106.29,106.29,104.28,105.08,1706500
2024-10-20 20:00:00-04:00,105.65,106.46,105.26,105.85,1724400
2024-10-21 20:00:00-04:00,105.09,105.37,101.38,102.20,2807700
2024-10-22 20:00:00-04:00,102.24,103.36,102.05,102.38,1851400
2024-10-23 20:00:00-04:00,99.76,101.62,98.72,100.18,1983300
2024-10-24 20:00:00-04:00,100.56,101.39,100.24,100.95,1397900
2024-10-27 20:00:00-04:00,101.63,102.15,100.87,101.93,2230900
2024-10-28 20:00:00-04:00,100.62,100.78,98.40,99.65,2844600
2024-10-29 20:00:00-04:00,99.66,100.91,99.37,100.70,3434800
2024-10-30 20:00:00-04:00,100.42,101.04,98.67,99.28,2673600
2024-10-31 20:00:00-04:00,100.16,100.56,99.36,99.59,1523000
2024-11-03 19:00:00-05:00,99.72,100.61,98.96,99.40,1728600
2024-11-04 19:00:00-05:00,99.85,101.71,99.46,101.71,2556900
2024-11-05 19:00:00-05:00,110.56,114.87,105.72,114.36,5796300
2024-11-06 19:00:00-05:00,113.85,114.50,110.65,110.73,2607800
2024-11-07 19:00:00-05:00,111.59,113.66,110.60,113.23,2012900
2024-11-10 19:00:00-05:00,114.83,115.56,113.62,114.26,1534500
2024-11-11 19:00:00-05:00,114.58,115.09,111.91,113.16,2177200
2024-11-12 19:00:00-05:00,114.30,116.16,113.75,115.35,2331700
2024-11-13 19:00:00-05:00,115.35,116.31,112.03,112.81,2687700
2024-11-14 19:00:00-05:00,111.89,112.67,110.73,111.60,2221700
2024-11-17 19:00:00-05:00,111.63,113.02,111.32,112.76,1817400
2024-11-18 19:00:00-05:00,112.78,115.61,112.59,115.58,2488800
2024-11-19 19:00:00-05:00,116.64,117.77,114.67,117.67,3650100
2024-11-20 19:00:00-05:00,117.67,118.84,116.51,116.55,2592700
2024-11-21 19:00:00-05:00,117.44,118.37,115.94,118.01,5093300
2024-11-24 19:00:00-05:00,117.16,117.91,114.64,115.42,2907200
2024-11-25 19:00:00-05:00,115.58,117.13,115.49,116.75,1947700
2024-11-26 19:00:00-05:00,116.74,117.13,115.42,116.27,1766600
2024-11-28 19:00:00-05:00,117.81,118.46,116.95,117.95,1352000
2024-12-01 19:00:00-05:00,118.26,118.26,116.86,117.26,2926400
2024-12-02 19:00:00-05:00,117.82,118.96,117.21,118.67,2251700
2024-12-03 19:00:00-05:00,118.67,119.80,118.37,119.65,2313300
2024-12-04 19:00:00-05:00,119.56,120.26,118.81,119.63,2472500
2024-12-05 19:00:00-05:00,119.66,120.27,117.14,117.88,1912900
2024-12-08 19:00:00-05:00,117.33,117.77,112.49,113.33,3015100
2024-12-09 19:00:00-05:00,113.34,114.84,113.10,113.66,2009100
2024-12-10 19:00:00-05:00,115.00,115.90,114.49,115.65,2399400
2024-12-11 19:00:00-05:00,115.72,115.96,113.28,113.28,2119100
2024-12-12 19:00:00-05:00,113.82,114.38,112.71,113.01,1565500
2024-12-15 19:00:00-05:00,113.58,113.89,112.15,112.87,1917600
2024-12-16 19:00:00-05:00,111.58,112.17,110.12,111.52,2764700
2024-12-17 19:00:00-05:00,111.79,111.90,107.14,107.30,2448500
2024-12-18 19:00:00-05:00,109.17,110.39,108.13,108.95,2915800
2024-12-19 19:00:00-05:00,107.93,110.98,107.93,110.42,5806200
2024-12-22 19:00:00-05:00,109.63,110.37,108.48,110.14,1537000
2024-12-23 19:00:00-05:00,110.15,111.69,109.66,111.63,616900
2024-12-25 19:00:00-05:00,111.24,112.28,110.56,112.12,755300
2024-12-26 19:00:00-05:00,111.29,112.11,109.82,110.82,1363200
2024-12-29 19:00:00-05:00,108.93,110.35,107.76,109.88,1199800
2024-12-30 19:00:00-05:00,110.22,110.36,108.47,108.97,1330300
2025-01-01 19:00:00-05:00,109.80,112.05,109.10,110.38,2068800
2025-01-02 19:00:00-05:00,110.76,113.26,110.19,112.35,2132600
2025-01-05 19:00:00-05:00,113.30,113.94,111.58,112.06,2115600
2025-01-06 19:00:00-05:00,112.11,112.47,109.39,111.25,2574400
2025-01-07 19:00:00-05:00,111.40,114.74,110.70,114.63,2318800
2025-01-09 19:00:00-05:00,113.38,114.31,112.11,112.23,2474000
2025-01-12 19:00:00-05:00,110.59,114.57,110.38,114.33,2205600
2025-01-13 19:00:00-05:00,115.85,118.84,115.38,118.75,3202300
2025-01-14 19:00:00-05:00,122.36,123.70,120.01,121.41,4736700
2025-01-15 19:00:00-05:00,122.55,123.10,121.04,122.53,2895900
2025-01-16 19:00:00-05:00,123.58,125.80,122.25,124.84,3921400
2025-01-20 19:00:00-05:00,127.18,128.63,125.67,126.69,3341000
2025-01-21 19:00:00-05:00,127.56,127.86,125.38,126.25,2605800
2025-01-22 19:00:00-05:00,126.99,128.63,126.47,127.27,3093100
2025-01-23 19:00:00-05:00,126.53,127.08,125.78,126.56,2102600
2025-01-26 19:00:00-05:00,122.25,124.26,119.45,121.63,3448800
2025-01-27 19:00:00-05:00,124.06,126.18,123.55,125.95,3629400
2025-01-28 19:00:00-05:00,125.92,126.68,125.32,125.90,1958700
2025-01-29 19:00:00-05:00,126.46,127.28,125.05,126.90,2419400
2025-01-30 19:00:00-05:00,127.53,127.84,125.47,126.12,2361100
2025-02-02 19:00:00-05:00,123.89,126.58,123.05,125.92,1907500
2025-02-03 19:00:00-05:00,126.93,127.20,124.28,125.02,1901100
2025-02-04 19:00:00-05:00,125.77,127.82,125.39,127.33,1838600
2025-02-05 19:00:00-05:00,127.53,128.53,126.55,128.53,2342600
2025-02-06 19:00:00-05:00,128.89,129.32,126.97,127.33,1560700
2025-02-09 19:00:00-05:00,128.05,128.36,126.35,127.83,1759900
2025-02-10 19:00:00-05:00,128.01,129.20,126.44,128.95,1522400
2025-02-11 19:00:00-05:00,127.32,129.57,127.24,127.72,3334400
2025-02-12 19:00:00-05:00,125.28,128.32,122.37,127.71,4829400
2025-02-13 19:00:00-05:00,128.50,133.53,126.52,133.03,4278500
2025-02-17 19:00:00-05:00,135.86,137.01,133.71,136.28,3219000
2025-02-18 19:00:00-05:00,136.14,140.14,136.14,138.99,2902900
2025-02-19 19:00:00-05:00,138.90,139.13,134.73,138.04,3030100
2025-02-20 19:00:00-05:00,138.37,138.47,129.17,129.46,3518800
2025-02-23 19:00:00-05:00,131.00,132.83,127.31,129.19,3562500
2025-02-24 19:00:00-05:00,129.58,131.23,126.32,129.85,2614800
2025-02-25 19:00:00-05:00,131.25,134.84,130.80,131.60,2720300
2025-02-26 19:00:00-05:00,133.14,135.20,131.46,133.03,2760100
2025-02-27 19:00:00-05:00,133.00,136.37,132.22,136.21,4362900
2025-03-02 19:00:00-05:00,137.53,138.85,130.49,130.64,3224100
2025-03-03 19:00:00-05:00,127.29,129.56,122.67,126.65,5528600
2025-03-04 19:00:00-05:00,127.24,131.34,126.41,129.92,3285000
2025-03-05 19:00:00-05:00,127.24,128.75,123.37,124.13,3090100
2025-03-06 19:00:00-05:00,123.10,124.65,118.69,124.04,5132400
2025-03-09 20:00:00-04:00,120.65,122.95,119.97,121.96,4430500
2025-03-10 20:00:00-04:00,122.12,126.52,122.03,125.14,4067200
2025-03-11 20:00:00-04:00,128.63,129.00,124.73,127.56,2474000
2025-03-12 20:00:00-04:00,126.63,127.63,121.25,122.42,3882500
2025-03-13 20:00:00-04:00,124.64,126.38,122.77,126.14,2564100
2025-03-16 20:00:00-04:00,125.34,129.77,124.95,128.90,2275600
2025-03-17 20:00:00-04:00,127.77,128.63,123.98,127.88,2595500
2025-03-18 20:00:00-04:00,128.51,132.62,128.38,131.60,2427200
2025-03-19 20:00:00-04:00,129.94,132.97,129.52,131.29,2075000
2025-03-20 20:00:00-04:00,130.79,131.16,128.44,130.47,3841400
2025-03-23 20:00:00-04:00,132.89,136.10,132.00,135.71,2406600
2025-03-24 20:00:00-04:00,136.16,137.41,134.51,137.32,2661600
2025-03-25 20:00:00-04:00,137.47,137.66,133.44,133.75,2732000
2025-03-26 20:00:00-04:00,133.19,134.29,130.35,132.05,1543000
2025-03-27 20:00:00-04:00,131.25,132.63,128.17,129.32,1945700
2025-03-30 20:00:00-04:00,127.09,130.29,123.81,129.36,3282000
2025-03-31 20:00:00-04:00,128.56,131.61,127.65,131.40,2241400
2025-04-01 20:00:00-04:00,128.80,133.74,128.63,133.51,1749400
2025-04-02 20:00:00-04:00,127.43,129.62,124.44,124.64,2372600
2025-04-03 20:00:00-04:00,115.62,116.88,109.10,112.01,6664400
2025-04-06 20:00:00-04:00,107.10,118.91,104.74,115.45,5805500
2025-04-07 20:00:00-04:00,121.88,122.59,112.36,114.29,4241900
2025-04-08 20:00:00-04:00,112.95,129.09,111.76,127.72,5275000
2025-04-09 20:00:00-04:00,124.52,127.08,119.99,123.83,3076400
2025-04-10 20:00:00-04:00,123.01,125.99,121.58,125.31,2036000
2025-04-13 20:00:00-04:00,128.08,128.71,125.90,127.09,2011400
2025-04-14 20:00:00-04:00,123.24,126.20,122.69,124.11,3606700
2025-04-15 20:00:00-04:00,123.54,125.94,121.90,123.57,2864000
2025-04-16 20:00:00-04:00,123.22,124.78,122.60,122.87,2189000
2025-04-20 20:00:00-04:00,122.14,122.63,117.75,119.12,2008200
2025-04-21 20:00:00-04:00,120.94,124.66,120.72,123.94,2234600
2025-04-22 20:00:00-04:00,128.82,131.93,127.14,129.33,2931400
2025-04-23 20:00:00-04:00,128.91,133.95,128.91,133.10,2224200
2025-04-24 20:00:00-04:00,133.91,136.07,133.35,135.37,1603300
2025-04-27 20:00:00-04:00,137.87,139.21,134.67,135.96,2878600
2025-04-28 20:00:00-04:00,135.61,138.01,135.36,137.10,2450100
2025-04-29 20:00:00-04:00,134.71,138.57,134.42,138.18,3140900
2025-04-30 20:00:00-04:00,146.04,150.05,144.29,147.60,4819600
2025-05-01 20:00:00-04:00,149.78,154.28,149.78,153.62,3651800
2025-05-04 20:00:00-04:00,152.63,155.14,152.38,153.89,1881900
2025-05-05 20:00:00-04:00,150.88,156.35,150.19,155.35,2646400
2025-05-06 20:00:00-04:00,155.18,156.98,153.86,156.67,2908100
2025-05-07 20:00:00-04:00,158.23,158.58,156.60,157.05,2806200
2025-05-08 20:00:00-04:00,157.54,158.61,154.37,157.06,2232500
2025-05-11 20:00:00-04:00,160.26,161.22,155.26,156.61,4990400
2025-05-12 20:00:00-04:00,156.27,159.78,154.87,157.94,3635300
2025-05-13 20:00:00-04:00,158.43,160.47,157.76,159.10,3504800
2025-05-14 20:00:00-04:00,158.64,161.36,158.64,160.93,4660500
2025-05-15 20:00:00-04:00,160.77,162.54,160.23,162.43,1839400
2025-05-18 20:00:00-04:00,162.13,166.00,160.04,165.87,2585400
2025-05-19 20:00:00-04:00,165.37,166.12,163.71,164.73,1836100
2025-05-20 20:00:00-04:00,163.97,165.33,161.79,162.39,1858600
2025-05-21 20:00:00-04:00,162.19,163.98,161.17,162.64,2073200
2025-05-22 20:00:00-04:00,161.22,165.66,159.65,164.72,2045900
2025-05-26 20:00:00-04:00,166.89,169.43,166.76,169.31,2845100
2025-05-27 20:00:00-04:00,169.37,171.13,168.97,169.94,2781500
2025-05-28 20:00:00-04:00,169.73,170.91,167.91,169.71,3285500
2025-05-29 20:00:00-04:00,169.16,170.40,167.52,169.51,4750300
2025-06-01 20:00:00-04:00,169.86,172.37,169.54,172.26,2287800
2025-06-02 20:00:00-04:00,172.17,174.27,169.79,172.22,2764300
2025-06-03 20:00:00-04:00,172.91,174.86,172.37,173.55,2118700
2025-06-04 20:00:00-04:00,174.59,175.04,172.79,174.62,1984500
2025-06-05 20:00:00-04:00,175.44,176.85,174.21,174.97,1655800
2025-06-08 20:00:00-04:00,176.17,176.47,172.40,172.48,2277600
2025-06-09 20:00:00-04:00,171.11,173.02,166.49,168.24,5076900
2025-06-10 20:00:00-04:00,168.69,171.71,165.14,170.35,2979900
2025-06-11 20:00:00-04:00,168.30,171.63,168.12,171.13,2280600
2025-06-12 20:00:00-04:00,170.53,172.16,169.72,170.81,2418300
2025-06-15 20:00:00-04:00,172.40,174.00,170.90,171.21,2340000
2025-06-16 20:00:00-04:00,171.08,172.53,170.48,171.73,1965400
2025-06-17 20:00:00-04:00,171.62,173.24,169.55,169.85,2343400
2025-06-19 20:00:00-04:00,171.32,173.07,168.68,172.95,4597400
2025-06-22 20:00:00-04:00,172.51,175.38,172.00,175.23,2427100
2025-06-23 20:00:00-04:00,176.60,177.10,173.39,176.17,2509400
2025-06-24 20:00:00-04:00,177.33,178.29,174.88,175.68,2692900
2025-06-25 20:00:00-04:00,178.18,178.92,175.45,176.45,4390800
2025-06-26 20:00:00-04:00,177.08,185.10,177.08,184.48,10164800
2025-06-29 20:00:00-04:00,182.63,187.09,181.75,185.71,4564700
2025-06-30 20:00:00-04:00,183.47,185.93,175.62,175.82,6061300
2025-07-01 20:00:00-04:00,174.97,176.56,173.11,175.55,3249700
2025-07-02 20:00:00-04:00,176.29,180.65,175.67,180.65,1766400
2025-07-06 20:00:00-04:00,180.54,181.91,178.38,179.84,2865100
2025-07-07 20:00:00-04:00,179.58,180.93,173.75,179.06,3288700
2025-07-08 20:00:00-04:00,180.99,182.03,178.60,181.01,2306100
2025-07-09 20:00:00-04:00,181.52,182.29,176.23,178.13,2824000
2025-07-10 20:00:00-04:00,177.99,179.90,177.60,179.27,1748300
2025-07-13 20:00:00-04:00,179.79,184.24,178.96,183.90,2084900
2025-07-14 20:00:00-04:00,184.08,184.70,181.74,184.26,1918600
2025-07-15 20:00:00-04:00,184.65,185.26,180.59,183.88,1843800
2025-07-16 20:00:00-04:00,185.57,189.05,184.83,188.40,3041000
2025-07-17 20:00:00-04:00,188.69,191.18,188.07,190.06,2265100
2025-07-20 20:00:00-04:00,190.07,190.24,186.88,187.41,2098300
2025-07-21 20:00:00-04:00,184.59,186.47,179.86,182.93,3283100
2025-07-22 20:00:00-04:00,183.40,186.36,182.69,185.98,2769800
2025-07-23 20:00:00-04:00,186.93,187.91,185.68,186.38,2903300
2025-07-24 20:00:00-04:00,187.21,190.51,186.59,189.09,1915600
2025-07-27 20:00:00-04:00,189.69,190.01,186.73,187.75,2337900
2025-07-28 20:00:00-04:00,190.38,190.77,188.30,188.74,2289500
2025-07-29 20:00:00-04:00,188.60,192.82,188.05,191.71,2971700
2025-07-30 20:00:00-04:00,187.36,188.37,171.39,179.36,8508800
2025-07-31 20:00:00-04:00,176.60,185.95,173.63,183.84,5089200
2025-08-03 20:00:00-04:00,185.08,186.13,180.33,180.75,3729100
2025-08-04 20:00:00-04:00,181.59,182.57,177.27,178.92,2986700
2025-08-05 20:00:00-04:00,179.00,182.27,177.65,181.65,2018100
2025-08-06 20:00:00-04:00,181.23,182.56,177.60,181.17,1889900
2025-08-07 20:00:00-04:00,182.48,183.12,178.50,180.46,1588800
2025-08-10 20:00:00-04:00,180.38,181.58,177.88,179.59,1449700
2025-08-11 20:00:00-04:00,180.52,181.01,178.10,180.61,1256100
2025-08-12 20:00:00-04:00,181.28,181.52,172.24,176.52,3174700
2025-08-13 20:00:00-04:00,176.12,177.13,173.89,175.71,2004000
2025-08-14 20:00:00-04:00,175.72,175.72,170.07,170.98,3265000
2025-08-17 20:00:00-04:00,171.69,173.20,170.53,172.77,2241000
2025-08-18 20:00:00-04:00,171.98,173.91,170.77,171.63,2274200
2025-08-19 20:00:00-04:00,171.23,172.38,169.18,171.67,2762800
2025-08-20 20:00:00-04:00,171.58,174.21,171.00,172.97,2261500
2025-08-21 20:00:00-04:00,173.82,174.80,169.97,170.73,2996400
2025-08-24 20:00:00-04:00,171.08,174.45,170.58,170.97,1945800
2025-08-25 20:00:00-04:00,171.83,175.95,171.14,175.64,4060100
2025-08-26 20:00:00-04:00,175.22,176.39,174.66,175.37,1926600
2025-08-27 20:00:00-04:00,175.47,177.18,175.02,175.88,2313300
2025-08-28 20:00:00-04:00,175.87,176.26,172.24,173.82,1665700
2025-09-01 20:00:00-04:00,172.04,173.31,170.54,172.94,1995200
2025-09-02 20:00:00-04:00,173.12,174.23,172.13,174.21,1678700
2025-09-03 20:00:00-04:00,174.59,180.66,174.38,179.24,2265600
2025-09-04 20:00:00-04:00,179.96,181.10,173.10,177.92,2016700
2025-09-07 20:00:00-04:00,178.00,180.26,178.00,179.14,1777300
2025-09-08 20:00:00-04:00,178.49,179.20,176.04,178.69,1399600
2025-09-09 20:00:00-04:00,179.71,183.94,179.33,183.51,1995500
2025-09-10 20:00:00-04:00,184.10,185.36,181.07,183.92,2000200
2025-09-11 20:00:00-04:00,184.70,186.96,184.21,185.47,1817100
2025-09-14 20:00:00-04:00,185.70,189.20,185.70,188.95,1813200
2025-09-15 20:00:00-04:00,189.20,189.99,186.17,187.16,3287800
2025-09-16 20:00:00-04:00,187.28,187.95,182.95,185.09,2227600
2025-09-17 20:00:00-04:00,184.38,191.94,182.49,191.53,2223200
2025-09-18 20:00:00-04:00,192.59,192.68,186.00,189.93,4621000
2025-09-21 20:00:00-04:00,192.19,192.49,189.70,191.84,2111200
2025-09-22 20:00:00-04:00,192.14,194.04,189.42,193.27,2224900
2025-09-23 20:00:00-04:00,194.25,194.38,189.79,189.92,1772200
2025-09-24 20:00:00-04:00,189.23,190.07,186.43,189.55,1326900
2025-09-25 20:00:00-04:00,191.69,194.58,190.83,192.84,2339400
2025-09-28 20:00:00-04:00,194.38,196.08,189.62,191.61,2485200
2025-09-29 20:00:00-04:00,192.08,196.35,191.62,195.92,2384800
2025-09-30 20:00:00-04:00,193.85,198.16,192.73,194.54,2267200
2025-10-01 20:00:00-04:00,194.81,195.82,189.85,190.78,2133100
2025-10-02 20:00:00-04:00,191.66,191.71,186.59,188.95,1617500
2025-10-05 20:00:00-04:00,188.19,190.68,186.29,190.18,1751200
2025-10-06 20:00:00-04:00,190.12,191.21,188.55,191.15,1489300
2025-10-07 20:00:00-04:00,192.24,193.52,189.96,191.34,1265400
2025-10-08 20:00:00-04:00,192.26,192.62,188.29,188.53,1121000
2025-10-09 20:00:00-04:00,188.45,189.84,183.54,183.80,1726300
2025-10-12 20:00:00-04:00,185.78,190.49,185.53,189.69,1671700
2025-10-13 20:00:00-04:00,187.70,194.64,186.58,192.72,1884500
2025-10-14 20:00:00-04:00,194.17,195.76,188.73,191.96,1212700
2025-10-15 20:00:00-04:00,192.67,194.14,190.08,191.37,1351900
2025-10-16 20:00:00-04:00,189.54,191.04,187.16,189.38,1522700
2025-10-19 20:00:00-04:00,191.32,193.19,190.29,192.21,1044900
2025-10-20 20:00:00-04:00,192.93,197.52,192.77,196.87,2022600
2025-10-21 20:00:00-04:00,197.47,199.68,188.56,190.92,2251000
2025-10-22 20:00:00-04:00,191.30,199.88,191.19,199.78,2300800
2025-10-23 20:00:00-04:00,201.38,202.18,197.93,198.19,2142300
2025-10-26 20:00:00-04:00,200.85,202.52,199.68,201.52,1665600
2025-10-27 20:00:00-04:00,202.68,204.96,200.53,200.72,2499900
2025-10-28 20:00:00-04:00,200.75,204.82,199.34,203.16,2517400
2025-10-29 20:00:00-04:00,200.80,211.61,199.68,201.45,3983100
2025-10-30 20:00:00-04:00,202.55,209.47,202.55,205.62,3401800
2025-11-02 19:00:00-05:00,207.77,210.16,206.21,206.41,3134400
2025-11-03 19:00:00-05:00,202.75,205.21,200.27,204.69,1917800
2025-11-04 19:00:00-05:00,202.71,207.11,202.71,205.98,1406300
2025-11-05 19:00:00-05:00,205.79,207.91,204.34,205.39,1935700
2025-11-06 19:00:00-05:00,204.48,207.19,201.12,206.45,2282400
2025-11-09 19:00:00-05:00,208.62,211.57,206.66,209.53,1413700
2025-11-10 19:00:00-05:00,208.06,209.75,204.59,208.69,1435300
2025-11-11 19:00:00-05:00,208.36,210.11,204.54,204.86,2144500
2025-11-12 19:00:00-05:00,205.65,205.65,200.06,201.10,3006400
2025-11-13 19:00:00-05:00,199.80,204.79,196.80,203.08,1573800
2025-11-16 19:00:00-05:00,203.76,204.49,198.80,200.08,1469200
2025-11-17 19:00:00-05:00,200.61,202.16,196.44,201.02,2035200
2025-11-18 19:00:00-05:00,201.02,205.14,200.46,201.86,2152000
2025-11-19 19:00:00-05:00,206.51,207.64,197.37,197.72,2487100
2025-11-20 19:00:00-05:00,196.80,198.45,192.56,197.08,2927600
2025-11-23 19:00:00-05:00,197.41,200.97,196.78,199.92,3086400
2025-11-24 19:00:00-05:00,201.77,204.19,198.53,203.47,3035700
2025-11-25 19:00:00-05:00,203.99,207.23,203.99,204.42,1968200
2025-11-27 19:00:00-05:00,205.94,207.56,202.47,204.38,688600
2025-11-30 19:00:00-05:00,202.79,203.36,198.30,198.54,1832500
2025-12-01 19:00:00-05:00,200.46,201.02,194.77,196.06,2551800
2025-12-02 19:00:00-05:00,196.45,196.68,191.86,194.09,1851400
2025-12-03 19:00:00-05:00,193.75,197.55,193.00,196.07,1976900
2025-12-04 19:00:00-05:00,196.80,196.96,188.64,190.79,2754300
2025-12-07 19:00:00-05:00,191.50,194.49,190.62,193.44,2661600
2025-12-08 19:00:00-05:00,193.40,194.85,191.06,191.17,2234600
2025-12-09 19:00:00-05:00,191.78,194.17,190.13,192.20,2296000
2025-12-10 19:00:00-05:00,191.46,196.05,189.00,195.69,1970900
2025-12-11 19:00:00-05:00,197.98,201.46,195.50,198.11,2466100
2025-12-14 19:00:00-05:00,198.00,201.01,195.54,197.04,2231500
2025-12-15 19:00:00-05:00,194.47,196.02,192.32,194.98,3017500
2025-12-16 19:00:00-05:00,195.00,197.71,190.86,191.00,2645100
2025-12-17 19:00:00-05:00,193.50,199.86,193.38,197.80,2899900
2025-12-18 19:00:00-05:00,198.77,203.59,198.30,203.28,3462500
2025-12-21 19:00:00-05:00,204.79,209.03,201.22,207.96,1919500
2025-12-22 19:00:00-05:00,207.83,210.22,207.69,209.36,1479300
2025-12-23 19:00:00-05:00,210.38,212.24,209.53,211.96,835700
2025-12-25 19:00:00-05:00,211.36,212.30,209.81,211.01,953900
2025-12-28 19:00:00-05:00,210.29,211.15,208.67,209.28,1760700
2025-12-29 19:00:00-05:00,209.08,209.27,206.92,207.60,1043400
2025-12-30 19:00:00-05:00,207.83,208.13,204.62,204.81,1211500
2026-01-01 19:00:00-05:00,205.28,211.52,203.94,211.50,1672900
2026-01-04 19:00:00-05:00,211.90,215.37,208.93,212.70,2736900
2026-01-05 19:00:00-05:00,213.37,216.16,211.02,214.47,2451300
2026-01-06 19:00:00-05:00,215.22,216.13,210.50,210.69,2128400
2026-01-07 19:00:00-05:00,215.26,216.78,205.67,209.81,3240600
2026-01-08 19:00:00-05:00,211.82,219.17,211.82,218.05,2343500
2026-01-11 19:00:00-05:00,217.94,221.22,216.37,219.93,2076400
2026-01-12 19:00:00-05:00,221.12,223.38,218.86,219.42,2487500
2026-01-13 19:00:00-05:00,219.08,221.54,215.66,220.03,2143100
2026-01-14 19:00:00-05:00,222.23,226.64,222.23,224.03,2099600
2026-01-15 19:00:00-05:00,224.26,225.57,222.82,224.66,1671700
2026-01-19 19:00:00-05:00,222.81,226.39,217.63,220.14,2489100
2026-01-20 19:00:00-05:00,221.73,226.51,220.29,224.77,2288700
2026-01-21 19:00:00-05:00,224.11,225.77,215.90,217.48,3862700
2026-01-22 19:00:00-05:00,217.59,218.78,213.58,214.67,3492900
2026-01-25 19:00:00-05:00,214.22,217.80,213.72,215.17,2798700
2026-01-26 19:00:00-05:00,216.43,218.26,214.02,215.31,2625900
2026-01-27 19:00:00-05:00,214.10,214.93,208.09,210.63,3925400
2026-01-28 19:00:00-05:00,211.55,213.37,207.93,208.72,3235800
2026-01-29 19:00:00-05:00,207.57,211.79,207.57,207.87,4293100
2026-02-01 19:00:00-05:00,206.60,208.99,204.34,207.00,2359600
2026-02-02 19:00:00-05:00,210.66,214.09,209.93,213.27,3488600
2026-02-03 19:00:00-05:00,212.82,213.78,204.64,208.40,3692100
2026-02-04 19:00:00-05:00,206.83,212.41,206.02,209.42,2323000
2026-02-05 19:00:00-05:00,213.88,223.60,213.88,223.06,2905300
2026-02-08 19:00:00-05:00,222.38,226.02,220.28,225.05,3054200
2026-02-09 19:00:00-05:00,225.60,227.41,223.94,224.37,2503800
2026-02-10 19:00:00-05:00,229.23,233.50,226.90,230.75,4381000
2026-02-11 19:00:00-05:00,235.71,256.59,235.69,244.68,5210500
2026-02-12 19:00:00-05:00,248.72,255.79,246.59,250.10,3423600
2026-02-16 19:00:00-05:00,247.08,254.46,245.91,252.44,3357700
2026-02-17 19:00:00-05:00,253.92,254.17,246.99,249.24,3187200
2026-02-18 19:00:00-05:00,246.66,251.57,244.89,251.19,2435600
2026-02-19 19:00:00-05:00,252.02,258.72,251.28,257.99,3136300
2026-02-22 19:00:00-05:00,255.97,258.39,255.16,256.93,2184400
2026-02-23 19:00:00-05:00,256.39,261.57,253.04,260.84,1593400
2026-02-24 19:00:00-05:00,259.87,261.71,255.71,259.53,1923600
2026-02-25 19:00:00-05:00,259.64,260.83,254.75,260.20,1617500
2026-02-26 19:00:00-05:00,258.37,262.51,257.38,262.41,3401200
2026-03-01 19:00:00-05:00,262.88,267.19,258.89,264.99,2240500
2026-03-02 19:00:00-05:00,259.42,260.93,252.40,258.73,2178500
2026-03-03 19:00:00-05:00,260.21,260.65,256.02,259.98,1511700
2026-03-04 19:00:00-05:00,257.89,259.53,248.91,252.28,3215500
2026-03-05 19:00:00-05:00,249.65,253.14,246.24,250.02,2299000
2026-03-08 20:00:00-04:00,247.24,254.13,243.51,254.03,2647400
2026-03-09 20:00:00-04:00,253.30,257.27,251.57,253.80,1967200
2026-03-10 20:00:00-04:00,252.41,253.80,247.92,251.54,1970200
2026-03-11 20:00:00-04:00,251.43,251.43,239.49,243.71,2870400
2026-03-12 20:00:00-04:00,245.15,246.26,232.72,236.65,2637600
2026-03-15 20:00:00-04:00,241.12,242.49,238.42,240.62,2982600
2026-03-16 20:00:00-04:00,241.54,242.51,234.16,240.13,2329900
2026-03-17 20:00:00-04:00,242.17,245.12,240.87,241.82,2521400
2026-03-18 20:00:00-04:00,237.77,239.19,230.88,232.84,3028500
2026-03-19 20:00:00-04:00,231.28,232.90,227.58,231.11,4337300
2026-03-22 20:00:00-04:00,234.91,241.74,232.50,235.94,2226900
2026-03-23 20:00:00-04:00,233.55,239.46,231.66,239.40,1937400
2026-03-24 20:00:00-04:00,241.89,243.55,240.66,241.51,1601700
2026-03-25 20:00:00-04:00,237.40,238.56,229.68,230.41,1604500
2026-03-26 20:00:00-04:00,230.13,230.88,227.27,227.80,1655700
2026-03-29 20:00:00-04:00,230.41,230.79,220.41,222.89,2405600
2026-03-30 20:00:00-04:00,227.03,233.12,224.90,230.36,3431200
2026-03-31 20:00:00-04:00,233.92,240.27,233.53,238.93,2650800
2026-04-01 20:00:00-04:00,234.45,237.66,230.87,232.58,1756600
2026-04-05 20:00:00-04:00,232.30,236.51,231.05,236.47,1499000
2026-04-06 20:00:00-04:00,233.16,236.82,231.98,235.92,1311800
2026-04-07 20:00:00-04:00,245.81,252.89,245.81,249.89,2106200
2026-04-08 20:00:00-04:00,249.15,257.26,249.15,253.95,1890000
2026-04-09 20:00:00-04:00,253.25,254.53,249.18,252.56,1187100
2026-04-12 20:00:00-04:00,251.32,256.19,249.27,256.03,1975500
2026-04-13 20:00:00-04:00,257.17,259.71,255.79,257.92,1632400
2026-04-14 20:00:00-04:00,257.01,257.96,252.31,253.93,1685700
2026-04-15 20:00:00-04:00,254.26,255.43,246.25,247.49,1867900
2026-04-16 20:00:00-04:00,251.22,258.63,251.22,255.58,2276400
2026-04-19 20:00:00-04:00,255.51,257.04,252.29,255.51,1841700
2026-04-20 20:00:00-04:00,254.32,255.09,245.61,247.61,2039900
2026-04-21 20:00:00-04:00,249.89,250.11,233.22,240.77,3630300
2026-04-22 20:00:00-04:00,242.24,251.13,241.62,246.05,2462400
2026-04-23 20:00:00-04:00,244.32,245.15,239.62,242.33,1452300
2026-04-26 20:00:00-04:00,241.82,242.35,237.91,241.59,1862900
2026-04-27 20:00:00-04:00,241.65,245.25,237.18,240.32,2728200
2026-04-28 20:00:00-04:00,240.89,241.68,234.51,236.42,2699400
2026-04-29 20:00:00-04:00,236.19,243.95,235.77,242.93,2540700
2026-04-30 20:00:00-04:00,243.46,244.49,237.77,239.40,2026700
2026-05-03 20:00:00-04:00,239.88,242.29,238.25,239.59,1886300
2026-05-04 20:00:00-04:00,242.92,245.63,241.90,242.58,1775700
2026-05-05 20:00:00-04:00,250.61,258.19,249.53,256.32,4287800
2026-05-06 20:00:00-04:00,266.15,267.97,261.34,265.76,5794000
2026-05-07 20:00:00-04:00,266.15,267.97,261.34,265.76,3186500
2026-05-10 20:00:00-04:00,266.15,267.97,261.34,265.76,2979700
2026-05-11 20:00:00-04:00,266.15,267.97,261.34,265.76,2303500
2026-05-12 20:00:00-04:00,266.15,267.97,261.34,265.76,2442700
2026-05-13 20:00:00-04:00,266.15,267.97,261.34,265.76,1701300
2026-05-14 20:00:00-04:00,266.15,267.97,260.00,260.35,2392900
2026-05-17 20:00:00-04:00,260.00,263.82,255.79,256.99,1760200
2026-05-18 20:00:00-04:00,254.71,256.00,250.85,253.12,2016800
2026-05-19 20:00:00-04:00,256.26,262.70,255.33,261.21,2514500
2026-05-20 20:00:00-04:00,259.50,262.09,257.33,259.89,1633100
2026-05-21 20:00:00-04:00,261.88,261.90,255.45,256.55,1694800
2026-05-25 20:00:00-04:00,260.72,263.19,258.93,261.89,1777900
2026-05-26 20:00:00-04:00,262.50,263.48,255.50,258.02,1999800
2026-05-27 20:00:00-04:00,260.00,262.48,255.53,259.89,2037600
2026-05-28 20:00:00-04:00,258.84,259.58,254.34,258.25,6630900
2026-05-31 20:00:00-04:00,253.62,257.28,249.03,255.52,2928400
2026-06-01 20:00:00-04:00,254.12,256.57,249.01,250.72,2813300
2026-06-02 20:00:00-04:00,249.54,252.08,246.20,248.63,1950800
2026-06-03 20:00:00-04:00,248.22,251.06,244.63,249.33,2181600
2026-06-04 20:00:00-04:00,248.74,257.03,248.12,251.90,2189600
2026-06-07 20:00:00-04:00,254.53,254.54,245.20,246.55,2403100
2026-06-08 20:00:00-04:00,249.23,257.34,243.68,257.16,3162600
2026-06-09 20:00:00-04:00,256.77,256.77,248.34,249.49,2746300
2026-06-10 20:00:00-04:00,251.38,264.66,250.85,264.60,2508400
2026-06-11 20:00:00-04:00,266.15,267.97,261.09,264.67,1796900
2026-06-14 20:00:00-04:00,266.15,267.97,261.34,265.76,2257900
2026-06-15 20:00:00-04:00,266.15,267.97,261.34,265.76,2841200
2026-06-16 20:00:00-04:00,266.15,267.97,261.34,265.76,2701800
2026-06-17 20:00:00-04:00,266.15,267.97,261.34,265.76,4444100
2026-06-21 20:00:00-04:00,266.15,267.97,261.34,265.76,2566900
2026-06-22 20:00:00-04:00,266.15,267.97,261.34,265.76,3050800
2026-06-23 20:00:00-04:00,266.15,267.97,261.34,265.76,2886200
2026-06-24 20:00:00-04:00,266.15,267.97,261.34,265.76,4997300
2026-06-25 20:00:00-04:00,266.15,267.97,258.59,265.76,10164800
2026-06-28 20:00:00-04:00,266.15,267.97,261.34,265.76,5271200
