Date,Open,High,Low,Close,Volume
2018-07-01 20:00:00-04:00,124.99,125.53,123.23,125.48,1387100
2018-07-02 20:00:00-04:00,126.12,126.80,124.97,125.23,1280800
2018-07-04 20:00:00-04:00,125.81,125.81,123.95,124.52,1323500
2018-07-05 20:00:00-04:00,124.73,128.88,124.50,128.54,2077100
2018-07-08 20:00:00-04:00,130.00,130.49,125.88,126.53,2049000
2018-07-09 20:00:00-04:00,126.85,128.23,126.27,127.38,1224500
2018-07-10 20:00:00-04:00,126.19,126.45,124.62,125.66,1060400
2018-07-11 20:00:00-04:00,126.47,126.64,125.02,125.72,762800
2018-07-12 20:00:00-04:00,125.94,126.83,124.91,125.45,881000
2018-07-15 20:00:00-04:00,125.27,127.49,124.79,127.26,905300
2018-07-16 20:00:00-04:00,127.02,130.41,127.02,129.45,2422700
2018-07-17 20:00:00-04:00,129.36,129.95,127.52,128.81,1155600
2018-07-18 20:00:00-04:00,128.70,129.01,127.00,127.79,1069900
2018-07-19 20:00:00-04:00,127.60,128.90,126.29,126.45,1409300
2018-07-22 20:00:00-04:00,126.45,126.97,125.07,125.37,1273800
2018-07-23 20:00:00-04:00,125.93,126.39,122.40,122.98,1689100
2018-07-24 20:00:00-04:00,123.66,125.49,122.94,125.03,1326200
2018-07-25 20:00:00-04:00,124.75,126.16,123.19,124.49,1003800
2018-07-26 20:00:00-04:00,124.42,124.92,118.85,120.00,1858100
2018-07-29 20:00:00-04:00,120.04,121.25,118.65,118.84,1303200
2018-07-30 20:00:00-04:00,118.86,120.65,117.66,119.95,1073500
2018-07-31 20:00:00-04:00,120.18,121.81,119.55,120.55,1886200
2018-08-01 20:00:00-04:00,120.93,125.22,120.53,124.39,1793700
2018-08-02 20:00:00-04:00,124.35,126.33,124.35,126.08,1984100
2018-08-05 20:00:00-04:00,125.99,126.52,124.38,126.31,1267200
2018-08-06 20:00:00-04:00,127.08,127.30,124.99,125.58,1442400
2018-08-07 20:00:00-04:00,125.77,127.65,124.85,127.18,1534300
2018-08-08 20:00:00-04:00,127.74,128.69,127.11,128.16,925600
2018-08-09 20:00:00-04:00,127.48,130.76,126.78,130.52,1873900
2018-08-12 20:00:00-04:00,131.08,131.88,129.29,129.94,1786600
2018-08-13 20:00:00-04:00,130.50,130.92,127.59,129.47,1860100
2018-08-14 20:00:00-04:00,128.90,128.90,125.06,126.45,1320700
2018-08-15 20:00:00-04:00,129.20,130.48,127.17,129.47,1336400
2018-08-16 20:00:00-04:00,130.25,130.90,129.08,130.19,1061600
2018-08-19 20:00:00-04:00,130.93,137.19,130.31,136.67,2691700
2018-08-20 20:00:00-04:00,137.30,139.64,134.69,135.61,1593600
2018-08-21 20:00:00-04:00,136.28,138.24,135.38,135.48,1294300
2018-08-22 20:00:00-04:00,135.49,137.57,134.61,136.20,1049500
2018-08-23 20:00:00-04:00,137.15,140.33,136.68,138.76,1884400
2018-08-26 20:00:00-04:00,139.22,140.42,137.79,138.16,1469300
2018-08-27 20:00:00-04:00,138.32,139.27,137.12,138.68,1907700
2018-08-28 20:00:00-04:00,138.70,138.94,135.08,138.70,2154600
2018-08-29 20:00:00-04:00,137.80,138.38,135.69,137.00,4293400
2018-08-30 20:00:00-04:00,153.30,159.79,153.01,154.93,5824400
2018-09-03 20:00:00-04:00,154.86,160.00,154.71,157.29,4466300
2018-09-04 20:00:00-04:00,157.17,157.29,152.08,152.74,2638400
2018-09-05 20:00:00-04:00,153.57,154.97,150.78,151.00,2365600
2018-09-06 20:00:00-04:00,150.74,153.99,150.59,150.82,2052400
2018-09-09 20:00:00-04:00,151.50,154.78,151.50,154.11,1365500
2018-09-10 20:00:00-04:00,154.17,155.25,152.20,153.23,1486500
2018-09-11 20:00:00-04:00,153.30,154.07,150.87,153.01,1372300
2018-09-12 20:00:00-04:00,153.16,154.82,152.20,154.60,1275800
2018-09-13 20:00:00-04:00,154.73,155.64,152.47,153.71,1193300
2018-09-16 20:00:00-04:00,159.10,160.68,154.82,155.38,2620000
2018-09-17 20:00:00-04:00,155.69,158.94,153.80,158.44,1434300
2018-09-18 20:00:00-04:00,158.63,158.63,154.05,155.21,1621100
2018-09-19 20:00:00-04:00,155.45,156.40,154.39,155.97,1241400
2018-09-20 20:00:00-04:00,156.59,158.13,154.63,156.99,2070600
2018-09-23 20:00:00-04:00,156.79,157.78,156.03,157.34,1196100
2018-09-24 20:00:00-04:00,157.55,159.08,157.08,158.41,1220400
2018-09-25 20:00:00-04:00,157.75,159.88,156.77,158.96,1010500
2018-09-26 20:00:00-04:00,160.00,161.50,158.66,161.24,1682400
2018-09-27 20:00:00-04:00,161.25,164.14,161.25,162.49,1525200
2018-09-30 20:00:00-04:00,163.80,164.79,161.19,161.64,1012900
2018-10-01 20:00:00-04:00,162.88,163.13,160.00,160.20,1336200
2018-10-02 20:00:00-04:00,161.25,161.83,159.35,161.52,1237700
2018-10-03 20:00:00-04:00,160.22,161.08,156.33,157.04,1484800
2018-10-04 20:00:00-04:00,156.69,158.34,151.46,153.84,2133800
2018-10-07 20:00:00-04:00,153.02,154.92,148.34,150.78,2739500
2018-10-08 20:00:00-04:00,149.84,153.45,149.00,150.25,1592400
2018-10-09 20:00:00-04:00,149.17,149.56,140.40,140.68,2542600
2018-10-10 20:00:00-04:00,139.29,144.91,137.68,140.51,2169500
2018-10-11 20:00:00-04:00,145.53,146.90,141.07,143.71,3529000
2018-10-14 20:00:00-04:00,146.79,146.98,142.86,144.46,1626400
2018-10-15 20:00:00-04:00,145.56,147.22,142.97,146.83,1859900
2018-10-16 20:00:00-04:00,146.98,147.77,142.75,143.57,1286700
2018-10-17 20:00:00-04:00,143.09,145.65,140.92,142.68,1748000
2018-10-18 20:00:00-04:00,143.48,144.10,136.53,136.77,2090700
2018-10-21 20:00:00-04:00,136.47,140.90,136.02,139.95,1979300
2018-10-22 20:00:00-04:00,137.21,137.72,133.13,137.43,2004300
2018-10-23 20:00:00-04:00,140.80,140.97,134.16,134.29,1771100
2018-10-24 20:00:00-04:00,134.31,138.59,134.00,137.22,1664900
2018-10-25 20:00:00-04:00,134.49,136.67,133.14,134.82,1712400
2018-10-28 20:00:00-04:00,136.69,139.15,133.95,135.88,1726800
2018-10-29 20:00:00-04:00,135.36,142.63,135.12,142.13,2120700
2018-10-30 20:00:00-04:00,143.75,146.60,140.66,140.73,2360600
2018-10-31 20:00:00-04:00,141.66,144.65,138.97,144.17,1665000
2018-11-01 20:00:00-04:00,145.37,145.45,140.04,142.02,1499300
2018-11-04 19:00:00-05:00,143.28,143.84,139.15,142.20,1515100
2018-11-05 19:00:00-05:00,141.83,143.60,139.92,141.13,1402400
2018-11-06 19:00:00-05:00,141.77,144.56,139.68,143.23,1706400
2018-11-07 19:00:00-05:00,143.27,143.79,140.11,142.27,1516300
2018-11-08 19:00:00-05:00,141.39,142.00,136.38,137.56,1693400
2018-11-11 19:00:00-05:00,137.28,138.36,134.66,135.42,1739600
2018-11-12 19:00:00-05:00,135.53,140.35,134.65,138.70,1835300
2018-11-13 19:00:00-05:00,140.87,144.07,138.38,140.13,2621600
2018-11-14 19:00:00-05:00,138.33,139.98,134.70,139.83,1850400
2018-11-15 19:00:00-05:00,138.08,138.08,134.35,134.53,1788100
2018-11-18 19:00:00-05:00,134.50,135.88,126.62,126.99,2698700
2018-11-19 19:00:00-05:00,119.45,124.95,118.52,121.39,3049400
2018-11-20 19:00:00-05:00,122.19,124.63,121.87,123.88,1888100
2018-11-22 19:00:00-05:00,122.50,124.01,120.61,120.86,841400
2018-11-25 19:00:00-05:00,122.04,125.42,121.87,123.76,3322100
2018-11-26 19:00:00-05:00,122.90,124.34,121.40,122.77,1465000
2018-11-27 19:00:00-05:00,123.94,129.29,123.94,128.99,2213300
2018-11-28 19:00:00-05:00,128.03,130.44,126.84,129.46,2087000
2018-11-29 19:00:00-05:00,129.25,133.26,129.25,132.55,2660400
2018-12-02 19:00:00-05:00,137.00,140.08,134.10,139.89,3654000
2018-12-03 19:00:00-05:00,139.50,139.58,131.32,133.62,3244300
2018-12-05 19:00:00-05:00,133.00,134.71,126.56,131.44,5622300
2018-12-06 19:00:00-05:00,132.00,136.26,113.61,113.87,5824400
2018-12-09 19:00:00-05:00,113.35,116.59,112.37,115.01,3938200
2018-12-10 19:00:00-05:00,117.03,119.93,115.80,116.85,3047000
2018-12-11 19:00:00-05:00,120.21,123.53,118.50,122.65,4589200
2018-12-12 19:00:00-05:00,122.99,125.80,118.15,120.20,4675300
2018-12-13 19:00:00-05:00,118.43,122.15,117.61,119.12,2954000
2018-12-16 19:00:00-05:00,119.83,122.00,117.50,118.87,3901500
2018-12-17 19:00:00-05:00,120.02,122.41,118.38,119.20,3708800
2018-12-18 19:00:00-05:00,119.52,120.77,114.15,115.71,2759200
2018-12-19 19:00:00-05:00,114.83,118.21,111.34,115.01,3271600
2018-12-20 19:00:00-05:00,116.76,119.75,113.53,113.74,5420500
2018-12-23 19:00:00-05:00,112.21,115.89,110.71,113.26,1627000
2018-12-25 19:00:00-05:00,114.13,122.74,114.10,122.66,2557300
2018-12-26 19:00:00-05:00,120.64,124.18,118.69,123.34,1950300
2018-12-27 19:00:00-05:00,124.40,125.37,120.64,121.40,2167000
2018-12-30 19:00:00-05:00,123.12,123.34,120.56,121.61,1447300
2019-01-01 19:00:00-05:00,118.89,124.59,118.28,123.35,2085800
2019-01-02 19:00:00-05:00,121.85,126.12,120.32,124.36,2896800
2019-01-03 19:00:00-05:00,125.85,129.57,125.31,128.55,2184600
2019-01-06 19:00:00-05:00,129.33,135.10,129.33,134.10,2860000
2019-01-07 19:00:00-05:00,135.52,137.18,133.67,135.86,2322600
2019-01-08 19:00:00-05:00,137.50,137.51,134.64,136.00,3339000
2019-01-09 19:00:00-05:00,131.03,132.41,129.50,131.61,3402100
2019-01-10 19:00:00-05:00,130.97,133.15,130.57,132.16,2949700
2019-01-13 19:00:00-05:00,136.64,145.00,135.38,139.73,5824400
2019-01-14 19:00:00-05:00,139.36,141.65,138.51,141.13,2619600
2019-01-15 19:00:00-05:00,142.36,143.25,141.37,142.24,1783500
2019-01-16 19:00:00-05:00,141.73,146.04,141.73,145.14,3012100
2019-01-17 19:00:00-05:00,147.52,152.18,147.07,152.07,3277100
2019-01-21 19:00:00-05:00,150.52,151.66,148.32,149.47,1828200
2019-01-22 19:00:00-05:00,151.43,151.73,147.75,149.85,1602100
2019-01-23 19:00:00-05:00,150.00,150.26,147.23,148.43,2033600
2019-01-24 19:00:00-05:00,150.00,152.81,148.43,151.89,1731700
2019-01-27 19:00:00-05:00,150.34,150.77,148.62,149.70,1417000
2019-01-28 19:00:00-05:00,149.83,149.93,147.81,148.95,1297400
2019-01-29 19:00:00-05:00,150.14,150.40,148.23,148.61,1380000
2019-01-30 19:00:00-05:00,148.31,148.93,146.31,147.81,2517100
2019-01-31 19:00:00-05:00,147.45,147.85,144.36,146.12,1749900
2019-02-03 19:00:00-05:00,145.34,147.45,144.68,146.64,1689800
2019-02-04 19:00:00-05:00,147.55,151.57,146.68,146.89,2138500
2019-02-05 19:00:00-05:00,146.96,147.27,143.47,145.76,1452900
2019-02-06 19:00:00-05:00,144.33,147.67,143.06,147.63,1803200
2019-02-07 19:00:00-05:00,147.13,150.00,147.00,148.62,1450400
2019-02-10 19:00:00-05:00,149.70,151.93,149.28,149.79,1509200
2019-02-11 19:00:00-05:00,150.86,157.55,150.57,157.32,4021900
2019-02-12 19:00:00-05:00,157.94,158.67,154.11,155.27,2090600
2019-02-13 19:00:00-05:00,153.51,156.42,152.35,154.85,1121000
2019-02-14 19:00:00-05:00,155.60,156.23,150.54,151.09,1925900
2019-02-18 19:00:00-05:00,149.18,149.80,145.53,147.57,2451500
2019-02-19 19:00:00-05:00,147.45,149.51,147.03,148.12,1396900
2019-02-20 19:00:00-05:00,147.47,149.11,147.05,148.11,977300
2019-02-21 19:00:00-05:00,148.70,149.36,147.50,149.26,966400
2019-02-24 19:00:00-05:00,150.12,151.51,148.05,148.54,1216900
2019-02-25 19:00:00-05:00,148.20,151.40,148.19,150.98,1469000
2019-02-26 19:00:00-05:00,150.00,152.15,149.05,150.56,1146300
2019-02-27 19:00:00-05:00,150.18,151.23,148.53,150.42,1234600
2019-02-28 19:00:00-05:00,152.56,153.95,150.19,151.38,1671900
2019-03-03 19:00:00-05:00,152.10,152.89,146.46,147.78,1450000
2019-03-04 19:00:00-05:00,148.07,149.68,147.45,148.90,983300
2019-03-05 19:00:00-05:00,149.60,150.23,147.66,149.09,805300
2019-03-06 19:00:00-05:00,148.37,148.92,146.42,147.70,1465100
2019-03-07 19:00:00-05:00,146.01,146.62,141.78,142.51,2785400
2019-03-10 20:00:00-04:00,143.00,145.54,142.35,145.29,2086500
2019-03-11 20:00:00-04:00,145.28,146.06,142.67,145.79,2090100
2019-03-12 20:00:00-04:00,146.15,147.71,145.25,145.41,1309800
2019-03-13 20:00:00-04:00,145.09,145.09,141.01,144.18,2284200
2019-03-14 20:00:00-04:00,145.23,145.48,141.55,141.79,2251100
2019-03-17 20:00:00-04:00,141.65,144.49,141.51,144.33,1587700
2019-03-18 20:00:00-04:00,144.66,146.30,143.77,144.99,1176500
2019-03-19 20:00:00-04:00,145.42,145.50,142.13,144.35,1267900
2019-03-20 20:00:00-04:00,144.64,149.55,144.54,148.91,1672900
2019-03-21 20:00:00-04:00,145.73,147.63,142.24,143.21,2644600
2019-03-24 20:00:00-04:00,142.91,147.37,141.34,146.58,2539900
2019-03-25 20:00:00-04:00,148.01,148.43,142.80,143.56,3010800
2019-03-26 20:00:00-04:00,144.32,146.86,143.88,146.80,5524400
2019-03-27 20:00:00-04:00,169.15,171.45,166.10,167.54,5824400
2019-03-28 20:00:00-04:00,165.91,168.30,162.95,163.87,5824400
2019-03-31 20:00:00-04:00,164.76,167.20,163.22,165.52,3958200
2019-04-01 20:00:00-04:00,165.61,166.70,164.01,165.47,2207600
2019-04-02 20:00:00-04:00,165.60,167.50,163.95,166.21,1827900
2019-04-03 20:00:00-04:00,166.27,171.69,166.15,171.37,2790400
2019-04-04 20:00:00-04:00,172.04,172.90,168.84,169.37,1951900
2019-04-07 20:00:00-04:00,168.78,170.40,168.36,169.77,2135300
2019-04-08 20:00:00-04:00,169.41,169.80,165.53,167.52,2475600
2019-04-09 20:00:00-04:00,168.30,169.82,166.68,167.46,1573800
2019-04-10 20:00:00-04:00,167.69,168.66,166.93,168.00,1409400
2019-04-11 20:00:00-04:00,168.50,170.68,167.50,169.88,1523400
2019-04-14 20:00:00-04:00,170.02,173.07,170.02,172.01,2475600
2019-04-15 20:00:00-04:00,173.00,173.32,168.73,169.33,1759700
2019-04-16 20:00:00-04:00,169.89,171.99,167.93,171.23,1674600
2019-04-17 20:00:00-04:00,171.74,174.64,169.72,173.31,2293200
2019-04-21 20:00:00-04:00,173.20,173.66,172.04,173.02,1260900
2019-04-22 20:00:00-04:00,174.51,177.16,173.03,176.78,2411900
2019-04-23 20:00:00-04:00,177.79,179.50,174.41,178.27,2474900
2019-04-24 20:00:00-04:00,178.34,179.22,176.61,177.29,1713300
2019-04-25 20:00:00-04:00,177.75,178.04,175.41,177.09,1585600
2019-04-28 20:00:00-04:00,176.61,178.85,176.50,177.50,1798700
2019-04-29 20:00:00-04:00,177.26,177.75,175.63,176.35,1268800
2019-04-30 20:00:00-04:00,176.23,178.27,175.58,175.67,1306800
2019-05-01 20:00:00-04:00,176.65,177.75,174.81,176.55,1369500
2019-05-02 20:00:00-04:00,176.84,178.98,176.01,178.64,1036600
2019-05-05 20:00:00-04:00,175.20,178.22,174.59,177.69,919900
2019-05-06 20:00:00-04:00,177.00,177.50,172.10,173.98,1818600
2019-05-07 20:00:00-04:00,173.86,177.00,172.79,175.17,1008300
2019-05-08 20:00:00-04:00,173.53,174.89,171.28,173.71,1218400
2019-05-09 20:00:00-04:00,173.51,175.11,170.01,173.68,1120500
2019-05-12 20:00:00-04:00,170.00,171.13,166.22,167.57,2019700
2019-05-13 20:00:00-04:00,168.54,171.51,167.32,170.68,1684300
2019-05-14 20:00:00-04:00,169.82,173.75,168.85,172.88,1223300
2019-05-15 20:00:00-04:00,173.90,177.06,173.68,176.80,1330000
2019-05-16 20:00:00-04:00,176.49,176.65,172.56,173.00,1577400
2019-05-19 20:00:00-04:00,171.05,174.86,170.28,174.15,1077000
2019-05-20 20:00:00-04:00,174.88,177.27,174.60,176.53,1444800
2019-05-21 20:00:00-04:00,176.00,176.21,174.53,175.72,877500
2019-05-22 20:00:00-04:00,173.56,174.93,169.99,170.20,1654100
2019-05-23 20:00:00-04:00,171.17,173.24,170.55,172.72,1509600
2019-05-27 20:00:00-04:00,173.11,176.04,173.02,173.55,2222300
2019-05-28 20:00:00-04:00,172.44,172.80,160.88,161.59,4857100
2019-05-29 20:00:00-04:00,161.57,165.29,161.57,163.85,1915300
2019-05-30 20:00:00-04:00,161.05,165.63,160.88,165.59,1663700
2019-06-02 20:00:00-04:00,165.83,167.50,162.29,163.87,1634900
2019-06-03 20:00:00-04:00,165.40,169.36,165.02,169.00,1273600
2019-06-04 20:00:00-04:00,170.14,173.82,169.38,173.52,1814500
2019-06-05 20:00:00-04:00,173.51,173.54,169.71,170.38,1685700
2019-06-06 20:00:00-04:00,171.66,172.80,169.59,172.49,1846600
2019-06-09 20:00:00-04:00,174.34,176.38,170.98,171.35,1930900
2019-06-10 20:00:00-04:00,172.31,173.94,170.31,171.63,2016200
2019-06-11 20:00:00-04:00,171.93,173.45,169.29,170.89,5417600
2019-06-12 20:00:00-04:00,181.99,182.89,172.50,174.52,5824400
2019-06-13 20:00:00-04:00,173.04,177.72,171.60,176.71,3635700
2019-06-16 20:00:00-04:00,177.74,184.68,177.09,183.34,3987500
2019-06-17 20:00:00-04:00,185.57,188.80,184.45,188.03,3034100
2019-06-18 20:00:00-04:00,188.10,189.00,186.09,187.10,1827600
2019-06-19 20:00:00-04:00,189.20,190.52,185.37,186.50,2366000
2019-06-20 20:00:00-04:00,184.60,184.80,180.85,181.87,4115900
2019-06-23 20:00:00-04:00,182.16,184.31,181.55,182.64,2053200
2019-06-24 20:00:00-04:00,182.64,182.89,175.17,177.26,2708600
2019-06-25 20:00:00-04:00,178.08,180.74,177.03,177.31,1944500
2019-06-26 20:00:00-04:00,177.72,180.69,177.09,180.11,1410700
2019-06-27 20:00:00-04:00,181.00,181.11,178.65,180.21,3067000
2019-06-30 20:00:00-04:00,182.33,183.83,179.31,179.95,1813300
2019-07-01 20:00:00-04:00,179.95,182.70,179.59,180.86,1859500
2019-07-02 20:00:00-04:00,181.51,184.47,180.80,183.99,1178800
2019-07-04 20:00:00-04:00,183.20,183.46,180.70,183.21,1511700
2019-07-07 20:00:00-04:00,181.86,186.95,181.60,186.80,1882900
2019-07-08 20:00:00-04:00,184.93,186.50,183.90,186.05,2323100
2019-07-09 20:00:00-04:00,187.00,187.32,183.16,183.87,1467000
2019-07-10 20:00:00-04:00,183.71,184.41,181.60,183.07,1244600
2019-07-11 20:00:00-04:00,185.00,190.52,184.61,189.52,3094500
2019-07-14 20:00:00-04:00,189.72,191.44,186.75,189.17,1815400
2019-07-15 20:00:00-04:00,189.32,191.14,187.67,190.18,1430100
2019-07-16 20:00:00-04:00,190.33,190.96,188.99,190.38,959700
2019-07-17 20:00:00-04:00,189.56,190.50,187.10,189.39,1114900
2019-07-18 20:00:00-04:00,190.10,190.55,187.88,187.94,952800
2019-07-21 20:00:00-04:00,189.46,189.66,186.08,187.75,970100
2019-07-22 20:00:00-04:00,189.00,189.84,186.71,189.07,1040800
2019-07-23 20:00:00-04:00,189.07,192.42,189.07,192.21,1067800
2019-07-24 20:00:00-04:00,192.95,193.71,190.70,191.21,1017100
2019-07-25 20:00:00-04:00,192.25,192.74,189.81,190.61,899000
2019-07-28 20:00:00-04:00,190.67,192.34,188.68,192.09,841800
2019-07-29 20:00:00-04:00,190.98,193.46,189.46,191.77,1075500
2019-07-30 20:00:00-04:00,191.00,194.25,189.04,191.09,1256800
2019-07-31 20:00:00-04:00,191.28,192.15,184.07,185.45,1662300
2019-08-01 20:00:00-04:00,184.60,184.89,177.60,178.93,1937700
2019-08-04 20:00:00-04:00,173.60,176.55,172.12,174.46,2364500
2019-08-05 20:00:00-04:00,176.50,180.46,175.82,179.63,1371900
2019-08-06 20:00:00-04:00,177.44,181.59,176.02,181.36,1009300
2019-08-07 20:00:00-04:00,182.60,186.88,182.26,186.35,1481200
2019-08-08 20:00:00-04:00,185.35,186.00,180.94,182.82,950700
2019-08-11 20:00:00-04:00,182.00,182.05,177.66,178.82,965400
2019-08-12 20:00:00-04:00,177.62,183.72,176.42,179.59,1677500
2019-08-13 20:00:00-04:00,176.05,176.86,174.01,174.68,1770800
2019-08-14 20:00:00-04:00,176.20,176.35,172.44,175.44,1136600
2019-08-15 20:00:00-04:00,177.51,179.54,176.18,177.83,977600
2019-08-18 20:00:00-04:00,179.95,181.03,177.37,178.67,1181500
2019-08-19 20:00:00-04:00,178.84,180.60,177.24,179.67,1039200
2019-08-20 20:00:00-04:00,182.00,183.53,179.91,183.33,971300
2019-08-21 20:00:00-04:00,183.88,185.12,180.78,183.97,1070600
2019-08-22 20:00:00-04:00,183.00,184.12,178.83,180.03,1654100
2019-08-25 20:00:00-04:00,182.98,182.98,180.16,182.35,805400
2019-08-26 20:00:00-04:00,182.95,183.80,179.80,180.11,1428400
2019-08-27 20:00:00-04:00,179.25,183.08,178.53,182.70,893100
2019-08-28 20:00:00-04:00,184.83,187.20,184.16,186.06,1423100
2019-08-29 20:00:00-04:00,187.48,187.74,182.59,184.67,1239900
2019-09-02 20:00:00-04:00,183.53,184.26,178.26,179.54,2558300
2019-09-03 20:00:00-04:00,180.65,181.86,179.99,180.70,2098900
2019-09-04 20:00:00-04:00,184.00,188.95,183.88,188.41,5824400
2019-09-05 20:00:00-04:00,197.79,204.44,197.75,203.14,5824400
2019-09-08 20:00:00-04:00,203.51,203.76,194.06,194.39,3878600
2019-09-09 20:00:00-04:00,194.29,194.29,190.90,193.26,2538300
2019-09-10 20:00:00-04:00,193.02,198.78,192.00,196.41,2173600
2019-09-11 20:00:00-04:00,198.17,201.55,196.88,198.73,2322500
2019-09-12 20:00:00-04:00,198.80,199.42,194.86,195.18,1512700
2019-09-15 20:00:00-04:00,194.16,194.91,192.12,193.70,1310800
2019-09-16 20:00:00-04:00,193.50,197.33,193.38,195.47,1201900
2019-09-17 20:00:00-04:00,195.46,197.16,192.65,195.36,1410500
2019-09-18 20:00:00-04:00,195.70,196.06,193.17,193.61,1319300
2019-09-19 20:00:00-04:00,194.08,196.04,189.18,189.30,2431000
2019-09-22 20:00:00-04:00,190.70,195.87,190.70,195.18,2339800
2019-09-23 20:00:00-04:00,196.45,196.79,190.74,193.85,2009300
2019-09-24 20:00:00-04:00,193.94,195.10,190.57,193.02,1335000
2019-09-25 20:00:00-04:00,192.36,193.93,189.64,191.54,962400
2019-09-26 20:00:00-04:00,192.68,192.96,188.55,189.72,1117900
2019-09-29 20:00:00-04:00,190.32,193.41,190.05,192.53,1213300
2019-09-30 20:00:00-04:00,193.41,194.07,191.32,192.69,1317200
2019-10-01 20:00:00-04:00,190.92,191.75,187.12,189.13,1351900
2019-10-02 20:00:00-04:00,188.76,190.30,185.36,190.15,1382800
2019-10-03 20:00:00-04:00,190.45,193.43,189.95,193.12,1193700
2019-10-06 20:00:00-04:00,191.92,193.40,190.81,191.66,1162200
2019-10-07 20:00:00-04:00,190.06,194.24,188.94,191.37,1150500
2019-10-08 20:00:00-04:00,193.85,194.50,192.00,192.16,904300
2019-10-09 20:00:00-04:00,192.28,198.22,191.61,198.13,2435700
2019-10-10 20:00:00-04:00,199.55,202.98,199.55,201.62,2285700
2019-10-13 20:00:00-04:00,201.89,205.11,201.24,203.04,1826100
2019-10-14 20:00:00-04:00,203.40,205.40,202.31,203.89,2059300
2019-10-15 20:00:00-04:00,202.36,203.93,201.67,203.08,1440000
2019-10-16 20:00:00-04:00,204.80,205.65,204.23,204.96,1308200
2019-10-17 20:00:00-04:00,203.70,209.02,203.31,207.11,2358000
2019-10-20 20:00:00-04:00,207.16,207.65,203.00,205.28,1563400
2019-10-21 20:00:00-04:00,206.42,207.17,203.96,204.40,1038300
2019-10-22 20:00:00-04:00,204.05,206.42,203.50,205.46,1067700
2019-10-23 20:00:00-04:00,205.22,206.88,204.91,206.84,835800
2019-10-24 20:00:00-04:00,206.35,208.06,205.00,208.00,993500
2019-10-27 20:00:00-04:00,203.90,207.53,203.00,205.97,2423900
2019-10-28 20:00:00-04:00,206.13,207.48,204.66,205.58,1179100
2019-10-29 20:00:00-04:00,205.77,206.11,204.30,205.85,1283600
2019-10-30 20:00:00-04:00,205.35,207.40,203.15,204.27,1802500
2019-10-31 20:00:00-04:00,205.18,205.66,199.23,200.69,2010600
2019-11-03 19:00:00-05:00,203.89,204.00,194.15,196.48,2671000
2019-11-04 19:00:00-05:00,197.00,197.89,191.21,194.34,2104600
2019-11-05 19:00:00-05:00,196.98,200.90,194.29,200.74,2484800
2019-11-06 19:00:00-05:00,202.00,203.55,200.90,202.82,1791400
2019-11-07 19:00:00-05:00,202.58,204.31,202.27,204.13,1302600
2019-11-10 19:00:00-05:00,203.25,207.19,202.69,207.19,1262500
2019-11-11 19:00:00-05:00,207.18,208.74,206.67,207.81,1726900
2019-11-12 19:00:00-05:00,207.59,211.31,206.96,211.11,1721800
2019-11-13 19:00:00-05:00,210.04,213.64,210.00,213.22,1252800
2019-11-14 19:00:00-05:00,214.31,216.05,212.26,215.91,1492700
2019-11-17 19:00:00-05:00,214.50,219.08,213.96,218.46,2023600
2019-11-18 19:00:00-05:00,217.79,219.97,216.51,216.88,1731000
2019-11-19 19:00:00-05:00,216.84,218.06,215.33,217.04,1534600
2019-11-20 19:00:00-05:00,216.98,218.90,216.51,216.74,978000
2019-11-21 19:00:00-05:00,218.00,220.00,215.11,219.90,1998500
2019-11-24 19:00:00-05:00,222.03,226.66,222.00,222.16,1812900
2019-11-25 19:00:00-05:00,223.26,225.01,220.25,222.84,1522000
2019-11-26 19:00:00-05:00,223.89,229.65,223.04,228.83,1772500
2019-11-28 19:00:00-05:00,228.74,228.84,225.57,225.69,783500
2019-12-01 19:00:00-05:00,226.25,227.00,222.81,225.53,1420100
2019-12-02 19:00:00-05:00,222.57,223.99,220.90,223.19,1465000
2019-12-03 19:00:00-05:00,225.00,226.33,223.48,225.58,1555500
2019-12-04 19:00:00-05:00,227.50,230.82,226.28,230.79,1388900
2019-12-05 19:00:00-05:00,232.56,233.12,229.06,229.38,1921700
2019-12-08 19:00:00-05:00,232.03,233.53,230.23,230.88,2131300
2019-12-09 19:00:00-05:00,231.67,231.70,227.07,229.65,2920200
2019-12-10 19:00:00-05:00,229.90,235.50,228.00,233.19,5272000
2019-12-11 19:00:00-05:00,226.05,228.82,218.18,224.47,5824400
2019-12-12 19:00:00-05:00,220.43,225.50,218.81,223.55,5234700
2019-12-15 19:00:00-05:00,224.72,227.32,223.76,225.35,2771000
2019-12-16 19:00:00-05:00,225.83,226.44,221.46,222.98,2310300
2019-12-17 19:00:00-05:00,223.97,225.60,223.30,224.31,2071200
2019-12-18 19:00:00-05:00,223.79,224.75,222.27,224.13,1808600
2019-12-19 19:00:00-05:00,224.69,230.57,224.39,230.29,3295500
2019-12-22 19:00:00-05:00,230.80,231.14,227.07,228.13,1453000
2019-12-23 19:00:00-05:00,228.47,229.41,227.11,229.03,613600
2019-12-25 19:00:00-05:00,229.39,233.42,229.31,231.17,1790500
2019-12-26 19:00:00-05:00,232.56,232.79,229.76,230.02,1515700
2019-12-29 19:00:00-05:00,229.80,231.75,227.53,230.83,1204300
2019-12-30 19:00:00-05:00,231.14,232.00,229.67,231.67,943200
2020-01-01 19:00:00-05:00,232.90,233.47,231.77,233.42,1449300
2020-01-02 19:00:00-05:00,231.24,234.50,230.23,232.64,1315400
2020-01-05 19:00:00-05:00,231.49,235.53,230.80,235.43,1460700
2020-01-06 19:00:00-05:00,235.50,236.85,233.34,233.70,1367900
2020-01-07 19:00:00-05:00,234.88,238.01,234.01,237.27,1883900
2020-01-08 19:00:00-05:00,239.22,239.47,235.29,235.90,1141300
2020-01-09 19:00:00-05:00,236.21,236.28,233.26,234.84,1178100
2020-01-12 19:00:00-05:00,238.57,245.35,238.11,245.18,4118600
2020-01-13 19:00:00-05:00,246.28,247.51,243.45,243.77,1644000
2020-01-14 19:00:00-05:00,245.15,246.04,243.39,243.49,996800
2020-01-15 19:00:00-05:00,245.00,245.52,241.79,243.71,1409700
2020-01-16 19:00:00-05:00,245.51,245.73,241.15,241.25,1335400
2020-01-20 19:00:00-05:00,241.43,243.48,240.00,242.52,1604700
2020-01-21 19:00:00-05:00,243.30,246.02,243.06,244.30,1205800
2020-01-22 19:00:00-05:00,242.62,244.28,241.50,243.06,868700
2020-01-23 19:00:00-05:00,243.74,245.06,239.27,240.35,938200
2020-01-26 19:00:00-05:00,233.80,237.87,231.84,236.74,1292000
2020-01-27 19:00:00-05:00,238.66,240.19,236.33,239.35,971400
2020-01-28 19:00:00-05:00,240.32,244.33,238.77,243.66,998200
2020-01-29 19:00:00-05:00,241.84,244.00,240.90,243.77,770900
2020-01-30 19:00:00-05:00,243.48,243.58,239.30,239.39,1391600
2020-02-02 19:00:00-05:00,240.18,247.70,240.18,246.37,1792000
2020-02-03 19:00:00-05:00,249.85,250.10,247.66,247.99,1354900
2020-02-04 19:00:00-05:00,249.15,249.71,243.56,243.90,1518600
2020-02-05 19:00:00-05:00,244.35,244.53,242.79,243.78,1155900
2020-02-06 19:00:00-05:00,243.77,246.89,242.17,243.51,1087600
2020-02-09 19:00:00-05:00,244.02,249.74,244.02,248.54,1192100
2020-02-10 19:00:00-05:00,249.34,252.39,248.34,251.58,1014700
2020-02-11 19:00:00-05:00,252.11,254.16,250.78,253.94,658100
2020-02-12 19:00:00-05:00,253.41,256.80,252.37,253.86,905300
2020-02-13 19:00:00-05:00,254.68,256.00,253.15,254.41,950700
2020-02-17 19:00:00-05:00,254.01,259.74,253.66,259.23,1273700
2020-02-18 19:00:00-05:00,261.00,263.50,259.81,262.51,908000
2020-02-19 19:00:00-05:00,262.93,266.20,258.75,263.68,1518400
2020-02-20 19:00:00-05:00,263.00,265.10,253.80,255.90,1587700
2020-02-23 19:00:00-05:00,245.39,247.87,235.69,246.21,1875000
2020-02-24 19:00:00-05:00,248.38,250.45,237.05,238.81,1550900
2020-02-25 19:00:00-05:00,239.15,244.13,237.04,238.56,1219000
2020-02-26 19:00:00-05:00,230.44,232.48,220.21,220.70,2834900
2020-02-27 19:00:00-05:00,210.00,217.70,208.90,217.41,3747900
2020-03-01 19:00:00-05:00,219.19,229.21,216.49,228.90,2333900
2020-03-02 19:00:00-05:00,228.87,235.42,225.96,227.13,3570700
2020-03-03 19:00:00-05:00,231.51,232.88,221.24,231.62,1723700
2020-03-04 19:00:00-05:00,225.40,227.38,216.15,221.19,2005000
2020-03-05 19:00:00-05:00,213.26,223.35,212.24,218.55,2494400
2020-03-08 20:00:00-04:00,202.00,208.33,194.24,199.77,2292500
2020-03-09 20:00:00-04:00,206.37,206.99,197.11,204.12,2274000
2020-03-10 20:00:00-04:00,199.39,201.49,191.39,193.74,2114700
2020-03-11 20:00:00-04:00,179.45,180.33,167.33,169.13,3906800
2020-03-12 20:00:00-04:00,175.90,176.79,162.32,176.75,2933300
2020-03-15 20:00:00-04:00,155.49,155.89,138.29,138.98,4568200
2020-03-16 20:00:00-04:00,141.70,156.80,136.09,144.88,3764700
2020-03-17 20:00:00-04:00,135.12,140.64,128.85,140.36,3809600
2020-03-18 20:00:00-04:00,136.33,162.78,136.33,154.86,2989600
2020-03-19 20:00:00-04:00,163.51,182.53,162.60,165.01,5338000
2020-03-22 20:00:00-04:00,165.55,180.36,165.05,172.30,4267500
2020-03-23 20:00:00-04:00,183.25,194.90,180.10,192.74,2912900
2020-03-24 20:00:00-04:00,195.50,202.86,192.43,193.62,3336400
2020-03-25 20:00:00-04:00,197.05,202.84,189.05,200.80,4117800
2020-03-26 20:00:00-04:00,192.50,195.55,184.06,188.84,3572100
2020-03-29 20:00:00-04:00,188.50,196.96,183.03,193.94,2197800
2020-03-30 20:00:00-04:00,193.03,194.20,188.19,189.55,2027200
2020-03-31 20:00:00-04:00,181.53,187.28,181.53,183.50,1767800
2020-04-01 20:00:00-04:00,182.00,185.50,177.77,185.49,2311300
2020-04-02 20:00:00-04:00,184.71,184.77,179.10,181.25,2208300
2020-04-05 20:00:00-04:00,188.22,195.70,185.75,194.95,2479100
2020-04-06 20:00:00-04:00,202.48,203.44,194.70,194.92,2228500
2020-04-07 20:00:00-04:00,196.80,200.50,194.33,196.01,1243300
2020-04-08 20:00:00-04:00,199.64,206.00,198.48,203.51,1898300
2020-04-12 20:00:00-04:00,202.76,203.44,197.66,199.27,1008500
2020-04-13 20:00:00-04:00,203.72,206.77,201.58,205.18,1842400
2020-04-14 20:00:00-04:00,200.20,208.50,199.60,207.95,1888900
2020-04-15 20:00:00-04:00,210.00,214.43,207.68,209.19,2187000
2020-04-16 20:00:00-04:00,215.25,226.42,213.52,225.86,3555200
2020-04-19 20:00:00-04:00,222.79,224.51,216.79,218.59,2086100
2020-04-20 20:00:00-04:00,215.00,216.55,206.50,206.72,2145200
2020-04-21 20:00:00-04:00,210.91,214.22,210.01,212.09,1349800
2020-04-22 20:00:00-04:00,212.39,216.72,210.42,211.64,1102600
2020-04-23 20:00:00-04:00,213.76,216.50,212.10,214.55,1520800
2020-04-26 20:00:00-04:00,217.60,227.87,216.38,226.89,2227100
2020-04-27 20:00:00-04:00,231.30,231.95,224.19,224.47,1340000
2020-04-28 20:00:00-04:00,229.84,237.49,227.51,232.43,1393300
2020-04-29 20:00:00-04:00,229.72,231.55,223.48,223.48,1591200
2020-04-30 20:00:00-04:00,219.11,220.46,216.20,218.69,1744600
2020-05-03 20:00:00-04:00,215.08,218.84,213.97,218.69,1059700
2020-05-04 20:00:00-04:00,221.72,222.00,216.18,218.21,1298900
2020-05-05 20:00:00-04:00,218.99,225.00,218.97,223.18,1229600
2020-05-06 20:00:00-04:00,224.53,228.59,220.57,225.99,1700200
2020-05-07 20:00:00-04:00,229.00,238.32,228.50,237.99,2036900
2020-05-10 20:00:00-04:00,237.57,246.84,234.53,245.62,1952100
2020-05-11 20:00:00-04:00,247.07,248.75,242.34,242.60,1924600
2020-05-12 20:00:00-04:00,242.25,243.10,225.89,229.39,2240100
2020-05-13 20:00:00-04:00,226.56,237.74,225.81,237.57,1453700
2020-05-14 20:00:00-04:00,234.89,247.54,234.01,247.09,1750800
2020-05-17 20:00:00-04:00,253.73,259.61,252.03,255.65,2318200
2020-05-18 20:00:00-04:00,256.89,257.38,251.03,251.41,1480500
2020-05-19 20:00:00-04:00,256.10,259.60,255.18,258.38,1095900
2020-05-20 20:00:00-04:00,259.37,268.27,257.57,267.53,1808400
2020-05-21 20:00:00-04:00,268.70,277.02,267.02,276.73,2073900
2020-05-25 20:00:00-04:00,282.55,284.92,279.31,281.41,2118500
2020-05-26 20:00:00-04:00,281.38,282.90,271.60,281.50,2158700
2020-05-27 20:00:00-04:00,281.47,291.31,277.52,284.42,2307900
2020-05-28 20:00:00-04:00,285.91,301.49,284.15,300.10,4871000
2020-05-31 20:00:00-04:00,299.77,310.22,297.25,308.69,2390200
2020-06-01 20:00:00-04:00,305.51,314.87,302.01,312.30,2872000
2020-06-02 20:00:00-04:00,313.06,324.70,312.50,323.74,2760300
2020-06-03 20:00:00-04:00,321.50,323.52,313.50,317.42,2752000
2020-06-04 20:00:00-04:00,319.16,323.80,317.00,319.78,2385300
2020-06-07 20:00:00-04:00,322.06,322.63,312.73,315.30,2588500
2020-06-08 20:00:00-04:00,313.20,318.90,307.80,316.40,2375200
2020-06-09 20:00:00-04:00,318.60,324.76,316.54,323.25,1746800
2020-06-10 20:00:00-04:00,314.37,321.10,306.63,308.12,3659600
2020-06-11 20:00:00-04:00,302.84,308.38,289.55,296.36,5824400
2020-06-14 20:00:00-04:00,289.17,303.25,288.61,303.05,2256900
2020-06-15 20:00:00-04:00,310.79,312.80,303.27,310.61,2106000
2020-06-16 20:00:00-04:00,313.00,313.83,302.57,303.69,1720300
2020-06-17 20:00:00-04:00,303.99,305.66,299.00,302.98,1573700
2020-06-18 20:00:00-04:00,306.98,307.01,295.29,297.38,2299800
2020-06-21 20:00:00-04:00,298.01,306.57,293.85,304.69,1580300
2020-06-22 20:00:00-04:00,308.01,310.21,300.73,301.16,1392100
2020-06-23 20:00:00-04:00,299.48,303.15,290.52,295.22,1595000
2020-06-24 20:00:00-04:00,294.30,295.26,288.50,295.13,1268000
2020-06-25 20:00:00-04:00,293.80,295.10,288.11,289.53,1700800
2020-06-28 20:00:00-04:00,290.11,295.67,284.29,294.35,1860900
2020-06-29 20:00:00-04:00,305.00,318.32,304.20,312.01,5473600
2020-06-30 20:00:00-04:00,314.50,316.99,306.36,308.62,1767500
2020-07-01 20:00:00-04:00,312.15,312.59,302.50,304.77,1885100
2020-07-05 20:00:00-04:00,309.00,316.12,308.60,314.35,2557900
2020-07-06 20:00:00-04:00,313.12,313.13,306.31,306.74,1337000
2020-07-07 20:00:00-04:00,310.88,311.25,306.58,309.88,1269300
2020-07-08 20:00:00-04:00,309.80,319.11,303.68,315.08,3287300
2020-07-09 20:00:00-04:00,316.64,317.97,308.12,314.39,1755600
2020-07-12 20:00:00-04:00,316.75,321.82,304.54,305.15,2212300
2020-07-13 20:00:00-04:00,303.53,309.45,295.01,308.32,2051200
2020-07-14 20:00:00-04:00,308.59,314.00,304.14,312.51,1653600
2020-07-15 20:00:00-04:00,308.50,315.21,306.78,313.08,1185300
2020-07-16 20:00:00-04:00,315.02,319.04,310.86,316.82,1674000
2020-07-19 20:00:00-04:00,319.14,329.85,317.00,326.84,1996500
2020-07-20 20:00:00-04:00,330.36,330.90,324.07,325.39,1471100
2020-07-21 20:00:00-04:00,325.89,329.48,322.53,326.72,901500
2020-07-22 20:00:00-04:00,327.16,337.57,316.00,320.01,2592500
2020-07-23 20:00:00-04:00,316.26,325.71,313.62,321.50,1441900
2020-07-26 20:00:00-04:00,324.28,333.18,323.04,331.55,2029300
2020-07-27 20:00:00-04:00,331.22,333.88,321.91,322.64,1534100
2020-07-28 20:00:00-04:00,322.20,329.50,321.50,325.74,1318800
2020-07-29 20:00:00-04:00,322.30,325.38,316.99,323.66,1225400
2020-07-30 20:00:00-04:00,326.17,326.28,319.60,325.59,1282500
2020-08-02 20:00:00-04:00,327.99,331.17,324.01,328.59,1362500
2020-08-03 20:00:00-04:00,327.93,330.39,324.32,328.21,1046700
2020-08-04 20:00:00-04:00,330.94,343.59,328.27,340.42,2187200
2020-08-05 20:00:00-04:00,342.32,343.09,334.12,339.18,1153200
2020-08-06 20:00:00-04:00,339.08,343.74,336.51,342.12,1580200
2020-08-09 20:00:00-04:00,342.47,347.35,337.39,344.32,1611900
2020-08-10 20:00:00-04:00,344.32,344.78,334.87,335.37,1518800
2020-08-11 20:00:00-04:00,338.00,346.43,337.79,345.33,1294400
2020-08-12 20:00:00-04:00,349.99,354.59,346.27,350.29,1439600
2020-08-13 20:00:00-04:00,350.15,351.69,345.03,349.12,877300
2020-08-16 20:00:00-04:00,350.49,355.82,350.00,354.87,729600
2020-08-17 20:00:00-04:00,358.07,360.77,352.45,358.78,1013000
2020-08-18 20:00:00-04:00,360.58,364.89,356.17,360.84,920600
2020-08-19 20:00:00-04:00,358.18,367.94,356.30,366.42,1078300
2020-08-20 20:00:00-04:00,367.45,369.77,364.55,368.75,847400
2020-08-23 20:00:00-04:00,372.20,377.84,369.40,376.31,1565400
2020-08-24 20:00:00-04:00,376.51,380.59,372.21,378.50,1064100
2020-08-25 20:00:00-04:00,381.41,383.20,376.67,381.50,1021800
2020-08-26 20:00:00-04:00,384.00,384.05,373.89,374.84,1693900
2020-08-27 20:00:00-04:00,377.00,380.92,376.13,377.48,1257100
2020-08-30 20:00:00-04:00,377.50,379.31,372.50,375.67,1672000
2020-08-31 20:00:00-04:00,376.60,391.38,373.56,391.16,1363100
2020-09-01 20:00:00-04:00,398.11,399.90,387.08,398.29,1631300
2020-09-02 20:00:00-04:00,393.39,396.83,376.37,377.87,2412900
2020-09-03 20:00:00-04:00,372.39,376.40,345.97,361.41,3111700
2020-09-07 20:00:00-04:00,351.01,365.00,348.50,349.80,3512500
2020-09-08 20:00:00-04:00,334.83,334.92,315.25,323.93,5824400
2020-09-09 20:00:00-04:00,326.90,336.28,317.67,320.00,3416600
2020-09-10 20:00:00-04:00,323.00,323.00,308.63,313.39,3090400
2020-09-13 20:00:00-04:00,315.99,317.75,311.13,313.82,1775600
2020-09-14 20:00:00-04:00,318.33,319.00,312.68,315.49,1836700
2020-09-15 20:00:00-04:00,316.32,317.43,309.58,309.99,1689900
2020-09-16 20:00:00-04:00,304.15,308.84,301.55,303.11,2258100
2020-09-17 20:00:00-04:00,304.73,304.80,290.57,294.76,3042800
2020-09-20 20:00:00-04:00,289.65,295.68,287.21,295.56,2257300
2020-09-21 20:00:00-04:00,297.62,314.15,296.77,313.60,4030400
2020-09-22 20:00:00-04:00,325.34,331.85,313.79,316.77,4646000
2020-09-23 20:00:00-04:00,312.89,320.92,303.21,315.58,2451300
2020-09-24 20:00:00-04:00,315.61,316.50,308.59,315.35,1788000
2020-09-27 20:00:00-04:00,317.88,319.29,310.60,318.73,1448500
2020-09-28 20:00:00-04:00,318.74,325.24,315.97,323.67,1342200
2020-09-29 20:00:00-04:00,328.80,334.34,326.81,329.37,2001800
2020-09-30 20:00:00-04:00,334.01,343.27,332.62,341.05,1715900
2020-10-01 20:00:00-04:00,333.00,339.26,327.73,332.67,1848400
2020-10-04 20:00:00-04:00,334.00,337.97,327.03,337.87,1397600
2020-10-05 20:00:00-04:00,335.66,339.49,327.39,329.29,1575500
2020-10-06 20:00:00-04:00,333.38,339.20,333.10,338.91,1225800
2020-10-07 20:00:00-04:00,343.90,343.94,337.17,337.94,1077500
2020-10-08 20:00:00-04:00,340.81,349.35,338.40,346.46,1726000
2020-10-11 20:00:00-04:00,351.20,351.55,342.83,348.00,1236500
2020-10-12 20:00:00-04:00,350.00,359.24,348.20,356.29,1402000
2020-10-13 20:00:00-04:00,358.89,358.89,346.31,352.07,1127800
2020-10-14 20:00:00-04:00,345.12,354.73,345.00,353.61,761800
2020-10-15 20:00:00-04:00,356.15,358.57,348.29,349.95,868900
2020-10-18 20:00:00-04:00,351.00,352.31,336.05,336.46,1367200
2020-10-19 20:00:00-04:00,338.26,338.63,329.88,330.04,1276800
2020-10-20 20:00:00-04:00,331.16,336.66,325.16,325.50,1623700
2020-10-21 20:00:00-04:00,326.53,327.37,316.48,325.67,1847000
2020-10-22 20:00:00-04:00,327.01,334.19,322.82,333.92,1164100
2020-10-25 20:00:00-04:00,336.10,340.85,325.65,331.60,1416700
2020-10-26 20:00:00-04:00,332.88,337.29,330.51,333.81,891700
2020-10-27 20:00:00-04:00,330.39,333.00,326.26,329.51,1088500
2020-10-28 20:00:00-04:00,332.98,335.20,326.42,330.15,803400
2020-10-29 20:00:00-04:00,326.69,328.67,314.63,319.29,1398200
2020-11-01 19:00:00-05:00,321.02,324.23,307.81,315.50,1327300
2020-11-02 19:00:00-05:00,317.50,328.86,312.05,327.13,1196400
2020-11-03 19:00:00-05:00,336.75,342.25,331.08,340.18,1381500
2020-11-04 19:00:00-05:00,345.21,348.51,338.25,347.18,1187500
2020-11-05 19:00:00-05:00,348.15,349.64,343.02,343.80,990000
2020-11-08 19:00:00-05:00,351.50,353.93,326.65,326.96,1882500
2020-11-09 19:00:00-05:00,326.18,328.52,311.04,322.19,1520100
2020-11-10 19:00:00-05:00,325.61,337.86,322.19,336.68,984500
2020-11-11 19:00:00-05:00,335.00,338.90,328.57,329.91,897000
2020-11-12 19:00:00-05:00,330.50,332.65,324.50,325.45,792100
2020-11-15 19:00:00-05:00,324.02,333.76,322.17,331.77,915800
2020-11-16 19:00:00-05:00,331.00,340.70,327.21,338.40,799800
2020-11-17 19:00:00-05:00,339.81,342.59,333.85,336.93,917700
2020-11-18 19:00:00-05:00,336.32,345.36,332.16,344.60,898100
2020-11-19 19:00:00-05:00,342.70,349.98,340.30,345.74,843200
2020-11-22 19:00:00-05:00,348.45,351.41,343.62,348.53,805700
2020-11-23 19:00:00-05:00,350.57,352.00,344.41,349.55,678100
2020-11-24 19:00:00-05:00,350.00,358.25,348.18,357.80,1085600
2020-11-26 19:00:00-05:00,361.66,365.78,358.01,365.39,847800
2020-11-29 19:00:00-05:00,367.78,371.98,357.49,370.22,1632200
2020-11-30 19:00:00-05:00,373.21,379.69,370.44,377.52,1510600
2020-12-01 19:00:00-05:00,375.69,381.37,371.58,372.60,1090200
2020-12-02 19:00:00-05:00,374.21,383.54,373.38,375.42,1524000
2020-12-03 19:00:00-05:00,378.87,380.25,374.36,377.06,1267800
2020-12-06 19:00:00-05:00,376.30,376.55,366.66,371.48,2041800
2020-12-07 19:00:00-05:00,372.03,375.67,367.00,371.07,1569200
2020-12-08 19:00:00-05:00,374.51,378.50,361.84,363.56,1722300
2020-12-09 19:00:00-05:00,367.02,370.68,359.78,369.07,2700600
2020-12-10 19:00:00-05:00,366.33,366.57,343.28,344.32,5824400
2020-12-13 19:00:00-05:00,344.00,354.83,337.07,352.37,2712300
2020-12-14 19:00:00-05:00,355.94,360.81,353.62,356.07,2078600
2020-12-15 19:00:00-05:00,357.21,363.50,351.57,363.10,2086700
2020-12-16 19:00:00-05:00,367.00,387.37,363.99,386.07,3870300
2020-12-17 19:00:00-05:00,387.06,387.22,373.18,378.05,2698300
2020-12-20 19:00:00-05:00,373.36,377.77,369.46,373.40,1714600
2020-12-21 19:00:00-05:00,373.75,375.00,357.52,360.07,2334000
2020-12-22 19:00:00-05:00,363.00,363.99,354.91,355.13,1348800
2020-12-23 19:00:00-05:00,355.00,356.39,350.45,351.42,757800
2020-12-27 19:00:00-05:00,355.19,355.19,345.50,351.36,1353000
2020-12-28 19:00:00-05:00,353.76,354.22,343.67,353.22,1227100
2020-12-29 19:00:00-05:00,355.00,356.00,349.80,350.78,1197000
2020-12-30 19:00:00-05:00,349.28,351.81,346.76,348.03,792000
2021-01-03 19:00:00-05:00,351.67,356.83,346.41,356.40,2015300
2021-01-04 19:00:00-05:00,357.89,369.44,357.38,366.50,2122900
2021-01-05 19:00:00-05:00,362.11,367.60,357.48,363.25,1170800
2021-01-06 19:00:00-05:00,366.87,374.20,364.60,367.29,1103000
2021-01-07 19:00:00-05:00,367.36,370.54,362.59,365.46,994900
2021-01-10 19:00:00-05:00,354.13,373.08,352.34,361.66,1754000
2021-01-11 19:00:00-05:00,361.60,362.25,351.14,356.93,1628000
2021-01-12 19:00:00-05:00,357.75,359.01,350.50,352.14,1108700
2021-01-13 19:00:00-05:00,352.30,357.59,347.51,347.73,1047700
2021-01-14 19:00:00-05:00,347.00,347.20,337.43,344.50,1401200
2021-01-18 19:00:00-05:00,346.49,348.55,340.15,342.25,1200100
2021-01-19 19:00:00-05:00,344.91,357.13,343.81,355.12,1311000
2021-01-20 19:00:00-05:00,356.76,358.05,348.80,349.22,840900
2021-01-21 19:00:00-05:00,349.15,350.17,344.42,346.37,651600
2021-01-24 19:00:00-05:00,347.14,350.00,335.00,339.99,1784500
2021-01-25 19:00:00-05:00,340.50,340.50,328.65,330.56,1962300
2021-01-26 19:00:00-05:00,325.50,331.49,312.90,329.51,2104000
2021-01-27 19:00:00-05:00,330.80,336.50,328.70,330.24,1673400
2021-01-28 19:00:00-05:00,327.85,330.81,322.01,328.68,1258000
2021-01-31 19:00:00-05:00,329.38,334.22,324.40,333.47,1410700
2021-02-01 19:00:00-05:00,335.82,344.33,334.67,343.92,1154200
2021-02-02 19:00:00-05:00,344.99,345.00,331.52,332.39,1367900
2021-02-03 19:00:00-05:00,335.34,340.00,334.35,338.59,1143200
2021-02-04 19:00:00-05:00,340.20,340.20,332.91,334.08,1226700
2021-02-07 19:00:00-05:00,335.95,342.43,334.12,339.71,1039200
2021-02-08 19:00:00-05:00,336.65,342.33,334.15,340.69,948100
2021-02-09 19:00:00-05:00,341.20,344.91,338.01,341.39,919100
2021-02-10 19:00:00-05:00,344.72,347.00,340.86,345.89,950400
2021-02-11 19:00:00-05:00,345.01,345.67,339.25,342.86,829500
2021-02-15 19:00:00-05:00,344.19,345.00,339.23,339.85,862000
2021-02-16 19:00:00-05:00,338.07,338.59,331.19,337.52,869100
2021-02-17 19:00:00-05:00,334.85,338.42,325.75,336.83,1242800
2021-02-18 19:00:00-05:00,337.00,338.19,331.12,332.23,1171800
2021-02-21 19:00:00-05:00,328.81,328.81,319.31,321.49,1324400
2021-02-22 19:00:00-05:00,315.77,325.51,304.87,322.85,1948100
2021-02-23 19:00:00-05:00,318.79,321.18,312.51,317.70,1127900
2021-02-24 19:00:00-05:00,316.20,326.19,308.58,310.12,1278400
2021-02-25 19:00:00-05:00,312.35,316.58,306.40,311.68,1460800
2021-02-28 19:00:00-05:00,313.09,317.35,312.11,314.83,1315000
2021-03-01 19:00:00-05:00,316.51,321.25,312.10,317.47,1371100
2021-03-02 19:00:00-05:00,313.69,315.75,295.68,295.99,2479200
2021-03-03 19:00:00-05:00,296.41,299.28,280.48,285.14,3084200
2021-03-04 19:00:00-05:00,290.45,293.82,269.28,293.24,2596200
2021-03-07 19:00:00-05:00,291.17,295.87,288.05,288.94,1966500
2021-03-08 19:00:00-05:00,296.95,304.85,294.78,298.35,1585200
2021-03-09 19:00:00-05:00,302.07,311.41,299.19,309.00,2368300
2021-03-10 19:00:00-05:00,313.53,315.34,308.74,310.34,1804500
2021-03-11 19:00:00-05:00,304.46,307.70,299.01,306.08,1260700
2021-03-14 20:00:00-04:00,306.73,314.57,304.17,314.32,875200
2021-03-15 20:00:00-04:00,315.55,316.89,305.70,308.75,1145600
2021-03-16 20:00:00-04:00,303.89,316.59,303.89,315.22,1022000
2021-03-17 20:00:00-04:00,311.17,316.20,305.28,306.35,1109900
2021-03-18 20:00:00-04:00,305.37,312.48,303.51,308.71,1623600
2021-03-21 20:00:00-04:00,309.59,316.52,308.76,313.60,889300
2021-03-22 20:00:00-04:00,314.22,321.30,312.90,314.03,1155200
2021-03-23 20:00:00-04:00,316.30,319.70,306.68,307.31,1039300
2021-03-24 20:00:00-04:00,303.56,307.85,298.54,306.21,1326800
2021-03-25 20:00:00-04:00,302.61,314.15,302.48,314.00,1109400
2021-03-28 20:00:00-04:00,317.46,319.80,310.25,316.16,1475100
2021-03-29 20:00:00-04:00,314.52,320.58,311.44,317.09,2537100
2021-03-30 20:00:00-04:00,307.65,311.69,300.05,306.71,4932400
2021-03-31 20:00:00-04:00,308.29,308.79,300.32,301.07,2987500
2021-04-04 20:00:00-04:00,302.86,302.86,295.89,298.75,2156400
2021-04-05 20:00:00-04:00,300.38,309.33,298.02,308.52,2004800
2021-04-06 20:00:00-04:00,306.87,311.32,304.75,306.04,1162200
2021-04-07 20:00:00-04:00,309.97,313.88,308.11,312.56,1550000
2021-04-08 20:00:00-04:00,311.45,319.30,310.60,318.12,1357900
2021-04-11 20:00:00-04:00,317.78,324.26,314.36,323.87,1246900
2021-04-12 20:00:00-04:00,322.67,324.42,318.57,324.00,1077400
2021-04-13 20:00:00-04:00,323.86,325.00,321.22,323.00,1060500
2021-04-14 20:00:00-04:00,324.54,328.40,323.40,325.83,1058100
2021-04-15 20:00:00-04:00,325.51,325.73,321.51,324.10,923200
2021-04-18 20:00:00-04:00,321.48,324.97,321.48,322.27,1062600
2021-04-19 20:00:00-04:00,322.80,323.65,314.83,316.29,868200
2021-04-20 20:00:00-04:00,316.90,326.68,316.70,326.68,1243800
2021-04-21 20:00:00-04:00,326.18,338.88,326.18,338.75,2146700
2021-04-22 20:00:00-04:00,338.61,342.46,336.71,340.98,1641400
2021-04-25 20:00:00-04:00,340.61,341.12,334.84,337.80,787300
2021-04-26 20:00:00-04:00,338.00,341.48,336.20,339.28,617600
2021-04-27 20:00:00-04:00,339.27,342.00,335.59,338.06,626000
2021-04-28 20:00:00-04:00,340.84,347.00,339.17,342.90,1067300
2021-04-29 20:00:00-04:00,342.86,344.45,334.99,335.27,1091600
2021-05-02 20:00:00-04:00,336.47,337.02,332.76,335.38,757000
2021-05-03 20:00:00-04:00,330.00,331.99,321.88,324.90,1025400
2021-05-04 20:00:00-04:00,326.86,330.74,321.02,322.09,823800
2021-05-05 20:00:00-04:00,320.50,323.77,317.29,321.28,742000
2021-05-06 20:00:00-04:00,322.03,331.55,322.03,330.24,859900
2021-05-09 20:00:00-04:00,330.00,331.65,324.15,324.26,856900
2021-05-10 20:00:00-04:00,318.69,323.77,316.40,322.04,1200000
2021-05-11 20:00:00-04:00,317.02,321.70,304.30,305.21,1312800
2021-05-12 20:00:00-04:00,307.78,311.04,304.00,307.93,854300
2021-05-13 20:00:00-04:00,309.42,316.77,309.00,314.65,606400
2021-05-16 20:00:00-04:00,311.50,314.65,309.12,314.54,631800
2021-05-17 20:00:00-04:00,314.30,316.58,310.79,312.03,653600
2021-05-18 20:00:00-04:00,307.46,310.92,304.38,310.31,737700
2021-05-19 20:00:00-04:00,310.91,320.04,310.72,319.17,846200
2021-05-20 20:00:00-04:00,322.87,322.87,310.41,313.20,1186900
2021-05-23 20:00:00-04:00,315.24,320.40,313.50,318.19,735700
2021-05-24 20:00:00-04:00,320.84,324.55,318.82,324.11,967700
2021-05-25 20:00:00-04:00,325.91,330.03,324.37,329.76,1049600
2021-05-26 20:00:00-04:00,327.52,331.40,323.72,328.11,1744100
2021-05-27 20:00:00-04:00,330.52,330.52,323.00,323.13,909400
2021-05-31 20:00:00-04:00,322.44,323.39,315.90,318.62,1318200
2021-06-01 20:00:00-04:00,319.91,321.71,315.79,320.78,1124900
2021-06-02 20:00:00-04:00,318.63,320.92,313.06,317.36,1954900
2021-06-03 20:00:00-04:00,321.86,331.03,318.50,329.52,2591100
2021-06-06 20:00:00-04:00,330.53,338.20,330.11,331.61,1444400
2021-06-07 20:00:00-04:00,334.87,335.49,328.33,331.00,1134100
2021-06-08 20:00:00-04:00,331.09,331.77,325.60,327.22,861400
2021-06-09 20:00:00-04:00,329.02,332.76,327.51,329.80,671500
2021-06-10 20:00:00-04:00,331.10,338.69,329.54,338.30,957700
2021-06-13 20:00:00-04:00,340.77,347.24,335.20,337.62,895800
2021-06-14 20:00:00-04:00,336.39,336.57,333.42,335.19,644600
2021-06-15 20:00:00-04:00,337.52,339.14,333.47,337.26,841200
2021-06-16 20:00:00-04:00,335.15,351.10,334.50,349.40,2003600
2021-06-17 20:00:00-04:00,346.21,351.26,343.49,347.57,1509700
2021-06-20 20:00:00-04:00,348.17,354.49,345.72,352.29,829000
2021-06-21 20:00:00-04:00,352.28,360.25,352.05,359.11,921600
2021-06-22 20:00:00-04:00,358.26,362.17,357.02,359.40,684500
2021-06-23 20:00:00-04:00,362.84,364.96,361.17,361.91,768200
2021-06-24 20:00:00-04:00,365.00,371.00,361.00,363.69,1707700
2021-06-27 20:00:00-04:00,365.06,367.79,363.52,363.79,1222100
2021-06-28 20:00:00-04:00,363.79,368.32,363.15,366.66,648800
2021-06-29 20:00:00-04:00,366.34,367.25,364.49,364.97,663900
2021-06-30 20:00:00-04:00,363.79,366.51,361.51,364.23,880800
2021-07-01 20:00:00-04:00,365.87,369.55,365.51,368.47,697300
2021-07-05 20:00:00-04:00,369.95,372.41,364.74,371.37,948000
2021-07-06 20:00:00-04:00,374.00,378.00,371.26,377.82,836800
2021-07-07 20:00:00-04:00,370.68,375.15,368.68,373.53,795500
2021-07-08 20:00:00-04:00,373.91,378.43,372.77,377.42,671400
2021-07-11 20:00:00-04:00,375.93,378.00,366.58,368.91,806000
2021-07-12 20:00:00-04:00,367.04,372.62,365.88,370.77,647000
2021-07-13 20:00:00-04:00,377.34,385.90,375.83,376.99,2119400
2021-07-14 20:00:00-04:00,379.61,380.82,370.38,376.17,1186200
2021-07-15 20:00:00-04:00,376.41,378.50,370.98,371.69,623700
2021-07-18 20:00:00-04:00,367.78,373.72,364.51,373.04,903900
2021-07-19 20:00:00-04:00,375.27,387.92,373.56,383.30,1637800
2021-07-20 20:00:00-04:00,383.20,386.37,380.50,383.62,682400
2021-07-21 20:00:00-04:00,383.75,397.50,383.75,395.85,1196500
2021-07-22 20:00:00-04:00,394.99,405.95,394.13,402.79,1214700
2021-07-25 20:00:00-04:00,402.57,405.94,392.54,395.44,799200
2021-07-26 20:00:00-04:00,394.27,394.27,385.74,391.43,652300
2021-07-27 20:00:00-04:00,392.35,394.77,389.13,393.09,511500
2021-07-28 20:00:00-04:00,394.54,406.24,394.32,402.87,1052000
2021-07-29 20:00:00-04:00,399.14,403.21,397.83,400.17,563800
2021-08-01 20:00:00-04:00,402.77,406.21,399.58,402.65,511900
2021-08-02 20:00:00-04:00,402.76,409.25,402.76,407.51,575000
2021-08-03 20:00:00-04:00,409.00,413.49,408.12,410.47,593200
2021-08-04 20:00:00-04:00,411.00,415.34,410.63,414.39,553700
2021-08-05 20:00:00-04:00,412.44,413.00,406.53,408.52,609100
2021-08-08 20:00:00-04:00,409.09,410.65,406.76,407.64,546300
2021-08-09 20:00:00-04:00,407.33,411.54,404.58,405.87,602100
2021-08-10 20:00:00-04:00,406.26,413.49,405.87,408.82,567500
2021-08-11 20:00:00-04:00,407.52,410.04,406.39,408.91,397400
2021-08-12 20:00:00-04:00,409.00,409.14,403.17,408.72,429300
2021-08-15 20:00:00-04:00,406.25,407.57,400.37,407.42,572900
2021-08-16 20:00:00-04:00,403.12,403.25,388.20,392.48,1099100
2021-08-17 20:00:00-04:00,392.60,397.35,390.99,391.38,512600
2021-08-18 20:00:00-04:00,385.50,399.00,384.36,396.49,840900
2021-08-19 20:00:00-04:00,395.92,398.20,391.58,397.83,635300
2021-08-22 20:00:00-04:00,398.57,406.32,396.56,404.36,546300
2021-08-23 20:00:00-04:00,403.50,406.83,402.00,405.80,491000
2021-08-24 20:00:00-04:00,404.85,409.04,402.65,408.32,506100
2021-08-25 20:00:00-04:00,408.54,408.54,402.00,404.44,469000
2021-08-26 20:00:00-04:00,403.76,409.34,402.83,405.97,465800
2021-08-29 20:00:00-04:00,406.44,417.85,406.41,414.52,857700
2021-08-30 20:00:00-04:00,413.97,413.97,397.36,400.17,1275500
2021-08-31 20:00:00-04:00,400.71,401.95,393.68,395.53,966300
2021-09-01 20:00:00-04:00,398.24,398.85,386.51,388.37,884200
2021-09-02 20:00:00-04:00,388.27,390.77,385.12,388.33,712300
2021-09-06 20:00:00-04:00,394.88,394.95,383.01,386.46,1080300
2021-09-07 20:00:00-04:00,384.95,386.28,376.37,380.85,2878300
2021-09-08 20:00:00-04:00,433.73,434.22,420.27,420.71,5824400
2021-09-09 20:00:00-04:00,424.00,430.05,417.09,425.58,2150600
2021-09-12 20:00:00-04:00,428.31,428.31,418.99,425.12,1244600
2021-09-13 20:00:00-04:00,426.74,427.69,419.39,420.50,853700
2021-09-14 20:00:00-04:00,420.94,421.02,414.09,418.95,818700
2021-09-15 20:00:00-04:00,417.21,429.80,417.21,426.44,978600
2021-09-16 20:00:00-04:00,428.40,432.74,424.30,426.55,1546500
2021-09-19 20:00:00-04:00,418.10,425.30,412.49,419.53,971500
2021-09-20 20:00:00-04:00,422.39,426.70,419.55,424.19,610900
2021-09-21 20:00:00-04:00,425.12,431.28,422.01,431.18,948500
2021-09-22 20:00:00-04:00,433.00,437.32,430.00,431.91,1490100
2021-09-23 20:00:00-04:00,427.44,433.61,424.07,432.61,873300
2021-09-26 20:00:00-04:00,430.48,434.93,427.81,430.72,698100
2021-09-27 20:00:00-04:00,427.89,429.45,413.70,414.54,1149400
2021-09-28 20:00:00-04:00,418.07,419.00,408.50,410.22,898900
2021-09-29 20:00:00-04:00,410.28,411.30,403.32,404.70,798400
2021-09-30 20:00:00-04:00,407.52,408.19,399.38,401.37,787700
2021-10-03 20:00:00-04:00,401.31,401.46,390.42,392.57,956600
2021-10-04 20:00:00-04:00,399.07,404.81,396.68,397.12,818300
2021-10-05 20:00:00-04:00,392.66,400.68,392.52,398.13,810700
2021-10-06 20:00:00-04:00,401.01,408.61,398.40,399.72,708700
2021-10-07 20:00:00-04:00,401.41,401.76,393.72,397.22,560500
2021-10-10 20:00:00-04:00,399.40,399.40,385.61,386.04,790400
2021-10-11 20:00:00-04:00,388.44,389.74,383.24,384.57,828100
2021-10-12 20:00:00-04:00,390.37,402.07,388.33,400.71,1450500
2021-10-13 20:00:00-04:00,404.48,410.68,402.08,406.99,708700
2021-10-14 20:00:00-04:00,408.09,409.41,403.00,403.51,815500
2021-10-17 20:00:00-04:00,401.25,417.62,400.30,417.38,647700
2021-10-18 20:00:00-04:00,417.64,420.58,414.32,416.64,493600
2021-10-19 20:00:00-04:00,419.66,423.90,413.66,414.40,524600
2021-10-20 20:00:00-04:00,416.27,424.85,416.14,424.04,566800
2021-10-21 20:00:00-04:00,422.49,424.57,418.90,421.73,444600
2021-10-24 20:00:00-04:00,423.74,430.00,423.03,427.94,636700
2021-10-25 20:00:00-04:00,431.00,435.00,427.11,432.73,629900
2021-10-26 20:00:00-04:00,432.95,438.36,428.00,433.70,533700
2021-10-27 20:00:00-04:00,435.31,443.60,435.31,443.46,687400
2021-10-28 20:00:00-04:00,446.62,467.04,446.08,466.01,1346200
2021-10-31 20:00:00-04:00,468.00,469.44,456.10,458.88,788700
2021-11-01 20:00:00-04:00,461.50,470.11,460.77,464.64,676700
2021-11-02 20:00:00-04:00,466.13,469.10,462.16,467.48,561800
2021-11-03 20:00:00-04:00,469.93,478.66,469.02,473.94,676700
2021-11-04 20:00:00-04:00,474.28,477.38,465.78,467.91,817600
2021-11-07 19:00:00-05:00,471.82,471.82,456.76,466.14,736300
2021-11-08 19:00:00-05:00,466.84,471.84,465.30,470.24,613600
2021-11-09 19:00:00-05:00,464.55,467.56,453.85,457.36,647500
2021-11-10 19:00:00-05:00,461.50,462.91,452.51,453.00,507000
2021-11-11 19:00:00-05:00,457.44,457.44,450.61,452.59,721600
2021-11-14 19:00:00-05:00,455.75,464.67,454.66,461.96,737600
2021-11-15 19:00:00-05:00,464.51,485.83,463.73,477.91,1390100
2021-11-16 19:00:00-05:00,476.78,477.80,465.34,465.84,866700
2021-11-17 19:00:00-05:00,469.00,474.06,462.05,473.24,750300
2021-11-18 19:00:00-05:00,474.35,478.28,469.09,473.00,872300
2021-11-21 19:00:00-05:00,473.43,473.43,458.27,460.93,795800
2021-11-22 19:00:00-05:00,460.71,465.39,454.78,458.76,600200
2021-11-23 19:00:00-05:00,452.51,458.39,446.58,457.86,633500
2021-11-25 19:00:00-05:00,460.18,462.11,453.64,456.58,418700
2021-11-28 19:00:00-05:00,458.50,466.72,455.50,463.26,758900
2021-11-29 19:00:00-05:00,463.19,468.77,452.20,454.41,1266300
2021-11-30 19:00:00-05:00,459.55,467.98,447.96,448.43,892200
2021-12-01 19:00:00-05:00,447.50,454.00,441.40,450.68,833000
2021-12-02 19:00:00-05:00,453.43,454.94,430.67,435.72,1279200
2021-12-05 19:00:00-05:00,435.72,436.54,413.06,423.54,1479900
2021-12-06 19:00:00-05:00,434.97,442.50,431.66,434.95,1223400
2021-12-07 19:00:00-05:00,434.95,436.38,421.47,426.00,1858600
2021-12-08 19:00:00-05:00,426.81,427.47,415.84,416.92,3002100
2021-12-09 19:00:00-05:00,410.00,421.39,402.32,409.58,2641100
2021-12-12 19:00:00-05:00,412.67,414.88,401.48,403.75,1142000
2021-12-13 19:00:00-05:00,398.28,399.82,391.00,395.09,1431900
2021-12-14 19:00:00-05:00,394.08,405.00,385.15,402.48,1901300
2021-12-15 19:00:00-05:00,402.48,404.43,386.45,390.62,1718400
2021-12-16 19:00:00-05:00,384.15,388.51,378.50,384.66,2066000
2021-12-19 19:00:00-05:00,382.62,382.95,366.45,370.57,2210800
2021-12-20 19:00:00-05:00,376.07,385.22,375.07,383.31,1664500
2021-12-21 19:00:00-05:00,385.27,390.91,383.52,388.79,1104900
2021-12-22 19:00:00-05:00,389.01,392.53,383.47,391.56,906600
2021-12-26 19:00:00-05:00,392.98,401.92,392.98,400.75,926700
2021-12-27 19:00:00-05:00,405.96,406.00,400.00,400.07,953600
2021-12-28 19:00:00-05:00,400.30,403.00,400.00,401.00,742600
2021-12-29 19:00:00-05:00,401.52,405.40,398.50,398.69,936500
2021-12-30 19:00:00-05:00,400.00,401.97,391.27,391.45,1066000
2022-01-02 19:00:00-05:00,392.20,394.49,380.61,387.56,1321900
2022-01-03 19:00:00-05:00,387.24,389.71,376.01,380.82,1199600
2022-01-04 19:00:00-05:00,381.16,381.16,362.21,362.48,1543600
2022-01-05 19:00:00-05:00,358.93,371.42,355.68,368.77,1660200
2022-01-06 19:00:00-05:00,366.04,366.99,354.32,355.21,2212200
2022-01-09 19:00:00-05:00,329.95,349.58,323.50,348.43,4235900
2022-01-10 19:00:00-05:00,345.81,347.49,337.05,346.75,1703100
2022-01-11 19:00:00-05:00,348.86,354.44,345.48,352.72,1461600
2022-01-12 19:00:00-05:00,353.90,354.85,335.73,336.27,1479400
2022-01-13 19:00:00-05:00,333.50,335.48,325.73,328.98,1850400
2022-01-17 19:00:00-05:00,325.07,336.33,324.00,332.53,1376300
2022-01-18 19:00:00-05:00,334.38,338.10,329.02,330.95,997000
2022-01-19 19:00:00-05:00,334.50,340.29,321.65,322.53,1362500
2022-01-20 19:00:00-05:00,321.50,324.00,312.66,313.02,1731600
2022-01-23 19:00:00-05:00,308.19,322.39,296.19,321.62,2444700
2022-01-24 19:00:00-05:00,313.01,315.80,305.12,308.83,1347900
2022-01-25 19:00:00-05:00,313.50,319.76,299.17,302.76,1457500
2022-01-26 19:00:00-05:00,307.84,312.43,304.45,306.52,1421800
2022-01-27 19:00:00-05:00,303.26,316.33,301.60,315.91,1348400
2022-01-30 19:00:00-05:00,317.34,334.08,316.41,333.76,1903700
2022-01-31 19:00:00-05:00,335.48,346.13,333.39,344.91,1818600
2022-02-01 19:00:00-05:00,348.86,353.62,344.40,349.19,2267600
2022-02-02 19:00:00-05:00,338.00,345.48,329.25,330.35,1664300
2022-02-03 19:00:00-05:00,329.75,339.52,329.75,336.37,949900
2022-02-06 19:00:00-05:00,336.37,338.81,327.81,332.20,840300
2022-02-07 19:00:00-05:00,331.69,336.14,327.65,334.40,665500
2022-02-08 19:00:00-05:00,339.21,343.57,335.00,339.64,703200
2022-02-09 19:00:00-05:00,332.05,343.92,331.18,334.35,1186400
2022-02-10 19:00:00-05:00,333.21,336.10,315.63,316.72,1244200
2022-02-13 19:00:00-05:00,316.14,320.26,309.97,313.64,1121900
2022-02-14 19:00:00-05:00,320.91,322.71,315.11,318.15,825500
2022-02-15 19:00:00-05:00,316.46,321.24,312.02,320.04,783800
2022-02-16 19:00:00-05:00,317.46,321.15,309.59,310.03,710300
2022-02-17 19:00:00-05:00,313.24,315.42,307.01,308.66,822300
2022-02-21 19:00:00-05:00,306.57,311.59,300.93,304.58,1291700
2022-02-22 19:00:00-05:00,309.20,309.52,295.17,295.24,997400
2022-02-23 19:00:00-05:00,285.78,311.14,283.21,310.36,1507200
2022-02-24 19:00:00-05:00,310.00,318.42,305.29,317.58,937000
2022-02-27 19:00:00-05:00,312.42,320.43,311.33,319.94,1284700
2022-02-28 19:00:00-05:00,321.11,326.02,313.30,315.18,1236600
2022-03-01 19:00:00-05:00,317.39,330.78,316.76,330.07,1360900
2022-03-02 19:00:00-05:00,330.66,331.50,320.50,322.84,1094100
2022-03-03 19:00:00-05:00,321.26,323.99,314.54,320.58,1131000
2022-03-06 19:00:00-05:00,322.63,324.47,301.87,302.38,1452500
2022-03-07 19:00:00-05:00,301.86,306.01,292.19,296.52,1637300
2022-03-08 19:00:00-05:00,305.92,306.79,301.22,305.82,1574300
2022-03-09 19:00:00-05:00,300.00,303.98,297.52,301.74,934700
2022-03-10 19:00:00-05:00,306.13,306.13,291.38,291.55,978400
2022-03-13 20:00:00-04:00,290.67,293.76,283.00,289.24,1459100
2022-03-14 20:00:00-04:00,284.13,293.01,278.00,289.92,1734300
2022-03-15 20:00:00-04:00,297.12,306.39,292.25,305.10,1252200
2022-03-16 20:00:00-04:00,304.03,309.77,300.22,307.60,858800
2022-03-17 20:00:00-04:00,304.91,317.53,304.75,316.93,1272400
2022-03-20 20:00:00-04:00,316.08,317.03,303.50,308.22,1043000
2022-03-21 20:00:00-04:00,313.29,318.50,311.71,315.03,1181000
2022-03-22 20:00:00-04:00,313.38,315.77,308.18,310.42,975100
2022-03-23 20:00:00-04:00,310.54,317.83,306.05,317.74,1066500
2022-03-24 20:00:00-04:00,319.00,321.84,316.01,321.14,1321400
2022-03-27 20:00:00-04:00,320.22,334.00,319.86,331.78,2255500
2022-03-28 20:00:00-04:00,337.00,353.39,336.07,343.97,3157000
2022-03-29 20:00:00-04:00,370.00,389.15,358.57,376.92,5824400
2022-03-30 20:00:00-04:00,374.95,377.00,364.91,365.23,2232700
2022-03-31 20:00:00-04:00,364.90,369.23,362.70,367.44,1360300
2022-04-03 20:00:00-04:00,368.36,384.40,368.25,384.18,1812700
2022-04-04 20:00:00-04:00,382.68,383.77,372.28,378.99,1497900
2022-04-05 20:00:00-04:00,372.00,374.72,365.00,371.83,1472100
2022-04-06 20:00:00-04:00,369.78,380.40,368.76,379.23,1265400
2022-04-07 20:00:00-04:00,376.54,378.22,369.08,369.46,1268100
2022-04-10 20:00:00-04:00,365.56,372.41,361.11,368.74,1269000
2022-04-11 20:00:00-04:00,373.26,390.76,372.46,376.16,1787300
2022-04-12 20:00:00-04:00,376.11,398.54,375.79,395.03,2184900
2022-04-13 20:00:00-04:00,394.86,398.00,390.17,390.78,1505200
2022-04-17 20:00:00-04:00,389.35,393.64,382.42,387.56,847100
2022-04-18 20:00:00-04:00,395.88,408.49,394.47,404.66,1951400
2022-04-19 20:00:00-04:00,410.32,410.70,384.87,385.40,2287300
2022-04-20 20:00:00-04:00,388.49,392.00,375.01,377.25,1747700
2022-04-21 20:00:00-04:00,373.73,376.51,362.66,363.66,1640000
2022-04-24 20:00:00-04:00,361.60,368.47,356.51,368.09,1350800
2022-04-25 20:00:00-04:00,364.24,366.79,352.44,352.53,1336600
2022-04-26 20:00:00-04:00,352.54,361.98,350.05,354.02,1124300
2022-04-27 20:00:00-04:00,359.35,367.32,352.09,362.43,1004900
2022-04-28 20:00:00-04:00,364.02,371.36,353.93,354.63,996900
2022-05-01 20:00:00-04:00,354.00,361.44,349.63,360.84,794100
2022-05-02 20:00:00-04:00,360.02,361.45,353.12,355.70,738800
2022-05-03 20:00:00-04:00,352.78,365.32,345.17,364.67,962000
2022-05-04 20:00:00-04:00,359.97,360.94,338.33,343.60,1181000
2022-05-05 20:00:00-04:00,336.26,336.75,309.53,317.05,2650800
2022-05-08 20:00:00-04:00,308.79,313.00,291.00,292.68,2201300
2022-05-09 20:00:00-04:00,301.42,307.84,288.72,302.11,1402100
2022-05-10 20:00:00-04:00,302.11,306.54,290.78,291.30,1456500
2022-05-11 20:00:00-04:00,285.00,302.79,281.55,294.00,1480300
2022-05-12 20:00:00-04:00,303.13,312.58,301.36,309.29,1076700
2022-05-15 20:00:00-04:00,302.11,308.66,300.53,304.15,758600
2022-05-16 20:00:00-04:00,314.88,316.49,300.77,305.48,1223600
2022-05-17 20:00:00-04:00,296.00,296.01,268.36,272.52,2832100
2022-05-18 20:00:00-04:00,267.70,278.71,264.24,271.22,1971100
2022-05-19 20:00:00-04:00,279.89,280.86,263.20,274.04,1846700
2022-05-22 20:00:00-04:00,269.92,273.36,265.53,272.84,1312100
2022-05-23 20:00:00-04:00,266.40,267.17,253.07,257.51,1861500
2022-05-24 20:00:00-04:00,254.88,264.60,251.51,260.66,2576400
2022-05-25 20:00:00-04:00,276.43,289.47,275.49,287.48,2340000
2022-05-26 20:00:00-04:00,288.82,297.56,288.82,293.65,1852600
2022-05-30 20:00:00-04:00,296.36,298.19,289.03,292.69,2958000
2022-05-31 20:00:00-04:00,297.85,299.70,286.87,289.96,2197000
2022-06-01 20:00:00-04:00,290.55,303.24,286.70,302.58,4300700
2022-06-02 20:00:00-04:00,303.45,305.81,293.57,300.80,3997300
2022-06-05 20:00:00-04:00,305.00,308.42,296.60,301.62,1850900
2022-06-06 20:00:00-04:00,295.00,307.86,294.68,306.19,1285500
2022-06-07 20:00:00-04:00,306.55,312.90,304.32,307.77,954200
2022-06-08 20:00:00-04:00,303.81,309.44,302.13,302.30,867000
2022-06-09 20:00:00-04:00,294.58,297.50,290.07,291.60,1184500
2022-06-12 20:00:00-04:00,280.42,282.37,273.34,278.58,1750200
2022-06-13 20:00:00-04:00,280.44,284.62,276.58,280.50,931000
2022-06-14 20:00:00-04:00,283.21,290.12,279.75,285.72,955300
2022-06-15 20:00:00-04:00,278.37,278.37,267.78,271.34,1269900
2022-06-16 20:00:00-04:00,271.27,281.23,271.15,278.13,1383900
2022-06-20 20:00:00-04:00,282.89,284.50,275.89,276.45,1128700
2022-06-21 20:00:00-04:00,274.12,280.59,271.35,277.88,979300
2022-06-22 20:00:00-04:00,282.14,288.41,278.00,286.33,972000
2022-06-23 20:00:00-04:00,289.92,295.71,288.47,293.36,1443300
2022-06-26 20:00:00-04:00,295.12,297.06,284.23,287.48,1010600
2022-06-27 20:00:00-04:00,288.37,294.06,278.16,278.56,939700
2022-06-28 20:00:00-04:00,280.46,286.46,276.53,282.98,819600
2022-06-29 20:00:00-04:00,277.49,279.83,271.00,272.61,1248200
2022-06-30 20:00:00-04:00,269.14,271.08,261.03,263.38,1867900
2022-07-04 20:00:00-04:00,263.17,283.84,258.79,283.62,2415000
2022-07-05 20:00:00-04:00,284.32,288.90,275.76,280.38,956600
2022-07-06 20:00:00-04:00,280.33,291.87,278.23,290.72,931500
2022-07-07 20:00:00-04:00,288.91,295.49,285.15,293.39,892500
2022-07-10 20:00:00-04:00,281.00,287.20,277.10,281.76,1230100
2022-07-11 20:00:00-04:00,282.81,289.00,277.05,279.39,776800
2022-07-12 20:00:00-04:00,272.89,283.00,271.05,280.97,797300
2022-07-13 20:00:00-04:00,277.35,280.70,272.26,278.99,797600
2022-07-14 20:00:00-04:00,280.89,287.63,280.60,286.41,946000
2022-07-17 20:00:00-04:00,291.60,293.54,283.04,284.64,700700
2022-07-18 20:00:00-04:00,290.31,296.63,286.84,296.34,864100
2022-07-19 20:00:00-04:00,295.49,303.77,294.34,302.79,1001700
2022-07-20 20:00:00-04:00,305.30,308.25,300.16,307.36,909100
2022-07-21 20:00:00-04:00,307.50,312.25,301.95,304.50,808700
2022-07-24 20:00:00-04:00,306.00,306.00,298.82,301.32,512800
2022-07-25 20:00:00-04:00,293.75,294.53,281.57,283.41,1618400
2022-07-26 20:00:00-04:00,285.55,296.35,283.94,295.57,1302700
2022-07-27 20:00:00-04:00,295.57,305.16,293.36,303.85,807200
2022-07-28 20:00:00-04:00,304.38,310.86,299.50,310.51,1384200
2022-07-31 20:00:00-04:00,308.09,314.15,305.68,310.01,743600
2022-08-01 20:00:00-04:00,307.42,310.42,303.58,305.70,803500
2022-08-02 20:00:00-04:00,311.00,316.97,308.44,315.38,849600
2022-08-03 20:00:00-04:00,316.35,317.57,313.67,316.40,882200
2022-08-04 20:00:00-04:00,309.30,321.42,308.77,317.80,1012700
2022-08-07 20:00:00-04:00,317.04,326.50,315.13,316.24,844500
2022-08-08 20:00:00-04:00,314.02,314.50,303.16,306.55,669800
2022-08-09 20:00:00-04:00,314.00,322.00,313.45,319.26,1145800
2022-08-10 20:00:00-04:00,325.84,328.94,314.56,316.98,915900
2022-08-11 20:00:00-04:00,320.70,322.90,317.14,321.69,755000
2022-08-14 20:00:00-04:00,320.18,330.47,320.14,330.34,953900
2022-08-15 20:00:00-04:00,331.00,335.71,326.26,331.70,1078000
2022-08-16 20:00:00-04:00,327.53,332.50,324.51,329.80,772600
2022-08-17 20:00:00-04:00,330.57,334.96,328.51,333.42,834100
2022-08-18 20:00:00-04:00,328.48,329.02,321.32,322.47,935200
2022-08-21 20:00:00-04:00,317.12,321.49,313.52,315.22,892200
2022-08-22 20:00:00-04:00,315.35,322.55,314.69,315.93,689300
2022-08-23 20:00:00-04:00,315.10,321.02,313.26,317.84,551800
2022-08-24 20:00:00-04:00,319.22,323.59,317.04,323.36,603200
2022-08-25 20:00:00-04:00,323.20,324.90,310.14,311.31,1111600
2022-08-28 20:00:00-04:00,304.98,311.97,303.66,307.50,1165100
2022-08-29 20:00:00-04:00,311.36,312.00,302.50,307.07,1179200
2022-08-30 20:00:00-04:00,307.96,310.49,295.54,299.96,1915300
2022-08-31 20:00:00-04:00,293.97,294.88,283.31,294.45,3495300
2022-09-01 20:00:00-04:00,326.40,329.64,311.12,314.17,5824400
2022-09-05 20:00:00-04:00,313.90,328.58,312.39,327.81,3921500
2022-09-06 20:00:00-04:00,329.20,339.75,324.46,336.87,2616300
2022-09-07 20:00:00-04:00,334.64,346.02,332.91,345.79,2206700
2022-09-08 20:00:00-04:00,348.45,355.59,347.50,348.65,2188100
2022-09-11 20:00:00-04:00,349.00,353.26,348.06,352.74,1217400
2022-09-12 20:00:00-04:00,342.95,346.21,335.37,337.32,1436400
2022-09-13 20:00:00-04:00,339.04,343.37,335.39,342.92,1414300
2022-09-14 20:00:00-04:00,341.17,345.10,336.57,338.60,1065700
2022-09-15 20:00:00-04:00,331.85,336.56,330.16,333.24,1520400
2022-09-18 20:00:00-04:00,330.07,337.45,329.43,337.08,1037400
2022-09-19 20:00:00-04:00,334.08,335.67,327.80,331.57,819300
2022-09-20 20:00:00-04:00,334.13,334.13,317.90,318.12,1405200
2022-09-21 20:00:00-04:00,318.06,318.28,306.02,306.30,1621900
2022-09-22 20:00:00-04:00,302.50,303.50,289.26,293.20,1926600
2022-09-25 20:00:00-04:00,292.26,300.79,291.87,294.66,1325200
2022-09-26 20:00:00-04:00,300.20,303.46,294.56,299.19,1247800
2022-09-27 20:00:00-04:00,300.10,310.89,298.54,309.34,1239500
2022-09-28 20:00:00-04:00,303.97,304.81,296.14,300.22,1262600
2022-09-29 20:00:00-04:00,285.65,287.48,277.50,279.56,3842000
2022-10-02 20:00:00-04:00,281.50,295.64,281.12,292.10,1776800
2022-10-03 20:00:00-04:00,302.13,308.97,301.67,307.80,1551200
2022-10-04 20:00:00-04:00,303.85,311.55,301.67,310.05,1259400
2022-10-05 20:00:00-04:00,308.02,316.27,308.02,310.48,1060200
2022-10-06 20:00:00-04:00,303.55,306.44,296.47,298.22,1284000
2022-10-09 20:00:00-04:00,297.64,297.64,286.55,289.85,1134000
2022-10-10 20:00:00-04:00,296.93,304.28,287.83,295.68,2579400
2022-10-11 20:00:00-04:00,298.85,302.87,292.12,295.50,1671700
2022-10-12 20:00:00-04:00,285.50,299.58,279.10,294.51,1492400
2022-10-13 20:00:00-04:00,300.27,304.00,286.28,288.78,1551300
2022-10-16 20:00:00-04:00,295.56,300.53,293.32,297.65,1492300
2022-10-17 20:00:00-04:00,307.74,308.88,294.26,297.76,1142300
2022-10-18 20:00:00-04:00,295.00,304.50,293.76,296.87,1563900
2022-10-19 20:00:00-04:00,296.72,303.93,290.20,293.13,1338300
2022-10-20 20:00:00-04:00,291.46,299.13,289.01,298.63,1258100
2022-10-23 20:00:00-04:00,299.84,299.84,287.64,297.68,1242000
2022-10-24 20:00:00-04:00,301.85,321.62,300.53,320.63,2266000
2022-10-25 20:00:00-04:00,316.78,328.81,314.10,321.33,1725900
2022-10-26 20:00:00-04:00,323.50,327.30,316.31,320.61,1339800
2022-10-27 20:00:00-04:00,314.14,329.48,312.49,328.48,1697500
2022-10-30 20:00:00-04:00,325.00,332.59,323.57,329.04,1219000
2022-10-31 20:00:00-04:00,335.00,337.14,327.08,330.36,1154000
2022-11-01 20:00:00-04:00,328.91,331.11,315.81,316.06,1326300
2022-11-02 20:00:00-04:00,315.18,322.83,310.52,318.10,873600
2022-11-03 20:00:00-04:00,327.53,330.88,317.39,325.57,992400
2022-11-06 19:00:00-05:00,330.42,330.42,317.60,324.25,929400
2022-11-07 19:00:00-05:00,326.08,334.54,323.57,328.50,1044300
2022-11-08 19:00:00-05:00,328.26,334.82,320.15,321.21,1370000
2022-11-09 19:00:00-05:00,338.84,354.65,338.75,353.85,2212200
2022-11-10 19:00:00-05:00,353.43,370.46,353.00,359.70,2337900
2022-11-13 19:00:00-05:00,354.46,360.66,351.06,352.74,1258800
2022-11-14 19:00:00-05:00,364.91,368.54,357.35,359.56,1323400
2022-11-15 19:00:00-05:00,351.65,357.42,345.77,355.76,1346200
2022-11-16 19:00:00-05:00,349.74,355.13,347.59,354.27,806400
2022-11-17 19:00:00-05:00,358.12,360.00,344.30,347.85,1201800
2022-11-20 19:00:00-05:00,344.29,351.31,340.50,349.38,1042100
2022-11-21 19:00:00-05:00,351.79,355.87,346.66,355.64,901800
2022-11-22 19:00:00-05:00,355.38,362.11,353.08,360.53,824100
2022-11-24 19:00:00-05:00,359.45,362.28,358.76,361.16,523400
2022-11-27 19:00:00-05:00,361.76,368.14,361.33,363.28,1099700
2022-11-28 19:00:00-05:00,363.39,368.09,361.43,363.32,932800
2022-11-29 19:00:00-05:00,364.57,380.87,362.65,380.31,2269800
2022-11-30 19:00:00-05:00,380.31,386.45,377.89,381.82,1236300
2022-12-01 19:00:00-05:00,375.51,386.70,375.20,385.99,1180800
2022-12-04 19:00:00-05:00,384.14,384.14,374.76,381.13,1699600
2022-12-05 19:00:00-05:00,380.60,382.08,366.39,370.00,1199400
2022-12-06 19:00:00-05:00,371.23,377.01,369.98,372.33,1387000
2022-12-07 19:00:00-05:00,374.99,377.20,368.44,374.51,3344100
2022-12-08 19:00:00-05:00,344.13,349.00,323.15,326.39,5824400
2022-12-11 19:00:00-05:00,325.24,328.50,319.00,328.23,4119800
2022-12-12 19:00:00-05:00,338.00,339.81,321.50,326.27,2618500
2022-12-13 19:00:00-05:00,326.27,337.27,326.00,333.33,2816600
2022-12-14 19:00:00-05:00,327.10,331.49,325.00,325.21,2073000
2022-12-15 19:00:00-05:00,322.07,326.50,318.19,321.24,2170500
2022-12-18 19:00:00-05:00,321.31,321.31,316.51,316.92,1247600
2022-12-19 19:00:00-05:00,315.00,315.55,306.38,307.12,2354200
2022-12-20 19:00:00-05:00,317.91,320.43,311.56,316.74,2324900
2022-12-21 19:00:00-05:00,313.02,314.49,308.69,312.93,1499300
2022-12-22 19:00:00-05:00,310.25,312.68,309.00,311.54,933500
2022-12-26 19:00:00-05:00,312.77,318.99,309.66,315.04,1287900
2022-12-27 19:00:00-05:00,313.99,315.82,307.63,308.96,1458200
2022-12-28 19:00:00-05:00,310.21,318.31,310.04,316.82,936000
2022-12-29 19:00:00-05:00,311.86,320.47,311.30,320.38,1345700
2023-01-02 19:00:00-05:00,326.88,327.34,319.46,323.38,1305000
2023-01-03 19:00:00-05:00,326.56,326.75,317.03,320.98,1678100
2023-01-04 19:00:00-05:00,320.87,328.54,316.50,325.93,1787000
2023-01-05 19:00:00-05:00,329.50,334.23,326.82,329.26,2298200
2023-01-08 19:00:00-05:00,293.20,304.41,289.48,298.66,5824400
2023-01-09 19:00:00-05:00,299.84,309.88,298.59,309.48,3140400
2023-01-10 19:00:00-05:00,310.76,312.41,306.90,311.96,2224400
2023-01-11 19:00:00-05:00,311.96,316.85,306.86,314.99,1587700
2023-01-12 19:00:00-05:00,311.17,315.74,310.25,315.47,1543200
2023-01-16 19:00:00-05:00,314.00,324.19,313.15,323.82,1491400
2023-01-17 19:00:00-05:00,324.85,327.76,317.17,318.07,1284100
2023-01-18 19:00:00-05:00,316.01,316.84,306.70,307.94,1519700
2023-01-19 19:00:00-05:00,307.25,314.42,304.34,312.80,1537800
2023-01-22 19:00:00-05:00,312.50,319.13,310.00,316.08,1643400
2023-01-23 19:00:00-05:00,304.45,311.42,302.11,311.21,2693700
2023-01-24 19:00:00-05:00,305.41,310.85,304.22,309.52,1425100
2023-01-25 19:00:00-05:00,313.27,313.50,305.77,309.59,1708300
2023-01-26 19:00:00-05:00,307.81,311.69,305.18,310.85,2077500
2023-01-29 19:00:00-05:00,308.98,310.96,302.41,302.59,1585300
2023-01-30 19:00:00-05:00,303.21,307.26,301.80,306.88,1667300
2023-01-31 19:00:00-05:00,306.90,318.69,305.25,315.71,2010200
2023-02-01 19:00:00-05:00,318.96,328.42,316.56,322.76,2224900
2023-02-02 19:00:00-05:00,317.50,325.10,317.50,319.42,1191200
2023-02-05 19:00:00-05:00,314.42,319.39,310.19,311.32,1249300
2023-02-06 19:00:00-05:00,311.66,319.78,305.78,319.10,1263000
2023-02-07 19:00:00-05:00,314.06,315.52,307.03,309.28,1479700
2023-02-08 19:00:00-05:00,313.43,316.53,309.23,310.45,1150700
2023-02-09 19:00:00-05:00,306.91,311.50,305.78,309.40,1365000
2023-02-12 19:00:00-05:00,311.31,317.49,309.97,317.08,1202500
2023-02-13 19:00:00-05:00,313.64,321.79,311.66,319.88,1005900
2023-02-14 19:00:00-05:00,318.06,325.27,317.67,325.23,1027000
2023-02-15 19:00:00-05:00,322.61,328.16,319.58,321.83,1096900
2023-02-16 19:00:00-05:00,318.77,322.11,315.20,320.36,840000
2023-02-20 19:00:00-05:00,314.83,318.34,313.80,314.11,1065500
2023-02-21 19:00:00-05:00,313.77,317.54,312.35,316.52,768800
2023-02-22 19:00:00-05:00,316.54,318.00,310.21,317.80,984000
2023-02-23 19:00:00-05:00,313.33,313.33,305.82,308.10,1287600
2023-02-26 19:00:00-05:00,311.50,313.15,307.36,310.30,1006000
2023-02-27 19:00:00-05:00,308.68,312.98,308.38,309.20,1032200
2023-02-28 19:00:00-05:00,309.39,311.76,303.81,309.49,1255300
2023-03-01 19:00:00-05:00,307.94,313.60,306.57,311.65,898300
2023-03-02 19:00:00-05:00,314.00,317.59,311.30,316.83,977400
2023-03-05 19:00:00-05:00,314.27,316.85,304.53,304.60,2401800
2023-03-06 19:00:00-05:00,305.73,311.40,301.53,301.81,1974900
2023-03-07 19:00:00-05:00,302.11,307.27,300.65,305.87,1395200
2023-03-08 19:00:00-05:00,305.73,309.19,300.19,301.80,1492000
2023-03-09 19:00:00-05:00,302.88,302.92,294.23,296.26,2863300
2023-03-12 20:00:00-04:00,294.41,296.83,288.53,292.90,3388800
2023-03-13 20:00:00-04:00,296.15,296.52,291.50,295.10,2805900
2023-03-14 20:00:00-04:00,291.02,294.29,286.58,293.23,2055300
2023-03-15 20:00:00-04:00,290.43,297.54,289.14,297.40,1667700
2023-03-16 20:00:00-04:00,294.87,297.32,289.94,294.74,2517600
2023-03-19 20:00:00-04:00,295.96,297.43,289.81,293.45,1621900
2023-03-20 20:00:00-04:00,296.53,304.75,296.46,298.81,2369300
2023-03-21 20:00:00-04:00,301.62,312.20,300.78,303.73,2457200
2023-03-22 20:00:00-04:00,308.28,312.58,304.19,308.22,1517800
2023-03-23 20:00:00-04:00,308.06,315.51,306.59,313.45,1506500
2023-03-26 20:00:00-04:00,316.30,317.87,310.41,317.22,1817600
2023-03-27 20:00:00-04:00,319.61,321.25,314.22,320.31,5824400
2023-03-28 20:00:00-04:00,366.25,370.25,359.64,361.04,5824400
2023-03-29 20:00:00-04:00,365.00,368.14,356.50,358.09,2864900
2023-03-30 20:00:00-04:00,360.05,364.49,357.73,364.19,2218000
2023-04-02 20:00:00-04:00,364.19,367.52,361.74,367.40,1655600
2023-04-03 20:00:00-04:00,366.59,370.26,364.80,366.80,1682200
2023-04-04 20:00:00-04:00,367.64,371.26,362.76,364.81,1437900
2023-04-05 20:00:00-04:00,362.22,365.59,359.64,364.33,1322000
2023-04-09 20:00:00-04:00,361.47,364.67,361.17,363.37,972200
2023-04-10 20:00:00-04:00,362.75,368.94,361.80,365.81,1329300
2023-04-11 20:00:00-04:00,370.00,370.00,363.11,363.54,1092900
2023-04-12 20:00:00-04:00,365.87,366.86,363.50,364.38,1202400
2023-04-13 20:00:00-04:00,364.00,369.14,363.86,368.25,1030800
2023-04-16 20:00:00-04:00,369.99,373.41,366.99,368.38,1820000
2023-04-17 20:00:00-04:00,372.10,373.50,369.53,372.50,1407000
2023-04-18 20:00:00-04:00,371.75,374.06,369.85,370.12,878800
2023-04-19 20:00:00-04:00,369.53,377.84,369.07,376.71,1403800
2023-04-20 20:00:00-04:00,376.71,378.09,374.28,377.80,1007700
2023-04-23 20:00:00-04:00,378.76,384.25,377.83,381.37,1504000
2023-04-24 20:00:00-04:00,378.22,380.39,372.26,372.81,1784300
2023-04-25 20:00:00-04:00,373.78,375.21,371.86,372.94,1019700
2023-04-26 20:00:00-04:00,376.34,379.15,373.32,378.08,1045100
2023-04-27 20:00:00-04:00,377.16,380.33,375.91,379.93,1013600
2023-04-30 20:00:00-04:00,380.58,385.44,380.21,384.99,1302300
2023-05-01 20:00:00-04:00,383.18,383.80,378.25,380.75,1229400
2023-05-02 20:00:00-04:00,381.53,387.68,378.38,383.12,1279600
2023-05-03 20:00:00-04:00,383.12,384.73,381.02,382.06,1481700
2023-05-04 20:00:00-04:00,385.33,389.06,382.63,386.71,1318100
2023-05-07 20:00:00-04:00,387.99,388.99,380.92,381.86,1130900
2023-05-08 20:00:00-04:00,377.11,383.37,375.93,381.44,1004900
2023-05-09 20:00:00-04:00,385.36,385.36,377.72,379.32,1027100
2023-05-10 20:00:00-04:00,378.75,379.66,376.05,377.32,775800
2023-05-11 20:00:00-04:00,377.01,378.43,372.50,376.20,1044300
2023-05-14 20:00:00-04:00,376.60,378.00,373.71,375.71,1298200
2023-05-15 20:00:00-04:00,372.16,372.88,367.55,371.52,1509200
2023-05-16 20:00:00-04:00,371.30,373.24,367.35,372.22,1377200
2023-05-17 20:00:00-04:00,371.90,379.35,371.15,378.70,1223100
2023-05-18 20:00:00-04:00,375.21,375.21,365.11,368.53,1566700
2023-05-21 20:00:00-04:00,366.93,367.84,356.65,363.12,1830800
2023-05-22 20:00:00-04:00,362.40,362.99,352.45,353.86,1589000
2023-05-23 20:00:00-04:00,353.86,353.97,343.42,344.58,2117600
2023-05-24 20:00:00-04:00,343.09,346.53,340.95,342.34,1415000
2023-05-25 20:00:00-04:00,342.34,344.39,339.49,340.26,1789800
2023-05-29 20:00:00-04:00,341.02,343.38,335.35,336.64,2531700
2023-05-30 20:00:00-04:00,335.39,335.99,329.12,331.93,3735200
2023-05-31 20:00:00-04:00,330.91,334.68,326.93,328.35,4166100
2023-06-01 20:00:00-04:00,378.23,386.33,364.82,365.44,5824400
2023-06-04 20:00:00-04:00,363.00,363.64,355.61,356.44,3093000
2023-06-05 20:00:00-04:00,357.90,361.61,354.78,356.02,1707900
2023-06-06 20:00:00-04:00,355.09,358.40,352.54,353.93,1376400
2023-06-07 20:00:00-04:00,354.02,355.27,350.90,354.95,1367200
2023-06-08 20:00:00-04:00,355.49,360.50,354.01,360.40,1707000
2023-06-11 20:00:00-04:00,362.18,368.80,357.16,368.18,1939900
2023-06-12 20:00:00-04:00,370.25,370.53,364.43,368.36,1629500
2023-06-13 20:00:00-04:00,370.00,378.76,369.09,377.21,1827900
2023-06-14 20:00:00-04:00,377.21,383.20,376.10,382.63,1405700
2023-06-15 20:00:00-04:00,386.87,386.87,381.05,383.02,1849700
2023-06-19 20:00:00-04:00,383.00,383.83,378.76,383.49,1468700
2023-06-20 20:00:00-04:00,384.03,385.50,378.02,378.81,1212900
2023-06-21 20:00:00-04:00,376.43,379.42,376.00,377.96,886900
2023-06-22 20:00:00-04:00,374.10,377.30,372.46,374.25,3265200
2023-06-25 20:00:00-04:00,377.31,378.29,373.47,373.77,1028100
2023-06-26 20:00:00-04:00,375.29,377.50,374.16,374.52,823300
2023-06-27 20:00:00-04:00,377.06,378.83,374.34,376.25,880400
2023-06-28 20:00:00-04:00,378.02,379.96,369.84,370.26,1103500
2023-06-29 20:00:00-04:00,375.37,380.37,374.76,378.50,1477700
2023-07-02 20:00:00-04:00,379.90,381.50,377.61,379.41,498300
2023-07-04 20:00:00-04:00,376.33,381.15,374.10,375.99,1000100
2023-07-05 20:00:00-04:00,370.00,373.49,366.01,367.03,1136000
2023-07-06 20:00:00-04:00,366.00,367.90,363.26,363.74,935300
2023-07-09 20:00:00-04:00,364.72,372.88,364.29,369.52,1043300
2023-07-10 20:00:00-04:00,371.44,380.09,371.38,379.48,885700
2023-07-11 20:00:00-04:00,383.60,384.74,378.55,383.32,979900
2023-07-12 20:00:00-04:00,386.99,387.73,379.34,379.54,702000
2023-07-13 20:00:00-04:00,379.73,381.78,377.52,380.41,660500
2023-07-16 20:00:00-04:00,379.07,385.35,378.40,383.69,809400
2023-07-17 20:00:00-04:00,384.38,385.57,379.23,385.42,935200
2023-07-18 20:00:00-04:00,385.00,394.54,384.87,390.51,1478200
2023-07-19 20:00:00-04:00,386.58,390.83,381.43,381.86,1341500
2023-07-20 20:00:00-04:00,384.62,388.38,381.00,382.96,2642300
2023-07-23 20:00:00-04:00,382.43,384.35,376.81,380.39,1211900
2023-07-24 20:00:00-04:00,380.00,383.11,378.73,382.12,725600
2023-07-25 20:00:00-04:00,380.93,381.54,375.80,378.98,782400
2023-07-26 20:00:00-04:00,381.42,382.88,368.76,370.75,1261800
2023-07-27 20:00:00-04:00,375.87,378.64,374.53,377.96,1041400
2023-07-30 20:00:00-04:00,377.96,382.07,377.39,378.53,867200
2023-07-31 20:00:00-04:00,376.99,382.31,376.00,381.21,1096100
2023-08-01 20:00:00-04:00,377.46,378.58,375.00,376.65,916200
2023-08-02 20:00:00-04:00,375.76,385.45,375.00,384.00,1055500
2023-08-03 20:00:00-04:00,385.41,386.47,377.43,378.20,907700
2023-08-06 20:00:00-04:00,380.95,383.09,377.19,382.50,761500
2023-08-07 20:00:00-04:00,378.64,381.11,373.71,380.70,860600
2023-08-08 20:00:00-04:00,382.00,386.00,376.63,382.33,748100
2023-08-09 20:00:00-04:00,385.88,394.64,383.37,384.55,937600
2023-08-10 20:00:00-04:00,382.98,383.60,377.74,381.13,650100
2023-08-13 20:00:00-04:00,380.00,387.43,379.53,385.02,861300
2023-08-14 20:00:00-04:00,383.00,385.45,378.01,383.18,941700
2023-08-15 20:00:00-04:00,384.78,389.78,381.08,381.16,743500
2023-08-16 20:00:00-04:00,383.85,384.02,376.04,376.30,831400
2023-08-17 20:00:00-04:00,372.59,382.65,371.45,381.29,945900
2023-08-20 20:00:00-04:00,382.95,385.74,381.34,384.90,1009200
2023-08-21 20:00:00-04:00,380.60,381.53,373.54,379.42,1122900
2023-08-22 20:00:00-04:00,374.96,379.33,368.83,377.71,1411400
2023-08-23 20:00:00-04:00,379.41,379.41,359.81,360.22,2347100
2023-08-24 20:00:00-04:00,362.06,367.39,360.42,365.59,1138400
2023-08-27 20:00:00-04:00,367.09,367.99,362.97,365.84,1191300
2023-08-28 20:00:00-04:00,365.01,375.87,363.35,374.73,1260300
2023-08-29 20:00:00-04:00,378.87,379.00,373.50,376.73,1175800
2023-08-30 20:00:00-04:00,379.27,382.89,378.50,381.26,3328500
2023-08-31 20:00:00-04:00,393.00,406.75,385.11,404.19,5176100
2023-09-04 20:00:00-04:00,400.00,406.94,397.28,401.81,1855900
2023-09-05 20:00:00-04:00,400.71,404.47,396.77,399.00,990000
2023-09-06 20:00:00-04:00,397.52,400.84,396.01,398.99,830300
2023-09-07 20:00:00-04:00,401.05,401.38,395.51,396.36,665600
2023-09-10 20:00:00-04:00,396.36,399.31,392.77,397.44,764200
2023-09-11 20:00:00-04:00,396.27,400.43,387.18,388.12,1102000
2023-09-12 20:00:00-04:00,386.67,392.98,385.56,388.97,898600
2023-09-13 20:00:00-04:00,394.18,394.18,384.31,388.74,914200
2023-09-14 20:00:00-04:00,388.90,390.00,383.67,389.93,1411000
2023-09-17 20:00:00-04:00,391.70,391.99,381.68,382.81,1178000
2023-09-18 20:00:00-04:00,382.65,386.44,379.42,384.45,740800
2023-09-19 20:00:00-04:00,389.15,397.99,387.88,391.88,1487700
2023-09-20 20:00:00-04:00,387.44,390.48,383.75,383.90,1543700
2023-09-21 20:00:00-04:00,387.50,391.71,386.38,388.05,1102600
2023-09-24 20:00:00-04:00,386.02,387.50,378.11,384.33,1576700
2023-09-25 20:00:00-04:00,380.63,384.72,378.29,380.66,1521100
2023-09-26 20:00:00-04:00,382.21,384.29,377.04,379.14,700400
2023-09-27 20:00:00-04:00,381.55,382.15,375.62,379.00,1146500
2023-09-28 20:00:00-04:00,387.35,389.96,382.20,385.61,1509100
2023-10-01 20:00:00-04:00,384.60,388.87,380.88,382.86,1197500
2023-10-02 20:00:00-04:00,378.84,381.53,365.18,368.34,1652700
2023-10-03 20:00:00-04:00,367.76,372.00,366.99,370.10,976300
2023-10-04 20:00:00-04:00,367.50,367.50,360.20,360.36,1625400
2023-10-05 20:00:00-04:00,360.00,368.78,354.66,367.22,1677900
2023-10-08 20:00:00-04:00,366.90,372.87,363.57,372.64,1079100
2023-10-09 20:00:00-04:00,372.64,378.84,371.44,373.03,1178500
2023-10-10 20:00:00-04:00,374.00,375.96,368.24,373.36,1046300
2023-10-11 20:00:00-04:00,374.90,374.90,366.99,373.94,1250900
2023-10-12 20:00:00-04:00,375.00,384.60,374.40,377.69,1941700
2023-10-15 20:00:00-04:00,402.24,419.01,401.84,416.64,5824400
2023-10-16 20:00:00-04:00,415.00,419.86,412.19,412.94,5824400
2023-10-17 20:00:00-04:00,412.02,417.20,404.77,405.61,3750100
2023-10-18 20:00:00-04:00,407.01,408.21,394.58,396.19,2628200
2023-10-19 20:00:00-04:00,397.43,398.13,389.00,395.82,1937700
2023-10-22 20:00:00-04:00,394.92,406.81,392.08,402.46,1827700
2023-10-23 20:00:00-04:00,405.61,405.61,398.34,403.37,1575800
2023-10-24 20:00:00-04:00,401.00,403.82,396.12,396.70,1309700
2023-10-25 20:00:00-04:00,393.18,394.04,386.00,388.62,1837200
2023-10-26 20:00:00-04:00,390.00,392.21,384.37,386.82,1448600
2023-10-29 20:00:00-04:00,388.44,393.27,387.75,391.75,1005200
2023-10-30 20:00:00-04:00,391.75,395.70,389.01,393.48,1084300
2023-10-31 20:00:00-04:00,393.31,395.81,385.26,395.29,1312600
2023-11-01 20:00:00-04:00,398.91,404.87,398.70,403.50,1390000
2023-11-02 20:00:00-04:00,408.78,412.03,406.27,407.93,1231000
2023-11-05 19:00:00-05:00,411.50,412.27,404.51,407.95,826900
2023-11-06 19:00:00-05:00,409.90,414.48,406.00,413.69,1175700
2023-11-07 19:00:00-05:00,415.00,415.15,409.32,409.64,714500
2023-11-08 19:00:00-05:00,410.75,410.75,404.69,406.58,922600
2023-11-09 19:00:00-05:00,407.51,413.90,404.89,413.67,1038900
2023-11-12 19:00:00-05:00,410.48,418.61,409.80,416.98,1277100
2023-11-13 19:00:00-05:00,422.66,431.10,421.69,430.33,1566300
2023-11-14 19:00:00-05:00,433.09,437.06,431.45,432.19,1257500
2023-11-15 19:00:00-05:00,430.67,431.50,416.55,420.28,1706800
2023-11-16 19:00:00-05:00,425.22,425.67,421.04,422.44,1219800
2023-11-19 19:00:00-05:00,423.89,429.59,422.78,428.58,866000
2023-11-20 19:00:00-05:00,426.65,431.92,425.75,430.37,867400
2023-11-21 19:00:00-05:00,430.82,435.07,428.19,428.63,800600
2023-11-23 19:00:00-05:00,428.30,432.27,426.35,431.76,401700
2023-11-26 19:00:00-05:00,430.05,437.81,430.05,435.67,1074800
2023-11-27 19:00:00-05:00,435.57,436.66,427.09,427.73,1353900
2023-11-28 19:00:00-05:00,429.20,439.76,428.60,438.35,1658800
2023-11-29 19:00:00-05:00,439.77,448.73,438.60,446.80,2372000
2023-11-30 19:00:00-05:00,447.60,467.63,447.60,466.61,2456800
2023-12-03 19:00:00-05:00,459.20,463.37,452.23,460.76,2637100
2023-12-04 19:00:00-05:00,454.76,462.27,452.53,456.93,1793500
2023-12-05 19:00:00-05:00,459.28,464.06,458.27,460.67,1387200
2023-12-06 19:00:00-05:00,460.67,466.63,460.60,464.67,3243500
2023-12-07 19:00:00-05:00,455.88,493.80,448.81,489.64,5824400
2023-12-10 19:00:00-05:00,493.95,507.44,490.00,502.74,2799000
2023-12-11 19:00:00-05:00,503.00,504.40,495.68,503.65,1717100
2023-12-12 19:00:00-05:00,502.83,508.43,494.09,504.50,1698900
2023-12-13 19:00:00-05:00,505.06,505.63,487.19,489.30,2649600
2023-12-14 19:00:00-05:00,486.46,492.19,483.81,491.46,2677400
2023-12-17 19:00:00-05:00,490.01,501.72,488.42,501.63,1230600
2023-12-18 19:00:00-05:00,503.58,509.33,502.83,506.86,1174800
2023-12-19 19:00:00-05:00,504.51,511.60,503.95,505.15,1063000
2023-12-20 19:00:00-05:00,507.86,511.27,505.51,511.03,896600
2023-12-21 19:00:00-05:00,502.60,510.48,502.22,510.00,1179500
2023-12-25 19:00:00-05:00,513.24,513.50,505.52,506.32,887300
2023-12-26 19:00:00-05:00,506.00,509.88,505.53,508.81,816400
2023-12-27 19:00:00-05:00,510.46,512.48,508.27,509.22,688700
2023-12-28 19:00:00-05:00,509.87,516.39,508.46,511.29,918300
2024-01-01 19:00:00-05:00,508.57,508.92,502.15,505.38,1187800
2024-01-02 19:00:00-05:00,501.89,503.95,496.69,498.02,1029200
2024-01-03 19:00:00-05:00,496.90,502.00,495.01,496.00,1174400
2024-01-04 19:00:00-05:00,495.92,499.21,490.69,491.10,1121500
2024-01-07 19:00:00-05:00,488.47,493.49,478.13,491.48,1827300
2024-01-08 19:00:00-05:00,488.93,489.93,483.09,485.71,1242700
2024-01-09 19:00:00-05:00,488.00,488.51,482.59,484.10,1276000
2024-01-10 19:00:00-05:00,483.39,486.21,478.16,485.48,823500
2024-01-11 19:00:00-05:00,488.08,490.84,479.09,479.94,1050700
2024-01-15 19:00:00-05:00,478.05,478.05,467.58,470.73,1370200
2024-01-16 19:00:00-05:00,469.18,469.58,462.84,468.40,1347000
2024-01-17 19:00:00-05:00,472.19,478.46,468.84,477.45,1482300
2024-01-18 19:00:00-05:00,477.76,484.75,475.05,484.02,1257700
2024-01-21 19:00:00-05:00,483.00,483.30,477.62,481.89,909500
2024-01-22 19:00:00-05:00,480.22,481.89,474.50,477.00,1038400
2024-01-23 19:00:00-05:00,477.00,480.96,472.67,474.84,1399400
2024-01-24 19:00:00-05:00,475.22,476.94,468.16,474.30,964300
2024-01-25 19:00:00-05:00,475.00,484.31,470.65,478.03,1128700
2024-01-28 19:00:00-05:00,478.03,482.44,475.74,481.99,1072400
2024-01-29 19:00:00-05:00,481.99,491.30,479.76,481.40,1295100
2024-01-30 19:00:00-05:00,472.02,473.10,451.35,453.82,2879200
2024-01-31 19:00:00-05:00,454.90,463.03,454.02,461.94,1526200
2024-02-01 19:00:00-05:00,458.50,464.62,454.62,462.40,1144200
2024-02-04 19:00:00-05:00,458.41,459.05,450.55,456.73,1166100
2024-02-05 19:00:00-05:00,457.31,459.66,450.06,456.54,1531000
2024-02-06 19:00:00-05:00,459.04,463.25,456.20,457.75,1013300
2024-02-07 19:00:00-05:00,463.27,476.62,460.98,472.98,1510300
2024-02-08 19:00:00-05:00,466.61,471.26,458.78,470.24,1350000
2024-02-11 19:00:00-05:00,473.28,478.00,465.12,466.08,1174700
2024-02-12 19:00:00-05:00,457.56,461.95,454.00,456.23,1264100
2024-02-13 19:00:00-05:00,460.44,461.99,456.70,460.71,697200
2024-02-14 19:00:00-05:00,461.32,463.24,454.50,458.98,915500
2024-02-15 19:00:00-05:00,457.12,457.39,445.53,449.60,1341000
2024-02-19 19:00:00-05:00,445.77,449.60,441.01,444.60,1185300
2024-02-20 19:00:00-05:00,447.28,448.41,440.26,443.46,807800
2024-02-21 19:00:00-05:00,448.10,457.36,447.35,455.26,1105000
2024-02-22 19:00:00-05:00,458.50,462.82,454.22,457.89,862300
2024-02-25 19:00:00-05:00,461.06,472.96,459.26,468.25,1447000
2024-02-26 19:00:00-05:00,471.09,471.50,463.95,467.84,919500
2024-02-27 19:00:00-05:00,466.50,474.17,463.34,464.14,913800
2024-02-28 19:00:00-05:00,466.03,469.90,461.10,467.09,1431900
2024-02-29 19:00:00-05:00,461.44,464.57,457.63,458.50,1295300
2024-03-03 19:00:00-05:00,458.63,459.03,449.77,450.79,1254200
2024-03-04 19:00:00-05:00,448.81,448.81,443.61,446.06,975500
2024-03-05 19:00:00-05:00,451.99,452.66,443.52,448.54,941300
2024-03-06 19:00:00-05:00,449.03,461.00,449.03,457.28,1078300
2024-03-07 19:00:00-05:00,461.27,465.42,457.29,460.39,755200
2024-03-10 20:00:00-04:00,461.53,461.53,453.67,457.76,729700
2024-03-11 20:00:00-04:00,459.48,467.86,458.56,465.28,841200
2024-03-12 20:00:00-04:00,467.93,471.72,465.37,465.55,799700
2024-03-13 20:00:00-04:00,472.06,472.06,462.75,470.01,1316800
2024-03-14 20:00:00-04:00,467.12,470.67,463.16,464.94,1678100
2024-03-17 20:00:00-04:00,465.92,469.69,459.48,459.57,1261300
2024-03-18 20:00:00-04:00,457.69,467.86,454.23,467.27,1428900
2024-03-19 20:00:00-04:00,467.34,469.79,461.92,469.05,1627800
2024-03-20 20:00:00-04:00,472.00,480.94,469.00,478.84,4022000
2024-03-21 20:00:00-04:00,416.25,418.70,387.11,403.19,5824400
2024-03-24 20:00:00-04:00,405.09,405.09,387.05,388.90,5122900
2024-03-25 20:00:00-04:00,393.59,395.27,385.88,386.14,2881700
2024-03-26 20:00:00-04:00,387.08,394.46,386.47,389.46,2340500
2024-03-27 20:00:00-04:00,390.50,394.32,390.07,390.65,1699100
2024-03-31 20:00:00-04:00,393.55,394.00,384.02,385.20,1827500
2024-04-01 20:00:00-04:00,380.00,381.64,376.14,378.06,2137700
2024-04-02 20:00:00-04:00,378.68,379.90,373.81,374.01,1550800
2024-04-03 20:00:00-04:00,373.00,373.34,356.75,357.56,4717600
2024-04-04 20:00:00-04:00,357.90,360.82,355.23,356.87,1809800
2024-04-07 20:00:00-04:00,358.61,361.72,355.87,360.46,1684500
2024-04-08 20:00:00-04:00,360.10,360.99,355.41,358.80,1963600
2024-04-09 20:00:00-04:00,352.80,355.18,349.53,350.25,1962800
2024-04-10 20:00:00-04:00,350.59,352.05,347.51,349.92,1948300
2024-04-11 20:00:00-04:00,345.47,346.90,336.04,336.13,2664800
2024-04-14 20:00:00-04:00,340.99,343.82,334.53,334.76,2326900
2024-04-15 20:00:00-04:00,334.03,341.11,330.61,338.98,2147100
2024-04-16 20:00:00-04:00,342.00,346.45,341.24,344.86,2147800
2024-04-17 20:00:00-04:00,346.50,352.10,344.31,347.51,2180200
2024-04-18 20:00:00-04:00,346.96,353.10,346.39,352.47,2470400
2024-04-21 20:00:00-04:00,354.68,364.63,354.68,361.79,2537800
2024-04-22 20:00:00-04:00,362.17,366.19,359.33,364.68,1589900
2024-04-23 20:00:00-04:00,368.36,368.36,361.22,364.59,1260300
2024-04-24 20:00:00-04:00,363.19,364.00,356.67,360.00,1538400
2024-04-25 20:00:00-04:00,359.43,367.59,359.39,364.70,1234500
2024-04-28 20:00:00-04:00,357.89,366.98,357.02,363.96,1361200
2024-04-29 20:00:00-04:00,362.59,362.59,358.62,360.60,1592700
2024-04-30 20:00:00-04:00,358.05,360.45,351.67,354.40,1336000
2024-05-01 20:00:00-04:00,356.34,357.29,348.51,350.80,1818600
2024-05-02 20:00:00-04:00,355.20,357.05,351.77,355.15,1257700
2024-05-05 20:00:00-04:00,357.00,357.90,349.17,350.24,1324100
2024-05-06 20:00:00-04:00,350.98,354.16,348.80,349.85,1207800
2024-05-07 20:00:00-04:00,347.21,349.02,345.07,345.61,1366400
2024-05-08 20:00:00-04:00,346.97,355.20,346.11,352.95,1774800
2024-05-09 20:00:00-04:00,352.90,353.38,347.39,352.96,1390800
2024-05-12 20:00:00-04:00,354.37,355.44,347.00,347.16,1482300
2024-05-13 20:00:00-04:00,349.04,353.39,349.04,352.35,1228000
2024-05-14 20:00:00-04:00,354.50,354.53,346.24,346.85,1527700
2024-05-15 20:00:00-04:00,347.68,347.68,337.54,338.28,3261400
2024-05-16 20:00:00-04:00,338.75,338.75,334.02,334.95,2588600
2024-05-19 20:00:00-04:00,334.21,334.21,323.66,327.07,3629200
2024-05-20 20:00:00-04:00,327.35,328.29,322.15,322.98,2225100
2024-05-21 20:00:00-04:00,306.91,307.92,295.74,299.63,5824400
2024-05-22 20:00:00-04:00,299.65,303.66,295.28,299.74,3824400
2024-05-23 20:00:00-04:00,301.53,306.92,299.74,303.01,2284000
2024-05-27 20:00:00-04:00,304.00,304.42,293.03,295.25,2845600
2024-05-28 20:00:00-04:00,294.00,301.45,293.36,298.54,2604500
2024-05-29 20:00:00-04:00,299.84,307.38,299.00,302.90,2635000
2024-05-30 20:00:00-04:00,307.91,313.33,306.70,311.99,4260700
2024-06-02 20:00:00-04:00,311.26,314.13,305.79,306.62,2098500
2024-06-03 20:00:00-04:00,303.90,309.28,301.34,306.78,2151200
2024-06-04 20:00:00-04:00,308.76,308.76,301.05,308.27,5824400
2024-06-05 20:00:00-04:00,337.01,337.76,314.65,323.03,5824400
2024-06-06 20:00:00-04:00,321.19,329.73,316.26,317.86,4031400
2024-06-09 20:00:00-04:00,314.66,322.03,314.01,318.26,2132000
2024-06-10 20:00:00-04:00,315.39,319.70,314.77,318.04,1760700
2024-06-11 20:00:00-04:00,321.89,321.95,307.88,309.81,2681100
2024-06-12 20:00:00-04:00,306.88,309.14,303.87,307.49,2078400
2024-06-13 20:00:00-04:00,305.12,308.00,303.16,306.01,1472700
2024-06-16 20:00:00-04:00,304.28,313.22,303.75,312.91,1948900
2024-06-17 20:00:00-04:00,312.12,315.50,311.52,313.23,1836800
2024-06-19 20:00:00-04:00,314.38,314.66,310.22,310.77,1626100
2024-06-20 20:00:00-04:00,311.27,313.45,309.10,311.82,3223500
2024-06-23 20:00:00-04:00,312.29,316.53,311.74,312.28,2155600
2024-06-24 20:00:00-04:00,312.34,317.21,307.69,309.07,1985300
2024-06-25 20:00:00-04:00,308.78,309.88,304.37,304.81,1265500
2024-06-26 20:00:00-04:00,304.16,308.44,303.19,308.30,1410300
2024-06-27 20:00:00-04:00,302.00,303.25,296.21,298.70,3496800
2024-06-30 20:00:00-04:00,300.73,302.58,295.49,302.36,1526500
2024-07-01 20:00:00-04:00,300.45,304.39,299.68,301.67,1434800
2024-07-02 20:00:00-04:00,301.67,302.59,299.02,300.32,952000
2024-07-04 20:00:00-04:00,303.14,303.14,296.80,298.14,1255000
2024-07-07 20:00:00-04:00,300.42,301.91,293.51,294.03,1705300
2024-07-08 20:00:00-04:00,293.70,293.70,288.11,289.87,2012800
2024-07-09 20:00:00-04:00,288.79,290.21,283.49,288.08,2192400
2024-07-10 20:00:00-04:00,289.40,295.50,288.39,289.20,1799900
2024-07-11 20:00:00-04:00,292.81,296.38,287.78,291.06,1797700
2024-07-14 20:00:00-04:00,289.50,290.00,282.58,283.72,2195100
2024-07-15 20:00:00-04:00,284.66,291.87,282.04,291.76,1879100
2024-07-16 20:00:00-04:00,289.96,293.94,288.51,292.68,1576400
2024-07-17 20:00:00-04:00,293.69,295.35,284.69,285.13,1885700
2024-07-18 20:00:00-04:00,286.94,287.00,279.16,280.24,1623700
2024-07-21 20:00:00-04:00,281.80,286.43,280.85,285.00,1457600
2024-07-22 20:00:00-04:00,285.20,287.25,281.20,281.37,1494100
2024-07-23 20:00:00-04:00,280.57,281.00,268.78,272.06,2647100
2024-07-24 20:00:00-04:00,260.98,262.00,245.59,247.32,5824400
2024-07-25 20:00:00-04:00,250.00,257.26,246.99,253.50,4121400
2024-07-28 20:00:00-04:00,256.39,260.46,251.95,259.03,2308500
2024-07-29 20:00:00-04:00,258.30,259.39,253.70,256.00,1563900
2024-07-30 20:00:00-04:00,256.00,262.50,256.00,258.66,2048800
2024-07-31 20:00:00-04:00,258.67,260.12,246.12,249.05,2119400
2024-08-01 20:00:00-04:00,240.00,243.25,234.69,236.00,3097900
2024-08-04 20:00:00-04:00,228.08,236.35,226.01,233.40,2857400
2024-08-05 20:00:00-04:00,235.00,240.36,234.00,236.90,1848400
2024-08-06 20:00:00-04:00,239.96,244.65,232.96,233.44,1545100
2024-08-07 20:00:00-04:00,238.14,243.15,235.93,241.75,1762400
2024-08-08 20:00:00-04:00,240.75,240.87,237.28,238.72,1289800
2024-08-11 20:00:00-04:00,239.93,240.82,236.55,239.70,1412000
2024-08-12 20:00:00-04:00,241.34,245.73,238.91,241.95,1860900
2024-08-13 20:00:00-04:00,243.00,244.50,240.36,240.49,1157700
2024-08-14 20:00:00-04:00,250.82,258.34,250.13,256.55,3213500
2024-08-15 20:00:00-04:00,258.20,259.90,254.01,258.10,2090200
2024-08-18 20:00:00-04:00,259.60,263.00,258.42,259.12,2061000
2024-08-19 20:00:00-04:00,259.00,261.32,257.31,260.60,1411000
2024-08-20 20:00:00-04:00,265.88,270.55,263.59,265.63,1898100
2024-08-21 20:00:00-04:00,265.64,267.30,262.50,263.45,1613400
2024-08-22 20:00:00-04:00,265.11,268.95,264.64,268.55,1605400
2024-08-25 20:00:00-04:00,272.15,275.04,269.26,271.66,2507200
2024-08-26 20:00:00-04:00,270.79,272.33,268.25,271.18,1955900
2024-08-27 20:00:00-04:00,266.68,267.83,255.29,258.83,2882000
2024-08-28 20:00:00-04:00,261.86,263.35,258.28,259.01,4753200
2024-08-29 20:00:00-04:00,269.06,270.00,249.10,259.47,5824400
2024-09-02 20:00:00-04:00,258.26,261.77,251.75,258.08,3072000
2024-09-03 20:00:00-04:00,254.24,257.49,251.76,255.51,2415300
2024-09-04 20:00:00-04:00,255.84,257.77,252.50,253.70,1939000
2024-09-05 20:00:00-04:00,262.13,265.90,250.65,253.84,2589500
2024-09-08 20:00:00-04:00,253.89,258.18,247.10,248.59,2031700
2024-09-09 20:00:00-04:00,249.00,249.38,244.88,247.18,1440500
2024-09-10 20:00:00-04:00,248.05,255.69,243.37,255.20,1863000
2024-09-11 20:00:00-04:00,254.02,260.39,253.97,260.14,1819200
2024-09-12 20:00:00-04:00,261.01,268.78,260.91,266.76,1783200
2024-09-15 20:00:00-04:00,266.99,267.45,260.26,265.30,1368900
2024-09-16 20:00:00-04:00,266.90,270.44,264.64,268.41,1553900
2024-09-17 20:00:00-04:00,269.58,274.64,266.55,270.20,2109400
2024-09-18 20:00:00-04:00,275.98,281.18,269.44,270.76,2463600
2024-09-19 20:00:00-04:00,270.75,270.76,261.05,262.61,2866900
2024-09-22 20:00:00-04:00,263.00,264.11,259.53,259.80,1717000
2024-09-23 20:00:00-04:00,266.69,271.76,262.78,263.55,2224000
2024-09-24 20:00:00-04:00,263.00,264.03,257.61,259.74,1741400
2024-09-25 20:00:00-04:00,269.00,270.73,265.73,268.82,2187900
2024-09-26 20:00:00-04:00,273.22,283.66,272.01,280.01,2936200
2024-09-29 20:00:00-04:00,278.00,281.33,271.10,271.35,1977400
2024-09-30 20:00:00-04:00,267.67,269.61,261.75,266.45,1983500
2024-10-01 20:00:00-04:00,264.80,265.68,259.75,260.53,1712000
2024-10-02 20:00:00-04:00,258.48,262.82,256.50,262.56,1715300
2024-10-03 20:00:00-04:00,267.77,274.66,267.12,270.38,2175200
2024-10-06 20:00:00-04:00,270.65,273.57,264.20,272.48,2328700
2024-10-07 20:00:00-04:00,271.09,279.00,268.00,276.59,1952400
2024-10-08 20:00:00-04:00,277.84,278.57,272.10,274.12,1404600
2024-10-09 20:00:00-04:00,273.67,274.49,268.16,273.58,1564900
2024-10-10 20:00:00-04:00,272.90,279.05,272.00,278.25,1486300
2024-10-13 20:00:00-04:00,278.50,287.19,272.90,286.76,2125700
2024-10-14 20:00:00-04:00,286.42,292.45,285.27,287.48,1948600
2024-10-15 20:00:00-04:00,287.34,295.36,286.71,294.21,2344000
2024-10-16 20:00:00-04:00,294.41,295.64,283.62,283.71,2670500
2024-10-17 20:00:00-04:00,283.55,291.79,282.15,291.63,1693200
2024-10-20 20:00:00-04:00,291.43,299.16,291.31,297.74,2482000
2024-10-21 20:00:00-04:00,298.24,304.49,296.00,298.88,2031000
2024-10-22 20:00:00-04:00,297.14,297.53,290.71,293.14,1179400
2024-10-23 20:00:00-04:00,295.40,299.22,294.62,298.99,1165700
2024-10-24 20:00:00-04:00,302.81,313.09,302.51,304.15,2594200
2024-10-27 20:00:00-04:00,306.00,310.16,304.59,307.54,1619100
2024-10-28 20:00:00-04:00,307.49,307.49,303.85,304.82,1605100
2024-10-29 20:00:00-04:00,303.46,308.80,301.50,303.85,1528900
2024-10-30 20:00:00-04:00,302.70,303.71,294.20,297.90,1761100
2024-10-31 20:00:00-04:00,299.85,322.36,297.76,321.17,3874700
2024-11-03 19:00:00-05:00,320.25,322.43,316.71,318.13,2251000
2024-11-04 19:00:00-05:00,317.00,320.24,316.19,319.23,1401600
2024-11-05 19:00:00-05:00,320.00,321.69,310.30,313.14,2205800
2024-11-06 19:00:00-05:00,316.54,323.01,312.31,315.30,1567200
2024-11-07 19:00:00-05:00,315.02,316.00,308.44,308.53,1957900
2024-11-10 19:00:00-05:00,310.63,320.70,308.62,318.46,2064000
2024-11-11 19:00:00-05:00,317.00,322.25,314.12,320.90,1159200
2024-11-12 19:00:00-05:00,323.71,334.35,321.74,328.30,2001000
2024-11-13 19:00:00-05:00,328.68,334.58,324.53,330.26,1579600
2024-11-14 19:00:00-05:00,330.62,331.32,319.76,320.01,1264700
2024-11-17 19:00:00-05:00,322.00,322.43,307.89,309.53,1895500
2024-11-18 19:00:00-05:00,305.17,307.79,298.20,301.85,2090300
2024-11-19 19:00:00-05:00,298.74,309.17,298.67,308.31,1404000
2024-11-20 19:00:00-05:00,306.19,316.49,304.44,315.14,1521600
2024-11-21 19:00:00-05:00,315.14,327.67,315.14,317.11,1873200
2024-11-24 19:00:00-05:00,319.46,328.71,318.86,326.72,2150300
2024-11-25 19:00:00-05:00,325.40,326.22,318.24,318.84,1209200
2024-11-26 19:00:00-05:00,319.82,322.85,316.41,319.52,1126300
2024-11-28 19:00:00-05:00,321.93,324.16,318.47,320.66,839200
2024-12-01 19:00:00-05:00,322.91,337.30,321.83,334.40,2330100
2024-12-02 19:00:00-05:00,333.56,341.42,329.74,340.66,1924800
2024-12-03 19:00:00-05:00,338.84,342.94,337.15,342.27,2036400
2024-12-04 19:00:00-05:00,345.48,351.38,340.69,344.81,4435400
2024-12-05 19:00:00-05:00,377.00,409.70,377.00,399.60,5824400
2024-12-08 19:00:00-05:00,398.68,420.21,396.45,404.79,3708300
2024-12-09 19:00:00-05:00,404.00,407.55,393.00,397.10,2263300
2024-12-10 19:00:00-05:00,399.47,405.16,398.08,399.75,1359500
2024-12-11 19:00:00-05:00,396.73,398.24,389.17,389.33,1572400
2024-12-12 19:00:00-05:00,387.01,392.60,385.00,391.63,1442500
2024-12-15 19:00:00-05:00,390.91,397.66,389.01,389.74,1494400
2024-12-16 19:00:00-05:00,386.11,391.49,382.00,390.59,1394600
2024-12-17 19:00:00-05:00,387.00,389.67,371.88,372.07,2096900
2024-12-18 19:00:00-05:00,375.00,377.50,368.66,373.54,2021600
2024-12-19 19:00:00-05:00,367.99,384.16,366.95,379.42,3166900
2024-12-22 19:00:00-05:00,379.90,388.40,376.79,383.49,1899900
2024-12-23 19:00:00-05:00,385.21,386.88,383.21,385.69,496400
2024-12-25 19:00:00-05:00,384.86,389.86,384.01,385.82,1012900
2024-12-26 19:00:00-05:00,382.00,387.48,380.32,386.67,1075500
2024-12-29 19:00:00-05:00,380.03,389.19,377.54,384.05,1254700
2024-12-30 19:00:00-05:00,384.06,386.36,380.26,382.41,1027600
2025-01-01 19:00:00-05:00,381.50,385.28,371.48,372.31,1350400
2025-01-02 19:00:00-05:00,375.52,382.03,373.77,378.18,1032500
2025-01-05 19:00:00-05:00,381.42,396.59,381.42,395.31,1729700
2025-01-06 19:00:00-05:00,403.87,414.82,393.15,393.46,1845200
2025-01-07 19:00:00-05:00,390.00,393.22,386.18,392.92,973400
2025-01-09 19:00:00-05:00,391.76,397.35,388.67,395.47,1321800
2025-01-12 19:00:00-05:00,401.92,404.75,389.48,398.86,2086800
2025-01-13 19:00:00-05:00,400.00,401.95,384.06,388.74,2531400
2025-01-14 19:00:00-05:00,391.54,393.35,374.40,376.66,2195800
2025-01-15 19:00:00-05:00,377.67,377.86,367.15,370.99,1805300
2025-01-16 19:00:00-05:00,378.27,378.53,373.04,373.70,1344100
2025-01-20 19:00:00-05:00,375.94,377.73,367.20,372.81,2115500
2025-01-21 19:00:00-05:00,371.99,383.38,370.00,382.82,1838500
2025-01-22 19:00:00-05:00,383.45,389.50,379.31,387.85,1445200
2025-01-23 19:00:00-05:00,390.12,400.79,385.73,400.03,1969600
2025-01-26 19:00:00-05:00,395.48,408.12,394.50,402.90,2337900
2025-01-27 19:00:00-05:00,404.39,416.00,403.24,409.42,1660600
2025-01-28 19:00:00-05:00,410.38,413.55,407.60,411.16,976600
2025-01-29 19:00:00-05:00,415.00,423.32,413.51,421.16,1519500
2025-01-30 19:00:00-05:00,419.11,422.87,412.00,414.20,1297400
2025-02-02 19:00:00-05:00,404.50,413.14,399.48,410.29,1752600
2025-02-03 19:00:00-05:00,409.24,417.91,408.43,415.90,1088100
2025-02-04 19:00:00-05:00,415.98,417.00,411.07,412.80,1186400
2025-02-05 19:00:00-05:00,416.25,417.12,407.74,411.83,1236300
2025-02-06 19:00:00-05:00,414.14,414.14,396.74,398.10,1487700
2025-02-09 19:00:00-05:00,398.10,401.07,387.28,399.71,1341600
2025-02-10 19:00:00-05:00,398.17,403.21,397.13,397.63,866000
2025-02-11 19:00:00-05:00,392.95,399.78,390.30,395.16,1169300
2025-02-12 19:00:00-05:00,400.01,400.01,390.03,390.85,1529200
2025-02-13 19:00:00-05:00,393.52,393.54,365.62,366.68,3310300
2025-02-17 19:00:00-05:00,365.68,372.94,354.05,372.44,2251000
2025-02-18 19:00:00-05:00,370.11,374.41,362.87,367.22,1423400
2025-02-19 19:00:00-05:00,367.21,369.53,359.10,365.82,1463200
2025-02-20 19:00:00-05:00,366.00,366.99,354.29,358.97,1400600
2025-02-23 19:00:00-05:00,364.00,372.41,360.00,368.22,2001700
2025-02-24 19:00:00-05:00,366.41,370.25,359.19,366.72,1365200
2025-02-25 19:00:00-05:00,366.33,372.66,363.08,366.03,1241800
2025-02-26 19:00:00-05:00,364.64,371.75,359.31,362.16,1438300
2025-02-27 19:00:00-05:00,358.68,366.54,358.00,365.61,1194100
2025-03-02 19:00:00-05:00,365.80,367.01,345.52,347.81,1696800
2025-03-03 19:00:00-05:00,342.62,349.56,330.30,345.29,2120600
2025-03-04 19:00:00-05:00,344.13,350.80,340.84,349.53,1355100
2025-03-05 19:00:00-05:00,348.68,363.88,345.00,347.94,1783100
2025-03-06 19:00:00-05:00,347.13,347.74,332.76,344.36,1717400
2025-03-09 20:00:00-04:00,337.57,342.61,330.72,333.77,1956900
2025-03-10 20:00:00-04:00,333.70,333.94,317.71,319.42,2033100
2025-03-11 20:00:00-04:00,322.99,324.80,315.67,316.49,1685600
2025-03-12 20:00:00-04:00,316.09,317.25,304.77,309.68,1812000
2025-03-13 20:00:00-04:00,313.40,316.98,308.66,311.03,1513900
2025-03-16 20:00:00-04:00,314.27,330.42,313.50,327.09,1768300
2025-03-17 20:00:00-04:00,325.89,326.00,319.22,323.07,1122400
2025-03-18 20:00:00-04:00,319.45,330.81,318.56,329.57,1097900
2025-03-19 20:00:00-04:00,327.05,333.01,323.30,324.45,1106500
2025-03-20 20:00:00-04:00,317.64,324.38,311.00,322.62,1986100
2025-03-23 20:00:00-04:00,324.81,336.36,324.81,334.96,1703800
2025-03-24 20:00:00-04:00,342.50,346.72,334.74,337.35,2040400
2025-03-25 20:00:00-04:00,336.76,340.77,332.42,337.79,2300500
2025-03-26 20:00:00-04:00,334.25,348.50,334.07,341.53,4470400
2025-03-27 20:00:00-04:00,301.05,304.00,287.50,293.06,5824400
2025-03-30 20:00:00-04:00,286.14,291.76,280.83,283.06,4414700
2025-03-31 20:00:00-04:00,282.23,283.64,277.45,279.63,3315100
2025-04-01 20:00:00-04:00,277.75,287.95,276.51,282.75,2315200
2025-04-02 20:00:00-04:00,243.98,256.88,243.05,255.65,5824400
2025-04-03 20:00:00-04:00,242.00,271.75,234.84,263.70,5824400
2025-04-06 20:00:00-04:00,255.72,273.65,246.44,265.00,4203800
2025-04-07 20:00:00-04:00,269.41,270.41,243.74,247.61,3367900
2025-04-08 20:00:00-04:00,244.01,287.21,242.45,273.84,5824400
2025-04-09 20:00:00-04:00,262.89,262.89,247.92,256.62,3712500
2025-04-10 20:00:00-04:00,256.43,263.85,249.07,261.03,1961400
2025-04-13 20:00:00-04:00,264.78,265.88,254.58,259.76,1796000
2025-04-14 20:00:00-04:00,260.09,263.60,252.98,255.64,1573700
2025-04-15 20:00:00-04:00,253.38,256.94,246.89,249.37,1772800
2025-04-16 20:00:00-04:00,249.35,252.23,248.00,251.08,1600600
2025-04-20 20:00:00-04:00,249.34,254.03,245.60,253.91,1559500
2025-04-21 20:00:00-04:00,257.12,267.10,257.12,261.71,2133700
2025-04-22 20:00:00-04:00,271.80,277.30,263.68,265.85,1808500
2025-04-23 20:00:00-04:00,267.82,272.00,261.26,270.64,1283300
2025-04-24 20:00:00-04:00,267.95,269.63,265.48,267.90,1423000
2025-04-27 20:00:00-04:00,268.34,270.71,265.85,268.52,1412600
2025-04-28 20:00:00-04:00,267.96,272.00,266.06,271.27,1533800
2025-04-29 20:00:00-04:00,265.71,271.27,259.33,270.77,2015600
2025-04-30 20:00:00-04:00,271.34,274.33,268.36,268.60,1227800
2025-05-01 20:00:00-04:00,273.93,279.44,272.81,277.36,1811400
2025-05-04 20:00:00-04:00,276.42,281.44,276.15,278.55,1329900
2025-05-05 20:00:00-04:00,274.20,275.05,269.57,270.80,1141700
2025-05-06 20:00:00-04:00,273.52,277.13,271.92,275.69,1120800
2025-05-07 20:00:00-04:00,279.80,286.26,277.38,282.43,1483900
2025-05-08 20:00:00-04:00,283.26,284.00,279.58,279.77,1680000
2025-05-11 20:00:00-04:00,297.98,309.82,297.98,304.20,2531700
2025-05-12 20:00:00-04:00,308.72,311.84,304.87,310.61,1643700
2025-05-13 20:00:00-04:00,310.78,319.07,309.81,315.84,1574300
2025-05-14 20:00:00-04:00,313.86,319.41,312.35,318.96,1175900
2025-05-15 20:00:00-04:00,320.00,325.44,317.33,321.44,1277500
2025-05-18 20:00:00-04:00,316.26,326.73,316.00,323.70,1701500
2025-05-19 20:00:00-04:00,323.20,330.49,322.51,327.17,1378800
2025-05-20 20:00:00-04:00,322.11,326.43,317.36,317.56,1323300
2025-05-21 20:00:00-04:00,320.50,321.83,317.23,320.46,1344600
2025-05-22 20:00:00-04:00,312.53,315.40,309.79,310.76,1989900
2025-05-26 20:00:00-04:00,315.00,322.00,312.77,321.20,2193300
2025-05-27 20:00:00-04:00,321.20,321.33,315.68,315.75,1940900
2025-05-28 20:00:00-04:00,321.32,322.94,316.05,317.09,2601700
2025-05-29 20:00:00-04:00,314.37,317.74,311.32,316.67,3652700
2025-06-01 20:00:00-04:00,315.13,323.50,313.14,322.95,1809700
2025-06-02 20:00:00-04:00,328.55,340.25,324.71,334.91,3248100
2025-06-03 20:00:00-04:00,333.53,339.15,333.39,335.19,2293700
2025-06-04 20:00:00-04:00,335.11,338.49,329.60,330.78,5233900
2025-06-05 20:00:00-04:00,271.18,275.60,262.09,265.27,5824400
2025-06-08 20:00:00-04:00,266.54,266.95,259.00,259.04,5395300
2025-06-09 20:00:00-04:00,260.00,262.16,257.40,258.50,3950800
2025-06-10 20:00:00-04:00,260.86,261.30,251.52,252.28,4461800
2025-06-11 20:00:00-04:00,251.80,251.80,246.56,247.03,4165200
2025-06-12 20:00:00-04:00,244.58,248.25,238.25,239.11,4525600
2025-06-15 20:00:00-04:00,241.62,242.06,238.26,241.29,3643100
2025-06-16 20:00:00-04:00,240.82,241.30,234.59,235.20,3391500
2025-06-17 20:00:00-04:00,235.41,235.69,228.45,228.65,4682200
2025-06-19 20:00:00-04:00,230.70,231.30,227.12,227.47,4903100
2025-06-22 20:00:00-04:00,226.73,227.00,219.97,225.56,4699800
2025-06-23 20:00:00-04:00,227.81,233.49,227.55,232.93,3789200
2025-06-24 20:00:00-04:00,234.52,234.90,229.35,231.52,2676900
2025-06-25 20:00:00-04:00,232.46,232.92,227.60,231.58,3115400
2025-06-26 20:00:00-04:00,235.00,237.20,231.50,235.02,5824400
2025-06-29 20:00:00-04:00,236.32,238.09,233.85,237.58,2964500
2025-06-30 20:00:00-04:00,237.23,247.78,237.00,245.12,3879100
2025-07-01 20:00:00-04:00,245.66,252.24,236.32,246.30,5344900
2025-07-02 20:00:00-04:00,247.40,249.97,246.00,247.68,1646300
2025-07-06 20:00:00-04:00,245.90,247.00,235.30,237.57,3317300
2025-07-07 20:00:00-04:00,237.58,239.79,235.00,238.54,2317500
2025-07-08 20:00:00-04:00,239.27,239.27,232.09,235.89,3235500
2025-07-09 20:00:00-04:00,237.77,241.84,234.65,238.52,2594900
2025-07-10 20:00:00-04:00,237.04,238.45,235.53,236.51,1670100
2025-07-13 20:00:00-04:00,235.61,236.19,228.75,228.89,3392300
2025-07-14 20:00:00-04:00,229.19,230.54,222.06,222.19,4770100
2025-07-15 20:00:00-04:00,224.15,227.66,222.46,226.11,3228100
2025-07-16 20:00:00-04:00,227.00,233.75,226.93,233.31,2956100
2025-07-17 20:00:00-04:00,232.79,233.00,228.07,229.77,2552700
2025-07-20 20:00:00-04:00,229.97,230.50,222.65,223.21,2985000
2025-07-21 20:00:00-04:00,221.77,225.45,221.09,223.93,3309000
2025-07-22 20:00:00-04:00,225.00,226.24,222.87,224.03,2212100
2025-07-23 20:00:00-04:00,223.41,225.31,218.45,218.69,3480300
2025-07-24 20:00:00-04:00,220.25,220.51,216.49,219.43,2638000
2025-07-27 20:00:00-04:00,220.32,220.70,216.33,216.59,2368800
2025-07-28 20:00:00-04:00,216.00,219.12,213.88,214.04,2585600
2025-07-29 20:00:00-04:00,214.00,214.15,205.89,206.47,3850900
2025-07-30 20:00:00-04:00,203.97,206.64,200.24,200.53,4173900
2025-07-31 20:00:00-04:00,199.94,200.00,191.44,193.33,4697900
2025-08-03 20:00:00-04:00,195.08,197.49,192.81,196.45,3524500
2025-08-04 20:00:00-04:00,195.48,197.82,194.64,195.07,2871600
2025-08-05 20:00:00-04:00,195.65,198.15,194.85,196.51,2143800
2025-08-06 20:00:00-04:00,197.70,198.10,189.77,191.14,3160100
2025-08-07 20:00:00-04:00,191.08,191.25,186.52,189.43,3191200
2025-08-10 20:00:00-04:00,189.13,192.00,185.95,186.44,2581800
2025-08-11 20:00:00-04:00,188.16,193.15,186.76,192.93,3392700
2025-08-12 20:00:00-04:00,195.61,200.83,192.85,200.49,4239300
2025-08-13 20:00:00-04:00,196.90,197.02,192.35,195.19,4102400
2025-08-14 20:00:00-04:00,200.78,201.14,196.40,198.46,4757500
2025-08-17 20:00:00-04:00,200.34,206.74,200.31,203.62,4864400
2025-08-18 20:00:00-04:00,204.70,205.89,196.52,197.66,4329100
2025-08-19 20:00:00-04:00,197.68,200.30,195.31,198.12,2863100
2025-08-20 20:00:00-04:00,196.91,198.48,195.20,198.18,2222700
2025-08-21 20:00:00-04:00,198.50,208.13,198.50,207.59,3808700
2025-08-24 20:00:00-04:00,206.70,208.00,202.37,202.44,2933100
2025-08-25 20:00:00-04:00,204.36,204.39,200.50,202.53,2501800
2025-08-26 20:00:00-04:00,203.80,207.67,203.50,205.57,3423100
2025-08-27 20:00:00-04:00,206.05,206.61,202.38,205.08,2831500
2025-08-28 20:00:00-04:00,204.62,205.80,200.71,202.20,3169700
2025-09-01 20:00:00-04:00,199.81,201.27,195.58,200.21,4433500
2025-09-02 20:00:00-04:00,201.30,203.01,197.61,198.53,4083900
2025-09-03 20:00:00-04:00,200.90,206.64,197.67,206.09,5824400
2025-09-04 20:00:00-04:00,165.14,176.18,163.98,167.80,5824400
2025-09-07 20:00:00-04:00,167.76,169.61,162.80,168.10,5824400
2025-09-08 20:00:00-04:00,167.83,169.15,164.38,165.69,5824400
2025-09-09 20:00:00-04:00,164.70,167.35,163.20,163.90,5785900
2025-09-10 20:00:00-04:00,163.96,168.59,163.34,165.78,5824400
2025-09-11 20:00:00-04:00,165.26,165.93,159.75,159.87,5824400
2025-09-14 20:00:00-04:00,160.73,162.17,159.25,159.98,5576100
2025-09-15 20:00:00-04:00,160.00,163.64,159.75,162.34,5091000
2025-09-16 20:00:00-04:00,162.34,165.69,162.22,163.48,4339900
2025-09-17 20:00:00-04:00,169.02,170.72,166.52,169.76,5824400
2025-09-18 20:00:00-04:00,169.70,170.90,167.53,169.62,5824400
2025-09-21 20:00:00-04:00,169.30,174.18,165.10,173.41,5824400
2025-09-22 20:00:00-04:00,172.22,176.17,171.58,173.33,5824400
2025-09-23 20:00:00-04:00,173.26,179.56,171.80,179.22,5304600
2025-09-24 20:00:00-04:00,177.11,177.82,171.01,172.01,5824400
2025-09-25 20:00:00-04:00,172.20,176.71,171.51,176.30,3821600
2025-09-28 20:00:00-04:00,177.72,179.40,176.01,179.11,3507800
2025-09-29 20:00:00-04:00,178.53,180.09,176.49,177.93,3415800
2025-09-30 20:00:00-04:00,178.25,181.57,175.95,177.57,3482900
2025-10-01 20:00:00-04:00,177.08,180.63,175.00,178.20,3530400
2025-10-02 20:00:00-04:00,178.11,179.11,175.52,175.59,3017900
2025-10-05 20:00:00-04:00,174.47,177.19,172.30,174.12,3694600
2025-10-06 20:00:00-04:00,174.74,177.00,172.15,173.17,2902400
2025-10-07 20:00:00-04:00,173.45,176.34,171.88,174.82,4952200
2025-10-08 20:00:00-04:00,175.11,178.90,172.70,173.48,4277300
2025-10-09 20:00:00-04:00,174.19,176.68,166.53,167.51,5824400
2025-10-12 20:00:00-04:00,169.19,170.75,164.23,169.85,3588200
2025-10-13 20:00:00-04:00,167.47,171.35,165.53,169.13,3105400
2025-10-14 20:00:00-04:00,169.60,171.00,166.53,167.10,2510000
2025-10-15 20:00:00-04:00,166.38,166.89,161.80,164.62,4092600
2025-10-16 20:00:00-04:00,162.98,167.87,162.85,167.41,4111300
2025-10-19 20:00:00-04:00,171.28,176.47,170.92,172.43,5105300
2025-10-20 20:00:00-04:00,173.18,183.05,172.93,181.39,5824400
2025-10-21 20:00:00-04:00,181.45,181.50,175.90,178.29,3626600
2025-10-22 20:00:00-04:00,178.55,180.59,177.52,179.06,2638600
2025-10-23 20:00:00-04:00,180.48,181.39,177.26,178.17,2609400
2025-10-26 20:00:00-04:00,186.43,186.91,181.33,181.39,5185500
2025-10-27 20:00:00-04:00,181.40,181.52,175.18,179.98,3800100
2025-10-28 20:00:00-04:00,178.71,178.99,169.77,170.30,5155700
2025-10-29 20:00:00-04:00,168.00,172.21,166.78,168.02,2832400
2025-10-30 20:00:00-04:00,168.40,171.46,166.57,170.54,2991000
2025-11-02 19:00:00-05:00,170.20,170.20,164.29,165.47,4237600
2025-11-03 19:00:00-05:00,164.08,164.85,160.46,160.66,5194800
2025-11-04 19:00:00-05:00,161.23,169.74,161.10,167.59,4679500
2025-11-05 19:00:00-05:00,167.41,168.90,161.87,163.55,3023100
2025-11-06 19:00:00-05:00,162.50,167.12,161.70,166.13,2912700
2025-11-09 19:00:00-05:00,167.80,171.23,165.35,170.35,2942200
2025-11-10 19:00:00-05:00,170.19,172.26,168.89,169.81,2664000
2025-11-11 19:00:00-05:00,171.59,172.48,169.88,170.90,2556400
2025-11-12 19:00:00-05:00,170.40,173.23,169.00,169.66,2096400
2025-11-13 19:00:00-05:00,165.82,171.78,165.38,170.68,1950100
2025-11-16 19:00:00-05:00,168.62,168.73,162.76,164.16,3240500
2025-11-17 19:00:00-05:00,162.58,164.97,160.97,163.97,2791900
2025-11-18 19:00:00-05:00,164.67,169.10,163.45,166.06,2500900
2025-11-19 19:00:00-05:00,166.13,170.50,164.51,164.69,2911400
2025-11-20 19:00:00-05:00,165.21,170.18,163.47,168.18,3337500
2025-11-23 19:00:00-05:00,168.32,172.39,166.23,169.67,3862500
2025-11-24 19:00:00-05:00,171.55,179.17,171.50,177.51,4518200
2025-11-25 19:00:00-05:00,178.00,183.69,177.79,181.94,3840000
2025-11-27 19:00:00-05:00,185.00,186.69,183.50,184.18,3021000
2025-11-30 19:00:00-05:00,181.19,184.94,180.25,182.41,4155100
2025-12-01 19:00:00-05:00,183.35,184.41,181.21,182.40,2362300
2025-12-02 19:00:00-05:00,182.66,185.07,178.90,182.30,2742200
2025-12-03 19:00:00-05:00,182.71,184.90,179.59,183.60,2973300
2025-12-04 19:00:00-05:00,184.62,191.85,184.62,190.01,4641900
2025-12-07 19:00:00-05:00,190.53,191.28,180.00,183.04,5226400
2025-12-08 19:00:00-05:00,182.80,183.59,180.70,182.28,3274300
2025-12-09 19:00:00-05:00,181.64,188.22,181.50,187.62,3233500
2025-12-10 19:00:00-05:00,183.44,188.50,182.04,187.01,5824400
2025-12-11 19:00:00-05:00,204.58,213.22,202.11,204.97,5824400
2025-12-14 19:00:00-05:00,203.23,208.30,198.54,206.29,5824400
2025-12-15 19:00:00-05:00,208.81,209.21,203.27,206.74,5156000
2025-12-16 19:00:00-05:00,206.43,209.45,201.01,207.87,5254400
2025-12-17 19:00:00-05:00,223.89,225.98,215.05,215.11,5824400
2025-12-18 19:00:00-05:00,214.99,217.26,207.38,209.45,5824400
2025-12-21 19:00:00-05:00,209.43,213.72,207.99,212.37,4610500
2025-12-22 19:00:00-05:00,211.11,213.37,209.25,212.68,2867800
2025-12-23 19:00:00-05:00,213.22,214.19,210.25,210.40,1152500
2025-12-25 19:00:00-05:00,210.00,211.00,207.86,208.97,2076700
2025-12-28 19:00:00-05:00,208.00,212.90,207.02,212.54,3453500
2025-12-29 19:00:00-05:00,212.51,213.18,210.47,210.67,1987600
2025-12-30 19:00:00-05:00,210.91,211.36,207.69,207.81,1967500
2026-01-01 19:00:00-05:00,209.22,212.08,208.56,210.81,2415700
2026-01-04 19:00:00-05:00,211.44,216.45,211.07,212.40,3173100
2026-01-05 19:00:00-05:00,212.40,216.46,209.99,215.88,3105900
2026-01-06 19:00:00-05:00,215.85,216.75,209.37,211.72,2343200
2026-01-07 19:00:00-05:00,209.75,217.22,209.46,212.17,2750600
2026-01-08 19:00:00-05:00,213.00,213.63,200.45,203.90,5732800
2026-01-11 19:00:00-05:00,203.30,211.42,202.00,209.04,4200900
2026-01-12 19:00:00-05:00,208.90,214.15,208.37,211.90,2417000
2026-01-13 19:00:00-05:00,211.33,215.00,202.18,203.14,2628600
2026-01-14 19:00:00-05:00,203.46,205.84,201.00,205.01,2422600
2026-01-15 19:00:00-05:00,204.39,205.07,201.50,201.87,3642300
2026-01-19 19:00:00-05:00,198.41,201.29,188.55,188.76,4306200
2026-01-20 19:00:00-05:00,188.91,193.29,186.90,189.84,2523200
2026-01-21 19:00:00-05:00,190.91,196.28,190.87,194.66,2080600
2026-01-22 19:00:00-05:00,192.71,194.89,191.00,191.07,1719900
2026-01-25 19:00:00-05:00,191.01,195.74,189.16,192.79,1885800
2026-01-26 19:00:00-05:00,192.00,192.49,186.18,186.39,2632300
2026-01-27 19:00:00-05:00,186.52,187.49,179.20,180.35,2872100
2026-01-28 19:00:00-05:00,179.62,180.00,171.30,172.54,3543700
2026-01-29 19:00:00-05:00,173.76,175.40,171.25,174.50,2735200
2026-02-01 19:00:00-05:00,174.87,181.56,173.95,179.08,3062800
2026-02-02 19:00:00-05:00,176.50,179.92,171.33,171.57,2452200
2026-02-03 19:00:00-05:00,173.11,178.17,172.44,178.00,2858500
2026-02-04 19:00:00-05:00,177.05,178.88,169.43,170.09,2204400
2026-02-05 19:00:00-05:00,170.00,175.43,170.00,172.85,1953900
2026-02-08 19:00:00-05:00,173.00,175.89,170.27,175.68,1664900
2026-02-09 19:00:00-05:00,176.32,184.50,176.01,180.62,2266900
2026-02-10 19:00:00-05:00,180.10,181.72,175.84,175.86,1630700
2026-02-11 19:00:00-05:00,176.80,178.98,168.39,169.53,2599800
2026-02-12 19:00:00-05:00,171.62,176.67,170.82,176.42,1934200
2026-02-16 19:00:00-05:00,175.21,178.81,172.40,177.72,1636100
2026-02-17 19:00:00-05:00,177.01,182.58,176.00,182.13,1751300
2026-02-18 19:00:00-05:00,180.90,183.30,179.21,182.88,1331100
2026-02-19 19:00:00-05:00,181.37,192.49,178.20,187.30,3489000
2026-02-22 19:00:00-05:00,184.84,185.01,176.68,178.11,2325600
2026-02-23 19:00:00-05:00,178.83,182.00,177.50,179.49,1312100
2026-02-24 19:00:00-05:00,179.75,183.85,179.47,182.55,1581700
2026-02-25 19:00:00-05:00,184.66,188.42,184.00,186.10,1812300
2026-02-26 19:00:00-05:00,181.13,186.65,180.98,185.17,1810800
2026-03-01 19:00:00-05:00,179.38,179.38,175.28,176.17,2974200
2026-03-02 19:00:00-05:00,171.73,175.46,168.54,174.27,2843800
2026-03-03 19:00:00-05:00,173.56,175.45,172.14,173.21,2188700
2026-03-04 19:00:00-05:00,172.98,174.40,170.07,173.18,2150300
2026-03-05 19:00:00-05:00,171.77,171.77,165.88,170.13,2771400
2026-03-08 20:00:00-04:00,165.64,170.93,163.45,169.76,2708400
2026-03-09 20:00:00-04:00,169.76,171.34,166.34,166.43,2320300
2026-03-10 20:00:00-04:00,167.38,168.38,162.73,162.79,2601300
2026-03-11 20:00:00-04:00,161.76,163.03,157.95,158.19,2787700
2026-03-12 20:00:00-04:00,159.05,159.49,156.64,157.78,2516900
2026-03-15 20:00:00-04:00,157.50,161.59,156.78,159.91,3026200
2026-03-16 20:00:00-04:00,161.45,164.03,158.87,159.27,5824400
2026-03-17 20:00:00-04:00,158.04,169.40,156.81,165.39,5824400
2026-03-18 20:00:00-04:00,163.04,167.70,161.33,165.57,3859700
2026-03-19 20:00:00-04:00,165.16,166.69,161.21,162.82,4942200
2026-03-22 20:00:00-04:00,165.88,167.49,162.60,164.38,2609300
2026-03-23 20:00:00-04:00,164.25,166.54,160.29,160.95,1874600
2026-03-24 20:00:00-04:00,162.60,163.63,156.83,158.72,2391900
2026-03-25 20:00:00-04:00,157.99,160.10,151.23,151.39,3015700
2026-03-26 20:00:00-04:00,150.36,150.52,143.96,145.85,3694900
2026-03-29 20:00:00-04:00,145.92,148.85,145.37,145.83,2694000
2026-03-30 20:00:00-04:00,148.41,153.67,148.00,153.10,2520900
2026-03-31 20:00:00-04:00,150.93,161.00,150.80,158.81,3039500
2026-04-01 20:00:00-04:00,155.17,159.45,152.85,155.72,1963500
2026-04-05 20:00:00-04:00,155.32,157.25,153.63,156.18,1506500
2026-04-06 20:00:00-04:00,154.30,155.24,151.71,153.67,1434300
2026-04-07 20:00:00-04:00,160.23,163.16,158.17,158.86,1664700
2026-04-08 20:00:00-04:00,157.43,166.80,157.31,166.51,1967600
2026-04-09 20:00:00-04:00,166.79,167.95,162.80,163.86,1556600
2026-04-12 20:00:00-04:00,162.20,163.94,156.55,162.56,1986800
2026-04-13 20:00:00-04:00,162.58,164.21,158.47,160.60,2635800
2026-04-14 20:00:00-04:00,161.32,164.21,160.35,162.74,1853500
2026-04-15 20:00:00-04:00,164.71,167.43,162.21,162.92,1516900
2026-04-16 20:00:00-04:00,165.25,168.95,165.00,167.28,2244600
2026-04-19 20:00:00-04:00,164.84,167.43,164.70,166.81,1386000
2026-04-20 20:00:00-04:00,167.50,170.20,165.61,166.70,1723700
2026-04-21 20:00:00-04:00,167.61,168.20,161.21,163.45,2513500
2026-04-22 20:00:00-04:00,152.08,152.08,141.33,141.66,5824400
2026-04-23 20:00:00-04:00,141.88,145.39,141.78,143.80,3817900
2026-04-26 20:00:00-04:00,143.84,148.69,143.77,146.94,3245000
2026-04-27 20:00:00-04:00,146.97,148.67,142.23,142.39,2594900
2026-04-28 20:00:00-04:00,141.50,141.73,136.91,138.16,3373900
2026-04-29 20:00:00-04:00,137.91,139.94,136.90,137.70,3056200
2026-04-30 20:00:00-04:00,137.87,139.20,133.55,133.58,4183500
2026-05-03 20:00:00-04:00,133.56,133.97,128.93,128.98,4782100
2026-05-04 20:00:00-04:00,129.66,131.25,127.80,130.21,3378600
2026-05-05 20:00:00-04:00,131.90,132.51,129.61,132.04,2551400
2026-05-06 20:00:00-04:00,133.14,135.17,132.19,133.59,3014100
2026-05-07 20:00:00-04:00,133.12,133.72,131.07,131.18,2082000
2026-05-10 20:00:00-04:00,130.69,130.69,126.10,126.34,3792400
2026-05-11 20:00:00-04:00,126.26,126.34,123.51,125.13,3097500
2026-05-12 20:00:00-04:00,124.34,124.60,121.15,121.21,4234500
2026-05-13 20:00:00-04:00,122.19,122.88,120.51,121.06,2672500
2026-05-14 20:00:00-04:00,120.70,122.50,119.06,119.14,2952900
2026-05-17 20:00:00-04:00,118.71,121.80,118.38,120.26,3309700
2026-05-18 20:00:00-04:00,120.89,121.25,118.06,119.22,2611600
2026-05-19 20:00:00-04:00,118.53,125.31,116.63,125.19,3355500
2026-05-20 20:00:00-04:00,124.56,127.04,121.20,126.76,2918900
2026-05-21 20:00:00-04:00,127.26,127.94,124.90,127.18,2259200
2026-05-25 20:00:00-04:00,128.30,129.01,125.21,127.35,2374700
2026-05-26 20:00:00-04:00,131.96,136.14,130.53,131.04,4862900
2026-05-27 20:00:00-04:00,129.97,131.82,127.11,131.33,3014500
2026-05-28 20:00:00-04:00,131.13,132.42,129.06,131.18,3428000
2026-05-31 20:00:00-04:00,132.34,134.38,131.13,132.09,3672400
2026-06-01 20:00:00-04:00,131.11,131.11,126.41,126.47,3846800
2026-06-02 20:00:00-04:00,124.90,126.16,123.45,126.03,2876400
2026-06-03 20:00:00-04:00,128.60,129.00,123.67,124.92,5824400
2026-06-04 20:00:00-04:00,110.43,116.76,109.36,114.23,5824400
2026-06-07 20:00:00-04:00,114.37,118.03,113.90,117.55,5824400
2026-06-08 20:00:00-04:00,117.16,121.90,115.76,121.36,4483100
2026-06-09 20:00:00-04:00,119.45,124.38,118.02,118.93,4189300
2026-06-10 20:00:00-04:00,118.57,121.89,115.88,121.84,2987900
2026-06-11 20:00:00-04:00,121.99,122.61,118.50,118.77,2847700
2026-06-14 20:00:00-04:00,119.21,120.53,115.92,116.21,3344400
2026-06-15 20:00:00-04:00,115.73,118.65,115.30,115.50,2609100
2026-06-16 20:00:00-04:00,115.93,118.85,111.70,111.76,3446900
2026-06-17 20:00:00-04:00,111.50,113.70,110.27,111.77,5824400
2026-06-21 20:00:00-04:00,111.38,111.38,104.44,105.43,5647600
2026-06-22 20:00:00-04:00,105.48,109.93,105.21,108.92,4660900
2026-06-23 20:00:00-04:00,110.90,113.40,110.17,113.09,3598400
2026-06-24 20:00:00-04:00,112.93,114.16,110.56,112.06,3599400
2026-06-25 20:00:00-04:00,112.00,117.65,111.36,117.57,5404500
2026-06-28 20:00:00-04:00,117.21,117.80,112.80,114.29,3251700
