Date,Open,High,Low,Close,Volume
2018-07-01 20:00:00-04:00,14.14,14.18,13.79,13.87,2719100
2018-07-02 20:00:00-04:00,13.96,14.07,13.94,13.99,1116000
2018-07-04 20:00:00-04:00,14.04,14.04,13.83,13.99,1325900
2018-07-05 20:00:00-04:00,14.05,14.18,13.95,14.10,1724500
2018-07-08 20:00:00-04:00,14.14,14.22,14.08,14.19,1912500
2018-07-09 20:00:00-04:00,14.23,14.48,14.12,14.44,2166200
2018-07-10 20:00:00-04:00,14.33,14.36,14.22,14.24,1139300
2018-07-11 20:00:00-04:00,14.30,14.34,14.15,14.25,1976400
2018-07-12 20:00:00-04:00,14.27,14.34,14.25,14.28,1013400
2018-07-15 20:00:00-04:00,14.29,14.31,14.08,14.11,1336400
2018-07-16 20:00:00-04:00,14.12,14.15,14.04,14.08,1929900
2018-07-17 20:00:00-04:00,14.06,14.31,14.01,14.24,1893800
2018-07-18 20:00:00-04:00,14.17,14.34,14.15,14.18,2064300
2018-07-19 20:00:00-04:00,14.18,14.21,13.98,13.99,1497900
2018-07-22 20:00:00-04:00,14.02,14.19,13.96,13.98,1387100
2018-07-23 20:00:00-04:00,13.88,14.11,13.74,13.78,1132700
2018-07-24 20:00:00-04:00,13.75,13.92,13.73,13.89,1286900
2018-07-25 20:00:00-04:00,13.91,14.01,13.76,13.82,1591000
2018-07-26 20:00:00-04:00,13.86,13.90,13.60,13.64,1455200
2018-07-29 20:00:00-04:00,13.64,13.78,13.54,13.69,1661200
2018-07-30 20:00:00-04:00,13.75,13.86,13.64,13.80,2125300
2018-07-31 20:00:00-04:00,13.73,13.83,13.69,13.80,2158600
2018-08-01 20:00:00-04:00,13.73,13.77,13.64,13.75,1234500
2018-08-02 20:00:00-04:00,13.78,13.83,13.67,13.81,1288100
2018-08-05 20:00:00-04:00,13.78,13.95,13.75,13.85,1736300
2018-08-06 20:00:00-04:00,13.85,13.93,13.73,13.86,1443600
2018-08-07 20:00:00-04:00,13.87,13.91,13.72,13.86,1715900
2018-08-08 20:00:00-04:00,13.89,14.14,13.77,13.97,3182900
2018-08-09 20:00:00-04:00,13.89,13.89,11.90,12.09,5990400
2018-08-12 20:00:00-04:00,12.27,12.63,12.21,12.44,5979300
2018-08-13 20:00:00-04:00,12.55,12.77,12.37,12.54,4395700
2018-08-14 20:00:00-04:00,12.44,12.55,12.35,12.52,4709900
2018-08-15 20:00:00-04:00,12.52,12.81,12.42,12.73,4227500
2018-08-16 20:00:00-04:00,12.69,12.79,12.56,12.73,3435800
2018-08-19 20:00:00-04:00,12.25,12.55,12.15,12.43,4740600
2018-08-20 20:00:00-04:00,12.44,12.49,12.26,12.43,4421500
2018-08-21 20:00:00-04:00,12.44,12.59,12.38,12.50,2518300
2018-08-22 20:00:00-04:00,12.43,12.50,12.23,12.28,2437900
2018-08-23 20:00:00-04:00,12.30,12.42,12.15,12.27,3671100
2018-08-26 20:00:00-04:00,12.27,12.36,12.06,12.13,3037000
2018-08-27 20:00:00-04:00,12.13,12.23,12.05,12.10,2180500
2018-08-28 20:00:00-04:00,12.23,12.36,12.16,12.22,2753400
2018-08-29 20:00:00-04:00,12.21,12.31,12.07,12.11,2144800
2018-08-30 20:00:00-04:00,12.06,12.09,11.90,11.97,3342100
2018-09-03 20:00:00-04:00,12.19,12.19,11.80,11.83,2744800
2018-09-04 20:00:00-04:00,11.79,11.92,11.69,11.79,4090900
2018-09-05 20:00:00-04:00,11.79,11.89,11.56,11.63,4415200
2018-09-06 20:00:00-04:00,11.56,11.70,11.38,11.59,2617100
2018-09-09 20:00:00-04:00,11.63,11.68,11.46,11.56,3080800
2018-09-10 20:00:00-04:00,11.57,11.62,11.38,11.57,3195200
2018-09-11 20:00:00-04:00,11.53,11.64,11.39,11.41,3030700
2018-09-12 20:00:00-04:00,11.44,11.63,11.44,11.54,1953000
2018-09-13 20:00:00-04:00,11.57,11.65,11.38,11.48,2412800
2018-09-16 20:00:00-04:00,11.57,11.57,11.33,11.33,2056400
2018-09-17 20:00:00-04:00,11.38,11.55,11.30,11.46,5667400
2018-09-18 20:00:00-04:00,11.49,11.68,11.46,11.56,2533300
2018-09-19 20:00:00-04:00,11.57,11.68,11.47,11.65,2988300
2018-09-20 20:00:00-04:00,11.68,11.82,11.55,11.82,8332275
2018-09-23 20:00:00-04:00,11.72,11.85,11.66,11.77,3589400
2018-09-24 20:00:00-04:00,11.78,11.94,11.74,11.92,3377900
2018-09-25 20:00:00-04:00,11.89,11.96,11.77,11.86,3863700
2018-09-26 20:00:00-04:00,12.05,12.07,11.78,11.89,8332275
2018-09-27 20:00:00-04:00,11.86,12.20,11.80,12.17,6623900
2018-09-30 20:00:00-04:00,12.20,12.28,12.00,12.09,4504800
2018-10-01 20:00:00-04:00,12.09,12.14,12.01,12.06,3415100
2018-10-02 20:00:00-04:00,12.10,12.38,12.00,12.35,8332275
2018-10-03 20:00:00-04:00,12.29,12.36,12.18,12.30,6250400
2018-10-04 20:00:00-04:00,12.42,12.46,12.21,12.27,5127000
2018-10-07 20:00:00-04:00,12.22,12.30,12.13,12.29,2361800
2018-10-08 20:00:00-04:00,12.45,12.48,12.24,12.44,5855900
2018-10-09 20:00:00-04:00,12.33,12.41,11.78,11.79,5587700
2018-10-10 20:00:00-04:00,11.77,11.84,11.63,11.72,8332275
2018-10-11 20:00:00-04:00,11.88,11.89,11.71,11.83,8332275
2018-10-14 20:00:00-04:00,11.76,12.08,11.69,11.99,2062800
2018-10-15 20:00:00-04:00,12.06,12.17,11.80,12.13,3384600
2018-10-16 20:00:00-04:00,12.13,12.25,12.02,12.19,4082900
2018-10-17 20:00:00-04:00,12.20,12.28,12.05,12.13,3213300
2018-10-18 20:00:00-04:00,12.19,12.35,12.08,12.12,2794800
2018-10-21 20:00:00-04:00,12.17,12.18,12.06,12.17,2750400
2018-10-22 20:00:00-04:00,12.02,12.17,11.88,12.08,4079000
2018-10-23 20:00:00-04:00,12.05,12.17,11.83,11.86,6921900
2018-10-24 20:00:00-04:00,11.93,12.01,11.75,11.87,4822400
2018-10-25 20:00:00-04:00,11.79,11.84,11.58,11.69,5926200
2018-10-28 20:00:00-04:00,11.81,11.95,11.43,11.51,5166300
2018-10-29 20:00:00-04:00,11.55,11.83,11.52,11.83,2854300
2018-10-30 20:00:00-04:00,11.97,12.30,11.87,12.17,8332275
2018-10-31 20:00:00-04:00,12.15,12.20,11.95,12.12,4138000
2018-11-01 20:00:00-04:00,12.15,12.24,12.00,12.16,2111300
2018-11-04 19:00:00-05:00,12.16,12.29,12.07,12.15,3608200
2018-11-05 19:00:00-05:00,12.16,12.30,11.89,12.25,3094800
2018-11-06 19:00:00-05:00,12.37,12.46,12.22,12.40,6278500
2018-11-07 19:00:00-05:00,12.91,13.05,12.41,13.05,8332275
2018-11-08 19:00:00-05:00,13.01,13.27,12.93,13.14,3770500
2018-11-11 19:00:00-05:00,13.13,13.17,12.62,12.64,3801400
2018-11-12 19:00:00-05:00,12.68,12.81,12.57,12.61,3371200
2018-11-13 19:00:00-05:00,12.65,12.77,12.56,12.75,2909100
2018-11-14 19:00:00-05:00,12.67,12.67,12.38,12.53,4242200
2018-11-15 19:00:00-05:00,12.51,12.70,12.45,12.53,2758100
2018-11-18 19:00:00-05:00,12.52,12.53,12.24,12.28,2801300
2018-11-19 19:00:00-05:00,12.16,12.29,11.59,11.63,4588800
2018-11-20 19:00:00-05:00,11.65,11.94,11.59,11.62,4066900
2018-11-22 19:00:00-05:00,11.58,11.74,11.54,11.64,1691700
2018-11-25 19:00:00-05:00,11.78,12.05,11.74,12.03,3508800
2018-11-26 19:00:00-05:00,11.97,12.16,11.81,11.88,3349800
2018-11-27 19:00:00-05:00,11.89,12.13,11.77,12.12,2652200
2018-11-28 19:00:00-05:00,12.05,12.34,12.05,12.19,2203400
2018-11-29 19:00:00-05:00,12.22,12.26,11.97,11.98,3953500
2018-12-02 19:00:00-05:00,12.17,12.40,12.09,12.28,3140600
2018-12-03 19:00:00-05:00,12.29,12.37,11.87,11.90,3087200
2018-12-05 19:00:00-05:00,11.72,11.78,11.37,11.51,4173400
2018-12-06 19:00:00-05:00,11.51,11.68,11.33,11.41,2538000
2018-12-09 19:00:00-05:00,11.41,11.59,11.18,11.57,3082800
2018-12-10 19:00:00-05:00,11.72,12.01,11.40,11.50,2465000
2018-12-11 19:00:00-05:00,11.82,11.89,11.52,11.75,3041600
2018-12-12 19:00:00-05:00,11.77,11.98,11.55,11.63,2915200
2018-12-13 19:00:00-05:00,11.54,11.55,11.26,11.31,3077100
2018-12-16 19:00:00-05:00,11.32,11.41,11.07,11.14,3732500
2018-12-17 19:00:00-05:00,11.18,11.40,10.96,11.05,3263400
2018-12-18 19:00:00-05:00,11.10,11.32,10.89,10.93,3575000
2018-12-19 19:00:00-05:00,10.92,10.92,10.40,10.47,4035000
2018-12-20 19:00:00-05:00,10.52,10.76,10.17,10.19,5418000
2018-12-23 19:00:00-05:00,10.16,10.31,10.02,10.03,1370400
2018-12-25 19:00:00-05:00,10.09,10.32,9.83,10.32,3033800
2018-12-26 19:00:00-05:00,10.20,10.35,9.93,10.35,3010300
2018-12-27 19:00:00-05:00,10.38,10.51,10.24,10.38,2471100
2018-12-30 19:00:00-05:00,10.43,10.52,10.26,10.48,1950900
2019-01-01 19:00:00-05:00,10.35,10.58,10.26,10.51,2196700
2019-01-02 19:00:00-05:00,10.48,10.59,10.30,10.41,2282000
2019-01-03 19:00:00-05:00,10.54,10.89,10.54,10.86,1830300
2019-01-06 19:00:00-05:00,10.83,11.13,10.77,11.06,2191300
2019-01-07 19:00:00-05:00,11.13,11.29,11.07,11.22,2295600
2019-01-08 19:00:00-05:00,11.13,11.37,11.13,11.27,1344200
2019-01-09 19:00:00-05:00,11.25,11.29,11.14,11.24,1440700
2019-01-10 19:00:00-05:00,11.17,11.31,11.13,11.30,1758400
2019-01-13 19:00:00-05:00,11.56,11.56,11.28,11.34,1419000
2019-01-14 19:00:00-05:00,11.34,11.54,11.33,11.43,1882000
2019-01-15 19:00:00-05:00,11.42,11.53,11.36,11.43,1548300
2019-01-16 19:00:00-05:00,11.38,11.57,11.27,11.48,1851100
2019-01-17 19:00:00-05:00,11.56,11.59,11.46,11.56,1359000
2019-01-21 19:00:00-05:00,11.50,11.55,11.33,11.40,2076900
2019-01-22 19:00:00-05:00,11.44,11.44,11.07,11.23,3508800
2019-01-23 19:00:00-05:00,11.22,11.50,11.15,11.48,1978600
2019-01-24 19:00:00-05:00,11.58,11.81,11.57,11.71,3066300
2019-01-27 19:00:00-05:00,11.65,11.73,11.55,11.66,1664100
2019-01-28 19:00:00-05:00,11.66,11.83,11.66,11.74,3439200
2019-01-29 19:00:00-05:00,11.73,11.81,11.55,11.69,1449500
2019-01-30 19:00:00-05:00,11.70,11.88,11.68,11.84,2883500
2019-01-31 19:00:00-05:00,11.86,11.86,11.71,11.76,2227700
2019-02-03 19:00:00-05:00,11.75,11.96,11.71,11.88,2757700
2019-02-04 19:00:00-05:00,11.86,11.99,11.80,11.98,2788100
2019-02-05 19:00:00-05:00,11.98,12.12,11.92,11.93,2205700
2019-02-06 19:00:00-05:00,11.84,11.85,11.55,11.73,3518800
2019-02-07 19:00:00-05:00,11.69,11.95,11.25,11.50,3686200
2019-02-10 19:00:00-05:00,11.57,11.81,11.17,11.28,2912200
2019-02-11 19:00:00-05:00,11.32,11.56,11.32,11.45,2014200
2019-02-12 19:00:00-05:00,11.46,11.64,11.41,11.48,2069900
2019-02-13 19:00:00-05:00,11.44,11.68,11.40,11.54,1654000
2019-02-14 19:00:00-05:00,11.60,11.79,11.48,11.77,2198600
2019-02-18 19:00:00-05:00,11.76,11.91,11.73,11.78,2243100
2019-02-19 19:00:00-05:00,11.80,12.03,11.74,11.89,2385300
2019-02-20 19:00:00-05:00,11.84,11.87,11.77,11.81,2050500
2019-02-21 19:00:00-05:00,11.86,12.05,11.84,11.98,6132000
2019-02-24 19:00:00-05:00,12.10,12.17,11.99,12.02,3020700
2019-02-25 19:00:00-05:00,12.02,12.06,11.97,12.02,3982900
2019-02-26 19:00:00-05:00,11.95,12.10,11.90,12.04,2231500
2019-02-27 19:00:00-05:00,12.04,12.07,11.98,12.02,3344800
2019-02-28 19:00:00-05:00,12.08,12.26,12.05,12.23,2331100
2019-03-03 19:00:00-05:00,12.32,12.38,12.10,12.22,2566100
2019-03-04 19:00:00-05:00,12.23,12.26,12.09,12.17,2348600
2019-03-05 19:00:00-05:00,12.13,12.20,11.95,12.11,1859700
2019-03-06 19:00:00-05:00,12.10,12.11,11.87,11.91,1796400
2019-03-07 19:00:00-05:00,11.79,11.83,11.70,11.81,2167600
2019-03-10 20:00:00-04:00,11.88,12.07,11.84,12.04,2174300
2019-03-11 20:00:00-04:00,12.07,12.17,11.93,11.97,2183200
2019-03-12 20:00:00-04:00,12.00,12.01,11.80,11.85,2725700
2019-03-13 20:00:00-04:00,11.87,11.87,11.74,11.76,2152400
2019-03-14 20:00:00-04:00,11.79,11.83,11.68,11.76,4666300
2019-03-17 20:00:00-04:00,11.76,11.90,11.72,11.74,2704000
2019-03-18 20:00:00-04:00,11.76,11.81,11.61,11.66,2962000
2019-03-19 20:00:00-04:00,11.66,11.79,11.50,11.72,5394800
2019-03-20 20:00:00-04:00,11.68,12.06,11.66,11.95,4962600
2019-03-21 20:00:00-04:00,12.04,12.04,11.66,11.75,3032200
2019-03-24 20:00:00-04:00,11.75,11.81,11.64,11.68,7929400
2019-03-25 20:00:00-04:00,11.68,11.78,11.51,11.55,2788100
2019-03-26 20:00:00-04:00,11.59,11.61,11.38,11.45,4313900
2019-03-27 20:00:00-04:00,11.47,11.55,11.36,11.52,1850700
2019-03-28 20:00:00-04:00,11.56,11.59,11.49,11.57,2173400
2019-03-31 20:00:00-04:00,11.65,11.76,11.60,11.65,3528400
2019-04-01 20:00:00-04:00,11.65,11.69,11.54,11.57,3014000
2019-04-02 20:00:00-04:00,11.66,11.79,11.57,11.62,2727300
2019-04-03 20:00:00-04:00,11.66,11.73,11.62,11.63,2168700
2019-04-04 20:00:00-04:00,11.65,11.75,11.61,11.67,1921100
2019-04-07 20:00:00-04:00,11.69,11.79,11.62,11.65,1237900
2019-04-08 20:00:00-04:00,11.63,11.69,11.59,11.65,1664300
2019-04-09 20:00:00-04:00,11.61,11.78,11.61,11.77,1425300
2019-04-10 20:00:00-04:00,11.78,11.80,11.66,11.66,1616200
2019-04-11 20:00:00-04:00,11.74,11.81,11.70,11.77,1442300
2019-04-14 20:00:00-04:00,11.78,11.82,11.62,11.66,1877000
2019-04-15 20:00:00-04:00,11.71,11.83,11.66,11.79,2052300
2019-04-16 20:00:00-04:00,11.82,11.94,11.69,11.71,2170300
2019-04-17 20:00:00-04:00,11.70,11.70,11.47,11.65,4340000
2019-04-21 20:00:00-04:00,11.62,11.64,11.53,11.57,1845900
2019-04-22 20:00:00-04:00,11.55,11.71,11.55,11.63,3062800
2019-04-23 20:00:00-04:00,11.63,11.67,11.60,11.64,2137300
2019-04-24 20:00:00-04:00,11.57,11.62,11.38,11.49,2043700
2019-04-25 20:00:00-04:00,11.51,11.60,11.45,11.59,3988600
2019-04-28 20:00:00-04:00,11.58,11.72,11.51,11.57,2603300
2019-04-29 20:00:00-04:00,11.57,11.61,11.42,11.55,3836300
2019-04-30 20:00:00-04:00,11.57,11.66,11.49,11.51,2905000
2019-05-01 20:00:00-04:00,11.51,11.51,11.31,11.40,1920100
2019-05-02 20:00:00-04:00,11.43,11.51,11.43,11.48,1208800
2019-05-05 20:00:00-04:00,11.33,11.40,11.13,11.19,2023800
2019-05-06 20:00:00-04:00,11.06,11.15,10.69,10.76,3908000
2019-05-07 20:00:00-04:00,10.72,10.86,10.62,10.62,3533500
2019-05-08 20:00:00-04:00,10.56,10.72,10.44,10.63,4238600
2019-05-09 20:00:00-04:00,10.72,11.30,10.72,11.07,4656200
2019-05-12 20:00:00-04:00,10.85,10.99,10.58,10.66,3227800
2019-05-13 20:00:00-04:00,10.70,10.82,10.65,10.72,2653000
2019-05-14 20:00:00-04:00,10.61,10.80,10.52,10.76,2160700
2019-05-15 20:00:00-04:00,10.80,10.92,10.72,10.72,1644700
2019-05-16 20:00:00-04:00,10.64,10.72,10.56,10.61,1665100
2019-05-19 20:00:00-04:00,10.81,11.00,10.75,10.78,3033600
2019-05-20 20:00:00-04:00,10.88,11.00,10.83,10.98,1877500
2019-05-21 20:00:00-04:00,10.94,10.99,10.87,10.94,1778300
2019-05-22 20:00:00-04:00,10.88,10.99,10.78,10.97,4068100
2019-05-23 20:00:00-04:00,11.01,11.08,10.91,10.96,1709500
2019-05-27 20:00:00-04:00,10.99,11.02,10.84,10.96,2941900
2019-05-28 20:00:00-04:00,10.95,10.99,10.73,10.80,2416900
2019-05-29 20:00:00-04:00,10.81,10.90,10.63,10.65,2370800
2019-05-30 20:00:00-04:00,10.56,10.66,10.56,10.59,2083200
2019-06-02 20:00:00-04:00,10.57,10.70,10.56,10.62,3259400
2019-06-03 20:00:00-04:00,10.83,10.85,10.69,10.77,4425300
2019-06-04 20:00:00-04:00,10.81,10.84,10.58,10.81,5194500
2019-06-05 20:00:00-04:00,10.80,10.86,10.73,10.79,5363600
2019-06-06 20:00:00-04:00,10.80,10.93,10.78,10.90,3511800
2019-06-09 20:00:00-04:00,10.99,11.02,10.89,10.95,2692800
2019-06-10 20:00:00-04:00,11.02,11.04,10.94,10.98,2049200
2019-06-11 20:00:00-04:00,10.95,11.02,10.88,10.92,1673200
2019-06-12 20:00:00-04:00,10.94,11.00,10.87,10.97,2643400
2019-06-13 20:00:00-04:00,10.95,11.03,10.95,11.00,3202500
2019-06-16 20:00:00-04:00,11.02,11.42,11.02,11.39,6289000
2019-06-17 20:00:00-04:00,11.39,12.11,11.39,11.99,7611700
2019-06-18 20:00:00-04:00,12.00,12.51,12.00,12.44,6237200
2019-06-19 20:00:00-04:00,12.58,12.66,12.45,12.61,4299500
2019-06-20 20:00:00-04:00,12.60,12.73,12.44,12.59,7949600
2019-06-23 20:00:00-04:00,12.56,12.59,12.37,12.39,2619000
2019-06-24 20:00:00-04:00,12.38,12.44,12.32,12.32,2130000
2019-06-25 20:00:00-04:00,12.34,12.46,12.32,12.37,3143100
2019-06-26 20:00:00-04:00,12.39,12.56,12.39,12.49,2598700
2019-06-27 20:00:00-04:00,12.51,12.63,12.43,12.55,6401700
2019-06-30 20:00:00-04:00,12.77,12.83,12.48,12.65,3831000
2019-07-01 20:00:00-04:00,12.64,12.72,12.47,12.57,2082200
2019-07-02 20:00:00-04:00,12.62,12.62,12.47,12.51,1677100
2019-07-04 20:00:00-04:00,12.46,12.61,12.43,12.52,1215400
2019-07-07 20:00:00-04:00,12.45,12.54,12.33,12.36,1297900
2019-07-08 20:00:00-04:00,12.30,12.44,12.29,12.37,2472300
2019-07-09 20:00:00-04:00,12.44,12.46,12.32,12.37,1968800
2019-07-10 20:00:00-04:00,12.40,12.43,12.27,12.30,3165600
2019-07-11 20:00:00-04:00,12.32,12.46,12.27,12.38,2593200
2019-07-14 20:00:00-04:00,12.37,12.44,12.30,12.43,2167300
2019-07-15 20:00:00-04:00,12.46,12.66,12.45,12.63,2679000
2019-07-16 20:00:00-04:00,12.63,12.72,12.21,12.30,2936500
2019-07-17 20:00:00-04:00,12.23,12.40,12.23,12.35,2960100
2019-07-18 20:00:00-04:00,12.18,12.33,12.06,12.22,4466000
2019-07-21 20:00:00-04:00,12.22,12.37,12.19,12.33,2919000
2019-07-22 20:00:00-04:00,12.42,12.51,12.32,12.45,2417100
2019-07-23 20:00:00-04:00,12.40,12.70,12.40,12.62,3246800
2019-07-24 20:00:00-04:00,12.61,12.63,12.39,12.44,3153500
2019-07-25 20:00:00-04:00,12.47,12.53,12.43,12.49,1844500
2019-07-28 20:00:00-04:00,12.46,12.53,12.34,12.45,2277300
2019-07-29 20:00:00-04:00,12.35,12.47,12.33,12.45,1476600
2019-07-30 20:00:00-04:00,12.42,12.46,12.19,12.24,3304100
2019-07-31 20:00:00-04:00,12.20,12.33,12.07,12.12,4014800
2019-08-01 20:00:00-04:00,12.06,12.11,11.95,12.07,2978400
2019-08-04 20:00:00-04:00,11.92,11.93,11.77,11.87,4952800
2019-08-05 20:00:00-04:00,11.94,12.02,11.83,12.00,3276800
2019-08-06 20:00:00-04:00,11.86,11.93,11.62,11.90,5410600
2019-08-07 20:00:00-04:00,11.96,12.14,11.93,12.12,3310600
2019-08-08 20:00:00-04:00,12.01,12.81,12.01,12.74,4967700
2019-08-11 20:00:00-04:00,12.79,13.24,12.79,13.05,3267400
2019-08-12 20:00:00-04:00,13.02,13.35,13.02,13.06,4725000
2019-08-13 20:00:00-04:00,12.93,13.18,12.42,12.45,3794900
2019-08-14 20:00:00-04:00,12.46,12.97,12.41,12.70,4206600
2019-08-15 20:00:00-04:00,12.72,12.86,12.53,12.80,2429300
2019-08-18 20:00:00-04:00,13.02,13.15,12.97,13.01,2459100
2019-08-19 20:00:00-04:00,13.00,13.16,12.95,12.95,1986200
2019-08-20 20:00:00-04:00,13.01,13.20,12.92,13.12,2572500
2019-08-21 20:00:00-04:00,13.20,13.26,13.07,13.16,2120600
2019-08-22 20:00:00-04:00,13.09,13.13,12.58,12.59,3362900
2019-08-25 20:00:00-04:00,12.68,12.72,12.61,12.71,1704700
2019-08-26 20:00:00-04:00,12.77,12.80,12.52,12.57,1787800
2019-08-27 20:00:00-04:00,12.58,12.76,12.52,12.76,1405400
2019-08-28 20:00:00-04:00,12.89,12.94,12.82,12.84,1067800
2019-08-29 20:00:00-04:00,12.87,12.97,12.71,12.79,1994200
2019-09-02 20:00:00-04:00,12.70,12.71,12.55,12.60,1893000
2019-09-03 20:00:00-04:00,12.78,12.94,12.72,12.92,2712500
2019-09-04 20:00:00-04:00,13.02,13.15,12.96,13.02,2327300
2019-09-05 20:00:00-04:00,13.07,13.21,13.05,13.12,1594700
2019-09-08 20:00:00-04:00,13.06,13.38,13.06,13.37,1593500
2019-09-09 20:00:00-04:00,13.37,13.61,13.30,13.59,2442800
2019-09-10 20:00:00-04:00,13.61,13.72,13.50,13.63,3194100
2019-09-11 20:00:00-04:00,13.66,13.73,13.50,13.51,3394800
2019-09-12 20:00:00-04:00,13.59,13.66,13.50,13.63,1471100
2019-09-15 20:00:00-04:00,13.57,13.58,13.09,13.19,2705900
2019-09-16 20:00:00-04:00,13.18,13.37,13.07,13.35,1497800
2019-09-17 20:00:00-04:00,13.33,13.45,13.25,13.34,2364300
2019-09-18 20:00:00-04:00,13.39,13.39,13.05,13.07,2724800
2019-09-19 20:00:00-04:00,13.12,13.31,12.93,13.06,4084100
2019-09-22 20:00:00-04:00,13.00,13.23,12.94,13.12,1778300
2019-09-23 20:00:00-04:00,13.15,13.20,12.83,13.05,2526900
2019-09-24 20:00:00-04:00,13.04,13.23,12.97,13.15,1398600
2019-09-25 20:00:00-04:00,13.15,13.15,12.80,13.05,1870700
2019-09-26 20:00:00-04:00,13.08,13.14,12.91,12.98,1058300
2019-09-29 20:00:00-04:00,13.04,13.29,13.01,13.04,1881200
2019-09-30 20:00:00-04:00,13.06,13.23,12.96,13.00,2601900
2019-10-01 20:00:00-04:00,12.90,12.95,12.74,12.88,2156800
2019-10-02 20:00:00-04:00,12.93,12.95,12.62,12.82,1940100
2019-10-03 20:00:00-04:00,12.74,13.01,12.74,12.98,1325400
2019-10-06 20:00:00-04:00,12.92,12.98,12.83,12.84,1976100
2019-10-07 20:00:00-04:00,12.77,12.77,12.14,12.15,1879900
2019-10-08 20:00:00-04:00,12.20,12.30,12.07,12.25,2142900
2019-10-09 20:00:00-04:00,12.23,12.41,12.21,12.35,1609700
2019-10-10 20:00:00-04:00,12.46,12.73,12.46,12.65,2053100
2019-10-13 20:00:00-04:00,12.67,12.70,12.55,12.67,2043300
2019-10-14 20:00:00-04:00,12.64,12.68,12.03,12.57,3989700
2019-10-15 20:00:00-04:00,12.55,12.82,12.45,12.80,3234000
2019-10-16 20:00:00-04:00,12.84,12.95,12.71,12.80,2089800
2019-10-17 20:00:00-04:00,12.78,12.90,12.59,12.62,1776800
2019-10-20 20:00:00-04:00,12.67,12.84,12.66,12.79,2233100
2019-10-21 20:00:00-04:00,12.82,13.11,12.78,12.96,2102900
2019-10-22 20:00:00-04:00,12.99,13.05,12.86,12.97,1453100
2019-10-23 20:00:00-04:00,13.05,13.27,12.82,12.94,1974400
2019-10-24 20:00:00-04:00,12.91,13.00,12.85,12.93,2280800
2019-10-27 20:00:00-04:00,12.97,13.11,12.95,13.01,1220500
2019-10-28 20:00:00-04:00,13.18,13.18,12.95,13.08,1389200
2019-10-29 20:00:00-04:00,13.04,13.04,12.69,12.78,1913800
2019-10-30 20:00:00-04:00,12.80,12.85,12.59,12.84,1375000
2019-10-31 20:00:00-04:00,12.85,12.96,12.71,12.89,1569700
2019-11-03 19:00:00-05:00,12.95,13.06,12.86,12.94,2098000
2019-11-04 19:00:00-05:00,12.97,13.03,12.86,12.88,1453200
2019-11-05 19:00:00-05:00,12.86,12.89,12.57,12.69,1879200
2019-11-06 19:00:00-05:00,12.73,12.93,12.43,12.48,4306400
2019-11-07 19:00:00-05:00,12.42,12.61,11.82,12.08,6777400
2019-11-10 19:00:00-05:00,11.97,12.36,11.90,12.32,4014700
2019-11-11 19:00:00-05:00,12.31,12.33,12.10,12.29,4611100
2019-11-12 19:00:00-05:00,12.23,12.42,12.13,12.28,5528100
2019-11-13 19:00:00-05:00,12.23,12.27,11.95,12.09,2423100
2019-11-14 19:00:00-05:00,12.13,12.20,12.05,12.17,1987800
2019-11-17 19:00:00-05:00,12.11,12.22,12.06,12.07,1563500
2019-11-18 19:00:00-05:00,12.08,12.11,12.00,12.06,1539700
2019-11-19 19:00:00-05:00,12.00,12.05,11.87,11.92,1820200
2019-11-20 19:00:00-05:00,11.95,12.08,11.72,11.77,3250500
2019-11-21 19:00:00-05:00,11.82,11.93,11.76,11.91,2306100
2019-11-24 19:00:00-05:00,11.98,12.07,11.89,12.05,3179800
2019-11-25 19:00:00-05:00,12.17,12.25,12.04,12.21,3474300
2019-11-26 19:00:00-05:00,12.29,12.38,12.19,12.24,1997000
2019-11-28 19:00:00-05:00,12.19,12.22,11.97,12.06,1072800
2019-12-01 19:00:00-05:00,12.05,12.11,11.91,12.06,2473400
2019-12-02 19:00:00-05:00,12.11,12.24,11.74,11.87,2374000
2019-12-03 19:00:00-05:00,11.89,12.08,11.84,12.03,3196900
2019-12-04 19:00:00-05:00,12.06,12.22,12.00,12.18,2713300
2019-12-05 19:00:00-05:00,12.26,12.42,12.17,12.37,2171400
2019-12-08 19:00:00-05:00,12.36,12.65,12.32,12.39,1882300
2019-12-09 19:00:00-05:00,12.41,12.50,12.31,12.37,2155000
2019-12-10 19:00:00-05:00,12.41,12.57,12.39,12.47,2488100
2019-12-11 19:00:00-05:00,12.52,12.95,12.49,12.92,2787900
2019-12-12 19:00:00-05:00,12.94,12.96,12.70,12.73,2255600
2019-12-15 19:00:00-05:00,12.80,13.06,12.80,12.86,2146000
2019-12-16 19:00:00-05:00,12.91,12.96,12.76,12.92,1604600
2019-12-17 19:00:00-05:00,12.91,13.18,12.88,13.17,2697800
2019-12-18 19:00:00-05:00,13.12,13.16,12.95,13.04,3206900
2019-12-19 19:00:00-05:00,13.16,13.19,12.89,13.07,5927800
2019-12-22 19:00:00-05:00,13.37,13.37,13.01,13.11,1111000
2019-12-23 19:00:00-05:00,13.10,13.14,13.04,13.10,769000
2019-12-25 19:00:00-05:00,13.16,13.28,13.14,13.27,979600
2019-12-26 19:00:00-05:00,13.24,13.33,13.18,13.25,1020700
2019-12-29 19:00:00-05:00,13.24,13.26,13.17,13.18,1436800
2019-12-30 19:00:00-05:00,13.21,13.24,13.07,13.24,1456700
2020-01-01 19:00:00-05:00,13.27,13.54,13.26,13.53,2182900
2020-01-02 19:00:00-05:00,13.32,13.52,13.32,13.49,1976500
2020-01-05 19:00:00-05:00,13.43,13.46,13.30,13.45,2011900
2020-01-06 19:00:00-05:00,13.47,13.67,13.39,13.58,1585000
2020-01-07 19:00:00-05:00,13.55,13.75,13.55,13.62,1695900
2020-01-08 19:00:00-05:00,13.62,13.67,13.41,13.52,1846900
2020-01-09 19:00:00-05:00,13.50,13.55,13.41,13.44,1862500
2020-01-12 19:00:00-05:00,13.47,13.66,13.34,13.65,1675800
2020-01-13 19:00:00-05:00,13.59,13.76,13.57,13.74,1670100
2020-01-14 19:00:00-05:00,13.74,13.86,13.58,13.85,1399100
2020-01-15 19:00:00-05:00,13.89,14.03,13.84,13.97,2419900
2020-01-16 19:00:00-05:00,13.98,14.12,13.89,13.97,1838500
2020-01-20 19:00:00-05:00,13.84,13.94,13.48,13.57,2380500
2020-01-21 19:00:00-05:00,13.57,13.67,13.48,13.54,2262100
2020-01-22 19:00:00-05:00,13.46,13.52,13.34,13.44,1468400
2020-01-23 19:00:00-05:00,13.39,13.43,13.04,13.06,1806700
2020-01-26 19:00:00-05:00,12.83,12.98,12.79,12.80,3727000
2020-01-27 19:00:00-05:00,12.80,12.92,12.65,12.65,3163800
2020-01-28 19:00:00-05:00,12.65,12.78,12.48,12.52,2228300
2020-01-29 19:00:00-05:00,12.37,12.80,12.35,12.79,2949600
2020-01-30 19:00:00-05:00,12.73,12.85,12.65,12.76,4222300
2020-02-02 19:00:00-05:00,12.87,12.96,12.75,12.78,2519000
2020-02-03 19:00:00-05:00,12.94,12.95,12.76,12.94,2261900
2020-02-04 19:00:00-05:00,13.05,13.27,12.91,13.20,2464500
2020-02-05 19:00:00-05:00,13.31,13.65,13.23,13.55,4351600
2020-02-06 19:00:00-05:00,13.09,13.54,12.71,13.29,6367500
2020-02-09 19:00:00-05:00,13.29,13.29,12.77,12.89,3497000
2020-02-10 19:00:00-05:00,12.98,13.24,12.93,13.24,1834000
2020-02-11 19:00:00-05:00,13.26,13.58,13.26,13.53,2181000
2020-02-12 19:00:00-05:00,13.50,13.55,13.39,13.49,1794000
2020-02-13 19:00:00-05:00,13.51,13.69,13.41,13.68,1752000
2020-02-17 19:00:00-05:00,13.64,13.68,13.54,13.58,1710100
2020-02-18 19:00:00-05:00,13.63,13.85,13.54,13.69,1610800
2020-02-19 19:00:00-05:00,13.81,13.81,13.45,13.63,2027300
2020-02-20 19:00:00-05:00,13.55,13.57,13.39,13.43,1656800
2020-02-23 19:00:00-05:00,13.10,13.24,12.75,12.75,2171600
2020-02-24 19:00:00-05:00,12.80,12.99,12.00,12.05,5930600
2020-02-25 19:00:00-05:00,12.06,12.13,11.44,11.55,3233700
2020-02-26 19:00:00-05:00,11.33,11.62,10.99,11.17,4158000
2020-02-27 19:00:00-05:00,10.78,11.45,10.78,11.32,8332275
2020-03-01 19:00:00-05:00,11.35,11.65,11.00,11.64,4424900
2020-03-02 19:00:00-05:00,11.56,11.94,11.03,11.09,4159000
2020-03-03 19:00:00-05:00,10.95,11.21,10.79,11.02,4165800
2020-03-04 19:00:00-05:00,10.75,10.75,10.31,10.37,2542600
2020-03-05 19:00:00-05:00,10.00,10.41,9.91,10.32,4089300
2020-03-08 20:00:00-04:00,9.61,9.90,9.43,9.50,3928200
2020-03-09 20:00:00-04:00,9.79,10.25,9.52,10.22,3831700
2020-03-10 20:00:00-04:00,9.89,10.00,9.47,9.55,3876400
2020-03-11 20:00:00-04:00,8.87,9.30,8.62,8.72,8332275
2020-03-12 20:00:00-04:00,9.21,9.93,8.99,9.90,6720500
2020-03-15 20:00:00-04:00,9.99,9.99,8.94,9.59,5382500
2020-03-16 20:00:00-04:00,9.62,10.86,9.43,10.29,7291400
2020-03-17 20:00:00-04:00,10.00,10.05,9.01,9.35,4261500
2020-03-18 20:00:00-04:00,9.29,9.79,9.02,9.15,3494800
2020-03-19 20:00:00-04:00,8.85,9.19,8.44,8.53,5681300
2020-03-22 20:00:00-04:00,8.62,8.69,7.54,7.79,4201100
2020-03-23 20:00:00-04:00,8.18,8.23,7.88,8.21,2568500
2020-03-24 20:00:00-04:00,8.19,8.73,7.66,8.25,5042200
2020-03-25 20:00:00-04:00,8.31,8.89,8.24,8.67,3247600
2020-03-26 20:00:00-04:00,8.41,8.41,7.97,8.07,2888900
2020-03-29 20:00:00-04:00,8.01,8.45,7.84,8.34,4264800
2020-03-30 20:00:00-04:00,8.50,8.83,8.15,8.50,4254100
2020-03-31 20:00:00-04:00,7.97,8.58,7.96,8.17,3475300
2020-04-01 20:00:00-04:00,8.06,8.38,7.47,7.76,4876100
2020-04-02 20:00:00-04:00,7.72,7.86,7.57,7.74,3341400
2020-04-05 20:00:00-04:00,8.11,8.50,8.03,8.45,3163900
2020-04-06 20:00:00-04:00,8.35,9.03,8.16,8.32,5625500
2020-04-07 20:00:00-04:00,8.37,8.54,8.16,8.47,3740300
2020-04-08 20:00:00-04:00,8.63,9.09,8.56,8.98,5212200
2020-04-12 20:00:00-04:00,8.96,8.96,8.61,8.88,2398800
2020-04-13 20:00:00-04:00,9.06,9.08,8.65,8.90,2416400
2020-04-14 20:00:00-04:00,8.63,8.63,8.20,8.45,2408300
2020-04-15 20:00:00-04:00,8.46,8.61,7.95,7.98,2201400
2020-04-16 20:00:00-04:00,8.18,8.55,8.18,8.42,2435900
2020-04-19 20:00:00-04:00,8.27,8.44,8.15,8.30,1929600
2020-04-20 20:00:00-04:00,8.05,8.11,7.81,7.98,2360000
2020-04-21 20:00:00-04:00,8.15,8.20,7.96,7.98,1538300
2020-04-22 20:00:00-04:00,8.01,8.39,7.99,8.21,1576100
2020-04-23 20:00:00-04:00,8.26,8.43,8.18,8.35,3409300
2020-04-26 20:00:00-04:00,8.39,9.03,8.39,8.95,2944100
2020-04-27 20:00:00-04:00,9.13,9.41,8.98,9.28,3478700
2020-04-28 20:00:00-04:00,9.51,9.95,9.46,9.93,3903600
2020-04-29 20:00:00-04:00,9.71,10.02,9.33,9.38,2009900
2020-04-30 20:00:00-04:00,9.23,9.25,8.92,8.97,2056600
2020-05-03 20:00:00-04:00,8.84,9.17,8.70,9.12,2787500
2020-05-04 20:00:00-04:00,9.21,9.46,9.00,9.03,2174900
2020-05-05 20:00:00-04:00,9.08,9.28,8.99,9.15,1965500
2020-05-06 20:00:00-04:00,9.26,9.40,8.96,9.13,2823600
2020-05-07 20:00:00-04:00,10.04,10.46,9.66,10.34,3163600
2020-05-10 20:00:00-04:00,10.20,10.29,10.02,10.12,2494100
2020-05-11 20:00:00-04:00,10.16,10.40,10.00,10.02,2166100
2020-05-12 20:00:00-04:00,9.90,10.06,9.74,10.04,3623100
2020-05-13 20:00:00-04:00,9.83,10.22,9.53,10.15,3967500
2020-05-14 20:00:00-04:00,10.09,10.31,9.95,10.28,2877600
2020-05-17 20:00:00-04:00,10.74,10.92,10.49,10.56,2455500
2020-05-18 20:00:00-04:00,10.56,10.79,10.46,10.50,1906700
2020-05-19 20:00:00-04:00,10.63,10.89,10.59,10.83,1720900
2020-05-20 20:00:00-04:00,10.76,10.85,10.65,10.77,1658300
2020-05-21 20:00:00-04:00,10.83,10.95,10.72,10.90,1853100
2020-05-25 20:00:00-04:00,11.30,11.36,11.10,11.24,2986900
2020-05-26 20:00:00-04:00,11.41,11.44,11.14,11.44,3736200
2020-05-27 20:00:00-04:00,11.53,11.55,11.17,11.24,2614400
2020-05-28 20:00:00-04:00,11.20,11.63,11.13,11.59,4649400
2020-05-31 20:00:00-04:00,11.60,11.79,11.50,11.53,2103500
2020-06-01 20:00:00-04:00,11.72,11.72,11.40,11.59,3330800
2020-06-02 20:00:00-04:00,11.77,12.23,11.51,12.21,4388000
2020-06-03 20:00:00-04:00,12.10,12.29,11.95,12.10,5490200
2020-06-04 20:00:00-04:00,12.36,12.60,12.19,12.26,3410300
2020-06-07 20:00:00-04:00,12.25,12.66,12.22,12.64,2387400
2020-06-08 20:00:00-04:00,12.48,12.54,12.14,12.18,1769200
2020-06-09 20:00:00-04:00,12.18,12.18,11.70,11.72,2155600
2020-06-10 20:00:00-04:00,11.35,11.39,10.77,10.79,2152500
2020-06-11 20:00:00-04:00,11.24,11.29,10.80,11.09,1954600
2020-06-14 20:00:00-04:00,10.73,11.26,10.65,11.15,2142300
2020-06-15 20:00:00-04:00,11.57,11.63,11.11,11.30,2295600
2020-06-16 20:00:00-04:00,11.36,11.70,11.20,11.64,4060000
2020-06-17 20:00:00-04:00,11.44,11.55,11.19,11.29,2046300
2020-06-18 20:00:00-04:00,11.31,11.55,11.14,11.22,4731400
2020-06-21 20:00:00-04:00,11.14,11.38,11.09,11.31,1456500
2020-06-22 20:00:00-04:00,11.45,11.55,11.35,11.35,1713600
2020-06-23 20:00:00-04:00,11.18,11.30,11.01,11.04,1918600
2020-06-24 20:00:00-04:00,10.99,11.23,10.89,11.13,2881500
2020-06-25 20:00:00-04:00,11.04,11.10,10.63,10.86,2954700
2020-06-28 20:00:00-04:00,10.98,11.08,10.77,11.02,1445300
2020-06-29 20:00:00-04:00,11.05,11.26,10.97,11.22,2194300
2020-06-30 20:00:00-04:00,11.21,11.55,11.07,11.43,2016000
2020-07-01 20:00:00-04:00,11.55,11.66,11.35,11.38,1612900
2020-07-05 20:00:00-04:00,11.59,11.79,11.41,11.51,1550800
2020-07-06 20:00:00-04:00,11.39,11.50,11.33,11.35,1318400
2020-07-07 20:00:00-04:00,11.32,11.35,11.07,11.21,1618900
2020-07-08 20:00:00-04:00,11.15,11.48,10.95,11.10,2136200
2020-07-09 20:00:00-04:00,11.14,11.35,10.97,11.31,1671900
2020-07-12 20:00:00-04:00,11.38,11.56,11.22,11.29,1877300
2020-07-13 20:00:00-04:00,11.28,11.77,11.16,11.76,2656100
2020-07-14 20:00:00-04:00,11.86,12.02,11.77,11.97,2590300
2020-07-15 20:00:00-04:00,11.93,12.18,11.90,12.07,1130400
2020-07-16 20:00:00-04:00,12.10,12.19,11.96,12.13,1079000
2020-07-19 20:00:00-04:00,12.06,12.13,11.93,11.98,986500
2020-07-20 20:00:00-04:00,12.01,12.18,11.98,12.06,1205600
2020-07-21 20:00:00-04:00,12.35,12.35,12.06,12.16,1610600
2020-07-22 20:00:00-04:00,12.19,12.30,11.99,12.03,1409300
2020-07-23 20:00:00-04:00,12.12,12.20,11.99,12.02,921800
2020-07-26 20:00:00-04:00,12.03,12.21,11.97,12.18,1119400
2020-07-27 20:00:00-04:00,12.08,12.13,11.89,12.02,1208400
2020-07-28 20:00:00-04:00,12.13,12.25,12.07,12.18,1405200
2020-07-29 20:00:00-04:00,12.06,12.27,11.95,12.20,1148000
2020-07-30 20:00:00-04:00,12.16,12.22,11.92,12.03,1647700
2020-08-02 20:00:00-04:00,12.09,12.34,11.99,12.30,1944900
2020-08-03 20:00:00-04:00,12.28,12.69,11.96,12.67,1602300
2020-08-04 20:00:00-04:00,12.69,12.78,12.48,12.57,1918100
2020-08-05 20:00:00-04:00,12.44,12.87,12.32,12.78,2483000
2020-08-06 20:00:00-04:00,12.71,13.58,12.62,13.57,2532300
2020-08-09 20:00:00-04:00,13.57,14.16,13.57,14.04,4597900
2020-08-10 20:00:00-04:00,14.05,14.50,14.02,14.09,3044600
2020-08-11 20:00:00-04:00,14.28,14.58,14.24,14.35,3880000
2020-08-12 20:00:00-04:00,14.39,14.59,14.34,14.46,2111100
2020-08-13 20:00:00-04:00,14.48,14.63,14.38,14.50,1806100
2020-08-16 20:00:00-04:00,14.50,14.56,14.22,14.30,2019600
2020-08-17 20:00:00-04:00,14.09,14.45,14.03,14.36,2077500
2020-08-18 20:00:00-04:00,14.40,14.58,14.38,14.40,1805700
2020-08-19 20:00:00-04:00,14.23,14.46,14.20,14.32,1923700
2020-08-20 20:00:00-04:00,14.35,14.35,13.78,13.82,2293100
2020-08-23 20:00:00-04:00,14.05,14.08,13.94,14.07,1903400
2020-08-24 20:00:00-04:00,14.15,14.20,14.02,14.18,1414900
2020-08-25 20:00:00-04:00,14.24,14.33,14.08,14.19,1513500
2020-08-26 20:00:00-04:00,14.27,14.34,14.10,14.25,1175600
2020-08-27 20:00:00-04:00,14.33,14.46,14.14,14.44,1374800
2020-08-30 20:00:00-04:00,14.49,14.60,14.29,14.30,2079900
2020-08-31 20:00:00-04:00,14.29,14.47,14.15,14.36,1553100
2020-09-01 20:00:00-04:00,14.37,14.46,14.18,14.42,2486300
2020-09-02 20:00:00-04:00,14.45,14.62,14.24,14.39,2973200
2020-09-03 20:00:00-04:00,14.44,14.56,13.87,14.14,2423100
2020-09-07 20:00:00-04:00,14.05,14.10,13.83,13.85,1935100
2020-09-08 20:00:00-04:00,13.97,14.35,13.90,14.30,1965300
2020-09-09 20:00:00-04:00,14.28,14.41,14.03,14.04,1961100
2020-09-10 20:00:00-04:00,14.16,14.39,14.08,14.25,1964400
2020-09-13 20:00:00-04:00,14.35,14.54,14.32,14.48,2204200
2020-09-14 20:00:00-04:00,14.54,14.63,14.46,14.59,1630500
2020-09-15 20:00:00-04:00,14.66,14.66,14.36,14.39,2612400
2020-09-16 20:00:00-04:00,14.21,14.52,14.15,14.48,3641700
2020-09-17 20:00:00-04:00,14.26,15.14,14.19,14.89,8038400
2020-09-20 20:00:00-04:00,14.68,14.85,13.68,13.87,5159000
2020-09-21 20:00:00-04:00,13.97,14.10,13.78,14.04,2804000
2020-09-22 20:00:00-04:00,13.98,14.17,13.48,13.56,2924100
2020-09-23 20:00:00-04:00,13.61,13.65,13.29,13.35,1880200
2020-09-24 20:00:00-04:00,13.27,13.45,13.18,13.43,3076600
2020-09-27 20:00:00-04:00,13.66,13.86,13.49,13.66,2655400
2020-09-28 20:00:00-04:00,13.44,13.56,13.12,13.23,1632300
2020-09-29 20:00:00-04:00,13.30,13.47,13.24,13.35,2481900
2020-09-30 20:00:00-04:00,13.37,13.55,13.30,13.50,1607700
2020-10-01 20:00:00-04:00,13.34,13.64,13.23,13.54,1487900
2020-10-04 20:00:00-04:00,13.59,13.74,13.46,13.66,2590200
2020-10-05 20:00:00-04:00,13.72,14.00,13.46,13.64,2428400
2020-10-06 20:00:00-04:00,13.92,13.92,13.55,13.55,1893400
2020-10-07 20:00:00-04:00,13.59,13.76,13.37,13.75,2232500
2020-10-08 20:00:00-04:00,13.87,13.87,13.54,13.57,1832300
2020-10-11 20:00:00-04:00,13.67,13.85,13.46,13.53,1603800
2020-10-12 20:00:00-04:00,13.41,13.66,13.25,13.63,1948000
2020-10-13 20:00:00-04:00,13.68,13.90,13.46,13.50,1430600
2020-10-14 20:00:00-04:00,13.39,13.46,13.14,13.30,1713000
2020-10-15 20:00:00-04:00,13.38,13.55,13.26,13.39,974900
2020-10-18 20:00:00-04:00,13.30,13.43,12.96,13.11,1439500
2020-10-19 20:00:00-04:00,13.19,13.31,13.09,13.19,1350500
2020-10-20 20:00:00-04:00,13.13,13.34,13.10,13.28,1392000
2020-10-21 20:00:00-04:00,13.29,13.42,13.12,13.26,1258900
2020-10-22 20:00:00-04:00,13.32,13.85,13.07,13.31,1325400
2020-10-25 20:00:00-04:00,13.12,13.21,12.83,13.00,1829200
2020-10-26 20:00:00-04:00,12.98,13.08,12.76,12.79,1482200
2020-10-27 20:00:00-04:00,12.55,12.66,12.33,12.35,2628500
2020-10-28 20:00:00-04:00,12.30,12.62,12.18,12.46,1399900
2020-10-29 20:00:00-04:00,12.45,12.55,12.26,12.50,1856200
2020-11-01 19:00:00-05:00,12.67,12.80,12.45,12.66,1757600
2020-11-02 19:00:00-05:00,12.89,13.01,12.77,12.86,1208600
2020-11-03 19:00:00-05:00,12.85,13.06,12.68,12.89,1769400
2020-11-04 19:00:00-05:00,13.06,13.45,12.65,13.33,1640200
2020-11-05 19:00:00-05:00,14.92,15.15,14.08,14.44,2931700
2020-11-08 19:00:00-05:00,15.17,15.70,14.89,14.92,4351400
2020-11-09 19:00:00-05:00,14.97,15.59,14.97,15.49,4164700
2020-11-10 19:00:00-05:00,15.52,16.39,15.48,16.38,5795100
2020-11-11 19:00:00-05:00,16.26,16.36,15.45,15.61,2870600
2020-11-12 19:00:00-05:00,15.68,16.22,15.56,16.17,2040000
2020-11-15 19:00:00-05:00,16.94,17.28,16.33,16.56,2095100
2020-11-16 19:00:00-05:00,16.45,16.99,16.43,16.84,2312500
2020-11-17 19:00:00-05:00,16.76,17.10,16.66,16.71,1883200
2020-11-18 19:00:00-05:00,16.68,16.85,16.57,16.71,1950800
2020-11-19 19:00:00-05:00,16.69,16.76,16.43,16.68,1828900
2020-11-22 19:00:00-05:00,16.85,17.14,16.71,17.05,1554900
2020-11-23 19:00:00-05:00,17.20,17.40,16.96,17.30,2591300
2020-11-24 19:00:00-05:00,17.35,17.40,16.94,17.14,2540500
2020-11-26 19:00:00-05:00,17.13,17.15,16.82,16.86,1141700
2020-11-29 19:00:00-05:00,16.85,17.06,16.75,16.81,7736400
2020-11-30 19:00:00-05:00,16.85,17.34,16.85,17.21,6509300
2020-12-01 19:00:00-05:00,17.14,17.58,16.89,17.51,2754100
2020-12-02 19:00:00-05:00,17.45,17.71,17.35,17.68,2157700
2020-12-03 19:00:00-05:00,17.74,17.81,17.53,17.79,4480400
2020-12-06 19:00:00-05:00,17.64,17.74,17.51,17.62,1823700
2020-12-07 19:00:00-05:00,17.43,17.62,17.37,17.50,4797000
2020-12-08 19:00:00-05:00,17.55,17.59,17.31,17.40,3616100
2020-12-09 19:00:00-05:00,17.35,17.66,17.24,17.47,3937900
2020-12-10 19:00:00-05:00,17.41,17.52,17.06,17.10,2254400
2020-12-13 19:00:00-05:00,17.24,17.24,16.76,16.90,3148900
2020-12-14 19:00:00-05:00,17.14,17.33,17.02,17.23,5125400
2020-12-15 19:00:00-05:00,17.23,17.27,16.82,16.92,3088100
2020-12-16 19:00:00-05:00,17.03,17.10,16.64,16.86,2365900
2020-12-17 19:00:00-05:00,16.64,16.88,16.45,16.52,5936300
2020-12-20 19:00:00-05:00,16.36,16.86,16.33,16.81,3910100
2020-12-21 19:00:00-05:00,16.71,16.96,16.64,16.80,3627600
2020-12-22 19:00:00-05:00,16.81,16.97,16.78,16.84,3008300
2020-12-23 19:00:00-05:00,16.97,17.08,16.89,16.97,1100000
2020-12-27 19:00:00-05:00,17.07,17.44,17.05,17.31,1674700
2020-12-28 19:00:00-05:00,17.26,17.36,17.09,17.16,1198300
2020-12-29 19:00:00-05:00,17.16,17.42,17.09,17.17,1373500
2020-12-30 19:00:00-05:00,17.12,17.24,16.91,17.11,1822300
2021-01-03 19:00:00-05:00,17.18,17.43,16.90,17.29,3037700
2021-01-04 19:00:00-05:00,17.18,17.54,17.14,17.41,1844400
2021-01-05 19:00:00-05:00,17.54,18.50,17.35,18.33,3218600
2021-01-06 19:00:00-05:00,18.36,18.39,17.84,17.85,2406400
2021-01-07 19:00:00-05:00,17.87,18.01,17.50,17.74,1920300
2021-01-10 19:00:00-05:00,17.49,17.91,17.43,17.77,1465900
2021-01-11 19:00:00-05:00,17.72,17.85,17.46,17.52,1906000
2021-01-12 19:00:00-05:00,17.49,17.71,17.39,17.41,2430000
2021-01-13 19:00:00-05:00,17.47,17.99,17.47,17.80,1938500
2021-01-14 19:00:00-05:00,17.74,17.85,17.52,17.81,2016500
2021-01-18 19:00:00-05:00,17.89,17.95,17.64,17.85,2535800
2021-01-19 19:00:00-05:00,17.94,18.26,17.90,18.20,2357800
2021-01-20 19:00:00-05:00,18.16,18.52,18.11,18.29,1620900
2021-01-21 19:00:00-05:00,18.21,18.27,17.67,17.68,2832800
2021-01-24 19:00:00-05:00,17.54,17.96,17.42,17.85,2912000
2021-01-25 19:00:00-05:00,18.04,18.26,17.67,18.23,1743100
2021-01-26 19:00:00-05:00,18.49,19.09,18.25,18.64,5110200
2021-01-27 19:00:00-05:00,18.78,18.86,18.31,18.58,3810300
2021-01-28 19:00:00-05:00,18.56,18.98,18.46,18.47,3120700
2021-01-31 19:00:00-05:00,18.41,18.57,17.83,18.45,2304600
2021-02-01 19:00:00-05:00,18.59,19.04,18.48,18.84,2720900
2021-02-02 19:00:00-05:00,18.68,18.99,18.65,18.89,1751300
2021-02-03 19:00:00-05:00,18.98,19.89,18.89,19.33,3696900
2021-02-04 19:00:00-05:00,20.94,21.19,20.07,20.21,7117900
2021-02-07 19:00:00-05:00,20.25,20.78,20.25,20.66,3931200
2021-02-08 19:00:00-05:00,20.84,21.31,20.71,21.12,3659800
2021-02-09 19:00:00-05:00,21.24,21.80,21.14,21.54,3886200
2021-02-10 19:00:00-05:00,21.52,21.98,21.43,21.94,2715800
2021-02-11 19:00:00-05:00,22.72,22.91,22.26,22.59,4494000
2021-02-15 19:00:00-05:00,22.48,22.72,22.32,22.65,4886000
2021-02-16 19:00:00-05:00,22.89,23.06,21.98,22.07,3998800
2021-02-17 19:00:00-05:00,22.05,22.14,21.54,21.57,4511900
2021-02-18 19:00:00-05:00,21.59,21.73,21.36,21.43,5040500
2021-02-21 19:00:00-05:00,21.41,22.48,21.23,22.24,7168500
2021-02-22 19:00:00-05:00,22.09,22.48,21.90,22.31,4076200
2021-02-23 19:00:00-05:00,22.26,23.00,21.97,22.67,5901000
2021-02-24 19:00:00-05:00,22.64,22.94,22.09,22.10,2645600
2021-02-25 19:00:00-05:00,22.13,22.63,22.00,22.33,4359100
2021-02-28 19:00:00-05:00,22.66,23.33,22.50,23.20,3774800
2021-03-01 19:00:00-05:00,23.18,23.22,22.48,22.51,3991000
2021-03-02 19:00:00-05:00,22.51,23.03,22.43,22.65,3145600
2021-03-03 19:00:00-05:00,22.61,22.87,22.03,22.41,4400000
2021-03-04 19:00:00-05:00,23.86,23.86,22.20,23.21,5979100
2021-03-07 19:00:00-05:00,23.83,23.83,22.81,23.08,5290100
2021-03-08 19:00:00-05:00,23.23,24.36,23.12,23.66,7223000
2021-03-09 19:00:00-05:00,23.86,24.43,23.42,24.30,4632100
2021-03-10 19:00:00-05:00,24.26,24.62,24.08,24.50,2775400
2021-03-11 19:00:00-05:00,24.63,24.98,24.28,24.96,3789900
2021-03-14 20:00:00-04:00,24.99,24.99,24.47,24.86,3511000
2021-03-15 20:00:00-04:00,25.09,25.66,25.01,25.31,4250200
2021-03-16 20:00:00-04:00,25.27,25.30,24.69,25.19,4596300
2021-03-17 20:00:00-04:00,25.32,26.24,25.19,25.95,6585100
2021-03-18 20:00:00-04:00,25.87,26.46,25.57,26.10,8332275
2021-03-21 20:00:00-04:00,26.19,26.32,25.33,25.53,3919100
2021-03-22 20:00:00-04:00,25.47,25.54,24.83,24.96,4071900
2021-03-23 20:00:00-04:00,25.06,25.26,24.29,24.33,3561400
2021-03-24 20:00:00-04:00,24.21,25.16,23.91,25.05,3598900
2021-03-25 20:00:00-04:00,25.15,25.26,24.28,24.60,5184000
2021-03-28 20:00:00-04:00,24.87,24.88,23.74,23.93,4268700
2021-03-29 20:00:00-04:00,24.00,24.69,23.83,24.56,3147000
2021-03-30 20:00:00-04:00,24.46,24.95,24.29,24.31,4264200
2021-03-31 20:00:00-04:00,24.39,24.92,24.14,24.91,2708700
2021-04-04 20:00:00-04:00,24.99,25.38,24.72,25.26,2947700
2021-04-05 20:00:00-04:00,25.06,25.62,25.06,25.39,3106900
2021-04-06 20:00:00-04:00,25.35,25.64,25.15,25.26,2262200
2021-04-07 20:00:00-04:00,25.02,25.61,24.97,25.54,2209100
2021-04-08 20:00:00-04:00,25.65,25.76,25.28,25.50,2209000
2021-04-11 20:00:00-04:00,25.78,25.78,25.33,25.58,3618500
2021-04-12 20:00:00-04:00,25.66,25.73,24.92,24.99,4230000
2021-04-13 20:00:00-04:00,25.04,25.48,25.03,25.25,5053500
2021-04-14 20:00:00-04:00,25.45,25.68,25.19,25.44,3425100
2021-04-15 20:00:00-04:00,25.61,25.72,25.39,25.52,3560400
2021-04-18 20:00:00-04:00,25.47,25.66,25.23,25.56,3317800
2021-04-19 20:00:00-04:00,25.60,25.87,25.00,25.32,2232700
2021-04-20 20:00:00-04:00,25.10,26.13,24.86,26.12,2979900
2021-04-21 20:00:00-04:00,26.19,26.26,25.67,25.70,3650800
2021-04-22 20:00:00-04:00,25.93,26.03,25.50,25.55,3193800
2021-04-25 20:00:00-04:00,25.70,25.77,25.40,25.48,3269600
2021-04-26 20:00:00-04:00,25.34,25.65,25.28,25.38,2407400
2021-04-27 20:00:00-04:00,25.36,25.46,24.87,25.02,3050300
2021-04-28 20:00:00-04:00,25.25,25.46,25.01,25.35,2750300
2021-04-29 20:00:00-04:00,25.15,25.25,24.82,25.04,4022400
2021-05-02 20:00:00-04:00,25.15,25.37,24.98,25.20,3988300
2021-05-03 20:00:00-04:00,24.97,25.01,24.11,24.39,2748200
2021-05-04 20:00:00-04:00,24.63,25.19,24.39,24.97,3213200
2021-05-05 20:00:00-04:00,25.10,25.24,24.54,24.85,2672300
2021-05-06 20:00:00-04:00,25.44,26.48,25.34,26.23,4643600
2021-05-09 20:00:00-04:00,26.10,26.74,25.82,26.23,4742600
2021-05-10 20:00:00-04:00,26.19,26.44,25.59,26.42,3681700
2021-05-11 20:00:00-04:00,26.20,26.34,24.90,24.99,3808600
2021-05-12 20:00:00-04:00,25.02,25.61,24.78,25.09,2498100
2021-05-13 20:00:00-04:00,25.26,25.60,24.62,25.52,1778000
2021-05-16 20:00:00-04:00,25.78,26.26,25.42,25.72,2734500
2021-05-17 20:00:00-04:00,25.70,26.04,25.31,25.31,2916100
2021-05-18 20:00:00-04:00,24.92,25.14,24.68,24.86,4021500
2021-05-19 20:00:00-04:00,25.01,25.96,24.92,25.86,4844000
2021-05-20 20:00:00-04:00,25.48,25.97,25.30,25.32,3284500
2021-05-23 20:00:00-04:00,25.50,25.73,25.30,25.66,3107700
2021-05-24 20:00:00-04:00,25.84,25.94,25.45,25.47,3586300
2021-05-25 20:00:00-04:00,25.61,25.90,25.58,25.60,3887800
2021-05-26 20:00:00-04:00,25.65,26.30,25.65,25.91,8332275
2021-05-27 20:00:00-04:00,26.01,26.08,25.39,25.80,4046400
2021-05-31 20:00:00-04:00,25.42,25.72,24.89,25.34,3740600
2021-06-01 20:00:00-04:00,25.39,25.39,24.49,24.77,3354800
2021-06-02 20:00:00-04:00,24.30,24.79,24.24,24.75,2884300
2021-06-03 20:00:00-04:00,24.78,25.09,24.74,25.06,1733400
2021-06-06 20:00:00-04:00,25.06,25.11,24.50,24.71,2574400
2021-06-07 20:00:00-04:00,24.69,25.38,24.60,25.30,3996100
2021-06-08 20:00:00-04:00,25.20,25.53,25.11,25.36,1764700
2021-06-09 20:00:00-04:00,25.43,25.54,25.26,25.29,1524300
2021-06-10 20:00:00-04:00,25.42,25.68,24.87,25.66,1332700
2021-06-13 20:00:00-04:00,25.65,25.69,25.04,25.15,2269200
2021-06-14 20:00:00-04:00,25.24,25.34,24.81,24.85,1420000
2021-06-15 20:00:00-04:00,24.76,24.88,24.40,24.79,1986300
2021-06-16 20:00:00-04:00,24.78,24.86,24.02,24.38,2287900
2021-06-17 20:00:00-04:00,24.14,24.31,23.84,24.02,3721300
2021-06-20 20:00:00-04:00,24.02,24.70,23.94,24.60,1648400
2021-06-21 20:00:00-04:00,24.58,24.66,24.08,24.39,1722000
2021-06-22 20:00:00-04:00,24.39,24.58,24.12,24.33,1659000
2021-06-23 20:00:00-04:00,24.37,24.58,24.27,24.44,1290600
2021-06-24 20:00:00-04:00,24.52,24.82,24.48,24.60,2749500
2021-06-27 20:00:00-04:00,24.60,24.92,24.30,24.49,1882100
2021-06-28 20:00:00-04:00,24.54,24.92,24.42,24.43,1361900
2021-06-29 20:00:00-04:00,24.42,24.76,24.33,24.63,1778100
2021-06-30 20:00:00-04:00,24.76,25.09,24.60,24.99,1795600
2021-07-01 20:00:00-04:00,25.07,25.07,24.40,24.61,1602300
2021-07-05 20:00:00-04:00,24.69,24.69,24.26,24.41,2393900
2021-07-06 20:00:00-04:00,24.40,24.58,23.82,24.23,2653100
2021-07-07 20:00:00-04:00,23.99,24.14,23.60,23.71,2225000
2021-07-08 20:00:00-04:00,23.93,24.54,23.92,24.39,1919400
2021-07-11 20:00:00-04:00,24.29,24.78,23.80,24.69,1567900
2021-07-12 20:00:00-04:00,24.63,24.63,24.10,24.12,1478100
2021-07-13 20:00:00-04:00,24.23,24.43,23.85,23.90,1456200
2021-07-14 20:00:00-04:00,23.82,24.14,23.72,23.81,1483500
2021-07-15 20:00:00-04:00,23.94,24.04,23.11,23.15,1474100
2021-07-18 20:00:00-04:00,22.84,23.15,22.66,22.83,3828700
2021-07-19 20:00:00-04:00,22.85,23.31,22.50,23.25,3475300
2021-07-20 20:00:00-04:00,23.37,23.76,23.26,23.52,1637000
2021-07-21 20:00:00-04:00,23.50,23.52,23.18,23.33,991700
2021-07-22 20:00:00-04:00,23.33,23.69,23.22,23.66,1737600
2021-07-25 20:00:00-04:00,24.34,24.34,23.56,23.71,2276900
2021-07-26 20:00:00-04:00,23.57,23.77,23.34,23.63,1223000
2021-07-27 20:00:00-04:00,23.80,23.90,23.41,23.66,1094300
2021-07-28 20:00:00-04:00,23.76,23.85,23.48,23.50,1089700
2021-07-29 20:00:00-04:00,23.43,23.70,23.39,23.54,1990500
2021-08-01 20:00:00-04:00,23.62,23.92,23.54,23.65,2426500
2021-08-02 20:00:00-04:00,23.69,23.72,22.80,23.01,1885300
2021-08-03 20:00:00-04:00,23.35,23.57,23.12,23.26,2778000
2021-08-04 20:00:00-04:00,23.48,23.84,23.40,23.75,2619900
2021-08-05 20:00:00-04:00,24.90,25.26,23.53,23.63,5298500
2021-08-08 20:00:00-04:00,23.16,23.50,22.67,23.33,2908400
2021-08-09 20:00:00-04:00,23.23,23.37,22.99,23.21,1665800
2021-08-10 20:00:00-04:00,23.16,23.25,22.78,23.11,2697400
2021-08-11 20:00:00-04:00,23.01,23.07,22.78,22.91,1963000
2021-08-12 20:00:00-04:00,22.90,23.00,22.44,22.48,1645800
2021-08-15 20:00:00-04:00,22.30,22.63,22.08,22.56,2176100
2021-08-16 20:00:00-04:00,22.06,22.45,21.25,21.98,3045000
2021-08-17 20:00:00-04:00,21.88,22.00,21.17,21.20,3091800
2021-08-18 20:00:00-04:00,21.04,21.27,20.84,20.91,3018400
2021-08-19 20:00:00-04:00,20.86,21.20,20.75,21.13,2563700
2021-08-22 20:00:00-04:00,21.21,21.45,21.21,21.39,1346200
2021-08-23 20:00:00-04:00,21.37,21.56,21.29,21.34,1556600
2021-08-24 20:00:00-04:00,21.53,21.69,21.12,21.58,1568700
2021-08-25 20:00:00-04:00,21.52,21.70,21.35,21.37,1559800
2021-08-26 20:00:00-04:00,21.46,21.75,21.39,21.74,1764100
2021-08-29 20:00:00-04:00,21.68,21.72,21.35,21.38,1482700
2021-08-30 20:00:00-04:00,21.54,21.67,21.33,21.48,3563900
2021-08-31 20:00:00-04:00,21.64,22.02,21.51,21.81,2513500
2021-09-01 20:00:00-04:00,21.81,22.07,21.58,21.65,1374200
2021-09-02 20:00:00-04:00,21.67,21.74,21.41,21.57,1832800
2021-09-06 20:00:00-04:00,21.60,21.67,21.19,21.22,1934100
2021-09-07 20:00:00-04:00,21.20,21.31,20.73,21.11,2906600
2021-09-08 20:00:00-04:00,21.21,21.42,21.05,21.08,2910200
2021-09-09 20:00:00-04:00,21.20,21.31,20.91,20.92,1847700
2021-09-12 20:00:00-04:00,21.10,21.15,20.73,20.92,2541900
2021-09-13 20:00:00-04:00,21.02,21.36,20.87,21.14,3517500
2021-09-14 20:00:00-04:00,21.05,21.17,20.84,21.08,2424800
2021-09-15 20:00:00-04:00,21.06,21.75,20.98,21.58,2679600
2021-09-16 20:00:00-04:00,21.55,21.69,21.28,21.46,4683500
2021-09-19 20:00:00-04:00,21.13,21.19,20.75,20.99,2476300
2021-09-20 20:00:00-04:00,21.20,21.77,21.11,21.33,4714000
2021-09-21 20:00:00-04:00,21.69,22.33,21.65,22.20,3498600
2021-09-22 20:00:00-04:00,22.69,23.19,22.59,23.06,4536100
2021-09-23 20:00:00-04:00,22.81,23.53,22.81,23.40,2744000
2021-09-26 20:00:00-04:00,23.27,23.44,23.10,23.23,2607300
2021-09-27 20:00:00-04:00,23.14,23.37,22.91,22.97,2632900
2021-09-28 20:00:00-04:00,23.00,23.25,22.83,22.86,2582400
2021-09-29 20:00:00-04:00,22.96,23.00,22.44,22.60,3195000
2021-09-30 20:00:00-04:00,22.69,22.93,22.50,22.77,2799400
2021-10-03 20:00:00-04:00,22.72,22.90,22.36,22.52,2087300
2021-10-04 20:00:00-04:00,22.80,23.07,22.57,22.84,2039100
2021-10-05 20:00:00-04:00,22.53,22.86,22.23,22.69,2667600
2021-10-06 20:00:00-04:00,22.89,23.24,22.82,23.10,1652700
2021-10-07 20:00:00-04:00,23.19,23.54,23.07,23.12,1555000
2021-10-10 20:00:00-04:00,23.14,23.32,23.00,23.02,921100
2021-10-11 20:00:00-04:00,22.96,23.46,22.74,22.93,1992000
2021-10-12 20:00:00-04:00,22.94,23.20,22.57,22.75,3297500
2021-10-13 20:00:00-04:00,22.94,23.15,22.80,23.10,2121100
2021-10-14 20:00:00-04:00,23.17,23.27,22.93,22.95,1960500
2021-10-17 20:00:00-04:00,22.80,22.92,22.61,22.61,1809800
2021-10-18 20:00:00-04:00,22.66,22.88,22.64,22.76,1492400
2021-10-19 20:00:00-04:00,22.68,22.87,22.61,22.86,1897200
2021-10-20 20:00:00-04:00,22.96,23.04,22.72,22.87,1551300
2021-10-21 20:00:00-04:00,22.85,23.24,22.85,23.11,1802500
2021-10-24 20:00:00-04:00,23.21,23.44,23.10,23.20,1670000
2021-10-25 20:00:00-04:00,23.22,23.26,22.89,22.90,2159600
2021-10-26 20:00:00-04:00,22.84,22.84,21.82,22.05,4891400
2021-10-27 20:00:00-04:00,22.15,22.44,21.91,22.23,2066600
2021-10-28 20:00:00-04:00,22.05,22.26,21.85,21.99,3278400
2021-10-31 20:00:00-04:00,22.08,22.60,22.02,22.59,5300800
2021-11-01 20:00:00-04:00,22.58,22.69,22.32,22.59,2123900
2021-11-02 20:00:00-04:00,22.49,22.61,22.17,22.41,3140600
2021-11-03 20:00:00-04:00,22.39,22.57,22.12,22.54,2385800
2021-11-04 20:00:00-04:00,24.84,24.84,22.80,23.40,5487000
2021-11-07 19:00:00-05:00,23.48,23.80,23.01,23.10,4247000
2021-11-08 19:00:00-05:00,23.08,23.34,22.49,22.79,3485100
2021-11-09 19:00:00-05:00,22.76,22.93,22.43,22.57,2940600
2021-11-10 19:00:00-05:00,22.68,22.92,22.54,22.66,2740900
2021-11-11 19:00:00-05:00,22.86,22.95,22.69,22.86,2423100
2021-11-14 19:00:00-05:00,22.79,23.05,22.48,22.53,2208000
2021-11-15 19:00:00-05:00,22.56,22.77,22.41,22.69,2413700
2021-11-16 19:00:00-05:00,22.58,22.66,22.16,22.47,3199500
2021-11-17 19:00:00-05:00,22.53,22.65,22.09,22.30,3191000
2021-11-18 19:00:00-05:00,22.09,22.19,21.22,21.25,4543100
2021-11-21 19:00:00-05:00,21.44,21.82,21.04,21.55,5063300
2021-11-22 19:00:00-05:00,21.59,21.69,21.16,21.27,3216500
2021-11-23 19:00:00-05:00,21.15,21.19,20.84,21.11,3733800
2021-11-25 19:00:00-05:00,20.60,20.79,20.35,20.60,2945500
2021-11-28 19:00:00-05:00,20.84,21.11,20.50,20.95,5203600
2021-11-29 19:00:00-05:00,20.75,21.06,20.54,20.76,8332275
2021-11-30 19:00:00-05:00,21.18,21.27,20.25,20.25,4515500
2021-12-01 19:00:00-05:00,20.36,20.92,20.31,20.84,3421500
2021-12-02 19:00:00-05:00,20.82,20.92,20.60,20.90,2888600
2021-12-05 19:00:00-05:00,20.85,21.16,20.79,21.02,2811000
2021-12-06 19:00:00-05:00,21.22,21.42,20.92,21.12,4505600
2021-12-07 19:00:00-05:00,21.13,21.53,21.06,21.29,3543000
2021-12-08 19:00:00-05:00,21.07,21.33,20.85,20.91,2532400
2021-12-09 19:00:00-05:00,21.04,21.64,20.71,20.99,3297200
2021-12-12 19:00:00-05:00,21.00,21.05,20.49,20.60,2755500
2021-12-13 19:00:00-05:00,20.55,20.63,20.13,20.18,2866500
2021-12-14 19:00:00-05:00,20.22,20.48,20.04,20.41,3584600
2021-12-15 19:00:00-05:00,20.55,20.87,20.50,20.51,2978400
2021-12-16 19:00:00-05:00,20.52,20.58,20.17,20.44,4780500
2021-12-19 19:00:00-05:00,20.14,20.22,19.76,20.05,1797400
2021-12-20 19:00:00-05:00,20.15,20.86,20.13,20.84,2169200
2021-12-21 19:00:00-05:00,20.81,21.09,20.79,20.92,2004200
2021-12-22 19:00:00-05:00,20.97,21.55,20.97,21.44,2272800
2021-12-26 19:00:00-05:00,21.27,21.81,21.26,21.68,3021900
2021-12-27 19:00:00-05:00,21.65,21.92,21.59,21.76,1646000
2021-12-28 19:00:00-05:00,21.76,21.90,21.64,21.67,2627500
2021-12-29 19:00:00-05:00,21.69,21.89,21.57,21.61,2369000
2021-12-30 19:00:00-05:00,21.53,21.71,21.40,21.42,2593600
2022-01-02 19:00:00-05:00,21.49,22.05,21.46,21.87,3115000
2022-01-03 19:00:00-05:00,22.05,22.18,21.63,21.69,2880700
2022-01-04 19:00:00-05:00,21.80,22.05,20.93,20.96,3754300
2022-01-05 19:00:00-05:00,21.12,21.77,21.07,21.64,3241300
2022-01-06 19:00:00-05:00,21.63,21.88,21.57,21.61,3066300
2022-01-09 19:00:00-05:00,21.55,21.89,21.01,21.35,3082900
2022-01-10 19:00:00-05:00,21.43,21.57,21.22,21.56,2077500
2022-01-11 19:00:00-05:00,21.63,21.84,21.48,21.71,1509300
2022-01-12 19:00:00-05:00,21.76,22.28,21.68,22.05,2332000
2022-01-13 19:00:00-05:00,21.89,22.02,21.48,21.82,2564100
2022-01-17 19:00:00-05:00,21.69,21.74,21.10,21.31,2557200
2022-01-18 19:00:00-05:00,21.42,21.48,21.15,21.16,1796600
2022-01-19 19:00:00-05:00,20.87,21.56,20.83,20.89,2261100
2022-01-20 19:00:00-05:00,20.71,20.99,20.45,20.59,3013300
2022-01-23 19:00:00-05:00,20.41,21.16,20.03,21.13,4331500
2022-01-24 19:00:00-05:00,20.86,20.96,20.33,20.82,3314200
2022-01-25 19:00:00-05:00,20.96,21.27,20.32,20.51,2762100
2022-01-26 19:00:00-05:00,20.62,20.83,20.19,20.24,2885300
2022-01-27 19:00:00-05:00,20.15,20.92,20.08,20.90,2912500
2022-01-30 19:00:00-05:00,20.87,21.39,20.76,21.36,3730100
2022-01-31 19:00:00-05:00,21.34,21.58,21.14,21.38,3434700
2022-02-01 19:00:00-05:00,20.94,21.57,20.94,21.48,3302300
2022-02-02 19:00:00-05:00,21.35,21.83,21.35,21.56,4287900
2022-02-03 19:00:00-05:00,22.18,22.79,20.98,21.61,5636400
2022-02-06 19:00:00-05:00,21.68,22.04,21.48,21.56,3986200
2022-02-07 19:00:00-05:00,21.65,22.20,21.56,21.94,3923000
2022-02-08 19:00:00-05:00,22.27,22.60,22.22,22.53,3481400
2022-02-09 19:00:00-05:00,22.37,22.73,22.16,22.27,3192000
2022-02-10 19:00:00-05:00,22.21,22.41,21.68,21.75,3792800
2022-02-13 19:00:00-05:00,21.79,21.89,21.27,21.40,3279500
2022-02-14 19:00:00-05:00,21.78,22.28,21.68,22.22,3364100
2022-02-15 19:00:00-05:00,22.03,22.76,21.78,22.74,3532500
2022-02-16 19:00:00-05:00,22.54,22.63,21.79,21.86,2518800
2022-02-17 19:00:00-05:00,21.66,21.85,21.16,21.27,2985000
2022-02-21 19:00:00-05:00,21.18,21.31,20.91,21.01,2629600
2022-02-22 19:00:00-05:00,21.18,21.29,20.46,20.52,2026300
2022-02-23 19:00:00-05:00,20.00,20.76,19.71,20.71,2990700
2022-02-24 19:00:00-05:00,20.87,21.41,20.57,21.40,4092800
2022-02-27 19:00:00-05:00,21.25,21.57,21.00,21.43,3259100
2022-02-28 19:00:00-05:00,21.32,21.49,20.44,20.69,5102700
2022-03-01 19:00:00-05:00,20.86,21.72,20.73,21.64,3082900
2022-03-02 19:00:00-05:00,21.66,21.72,20.83,20.91,1807200
2022-03-03 19:00:00-05:00,20.70,20.70,20.21,20.38,3652500
2022-03-06 19:00:00-05:00,20.31,20.36,19.45,19.47,3009500
2022-03-07 19:00:00-05:00,19.41,20.12,19.25,19.52,3163500
2022-03-08 19:00:00-05:00,20.02,20.56,19.97,20.29,2999700
2022-03-09 19:00:00-05:00,20.03,20.25,19.86,20.15,2772900
2022-03-10 19:00:00-05:00,20.69,20.89,20.12,20.13,3937500
2022-03-13 20:00:00-04:00,20.21,20.44,20.06,20.27,4820300
2022-03-14 20:00:00-04:00,20.44,20.70,20.13,20.36,2326100
2022-03-15 20:00:00-04:00,20.66,21.06,20.37,20.87,4323200
2022-03-16 20:00:00-04:00,20.85,21.68,20.68,21.63,3131800
2022-03-17 20:00:00-04:00,21.54,21.62,21.29,21.36,5266700
2022-03-20 20:00:00-04:00,21.49,21.72,21.03,21.23,1727000
2022-03-21 20:00:00-04:00,21.26,21.64,21.22,21.46,2608700
2022-03-22 20:00:00-04:00,21.27,21.34,21.10,21.15,1836700
2022-03-23 20:00:00-04:00,21.25,21.77,20.85,21.76,2305400
2022-03-24 20:00:00-04:00,21.83,22.02,21.65,21.79,1630400
2022-03-27 20:00:00-04:00,21.78,21.84,21.56,21.72,1184900
2022-03-28 20:00:00-04:00,22.01,22.23,21.97,22.15,1505300
2022-03-29 20:00:00-04:00,22.04,22.26,21.88,21.97,1446100
2022-03-30 20:00:00-04:00,21.85,21.93,21.35,21.37,2707900
2022-03-31 20:00:00-04:00,21.51,21.63,21.05,21.16,1609800
2022-04-03 20:00:00-04:00,21.01,21.36,20.97,21.33,1592300
2022-04-04 20:00:00-04:00,21.22,21.35,21.01,21.23,1931800
2022-04-05 20:00:00-04:00,21.02,21.11,20.67,20.91,2584200
2022-04-06 20:00:00-04:00,20.80,20.91,20.19,20.55,2221700
2022-04-07 20:00:00-04:00,20.50,20.76,20.26,20.59,1568600
2022-04-10 20:00:00-04:00,20.40,20.73,20.31,20.36,2195100
2022-04-11 20:00:00-04:00,20.47,20.73,20.08,20.22,2562800
2022-04-12 20:00:00-04:00,20.22,20.90,20.03,20.87,2358800
2022-04-13 20:00:00-04:00,20.92,21.06,20.32,20.43,2699500
2022-04-17 20:00:00-04:00,20.41,20.59,20.22,20.44,1769700
2022-04-18 20:00:00-04:00,20.48,21.02,20.37,20.97,2199700
2022-04-19 20:00:00-04:00,21.05,21.23,20.73,21.10,3122600
2022-04-20 20:00:00-04:00,21.28,21.42,20.57,20.60,1997100
2022-04-21 20:00:00-04:00,20.48,20.57,20.01,20.13,2423400
2022-04-24 20:00:00-04:00,20.03,20.18,19.60,20.15,2756400
2022-04-25 20:00:00-04:00,19.91,19.97,19.35,19.35,1906100
2022-04-26 20:00:00-04:00,19.26,19.64,19.21,19.55,2536700
2022-04-27 20:00:00-04:00,19.62,19.81,19.33,19.70,1872900
2022-04-28 20:00:00-04:00,19.60,19.83,19.14,19.16,2537700
2022-05-01 20:00:00-04:00,19.23,19.60,19.07,19.51,2881800
2022-05-02 20:00:00-04:00,19.58,19.70,19.21,19.50,3285400
2022-05-03 20:00:00-04:00,19.50,20.17,19.43,20.12,2381600
2022-05-04 20:00:00-04:00,20.02,20.07,18.72,19.04,3161000
2022-05-05 20:00:00-04:00,18.46,18.54,15.96,16.51,7510500
2022-05-08 20:00:00-04:00,16.32,17.02,16.32,16.89,6307700
2022-05-09 20:00:00-04:00,16.98,17.37,16.60,16.95,5591500
2022-05-10 20:00:00-04:00,16.82,17.33,16.28,16.31,5200600
2022-05-11 20:00:00-04:00,16.10,16.78,16.08,16.77,6613300
2022-05-12 20:00:00-04:00,16.89,17.33,16.72,17.21,3456400
2022-05-15 20:00:00-04:00,17.20,17.27,16.87,17.01,2717100
2022-05-16 20:00:00-04:00,17.38,17.73,17.38,17.62,3726200
2022-05-17 20:00:00-04:00,17.39,17.75,16.81,16.87,3229900
2022-05-18 20:00:00-04:00,16.74,17.09,16.65,16.89,4818400
2022-05-19 20:00:00-04:00,17.05,17.26,16.61,16.99,4727300
2022-05-22 20:00:00-04:00,17.23,17.27,16.69,16.81,3395500
2022-05-23 20:00:00-04:00,16.61,16.61,15.80,15.97,4137800
2022-05-24 20:00:00-04:00,15.92,16.40,15.80,16.26,2626100
2022-05-25 20:00:00-04:00,16.35,16.67,16.29,16.62,3346800
2022-05-26 20:00:00-04:00,16.73,17.06,16.65,17.06,1947300
2022-05-30 20:00:00-04:00,16.80,16.92,16.55,16.79,4435800
2022-05-31 20:00:00-04:00,16.87,17.01,16.32,16.61,4350500
2022-06-01 20:00:00-04:00,16.65,17.16,16.65,17.09,2112200
2022-06-02 20:00:00-04:00,16.84,16.89,16.41,16.60,1895200
2022-06-05 20:00:00-04:00,16.78,16.83,16.56,16.77,2115300
2022-06-06 20:00:00-04:00,16.45,16.99,16.39,16.95,2780900
2022-06-07 20:00:00-04:00,16.77,16.99,16.56,16.61,2401100
2022-06-08 20:00:00-04:00,16.62,16.65,16.26,16.27,2703800
2022-06-09 20:00:00-04:00,15.94,16.07,15.79,15.99,4140000
2022-06-12 20:00:00-04:00,15.52,15.63,15.05,15.12,3738100
2022-06-13 20:00:00-04:00,15.15,15.24,14.79,15.00,3712400
2022-06-14 20:00:00-04:00,15.22,15.28,14.80,14.99,4649200
2022-06-15 20:00:00-04:00,14.66,14.92,14.47,14.88,3580200
2022-06-16 20:00:00-04:00,14.96,15.24,14.89,14.96,6601700
2022-06-20 20:00:00-04:00,15.18,15.30,14.67,14.69,4288500
2022-06-21 20:00:00-04:00,14.56,14.72,14.43,14.57,4453000
2022-06-22 20:00:00-04:00,14.60,14.73,14.42,14.70,3601400
2022-06-23 20:00:00-04:00,14.84,15.34,14.82,15.23,5878700
2022-06-26 20:00:00-04:00,15.31,15.39,15.06,15.19,3349100
2022-06-27 20:00:00-04:00,15.27,15.55,14.94,14.95,3582900
2022-06-28 20:00:00-04:00,14.79,14.96,14.64,14.78,2784900
2022-06-29 20:00:00-04:00,14.63,15.19,14.57,15.03,4100400
2022-06-30 20:00:00-04:00,15.00,15.25,14.88,15.20,2006900
2022-07-04 20:00:00-04:00,14.89,15.10,14.64,15.08,2130200
2022-07-05 20:00:00-04:00,15.19,15.31,14.89,15.03,1883200
2022-07-06 20:00:00-04:00,15.16,15.33,15.11,15.28,2568600
2022-07-07 20:00:00-04:00,15.24,15.38,15.13,15.20,1459500
2022-07-10 20:00:00-04:00,14.97,15.05,14.80,14.86,1318100
2022-07-11 20:00:00-04:00,14.85,15.28,14.85,15.10,1476000
2022-07-12 20:00:00-04:00,14.84,15.04,14.58,14.95,1631300
2022-07-13 20:00:00-04:00,14.65,14.81,14.61,14.70,1452300
2022-07-14 20:00:00-04:00,14.96,15.19,14.78,15.18,2103300
2022-07-17 20:00:00-04:00,15.24,15.40,15.10,15.16,2435500
2022-07-18 20:00:00-04:00,15.41,15.79,15.28,15.74,1750100
2022-07-19 20:00:00-04:00,15.72,16.23,15.71,16.04,2328000
2022-07-20 20:00:00-04:00,16.01,16.25,15.87,16.24,2575300
2022-07-21 20:00:00-04:00,16.19,16.35,16.07,16.29,2297000
2022-07-24 20:00:00-04:00,16.31,16.56,16.18,16.31,2852600
2022-07-25 20:00:00-04:00,16.14,16.32,15.99,16.11,2340900
2022-07-26 20:00:00-04:00,16.15,16.51,16.09,16.45,3088000
2022-07-27 20:00:00-04:00,16.29,16.56,16.05,16.50,2401400
2022-07-28 20:00:00-04:00,16.43,16.69,16.31,16.54,2205900
2022-07-31 20:00:00-04:00,16.42,16.69,16.21,16.53,1428600
2022-08-01 20:00:00-04:00,16.45,16.57,16.32,16.40,1528900
2022-08-02 20:00:00-04:00,16.46,16.93,16.39,16.89,2222200
2022-08-03 20:00:00-04:00,16.80,16.94,16.65,16.77,1698200
2022-08-04 20:00:00-04:00,16.47,16.53,16.25,16.41,4076000
2022-08-07 20:00:00-04:00,16.48,17.02,16.41,16.76,4028400
2022-08-08 20:00:00-04:00,18.20,19.86,17.52,17.63,5158900
2022-08-09 20:00:00-04:00,17.76,17.89,17.54,17.80,3708700
2022-08-10 20:00:00-04:00,17.80,18.12,17.78,18.01,2768500
2022-08-11 20:00:00-04:00,18.06,18.23,17.98,18.17,2190000
2022-08-14 20:00:00-04:00,18.17,18.25,17.80,17.84,3705800
2022-08-15 20:00:00-04:00,17.70,18.15,17.70,17.94,2371000
2022-08-16 20:00:00-04:00,17.80,17.83,17.55,17.69,1877600
2022-08-17 20:00:00-04:00,17.61,17.71,17.36,17.64,1660100
2022-08-18 20:00:00-04:00,17.51,17.56,17.21,17.27,1677900
2022-08-21 20:00:00-04:00,17.00,17.16,16.82,16.84,1629500
2022-08-22 20:00:00-04:00,16.84,17.02,16.66,16.70,1400900
2022-08-23 20:00:00-04:00,16.79,16.94,16.64,16.87,1629300
2022-08-24 20:00:00-04:00,16.89,17.14,16.89,17.11,1360300
2022-08-25 20:00:00-04:00,17.15,17.31,16.74,16.74,2770100
2022-08-28 20:00:00-04:00,16.69,16.80,16.58,16.68,1374100
2022-08-29 20:00:00-04:00,16.71,16.73,16.41,16.50,2532800
2022-08-30 20:00:00-04:00,16.57,16.72,16.32,16.33,2932600
2022-08-31 20:00:00-04:00,16.19,16.33,16.11,16.33,2243000
2022-09-01 20:00:00-04:00,16.43,16.71,16.29,16.36,2127000
2022-09-05 20:00:00-04:00,16.44,16.47,15.84,15.87,2760700
2022-09-06 20:00:00-04:00,15.87,16.28,15.78,16.23,1994100
2022-09-07 20:00:00-04:00,16.05,16.34,15.92,16.21,2062300
2022-09-08 20:00:00-04:00,16.28,16.89,16.28,16.86,2124100
2022-09-11 20:00:00-04:00,16.96,17.21,16.96,16.99,1835500
2022-09-12 20:00:00-04:00,16.60,16.89,16.27,16.33,2417900
2022-09-13 20:00:00-04:00,16.38,16.42,16.07,16.36,1756300
2022-09-14 20:00:00-04:00,16.36,16.89,16.36,16.63,2793800
2022-09-15 20:00:00-04:00,16.56,16.56,15.85,16.04,4057000
2022-09-18 20:00:00-04:00,15.87,16.19,15.84,16.05,1531700
2022-09-19 20:00:00-04:00,15.91,16.19,15.88,15.97,1900100
2022-09-20 20:00:00-04:00,16.11,16.17,15.52,15.54,2455300
2022-09-21 20:00:00-04:00,15.47,15.56,15.21,15.23,2242300
2022-09-22 20:00:00-04:00,15.14,15.23,14.73,14.88,2288700
2022-09-25 20:00:00-04:00,14.76,14.99,14.58,14.59,3913900
2022-09-26 20:00:00-04:00,14.64,14.90,14.46,14.51,2064800
2022-09-27 20:00:00-04:00,14.56,15.02,14.54,14.92,1897600
2022-09-28 20:00:00-04:00,14.63,14.79,14.43,14.60,2148600
2022-09-29 20:00:00-04:00,14.68,14.96,14.56,14.66,3899800
2022-10-02 20:00:00-04:00,14.90,15.22,14.77,15.17,2271400
2022-10-03 20:00:00-04:00,15.35,15.91,15.35,15.89,3629000
2022-10-04 20:00:00-04:00,15.57,15.78,15.49,15.66,1897800
2022-10-05 20:00:00-04:00,15.87,15.87,15.38,15.41,1460100
2022-10-06 20:00:00-04:00,15.28,15.35,15.00,15.09,1527800
2022-10-09 20:00:00-04:00,15.20,15.27,14.93,15.05,1222700
2022-10-10 20:00:00-04:00,14.90,15.28,14.77,15.00,2927800
2022-10-11 20:00:00-04:00,15.00,15.14,14.85,15.06,2001000
2022-10-12 20:00:00-04:00,14.79,15.52,14.60,15.47,2654900
2022-10-13 20:00:00-04:00,15.56,15.71,15.10,15.14,3080200
2022-10-16 20:00:00-04:00,15.77,16.33,15.64,15.65,8113400
2022-10-17 20:00:00-04:00,15.96,16.24,15.58,15.77,4179300
2022-10-18 20:00:00-04:00,15.92,16.26,15.88,16.10,4304700
2022-10-19 20:00:00-04:00,16.06,16.40,15.90,16.20,3862600
2022-10-20 20:00:00-04:00,16.17,16.71,16.02,16.69,4028400
2022-10-23 20:00:00-04:00,16.85,16.85,16.21,16.42,4399600
2022-10-24 20:00:00-04:00,16.49,16.73,16.42,16.66,3563700
2022-10-25 20:00:00-04:00,16.66,16.85,16.48,16.50,2937400
2022-10-26 20:00:00-04:00,16.61,16.71,16.20,16.24,2415300
2022-10-27 20:00:00-04:00,16.28,16.48,16.06,16.41,2929600
2022-10-30 20:00:00-04:00,16.41,16.46,16.27,16.37,3698400
2022-10-31 20:00:00-04:00,16.55,16.91,16.40,16.49,2430000
2022-11-01 20:00:00-04:00,16.34,16.48,15.92,15.98,3178600
2022-11-02 20:00:00-04:00,15.74,16.14,15.51,15.97,4055100
2022-11-03 20:00:00-04:00,16.20,16.21,15.66,16.19,2858100
2022-11-06 19:00:00-05:00,16.28,16.40,15.91,16.22,3790700
2022-11-07 19:00:00-05:00,16.29,16.79,16.17,16.58,3886900
2022-11-08 19:00:00-05:00,14.60,15.96,14.56,15.68,6692100
2022-11-09 19:00:00-05:00,16.25,16.88,16.01,16.79,5283000
2022-11-10 19:00:00-05:00,17.01,17.53,16.93,17.53,3456300
2022-11-13 19:00:00-05:00,17.43,17.90,17.31,17.64,3532100
2022-11-14 19:00:00-05:00,17.69,17.93,17.40,17.61,2191400
2022-11-15 19:00:00-05:00,17.54,17.58,17.29,17.38,2023900
2022-11-16 19:00:00-05:00,17.09,17.52,17.01,17.41,2002000
2022-11-17 19:00:00-05:00,17.66,17.67,17.20,17.30,2625000
2022-11-20 19:00:00-05:00,17.09,17.25,16.85,16.96,2455400
2022-11-21 19:00:00-05:00,17.01,17.32,16.89,17.30,1761200
2022-11-22 19:00:00-05:00,17.36,17.85,17.24,17.69,2091900
2022-11-24 19:00:00-05:00,17.63,17.93,17.55,17.76,1234300
2022-11-27 19:00:00-05:00,17.57,18.06,17.57,17.65,3510100
2022-11-28 19:00:00-05:00,17.67,18.07,17.56,18.01,2921100
2022-11-29 19:00:00-05:00,17.95,18.68,17.92,18.58,4878800
2022-11-30 19:00:00-05:00,18.52,18.79,18.46,18.59,2798600
2022-12-01 19:00:00-05:00,18.42,18.60,18.32,18.55,1671200
2022-12-04 19:00:00-05:00,18.46,18.51,18.15,18.17,1516700
2022-12-05 19:00:00-05:00,18.18,18.25,17.82,17.93,1880500
2022-12-06 19:00:00-05:00,17.90,17.93,17.53,17.66,2030900
2022-12-07 19:00:00-05:00,17.75,17.88,17.57,17.61,2257900
2022-12-08 19:00:00-05:00,17.61,17.67,17.46,17.52,1586000
2022-12-11 19:00:00-05:00,17.48,17.66,17.32,17.65,2185300
2022-12-12 19:00:00-05:00,18.18,18.39,17.90,18.15,2826500
2022-12-13 19:00:00-05:00,18.02,18.32,17.83,18.13,2329700
2022-12-14 19:00:00-05:00,17.83,18.02,17.21,17.25,2159400
2022-12-15 19:00:00-05:00,17.18,17.38,17.05,17.30,3888100
2022-12-18 19:00:00-05:00,17.25,17.30,16.81,16.91,2023700
2022-12-19 19:00:00-05:00,16.93,17.04,16.74,16.99,2486800
2022-12-20 19:00:00-05:00,17.13,17.33,16.99,17.20,1862500
2022-12-21 19:00:00-05:00,17.03,17.31,16.91,17.28,1585800
2022-12-22 19:00:00-05:00,17.64,17.99,17.38,17.77,3703900
2022-12-26 19:00:00-05:00,17.77,17.91,17.56,17.74,1506600
2022-12-27 19:00:00-05:00,17.71,17.85,17.41,17.42,1646100
2022-12-28 19:00:00-05:00,17.50,17.82,17.46,17.68,1461000
2022-12-29 19:00:00-05:00,17.50,17.67,17.42,17.66,1859900
2023-01-02 19:00:00-05:00,17.83,18.00,17.54,17.76,1859200
2023-01-03 19:00:00-05:00,17.98,18.45,17.81,18.42,2519200
2023-01-04 19:00:00-05:00,18.33,18.36,18.00,18.13,1439000
2023-01-05 19:00:00-05:00,18.35,18.51,18.08,18.44,1699300
2023-01-08 19:00:00-05:00,18.53,18.78,18.42,18.51,1504300
2023-01-09 19:00:00-05:00,18.48,18.83,18.33,18.82,1419100
2023-01-10 19:00:00-05:00,18.82,18.87,18.46,18.74,2293500
2023-01-11 19:00:00-05:00,18.77,18.87,18.62,18.78,1658200
2023-01-12 19:00:00-05:00,18.57,18.89,18.56,18.88,1605600
2023-01-16 19:00:00-05:00,18.85,18.93,18.60,18.70,1824600
2023-01-17 19:00:00-05:00,18.77,18.83,18.24,18.31,2078400
2023-01-18 19:00:00-05:00,18.18,18.24,17.96,18.16,1806700
2023-01-19 19:00:00-05:00,18.21,18.73,18.09,18.69,1807700
2023-01-22 19:00:00-05:00,18.73,18.99,18.60,18.97,1272900
2023-01-23 19:00:00-05:00,18.90,18.98,18.70,18.95,1489900
2023-01-24 19:00:00-05:00,19.90,20.65,19.82,20.03,8332275
2023-01-25 19:00:00-05:00,20.02,20.20,19.76,20.11,3052500
2023-01-26 19:00:00-05:00,20.09,20.16,19.84,19.91,2873400
2023-01-29 19:00:00-05:00,19.69,19.82,19.46,19.57,3404000
2023-01-30 19:00:00-05:00,19.56,19.69,19.50,19.66,2798000
2023-01-31 19:00:00-05:00,19.66,20.14,19.31,20.11,3252800
2023-02-01 19:00:00-05:00,20.32,21.05,20.26,20.83,3026000
2023-02-02 19:00:00-05:00,20.58,20.78,20.39,20.54,2510600
2023-02-05 19:00:00-05:00,20.34,20.42,19.98,20.15,2127800
2023-02-06 19:00:00-05:00,20.08,20.39,19.90,20.29,1771900
2023-02-07 19:00:00-05:00,20.17,20.55,20.13,20.26,2228800
2023-02-08 19:00:00-05:00,20.47,20.47,19.93,19.98,2655300
2023-02-09 19:00:00-05:00,19.07,19.16,18.06,18.11,8312600
2023-02-12 19:00:00-05:00,18.08,18.42,17.94,18.31,3645300
2023-02-13 19:00:00-05:00,18.22,18.35,17.95,18.26,2986600
2023-02-14 19:00:00-05:00,18.18,18.59,18.10,18.57,2801800
2023-02-15 19:00:00-05:00,18.31,18.50,18.13,18.15,2459100
2023-02-16 19:00:00-05:00,18.13,18.45,17.99,18.44,2682700
2023-02-20 19:00:00-05:00,18.19,18.32,17.70,17.72,2353700
2023-02-21 19:00:00-05:00,17.27,17.35,16.82,17.16,4609700
2023-02-22 19:00:00-05:00,17.11,17.20,16.82,16.98,2130100
2023-02-23 19:00:00-05:00,16.64,16.93,16.50,16.92,2722000
2023-02-26 19:00:00-05:00,17.03,17.03,16.74,16.76,2146000
2023-02-27 19:00:00-05:00,16.73,16.82,16.55,16.64,3739400
2023-02-28 19:00:00-05:00,16.51,16.58,16.34,16.42,2607100
2023-03-01 19:00:00-05:00,16.32,16.77,16.29,16.75,2123500
2023-03-02 19:00:00-05:00,16.82,16.85,16.62,16.75,2256700
2023-03-05 19:00:00-05:00,16.80,16.91,16.47,16.53,3163900
2023-03-06 19:00:00-05:00,16.52,16.62,16.33,16.36,2696200
2023-03-07 19:00:00-05:00,16.40,16.49,16.19,16.27,2907900
2023-03-08 19:00:00-05:00,16.27,16.34,15.79,15.81,3382300
2023-03-09 19:00:00-05:00,15.74,15.75,15.27,15.54,3741400
2023-03-12 20:00:00-04:00,15.45,15.45,15.12,15.14,3972700
2023-03-13 20:00:00-04:00,15.51,15.59,15.27,15.54,5555000
2023-03-14 20:00:00-04:00,15.27,15.56,15.23,15.55,3860000
2023-03-15 20:00:00-04:00,15.43,15.91,15.34,15.86,3160300
2023-03-16 20:00:00-04:00,15.79,15.82,15.54,15.54,4593400
2023-03-19 20:00:00-04:00,15.55,15.73,15.47,15.69,2186400
2023-03-20 20:00:00-04:00,15.90,15.99,15.79,15.83,3371400
2023-03-21 20:00:00-04:00,15.79,15.88,15.44,15.46,2495000
2023-03-22 20:00:00-04:00,15.53,15.91,15.53,15.80,6234800
2023-03-23 20:00:00-04:00,15.71,15.87,15.51,15.84,2939100
2023-03-26 20:00:00-04:00,16.02,16.18,15.97,16.10,3261100
2023-03-27 20:00:00-04:00,16.07,16.23,15.98,16.21,2194500
2023-03-28 20:00:00-04:00,16.39,16.57,16.31,16.53,1986600
2023-03-29 20:00:00-04:00,16.57,16.77,16.51,16.57,2254200
2023-03-30 20:00:00-04:00,16.64,16.89,16.58,16.87,2158700
2023-04-02 20:00:00-04:00,16.77,17.07,16.77,17.01,2854200
2023-04-03 20:00:00-04:00,17.09,17.25,16.82,16.92,3256100
2023-04-04 20:00:00-04:00,16.86,16.94,16.64,16.92,3128400
2023-04-05 20:00:00-04:00,16.87,16.96,16.73,16.87,1987100
2023-04-09 20:00:00-04:00,16.73,17.01,16.73,16.99,1380800
2023-04-10 20:00:00-04:00,17.00,17.25,16.99,17.19,1596800
2023-04-11 20:00:00-04:00,17.36,17.41,16.87,16.90,2766600
2023-04-12 20:00:00-04:00,16.88,17.26,16.88,17.21,2119800
2023-04-13 20:00:00-04:00,17.15,17.31,16.89,16.99,1367000
2023-04-16 20:00:00-04:00,16.95,17.04,16.77,16.92,2379600
2023-04-17 20:00:00-04:00,16.99,17.06,16.82,16.87,2857000
2023-04-18 20:00:00-04:00,16.76,17.09,16.66,16.99,2053200
2023-04-19 20:00:00-04:00,16.93,17.08,16.86,16.87,2164600
2023-04-20 20:00:00-04:00,16.92,16.98,16.80,16.88,1889200
2023-04-23 20:00:00-04:00,16.89,16.97,16.69,16.85,1288200
2023-04-24 20:00:00-04:00,16.67,16.71,16.40,16.51,2749400
2023-04-25 20:00:00-04:00,16.51,16.64,16.21,16.26,1739900
2023-04-26 20:00:00-04:00,16.37,16.77,16.20,16.75,1773800
2023-04-27 20:00:00-04:00,16.76,17.20,16.70,17.20,2754000
2023-04-30 20:00:00-04:00,17.11,17.25,16.93,16.96,1824000
2023-05-01 20:00:00-04:00,16.91,16.91,16.34,16.58,2267700
2023-05-02 20:00:00-04:00,16.65,16.87,16.62,16.63,1847000
2023-05-03 20:00:00-04:00,16.41,16.60,16.25,16.33,5698800
2023-05-04 20:00:00-04:00,16.53,16.78,16.43,16.72,1684000
2023-05-07 20:00:00-04:00,16.75,16.83,16.60,16.74,1127700
2023-05-08 20:00:00-04:00,16.70,16.70,16.46,16.53,2008500
2023-05-09 20:00:00-04:00,16.75,16.85,15.97,16.27,3342200
2023-05-10 20:00:00-04:00,16.22,16.40,16.02,16.35,3907300
2023-05-11 20:00:00-04:00,17.81,18.19,17.18,17.74,5659800
2023-05-14 20:00:00-04:00,17.88,18.39,17.82,18.33,4224400
2023-05-15 20:00:00-04:00,18.23,18.23,17.77,17.94,2721200
2023-05-16 20:00:00-04:00,18.09,18.30,17.81,18.28,2276900
2023-05-17 20:00:00-04:00,18.28,18.37,18.09,18.33,1714600
2023-05-18 20:00:00-04:00,18.40,18.40,18.08,18.15,1420100
2023-05-21 20:00:00-04:00,18.20,18.31,17.99,18.10,1772000
2023-05-22 20:00:00-04:00,17.99,18.18,17.93,17.94,1633800
2023-05-23 20:00:00-04:00,17.81,17.91,17.68,17.79,1625700
2023-05-24 20:00:00-04:00,17.79,18.00,17.72,17.80,2051900
2023-05-25 20:00:00-04:00,17.89,18.14,17.77,18.11,1754700
2023-05-29 20:00:00-04:00,18.25,18.38,18.18,18.34,1818800
2023-05-30 20:00:00-04:00,18.26,18.27,17.75,17.88,3598100
2023-05-31 20:00:00-04:00,17.99,18.26,17.81,18.25,2285300
2023-06-01 20:00:00-04:00,18.38,18.53,18.15,18.36,1902100
2023-06-04 20:00:00-04:00,18.32,18.43,18.16,18.19,2224400
2023-06-05 20:00:00-04:00,18.21,18.54,18.16,18.51,2168700
2023-06-06 20:00:00-04:00,18.55,19.01,18.48,18.98,4897000
2023-06-07 20:00:00-04:00,18.93,18.97,18.54,18.75,2363500
2023-06-08 20:00:00-04:00,18.78,18.81,18.58,18.76,1783400
2023-06-11 20:00:00-04:00,18.75,18.83,18.51,18.56,4302600
2023-06-12 20:00:00-04:00,18.60,19.06,18.60,18.96,2540700
2023-06-13 20:00:00-04:00,19.01,19.24,18.73,18.81,2181200
2023-06-14 20:00:00-04:00,18.80,19.12,18.73,19.05,2395400
2023-06-15 20:00:00-04:00,19.20,19.23,18.98,19.11,3909900
2023-06-19 20:00:00-04:00,18.95,19.05,18.63,18.64,1672000
2023-06-20 20:00:00-04:00,18.62,18.85,18.49,18.82,1668600
2023-06-21 20:00:00-04:00,18.78,18.82,18.37,18.40,1163600
2023-06-22 20:00:00-04:00,18.20,18.46,18.16,18.32,2228600
2023-06-25 20:00:00-04:00,18.38,18.56,18.31,18.50,1178000
2023-06-26 20:00:00-04:00,18.51,18.93,18.46,18.78,1286800
2023-06-27 20:00:00-04:00,18.75,19.11,18.74,19.07,1905500
2023-06-28 20:00:00-04:00,19.07,19.22,19.00,19.07,1172000
2023-06-29 20:00:00-04:00,19.26,19.27,19.02,19.04,1497500
2023-07-02 20:00:00-04:00,18.97,19.15,18.88,19.09,1123000
2023-07-04 20:00:00-04:00,18.95,19.07,18.75,19.04,2286700
2023-07-05 20:00:00-04:00,18.85,19.06,18.54,19.03,2412900
2023-07-06 20:00:00-04:00,18.99,19.41,18.96,19.25,2559100
2023-07-09 20:00:00-04:00,19.14,19.35,19.03,19.11,1791000
2023-07-10 20:00:00-04:00,19.22,19.46,19.02,19.45,1780100
2023-07-11 20:00:00-04:00,19.69,19.93,19.63,19.69,2168400
2023-07-12 20:00:00-04:00,19.81,19.88,19.72,19.86,1356700
2023-07-13 20:00:00-04:00,19.86,19.90,19.56,19.74,1308100
2023-07-16 20:00:00-04:00,19.71,19.99,19.57,19.92,1699300
2023-07-17 20:00:00-04:00,19.88,20.22,19.88,20.11,1893600
2023-07-18 20:00:00-04:00,20.07,20.09,19.64,19.68,2026400
2023-07-19 20:00:00-04:00,19.65,19.73,19.28,19.42,2424500
2023-07-20 20:00:00-04:00,19.49,19.50,19.15,19.19,2572300
2023-07-23 20:00:00-04:00,19.19,19.33,18.83,18.89,2365500
2023-07-24 20:00:00-04:00,18.85,18.96,18.73,18.84,2261800
2023-07-25 20:00:00-04:00,18.82,19.02,18.64,18.75,1495300
2023-07-26 20:00:00-04:00,19.00,19.09,18.75,18.82,2283400
2023-07-27 20:00:00-04:00,19.10,19.10,18.75,18.93,1772200
2023-07-30 20:00:00-04:00,18.93,19.42,18.92,19.36,3161700
2023-07-31 20:00:00-04:00,19.22,19.48,19.06,19.35,2204300
2023-08-01 20:00:00-04:00,19.24,19.27,18.94,19.20,1711000
2023-08-02 20:00:00-04:00,19.03,19.36,18.97,19.25,2695900
2023-08-03 20:00:00-04:00,19.24,19.80,19.22,19.42,2677600
2023-08-06 20:00:00-04:00,19.56,19.88,19.51,19.74,2840300
2023-08-07 20:00:00-04:00,19.61,19.91,19.53,19.90,3094400
2023-08-08 20:00:00-04:00,19.96,20.11,19.75,19.86,2709200
2023-08-09 20:00:00-04:00,19.99,20.13,19.65,19.84,4137600
2023-08-10 20:00:00-04:00,20.16,20.79,19.93,20.74,4758200
2023-08-13 20:00:00-04:00,20.73,21.14,20.57,21.11,3981100
2023-08-14 20:00:00-04:00,20.84,20.89,20.37,20.42,2861500
2023-08-15 20:00:00-04:00,20.48,21.03,20.45,20.62,3403000
2023-08-16 20:00:00-04:00,20.66,20.72,20.27,20.29,3340100
2023-08-17 20:00:00-04:00,20.20,20.36,20.13,20.27,1689100
2023-08-20 20:00:00-04:00,20.29,20.39,19.88,20.11,2032100
2023-08-21 20:00:00-04:00,20.09,20.38,20.07,20.18,2247200
2023-08-22 20:00:00-04:00,20.21,20.47,20.19,20.38,1977600
2023-08-23 20:00:00-04:00,20.30,20.57,20.16,20.16,1544600
2023-08-24 20:00:00-04:00,20.12,20.40,20.11,20.26,1886000
2023-08-27 20:00:00-04:00,20.30,20.58,20.30,20.40,1840500
2023-08-28 20:00:00-04:00,20.41,20.77,20.35,20.72,1871100
2023-08-29 20:00:00-04:00,20.70,20.90,20.67,20.83,2071000
2023-08-30 20:00:00-04:00,20.81,21.13,20.80,20.99,3099900
2023-08-31 20:00:00-04:00,20.99,21.04,20.67,20.78,1779100
2023-09-04 20:00:00-04:00,20.56,20.73,20.44,20.69,2051900
2023-09-05 20:00:00-04:00,20.68,20.82,20.52,20.71,2029000
2023-09-06 20:00:00-04:00,20.72,20.78,20.48,20.51,1962400
2023-09-07 20:00:00-04:00,20.60,20.75,20.54,20.57,2960200
2023-09-10 20:00:00-04:00,20.62,20.79,20.52,20.55,1769600
2023-09-11 20:00:00-04:00,20.45,20.67,20.31,20.43,2035900
2023-09-12 20:00:00-04:00,20.54,20.55,19.84,19.91,2106000
2023-09-13 20:00:00-04:00,20.07,20.18,19.93,20.13,2425600
2023-09-14 20:00:00-04:00,20.05,20.20,19.82,19.90,3698800
2023-09-17 20:00:00-04:00,19.92,19.97,19.51,19.55,2662100
2023-09-18 20:00:00-04:00,19.54,19.65,19.49,19.58,2421900
2023-09-19 20:00:00-04:00,19.63,19.68,19.28,19.30,1924400
2023-09-20 20:00:00-04:00,19.26,19.92,19.09,19.55,5569500
2023-09-21 20:00:00-04:00,19.58,19.67,19.21,19.31,2893900
2023-09-24 20:00:00-04:00,19.22,19.45,19.20,19.42,2867500
2023-09-25 20:00:00-04:00,19.23,19.42,19.21,19.22,2293900
2023-09-26 20:00:00-04:00,19.38,19.44,19.17,19.28,2329600
2023-09-27 20:00:00-04:00,19.25,19.69,19.25,19.61,2418600
2023-09-28 20:00:00-04:00,19.68,19.85,19.60,19.68,2545400
2023-10-01 20:00:00-04:00,19.67,19.79,19.55,19.63,2579900
2023-10-02 20:00:00-04:00,19.52,19.72,19.02,19.07,2795400
2023-10-03 20:00:00-04:00,19.10,19.47,18.89,19.45,2681300
2023-10-04 20:00:00-04:00,19.40,19.54,19.22,19.33,2270800
2023-10-05 20:00:00-04:00,19.31,19.98,19.27,19.78,2871400
2023-10-08 20:00:00-04:00,19.75,19.93,19.52,19.85,2309500
2023-10-09 20:00:00-04:00,19.86,20.27,19.72,20.25,2957500
2023-10-10 20:00:00-04:00,20.32,20.69,20.30,20.51,3939700
2023-10-11 20:00:00-04:00,20.54,20.68,20.22,20.42,2871800
2023-10-12 20:00:00-04:00,20.47,21.10,20.12,20.52,8201500
2023-10-15 20:00:00-04:00,20.79,21.53,20.73,21.48,7209900
2023-10-16 20:00:00-04:00,21.52,21.84,21.25,21.81,6778300
2023-10-17 20:00:00-04:00,21.74,21.90,21.47,21.48,4009000
2023-10-18 20:00:00-04:00,21.51,21.55,21.14,21.22,3956300
2023-10-19 20:00:00-04:00,21.26,21.30,20.62,20.81,3798000
2023-10-22 20:00:00-04:00,20.76,21.03,20.64,20.71,2743600
2023-10-23 20:00:00-04:00,20.80,21.21,20.78,21.06,2614600
2023-10-24 20:00:00-04:00,20.95,21.00,20.16,20.17,3149100
2023-10-25 20:00:00-04:00,20.16,20.31,20.04,20.12,3032200
2023-10-26 20:00:00-04:00,20.12,20.79,19.73,19.84,1917500
2023-10-29 20:00:00-04:00,20.20,20.25,19.95,20.23,2317300
2023-10-30 20:00:00-04:00,20.23,20.48,20.17,20.29,3041300
2023-10-31 20:00:00-04:00,20.34,20.41,20.12,20.39,2377600
2023-11-01 20:00:00-04:00,20.53,21.08,20.51,20.85,4933500
2023-11-02 20:00:00-04:00,21.07,21.53,21.07,21.52,5145200
2023-11-05 19:00:00-05:00,21.41,21.58,21.22,21.25,2915900
2023-11-06 19:00:00-05:00,21.23,21.30,20.99,21.03,3052600
2023-11-07 19:00:00-05:00,20.99,21.30,20.96,21.01,3273700
2023-11-08 19:00:00-05:00,21.07,21.19,20.72,20.89,4273300
2023-11-09 19:00:00-05:00,20.40,21.05,20.14,20.53,5597600
2023-11-12 19:00:00-05:00,20.41,20.43,19.97,20.07,3128000
2023-11-13 19:00:00-05:00,20.45,20.72,20.42,20.57,2819300
2023-11-14 19:00:00-05:00,20.58,20.90,20.46,20.49,2643500
2023-11-15 19:00:00-05:00,20.56,20.76,20.44,20.68,2710100
2023-11-16 19:00:00-05:00,20.78,20.81,20.52,20.64,2206400
2023-11-19 19:00:00-05:00,20.65,20.96,20.56,20.88,1625100
2023-11-20 19:00:00-05:00,20.85,21.06,20.72,21.05,2379400
2023-11-21 19:00:00-05:00,21.20,21.56,21.16,21.54,2391800
2023-11-23 19:00:00-05:00,21.60,21.67,21.44,21.60,1165100
2023-11-26 19:00:00-05:00,21.56,22.01,21.42,21.97,2943400
2023-11-27 19:00:00-05:00,21.97,22.13,21.84,21.91,3006700
2023-11-28 19:00:00-05:00,21.91,22.05,21.61,21.92,2686500
2023-11-29 19:00:00-05:00,21.87,21.91,21.48,21.63,4690400
2023-11-30 19:00:00-05:00,21.69,21.86,21.59,21.74,2173700
2023-12-03 19:00:00-05:00,21.65,22.08,21.59,21.65,2369500
2023-12-04 19:00:00-05:00,21.52,21.52,21.12,21.36,2831000
2023-12-05 19:00:00-05:00,21.47,21.59,21.32,21.38,2002200
2023-12-06 19:00:00-05:00,21.51,21.58,21.25,21.54,1691700
2023-12-07 19:00:00-05:00,21.51,21.68,21.30,21.53,1801500
2023-12-10 19:00:00-05:00,21.61,21.77,21.48,21.66,1467100
2023-12-11 19:00:00-05:00,21.73,21.78,21.44,21.59,2398100
2023-12-12 19:00:00-05:00,21.57,22.29,21.47,22.26,3430500
2023-12-13 19:00:00-05:00,22.54,23.02,22.49,22.86,3639400
2023-12-14 19:00:00-05:00,22.87,23.04,22.67,22.96,5849300
2023-12-17 19:00:00-05:00,22.96,23.03,22.77,22.91,2269800
2023-12-18 19:00:00-05:00,23.05,23.35,22.99,23.30,1787900
2023-12-19 19:00:00-05:00,23.31,23.46,22.94,22.98,2133300
2023-12-20 19:00:00-05:00,23.14,23.30,22.99,23.26,1542300
2023-12-21 19:00:00-05:00,23.37,23.45,23.22,23.35,1202000
2023-12-25 19:00:00-05:00,23.35,23.72,23.24,23.68,1126500
2023-12-26 19:00:00-05:00,23.69,24.13,23.52,23.96,1822400
2023-12-27 19:00:00-05:00,24.08,24.31,23.97,24.17,1750100
2023-12-28 19:00:00-05:00,24.05,24.35,24.03,24.09,2162500
2024-01-01 19:00:00-05:00,23.91,23.99,23.70,23.96,2018400
2024-01-02 19:00:00-05:00,23.79,24.06,23.58,23.85,2362000
2024-01-03 19:00:00-05:00,23.90,23.97,23.62,23.79,2735800
2024-01-04 19:00:00-05:00,23.81,24.20,23.81,23.97,3243900
2024-01-07 19:00:00-05:00,23.91,24.21,23.76,24.18,2095500
2024-01-08 19:00:00-05:00,23.93,24.11,23.79,23.80,1874100
2024-01-09 19:00:00-05:00,23.72,23.94,23.66,23.74,1604700
2024-01-10 19:00:00-05:00,23.75,23.82,23.45,23.77,2035800
2024-01-11 19:00:00-05:00,23.94,24.09,23.64,23.79,2882000
2024-01-15 19:00:00-05:00,23.67,23.78,23.12,23.31,2774100
2024-01-16 19:00:00-05:00,23.01,23.29,22.96,23.04,2460600
2024-01-17 19:00:00-05:00,23.04,23.23,22.85,23.14,2381800
2024-01-18 19:00:00-05:00,23.22,23.61,23.06,23.58,2277300
2024-01-21 19:00:00-05:00,23.68,23.87,23.59,23.80,2174200
2024-01-22 19:00:00-05:00,23.99,24.10,23.65,23.86,2439900
2024-01-23 19:00:00-05:00,24.11,24.30,24.03,24.17,2040600
2024-01-24 19:00:00-05:00,24.44,24.58,24.18,24.24,2664900
2024-01-25 19:00:00-05:00,24.26,24.49,24.26,24.28,1975500
2024-01-28 19:00:00-05:00,24.28,24.64,24.17,24.62,1860500
2024-01-29 19:00:00-05:00,24.53,24.60,24.19,24.34,3094200
2024-01-30 19:00:00-05:00,24.38,24.55,24.10,24.18,3373200
2024-01-31 19:00:00-05:00,24.23,24.32,23.86,24.31,2134300
2024-02-01 19:00:00-05:00,24.22,24.34,24.00,24.24,2296000
2024-02-04 19:00:00-05:00,24.01,24.16,23.65,23.70,5426700
2024-02-05 19:00:00-05:00,23.89,24.24,23.79,24.22,2339400
2024-02-06 19:00:00-05:00,24.22,24.29,23.28,23.82,5263700
2024-02-07 19:00:00-05:00,26.38,27.48,24.95,25.36,8332275
2024-02-08 19:00:00-05:00,25.45,25.70,25.22,25.55,4480000
2024-02-11 19:00:00-05:00,25.71,25.83,25.49,25.58,3202100
2024-02-12 19:00:00-05:00,25.39,25.39,24.94,25.28,3933800
2024-02-13 19:00:00-05:00,25.47,25.63,25.29,25.52,2709000
2024-02-14 19:00:00-05:00,25.56,26.19,25.50,26.00,2898500
2024-02-15 19:00:00-05:00,26.00,26.09,25.73,25.75,1712800
2024-02-19 19:00:00-05:00,25.68,25.90,25.66,25.76,3965000
2024-02-20 19:00:00-05:00,25.62,26.00,25.36,25.59,2653900
2024-02-21 19:00:00-05:00,25.80,26.04,25.61,26.01,2018900
2024-02-22 19:00:00-05:00,26.01,26.08,25.90,25.94,2088400
2024-02-25 19:00:00-05:00,25.94,25.97,25.70,25.87,2356600
2024-02-26 19:00:00-05:00,25.90,25.97,25.74,25.94,1678300
2024-02-27 19:00:00-05:00,25.88,25.99,25.74,25.84,1823400
2024-02-28 19:00:00-05:00,26.10,26.45,25.94,26.38,6586500
2024-02-29 19:00:00-05:00,26.38,26.38,25.74,25.84,3534800
2024-03-03 19:00:00-05:00,25.90,25.97,25.28,25.45,3327600
2024-03-04 19:00:00-05:00,25.26,25.46,25.02,25.39,2788900
2024-03-05 19:00:00-05:00,25.62,25.65,25.38,25.54,3096300
2024-03-06 19:00:00-05:00,25.58,25.87,25.51,25.65,2535200
2024-03-07 19:00:00-05:00,25.72,26.09,25.72,25.85,2395300
2024-03-10 20:00:00-04:00,25.92,26.69,25.63,25.98,4101100
2024-03-11 20:00:00-04:00,26.12,26.30,25.92,25.94,2561400
2024-03-12 20:00:00-04:00,25.97,26.07,25.80,25.96,2974600
2024-03-13 20:00:00-04:00,25.87,25.89,25.54,25.70,2612300
2024-03-14 20:00:00-04:00,25.57,25.92,25.09,25.13,6474600
2024-03-17 20:00:00-04:00,25.27,25.38,24.94,25.07,3165700
2024-03-18 20:00:00-04:00,25.10,25.42,24.96,25.35,2231000
2024-03-19 20:00:00-04:00,25.26,25.57,25.24,25.52,2442700
2024-03-20 20:00:00-04:00,25.57,25.86,25.57,25.82,2519500
2024-03-21 20:00:00-04:00,25.80,25.85,25.50,25.51,1741200
2024-03-24 20:00:00-04:00,25.59,25.73,25.46,25.64,2075700
2024-03-25 20:00:00-04:00,25.76,25.96,25.63,25.68,1926100
2024-03-26 20:00:00-04:00,25.85,26.08,25.66,25.90,2041100
2024-03-27 20:00:00-04:00,25.98,26.13,25.78,25.79,3432600
2024-03-31 20:00:00-04:00,25.80,25.82,25.27,25.42,2248700
2024-04-01 20:00:00-04:00,25.29,25.41,25.07,25.13,1875100
2024-04-02 20:00:00-04:00,25.13,25.38,24.94,25.36,2111300
2024-04-03 20:00:00-04:00,25.47,25.75,25.10,25.17,3311100
2024-04-04 20:00:00-04:00,25.16,25.42,25.12,25.28,2048700
2024-04-07 20:00:00-04:00,25.41,25.53,25.29,25.35,2429600
2024-04-08 20:00:00-04:00,25.47,25.57,25.02,25.13,2921400
2024-04-09 20:00:00-04:00,24.75,25.02,24.42,24.46,3853600
2024-04-10 20:00:00-04:00,24.50,24.66,24.40,24.55,2431200
2024-04-11 20:00:00-04:00,24.33,24.42,23.94,24.00,2335500
2024-04-14 20:00:00-04:00,24.21,24.38,23.83,23.92,2219500
2024-04-15 20:00:00-04:00,23.77,23.90,23.58,23.74,1540200
2024-04-16 20:00:00-04:00,23.95,24.00,23.78,23.79,1565400
2024-04-17 20:00:00-04:00,23.95,23.99,23.62,23.67,1358200
2024-04-18 20:00:00-04:00,23.67,23.75,23.59,23.66,1433500
2024-04-21 20:00:00-04:00,23.85,24.17,23.74,24.06,2059700
2024-04-22 20:00:00-04:00,24.11,24.36,24.11,24.24,1174700
2024-04-23 20:00:00-04:00,24.20,24.35,24.11,24.19,1804800
2024-04-24 20:00:00-04:00,24.02,24.15,23.63,23.85,2004100
2024-04-25 20:00:00-04:00,23.81,23.96,23.63,23.86,1725000
2024-04-28 20:00:00-04:00,23.98,24.15,23.80,23.82,1966600
2024-04-29 20:00:00-04:00,23.75,23.87,23.28,23.44,4483700
2024-04-30 20:00:00-04:00,23.35,23.74,23.34,23.48,2930600
2024-05-01 20:00:00-04:00,23.57,23.71,23.38,23.64,2906200
2024-05-02 20:00:00-04:00,23.81,24.16,23.81,24.10,2640700
2024-05-05 20:00:00-04:00,24.16,24.26,23.86,24.19,3297900
2024-05-06 20:00:00-04:00,24.42,24.46,23.94,24.05,4734300
2024-05-07 20:00:00-04:00,23.76,23.95,23.62,23.78,5445100
2024-05-08 20:00:00-04:00,22.80,24.55,22.31,24.41,8134400
2024-05-09 20:00:00-04:00,24.43,24.69,24.22,24.66,4267500
2024-05-12 20:00:00-04:00,24.81,25.18,24.71,25.08,3344600
2024-05-13 20:00:00-04:00,25.15,25.28,24.98,25.19,2860900
2024-05-14 20:00:00-04:00,25.37,25.67,25.29,25.60,2383700
2024-05-15 20:00:00-04:00,25.64,26.14,25.64,25.91,2772700
2024-05-16 20:00:00-04:00,26.01,26.01,25.73,25.90,1866500
2024-05-19 20:00:00-04:00,25.94,26.04,25.83,26.02,1707600
2024-05-20 20:00:00-04:00,25.98,26.06,25.78,25.90,1589800
2024-05-21 20:00:00-04:00,25.87,25.94,25.55,25.56,2728500
2024-05-22 20:00:00-04:00,26.11,26.26,25.44,25.49,2675200
2024-05-23 20:00:00-04:00,25.59,26.40,25.49,26.34,2080300
2024-05-27 20:00:00-04:00,26.37,26.54,26.15,26.23,3117200
2024-05-28 20:00:00-04:00,25.99,26.34,25.99,26.23,1887100
2024-05-29 20:00:00-04:00,26.30,26.56,26.12,26.52,1969300
2024-05-30 20:00:00-04:00,26.41,26.80,26.34,26.78,3787200
2024-06-02 20:00:00-04:00,26.98,27.06,26.68,26.88,1957600
2024-06-03 20:00:00-04:00,26.77,27.04,26.64,26.82,2512000
2024-06-04 20:00:00-04:00,26.85,27.50,26.75,27.47,2168800
2024-06-05 20:00:00-04:00,27.44,27.50,27.26,27.29,2340800
2024-06-06 20:00:00-04:00,27.20,27.20,26.71,26.78,3109300
2024-06-09 20:00:00-04:00,26.66,26.84,26.58,26.80,1412100
2024-06-10 20:00:00-04:00,26.68,27.04,26.68,26.94,1618000
2024-06-11 20:00:00-04:00,27.26,27.32,27.01,27.14,1338600
2024-06-12 20:00:00-04:00,27.04,27.04,26.60,26.78,1235400
2024-06-13 20:00:00-04:00,26.62,26.75,26.38,26.67,2442700
2024-06-16 20:00:00-04:00,26.67,26.67,26.34,26.46,1780500
2024-06-17 20:00:00-04:00,26.40,26.71,26.20,26.61,1988900
2024-06-19 20:00:00-04:00,26.52,26.81,26.44,26.50,1901300
2024-06-20 20:00:00-04:00,26.56,26.72,26.20,26.45,8332275
2024-06-23 20:00:00-04:00,26.56,27.12,26.52,27.10,2594000
2024-06-24 20:00:00-04:00,27.11,27.47,26.95,27.45,2369400
2024-06-25 20:00:00-04:00,27.45,27.57,27.27,27.45,1780800
2024-06-26 20:00:00-04:00,27.46,27.50,27.22,27.28,2004100
2024-06-27 20:00:00-04:00,27.25,27.52,27.00,27.16,4829000
2024-06-30 20:00:00-04:00,27.15,27.44,26.87,26.88,2042900
2024-07-01 20:00:00-04:00,26.75,27.24,26.68,27.22,2368200
2024-07-02 20:00:00-04:00,27.25,27.41,27.20,27.25,1063300
2024-07-04 20:00:00-04:00,27.20,27.24,26.98,27.07,1772500
2024-07-07 20:00:00-04:00,27.24,27.35,26.76,26.84,2556100
2024-07-08 20:00:00-04:00,26.80,27.46,26.66,27.30,3186700
2024-07-09 20:00:00-04:00,27.41,27.48,27.22,27.37,1674300
2024-07-10 20:00:00-04:00,27.53,27.61,27.39,27.42,2112500
2024-07-11 20:00:00-04:00,27.50,27.67,27.29,27.32,3380400
2024-07-14 20:00:00-04:00,27.32,27.51,27.12,27.29,2502100
2024-07-15 20:00:00-04:00,27.38,28.19,27.33,28.01,4387900
2024-07-16 20:00:00-04:00,27.95,28.06,27.45,27.57,3877800
2024-07-17 20:00:00-04:00,27.60,27.71,27.27,27.36,2286800
2024-07-18 20:00:00-04:00,27.35,27.43,26.84,26.96,3194900
2024-07-21 20:00:00-04:00,27.09,27.45,26.80,27.31,2333600
2024-07-22 20:00:00-04:00,27.28,27.78,27.17,27.68,2269500
2024-07-23 20:00:00-04:00,27.61,27.61,26.88,26.90,1793800
2024-07-24 20:00:00-04:00,27.03,27.24,26.74,26.74,2145500
2024-07-25 20:00:00-04:00,26.93,27.23,26.64,27.08,2205500
2024-07-28 20:00:00-04:00,27.29,27.38,27.14,27.28,1628200
2024-07-29 20:00:00-04:00,27.38,27.41,26.85,27.01,2345000
2024-07-30 20:00:00-04:00,27.25,27.33,27.06,27.17,3497400
2024-07-31 20:00:00-04:00,27.31,27.39,26.55,26.76,2663700
2024-08-01 20:00:00-04:00,26.36,26.57,25.60,25.91,3073700
2024-08-04 20:00:00-04:00,25.56,25.56,24.76,25.03,3575700
2024-08-05 20:00:00-04:00,25.15,25.77,25.03,25.67,5465500
2024-08-06 20:00:00-04:00,26.02,26.08,25.53,25.65,4195300
2024-08-07 20:00:00-04:00,25.74,26.54,25.61,26.38,4232500
2024-08-08 20:00:00-04:00,26.69,27.54,26.50,27.32,5104500
2024-08-11 20:00:00-04:00,27.22,27.41,26.65,26.70,2997000
2024-08-12 20:00:00-04:00,26.76,27.26,26.67,27.13,2644100
2024-08-13 20:00:00-04:00,27.08,27.19,26.88,26.91,1640900
2024-08-14 20:00:00-04:00,26.93,27.27,26.88,27.17,3741800
2024-08-15 20:00:00-04:00,27.04,27.22,26.94,26.99,2712300
2024-08-18 20:00:00-04:00,27.04,27.40,26.97,27.40,1597100
2024-08-19 20:00:00-04:00,27.40,27.51,26.84,26.98,1964800
2024-08-20 20:00:00-04:00,27.16,27.37,26.98,27.35,1443400
2024-08-21 20:00:00-04:00,27.50,27.51,27.28,27.42,1735800
2024-08-22 20:00:00-04:00,27.66,27.85,27.51,27.72,1350200
2024-08-25 20:00:00-04:00,27.79,28.03,27.57,27.60,1193100
2024-08-26 20:00:00-04:00,27.60,27.72,27.36,27.56,1304500
2024-08-27 20:00:00-04:00,27.56,28.05,27.55,27.66,1355700
2024-08-28 20:00:00-04:00,27.69,27.87,27.30,27.43,2895100
2024-08-29 20:00:00-04:00,27.55,27.94,27.53,27.91,2306300
2024-09-02 20:00:00-04:00,27.66,27.77,26.42,26.57,4278900
2024-09-03 20:00:00-04:00,26.53,27.19,26.49,26.73,2653800
2024-09-04 20:00:00-04:00,26.76,26.82,26.26,26.53,2248500
2024-09-05 20:00:00-04:00,26.60,26.77,26.06,26.17,2962300
2024-09-08 20:00:00-04:00,26.23,26.42,26.15,26.20,2069300
2024-09-09 20:00:00-04:00,26.32,26.38,25.71,25.98,3489400
2024-09-10 20:00:00-04:00,25.95,25.99,25.43,25.66,2311800
2024-09-11 20:00:00-04:00,25.62,25.76,25.45,25.67,2373100
2024-09-12 20:00:00-04:00,25.81,25.97,25.76,25.85,2025000
2024-09-15 20:00:00-04:00,25.85,25.89,25.59,25.80,2393000
2024-09-16 20:00:00-04:00,25.91,26.30,25.81,26.04,2374400
2024-09-17 20:00:00-04:00,26.08,26.57,26.04,26.15,2442600
2024-09-18 20:00:00-04:00,26.57,26.66,26.22,26.24,1803700
2024-09-19 20:00:00-04:00,26.23,26.30,25.75,26.04,7065700
2024-09-22 20:00:00-04:00,26.02,26.27,25.94,26.19,2016900
2024-09-23 20:00:00-04:00,26.19,26.41,26.14,26.41,1425100
2024-09-24 20:00:00-04:00,26.39,26.46,25.92,25.96,1623700
2024-09-25 20:00:00-04:00,26.14,26.24,25.99,26.08,1650100
2024-09-26 20:00:00-04:00,26.27,26.47,26.12,26.20,1488700
2024-09-29 20:00:00-04:00,26.21,26.42,25.99,26.33,3560900
2024-09-30 20:00:00-04:00,26.31,26.43,25.87,26.11,2631600
2024-10-01 20:00:00-04:00,25.78,26.19,25.78,25.90,1285400
2024-10-02 20:00:00-04:00,25.78,25.89,25.60,25.73,1571900
2024-10-03 20:00:00-04:00,25.94,26.15,25.71,25.85,1128000
2024-10-06 20:00:00-04:00,25.71,25.88,25.65,25.70,1648400
2024-10-07 20:00:00-04:00,25.76,25.79,25.26,25.62,2675800
2024-10-08 20:00:00-04:00,25.65,26.14,25.64,25.98,2105500
2024-10-09 20:00:00-04:00,25.95,26.02,25.37,25.39,2039100
2024-10-10 20:00:00-04:00,25.37,25.83,25.37,25.64,1859500
2024-10-13 20:00:00-04:00,25.70,25.82,25.49,25.75,1494400
2024-10-14 20:00:00-04:00,25.89,26.44,25.76,26.17,2688100
2024-10-15 20:00:00-04:00,26.25,26.32,26.06,26.07,1692800
2024-10-16 20:00:00-04:00,26.12,26.28,25.97,26.14,1364200
2024-10-17 20:00:00-04:00,26.19,26.21,25.99,26.03,2255000
2024-10-20 20:00:00-04:00,25.97,26.29,25.97,26.03,1261400
2024-10-21 20:00:00-04:00,25.98,26.13,25.70,25.82,1901900
2024-10-22 20:00:00-04:00,25.82,25.91,25.50,25.59,1733300
2024-10-23 20:00:00-04:00,25.61,25.77,25.51,25.66,1577000
2024-10-24 20:00:00-04:00,25.70,25.91,25.65,25.70,1479300
2024-10-27 20:00:00-04:00,25.93,26.33,25.74,26.21,3403100
2024-10-28 20:00:00-04:00,26.21,27.07,26.13,27.02,2787200
2024-10-29 20:00:00-04:00,26.99,27.43,26.95,26.97,1967900
2024-10-30 20:00:00-04:00,26.94,27.07,26.80,26.94,3615000
2024-10-31 20:00:00-04:00,26.90,27.12,26.75,27.01,2326700
2024-11-03 19:00:00-05:00,27.24,27.41,27.01,27.11,2279900
2024-11-04 19:00:00-05:00,27.00,27.64,27.00,27.54,2099100
2024-11-05 19:00:00-05:00,28.43,28.80,28.35,28.62,2234500
2024-11-06 19:00:00-05:00,28.67,29.01,28.61,28.83,3088200
2024-11-07 19:00:00-05:00,28.54,29.70,28.20,29.19,4388300
2024-11-10 19:00:00-05:00,29.19,29.65,28.85,28.90,3637900
2024-11-11 19:00:00-05:00,28.92,29.18,28.77,29.00,3800700
2024-11-12 19:00:00-05:00,29.17,29.25,28.52,28.53,2241700
2024-11-13 19:00:00-05:00,28.34,28.83,28.22,28.78,3439900
2024-11-14 19:00:00-05:00,28.71,29.02,28.29,28.30,3945500
2024-11-17 19:00:00-05:00,28.33,28.56,28.19,28.29,3044100
2024-11-18 19:00:00-05:00,27.90,28.52,27.90,28.48,3528200
2024-11-19 19:00:00-05:00,28.50,28.88,28.41,28.82,3981400
2024-11-20 19:00:00-05:00,28.92,29.29,28.40,29.21,3105400
2024-11-21 19:00:00-05:00,29.20,29.56,29.12,29.16,3412000
2024-11-24 19:00:00-05:00,29.22,29.34,29.06,29.13,4575400
2024-11-25 19:00:00-05:00,29.04,29.19,28.86,28.95,1616800
2024-11-26 19:00:00-05:00,28.97,29.08,28.68,28.72,1808600
2024-11-28 19:00:00-05:00,28.66,29.14,28.66,29.02,1509000
2024-12-01 19:00:00-05:00,28.91,29.22,28.82,29.12,3694200
2024-12-02 19:00:00-05:00,29.24,29.61,29.05,29.52,2582000
2024-12-03 19:00:00-05:00,29.52,29.61,29.23,29.32,2267400
2024-12-04 19:00:00-05:00,29.17,29.51,29.15,29.19,2404300
2024-12-05 19:00:00-05:00,29.05,29.16,28.88,29.02,1389400
2024-12-08 19:00:00-05:00,29.01,29.23,28.93,29.05,1714100
2024-12-09 19:00:00-05:00,29.08,29.12,28.68,28.73,2233100
2024-12-10 19:00:00-05:00,28.89,29.05,28.61,28.74,2939900
2024-12-11 19:00:00-05:00,28.67,28.93,28.61,28.65,1661900
2024-12-12 19:00:00-05:00,28.56,28.61,28.24,28.29,1288200
2024-12-15 19:00:00-05:00,28.29,28.60,28.11,28.33,1641100
2024-12-16 19:00:00-05:00,28.18,28.40,27.92,27.93,2155900
2024-12-17 19:00:00-05:00,28.07,28.29,27.34,27.37,2053400
2024-12-18 19:00:00-05:00,27.41,27.91,27.29,27.30,1817000
2024-12-19 19:00:00-05:00,27.18,27.66,27.15,27.55,5791400
2024-12-22 19:00:00-05:00,27.66,27.95,27.58,27.73,2025600
2024-12-23 19:00:00-05:00,27.82,27.94,27.64,27.93,877600
2024-12-25 19:00:00-05:00,27.76,27.84,27.65,27.83,1351100
2024-12-26 19:00:00-05:00,27.68,27.79,27.38,27.48,1570300
2024-12-29 19:00:00-05:00,27.27,27.30,26.82,27.17,1821500
2024-12-30 19:00:00-05:00,27.32,27.47,27.17,27.23,1623000
2025-01-01 19:00:00-05:00,27.29,27.49,27.10,27.15,2101800
2025-01-02 19:00:00-05:00,27.30,27.30,26.83,27.24,1683700
2025-01-05 19:00:00-05:00,27.23,27.58,27.03,27.13,2189500
2025-01-06 19:00:00-05:00,27.29,27.52,27.13,27.29,2369900
2025-01-07 19:00:00-05:00,27.29,27.73,26.86,27.16,2669100
2025-01-09 19:00:00-05:00,27.05,27.25,26.67,26.68,2397000
2025-01-12 19:00:00-05:00,26.65,27.15,26.48,27.13,2910800
2025-01-13 19:00:00-05:00,27.28,27.44,27.07,27.24,2381400
2025-01-14 19:00:00-05:00,27.61,27.70,27.19,27.25,3935200
2025-01-15 19:00:00-05:00,27.21,27.49,27.15,27.19,1595000
2025-01-16 19:00:00-05:00,27.46,27.50,27.10,27.12,2506000
2025-01-20 19:00:00-05:00,27.20,27.67,27.12,27.55,2166100
2025-01-21 19:00:00-05:00,27.54,27.77,27.42,27.51,2209300
2025-01-22 19:00:00-05:00,27.55,27.60,27.37,27.56,2167600
2025-01-23 19:00:00-05:00,27.56,27.97,27.53,27.76,1678800
2025-01-26 19:00:00-05:00,27.72,28.14,27.50,28.12,2675000
2025-01-27 19:00:00-05:00,28.12,28.12,27.77,27.83,2563000
2025-01-28 19:00:00-05:00,27.86,28.17,27.59,27.88,2212700
2025-01-29 19:00:00-05:00,28.11,28.34,27.65,27.76,2832500
2025-01-30 19:00:00-05:00,27.85,27.94,27.72,27.80,3373000
2025-02-02 19:00:00-05:00,27.55,27.92,27.39,27.76,3030400
2025-02-03 19:00:00-05:00,28.23,28.34,28.03,28.20,3315300
2025-02-04 19:00:00-05:00,28.23,28.57,27.99,28.46,4033400
2025-02-05 19:00:00-05:00,29.02,29.13,27.64,28.18,6970800
2025-02-06 19:00:00-05:00,28.41,28.78,28.16,28.71,4432400
2025-02-09 19:00:00-05:00,28.80,29.16,28.73,28.85,3033400
2025-02-10 19:00:00-05:00,28.34,29.30,28.34,29.12,2279000
2025-02-11 19:00:00-05:00,28.88,29.07,28.58,29.03,2136900
2025-02-12 19:00:00-05:00,29.05,29.25,28.92,29.18,1933700
2025-02-13 19:00:00-05:00,29.33,29.91,29.30,29.87,2641000
2025-02-17 19:00:00-05:00,29.97,29.97,29.54,29.87,1927700
2025-02-18 19:00:00-05:00,29.99,30.35,29.77,30.15,2737700
2025-02-19 19:00:00-05:00,30.04,30.09,28.09,28.53,5966300
2025-02-20 19:00:00-05:00,28.61,28.64,28.07,28.21,3541100
2025-02-23 19:00:00-05:00,28.47,28.47,28.05,28.14,3174600
2025-02-24 19:00:00-05:00,28.26,28.45,27.87,28.04,2434300
2025-02-25 19:00:00-05:00,28.02,28.10,27.67,27.76,2801900
2025-02-26 19:00:00-05:00,27.85,28.10,27.67,27.74,2618600
2025-02-27 19:00:00-05:00,27.95,28.36,27.69,28.30,5396700
2025-03-02 19:00:00-05:00,28.35,28.72,27.98,28.15,4506900
2025-03-03 19:00:00-05:00,28.13,28.16,27.38,27.74,4434900
2025-03-04 19:00:00-05:00,27.60,27.98,27.26,27.82,2976100
2025-03-05 19:00:00-05:00,27.63,28.74,27.56,27.94,3609700
2025-03-06 19:00:00-05:00,27.72,27.94,27.19,27.65,2403500
2025-03-09 20:00:00-04:00,27.36,27.64,26.87,27.04,3170200
2025-03-10 20:00:00-04:00,26.85,27.02,26.51,26.64,3264500
2025-03-11 20:00:00-04:00,26.85,27.00,26.47,26.57,3188500
2025-03-12 20:00:00-04:00,26.58,26.73,26.05,26.09,3049900
2025-03-13 20:00:00-04:00,26.42,26.88,26.24,26.78,2755300
2025-03-16 20:00:00-04:00,26.68,27.11,26.68,26.95,2930700
2025-03-17 20:00:00-04:00,26.96,26.96,26.45,26.60,3229900
2025-03-18 20:00:00-04:00,26.62,27.21,26.60,26.96,3281200
2025-03-19 20:00:00-04:00,26.82,27.05,26.75,26.96,3537900
2025-03-20 20:00:00-04:00,26.80,27.04,26.58,26.84,6211800
2025-03-23 20:00:00-04:00,27.13,27.16,26.88,27.09,3198700
2025-03-24 20:00:00-04:00,27.06,27.45,26.98,27.25,2667900
2025-03-25 20:00:00-04:00,27.30,27.54,27.19,27.26,2879900
2025-03-26 20:00:00-04:00,27.12,27.24,26.72,26.74,3727000
2025-03-27 20:00:00-04:00,26.77,27.31,26.25,26.39,3267400
2025-03-30 20:00:00-04:00,26.69,27.17,26.24,27.01,8332275
2025-03-31 20:00:00-04:00,26.82,27.23,26.60,26.80,4326400
2025-04-01 20:00:00-04:00,26.58,26.92,25.84,26.86,2972400
2025-04-02 20:00:00-04:00,26.06,26.57,25.73,25.87,6479000
2025-04-03 20:00:00-04:00,25.17,25.68,24.31,24.39,5835800
2025-04-06 20:00:00-04:00,23.98,24.95,23.20,23.90,6816000
2025-04-07 20:00:00-04:00,24.65,24.77,23.51,23.79,4801500
2025-04-08 20:00:00-04:00,23.60,26.14,23.45,25.98,5012200
2025-04-09 20:00:00-04:00,25.75,25.82,24.52,25.40,3701900
2025-04-10 20:00:00-04:00,25.33,26.06,25.22,25.99,3424700
2025-04-13 20:00:00-04:00,26.13,26.30,25.85,26.08,2692700
2025-04-14 20:00:00-04:00,26.20,26.37,26.07,26.18,2044100
2025-04-15 20:00:00-04:00,25.99,26.45,25.25,25.48,3058900
2025-04-16 20:00:00-04:00,25.67,25.77,25.46,25.66,2981000
2025-04-20 20:00:00-04:00,25.45,25.53,24.89,25.16,1999100
2025-04-21 20:00:00-04:00,25.45,25.99,25.34,25.98,2818900
2025-04-22 20:00:00-04:00,26.53,27.03,26.16,26.33,2667500
2025-04-23 20:00:00-04:00,26.31,26.75,26.21,26.64,3168100
2025-04-24 20:00:00-04:00,26.55,26.95,26.33,26.93,1889100
2025-04-27 20:00:00-04:00,26.95,27.01,26.54,26.72,3740900
2025-04-28 20:00:00-04:00,26.77,26.97,26.60,26.92,2080200
2025-04-29 20:00:00-04:00,26.79,27.00,26.28,26.92,2755100
2025-04-30 20:00:00-04:00,25.91,27.10,25.91,26.86,3020800
2025-05-01 20:00:00-04:00,27.16,27.43,26.90,27.37,1938600
2025-05-04 20:00:00-04:00,27.12,27.63,26.87,27.51,3549200
2025-05-05 20:00:00-04:00,27.34,27.65,27.29,27.52,2329000
2025-05-06 20:00:00-04:00,27.75,28.06,27.55,27.97,4874700
2025-05-07 20:00:00-04:00,28.06,28.60,27.98,28.27,3920900
2025-05-08 20:00:00-04:00,28.58,28.71,27.68,27.85,4454900
2025-05-11 20:00:00-04:00,28.56,28.56,27.84,28.07,3934700
2025-05-12 20:00:00-04:00,27.79,28.45,27.78,28.01,3289400
2025-05-13 20:00:00-04:00,27.96,28.17,27.84,28.06,3374600
2025-05-14 20:00:00-04:00,28.03,28.26,27.87,27.94,2999600
2025-05-15 20:00:00-04:00,27.94,28.17,27.71,28.11,3315400
2025-05-18 20:00:00-04:00,27.94,28.14,27.85,28.12,2529300
2025-05-19 20:00:00-04:00,28.04,28.18,27.96,28.12,2120100
2025-05-20 20:00:00-04:00,27.93,28.15,27.72,27.73,2658400
2025-05-21 20:00:00-04:00,27.73,28.16,27.40,27.44,2432900
2025-05-22 20:00:00-04:00,27.13,27.78,27.03,27.69,3307400
2025-05-26 20:00:00-04:00,28.00,28.09,27.75,28.04,4883700
2025-05-27 20:00:00-04:00,27.95,28.30,27.91,28.13,2631800
2025-05-28 20:00:00-04:00,28.13,28.22,27.78,28.19,2495400
2025-05-29 20:00:00-04:00,28.05,28.14,27.77,28.03,6253600
2025-06-01 20:00:00-04:00,27.85,27.94,27.50,27.87,3192500
2025-06-02 20:00:00-04:00,27.67,27.87,27.62,27.73,4169500
2025-06-03 20:00:00-04:00,27.66,27.83,27.49,27.64,2586300
2025-06-04 20:00:00-04:00,27.72,27.83,27.55,27.65,2479400
2025-06-05 20:00:00-04:00,27.86,27.92,27.41,27.60,3456600
2025-06-08 20:00:00-04:00,27.57,27.66,27.33,27.55,3211100
2025-06-09 20:00:00-04:00,27.55,27.81,27.47,27.75,2549100
2025-06-10 20:00:00-04:00,27.80,27.88,27.54,27.67,2582600
2025-06-11 20:00:00-04:00,27.53,27.67,27.35,27.46,2063800
2025-06-12 20:00:00-04:00,27.26,27.32,27.04,27.21,2606200
2025-06-15 20:00:00-04:00,27.37,28.07,27.36,28.03,2993200
2025-06-16 20:00:00-04:00,27.98,28.07,27.40,27.55,3432400
2025-06-17 20:00:00-04:00,27.52,28.05,27.40,27.85,3067600
2025-06-19 20:00:00-04:00,28.22,28.40,27.95,28.14,8332275
2025-06-22 20:00:00-04:00,28.22,28.65,28.07,28.64,2705300
2025-06-23 20:00:00-04:00,28.82,29.11,28.62,29.03,3627700
2025-06-24 20:00:00-04:00,28.98,29.29,28.91,29.18,3177000
2025-06-25 20:00:00-04:00,29.20,29.47,28.99,29.32,3552600
2025-06-26 20:00:00-04:00,29.40,29.41,29.09,29.21,5142500
2025-06-29 20:00:00-04:00,29.42,29.59,29.28,29.50,3166000
2025-06-30 20:00:00-04:00,29.47,29.69,29.22,29.51,2376400
2025-07-01 20:00:00-04:00,29.47,29.59,29.18,29.39,2498800
2025-07-02 20:00:00-04:00,29.42,29.69,29.35,29.52,1405200
2025-07-06 20:00:00-04:00,29.50,29.57,29.06,29.15,2699200
2025-07-07 20:00:00-04:00,29.15,29.37,29.12,29.25,2643900
2025-07-08 20:00:00-04:00,29.30,29.35,29.07,29.17,1722200
2025-07-09 20:00:00-04:00,29.18,29.53,29.02,29.44,2510200
2025-07-10 20:00:00-04:00,29.36,29.48,29.24,29.32,1793900
2025-07-13 20:00:00-04:00,29.32,29.57,29.24,29.51,1755900
2025-07-14 20:00:00-04:00,30.11,30.52,29.43,29.45,4258900
2025-07-15 20:00:00-04:00,29.58,29.70,29.20,29.65,2627800
2025-07-16 20:00:00-04:00,29.57,29.96,29.48,29.94,3242500
2025-07-17 20:00:00-04:00,30.09,30.14,29.58,29.63,2741000
2025-07-20 20:00:00-04:00,29.59,29.74,28.91,28.94,3004700
2025-07-21 20:00:00-04:00,29.02,29.38,28.99,29.21,2456300
2025-07-22 20:00:00-04:00,29.21,29.30,29.09,29.20,2371600
2025-07-23 20:00:00-04:00,29.10,29.39,28.96,29.13,2143600
2025-07-24 20:00:00-04:00,29.13,29.38,29.04,29.31,2332400
2025-07-27 20:00:00-04:00,29.26,29.32,29.11,29.15,2330200
2025-07-28 20:00:00-04:00,29.26,29.26,28.94,29.00,2366500
2025-07-29 20:00:00-04:00,29.05,29.29,28.93,29.08,2664900
2025-07-30 20:00:00-04:00,29.02,29.25,28.96,29.10,2557600
2025-07-31 20:00:00-04:00,28.99,29.03,28.44,28.87,2872100
2025-08-03 20:00:00-04:00,28.91,29.31,28.79,29.29,3014400
2025-08-04 20:00:00-04:00,29.22,29.30,28.93,29.07,4537500
2025-08-05 20:00:00-04:00,29.58,29.85,28.48,29.21,6538800
2025-08-06 20:00:00-04:00,29.41,29.89,28.68,28.75,4479800
2025-08-07 20:00:00-04:00,28.75,28.87,28.28,28.30,3740100
2025-08-10 20:00:00-04:00,28.37,28.64,28.00,28.17,4021600
2025-08-11 20:00:00-04:00,28.17,28.67,28.17,28.60,3853900
2025-08-12 20:00:00-04:00,28.70,29.42,28.60,29.40,3931100
2025-08-13 20:00:00-04:00,29.30,29.75,29.14,29.58,2855100
2025-08-14 20:00:00-04:00,29.71,29.71,29.18,29.25,7741800
2025-08-17 20:00:00-04:00,29.21,29.40,29.08,29.31,2718400
2025-08-18 20:00:00-04:00,29.46,29.62,29.25,29.62,2484000
2025-08-19 20:00:00-04:00,29.65,29.84,29.28,29.39,2421900
2025-08-20 20:00:00-04:00,29.26,29.61,29.22,29.52,2337000
2025-08-21 20:00:00-04:00,29.70,30.42,29.30,30.27,2448400
2025-08-24 20:00:00-04:00,30.15,30.33,29.90,29.91,1959300
2025-08-25 20:00:00-04:00,29.97,29.97,29.09,29.51,3022100
2025-08-26 20:00:00-04:00,29.42,29.66,29.36,29.44,1739100
2025-08-27 20:00:00-04:00,29.47,29.79,29.16,29.26,1708500
2025-08-28 20:00:00-04:00,29.24,29.32,29.02,29.19,2068700
2025-09-01 20:00:00-04:00,28.87,29.07,28.54,28.63,4671100
2025-09-02 20:00:00-04:00,28.50,28.76,27.80,28.72,4479800
2025-09-03 20:00:00-04:00,28.80,29.10,28.48,29.08,3666100
2025-09-04 20:00:00-04:00,29.11,29.54,28.97,29.22,3321300
2025-09-07 20:00:00-04:00,29.21,29.81,28.93,29.71,3796400
2025-09-08 20:00:00-04:00,29.13,29.42,28.61,29.20,8332275
2025-09-09 20:00:00-04:00,29.09,29.27,28.60,28.65,4806200
2025-09-10 20:00:00-04:00,28.68,29.44,28.54,29.40,5649300
2025-09-11 20:00:00-04:00,29.49,29.49,29.06,29.11,4752400
2025-09-14 20:00:00-04:00,29.38,29.80,29.16,29.77,4263300
2025-09-15 20:00:00-04:00,29.75,29.78,29.34,29.61,5085200
2025-09-16 20:00:00-04:00,29.69,30.38,29.65,30.10,5312000
2025-09-17 20:00:00-04:00,30.19,30.61,29.97,30.32,2591300
2025-09-18 20:00:00-04:00,30.39,30.73,30.26,30.49,6983400
2025-09-21 20:00:00-04:00,30.54,30.75,30.38,30.68,3333600
2025-09-22 20:00:00-04:00,30.71,30.82,30.38,30.45,2708300
2025-09-23 20:00:00-04:00,30.45,30.62,30.09,30.10,3791500
2025-09-24 20:00:00-04:00,30.17,30.31,29.94,30.05,2755900
2025-09-25 20:00:00-04:00,30.12,30.42,30.01,30.32,2594700
2025-09-28 20:00:00-04:00,30.41,30.98,30.15,30.90,4021000
2025-09-29 20:00:00-04:00,30.92,31.48,30.52,30.58,8332275
2025-09-30 20:00:00-04:00,30.43,30.43,28.82,28.83,6912800
2025-10-01 20:00:00-04:00,28.74,29.00,28.42,28.43,3911300
2025-10-02 20:00:00-04:00,28.48,28.74,28.12,28.26,4145900
2025-10-05 20:00:00-04:00,28.43,28.43,27.68,27.94,3880100
2025-10-06 20:00:00-04:00,27.93,28.00,27.24,27.27,3651800
2025-10-07 20:00:00-04:00,27.26,27.28,26.71,26.91,3489200
2025-10-08 20:00:00-04:00,26.88,26.88,26.32,26.35,3383100
2025-10-09 20:00:00-04:00,26.39,26.62,25.64,25.67,3196000
2025-10-12 20:00:00-04:00,25.77,26.04,25.63,25.98,3407000
2025-10-13 20:00:00-04:00,25.81,26.55,25.80,26.53,4928500
2025-10-14 20:00:00-04:00,26.65,27.01,26.37,26.46,3572200
2025-10-15 20:00:00-04:00,26.49,26.59,25.77,25.80,2564800
2025-10-16 20:00:00-04:00,25.85,26.06,25.59,25.91,2205700
2025-10-19 20:00:00-04:00,26.04,26.52,25.94,26.33,2997500
2025-10-20 20:00:00-04:00,26.28,26.52,26.19,26.27,2226700
2025-10-21 20:00:00-04:00,26.31,26.50,26.08,26.14,2356600
2025-10-22 20:00:00-04:00,26.14,26.40,26.03,26.29,2716100
2025-10-23 20:00:00-04:00,26.39,26.49,26.20,26.21,2101600
2025-10-26 20:00:00-04:00,26.39,26.74,26.37,26.64,3951300
2025-10-27 20:00:00-04:00,26.70,26.90,26.51,26.57,2679300
2025-10-28 20:00:00-04:00,26.51,26.51,25.88,25.94,3189100
2025-10-29 20:00:00-04:00,25.96,26.42,25.66,26.37,2738900
2025-10-30 20:00:00-04:00,26.29,26.46,26.12,26.39,3706800
2025-11-02 19:00:00-05:00,26.31,26.31,25.67,25.88,4605500
2025-11-03 19:00:00-05:00,25.93,26.15,25.66,25.69,4190900
2025-11-04 19:00:00-05:00,25.66,25.82,25.50,25.53,4583500
2025-11-05 19:00:00-05:00,25.46,25.78,24.91,24.98,6104100
2025-11-06 19:00:00-05:00,25.25,26.63,24.69,26.61,6327500
2025-11-09 19:00:00-05:00,26.74,26.90,26.39,26.69,5059000
2025-11-10 19:00:00-05:00,26.64,26.94,26.53,26.72,4201100
2025-11-11 19:00:00-05:00,26.60,26.76,26.47,26.71,3557100
2025-11-12 19:00:00-05:00,26.46,26.74,26.04,26.16,4795500
2025-11-13 19:00:00-05:00,26.12,26.23,25.61,26.04,4199000
2025-11-16 19:00:00-05:00,25.98,26.05,25.23,25.37,3711600
2025-11-17 19:00:00-05:00,25.26,25.48,25.04,25.20,4772200
2025-11-18 19:00:00-05:00,25.15,25.22,24.84,24.87,4419900
2025-11-19 19:00:00-05:00,25.10,25.35,24.68,24.70,4204400
2025-11-20 19:00:00-05:00,24.87,25.71,24.84,25.58,4076300
2025-11-23 19:00:00-05:00,25.27,25.56,25.05,25.13,6971800
2025-11-24 19:00:00-05:00,25.37,25.52,25.03,25.30,3336200
2025-11-25 19:00:00-05:00,25.26,25.50,25.18,25.47,3115100
2025-11-27 19:00:00-05:00,25.53,25.77,25.48,25.57,1748100
2025-11-30 19:00:00-05:00,25.49,25.75,25.28,25.41,2699300
2025-12-01 19:00:00-05:00,25.43,25.44,25.05,25.29,3032900
2025-12-02 19:00:00-05:00,25.40,25.54,25.30,25.45,2185200
2025-12-03 19:00:00-05:00,25.50,25.64,25.28,25.52,2467000
2025-12-04 19:00:00-05:00,25.51,26.03,25.32,25.93,3754800
2025-12-07 19:00:00-05:00,26.01,26.12,25.44,25.62,3639300
2025-12-08 19:00:00-05:00,25.66,25.89,25.47,25.84,2712900
2025-12-09 19:00:00-05:00,25.80,26.10,25.71,26.01,2834600
2025-12-10 19:00:00-05:00,26.07,26.34,25.92,25.99,2104100
2025-12-11 19:00:00-05:00,26.22,26.35,26.06,26.11,2535600
2025-12-14 19:00:00-05:00,26.18,26.22,25.89,25.94,3627500
2025-12-15 19:00:00-05:00,25.95,26.12,25.63,25.78,5639100
2025-12-16 19:00:00-05:00,25.79,26.13,25.64,25.92,5781700
2025-12-17 19:00:00-05:00,26.01,26.44,25.95,26.12,4114400
2025-12-18 19:00:00-05:00,25.76,26.25,25.69,25.97,8332275
2025-12-21 19:00:00-05:00,26.05,26.34,26.00,26.16,3350600
2025-12-22 19:00:00-05:00,26.19,26.31,26.11,26.29,2810900
2025-12-23 19:00:00-05:00,26.25,26.44,26.18,26.33,1606000
2025-12-25 19:00:00-05:00,26.26,26.42,26.06,26.11,2055900
2025-12-28 19:00:00-05:00,26.11,26.38,26.02,26.14,2953600
2025-12-29 19:00:00-05:00,26.04,26.39,26.04,26.28,2377800
2025-12-30 19:00:00-05:00,26.21,26.30,25.94,26.01,2164500
2026-01-01 19:00:00-05:00,26.03,26.24,25.78,26.08,4017200
2026-01-04 19:00:00-05:00,25.97,26.51,25.92,26.08,3563000
2026-01-05 19:00:00-05:00,26.00,26.40,25.92,26.35,3755100
2026-01-06 19:00:00-05:00,26.36,26.57,26.15,26.30,3193100
2026-01-07 19:00:00-05:00,26.19,26.59,26.10,26.34,3099600
2026-01-08 19:00:00-05:00,26.35,26.49,26.22,26.36,2226800
2026-01-11 19:00:00-05:00,26.27,26.55,26.26,26.43,2369800
2026-01-12 19:00:00-05:00,26.36,26.55,26.13,26.52,2319600
2026-01-13 19:00:00-05:00,26.44,26.68,26.44,26.68,2424300
2026-01-14 19:00:00-05:00,26.74,26.81,26.50,26.59,2435000
2026-01-15 19:00:00-05:00,26.63,26.72,26.03,26.14,3452600
2026-01-19 19:00:00-05:00,26.01,26.29,25.70,25.76,2973000
2026-01-20 19:00:00-05:00,25.91,26.21,25.90,26.02,2521100
2026-01-21 19:00:00-05:00,26.10,26.74,26.06,26.62,3806200
2026-01-22 19:00:00-05:00,26.52,26.77,26.46,26.72,2873700
2026-01-25 19:00:00-05:00,26.81,26.86,26.58,26.79,2424100
2026-01-26 19:00:00-05:00,26.71,26.80,26.45,26.54,2787200
2026-01-27 19:00:00-05:00,26.55,26.88,26.41,26.48,3943900
2026-01-28 19:00:00-05:00,26.56,26.70,26.19,26.66,3061800
2026-01-29 19:00:00-05:00,26.66,26.98,26.47,26.92,3436300
2026-02-01 19:00:00-05:00,27.01,27.10,26.46,26.66,3254000
2026-02-02 19:00:00-05:00,26.38,26.50,24.75,24.91,5450700
2026-02-03 19:00:00-05:00,24.65,24.89,24.32,24.59,7794600
2026-02-04 19:00:00-05:00,24.67,24.80,23.52,24.11,8195600
2026-02-05 19:00:00-05:00,23.91,24.06,22.32,22.41,8332275
2026-02-08 19:00:00-05:00,22.36,22.81,22.11,22.65,7581200
2026-02-09 19:00:00-05:00,22.77,23.67,22.73,23.48,5487100
2026-02-10 19:00:00-05:00,23.39,23.55,22.89,23.12,4458800
2026-02-11 19:00:00-05:00,23.22,23.35,22.15,22.31,5443500
2026-02-12 19:00:00-05:00,22.34,22.68,22.22,22.63,3415400
2026-02-16 19:00:00-05:00,22.67,23.19,22.66,23.09,4235100
2026-02-17 19:00:00-05:00,23.12,23.36,22.85,23.25,3299000
2026-02-18 19:00:00-05:00,23.28,23.36,23.08,23.26,2943600
2026-02-19 19:00:00-05:00,23.17,23.70,23.10,23.55,6508900
2026-02-22 19:00:00-05:00,23.38,23.51,22.82,22.90,4045900
2026-02-23 19:00:00-05:00,22.81,23.30,22.73,23.08,4071700
2026-02-24 19:00:00-05:00,23.15,23.49,22.95,23.48,2905600
2026-02-25 19:00:00-05:00,23.49,24.31,23.49,24.22,3435200
2026-02-26 19:00:00-05:00,24.11,24.34,23.87,24.19,4757300
2026-03-01 19:00:00-05:00,23.90,24.09,23.66,23.87,4252000
2026-03-02 19:00:00-05:00,23.44,23.98,23.44,23.71,4172400
2026-03-03 19:00:00-05:00,23.71,24.24,23.69,23.93,2523100
2026-03-04 19:00:00-05:00,24.00,24.47,23.95,24.18,2614800
2026-03-05 19:00:00-05:00,23.94,24.52,23.77,24.52,3647000
2026-03-08 20:00:00-04:00,24.25,24.50,23.87,24.44,3224000
2026-03-09 20:00:00-04:00,24.40,24.42,23.82,23.93,3850600
2026-03-10 20:00:00-04:00,23.90,24.39,23.90,24.24,3758600
2026-03-11 20:00:00-04:00,23.92,24.29,23.53,23.58,3658700
2026-03-12 20:00:00-04:00,23.93,24.01,23.55,23.70,3298200
2026-03-15 20:00:00-04:00,23.80,24.36,23.80,24.20,3786200
2026-03-16 20:00:00-04:00,24.38,24.62,24.25,24.34,3057300
2026-03-17 20:00:00-04:00,24.23,24.52,24.01,24.10,5458000
2026-03-18 20:00:00-04:00,24.00,24.40,23.51,23.93,4228600
2026-03-19 20:00:00-04:00,23.84,24.23,23.78,24.05,5990100
2026-03-22 20:00:00-04:00,24.45,24.64,24.15,24.26,4769500
2026-03-23 20:00:00-04:00,24.02,24.23,23.78,23.97,4504900
2026-03-24 20:00:00-04:00,24.17,24.36,23.79,24.27,2832500
2026-03-25 20:00:00-04:00,24.10,24.47,24.10,24.26,2223300
2026-03-26 20:00:00-04:00,24.18,24.47,23.90,24.24,4715700
2026-03-29 20:00:00-04:00,24.38,24.83,24.32,24.78,5405700
2026-03-30 20:00:00-04:00,25.07,25.51,24.62,24.93,8332275
2026-03-31 20:00:00-04:00,25.03,25.43,24.50,24.71,5604500
2026-04-01 20:00:00-04:00,24.53,24.69,24.08,24.40,4775700
2026-04-05 20:00:00-04:00,24.39,24.69,24.22,24.47,2669600
2026-04-06 20:00:00-04:00,24.35,24.65,24.35,24.43,2754400
2026-04-07 20:00:00-04:00,24.60,24.97,24.60,24.89,3687800
2026-04-08 20:00:00-04:00,24.77,24.89,24.48,24.59,3110600
2026-04-09 20:00:00-04:00,24.50,24.73,24.42,24.48,2598200
2026-04-12 20:00:00-04:00,24.41,24.96,24.40,24.94,3761400
2026-04-13 20:00:00-04:00,24.96,25.40,24.92,25.03,2835500
2026-04-14 20:00:00-04:00,25.28,25.56,25.13,25.33,3202100
2026-04-15 20:00:00-04:00,25.47,25.87,25.36,25.79,3079100
2026-04-16 20:00:00-04:00,25.82,26.22,25.59,26.01,2646100
2026-04-19 20:00:00-04:00,25.97,26.12,25.84,25.97,2490300
2026-04-20 20:00:00-04:00,25.95,26.52,25.81,26.42,3740300
2026-04-21 20:00:00-04:00,26.23,26.88,25.87,26.65,3005300
2026-04-22 20:00:00-04:00,26.54,26.67,25.94,26.31,3152000
2026-04-23 20:00:00-04:00,26.49,26.54,26.08,26.20,3560900
2026-04-26 20:00:00-04:00,26.12,26.61,26.12,26.41,2868000
2026-04-27 20:00:00-04:00,26.56,26.65,26.14,26.16,4298400
2026-04-28 20:00:00-04:00,26.09,26.27,25.84,26.24,3457800
2026-04-29 20:00:00-04:00,26.01,26.58,25.94,26.32,4311100
2026-04-30 20:00:00-04:00,26.09,26.70,26.09,26.24,4174400
2026-05-03 20:00:00-04:00,26.20,26.39,25.78,25.80,4263200
2026-05-04 20:00:00-04:00,26.20,26.24,25.28,25.44,5009400
2026-05-05 20:00:00-04:00,25.70,26.56,25.70,26.20,5924600
2026-05-06 20:00:00-04:00,26.20,27.06,26.04,27.04,7251100
2026-05-07 20:00:00-04:00,26.81,27.03,25.97,27.02,8332275
2026-05-10 20:00:00-04:00,27.36,27.73,26.37,27.01,6803600
2026-05-11 20:00:00-04:00,27.01,27.21,26.31,26.54,5325000
2026-05-12 20:00:00-04:00,26.42,26.88,26.42,26.66,3960300
2026-05-13 20:00:00-04:00,26.73,26.88,26.04,26.25,4241300
2026-05-14 20:00:00-04:00,26.25,26.45,25.79,25.92,3342500
2026-05-17 20:00:00-04:00,25.94,26.35,25.94,26.27,3185100
2026-05-18 20:00:00-04:00,26.27,26.62,26.07,26.24,3383400
2026-05-19 20:00:00-04:00,26.14,26.20,25.58,25.77,3991600
2026-05-20 20:00:00-04:00,25.79,26.35,25.65,26.26,4480200
2026-05-21 20:00:00-04:00,26.26,26.50,25.63,25.89,3844000
2026-05-25 20:00:00-04:00,25.88,26.31,25.76,26.20,3507200
2026-05-26 20:00:00-04:00,26.18,27.04,26.06,26.61,4729700
2026-05-27 20:00:00-04:00,26.45,26.70,26.25,26.52,3007500
2026-05-28 20:00:00-04:00,26.42,26.49,25.99,26.10,6607800
2026-05-31 20:00:00-04:00,26.14,26.87,25.99,26.80,3495800
2026-06-01 20:00:00-04:00,26.85,27.06,26.18,26.41,6084100
2026-06-02 20:00:00-04:00,26.16,26.36,25.84,26.05,3579100
2026-06-03 20:00:00-04:00,26.42,27.00,26.28,26.84,3644100
2026-06-04 20:00:00-04:00,26.94,27.28,26.89,27.26,3633700
2026-06-07 20:00:00-04:00,27.12,27.16,26.49,27.06,3907300
2026-06-08 20:00:00-04:00,27.16,27.49,26.99,27.20,4691800
2026-06-09 20:00:00-04:00,27.33,27.62,26.95,26.97,3456600
2026-06-10 20:00:00-04:00,26.89,26.96,26.24,26.30,3979300
2026-06-11 20:00:00-04:00,26.72,26.75,25.52,25.68,6804000
2026-06-14 20:00:00-04:00,25.68,25.83,25.28,25.70,7544800
2026-06-15 20:00:00-04:00,25.72,25.99,25.15,25.93,7032400
2026-06-16 20:00:00-04:00,25.48,26.59,25.48,25.98,6176500
2026-06-17 20:00:00-04:00,25.98,25.99,24.92,25.28,8332275
2026-06-21 20:00:00-04:00,26.02,26.02,24.35,24.61,7680000
2026-06-22 20:00:00-04:00,24.64,25.04,24.41,24.98,6682900
2026-06-23 20:00:00-04:00,25.24,25.70,25.00,25.23,6930300
2026-06-24 20:00:00-04:00,25.32,25.40,24.99,25.03,4379700
2026-06-25 20:00:00-04:00,25.24,25.63,25.24,25.41,6568600
2026-06-28 20:00:00-04:00,25.66,25.91,25.14,25.26,4293900
