Date,Open,High,Low,Close,Volume
2018-07-01 20:00:00-04:00,42.05,42.17,41.54,41.68,1751200
2018-07-02 20:00:00-04:00,42.02,42.62,41.88,41.91,1108900
2018-07-04 20:00:00-04:00,42.29,42.68,42.25,42.46,1905600
2018-07-05 20:00:00-04:00,42.42,43.13,42.30,43.05,1603200
2018-07-08 20:00:00-04:00,43.21,43.39,43.04,43.11,2269800
2018-07-09 20:00:00-04:00,43.38,43.52,42.95,43.06,1901100
2018-07-10 20:00:00-04:00,42.84,43.01,42.16,42.51,1960800
2018-07-11 20:00:00-04:00,42.68,42.91,42.38,42.84,1640700
2018-07-12 20:00:00-04:00,42.82,43.35,42.82,43.16,2752400
2018-07-15 20:00:00-04:00,42.84,42.91,42.23,42.32,2478500
2018-07-16 20:00:00-04:00,42.30,42.69,42.18,42.52,2683500
2018-07-17 20:00:00-04:00,42.17,42.81,41.93,42.40,2737800
2018-07-18 20:00:00-04:00,42.42,42.97,42.33,42.58,2278500
2018-07-19 20:00:00-04:00,42.63,42.78,42.14,42.28,2109200
2018-07-22 20:00:00-04:00,42.42,42.55,42.05,42.41,1586300
2018-07-23 20:00:00-04:00,42.55,42.78,42.32,42.55,1987700
2018-07-24 20:00:00-04:00,42.48,42.99,42.40,42.86,2011200
2018-07-25 20:00:00-04:00,42.86,43.18,42.69,43.10,1242300
2018-07-26 20:00:00-04:00,43.00,43.10,42.22,42.39,2191100
2018-07-29 20:00:00-04:00,42.65,42.79,42.35,42.67,1833500
2018-07-30 20:00:00-04:00,42.74,43.03,42.35,42.58,4583600
2018-07-31 20:00:00-04:00,42.95,42.95,40.88,41.18,3540200
2018-08-01 20:00:00-04:00,41.01,41.73,40.84,41.41,3500700
2018-08-02 20:00:00-04:00,41.43,41.70,41.14,41.31,2726400
2018-08-05 20:00:00-04:00,41.39,41.79,41.18,41.74,2034600
2018-08-06 20:00:00-04:00,42.08,42.08,41.68,41.76,1964400
2018-08-07 20:00:00-04:00,41.59,42.02,41.47,41.98,1623600
2018-08-08 20:00:00-04:00,42.06,42.38,41.93,42.06,1752500
2018-08-09 20:00:00-04:00,42.01,42.37,41.98,42.16,2107300
2018-08-12 20:00:00-04:00,42.16,42.27,41.61,41.64,1530800
2018-08-13 20:00:00-04:00,41.89,42.17,41.87,41.95,2509100
2018-08-14 20:00:00-04:00,41.67,41.67,40.71,40.97,2001200
2018-08-15 20:00:00-04:00,41.17,41.47,40.91,41.09,1935800
2018-08-16 20:00:00-04:00,41.16,41.48,41.04,41.32,1551500
2018-08-19 20:00:00-04:00,41.39,41.59,41.25,41.51,1424300
2018-08-20 20:00:00-04:00,41.81,41.87,41.23,41.29,1312300
2018-08-21 20:00:00-04:00,41.45,41.82,41.45,41.75,1733700
2018-08-22 20:00:00-04:00,41.69,41.71,41.06,41.13,1352200
2018-08-23 20:00:00-04:00,41.35,41.55,41.19,41.30,2043600
2018-08-26 20:00:00-04:00,41.29,41.55,41.14,41.49,2137000
2018-08-27 20:00:00-04:00,41.47,41.77,41.12,41.19,1779900
2018-08-28 20:00:00-04:00,41.19,41.23,40.76,40.80,2193500
2018-08-29 20:00:00-04:00,40.75,40.90,40.43,40.66,2100600
2018-08-30 20:00:00-04:00,40.52,40.63,40.15,40.33,1876700
2018-09-03 20:00:00-04:00,40.33,40.46,40.07,40.20,1947900
2018-09-04 20:00:00-04:00,40.15,40.44,39.70,40.44,1928200
2018-09-05 20:00:00-04:00,40.45,40.77,40.15,40.39,2182600
2018-09-06 20:00:00-04:00,40.20,40.57,40.03,40.29,1392400
2018-09-09 20:00:00-04:00,40.44,40.63,39.47,39.51,2766900
2018-09-10 20:00:00-04:00,39.48,40.11,39.37,39.79,2585900
2018-09-11 20:00:00-04:00,39.99,40.06,39.64,39.84,1775300
2018-09-12 20:00:00-04:00,39.76,40.37,39.73,40.36,2084200
2018-09-13 20:00:00-04:00,40.27,40.72,40.00,40.63,2256800
2018-09-16 20:00:00-04:00,40.79,41.98,40.64,41.59,3835100
2018-09-17 20:00:00-04:00,41.95,42.84,41.92,42.31,3041300
2018-09-18 20:00:00-04:00,42.42,42.63,42.27,42.54,3252100
2018-09-19 20:00:00-04:00,42.61,42.61,41.81,41.98,3115000
2018-09-20 20:00:00-04:00,42.14,42.42,40.94,42.29,5101500
2018-09-23 20:00:00-04:00,42.53,42.53,41.34,41.53,3352500
2018-09-24 20:00:00-04:00,41.73,41.91,41.23,41.87,3232700
2018-09-25 20:00:00-04:00,41.76,42.72,41.72,41.86,2473500
2018-09-26 20:00:00-04:00,42.04,42.04,41.52,41.72,2132600
2018-09-27 20:00:00-04:00,41.66,41.90,41.46,41.48,2237400
2018-09-30 20:00:00-04:00,41.66,42.33,41.49,42.19,2155900
2018-10-01 20:00:00-04:00,42.13,42.28,41.34,41.54,2555700
2018-10-02 20:00:00-04:00,41.67,41.95,41.17,41.87,2714100
2018-10-03 20:00:00-04:00,41.89,42.12,41.65,41.90,1807800
2018-10-04 20:00:00-04:00,41.86,42.19,41.76,41.98,1582900
2018-10-07 20:00:00-04:00,41.83,42.19,41.60,41.86,1451400
2018-10-08 20:00:00-04:00,41.91,42.16,41.74,42.05,1333300
2018-10-09 20:00:00-04:00,42.04,42.22,41.15,41.19,2428900
2018-10-10 20:00:00-04:00,40.93,40.93,39.76,39.91,3041500
2018-10-11 20:00:00-04:00,40.01,40.39,38.91,39.79,2532100
2018-10-14 20:00:00-04:00,39.77,40.03,39.35,39.66,1590000
2018-10-15 20:00:00-04:00,40.17,41.60,39.98,41.28,2864800
2018-10-16 20:00:00-04:00,41.27,41.29,40.63,41.01,1582600
2018-10-17 20:00:00-04:00,40.75,41.59,40.61,40.95,1771000
2018-10-18 20:00:00-04:00,41.27,41.91,41.27,41.48,3165000
2018-10-21 20:00:00-04:00,41.50,41.54,40.62,40.99,1949600
2018-10-22 20:00:00-04:00,40.40,40.62,39.18,40.33,2870800
2018-10-23 20:00:00-04:00,40.39,40.39,38.91,38.94,2232500
2018-10-24 20:00:00-04:00,39.47,40.01,39.10,39.54,2245800
2018-10-25 20:00:00-04:00,39.33,39.43,38.22,38.76,2872400
2018-10-28 20:00:00-04:00,39.10,39.32,38.22,38.69,2449300
2018-10-29 20:00:00-04:00,38.68,39.05,38.06,38.72,2377200
2018-10-30 20:00:00-04:00,39.60,40.94,39.47,40.14,4456800
2018-10-31 20:00:00-04:00,40.34,40.34,39.22,39.66,2443600
2018-11-01 20:00:00-04:00,40.06,40.19,38.35,38.77,2757900
2018-11-04 19:00:00-05:00,39.20,39.67,38.94,39.66,2460900
2018-11-05 19:00:00-05:00,39.53,39.67,38.76,39.49,1945100
2018-11-06 19:00:00-05:00,39.72,40.26,39.30,39.73,2706900
2018-11-07 19:00:00-05:00,39.74,40.27,39.48,39.67,2435800
2018-11-08 19:00:00-05:00,39.15,39.41,38.60,39.12,2410400
2018-11-11 19:00:00-05:00,39.38,39.53,38.57,38.69,1981000
2018-11-12 19:00:00-05:00,38.65,38.97,37.70,37.83,1791900
2018-11-13 19:00:00-05:00,38.41,38.60,37.37,37.44,2230700
2018-11-14 19:00:00-05:00,37.28,38.06,37.00,38.05,2305900
2018-11-15 19:00:00-05:00,38.17,38.71,37.83,38.57,2324900
2018-11-18 19:00:00-05:00,38.31,38.81,37.70,38.62,2222200
2018-11-19 19:00:00-05:00,38.18,38.25,37.19,37.42,2274200
2018-11-20 19:00:00-05:00,37.55,38.21,37.42,37.82,2069700
2018-11-22 19:00:00-05:00,36.93,37.15,36.41,36.65,876900
2018-11-25 19:00:00-05:00,37.06,37.29,36.74,36.91,1914000
2018-11-26 19:00:00-05:00,36.89,37.32,36.83,37.05,2053500
2018-11-27 19:00:00-05:00,37.00,37.64,36.51,37.53,2275100
2018-11-28 19:00:00-05:00,38.05,38.36,37.66,38.04,2331800
2018-11-29 19:00:00-05:00,37.75,38.27,37.47,38.09,3127900
2018-12-02 19:00:00-05:00,38.87,39.13,38.28,38.91,2281900
2018-12-03 19:00:00-05:00,38.83,39.05,37.40,37.58,3004900
2018-12-05 19:00:00-05:00,36.93,37.00,35.83,36.82,2815600
2018-12-06 19:00:00-05:00,37.44,38.32,37.13,37.20,2554000
2018-12-09 19:00:00-05:00,36.82,37.11,35.61,36.69,2836200
2018-12-10 19:00:00-05:00,37.21,37.34,36.16,36.57,2437200
2018-12-11 19:00:00-05:00,37.03,37.37,36.77,37.03,1874700
2018-12-12 19:00:00-05:00,36.86,38.19,36.86,38.11,3024300
2018-12-13 19:00:00-05:00,37.81,38.19,37.18,37.32,2386600
2018-12-16 19:00:00-05:00,37.19,37.50,36.07,36.34,2856400
2018-12-17 19:00:00-05:00,36.27,36.42,34.84,35.02,3115100
2018-12-18 19:00:00-05:00,35.19,36.05,34.35,34.66,3144500
2018-12-19 19:00:00-05:00,34.23,34.75,33.33,33.81,3595700
2018-12-20 19:00:00-05:00,33.32,34.46,33.21,33.42,5180600
2018-12-23 19:00:00-05:00,33.05,33.14,31.49,31.49,1621200
2018-12-25 19:00:00-05:00,31.77,33.31,31.17,33.30,2738500
2018-12-26 19:00:00-05:00,32.62,33.09,31.60,33.06,3919800
2018-12-27 19:00:00-05:00,33.26,33.45,32.15,32.85,4146400
2018-12-30 19:00:00-05:00,33.00,33.49,32.91,33.45,2875000
2019-01-01 19:00:00-05:00,32.90,34.14,32.69,33.74,3539500
2019-01-02 19:00:00-05:00,33.85,34.11,33.19,33.66,3715100
2019-01-03 19:00:00-05:00,34.41,35.24,34.06,35.13,2704800
2019-01-06 19:00:00-05:00,35.25,36.04,34.94,35.74,2975300
2019-01-07 19:00:00-05:00,36.16,36.70,35.92,36.51,2696800
2019-01-08 19:00:00-05:00,36.98,37.38,36.55,37.04,4147400
2019-01-09 19:00:00-05:00,36.69,37.27,36.56,37.23,2874700
2019-01-10 19:00:00-05:00,37.22,37.50,36.88,37.08,3108100
2019-01-13 19:00:00-05:00,36.64,37.16,36.24,36.82,2102500
2019-01-14 19:00:00-05:00,37.00,37.88,36.96,37.80,2653100
2019-01-15 19:00:00-05:00,37.86,38.21,37.70,37.93,2464900
2019-01-16 19:00:00-05:00,37.66,38.50,37.66,38.38,2389200
2019-01-17 19:00:00-05:00,38.79,39.49,38.61,39.18,3428900
2019-01-21 19:00:00-05:00,38.91,39.23,38.56,38.81,3419000
2019-01-22 19:00:00-05:00,38.94,39.17,38.29,38.79,3913300
2019-01-23 19:00:00-05:00,38.71,39.13,38.46,38.85,2795100
2019-01-24 19:00:00-05:00,39.15,39.30,38.89,39.26,2854600
2019-01-27 19:00:00-05:00,38.79,39.18,38.53,39.16,2574700
2019-01-28 19:00:00-05:00,39.33,40.38,39.21,39.99,5111200
2019-01-29 19:00:00-05:00,40.18,40.55,39.99,40.36,1911400
2019-01-30 19:00:00-05:00,40.63,40.63,39.94,40.37,2524400
2019-01-31 19:00:00-05:00,40.64,40.97,40.22,40.97,2212300
2019-02-03 19:00:00-05:00,40.60,41.50,40.56,41.49,2518200
2019-02-04 19:00:00-05:00,41.36,41.68,41.15,41.63,2346700
2019-02-05 19:00:00-05:00,41.39,41.52,41.14,41.35,2368600
2019-02-06 19:00:00-05:00,41.14,41.25,40.61,40.96,2763200
2019-02-07 19:00:00-05:00,40.91,40.99,40.12,40.88,2271400
2019-02-10 19:00:00-05:00,40.63,40.96,40.50,40.90,2637300
2019-02-11 19:00:00-05:00,41.47,41.60,40.85,41.00,2687600
2019-02-12 19:00:00-05:00,41.16,41.67,41.09,41.55,1900200
2019-02-13 19:00:00-05:00,41.32,42.72,41.23,41.92,4027400
2019-02-14 19:00:00-05:00,42.31,42.74,42.26,42.57,4623400
2019-02-18 19:00:00-05:00,42.38,43.48,42.31,43.12,3353700
2019-02-19 19:00:00-05:00,43.04,43.24,42.75,42.83,3123600
2019-02-20 19:00:00-05:00,42.80,42.93,42.30,42.63,2545000
2019-02-21 19:00:00-05:00,42.95,42.95,42.47,42.67,2304200
2019-02-24 19:00:00-05:00,42.69,42.84,42.38,42.53,4639700
2019-02-25 19:00:00-05:00,41.60,42.02,40.30,40.42,6081400
2019-02-26 19:00:00-05:00,40.71,41.14,40.31,40.96,3153900
2019-02-27 19:00:00-05:00,40.96,41.01,40.27,40.40,5854400
2019-02-28 19:00:00-05:00,40.67,41.46,40.60,41.41,3167400
2019-03-03 19:00:00-05:00,41.77,41.77,40.70,41.43,2677100
2019-03-04 19:00:00-05:00,41.51,41.57,41.09,41.46,2694700
2019-03-05 19:00:00-05:00,41.18,41.38,41.00,41.14,2413300
2019-03-06 19:00:00-05:00,41.19,41.70,41.09,41.43,2798400
2019-03-07 19:00:00-05:00,40.89,41.29,40.57,41.23,2375100
2019-03-10 20:00:00-04:00,41.45,41.77,41.26,41.68,2291500
2019-03-11 20:00:00-04:00,41.81,42.39,41.72,41.97,2416500
2019-03-12 20:00:00-04:00,42.34,42.41,42.02,42.32,2178500
2019-03-13 20:00:00-04:00,42.29,42.38,42.11,42.20,1787000
2019-03-14 20:00:00-04:00,41.99,42.28,41.85,42.03,4470100
2019-03-17 20:00:00-04:00,42.20,43.12,42.10,42.99,2874700
2019-03-18 20:00:00-04:00,43.13,43.28,42.80,42.95,2129400
2019-03-19 20:00:00-04:00,42.95,43.72,42.77,43.26,2666700
2019-03-20 20:00:00-04:00,43.16,43.92,43.16,43.92,1788900
2019-03-21 20:00:00-04:00,43.58,43.88,43.17,43.39,2344200
2019-03-24 20:00:00-04:00,43.30,43.62,42.97,43.56,1770900
2019-03-25 20:00:00-04:00,43.92,44.28,43.40,43.56,1966000
2019-03-26 20:00:00-04:00,43.31,43.63,43.00,43.28,1760500
2019-03-27 20:00:00-04:00,43.11,43.64,42.98,43.62,2610900
2019-03-28 20:00:00-04:00,44.00,44.04,43.61,43.91,3037500
2019-03-31 20:00:00-04:00,44.02,44.26,43.77,44.23,2008400
2019-04-01 20:00:00-04:00,44.32,44.39,44.05,44.14,1795800
2019-04-02 20:00:00-04:00,44.26,44.26,43.31,43.58,2167700
2019-04-03 20:00:00-04:00,43.61,43.69,43.28,43.68,1686600
2019-04-04 20:00:00-04:00,43.70,44.53,43.57,44.35,2202300
2019-04-07 20:00:00-04:00,44.35,44.51,44.15,44.34,1598000
2019-04-08 20:00:00-04:00,44.22,44.22,43.70,43.93,1428600
2019-04-09 20:00:00-04:00,44.07,44.34,43.81,43.89,1391300
2019-04-10 20:00:00-04:00,43.87,44.06,43.69,44.04,1146300
2019-04-11 20:00:00-04:00,44.16,44.49,44.09,44.39,1468400
2019-04-14 20:00:00-04:00,44.27,44.46,43.84,44.07,1589300
2019-04-15 20:00:00-04:00,44.20,44.34,44.05,44.16,1459500
2019-04-16 20:00:00-04:00,44.22,44.33,43.83,43.84,1525400
2019-04-17 20:00:00-04:00,43.77,43.91,43.38,43.47,1695600
2019-04-21 20:00:00-04:00,43.64,44.02,43.37,43.97,2011200
2019-04-22 20:00:00-04:00,44.01,44.07,43.55,43.93,1622100
2019-04-23 20:00:00-04:00,44.01,44.10,43.78,44.03,1631100
2019-04-24 20:00:00-04:00,43.90,44.34,43.75,43.86,1516900
2019-04-25 20:00:00-04:00,43.85,43.92,43.27,43.76,1833000
2019-04-28 20:00:00-04:00,43.67,43.91,43.51,43.69,1317300
2019-04-29 20:00:00-04:00,43.93,43.93,43.07,43.25,2410200
2019-04-30 20:00:00-04:00,43.27,43.66,42.48,43.02,3316700
2019-05-01 20:00:00-04:00,42.77,42.99,42.20,42.56,3476800
2019-05-02 20:00:00-04:00,42.90,43.02,42.56,42.58,2088100
2019-05-05 20:00:00-04:00,42.24,42.58,42.07,42.16,1987700
2019-05-06 20:00:00-04:00,41.89,42.23,41.36,42.23,2400400
2019-05-07 20:00:00-04:00,42.09,42.48,42.00,42.03,1409900
2019-05-08 20:00:00-04:00,41.75,42.08,41.48,42.04,1959200
2019-05-09 20:00:00-04:00,42.00,42.91,41.85,42.79,1802600
2019-05-12 20:00:00-04:00,42.74,42.74,41.80,42.33,2322800
2019-05-13 20:00:00-04:00,42.52,43.03,42.42,42.63,1368900
2019-05-14 20:00:00-04:00,42.72,43.04,42.58,42.81,1296200
2019-05-15 20:00:00-04:00,43.04,43.53,42.95,43.35,1646800
2019-05-16 20:00:00-04:00,43.17,43.79,43.17,43.40,1380500
2019-05-19 20:00:00-04:00,43.48,43.48,42.67,42.68,1724300
2019-05-20 20:00:00-04:00,42.90,43.51,42.81,43.27,1947900
2019-05-21 20:00:00-04:00,43.14,43.20,42.40,42.60,1966000
2019-05-22 20:00:00-04:00,42.06,42.06,40.97,41.59,2925300
2019-05-23 20:00:00-04:00,41.93,42.01,41.53,41.80,1440900
2019-05-27 20:00:00-04:00,41.86,41.92,40.77,40.91,2865600
2019-05-28 20:00:00-04:00,40.40,40.74,40.19,40.64,2410400
2019-05-29 20:00:00-04:00,40.63,40.99,40.62,40.83,1211600
2019-05-30 20:00:00-04:00,40.41,40.95,40.35,40.50,2298400
2019-06-02 20:00:00-04:00,40.82,41.02,40.44,40.60,1870700
2019-06-03 20:00:00-04:00,40.93,41.46,40.71,41.44,1635100
2019-06-04 20:00:00-04:00,41.46,41.62,41.28,41.54,1590300
2019-06-05 20:00:00-04:00,41.67,42.47,41.51,42.00,2790700
2019-06-06 20:00:00-04:00,42.09,42.57,41.94,42.01,1730200
2019-06-09 20:00:00-04:00,42.09,42.21,41.79,41.90,1355300
2019-06-10 20:00:00-04:00,42.15,42.18,41.76,41.84,1376700
2019-06-11 20:00:00-04:00,41.60,41.95,40.81,41.03,2187200
2019-06-12 20:00:00-04:00,41.41,41.48,41.15,41.40,1874400
2019-06-13 20:00:00-04:00,41.41,41.47,40.78,41.04,1573900
2019-06-16 20:00:00-04:00,40.97,41.43,40.86,41.26,1775700
2019-06-17 20:00:00-04:00,41.62,41.91,41.42,41.81,1844600
2019-06-18 20:00:00-04:00,41.84,42.31,41.64,42.18,2100900
2019-06-19 20:00:00-04:00,42.67,43.21,42.60,43.14,2536900
2019-06-20 20:00:00-04:00,43.04,43.90,43.04,43.89,3847100
2019-06-23 20:00:00-04:00,43.93,44.12,42.67,42.84,2389200
2019-06-24 20:00:00-04:00,42.81,42.84,42.43,42.48,1389200
2019-06-25 20:00:00-04:00,42.83,43.19,42.55,42.88,1483700
2019-06-26 20:00:00-04:00,42.83,43.00,42.72,42.91,1261000
2019-06-27 20:00:00-04:00,42.99,43.83,42.95,43.81,2657200
2019-06-30 20:00:00-04:00,44.33,44.56,44.12,44.30,2278300
2019-07-01 20:00:00-04:00,44.20,44.30,43.77,44.16,2044600
2019-07-02 20:00:00-04:00,44.23,44.71,44.11,44.69,1226400
2019-07-04 20:00:00-04:00,44.55,44.75,44.26,44.74,1287000
2019-07-07 20:00:00-04:00,44.67,44.77,44.12,44.29,1688500
2019-07-08 20:00:00-04:00,44.33,44.52,44.05,44.45,1770900
2019-07-09 20:00:00-04:00,44.61,45.02,44.49,44.85,1686200
2019-07-10 20:00:00-04:00,45.03,45.30,44.88,45.24,1951100
2019-07-11 20:00:00-04:00,45.37,45.46,45.14,45.39,1376800
2019-07-14 20:00:00-04:00,45.45,45.47,45.02,45.19,1542400
2019-07-15 20:00:00-04:00,45.14,45.14,44.42,44.66,1925600
2019-07-16 20:00:00-04:00,44.77,44.77,44.25,44.33,1995700
2019-07-17 20:00:00-04:00,44.14,44.19,43.81,44.03,1908200
2019-07-18 20:00:00-04:00,44.04,44.19,43.62,43.63,1881500
2019-07-21 20:00:00-04:00,43.67,44.07,43.52,44.02,1552600
2019-07-22 20:00:00-04:00,43.97,44.05,43.53,43.62,1203700
2019-07-23 20:00:00-04:00,43.51,43.66,42.98,43.56,1255900
2019-07-24 20:00:00-04:00,43.93,43.93,43.45,43.65,1697100
2019-07-25 20:00:00-04:00,43.73,43.79,43.30,43.60,1496600
2019-07-28 20:00:00-04:00,43.65,43.65,42.44,42.53,2474700
2019-07-29 20:00:00-04:00,42.36,42.83,42.11,42.79,1923200
2019-07-30 20:00:00-04:00,42.99,45.50,42.81,44.61,4271100
2019-07-31 20:00:00-04:00,44.52,46.08,44.42,45.19,3845600
2019-08-01 20:00:00-04:00,45.46,45.85,44.79,45.19,2183500
2019-08-04 20:00:00-04:00,44.48,44.59,43.22,43.63,2560900
2019-08-05 20:00:00-04:00,43.95,44.16,43.40,43.90,1895500
2019-08-06 20:00:00-04:00,43.20,43.47,42.53,43.04,2850400
2019-08-07 20:00:00-04:00,43.31,44.45,43.10,44.45,2434300
2019-08-08 20:00:00-04:00,44.52,45.10,44.30,44.52,1750900
2019-08-11 20:00:00-04:00,44.97,45.36,44.41,44.66,2253800
2019-08-12 20:00:00-04:00,44.59,45.01,44.34,44.90,2069000
2019-08-13 20:00:00-04:00,44.27,44.49,43.53,43.65,2742300
2019-08-14 20:00:00-04:00,43.61,44.22,43.56,43.81,1300000
2019-08-15 20:00:00-04:00,43.94,44.80,43.91,44.68,2117100
2019-08-18 20:00:00-04:00,45.18,45.83,44.86,45.72,1677800
2019-08-19 20:00:00-04:00,45.70,46.48,45.49,45.81,1579000
2019-08-20 20:00:00-04:00,46.14,46.35,45.72,45.89,1971000
2019-08-21 20:00:00-04:00,46.01,46.06,45.22,45.31,1809600
2019-08-22 20:00:00-04:00,44.84,45.01,43.30,43.46,2500800
2019-08-25 20:00:00-04:00,43.98,44.20,43.77,43.97,1395800
2019-08-26 20:00:00-04:00,44.16,44.63,43.71,44.05,1481700
2019-08-27 20:00:00-04:00,44.28,44.96,44.18,44.83,1672200
2019-08-28 20:00:00-04:00,45.14,45.72,45.01,45.66,1672600
2019-08-29 20:00:00-04:00,45.94,46.12,45.31,45.95,1868100
2019-09-02 20:00:00-04:00,45.33,45.75,45.17,45.52,2154600
2019-09-03 20:00:00-04:00,45.95,46.06,45.69,45.80,1571700
2019-09-04 20:00:00-04:00,46.17,46.35,45.70,45.79,1810400
2019-09-05 20:00:00-04:00,45.58,46.34,45.23,46.31,1767200
2019-09-08 20:00:00-04:00,46.55,47.68,46.46,47.50,2353200
2019-09-09 20:00:00-04:00,47.49,47.95,47.08,47.40,2057600
2019-09-10 20:00:00-04:00,47.47,47.82,47.20,47.75,1777600
2019-09-11 20:00:00-04:00,47.48,48.13,47.48,47.66,1726800
2019-09-12 20:00:00-04:00,47.81,48.33,47.78,48.02,1797700
2019-09-15 20:00:00-04:00,49.09,49.78,48.63,48.89,2866900
2019-09-16 20:00:00-04:00,48.98,49.50,48.53,49.13,2132700
2019-09-17 20:00:00-04:00,48.86,49.35,48.68,49.32,2020000
2019-09-18 20:00:00-04:00,49.60,49.61,48.05,48.41,2716700
2019-09-19 20:00:00-04:00,48.57,48.90,48.20,48.85,3109600
2019-09-22 20:00:00-04:00,48.57,48.93,48.20,48.23,2261000
2019-09-23 20:00:00-04:00,48.34,48.48,47.36,47.80,2426400
2019-09-24 20:00:00-04:00,47.56,47.74,47.26,47.47,3102600
2019-09-25 20:00:00-04:00,47.27,47.50,46.96,47.38,3012200
2019-09-26 20:00:00-04:00,47.27,47.61,47.09,47.26,1651600
2019-09-29 20:00:00-04:00,47.13,47.54,47.13,47.51,1775300
2019-09-30 20:00:00-04:00,47.68,47.85,46.86,46.88,1618600
2019-10-01 20:00:00-04:00,46.65,46.70,46.14,46.18,1873300
2019-10-02 20:00:00-04:00,45.89,46.62,45.56,46.41,1448100
2019-10-03 20:00:00-04:00,46.41,46.70,46.18,46.44,1400900
2019-10-06 20:00:00-04:00,46.45,46.49,45.59,45.59,1398600
2019-10-07 20:00:00-04:00,45.26,45.46,43.89,43.97,2990000
2019-10-08 20:00:00-04:00,44.42,44.78,44.16,44.23,1902900
2019-10-09 20:00:00-04:00,44.31,44.70,43.94,44.47,1697600
2019-10-10 20:00:00-04:00,44.83,45.17,44.58,44.81,1960500
2019-10-13 20:00:00-04:00,44.57,44.69,44.05,44.58,1387400
2019-10-14 20:00:00-04:00,44.52,45.18,44.51,44.65,1844200
2019-10-15 20:00:00-04:00,44.37,44.56,43.97,44.13,1915300
2019-10-16 20:00:00-04:00,44.17,44.43,43.89,44.27,1324600
2019-10-17 20:00:00-04:00,44.31,44.86,44.27,44.61,1772900
2019-10-20 20:00:00-04:00,44.70,44.92,44.54,44.87,1314400
2019-10-21 20:00:00-04:00,45.01,46.20,44.94,45.34,2900600
2019-10-22 20:00:00-04:00,45.16,45.75,44.83,45.72,1687800
2019-10-23 20:00:00-04:00,46.08,46.43,45.83,45.96,1674900
2019-10-24 20:00:00-04:00,45.99,46.22,45.61,46.13,1287300
2019-10-27 20:00:00-04:00,46.27,46.72,45.70,45.89,1878000
2019-10-28 20:00:00-04:00,45.74,46.37,45.56,46.17,2352000
2019-10-29 20:00:00-04:00,45.99,46.74,44.60,45.12,2964500
2019-10-30 20:00:00-04:00,44.93,45.35,44.53,45.02,2631500
2019-10-31 20:00:00-04:00,45.19,45.93,44.85,45.89,1747300
2019-11-03 19:00:00-05:00,46.62,47.13,46.36,46.98,2153800
2019-11-04 19:00:00-05:00,47.21,47.40,46.50,46.93,1613600
2019-11-05 19:00:00-05:00,46.74,47.05,46.08,46.23,2005000
2019-11-06 19:00:00-05:00,46.53,46.64,45.42,45.58,2083100
2019-11-07 19:00:00-05:00,45.58,46.06,45.28,46.04,1755000
2019-11-10 19:00:00-05:00,45.55,45.90,45.42,45.68,1528500
2019-11-11 19:00:00-05:00,45.77,46.33,45.69,45.86,1742900
2019-11-12 19:00:00-05:00,45.82,46.47,45.54,46.16,1498200
2019-11-13 19:00:00-05:00,46.34,46.43,45.66,45.83,1667400
2019-11-14 19:00:00-05:00,46.08,46.62,46.04,46.57,1731500
2019-11-17 19:00:00-05:00,46.41,46.49,46.09,46.24,1489800
2019-11-18 19:00:00-05:00,46.04,46.10,45.55,45.57,1756200
2019-11-19 19:00:00-05:00,45.53,46.45,45.45,46.24,1738200
2019-11-20 19:00:00-05:00,46.39,46.68,45.88,46.66,1661800
2019-11-21 19:00:00-05:00,46.83,47.19,46.71,46.79,1455600
2019-11-24 19:00:00-05:00,46.86,47.13,46.77,47.03,1214300
2019-11-25 19:00:00-05:00,47.03,47.22,46.60,46.91,2062700
2019-11-26 19:00:00-05:00,47.00,47.00,46.00,46.66,1740100
2019-11-28 19:00:00-05:00,46.49,46.73,46.15,46.41,967400
2019-12-01 19:00:00-05:00,46.59,46.90,46.17,46.26,1913500
2019-12-02 19:00:00-05:00,46.04,46.06,45.59,45.85,1683200
2019-12-03 19:00:00-05:00,46.12,46.58,45.99,46.27,1840700
2019-12-04 19:00:00-05:00,46.38,46.67,46.21,46.37,1315600
2019-12-05 19:00:00-05:00,46.47,46.93,46.31,46.77,1541200
2019-12-08 19:00:00-05:00,46.40,47.26,46.38,47.17,1567900
2019-12-09 19:00:00-05:00,46.95,47.68,46.95,47.36,1952600
2019-12-10 19:00:00-05:00,47.67,48.03,47.23,47.42,1920100
2019-12-11 19:00:00-05:00,47.34,48.26,47.24,47.63,2120200
2019-12-12 19:00:00-05:00,47.69,47.96,47.32,47.80,2410800
2019-12-15 19:00:00-05:00,48.02,48.18,47.74,47.94,1690500
2019-12-16 19:00:00-05:00,48.07,48.36,47.77,47.92,2004800
2019-12-17 19:00:00-05:00,48.15,48.91,47.95,48.27,3682800
2019-12-18 19:00:00-05:00,48.30,48.62,48.20,48.33,2297600
2019-12-19 19:00:00-05:00,48.47,49.22,48.20,49.12,5168300
2019-12-22 19:00:00-05:00,49.09,49.75,48.94,49.64,1808100
2019-12-23 19:00:00-05:00,49.71,49.75,49.34,49.39,644000
2019-12-25 19:00:00-05:00,49.57,50.04,49.19,49.73,1226400
2019-12-26 19:00:00-05:00,49.73,49.81,49.44,49.46,1321400
2019-12-29 19:00:00-05:00,49.43,49.80,49.07,49.27,1151200
2019-12-30 19:00:00-05:00,48.95,49.46,48.82,49.43,1677400
2020-01-01 19:00:00-05:00,49.60,49.72,49.02,49.46,1943600
2020-01-02 19:00:00-05:00,49.60,50.14,49.42,50.03,1727600
2020-01-05 19:00:00-05:00,49.84,50.39,49.73,50.24,2109700
2020-01-06 19:00:00-05:00,50.11,50.27,49.82,50.20,1364600
2020-01-07 19:00:00-05:00,50.25,50.32,49.42,49.42,2153900
2020-01-08 19:00:00-05:00,49.41,49.47,48.91,49.39,1726800
2020-01-09 19:00:00-05:00,49.39,49.59,49.11,49.34,1445000
2020-01-12 19:00:00-05:00,49.34,49.96,48.98,49.81,1368000
2020-01-13 19:00:00-05:00,49.77,49.85,49.12,49.63,2308400
2020-01-14 19:00:00-05:00,49.62,49.89,49.45,49.59,1410300
2020-01-15 19:00:00-05:00,50.09,50.35,49.84,50.16,1637600
2020-01-16 19:00:00-05:00,50.22,50.42,49.85,50.41,1774700
2020-01-20 19:00:00-05:00,50.39,50.47,49.58,49.59,2469200
2020-01-21 19:00:00-05:00,49.59,49.66,49.17,49.39,1687300
2020-01-22 19:00:00-05:00,49.14,49.86,48.97,49.84,1585500
2020-01-23 19:00:00-05:00,49.89,49.95,49.21,49.50,1774700
2020-01-26 19:00:00-05:00,48.63,49.25,48.61,48.94,1841100
2020-01-27 19:00:00-05:00,49.20,49.91,49.14,49.64,1735900
2020-01-28 19:00:00-05:00,49.77,49.91,49.47,49.56,1496000
2020-01-29 19:00:00-05:00,49.17,50.01,49.17,49.91,2782400
2020-01-30 19:00:00-05:00,49.42,49.66,49.09,49.52,3381500
2020-02-02 19:00:00-05:00,49.55,49.81,49.13,49.23,2725500
2020-02-03 19:00:00-05:00,49.78,50.17,49.40,49.54,2495300
2020-02-04 19:00:00-05:00,50.12,50.62,50.12,50.31,1575600
2020-02-05 19:00:00-05:00,50.29,50.53,49.93,50.17,1124400
2020-02-06 19:00:00-05:00,49.87,50.38,49.74,49.84,1147200
2020-02-09 19:00:00-05:00,49.59,50.20,49.37,49.98,1471400
2020-02-10 19:00:00-05:00,50.40,50.71,50.09,50.22,1363300
2020-02-11 19:00:00-05:00,50.71,50.79,50.23,50.54,1389500
2020-02-12 19:00:00-05:00,50.38,50.48,50.09,50.41,1910300
2020-02-13 19:00:00-05:00,50.58,50.91,50.50,50.91,1397900
2020-02-17 19:00:00-05:00,50.67,50.89,50.40,50.89,1702200
2020-02-18 19:00:00-05:00,50.95,51.02,50.46,50.76,1528500
2020-02-19 19:00:00-05:00,50.89,51.90,50.76,51.27,2111600
2020-02-20 19:00:00-05:00,50.88,51.24,50.50,50.97,2509000
2020-02-23 19:00:00-05:00,50.13,50.15,49.35,49.65,2722400
2020-02-24 19:00:00-05:00,50.26,51.87,48.67,48.68,5339300
2020-02-25 19:00:00-05:00,48.99,49.90,48.04,48.47,3156500
2020-02-26 19:00:00-05:00,47.53,47.62,44.49,44.68,7202200
2020-02-27 19:00:00-05:00,43.16,44.13,42.18,44.13,7515600
2020-03-01 19:00:00-05:00,44.74,45.98,44.19,45.72,5239000
2020-03-02 19:00:00-05:00,46.96,47.57,45.05,45.14,4096900
2020-03-03 19:00:00-05:00,45.97,46.77,45.56,46.73,2808900
2020-03-04 19:00:00-05:00,45.69,46.39,44.77,45.43,3373800
2020-03-05 19:00:00-05:00,43.97,44.11,39.61,40.48,6582400
2020-03-08 20:00:00-04:00,31.75,31.75,24.05,25.20,8548825
2020-03-09 20:00:00-04:00,27.70,28.23,20.15,25.15,8548825
2020-03-10 20:00:00-04:00,24.08,25.32,22.63,23.77,8548825
2020-03-11 20:00:00-04:00,21.30,21.34,18.52,18.82,8548825
2020-03-12 20:00:00-04:00,20.59,20.73,17.77,20.32,8548825
2020-03-15 20:00:00-04:00,18.19,18.48,16.29,16.54,8548825
2020-03-16 20:00:00-04:00,16.63,16.78,13.41,14.21,8548825
2020-03-17 20:00:00-04:00,13.25,13.43,8.04,10.17,8548825
2020-03-18 20:00:00-04:00,10.65,13.84,9.23,13.55,8548825
2020-03-19 20:00:00-04:00,15.04,16.44,13.23,13.67,8548825
2020-03-22 20:00:00-04:00,13.37,13.62,12.29,12.96,8324800
2020-03-23 20:00:00-04:00,14.88,14.91,13.36,14.58,8129700
2020-03-24 20:00:00-04:00,15.65,16.40,13.63,15.28,8548825
2020-03-25 20:00:00-04:00,15.51,16.53,14.70,16.11,8073200
2020-03-26 20:00:00-04:00,15.51,15.61,13.55,13.85,7804100
2020-03-29 20:00:00-04:00,13.60,13.62,12.26,13.25,8548825
2020-03-30 20:00:00-04:00,13.60,15.11,13.43,14.42,8548825
2020-03-31 20:00:00-04:00,13.56,13.80,12.69,12.70,6732200
2020-04-01 20:00:00-04:00,13.21,16.35,12.88,14.31,8548825
2020-04-02 20:00:00-04:00,15.07,15.71,13.25,14.31,8548825
2020-04-05 20:00:00-04:00,14.55,15.96,14.55,15.43,7392800
2020-04-06 20:00:00-04:00,16.87,17.49,15.87,16.06,8548825
2020-04-07 20:00:00-04:00,16.67,17.69,16.60,17.49,6875900
2020-04-08 20:00:00-04:00,18.91,20.03,18.02,18.78,8548825
2020-04-12 20:00:00-04:00,20.17,20.46,18.40,19.33,8141600
2020-04-13 20:00:00-04:00,19.77,20.18,19.15,20.15,7603300
2020-04-14 20:00:00-04:00,18.97,19.35,18.06,18.13,7821400
2020-04-15 20:00:00-04:00,18.06,18.06,17.14,17.57,5513700
2020-04-16 20:00:00-04:00,18.18,19.54,18.15,19.43,6398500
2020-04-19 20:00:00-04:00,17.86,19.49,17.66,18.66,8428700
2020-04-20 20:00:00-04:00,17.76,18.18,16.90,17.81,8532100
2020-04-21 20:00:00-04:00,18.52,18.60,17.22,18.06,7861600
2020-04-22 20:00:00-04:00,18.67,19.54,18.53,19.31,8158900
2020-04-23 20:00:00-04:00,19.64,20.13,18.78,18.90,8548825
2020-04-26 20:00:00-04:00,18.56,19.60,17.95,19.49,6242000
2020-04-27 20:00:00-04:00,20.01,20.91,19.46,20.86,6169800
2020-04-28 20:00:00-04:00,21.48,22.30,19.86,21.13,8548825
2020-04-29 20:00:00-04:00,20.87,21.37,20.24,20.45,7156300
2020-04-30 20:00:00-04:00,19.52,19.91,18.91,19.09,4875500
2020-05-03 20:00:00-04:00,18.45,19.96,18.38,19.94,5440200
2020-05-04 20:00:00-04:00,20.50,20.75,19.90,20.45,4784200
2020-05-05 20:00:00-04:00,20.45,20.77,19.58,19.58,3614700
2020-05-06 20:00:00-04:00,20.16,20.86,20.11,20.33,4700800
2020-05-07 20:00:00-04:00,20.80,21.54,20.64,21.41,5073000
2020-05-10 20:00:00-04:00,21.02,21.82,20.93,21.44,3687100
2020-05-11 20:00:00-04:00,21.73,23.21,21.67,22.51,7975000
2020-05-12 20:00:00-04:00,21.75,21.99,20.35,20.83,8373200
2020-05-13 20:00:00-04:00,20.45,21.45,19.68,20.98,5431200
2020-05-14 20:00:00-04:00,20.91,22.20,20.72,22.13,5533800
2020-05-17 20:00:00-04:00,23.57,24.41,23.44,23.96,6030500
2020-05-18 20:00:00-04:00,23.91,24.38,23.39,23.99,5968400
2020-05-19 20:00:00-04:00,24.69,25.49,24.60,24.95,6634900
2020-05-20 20:00:00-04:00,25.08,25.28,24.16,24.61,4125700
2020-05-21 20:00:00-04:00,24.26,24.79,23.75,24.73,3766300
2020-05-25 20:00:00-04:00,25.81,26.18,25.36,25.70,4840700
2020-05-26 20:00:00-04:00,26.17,26.30,24.53,25.69,5428700
2020-05-27 20:00:00-04:00,25.92,26.11,25.01,25.47,5023500
2020-05-28 20:00:00-04:00,25.08,25.51,24.34,25.07,8548825
2020-05-31 20:00:00-04:00,24.99,26.09,24.45,26.06,4395700
2020-06-01 20:00:00-04:00,26.46,27.10,26.00,27.08,4456100
2020-06-02 20:00:00-04:00,27.08,27.95,27.08,27.73,5557800
2020-06-03 20:00:00-04:00,27.56,28.12,27.13,27.82,5622900
2020-06-04 20:00:00-04:00,30.15,32.19,29.66,30.99,8042600
2020-06-07 20:00:00-04:00,32.17,33.04,31.74,32.82,6238900
2020-06-08 20:00:00-04:00,31.41,31.45,30.21,30.36,5534400
2020-06-09 20:00:00-04:00,29.81,29.99,28.68,28.68,5524000
2020-06-10 20:00:00-04:00,25.03,25.94,23.35,24.14,8548825
2020-06-11 20:00:00-04:00,22.98,23.43,22.14,23.29,8548825
2020-06-14 20:00:00-04:00,22.21,25.27,22.05,24.90,8548825
2020-06-15 20:00:00-04:00,25.91,26.47,24.80,26.24,8548825
2020-06-16 20:00:00-04:00,26.24,26.50,24.71,24.71,5267100
2020-06-17 20:00:00-04:00,24.43,25.27,24.28,24.84,4244400
2020-06-18 20:00:00-04:00,25.68,25.90,23.97,24.03,8548825
2020-06-21 20:00:00-04:00,23.93,24.60,23.49,24.54,5648100
2020-06-22 20:00:00-04:00,25.08,25.24,24.14,24.16,5902600
2020-06-23 20:00:00-04:00,23.85,23.85,21.62,22.07,8548825
2020-06-24 20:00:00-04:00,21.67,22.84,21.56,22.34,6171300
2020-06-25 20:00:00-04:00,22.16,22.25,20.87,21.05,8548825
2020-06-28 20:00:00-04:00,21.19,21.93,20.87,21.73,4921700
2020-06-29 20:00:00-04:00,21.44,22.82,21.32,22.70,4855100
2020-06-30 20:00:00-04:00,22.74,23.24,21.95,21.99,3741800
2020-07-01 20:00:00-04:00,22.54,22.87,21.86,21.97,3518700
2020-07-05 20:00:00-04:00,22.51,22.59,19.05,19.33,8548825
2020-07-06 20:00:00-04:00,18.96,19.64,18.48,18.84,8548825
2020-07-07 20:00:00-04:00,18.78,19.08,18.22,18.69,7265100
2020-07-08 20:00:00-04:00,18.79,18.79,17.66,17.87,6424300
2020-07-09 20:00:00-04:00,17.80,18.38,17.52,18.26,6004100
2020-07-12 20:00:00-04:00,18.55,18.78,17.96,18.17,6702000
2020-07-13 20:00:00-04:00,18.02,18.65,17.89,18.60,5843100
2020-07-14 20:00:00-04:00,19.23,19.89,19.16,19.70,6842500
2020-07-15 20:00:00-04:00,19.49,19.93,19.07,19.71,3999800
2020-07-16 20:00:00-04:00,19.80,20.09,19.39,19.59,3515900
2020-07-19 20:00:00-04:00,19.55,19.94,19.25,19.30,2953500
2020-07-20 20:00:00-04:00,19.69,20.75,19.65,20.48,5350900
2020-07-21 20:00:00-04:00,19.67,20.20,19.38,20.16,4153800
2020-07-22 20:00:00-04:00,20.46,20.46,19.39,19.79,6662200
2020-07-23 20:00:00-04:00,19.85,20.04,19.54,19.62,3267200
2020-07-26 20:00:00-04:00,19.58,19.73,18.97,19.14,6858000
2020-07-27 20:00:00-04:00,19.13,19.52,18.99,19.17,5688000
2020-07-28 20:00:00-04:00,18.78,20.33,18.24,20.31,8548825
2020-07-29 20:00:00-04:00,19.78,20.14,19.52,19.84,5774500
2020-07-30 20:00:00-04:00,20.44,20.44,19.10,19.70,7236200
2020-08-02 20:00:00-04:00,19.56,20.07,19.44,19.85,3838200
2020-08-03 20:00:00-04:00,19.79,20.78,19.76,20.61,4397000
2020-08-04 20:00:00-04:00,21.19,22.14,20.68,21.53,8123600
2020-08-05 20:00:00-04:00,21.37,21.51,20.50,20.55,5669800
2020-08-06 20:00:00-04:00,20.30,20.87,20.19,20.81,3068900
2020-08-09 20:00:00-04:00,20.96,21.69,20.93,21.33,3871100
2020-08-10 20:00:00-04:00,21.88,22.03,21.19,21.20,5251900
2020-08-11 20:00:00-04:00,21.64,21.94,20.96,21.14,5877300
2020-08-12 20:00:00-04:00,21.01,21.16,20.18,20.34,4313200
2020-08-13 20:00:00-04:00,20.35,21.14,20.18,20.82,3175500
2020-08-16 20:00:00-04:00,20.81,20.95,20.41,20.46,3152700
2020-08-17 20:00:00-04:00,20.46,20.57,19.75,19.82,5420700
2020-08-18 20:00:00-04:00,19.82,20.16,19.58,19.67,2736400
2020-08-19 20:00:00-04:00,19.41,19.66,19.23,19.45,2963900
2020-08-20 20:00:00-04:00,19.31,19.31,18.69,18.98,3851200
2020-08-23 20:00:00-04:00,19.06,19.41,18.76,19.25,3545000
2020-08-24 20:00:00-04:00,19.49,19.67,18.72,19.25,4236900
2020-08-25 20:00:00-04:00,19.22,19.30,18.68,18.75,4181000
2020-08-26 20:00:00-04:00,18.79,19.18,18.76,19.09,3168600
2020-08-27 20:00:00-04:00,19.51,19.95,19.24,19.82,3353100
2020-08-30 20:00:00-04:00,19.78,19.80,19.25,19.40,3497100
2020-08-31 20:00:00-04:00,19.24,19.43,18.96,19.17,3243400
2020-09-01 20:00:00-04:00,19.08,19.53,18.99,19.28,3003100
2020-09-02 20:00:00-04:00,19.27,19.66,18.76,19.00,3941100
2020-09-03 20:00:00-04:00,19.15,19.41,18.44,18.89,3426100
2020-09-07 20:00:00-04:00,18.60,18.70,18.02,18.46,4448600
2020-09-08 20:00:00-04:00,18.66,18.86,18.45,18.69,2850100
2020-09-09 20:00:00-04:00,18.81,18.95,18.36,18.38,3190800
2020-09-10 20:00:00-04:00,18.45,18.74,18.26,18.60,3256800
2020-09-13 20:00:00-04:00,18.76,19.50,18.60,19.27,4100000
2020-09-14 20:00:00-04:00,19.31,19.51,18.40,18.56,5131200
2020-09-15 20:00:00-04:00,18.72,20.09,18.68,19.82,4638000
2020-09-16 20:00:00-04:00,19.34,19.99,19.07,19.79,4414200
2020-09-17 20:00:00-04:00,19.61,19.68,19.18,19.44,8246000
2020-09-20 20:00:00-04:00,18.65,19.02,18.21,18.67,5262900
2020-09-21 20:00:00-04:00,18.91,19.32,18.06,18.12,4608600
2020-09-22 20:00:00-04:00,18.18,18.47,17.31,17.32,4809000
2020-09-23 20:00:00-04:00,17.40,17.64,16.44,17.28,5503600
2020-09-24 20:00:00-04:00,17.04,17.71,17.02,17.66,3508000
2020-09-27 20:00:00-04:00,17.99,18.54,17.84,18.36,3967100
2020-09-28 20:00:00-04:00,18.79,18.99,18.51,18.83,5829400
2020-09-29 20:00:00-04:00,18.79,19.25,18.28,18.34,5967900
2020-09-30 20:00:00-04:00,18.18,18.48,17.75,17.84,3733000
2020-10-01 20:00:00-04:00,17.39,18.88,17.34,18.73,4413500
2020-10-04 20:00:00-04:00,19.42,19.76,19.05,19.49,3806600
2020-10-05 20:00:00-04:00,19.91,20.08,18.75,19.10,4789600
2020-10-06 20:00:00-04:00,19.19,19.73,19.05,19.63,3377800
2020-10-07 20:00:00-04:00,19.82,20.78,19.54,20.76,4541800
2020-10-08 20:00:00-04:00,20.97,21.02,20.42,20.51,3762900
2020-10-11 20:00:00-04:00,20.49,20.69,20.28,20.59,2916000
2020-10-12 20:00:00-04:00,20.30,20.88,20.16,20.79,3796500
2020-10-13 20:00:00-04:00,20.81,21.64,20.78,21.14,4564200
2020-10-14 20:00:00-04:00,20.16,21.07,20.11,21.05,5486300
2020-10-15 20:00:00-04:00,21.06,21.13,20.40,20.40,3849900
2020-10-18 20:00:00-04:00,20.51,20.82,19.94,19.97,3966700
2020-10-19 20:00:00-04:00,20.33,20.74,20.11,20.42,3753600
2020-10-20 20:00:00-04:00,20.21,20.37,20.03,20.07,3035200
2020-10-21 20:00:00-04:00,20.19,21.74,20.17,21.65,5228700
2020-10-22 20:00:00-04:00,21.89,21.91,21.24,21.57,5381500
2020-10-25 20:00:00-04:00,21.27,21.30,20.54,20.83,5358200
2020-10-26 20:00:00-04:00,20.80,21.14,20.65,20.70,4699500
2020-10-27 20:00:00-04:00,21.42,21.62,19.86,20.54,8053700
2020-10-28 20:00:00-04:00,20.40,21.55,19.77,21.46,6073000
2020-10-29 20:00:00-04:00,21.41,21.66,20.58,21.12,5618600
2020-11-01 19:00:00-05:00,21.23,21.53,20.83,21.29,4531100
2020-11-02 19:00:00-05:00,21.55,21.82,21.03,21.06,4369900
2020-11-03 19:00:00-05:00,21.12,21.46,20.50,20.83,6195600
2020-11-04 19:00:00-05:00,20.82,21.20,20.58,20.79,4462700
2020-11-05 19:00:00-05:00,20.70,21.33,19.49,19.59,5948400
2020-11-08 19:00:00-05:00,21.67,23.28,21.49,22.83,8548825
2020-11-09 19:00:00-05:00,23.24,23.78,22.59,23.70,6096500
2020-11-10 19:00:00-05:00,24.04,24.15,23.17,23.40,4145200
2020-11-11 19:00:00-05:00,22.94,23.31,21.96,22.41,4237400
2020-11-12 19:00:00-05:00,22.85,23.26,22.47,23.06,3616600
2020-11-15 19:00:00-05:00,23.83,24.28,23.29,23.56,4764700
2020-11-16 19:00:00-05:00,23.24,24.27,23.10,24.26,3777600
2020-11-17 19:00:00-05:00,24.20,24.90,23.53,23.53,4443100
2020-11-18 19:00:00-05:00,23.25,24.36,23.03,24.26,3363600
2020-11-19 19:00:00-05:00,24.17,24.42,23.80,24.01,2743400
2020-11-22 19:00:00-05:00,24.41,25.65,24.36,25.62,3369100
2020-11-23 19:00:00-05:00,26.88,27.60,26.47,27.43,5659300
2020-11-24 19:00:00-05:00,27.17,28.00,26.66,27.34,4082700
2020-11-26 19:00:00-05:00,27.08,27.46,26.82,27.12,1554300
2020-11-29 19:00:00-05:00,26.81,27.10,25.93,26.13,5533100
2020-11-30 19:00:00-05:00,26.95,27.09,26.28,26.56,3278500
2020-12-01 19:00:00-05:00,26.32,27.64,26.29,27.29,3113000
2020-12-02 19:00:00-05:00,27.35,28.46,27.07,28.04,3526800
2020-12-03 19:00:00-05:00,28.75,29.65,28.72,29.59,3932000
2020-12-06 19:00:00-05:00,29.25,29.58,28.57,29.36,4464400
2020-12-07 19:00:00-05:00,29.08,30.27,29.00,29.71,3292300
2020-12-08 19:00:00-05:00,30.20,30.55,28.88,29.30,3292900
2020-12-09 19:00:00-05:00,29.38,30.56,29.32,30.41,4082400
2020-12-10 19:00:00-05:00,29.92,30.34,29.67,30.28,2691900
2020-12-13 19:00:00-05:00,30.59,30.71,29.08,29.24,4106900
2020-12-14 19:00:00-05:00,29.58,30.20,29.08,30.09,3601600
2020-12-15 19:00:00-05:00,30.08,30.14,29.35,29.61,3013300
2020-12-16 19:00:00-05:00,29.87,30.03,29.19,29.67,3289300
2020-12-17 19:00:00-05:00,29.63,29.80,28.87,29.04,7019800
2020-12-20 19:00:00-05:00,27.95,29.00,27.70,28.69,3845900
2020-12-21 19:00:00-05:00,28.71,29.10,28.12,28.14,2767200
2020-12-22 19:00:00-05:00,28.41,28.83,28.02,28.26,2321600
2020-12-23 19:00:00-05:00,28.28,28.30,27.61,28.26,1344100
2020-12-27 19:00:00-05:00,28.32,28.60,27.69,27.98,2945700
2020-12-28 19:00:00-05:00,28.15,28.22,27.44,27.77,2752400
2020-12-29 19:00:00-05:00,27.69,28.22,27.64,27.77,2462900
2020-12-30 19:00:00-05:00,27.61,28.02,27.43,27.96,2191000
2021-01-03 19:00:00-05:00,28.41,28.49,27.23,27.31,3516300
2021-01-04 19:00:00-05:00,27.57,29.43,27.55,28.68,3416700
2021-01-05 19:00:00-05:00,29.14,29.49,28.50,29.01,3329000
2021-01-06 19:00:00-05:00,29.49,29.74,28.99,29.65,2952000
2021-01-07 19:00:00-05:00,29.90,29.94,28.82,29.08,3470400
2021-01-10 19:00:00-05:00,28.47,30.14,28.16,30.03,2948300
2021-01-11 19:00:00-05:00,30.39,31.77,30.18,31.69,3423700
2021-01-12 19:00:00-05:00,31.61,32.37,31.36,31.84,2668200
2021-01-13 19:00:00-05:00,32.13,33.29,32.06,32.60,3518000
2021-01-14 19:00:00-05:00,32.41,32.57,31.34,32.17,2775300
2021-01-18 19:00:00-05:00,32.38,32.44,31.83,32.13,2708500
2021-01-19 19:00:00-05:00,32.40,32.52,31.64,32.06,2470300
2021-01-20 19:00:00-05:00,32.05,32.18,30.75,31.23,2924100
2021-01-21 19:00:00-05:00,30.43,31.29,30.18,31.20,2903600
2021-01-24 19:00:00-05:00,31.01,31.09,30.10,30.76,3294000
2021-01-25 19:00:00-05:00,31.09,32.20,30.61,30.68,3676800
2021-01-26 19:00:00-05:00,30.59,30.59,29.46,29.54,4027100
2021-01-27 19:00:00-05:00,29.81,30.80,29.65,30.67,3516000
2021-01-28 19:00:00-05:00,30.25,30.77,29.30,29.67,3867900
2021-01-31 19:00:00-05:00,30.07,30.36,28.98,29.81,2786700
2021-02-01 19:00:00-05:00,30.57,30.99,30.13,30.70,2514300
2021-02-02 19:00:00-05:00,30.83,31.92,30.75,31.64,2872700
2021-02-03 19:00:00-05:00,31.81,31.99,31.35,31.63,1864300
2021-02-04 19:00:00-05:00,32.33,32.58,31.82,31.91,2628300
2021-02-07 19:00:00-05:00,32.07,32.63,31.91,32.35,2564200
2021-02-08 19:00:00-05:00,32.33,32.44,31.77,32.30,2037600
2021-02-09 19:00:00-05:00,32.64,33.35,32.48,33.34,3132700
2021-02-10 19:00:00-05:00,33.23,33.67,32.43,32.99,2727500
2021-02-11 19:00:00-05:00,32.90,33.72,32.79,33.60,3049600
2021-02-15 19:00:00-05:00,34.27,34.76,34.12,34.23,2879400
2021-02-16 19:00:00-05:00,34.38,34.53,33.57,34.26,1987100
2021-02-17 19:00:00-05:00,34.00,34.06,33.11,33.42,2349000
2021-02-18 19:00:00-05:00,33.46,34.26,33.37,34.13,2050400
2021-02-21 19:00:00-05:00,34.21,34.94,34.13,34.34,2757500
2021-02-22 19:00:00-05:00,33.89,34.18,31.70,33.98,5428000
2021-02-23 19:00:00-05:00,34.33,35.11,33.46,34.80,3087700
2021-02-24 19:00:00-05:00,35.09,35.15,33.60,33.82,2840400
2021-02-25 19:00:00-05:00,33.63,33.97,32.34,32.99,4410200
2021-02-28 19:00:00-05:00,33.90,35.75,33.77,35.36,4078200
2021-03-01 19:00:00-05:00,35.23,35.48,34.81,34.93,2787800
2021-03-02 19:00:00-05:00,35.27,36.80,35.23,35.59,2832500
2021-03-03 19:00:00-05:00,35.82,36.87,35.26,35.94,3347200
2021-03-04 19:00:00-05:00,36.87,37.09,35.25,36.93,3065900
2021-03-07 19:00:00-05:00,37.25,38.16,36.72,36.90,3562900
2021-03-08 19:00:00-05:00,36.86,37.78,36.07,36.23,3111500
2021-03-09 19:00:00-05:00,36.50,38.07,36.28,37.95,2717800
2021-03-10 19:00:00-05:00,37.95,38.48,37.51,37.54,2282700
2021-03-11 19:00:00-05:00,38.04,38.44,37.54,38.44,3151300
2021-03-14 20:00:00-04:00,38.44,38.67,37.40,38.21,2529900
2021-03-15 20:00:00-04:00,37.67,37.78,36.79,36.90,2502900
2021-03-16 20:00:00-04:00,36.58,37.63,36.29,37.48,2014800
2021-03-17 20:00:00-04:00,37.30,37.41,35.73,35.91,2491700
2021-03-18 20:00:00-04:00,36.01,37.04,35.63,36.10,8491900
2021-03-21 20:00:00-04:00,36.57,36.72,35.99,36.12,3175300
2021-03-22 20:00:00-04:00,35.38,36.14,35.02,35.35,3606800
2021-03-23 20:00:00-04:00,35.94,36.87,35.91,36.31,3065200
2021-03-24 20:00:00-04:00,35.50,37.17,35.27,37.02,2662600
2021-03-25 20:00:00-04:00,37.53,38.17,37.19,38.13,2718800
2021-03-28 20:00:00-04:00,37.92,38.06,37.05,37.67,2333300
2021-03-29 20:00:00-04:00,37.25,37.62,37.06,37.44,1950600
2021-03-30 20:00:00-04:00,37.44,37.86,37.27,37.74,2326500
2021-03-31 20:00:00-04:00,37.86,38.26,37.13,38.25,2525400
2021-04-04 20:00:00-04:00,38.25,38.33,37.69,38.01,2189000
2021-04-05 20:00:00-04:00,38.22,38.82,38.13,38.18,2962900
2021-04-06 20:00:00-04:00,38.46,38.66,37.89,38.10,2495000
2021-04-07 20:00:00-04:00,37.84,37.84,37.03,37.59,3479300
2021-04-08 20:00:00-04:00,37.34,38.07,37.28,37.93,2011800
2021-04-11 20:00:00-04:00,38.07,38.36,37.72,37.92,2091500
2021-04-12 20:00:00-04:00,37.88,38.27,37.41,38.06,2621100
2021-04-13 20:00:00-04:00,38.33,39.02,38.22,38.37,3085000
2021-04-14 20:00:00-04:00,38.65,39.13,38.15,39.03,2520300
2021-04-15 20:00:00-04:00,39.29,39.31,38.29,38.44,2257100
2021-04-18 20:00:00-04:00,38.62,38.87,38.03,38.57,2470800
2021-04-19 20:00:00-04:00,38.48,38.55,37.22,37.72,2665800
2021-04-20 20:00:00-04:00,37.39,38.96,37.19,38.86,2524900
2021-04-21 20:00:00-04:00,38.90,38.96,38.01,38.02,3364400
2021-04-22 20:00:00-04:00,38.26,38.45,37.69,38.40,4133200
2021-04-25 20:00:00-04:00,38.25,38.52,38.10,38.29,2641300
2021-04-26 20:00:00-04:00,38.33,38.73,38.22,38.61,2752300
2021-04-27 20:00:00-04:00,38.84,39.84,38.73,39.56,4328600
2021-04-28 20:00:00-04:00,39.94,40.73,39.35,39.91,2918900
2021-04-29 20:00:00-04:00,39.48,40.48,39.29,39.72,2695500
2021-05-02 20:00:00-04:00,40.13,40.22,39.58,40.01,2526300
2021-05-03 20:00:00-04:00,40.19,40.26,39.52,39.90,2206200
2021-05-04 20:00:00-04:00,40.26,40.95,39.97,40.33,2548200
2021-05-05 20:00:00-04:00,40.42,40.64,39.71,40.53,2497600
2021-05-06 20:00:00-04:00,40.08,40.79,39.95,40.51,2973800
2021-05-09 20:00:00-04:00,40.92,41.57,40.82,40.95,3625000
2021-05-10 20:00:00-04:00,40.22,40.55,39.39,40.42,2556200
2021-05-11 20:00:00-04:00,40.54,41.41,39.75,39.88,3413600
2021-05-12 20:00:00-04:00,39.55,40.58,39.19,40.05,2195200
2021-05-13 20:00:00-04:00,40.79,41.36,40.62,41.24,2286000
2021-05-16 20:00:00-04:00,41.14,41.78,40.80,41.74,2336900
2021-05-17 20:00:00-04:00,41.61,41.81,40.95,40.96,2004300
2021-05-18 20:00:00-04:00,40.14,40.39,39.53,40.11,3147100
2021-05-19 20:00:00-04:00,39.88,40.92,39.57,40.74,2236400
2021-05-20 20:00:00-04:00,41.04,41.33,40.38,40.42,3390800
2021-05-23 20:00:00-04:00,40.88,41.28,40.42,41.08,2611200
2021-05-24 20:00:00-04:00,41.05,41.28,39.91,39.96,2212800
2021-05-25 20:00:00-04:00,40.13,40.18,39.29,39.85,4200400
2021-05-26 20:00:00-04:00,40.22,40.57,39.75,40.07,3534500
2021-05-27 20:00:00-04:00,40.41,40.41,39.80,40.02,3098600
2021-05-31 20:00:00-04:00,40.72,41.07,40.54,40.80,2260500
2021-06-01 20:00:00-04:00,40.97,41.52,40.72,41.17,2093200
2021-06-02 20:00:00-04:00,40.97,41.39,40.68,40.76,2608400
2021-06-03 20:00:00-04:00,41.01,41.21,40.48,40.94,2323200
2021-06-06 20:00:00-04:00,40.98,42.08,40.98,41.86,3535900
2021-06-07 20:00:00-04:00,41.77,42.56,41.54,42.33,4537700
2021-06-08 20:00:00-04:00,42.46,42.63,41.60,41.61,2205000
2021-06-09 20:00:00-04:00,42.11,42.30,41.03,41.57,3056900
2021-06-10 20:00:00-04:00,41.77,41.94,41.57,41.78,2735400
2021-06-13 20:00:00-04:00,42.27,42.64,41.64,42.07,3533300
2021-06-14 20:00:00-04:00,42.30,42.61,41.89,42.48,3494500
2021-06-15 20:00:00-04:00,42.49,43.40,42.33,43.27,3380100
2021-06-16 20:00:00-04:00,43.18,43.42,40.51,41.10,4597600
2021-06-17 20:00:00-04:00,40.54,41.05,40.22,40.23,6967700
2021-06-20 20:00:00-04:00,40.67,42.29,40.56,42.18,2859900
2021-06-21 20:00:00-04:00,42.05,42.15,41.51,42.09,2079600
2021-06-22 20:00:00-04:00,42.40,42.58,41.90,41.91,1340300
2021-06-23 20:00:00-04:00,42.05,42.44,41.64,42.41,2632800
2021-06-24 20:00:00-04:00,42.62,42.91,42.24,42.91,2754700
2021-06-27 20:00:00-04:00,42.71,42.71,41.45,42.07,2567900
2021-06-28 20:00:00-04:00,42.27,42.46,41.86,41.87,1920600
2021-06-29 20:00:00-04:00,41.96,42.81,41.93,42.22,2524700
2021-06-30 20:00:00-04:00,42.87,43.29,42.41,43.20,2369400
2021-07-01 20:00:00-04:00,42.95,43.63,42.87,43.55,1718400
2021-07-05 20:00:00-04:00,43.53,43.55,42.46,42.87,2471000
2021-07-06 20:00:00-04:00,42.77,43.09,41.99,42.07,2191500
2021-07-07 20:00:00-04:00,41.36,42.58,41.14,42.02,2250400
2021-07-08 20:00:00-04:00,42.62,43.67,42.20,43.65,2668300
2021-07-11 20:00:00-04:00,43.11,43.58,42.90,43.19,1690500
2021-07-12 20:00:00-04:00,42.92,43.15,42.39,42.43,1995400
2021-07-13 20:00:00-04:00,42.63,42.92,41.39,41.64,2144700
2021-07-14 20:00:00-04:00,41.17,41.59,40.90,41.33,2497900
2021-07-15 20:00:00-04:00,41.64,41.72,40.39,40.45,1882400
2021-07-18 20:00:00-04:00,39.19,39.43,37.75,38.09,5003600
2021-07-19 20:00:00-04:00,38.38,40.10,38.13,39.75,3405700
2021-07-20 20:00:00-04:00,40.52,41.32,40.34,40.57,2716500
2021-07-21 20:00:00-04:00,40.55,40.59,39.85,40.29,1666200
2021-07-22 20:00:00-04:00,40.12,40.26,39.50,40.18,2178500
2021-07-25 20:00:00-04:00,40.23,41.06,40.22,40.85,2443700
2021-07-26 20:00:00-04:00,40.42,40.48,39.63,40.16,2274500
2021-07-27 20:00:00-04:00,40.22,40.85,39.70,40.48,1930500
2021-07-28 20:00:00-04:00,40.87,41.18,40.60,40.82,2022600
2021-07-29 20:00:00-04:00,41.22,41.66,39.89,40.13,2838800
2021-08-01 20:00:00-04:00,40.20,41.13,39.59,39.65,1864300
2021-08-02 20:00:00-04:00,39.59,39.88,38.70,39.72,2759500
2021-08-03 20:00:00-04:00,39.11,40.99,38.88,39.94,4506500
2021-08-04 20:00:00-04:00,40.20,40.87,39.96,40.32,2313900
2021-08-05 20:00:00-04:00,40.74,40.88,40.27,40.59,1606700
2021-08-08 20:00:00-04:00,40.19,40.38,39.76,39.96,1963200
2021-08-09 20:00:00-04:00,40.18,40.78,40.05,40.70,1676200
2021-08-10 20:00:00-04:00,40.76,40.91,40.28,40.80,1460400
2021-08-11 20:00:00-04:00,40.92,41.23,40.61,41.21,1719700
2021-08-12 20:00:00-04:00,41.18,41.31,40.46,40.50,1244200
2021-08-15 20:00:00-04:00,40.12,40.62,39.79,39.96,1976000
2021-08-16 20:00:00-04:00,39.58,40.22,38.94,39.60,2137300
2021-08-17 20:00:00-04:00,39.38,39.94,38.94,39.04,1961600
2021-08-18 20:00:00-04:00,38.48,38.87,37.46,38.05,3274100
2021-08-19 20:00:00-04:00,37.81,38.95,37.69,38.94,2129900
2021-08-22 20:00:00-04:00,39.77,40.24,39.52,40.14,2374800
2021-08-23 20:00:00-04:00,40.36,41.06,40.26,40.90,2220800
2021-08-24 20:00:00-04:00,40.85,41.72,40.67,41.28,1738900
2021-08-25 20:00:00-04:00,41.21,41.38,40.56,40.58,1490400
2021-08-26 20:00:00-04:00,41.01,41.89,40.93,41.58,1726300
2021-08-29 20:00:00-04:00,41.65,41.74,40.94,40.96,1578900
2021-08-30 20:00:00-04:00,40.77,41.01,40.43,40.56,2946100
2021-08-31 20:00:00-04:00,40.55,40.68,40.19,40.22,1643800
2021-09-01 20:00:00-04:00,40.53,41.25,40.50,41.15,1557100
2021-09-02 20:00:00-04:00,41.20,41.46,40.81,41.06,1207500
2021-09-06 20:00:00-04:00,40.81,41.29,40.40,40.52,1983300
2021-09-07 20:00:00-04:00,40.70,41.15,40.29,40.43,1454900
2021-09-08 20:00:00-04:00,40.27,40.99,39.93,40.47,1545700
2021-09-09 20:00:00-04:00,41.00,41.08,40.47,40.54,1560300
2021-09-12 20:00:00-04:00,41.08,41.70,40.95,41.25,2243600
2021-09-13 20:00:00-04:00,41.62,41.62,40.69,40.97,1748000
2021-09-14 20:00:00-04:00,41.17,43.04,41.11,43.02,3784700
2021-09-15 20:00:00-04:00,43.02,43.30,42.47,42.91,2389800
2021-09-16 20:00:00-04:00,42.77,43.21,42.42,42.60,4598700
2021-09-19 20:00:00-04:00,41.45,41.45,40.24,40.92,4309100
2021-09-20 20:00:00-04:00,41.55,41.76,40.81,41.17,2838500
2021-09-21 20:00:00-04:00,41.74,42.77,41.74,42.36,2257700
2021-09-22 20:00:00-04:00,43.17,44.54,42.81,44.37,3559000
2021-09-23 20:00:00-04:00,44.10,44.59,43.88,44.38,3197700
2021-09-26 20:00:00-04:00,45.08,46.08,44.91,45.49,3343400
2021-09-27 20:00:00-04:00,45.91,46.16,44.84,45.01,2713300
2021-09-28 20:00:00-04:00,45.24,45.92,44.71,45.42,2228100
2021-09-29 20:00:00-04:00,45.58,45.58,44.74,44.78,2663300
2021-09-30 20:00:00-04:00,45.03,46.10,44.62,45.91,2052400
2021-10-03 20:00:00-04:00,46.39,47.48,46.18,46.38,3036500
2021-10-04 20:00:00-04:00,47.18,47.55,46.24,46.50,2351200
2021-10-05 20:00:00-04:00,46.00,46.54,45.20,46.41,2414400
2021-10-06 20:00:00-04:00,46.49,47.25,46.47,46.91,1924600
2021-10-07 20:00:00-04:00,47.25,47.81,47.06,47.59,1455400
2021-10-10 20:00:00-04:00,48.13,48.48,47.59,47.80,1885500
2021-10-11 20:00:00-04:00,47.88,49.05,47.59,48.61,2165700
2021-10-12 20:00:00-04:00,48.09,48.98,47.71,48.86,2036300
2021-10-13 20:00:00-04:00,49.50,50.02,49.24,49.85,1924400
2021-10-14 20:00:00-04:00,50.20,50.73,50.16,50.29,1960600
2021-10-17 20:00:00-04:00,50.59,51.19,49.96,50.34,2919600
2021-10-18 20:00:00-04:00,50.54,50.79,50.06,50.30,1748100
2021-10-19 20:00:00-04:00,50.23,50.91,50.00,50.30,1702400
2021-10-20 20:00:00-04:00,50.04,50.38,49.11,49.66,3054700
2021-10-21 20:00:00-04:00,49.66,50.13,49.13,50.05,2285000
2021-10-24 20:00:00-04:00,50.50,50.96,50.34,50.87,1771900
2021-10-25 20:00:00-04:00,50.97,51.57,50.81,50.85,2060600
2021-10-26 20:00:00-04:00,50.54,50.91,50.17,50.36,1975300
2021-10-27 20:00:00-04:00,50.23,50.78,50.10,50.58,1744100
2021-10-28 20:00:00-04:00,50.57,50.70,49.58,49.84,2444400
2021-10-31 20:00:00-04:00,50.14,50.45,49.75,50.25,1637700
2021-11-01 20:00:00-04:00,50.14,50.57,49.85,50.19,3198000
2021-11-02 20:00:00-04:00,50.06,51.44,49.58,50.08,3246500
2021-11-03 20:00:00-04:00,50.70,50.90,49.07,49.70,2554100
2021-11-04 20:00:00-04:00,50.37,50.73,50.05,50.70,1851200
2021-11-07 19:00:00-05:00,51.15,51.31,50.61,50.83,2158100
2021-11-08 19:00:00-05:00,50.82,50.83,49.94,50.66,2397500
2021-11-09 19:00:00-05:00,50.39,50.80,48.60,49.25,2670400
2021-11-10 19:00:00-05:00,49.16,49.77,49.06,49.63,2068400
2021-11-11 19:00:00-05:00,49.29,49.63,48.96,49.43,1718700
2021-11-14 19:00:00-05:00,49.43,49.83,48.78,49.64,2334500
2021-11-15 19:00:00-05:00,49.83,49.99,49.02,49.48,2006000
2021-11-16 19:00:00-05:00,49.20,50.19,49.15,49.75,2088400
2021-11-17 19:00:00-05:00,49.75,50.14,49.06,49.79,1785300
2021-11-18 19:00:00-05:00,48.93,49.27,47.95,48.09,2983700
2021-11-21 19:00:00-05:00,48.10,49.32,48.02,48.53,3019500
2021-11-22 19:00:00-05:00,49.30,50.31,49.18,50.15,2375400
2021-11-23 19:00:00-05:00,49.90,50.85,49.76,50.77,2372700
2021-11-25 19:00:00-05:00,48.61,49.38,47.64,48.94,1911600
2021-11-28 19:00:00-05:00,49.92,50.03,48.73,48.93,2118900
2021-11-29 19:00:00-05:00,47.92,48.27,46.68,46.88,4330200
2021-11-30 19:00:00-05:00,48.18,48.41,45.93,45.95,2856100
2021-12-01 19:00:00-05:00,46.01,47.72,45.20,47.55,3848000
2021-12-02 19:00:00-05:00,48.09,48.35,46.63,47.01,2423700
2021-12-05 19:00:00-05:00,47.76,48.28,46.76,47.70,2168700
2021-12-06 19:00:00-05:00,48.53,49.65,48.38,49.11,3298700
2021-12-07 19:00:00-05:00,49.36,49.49,48.85,48.85,2056300
2021-12-08 19:00:00-05:00,48.43,48.71,48.10,48.36,1471300
2021-12-09 19:00:00-05:00,48.79,48.90,47.85,48.57,1662900
2021-12-12 19:00:00-05:00,48.16,48.25,46.90,47.16,2050600
2021-12-13 19:00:00-05:00,46.87,47.65,46.25,46.51,2727600
2021-12-14 19:00:00-05:00,46.50,46.98,45.42,46.66,2410000
2021-12-15 19:00:00-05:00,46.39,47.12,45.55,45.68,2954000
2021-12-16 19:00:00-05:00,45.54,45.79,44.52,45.32,5655300
2021-12-19 19:00:00-05:00,44.35,44.94,43.60,44.29,2770400
2021-12-20 19:00:00-05:00,44.85,45.63,44.85,45.37,2457600
2021-12-21 19:00:00-05:00,45.35,45.49,44.67,45.27,1471400
2021-12-22 19:00:00-05:00,45.59,45.91,45.45,45.45,1739400
2021-12-26 19:00:00-05:00,45.53,46.59,45.26,46.54,1485700
2021-12-27 19:00:00-05:00,46.54,46.81,46.10,46.54,1194700
2021-12-28 19:00:00-05:00,46.18,46.38,45.74,46.04,1358400
2021-12-29 19:00:00-05:00,46.03,46.26,45.78,45.81,1397500
2021-12-30 19:00:00-05:00,45.74,46.32,45.63,46.03,1202600
2022-01-02 19:00:00-05:00,46.19,47.07,46.06,47.00,2471500
2022-01-03 19:00:00-05:00,47.52,48.38,47.36,48.10,2813800
2022-01-04 19:00:00-05:00,48.61,48.81,47.43,47.51,2102200
2022-01-05 19:00:00-05:00,48.73,48.85,47.54,48.30,2449500
2022-01-06 19:00:00-05:00,48.30,49.01,48.10,48.93,2242800
2022-01-09 19:00:00-05:00,48.36,48.79,46.82,47.62,3083000
2022-01-10 19:00:00-05:00,47.93,49.00,47.32,48.95,3134700
2022-01-11 19:00:00-05:00,49.31,49.79,48.85,48.96,2538400
2022-01-12 19:00:00-05:00,48.96,49.40,48.13,48.30,2334800
2022-01-13 19:00:00-05:00,48.49,49.18,48.21,49.05,2879700
2022-01-17 19:00:00-05:00,49.36,49.43,47.49,48.12,2839700
2022-01-18 19:00:00-05:00,48.49,48.57,47.15,47.17,3220900
2022-01-19 19:00:00-05:00,46.85,47.92,46.43,46.53,2741400
2022-01-20 19:00:00-05:00,45.99,46.70,45.46,45.85,3172700
2022-01-23 19:00:00-05:00,44.75,46.10,43.52,45.93,5177700
2022-01-24 19:00:00-05:00,45.54,47.09,44.66,46.68,3243500
2022-01-25 19:00:00-05:00,47.45,48.29,46.35,46.89,3723100
2022-01-26 19:00:00-05:00,47.77,48.16,46.31,47.14,2875600
2022-01-27 19:00:00-05:00,47.03,47.23,45.81,47.18,2445700
2022-01-30 19:00:00-05:00,47.14,48.30,46.64,48.29,2795400
2022-01-31 19:00:00-05:00,47.85,49.34,47.51,49.24,2535600
2022-02-01 19:00:00-05:00,49.39,50.17,48.97,50.05,3809400
2022-02-02 19:00:00-05:00,49.51,49.80,48.89,49.40,2088100
2022-02-03 19:00:00-05:00,49.65,50.51,49.47,50.05,2908100
2022-02-06 19:00:00-05:00,50.05,50.81,49.71,50.34,2093600
2022-02-07 19:00:00-05:00,50.30,50.44,49.42,49.92,2047900
2022-02-08 19:00:00-05:00,50.20,51.15,50.06,50.64,2107300
2022-02-09 19:00:00-05:00,50.22,51.57,49.75,50.15,2470000
2022-02-10 19:00:00-05:00,50.43,51.41,50.09,51.34,2585000
2022-02-13 19:00:00-05:00,51.11,51.24,49.86,50.07,2465700
2022-02-14 19:00:00-05:00,49.59,50.18,49.36,49.68,1907800
2022-02-15 19:00:00-05:00,50.04,50.56,49.44,49.86,2081400
2022-02-16 19:00:00-05:00,49.86,50.18,49.39,49.82,1901000
2022-02-17 19:00:00-05:00,49.32,49.94,48.90,49.19,2304800
2022-02-21 19:00:00-05:00,50.20,50.23,47.13,47.88,2840600
2022-02-22 19:00:00-05:00,48.03,48.85,47.89,48.37,2303700
2022-02-23 19:00:00-05:00,48.65,49.05,47.46,48.97,3600200
2022-02-24 19:00:00-05:00,49.16,50.95,49.07,50.93,3735800
2022-02-27 19:00:00-05:00,50.56,52.31,50.43,51.97,6241000
2022-02-28 19:00:00-05:00,52.31,52.31,50.07,50.79,4844000
2022-03-01 19:00:00-05:00,51.90,53.76,51.42,53.39,5726800
2022-03-02 19:00:00-05:00,53.32,54.17,52.95,53.88,3629800
2022-03-03 19:00:00-05:00,53.60,54.50,53.41,54.45,2857600
2022-03-06 19:00:00-05:00,54.91,55.63,53.41,54.52,3256700
2022-03-07 19:00:00-05:00,55.35,55.63,52.78,53.11,3854400
2022-03-08 19:00:00-05:00,52.63,53.90,51.97,53.01,3065900
2022-03-09 19:00:00-05:00,53.17,53.97,53.00,53.72,2053200
2022-03-10 19:00:00-05:00,53.65,54.07,52.54,52.57,3287500
2022-03-13 20:00:00-04:00,52.01,52.88,50.50,51.34,4108800
2022-03-14 20:00:00-04:00,50.40,51.38,49.50,51.14,3613000
2022-03-15 20:00:00-04:00,51.30,51.62,50.33,51.46,3201400
2022-03-16 20:00:00-04:00,52.12,53.40,51.81,53.21,2924800
2022-03-17 20:00:00-04:00,53.33,53.64,52.86,53.32,8548825
2022-03-20 20:00:00-04:00,54.11,54.75,53.80,54.53,2197500
2022-03-21 20:00:00-04:00,54.41,54.73,53.82,54.35,1873500
2022-03-22 20:00:00-04:00,54.90,55.36,54.70,54.89,1957000
2022-03-23 20:00:00-04:00,55.25,56.50,55.20,56.05,3036700
2022-03-24 20:00:00-04:00,56.05,57.57,55.99,57.51,2310400
2022-03-27 20:00:00-04:00,56.50,56.81,56.14,56.53,1877300
2022-03-28 20:00:00-04:00,55.58,56.79,55.33,56.69,2140600
2022-03-29 20:00:00-04:00,57.10,57.42,56.64,57.07,1749900
2022-03-30 20:00:00-04:00,56.82,57.59,56.17,56.21,2834200
2022-03-31 20:00:00-04:00,56.30,57.23,56.22,56.84,2048900
2022-04-03 20:00:00-04:00,57.11,57.26,56.43,56.64,1749900
2022-04-04 20:00:00-04:00,56.86,57.23,55.53,55.58,2174200
2022-04-05 20:00:00-04:00,55.83,56.85,55.35,56.34,2193000
2022-04-06 20:00:00-04:00,56.50,56.82,55.37,56.41,1747200
2022-04-07 20:00:00-04:00,56.65,57.11,56.22,56.99,1907800
2022-04-10 20:00:00-04:00,56.50,56.76,55.67,55.91,2086600
2022-04-11 20:00:00-04:00,56.22,57.16,56.21,56.35,1661900
2022-04-12 20:00:00-04:00,56.77,57.19,56.22,56.74,1582500
2022-04-13 20:00:00-04:00,56.73,57.17,56.39,56.74,1702500
2022-04-17 20:00:00-04:00,57.11,58.40,56.71,57.70,4433700
2022-04-18 20:00:00-04:00,57.36,58.15,57.23,57.43,2317000
2022-04-19 20:00:00-04:00,57.77,58.78,57.61,58.59,2423200
2022-04-20 20:00:00-04:00,58.89,59.74,56.77,56.88,3750700
2022-04-21 20:00:00-04:00,56.73,56.86,55.07,55.13,3336600
2022-04-24 20:00:00-04:00,53.76,53.82,51.25,52.76,3516200
2022-04-25 20:00:00-04:00,53.03,53.47,51.94,51.94,2357300
2022-04-26 20:00:00-04:00,52.12,52.84,51.61,52.12,2383300
2022-04-27 20:00:00-04:00,52.49,53.60,51.68,53.25,2390600
2022-04-28 20:00:00-04:00,53.39,53.65,50.96,51.11,2719000
2022-05-01 20:00:00-04:00,50.97,51.64,50.30,51.55,2797900
2022-05-02 20:00:00-04:00,51.55,52.92,51.55,52.56,2992800
2022-05-03 20:00:00-04:00,53.24,54.65,52.21,54.36,3503500
2022-05-04 20:00:00-04:00,54.53,54.53,50.85,51.69,4076600
2022-05-05 20:00:00-04:00,52.08,52.99,50.60,52.94,2773400
2022-05-08 20:00:00-04:00,51.96,52.13,49.54,49.80,3943900
2022-05-09 20:00:00-04:00,50.32,51.78,49.65,50.43,3712600
2022-05-10 20:00:00-04:00,51.02,52.44,49.72,49.86,2903700
2022-05-11 20:00:00-04:00,49.97,50.89,49.51,50.68,2651600
2022-05-12 20:00:00-04:00,51.52,52.44,51.32,52.18,2148900
2022-05-15 20:00:00-04:00,52.31,53.14,52.27,52.61,1935900
2022-05-16 20:00:00-04:00,53.17,53.87,52.50,53.73,2398700
2022-05-17 20:00:00-04:00,53.95,53.97,51.71,52.29,2552300
2022-05-18 20:00:00-04:00,51.18,52.10,50.81,51.08,2294800
2022-05-19 20:00:00-04:00,51.49,51.71,50.15,51.28,2212300
2022-05-22 20:00:00-04:00,51.80,51.91,51.03,51.30,2407700
2022-05-23 20:00:00-04:00,50.96,51.56,50.19,51.43,2199900
2022-05-24 20:00:00-04:00,51.56,52.63,51.49,52.57,3153200
2022-05-25 20:00:00-04:00,52.94,53.45,52.79,53.12,1820900
2022-05-26 20:00:00-04:00,52.95,54.15,52.77,54.11,1752700
2022-05-30 20:00:00-04:00,54.40,54.76,52.83,53.15,5397500
2022-05-31 20:00:00-04:00,53.55,54.39,52.73,53.95,2558000
2022-06-01 20:00:00-04:00,53.69,54.60,53.50,54.40,1715100
2022-06-02 20:00:00-04:00,54.40,54.61,53.91,54.29,1539900
2022-06-05 20:00:00-04:00,54.65,54.79,53.94,54.19,1525600
2022-06-06 20:00:00-04:00,53.99,55.83,53.88,55.80,2094000
2022-06-07 20:00:00-04:00,55.66,56.27,54.91,55.28,1976400
2022-06-08 20:00:00-04:00,55.07,55.15,53.36,53.42,1747700
2022-06-09 20:00:00-04:00,52.46,52.88,51.53,52.25,2587700
2022-06-12 20:00:00-04:00,50.85,50.93,48.69,49.31,3858800
2022-06-13 20:00:00-04:00,49.59,50.17,48.17,48.74,2810400
2022-06-14 20:00:00-04:00,48.76,49.30,47.02,48.17,3090600
2022-06-15 20:00:00-04:00,46.85,47.06,44.70,44.98,4979100
2022-06-16 20:00:00-04:00,44.86,45.33,42.25,43.09,8283500
2022-06-20 20:00:00-04:00,44.18,45.26,43.88,44.82,3820300
2022-06-21 20:00:00-04:00,43.11,44.22,42.55,43.44,3740800
2022-06-22 20:00:00-04:00,43.69,43.84,42.12,43.03,3352200
2022-06-23 20:00:00-04:00,43.72,44.41,43.22,44.04,4258300
2022-06-26 20:00:00-04:00,44.47,46.07,44.47,45.74,3580600
2022-06-27 20:00:00-04:00,46.71,47.54,45.75,45.99,3288000
2022-06-28 20:00:00-04:00,46.67,46.73,45.03,45.30,2572300
2022-06-29 20:00:00-04:00,44.39,45.24,44.11,44.79,3841700
2022-06-30 20:00:00-04:00,45.07,46.00,43.94,45.80,3130800
2022-07-04 20:00:00-04:00,44.82,44.87,42.99,44.47,3492400
2022-07-05 20:00:00-04:00,43.89,44.84,42.74,43.77,4450000
2022-07-06 20:00:00-04:00,44.72,45.87,44.72,45.61,2539800
2022-07-07 20:00:00-04:00,45.87,46.33,45.01,45.86,2253600
2022-07-10 20:00:00-04:00,45.18,45.25,44.06,45.02,2911900
2022-07-11 20:00:00-04:00,44.14,44.79,43.74,44.39,2159300
2022-07-12 20:00:00-04:00,43.58,44.88,43.58,44.41,1857500
2022-07-13 20:00:00-04:00,43.07,44.33,42.58,44.27,3525100
2022-07-14 20:00:00-04:00,45.18,45.28,44.36,44.95,1963400
2022-07-17 20:00:00-04:00,45.60,46.33,45.54,45.97,2211400
2022-07-18 20:00:00-04:00,46.00,47.33,46.00,47.10,2111200
2022-07-19 20:00:00-04:00,46.83,47.53,46.38,47.16,2065900
2022-07-20 20:00:00-04:00,45.95,47.14,45.38,47.13,2752200
2022-07-21 20:00:00-04:00,47.48,47.84,46.47,46.80,1474500
2022-07-24 20:00:00-04:00,47.29,47.85,46.71,47.73,2579900
2022-07-25 20:00:00-04:00,48.12,48.75,47.92,48.46,2589200
2022-07-26 20:00:00-04:00,48.72,48.87,47.96,48.66,2144100
2022-07-27 20:00:00-04:00,49.13,49.21,47.83,48.72,2203700
2022-07-28 20:00:00-04:00,49.28,49.65,48.75,48.97,2843700
2022-07-31 20:00:00-04:00,48.36,48.69,47.42,48.46,2314700
2022-08-01 20:00:00-04:00,48.36,48.61,47.19,48.21,3496500
2022-08-02 20:00:00-04:00,48.61,48.94,47.79,48.35,2370800
2022-08-03 20:00:00-04:00,48.05,48.05,47.16,47.24,2583600
2022-08-04 20:00:00-04:00,46.89,48.15,46.52,48.00,2365700
2022-08-07 20:00:00-04:00,48.19,49.24,48.19,48.54,2631300
2022-08-08 20:00:00-04:00,48.83,50.49,48.78,50.32,3121200
2022-08-09 20:00:00-04:00,50.78,51.20,50.19,51.04,2251600
2022-08-10 20:00:00-04:00,51.84,53.62,51.61,53.25,3234900
2022-08-11 20:00:00-04:00,53.06,53.20,52.58,52.75,2113700
2022-08-14 20:00:00-04:00,51.51,52.29,51.07,52.04,1934000
2022-08-15 20:00:00-04:00,52.18,52.50,51.67,51.89,1840600
2022-08-16 20:00:00-04:00,51.58,52.16,51.07,51.61,1828900
2022-08-17 20:00:00-04:00,52.00,52.78,52.00,52.71,1739100
2022-08-18 20:00:00-04:00,52.56,52.76,52.24,52.42,1478200
2022-08-21 20:00:00-04:00,52.02,52.32,51.58,52.06,1954500
2022-08-22 20:00:00-04:00,52.70,53.56,52.60,53.12,2008000
2022-08-23 20:00:00-04:00,53.21,54.33,53.01,54.19,2441500
2022-08-24 20:00:00-04:00,54.45,54.81,54.10,54.64,1928400
2022-08-25 20:00:00-04:00,54.64,54.79,53.15,53.15,1650700
2022-08-28 20:00:00-04:00,52.92,53.55,52.63,52.88,1475900
2022-08-29 20:00:00-04:00,52.24,52.24,51.56,51.67,1848400
2022-08-30 20:00:00-04:00,50.75,51.32,50.02,50.19,3672200
2022-08-31 20:00:00-04:00,49.62,49.65,48.31,48.79,2535700
2022-09-01 20:00:00-04:00,49.96,50.46,49.33,49.64,2502900
2022-09-05 20:00:00-04:00,50.11,50.19,48.67,48.83,1947200
2022-09-06 20:00:00-04:00,48.18,49.64,47.84,49.50,1898100
2022-09-07 20:00:00-04:00,49.48,50.29,49.23,50.26,1687000
2022-09-08 20:00:00-04:00,51.01,51.46,50.66,51.23,1352900
2022-09-11 20:00:00-04:00,51.83,52.57,51.46,52.36,1572600
2022-09-12 20:00:00-04:00,51.28,51.90,50.26,50.56,3225200
2022-09-13 20:00:00-04:00,50.97,52.44,50.96,52.01,3735100
2022-09-14 20:00:00-04:00,51.06,52.15,50.88,51.20,2628800
2022-09-15 20:00:00-04:00,50.88,51.00,48.78,49.37,5467300
2022-09-18 20:00:00-04:00,48.16,49.92,48.15,49.92,1851900
2022-09-19 20:00:00-04:00,49.63,49.68,48.42,48.94,1999400
2022-09-20 20:00:00-04:00,49.77,49.83,47.89,47.90,2874500
2022-09-21 20:00:00-04:00,48.44,48.47,47.21,47.24,2168900
2022-09-22 20:00:00-04:00,45.68,45.71,42.53,43.25,4643700
2022-09-25 20:00:00-04:00,42.99,43.25,41.40,41.46,3765800
2022-09-26 20:00:00-04:00,42.29,42.92,41.45,41.79,3008300
2022-09-27 20:00:00-04:00,42.14,43.55,41.72,43.40,3812400
2022-09-28 20:00:00-04:00,42.99,42.99,41.60,42.61,3203500
2022-09-29 20:00:00-04:00,42.48,42.85,41.83,42.00,3877200
2022-10-02 20:00:00-04:00,43.41,44.14,43.22,43.90,2579100
2022-10-03 20:00:00-04:00,44.73,46.22,44.55,46.17,2758500
2022-10-04 20:00:00-04:00,45.75,46.69,45.13,46.33,2367200
2022-10-05 20:00:00-04:00,45.89,46.96,45.41,45.60,2246000
2022-10-06 20:00:00-04:00,45.52,45.61,44.23,44.70,3595600
2022-10-09 20:00:00-04:00,44.62,45.49,43.60,43.69,1921800
2022-10-10 20:00:00-04:00,43.17,44.62,43.13,43.93,2358100
2022-10-11 20:00:00-04:00,43.51,44.06,43.01,43.82,1683800
2022-10-12 20:00:00-04:00,43.35,45.83,43.14,45.64,2243700
2022-10-13 20:00:00-04:00,45.42,45.97,44.05,44.32,2710600
2022-10-16 20:00:00-04:00,44.87,45.45,44.76,44.92,2576200
2022-10-17 20:00:00-04:00,45.55,46.22,44.99,45.64,2224700
2022-10-18 20:00:00-04:00,45.46,45.96,45.04,45.20,2938300
2022-10-19 20:00:00-04:00,45.19,45.83,44.67,45.14,2697500
2022-10-20 20:00:00-04:00,45.44,46.51,44.88,46.40,2343400
2022-10-23 20:00:00-04:00,46.69,46.73,45.86,46.16,2228300
2022-10-24 20:00:00-04:00,46.03,47.26,45.81,47.21,1930600
2022-10-25 20:00:00-04:00,47.46,48.26,47.33,47.91,2663300
2022-10-26 20:00:00-04:00,48.71,48.88,48.13,48.28,2454700
2022-10-27 20:00:00-04:00,48.75,49.00,47.69,48.96,2544000
2022-10-30 20:00:00-04:00,48.77,49.67,48.56,49.40,2481000
2022-10-31 20:00:00-04:00,49.97,50.36,49.71,50.02,2505000
2022-11-01 20:00:00-04:00,50.18,50.97,49.07,49.19,3658200
2022-11-02 20:00:00-04:00,48.90,49.74,48.17,49.39,2100000
2022-11-03 20:00:00-04:00,50.28,50.84,49.18,50.58,2976700
2022-11-06 19:00:00-05:00,50.95,51.53,50.33,51.52,2129500
2022-11-07 19:00:00-05:00,51.58,52.38,51.13,52.18,2090300
2022-11-08 19:00:00-05:00,51.86,51.93,50.59,50.68,3000600
2022-11-09 19:00:00-05:00,52.05,52.84,51.65,52.80,2627200
2022-11-10 19:00:00-05:00,53.38,54.12,52.98,53.84,2695700
2022-11-13 19:00:00-05:00,54.02,54.80,53.57,53.62,2393600
2022-11-14 19:00:00-05:00,54.00,54.87,53.62,54.34,2267000
2022-11-15 19:00:00-05:00,53.92,54.32,53.42,53.89,1586300
2022-11-16 19:00:00-05:00,53.06,53.12,52.05,52.97,1862000
2022-11-17 19:00:00-05:00,52.64,53.72,52.26,53.69,3050800
2022-11-20 19:00:00-05:00,53.07,53.14,51.31,52.63,2594400
2022-11-21 19:00:00-05:00,53.45,54.65,53.23,54.48,4121000
2022-11-22 19:00:00-05:00,53.93,54.89,53.73,54.65,1558400
2022-11-24 19:00:00-05:00,54.76,55.06,54.39,54.48,757200
2022-11-27 19:00:00-05:00,53.40,53.96,53.03,53.07,1680400
2022-11-28 19:00:00-05:00,53.55,54.23,53.37,54.06,2158700
2022-11-29 19:00:00-05:00,54.41,56.21,54.01,55.73,6810700
2022-11-30 19:00:00-05:00,56.12,56.77,55.76,55.96,2824900
2022-12-01 19:00:00-05:00,55.41,56.26,55.22,55.96,1883900
2022-12-04 19:00:00-05:00,56.18,56.28,54.01,54.39,2261500
2022-12-05 19:00:00-05:00,54.29,54.84,52.53,52.97,2240100
2022-12-06 19:00:00-05:00,52.94,53.72,52.73,53.17,1793200
2022-12-07 19:00:00-05:00,53.93,54.18,52.90,53.40,2397500
2022-12-08 19:00:00-05:00,53.07,53.98,52.88,52.92,2060500
2022-12-11 19:00:00-05:00,53.23,54.95,53.14,54.92,2751900
2022-12-12 19:00:00-05:00,55.96,56.45,55.08,55.76,2993200
2022-12-13 19:00:00-05:00,55.86,56.23,55.20,55.46,2410600
2022-12-14 19:00:00-05:00,54.88,54.88,53.47,53.87,2176900
2022-12-15 19:00:00-05:00,53.11,53.98,52.61,53.71,5863800
2022-12-18 19:00:00-05:00,53.92,54.22,52.49,52.77,2117000
2022-12-19 19:00:00-05:00,52.72,53.17,52.43,52.88,2952100
2022-12-20 19:00:00-05:00,53.63,54.41,53.34,54.14,2099300
2022-12-21 19:00:00-05:00,53.83,53.96,52.19,53.39,1973700
2022-12-22 19:00:00-05:00,53.60,54.62,53.54,54.60,1419800
2022-12-26 19:00:00-05:00,54.78,55.25,54.49,55.04,1566700
2022-12-27 19:00:00-05:00,54.98,55.04,53.57,53.72,1298700
2022-12-28 19:00:00-05:00,53.67,55.24,53.49,54.92,1276400
2022-12-29 19:00:00-05:00,54.59,54.91,54.31,54.72,1921600
2023-01-02 19:00:00-05:00,54.67,54.90,52.68,53.25,2847900
2023-01-03 19:00:00-05:00,52.75,54.07,52.67,53.67,2833900
2023-01-04 19:00:00-05:00,53.34,54.32,53.10,53.99,2319100
2023-01-05 19:00:00-05:00,54.76,55.81,54.66,55.44,1968700
2023-01-08 19:00:00-05:00,56.14,56.66,55.82,56.37,2321500
2023-01-09 19:00:00-05:00,56.91,57.78,56.18,57.72,2697000
2023-01-10 19:00:00-05:00,58.06,58.50,57.54,58.37,2565200
2023-01-11 19:00:00-05:00,58.65,59.45,58.25,59.07,2537300
2023-01-12 19:00:00-05:00,58.89,59.08,58.46,58.99,1598300
2023-01-16 19:00:00-05:00,59.13,59.60,58.02,58.40,2365100
2023-01-17 19:00:00-05:00,59.02,59.29,57.07,57.17,1828800
2023-01-18 19:00:00-05:00,56.91,58.42,56.63,57.96,3154200
2023-01-19 19:00:00-05:00,58.10,58.40,57.41,58.05,2210700
2023-01-22 19:00:00-05:00,58.30,58.64,57.72,58.07,2127400
2023-01-23 19:00:00-05:00,56.29,58.06,56.29,57.89,2973900
2023-01-24 19:00:00-05:00,57.38,57.56,56.44,57.50,2782600
2023-01-25 19:00:00-05:00,58.09,58.15,57.21,57.91,2373900
2023-01-26 19:00:00-05:00,57.88,57.93,57.07,57.62,2498700
2023-01-29 19:00:00-05:00,57.15,57.37,56.76,56.81,2366000
2023-01-30 19:00:00-05:00,56.96,57.88,56.36,57.82,2568300
2023-01-31 19:00:00-05:00,57.23,58.18,56.74,57.62,2241600
2023-02-01 19:00:00-05:00,57.87,58.07,57.17,58.02,2390000
2023-02-02 19:00:00-05:00,58.09,58.54,57.53,57.89,1966700
2023-02-05 19:00:00-05:00,57.71,58.03,56.92,57.59,1953900
2023-02-06 19:00:00-05:00,57.78,58.53,57.30,58.34,1830000
2023-02-07 19:00:00-05:00,58.24,58.58,57.69,58.05,1654600
2023-02-08 19:00:00-05:00,58.33,58.49,57.18,57.39,1858100
2023-02-09 19:00:00-05:00,57.94,58.75,57.69,58.64,2879400
2023-02-12 19:00:00-05:00,58.60,59.23,58.37,59.02,1583900
2023-02-13 19:00:00-05:00,58.92,59.68,58.47,58.91,1965300
2023-02-14 19:00:00-05:00,58.26,58.89,57.73,58.83,1828300
2023-02-15 19:00:00-05:00,58.33,58.94,58.07,58.42,1529600
2023-02-16 19:00:00-05:00,57.63,57.88,56.77,56.79,3815700
2023-02-20 19:00:00-05:00,56.39,56.52,55.41,55.84,2323000
2023-02-21 19:00:00-05:00,55.76,56.64,55.46,56.05,2234000
2023-02-22 19:00:00-05:00,56.92,57.53,56.35,57.40,1888200
2023-02-23 19:00:00-05:00,56.79,57.33,56.56,57.05,2364100
2023-02-26 19:00:00-05:00,57.23,57.70,56.97,57.37,2254800
2023-02-27 19:00:00-05:00,57.53,57.78,55.07,55.27,5990900
2023-02-28 19:00:00-05:00,55.46,56.02,55.16,55.87,2606400
2023-03-01 19:00:00-05:00,55.83,56.34,55.31,56.30,2635800
2023-03-02 19:00:00-05:00,56.10,57.57,55.97,57.29,2313000
2023-03-05 19:00:00-05:00,57.27,58.09,57.14,57.97,2252300
2023-03-06 19:00:00-05:00,57.71,57.96,57.00,57.01,2253800
2023-03-07 19:00:00-05:00,56.94,57.32,56.03,56.65,1785100
2023-03-08 19:00:00-05:00,57.02,57.64,55.39,55.43,1750100
2023-03-09 19:00:00-05:00,55.54,55.62,54.07,54.38,2652600
2023-03-12 20:00:00-04:00,53.32,54.89,52.16,53.74,3446500
2023-03-13 20:00:00-04:00,54.40,55.69,53.47,54.36,3174000
2023-03-14 20:00:00-04:00,52.79,52.79,50.63,51.41,4705100
2023-03-15 20:00:00-04:00,50.54,51.67,49.12,51.53,4312700
2023-03-16 20:00:00-04:00,51.28,51.28,49.74,50.23,8548825
2023-03-19 20:00:00-04:00,50.55,51.71,50.39,51.31,2663000
2023-03-20 20:00:00-04:00,52.11,52.67,51.76,52.24,3106800
2023-03-21 20:00:00-04:00,52.15,52.51,50.81,50.85,2435900
2023-03-22 20:00:00-04:00,51.04,51.37,49.14,49.52,2835700
2023-03-23 20:00:00-04:00,48.59,50.30,48.25,50.23,2202500
2023-03-26 20:00:00-04:00,50.98,51.60,50.54,51.22,1954000
2023-03-27 20:00:00-04:00,50.85,51.72,50.76,51.49,1632000
2023-03-28 20:00:00-04:00,52.18,52.47,51.98,52.36,2171100
2023-03-29 20:00:00-04:00,52.99,53.05,52.49,52.80,1461500
2023-03-30 20:00:00-04:00,53.07,53.70,52.83,53.65,2112700
2023-04-02 20:00:00-04:00,55.08,55.80,54.57,54.94,3229700
2023-04-03 20:00:00-04:00,55.35,55.88,54.13,54.92,3626600
2023-04-04 20:00:00-04:00,55.06,55.77,54.75,55.72,2640600
2023-04-05 20:00:00-04:00,55.85,56.01,55.30,55.47,2031400
2023-04-09 20:00:00-04:00,55.40,55.89,55.19,55.79,1450400
2023-04-10 20:00:00-04:00,56.14,56.55,55.80,56.09,1552900
2023-04-11 20:00:00-04:00,56.34,56.51,55.78,55.94,1940000
2023-04-12 20:00:00-04:00,55.92,56.58,55.81,56.38,1496500
2023-04-13 20:00:00-04:00,56.41,56.88,56.33,56.60,1685600
2023-04-16 20:00:00-04:00,56.67,56.98,55.80,56.08,1409100
2023-04-17 20:00:00-04:00,56.04,56.39,55.79,56.36,1476700
2023-04-18 20:00:00-04:00,56.14,56.14,55.58,56.03,1242400
2023-04-19 20:00:00-04:00,55.27,55.79,54.93,55.77,1636900
2023-04-20 20:00:00-04:00,56.14,56.14,55.38,55.98,1444000
2023-04-23 20:00:00-04:00,56.05,56.71,55.96,56.57,2112600
2023-04-24 20:00:00-04:00,56.14,56.17,55.33,55.35,1632300
2023-04-25 20:00:00-04:00,55.06,55.80,54.43,54.65,1982600
2023-04-26 20:00:00-04:00,54.57,55.29,54.26,55.14,1690000
2023-04-27 20:00:00-04:00,55.01,56.36,54.92,56.05,1955900
2023-04-30 20:00:00-04:00,55.68,56.49,55.59,56.04,1740100
2023-05-01 20:00:00-04:00,55.70,55.81,53.08,53.76,2662700
2023-05-02 20:00:00-04:00,53.22,55.01,52.79,53.83,3589200
2023-05-03 20:00:00-04:00,53.86,54.16,52.58,53.67,2610400
2023-05-04 20:00:00-04:00,54.82,55.62,54.70,55.28,1706000
2023-05-07 20:00:00-04:00,55.83,55.90,54.14,54.43,1658400
2023-05-08 20:00:00-04:00,53.97,55.25,53.86,54.72,2096000
2023-05-09 20:00:00-04:00,55.21,55.28,53.56,54.17,1979000
2023-05-10 20:00:00-04:00,53.53,54.48,53.53,53.84,2293000
2023-05-11 20:00:00-04:00,54.20,54.65,53.88,54.60,2501500
2023-05-14 20:00:00-04:00,50.94,51.60,48.40,49.66,8548825
2023-05-15 20:00:00-04:00,49.32,49.63,48.06,48.49,8548825
2023-05-16 20:00:00-04:00,48.90,49.49,47.91,49.02,5842500
2023-05-17 20:00:00-04:00,48.60,50.11,48.46,50.03,4901300
2023-05-18 20:00:00-04:00,50.40,50.68,49.81,50.15,3587700
2023-05-21 20:00:00-04:00,49.92,50.40,49.43,49.78,2957300
2023-05-22 20:00:00-04:00,50.08,50.88,49.80,50.17,3996900
2023-05-23 20:00:00-04:00,50.35,50.41,49.57,50.17,2546700
2023-05-24 20:00:00-04:00,49.61,49.71,48.81,49.33,2978700
2023-05-25 20:00:00-04:00,49.59,49.66,48.89,49.10,2790400
2023-05-29 20:00:00-04:00,48.74,49.50,48.64,49.16,3025500
2023-05-30 20:00:00-04:00,48.51,48.84,48.15,48.55,5094200
2023-05-31 20:00:00-04:00,48.67,49.26,48.17,48.77,3434000
2023-06-01 20:00:00-04:00,49.70,50.49,49.06,50.34,3452100
2023-06-04 20:00:00-04:00,50.84,50.84,50.13,50.32,1897200
2023-06-05 20:00:00-04:00,49.73,50.93,49.70,50.82,2512500
2023-06-06 20:00:00-04:00,51.26,51.84,50.88,51.78,2695300
2023-06-07 20:00:00-04:00,51.80,52.05,51.00,52.02,3159700
2023-06-08 20:00:00-04:00,51.86,51.98,51.11,51.28,2816400
2023-06-11 20:00:00-04:00,50.89,51.68,50.82,51.24,2914200
2023-06-12 20:00:00-04:00,51.71,52.34,51.62,51.66,4780300
2023-06-13 20:00:00-04:00,51.97,52.32,51.43,51.78,2526700
2023-06-14 20:00:00-04:00,51.88,52.62,51.77,52.37,2992800
2023-06-15 20:00:00-04:00,52.44,52.67,52.00,52.23,7633300
2023-06-19 20:00:00-04:00,51.90,51.90,50.61,50.83,3237600
2023-06-20 20:00:00-04:00,50.52,50.88,50.18,50.63,4272500
2023-06-21 20:00:00-04:00,50.53,50.56,49.62,49.87,3053800
2023-06-22 20:00:00-04:00,49.31,49.76,49.16,49.44,3427800
2023-06-25 20:00:00-04:00,49.57,50.49,49.57,50.22,2138100
2023-06-26 20:00:00-04:00,50.22,51.24,50.14,50.99,2918000
2023-06-27 20:00:00-04:00,51.13,51.90,50.61,51.86,2623200
2023-06-28 20:00:00-04:00,52.06,52.74,51.98,52.69,2428900
2023-06-29 20:00:00-04:00,53.52,53.52,52.74,52.89,2603500
2023-07-02 20:00:00-04:00,52.98,53.70,52.93,53.47,1166400
2023-07-04 20:00:00-04:00,53.34,53.65,52.51,52.78,2096700
2023-07-05 20:00:00-04:00,52.37,52.48,51.86,52.22,2070000
2023-07-06 20:00:00-04:00,52.02,53.32,52.02,53.28,3614400
2023-07-09 20:00:00-04:00,53.17,53.80,53.06,53.47,2635500
2023-07-10 20:00:00-04:00,53.85,54.61,53.77,54.28,3015700
2023-07-11 20:00:00-04:00,54.85,55.21,54.57,55.16,2462900
2023-07-12 20:00:00-04:00,55.47,56.01,55.27,55.98,3182200
2023-07-13 20:00:00-04:00,55.50,55.56,54.47,54.61,2661400
2023-07-16 20:00:00-04:00,54.65,54.90,54.24,54.34,1942900
2023-07-17 20:00:00-04:00,54.17,55.53,54.14,55.12,2506400
2023-07-18 20:00:00-04:00,55.12,55.88,55.11,55.50,2310200
2023-07-19 20:00:00-04:00,55.87,56.54,55.62,56.50,2264900
2023-07-20 20:00:00-04:00,56.81,57.15,56.28,56.98,2014500
2023-07-23 20:00:00-04:00,57.21,58.14,57.14,57.63,2417100
2023-07-24 20:00:00-04:00,57.68,58.08,57.27,57.88,3117800
2023-07-25 20:00:00-04:00,57.53,58.37,57.53,57.93,1836700
2023-07-26 20:00:00-04:00,58.07,58.36,57.35,57.36,2858900
2023-07-27 20:00:00-04:00,57.68,58.00,57.33,57.60,2325500
2023-07-30 20:00:00-04:00,57.81,58.28,57.76,58.28,5122300
2023-07-31 20:00:00-04:00,58.07,58.17,57.23,57.89,2438300
2023-08-01 20:00:00-04:00,57.32,57.32,56.56,56.96,2151300
2023-08-02 20:00:00-04:00,56.94,57.78,56.85,57.34,1988300
2023-08-03 20:00:00-04:00,57.53,58.14,56.68,56.72,2312800
2023-08-06 20:00:00-04:00,56.72,57.03,56.41,56.68,3257300
2023-08-07 20:00:00-04:00,56.15,56.30,54.81,55.76,3240200
2023-08-08 20:00:00-04:00,56.07,56.68,55.57,55.94,2867700
2023-08-09 20:00:00-04:00,56.38,56.98,56.20,56.63,2226900
2023-08-10 20:00:00-04:00,56.76,57.69,56.69,57.58,1856800
2023-08-13 20:00:00-04:00,57.79,58.18,56.74,57.33,1913600
2023-08-14 20:00:00-04:00,56.95,57.16,56.61,56.88,1942800
2023-08-15 20:00:00-04:00,56.72,57.26,56.52,56.71,2605200
2023-08-16 20:00:00-04:00,57.09,57.40,56.47,56.80,3269600
2023-08-17 20:00:00-04:00,56.31,57.24,56.30,57.03,2182400
2023-08-20 20:00:00-04:00,57.14,57.31,56.41,56.73,1782500
2023-08-21 20:00:00-04:00,56.85,57.06,56.36,56.38,1509800
2023-08-22 20:00:00-04:00,55.97,56.43,55.32,56.24,1577600
2023-08-23 20:00:00-04:00,55.96,56.82,55.96,55.96,1941700
2023-08-24 20:00:00-04:00,56.35,56.93,56.23,56.46,2239200
2023-08-27 20:00:00-04:00,56.80,57.11,56.58,56.83,1342800
2023-08-28 20:00:00-04:00,56.85,56.93,56.55,56.72,1733900
2023-08-29 20:00:00-04:00,56.85,57.24,56.71,56.88,1896000
2023-08-30 20:00:00-04:00,57.11,57.23,56.64,56.68,3436400
2023-08-31 20:00:00-04:00,57.33,57.69,56.67,56.98,2897500
2023-09-04 20:00:00-04:00,57.15,57.54,56.96,57.08,2414500
2023-09-05 20:00:00-04:00,56.81,56.84,55.03,55.33,4068200
2023-09-06 20:00:00-04:00,55.13,56.23,54.79,55.90,5663700
2023-09-07 20:00:00-04:00,56.23,56.72,56.13,56.30,3357700
2023-09-10 20:00:00-04:00,56.72,56.90,55.82,56.10,2727700
2023-09-11 20:00:00-04:00,56.39,57.90,56.31,57.65,3909600
2023-09-12 20:00:00-04:00,57.73,58.32,57.32,58.24,3478200
2023-09-13 20:00:00-04:00,58.87,59.64,58.79,59.57,4497300
2023-09-14 20:00:00-04:00,59.11,59.75,58.61,58.71,7156300
2023-09-17 20:00:00-04:00,59.13,59.39,58.31,59.28,4689600
2023-09-18 20:00:00-04:00,59.68,59.68,58.35,58.92,4403300
2023-09-19 20:00:00-04:00,58.85,59.30,58.21,58.25,5947400
2023-09-20 20:00:00-04:00,58.15,58.43,56.99,57.36,8548825
2023-09-21 20:00:00-04:00,58.21,58.62,57.18,57.54,8548825
2023-09-24 20:00:00-04:00,57.11,58.16,56.96,57.84,8548825
2023-09-25 20:00:00-04:00,57.54,57.82,55.82,56.05,8473900
2023-09-26 20:00:00-04:00,56.37,56.63,55.80,56.08,8548825
2023-09-27 20:00:00-04:00,56.00,56.89,56.00,56.41,8411700
2023-09-28 20:00:00-04:00,56.45,56.50,54.90,55.14,6587900
2023-10-01 20:00:00-04:00,55.36,55.56,53.56,53.77,5811900
2023-10-02 20:00:00-04:00,53.35,53.89,52.77,53.88,6405200
2023-10-03 20:00:00-04:00,53.14,53.63,52.66,53.33,5428800
2023-10-04 20:00:00-04:00,52.85,54.45,52.84,54.28,5458300
2023-10-05 20:00:00-04:00,54.32,55.61,53.83,55.20,5106100
2023-10-08 20:00:00-04:00,56.20,57.51,55.94,57.33,5414200
2023-10-09 20:00:00-04:00,57.29,58.22,57.29,58.12,4060500
2023-10-10 20:00:00-04:00,58.11,58.73,57.89,58.64,3936900
2023-10-11 20:00:00-04:00,58.95,59.46,58.76,59.20,3669700
2023-10-12 20:00:00-04:00,59.98,60.37,59.64,60.09,3597600
2023-10-15 20:00:00-04:00,60.42,61.14,60.22,60.91,4143600
2023-10-16 20:00:00-04:00,60.94,61.34,60.08,60.42,4641200
2023-10-17 20:00:00-04:00,60.42,60.63,59.51,59.67,3802800
2023-10-18 20:00:00-04:00,59.66,60.68,59.36,60.16,4445200
2023-10-19 20:00:00-04:00,59.95,60.02,58.47,58.75,4004400
2023-10-22 20:00:00-04:00,58.30,58.52,57.89,58.02,3006700
2023-10-23 20:00:00-04:00,58.20,58.49,57.64,57.89,2935500
2023-10-24 20:00:00-04:00,57.85,58.21,57.35,57.61,2913000
2023-10-25 20:00:00-04:00,56.96,58.06,56.91,57.65,2497900
2023-10-26 20:00:00-04:00,57.75,57.75,56.54,56.89,3265400
2023-10-29 20:00:00-04:00,57.15,57.52,56.36,57.03,3515500
2023-10-30 20:00:00-04:00,56.91,57.51,56.54,57.51,4062200
2023-10-31 20:00:00-04:00,57.84,58.19,56.46,56.93,4952300
2023-11-01 20:00:00-04:00,56.54,58.83,56.54,58.79,5098100
2023-11-02 20:00:00-04:00,58.83,59.39,58.47,58.96,3466800
2023-11-05 19:00:00-05:00,59.23,59.31,58.35,58.47,2703800
2023-11-06 19:00:00-05:00,57.71,57.94,56.97,57.07,3465600
2023-11-07 19:00:00-05:00,56.76,56.97,55.87,56.13,2941400
2023-11-08 19:00:00-05:00,56.83,56.84,56.29,56.31,3344500
2023-11-09 19:00:00-05:00,56.88,57.29,56.55,56.77,3039200
2023-11-12 19:00:00-05:00,56.61,57.28,56.25,57.04,2912000
2023-11-13 19:00:00-05:00,57.84,58.46,57.73,57.98,3281200
2023-11-14 19:00:00-05:00,58.07,59.15,57.96,58.33,2881200
2023-11-15 19:00:00-05:00,57.91,58.40,57.06,57.80,3224600
2023-11-16 19:00:00-05:00,58.22,59.10,57.95,58.78,3071900
2023-11-19 19:00:00-05:00,59.08,59.42,58.69,59.01,3198700
2023-11-20 19:00:00-05:00,59.00,59.16,58.33,59.02,2606100
2023-11-21 19:00:00-05:00,58.29,58.88,57.92,58.80,2479600
2023-11-23 19:00:00-05:00,58.86,59.45,58.78,59.38,1054700
2023-11-26 19:00:00-05:00,59.13,59.36,58.70,59.29,2370800
2023-11-27 19:00:00-05:00,59.49,59.76,59.08,59.09,2393500
2023-11-28 19:00:00-05:00,59.32,59.61,59.08,59.45,2818500
2023-11-29 19:00:00-05:00,59.75,60.81,59.67,60.73,6675900
2023-11-30 19:00:00-05:00,60.66,61.91,60.55,61.63,3775900
2023-12-03 19:00:00-05:00,62.15,62.52,61.70,61.93,4073500
2023-12-04 19:00:00-05:00,61.88,62.07,61.05,61.11,2777400
2023-12-05 19:00:00-05:00,61.24,61.51,60.36,60.40,3599400
2023-12-06 19:00:00-05:00,60.62,60.80,59.29,59.34,4458700
2023-12-07 19:00:00-05:00,59.61,60.37,59.51,60.20,3533200
2023-12-10 19:00:00-05:00,59.98,60.10,59.25,59.31,4128400
2023-12-11 19:00:00-05:00,58.88,58.91,57.84,58.27,3787900
2023-12-12 19:00:00-05:00,58.21,59.38,57.77,59.38,6489300
2023-12-13 19:00:00-05:00,59.85,61.27,59.82,60.52,6583600
2023-12-14 19:00:00-05:00,60.06,60.61,59.29,59.92,8548825
2023-12-17 19:00:00-05:00,60.72,61.20,60.10,60.21,5001500
2023-12-18 19:00:00-05:00,60.38,61.07,60.25,60.99,4757800
2023-12-19 19:00:00-05:00,61.00,61.42,60.30,60.38,2616800
2023-12-20 19:00:00-05:00,60.58,61.37,60.43,61.33,2415300
2023-12-21 19:00:00-05:00,61.75,62.18,61.54,61.89,2226200
2023-12-25 19:00:00-05:00,62.19,62.89,61.92,62.75,1971100
2023-12-26 19:00:00-05:00,62.48,63.02,62.25,62.61,1819000
2023-12-27 19:00:00-05:00,62.46,62.80,62.00,62.21,1654000
2023-12-28 19:00:00-05:00,62.38,62.38,61.87,61.94,2244900
2024-01-01 19:00:00-05:00,62.23,63.02,62.15,62.65,2854400
2024-01-02 19:00:00-05:00,62.55,63.64,62.37,63.28,3016300
2024-01-03 19:00:00-05:00,63.56,63.97,62.40,62.52,2993300
2024-01-04 19:00:00-05:00,62.75,63.42,62.64,63.15,2775500
2024-01-07 19:00:00-05:00,62.22,62.91,61.70,62.87,2249300
2024-01-08 19:00:00-05:00,62.63,62.68,61.94,62.09,2316300
2024-01-09 19:00:00-05:00,62.43,62.87,61.92,62.51,2850200
2024-01-10 19:00:00-05:00,62.57,62.63,61.14,61.85,3809000
2024-01-11 19:00:00-05:00,62.90,62.94,62.09,62.32,3362500
2024-01-15 19:00:00-05:00,62.15,62.19,61.28,61.40,4326700
2024-01-16 19:00:00-05:00,60.86,61.76,60.55,60.92,4145500
2024-01-17 19:00:00-05:00,61.63,63.16,61.26,62.85,5018300
2024-01-18 19:00:00-05:00,62.85,62.96,61.62,61.78,3850800
2024-01-21 19:00:00-05:00,61.69,62.23,61.11,61.20,3573500
2024-01-22 19:00:00-05:00,61.04,61.47,60.72,60.85,3137200
2024-01-23 19:00:00-05:00,61.22,61.31,60.33,60.74,2731100
2024-01-24 19:00:00-05:00,61.14,62.01,60.86,62.00,2570300
2024-01-25 19:00:00-05:00,61.97,62.21,61.68,62.14,2757700
2024-01-28 19:00:00-05:00,62.14,62.33,61.38,62.32,2691000
2024-01-29 19:00:00-05:00,61.79,62.57,61.73,62.48,2381700
2024-01-30 19:00:00-05:00,62.58,62.65,61.03,61.06,3324200
2024-01-31 19:00:00-05:00,61.22,62.19,60.93,61.27,2844900
2024-02-01 19:00:00-05:00,60.93,61.42,60.14,61.10,2391400
2024-02-04 19:00:00-05:00,60.60,61.38,59.99,60.92,2480100
2024-02-05 19:00:00-05:00,60.91,61.18,60.54,60.79,2473100
2024-02-06 19:00:00-05:00,61.07,61.39,60.67,61.32,2643300
2024-02-07 19:00:00-05:00,61.54,61.77,61.03,61.71,2667100
2024-02-08 19:00:00-05:00,61.68,62.17,61.47,61.77,2143400
2024-02-11 19:00:00-05:00,61.95,62.94,61.95,62.83,2704100
2024-02-12 19:00:00-05:00,62.68,62.94,61.73,62.16,3168000
2024-02-13 19:00:00-05:00,62.78,62.89,61.42,61.83,3221700
2024-02-14 19:00:00-05:00,61.74,63.90,61.74,63.58,3600900
2024-02-15 19:00:00-05:00,63.52,64.87,63.47,64.41,3233700
2024-02-19 19:00:00-05:00,64.45,64.73,63.98,64.14,2838300
2024-02-20 19:00:00-05:00,64.34,65.67,64.28,65.61,2896600
2024-02-21 19:00:00-05:00,65.40,66.06,65.06,65.96,3242200
2024-02-22 19:00:00-05:00,65.71,65.81,65.24,65.29,3076200
2024-02-25 19:00:00-05:00,65.12,65.91,64.81,65.23,3664700
2024-02-26 19:00:00-05:00,66.10,67.71,65.67,66.54,6118100
2024-02-27 19:00:00-05:00,66.54,66.97,66.11,66.54,2884300
2024-02-28 19:00:00-05:00,66.66,67.40,66.56,67.21,5043200
2024-02-29 19:00:00-05:00,67.52,67.55,66.93,67.22,2465900
2024-03-03 19:00:00-05:00,68.77,68.78,67.72,68.50,4357900
2024-03-04 19:00:00-05:00,68.61,69.96,68.31,69.36,3530000
2024-03-05 19:00:00-05:00,69.58,69.71,68.77,69.42,2625100
2024-03-06 19:00:00-05:00,69.79,69.95,69.20,69.29,1868400
2024-03-07 19:00:00-05:00,69.10,69.51,68.80,69.04,2111700
2024-03-10 20:00:00-04:00,68.66,69.37,68.65,69.15,2364700
2024-03-11 20:00:00-04:00,69.12,69.57,68.93,69.47,2002600
2024-03-12 20:00:00-04:00,69.83,70.12,68.93,69.00,2603000
2024-03-13 20:00:00-04:00,69.10,69.25,68.27,68.99,2622100
2024-03-14 20:00:00-04:00,68.70,69.71,68.70,68.89,8548825
2024-03-17 20:00:00-04:00,69.22,69.69,68.84,69.60,2306800
2024-03-18 20:00:00-04:00,69.79,70.34,69.51,70.14,2085400
2024-03-19 20:00:00-04:00,69.88,70.85,69.81,70.62,1872700
2024-03-20 20:00:00-04:00,70.78,71.48,70.53,71.10,2787800
2024-03-21 20:00:00-04:00,71.28,71.38,70.64,70.71,2406500
2024-03-24 20:00:00-04:00,70.95,71.77,70.67,70.97,2547700
2024-03-25 20:00:00-04:00,70.91,71.12,70.31,70.39,2639100
2024-03-26 20:00:00-04:00,70.40,71.23,70.34,71.22,3381400
2024-03-27 20:00:00-04:00,71.49,72.05,71.14,71.73,3070600
2024-03-31 20:00:00-04:00,71.75,71.75,70.97,71.32,1657100
2024-04-01 20:00:00-04:00,71.53,71.77,71.14,71.58,2186100
2024-04-02 20:00:00-04:00,71.72,71.97,71.40,71.71,2822700
2024-04-03 20:00:00-04:00,71.98,72.30,70.70,70.88,3102600
2024-04-04 20:00:00-04:00,70.91,71.39,70.38,71.26,1978000
2024-04-07 20:00:00-04:00,71.53,72.19,71.26,71.56,2324200
2024-04-08 20:00:00-04:00,71.81,71.81,70.64,71.46,2676200
2024-04-09 20:00:00-04:00,70.94,71.13,70.28,70.74,3399100
2024-04-10 20:00:00-04:00,70.96,71.01,70.20,70.99,3246500
2024-04-11 20:00:00-04:00,71.16,71.80,70.09,70.41,3692800
2024-04-14 20:00:00-04:00,70.91,71.25,69.38,69.65,2720100
2024-04-15 20:00:00-04:00,69.74,70.04,68.26,68.96,3633600
2024-04-16 20:00:00-04:00,69.29,69.97,68.90,69.50,2647200
2024-04-17 20:00:00-04:00,69.54,69.98,69.23,69.68,2314700
2024-04-18 20:00:00-04:00,69.88,71.53,69.72,71.25,3044500
2024-04-21 20:00:00-04:00,71.18,72.33,70.58,71.50,2566900
2024-04-22 20:00:00-04:00,71.28,72.00,70.97,71.89,2184600
2024-04-23 20:00:00-04:00,71.58,72.58,71.18,72.43,1864800
2024-04-24 20:00:00-04:00,72.35,73.20,71.83,72.81,2076400
2024-04-25 20:00:00-04:00,72.74,72.84,72.10,72.52,1555100
2024-04-28 20:00:00-04:00,72.33,72.86,72.33,72.85,2590700
2024-04-29 20:00:00-04:00,72.78,72.86,71.40,71.66,4163700
2024-04-30 20:00:00-04:00,70.27,71.55,69.35,69.67,4848200
2024-05-01 20:00:00-04:00,70.63,70.82,69.43,69.69,2666500
2024-05-02 20:00:00-04:00,69.78,70.05,69.04,69.95,2235400
2024-05-05 20:00:00-04:00,70.30,71.18,70.08,70.71,2391000
2024-05-06 20:00:00-04:00,71.12,71.56,70.87,70.98,2366100
2024-05-07 20:00:00-04:00,70.67,71.83,70.32,71.68,2228500
2024-05-08 20:00:00-04:00,71.76,72.50,71.61,72.48,1834100
2024-05-09 20:00:00-04:00,72.82,73.06,72.12,72.52,1695200
2024-05-12 20:00:00-04:00,72.68,73.46,72.60,73.00,2577100
2024-05-13 20:00:00-04:00,73.02,74.09,72.85,73.98,2366100
2024-05-14 20:00:00-04:00,74.01,74.51,73.61,73.92,2535200
2024-05-15 20:00:00-04:00,73.82,75.01,73.82,74.49,2007500
2024-05-16 20:00:00-04:00,74.83,75.22,74.16,74.84,2176100
2024-05-19 20:00:00-04:00,75.17,75.26,74.68,74.91,1682800
2024-05-20 20:00:00-04:00,74.91,75.45,74.71,75.18,1462900
2024-05-21 20:00:00-04:00,74.92,74.92,73.59,73.96,1914700
2024-05-22 20:00:00-04:00,74.06,74.24,72.61,72.63,2095000
2024-05-23 20:00:00-04:00,72.99,73.47,72.96,73.23,1462700
2024-05-27 20:00:00-04:00,73.36,73.85,73.02,73.33,2756700
2024-05-28 20:00:00-04:00,73.14,73.14,71.90,72.09,2683400
2024-05-29 20:00:00-04:00,72.08,72.66,72.08,72.40,1961600
2024-05-30 20:00:00-04:00,72.41,73.43,72.40,73.36,5168500
2024-06-02 20:00:00-04:00,73.15,73.32,71.27,72.04,2998900
2024-06-03 20:00:00-04:00,71.32,71.68,70.54,71.59,3096000
2024-06-04 20:00:00-04:00,71.71,71.86,71.02,71.70,2675400
2024-06-05 20:00:00-04:00,71.44,71.83,70.98,71.51,2644700
2024-06-06 20:00:00-04:00,71.23,71.61,70.46,71.23,2514300
2024-06-09 20:00:00-04:00,71.48,72.76,71.27,72.48,2589300
2024-06-10 20:00:00-04:00,72.07,72.40,71.36,72.13,2219900
2024-06-11 20:00:00-04:00,72.73,72.96,72.30,72.63,2006700
2024-06-12 20:00:00-04:00,72.23,72.55,71.19,71.33,3066100
2024-06-13 20:00:00-04:00,71.12,71.35,70.48,70.74,2508600
2024-06-16 20:00:00-04:00,70.75,72.03,70.48,71.60,2305600
2024-06-17 20:00:00-04:00,71.73,72.79,71.62,72.51,2250900
2024-06-19 20:00:00-04:00,72.44,73.63,72.28,73.41,2945000
2024-06-20 20:00:00-04:00,73.73,73.80,72.09,72.35,6799600
2024-06-23 20:00:00-04:00,72.35,73.68,72.35,73.26,2303400
2024-06-24 20:00:00-04:00,73.28,73.45,72.96,73.38,2162400
2024-06-25 20:00:00-04:00,73.45,73.55,72.85,72.94,1988700
2024-06-26 20:00:00-04:00,73.16,73.49,72.79,73.14,1578900
2024-06-27 20:00:00-04:00,73.62,73.94,73.04,73.86,4256000
2024-06-30 20:00:00-04:00,74.04,74.22,73.32,74.01,1709300
2024-07-01 20:00:00-04:00,74.58,74.87,74.01,74.57,1836100
2024-07-02 20:00:00-04:00,74.48,75.40,74.36,74.99,1564900
2024-07-04 20:00:00-04:00,74.88,74.94,74.17,74.49,1314800
2024-07-07 20:00:00-04:00,74.38,74.90,74.20,74.27,1409200
2024-07-08 20:00:00-04:00,74.11,75.05,74.01,74.65,1584800
2024-07-09 20:00:00-04:00,74.35,74.62,74.08,74.56,1395300
2024-07-10 20:00:00-04:00,74.49,75.48,74.26,75.08,1460400
2024-07-11 20:00:00-04:00,75.63,76.84,75.35,76.68,2202800
2024-07-14 20:00:00-04:00,76.99,77.68,76.61,76.70,2057700
2024-07-15 20:00:00-04:00,76.69,77.12,76.33,77.04,1562600
2024-07-16 20:00:00-04:00,77.29,78.07,77.06,77.32,2125900
2024-07-17 20:00:00-04:00,76.80,76.80,74.79,75.57,4857700
2024-07-18 20:00:00-04:00,75.72,76.78,75.45,75.60,3093300
2024-07-21 20:00:00-04:00,75.60,76.52,75.19,76.47,2979500
2024-07-22 20:00:00-04:00,76.22,76.62,75.22,75.38,2327100
2024-07-23 20:00:00-04:00,75.38,75.55,74.36,74.41,2372500
2024-07-24 20:00:00-04:00,74.29,74.40,73.63,73.73,2640400
2024-07-25 20:00:00-04:00,74.03,74.68,73.58,74.29,1826800
2024-07-28 20:00:00-04:00,74.48,74.58,73.43,74.45,2147500
2024-07-29 20:00:00-04:00,74.55,75.31,74.36,74.98,1989500
2024-07-30 20:00:00-04:00,75.78,76.10,75.05,75.47,3324400
2024-07-31 20:00:00-04:00,75.69,76.09,74.73,75.22,2088600
2024-08-01 20:00:00-04:00,74.41,74.69,72.37,73.48,3390500
2024-08-04 20:00:00-04:00,71.53,72.30,70.50,72.06,3528700
2024-08-05 20:00:00-04:00,72.74,76.11,72.38,75.45,5484200
2024-08-06 20:00:00-04:00,76.56,77.84,76.05,76.13,3701900
2024-08-07 20:00:00-04:00,76.35,78.31,76.07,78.21,2777100
2024-08-08 20:00:00-04:00,78.21,78.31,77.21,77.91,2569500
2024-08-11 20:00:00-04:00,78.37,78.40,77.43,78.08,2101900
2024-08-12 20:00:00-04:00,77.98,78.84,77.52,78.59,2616200
2024-08-13 20:00:00-04:00,78.53,79.30,78.34,79.14,2156100
2024-08-14 20:00:00-04:00,79.74,79.87,78.86,79.72,2555300
2024-08-15 20:00:00-04:00,79.44,80.42,79.29,80.17,5610600
2024-08-18 20:00:00-04:00,80.20,81.28,80.11,81.03,2074500
2024-08-19 20:00:00-04:00,80.82,80.99,79.01,79.37,2219000
2024-08-20 20:00:00-04:00,79.86,80.17,79.45,79.77,1809500
2024-08-21 20:00:00-04:00,79.82,80.55,79.82,80.20,1694100
2024-08-22 20:00:00-04:00,80.66,80.84,80.06,80.73,1557200
2024-08-25 20:00:00-04:00,81.37,81.83,80.98,81.21,1497900
2024-08-26 20:00:00-04:00,81.05,81.38,80.76,81.06,1351000
2024-08-27 20:00:00-04:00,80.82,81.37,80.42,80.85,1670400
2024-08-28 20:00:00-04:00,81.04,83.10,80.84,82.63,4178600
2024-08-29 20:00:00-04:00,82.43,84.89,82.29,84.66,4921700
2024-09-02 20:00:00-04:00,84.15,85.10,83.41,84.55,3684700
2024-09-03 20:00:00-04:00,85.01,85.24,83.25,83.70,3158900
2024-09-04 20:00:00-04:00,84.25,84.69,83.62,84.15,2733400
2024-09-05 20:00:00-04:00,84.23,84.71,82.98,83.47,3207300
2024-09-08 20:00:00-04:00,83.92,85.03,83.32,84.36,2825500
2024-09-09 20:00:00-04:00,84.39,85.14,82.85,84.07,3441400
2024-09-10 20:00:00-04:00,83.81,83.92,81.58,82.71,3434500
2024-09-11 20:00:00-04:00,82.96,83.17,82.55,82.95,2333200
2024-09-12 20:00:00-04:00,83.18,83.77,82.73,83.75,1851500
2024-09-15 20:00:00-04:00,85.12,86.05,84.66,85.87,2286100
2024-09-16 20:00:00-04:00,85.89,87.03,85.58,86.77,2464200
2024-09-17 20:00:00-04:00,86.80,87.32,86.02,86.07,1824100
2024-09-18 20:00:00-04:00,87.24,87.33,85.50,85.95,2124200
2024-09-19 20:00:00-04:00,85.46,86.64,85.29,86.13,6023200
2024-09-22 20:00:00-04:00,86.33,87.43,86.29,87.32,2299100
2024-09-23 20:00:00-04:00,87.88,88.04,86.97,87.29,1883200
2024-09-24 20:00:00-04:00,87.36,87.68,86.35,86.79,2640900
2024-09-25 20:00:00-04:00,84.99,85.77,81.42,81.72,5757300
2024-09-26 20:00:00-04:00,81.76,83.09,81.34,82.71,3154800
2024-09-29 20:00:00-04:00,82.88,83.61,81.94,83.53,2491500
2024-09-30 20:00:00-04:00,82.91,85.03,82.49,84.58,2751300
2024-10-01 20:00:00-04:00,85.21,85.70,84.16,85.61,2396700
2024-10-02 20:00:00-04:00,85.81,87.19,85.22,86.81,2763300
2024-10-03 20:00:00-04:00,87.45,87.55,86.66,87.29,1861300
2024-10-06 20:00:00-04:00,87.15,87.62,86.68,86.93,1597900
2024-10-07 20:00:00-04:00,86.68,86.68,85.19,85.79,2100300
2024-10-08 20:00:00-04:00,85.40,86.98,85.20,86.85,1884300
2024-10-09 20:00:00-04:00,87.12,87.54,86.43,86.79,1372700
2024-10-10 20:00:00-04:00,86.88,88.58,86.77,88.55,4026300
2024-10-13 20:00:00-04:00,88.31,89.84,88.04,89.37,1962700
2024-10-14 20:00:00-04:00,87.87,88.22,86.65,87.06,3075800
2024-10-15 20:00:00-04:00,87.37,87.99,87.01,87.67,2085000
2024-10-16 20:00:00-04:00,87.99,88.86,87.94,88.40,2203100
2024-10-17 20:00:00-04:00,88.58,89.14,87.95,89.12,2123100
2024-10-20 20:00:00-04:00,89.60,90.22,88.19,88.75,1506700
2024-10-21 20:00:00-04:00,88.96,89.59,88.79,89.25,1922300
2024-10-22 20:00:00-04:00,88.90,89.81,88.42,88.69,1836100
2024-10-23 20:00:00-04:00,89.16,89.56,88.71,89.30,1818000
2024-10-24 20:00:00-04:00,89.70,89.70,88.11,88.60,2171200
2024-10-27 20:00:00-04:00,87.26,88.13,87.08,88.01,2442600
2024-10-28 20:00:00-04:00,87.88,87.95,87.04,87.58,2898900
2024-10-29 20:00:00-04:00,87.63,89.42,87.08,88.14,3921500
2024-10-30 20:00:00-04:00,88.85,89.88,88.54,88.80,3456600
2024-10-31 20:00:00-04:00,89.51,89.54,85.97,86.46,3165200
2024-11-03 19:00:00-05:00,86.75,88.71,86.61,88.57,3006100
2024-11-04 19:00:00-05:00,88.90,91.36,88.69,91.32,3043000
2024-11-05 19:00:00-05:00,93.60,95.50,92.82,94.64,4402000
2024-11-06 19:00:00-05:00,94.63,96.77,94.15,96.44,3438100
2024-11-07 19:00:00-05:00,96.77,99.27,96.70,99.24,3579800
2024-11-10 19:00:00-05:00,99.87,101.11,98.95,100.98,2974000
2024-11-11 19:00:00-05:00,100.89,101.14,98.83,99.85,2934700
2024-11-12 19:00:00-05:00,100.43,100.78,99.52,100.17,4370500
2024-11-13 19:00:00-05:00,100.94,101.10,99.16,99.90,2640300
2024-11-14 19:00:00-05:00,99.80,101.91,99.60,101.69,3500500
2024-11-17 19:00:00-05:00,102.45,104.58,102.08,104.19,3637300
2024-11-18 19:00:00-05:00,103.28,104.86,103.00,104.75,3238200
2024-11-19 19:00:00-05:00,105.39,105.88,103.98,104.79,2506400
2024-11-20 19:00:00-05:00,105.48,108.57,105.40,108.12,3104000
2024-11-21 19:00:00-05:00,108.12,109.34,107.98,108.40,3662800
2024-11-24 19:00:00-05:00,108.35,108.86,100.82,103.27,8548825
2024-11-25 19:00:00-05:00,104.14,105.70,103.63,105.06,4953100
2024-11-26 19:00:00-05:00,104.27,104.90,103.48,104.27,2144200
2024-11-28 19:00:00-05:00,104.89,105.82,104.57,105.20,1704000
2024-12-01 19:00:00-05:00,105.23,105.23,101.68,102.27,3318900
2024-12-02 19:00:00-05:00,102.70,103.30,101.89,102.34,2518900
2024-12-03 19:00:00-05:00,102.14,102.14,99.75,100.70,3064300
2024-12-04 19:00:00-05:00,101.02,102.52,100.80,101.98,2182500
2024-12-05 19:00:00-05:00,101.96,102.23,100.14,100.94,2160000
2024-12-08 19:00:00-05:00,101.35,101.41,97.07,97.35,3093000
2024-12-09 19:00:00-05:00,98.13,98.13,96.38,96.63,2628600
2024-12-10 19:00:00-05:00,97.33,98.05,96.45,96.62,2681200
2024-12-11 19:00:00-05:00,96.50,97.50,96.13,96.75,2015100
2024-12-12 19:00:00-05:00,96.82,97.24,95.87,96.34,1801800
2024-12-15 19:00:00-05:00,96.27,96.36,94.77,95.25,2957800
2024-12-16 19:00:00-05:00,94.35,94.68,92.72,94.26,3707100
2024-12-17 19:00:00-05:00,93.92,94.00,90.37,90.42,3847200
2024-12-18 19:00:00-05:00,91.34,91.88,90.19,90.44,3719400
2024-12-19 19:00:00-05:00,90.48,93.09,90.03,92.68,8548825
2024-12-22 19:00:00-05:00,92.26,93.69,91.32,93.50,2249600
2024-12-23 19:00:00-05:00,93.96,94.75,93.46,94.63,1153900
2024-12-25 19:00:00-05:00,94.38,94.50,93.32,93.76,1971600
2024-12-26 19:00:00-05:00,93.34,94.01,92.80,93.38,1928300
2024-12-29 19:00:00-05:00,93.27,93.97,92.17,93.33,2434300
2024-12-30 19:00:00-05:00,93.53,93.93,92.64,92.98,2318700
2025-01-01 19:00:00-05:00,93.98,94.87,93.37,94.25,2577600
2025-01-02 19:00:00-05:00,94.90,96.10,94.67,95.29,2399000
2025-01-05 19:00:00-05:00,95.85,96.07,93.65,94.11,3011200
2025-01-06 19:00:00-05:00,94.48,95.07,93.53,94.10,2105500
2025-01-07 19:00:00-05:00,93.83,95.56,93.69,95.25,2736200
2025-01-09 19:00:00-05:00,95.25,95.91,93.45,94.23,3023600
2025-01-12 19:00:00-05:00,94.37,96.67,93.76,96.29,3495600
2025-01-13 19:00:00-05:00,96.45,99.25,96.26,98.20,2569700
2025-01-14 19:00:00-05:00,99.29,99.52,98.12,98.98,2771200
2025-01-15 19:00:00-05:00,99.06,100.64,98.83,100.63,2850900
2025-01-16 19:00:00-05:00,100.54,101.90,99.74,100.90,3233900
2025-01-20 19:00:00-05:00,100.76,102.81,100.76,101.73,3287200
2025-01-21 19:00:00-05:00,102.43,102.44,98.14,98.44,3191600
2025-01-22 19:00:00-05:00,99.25,99.55,96.11,97.14,3095900
2025-01-23 19:00:00-05:00,97.01,98.03,96.43,96.80,3080300
2025-01-26 19:00:00-05:00,95.34,95.55,92.17,93.02,5436300
2025-01-27 19:00:00-05:00,93.52,93.87,92.16,93.16,4488800
2025-01-28 19:00:00-05:00,93.23,94.69,92.17,92.96,5078000
2025-01-29 19:00:00-05:00,93.86,94.07,92.25,92.49,8548825
2025-01-30 19:00:00-05:00,92.56,93.95,89.66,89.99,5956400
2025-02-02 19:00:00-05:00,89.12,91.87,88.52,91.38,4699600
2025-02-03 19:00:00-05:00,92.66,92.90,90.54,90.81,4225900
2025-02-04 19:00:00-05:00,91.51,92.29,90.83,91.64,3666300
2025-02-05 19:00:00-05:00,91.70,91.97,89.02,89.69,3962900
2025-02-06 19:00:00-05:00,89.62,90.18,88.70,89.68,3746700
2025-02-09 19:00:00-05:00,91.02,93.65,90.67,92.37,5103900
2025-02-10 19:00:00-05:00,92.11,93.40,91.20,92.60,3359300
2025-02-11 19:00:00-05:00,91.22,93.65,91.04,91.37,3754000
2025-02-12 19:00:00-05:00,91.25,92.85,90.88,92.63,4336500
2025-02-13 19:00:00-05:00,92.76,93.31,91.55,91.59,2814000
2025-02-17 19:00:00-05:00,91.72,92.90,90.83,92.33,3457600
2025-02-18 19:00:00-05:00,92.20,93.61,91.98,92.85,2729800
2025-02-19 19:00:00-05:00,92.48,92.56,90.42,92.32,2986200
2025-02-20 19:00:00-05:00,91.69,93.09,91.09,91.82,4112800
2025-02-23 19:00:00-05:00,92.39,93.53,91.07,91.84,4545200
2025-02-24 19:00:00-05:00,91.88,92.55,86.45,89.64,7094300
2025-02-25 19:00:00-05:00,89.12,90.15,88.36,89.63,3242300
2025-02-26 19:00:00-05:00,89.84,91.44,89.06,90.45,3178200
2025-02-27 19:00:00-05:00,90.84,94.01,90.76,93.96,7100800
2025-03-02 19:00:00-05:00,93.96,94.98,89.85,90.57,3557300
2025-03-03 19:00:00-05:00,89.07,89.63,86.71,87.79,4215900
2025-03-04 19:00:00-05:00,86.64,87.51,84.62,85.99,4906900
2025-03-05 19:00:00-05:00,85.17,85.53,82.90,84.00,4589300
2025-03-06 19:00:00-05:00,83.95,84.69,81.77,83.84,4077200
2025-03-09 20:00:00-04:00,84.04,86.66,82.81,85.57,5995400
2025-03-10 20:00:00-04:00,85.84,87.64,85.68,86.69,5919800
2025-03-11 20:00:00-04:00,87.80,88.73,86.84,87.02,3186500
2025-03-12 20:00:00-04:00,87.08,88.66,86.67,87.51,4146100
2025-03-13 20:00:00-04:00,88.39,90.68,87.89,90.26,2944400
2025-03-16 20:00:00-04:00,90.14,93.09,90.02,92.14,2878900
2025-03-17 20:00:00-04:00,92.79,93.34,91.43,91.74,2728700
2025-03-18 20:00:00-04:00,92.24,94.43,92.05,93.65,3153200
2025-03-19 20:00:00-04:00,93.23,94.50,92.75,94.21,2753400
2025-03-20 20:00:00-04:00,93.71,94.04,92.35,92.98,8548825
2025-03-23 20:00:00-04:00,93.80,96.15,93.38,95.75,3284700
2025-03-24 20:00:00-04:00,96.26,97.01,95.64,95.83,2672800
2025-03-25 20:00:00-04:00,96.70,96.98,94.43,94.78,2731400
2025-03-26 20:00:00-04:00,94.79,94.79,91.94,92.36,2849400
2025-03-27 20:00:00-04:00,92.50,92.78,91.06,92.18,2167800
2025-03-30 20:00:00-04:00,91.87,93.33,91.70,92.87,3715300
2025-03-31 20:00:00-04:00,92.23,93.32,91.38,93.13,2037300
2025-04-01 20:00:00-04:00,91.99,94.13,91.92,93.95,2150400
2025-04-02 20:00:00-04:00,89.69,91.17,86.60,86.77,5845700
2025-04-03 20:00:00-04:00,82.79,83.86,75.31,75.68,8548825
2025-04-06 20:00:00-04:00,73.00,78.48,70.64,75.73,8548825
2025-04-07 20:00:00-04:00,78.51,79.09,72.32,73.67,6621800
2025-04-08 20:00:00-04:00,72.48,80.48,70.71,79.43,7617100
2025-04-09 20:00:00-04:00,77.18,77.59,73.52,76.04,5158800
2025-04-10 20:00:00-04:00,76.38,77.60,73.77,77.28,3777800
2025-04-13 20:00:00-04:00,79.09,79.47,77.04,78.04,3239200
2025-04-14 20:00:00-04:00,78.33,80.56,78.13,78.77,3286200
2025-04-15 20:00:00-04:00,78.91,80.70,78.77,79.37,2675700
2025-04-16 20:00:00-04:00,80.51,82.49,80.40,80.71,2758000
2025-04-20 20:00:00-04:00,79.55,80.24,75.76,76.58,3477200
2025-04-21 20:00:00-04:00,78.13,79.03,77.03,78.67,2884800
2025-04-22 20:00:00-04:00,79.76,81.70,78.65,79.24,4243300
2025-04-23 20:00:00-04:00,79.86,81.33,79.58,80.76,3494400
2025-04-24 20:00:00-04:00,80.03,80.98,80.03,80.79,1831800
2025-04-27 20:00:00-04:00,80.70,82.51,80.64,82.25,3578200
2025-04-28 20:00:00-04:00,81.54,82.54,81.04,82.24,3491300
2025-04-29 20:00:00-04:00,78.86,78.98,75.63,76.90,7058300
2025-04-30 20:00:00-04:00,76.01,78.17,75.39,75.75,5276000
2025-05-01 20:00:00-04:00,76.94,77.86,75.76,77.48,5505900
2025-05-04 20:00:00-04:00,76.97,77.21,75.15,75.96,3588600
2025-05-05 20:00:00-04:00,75.92,76.25,74.47,75.15,3996200
2025-05-06 20:00:00-04:00,75.34,76.42,74.93,76.06,3285100
2025-05-07 20:00:00-04:00,77.01,78.69,76.55,77.95,4868800
2025-05-08 20:00:00-04:00,79.22,79.56,77.78,78.00,2885300
2025-05-11 20:00:00-04:00,80.84,82.22,79.77,80.60,3386300
2025-05-12 20:00:00-04:00,80.85,83.39,80.55,81.99,3358000
2025-05-13 20:00:00-04:00,81.74,82.20,81.04,82.09,3385200
2025-05-14 20:00:00-04:00,80.80,81.60,80.28,81.54,3368100
2025-05-15 20:00:00-04:00,81.69,81.92,80.17,81.20,2983800
2025-05-18 20:00:00-04:00,79.61,80.63,79.41,80.31,2320500
2025-05-19 20:00:00-04:00,79.95,80.29,79.11,79.34,2488600
2025-05-20 20:00:00-04:00,78.81,79.34,77.45,77.56,2725300
2025-05-21 20:00:00-04:00,77.15,77.58,76.12,77.12,2558000
2025-05-22 20:00:00-04:00,76.12,77.25,76.12,76.90,2115500
2025-05-26 20:00:00-04:00,77.72,77.81,76.54,77.47,3064000
2025-05-27 20:00:00-04:00,78.08,78.08,76.28,76.38,3571100
2025-05-28 20:00:00-04:00,75.82,76.49,75.10,76.47,3399100
2025-05-29 20:00:00-04:00,75.70,76.62,74.95,76.62,8053600
2025-06-01 20:00:00-04:00,78.03,78.43,76.26,78.20,4111500
2025-06-02 20:00:00-04:00,78.32,79.44,77.41,78.89,3902000
2025-06-03 20:00:00-04:00,78.56,79.49,76.07,76.32,6153200
2025-06-04 20:00:00-04:00,77.10,77.50,76.10,76.95,5371600
2025-06-05 20:00:00-04:00,77.73,78.23,77.06,77.45,3617100
2025-06-08 20:00:00-04:00,77.72,78.17,76.48,76.88,4771100
2025-06-09 20:00:00-04:00,77.52,78.14,77.02,77.45,3525600
2025-06-10 20:00:00-04:00,78.26,79.20,77.61,78.57,4631700
2025-06-11 20:00:00-04:00,78.56,79.21,78.16,78.33,4512200
2025-06-12 20:00:00-04:00,79.90,80.70,79.23,79.38,5358100
2025-06-15 20:00:00-04:00,79.12,79.70,77.02,77.86,5530100
2025-06-16 20:00:00-04:00,78.36,78.86,76.93,77.11,3513800
2025-06-17 20:00:00-04:00,77.36,77.79,76.31,76.93,3660300
2025-06-19 20:00:00-04:00,77.61,78.34,77.36,78.07,7507300
2025-06-22 20:00:00-04:00,78.69,79.08,75.10,75.68,4196100
2025-06-23 20:00:00-04:00,75.09,76.68,74.96,76.35,3257300
2025-06-24 20:00:00-04:00,76.30,76.47,75.22,76.00,3101000
2025-06-25 20:00:00-04:00,75.82,77.10,75.54,77.07,3336000
2025-06-26 20:00:00-04:00,76.95,77.74,76.46,77.01,3206200
2025-06-29 20:00:00-04:00,77.05,77.61,76.56,77.37,2863700
2025-06-30 20:00:00-04:00,77.37,77.37,75.87,76.76,3969500
2025-07-01 20:00:00-04:00,77.72,77.85,76.18,77.85,3055900
2025-07-02 20:00:00-04:00,78.10,78.47,77.50,77.85,1757600
2025-07-06 20:00:00-04:00,76.88,77.45,75.05,75.98,3929000
2025-07-07 20:00:00-04:00,75.90,77.39,75.53,77.34,4188300
2025-07-08 20:00:00-04:00,77.71,77.72,76.53,76.92,3242900
2025-07-09 20:00:00-04:00,76.40,76.86,75.89,76.68,2666300
2025-07-10 20:00:00-04:00,76.35,77.19,76.24,77.09,2315900
2025-07-13 20:00:00-04:00,76.94,77.41,76.50,77.32,2586100
2025-07-14 20:00:00-04:00,77.50,77.51,75.58,75.77,2566100
2025-07-15 20:00:00-04:00,75.73,76.01,74.83,75.04,3481900
2025-07-16 20:00:00-04:00,75.22,77.12,74.97,77.00,3352600
2025-07-17 20:00:00-04:00,77.63,79.53,77.38,78.95,4553700
2025-07-20 20:00:00-04:00,79.09,79.13,76.05,76.18,3683300
2025-07-21 20:00:00-04:00,76.20,77.18,75.75,76.52,3029500
2025-07-22 20:00:00-04:00,76.89,77.56,76.52,77.41,2658300
2025-07-23 20:00:00-04:00,77.28,78.32,77.08,77.73,3424000
2025-07-24 20:00:00-04:00,77.74,77.92,77.05,77.28,3124100
2025-07-27 20:00:00-04:00,77.78,78.29,77.21,77.54,2337700
2025-07-28 20:00:00-04:00,78.19,79.22,77.86,79.11,3246300
2025-07-29 20:00:00-04:00,78.51,78.96,77.43,77.90,3208300
2025-07-30 20:00:00-04:00,77.30,78.71,77.05,77.82,4208500
2025-07-31 20:00:00-04:00,77.05,77.09,74.63,75.82,3671700
2025-08-03 20:00:00-04:00,75.87,76.76,75.66,76.62,3438800
2025-08-04 20:00:00-04:00,75.83,76.08,71.25,72.66,8548825
2025-08-05 20:00:00-04:00,73.66,73.91,71.86,72.21,4758300
2025-08-06 20:00:00-04:00,72.65,73.87,72.37,72.45,3414800
2025-08-07 20:00:00-04:00,72.47,72.97,71.43,71.47,3161200
2025-08-10 20:00:00-04:00,71.62,72.00,70.56,70.69,3681200
2025-08-11 20:00:00-04:00,70.55,71.36,70.09,71.07,3637500
2025-08-12 20:00:00-04:00,71.03,72.32,70.75,72.30,3504500
2025-08-13 20:00:00-04:00,71.84,72.50,71.09,71.79,3107000
2025-08-14 20:00:00-04:00,71.86,72.41,70.88,70.96,3670100
2025-08-17 20:00:00-04:00,70.63,70.80,69.83,70.11,2517500
2025-08-18 20:00:00-04:00,69.92,70.73,69.28,70.55,2382700
2025-08-19 20:00:00-04:00,70.50,71.07,70.05,70.72,2714900
2025-08-20 20:00:00-04:00,70.80,71.56,70.55,71.05,3340000
2025-08-21 20:00:00-04:00,71.28,72.41,71.23,71.83,2382300
2025-08-24 20:00:00-04:00,71.81,72.61,71.39,71.44,2757000
2025-08-25 20:00:00-04:00,71.12,71.49,70.46,71.43,7253900
2025-08-26 20:00:00-04:00,71.26,72.51,71.15,72.06,2302000
2025-08-27 20:00:00-04:00,72.34,72.97,71.71,72.84,2461000
2025-08-28 20:00:00-04:00,72.78,73.37,72.60,73.31,2652600
2025-09-01 20:00:00-04:00,72.87,73.17,70.67,71.62,4885000
2025-09-02 20:00:00-04:00,71.29,71.54,70.64,70.90,3394600
2025-09-03 20:00:00-04:00,71.07,71.53,70.62,71.39,2505800
2025-09-04 20:00:00-04:00,71.04,71.16,67.79,69.71,4956300
2025-09-07 20:00:00-04:00,70.25,70.58,68.21,68.49,3914100
2025-09-08 20:00:00-04:00,69.01,69.68,68.73,68.95,3491000
2025-09-09 20:00:00-04:00,68.95,70.42,68.85,70.40,3402700
2025-09-10 20:00:00-04:00,69.61,70.54,69.45,70.35,2436600
2025-09-11 20:00:00-04:00,70.82,70.90,70.11,70.11,2452200
2025-09-14 20:00:00-04:00,70.51,70.54,69.62,69.69,2887200
2025-09-15 20:00:00-04:00,70.12,70.36,69.40,69.66,2645200
2025-09-16 20:00:00-04:00,69.50,70.81,69.40,69.93,2723600
2025-09-17 20:00:00-04:00,70.74,71.35,70.35,70.62,3301500
2025-09-18 20:00:00-04:00,70.72,70.77,68.17,68.68,8548825
2025-09-21 20:00:00-04:00,68.42,69.43,68.09,68.74,3827900
2025-09-22 20:00:00-04:00,69.11,70.48,68.92,69.68,3920600
2025-09-23 20:00:00-04:00,70.11,71.37,69.88,70.71,3418800
2025-09-24 20:00:00-04:00,70.40,71.04,70.11,70.49,3329500
2025-09-25 20:00:00-04:00,70.65,72.23,70.60,70.92,3983400
2025-09-28 20:00:00-04:00,71.11,71.15,69.11,70.16,4410800
2025-09-29 20:00:00-04:00,69.24,70.27,68.92,70.04,6809000
2025-09-30 20:00:00-04:00,69.73,70.15,68.93,70.05,4859500
2025-10-01 20:00:00-04:00,70.06,70.65,69.25,69.56,3696500
2025-10-02 20:00:00-04:00,69.62,70.47,69.40,69.96,3141800
2025-10-05 20:00:00-04:00,70.20,70.49,69.50,69.81,3093400
2025-10-06 20:00:00-04:00,69.82,69.98,68.78,69.54,2926000
2025-10-07 20:00:00-04:00,69.40,69.74,68.20,69.47,3658100
2025-10-08 20:00:00-04:00,69.59,70.32,68.22,68.39,2888600
2025-10-09 20:00:00-04:00,68.15,69.11,66.30,66.31,3636300
2025-10-12 20:00:00-04:00,66.77,67.23,66.28,66.77,2887600
2025-10-13 20:00:00-04:00,65.89,67.14,65.51,66.78,3147400
2025-10-14 20:00:00-04:00,67.20,67.80,66.06,66.15,2970700
2025-10-15 20:00:00-04:00,66.26,66.32,64.39,64.52,4266900
2025-10-16 20:00:00-04:00,64.45,65.37,63.89,65.35,4025100
2025-10-19 20:00:00-04:00,65.66,66.17,65.13,65.78,2604200
2025-10-20 20:00:00-04:00,65.99,66.49,65.37,66.18,3041300
2025-10-21 20:00:00-04:00,66.69,67.01,65.69,66.79,3542800
2025-10-22 20:00:00-04:00,68.24,68.32,66.47,66.96,5126300
2025-10-23 20:00:00-04:00,67.34,67.34,65.65,65.85,3290400
2025-10-26 20:00:00-04:00,66.14,66.56,65.68,66.51,3320100
2025-10-27 20:00:00-04:00,66.30,66.56,65.32,66.32,4593600
2025-10-28 20:00:00-04:00,67.14,67.58,64.34,64.50,6515500
2025-10-29 20:00:00-04:00,64.47,65.07,63.68,64.04,4247900
2025-10-30 20:00:00-04:00,63.88,64.92,63.24,64.31,6249400
2025-11-02 19:00:00-05:00,64.34,64.81,62.66,63.71,5366700
2025-11-03 19:00:00-05:00,63.33,63.40,62.41,62.69,4355000
2025-11-04 19:00:00-05:00,62.70,65.17,62.52,64.60,6055600
2025-11-05 19:00:00-05:00,65.42,66.39,65.40,66.10,4284500
2025-11-06 19:00:00-05:00,66.29,66.59,65.48,66.40,2804200
2025-11-09 19:00:00-05:00,66.69,67.12,65.24,66.19,3271700
2025-11-10 19:00:00-05:00,66.64,67.72,66.38,67.35,3818300
2025-11-11 19:00:00-05:00,67.36,68.02,66.81,67.16,3878900
2025-11-12 19:00:00-05:00,67.37,68.24,67.15,67.69,4272300
2025-11-13 19:00:00-05:00,67.98,69.09,67.16,68.71,5543800
2025-11-16 19:00:00-05:00,68.26,68.40,66.70,67.13,5316600
2025-11-17 19:00:00-05:00,67.00,68.68,66.87,67.68,4401100
2025-11-18 19:00:00-05:00,67.07,68.08,66.48,67.70,3899300
2025-11-19 19:00:00-05:00,68.04,69.11,67.49,67.96,5422200
2025-11-20 19:00:00-05:00,68.44,69.38,68.10,68.75,4916900
2025-11-23 19:00:00-05:00,68.72,68.89,67.75,68.46,8520000
2025-11-24 19:00:00-05:00,68.19,69.25,68.06,69.09,3956200
2025-11-25 19:00:00-05:00,69.17,70.29,69.15,69.71,4007000
2025-11-27 19:00:00-05:00,69.84,71.08,69.78,70.99,2229200
2025-11-30 19:00:00-05:00,70.75,72.27,70.71,71.82,4820000
2025-12-01 19:00:00-05:00,71.69,72.01,71.19,71.26,4873300
2025-12-02 19:00:00-05:00,71.53,73.29,71.53,73.00,4663500
2025-12-03 19:00:00-05:00,73.16,74.26,73.13,74.25,3325200
2025-12-04 19:00:00-05:00,74.09,74.91,74.00,74.42,3288200
2025-12-07 19:00:00-05:00,74.27,74.27,72.74,73.04,4919700
2025-12-08 19:00:00-05:00,73.06,74.04,72.91,73.07,3556500
2025-12-09 19:00:00-05:00,73.14,73.24,71.43,71.92,4426900
2025-12-10 19:00:00-05:00,71.91,72.75,71.59,71.77,3023100
2025-12-11 19:00:00-05:00,72.14,72.54,71.20,71.74,2766300
2025-12-14 19:00:00-05:00,72.00,72.14,70.55,71.00,4256500
2025-12-15 19:00:00-05:00,70.67,71.00,69.14,69.34,6595000
2025-12-16 19:00:00-05:00,69.35,71.38,68.92,71.21,4992000
2025-12-17 19:00:00-05:00,71.21,71.35,69.67,69.88,3219700
2025-12-18 19:00:00-05:00,69.96,70.94,69.83,69.86,8401500
2025-12-21 19:00:00-05:00,70.47,71.07,70.04,70.99,2816100
2025-12-22 19:00:00-05:00,71.11,71.65,70.84,71.61,2357700
2025-12-23 19:00:00-05:00,71.73,71.76,71.08,71.39,1210300
2025-12-25 19:00:00-05:00,71.40,71.50,70.54,71.01,1599000
2025-12-28 19:00:00-05:00,71.45,72.03,71.29,71.80,2616100
2025-12-29 19:00:00-05:00,71.94,72.25,71.83,71.96,2164300
2025-12-30 19:00:00-05:00,71.80,71.92,71.39,71.65,2522600
2026-01-01 19:00:00-05:00,71.61,73.09,70.72,72.47,2261600
2026-01-04 19:00:00-05:00,73.48,73.55,69.56,71.79,5280800
2026-01-05 19:00:00-05:00,71.67,71.69,68.85,69.08,4661400
2026-01-06 19:00:00-05:00,69.21,69.78,68.80,68.94,4099100
2026-01-07 19:00:00-05:00,68.75,71.15,68.64,70.51,3287400
2026-01-08 19:00:00-05:00,71.16,71.48,70.45,70.87,2561500
2026-01-11 19:00:00-05:00,70.95,71.49,70.29,70.66,3844400
2026-01-12 19:00:00-05:00,71.14,72.61,71.13,72.38,3472300
2026-01-13 19:00:00-05:00,72.52,74.80,72.47,73.94,4926400
2026-01-14 19:00:00-05:00,72.98,73.11,71.36,71.50,4833800
2026-01-15 19:00:00-05:00,70.74,72.75,70.60,72.53,4680000
2026-01-19 19:00:00-05:00,72.54,73.51,71.85,72.19,3662000
2026-01-20 19:00:00-05:00,73.39,74.39,73.19,73.91,3305900
2026-01-21 19:00:00-05:00,74.34,76.70,74.03,76.58,7653300
2026-01-22 19:00:00-05:00,77.35,78.01,75.86,76.03,5347100
2026-01-25 19:00:00-05:00,76.56,77.01,74.71,75.55,4764200
2026-01-26 19:00:00-05:00,75.28,76.28,74.78,75.78,6048300
2026-01-27 19:00:00-05:00,76.03,77.89,75.55,77.26,4940300
2026-01-28 19:00:00-05:00,78.25,79.38,76.47,76.58,7729100
2026-01-29 19:00:00-05:00,76.42,77.25,75.29,77.19,5506600
2026-02-01 19:00:00-05:00,75.91,76.21,74.40,74.43,5096900
2026-02-02 19:00:00-05:00,74.69,77.56,74.67,77.34,5656100
2026-02-03 19:00:00-05:00,77.54,79.85,77.34,79.39,5422800
2026-02-04 19:00:00-05:00,79.35,79.79,77.60,79.51,5611300
2026-02-05 19:00:00-05:00,79.30,81.06,79.30,80.87,3846100
2026-02-08 19:00:00-05:00,80.59,82.41,80.18,82.15,4037300
2026-02-09 19:00:00-05:00,82.71,83.03,81.58,82.47,3224900
2026-02-10 19:00:00-05:00,83.01,84.38,82.81,83.89,3487800
2026-02-11 19:00:00-05:00,84.24,85.24,83.17,83.60,4604100
2026-02-12 19:00:00-05:00,83.60,85.53,83.38,85.09,3988000
2026-02-16 19:00:00-05:00,85.97,86.43,83.68,84.60,4795400
2026-02-17 19:00:00-05:00,85.58,86.19,84.86,85.76,6068000
2026-02-18 19:00:00-05:00,86.57,87.61,85.14,85.85,4137500
2026-02-19 19:00:00-05:00,85.77,86.32,84.98,86.30,4505300
2026-02-22 19:00:00-05:00,86.38,87.95,85.70,86.30,4744700
2026-02-23 19:00:00-05:00,85.96,86.41,80.35,81.91,8548825
2026-02-24 19:00:00-05:00,81.01,83.02,78.79,81.31,8548825
2026-02-25 19:00:00-05:00,81.46,83.33,80.62,83.03,5339400
2026-02-26 19:00:00-05:00,83.72,83.86,81.10,81.79,5880800
2026-03-01 19:00:00-05:00,83.49,85.66,81.80,85.10,6139400
2026-03-02 19:00:00-05:00,85.40,86.10,83.28,83.78,4375800
2026-03-03 19:00:00-05:00,83.28,84.12,82.73,83.76,3948800
2026-03-04 19:00:00-05:00,83.56,85.79,83.31,84.59,5703200
2026-03-05 19:00:00-05:00,85.28,86.02,83.74,85.90,5571000
2026-03-08 20:00:00-04:00,85.85,86.66,84.29,84.94,6132900
2026-03-09 20:00:00-04:00,84.74,85.51,83.24,83.68,4755800
2026-03-10 20:00:00-04:00,84.50,84.91,83.63,84.74,3153500
2026-03-11 20:00:00-04:00,84.93,86.30,83.92,83.92,4135500
2026-03-12 20:00:00-04:00,83.99,84.91,83.50,84.35,3426700
2026-03-15 20:00:00-04:00,84.56,84.86,83.66,84.31,3368600
2026-03-16 20:00:00-04:00,85.43,86.36,85.26,85.53,3275800
2026-03-17 20:00:00-04:00,85.57,85.57,83.88,85.17,4432300
2026-03-18 20:00:00-04:00,85.75,88.23,85.55,87.34,4901100
2026-03-19 20:00:00-04:00,88.41,91.05,88.04,88.15,8548825
2026-03-22 20:00:00-04:00,86.24,89.24,86.02,88.86,6466300
2026-03-23 20:00:00-04:00,89.37,90.93,89.22,89.86,4071300
2026-03-24 20:00:00-04:00,89.07,91.79,88.82,91.03,4923600
2026-03-25 20:00:00-04:00,90.76,93.17,90.71,92.46,3907700
2026-03-26 20:00:00-04:00,92.49,94.17,92.18,92.85,4820800
2026-03-29 20:00:00-04:00,93.46,94.08,91.40,91.86,4974000
2026-03-30 20:00:00-04:00,92.49,92.66,87.73,89.32,8548825
2026-03-31 20:00:00-04:00,88.14,89.01,85.05,86.33,5744200
2026-04-01 20:00:00-04:00,88.39,88.89,86.64,87.25,5134400
2026-04-05 20:00:00-04:00,86.82,87.70,86.73,87.45,2669500
2026-04-06 20:00:00-04:00,87.81,90.26,87.60,89.56,4281100
2026-04-07 20:00:00-04:00,84.44,85.94,83.10,85.74,7953700
2026-04-08 20:00:00-04:00,85.65,87.82,84.99,85.16,4138700
2026-04-09 20:00:00-04:00,84.50,85.74,84.08,85.19,3787800
2026-04-12 20:00:00-04:00,85.85,86.12,83.60,84.32,4269700
2026-04-13 20:00:00-04:00,83.54,83.97,81.83,83.84,3962000
2026-04-14 20:00:00-04:00,83.32,84.15,82.99,83.10,3250400
2026-04-15 20:00:00-04:00,83.29,84.54,83.01,84.20,2554400
2026-04-16 20:00:00-04:00,81.91,82.89,80.29,82.52,5343900
2026-04-19 20:00:00-04:00,82.21,83.33,81.80,82.79,3146700
2026-04-20 20:00:00-04:00,83.41,83.90,82.36,83.69,3592700
2026-04-21 20:00:00-04:00,84.34,85.68,84.34,85.04,4658200
2026-04-22 20:00:00-04:00,85.67,86.30,84.81,86.18,2839500
2026-04-23 20:00:00-04:00,86.17,86.76,85.48,86.46,3192200
2026-04-26 20:00:00-04:00,86.63,87.47,85.98,86.71,5471800
2026-04-27 20:00:00-04:00,87.95,89.29,87.13,88.73,4890400
2026-04-28 20:00:00-04:00,89.82,90.19,87.28,88.26,6307100
2026-04-29 20:00:00-04:00,87.82,91.43,87.49,91.37,5873800
2026-04-30 20:00:00-04:00,91.16,91.34,88.82,89.29,3583100
2026-05-03 20:00:00-04:00,89.48,91.16,88.50,90.63,2949800
2026-05-04 20:00:00-04:00,90.17,90.94,89.45,90.02,3240100
2026-05-05 20:00:00-04:00,86.87,87.74,84.78,85.60,5451700
2026-05-06 20:00:00-04:00,84.40,86.08,83.66,85.87,5861500
2026-05-07 20:00:00-04:00,85.72,86.20,84.49,85.16,4063700
2026-05-10 20:00:00-04:00,85.64,87.92,85.34,87.79,5718200
2026-05-11 20:00:00-04:00,88.48,88.93,87.89,88.43,3595400
2026-05-12 20:00:00-04:00,88.30,88.94,87.26,88.79,2944700
2026-05-13 20:00:00-04:00,88.81,91.12,88.73,91.03,3990600
2026-05-14 20:00:00-04:00,92.03,92.66,91.13,92.32,3151700
2026-05-17 20:00:00-04:00,92.23,93.83,91.25,93.76,2527300
2026-05-18 20:00:00-04:00,94.21,95.65,93.41,95.24,4539200
2026-05-19 20:00:00-04:00,95.10,96.07,91.92,92.15,4767700
2026-05-20 20:00:00-04:00,93.09,93.78,91.65,92.62,2843900
2026-05-21 20:00:00-04:00,92.81,94.42,92.41,94.03,3099500
2026-05-25 20:00:00-04:00,93.54,93.84,90.36,90.44,4571300
2026-05-26 20:00:00-04:00,89.28,89.93,88.05,88.21,3529900
2026-05-27 20:00:00-04:00,89.25,89.51,87.01,87.02,3679900
2026-05-28 20:00:00-04:00,86.00,87.00,83.57,83.94,8262900
2026-05-31 20:00:00-04:00,84.92,86.72,84.51,84.95,3093900
2026-06-01 20:00:00-04:00,84.95,86.85,84.95,86.72,2277200
2026-06-02 20:00:00-04:00,86.77,88.69,86.69,86.75,3678800
2026-06-03 20:00:00-04:00,86.99,89.52,86.53,88.95,3477800
2026-06-04 20:00:00-04:00,88.83,89.65,88.04,88.25,2631500
2026-06-07 20:00:00-04:00,88.52,89.48,87.85,88.15,2205300
2026-06-08 20:00:00-04:00,87.68,88.38,86.57,87.79,2580200
2026-06-09 20:00:00-04:00,88.44,91.54,88.37,90.57,2956100
2026-06-10 20:00:00-04:00,91.29,92.14,89.15,89.20,3655800
2026-06-11 20:00:00-04:00,88.90,91.58,88.49,90.59,3022900
2026-06-14 20:00:00-04:00,87.42,88.98,86.14,87.45,3945600
2026-06-15 20:00:00-04:00,86.49,87.39,85.49,86.31,3712300
2026-06-16 20:00:00-04:00,85.96,86.54,85.18,85.58,3225000
2026-06-17 20:00:00-04:00,84.68,85.29,83.08,85.03,8548825
2026-06-21 20:00:00-04:00,85.02,86.41,84.15,86.29,5009800
2026-06-22 20:00:00-04:00,86.36,88.19,85.65,88.06,3943700
2026-06-23 20:00:00-04:00,87.00,87.66,86.11,87.31,3307000
2026-06-24 20:00:00-04:00,86.87,89.94,86.82,89.52,2974100
2026-06-25 20:00:00-04:00,89.64,90.49,89.01,89.22,5990400
2026-06-28 20:00:00-04:00,89.89,90.04,88.32,88.73,3620300
