Date,Open,High,Low,Close,Volume
2018-07-01 20:00:00-04:00,342.12,348.59,339.77,348.26,871600
2018-07-02 20:00:00-04:00,349.12,353.06,344.16,350.96,540600
2018-07-04 20:00:00-04:00,353.45,359.80,350.60,357.99,954300
2018-07-05 20:00:00-04:00,361.02,367.46,355.87,366.56,1002500
2018-07-08 20:00:00-04:00,367.27,371.77,363.20,368.27,881400
2018-07-09 20:00:00-04:00,368.24,368.28,361.22,363.27,921300
2018-07-10 20:00:00-04:00,362.09,363.52,359.56,362.22,595800
2018-07-11 20:00:00-04:00,363.59,364.58,356.40,363.43,698100
2018-07-12 20:00:00-04:00,363.30,367.11,361.67,364.63,546200
2018-07-15 20:00:00-04:00,365.54,365.54,356.81,361.76,596400
2018-07-16 20:00:00-04:00,361.05,363.67,359.07,362.44,415300
2018-07-17 20:00:00-04:00,362.53,364.22,357.77,362.98,456700
2018-07-18 20:00:00-04:00,360.66,365.18,359.61,364.73,667000
2018-07-19 20:00:00-04:00,364.03,365.78,360.71,364.10,965100
2018-07-22 20:00:00-04:00,364.18,365.21,360.21,363.21,1106500
2018-07-23 20:00:00-04:00,366.85,371.41,363.21,369.72,846700
2018-07-24 20:00:00-04:00,367.94,373.03,366.54,371.42,672700
2018-07-25 20:00:00-04:00,372.92,373.66,366.20,370.53,579300
2018-07-26 20:00:00-04:00,370.08,370.60,358.69,364.59,1093900
2018-07-29 20:00:00-04:00,362.57,372.68,360.19,368.47,758400
2018-07-30 20:00:00-04:00,369.59,371.93,362.45,365.00,961500
2018-07-31 20:00:00-04:00,363.74,370.16,362.82,367.99,675200
2018-08-01 20:00:00-04:00,369.43,398.21,364.51,393.75,2148400
2018-08-02 20:00:00-04:00,391.94,395.73,387.55,391.65,1312200
2018-08-05 20:00:00-04:00,390.77,392.60,386.33,386.85,769100
2018-08-06 20:00:00-04:00,388.08,392.08,385.04,388.21,477700
2018-08-07 20:00:00-04:00,376.89,376.89,364.62,371.20,1161000
2018-08-08 20:00:00-04:00,369.72,371.34,360.27,369.09,1000600
2018-08-09 20:00:00-04:00,368.18,368.80,361.87,365.76,633400
2018-08-12 20:00:00-04:00,363.99,365.55,359.34,363.45,590200
2018-08-13 20:00:00-04:00,364.04,366.37,361.97,363.23,517700
2018-08-14 20:00:00-04:00,362.01,365.98,358.23,358.91,551100
2018-08-15 20:00:00-04:00,361.49,370.86,358.80,368.73,595400
2018-08-16 20:00:00-04:00,369.94,374.76,367.14,371.19,669600
2018-08-19 20:00:00-04:00,372.85,374.45,368.35,371.73,543800
2018-08-20 20:00:00-04:00,371.48,378.23,371.09,375.46,553500
2018-08-21 20:00:00-04:00,373.16,379.06,368.98,377.06,464700
2018-08-22 20:00:00-04:00,375.74,379.01,373.51,376.08,438900
2018-08-23 20:00:00-04:00,375.25,377.08,371.53,373.25,421300
2018-08-26 20:00:00-04:00,375.59,385.89,373.95,385.26,847700
2018-08-27 20:00:00-04:00,386.81,389.05,383.88,386.85,657900
2018-08-28 20:00:00-04:00,389.28,405.40,385.72,403.29,1234200
2018-08-29 20:00:00-04:00,402.63,413.08,401.83,405.16,956700
2018-08-30 20:00:00-04:00,403.86,408.79,402.97,403.42,484400
2018-09-03 20:00:00-04:00,402.18,407.38,396.20,400.62,627100
2018-09-04 20:00:00-04:00,400.81,406.31,399.70,403.61,541000
2018-09-05 20:00:00-04:00,402.61,402.61,389.49,394.67,483900
2018-09-06 20:00:00-04:00,392.18,394.41,384.84,392.18,503600
2018-09-09 20:00:00-04:00,393.00,395.21,388.89,391.80,355700
2018-09-10 20:00:00-04:00,390.93,392.78,386.44,390.54,346000
2018-09-11 20:00:00-04:00,391.61,393.30,379.31,385.69,684200
2018-09-12 20:00:00-04:00,387.08,395.31,386.06,394.45,538800
2018-09-13 20:00:00-04:00,394.52,396.72,384.93,388.96,493400
2018-09-16 20:00:00-04:00,389.54,391.30,382.89,383.32,525800
2018-09-17 20:00:00-04:00,379.59,389.25,372.14,385.15,644600
2018-09-18 20:00:00-04:00,383.67,383.81,378.81,380.56,610500
2018-09-19 20:00:00-04:00,381.91,386.13,379.86,384.08,680600
2018-09-20 20:00:00-04:00,386.54,390.10,384.22,387.08,1147800
2018-09-23 20:00:00-04:00,384.12,390.57,382.79,386.99,372800
2018-09-24 20:00:00-04:00,388.39,391.54,385.49,386.85,442200
2018-09-25 20:00:00-04:00,386.52,393.30,385.72,388.32,406200
2018-09-26 20:00:00-04:00,387.91,403.77,386.82,402.67,813200
2018-09-27 20:00:00-04:00,402.59,406.64,396.99,400.73,841600
2018-09-30 20:00:00-04:00,403.08,406.64,388.79,391.00,866700
2018-10-01 20:00:00-04:00,392.61,402.43,391.77,397.29,586900
2018-10-02 20:00:00-04:00,398.08,400.28,394.72,399.74,516200
2018-10-03 20:00:00-04:00,398.07,398.14,384.66,388.84,627500
2018-10-04 20:00:00-04:00,390.69,397.47,383.58,388.56,453700
2018-10-07 20:00:00-04:00,388.36,392.98,383.26,390.92,371500
2018-10-08 20:00:00-04:00,390.77,393.39,385.50,389.31,422000
2018-10-09 20:00:00-04:00,387.40,394.68,377.88,378.81,673300
2018-10-10 20:00:00-04:00,379.52,381.03,364.72,368.63,761600
2018-10-11 20:00:00-04:00,374.03,382.78,370.04,381.01,810200
2018-10-14 20:00:00-04:00,381.01,382.62,371.33,374.46,444900
2018-10-15 20:00:00-04:00,378.19,396.13,377.66,395.26,684500
2018-10-16 20:00:00-04:00,394.81,397.72,389.24,395.79,440000
2018-10-17 20:00:00-04:00,396.62,396.62,386.80,391.98,553500
2018-10-18 20:00:00-04:00,393.33,396.94,384.35,386.64,728900
2018-10-21 20:00:00-04:00,390.07,395.02,380.47,384.62,643900
2018-10-22 20:00:00-04:00,381.02,384.02,374.00,377.57,778000
2018-10-23 20:00:00-04:00,377.16,382.93,347.91,348.51,1416600
2018-10-24 20:00:00-04:00,339.77,346.13,328.02,334.18,2219275
2018-10-25 20:00:00-04:00,327.29,339.98,326.40,333.07,1038700
2018-10-28 20:00:00-04:00,340.62,340.62,324.90,333.43,947000
2018-10-29 20:00:00-04:00,333.11,345.13,329.68,336.92,1086800
2018-10-30 20:00:00-04:00,342.00,344.16,332.69,336.46,890300
2018-10-31 20:00:00-04:00,336.22,352.62,336.22,352.20,997300
2018-11-01 20:00:00-04:00,355.28,358.22,344.89,349.70,663600
2018-11-04 19:00:00-05:00,351.46,357.65,349.73,352.02,819100
2018-11-05 19:00:00-05:00,356.27,363.99,346.73,354.68,981400
2018-11-06 19:00:00-05:00,356.93,362.68,352.97,361.27,823600
2018-11-07 19:00:00-05:00,356.44,362.48,355.09,360.36,536600
2018-11-08 19:00:00-05:00,359.13,359.58,349.69,353.74,544000
2018-11-11 19:00:00-05:00,353.01,354.99,341.81,343.72,657100
2018-11-12 19:00:00-05:00,346.25,349.79,338.29,339.30,594100
2018-11-13 19:00:00-05:00,341.82,346.98,333.05,334.53,935300
2018-11-14 19:00:00-05:00,331.77,341.67,329.28,338.85,796700
2018-11-15 19:00:00-05:00,337.41,344.48,335.80,342.50,768300
2018-11-18 19:00:00-05:00,340.64,342.41,331.19,336.21,827800
2018-11-19 19:00:00-05:00,334.71,340.85,328.82,334.53,552500
2018-11-20 19:00:00-05:00,336.82,342.75,336.43,340.36,481200
2018-11-22 19:00:00-05:00,337.41,346.77,337.14,338.07,199500
2018-11-25 19:00:00-05:00,341.14,352.23,339.04,350.29,706000
2018-11-26 19:00:00-05:00,348.60,354.07,345.42,350.69,558600
2018-11-27 19:00:00-05:00,351.72,360.74,347.58,360.66,651100
2018-11-28 19:00:00-05:00,357.06,361.90,354.63,356.62,555700
2018-11-29 19:00:00-05:00,358.14,365.22,356.56,362.65,696800
2018-12-02 19:00:00-05:00,369.45,391.74,369.19,379.48,1100700
2018-12-03 19:00:00-05:00,379.50,393.07,368.61,369.75,1012900
2018-12-05 19:00:00-05:00,364.31,378.84,361.90,378.56,896700
2018-12-06 19:00:00-05:00,376.17,386.11,367.32,369.78,835800
2018-12-09 19:00:00-05:00,371.45,377.19,364.34,374.50,876100
2018-12-10 19:00:00-05:00,379.04,382.06,369.34,372.64,814700
2018-12-11 19:00:00-05:00,378.08,382.82,373.74,374.86,601200
2018-12-12 19:00:00-05:00,375.16,378.85,369.60,375.41,478900
2018-12-13 19:00:00-05:00,379.82,383.73,375.90,378.05,758400
2018-12-16 19:00:00-05:00,378.57,383.19,367.56,372.42,833100
2018-12-17 19:00:00-05:00,374.46,378.36,361.74,365.98,804800
2018-12-18 19:00:00-05:00,365.98,370.34,352.54,357.75,827100
2018-12-19 19:00:00-05:00,357.99,360.84,351.43,353.31,852400
2018-12-20 19:00:00-05:00,354.67,360.03,341.36,341.78,1514200
2018-12-23 19:00:00-05:00,340.52,345.04,337.55,337.85,463800
2018-12-25 19:00:00-05:00,339.18,360.55,336.35,360.31,832700
2018-12-26 19:00:00-05:00,356.51,361.88,349.71,361.80,690200
2018-12-27 19:00:00-05:00,363.55,368.17,358.58,359.65,522200
2018-12-30 19:00:00-05:00,361.74,371.68,361.65,370.44,680200
2019-01-01 19:00:00-05:00,365.13,373.70,363.01,369.39,599600
2019-01-02 19:00:00-05:00,370.60,382.78,368.54,369.03,750200
2019-01-03 19:00:00-05:00,376.43,396.43,374.56,394.29,1207600
2019-01-06 19:00:00-05:00,394.09,397.52,390.71,393.38,959400
2019-01-07 19:00:00-05:00,396.04,397.80,385.81,394.01,963500
2019-01-08 19:00:00-05:00,394.76,398.17,392.37,396.31,615600
2019-01-09 19:00:00-05:00,396.13,406.64,392.74,404.72,949300
2019-01-10 19:00:00-05:00,402.33,408.91,400.24,405.28,758000
2019-01-13 19:00:00-05:00,404.82,404.82,395.84,397.45,693300
2019-01-14 19:00:00-05:00,398.13,401.84,396.36,401.70,475100
2019-01-15 19:00:00-05:00,402.84,407.27,399.55,401.23,468800
2019-01-16 19:00:00-05:00,399.42,416.85,399.42,413.96,860200
2019-01-17 19:00:00-05:00,416.98,417.04,406.64,415.41,710400
2019-01-21 19:00:00-05:00,412.36,418.53,400.69,401.43,899500
2019-01-22 19:00:00-05:00,401.60,403.46,389.95,397.92,914000
2019-01-23 19:00:00-05:00,398.51,405.53,395.89,404.59,655100
2019-01-24 19:00:00-05:00,407.48,415.52,402.77,414.86,668000
2019-01-27 19:00:00-05:00,411.71,413.08,405.46,410.56,761000
2019-01-28 19:00:00-05:00,412.31,415.08,409.62,413.73,724700
2019-01-29 19:00:00-05:00,412.94,417.00,409.25,416.47,867800
2019-01-30 19:00:00-05:00,416.24,427.05,416.01,425.75,1441800
2019-01-31 19:00:00-05:00,425.01,427.79,421.84,426.63,702300
2019-02-03 19:00:00-05:00,425.41,425.55,419.03,421.92,474600
2019-02-04 19:00:00-05:00,422.62,424.00,416.19,417.59,629600
2019-02-05 19:00:00-05:00,425.39,426.38,403.07,403.23,1330800
2019-02-06 19:00:00-05:00,404.95,410.83,400.96,403.13,738400
2019-02-07 19:00:00-05:00,402.12,404.66,396.02,403.53,692100
2019-02-10 19:00:00-05:00,406.02,409.96,399.70,405.16,587000
2019-02-11 19:00:00-05:00,408.19,414.68,404.68,412.93,636900
2019-02-12 19:00:00-05:00,412.57,418.21,408.14,408.71,349300
2019-02-13 19:00:00-05:00,408.62,412.85,405.22,411.57,349600
2019-02-14 19:00:00-05:00,414.55,420.91,412.31,420.50,700000
2019-02-18 19:00:00-05:00,420.27,422.92,416.91,417.15,397800
2019-02-19 19:00:00-05:00,416.56,419.93,413.66,419.05,411100
2019-02-20 19:00:00-05:00,418.35,419.15,412.18,415.19,406600
2019-02-21 19:00:00-05:00,414.78,420.18,412.59,419.06,386600
2019-02-24 19:00:00-05:00,421.46,423.04,412.35,416.94,660400
2019-02-25 19:00:00-05:00,415.14,424.55,412.42,422.66,611100
2019-02-26 19:00:00-05:00,420.53,430.19,420.53,429.78,598800
2019-02-27 19:00:00-05:00,426.67,430.79,425.11,427.21,518000
2019-02-28 19:00:00-05:00,431.24,436.45,428.39,435.97,511000
2019-03-03 19:00:00-05:00,437.57,438.38,424.85,430.28,769300
2019-03-04 19:00:00-05:00,428.58,436.05,426.96,433.55,478300
2019-03-05 19:00:00-05:00,433.35,434.43,417.86,420.22,812300
2019-03-06 19:00:00-05:00,419.44,419.44,405.84,406.22,1020800
2019-03-07 19:00:00-05:00,404.17,404.17,396.31,399.34,1091700
2019-03-10 20:00:00-04:00,400.84,409.83,398.95,408.67,874200
2019-03-11 20:00:00-04:00,410.17,418.34,407.82,414.20,839700
2019-03-12 20:00:00-04:00,415.94,416.16,405.18,405.66,988800
2019-03-13 20:00:00-04:00,406.53,408.98,403.01,404.16,925200
2019-03-14 20:00:00-04:00,405.12,411.60,405.05,411.07,1158500
2019-03-17 20:00:00-04:00,406.64,410.37,401.52,404.26,545700
2019-03-18 20:00:00-04:00,404.40,406.36,401.09,403.66,627900
2019-03-19 20:00:00-04:00,404.45,406.32,399.52,402.18,479500
2019-03-20 20:00:00-04:00,397.72,401.80,393.59,399.29,880900
2019-03-21 20:00:00-04:00,398.19,399.29,388.22,388.59,552600
2019-03-24 20:00:00-04:00,388.21,394.35,385.31,391.76,431600
2019-03-25 20:00:00-04:00,395.51,402.90,395.26,402.30,674800
2019-03-26 20:00:00-04:00,401.75,404.11,395.10,399.57,450800
2019-03-27 20:00:00-04:00,402.35,404.97,399.00,401.51,436300
2019-03-28 20:00:00-04:00,403.41,409.22,403.41,407.26,492300
2019-03-31 20:00:00-04:00,409.13,409.52,404.66,406.69,496500
2019-04-01 20:00:00-04:00,407.98,412.48,404.22,411.42,513000
2019-04-02 20:00:00-04:00,410.95,411.76,397.56,403.67,789300
2019-04-03 20:00:00-04:00,404.66,407.43,397.55,403.20,517300
2019-04-04 20:00:00-04:00,404.83,409.25,403.22,405.59,657400
2019-04-07 20:00:00-04:00,404.74,407.57,392.76,397.97,703800
2019-04-08 20:00:00-04:00,396.72,397.06,391.90,392.49,577700
2019-04-09 20:00:00-04:00,393.93,405.13,391.10,404.89,579700
2019-04-10 20:00:00-04:00,406.64,406.83,388.52,390.26,843500
2019-04-11 20:00:00-04:00,389.95,391.27,378.06,379.80,1254100
2019-04-14 20:00:00-04:00,379.67,382.83,372.13,372.42,811500
2019-04-15 20:00:00-04:00,374.80,379.86,363.36,364.68,1054900
2019-04-16 20:00:00-04:00,363.95,365.01,339.22,340.16,1978400
2019-04-17 20:00:00-04:00,343.56,344.70,329.50,330.61,1920400
2019-04-21 20:00:00-04:00,329.78,333.25,326.30,331.29,921700
2019-04-22 20:00:00-04:00,332.76,343.80,331.72,341.32,972700
2019-04-23 20:00:00-04:00,341.61,343.48,335.90,337.67,850700
2019-04-24 20:00:00-04:00,337.59,349.02,334.89,347.12,891200
2019-04-25 20:00:00-04:00,348.37,348.79,336.83,340.84,846000
2019-04-28 20:00:00-04:00,340.32,343.15,335.85,341.33,598100
2019-04-29 20:00:00-04:00,340.98,342.21,335.19,340.33,554800
2019-04-30 20:00:00-04:00,340.23,342.61,336.13,338.00,503400
2019-05-01 20:00:00-04:00,339.88,341.47,328.54,332.66,812400
2019-05-02 20:00:00-04:00,334.22,336.93,331.93,334.13,848300
2019-05-05 20:00:00-04:00,329.48,342.09,329.48,341.41,916700
2019-05-06 20:00:00-04:00,330.27,333.74,316.09,319.76,1967300
2019-05-07 20:00:00-04:00,316.71,327.05,316.71,326.30,1183700
2019-05-08 20:00:00-04:00,323.12,324.68,318.11,321.51,864100
2019-05-09 20:00:00-04:00,320.91,321.16,308.80,310.30,1407500
2019-05-12 20:00:00-04:00,304.16,306.77,296.66,302.65,1153600
2019-05-13 20:00:00-04:00,303.84,306.66,301.10,302.12,836900
2019-05-14 20:00:00-04:00,299.48,303.76,294.88,303.34,784100
2019-05-15 20:00:00-04:00,303.71,311.49,301.51,305.52,1049100
2019-05-16 20:00:00-04:00,303.29,306.68,301.21,302.44,756000
2019-05-19 20:00:00-04:00,299.05,302.08,294.83,300.09,738600
2019-05-20 20:00:00-04:00,302.38,311.72,302.38,307.41,999900
2019-05-21 20:00:00-04:00,305.49,318.86,300.25,317.47,1252700
2019-05-22 20:00:00-04:00,314.17,316.05,307.83,312.68,934700
2019-05-23 20:00:00-04:00,314.07,316.20,305.94,310.00,401100
2019-05-27 20:00:00-04:00,310.81,313.20,305.18,305.41,718300
2019-05-28 20:00:00-04:00,304.57,308.13,300.30,305.26,627100
2019-05-29 20:00:00-04:00,306.08,307.82,300.40,305.44,627800
2019-05-30 20:00:00-04:00,303.47,303.94,293.31,299.25,863500
2019-06-02 20:00:00-04:00,298.66,307.20,298.66,301.46,670200
2019-06-03 20:00:00-04:00,303.52,306.89,298.12,299.59,844600
2019-06-04 20:00:00-04:00,302.34,302.45,292.85,297.54,979900
2019-06-05 20:00:00-04:00,297.66,302.04,296.28,297.15,767600
2019-06-06 20:00:00-04:00,299.61,304.49,295.42,304.21,775500
2019-06-09 20:00:00-04:00,304.03,308.37,301.02,301.76,726000
2019-06-10 20:00:00-04:00,304.37,307.08,303.72,304.33,554900
2019-06-11 20:00:00-04:00,304.32,306.93,302.75,303.65,556000
2019-06-12 20:00:00-04:00,304.66,305.67,299.84,304.90,653900
2019-06-13 20:00:00-04:00,304.30,312.62,301.51,302.74,624200
2019-06-16 20:00:00-04:00,304.82,310.36,299.29,308.43,587900
2019-06-17 20:00:00-04:00,308.55,315.24,303.26,304.12,1001000
2019-06-18 20:00:00-04:00,303.83,309.35,301.28,308.28,971200
2019-06-19 20:00:00-04:00,313.11,325.14,312.67,317.85,1617100
2019-06-20 20:00:00-04:00,321.60,321.60,309.44,317.64,1493700
2019-06-23 20:00:00-04:00,316.15,317.70,308.71,309.99,780700
2019-06-24 20:00:00-04:00,310.56,314.82,309.29,310.34,702200
2019-06-25 20:00:00-04:00,310.68,314.06,298.06,302.58,1005000
2019-06-26 20:00:00-04:00,303.73,309.02,301.58,308.13,564700
2019-06-27 20:00:00-04:00,309.56,313.66,308.69,310.44,1499000
2019-06-30 20:00:00-04:00,315.01,315.99,310.58,313.97,688700
2019-07-01 20:00:00-04:00,315.02,317.81,310.44,312.95,758200
2019-07-02 20:00:00-04:00,314.82,317.74,309.97,315.78,545000
2019-07-04 20:00:00-04:00,313.56,318.13,303.57,304.49,799600
2019-07-07 20:00:00-04:00,302.60,303.35,294.38,300.36,928800
2019-07-08 20:00:00-04:00,298.45,305.86,297.54,305.45,789800
2019-07-09 20:00:00-04:00,305.63,307.30,289.27,298.96,1533800
2019-07-10 20:00:00-04:00,294.56,294.56,285.64,289.43,1414200
2019-07-11 20:00:00-04:00,289.73,293.07,285.30,290.16,648400
2019-07-14 20:00:00-04:00,290.58,297.88,287.16,295.76,875900
2019-07-15 20:00:00-04:00,296.74,297.24,293.36,295.93,492500
2019-07-16 20:00:00-04:00,294.82,300.82,294.65,296.97,646300
2019-07-17 20:00:00-04:00,297.33,301.71,294.77,300.61,548000
2019-07-18 20:00:00-04:00,301.03,301.19,293.92,295.67,692700
2019-07-21 20:00:00-04:00,295.76,297.86,292.29,294.09,609000
2019-07-22 20:00:00-04:00,295.90,308.32,294.48,306.73,992100
2019-07-23 20:00:00-04:00,308.32,311.72,301.10,311.06,1144900
2019-07-24 20:00:00-04:00,308.57,308.97,300.44,300.93,679500
2019-07-25 20:00:00-04:00,301.86,307.19,298.15,306.65,956700
2019-07-28 20:00:00-04:00,311.92,312.37,300.33,303.53,691600
2019-07-29 20:00:00-04:00,301.82,308.72,301.03,308.58,512700
2019-07-30 20:00:00-04:00,307.26,309.70,298.73,302.26,690600
2019-07-31 20:00:00-04:00,304.17,311.36,302.11,306.90,704200
2019-08-01 20:00:00-04:00,306.42,308.56,300.58,302.74,506500
2019-08-04 20:00:00-04:00,299.67,301.51,294.09,297.12,845300
2019-08-05 20:00:00-04:00,301.99,303.49,291.00,297.80,1188200
2019-08-06 20:00:00-04:00,295.22,302.11,291.60,299.74,811600
2019-08-07 20:00:00-04:00,300.64,307.54,300.64,307.33,694000
2019-08-08 20:00:00-04:00,306.31,307.64,297.52,302.39,537200
2019-08-11 20:00:00-04:00,296.19,302.60,293.19,293.45,543400
2019-08-12 20:00:00-04:00,295.69,305.15,294.51,302.36,610800
2019-08-13 20:00:00-04:00,299.36,301.81,290.02,291.13,676400
2019-08-14 20:00:00-04:00,292.95,294.48,288.09,290.71,564000
2019-08-15 20:00:00-04:00,292.90,294.91,288.34,294.42,730200
2019-08-18 20:00:00-04:00,296.89,298.36,294.37,295.94,781200
2019-08-19 20:00:00-04:00,296.76,298.53,292.57,293.61,571500
2019-08-20 20:00:00-04:00,295.54,298.05,292.60,295.34,451700
2019-08-21 20:00:00-04:00,295.06,296.50,289.22,292.60,441400
2019-08-22 20:00:00-04:00,291.55,293.83,283.21,284.50,815800
2019-08-25 20:00:00-04:00,285.88,287.99,281.17,282.40,527500
2019-08-26 20:00:00-04:00,283.53,288.76,278.81,279.10,801500
2019-08-27 20:00:00-04:00,277.75,287.91,277.10,285.28,713600
2019-08-28 20:00:00-04:00,287.42,290.30,284.74,288.19,509300
2019-08-29 20:00:00-04:00,289.63,291.06,284.90,287.67,604500
2019-09-02 20:00:00-04:00,286.83,288.01,278.95,282.78,566000
2019-09-03 20:00:00-04:00,285.85,286.62,280.00,284.15,628600
2019-09-04 20:00:00-04:00,285.58,291.23,285.58,287.00,494100
2019-09-05 20:00:00-04:00,288.07,290.80,285.31,289.61,570100
2019-09-08 20:00:00-04:00,289.14,289.54,276.44,276.71,927500
2019-09-09 20:00:00-04:00,276.74,282.71,269.35,281.40,1159800
2019-09-10 20:00:00-04:00,281.67,285.13,280.24,281.01,517600
2019-09-11 20:00:00-04:00,282.31,286.51,278.71,281.85,539800
2019-09-12 20:00:00-04:00,281.51,284.65,277.18,279.31,617100
2019-09-15 20:00:00-04:00,278.20,284.93,278.20,283.55,476100
2019-09-16 20:00:00-04:00,282.44,286.52,281.33,285.76,604700
2019-09-17 20:00:00-04:00,286.19,286.19,279.09,282.72,548800
2019-09-18 20:00:00-04:00,282.33,285.59,282.33,283.81,404900
2019-09-19 20:00:00-04:00,286.38,295.20,284.33,293.45,1661800
2019-09-22 20:00:00-04:00,294.92,297.52,290.63,292.29,649400
2019-09-23 20:00:00-04:00,292.60,293.58,285.26,287.34,642300
2019-09-24 20:00:00-04:00,287.83,289.51,283.98,284.30,468800
2019-09-25 20:00:00-04:00,285.34,285.34,275.58,279.01,855900
2019-09-26 20:00:00-04:00,278.15,280.49,269.15,271.22,770400
2019-09-29 20:00:00-04:00,273.04,277.76,269.79,275.13,515100
2019-09-30 20:00:00-04:00,275.00,277.12,271.16,274.21,589600
2019-10-01 20:00:00-04:00,273.05,275.58,270.03,271.88,572100
2019-10-02 20:00:00-04:00,272.10,279.39,270.04,278.42,632000
2019-10-03 20:00:00-04:00,279.35,281.71,275.72,280.61,511900
2019-10-06 20:00:00-04:00,278.36,285.41,278.36,281.49,422700
2019-10-07 20:00:00-04:00,278.21,286.27,276.93,282.76,984000
2019-10-08 20:00:00-04:00,284.47,289.86,283.75,288.45,980600
2019-10-09 20:00:00-04:00,287.01,297.49,286.61,295.92,960600
2019-10-10 20:00:00-04:00,297.65,303.91,296.45,298.31,1074600
2019-10-13 20:00:00-04:00,296.95,307.61,296.15,302.94,840700
2019-10-14 20:00:00-04:00,302.85,304.45,300.52,301.33,731900
2019-10-15 20:00:00-04:00,299.78,300.90,295.84,296.95,827000
2019-10-16 20:00:00-04:00,298.74,300.23,297.48,299.10,445700
2019-10-17 20:00:00-04:00,301.02,301.02,296.25,297.73,530000
2019-10-20 20:00:00-04:00,299.50,299.50,292.44,295.55,496800
2019-10-21 20:00:00-04:00,302.50,304.42,298.73,298.84,723200
2019-10-22 20:00:00-04:00,299.39,304.55,297.02,302.52,589300
2019-10-23 20:00:00-04:00,301.26,303.58,296.77,303.27,565800
2019-10-24 20:00:00-04:00,302.78,305.49,299.32,303.70,412800
2019-10-27 20:00:00-04:00,303.12,307.99,300.74,306.03,384800
2019-10-28 20:00:00-04:00,307.46,310.82,306.06,307.92,387600
2019-10-29 20:00:00-04:00,307.56,309.24,303.61,308.45,604400
2019-10-30 20:00:00-04:00,308.08,308.83,301.00,303.77,741100
2019-10-31 20:00:00-04:00,306.47,310.59,304.92,307.94,829800
2019-11-03 19:00:00-05:00,310.49,313.35,308.19,308.49,632800
2019-11-04 19:00:00-05:00,320.71,341.28,319.47,329.88,2219275
2019-11-05 19:00:00-05:00,328.66,330.55,321.61,321.83,1017700
2019-11-06 19:00:00-05:00,326.48,330.99,322.95,323.72,952300
2019-11-07 19:00:00-05:00,324.84,339.66,324.35,338.99,1106100
2019-11-10 19:00:00-05:00,337.55,342.16,335.94,341.46,611900
2019-11-11 19:00:00-05:00,341.18,347.07,338.56,345.56,905400
2019-11-12 19:00:00-05:00,343.49,346.77,339.02,345.45,1009400
2019-11-13 19:00:00-05:00,346.93,347.13,334.27,335.62,1029600
2019-11-14 19:00:00-05:00,338.16,346.99,335.94,342.04,912200
2019-11-17 19:00:00-05:00,339.78,341.39,334.77,337.40,622500
2019-11-18 19:00:00-05:00,341.36,345.34,337.42,341.64,630800
2019-11-19 19:00:00-05:00,339.18,344.57,339.18,341.42,1058100
2019-11-20 19:00:00-05:00,340.79,350.11,338.81,347.91,858300
2019-11-21 19:00:00-05:00,348.06,362.74,348.06,357.71,1286400
2019-11-24 19:00:00-05:00,359.47,364.01,355.54,363.82,845000
2019-11-25 19:00:00-05:00,363.86,364.39,358.80,360.85,735100
2019-11-26 19:00:00-05:00,362.08,369.54,361.63,368.54,734400
2019-11-28 19:00:00-05:00,369.01,369.42,363.77,365.98,463600
2019-12-01 19:00:00-05:00,365.16,365.98,360.10,363.08,652200
2019-12-02 19:00:00-05:00,363.98,366.47,360.42,365.79,929700
2019-12-03 19:00:00-05:00,366.17,370.28,364.56,366.94,605000
2019-12-04 19:00:00-05:00,367.93,368.95,363.16,365.32,501800
2019-12-05 19:00:00-05:00,366.49,370.67,365.28,369.21,575900
2019-12-08 19:00:00-05:00,370.03,370.03,359.92,362.63,974400
2019-12-09 19:00:00-05:00,354.22,369.10,354.08,364.66,1061600
2019-12-10 19:00:00-05:00,365.38,373.59,365.23,370.47,935700
2019-12-11 19:00:00-05:00,371.04,379.12,369.03,369.11,949900
2019-12-12 19:00:00-05:00,373.08,376.07,369.51,373.34,995900
2019-12-15 19:00:00-05:00,364.83,374.13,364.70,372.93,756600
2019-12-16 19:00:00-05:00,372.65,372.65,365.20,366.08,1002900
2019-12-17 19:00:00-05:00,367.27,370.57,365.71,368.32,831300
2019-12-18 19:00:00-05:00,368.90,370.92,360.17,369.50,903700
2019-12-19 19:00:00-05:00,371.87,372.72,367.97,372.54,1192800
2019-12-22 19:00:00-05:00,374.11,374.78,369.51,371.13,431200
2019-12-23 19:00:00-05:00,371.68,373.62,369.46,373.43,221500
2019-12-25 19:00:00-05:00,373.67,374.67,370.94,371.79,451900
2019-12-26 19:00:00-05:00,372.17,372.87,367.93,370.26,293000
2019-12-29 19:00:00-05:00,370.68,372.74,368.00,370.64,369200
2019-12-30 19:00:00-05:00,370.58,373.62,368.99,372.40,494600
2020-01-01 19:00:00-05:00,374.90,375.90,366.22,370.29,512400
2020-01-02 19:00:00-05:00,365.19,369.30,364.04,366.14,500800
2020-01-05 19:00:00-05:00,365.21,369.09,361.51,368.69,690800
2020-01-06 19:00:00-05:00,368.52,370.77,365.01,370.07,736400
2020-01-07 19:00:00-05:00,370.12,381.70,367.67,379.29,743100
2020-01-08 19:00:00-05:00,380.49,383.37,378.25,380.33,587500
2020-01-09 19:00:00-05:00,381.47,382.94,376.89,378.29,568100
2020-01-12 19:00:00-05:00,376.90,377.22,372.06,375.83,637200
2020-01-13 19:00:00-05:00,375.20,385.24,372.49,384.44,638900
2020-01-14 19:00:00-05:00,384.25,393.22,384.25,387.55,680700
2020-01-15 19:00:00-05:00,389.95,390.77,378.69,382.41,620500
2020-01-16 19:00:00-05:00,382.94,383.43,379.40,382.78,862800
2020-01-20 19:00:00-05:00,382.74,383.15,360.70,360.73,1488400
2020-01-21 19:00:00-05:00,362.72,364.13,353.54,356.20,1320300
2020-01-22 19:00:00-05:00,356.48,357.50,351.31,353.68,737600
2020-01-23 19:00:00-05:00,356.96,356.96,340.28,342.45,1103100
2020-01-26 19:00:00-05:00,338.41,340.51,333.42,336.64,775000
2020-01-27 19:00:00-05:00,338.80,342.94,334.54,341.26,729500
2020-01-28 19:00:00-05:00,343.41,345.12,336.12,336.47,558600
2020-01-29 19:00:00-05:00,332.93,334.80,328.85,333.43,664100
2020-01-30 19:00:00-05:00,330.44,336.20,325.44,335.17,988600
2020-02-02 19:00:00-05:00,336.91,344.16,336.61,338.33,930100
2020-02-03 19:00:00-05:00,345.05,356.55,344.77,353.08,956800
2020-02-04 19:00:00-05:00,361.85,373.59,360.03,369.11,1404400
2020-02-05 19:00:00-05:00,382.37,391.45,371.96,386.66,1605500
2020-02-06 19:00:00-05:00,387.87,388.16,375.41,378.74,1172400
2020-02-09 19:00:00-05:00,375.06,386.65,374.35,383.05,939500
2020-02-10 19:00:00-05:00,387.01,394.74,384.80,393.50,992800
2020-02-11 19:00:00-05:00,394.87,403.72,394.38,402.97,1076200
2020-02-12 19:00:00-05:00,403.11,404.66,394.84,395.54,656800
2020-02-13 19:00:00-05:00,395.83,398.80,390.17,396.28,536800
2020-02-17 19:00:00-05:00,393.57,398.71,391.77,394.39,512200
2020-02-18 19:00:00-05:00,394.60,398.92,392.07,397.53,564000
2020-02-19 19:00:00-05:00,396.62,397.80,390.53,395.87,660800
2020-02-20 19:00:00-05:00,392.83,401.23,389.64,399.85,655300
2020-02-23 19:00:00-05:00,392.30,422.87,383.67,421.90,2219275
2020-02-24 19:00:00-05:00,433.67,453.85,433.42,438.73,2219275
2020-02-25 19:00:00-05:00,440.38,457.56,438.82,454.17,2219275
2020-02-26 19:00:00-05:00,464.72,466.15,427.17,428.07,2093500
2020-02-27 19:00:00-05:00,418.91,441.40,414.79,440.93,1591000
2020-03-01 19:00:00-05:00,441.35,461.70,441.35,460.94,1713100
2020-03-02 19:00:00-05:00,451.00,463.86,444.44,457.77,1210600
2020-03-03 19:00:00-05:00,464.13,490.51,463.30,489.44,1960700
2020-03-04 19:00:00-05:00,477.00,495.90,476.07,484.17,1270200
2020-03-05 19:00:00-05:00,473.38,492.92,473.09,490.38,1130700
2020-03-08 20:00:00-04:00,463.11,482.70,462.33,470.55,1344100
2020-03-09 20:00:00-04:00,484.45,484.71,457.03,471.13,1390500
2020-03-10 20:00:00-04:00,475.19,482.00,455.85,460.89,1351800
2020-03-11 20:00:00-04:00,440.72,448.26,422.61,428.35,1627800
2020-03-12 20:00:00-04:00,441.36,462.22,414.59,461.74,1380700
2020-03-15 20:00:00-04:00,448.80,480.61,430.27,437.22,1926300
2020-03-16 20:00:00-04:00,489.95,508.78,469.13,487.66,2219275
2020-03-17 20:00:00-04:00,491.72,494.91,451.83,481.03,2219275
2020-03-18 20:00:00-04:00,479.97,513.76,465.60,485.82,2219275
2020-03-19 20:00:00-04:00,488.97,495.41,431.45,434.86,2027000
2020-03-22 20:00:00-04:00,446.16,473.09,429.73,451.90,1829300
2020-03-23 20:00:00-04:00,464.38,468.12,420.54,445.85,1615700
2020-03-24 20:00:00-04:00,439.41,455.07,423.58,426.26,1288000
2020-03-25 20:00:00-04:00,423.02,448.99,420.55,448.59,1686200
2020-03-26 20:00:00-04:00,442.38,461.97,441.50,445.84,1109000
2020-03-29 20:00:00-04:00,459.30,472.20,457.22,469.13,1337000
2020-03-30 20:00:00-04:00,470.12,491.42,460.00,484.29,1953200
2020-03-31 20:00:00-04:00,480.17,495.89,472.55,492.58,1679800
2020-04-01 20:00:00-04:00,490.24,496.90,479.15,494.66,1058900
2020-04-02 20:00:00-04:00,491.50,499.14,481.07,489.28,1169500
2020-04-05 20:00:00-04:00,499.26,506.82,484.89,500.14,1285500
2020-04-06 20:00:00-04:00,498.69,505.56,487.98,497.40,1046900
2020-04-07 20:00:00-04:00,498.10,509.90,484.00,508.13,1167100
2020-04-08 20:00:00-04:00,505.92,511.42,496.77,508.76,1011800
2020-04-12 20:00:00-04:00,507.82,514.75,499.99,512.78,789800
2020-04-13 20:00:00-04:00,520.32,521.59,512.76,520.54,962600
2020-04-14 20:00:00-04:00,521.00,522.78,506.32,507.50,836800
2020-04-15 20:00:00-04:00,514.67,537.53,513.38,535.51,1206300
2020-04-16 20:00:00-04:00,545.48,567.81,534.72,564.13,2133500
2020-04-19 20:00:00-04:00,562.07,569.62,555.80,563.34,949300
2020-04-20 20:00:00-04:00,561.42,564.33,532.40,540.00,1026300
2020-04-21 20:00:00-04:00,550.95,558.76,536.52,553.51,825800
2020-04-22 20:00:00-04:00,554.35,568.46,552.92,560.89,739500
2020-04-23 20:00:00-04:00,568.94,569.30,551.91,561.57,837100
2020-04-26 20:00:00-04:00,558.54,561.05,534.73,543.03,1467800
2020-04-27 20:00:00-04:00,533.08,535.56,518.14,524.28,1128200
2020-04-28 20:00:00-04:00,528.28,528.80,509.60,511.92,1306300
2020-04-29 20:00:00-04:00,509.78,523.11,503.53,521.57,938000
2020-04-30 20:00:00-04:00,519.94,524.87,510.33,521.20,482200
2020-05-03 20:00:00-04:00,523.85,539.74,523.30,537.38,885600
2020-05-04 20:00:00-04:00,558.45,576.24,556.67,569.66,1550700
2020-05-05 20:00:00-04:00,554.62,565.32,537.12,548.97,1906200
2020-05-06 20:00:00-04:00,559.77,565.54,551.41,555.24,1132100
2020-05-07 20:00:00-04:00,557.40,563.18,548.99,558.78,698900
2020-05-10 20:00:00-04:00,560.60,574.03,559.48,569.41,1040900
2020-05-11 20:00:00-04:00,572.25,573.27,551.89,552.97,918600
2020-05-12 20:00:00-04:00,556.06,577.01,553.93,572.39,1058900
2020-05-13 20:00:00-04:00,572.45,576.01,560.97,566.18,702300
2020-05-14 20:00:00-04:00,562.14,572.27,558.47,572.00,865700
2020-05-17 20:00:00-04:00,577.23,578.76,554.31,555.69,962800
2020-05-18 20:00:00-04:00,556.40,564.83,553.03,553.03,737900
2020-05-19 20:00:00-04:00,557.47,575.79,556.79,572.16,840800
2020-05-20 20:00:00-04:00,572.78,573.60,552.12,556.38,812600
2020-05-21 20:00:00-04:00,553.55,569.49,553.55,565.24,653500
2020-05-25 20:00:00-04:00,544.05,551.57,529.87,540.74,2219275
2020-05-26 20:00:00-04:00,534.29,550.98,517.74,539.55,2219275
2020-05-27 20:00:00-04:00,543.01,578.25,541.66,573.47,2219275
2020-05-28 20:00:00-04:00,575.94,610.32,566.84,607.79,2219275
2020-05-31 20:00:00-04:00,600.04,605.00,592.72,594.56,1579300
2020-06-01 20:00:00-04:00,597.27,613.64,586.82,612.60,1511500
2020-06-02 20:00:00-04:00,610.33,611.63,584.77,599.33,1541000
2020-06-03 20:00:00-04:00,592.10,605.98,587.93,593.64,851800
2020-06-04 20:00:00-04:00,580.21,595.22,573.69,592.11,1324100
2020-06-07 20:00:00-04:00,583.06,600.30,574.85,599.09,964700
2020-06-08 20:00:00-04:00,598.55,606.55,596.96,603.60,849900
2020-06-09 20:00:00-04:00,608.01,612.31,598.06,601.62,925500
2020-06-10 20:00:00-04:00,615.91,620.66,587.47,591.28,1515800
2020-06-11 20:00:00-04:00,610.96,614.60,578.36,583.57,1230200
2020-06-14 20:00:00-04:00,579.75,588.63,577.55,585.73,676100
2020-06-15 20:00:00-04:00,585.17,592.26,571.17,588.04,741400
2020-06-16 20:00:00-04:00,591.44,601.53,589.99,598.16,678000
2020-06-17 20:00:00-04:00,596.41,599.08,585.46,592.46,645000
2020-06-18 20:00:00-04:00,597.38,641.04,593.81,638.65,2219275
2020-06-21 20:00:00-04:00,628.90,628.99,613.13,623.33,1238800
2020-06-22 20:00:00-04:00,626.16,632.32,617.91,623.61,832700
2020-06-23 20:00:00-04:00,624.84,639.42,594.09,600.08,1459600
2020-06-24 20:00:00-04:00,599.72,615.21,597.57,614.88,813900
2020-06-25 20:00:00-04:00,606.01,611.30,596.63,606.35,1817800
2020-06-28 20:00:00-04:00,604.38,612.21,600.81,605.87,663200
2020-06-29 20:00:00-04:00,616.84,620.93,606.15,618.54,754900
2020-06-30 20:00:00-04:00,619.88,619.88,596.10,604.18,984700
2020-07-01 20:00:00-04:00,607.09,625.59,603.77,617.35,802500
2020-07-05 20:00:00-04:00,629.80,633.77,618.39,622.11,1041000
2020-07-06 20:00:00-04:00,630.82,648.18,623.08,635.63,1423100
2020-07-07 20:00:00-04:00,645.08,645.16,627.24,635.09,660100
2020-07-08 20:00:00-04:00,642.69,650.56,623.85,635.38,1009600
2020-07-09 20:00:00-04:00,633.17,634.75,612.89,615.77,929000
2020-07-12 20:00:00-04:00,618.56,628.65,609.08,610.83,733200
2020-07-13 20:00:00-04:00,610.54,639.06,607.19,635.98,864200
2020-07-14 20:00:00-04:00,636.73,639.46,621.37,627.56,568800
2020-07-15 20:00:00-04:00,623.60,629.06,616.89,627.03,410300
2020-07-16 20:00:00-04:00,629.80,644.68,627.03,638.78,713700
2020-07-19 20:00:00-04:00,641.34,659.20,641.20,652.82,671100
2020-07-20 20:00:00-04:00,652.61,652.61,630.43,633.63,753400
2020-07-21 20:00:00-04:00,637.33,638.78,629.16,632.31,497200
2020-07-22 20:00:00-04:00,632.69,639.04,623.19,625.15,571300
2020-07-23 20:00:00-04:00,618.59,618.59,591.14,603.95,1206000
2020-07-26 20:00:00-04:00,614.92,633.19,608.27,632.18,850800
2020-07-27 20:00:00-04:00,630.99,633.13,623.92,625.83,452000
2020-07-28 20:00:00-04:00,628.86,629.27,620.75,626.98,369900
2020-07-29 20:00:00-04:00,620.59,636.13,620.59,626.30,615700
2020-07-30 20:00:00-04:00,629.48,629.59,614.98,626.89,663000
2020-08-02 20:00:00-04:00,629.64,642.10,627.55,639.89,487200
2020-08-03 20:00:00-04:00,649.10,649.10,630.89,643.12,747700
2020-08-04 20:00:00-04:00,649.58,654.59,618.79,619.40,1132700
2020-08-05 20:00:00-04:00,623.73,624.84,608.57,616.12,663500
2020-08-06 20:00:00-04:00,615.91,622.32,609.52,615.13,432600
2020-08-09 20:00:00-04:00,617.90,619.25,591.69,603.26,624300
2020-08-10 20:00:00-04:00,596.19,603.26,587.60,593.95,587200
2020-08-11 20:00:00-04:00,594.99,611.95,594.99,607.33,562600
2020-08-12 20:00:00-04:00,606.48,611.19,602.30,605.89,378100
2020-08-13 20:00:00-04:00,605.09,612.25,605.09,607.55,302900
2020-08-16 20:00:00-04:00,609.70,622.85,609.18,615.65,403900
2020-08-17 20:00:00-04:00,617.91,617.91,608.25,613.52,387900
2020-08-18 20:00:00-04:00,623.83,635.40,619.88,624.47,720700
2020-08-19 20:00:00-04:00,605.01,614.67,603.46,611.84,656600
2020-08-20 20:00:00-04:00,612.12,613.01,598.28,600.53,662200
2020-08-23 20:00:00-04:00,607.36,608.08,585.87,589.90,991900
2020-08-24 20:00:00-04:00,591.62,609.96,589.87,605.50,734300
2020-08-25 20:00:00-04:00,600.54,608.12,599.54,606.99,487900
2020-08-26 20:00:00-04:00,609.63,614.45,605.23,609.93,534900
2020-08-27 20:00:00-04:00,605.99,609.48,593.99,597.67,584200
2020-08-30 20:00:00-04:00,597.40,616.52,596.42,614.85,908100
2020-08-31 20:00:00-04:00,610.59,614.92,584.47,587.82,1028000
2020-09-01 20:00:00-04:00,586.46,605.98,586.46,605.15,878000
2020-09-02 20:00:00-04:00,605.40,605.42,570.39,572.67,841500
2020-09-03 20:00:00-04:00,570.29,579.22,559.88,575.61,715400
2020-09-07 20:00:00-04:00,573.05,574.25,556.19,557.29,688300
2020-09-08 20:00:00-04:00,560.37,570.37,560.33,566.47,620400
2020-09-09 20:00:00-04:00,562.00,568.11,543.75,545.59,879300
2020-09-10 20:00:00-04:00,547.27,556.73,535.58,540.29,814100
2020-09-13 20:00:00-04:00,549.87,561.87,546.14,559.58,762200
2020-09-14 20:00:00-04:00,564.51,578.09,562.94,575.15,612400
2020-09-15 20:00:00-04:00,579.34,581.64,563.35,564.49,804400
2020-09-16 20:00:00-04:00,552.63,564.71,552.63,560.37,686500
2020-09-17 20:00:00-04:00,562.83,563.18,540.50,550.69,1977100
2020-09-20 20:00:00-04:00,546.63,551.90,537.72,551.15,682500
2020-09-21 20:00:00-04:00,547.84,568.75,547.84,566.83,580500
2020-09-22 20:00:00-04:00,567.68,573.42,557.88,560.56,535600
2020-09-23 20:00:00-04:00,556.40,560.36,550.16,552.89,457900
2020-09-24 20:00:00-04:00,550.85,571.20,546.49,569.36,643600
2020-09-27 20:00:00-04:00,568.14,569.91,554.48,567.23,637000
2020-09-28 20:00:00-04:00,568.50,571.28,563.27,568.91,454100
2020-09-29 20:00:00-04:00,584.94,584.94,549.46,555.19,2159300
2020-09-30 20:00:00-04:00,557.89,563.72,547.75,563.49,1092600
2020-10-01 20:00:00-04:00,557.40,571.28,549.50,560.17,1235100
2020-10-04 20:00:00-04:00,593.99,614.89,586.31,600.12,2219275
2020-10-05 20:00:00-04:00,600.36,605.38,574.28,576.88,1725300
2020-10-06 20:00:00-04:00,583.67,589.02,576.89,586.84,957200
2020-10-07 20:00:00-04:00,609.62,609.96,593.20,594.97,2219275
2020-10-08 20:00:00-04:00,596.08,599.49,588.65,597.14,1190100
2020-10-11 20:00:00-04:00,597.32,600.43,586.01,596.62,1003200
2020-10-12 20:00:00-04:00,596.67,611.26,595.26,603.00,1243900
2020-10-13 20:00:00-04:00,604.19,605.92,591.86,595.90,951400
2020-10-14 20:00:00-04:00,593.12,600.16,575.98,580.39,1048300
2020-10-15 20:00:00-04:00,585.17,600.47,580.87,594.83,1168800
2020-10-18 20:00:00-04:00,595.08,596.17,574.26,578.36,778400
2020-10-19 20:00:00-04:00,577.23,581.69,568.45,571.91,637500
2020-10-20 20:00:00-04:00,572.80,576.91,562.38,567.71,493800
2020-10-21 20:00:00-04:00,561.40,572.32,561.40,571.01,467200
2020-10-22 20:00:00-04:00,575.54,577.95,570.41,575.06,565900
2020-10-25 20:00:00-04:00,569.95,582.81,569.95,580.94,533500
2020-10-26 20:00:00-04:00,580.19,586.13,574.30,577.75,526200
2020-10-27 20:00:00-04:00,571.97,574.24,559.25,562.39,592900
2020-10-28 20:00:00-04:00,571.28,571.28,550.99,551.24,905000
2020-10-29 20:00:00-04:00,540.65,552.02,528.86,539.11,1164700
2020-11-01 19:00:00-05:00,540.59,552.84,534.75,544.09,835900
2020-11-02 19:00:00-05:00,547.37,556.64,545.49,552.63,490400
2020-11-03 19:00:00-05:00,573.35,589.09,571.23,582.33,1195600
2020-11-04 19:00:00-05:00,590.13,591.91,574.21,583.99,944300
2020-11-05 19:00:00-05:00,584.21,584.21,568.03,573.29,748400
2020-11-08 19:00:00-05:00,547.09,568.46,535.88,562.90,1321100
2020-11-09 19:00:00-05:00,555.41,561.35,542.45,554.64,839200
2020-11-10 19:00:00-05:00,560.22,568.96,555.41,563.08,671000
2020-11-11 19:00:00-05:00,564.26,566.32,550.29,552.22,548500
2020-11-12 19:00:00-05:00,555.63,563.05,552.24,561.79,565800
2020-11-15 19:00:00-05:00,552.88,562.15,551.45,554.71,542100
2020-11-16 19:00:00-05:00,551.82,552.04,531.66,533.74,1051700
2020-11-17 19:00:00-05:00,538.55,538.55,513.95,514.79,1240800
2020-11-18 19:00:00-05:00,514.94,521.38,510.21,510.49,947600
2020-11-19 19:00:00-05:00,509.75,517.00,505.17,514.49,1045300
2020-11-22 19:00:00-05:00,534.45,534.45,512.57,519.32,1764400
2020-11-23 19:00:00-05:00,517.34,524.11,501.66,501.95,1270300
2020-11-24 19:00:00-05:00,503.03,511.25,503.03,504.15,711800
2020-11-26 19:00:00-05:00,509.21,514.67,505.03,509.84,498200
2020-11-29 19:00:00-05:00,515.74,516.51,503.44,511.80,1707500
2020-11-30 19:00:00-05:00,511.77,520.98,509.48,509.86,937400
2020-12-01 19:00:00-05:00,511.71,511.71,499.68,500.99,782700
2020-12-02 19:00:00-05:00,501.06,505.37,493.05,494.75,966000
2020-12-03 19:00:00-05:00,492.94,497.74,486.05,488.42,961200
2020-12-06 19:00:00-05:00,493.41,495.61,488.75,491.35,881900
2020-12-07 19:00:00-05:00,493.03,493.80,482.32,493.07,1007900
2020-12-08 19:00:00-05:00,495.90,495.90,480.04,484.64,934300
2020-12-09 19:00:00-05:00,481.31,483.13,473.96,475.06,1184100
2020-12-10 19:00:00-05:00,474.30,479.58,467.72,475.84,1013500
2020-12-13 19:00:00-05:00,480.15,498.48,479.59,496.28,1245800
2020-12-14 19:00:00-05:00,496.59,496.89,482.83,487.76,1086300
2020-12-15 19:00:00-05:00,487.77,490.41,481.18,482.58,862500
2020-12-16 19:00:00-05:00,482.91,492.68,482.51,492.15,856300
2020-12-17 19:00:00-05:00,495.90,502.84,492.74,494.80,1820900
2020-12-20 19:00:00-05:00,489.95,493.22,481.09,492.67,1009300
2020-12-21 19:00:00-05:00,491.94,492.41,484.50,486.05,849600
2020-12-22 19:00:00-05:00,487.18,489.59,484.52,488.16,545700
2020-12-23 19:00:00-05:00,488.41,491.17,482.05,484.92,289100
2020-12-27 19:00:00-05:00,484.72,488.65,478.26,479.00,713400
2020-12-28 19:00:00-05:00,481.03,486.43,478.47,480.25,558200
2020-12-29 19:00:00-05:00,483.40,484.83,473.77,474.38,633200
2020-12-30 19:00:00-05:00,473.90,479.61,466.92,479.15,897900
2021-01-03 19:00:00-05:00,482.86,487.75,469.70,478.90,911100
2021-01-04 19:00:00-05:00,476.45,482.27,471.52,479.49,797700
2021-01-05 19:00:00-05:00,473.24,479.04,463.17,466.24,1434700
2021-01-06 19:00:00-05:00,467.38,477.89,463.35,477.26,1126600
2021-01-07 19:00:00-05:00,483.93,496.60,483.93,494.64,1018800
2021-01-10 19:00:00-05:00,496.90,501.00,485.34,498.80,1115300
2021-01-11 19:00:00-05:00,500.28,514.25,497.89,501.61,1264100
2021-01-12 19:00:00-05:00,512.76,517.72,504.97,507.71,1333800
2021-01-13 19:00:00-05:00,508.90,520.58,507.14,513.67,848600
2021-01-14 19:00:00-05:00,513.86,518.71,506.92,513.69,796900
2021-01-18 19:00:00-05:00,518.75,532.22,517.78,529.52,995400
2021-01-19 19:00:00-05:00,532.38,539.53,524.97,537.83,862700
2021-01-20 19:00:00-05:00,536.15,538.83,523.59,531.09,940100
2021-01-21 19:00:00-05:00,529.72,542.24,529.72,533.37,620600
2021-01-24 19:00:00-05:00,549.78,550.45,534.36,543.71,828400
2021-01-25 19:00:00-05:00,554.33,554.33,537.70,539.64,901700
2021-01-26 19:00:00-05:00,536.15,537.53,508.74,511.34,1433500
2021-01-27 19:00:00-05:00,517.00,525.17,500.97,502.12,1050700
2021-01-28 19:00:00-05:00,501.83,510.21,492.04,499.71,1389800
2021-01-31 19:00:00-05:00,508.62,508.62,498.98,503.92,790600
2021-02-01 19:00:00-05:00,506.82,509.08,493.94,495.88,884500
2021-02-02 19:00:00-05:00,500.95,503.12,486.82,487.16,1076700
2021-02-03 19:00:00-05:00,490.02,494.87,486.01,494.75,1394600
2021-02-04 19:00:00-05:00,509.63,510.75,491.16,494.89,1662800
2021-02-07 19:00:00-05:00,499.02,502.48,488.43,490.85,1320400
2021-02-08 19:00:00-05:00,492.46,493.91,483.56,486.66,1056000
2021-02-09 19:00:00-05:00,489.39,493.78,484.12,487.20,959200
2021-02-10 19:00:00-05:00,487.21,492.53,482.06,486.52,1057400
2021-02-11 19:00:00-05:00,490.20,490.43,478.89,481.64,1295600
2021-02-15 19:00:00-05:00,484.01,487.97,474.52,476.77,1363500
2021-02-16 19:00:00-05:00,473.09,480.41,472.66,477.73,1010700
2021-02-17 19:00:00-05:00,475.97,477.81,471.94,473.12,1124300
2021-02-18 19:00:00-05:00,474.33,479.72,466.42,466.52,1129900
2021-02-21 19:00:00-05:00,464.43,464.43,456.13,456.81,1345600
2021-02-22 19:00:00-05:00,454.31,465.12,444.33,464.20,1705600
2021-02-23 19:00:00-05:00,462.29,465.62,453.42,454.84,1103400
2021-02-24 19:00:00-05:00,456.54,461.19,444.66,449.48,1126100
2021-02-25 19:00:00-05:00,452.11,453.43,441.92,446.88,1193500
2021-02-28 19:00:00-05:00,450.77,460.05,450.11,459.26,856500
2021-03-01 19:00:00-05:00,459.34,462.18,450.63,451.13,759200
2021-03-02 19:00:00-05:00,452.40,454.89,442.72,443.07,898000
2021-03-03 19:00:00-05:00,441.72,448.15,437.39,445.70,1093800
2021-03-04 19:00:00-05:00,447.88,460.03,445.62,457.79,1223200
2021-03-07 19:00:00-05:00,452.75,469.62,452.75,459.40,1014300
2021-03-08 19:00:00-05:00,465.95,474.21,465.48,466.77,868400
2021-03-09 19:00:00-05:00,470.01,471.09,461.40,464.12,724700
2021-03-10 19:00:00-05:00,465.16,471.00,462.91,466.11,744900
2021-03-11 19:00:00-05:00,463.17,467.95,459.85,467.60,552700
2021-03-14 20:00:00-04:00,469.14,480.73,468.39,479.98,728500
2021-03-15 20:00:00-04:00,481.03,486.20,475.68,478.22,698400
2021-03-16 20:00:00-04:00,490.95,493.63,479.19,491.95,1101000
2021-03-17 20:00:00-04:00,481.11,487.85,470.42,470.79,921100
2021-03-18 20:00:00-04:00,474.39,478.64,468.61,469.82,1078200
2021-03-21 20:00:00-04:00,468.02,480.64,467.37,479.26,911700
2021-03-22 20:00:00-04:00,482.18,484.72,462.89,465.91,1086400
2021-03-23 20:00:00-04:00,467.65,468.21,454.50,456.55,1053800
2021-03-24 20:00:00-04:00,454.56,462.02,447.90,459.68,1413500
2021-03-25 20:00:00-04:00,457.35,473.41,454.68,473.00,1645500
2021-03-28 20:00:00-04:00,468.47,484.90,468.04,477.58,771200
2021-03-29 20:00:00-04:00,475.91,476.90,465.52,466.81,610400
2021-03-30 20:00:00-04:00,468.77,471.80,466.81,469.26,767700
2021-03-31 20:00:00-04:00,468.13,474.23,465.53,471.04,763100
2021-04-04 20:00:00-04:00,473.18,481.30,470.34,480.59,949000
2021-04-05 20:00:00-04:00,481.52,481.84,472.81,474.76,900900
2021-04-06 20:00:00-04:00,475.08,482.96,473.71,477.84,722200
2021-04-07 20:00:00-04:00,481.79,484.98,470.95,472.46,1245200
2021-04-08 20:00:00-04:00,472.32,476.33,467.64,471.28,679500
2021-04-11 20:00:00-04:00,477.83,477.83,465.95,468.93,835500
2021-04-12 20:00:00-04:00,472.63,479.44,470.71,473.13,754900
2021-04-13 20:00:00-04:00,474.08,482.74,474.00,477.22,595600
2021-04-14 20:00:00-04:00,483.45,495.19,481.83,490.59,950500
2021-04-15 20:00:00-04:00,492.58,502.72,491.80,498.48,1169400
2021-04-18 20:00:00-04:00,498.89,501.83,494.39,495.60,707800
2021-04-19 20:00:00-04:00,495.46,502.58,493.33,500.29,858800
2021-04-20 20:00:00-04:00,503.33,506.14,499.10,502.33,621300
2021-04-21 20:00:00-04:00,501.26,501.26,485.27,486.41,1000500
2021-04-22 20:00:00-04:00,484.63,487.46,480.06,484.64,819800
2021-04-25 20:00:00-04:00,485.83,497.89,481.03,497.06,830300
2021-04-26 20:00:00-04:00,498.48,498.48,487.24,487.78,474500
2021-04-27 20:00:00-04:00,490.86,491.38,483.51,483.77,654000
2021-04-28 20:00:00-04:00,485.68,485.99,478.33,481.03,574300
2021-04-29 20:00:00-04:00,478.82,487.55,476.57,477.36,796700
2021-05-02 20:00:00-04:00,479.54,487.64,478.87,484.62,645900
2021-05-03 20:00:00-04:00,481.96,484.28,476.91,481.21,764500
2021-05-04 20:00:00-04:00,482.43,484.75,477.15,478.47,842400
2021-05-05 20:00:00-04:00,479.15,498.86,474.48,494.59,1545300
2021-05-06 20:00:00-04:00,493.51,498.88,488.77,492.68,703200
2021-05-09 20:00:00-04:00,493.44,509.27,490.95,498.22,1044800
2021-05-10 20:00:00-04:00,492.75,504.81,489.97,497.08,790700
2021-05-11 20:00:00-04:00,492.93,509.46,492.93,502.99,967700
2021-05-12 20:00:00-04:00,504.69,514.82,501.43,512.93,991400
2021-05-13 20:00:00-04:00,515.74,516.86,508.05,512.39,785600
2021-05-16 20:00:00-04:00,512.22,521.65,511.22,519.44,712200
2021-05-17 20:00:00-04:00,518.72,518.72,509.47,511.99,683300
2021-05-18 20:00:00-04:00,513.66,513.66,498.38,506.09,587400
2021-05-19 20:00:00-04:00,504.83,514.62,503.47,509.01,574900
2021-05-20 20:00:00-04:00,509.92,512.27,502.28,502.57,610400
2021-05-23 20:00:00-04:00,505.56,505.56,495.98,496.37,521900
2021-05-24 20:00:00-04:00,496.74,498.60,489.15,493.95,767500
2021-05-25 20:00:00-04:00,494.66,496.21,488.96,493.09,640700
2021-05-26 20:00:00-04:00,491.94,495.94,488.10,491.28,1058800
2021-05-27 20:00:00-04:00,493.53,501.07,493.15,498.31,542100
2021-05-31 20:00:00-04:00,501.62,504.62,493.85,499.11,617100
2021-06-01 20:00:00-04:00,499.05,506.13,497.09,501.22,679400
2021-06-02 20:00:00-04:00,496.97,502.74,495.69,501.52,445000
2021-06-03 20:00:00-04:00,503.43,514.12,501.66,507.70,785200
2021-06-06 20:00:00-04:00,507.46,521.09,505.33,510.77,868700
2021-06-07 20:00:00-04:00,512.96,514.37,497.58,502.27,963600
2021-06-08 20:00:00-04:00,503.68,518.51,501.48,517.58,783300
2021-06-09 20:00:00-04:00,516.99,528.89,511.81,527.68,934900
2021-06-10 20:00:00-04:00,524.94,525.92,515.72,521.24,622900
2021-06-13 20:00:00-04:00,520.70,524.95,517.68,524.42,497800
2021-06-14 20:00:00-04:00,523.67,526.37,519.37,523.17,547500
2021-06-15 20:00:00-04:00,526.82,537.98,517.96,519.29,914400
2021-06-16 20:00:00-04:00,519.71,534.09,512.52,531.62,846200
2021-06-17 20:00:00-04:00,530.28,535.61,527.77,533.51,914800
2021-06-20 20:00:00-04:00,535.57,539.29,528.37,529.89,678800
2021-06-21 20:00:00-04:00,528.67,530.73,522.59,529.65,655600
2021-06-22 20:00:00-04:00,528.48,530.32,519.00,525.46,636300
2021-06-23 20:00:00-04:00,528.72,540.90,526.98,539.99,790000
2021-06-24 20:00:00-04:00,539.14,547.97,536.32,546.04,1912800
2021-06-27 20:00:00-04:00,560.91,565.32,538.11,538.25,1509400
2021-06-28 20:00:00-04:00,537.84,543.53,531.69,541.51,721500
2021-06-29 20:00:00-04:00,540.73,557.17,540.06,553.96,861800
2021-06-30 20:00:00-04:00,552.04,572.19,550.40,569.91,1277400
2021-07-01 20:00:00-04:00,571.28,587.98,566.87,578.86,1073700
2021-07-05 20:00:00-04:00,574.66,579.50,568.24,577.48,643900
2021-07-06 20:00:00-04:00,579.48,586.11,576.00,581.10,708700
2021-07-07 20:00:00-04:00,573.70,575.25,563.50,570.21,766600
2021-07-08 20:00:00-04:00,568.31,576.09,566.33,575.65,550100
2021-07-11 20:00:00-04:00,575.17,581.54,566.36,569.33,655300
2021-07-12 20:00:00-04:00,569.87,577.42,565.95,572.28,448800
2021-07-13 20:00:00-04:00,573.81,578.09,570.79,576.30,380300
2021-07-14 20:00:00-04:00,575.15,588.43,570.33,584.49,776200
2021-07-15 20:00:00-04:00,583.00,585.17,575.25,578.46,515600
2021-07-18 20:00:00-04:00,576.50,583.18,573.27,580.44,552100
2021-07-19 20:00:00-04:00,583.48,588.83,575.90,582.43,644800
2021-07-20 20:00:00-04:00,581.95,581.95,569.06,578.94,480800
2021-07-21 20:00:00-04:00,576.87,585.84,575.27,582.07,406900
2021-07-22 20:00:00-04:00,584.01,590.60,578.98,581.55,628200
2021-07-25 20:00:00-04:00,581.20,581.20,572.64,573.05,488400
2021-07-26 20:00:00-04:00,563.85,576.54,560.37,576.25,474700
2021-07-27 20:00:00-04:00,577.27,583.10,574.26,581.61,404000
2021-07-28 20:00:00-04:00,583.80,586.81,577.33,578.35,361400
2021-07-29 20:00:00-04:00,576.66,578.50,568.22,569.90,775600
2021-08-01 20:00:00-04:00,572.39,576.11,565.71,572.40,362200
2021-08-02 20:00:00-04:00,572.12,582.75,566.03,581.71,512800
2021-08-03 20:00:00-04:00,580.13,593.76,574.57,576.19,1042300
2021-08-04 20:00:00-04:00,583.80,598.20,566.17,597.53,1628400
2021-08-05 20:00:00-04:00,598.15,609.96,595.10,605.86,1135100
2021-08-08 20:00:00-04:00,605.85,619.65,605.59,608.91,962300
2021-08-09 20:00:00-04:00,610.69,614.70,599.60,609.94,651200
2021-08-10 20:00:00-04:00,611.02,616.28,598.47,603.47,630400
2021-08-11 20:00:00-04:00,602.03,606.51,593.13,603.02,577600
2021-08-12 20:00:00-04:00,608.97,619.88,607.60,619.67,821200
2021-08-15 20:00:00-04:00,620.53,624.84,610.02,623.45,869900
2021-08-16 20:00:00-04:00,621.01,644.68,618.90,642.14,1183900
2021-08-17 20:00:00-04:00,644.68,653.57,627.81,630.36,1642600
2021-08-18 20:00:00-04:00,623.78,657.44,623.78,650.26,1284600
2021-08-19 20:00:00-04:00,653.60,668.55,650.26,657.84,1303900
2021-08-22 20:00:00-04:00,659.76,665.99,637.42,661.82,992900
2021-08-23 20:00:00-04:00,660.46,664.51,651.35,664.46,731500
2021-08-24 20:00:00-04:00,667.34,668.48,655.38,663.70,643500
2021-08-25 20:00:00-04:00,664.57,668.93,657.86,660.32,473300
2021-08-26 20:00:00-04:00,663.47,667.59,655.34,657.86,424600
2021-08-29 20:00:00-04:00,658.56,673.13,655.03,671.53,865300
2021-08-30 20:00:00-04:00,671.96,676.15,662.86,667.88,829500
2021-08-31 20:00:00-04:00,669.19,680.66,666.13,675.38,822100
2021-09-01 20:00:00-04:00,677.90,679.29,669.04,670.21,689300
2021-09-02 20:00:00-04:00,670.09,681.00,666.50,674.00,564600
2021-09-06 20:00:00-04:00,673.85,674.01,652.63,663.33,717500
2021-09-07 20:00:00-04:00,662.33,671.39,661.11,663.71,463100
2021-09-08 20:00:00-04:00,664.79,667.37,639.37,640.82,1047700
2021-09-09 20:00:00-04:00,644.68,654.36,640.82,645.16,747100
2021-09-12 20:00:00-04:00,645.77,647.98,630.79,634.28,798000
2021-09-13 20:00:00-04:00,634.67,645.09,634.67,639.87,602100
2021-09-14 20:00:00-04:00,653.25,659.54,643.69,646.66,883100
2021-09-15 20:00:00-04:00,644.39,651.29,638.11,647.83,539900
2021-09-16 20:00:00-04:00,643.85,647.65,638.02,646.54,761900
2021-09-19 20:00:00-04:00,638.57,646.66,630.96,635.64,666400
2021-09-20 20:00:00-04:00,639.83,651.48,637.54,641.65,440600
2021-09-21 20:00:00-04:00,641.65,645.68,634.78,641.76,561800
2021-09-22 20:00:00-04:00,641.70,649.63,639.02,641.21,537400
2021-09-23 20:00:00-04:00,639.03,639.03,627.27,633.67,654500
2021-09-26 20:00:00-04:00,631.49,631.49,611.21,614.00,783700
2021-09-27 20:00:00-04:00,602.25,612.65,598.84,600.04,1240400
2021-09-28 20:00:00-04:00,602.17,607.72,600.02,601.73,615100
2021-09-29 20:00:00-04:00,602.78,608.55,599.67,600.22,549000
2021-09-30 20:00:00-04:00,572.03,573.27,551.49,566.11,1457800
2021-10-03 20:00:00-04:00,560.74,563.48,548.57,550.87,992900
2021-10-04 20:00:00-04:00,551.36,560.10,544.77,546.39,930100
2021-10-05 20:00:00-04:00,543.51,549.39,538.96,542.09,890100
2021-10-06 20:00:00-04:00,543.65,555.16,542.84,547.50,774300
2021-10-07 20:00:00-04:00,547.36,550.97,538.80,545.51,532300
2021-10-10 20:00:00-04:00,545.15,553.30,541.13,541.79,538600
2021-10-11 20:00:00-04:00,541.62,544.85,537.14,539.98,521600
2021-10-12 20:00:00-04:00,543.84,551.62,542.49,542.64,664200
2021-10-13 20:00:00-04:00,548.47,560.48,547.55,551.07,1055800
2021-10-14 20:00:00-04:00,554.35,554.35,547.64,548.71,838800
2021-10-17 20:00:00-04:00,545.71,547.96,534.76,539.03,1216200
2021-10-18 20:00:00-04:00,543.53,551.12,540.54,547.59,985700
2021-10-19 20:00:00-04:00,549.70,558.11,548.47,558.10,878000
2021-10-20 20:00:00-04:00,559.86,566.23,557.91,564.71,624200
2021-10-21 20:00:00-04:00,565.36,568.32,560.76,567.67,493000
2021-10-24 20:00:00-04:00,568.96,573.99,564.86,571.48,627300
2021-10-25 20:00:00-04:00,574.40,589.35,570.89,587.30,845300
2021-10-26 20:00:00-04:00,588.42,589.22,582.89,584.77,658100
2021-10-27 20:00:00-04:00,585.35,620.59,584.30,620.07,1111400
2021-10-28 20:00:00-04:00,614.06,636.01,613.05,634.70,860400
2021-10-31 20:00:00-04:00,634.76,642.76,630.54,633.91,913700
2021-11-01 20:00:00-04:00,633.35,644.66,628.37,633.54,838400
2021-11-02 20:00:00-04:00,631.99,647.04,626.92,646.76,718800
2021-11-03 20:00:00-04:00,651.83,654.39,625.73,642.32,1507000
2021-11-04 20:00:00-04:00,595.08,617.76,589.68,606.53,1768400
2021-11-07 19:00:00-05:00,613.53,618.31,603.77,617.68,639900
2021-11-08 19:00:00-05:00,617.98,622.43,608.97,611.26,601000
2021-11-09 19:00:00-05:00,611.77,630.52,611.77,617.10,727900
2021-11-10 19:00:00-05:00,616.90,623.31,612.59,621.51,478400
2021-11-11 19:00:00-05:00,627.26,629.26,618.20,626.03,513600
2021-11-14 19:00:00-05:00,629.81,644.40,628.09,642.42,777500
2021-11-15 19:00:00-05:00,642.04,656.42,636.84,637.48,632700
2021-11-16 19:00:00-05:00,639.80,640.24,630.54,636.57,440000
2021-11-17 19:00:00-05:00,636.95,647.92,633.37,643.20,564400
2021-11-18 19:00:00-05:00,647.09,652.17,641.08,647.33,605700
2021-11-21 19:00:00-05:00,643.27,654.87,635.63,638.37,632600
2021-11-22 19:00:00-05:00,636.64,645.63,634.24,644.00,624300
2021-11-23 19:00:00-05:00,646.04,650.63,640.26,642.87,545100
2021-11-25 19:00:00-05:00,654.59,655.54,634.54,638.08,575600
2021-11-28 19:00:00-05:00,640.03,655.09,637.15,649.04,700400
2021-11-29 19:00:00-05:00,641.11,651.22,629.92,631.32,1277200
2021-11-30 19:00:00-05:00,633.89,639.13,624.97,625.42,731800
2021-12-01 19:00:00-05:00,627.84,634.79,617.39,628.81,563800
2021-12-02 19:00:00-05:00,632.55,636.53,618.02,629.96,650400
2021-12-05 19:00:00-05:00,637.10,639.42,619.48,619.88,567500
2021-12-06 19:00:00-05:00,623.38,638.10,617.90,629.89,652500
2021-12-07 19:00:00-05:00,632.91,650.38,628.14,648.68,694800
2021-12-08 19:00:00-05:00,644.68,662.09,641.37,660.27,898200
2021-12-09 19:00:00-05:00,656.52,666.94,650.87,664.04,791100
2021-12-12 19:00:00-05:00,647.77,659.55,632.22,654.74,1074800
2021-12-13 19:00:00-05:00,646.89,668.34,646.55,665.47,730800
2021-12-14 19:00:00-05:00,641.69,657.20,639.72,652.54,842100
2021-12-15 19:00:00-05:00,639.46,650.96,624.94,626.57,1241800
2021-12-16 19:00:00-05:00,625.87,625.99,610.16,614.21,1627100
2021-12-19 19:00:00-05:00,615.62,620.23,597.14,598.20,912100
2021-12-20 19:00:00-05:00,603.59,603.59,593.34,601.84,1108900
2021-12-21 19:00:00-05:00,603.49,614.17,595.93,612.42,737400
2021-12-22 19:00:00-05:00,614.43,622.08,613.09,620.26,398700
2021-12-26 19:00:00-05:00,620.53,631.15,618.18,629.57,443700
2021-12-27 19:00:00-05:00,631.82,634.26,629.80,633.23,327800
2021-12-28 19:00:00-05:00,634.23,643.68,633.52,641.98,413000
2021-12-29 19:00:00-05:00,641.85,645.94,637.02,637.25,306300
2021-12-30 19:00:00-05:00,639.06,640.21,625.49,626.35,353400
2022-01-02 19:00:00-05:00,619.88,624.17,616.78,621.96,515600
2022-01-03 19:00:00-05:00,617.85,619.95,607.10,611.77,725400
2022-01-04 19:00:00-05:00,599.99,608.62,590.12,590.24,1100800
2022-01-05 19:00:00-05:00,595.09,601.06,590.10,593.54,676200
2022-01-06 19:00:00-05:00,593.54,602.04,588.00,598.78,584400
2022-01-09 19:00:00-05:00,598.80,616.52,597.20,616.18,822700
2022-01-10 19:00:00-05:00,618.08,622.93,612.70,620.96,613800
2022-01-11 19:00:00-05:00,619.33,627.21,615.74,626.27,584700
2022-01-12 19:00:00-05:00,627.57,627.57,609.12,611.06,649300
2022-01-13 19:00:00-05:00,610.97,618.09,599.85,610.20,792000
2022-01-17 19:00:00-05:00,599.57,607.37,593.23,606.21,974800
2022-01-18 19:00:00-05:00,611.96,622.91,607.38,613.05,656300
2022-01-19 19:00:00-05:00,616.06,617.19,607.41,609.35,765900
2022-01-20 19:00:00-05:00,610.76,618.87,605.88,616.31,1329000
2022-01-23 19:00:00-05:00,608.11,618.43,596.32,616.39,1126200
2022-01-24 19:00:00-05:00,611.24,612.94,597.47,598.25,975500
2022-01-25 19:00:00-05:00,599.52,612.95,595.35,600.29,857900
2022-01-26 19:00:00-05:00,604.84,613.68,598.31,603.73,658800
2022-01-27 19:00:00-05:00,603.31,619.88,596.96,619.80,736700
2022-01-30 19:00:00-05:00,618.05,618.07,597.57,603.60,922300
2022-01-31 19:00:00-05:00,602.85,608.90,595.30,608.34,738500
2022-02-01 19:00:00-05:00,608.34,618.29,592.01,617.75,1033300
2022-02-02 19:00:00-05:00,612.85,619.88,608.93,615.61,962400
2022-02-03 19:00:00-05:00,605.01,629.80,605.01,617.86,1205800
2022-02-06 19:00:00-05:00,615.65,619.99,608.30,617.26,905300
2022-02-07 19:00:00-05:00,614.93,616.81,607.03,612.88,846200
2022-02-08 19:00:00-05:00,614.92,615.87,611.21,614.69,818500
2022-02-09 19:00:00-05:00,608.32,619.43,603.41,613.16,769500
2022-02-10 19:00:00-05:00,615.49,639.72,612.44,633.18,1111100
2022-02-13 19:00:00-05:00,632.77,633.96,609.36,618.42,826900
2022-02-14 19:00:00-05:00,616.90,630.23,615.64,624.99,675600
2022-02-15 19:00:00-05:00,625.46,626.99,619.14,625.73,374000
2022-02-16 19:00:00-05:00,623.22,627.03,614.44,621.59,627800
2022-02-17 19:00:00-05:00,616.73,627.58,609.06,610.09,718900
2022-02-21 19:00:00-05:00,608.29,613.89,597.24,597.95,649200
2022-02-22 19:00:00-05:00,619.88,619.88,599.23,603.99,863000
2022-02-23 19:00:00-05:00,598.46,605.56,593.17,604.78,533500
2022-02-24 19:00:00-05:00,605.75,617.04,603.35,613.59,427400
2022-02-27 19:00:00-05:00,606.53,615.25,602.76,613.29,518900
2022-02-28 19:00:00-05:00,610.35,618.52,598.18,602.06,617300
2022-03-01 19:00:00-05:00,599.93,614.78,599.27,611.82,339600
2022-03-02 19:00:00-05:00,613.51,614.92,603.68,606.14,593100
2022-03-03 19:00:00-05:00,599.28,619.50,599.28,615.33,550500
2022-03-06 19:00:00-05:00,613.36,631.15,604.02,613.52,755300
2022-03-07 19:00:00-05:00,606.16,622.20,604.04,609.70,592200
2022-03-08 19:00:00-05:00,617.10,621.55,609.18,618.32,538900
2022-03-09 19:00:00-05:00,611.08,627.50,610.87,625.20,480600
2022-03-10 19:00:00-05:00,628.61,646.93,625.50,637.32,803200
2022-03-13 20:00:00-04:00,639.32,660.52,639.32,651.03,1018900
2022-03-14 20:00:00-04:00,654.85,663.46,649.14,660.47,763800
2022-03-15 20:00:00-04:00,664.52,673.12,658.43,672.43,806200
2022-03-16 20:00:00-04:00,670.25,684.34,669.49,679.62,808200
2022-03-17 20:00:00-04:00,680.81,683.20,671.48,680.32,1170500
2022-03-20 20:00:00-04:00,682.11,691.30,680.00,687.52,731100
2022-03-21 20:00:00-04:00,689.36,689.36,678.08,686.97,576900
2022-03-22 20:00:00-04:00,687.36,687.36,662.41,663.74,608500
2022-03-23 20:00:00-04:00,661.84,674.51,660.89,674.19,402500
2022-03-24 20:00:00-04:00,674.33,679.40,670.60,674.46,366800
2022-03-27 20:00:00-04:00,670.75,688.54,670.75,687.72,625600
2022-03-28 20:00:00-04:00,686.89,693.27,674.55,692.71,725000
2022-03-29 20:00:00-04:00,694.32,697.27,685.09,686.71,848500
2022-03-30 20:00:00-04:00,690.07,704.39,686.10,692.70,1061500
2022-03-31 20:00:00-04:00,696.07,696.20,679.67,689.14,603500
2022-04-03 20:00:00-04:00,694.27,698.40,686.83,692.69,498600
2022-04-04 20:00:00-04:00,691.31,704.59,683.47,685.81,671800
2022-04-05 20:00:00-04:00,686.33,704.48,684.36,702.56,683500
2022-04-06 20:00:00-04:00,700.45,720.02,700.42,715.89,828000
2022-04-07 20:00:00-04:00,719.06,741.30,719.06,732.79,1030100
2022-04-10 20:00:00-04:00,730.61,735.77,716.11,716.45,709000
2022-04-11 20:00:00-04:00,714.76,720.38,705.86,709.93,488800
2022-04-12 20:00:00-04:00,710.49,726.98,710.49,725.89,526200
2022-04-13 20:00:00-04:00,726.25,732.94,724.95,727.02,795700
2022-04-17 20:00:00-04:00,720.86,726.00,713.38,717.28,313300
2022-04-18 20:00:00-04:00,718.27,719.86,704.78,710.35,468000
2022-04-19 20:00:00-04:00,714.17,715.81,707.17,713.73,413700
2022-04-20 20:00:00-04:00,713.11,719.38,699.32,700.33,535200
2022-04-21 20:00:00-04:00,695.78,703.25,680.64,682.44,609400
2022-04-24 20:00:00-04:00,679.09,684.90,667.59,684.68,514300
2022-04-25 20:00:00-04:00,677.41,686.84,668.37,669.29,538500
2022-04-26 20:00:00-04:00,674.54,678.35,666.59,667.99,406600
2022-04-27 20:00:00-04:00,667.99,671.95,655.41,670.05,555600
2022-04-28 20:00:00-04:00,668.43,671.10,650.53,653.71,678300
2022-05-01 20:00:00-04:00,651.59,652.86,635.92,646.68,737400
2022-05-02 20:00:00-04:00,652.71,659.85,644.90,655.08,538700
2022-05-03 20:00:00-04:00,655.88,660.79,631.58,655.45,998100
2022-05-04 20:00:00-04:00,654.58,655.46,624.87,634.13,754700
2022-05-05 20:00:00-04:00,633.81,633.81,616.96,617.95,773800
2022-05-08 20:00:00-04:00,607.65,611.44,592.86,594.86,819400
2022-05-09 20:00:00-04:00,604.28,622.75,603.31,610.05,769500
2022-05-10 20:00:00-04:00,605.37,619.71,599.76,608.03,704000
2022-05-11 20:00:00-04:00,601.82,628.99,601.80,628.77,793100
2022-05-12 20:00:00-04:00,630.18,643.17,623.93,640.23,604500
2022-05-15 20:00:00-04:00,634.94,651.07,634.94,649.64,486900
2022-05-16 20:00:00-04:00,656.45,665.46,646.47,662.09,571800
2022-05-17 20:00:00-04:00,658.66,667.03,649.88,653.80,560100
2022-05-18 20:00:00-04:00,654.94,655.21,645.49,651.77,607700
2022-05-19 20:00:00-04:00,655.87,659.45,642.24,655.72,544300
2022-05-22 20:00:00-04:00,666.11,680.70,663.02,676.32,593200
2022-05-23 20:00:00-04:00,676.38,680.71,662.28,680.40,465100
2022-05-24 20:00:00-04:00,683.36,693.90,679.09,685.22,562100
2022-05-25 20:00:00-04:00,684.47,691.30,677.31,677.84,523500
2022-05-26 20:00:00-04:00,680.10,688.13,674.43,687.12,558700
2022-05-30 20:00:00-04:00,687.12,687.12,651.33,659.29,1691600
2022-05-31 20:00:00-04:00,664.03,666.84,646.51,653.52,610000
2022-06-01 20:00:00-04:00,649.65,649.65,612.15,625.53,1276100
2022-06-02 20:00:00-04:00,623.53,630.19,620.39,625.19,666500
2022-06-05 20:00:00-04:00,620.36,622.78,594.77,604.04,941200
2022-06-06 20:00:00-04:00,600.49,611.63,598.29,608.95,515900
2022-06-07 20:00:00-04:00,612.93,617.74,600.37,602.78,566900
2022-06-08 20:00:00-04:00,600.15,600.94,570.68,570.77,939700
2022-06-09 20:00:00-04:00,566.28,573.08,562.13,567.13,837800
2022-06-12 20:00:00-04:00,550.12,563.50,543.06,544.80,1055000
2022-06-13 20:00:00-04:00,550.57,553.05,533.60,543.86,755000
2022-06-14 20:00:00-04:00,549.49,565.79,547.84,556.59,766600
2022-06-15 20:00:00-04:00,545.19,554.73,542.45,552.19,796800
2022-06-16 20:00:00-04:00,560.98,580.72,557.11,576.19,1967600
2022-06-20 20:00:00-04:00,578.66,595.13,578.66,582.86,716100
2022-06-21 20:00:00-04:00,575.96,590.68,575.96,582.03,539600
2022-06-22 20:00:00-04:00,585.15,604.10,585.15,602.41,681900
2022-06-23 20:00:00-04:00,607.05,608.13,597.58,607.47,818300
2022-06-26 20:00:00-04:00,603.77,605.95,596.30,597.47,580900
2022-06-27 20:00:00-04:00,595.75,599.38,588.77,589.55,534100
2022-06-28 20:00:00-04:00,592.66,602.43,585.18,592.72,533000
2022-06-29 20:00:00-04:00,590.06,593.77,578.27,586.29,685400
2022-06-30 20:00:00-04:00,582.95,592.11,581.37,590.52,387800
2022-07-04 20:00:00-04:00,589.05,592.11,578.31,591.67,586000
2022-07-05 20:00:00-04:00,589.92,596.95,584.10,590.03,528900
2022-07-06 20:00:00-04:00,593.11,604.66,591.12,602.47,528000
2022-07-07 20:00:00-04:00,600.62,619.36,599.17,616.48,586700
2022-07-10 20:00:00-04:00,610.51,615.56,608.67,609.43,436100
2022-07-11 20:00:00-04:00,614.02,614.92,600.07,605.09,415300
2022-07-12 20:00:00-04:00,592.95,608.79,592.95,597.09,433300
2022-07-13 20:00:00-04:00,591.11,600.78,578.33,593.95,539500
2022-07-14 20:00:00-04:00,596.36,602.75,591.36,602.56,516300
2022-07-17 20:00:00-04:00,600.04,603.43,577.96,581.89,562000
2022-07-18 20:00:00-04:00,589.71,592.67,583.18,590.85,551900
2022-07-19 20:00:00-04:00,593.11,594.34,584.96,589.72,417400
2022-07-20 20:00:00-04:00,586.05,595.06,580.56,587.59,638600
2022-07-21 20:00:00-04:00,588.74,597.76,576.03,581.31,430000
2022-07-24 20:00:00-04:00,575.25,583.38,570.69,582.47,452600
2022-07-25 20:00:00-04:00,582.76,589.81,575.25,577.79,456100
2022-07-26 20:00:00-04:00,574.84,586.60,563.36,583.09,597400
2022-07-27 20:00:00-04:00,584.07,587.18,559.20,577.60,581700
2022-07-28 20:00:00-04:00,580.16,580.36,569.75,576.92,682900
2022-07-31 20:00:00-04:00,576.77,582.09,568.83,571.96,513000
2022-08-01 20:00:00-04:00,573.76,581.16,564.98,570.25,634700
2022-08-02 20:00:00-04:00,595.08,618.37,590.28,603.78,1151800
2022-08-03 20:00:00-04:00,597.71,618.24,597.71,609.92,699300
2022-08-04 20:00:00-04:00,608.44,616.54,601.99,608.58,566800
2022-08-07 20:00:00-04:00,614.70,628.74,613.80,625.46,715600
2022-08-08 20:00:00-04:00,624.84,629.65,612.04,617.05,469500
2022-08-09 20:00:00-04:00,624.84,640.66,619.66,636.24,682900
2022-08-10 20:00:00-04:00,633.40,638.70,617.27,618.79,468800
2022-08-11 20:00:00-04:00,623.72,627.39,617.20,623.56,351300
2022-08-14 20:00:00-04:00,623.55,638.44,619.68,638.02,541700
2022-08-15 20:00:00-04:00,636.26,644.47,633.23,643.39,607600
2022-08-16 20:00:00-04:00,635.59,647.17,630.53,631.13,414900
2022-08-17 20:00:00-04:00,630.90,630.90,617.63,619.71,448000
2022-08-18 20:00:00-04:00,615.85,619.34,611.11,613.29,477700
2022-08-21 20:00:00-04:00,611.30,615.37,603.33,607.09,534100
2022-08-22 20:00:00-04:00,605.53,607.16,595.62,597.59,406600
2022-08-23 20:00:00-04:00,595.26,600.77,592.11,597.85,386500
2022-08-24 20:00:00-04:00,600.96,602.94,594.60,598.85,311300
2022-08-25 20:00:00-04:00,598.85,604.85,590.61,591.30,516200
2022-08-28 20:00:00-04:00,587.51,594.82,582.59,587.91,373100
2022-08-29 20:00:00-04:00,590.13,591.52,580.85,583.57,393900
2022-08-30 20:00:00-04:00,586.99,593.34,575.00,576.30,785500
2022-08-31 20:00:00-04:00,572.89,597.53,572.69,595.71,479500
2022-09-01 20:00:00-04:00,596.19,597.72,573.10,575.86,464600
2022-09-05 20:00:00-04:00,579.78,583.57,567.53,569.27,662900
2022-09-06 20:00:00-04:00,570.75,594.59,570.75,591.55,741300
2022-09-07 20:00:00-04:00,681.36,713.07,647.29,703.04,2219275
2022-09-08 20:00:00-04:00,705.90,748.49,701.46,718.39,2144400
2022-09-11 20:00:00-04:00,714.45,717.51,701.65,704.92,1063000
2022-09-12 20:00:00-04:00,694.27,708.54,689.42,695.64,1039900
2022-09-13 20:00:00-04:00,696.23,699.19,681.21,691.91,901200
2022-09-14 20:00:00-04:00,689.04,711.58,684.39,700.07,826200
2022-09-15 20:00:00-04:00,704.41,712.29,695.71,704.48,1186800
2022-09-18 20:00:00-04:00,698.16,712.17,678.33,709.48,826000
2022-09-19 20:00:00-04:00,705.44,710.14,688.81,698.45,769500
2022-09-20 20:00:00-04:00,695.17,703.78,678.73,679.02,665100
2022-09-21 20:00:00-04:00,675.78,692.78,672.47,682.62,771000
2022-09-22 20:00:00-04:00,680.18,693.64,675.42,691.62,815900
2022-09-25 20:00:00-04:00,690.52,691.40,677.46,680.48,698000
2022-09-26 20:00:00-04:00,680.74,694.74,680.74,689.32,663000
2022-09-27 20:00:00-04:00,695.15,709.47,693.43,699.64,737700
2022-09-28 20:00:00-04:00,699.06,700.80,681.28,686.15,770600
2022-09-29 20:00:00-04:00,688.71,696.63,680.35,683.23,800800
2022-10-02 20:00:00-04:00,699.61,730.45,688.95,729.11,1449000
2022-10-03 20:00:00-04:00,732.12,736.97,722.69,733.48,874900
2022-10-04 20:00:00-04:00,732.15,742.86,722.17,739.57,569600
2022-10-05 20:00:00-04:00,737.79,740.27,722.34,725.86,696700
2022-10-06 20:00:00-04:00,725.67,726.69,714.24,716.45,670800
2022-10-09 20:00:00-04:00,714.24,727.88,709.22,724.93,481900
2022-10-10 20:00:00-04:00,722.54,741.65,717.22,731.37,644500
2022-10-11 20:00:00-04:00,732.46,741.64,721.24,722.10,507700
2022-10-12 20:00:00-04:00,706.53,747.82,703.26,746.40,953600
2022-10-13 20:00:00-04:00,746.40,754.82,720.58,730.03,879300
2022-10-16 20:00:00-04:00,727.99,733.89,722.45,729.93,627100
2022-10-17 20:00:00-04:00,734.59,735.92,712.14,716.79,699600
2022-10-18 20:00:00-04:00,713.39,716.84,698.18,703.56,599400
2022-10-19 20:00:00-04:00,703.65,707.32,696.69,700.11,480900
2022-10-20 20:00:00-04:00,700.11,712.30,691.77,708.06,1224100
2022-10-23 20:00:00-04:00,712.07,738.15,712.07,731.11,623900
2022-10-24 20:00:00-04:00,730.52,744.85,725.46,741.21,833800
2022-10-25 20:00:00-04:00,733.31,749.19,722.35,727.97,720800
2022-10-26 20:00:00-04:00,736.58,736.58,716.70,718.94,498500
2022-10-27 20:00:00-04:00,727.60,746.44,718.41,744.61,690200
2022-10-30 20:00:00-04:00,739.10,754.58,735.60,742.62,759500
2022-10-31 20:00:00-04:00,743.86,758.33,742.66,753.68,573000
2022-11-01 20:00:00-04:00,749.75,751.32,733.94,734.41,735100
2022-11-02 20:00:00-04:00,720.12,736.49,696.32,732.63,725100
2022-11-03 20:00:00-04:00,719.24,734.99,704.80,734.15,748600
2022-11-06 19:00:00-05:00,729.96,749.80,729.76,744.78,598900
2022-11-07 19:00:00-05:00,742.27,763.19,739.19,745.79,701800
2022-11-08 19:00:00-05:00,744.85,763.33,725.13,736.86,1256400
2022-11-09 19:00:00-05:00,752.51,753.77,728.64,735.01,844800
2022-11-10 19:00:00-05:00,729.97,731.39,700.96,728.43,951900
2022-11-13 19:00:00-05:00,731.84,748.82,730.96,735.93,727800
2022-11-14 19:00:00-05:00,743.78,743.78,711.79,722.76,650500
2022-11-15 19:00:00-05:00,729.05,736.35,723.65,729.64,523500
2022-11-16 19:00:00-05:00,727.73,736.14,720.09,733.03,538200
2022-11-17 19:00:00-05:00,731.28,739.29,722.18,730.69,496600
2022-11-20 19:00:00-05:00,728.94,734.52,718.31,732.93,447100
2022-11-21 19:00:00-05:00,737.76,743.58,727.89,743.09,406300
2022-11-22 19:00:00-05:00,743.66,745.54,728.15,729.34,406200
2022-11-24 19:00:00-05:00,726.69,731.20,722.64,730.20,229200
2022-11-27 19:00:00-05:00,733.94,744.84,730.08,735.41,570700
2022-11-28 19:00:00-05:00,733.84,733.94,721.04,730.05,515100
2022-11-29 19:00:00-05:00,731.85,749.81,723.44,745.54,1824600
2022-11-30 19:00:00-05:00,750.00,762.01,746.25,755.00,670000
2022-12-01 19:00:00-05:00,746.36,762.70,745.84,760.11,441400
2022-12-04 19:00:00-05:00,755.76,759.22,743.44,749.26,531100
2022-12-05 19:00:00-05:00,745.13,749.68,738.71,741.35,502000
2022-12-06 19:00:00-05:00,739.36,761.45,739.36,758.01,565800
2022-12-07 19:00:00-05:00,751.87,772.62,751.87,759.15,588900
2022-12-08 19:00:00-05:00,747.01,753.76,740.45,743.92,508500
2022-12-11 19:00:00-05:00,724.19,738.84,722.04,736.40,843100
2022-12-12 19:00:00-05:00,742.96,747.76,732.97,741.44,671200
2022-12-13 19:00:00-05:00,735.21,750.80,735.21,743.86,563200
2022-12-14 19:00:00-05:00,742.04,742.04,722.12,725.28,622400
2022-12-15 19:00:00-05:00,715.89,726.48,714.68,717.25,1803000
2022-12-18 19:00:00-05:00,715.08,720.20,707.16,715.19,502000
2022-12-19 19:00:00-05:00,719.30,732.24,717.04,727.52,551400
2022-12-20 19:00:00-05:00,728.96,748.68,727.19,730.16,532500
2022-12-21 19:00:00-05:00,730.05,730.47,720.10,727.61,506300
2022-12-22 19:00:00-05:00,727.95,729.57,712.48,720.79,358600
2022-12-26 19:00:00-05:00,720.49,721.50,702.46,705.52,548600
2022-12-27 19:00:00-05:00,704.69,712.06,702.07,707.19,359500
2022-12-28 19:00:00-05:00,711.13,722.13,704.46,715.38,432100
2022-12-29 19:00:00-05:00,715.25,716.24,704.43,715.58,364100
2023-01-02 19:00:00-05:00,715.95,726.43,713.46,714.57,508500
2023-01-03 19:00:00-05:00,722.22,725.82,713.28,720.54,517200
2023-01-04 19:00:00-05:00,718.75,724.58,712.86,717.83,499800
2023-01-05 19:00:00-05:00,724.75,741.58,715.88,731.11,602400
2023-01-08 19:00:00-05:00,687.45,702.41,662.53,674.92,1664400
2023-01-09 19:00:00-05:00,670.83,701.42,669.47,693.22,793200
2023-01-10 19:00:00-05:00,693.17,705.60,688.84,704.12,592600
2023-01-11 19:00:00-05:00,701.21,709.93,691.42,708.72,538800
2023-01-12 19:00:00-05:00,708.82,719.05,703.77,716.21,489500
2023-01-16 19:00:00-05:00,716.21,725.36,708.26,722.15,641000
2023-01-17 19:00:00-05:00,719.23,723.36,716.30,718.61,487500
2023-01-18 19:00:00-05:00,723.42,724.02,709.55,709.71,583800
2023-01-19 19:00:00-05:00,717.24,719.92,707.63,716.09,939800
2023-01-22 19:00:00-05:00,715.62,726.89,712.46,723.93,569900
2023-01-23 19:00:00-05:00,725.02,726.31,716.55,721.51,326400
2023-01-24 19:00:00-05:00,723.51,737.84,720.26,735.11,584300
2023-01-25 19:00:00-05:00,735.11,739.49,728.98,736.22,346400
2023-01-26 19:00:00-05:00,739.50,742.15,734.21,736.74,417600
2023-01-29 19:00:00-05:00,742.86,742.86,726.50,730.43,499500
2023-01-30 19:00:00-05:00,733.21,752.78,733.21,752.26,816400
2023-01-31 19:00:00-05:00,746.03,755.86,745.12,751.79,802100
2023-02-01 19:00:00-05:00,743.06,752.50,735.38,745.05,935200
2023-02-02 19:00:00-05:00,758.23,783.48,752.42,776.71,1448500
2023-02-05 19:00:00-05:00,778.35,793.92,772.14,774.46,1064700
2023-02-06 19:00:00-05:00,759.41,771.68,756.90,763.63,885900
2023-02-07 19:00:00-05:00,760.06,761.97,741.99,743.52,617500
2023-02-08 19:00:00-05:00,745.14,751.31,737.62,738.67,524500
2023-02-09 19:00:00-05:00,740.01,756.48,734.77,751.40,606800
2023-02-12 19:00:00-05:00,749.68,761.45,748.00,757.71,494800
2023-02-13 19:00:00-05:00,758.26,761.23,743.08,748.03,486000
2023-02-14 19:00:00-05:00,747.61,749.89,741.58,746.24,341100
2023-02-15 19:00:00-05:00,730.96,741.44,729.46,730.30,555300
2023-02-16 19:00:00-05:00,732.11,748.90,727.32,742.61,492700
2023-02-20 19:00:00-05:00,741.96,746.31,738.05,740.40,411700
2023-02-21 19:00:00-05:00,742.55,749.20,738.83,741.95,415500
2023-02-22 19:00:00-05:00,738.71,758.73,738.18,753.44,553300
2023-02-23 19:00:00-05:00,747.63,759.02,745.84,750.79,525900
2023-02-26 19:00:00-05:00,754.93,765.33,750.77,751.58,557100
2023-02-27 19:00:00-05:00,750.25,759.17,747.46,754.19,622700
2023-02-28 19:00:00-05:00,753.67,766.61,751.18,764.13,586000
2023-03-01 19:00:00-05:00,761.93,766.33,756.60,762.60,425200
2023-03-02 19:00:00-05:00,765.10,773.45,760.07,772.92,604800
2023-03-05 19:00:00-05:00,771.62,778.85,768.50,773.99,469500
2023-03-06 19:00:00-05:00,775.59,777.17,766.18,767.51,757900
2023-03-07 19:00:00-05:00,767.79,767.79,737.91,739.10,670300
2023-03-08 19:00:00-05:00,739.63,749.05,732.72,737.66,600000
2023-03-09 19:00:00-05:00,740.67,753.03,737.96,740.88,505300
2023-03-12 20:00:00-04:00,743.03,762.90,742.15,746.17,505200
2023-03-13 20:00:00-04:00,749.20,763.67,748.02,760.52,535500
2023-03-14 20:00:00-04:00,754.58,759.88,748.82,754.07,499300
2023-03-15 20:00:00-04:00,746.91,746.91,719.72,743.61,1023900
2023-03-16 20:00:00-04:00,743.78,748.14,737.86,741.53,893600
2023-03-19 20:00:00-04:00,742.53,754.10,739.68,753.03,587800
2023-03-20 20:00:00-04:00,758.39,758.74,745.82,753.54,372100
2023-03-21 20:00:00-04:00,754.07,758.13,744.86,745.15,322900
2023-03-22 20:00:00-04:00,799.86,806.03,784.01,795.59,1994000
2023-03-23 20:00:00-04:00,798.46,817.25,794.45,813.28,1129400
2023-03-26 20:00:00-04:00,814.65,825.66,811.17,813.69,802000
2023-03-27 20:00:00-04:00,817.25,820.58,812.51,820.20,362500
2023-03-28 20:00:00-04:00,823.20,828.16,811.59,812.64,459200
2023-03-29 20:00:00-04:00,809.33,818.32,798.05,804.85,625800
2023-03-30 20:00:00-04:00,808.22,815.78,804.31,814.94,866200
2023-04-02 20:00:00-04:00,812.09,819.79,808.91,819.42,451400
2023-04-03 20:00:00-04:00,819.08,823.87,813.29,815.36,398000
2023-04-04 20:00:00-04:00,817.94,830.69,817.11,818.46,560000
2023-04-05 20:00:00-04:00,816.68,827.17,816.68,821.94,550000
2023-04-09 20:00:00-04:00,817.62,819.30,809.14,817.01,377100
2023-04-10 20:00:00-04:00,816.20,818.84,810.74,812.93,291400
2023-04-11 20:00:00-04:00,818.20,821.02,810.20,813.71,414200
2023-04-12 20:00:00-04:00,815.71,827.29,815.71,823.55,471900
2023-04-13 20:00:00-04:00,822.05,824.52,815.15,822.54,456900
2023-04-16 20:00:00-04:00,826.79,826.79,811.94,813.02,351400
2023-04-17 20:00:00-04:00,815.43,816.64,797.56,801.39,499700
2023-04-18 20:00:00-04:00,798.14,803.53,796.94,802.23,352700
2023-04-19 20:00:00-04:00,798.82,799.02,789.71,791.56,495400
2023-04-20 20:00:00-04:00,791.88,798.13,790.73,794.17,545500
2023-04-23 20:00:00-04:00,793.87,799.59,788.62,790.51,374800
2023-04-24 20:00:00-04:00,790.74,795.25,778.41,783.11,468000
2023-04-25 20:00:00-04:00,775.37,778.34,764.82,771.63,585600
2023-04-26 20:00:00-04:00,768.98,789.90,767.72,785.80,749300
2023-04-27 20:00:00-04:00,782.53,799.48,781.54,795.22,470400
2023-04-30 20:00:00-04:00,797.13,804.90,795.55,800.11,297500
2023-05-01 20:00:00-04:00,800.11,808.56,790.00,791.91,610700
2023-05-02 20:00:00-04:00,798.20,806.33,792.27,796.59,786000
2023-05-03 20:00:00-04:00,769.19,770.22,740.02,747.70,1229000
2023-05-04 20:00:00-04:00,747.70,762.29,738.79,755.86,637000
2023-05-07 20:00:00-04:00,755.69,755.69,740.03,745.96,539900
2023-05-08 20:00:00-04:00,747.02,751.20,744.42,748.70,464300
2023-05-09 20:00:00-04:00,750.16,750.16,740.34,743.45,432800
2023-05-10 20:00:00-04:00,743.99,743.99,734.05,739.46,661800
2023-05-11 20:00:00-04:00,743.03,745.72,737.44,738.25,394100
2023-05-14 20:00:00-04:00,738.71,745.81,736.86,744.81,355900
2023-05-15 20:00:00-04:00,741.86,741.86,732.47,736.20,420900
2023-05-16 20:00:00-04:00,733.45,745.00,726.49,743.49,524000
2023-05-17 20:00:00-04:00,741.15,743.41,733.70,741.36,501500
2023-05-18 20:00:00-04:00,746.14,757.80,744.03,752.83,555900
2023-05-21 20:00:00-04:00,756.15,761.83,737.04,745.34,626900
2023-05-22 20:00:00-04:00,747.04,750.19,742.26,742.43,411300
2023-05-23 20:00:00-04:00,744.17,745.13,729.36,731.36,547200
2023-05-24 20:00:00-04:00,727.04,730.16,718.10,719.06,569300
2023-05-25 20:00:00-04:00,719.06,720.82,713.11,719.11,750800
2023-05-29 20:00:00-04:00,714.12,723.47,712.00,722.63,497000
2023-05-30 20:00:00-04:00,724.91,730.68,721.45,729.53,740200
2023-05-31 20:00:00-04:00,729.97,733.98,723.05,725.18,526600
2023-06-01 20:00:00-04:00,724.33,734.12,718.19,733.89,527300
2023-06-04 20:00:00-04:00,736.52,745.12,734.43,744.12,544300
2023-06-05 20:00:00-04:00,745.68,748.32,739.31,742.01,394600
2023-06-06 20:00:00-04:00,737.93,740.74,731.78,732.58,473700
2023-06-07 20:00:00-04:00,730.92,745.09,730.92,743.98,359400
2023-06-08 20:00:00-04:00,743.98,745.45,736.94,740.40,536600
2023-06-11 20:00:00-04:00,741.71,748.44,738.93,747.83,415100
2023-06-12 20:00:00-04:00,749.00,761.47,749.00,761.06,474000
2023-06-13 20:00:00-04:00,761.79,768.12,755.62,764.79,495600
2023-06-14 20:00:00-04:00,766.95,782.06,765.03,776.66,648100
2023-06-15 20:00:00-04:00,781.61,787.50,774.97,776.64,993700
2023-06-19 20:00:00-04:00,772.58,780.96,769.45,774.81,507800
2023-06-20 20:00:00-04:00,775.38,779.99,771.70,772.39,371100
2023-06-21 20:00:00-04:00,773.89,777.01,770.64,773.42,447900
2023-06-22 20:00:00-04:00,772.83,780.67,765.30,773.34,615100
2023-06-25 20:00:00-04:00,775.53,779.20,758.75,777.95,586800
2023-06-26 20:00:00-04:00,779.52,779.85,699.22,710.22,2034500
2023-06-27 20:00:00-04:00,702.41,704.23,679.20,694.30,1828300
2023-06-28 20:00:00-04:00,691.06,703.67,683.38,702.62,914900
2023-06-29 20:00:00-04:00,704.34,713.71,698.51,712.65,1015200
2023-07-02 20:00:00-04:00,704.27,716.09,704.27,712.21,345000
2023-07-04 20:00:00-04:00,710.49,713.47,706.54,711.95,641900
2023-07-05 20:00:00-04:00,707.22,708.85,698.00,699.06,608800
2023-07-06 20:00:00-04:00,694.85,695.41,686.36,686.78,696900
2023-07-09 20:00:00-04:00,684.35,701.65,682.88,697.60,1078900
2023-07-10 20:00:00-04:00,702.14,712.04,699.25,710.96,570400
2023-07-11 20:00:00-04:00,711.87,718.49,708.30,712.53,588900
2023-07-12 20:00:00-04:00,716.65,724.84,714.10,715.07,413000
2023-07-13 20:00:00-04:00,715.21,715.44,709.36,712.63,621500
2023-07-16 20:00:00-04:00,712.99,722.47,712.11,715.70,550200
2023-07-17 20:00:00-04:00,714.10,720.87,709.68,720.60,481900
2023-07-18 20:00:00-04:00,721.62,726.00,712.74,713.12,581100
2023-07-19 20:00:00-04:00,714.10,725.32,714.10,717.10,628800
2023-07-20 20:00:00-04:00,722.82,732.48,715.67,728.61,1813600
2023-07-23 20:00:00-04:00,724.47,727.58,717.98,721.17,543600
2023-07-24 20:00:00-04:00,717.30,726.66,715.60,723.90,444600
2023-07-25 20:00:00-04:00,723.90,727.20,718.33,724.97,399300
2023-07-26 20:00:00-04:00,725.22,745.63,725.22,738.56,884300
2023-07-27 20:00:00-04:00,733.94,742.55,717.63,739.99,744800
2023-07-30 20:00:00-04:00,739.36,739.36,728.83,735.83,445000
2023-07-31 20:00:00-04:00,738.56,738.56,726.45,733.02,334300
2023-08-01 20:00:00-04:00,734.65,738.68,720.17,726.12,623600
2023-08-02 20:00:00-04:00,755.76,781.39,752.93,765.13,1068800
2023-08-03 20:00:00-04:00,769.39,778.40,758.79,760.16,501000
2023-08-06 20:00:00-04:00,763.38,775.86,759.01,768.39,474000
2023-08-07 20:00:00-04:00,769.56,774.89,764.34,773.93,441800
2023-08-08 20:00:00-04:00,775.59,789.32,773.61,779.17,430100
2023-08-09 20:00:00-04:00,782.54,792.89,782.54,786.51,387300
2023-08-10 20:00:00-04:00,788.18,803.03,788.18,800.34,526100
2023-08-13 20:00:00-04:00,803.23,803.32,794.24,801.76,354500
2023-08-14 20:00:00-04:00,797.83,803.86,794.33,799.31,269200
2023-08-15 20:00:00-04:00,797.35,802.36,790.43,790.81,345100
2023-08-16 20:00:00-04:00,793.56,793.56,788.16,790.20,320600
2023-08-17 20:00:00-04:00,788.34,814.27,783.87,805.74,1065900
2023-08-20 20:00:00-04:00,818.24,839.25,813.89,837.45,1082900
2023-08-21 20:00:00-04:00,835.43,840.56,829.08,833.74,765900
2023-08-22 20:00:00-04:00,838.08,840.56,830.97,833.92,540500
2023-08-23 20:00:00-04:00,835.92,838.17,823.44,824.40,457800
2023-08-24 20:00:00-04:00,825.71,828.15,819.70,823.55,404500
2023-08-27 20:00:00-04:00,826.58,826.58,821.22,824.08,249600
2023-08-28 20:00:00-04:00,826.54,829.78,817.85,823.39,407200
2023-08-29 20:00:00-04:00,823.94,828.19,822.53,828.11,302100
2023-08-30 20:00:00-04:00,829.02,829.02,819.04,819.72,457500
2023-08-31 20:00:00-04:00,827.71,831.06,822.24,824.82,253600
2023-09-04 20:00:00-04:00,828.55,828.84,815.27,816.17,314300
2023-09-05 20:00:00-04:00,818.48,818.48,801.51,811.69,396200
2023-09-06 20:00:00-04:00,814.47,820.75,810.59,818.50,356900
2023-09-07 20:00:00-04:00,823.56,834.27,818.54,823.89,421600
2023-09-10 20:00:00-04:00,817.73,829.00,816.15,826.70,374800
2023-09-11 20:00:00-04:00,828.65,830.44,822.67,825.95,296100
2023-09-12 20:00:00-04:00,825.76,828.71,818.22,819.48,396500
2023-09-13 20:00:00-04:00,823.20,831.19,819.76,825.56,388900
2023-09-14 20:00:00-04:00,826.03,829.50,815.37,816.66,1032400
2023-09-17 20:00:00-04:00,818.04,821.72,810.39,817.76,406100
2023-09-18 20:00:00-04:00,818.51,830.12,816.85,829.91,344100
2023-09-19 20:00:00-04:00,831.19,831.24,824.09,824.81,304300
2023-09-20 20:00:00-04:00,823.12,825.33,810.80,816.64,400300
2023-09-21 20:00:00-04:00,815.29,824.69,811.60,818.08,464500
2023-09-24 20:00:00-04:00,816.31,827.99,813.41,827.80,294700
2023-09-25 20:00:00-04:00,828.16,833.57,820.66,825.59,479800
2023-09-26 20:00:00-04:00,825.59,832.54,823.91,825.74,380300
2023-09-27 20:00:00-04:00,826.47,830.61,819.58,827.73,369900
2023-09-28 20:00:00-04:00,826.66,826.85,813.19,816.22,409800
2023-10-01 20:00:00-04:00,820.23,826.45,802.27,811.33,487700
2023-10-02 20:00:00-04:00,805.35,807.07,793.22,801.69,426700
2023-10-03 20:00:00-04:00,802.53,810.01,799.33,808.31,344600
2023-10-04 20:00:00-04:00,808.31,824.84,808.29,824.31,387300
2023-10-05 20:00:00-04:00,822.61,835.10,819.18,829.72,392400
2023-10-08 20:00:00-04:00,828.14,833.13,819.50,825.01,256700
2023-10-09 20:00:00-04:00,822.70,831.83,819.03,828.12,261400
2023-10-10 20:00:00-04:00,832.00,832.00,820.96,829.22,306800
2023-10-11 20:00:00-04:00,829.36,833.21,822.75,831.62,308200
2023-10-12 20:00:00-04:00,838.17,846.97,829.32,832.75,526400
2023-10-15 20:00:00-04:00,835.91,840.06,830.47,836.75,381400
2023-10-16 20:00:00-04:00,836.09,837.28,826.49,829.99,323100
2023-10-17 20:00:00-04:00,826.43,826.75,818.04,819.26,383800
2023-10-18 20:00:00-04:00,816.83,817.79,798.87,802.02,488400
2023-10-19 20:00:00-04:00,801.67,811.86,797.37,801.85,743100
2023-10-22 20:00:00-04:00,803.54,804.15,785.78,789.02,473400
2023-10-23 20:00:00-04:00,789.48,802.12,789.19,797.69,346900
2023-10-24 20:00:00-04:00,794.75,795.84,782.56,790.51,340100
2023-10-25 20:00:00-04:00,788.07,791.24,781.01,785.52,351200
2023-10-26 20:00:00-04:00,785.91,785.96,762.89,768.83,438900
2023-10-29 20:00:00-04:00,773.14,777.56,768.37,771.30,371300
2023-10-30 20:00:00-04:00,768.79,775.85,766.51,773.50,382200
2023-10-31 20:00:00-04:00,777.49,787.08,768.63,784.79,419500
2023-11-01 20:00:00-04:00,785.38,824.34,781.66,812.08,729300
2023-11-02 20:00:00-04:00,831.29,832.33,805.27,810.21,456200
2023-11-05 19:00:00-05:00,816.40,833.37,813.41,825.59,422700
2023-11-06 19:00:00-05:00,831.59,831.59,817.15,823.98,670800
2023-11-07 19:00:00-05:00,827.50,827.50,806.72,816.05,637200
2023-11-08 19:00:00-05:00,808.81,809.99,789.89,793.70,622200
2023-11-09 19:00:00-05:00,800.27,800.27,777.15,792.40,994800
2023-11-12 19:00:00-05:00,789.40,796.78,781.58,790.17,736700
2023-11-13 19:00:00-05:00,798.41,799.00,786.06,787.20,545200
2023-11-14 19:00:00-05:00,784.18,791.96,778.53,785.89,502100
2023-11-15 19:00:00-05:00,795.49,795.49,779.39,790.02,493800
2023-11-16 19:00:00-05:00,796.73,801.52,793.09,795.86,354500
2023-11-19 19:00:00-05:00,788.76,800.26,788.76,795.07,340700
2023-11-20 19:00:00-05:00,798.55,798.55,786.50,792.29,310700
2023-11-21 19:00:00-05:00,796.06,800.85,791.55,793.18,233100
2023-11-23 19:00:00-05:00,797.39,797.39,788.51,791.76,171600
2023-11-26 19:00:00-05:00,795.43,798.41,786.68,791.54,440100
2023-11-27 19:00:00-05:00,789.71,795.06,786.08,794.58,446700
2023-11-28 19:00:00-05:00,797.58,807.63,793.68,801.97,627700
2023-11-29 19:00:00-05:00,805.13,822.07,803.61,817.06,954600
2023-11-30 19:00:00-05:00,818.18,821.63,802.26,808.18,560200
2023-12-03 19:00:00-05:00,797.96,817.85,795.98,816.58,508400
2023-12-04 19:00:00-05:00,811.11,816.93,802.61,814.18,319400
2023-12-05 19:00:00-05:00,818.79,835.10,817.47,828.90,554100
2023-12-06 19:00:00-05:00,833.12,843.31,824.38,842.22,567300
2023-12-07 19:00:00-05:00,837.41,841.07,832.67,833.26,388100
2023-12-10 19:00:00-05:00,831.57,842.77,831.57,841.47,458700
2023-12-11 19:00:00-05:00,841.90,859.61,839.77,856.68,500500
2023-12-12 19:00:00-05:00,856.06,872.26,855.72,868.94,680000
2023-12-13 19:00:00-05:00,866.65,871.49,860.01,868.82,598100
2023-12-14 19:00:00-05:00,868.94,880.67,847.02,852.10,1791700
2023-12-17 19:00:00-05:00,846.79,850.87,841.64,843.90,627400
2023-12-18 19:00:00-05:00,845.97,847.44,837.26,841.44,844200
2023-12-19 19:00:00-05:00,843.04,843.04,834.41,834.89,515900
2023-12-20 19:00:00-05:00,836.57,840.35,831.59,834.98,332600
2023-12-21 19:00:00-05:00,839.34,844.19,836.48,839.78,742800
2023-12-25 19:00:00-05:00,841.58,843.18,835.82,842.57,306200
2023-12-26 19:00:00-05:00,840.72,892.49,837.64,867.21,1273900
2023-12-27 19:00:00-05:00,867.11,888.15,867.11,874.48,637500
2023-12-28 19:00:00-05:00,870.72,876.10,868.45,871.10,534300
2024-01-01 19:00:00-05:00,866.75,897.87,864.25,897.59,1000900
2024-01-02 19:00:00-05:00,899.37,916.03,893.62,910.04,758900
2024-01-03 19:00:00-05:00,910.26,917.31,901.76,904.70,557400
2024-01-04 19:00:00-05:00,897.59,915.15,896.59,905.69,486100
2024-01-07 19:00:00-05:00,882.71,896.20,873.79,895.48,723200
2024-01-08 19:00:00-05:00,888.04,895.88,881.54,895.30,499300
2024-01-09 19:00:00-05:00,888.31,899.79,887.29,898.74,382300
2024-01-10 19:00:00-05:00,895.52,909.41,891.71,908.47,521300
2024-01-11 19:00:00-05:00,917.42,927.71,913.46,925.56,559900
2024-01-15 19:00:00-05:00,923.58,929.80,921.51,929.64,761400
2024-01-16 19:00:00-05:00,932.06,935.28,914.13,921.52,526700
2024-01-17 19:00:00-05:00,916.40,929.71,910.18,922.38,513600
2024-01-18 19:00:00-05:00,925.54,930.31,921.04,925.75,716500
2024-01-21 19:00:00-05:00,928.81,936.19,914.45,935.11,530600
2024-01-22 19:00:00-05:00,935.61,947.48,933.99,946.76,568200
2024-01-23 19:00:00-05:00,949.19,949.19,937.74,940.47,390500
2024-01-24 19:00:00-05:00,949.76,949.90,937.26,941.10,394000
2024-01-25 19:00:00-05:00,944.20,950.30,931.37,932.35,460500
2024-01-28 19:00:00-05:00,938.37,949.83,936.11,947.97,530000
2024-01-29 19:00:00-05:00,948.17,952.34,937.36,951.87,374700
2024-01-30 19:00:00-05:00,953.18,957.75,933.48,935.06,601900
2024-01-31 19:00:00-05:00,937.86,957.03,929.79,949.93,520500
2024-02-01 19:00:00-05:00,963.27,966.01,931.62,937.44,752000
2024-02-04 19:00:00-05:00,924.24,931.80,915.47,928.66,703800
2024-02-05 19:00:00-05:00,932.30,937.72,919.92,930.13,460400
2024-02-06 19:00:00-05:00,932.30,946.48,925.81,930.80,456400
2024-02-07 19:00:00-05:00,927.13,939.48,922.42,938.68,487600
2024-02-08 19:00:00-05:00,940.23,949.67,938.10,945.61,613800
2024-02-11 19:00:00-05:00,944.59,946.71,933.30,939.30,604200
2024-02-12 19:00:00-05:00,938.42,939.70,926.15,932.78,523800
2024-02-13 19:00:00-05:00,935.37,944.03,929.03,940.06,373500
2024-02-14 19:00:00-05:00,943.87,950.89,941.16,946.91,334300
2024-02-15 19:00:00-05:00,945.63,948.68,936.39,940.28,367400
2024-02-19 19:00:00-05:00,942.22,955.11,936.00,939.11,417700
2024-02-20 19:00:00-05:00,944.20,950.15,937.95,945.03,300500
2024-02-21 19:00:00-05:00,945.76,965.03,940.09,956.99,614700
2024-02-22 19:00:00-05:00,967.01,977.57,961.21,973.16,439600
2024-02-25 19:00:00-05:00,969.54,987.81,967.01,981.18,541200
2024-02-26 19:00:00-05:00,980.90,987.26,967.23,985.21,464200
2024-02-27 19:00:00-05:00,986.85,990.15,979.52,979.52,486000
2024-02-28 19:00:00-05:00,981.80,982.19,957.25,958.18,792200
2024-02-29 19:00:00-05:00,959.57,980.04,958.18,974.77,370500
2024-03-03 19:00:00-05:00,974.77,977.14,958.30,963.23,455600
2024-03-04 19:00:00-05:00,964.75,969.66,945.48,957.30,397500
2024-03-05 19:00:00-05:00,951.37,966.20,947.73,964.14,366800
2024-03-06 19:00:00-05:00,963.17,971.23,961.94,965.34,380500
2024-03-07 19:00:00-05:00,965.37,968.00,954.93,960.89,354400
2024-03-10 20:00:00-04:00,963.14,971.77,952.57,956.54,355600
2024-03-11 20:00:00-04:00,956.54,967.94,955.11,962.62,359000
2024-03-12 20:00:00-04:00,971.79,971.79,955.93,957.56,386200
2024-03-13 20:00:00-04:00,958.38,961.24,943.18,951.18,507300
2024-03-14 20:00:00-04:00,948.63,960.58,945.91,956.57,1090500
2024-03-17 20:00:00-04:00,962.05,962.76,951.63,952.06,360200
2024-03-18 20:00:00-04:00,957.20,961.22,951.28,955.77,365300
2024-03-19 20:00:00-04:00,951.20,959.28,939.61,959.04,579300
2024-03-20 20:00:00-04:00,966.77,971.24,960.07,960.08,435100
2024-03-21 20:00:00-04:00,965.03,969.38,958.55,959.32,274400
2024-03-24 20:00:00-04:00,946.20,957.08,944.67,953.22,322300
2024-03-25 20:00:00-04:00,954.11,958.76,949.93,955.66,386800
2024-03-26 20:00:00-04:00,963.09,968.75,954.53,958.38,314800
2024-03-27 20:00:00-04:00,962.43,962.84,951.39,954.61,461800
2024-03-31 20:00:00-04:00,956.83,962.25,946.27,961.37,360600
2024-04-01 20:00:00-04:00,953.56,953.56,943.23,946.86,438100
2024-04-02 20:00:00-04:00,947.18,953.80,942.64,943.16,413200
2024-04-03 20:00:00-04:00,954.32,954.32,927.70,929.34,410800
2024-04-04 20:00:00-04:00,931.62,942.05,927.21,934.98,363500
2024-04-07 20:00:00-04:00,931.47,935.27,927.85,930.79,330900
2024-04-08 20:00:00-04:00,933.68,941.42,930.32,936.16,305700
2024-04-09 20:00:00-04:00,927.36,930.19,915.88,928.53,389700
2024-04-10 20:00:00-04:00,920.97,923.02,899.90,912.78,617100
2024-04-11 20:00:00-04:00,904.08,904.75,890.90,897.29,665300
2024-04-14 20:00:00-04:00,907.87,913.57,887.76,891.20,656200
2024-04-15 20:00:00-04:00,889.87,893.69,883.14,886.82,615700
2024-04-16 20:00:00-04:00,896.48,904.17,892.53,893.81,468700
2024-04-17 20:00:00-04:00,893.88,901.37,884.37,886.67,450600
2024-04-18 20:00:00-04:00,906.48,913.19,884.16,889.47,507500
2024-04-21 20:00:00-04:00,897.13,901.23,890.10,892.79,351400
2024-04-22 20:00:00-04:00,898.24,905.26,896.43,899.89,341200
2024-04-23 20:00:00-04:00,899.47,908.20,897.00,899.11,373600
2024-04-24 20:00:00-04:00,903.63,907.50,869.57,883.38,576600
2024-04-25 20:00:00-04:00,874.50,880.21,868.06,875.97,505700
2024-04-28 20:00:00-04:00,875.96,890.43,875.96,885.17,369900
2024-04-29 20:00:00-04:00,884.80,889.50,877.76,883.36,636700
2024-04-30 20:00:00-04:00,882.12,905.73,881.24,896.08,595200
2024-05-01 20:00:00-04:00,892.63,936.04,884.00,929.93,1067000
2024-05-02 20:00:00-04:00,919.35,950.28,919.35,949.16,547400
2024-05-05 20:00:00-04:00,950.15,954.22,942.49,950.79,352000
2024-05-06 20:00:00-04:00,959.95,962.61,949.26,962.02,362300
2024-05-07 20:00:00-04:00,961.95,963.90,944.34,947.93,424900
2024-05-08 20:00:00-04:00,951.73,962.03,948.92,960.07,281900
2024-05-09 20:00:00-04:00,962.05,971.95,958.93,965.82,351400
2024-05-12 20:00:00-04:00,971.97,974.53,963.04,968.96,284300
2024-05-13 20:00:00-04:00,971.97,979.71,963.00,976.57,307900
2024-05-14 20:00:00-04:00,979.91,980.86,958.42,970.20,593300
2024-05-15 20:00:00-04:00,970.26,970.29,959.49,960.05,407600
2024-05-16 20:00:00-04:00,961.33,974.72,958.09,974.24,386600
2024-05-19 20:00:00-04:00,972.39,979.90,970.20,979.18,317900
2024-05-20 20:00:00-04:00,979.90,987.76,974.92,985.81,331600
2024-05-21 20:00:00-04:00,984.87,989.70,973.53,975.74,308700
2024-05-22 20:00:00-04:00,977.36,983.59,967.74,972.54,315700
2024-05-23 20:00:00-04:00,975.98,987.26,975.11,976.95,259300
2024-05-27 20:00:00-04:00,966.87,970.91,955.52,965.19,336800
2024-05-28 20:00:00-04:00,962.05,963.28,950.79,958.57,346700
2024-05-29 20:00:00-04:00,957.67,963.90,944.50,961.96,444000
2024-05-30 20:00:00-04:00,961.20,972.88,959.51,972.13,833200
2024-06-02 20:00:00-04:00,972.13,992.84,971.24,981.37,533000
2024-06-03 20:00:00-04:00,981.68,991.96,978.56,985.15,340400
2024-06-04 20:00:00-04:00,985.30,1006.69,981.66,997.63,385500
2024-06-05 20:00:00-04:00,996.96,1007.68,989.56,992.59,439700
2024-06-06 20:00:00-04:00,990.82,999.18,986.29,994.73,250100
2024-06-09 20:00:00-04:00,990.27,994.73,984.09,993.52,250900
2024-06-10 20:00:00-04:00,989.90,1008.66,989.67,1002.26,448200
2024-06-11 20:00:00-04:00,1006.50,1021.56,1000.88,1019.25,453700
2024-06-12 20:00:00-04:00,1014.30,1022.39,1009.53,1018.14,315400
2024-06-13 20:00:00-04:00,1015.91,1034.12,1009.62,1028.03,353900
2024-06-16 20:00:00-04:00,1028.03,1040.90,1017.61,1036.81,446100
2024-06-17 20:00:00-04:00,1037.93,1043.72,1027.51,1030.60,379300
2024-06-19 20:00:00-04:00,1029.93,1037.72,1019.58,1035.83,590500
2024-06-20 20:00:00-04:00,1039.13,1051.12,1032.72,1044.51,1269900
2024-06-23 20:00:00-04:00,1051.32,1059.25,1043.64,1055.17,518400
2024-06-24 20:00:00-04:00,1059.37,1072.31,1057.31,1062.41,518600
2024-06-25 20:00:00-04:00,1058.26,1066.49,1040.99,1060.40,533700
2024-06-26 20:00:00-04:00,1062.44,1064.26,1038.43,1042.25,507700
2024-06-27 20:00:00-04:00,1046.17,1048.56,1033.25,1042.42,750600
2024-06-30 20:00:00-04:00,1038.53,1060.93,1036.44,1048.36,383200
2024-07-01 20:00:00-04:00,1045.37,1049.50,1021.79,1036.10,364300
2024-07-02 20:00:00-04:00,1033.74,1038.66,1003.38,1015.70,378300
2024-07-04 20:00:00-04:00,1019.05,1031.53,1017.40,1025.76,418300
2024-07-07 20:00:00-04:00,1030.99,1045.96,1028.82,1043.63,366200
2024-07-08 20:00:00-04:00,1047.18,1050.33,1031.49,1045.40,268400
2024-07-09 20:00:00-04:00,1048.51,1063.55,1044.65,1062.35,263900
2024-07-10 20:00:00-04:00,1057.20,1082.46,1057.20,1071.42,444400
2024-07-11 20:00:00-04:00,1083.13,1097.10,1076.05,1091.04,471500
2024-07-14 20:00:00-04:00,1088.30,1091.02,1070.44,1073.25,434600
2024-07-15 20:00:00-04:00,1078.98,1091.07,1070.25,1086.02,282400
2024-07-16 20:00:00-04:00,1084.06,1090.99,1067.95,1076.73,464500
2024-07-17 20:00:00-04:00,1082.46,1089.97,1056.70,1058.52,396100
2024-07-18 20:00:00-04:00,1063.41,1067.91,1052.05,1054.89,452200
2024-07-21 20:00:00-04:00,1066.54,1069.87,1056.23,1060.98,299500
2024-07-22 20:00:00-04:00,1068.97,1068.97,1046.69,1046.92,312000
2024-07-23 20:00:00-04:00,1047.35,1057.69,1044.19,1052.17,452500
2024-07-24 20:00:00-04:00,1061.98,1093.91,1053.02,1055.47,528300
2024-07-25 20:00:00-04:00,1058.80,1082.37,1058.80,1069.79,380900
2024-07-28 20:00:00-04:00,1064.83,1076.11,1064.62,1068.37,301100
2024-07-29 20:00:00-04:00,1073.77,1083.51,1058.18,1068.97,358000
2024-07-30 20:00:00-04:00,1073.33,1081.90,1064.44,1070.35,522700
2024-07-31 20:00:00-04:00,1052.17,1092.18,1033.32,1084.19,897700
2024-08-01 20:00:00-04:00,1090.76,1105.87,1063.20,1073.32,646200
2024-08-04 20:00:00-04:00,1073.14,1081.49,1041.41,1062.50,619500
2024-08-05 20:00:00-04:00,1055.51,1081.84,1055.51,1057.46,445400
2024-08-06 20:00:00-04:00,1065.58,1068.27,1052.76,1059.05,502500
2024-08-07 20:00:00-04:00,1065.82,1105.77,1060.27,1104.23,631100
2024-08-08 20:00:00-04:00,1103.88,1123.72,1102.01,1121.97,416600
2024-08-11 20:00:00-04:00,1115.40,1120.73,1100.90,1111.91,501100
2024-08-12 20:00:00-04:00,1116.34,1150.95,1113.31,1148.84,572300
2024-08-13 20:00:00-04:00,1142.83,1151.70,1129.34,1147.38,443100
2024-08-14 20:00:00-04:00,1157.75,1168.30,1145.85,1165.70,569800
2024-08-15 20:00:00-04:00,1165.37,1175.38,1157.16,1169.65,564400
2024-08-18 20:00:00-04:00,1170.35,1187.88,1168.53,1187.08,445900
2024-08-19 20:00:00-04:00,1187.08,1191.75,1176.16,1182.46,372200
2024-08-20 20:00:00-04:00,1184.92,1193.63,1174.33,1175.63,342400
2024-08-21 20:00:00-04:00,1179.95,1182.08,1170.33,1177.93,310200
2024-08-22 20:00:00-04:00,1185.92,1192.39,1180.25,1189.30,352400
2024-08-25 20:00:00-04:00,1189.30,1196.92,1185.88,1189.55,239700
2024-08-26 20:00:00-04:00,1189.52,1201.28,1187.32,1191.92,295500
2024-08-27 20:00:00-04:00,1186.26,1196.78,1180.42,1189.47,308300
2024-08-28 20:00:00-04:00,1194.85,1201.05,1165.83,1169.27,538600
2024-08-29 20:00:00-04:00,1169.54,1181.57,1161.25,1174.99,405400
2024-09-02 20:00:00-04:00,1169.07,1182.77,1153.34,1159.24,579100
2024-09-03 20:00:00-04:00,1159.24,1172.62,1153.82,1169.71,333000
2024-09-04 20:00:00-04:00,1165.53,1165.53,1133.87,1141.14,534200
2024-09-05 20:00:00-04:00,1140.58,1143.43,1119.72,1122.23,616600
2024-09-08 20:00:00-04:00,1127.86,1141.70,1123.23,1135.39,513300
2024-09-09 20:00:00-04:00,1134.85,1134.85,1113.33,1127.04,356500
2024-09-10 20:00:00-04:00,1127.72,1133.83,1104.12,1132.10,481900
2024-09-11 20:00:00-04:00,1128.78,1158.07,1117.97,1154.92,568900
2024-09-12 20:00:00-04:00,1151.23,1160.99,1140.60,1143.90,353600
2024-09-15 20:00:00-04:00,1152.53,1152.53,1142.57,1143.63,346900
2024-09-16 20:00:00-04:00,1141.67,1141.67,1125.31,1137.36,348700
2024-09-17 20:00:00-04:00,1141.89,1146.93,1128.32,1129.48,328100
2024-09-18 20:00:00-04:00,1140.24,1156.30,1138.72,1140.77,596700
2024-09-19 20:00:00-04:00,1136.60,1140.00,1126.91,1135.65,913900
2024-09-22 20:00:00-04:00,1138.77,1145.10,1072.37,1083.03,1168300
2024-09-23 20:00:00-04:00,1067.51,1071.15,1013.85,1037.41,1695200
2024-09-24 20:00:00-04:00,1039.93,1039.93,1000.15,1022.70,1003100
2024-09-25 20:00:00-04:00,1053.46,1054.69,1021.83,1031.44,691600
2024-09-26 20:00:00-04:00,1035.09,1061.23,1028.39,1034.15,659700
2024-09-29 20:00:00-04:00,1032.20,1049.60,1031.13,1042.63,599900
2024-09-30 20:00:00-04:00,1045.43,1052.90,1031.88,1038.33,599400
2024-10-01 20:00:00-04:00,1031.97,1037.38,1017.57,1031.75,687000
2024-10-02 20:00:00-04:00,1029.00,1030.30,1003.08,1006.28,797500
2024-10-03 20:00:00-04:00,1007.08,1014.71,999.03,1004.52,1071800
2024-10-06 20:00:00-04:00,1002.94,1003.41,984.67,987.89,583400
2024-10-07 20:00:00-04:00,993.30,999.73,984.88,997.03,736000
2024-10-08 20:00:00-04:00,999.21,1006.32,992.80,1003.90,598100
2024-10-09 20:00:00-04:00,1003.27,1005.60,989.99,990.84,510900
2024-10-10 20:00:00-04:00,995.09,1009.40,988.12,1007.35,479900
2024-10-13 20:00:00-04:00,1010.14,1015.30,1001.18,1005.94,497300
2024-10-14 20:00:00-04:00,1008.50,1015.97,995.57,1008.20,514400
2024-10-15 20:00:00-04:00,1003.28,1012.19,999.07,999.70,367100
2024-10-16 20:00:00-04:00,1001.78,1004.79,989.50,990.05,739700
2024-10-17 20:00:00-04:00,989.82,994.48,981.66,982.56,869200
2024-10-20 20:00:00-04:00,977.82,983.12,959.97,960.57,794200
2024-10-21 20:00:00-04:00,955.11,964.78,911.89,954.46,1511700
2024-10-22 20:00:00-04:00,944.00,951.74,924.89,933.68,850100
2024-10-23 20:00:00-04:00,937.96,944.22,920.89,921.29,523400
2024-10-24 20:00:00-04:00,922.61,936.10,922.61,925.38,547700
2024-10-27 20:00:00-04:00,927.12,935.54,919.60,921.00,578700
2024-10-28 20:00:00-04:00,919.60,924.74,916.18,919.73,680400
2024-10-29 20:00:00-04:00,912.20,928.19,907.36,915.23,628400
2024-10-30 20:00:00-04:00,867.83,875.92,809.31,831.33,2219275
2024-10-31 20:00:00-04:00,837.69,854.94,831.02,836.69,1087300
2024-11-03 19:00:00-05:00,838.66,845.03,819.99,822.05,743600
2024-11-04 19:00:00-05:00,818.18,829.78,812.43,822.64,633200
2024-11-05 19:00:00-05:00,837.59,837.59,806.87,809.96,879500
2024-11-06 19:00:00-05:00,811.18,825.71,807.38,817.73,780900
2024-11-07 19:00:00-05:00,819.80,823.92,816.06,821.63,563600
2024-11-10 19:00:00-05:00,817.25,827.58,813.73,818.92,691800
2024-11-11 19:00:00-05:00,817.56,824.19,810.45,814.27,677600
2024-11-12 19:00:00-05:00,808.77,816.81,796.75,797.74,589500
2024-11-13 19:00:00-05:00,793.60,796.84,774.55,776.10,1086900
2024-11-14 19:00:00-05:00,776.37,776.69,747.52,750.61,1374500
2024-11-17 19:00:00-05:00,745.81,756.45,744.05,755.76,1027800
2024-11-18 19:00:00-05:00,750.36,752.39,730.16,738.50,979900
2024-11-19 19:00:00-05:00,736.11,744.54,729.98,737.26,654500
2024-11-20 19:00:00-05:00,738.77,751.35,729.92,738.40,973000
2024-11-21 19:00:00-05:00,738.60,745.24,731.59,731.95,1029400
2024-11-24 19:00:00-05:00,741.84,751.65,735.54,743.37,1196400
2024-11-25 19:00:00-05:00,737.10,748.00,730.47,746.86,779800
2024-11-26 19:00:00-05:00,750.52,755.92,743.38,748.69,544800
2024-11-28 19:00:00-05:00,740.50,748.33,733.94,744.07,489800
2024-12-01 19:00:00-05:00,743.87,757.63,742.28,756.10,896200
2024-12-02 19:00:00-05:00,752.32,763.69,741.45,743.43,649800
2024-12-03 19:00:00-05:00,742.43,749.94,738.04,748.08,731800
2024-12-04 19:00:00-05:00,745.39,761.73,743.55,761.61,779000
2024-12-05 19:00:00-05:00,762.34,771.75,758.89,771.63,813700
2024-12-08 19:00:00-05:00,770.64,794.43,766.67,781.54,1027300
2024-12-09 19:00:00-05:00,777.68,785.01,756.45,772.12,1298500
2024-12-10 19:00:00-05:00,771.78,774.92,760.59,766.67,776800
2024-12-11 19:00:00-05:00,766.79,772.35,734.39,734.90,924000
2024-12-12 19:00:00-05:00,732.40,734.11,722.71,725.31,696900
2024-12-15 19:00:00-05:00,724.54,733.33,716.31,718.93,920100
2024-12-16 19:00:00-05:00,715.46,738.70,715.17,733.95,978700
2024-12-17 19:00:00-05:00,729.19,738.90,706.46,708.77,907800
2024-12-18 19:00:00-05:00,705.18,708.20,687.32,702.45,1086700
2024-12-19 19:00:00-05:00,704.38,711.73,695.09,696.10,1890000
2024-12-22 19:00:00-05:00,702.58,712.31,700.38,709.27,866500
2024-12-23 19:00:00-05:00,706.47,714.10,700.37,708.62,382100
2024-12-25 19:00:00-05:00,703.27,712.60,703.27,710.81,619200
2024-12-26 19:00:00-05:00,704.70,713.10,703.28,706.56,795600
2024-12-29 19:00:00-05:00,702.24,703.16,694.68,696.83,537200
2024-12-30 19:00:00-05:00,698.13,707.16,697.63,706.49,473500
2025-01-01 19:00:00-05:00,714.95,720.86,706.09,709.33,479000
2025-01-02 19:00:00-05:00,710.20,716.09,708.90,712.27,558000
2025-01-05 19:00:00-05:00,709.14,727.68,707.90,710.39,820300
2025-01-06 19:00:00-05:00,710.47,728.42,710.47,724.32,802500
2025-01-07 19:00:00-05:00,722.08,737.19,719.66,727.58,758800
2025-01-09 19:00:00-05:00,715.42,718.79,685.34,691.17,1117200
2025-01-12 19:00:00-05:00,663.76,711.49,660.79,711.03,1406000
2025-01-13 19:00:00-05:00,708.16,710.11,680.38,685.21,791700
2025-01-14 19:00:00-05:00,694.87,706.76,692.48,697.67,880400
2025-01-15 19:00:00-05:00,695.30,700.75,685.67,687.55,853900
2025-01-16 19:00:00-05:00,699.56,701.68,675.31,676.00,1111900
2025-01-20 19:00:00-05:00,681.83,687.25,675.94,682.17,1145300
2025-01-21 19:00:00-05:00,684.12,694.15,672.13,674.46,945100
2025-01-22 19:00:00-05:00,674.97,690.49,672.72,688.95,1145000
2025-01-23 19:00:00-05:00,683.10,688.16,669.58,670.25,1021800
2025-01-26 19:00:00-05:00,671.19,692.73,671.19,679.10,1051400
2025-01-27 19:00:00-05:00,676.52,684.65,672.57,680.71,640100
2025-01-28 19:00:00-05:00,680.34,691.86,676.74,681.64,522800
2025-01-29 19:00:00-05:00,682.67,683.97,668.81,677.48,771800
2025-01-30 19:00:00-05:00,671.74,682.36,666.46,667.47,943800
2025-02-02 19:00:00-05:00,663.32,668.13,658.00,661.39,1009200
2025-02-03 19:00:00-05:00,644.68,704.16,636.74,691.34,1654500
2025-02-04 19:00:00-05:00,702.99,723.28,694.28,710.85,1436100
2025-02-05 19:00:00-05:00,707.58,728.26,707.58,716.16,1116600
2025-02-06 19:00:00-05:00,720.51,725.43,703.74,704.18,885700
2025-02-09 19:00:00-05:00,708.60,713.88,683.28,684.70,918500
2025-02-10 19:00:00-05:00,675.05,675.21,658.75,660.01,1270800
2025-02-11 19:00:00-05:00,654.55,665.48,650.48,658.42,1292200
2025-02-12 19:00:00-05:00,660.01,672.14,656.52,668.75,604700
2025-02-13 19:00:00-05:00,672.64,678.40,666.05,668.08,623000
2025-02-17 19:00:00-05:00,674.07,684.30,669.35,674.43,826000
2025-02-18 19:00:00-05:00,669.76,683.03,669.76,680.04,638300
2025-02-19 19:00:00-05:00,683.29,698.28,680.71,691.21,627500
2025-02-20 19:00:00-05:00,693.10,699.21,688.28,695.49,727400
2025-02-23 19:00:00-05:00,699.06,719.99,695.59,708.32,896400
2025-02-24 19:00:00-05:00,715.02,733.89,710.55,718.47,1049900
2025-02-25 19:00:00-05:00,716.30,716.42,696.22,702.05,712900
2025-02-26 19:00:00-05:00,701.02,716.01,695.82,697.92,568500
2025-02-27 19:00:00-05:00,696.47,703.68,688.91,693.91,1028800
2025-03-02 19:00:00-05:00,697.05,699.77,678.73,680.13,708600
2025-03-03 19:00:00-05:00,683.72,692.64,667.85,670.82,1197600
2025-03-04 19:00:00-05:00,669.32,688.00,668.49,682.40,828700
2025-03-05 19:00:00-05:00,678.37,696.15,677.54,693.61,866400
2025-03-06 19:00:00-05:00,693.80,724.70,691.61,702.62,1083900
2025-03-09 20:00:00-04:00,705.10,743.11,704.47,739.68,1631300
2025-03-10 20:00:00-04:00,741.53,742.53,707.46,713.19,1108100
2025-03-11 20:00:00-04:00,705.03,707.53,678.70,684.73,808300
2025-03-12 20:00:00-04:00,682.67,694.12,672.65,675.90,863700
2025-03-13 20:00:00-04:00,675.90,682.23,652.46,662.26,1306000
2025-03-16 20:00:00-04:00,663.64,675.13,660.08,673.73,942900
2025-03-17 20:00:00-04:00,673.31,673.58,659.70,660.36,608100
2025-03-18 20:00:00-04:00,659.08,669.90,654.47,667.71,675700
2025-03-19 20:00:00-04:00,665.37,670.16,657.75,658.04,663000
2025-03-20 20:00:00-04:00,653.45,656.43,646.56,653.93,1869100
2025-03-23 20:00:00-04:00,655.43,662.84,650.77,656.43,962400
2025-03-24 20:00:00-04:00,657.87,657.99,628.72,629.75,852900
2025-03-25 20:00:00-04:00,629.75,639.55,624.67,635.71,1251900
2025-03-26 20:00:00-04:00,636.77,638.98,625.58,631.43,811500
2025-03-27 20:00:00-04:00,633.60,638.52,627.08,632.95,805900
2025-03-30 20:00:00-04:00,625.72,636.29,614.23,629.84,1066300
2025-03-31 20:00:00-04:00,626.15,636.80,610.75,612.73,1059700
2025-04-01 20:00:00-04:00,609.29,623.66,605.88,621.27,902600
2025-04-02 20:00:00-04:00,621.92,623.66,603.68,606.42,1047500
2025-04-03 20:00:00-04:00,606.43,608.75,568.04,569.48,1547700
2025-04-06 20:00:00-04:00,565.26,587.45,553.97,568.82,1687400
2025-04-07 20:00:00-04:00,575.45,581.98,542.58,552.96,1159700
2025-04-08 20:00:00-04:00,534.28,576.71,522.35,572.73,1871500
2025-04-09 20:00:00-04:00,564.99,568.03,526.07,542.61,1357800
2025-04-10 20:00:00-04:00,544.84,551.69,529.57,550.35,1170900
2025-04-13 20:00:00-04:00,556.56,570.74,551.55,567.11,946300
2025-04-14 20:00:00-04:00,564.62,571.22,549.17,554.05,838500
2025-04-15 20:00:00-04:00,553.15,557.94,540.73,545.48,875700
2025-04-16 20:00:00-04:00,544.28,560.31,541.23,559.26,827700
2025-04-20 20:00:00-04:00,552.19,566.40,549.14,557.61,745600
2025-04-21 20:00:00-04:00,561.59,583.04,561.23,581.44,1036800
2025-04-22 20:00:00-04:00,591.75,599.59,580.41,583.78,791900
2025-04-23 20:00:00-04:00,586.84,597.12,582.75,595.61,1317000
2025-04-24 20:00:00-04:00,594.19,598.62,581.73,598.47,964400
2025-04-27 20:00:00-04:00,599.19,610.58,597.03,606.63,1175200
2025-04-28 20:00:00-04:00,557.86,575.97,538.69,564.97,2219275
2025-04-29 20:00:00-04:00,575.25,596.05,563.07,594.62,1679400
2025-04-30 20:00:00-04:00,585.69,589.82,574.50,585.92,1190500
2025-05-01 20:00:00-04:00,595.85,611.35,594.94,601.42,1606400
2025-05-04 20:00:00-04:00,602.69,606.81,597.64,599.40,1124300
2025-05-05 20:00:00-04:00,596.85,602.67,553.78,554.66,1510900
2025-05-06 20:00:00-04:00,557.90,564.20,552.51,557.05,1140500
2025-05-07 20:00:00-04:00,544.09,548.75,516.90,543.88,2219275
2025-05-08 20:00:00-04:00,545.20,549.02,523.48,524.13,1499000
2025-05-11 20:00:00-04:00,540.06,573.99,531.59,571.65,1898300
2025-05-12 20:00:00-04:00,567.50,571.07,554.59,570.19,1149900
2025-05-13 20:00:00-04:00,572.36,576.54,563.66,567.41,1664500
2025-05-14 20:00:00-04:00,572.14,581.21,561.00,580.94,1301800
2025-05-15 20:00:00-04:00,584.16,591.07,577.47,590.21,936900
2025-05-18 20:00:00-04:00,584.41,594.42,582.62,592.41,666300
2025-05-19 20:00:00-04:00,591.77,612.10,591.77,611.44,1102100
2025-05-20 20:00:00-04:00,609.71,614.15,594.66,601.32,1089300
2025-05-21 20:00:00-04:00,599.91,602.20,589.50,593.60,867200
2025-05-22 20:00:00-04:00,583.65,588.42,579.20,585.13,656300
2025-05-26 20:00:00-04:00,599.80,604.86,587.58,599.97,876100
2025-05-27 20:00:00-04:00,599.97,602.70,586.93,588.62,1008300
2025-05-28 20:00:00-04:00,593.81,602.43,587.80,602.09,756700
2025-05-29 20:00:00-04:00,514.84,516.95,482.36,487.61,2219275
2025-06-01 20:00:00-04:00,488.41,499.82,478.96,488.14,2219275
2025-06-02 20:00:00-04:00,488.12,498.38,482.69,485.20,2141600
2025-06-03 20:00:00-04:00,489.03,497.18,480.36,482.29,1870700
2025-06-04 20:00:00-04:00,483.35,489.09,473.89,480.44,1791100
2025-06-05 20:00:00-04:00,482.89,497.16,482.36,490.53,1497900
2025-06-08 20:00:00-04:00,495.29,515.45,491.73,514.78,1983100
2025-06-09 20:00:00-04:00,517.17,527.10,515.34,520.68,1175000
2025-06-10 20:00:00-04:00,522.90,525.49,513.29,515.77,963100
2025-06-11 20:00:00-04:00,514.41,522.36,510.17,519.00,873200
2025-06-12 20:00:00-04:00,515.43,526.66,512.17,526.36,951500
2025-06-15 20:00:00-04:00,529.98,535.27,517.38,519.83,1325800
2025-06-16 20:00:00-04:00,516.44,520.16,505.93,506.09,890400
2025-06-17 20:00:00-04:00,505.74,516.34,500.51,510.78,841000
2025-06-19 20:00:00-04:00,518.21,518.47,503.62,506.94,2219275
2025-06-22 20:00:00-04:00,507.22,513.37,504.84,509.13,1076000
2025-06-23 20:00:00-04:00,512.98,524.58,512.98,519.42,970600
2025-06-24 20:00:00-04:00,518.56,522.77,514.17,517.45,639500
2025-06-25 20:00:00-04:00,517.17,521.66,511.98,518.16,965500
2025-06-26 20:00:00-04:00,518.95,528.31,514.57,518.16,1607800
2025-06-29 20:00:00-04:00,517.37,523.21,516.07,522.14,1013200
2025-06-30 20:00:00-04:00,521.11,545.05,518.16,531.99,1200700
2025-07-01 20:00:00-04:00,530.75,548.49,526.80,544.75,818100
2025-07-02 20:00:00-04:00,544.76,551.98,543.63,544.38,456400
2025-07-06 20:00:00-04:00,543.02,544.61,529.70,535.18,960300
2025-07-07 20:00:00-04:00,535.93,556.41,534.52,544.76,847100
2025-07-08 20:00:00-04:00,544.12,555.34,542.41,549.57,843800
2025-07-09 20:00:00-04:00,551.36,563.28,547.11,556.71,827300
2025-07-10 20:00:00-04:00,555.35,565.36,548.47,564.65,844600
2025-07-13 20:00:00-04:00,563.01,572.00,558.94,567.48,717100
2025-07-14 20:00:00-04:00,571.02,571.62,543.30,544.97,998400
2025-07-15 20:00:00-04:00,547.00,555.31,543.59,544.94,1089900
2025-07-16 20:00:00-04:00,542.70,551.46,539.06,547.00,989200
2025-07-17 20:00:00-04:00,547.00,547.89,538.55,539.56,1307800
2025-07-20 20:00:00-04:00,540.48,549.97,539.54,542.56,709100
2025-07-21 20:00:00-04:00,543.94,559.93,543.94,557.87,976700
2025-07-22 20:00:00-04:00,565.02,573.56,559.94,569.27,891100
2025-07-23 20:00:00-04:00,569.42,574.58,560.60,561.56,1037600
2025-07-24 20:00:00-04:00,562.33,564.12,552.47,560.03,755800
2025-07-27 20:00:00-04:00,560.46,564.85,555.50,555.59,588400
2025-07-28 20:00:00-04:00,554.96,556.56,548.99,555.11,814900
2025-07-29 20:00:00-04:00,557.40,560.52,547.49,551.56,564900
2025-07-30 20:00:00-04:00,547.01,555.09,538.66,542.49,1413900
2025-07-31 20:00:00-04:00,579.83,580.10,539.93,555.82,1656400
2025-08-03 20:00:00-04:00,563.89,574.06,558.95,568.42,1362500
2025-08-04 20:00:00-04:00,567.14,576.66,565.40,566.79,993300
2025-08-05 20:00:00-04:00,565.90,570.34,547.50,552.10,865000
2025-08-06 20:00:00-04:00,554.62,562.40,550.04,556.75,811200
2025-08-07 20:00:00-04:00,556.75,564.60,555.02,559.93,1024300
2025-08-10 20:00:00-04:00,558.46,569.46,541.19,542.96,1103900
2025-08-11 20:00:00-04:00,544.95,559.67,544.11,553.52,766000
2025-08-12 20:00:00-04:00,554.04,562.42,548.99,558.49,1096100
2025-08-13 20:00:00-04:00,557.84,570.36,554.96,562.89,976300
2025-08-14 20:00:00-04:00,574.81,578.78,567.73,577.25,1122200
2025-08-17 20:00:00-04:00,579.80,582.70,571.55,571.65,769400
2025-08-18 20:00:00-04:00,573.03,579.40,568.55,569.53,854600
2025-08-19 20:00:00-04:00,570.08,594.57,568.14,588.68,1298500
2025-08-20 20:00:00-04:00,584.56,602.80,582.79,595.80,1010000
2025-08-21 20:00:00-04:00,599.98,608.04,583.19,587.16,1439400
2025-08-24 20:00:00-04:00,588.73,592.54,570.00,570.12,880900
2025-08-25 20:00:00-04:00,570.74,585.78,564.85,585.33,1614400
2025-08-26 20:00:00-04:00,589.54,594.67,583.19,584.65,584100
2025-08-27 20:00:00-04:00,584.12,588.63,572.77,577.33,616600
2025-08-28 20:00:00-04:00,574.88,578.96,573.62,578.41,574300
2025-09-01 20:00:00-04:00,578.25,583.18,568.10,575.62,1020200
2025-09-02 20:00:00-04:00,579.70,586.38,560.57,561.58,1118500
2025-09-03 20:00:00-04:00,565.77,579.69,557.42,564.99,1124300
2025-09-04 20:00:00-04:00,562.92,575.47,562.77,571.12,960400
2025-09-07 20:00:00-04:00,568.95,568.95,550.63,556.24,1250400
2025-09-08 20:00:00-04:00,554.81,561.35,552.61,554.34,873200
2025-09-09 20:00:00-04:00,553.02,557.79,550.80,553.64,874700
2025-09-10 20:00:00-04:00,553.62,568.51,553.62,565.96,868200
2025-09-11 20:00:00-04:00,565.10,567.75,557.25,557.79,602600
2025-09-14 20:00:00-04:00,556.34,571.43,556.34,570.33,995700
2025-09-15 20:00:00-04:00,571.17,577.12,565.06,572.79,707900
2025-09-16 20:00:00-04:00,574.04,585.35,574.04,583.19,921500
2025-09-17 20:00:00-04:00,587.20,597.64,581.62,596.35,1267000
2025-09-18 20:00:00-04:00,600.17,601.09,588.67,589.66,2178000
2025-09-21 20:00:00-04:00,590.66,598.38,586.35,593.33,904900
2025-09-22 20:00:00-04:00,577.71,579.71,563.22,565.65,1362200
2025-09-23 20:00:00-04:00,565.65,575.70,563.77,574.71,777300
2025-09-24 20:00:00-04:00,575.03,576.72,547.04,553.32,1394200
2025-09-25 20:00:00-04:00,559.79,562.39,548.54,561.68,838600
2025-09-28 20:00:00-04:00,561.68,562.68,555.14,558.54,922400
2025-09-29 20:00:00-04:00,558.37,571.78,552.81,560.05,1662500
2025-09-30 20:00:00-04:00,568.62,612.97,567.74,597.58,2083200
2025-10-01 20:00:00-04:00,598.05,603.02,594.25,597.64,1096500
2025-10-02 20:00:00-04:00,599.72,615.58,597.51,597.64,1154500
2025-10-05 20:00:00-04:00,599.63,601.27,582.11,583.17,1072400
2025-10-06 20:00:00-04:00,585.28,589.12,576.14,580.94,656400
2025-10-07 20:00:00-04:00,581.71,602.62,558.76,561.64,1415800
2025-10-08 20:00:00-04:00,566.78,572.46,561.29,567.65,853300
2025-10-09 20:00:00-04:00,567.05,574.90,553.35,562.41,1495000
2025-10-12 20:00:00-04:00,549.33,561.55,538.87,555.53,1426400
2025-10-13 20:00:00-04:00,554.73,573.91,551.69,570.34,1010600
2025-10-14 20:00:00-04:00,572.76,582.57,566.78,574.15,927700
2025-10-15 20:00:00-04:00,580.71,586.76,561.78,566.93,842200
2025-10-16 20:00:00-04:00,568.10,576.76,563.88,575.77,745700
2025-10-19 20:00:00-04:00,577.13,580.35,571.97,574.50,639100
2025-10-20 20:00:00-04:00,572.34,580.12,570.56,577.06,651600
2025-10-21 20:00:00-04:00,577.92,586.39,576.32,582.44,691200
2025-10-22 20:00:00-04:00,577.40,581.70,570.49,573.42,778800
2025-10-23 20:00:00-04:00,577.37,580.40,573.93,575.67,875400
2025-10-26 20:00:00-04:00,578.21,583.84,573.66,583.00,1246100
2025-10-27 20:00:00-04:00,609.61,653.12,602.65,651.90,2126800
2025-10-28 20:00:00-04:00,647.85,657.38,635.15,650.34,1751500
2025-10-29 20:00:00-04:00,643.02,661.38,641.38,651.46,1120700
2025-10-30 20:00:00-04:00,646.89,657.40,642.46,649.23,797900
2025-11-02 19:00:00-05:00,654.87,654.87,625.03,639.72,810300
2025-11-03 19:00:00-05:00,641.24,643.67,622.68,625.53,1030900
2025-11-04 19:00:00-05:00,628.61,644.34,625.53,641.65,724300
2025-11-05 19:00:00-05:00,638.31,654.41,638.31,644.32,916600
2025-11-06 19:00:00-05:00,647.79,655.62,638.46,654.94,782800
2025-11-09 19:00:00-05:00,653.42,663.37,650.62,652.16,824800
2025-11-10 19:00:00-05:00,648.91,673.67,648.81,671.89,977200
2025-11-11 19:00:00-05:00,676.22,688.06,670.02,679.03,1208300
2025-11-12 19:00:00-05:00,680.31,710.77,677.25,692.25,1505300
2025-11-13 19:00:00-05:00,694.44,696.51,683.25,690.77,907000
2025-11-16 19:00:00-05:00,690.61,709.08,689.56,701.54,1132900
2025-11-17 19:00:00-05:00,699.74,725.10,696.47,722.48,1368700
2025-11-18 19:00:00-05:00,724.94,724.94,699.86,699.98,1383600
2025-11-19 19:00:00-05:00,723.05,751.48,718.08,735.02,2219275
2025-11-20 19:00:00-05:00,734.03,762.03,733.76,753.87,1427700
2025-11-23 19:00:00-05:00,757.01,771.05,754.60,759.40,1554900
2025-11-24 19:00:00-05:00,762.82,788.44,757.96,785.20,1200400
2025-11-25 19:00:00-05:00,783.61,788.85,774.91,782.50,871700
2025-11-27 19:00:00-05:00,782.59,786.86,777.40,778.09,510400
2025-11-30 19:00:00-05:00,773.51,777.82,746.14,748.09,992000
2025-12-01 19:00:00-05:00,740.12,744.99,729.03,740.00,924600
2025-12-02 19:00:00-05:00,728.39,742.23,718.13,721.72,1238500
2025-12-03 19:00:00-05:00,730.48,733.02,719.28,720.85,1067100
2025-12-04 19:00:00-05:00,721.05,734.17,715.33,716.43,798300
2025-12-07 19:00:00-05:00,721.74,722.18,699.86,701.37,1005900
2025-12-08 19:00:00-05:00,703.21,709.24,690.00,690.72,604400
2025-12-09 19:00:00-05:00,693.19,726.04,690.64,724.26,1316500
2025-12-10 19:00:00-05:00,724.13,751.58,724.13,744.79,1153900
2025-12-11 19:00:00-05:00,739.59,744.04,732.40,739.30,804800
2025-12-14 19:00:00-05:00,746.83,754.63,744.37,750.59,932800
2025-12-15 19:00:00-05:00,750.54,755.31,732.74,744.35,713200
2025-12-16 19:00:00-05:00,744.54,749.97,741.33,747.77,765900
2025-12-17 19:00:00-05:00,745.53,750.81,737.24,746.70,1057600
2025-12-18 19:00:00-05:00,751.69,771.77,746.17,765.89,2219275
2025-12-21 19:00:00-05:00,763.78,781.49,763.03,777.26,818000
2025-12-22 19:00:00-05:00,775.27,790.62,774.91,783.06,832000
2025-12-23 19:00:00-05:00,785.87,790.64,781.50,781.60,267200
2025-12-25 19:00:00-05:00,781.68,785.89,775.95,782.86,321000
2025-12-28 19:00:00-05:00,778.46,782.94,772.52,778.40,545100
2025-12-29 19:00:00-05:00,774.21,775.68,768.23,771.86,383200
2025-12-30 19:00:00-05:00,769.92,772.91,767.10,769.79,354800
2026-01-01 19:00:00-05:00,772.17,777.65,763.71,774.22,464800
2026-01-04 19:00:00-05:00,767.65,769.91,751.17,761.18,835700
2026-01-05 19:00:00-05:00,762.29,785.54,761.15,774.45,935000
2026-01-06 19:00:00-05:00,784.06,811.91,778.00,810.08,1264700
2026-01-07 19:00:00-05:00,803.64,814.79,798.53,798.85,1049300
2026-01-08 19:00:00-05:00,800.81,818.90,788.75,794.41,711500
2026-01-11 19:00:00-05:00,807.82,808.91,763.02,765.93,1321100
2026-01-12 19:00:00-05:00,763.10,763.93,741.94,756.87,946500
2026-01-13 19:00:00-05:00,758.53,764.58,750.98,752.11,668900
2026-01-14 19:00:00-05:00,752.82,754.46,735.02,739.92,865600
2026-01-15 19:00:00-05:00,747.07,747.07,724.48,731.07,1682400
2026-01-19 19:00:00-05:00,727.44,735.88,716.45,731.81,789100
2026-01-20 19:00:00-05:00,734.73,747.98,733.02,747.31,788400
2026-01-21 19:00:00-05:00,748.32,762.94,745.36,753.48,765400
2026-01-22 19:00:00-05:00,755.27,759.95,745.29,751.52,721000
2026-01-25 19:00:00-05:00,748.07,765.24,748.07,760.60,934200
2026-01-26 19:00:00-05:00,760.42,774.16,759.45,769.17,645800
2026-01-27 19:00:00-05:00,763.09,764.93,745.56,749.11,827900
2026-01-28 19:00:00-05:00,753.70,753.70,740.80,747.42,925800
2026-01-29 19:00:00-05:00,751.93,772.29,733.63,739.45,1317500
2026-02-01 19:00:00-05:00,730.95,761.51,729.54,752.99,693000
2026-02-02 19:00:00-05:00,743.52,771.64,740.74,757.14,768700
2026-02-03 19:00:00-05:00,763.74,777.68,763.15,772.97,952000
2026-02-04 19:00:00-05:00,775.74,787.87,757.95,764.57,976500
2026-02-05 19:00:00-05:00,767.56,784.87,762.72,783.40,671400
2026-02-08 19:00:00-05:00,781.06,787.87,773.41,778.18,586800
2026-02-09 19:00:00-05:00,777.63,779.30,751.07,752.88,792600
2026-02-10 19:00:00-05:00,748.83,779.32,743.06,776.87,1123600
2026-02-11 19:00:00-05:00,782.69,794.58,772.64,781.54,814300
2026-02-12 19:00:00-05:00,786.80,804.01,782.89,801.01,974700
2026-02-16 19:00:00-05:00,801.32,812.81,781.51,791.39,747100
2026-02-17 19:00:00-05:00,791.39,794.86,784.67,790.03,675900
2026-02-18 19:00:00-05:00,787.87,787.87,771.23,780.27,504800
2026-02-19 19:00:00-05:00,773.84,780.29,768.85,778.51,615100
2026-02-22 19:00:00-05:00,776.42,790.98,776.42,785.87,510500
2026-02-23 19:00:00-05:00,779.31,791.49,767.60,771.04,628700
2026-02-24 19:00:00-05:00,772.98,789.93,770.28,783.11,750900
2026-02-25 19:00:00-05:00,783.11,783.33,752.67,769.64,772700
2026-02-26 19:00:00-05:00,759.78,785.51,759.78,780.50,726400
2026-03-01 19:00:00-05:00,769.95,791.98,768.48,789.63,793100
2026-03-02 19:00:00-05:00,779.85,793.58,763.35,765.52,637200
2026-03-03 19:00:00-05:00,765.91,790.42,763.10,786.33,641400
2026-03-04 19:00:00-05:00,778.84,780.82,758.88,763.79,657500
2026-03-05 19:00:00-05:00,753.88,761.26,745.55,758.73,561900
2026-03-08 20:00:00-04:00,758.73,782.53,753.78,780.43,697100
2026-03-09 20:00:00-04:00,780.50,787.51,770.19,770.88,473300
2026-03-10 20:00:00-04:00,768.02,781.95,763.86,773.50,405200
2026-03-11 20:00:00-04:00,762.92,764.86,742.89,745.50,630400
2026-03-12 20:00:00-04:00,753.42,757.85,740.79,744.66,438100
2026-03-15 20:00:00-04:00,748.88,762.16,745.90,755.78,396200
2026-03-16 20:00:00-04:00,762.39,770.08,754.51,757.92,437000
2026-03-17 20:00:00-04:00,750.10,756.47,733.46,743.01,672500
2026-03-18 20:00:00-04:00,743.39,749.20,726.79,736.35,628300
2026-03-19 20:00:00-04:00,737.07,743.74,727.55,731.78,1359900
2026-03-22 20:00:00-04:00,743.89,748.88,733.90,735.43,535900
2026-03-23 20:00:00-04:00,727.42,742.06,726.87,740.58,507900
2026-03-24 20:00:00-04:00,743.56,756.85,742.91,748.35,553100
2026-03-25 20:00:00-04:00,748.28,760.59,746.65,755.60,488600
2026-03-26 20:00:00-04:00,755.52,758.34,735.54,736.61,492200
2026-03-29 20:00:00-04:00,742.72,756.55,740.36,748.17,630400
2026-03-30 20:00:00-04:00,756.34,773.11,754.67,771.49,642600
2026-03-31 20:00:00-04:00,773.84,780.04,768.82,776.09,627400
2026-04-01 20:00:00-04:00,765.90,768.96,743.89,760.71,1000600
2026-04-05 20:00:00-04:00,765.69,767.65,757.36,761.90,460400
2026-04-06 20:00:00-04:00,757.27,760.77,746.64,759.14,620900
2026-04-07 20:00:00-04:00,764.12,774.47,754.86,774.37,580400
2026-04-08 20:00:00-04:00,763.01,771.30,760.36,766.70,596700
2026-04-09 20:00:00-04:00,770.33,770.33,737.99,747.75,751300
2026-04-12 20:00:00-04:00,746.62,755.77,736.24,745.35,747000
2026-04-13 20:00:00-04:00,743.86,756.55,742.60,754.38,637800
2026-04-14 20:00:00-04:00,757.54,759.45,738.02,752.81,571100
2026-04-15 20:00:00-04:00,748.44,754.87,741.58,744.89,505000
2026-04-16 20:00:00-04:00,753.61,757.48,745.80,749.45,513000
2026-04-19 20:00:00-04:00,748.88,754.46,742.89,748.29,493800
2026-04-20 20:00:00-04:00,745.09,750.42,733.03,746.25,707400
2026-04-21 20:00:00-04:00,750.36,754.65,739.37,745.47,901900
2026-04-22 20:00:00-04:00,749.87,766.07,746.15,764.88,928700
2026-04-23 20:00:00-04:00,758.87,760.82,735.61,750.45,809500
2026-04-26 20:00:00-04:00,744.36,755.27,742.50,743.33,603200
2026-04-27 20:00:00-04:00,750.25,752.88,729.81,730.68,569000
2026-04-28 20:00:00-04:00,704.06,707.74,667.85,685.34,1835000
2026-04-29 20:00:00-04:00,692.05,707.38,687.92,706.01,1096500
2026-04-30 20:00:00-04:00,701.97,713.41,699.22,700.37,729100
2026-05-03 20:00:00-04:00,701.51,710.49,698.71,708.15,554100
2026-05-04 20:00:00-04:00,709.67,714.55,698.19,701.22,642700
2026-05-05 20:00:00-04:00,702.28,725.08,701.45,719.97,739900
2026-05-06 20:00:00-04:00,717.43,724.23,706.37,708.04,774600
2026-05-07 20:00:00-04:00,708.23,716.92,707.30,713.82,589000
2026-05-10 20:00:00-04:00,713.92,726.31,700.94,711.71,1227200
2026-05-11 20:00:00-04:00,715.32,724.52,708.96,722.33,824300
2026-05-12 20:00:00-04:00,720.21,729.50,708.45,718.81,879300
2026-05-13 20:00:00-04:00,717.93,721.43,709.00,711.81,767200
2026-05-14 20:00:00-04:00,711.63,716.82,692.67,697.21,728000
2026-05-17 20:00:00-04:00,615.01,632.06,609.69,628.74,2219275
2026-05-18 20:00:00-04:00,629.55,639.04,615.10,629.36,1445100
2026-05-19 20:00:00-04:00,634.32,651.00,633.60,649.76,1165600
2026-05-20 20:00:00-04:00,645.00,650.32,639.81,642.59,1178500
2026-05-21 20:00:00-04:00,639.24,644.12,632.72,638.88,994900
2026-05-25 20:00:00-04:00,642.45,648.50,632.68,634.62,889800
2026-05-26 20:00:00-04:00,634.80,638.06,625.00,627.74,1913500
2026-05-27 20:00:00-04:00,630.15,631.73,620.35,621.52,1234400
2026-05-28 20:00:00-04:00,620.11,624.47,609.77,614.78,2187500
2026-05-31 20:00:00-04:00,607.54,614.00,598.80,600.66,1079900
2026-06-01 20:00:00-04:00,596.52,604.63,591.52,602.92,1066700
2026-06-02 20:00:00-04:00,600.79,625.00,599.00,618.95,986700
2026-06-03 20:00:00-04:00,628.07,633.89,621.11,628.73,974700
2026-06-04 20:00:00-04:00,632.26,640.82,632.09,635.45,975800
2026-06-07 20:00:00-04:00,638.04,638.95,608.98,611.34,1259200
2026-06-08 20:00:00-04:00,624.17,628.90,610.95,616.18,1190600
2026-06-09 20:00:00-04:00,619.07,619.26,601.22,601.65,816100
2026-06-10 20:00:00-04:00,604.31,618.10,603.57,611.48,943100
2026-06-11 20:00:00-04:00,613.11,616.55,605.01,612.14,717700
2026-06-14 20:00:00-04:00,613.35,615.95,608.59,614.98,815900
2026-06-15 20:00:00-04:00,615.18,617.60,608.21,614.73,1007500
2026-06-16 20:00:00-04:00,615.16,620.00,602.13,607.93,1299500
2026-06-17 20:00:00-04:00,612.07,616.24,598.19,609.94,2219275
2026-06-21 20:00:00-04:00,604.46,613.56,594.90,612.50,1604300
2026-06-22 20:00:00-04:00,607.92,621.79,607.92,618.03,1279700
2026-06-23 20:00:00-04:00,621.63,631.18,619.27,623.43,839900
2026-06-24 20:00:00-04:00,623.16,634.31,619.70,620.14,696800
2026-06-25 20:00:00-04:00,623.64,638.76,623.44,632.90,1213600
2026-06-28 20:00:00-04:00,635.99,638.30,626.86,631.81,734400
