Date,Open,High,Low,Close,Volume
2018-07-01 20:00:00-04:00,110.68,111.05,108.74,110.38,1131100
2018-07-02 20:00:00-04:00,110.28,112.20,109.56,111.33,648800
2018-07-04 20:00:00-04:00,111.63,112.29,110.58,112.21,1172100
2018-07-05 20:00:00-04:00,112.40,112.83,112.06,112.53,1134000
2018-07-08 20:00:00-04:00,112.14,112.73,111.32,111.98,1484100
2018-07-09 20:00:00-04:00,112.06,112.94,111.49,112.42,1566800
2018-07-10 20:00:00-04:00,111.87,112.53,111.22,111.32,968100
2018-07-11 20:00:00-04:00,111.33,111.94,110.92,111.66,845400
2018-07-12 20:00:00-04:00,112.08,112.33,111.29,111.68,987400
2018-07-15 20:00:00-04:00,111.44,111.44,109.63,111.01,870200
2018-07-16 20:00:00-04:00,111.38,112.03,110.73,110.90,1052200
2018-07-17 20:00:00-04:00,110.50,111.38,109.84,111.05,1501900
2018-07-18 20:00:00-04:00,110.61,113.44,110.36,113.16,1726300
2018-07-19 20:00:00-04:00,112.59,112.88,110.79,110.91,1383100
2018-07-22 20:00:00-04:00,110.97,111.11,109.95,110.83,1138800
2018-07-23 20:00:00-04:00,110.91,111.37,110.26,110.45,2066200
2018-07-24 20:00:00-04:00,110.69,111.85,110.49,111.32,1630400
2018-07-25 20:00:00-04:00,111.83,112.52,110.90,111.18,1265300
2018-07-26 20:00:00-04:00,111.40,111.73,109.14,109.66,1375400
2018-07-29 20:00:00-04:00,109.67,112.48,108.60,111.79,1721400
2018-07-30 20:00:00-04:00,112.56,115.25,111.82,114.62,2379500
2018-07-31 20:00:00-04:00,114.16,115.85,113.37,115.62,2071300
2018-08-01 20:00:00-04:00,115.36,116.04,114.43,114.66,1711200
2018-08-02 20:00:00-04:00,114.65,116.73,114.48,115.96,1190600
2018-08-05 20:00:00-04:00,115.88,116.44,114.85,115.20,1316000
2018-08-06 20:00:00-04:00,115.23,115.23,113.84,114.80,831500
2018-08-07 20:00:00-04:00,114.81,115.17,114.07,114.67,771700
2018-08-08 20:00:00-04:00,114.56,115.35,113.73,114.94,1188500
2018-08-09 20:00:00-04:00,114.86,114.96,113.09,113.43,1214700
2018-08-12 20:00:00-04:00,113.63,114.11,113.09,113.70,948300
2018-08-13 20:00:00-04:00,113.84,114.43,113.68,114.22,959400
2018-08-14 20:00:00-04:00,113.99,115.36,113.05,115.23,1964000
2018-08-15 20:00:00-04:00,115.62,116.49,115.15,116.31,1378500
2018-08-16 20:00:00-04:00,116.53,117.52,116.22,117.43,1211100
2018-08-19 20:00:00-04:00,117.85,120.15,117.68,119.33,1779700
2018-08-20 20:00:00-04:00,118.89,119.77,118.33,118.56,1175300
2018-08-21 20:00:00-04:00,118.76,118.87,117.18,118.02,898400
2018-08-22 20:00:00-04:00,118.08,119.20,117.87,118.71,917700
2018-08-23 20:00:00-04:00,118.30,119.11,118.16,119.03,1108600
2018-08-26 20:00:00-04:00,119.24,119.39,117.73,118.47,1165600
2018-08-27 20:00:00-04:00,118.63,120.07,117.85,120.03,1502100
2018-08-28 20:00:00-04:00,120.14,120.31,118.98,119.45,1298500
2018-08-29 20:00:00-04:00,119.52,119.95,118.72,119.38,1070400
2018-08-30 20:00:00-04:00,119.95,120.45,119.08,120.42,2267000
2018-09-03 20:00:00-04:00,120.40,120.98,119.23,119.63,1565100
2018-09-04 20:00:00-04:00,119.08,120.77,118.46,120.01,2039200
2018-09-05 20:00:00-04:00,120.70,121.68,120.52,121.40,1710500
2018-09-06 20:00:00-04:00,120.43,120.81,119.27,119.54,1114700
2018-09-09 20:00:00-04:00,120.15,120.77,119.27,119.80,869200
2018-09-10 20:00:00-04:00,120.31,122.08,119.98,121.25,1740800
2018-09-11 20:00:00-04:00,121.31,122.36,120.85,121.68,1562300
2018-09-12 20:00:00-04:00,122.37,122.39,121.60,121.87,1253000
2018-09-13 20:00:00-04:00,121.34,121.34,118.67,120.07,966400
2018-09-16 20:00:00-04:00,120.10,121.12,118.88,120.70,990600
2018-09-17 20:00:00-04:00,120.29,120.64,119.18,119.36,1384500
2018-09-18 20:00:00-04:00,119.67,119.67,117.83,118.30,1290400
2018-09-19 20:00:00-04:00,118.39,119.29,117.25,118.50,1426600
2018-09-20 20:00:00-04:00,118.47,119.77,118.46,118.74,2263100
2018-09-23 20:00:00-04:00,118.68,118.85,115.85,116.23,1211600
2018-09-24 20:00:00-04:00,116.83,117.44,116.35,116.45,1257100
2018-09-25 20:00:00-04:00,116.45,117.14,115.27,115.34,1130800
2018-09-26 20:00:00-04:00,115.76,116.38,115.28,115.45,1042700
2018-09-27 20:00:00-04:00,115.64,116.30,115.06,116.29,1740200
2018-09-30 20:00:00-04:00,116.31,117.33,115.94,116.21,1155600
2018-10-01 20:00:00-04:00,116.16,116.58,115.58,115.83,1111000
2018-10-02 20:00:00-04:00,115.98,116.45,112.76,113.89,1093600
2018-10-03 20:00:00-04:00,113.33,113.86,110.80,111.24,1950400
2018-10-04 20:00:00-04:00,112.17,113.11,111.65,112.69,1759200
2018-10-07 20:00:00-04:00,113.21,115.43,112.97,115.08,1537900
2018-10-08 20:00:00-04:00,115.08,116.23,114.20,115.20,1198300
2018-10-09 20:00:00-04:00,114.48,115.64,113.48,113.57,1697500
2018-10-10 20:00:00-04:00,114.10,114.10,111.73,112.11,3494400
2018-10-11 20:00:00-04:00,112.92,114.85,112.34,112.62,2415500
2018-10-14 20:00:00-04:00,112.18,113.94,112.14,112.52,1407500
2018-10-15 20:00:00-04:00,112.98,114.89,112.31,114.54,1255400
2018-10-16 20:00:00-04:00,114.51,115.27,112.85,113.66,1140700
2018-10-17 20:00:00-04:00,113.66,114.87,112.90,113.89,1160600
2018-10-18 20:00:00-04:00,113.93,115.41,113.93,114.98,1734100
2018-10-21 20:00:00-04:00,115.12,115.83,113.01,113.08,1210500
2018-10-22 20:00:00-04:00,112.89,114.32,112.49,113.62,1801500
2018-10-23 20:00:00-04:00,113.56,115.90,113.49,114.48,2465100
2018-10-24 20:00:00-04:00,116.68,119.43,115.06,118.96,3018800
2018-10-25 20:00:00-04:00,119.13,119.41,117.28,118.27,2013200
2018-10-28 20:00:00-04:00,119.04,120.34,118.27,118.99,1831900
2018-10-29 20:00:00-04:00,120.06,123.83,119.71,123.52,3125100
2018-10-30 20:00:00-04:00,123.50,123.50,120.23,120.74,2197700
2018-10-31 20:00:00-04:00,121.23,122.12,119.39,119.50,1393800
2018-11-01 20:00:00-04:00,119.49,120.07,116.96,118.70,1453500
2018-11-04 19:00:00-05:00,119.21,121.04,119.05,120.50,1011400
2018-11-05 19:00:00-05:00,120.40,120.89,119.09,120.81,1024300
2018-11-06 19:00:00-05:00,121.51,123.28,120.89,123.21,1014000
2018-11-07 19:00:00-05:00,122.50,123.59,121.81,123.22,811000
2018-11-08 19:00:00-05:00,123.22,124.45,122.88,124.14,1262100
2018-11-11 19:00:00-05:00,124.17,125.77,123.29,123.64,916300
2018-11-12 19:00:00-05:00,124.15,124.46,122.89,124.25,1021500
2018-11-13 19:00:00-05:00,124.39,124.83,122.50,123.29,1025500
2018-11-14 19:00:00-05:00,122.40,122.91,119.90,121.31,1731000
2018-11-15 19:00:00-05:00,121.31,123.07,120.43,123.07,1609700
2018-11-18 19:00:00-05:00,123.19,124.29,122.68,124.24,1184800
2018-11-19 19:00:00-05:00,123.53,124.05,121.57,121.81,1223100
2018-11-20 19:00:00-05:00,122.07,123.49,121.43,121.71,1379300
2018-11-22 19:00:00-05:00,121.39,122.07,120.10,121.32,330700
2018-11-25 19:00:00-05:00,121.62,121.90,120.00,120.19,1618800
2018-11-26 19:00:00-05:00,120.47,121.06,119.51,120.85,1721500
2018-11-27 19:00:00-05:00,120.85,122.58,120.38,122.56,1299900
2018-11-28 19:00:00-05:00,122.35,123.40,121.34,122.76,1061600
2018-11-29 19:00:00-05:00,122.96,123.98,122.15,123.49,3131000
2018-12-02 19:00:00-05:00,124.03,124.35,122.41,124.32,1597000
2018-12-03 19:00:00-05:00,124.40,125.44,122.72,123.05,1337100
2018-12-05 19:00:00-05:00,122.60,126.86,121.35,126.75,2413500
2018-12-06 19:00:00-05:00,126.31,126.44,124.60,125.30,1472000
2018-12-09 19:00:00-05:00,125.65,125.65,122.06,123.76,1269900
2018-12-10 19:00:00-05:00,126.52,127.34,124.19,124.66,1608400
2018-12-11 19:00:00-05:00,125.07,125.18,120.90,121.37,1688100
2018-12-12 19:00:00-05:00,121.68,123.76,121.68,122.40,2518100
2018-12-13 19:00:00-05:00,122.11,122.92,120.61,121.47,1681100
2018-12-16 19:00:00-05:00,121.54,121.96,115.97,116.36,1691200
2018-12-17 19:00:00-05:00,117.08,118.17,115.16,116.38,1443500
2018-12-18 19:00:00-05:00,116.33,116.77,113.68,114.35,1833900
2018-12-19 19:00:00-05:00,114.35,114.55,111.55,111.77,2304700
2018-12-20 19:00:00-05:00,111.76,114.47,109.36,109.65,3190500
2018-12-23 19:00:00-05:00,109.65,109.97,106.79,106.84,1176600
2018-12-25 19:00:00-05:00,106.87,110.83,106.25,110.83,1542500
2018-12-26 19:00:00-05:00,110.07,111.30,108.13,111.28,1661600
2018-12-27 19:00:00-05:00,112.30,113.15,110.35,111.79,1408000
2018-12-30 19:00:00-05:00,111.90,112.12,109.71,111.72,1225400
2019-01-01 19:00:00-05:00,110.63,111.25,108.82,109.73,1439900
2019-01-02 19:00:00-05:00,109.29,111.60,109.27,109.64,1559100
2019-01-03 19:00:00-05:00,110.28,112.29,109.18,111.31,1056100
2019-01-06 19:00:00-05:00,111.62,113.49,111.44,112.48,1571100
2019-01-07 19:00:00-05:00,112.92,115.44,112.16,115.17,1616000
2019-01-08 19:00:00-05:00,115.49,115.67,114.25,115.33,1022700
2019-01-09 19:00:00-05:00,113.89,115.66,113.19,115.28,1563400
2019-01-10 19:00:00-05:00,115.17,115.17,113.43,114.62,1470600
2019-01-13 19:00:00-05:00,114.08,114.66,113.18,113.54,1093900
2019-01-14 19:00:00-05:00,113.61,114.97,113.47,113.87,1462900
2019-01-15 19:00:00-05:00,113.86,115.09,113.39,114.97,1359800
2019-01-16 19:00:00-05:00,114.72,115.63,113.95,115.23,1183100
2019-01-17 19:00:00-05:00,116.72,116.72,114.50,115.69,1251700
2019-01-21 19:00:00-05:00,115.65,115.75,114.28,115.22,1192600
2019-01-22 19:00:00-05:00,115.24,115.90,114.65,115.83,1299800
2019-01-23 19:00:00-05:00,115.71,117.06,115.07,116.56,1345400
2019-01-24 19:00:00-05:00,116.92,117.97,116.74,117.78,1228400
2019-01-27 19:00:00-05:00,117.48,118.90,116.74,118.71,1432800
2019-01-28 19:00:00-05:00,118.45,119.38,118.17,119.17,1817200
2019-01-29 19:00:00-05:00,119.19,121.45,118.82,120.53,2389700
2019-01-30 19:00:00-05:00,120.37,121.31,119.43,121.11,2544400
2019-01-31 19:00:00-05:00,122.75,123.17,117.44,119.18,2204400
2019-02-03 19:00:00-05:00,119.04,120.97,118.76,120.95,1531600
2019-02-04 19:00:00-05:00,121.26,122.46,120.45,122.36,1322900
2019-02-05 19:00:00-05:00,122.36,123.01,121.20,122.26,973500
2019-02-06 19:00:00-05:00,121.41,123.71,120.62,123.59,1579900
2019-02-07 19:00:00-05:00,122.95,123.99,121.99,122.43,1363600
2019-02-10 19:00:00-05:00,122.36,123.35,121.96,123.23,1124500
2019-02-11 19:00:00-05:00,123.65,123.72,122.10,122.76,1905100
2019-02-12 19:00:00-05:00,122.53,124.07,122.15,123.74,1281200
2019-02-13 19:00:00-05:00,123.77,124.08,122.51,123.58,1136100
2019-02-14 19:00:00-05:00,123.99,123.99,122.32,123.31,1727800
2019-02-18 19:00:00-05:00,123.38,123.78,122.20,122.55,1555700
2019-02-19 19:00:00-05:00,122.23,122.36,119.90,120.52,1727100
2019-02-20 19:00:00-05:00,120.17,122.51,120.05,122.49,1617700
2019-02-21 19:00:00-05:00,122.80,124.56,122.53,123.49,1259100
2019-02-24 19:00:00-05:00,123.99,124.10,122.74,123.27,1234600
2019-02-25 19:00:00-05:00,123.44,123.70,122.68,123.25,907300
2019-02-26 19:00:00-05:00,122.79,123.00,121.58,121.88,1244200
2019-02-27 19:00:00-05:00,121.83,123.54,121.19,121.83,2336300
2019-02-28 19:00:00-05:00,121.83,122.05,116.95,118.07,2587600
2019-03-03 19:00:00-05:00,119.29,119.29,116.45,117.89,1827500
2019-03-04 19:00:00-05:00,117.99,119.14,117.67,118.63,1259800
2019-03-05 19:00:00-05:00,118.68,119.78,118.42,118.61,1572400
2019-03-06 19:00:00-05:00,118.47,119.45,117.52,117.95,1567700
2019-03-07 19:00:00-05:00,117.68,118.51,116.60,117.16,1440500
2019-03-10 20:00:00-04:00,117.68,118.36,116.41,118.28,1351500
2019-03-11 20:00:00-04:00,118.55,119.87,118.36,119.65,1094700
2019-03-12 20:00:00-04:00,120.40,120.68,119.74,119.80,1111000
2019-03-13 20:00:00-04:00,119.88,121.03,119.32,120.91,1691700
2019-03-14 20:00:00-04:00,120.62,121.07,117.85,118.42,2628600
2019-03-17 20:00:00-04:00,118.52,118.74,116.72,117.23,1345900
2019-03-18 20:00:00-04:00,117.21,117.64,116.27,116.61,1316200
2019-03-19 20:00:00-04:00,116.71,117.85,115.68,116.97,1396300
2019-03-20 20:00:00-04:00,116.76,119.86,115.82,119.82,1445300
2019-03-21 20:00:00-04:00,119.87,121.03,119.38,119.43,1480100
2019-03-24 20:00:00-04:00,119.83,120.22,118.81,119.69,739200
2019-03-25 20:00:00-04:00,120.27,121.98,119.63,121.88,1106400
2019-03-26 20:00:00-04:00,121.34,122.19,120.84,121.79,1448500
2019-03-27 20:00:00-04:00,121.96,123.33,121.48,123.31,1249400
2019-03-28 20:00:00-04:00,123.59,123.68,122.08,122.53,1613400
2019-03-31 20:00:00-04:00,122.85,123.15,121.70,123.02,1578700
2019-04-01 20:00:00-04:00,122.93,123.39,121.02,123.26,1253800
2019-04-02 20:00:00-04:00,123.38,123.88,121.98,123.04,861200
2019-04-03 20:00:00-04:00,123.43,123.68,122.64,123.64,813600
2019-04-04 20:00:00-04:00,123.64,124.69,123.20,124.28,762300
2019-04-07 20:00:00-04:00,124.42,124.81,123.07,123.38,623800
2019-04-08 20:00:00-04:00,123.25,123.25,122.41,122.78,709500
2019-04-09 20:00:00-04:00,123.53,124.39,122.84,124.36,707500
2019-04-10 20:00:00-04:00,124.41,125.35,123.43,123.88,872400
2019-04-11 20:00:00-04:00,123.76,124.77,122.61,124.76,721000
2019-04-14 20:00:00-04:00,125.08,125.24,123.52,124.07,651500
2019-04-15 20:00:00-04:00,123.84,123.95,118.42,119.08,1381500
2019-04-16 20:00:00-04:00,119.47,120.24,117.93,119.33,1916200
2019-04-17 20:00:00-04:00,119.36,120.60,119.21,119.74,1018200
2019-04-21 20:00:00-04:00,119.43,119.43,115.63,116.82,1297000
2019-04-22 20:00:00-04:00,117.40,119.18,116.99,118.77,982400
2019-04-23 20:00:00-04:00,119.05,120.54,118.53,119.80,828700
2019-04-24 20:00:00-04:00,119.29,120.02,118.43,119.60,905500
2019-04-25 20:00:00-04:00,119.99,120.83,119.36,120.11,834100
2019-04-28 20:00:00-04:00,120.32,120.98,118.06,118.19,1183000
2019-04-29 20:00:00-04:00,117.62,117.80,113.31,116.81,2193400
2019-04-30 20:00:00-04:00,116.59,120.33,115.84,119.53,2256300
2019-05-01 20:00:00-04:00,119.72,120.58,119.07,119.57,1644600
2019-05-02 20:00:00-04:00,119.46,121.09,118.75,120.65,1069900
2019-05-05 20:00:00-04:00,120.10,120.44,119.25,119.78,851900
2019-05-06 20:00:00-04:00,119.47,120.18,116.08,117.03,2063200
2019-05-07 20:00:00-04:00,116.89,118.02,116.08,116.23,1013300
2019-05-08 20:00:00-04:00,115.82,117.00,114.89,116.86,1421700
2019-05-09 20:00:00-04:00,116.86,118.22,115.80,117.83,1279700
2019-05-12 20:00:00-04:00,116.78,118.49,116.74,117.68,1068100
2019-05-13 20:00:00-04:00,117.54,118.59,116.88,118.53,1408400
2019-05-14 20:00:00-04:00,118.64,119.66,117.84,119.03,906000
2019-05-15 20:00:00-04:00,119.16,120.21,118.87,119.27,900800
2019-05-16 20:00:00-04:00,118.18,119.55,117.96,118.70,1799400
2019-05-19 20:00:00-04:00,118.58,118.75,115.64,116.04,1255400
2019-05-20 20:00:00-04:00,116.43,118.05,115.90,117.57,1775700
2019-05-21 20:00:00-04:00,117.59,117.86,116.55,116.81,1540300
2019-05-22 20:00:00-04:00,116.23,117.32,115.00,116.67,1649700
2019-05-23 20:00:00-04:00,117.06,117.29,115.83,116.57,1148400
2019-05-27 20:00:00-04:00,116.41,116.89,114.29,114.36,2642600
2019-05-28 20:00:00-04:00,114.77,114.77,111.01,111.55,2067200
2019-05-29 20:00:00-04:00,111.55,112.65,110.92,110.93,1519200
2019-05-30 20:00:00-04:00,110.23,110.81,109.33,110.28,2379700
2019-06-02 20:00:00-04:00,110.31,110.63,108.65,109.99,1609700
2019-06-03 20:00:00-04:00,109.99,110.95,109.22,110.29,1702400
2019-06-04 20:00:00-04:00,111.21,112.33,110.69,112.23,1169400
2019-06-05 20:00:00-04:00,112.18,112.31,110.53,111.33,1386700
2019-06-06 20:00:00-04:00,112.19,112.26,111.12,111.16,872400
2019-06-09 20:00:00-04:00,111.48,111.70,109.28,109.80,2257800
2019-06-10 20:00:00-04:00,110.29,111.07,109.72,110.67,1071100
2019-06-11 20:00:00-04:00,111.10,111.40,110.23,110.59,1069700
2019-06-12 20:00:00-04:00,110.67,111.46,110.14,111.46,995900
2019-06-13 20:00:00-04:00,111.55,111.81,110.61,110.85,1175000
2019-06-16 20:00:00-04:00,111.10,113.61,110.87,113.31,1816500
2019-06-17 20:00:00-04:00,114.11,114.66,112.81,113.03,1389200
2019-06-18 20:00:00-04:00,112.76,113.31,110.92,112.44,1212300
2019-06-19 20:00:00-04:00,112.55,113.07,110.77,112.16,1722700
2019-06-20 20:00:00-04:00,112.13,112.13,110.29,111.64,2620200
2019-06-23 20:00:00-04:00,111.86,112.26,109.96,110.24,1353500
2019-06-24 20:00:00-04:00,110.48,111.67,109.59,109.87,1151000
2019-06-25 20:00:00-04:00,109.88,110.27,107.93,108.36,1716900
2019-06-26 20:00:00-04:00,108.65,109.54,107.95,108.81,1199900
2019-06-27 20:00:00-04:00,109.08,109.74,108.38,108.70,1559200
2019-06-30 20:00:00-04:00,109.32,109.89,107.39,107.93,1568400
2019-07-01 20:00:00-04:00,108.46,110.38,107.91,110.19,1557400
2019-07-02 20:00:00-04:00,110.61,112.37,110.61,112.28,1109700
2019-07-04 20:00:00-04:00,111.43,111.64,109.24,110.87,959900
2019-07-07 20:00:00-04:00,110.90,112.40,110.90,111.77,1498500
2019-07-08 20:00:00-04:00,111.57,112.44,111.21,111.94,2712700
2019-07-09 20:00:00-04:00,112.39,112.59,111.10,111.50,1555200
2019-07-10 20:00:00-04:00,111.44,112.16,110.03,110.59,1011400
2019-07-11 20:00:00-04:00,110.77,110.92,110.22,110.40,844800
2019-07-14 20:00:00-04:00,110.59,111.52,110.27,110.63,1019700
2019-07-15 20:00:00-04:00,110.42,111.02,110.01,110.23,1155400
2019-07-16 20:00:00-04:00,110.68,110.97,108.57,108.95,1109900
2019-07-17 20:00:00-04:00,109.10,109.10,108.09,108.44,2152500
2019-07-18 20:00:00-04:00,108.50,109.01,106.30,106.44,1790700
2019-07-21 20:00:00-04:00,106.44,106.79,105.48,105.55,1602900
2019-07-22 20:00:00-04:00,105.81,107.76,105.80,107.67,2757700
2019-07-23 20:00:00-04:00,108.12,108.59,107.52,108.29,1054700
2019-07-24 20:00:00-04:00,108.12,108.72,106.96,107.72,1149000
2019-07-25 20:00:00-04:00,108.07,108.46,106.68,107.72,1556600
2019-07-28 20:00:00-04:00,108.03,109.49,108.03,108.61,1042800
2019-07-29 20:00:00-04:00,108.50,109.37,108.48,109.00,1385600
2019-07-30 20:00:00-04:00,110.56,111.89,109.24,110.36,2481600
2019-07-31 20:00:00-04:00,109.55,109.82,107.06,107.14,2441000
2019-08-01 20:00:00-04:00,107.08,108.91,106.65,108.35,1113600
2019-08-04 20:00:00-04:00,107.50,108.11,103.98,105.29,2052700
2019-08-05 20:00:00-04:00,105.49,106.10,104.20,104.41,1628300
2019-08-06 20:00:00-04:00,104.10,105.50,102.60,104.45,1792900
2019-08-07 20:00:00-04:00,104.61,105.72,103.70,105.56,1235500
2019-08-08 20:00:00-04:00,105.42,106.01,104.65,105.42,1229100
2019-08-11 20:00:00-04:00,105.16,105.46,103.55,104.12,1413900
2019-08-12 20:00:00-04:00,104.14,105.95,103.98,105.70,1549300
2019-08-13 20:00:00-04:00,104.74,105.10,102.74,103.50,2976000
2019-08-14 20:00:00-04:00,103.50,104.30,101.56,102.03,2882100
2019-08-15 20:00:00-04:00,102.31,104.30,101.56,102.52,1899200
2019-08-18 20:00:00-04:00,102.86,103.91,102.69,103.46,1082600
2019-08-19 20:00:00-04:00,103.49,103.89,101.72,101.77,1295800
2019-08-20 20:00:00-04:00,102.81,103.45,100.90,101.68,1525600
2019-08-21 20:00:00-04:00,101.76,102.84,101.03,102.59,1164100
2019-08-22 20:00:00-04:00,102.27,102.57,100.38,100.74,1747200
2019-08-25 20:00:00-04:00,101.41,101.83,100.77,101.40,1022300
2019-08-26 20:00:00-04:00,102.09,102.24,100.32,100.36,1855300
2019-08-27 20:00:00-04:00,100.45,101.26,100.34,101.10,1220800
2019-08-28 20:00:00-04:00,101.41,102.61,101.08,102.26,1280500
2019-08-29 20:00:00-04:00,102.71,103.22,102.14,102.75,1420500
2019-09-02 20:00:00-04:00,102.38,103.17,102.17,103.15,943600
2019-09-03 20:00:00-04:00,103.63,103.97,103.17,103.59,1048100
2019-09-04 20:00:00-04:00,103.25,103.79,102.32,103.52,1055400
2019-09-05 20:00:00-04:00,103.59,104.59,103.57,104.35,1021900
2019-09-08 20:00:00-04:00,104.59,109.32,104.03,109.15,2675900
2019-09-09 20:00:00-04:00,108.99,112.87,108.82,111.22,2190900
2019-09-10 20:00:00-04:00,109.88,110.70,107.62,108.91,2704700
2019-09-11 20:00:00-04:00,109.17,109.18,106.32,107.12,2739600
2019-09-12 20:00:00-04:00,107.77,108.53,106.05,106.19,1481700
2019-09-15 20:00:00-04:00,105.96,106.58,105.44,106.51,1303600
2019-09-16 20:00:00-04:00,106.71,106.72,105.17,106.36,989800
2019-09-17 20:00:00-04:00,106.93,107.98,106.30,107.50,1254000
2019-09-18 20:00:00-04:00,107.67,107.97,106.64,106.67,982400
2019-09-19 20:00:00-04:00,107.33,108.91,106.94,106.96,2128200
2019-09-22 20:00:00-04:00,105.15,107.86,104.25,106.90,1285900
2019-09-23 20:00:00-04:00,106.77,107.19,105.37,106.24,1110500
2019-09-24 20:00:00-04:00,106.52,107.25,105.99,106.08,979400
2019-09-25 20:00:00-04:00,106.46,107.39,106.08,107.36,945000
2019-09-26 20:00:00-04:00,107.60,109.00,107.48,108.97,1355000
2019-09-29 20:00:00-04:00,108.78,109.17,107.29,107.38,1255600
2019-09-30 20:00:00-04:00,107.56,108.24,104.65,105.11,1666000
2019-10-01 20:00:00-04:00,105.06,105.06,102.49,102.91,2144500
2019-10-02 20:00:00-04:00,102.97,103.35,101.73,101.76,1993300
2019-10-03 20:00:00-04:00,102.13,102.79,101.28,102.10,2070300
2019-10-06 20:00:00-04:00,102.11,102.85,101.99,102.26,1510400
2019-10-07 20:00:00-04:00,101.97,102.00,100.39,100.63,1605700
2019-10-08 20:00:00-04:00,101.21,101.43,100.23,100.71,1209400
2019-10-09 20:00:00-04:00,100.86,101.86,100.56,101.54,1549700
2019-10-10 20:00:00-04:00,101.90,104.24,101.62,102.52,1295800
2019-10-13 20:00:00-04:00,102.34,102.67,100.98,102.55,1103200
2019-10-14 20:00:00-04:00,102.50,102.95,101.89,102.72,1072200
2019-10-15 20:00:00-04:00,102.66,103.34,101.98,102.60,911600
2019-10-16 20:00:00-04:00,102.53,103.05,102.35,102.66,902600
2019-10-17 20:00:00-04:00,102.72,103.72,101.83,103.43,1271100
2019-10-20 20:00:00-04:00,103.70,105.73,103.68,105.67,1417800
2019-10-21 20:00:00-04:00,105.67,106.66,104.70,106.59,1211600
2019-10-22 20:00:00-04:00,106.93,107.83,106.26,106.72,1227100
2019-10-23 20:00:00-04:00,106.72,106.82,104.73,106.55,1176700
2019-10-24 20:00:00-04:00,106.53,107.45,105.86,107.32,1171000
2019-10-27 20:00:00-04:00,107.02,107.37,105.37,106.13,1068200
2019-10-28 20:00:00-04:00,105.98,107.07,105.10,105.46,1313500
2019-10-29 20:00:00-04:00,106.24,106.76,101.18,104.30,1885600
2019-10-30 20:00:00-04:00,104.57,105.16,103.39,103.95,1559000
2019-10-31 20:00:00-04:00,104.68,106.33,104.30,106.31,1217400
2019-11-03 19:00:00-05:00,106.17,109.28,105.81,109.04,1810900
2019-11-04 19:00:00-05:00,109.00,109.26,107.29,107.91,1824200
2019-11-05 19:00:00-05:00,107.95,108.66,106.70,106.99,1942300
2019-11-06 19:00:00-05:00,107.31,108.34,106.89,107.60,1585700
2019-11-07 19:00:00-05:00,106.99,107.53,105.81,106.58,1164600
2019-11-10 19:00:00-05:00,106.33,107.60,105.82,107.22,1449200
2019-11-11 19:00:00-05:00,107.12,108.26,105.81,105.97,1514300
2019-11-12 19:00:00-05:00,105.96,107.24,105.93,106.48,1313100
2019-11-13 19:00:00-05:00,106.32,107.98,106.29,107.41,1120700
2019-11-14 19:00:00-05:00,107.63,108.23,107.02,107.71,1034100
2019-11-17 19:00:00-05:00,107.80,108.02,107.10,107.51,981100
2019-11-18 19:00:00-05:00,107.35,107.35,105.18,105.50,1124400
2019-11-19 19:00:00-05:00,105.13,105.39,102.02,103.67,1801400
2019-11-20 19:00:00-05:00,103.58,103.73,102.27,102.47,1506800
2019-11-21 19:00:00-05:00,102.87,103.66,101.08,103.30,1224800
2019-11-24 19:00:00-05:00,103.42,104.79,102.90,104.38,1513100
2019-11-25 19:00:00-05:00,104.74,105.63,103.92,105.43,2012400
2019-11-26 19:00:00-05:00,105.43,105.85,104.56,105.76,1088700
2019-11-28 19:00:00-05:00,105.48,106.02,104.95,105.76,789500
2019-12-01 19:00:00-05:00,105.87,105.95,103.42,104.11,1820800
2019-12-02 19:00:00-05:00,103.84,104.28,102.16,103.60,1729200
2019-12-03 19:00:00-05:00,102.91,104.87,102.78,104.31,1712800
2019-12-04 19:00:00-05:00,104.27,104.57,103.09,103.86,1379300
2019-12-05 19:00:00-05:00,103.53,104.76,103.51,103.68,1078400
2019-12-08 19:00:00-05:00,103.85,104.99,103.25,104.76,1045300
2019-12-09 19:00:00-05:00,104.84,104.95,103.49,104.24,1896000
2019-12-10 19:00:00-05:00,102.55,103.12,101.25,101.69,3609200
2019-12-11 19:00:00-05:00,101.82,102.60,99.60,100.72,3093100
2019-12-12 19:00:00-05:00,101.46,102.23,100.22,100.96,2403100
2019-12-15 19:00:00-05:00,101.46,101.84,99.94,101.82,2422300
2019-12-16 19:00:00-05:00,102.12,102.12,100.68,101.18,2263400
2019-12-17 19:00:00-05:00,100.54,101.76,100.54,100.96,2007700
2019-12-18 19:00:00-05:00,100.87,101.72,100.54,101.66,1765100
2019-12-19 19:00:00-05:00,102.30,102.73,101.15,101.76,2836500
2019-12-22 19:00:00-05:00,101.85,102.29,100.92,101.39,1429600
2019-12-23 19:00:00-05:00,101.55,102.27,101.27,101.95,518600
2019-12-25 19:00:00-05:00,102.13,103.03,102.11,102.55,1043700
2019-12-26 19:00:00-05:00,102.83,103.50,102.69,103.23,1087200
2019-12-29 19:00:00-05:00,103.23,104.08,102.74,103.23,1070800
2019-12-30 19:00:00-05:00,103.03,104.19,102.82,104.18,1473900
2020-01-01 19:00:00-05:00,104.50,104.74,101.31,101.48,1849300
2020-01-02 19:00:00-05:00,100.92,102.10,100.71,101.66,1308200
2020-01-05 19:00:00-05:00,101.48,102.72,101.06,102.19,1026700
2020-01-06 19:00:00-05:00,101.16,101.76,100.37,101.03,1621600
2020-01-07 19:00:00-05:00,101.35,102.16,100.74,101.69,1397600
2020-01-08 19:00:00-05:00,101.32,101.46,100.27,100.88,2236400
2020-01-09 19:00:00-05:00,100.89,101.38,100.48,101.27,1912800
2020-01-12 19:00:00-05:00,101.11,102.57,100.85,101.62,2061300
2020-01-13 19:00:00-05:00,101.77,102.98,101.52,102.90,1584800
2020-01-14 19:00:00-05:00,102.85,103.34,102.25,102.88,1357000
2020-01-15 19:00:00-05:00,103.06,104.25,102.83,103.89,1103900
2020-01-16 19:00:00-05:00,103.97,104.55,103.23,103.35,1436900
2020-01-20 19:00:00-05:00,103.32,104.83,103.11,104.29,1628800
2020-01-21 19:00:00-05:00,104.42,104.67,102.07,102.12,1582600
2020-01-22 19:00:00-05:00,102.04,103.03,101.01,102.99,1561300
2020-01-23 19:00:00-05:00,102.96,103.37,101.16,101.29,1893300
2020-01-26 19:00:00-05:00,100.54,100.65,99.06,99.06,2061600
2020-01-27 19:00:00-05:00,99.20,99.57,97.88,97.91,1422400
2020-01-28 19:00:00-05:00,98.11,98.87,97.78,97.94,1667500
2020-01-29 19:00:00-05:00,97.24,97.87,95.19,95.43,2639600
2020-01-30 19:00:00-05:00,95.12,95.27,92.92,93.13,2920300
2020-02-02 19:00:00-05:00,93.29,94.98,92.69,92.88,2812300
2020-02-03 19:00:00-05:00,92.03,97.39,90.93,96.02,5060800
2020-02-04 19:00:00-05:00,96.01,98.36,95.99,98.25,2811900
2020-02-05 19:00:00-05:00,99.16,99.76,97.93,98.52,2151300
2020-02-06 19:00:00-05:00,98.14,98.64,97.42,98.63,1983500
2020-02-09 19:00:00-05:00,99.39,100.08,97.80,100.06,2893300
2020-02-10 19:00:00-05:00,100.36,100.92,97.83,99.37,3060400
2020-02-11 19:00:00-05:00,99.31,99.65,96.50,97.34,4957300
2020-02-12 19:00:00-05:00,97.24,99.45,96.94,98.47,2557100
2020-02-13 19:00:00-05:00,98.61,98.90,97.90,98.65,1501100
2020-02-17 19:00:00-05:00,98.68,99.12,97.89,98.83,1594300
2020-02-18 19:00:00-05:00,98.61,98.61,96.16,97.29,2267800
2020-02-19 19:00:00-05:00,97.30,99.80,97.04,99.79,2202300
2020-02-20 19:00:00-05:00,99.31,101.38,99.31,101.01,3180200
2020-02-23 19:00:00-05:00,99.69,100.16,98.97,99.97,3097400
2020-02-24 19:00:00-05:00,99.97,100.16,95.73,96.07,4040700
2020-02-25 19:00:00-05:00,96.82,97.55,93.88,93.90,2228300
2020-02-26 19:00:00-05:00,92.34,94.12,88.78,89.33,3834700
2020-02-27 19:00:00-05:00,87.93,89.40,85.15,87.40,5723275
2020-03-01 19:00:00-05:00,87.66,90.42,85.46,90.34,3437900
2020-03-02 19:00:00-05:00,90.24,92.53,86.02,86.97,4913100
2020-03-03 19:00:00-05:00,87.57,88.37,85.28,87.69,3673600
2020-03-04 19:00:00-05:00,86.21,86.23,83.51,85.14,3553600
2020-03-05 19:00:00-05:00,83.06,84.99,81.70,84.55,3613100
2020-03-08 20:00:00-04:00,79.89,79.91,73.14,73.17,5723275
2020-03-09 20:00:00-04:00,75.98,79.88,72.99,79.14,5723275
2020-03-10 20:00:00-04:00,77.18,77.79,71.01,72.08,5723275
2020-03-11 20:00:00-04:00,65.70,67.99,58.77,59.29,5723275
2020-03-12 20:00:00-04:00,63.09,64.81,57.95,63.75,5723275
2020-03-15 20:00:00-04:00,56.01,56.02,46.39,46.72,5723275
2020-03-16 20:00:00-04:00,47.26,47.91,38.32,41.80,5723275
2020-03-17 20:00:00-04:00,38.70,39.44,30.90,31.90,5723275
2020-03-18 20:00:00-04:00,32.89,42.25,32.31,39.58,5723275
2020-03-19 20:00:00-04:00,41.88,45.03,32.78,34.19,5723275
2020-03-22 20:00:00-04:00,34.44,37.01,32.70,35.62,5723275
2020-03-23 20:00:00-04:00,38.67,40.60,37.32,38.86,5723275
2020-03-24 20:00:00-04:00,39.57,49.38,38.86,44.27,5723275
2020-03-25 20:00:00-04:00,44.52,46.51,41.47,44.10,5723275
2020-03-26 20:00:00-04:00,42.91,42.93,39.55,41.31,4837800
2020-03-29 20:00:00-04:00,40.88,41.19,38.92,39.96,4848900
2020-03-30 20:00:00-04:00,40.20,40.70,37.49,38.96,5723275
2020-03-31 20:00:00-04:00,36.04,36.45,32.67,33.40,5723275
2020-04-01 20:00:00-04:00,32.75,34.43,30.00,31.25,5723275
2020-04-02 20:00:00-04:00,31.39,33.46,31.38,33.18,5723275
2020-04-05 20:00:00-04:00,35.93,39.37,35.48,38.39,5723275
2020-04-06 20:00:00-04:00,41.90,45.69,41.90,43.23,5723275
2020-04-07 20:00:00-04:00,44.03,46.41,42.82,44.67,5723275
2020-04-08 20:00:00-04:00,46.87,52.67,46.80,48.41,5723275
2020-04-12 20:00:00-04:00,48.71,48.94,44.16,46.37,4123200
2020-04-13 20:00:00-04:00,46.95,49.28,46.64,48.11,5105100
2020-04-14 20:00:00-04:00,45.31,45.66,42.47,43.47,5168400
2020-04-15 20:00:00-04:00,44.03,44.27,37.00,37.71,5723275
2020-04-16 20:00:00-04:00,41.44,43.59,39.42,39.85,5723275
2020-04-19 20:00:00-04:00,38.37,40.48,37.10,38.23,5723275
2020-04-20 20:00:00-04:00,37.09,39.04,36.78,38.03,5723275
2020-04-21 20:00:00-04:00,38.98,39.16,36.57,37.25,5723275
2020-04-22 20:00:00-04:00,37.37,39.10,36.51,37.74,5723275
2020-04-23 20:00:00-04:00,37.91,38.09,34.53,36.56,5723275
2020-04-26 20:00:00-04:00,37.10,41.24,36.57,40.61,5723275
2020-04-27 20:00:00-04:00,43.16,46.63,41.71,44.97,5723275
2020-04-28 20:00:00-04:00,47.13,51.54,47.09,48.86,5723275
2020-04-29 20:00:00-04:00,47.17,48.74,44.92,47.41,5723275
2020-04-30 20:00:00-04:00,45.09,45.91,43.03,44.88,5723275
2020-05-03 20:00:00-04:00,42.89,45.10,42.18,44.74,3763600
2020-05-04 20:00:00-04:00,46.12,47.07,42.67,43.00,5189500
2020-05-05 20:00:00-04:00,43.10,43.93,39.23,39.58,5723275
2020-05-06 20:00:00-04:00,39.70,41.74,39.25,40.48,5723275
2020-05-07 20:00:00-04:00,41.64,42.96,41.05,41.20,5723275
2020-05-10 20:00:00-04:00,40.90,40.95,38.99,39.11,5723275
2020-05-11 20:00:00-04:00,42.85,42.99,38.70,38.73,5723275
2020-05-12 20:00:00-04:00,37.78,38.70,34.95,36.34,5723275
2020-05-13 20:00:00-04:00,35.51,37.98,33.55,36.61,5723275
2020-05-14 20:00:00-04:00,35.83,37.03,35.07,36.44,5723275
2020-05-17 20:00:00-04:00,38.95,40.98,38.90,40.41,5723275
2020-05-18 20:00:00-04:00,40.66,41.84,38.46,40.38,5723275
2020-05-19 20:00:00-04:00,41.61,42.15,39.03,39.53,5723275
2020-05-20 20:00:00-04:00,39.45,40.70,38.77,39.77,5723275
2020-05-21 20:00:00-04:00,39.93,40.05,38.26,38.77,5301500
2020-05-25 20:00:00-04:00,41.19,42.27,40.41,42.07,5723275
2020-05-26 20:00:00-04:00,44.42,44.95,42.20,44.87,5723275
2020-05-27 20:00:00-04:00,45.20,45.30,41.80,42.43,5723275
2020-05-28 20:00:00-04:00,40.96,42.17,40.02,40.97,5723275
2020-05-31 20:00:00-04:00,40.70,43.89,40.38,43.74,5723275
2020-06-01 20:00:00-04:00,44.73,45.80,44.34,45.06,5723275
2020-06-02 20:00:00-04:00,46.65,53.11,46.51,51.75,5723275
2020-06-03 20:00:00-04:00,53.34,55.28,49.45,54.49,5723275
2020-06-04 20:00:00-04:00,59.22,66.01,59.20,62.92,5723275
2020-06-07 20:00:00-04:00,67.38,67.86,63.29,67.82,5723275
2020-06-08 20:00:00-04:00,62.49,64.14,59.47,61.40,5723275
2020-06-09 20:00:00-04:00,62.18,62.18,55.39,58.95,5723275
2020-06-10 20:00:00-04:00,50.91,55.85,49.99,51.07,5723275
2020-06-11 20:00:00-04:00,55.21,55.53,51.71,53.95,5723275
2020-06-14 20:00:00-04:00,51.04,53.87,50.29,52.83,5723275
2020-06-15 20:00:00-04:00,57.48,57.73,52.97,53.63,5723275
2020-06-16 20:00:00-04:00,53.48,53.51,50.78,50.89,5723275
2020-06-17 20:00:00-04:00,49.72,51.45,48.70,50.39,5723275
2020-06-18 20:00:00-04:00,51.48,51.49,47.58,47.66,5723275
2020-06-21 20:00:00-04:00,47.12,48.88,46.22,48.68,5723275
2020-06-22 20:00:00-04:00,49.28,51.21,49.27,49.80,5723275
2020-06-23 20:00:00-04:00,48.24,48.41,44.50,46.24,5723275
2020-06-24 20:00:00-04:00,44.94,47.32,44.76,46.12,5723275
2020-06-25 20:00:00-04:00,45.33,45.94,43.64,43.96,5723275
2020-06-28 20:00:00-04:00,44.48,48.42,43.52,48.38,5723275
2020-06-29 20:00:00-04:00,50.67,50.77,47.98,48.56,5723275
2020-06-30 20:00:00-04:00,49.57,51.79,49.17,49.57,5723275
2020-07-01 20:00:00-04:00,50.99,51.81,48.77,48.86,5723275
2020-07-05 20:00:00-04:00,49.51,50.13,47.59,48.95,5723275
2020-07-06 20:00:00-04:00,47.93,48.05,46.56,46.82,5294900
2020-07-07 20:00:00-04:00,46.87,47.44,45.72,46.66,5723275
2020-07-08 20:00:00-04:00,46.55,46.65,43.37,44.21,5723275
2020-07-09 20:00:00-04:00,43.83,46.54,43.69,46.35,5723275
2020-07-12 20:00:00-04:00,46.93,47.19,45.06,46.14,5124300
2020-07-13 20:00:00-04:00,45.70,46.34,44.46,44.87,5240500
2020-07-14 20:00:00-04:00,46.76,48.34,46.24,48.24,5723275
2020-07-15 20:00:00-04:00,47.09,47.53,45.35,45.57,5227200
2020-07-16 20:00:00-04:00,45.49,46.05,44.97,45.21,4932300
2020-07-19 20:00:00-04:00,45.02,45.20,43.55,43.77,5644400
2020-07-20 20:00:00-04:00,44.18,45.19,43.75,44.16,5207900
2020-07-21 20:00:00-04:00,44.24,45.02,43.55,44.94,4059700
2020-07-22 20:00:00-04:00,44.21,45.42,43.91,44.77,3274200
2020-07-23 20:00:00-04:00,44.63,45.12,43.68,43.88,3115400
2020-07-26 20:00:00-04:00,43.81,44.90,42.76,44.89,4299800
2020-07-27 20:00:00-04:00,44.60,47.14,44.45,46.47,5328400
2020-07-28 20:00:00-04:00,46.79,47.55,45.39,47.52,3809600
2020-07-29 20:00:00-04:00,46.00,46.80,45.37,46.09,3311300
2020-07-30 20:00:00-04:00,45.87,46.29,44.55,45.17,5134400
2020-08-02 20:00:00-04:00,44.34,44.76,43.40,44.21,4149800
2020-08-03 20:00:00-04:00,44.36,46.10,44.24,45.63,4097700
2020-08-04 20:00:00-04:00,46.27,46.79,45.11,45.28,3380800
2020-08-05 20:00:00-04:00,45.43,45.43,44.33,44.34,4865100
2020-08-06 20:00:00-04:00,44.32,45.31,43.84,45.05,5723275
2020-08-09 20:00:00-04:00,47.25,50.10,46.23,47.43,5723275
2020-08-10 20:00:00-04:00,49.38,51.43,48.42,48.65,5723275
2020-08-11 20:00:00-04:00,49.12,49.94,47.54,49.14,5723275
2020-08-12 20:00:00-04:00,48.66,49.44,47.62,47.83,5499400
2020-08-13 20:00:00-04:00,47.36,49.59,47.21,49.39,5334300
2020-08-16 20:00:00-04:00,49.52,49.55,47.94,49.39,4441600
2020-08-17 20:00:00-04:00,48.81,48.90,46.28,47.18,5723275
2020-08-18 20:00:00-04:00,47.18,47.55,46.18,46.28,4962300
2020-08-19 20:00:00-04:00,45.88,47.42,45.57,47.00,4220400
2020-08-20 20:00:00-04:00,46.94,47.48,46.29,46.74,3014100
2020-08-23 20:00:00-04:00,47.13,49.64,46.26,49.63,5515800
2020-08-24 20:00:00-04:00,50.25,50.81,48.19,49.73,5053500
2020-08-25 20:00:00-04:00,49.61,49.70,47.63,48.04,4363500
2020-08-26 20:00:00-04:00,48.26,50.06,48.26,48.95,4207400
2020-08-27 20:00:00-04:00,49.34,50.64,48.50,50.60,3676900
2020-08-30 20:00:00-04:00,50.57,50.59,48.86,49.15,4089900
2020-08-31 20:00:00-04:00,48.28,49.18,47.74,48.68,3485200
2020-09-01 20:00:00-04:00,48.28,49.28,47.78,49.15,3595200
2020-09-02 20:00:00-04:00,49.63,51.42,48.44,49.26,5310100
2020-09-03 20:00:00-04:00,50.35,52.51,49.87,50.89,5723275
2020-09-07 20:00:00-04:00,50.32,51.26,49.84,50.75,3899300
2020-09-08 20:00:00-04:00,50.67,50.83,49.23,49.89,4332700
2020-09-09 20:00:00-04:00,49.69,50.59,47.81,47.95,4586200
2020-09-10 20:00:00-04:00,48.13,48.15,45.92,46.47,5096600
2020-09-13 20:00:00-04:00,47.09,49.21,46.75,49.12,3529100
2020-09-14 20:00:00-04:00,49.28,52.04,49.04,51.49,5723275
2020-09-15 20:00:00-04:00,51.46,54.48,50.74,53.70,5723275
2020-09-16 20:00:00-04:00,51.78,53.78,51.35,52.07,4973200
2020-09-17 20:00:00-04:00,51.75,52.09,50.41,50.59,5723275
2020-09-20 20:00:00-04:00,48.59,48.70,46.62,47.00,5723275
2020-09-21 20:00:00-04:00,47.10,48.59,46.91,47.17,5723275
2020-09-22 20:00:00-04:00,47.51,48.39,45.44,45.56,4440600
2020-09-23 20:00:00-04:00,44.95,46.48,43.18,45.52,5337500
2020-09-24 20:00:00-04:00,44.92,46.31,44.92,46.06,2601500
2020-09-27 20:00:00-04:00,47.67,48.21,46.94,47.66,3771800
2020-09-28 20:00:00-04:00,47.33,47.34,45.57,46.36,3816800
2020-09-29 20:00:00-04:00,46.47,47.90,46.15,46.86,4188200
2020-09-30 20:00:00-04:00,46.97,48.22,46.55,48.20,3426200
2020-10-01 20:00:00-04:00,46.46,49.63,46.40,49.41,5346800
2020-10-04 20:00:00-04:00,49.78,50.23,48.84,49.81,3688200
2020-10-05 20:00:00-04:00,50.53,52.62,49.99,50.70,5723275
2020-10-06 20:00:00-04:00,50.94,52.28,50.57,51.46,4167200
2020-10-07 20:00:00-04:00,52.27,52.56,51.21,51.71,3721700
2020-10-08 20:00:00-04:00,51.76,51.92,49.82,49.97,3825400
2020-10-11 20:00:00-04:00,49.92,50.26,49.22,50.20,3040800
2020-10-12 20:00:00-04:00,49.42,49.69,48.31,48.57,3705400
2020-10-13 20:00:00-04:00,48.62,49.10,48.16,48.50,2766800
2020-10-14 20:00:00-04:00,47.75,49.09,47.66,48.06,2900600
2020-10-15 20:00:00-04:00,48.36,48.48,47.34,47.83,3939100
2020-10-18 20:00:00-04:00,47.97,48.23,47.11,47.16,3587400
2020-10-19 20:00:00-04:00,47.89,48.76,47.55,47.57,2902200
2020-10-20 20:00:00-04:00,47.32,47.97,46.74,47.38,3137900
2020-10-21 20:00:00-04:00,47.24,49.10,47.16,48.96,2901400
2020-10-22 20:00:00-04:00,49.26,50.03,48.65,49.35,3194500
2020-10-25 20:00:00-04:00,48.71,48.78,47.13,47.73,3852700
2020-10-26 20:00:00-04:00,47.31,47.66,45.72,45.74,3795000
2020-10-27 20:00:00-04:00,44.48,45.48,43.80,44.84,5723275
2020-10-28 20:00:00-04:00,44.79,47.31,44.40,46.79,5723275
2020-10-29 20:00:00-04:00,46.48,46.95,44.89,46.35,3704500
2020-11-01 19:00:00-05:00,46.46,47.88,46.19,47.75,3666000
2020-11-02 19:00:00-05:00,48.41,48.71,47.52,47.96,3552600
2020-11-03 19:00:00-05:00,47.89,47.90,45.84,45.96,4431700
2020-11-04 19:00:00-05:00,46.44,47.30,46.09,46.84,3283400
2020-11-05 19:00:00-05:00,46.86,47.84,45.49,45.65,4872900
2020-11-08 19:00:00-05:00,55.25,60.88,53.94,58.37,5723275
2020-11-09 19:00:00-05:00,56.60,62.35,55.58,58.18,5723275
2020-11-10 19:00:00-05:00,57.55,57.93,53.52,54.17,5723275
2020-11-11 19:00:00-05:00,52.88,53.60,50.19,51.02,5723275
2020-11-12 19:00:00-05:00,52.86,55.46,52.25,55.13,5723275
2020-11-15 19:00:00-05:00,59.00,60.82,58.19,58.27,5723275
2020-11-16 19:00:00-05:00,57.52,60.02,56.81,58.27,5723275
2020-11-17 19:00:00-05:00,57.46,59.80,56.53,56.54,5723275
2020-11-18 19:00:00-05:00,56.08,60.02,55.71,59.50,5723275
2020-11-19 19:00:00-05:00,59.39,60.36,58.49,59.86,5723275
2020-11-22 19:00:00-05:00,62.54,63.69,60.73,63.03,5723275
2020-11-23 19:00:00-05:00,65.49,67.43,65.25,65.52,5723275
2020-11-24 19:00:00-05:00,65.24,65.59,63.69,64.34,5723275
2020-11-26 19:00:00-05:00,64.91,65.38,63.12,63.13,2305900
2020-11-29 19:00:00-05:00,62.96,64.13,60.81,60.93,5723275
2020-11-30 19:00:00-05:00,62.47,63.68,61.91,62.72,4869700
2020-12-01 19:00:00-05:00,61.79,64.93,60.96,64.39,4333200
2020-12-02 19:00:00-05:00,64.86,67.67,64.42,66.14,5490000
2020-12-03 19:00:00-05:00,68.07,69.63,66.94,69.30,5268500
2020-12-06 19:00:00-05:00,69.15,69.22,65.68,65.95,5723275
2020-12-07 19:00:00-05:00,66.22,67.86,65.31,66.50,4603100
2020-12-08 19:00:00-05:00,66.87,68.01,65.82,67.04,4596400
2020-12-09 19:00:00-05:00,65.77,67.12,65.74,66.74,3046000
2020-12-10 19:00:00-05:00,65.83,66.36,63.68,64.87,4907600
2020-12-13 19:00:00-05:00,66.42,66.55,64.03,64.44,4841400
2020-12-14 19:00:00-05:00,65.27,66.24,64.36,66.22,5295100
2020-12-15 19:00:00-05:00,65.19,66.64,65.04,65.15,3371600
2020-12-16 19:00:00-05:00,65.82,65.85,64.56,65.70,3002000
2020-12-17 19:00:00-05:00,65.49,65.73,62.67,63.04,5723275
2020-12-20 19:00:00-05:00,61.95,62.36,60.70,61.73,4629100
2020-12-21 19:00:00-05:00,63.10,63.14,60.53,61.78,4139900
2020-12-22 19:00:00-05:00,62.47,63.90,62.37,62.70,2768600
2020-12-23 19:00:00-05:00,62.97,63.41,62.25,63.24,810700
2020-12-27 19:00:00-05:00,63.36,64.58,63.35,64.08,3105000
2020-12-28 19:00:00-05:00,64.31,64.89,62.17,62.43,2281200
2020-12-29 19:00:00-05:00,62.37,64.13,62.37,62.94,2791400
2020-12-30 19:00:00-05:00,62.61,63.98,61.74,63.93,2488300
2021-01-03 19:00:00-05:00,64.21,64.65,61.51,62.07,4299400
2021-01-04 19:00:00-05:00,62.33,63.21,62.16,62.34,4647900
2021-01-05 19:00:00-05:00,62.97,64.83,62.78,63.77,5723275
2021-01-06 19:00:00-05:00,64.35,65.39,63.35,63.81,4227800
2021-01-07 19:00:00-05:00,63.97,64.84,62.74,64.83,3692500
2021-01-10 19:00:00-05:00,64.12,64.17,62.10,62.32,3988200
2021-01-11 19:00:00-05:00,62.85,64.46,62.37,64.04,4103400
2021-01-12 19:00:00-05:00,64.02,66.92,64.02,66.62,4295600
2021-01-13 19:00:00-05:00,67.03,71.77,66.95,71.17,5723275
2021-01-14 19:00:00-05:00,70.46,70.64,69.21,69.71,4006500
2021-01-18 19:00:00-05:00,69.79,70.30,68.02,69.47,3094500
2021-01-19 19:00:00-05:00,69.21,71.97,68.98,71.43,3904100
2021-01-20 19:00:00-05:00,71.20,71.78,70.24,70.84,3059400
2021-01-21 19:00:00-05:00,69.71,71.96,69.00,71.58,3692700
2021-01-24 19:00:00-05:00,70.96,75.09,70.46,73.07,5322700
2021-01-25 19:00:00-05:00,73.84,74.71,72.44,74.25,3720100
2021-01-26 19:00:00-05:00,73.63,77.58,72.03,72.44,5723275
2021-01-27 19:00:00-05:00,72.89,74.23,72.48,73.09,3124700
2021-01-28 19:00:00-05:00,72.85,73.33,69.05,69.66,4517400
2021-01-31 19:00:00-05:00,70.04,70.16,67.88,69.67,3774100
2021-02-01 19:00:00-05:00,70.54,70.54,68.48,69.31,2987200
2021-02-02 19:00:00-05:00,69.23,70.27,68.23,70.00,2986900
2021-02-03 19:00:00-05:00,70.00,72.14,70.00,71.33,2794000
2021-02-04 19:00:00-05:00,72.27,73.39,71.90,72.52,2547700
2021-02-07 19:00:00-05:00,73.16,74.56,72.46,74.17,4464400
2021-02-08 19:00:00-05:00,76.83,78.72,75.97,76.87,5723275
2021-02-09 19:00:00-05:00,78.25,81.44,77.28,79.62,4318300
2021-02-10 19:00:00-05:00,81.07,83.52,80.39,81.91,4696700
2021-02-11 19:00:00-05:00,81.35,82.94,80.74,81.90,2264400
2021-02-15 19:00:00-05:00,81.66,83.52,81.43,82.44,3719700
2021-02-16 19:00:00-05:00,82.08,82.82,80.28,81.13,2752700
2021-02-17 19:00:00-05:00,80.50,81.44,79.25,79.85,3314300
2021-02-18 19:00:00-05:00,80.52,82.40,79.98,82.03,3073300
2021-02-21 19:00:00-05:00,81.65,86.45,81.65,84.53,4256300
2021-02-22 19:00:00-05:00,86.49,86.91,82.50,86.29,4174400
2021-02-23 19:00:00-05:00,86.23,90.80,85.83,89.20,4698100
2021-02-24 19:00:00-05:00,89.84,90.93,85.19,86.07,4935000
2021-02-25 19:00:00-05:00,85.36,87.30,83.40,84.64,3964400
2021-02-28 19:00:00-05:00,87.10,88.34,85.33,85.39,3604600
2021-03-01 19:00:00-05:00,85.33,85.54,83.46,83.72,3371900
2021-03-02 19:00:00-05:00,84.03,86.75,83.99,85.45,4274600
2021-03-03 19:00:00-05:00,85.48,86.32,80.02,82.54,5024200
2021-03-04 19:00:00-05:00,83.63,84.17,78.05,83.33,4576600
2021-03-07 19:00:00-05:00,84.25,86.18,83.33,83.73,3387300
2021-03-08 19:00:00-05:00,84.10,84.52,81.49,83.21,2863400
2021-03-09 19:00:00-05:00,83.16,86.15,82.97,85.69,2989700
2021-03-10 19:00:00-05:00,85.80,87.72,84.91,86.83,5177900
2021-03-11 19:00:00-05:00,86.77,88.48,86.65,88.34,2619900
2021-03-14 20:00:00-04:00,88.57,91.39,87.59,90.71,3816100
2021-03-15 20:00:00-04:00,90.70,90.78,87.52,87.85,3633300
2021-03-16 20:00:00-04:00,87.57,88.95,87.30,88.63,2232400
2021-03-17 20:00:00-04:00,88.18,90.57,86.68,87.57,5723275
2021-03-18 20:00:00-04:00,87.86,88.80,85.54,87.47,4471200
2021-03-21 20:00:00-04:00,87.34,87.61,85.33,86.39,2725900
2021-03-22 20:00:00-04:00,85.95,86.17,82.10,82.76,3682200
2021-03-23 20:00:00-04:00,83.30,85.66,82.00,82.01,3428000
2021-03-24 20:00:00-04:00,80.81,85.57,79.97,85.18,3852100
2021-03-25 20:00:00-04:00,85.98,87.45,84.11,85.96,2674100
2021-03-28 20:00:00-04:00,85.76,86.38,83.18,85.31,3331400
2021-03-29 20:00:00-04:00,85.44,87.29,85.23,86.50,2087800
2021-03-30 20:00:00-04:00,85.91,86.69,85.06,85.28,2507100
2021-03-31 20:00:00-04:00,86.20,86.47,84.43,86.35,2858600
2021-04-04 20:00:00-04:00,86.95,86.95,84.91,86.24,2911900
2021-04-05 20:00:00-04:00,86.00,87.60,85.84,87.32,2500000
2021-04-06 20:00:00-04:00,87.74,88.24,86.29,87.71,2541100
2021-04-07 20:00:00-04:00,87.22,87.66,86.12,86.66,2364300
2021-04-08 20:00:00-04:00,86.94,88.09,86.44,87.86,1669900
2021-04-11 20:00:00-04:00,88.24,88.59,85.99,86.98,2994200
2021-04-12 20:00:00-04:00,86.19,86.49,84.37,85.94,3681700
2021-04-13 20:00:00-04:00,86.19,87.74,86.08,86.23,2657400
2021-04-14 20:00:00-04:00,87.17,87.60,86.13,86.85,2314100
2021-04-15 20:00:00-04:00,88.32,89.83,87.88,88.78,3249500
2021-04-18 20:00:00-04:00,88.39,88.61,87.13,88.35,1753600
2021-04-19 20:00:00-04:00,87.56,88.25,85.75,86.61,2180100
2021-04-20 20:00:00-04:00,86.39,89.37,85.36,89.17,2467900
2021-04-21 20:00:00-04:00,89.28,90.25,87.60,87.67,2591400
2021-04-22 20:00:00-04:00,88.17,88.78,87.48,88.63,2348000
2021-04-25 20:00:00-04:00,90.13,92.25,89.77,91.09,3268400
2021-04-26 20:00:00-04:00,91.69,93.46,90.55,92.75,3301100
2021-04-27 20:00:00-04:00,92.99,95.07,92.97,93.31,2297900
2021-04-28 20:00:00-04:00,94.20,95.17,92.30,93.49,2281400
2021-04-29 20:00:00-04:00,93.18,93.31,91.67,92.28,2751900
2021-05-02 20:00:00-04:00,93.00,93.87,92.21,93.39,2627800
2021-05-03 20:00:00-04:00,93.27,93.96,91.27,91.99,2730600
2021-05-04 20:00:00-04:00,91.69,92.97,91.22,91.66,2454000
2021-05-05 20:00:00-04:00,91.83,93.22,91.17,93.18,2044200
2021-05-06 20:00:00-04:00,92.73,94.75,92.33,94.71,2686000
2021-05-09 20:00:00-04:00,95.50,97.22,95.24,96.08,5105100
2021-05-10 20:00:00-04:00,92.30,93.97,90.64,92.96,5664400
2021-05-11 20:00:00-04:00,92.96,93.51,88.85,89.16,3294000
2021-05-12 20:00:00-04:00,89.16,91.96,88.33,89.44,3583900
2021-05-13 20:00:00-04:00,90.01,93.20,90.01,92.61,2477500
2021-05-16 20:00:00-04:00,92.48,93.37,91.88,92.66,1609700
2021-05-17 20:00:00-04:00,92.49,93.88,91.51,92.91,2552300
2021-05-18 20:00:00-04:00,91.08,92.72,89.76,92.68,2048800
2021-05-19 20:00:00-04:00,92.50,93.30,91.53,92.91,1669800
2021-05-20 20:00:00-04:00,93.12,94.23,92.44,92.77,1854500
2021-05-23 20:00:00-04:00,93.39,94.74,92.71,94.48,1975800
2021-05-24 20:00:00-04:00,94.75,96.03,94.13,94.30,1671900
2021-05-25 20:00:00-04:00,94.49,96.28,93.84,96.04,1765800
2021-05-26 20:00:00-04:00,96.65,97.57,96.34,97.25,3172100
2021-05-27 20:00:00-04:00,97.66,97.94,96.77,97.40,1929200
2021-05-31 20:00:00-04:00,98.32,101.73,98.32,101.72,3726900
2021-06-01 20:00:00-04:00,101.86,102.72,100.32,102.48,2685700
2021-06-02 20:00:00-04:00,101.86,102.14,100.08,101.62,2060900
2021-06-03 20:00:00-04:00,102.07,102.28,99.77,100.26,1952200
2021-06-06 20:00:00-04:00,100.16,101.76,99.88,101.57,1796900
2021-06-07 20:00:00-04:00,102.04,103.62,101.50,102.87,2590900
2021-06-08 20:00:00-04:00,103.40,103.57,102.57,102.78,2075600
2021-06-09 20:00:00-04:00,102.91,103.52,100.59,101.98,2225700
2021-06-10 20:00:00-04:00,102.11,102.21,101.06,101.75,1976100
2021-06-13 20:00:00-04:00,101.72,102.48,100.13,101.03,1474600
2021-06-14 20:00:00-04:00,100.55,101.28,98.77,99.52,2453700
2021-06-15 20:00:00-04:00,99.29,100.45,98.57,99.10,1820700
2021-06-16 20:00:00-04:00,98.82,99.27,95.55,97.53,2784300
2021-06-17 20:00:00-04:00,96.31,97.19,94.96,95.00,4232300
2021-06-20 20:00:00-04:00,96.21,99.92,95.81,99.68,2335500
2021-06-21 20:00:00-04:00,99.44,99.60,97.96,98.73,1971400
2021-06-22 20:00:00-04:00,99.56,100.81,99.16,100.22,1805300
2021-06-23 20:00:00-04:00,100.67,100.73,98.45,99.01,2019600
2021-06-24 20:00:00-04:00,99.31,99.76,98.43,99.35,2322900
2021-06-27 20:00:00-04:00,99.30,99.32,97.22,98.69,1904200
2021-06-28 20:00:00-04:00,99.01,100.23,98.98,99.29,2201500
2021-06-29 20:00:00-04:00,98.98,100.27,98.73,98.91,2720200
2021-06-30 20:00:00-04:00,99.15,101.83,98.90,100.79,2550400
2021-07-01 20:00:00-04:00,100.71,101.20,98.98,99.33,1529300
2021-07-05 20:00:00-04:00,98.92,99.11,96.61,97.80,3143700
2021-07-06 20:00:00-04:00,97.40,97.55,95.09,96.39,2607600
2021-07-07 20:00:00-04:00,94.63,96.75,93.49,95.85,2630900
2021-07-08 20:00:00-04:00,97.31,99.44,97.07,99.37,1790100
2021-07-11 20:00:00-04:00,98.54,100.21,98.12,99.82,1263300
2021-07-12 20:00:00-04:00,99.29,99.64,96.88,97.01,1742700
2021-07-13 20:00:00-04:00,96.93,98.58,96.66,97.66,1556800
2021-07-14 20:00:00-04:00,97.18,97.93,96.00,96.96,1585200
2021-07-15 20:00:00-04:00,97.79,97.95,95.26,95.40,1741600
2021-07-18 20:00:00-04:00,92.01,92.39,87.90,89.80,5454200
2021-07-19 20:00:00-04:00,91.18,96.66,90.62,96.26,3821600
2021-07-20 20:00:00-04:00,97.18,99.01,97.08,98.03,2247900
2021-07-21 20:00:00-04:00,97.72,97.72,95.33,95.86,1709600
2021-07-22 20:00:00-04:00,96.59,97.05,94.13,95.13,1364500
2021-07-25 20:00:00-04:00,95.01,97.50,94.89,97.34,1905400
2021-07-26 20:00:00-04:00,96.62,97.18,95.67,96.45,1960700
2021-07-27 20:00:00-04:00,96.80,97.24,94.95,95.95,1642100
2021-07-28 20:00:00-04:00,96.52,98.31,96.33,96.49,1793000
2021-07-29 20:00:00-04:00,96.61,98.17,96.16,96.94,2194700
2021-08-01 20:00:00-04:00,98.23,100.26,96.56,96.79,2285100
2021-08-02 20:00:00-04:00,98.84,100.35,97.34,99.26,3366800
2021-08-03 20:00:00-04:00,99.67,101.40,98.28,98.62,3112900
2021-08-04 20:00:00-04:00,99.71,103.25,99.22,102.70,3351300
2021-08-05 20:00:00-04:00,103.11,104.25,102.69,103.60,2285400
2021-08-08 20:00:00-04:00,102.97,103.02,101.69,101.80,1652300
2021-08-09 20:00:00-04:00,101.67,102.32,100.58,101.23,1688300
2021-08-10 20:00:00-04:00,101.87,102.73,100.51,102.30,1415800
2021-08-11 20:00:00-04:00,102.50,102.89,101.34,102.56,1832800
2021-08-12 20:00:00-04:00,102.96,103.32,102.05,102.42,1441200
2021-08-15 20:00:00-04:00,101.76,102.42,100.03,100.35,1797800
2021-08-16 20:00:00-04:00,99.02,99.10,96.49,98.16,2164200
2021-08-17 20:00:00-04:00,97.70,99.35,96.62,98.08,1489400
2021-08-18 20:00:00-04:00,96.58,99.01,96.55,98.43,1979000
2021-08-19 20:00:00-04:00,97.54,99.17,97.01,98.67,1701600
2021-08-22 20:00:00-04:00,99.32,100.45,98.79,99.20,2111900
2021-08-23 20:00:00-04:00,99.93,101.68,99.79,101.57,1851600
2021-08-24 20:00:00-04:00,101.60,103.07,100.86,101.56,1746600
2021-08-25 20:00:00-04:00,101.46,101.71,100.10,100.41,1268800
2021-08-26 20:00:00-04:00,101.59,103.56,101.42,102.44,1691700
2021-08-29 20:00:00-04:00,102.52,102.68,101.09,102.22,1428200
2021-08-30 20:00:00-04:00,101.98,103.60,101.73,103.02,2326600
2021-08-31 20:00:00-04:00,103.02,104.55,102.88,104.06,1706100
2021-09-01 20:00:00-04:00,104.28,105.27,103.74,104.53,1859700
2021-09-02 20:00:00-04:00,104.34,104.35,102.87,104.02,1595800
2021-09-06 20:00:00-04:00,103.41,103.98,102.09,103.12,1788300
2021-09-07 20:00:00-04:00,102.67,103.71,101.33,102.39,1695600
2021-09-08 20:00:00-04:00,101.32,102.39,100.70,101.23,1598800
2021-09-09 20:00:00-04:00,101.72,101.75,99.10,99.11,1879800
2021-09-12 20:00:00-04:00,100.48,102.18,99.46,101.60,1843600
2021-09-13 20:00:00-04:00,101.86,102.28,99.71,100.39,1291700
2021-09-14 20:00:00-04:00,100.33,102.26,99.72,101.63,1560900
2021-09-15 20:00:00-04:00,102.18,103.66,101.63,102.80,1297600
2021-09-16 20:00:00-04:00,102.45,103.29,101.63,101.72,3153700
2021-09-19 20:00:00-04:00,99.31,101.01,98.46,100.36,2525600
2021-09-20 20:00:00-04:00,101.31,102.75,101.01,101.03,1616300
2021-09-21 20:00:00-04:00,102.59,104.53,102.17,103.55,1955500
2021-09-22 20:00:00-04:00,104.22,105.75,104.08,104.70,2364000
2021-09-23 20:00:00-04:00,104.34,105.58,103.69,103.72,1362200
2021-09-26 20:00:00-04:00,104.34,106.34,103.84,103.95,1960700
2021-09-27 20:00:00-04:00,103.90,104.70,103.21,103.61,1641200
2021-09-28 20:00:00-04:00,103.86,104.23,103.21,103.72,1086100
2021-09-29 20:00:00-04:00,104.22,104.22,100.28,100.71,3053500
2021-09-30 20:00:00-04:00,101.94,103.96,100.85,103.17,2160400
2021-10-03 20:00:00-04:00,102.82,103.83,101.97,102.48,1487600
2021-10-04 20:00:00-04:00,102.47,102.49,101.06,101.81,1499700
2021-10-05 20:00:00-04:00,100.94,102.79,99.65,102.76,2199100
2021-10-06 20:00:00-04:00,103.07,105.54,103.02,103.84,1798500
2021-10-07 20:00:00-04:00,103.82,104.69,102.10,102.35,1715200
2021-10-10 20:00:00-04:00,102.10,103.59,101.52,102.76,1081800
2021-10-11 20:00:00-04:00,102.50,104.80,101.76,104.43,1324400
2021-10-12 20:00:00-04:00,104.61,106.59,104.00,106.27,2994100
2021-10-13 20:00:00-04:00,107.13,108.41,106.55,107.96,2281500
2021-10-14 20:00:00-04:00,108.48,109.77,107.96,108.65,2443400
2021-10-17 20:00:00-04:00,108.70,112.19,108.41,111.99,3335500
2021-10-18 20:00:00-04:00,112.36,112.37,110.57,110.68,1709400
2021-10-19 20:00:00-04:00,110.19,112.34,110.09,112.33,1543800
2021-10-20 20:00:00-04:00,111.97,112.39,111.10,111.55,1367500
2021-10-21 20:00:00-04:00,112.19,112.82,111.58,112.47,1217800
2021-10-24 20:00:00-04:00,112.36,113.83,111.39,113.78,1537200
2021-10-25 20:00:00-04:00,113.91,114.50,112.73,113.42,1973700
2021-10-26 20:00:00-04:00,113.40,113.49,111.35,111.53,1178000
2021-10-27 20:00:00-04:00,112.01,114.09,111.46,114.00,1627900
2021-10-28 20:00:00-04:00,113.48,114.48,112.88,113.58,2778300
2021-10-31 20:00:00-04:00,114.22,115.77,114.05,115.74,2605400
2021-11-01 20:00:00-04:00,121.66,123.96,119.68,123.20,5642000
2021-11-02 20:00:00-04:00,123.16,129.24,123.00,128.82,4226300
2021-11-03 20:00:00-04:00,128.97,129.92,127.48,128.41,2282800
2021-11-04 20:00:00-04:00,130.51,132.43,129.61,132.12,2501600
2021-11-07 19:00:00-05:00,132.23,132.51,128.83,129.71,1642700
2021-11-08 19:00:00-05:00,129.65,129.85,128.27,129.78,1383600
2021-11-09 19:00:00-05:00,129.16,129.94,126.91,127.06,1824700
2021-11-10 19:00:00-05:00,127.47,128.87,127.01,128.20,1175700
2021-11-11 19:00:00-05:00,128.82,129.06,127.00,127.70,1182600
2021-11-14 19:00:00-05:00,127.99,128.88,127.26,128.85,1677300
2021-11-15 19:00:00-05:00,128.44,128.85,127.34,127.75,1221100
2021-11-16 19:00:00-05:00,127.26,130.08,126.18,129.78,1503100
2021-11-17 19:00:00-05:00,131.06,132.60,129.69,131.25,2459400
2021-11-18 19:00:00-05:00,130.11,130.55,128.52,129.20,1816500
2021-11-21 19:00:00-05:00,130.28,132.23,129.41,130.17,2039300
2021-11-22 19:00:00-05:00,130.09,132.28,129.56,130.98,1392500
2021-11-23 19:00:00-05:00,130.20,131.14,129.12,130.98,1358800
2021-11-25 19:00:00-05:00,124.23,126.15,122.65,124.35,2875400
2021-11-28 19:00:00-05:00,126.98,127.61,122.00,123.93,2890700
2021-11-29 19:00:00-05:00,122.16,122.28,117.59,118.43,4264900
2021-11-30 19:00:00-05:00,121.31,123.07,114.40,114.47,3711400
2021-12-01 19:00:00-05:00,116.19,119.32,114.97,117.67,4506500
2021-12-02 19:00:00-05:00,117.78,118.39,114.19,115.60,3639600
2021-12-05 19:00:00-05:00,117.88,120.50,117.41,118.25,2858400
2021-12-06 19:00:00-05:00,120.70,122.97,120.07,121.07,2650100
2021-12-07 19:00:00-05:00,121.07,122.77,120.40,122.00,2681300
2021-12-08 19:00:00-05:00,121.33,121.83,119.19,119.22,1946600
2021-12-09 19:00:00-05:00,120.19,120.32,117.49,119.36,1378300
2021-12-12 19:00:00-05:00,118.70,119.08,115.54,118.32,2416900
2021-12-13 19:00:00-05:00,118.32,119.19,117.35,118.19,2000300
2021-12-14 19:00:00-05:00,118.59,119.18,115.28,119.06,2121800
2021-12-15 19:00:00-05:00,119.62,121.25,118.28,118.76,2750900
2021-12-16 19:00:00-05:00,118.65,119.70,116.23,118.03,4124800
2021-12-19 19:00:00-05:00,115.63,116.44,112.47,114.54,2665000
2021-12-20 19:00:00-05:00,116.05,121.29,115.95,120.96,2011200
2021-12-21 19:00:00-05:00,120.52,122.17,120.23,121.79,1077500
2021-12-22 19:00:00-05:00,122.55,123.24,121.58,121.74,2259900
2021-12-26 19:00:00-05:00,121.73,124.10,120.97,124.06,994400
2021-12-27 19:00:00-05:00,123.38,124.71,122.75,123.55,966400
2021-12-28 19:00:00-05:00,123.73,124.75,122.76,124.32,953000
2021-12-29 19:00:00-05:00,124.32,126.76,124.15,125.32,1085400
2021-12-30 19:00:00-05:00,125.29,126.62,124.91,125.11,1194700
2022-01-02 19:00:00-05:00,125.67,127.33,124.41,125.53,2128100
2022-01-03 19:00:00-05:00,127.04,128.33,126.70,127.63,1834100
2022-01-04 19:00:00-05:00,128.32,129.86,126.05,126.10,2324400
2022-01-05 19:00:00-05:00,126.73,128.83,125.89,127.77,1715700
2022-01-06 19:00:00-05:00,127.51,128.35,126.12,126.29,1457100
2022-01-09 19:00:00-05:00,125.53,126.07,123.01,125.98,1753600
2022-01-10 19:00:00-05:00,126.00,127.34,123.78,126.73,1267700
2022-01-11 19:00:00-05:00,127.32,128.15,126.67,126.80,931100
2022-01-12 19:00:00-05:00,127.20,128.61,127.06,127.64,1246800
2022-01-13 19:00:00-05:00,126.93,126.93,119.40,121.93,2539700
2022-01-17 19:00:00-05:00,120.82,120.83,118.14,120.51,2753000
2022-01-18 19:00:00-05:00,121.29,121.29,116.31,116.36,2198900
2022-01-19 19:00:00-05:00,117.85,119.62,115.26,115.45,1976000
2022-01-20 19:00:00-05:00,115.23,115.54,113.20,115.08,2515300
2022-01-23 19:00:00-05:00,111.89,114.51,107.87,114.41,3755400
2022-01-24 19:00:00-05:00,111.75,116.65,110.29,114.94,2614100
2022-01-25 19:00:00-05:00,116.77,118.93,112.58,114.00,2029400
2022-01-26 19:00:00-05:00,115.67,117.04,112.06,112.68,1810000
2022-01-27 19:00:00-05:00,112.42,114.67,109.37,114.64,2631400
2022-01-30 19:00:00-05:00,113.44,115.58,112.46,115.27,2108000
2022-01-31 19:00:00-05:00,115.27,116.41,113.58,115.40,1510600
2022-02-01 19:00:00-05:00,115.90,117.45,115.04,117.11,1871200
2022-02-02 19:00:00-05:00,115.87,116.83,113.81,113.99,1539100
2022-02-03 19:00:00-05:00,112.94,114.96,111.00,113.69,1934900
2022-02-06 19:00:00-05:00,113.97,117.31,113.46,116.62,3230700
2022-02-07 19:00:00-05:00,109.48,113.23,107.89,111.23,4550300
2022-02-08 19:00:00-05:00,112.18,112.80,110.77,112.05,2604000
2022-02-09 19:00:00-05:00,111.20,115.51,110.62,112.75,2722300
2022-02-10 19:00:00-05:00,112.65,114.64,110.09,111.06,2157600
2022-02-13 19:00:00-05:00,111.03,111.43,108.90,109.55,2070800
2022-02-14 19:00:00-05:00,111.28,111.90,110.05,110.67,1619900
2022-02-15 19:00:00-05:00,111.23,112.99,110.66,112.65,1712500
2022-02-16 19:00:00-05:00,112.02,114.93,112.00,112.51,3546800
2022-02-17 19:00:00-05:00,112.17,112.85,110.02,110.38,1751100
2022-02-21 19:00:00-05:00,109.62,109.94,107.07,108.10,2314400
2022-02-22 19:00:00-05:00,108.94,109.88,104.49,104.99,1978500
2022-02-23 19:00:00-05:00,101.75,108.21,101.29,107.92,3105900
2022-02-24 19:00:00-05:00,108.57,109.75,107.81,109.40,1785600
2022-02-27 19:00:00-05:00,107.90,109.55,106.94,107.72,2381900
2022-02-28 19:00:00-05:00,107.94,108.33,104.49,105.40,2182100
2022-03-01 19:00:00-05:00,106.44,109.42,106.44,108.67,2096500
2022-03-02 19:00:00-05:00,109.68,110.37,107.72,109.17,1890100
2022-03-03 19:00:00-05:00,107.79,108.00,104.79,107.20,2315100
2022-03-06 19:00:00-05:00,106.37,106.41,100.39,100.45,3966300
2022-03-07 19:00:00-05:00,100.96,104.85,100.31,102.89,3123900
2022-03-08 19:00:00-05:00,105.79,107.31,105.03,105.13,1728000
2022-03-09 19:00:00-05:00,103.11,105.42,102.68,105.17,1565700
2022-03-10 19:00:00-05:00,106.28,106.34,103.10,103.14,2548200
2022-03-13 20:00:00-04:00,103.99,105.11,100.53,101.66,2455800
2022-03-14 20:00:00-04:00,101.99,103.12,100.74,102.21,1883600
2022-03-15 20:00:00-04:00,104.00,105.05,101.74,104.15,2550300
2022-03-16 20:00:00-04:00,103.48,105.01,103.05,104.40,2045100
2022-03-17 20:00:00-04:00,102.80,104.33,102.68,103.76,4175500
2022-03-20 20:00:00-04:00,104.40,104.54,101.49,102.35,2679100
2022-03-21 20:00:00-04:00,104.01,106.62,103.78,105.35,2501100
2022-03-22 20:00:00-04:00,104.74,105.24,103.00,103.10,1206000
2022-03-23 20:00:00-04:00,103.12,103.52,102.34,103.20,1473800
2022-03-24 20:00:00-04:00,103.50,104.03,102.81,103.23,2055800
2022-03-27 20:00:00-04:00,103.74,104.52,102.83,104.48,1631900
2022-03-28 20:00:00-04:00,106.21,109.78,105.94,109.50,2468200
2022-03-29 20:00:00-04:00,109.32,109.96,106.54,106.89,1346200
2022-03-30 20:00:00-04:00,106.77,107.39,104.32,104.33,2331900
2022-03-31 20:00:00-04:00,104.90,105.68,104.09,105.47,1572800
2022-04-03 20:00:00-04:00,105.17,106.97,104.01,106.69,1722800
2022-04-04 20:00:00-04:00,106.66,107.56,103.34,103.56,1719300
2022-04-05 20:00:00-04:00,103.10,103.24,100.14,101.40,2327100
2022-04-06 20:00:00-04:00,101.05,101.13,97.93,99.53,2542700
2022-04-07 20:00:00-04:00,99.99,101.92,99.52,101.09,1804800
2022-04-10 20:00:00-04:00,100.89,102.38,100.19,100.54,1084200
2022-04-11 20:00:00-04:00,100.22,102.24,99.69,100.07,1460000
2022-04-12 20:00:00-04:00,99.92,102.07,99.73,101.18,1661400
2022-04-13 20:00:00-04:00,101.51,102.66,101.26,101.41,1788800
2022-04-17 20:00:00-04:00,101.05,102.39,100.80,101.42,1206700
2022-04-18 20:00:00-04:00,102.12,104.48,101.42,104.14,1470700
2022-04-19 20:00:00-04:00,104.46,105.87,103.92,105.15,1645700
2022-04-20 20:00:00-04:00,106.47,106.90,103.54,103.77,1499600
2022-04-21 20:00:00-04:00,103.76,103.76,99.70,99.83,1988500
2022-04-24 20:00:00-04:00,99.83,100.48,98.28,100.15,2053600
2022-04-25 20:00:00-04:00,100.03,100.68,98.36,98.44,1889200
2022-04-26 20:00:00-04:00,98.81,99.29,96.80,96.85,2032100
2022-04-27 20:00:00-04:00,96.77,99.17,95.82,98.66,2313100
2022-04-28 20:00:00-04:00,97.95,98.32,93.40,93.58,3160500
2022-05-01 20:00:00-04:00,94.12,94.44,89.94,92.66,2818500
2022-05-02 20:00:00-04:00,93.37,96.51,92.19,95.86,1894500
2022-05-03 20:00:00-04:00,95.74,99.27,94.83,98.80,1623900
2022-05-04 20:00:00-04:00,98.10,98.57,96.05,97.02,2037600
2022-05-05 20:00:00-04:00,96.12,97.51,94.09,96.29,2366500
2022-05-08 20:00:00-04:00,94.84,95.78,93.27,93.73,2810200
2022-05-09 20:00:00-04:00,96.07,99.92,93.53,94.43,3139200
2022-05-10 20:00:00-04:00,94.36,95.17,89.44,89.62,3323500
2022-05-11 20:00:00-04:00,89.41,92.22,88.16,91.69,2754300
2022-05-12 20:00:00-04:00,92.79,93.33,91.34,92.61,2662900
2022-05-15 20:00:00-04:00,92.63,93.68,91.60,92.68,1564700
2022-05-16 20:00:00-04:00,94.28,95.89,93.72,95.77,1752000
2022-05-17 20:00:00-04:00,94.63,94.92,89.74,90.15,2031800
2022-05-18 20:00:00-04:00,89.23,90.91,87.16,87.27,2629100
2022-05-19 20:00:00-04:00,88.03,88.19,83.84,86.31,3296800
2022-05-22 20:00:00-04:00,87.08,87.60,85.04,85.47,1842900
2022-05-23 20:00:00-04:00,84.88,85.75,82.05,85.53,2605200
2022-05-24 20:00:00-04:00,84.99,87.45,84.77,86.59,2324700
2022-05-25 20:00:00-04:00,87.23,89.47,87.23,88.84,2086600
2022-05-26 20:00:00-04:00,89.55,90.91,89.15,90.19,1436500
2022-05-30 20:00:00-04:00,89.61,91.43,88.91,90.92,3700300
2022-05-31 20:00:00-04:00,91.18,91.43,87.09,88.16,2685800
2022-06-01 20:00:00-04:00,87.83,89.08,87.13,89.07,1531800
2022-06-02 20:00:00-04:00,88.27,88.51,86.90,87.20,1392500
2022-06-05 20:00:00-04:00,87.83,88.11,86.53,86.93,1917800
2022-06-06 20:00:00-04:00,86.31,89.08,86.09,89.04,2546800
2022-06-07 20:00:00-04:00,87.92,88.81,86.66,86.86,1603500
2022-06-08 20:00:00-04:00,86.40,86.52,83.62,83.64,2100900
2022-06-09 20:00:00-04:00,82.31,83.21,81.51,81.54,2792100
2022-06-12 20:00:00-04:00,79.15,79.52,76.87,78.23,3667000
2022-06-13 20:00:00-04:00,78.31,79.16,77.08,77.71,2491000
2022-06-14 20:00:00-04:00,78.53,79.66,77.28,78.51,2597900
2022-06-15 20:00:00-04:00,76.74,77.09,75.29,76.19,3000200
2022-06-16 20:00:00-04:00,77.01,78.39,76.45,77.05,3631600
2022-06-20 20:00:00-04:00,78.66,79.43,77.68,77.78,2221100
2022-06-21 20:00:00-04:00,76.61,78.69,76.36,77.26,2730400
2022-06-22 20:00:00-04:00,77.38,78.14,76.65,77.87,2372500
2022-06-23 20:00:00-04:00,78.85,80.94,78.50,80.22,4455200
2022-06-26 20:00:00-04:00,80.48,81.68,79.52,80.62,1783300
2022-06-27 20:00:00-04:00,81.68,82.52,79.83,79.92,1497500
2022-06-28 20:00:00-04:00,79.48,79.72,77.64,78.32,1866900
2022-06-29 20:00:00-04:00,76.50,77.65,75.05,76.43,3121400
2022-06-30 20:00:00-04:00,75.97,77.28,75.52,77.04,1709200
2022-07-04 20:00:00-04:00,76.55,78.59,75.30,78.57,1907200
2022-07-05 20:00:00-04:00,78.69,79.29,77.31,77.64,1406000
2022-07-06 20:00:00-04:00,78.14,79.14,77.83,78.82,1378200
2022-07-07 20:00:00-04:00,78.91,79.09,77.45,78.66,1423400
2022-07-10 20:00:00-04:00,78.09,78.52,77.09,78.29,1032400
2022-07-11 20:00:00-04:00,78.27,79.83,78.09,78.59,1660400
2022-07-12 20:00:00-04:00,77.32,78.23,76.53,76.95,1821400
2022-07-13 20:00:00-04:00,75.70,76.41,74.94,75.69,1692000
2022-07-14 20:00:00-04:00,77.24,77.91,76.30,77.59,2034700
2022-07-17 20:00:00-04:00,78.36,79.58,78.35,79.43,1727400
2022-07-18 20:00:00-04:00,80.48,82.58,79.83,82.35,1990100
2022-07-19 20:00:00-04:00,82.00,84.00,81.76,83.30,2077800
2022-07-20 20:00:00-04:00,82.49,83.95,82.13,83.94,1552700
2022-07-21 20:00:00-04:00,84.57,84.86,83.16,83.49,1627800
2022-07-24 20:00:00-04:00,83.51,84.25,83.03,83.77,1172100
2022-07-25 20:00:00-04:00,82.94,83.57,82.18,82.60,1376400
2022-07-26 20:00:00-04:00,82.92,84.24,82.48,83.84,1275700
2022-07-27 20:00:00-04:00,84.49,86.61,84.37,86.53,1696300
2022-07-28 20:00:00-04:00,86.73,87.98,86.53,87.48,2460200
2022-07-31 20:00:00-04:00,86.91,87.93,86.22,87.47,1650100
2022-08-01 20:00:00-04:00,88.48,89.35,84.75,84.94,2594000
2022-08-02 20:00:00-04:00,85.90,87.26,85.83,86.10,2241800
2022-08-03 20:00:00-04:00,85.75,86.49,84.51,85.21,1416100
2022-08-04 20:00:00-04:00,84.70,85.85,84.45,85.76,1277500
2022-08-07 20:00:00-04:00,86.65,88.69,86.65,87.64,1645700
2022-08-08 20:00:00-04:00,87.53,87.68,86.24,86.97,1495700
2022-08-09 20:00:00-04:00,88.99,89.80,88.34,89.69,1581500
2022-08-10 20:00:00-04:00,90.81,92.45,90.75,91.85,1948600
2022-08-11 20:00:00-04:00,92.46,93.40,91.91,93.29,1491100
2022-08-14 20:00:00-04:00,92.79,93.10,91.07,91.19,1989100
2022-08-15 20:00:00-04:00,90.69,92.86,90.69,92.22,1567600
2022-08-16 20:00:00-04:00,90.83,91.49,90.01,90.86,1579800
2022-08-17 20:00:00-04:00,90.86,91.38,90.41,91.26,1146700
2022-08-18 20:00:00-04:00,90.68,90.88,88.79,89.39,1459700
2022-08-21 20:00:00-04:00,88.16,88.58,85.31,85.95,1722100
2022-08-22 20:00:00-04:00,86.28,87.25,85.94,86.03,1313900
2022-08-23 20:00:00-04:00,85.85,86.72,85.29,85.90,1070000
2022-08-24 20:00:00-04:00,86.29,87.18,86.07,87.16,1332100
2022-08-25 20:00:00-04:00,87.37,87.41,84.42,84.43,1538400
2022-08-28 20:00:00-04:00,83.68,84.63,82.90,83.46,1771700
2022-08-29 20:00:00-04:00,83.78,84.59,83.01,83.58,1592700
2022-08-30 20:00:00-04:00,84.05,84.33,81.95,82.12,2294500
2022-08-31 20:00:00-04:00,81.48,81.68,79.52,81.59,2114600
2022-09-01 20:00:00-04:00,82.87,83.55,80.66,80.95,1908300
2022-09-05 20:00:00-04:00,81.61,81.94,79.57,81.36,1839900
2022-09-06 20:00:00-04:00,81.58,83.33,81.26,83.31,2056900
2022-09-07 20:00:00-04:00,82.48,84.03,81.70,83.99,1868000
2022-09-08 20:00:00-04:00,84.73,85.27,84.04,85.00,1441400
2022-09-11 20:00:00-04:00,85.78,86.68,85.05,86.21,1668300
2022-09-12 20:00:00-04:00,83.67,84.45,81.94,82.24,2172100
2022-09-13 20:00:00-04:00,81.82,82.07,80.55,81.93,1961600
2022-09-14 20:00:00-04:00,82.35,82.91,81.42,81.53,2019200
2022-09-15 20:00:00-04:00,81.27,81.75,79.95,81.66,2630700
2022-09-18 20:00:00-04:00,80.52,82.14,80.27,82.14,1288800
2022-09-19 20:00:00-04:00,81.12,81.75,80.18,80.53,1525400
2022-09-20 20:00:00-04:00,81.50,81.93,78.31,78.35,1790000
2022-09-21 20:00:00-04:00,78.30,78.46,75.14,75.50,2789000
2022-09-22 20:00:00-04:00,74.34,74.54,72.52,73.87,3334500
2022-09-25 20:00:00-04:00,73.22,73.29,70.46,71.56,3618400
2022-09-26 20:00:00-04:00,72.41,73.68,72.03,72.92,2611900
2022-09-27 20:00:00-04:00,74.15,76.15,73.23,75.79,2864600
2022-09-28 20:00:00-04:00,74.74,74.88,72.46,73.01,2924900
2022-09-29 20:00:00-04:00,73.43,74.14,72.42,73.51,3000300
2022-10-02 20:00:00-04:00,74.98,75.28,72.99,74.52,2247500
2022-10-03 20:00:00-04:00,75.63,78.58,75.63,78.53,2520100
2022-10-04 20:00:00-04:00,76.40,78.78,75.22,78.44,2246500
2022-10-05 20:00:00-04:00,78.00,78.92,77.13,77.55,1596100
2022-10-06 20:00:00-04:00,76.57,77.25,75.38,75.80,1811700
2022-10-09 20:00:00-04:00,76.54,77.00,75.43,75.79,1425700
2022-10-10 20:00:00-04:00,75.95,78.58,74.81,77.67,2178100
2022-10-11 20:00:00-04:00,77.42,77.61,76.00,76.73,1912200
2022-10-12 20:00:00-04:00,75.21,79.15,74.35,78.49,1788200
2022-10-13 20:00:00-04:00,79.47,80.26,77.93,78.52,2161700
2022-10-16 20:00:00-04:00,80.27,81.85,79.94,81.21,3178200
2022-10-17 20:00:00-04:00,82.03,82.79,79.72,80.81,2307700
2022-10-18 20:00:00-04:00,80.18,81.62,79.66,80.30,2128000
2022-10-19 20:00:00-04:00,80.96,82.68,80.43,80.52,2096500
2022-10-20 20:00:00-04:00,80.37,82.79,79.68,82.76,2364600
2022-10-23 20:00:00-04:00,83.19,84.25,81.93,83.87,1470400
2022-10-24 20:00:00-04:00,84.17,87.04,84.00,86.69,2379000
2022-10-25 20:00:00-04:00,86.61,87.40,86.10,86.44,1650200
2022-10-26 20:00:00-04:00,87.56,88.23,86.98,87.14,1463800
2022-10-27 20:00:00-04:00,86.77,89.37,86.46,89.25,1454000
2022-10-30 20:00:00-04:00,88.35,89.74,87.95,89.26,2144100
2022-10-31 20:00:00-04:00,90.10,93.80,89.66,93.25,2451000
2022-11-01 20:00:00-04:00,92.90,94.48,91.31,91.42,3161100
2022-11-02 20:00:00-04:00,90.26,92.88,89.13,92.21,1563000
2022-11-03 20:00:00-04:00,93.50,94.86,92.25,94.66,1588700
2022-11-06 19:00:00-05:00,95.42,95.96,94.01,95.73,1522100
2022-11-07 19:00:00-05:00,95.72,96.22,93.90,94.54,1848600
2022-11-08 19:00:00-05:00,93.87,95.06,92.20,92.49,1740100
2022-11-09 19:00:00-05:00,96.43,99.35,96.23,98.32,2990900
2022-11-10 19:00:00-05:00,98.38,99.91,98.23,98.45,1999000
2022-11-13 19:00:00-05:00,97.43,97.94,96.25,96.27,1551600
2022-11-14 19:00:00-05:00,97.89,99.05,97.03,98.42,1692200
2022-11-15 19:00:00-05:00,97.46,97.52,94.62,94.68,1832500
2022-11-16 19:00:00-05:00,93.36,94.91,92.93,94.84,1817200
2022-11-17 19:00:00-05:00,96.65,97.05,95.63,96.57,1507700
2022-11-20 19:00:00-05:00,95.95,96.77,95.06,95.98,1315200
2022-11-21 19:00:00-05:00,96.60,98.01,96.22,97.78,1541600
2022-11-22 19:00:00-05:00,97.47,98.44,96.97,97.97,1116000
2022-11-24 19:00:00-05:00,98.27,98.86,98.05,98.86,548200
2022-11-27 19:00:00-05:00,98.13,98.38,94.60,94.82,1735800
2022-11-28 19:00:00-05:00,95.11,96.38,94.63,96.21,1765200
2022-11-29 19:00:00-05:00,96.11,98.04,95.37,97.83,2503100
2022-11-30 19:00:00-05:00,98.44,98.95,96.45,97.48,1848600
2022-12-01 19:00:00-05:00,96.33,98.32,96.24,97.75,1738100
2022-12-04 19:00:00-05:00,97.05,97.77,96.14,96.40,1455800
2022-12-05 19:00:00-05:00,96.78,97.51,95.60,96.87,2218400
2022-12-06 19:00:00-05:00,96.33,98.58,96.05,97.51,2318300
2022-12-07 19:00:00-05:00,98.53,98.68,96.93,97.40,1976400
2022-12-08 19:00:00-05:00,97.14,97.77,96.56,97.10,1162600
2022-12-11 19:00:00-05:00,97.10,98.74,96.10,98.65,1698000
2022-12-12 19:00:00-05:00,100.18,101.42,98.69,100.00,2386400
2022-12-13 19:00:00-05:00,100.12,101.31,98.95,99.56,1779900
2022-12-14 19:00:00-05:00,98.39,98.81,97.16,98.31,1928300
2022-12-15 19:00:00-05:00,96.54,97.24,95.52,96.74,3919600
2022-12-18 19:00:00-05:00,96.61,97.16,94.97,96.16,1368100
2022-12-19 19:00:00-05:00,95.64,96.48,94.64,96.19,1146300
2022-12-20 19:00:00-05:00,97.30,98.22,96.70,96.93,1335300
2022-12-21 19:00:00-05:00,96.04,96.84,94.85,96.77,1081600
2022-12-22 19:00:00-05:00,96.62,98.09,96.18,98.06,680200
2022-12-26 19:00:00-05:00,98.19,98.58,97.42,98.22,1234200
2022-12-27 19:00:00-05:00,98.42,98.88,95.50,95.69,983700
2022-12-28 19:00:00-05:00,96.43,97.85,95.92,97.57,972800
2022-12-29 19:00:00-05:00,96.94,98.02,96.24,97.70,1265300
2023-01-02 19:00:00-05:00,98.24,99.12,96.66,97.75,1313800
2023-01-03 19:00:00-05:00,98.82,101.72,98.14,100.76,1808700
2023-01-04 19:00:00-05:00,99.47,99.60,97.45,97.65,1390600
2023-01-05 19:00:00-05:00,97.99,99.41,97.95,98.86,1501000
2023-01-08 19:00:00-05:00,98.83,99.47,97.81,98.40,1474900
2023-01-09 19:00:00-05:00,97.81,97.95,96.01,97.18,1329100
2023-01-10 19:00:00-05:00,97.97,101.16,97.43,100.93,1660600
2023-01-11 19:00:00-05:00,101.46,105.15,101.01,104.78,2304200
2023-01-12 19:00:00-05:00,103.38,104.89,103.27,104.43,1560400
2023-01-16 19:00:00-05:00,103.96,104.47,103.51,103.97,2021200
2023-01-17 19:00:00-05:00,104.47,104.67,101.41,101.67,1483900
2023-01-18 19:00:00-05:00,100.71,101.22,99.83,100.57,1274300
2023-01-19 19:00:00-05:00,101.20,103.00,100.14,102.84,1651900
2023-01-22 19:00:00-05:00,103.01,104.20,102.53,103.93,1097900
2023-01-23 19:00:00-05:00,103.90,104.50,102.46,104.33,1353500
2023-01-24 19:00:00-05:00,103.96,104.41,103.54,104.12,1016900
2023-01-25 19:00:00-05:00,104.75,105.13,103.86,105.06,1205800
2023-01-26 19:00:00-05:00,105.07,107.18,104.91,106.96,1480600
2023-01-29 19:00:00-05:00,106.00,107.16,104.70,104.75,1429900
2023-01-30 19:00:00-05:00,104.90,107.04,104.52,106.84,3802900
2023-01-31 19:00:00-05:00,106.37,108.07,105.52,107.23,1467100
2023-02-01 19:00:00-05:00,108.12,110.68,107.71,109.61,2066900
2023-02-02 19:00:00-05:00,108.12,108.36,106.62,107.96,1391800
2023-02-05 19:00:00-05:00,106.82,107.74,106.27,106.99,1379600
2023-02-06 19:00:00-05:00,106.33,106.33,102.47,104.71,2443100
2023-02-07 19:00:00-05:00,104.04,104.50,102.58,103.33,1614400
2023-02-08 19:00:00-05:00,104.27,104.62,103.14,103.47,1750000
2023-02-09 19:00:00-05:00,102.79,103.67,101.88,103.42,1171500
2023-02-12 19:00:00-05:00,103.54,104.67,103.27,104.61,1338400
2023-02-13 19:00:00-05:00,104.22,105.65,103.53,104.30,1387900
2023-02-14 19:00:00-05:00,103.23,104.42,102.76,104.39,859700
2023-02-15 19:00:00-05:00,103.13,104.34,102.60,103.42,959500
2023-02-16 19:00:00-05:00,103.20,103.53,101.79,102.84,1292400
2023-02-20 19:00:00-05:00,101.65,102.18,99.85,100.32,1612400
2023-02-21 19:00:00-05:00,100.84,101.53,100.12,100.71,1399500
2023-02-22 19:00:00-05:00,101.70,102.37,100.61,101.71,1053000
2023-02-23 19:00:00-05:00,100.26,101.90,100.04,101.32,1047600
2023-02-26 19:00:00-05:00,102.64,103.24,101.45,101.89,1330200
2023-02-27 19:00:00-05:00,101.94,103.19,101.47,101.54,2118700
2023-02-28 19:00:00-05:00,101.58,101.58,99.26,100.84,1655500
2023-03-01 19:00:00-05:00,100.18,102.30,99.96,102.17,1277700
2023-03-02 19:00:00-05:00,102.93,103.48,102.07,103.19,1060900
2023-03-05 19:00:00-05:00,103.49,104.22,102.73,103.00,779000
2023-03-06 19:00:00-05:00,102.94,103.19,99.58,100.31,1376100
2023-03-07 19:00:00-05:00,100.53,101.95,100.51,101.61,1244200
2023-03-08 19:00:00-05:00,101.71,101.80,98.92,99.01,1054200
2023-03-09 19:00:00-05:00,98.76,98.76,93.80,94.12,2845600
2023-03-12 20:00:00-04:00,92.76,95.67,91.63,94.05,2279900
2023-03-13 20:00:00-04:00,96.25,97.49,93.72,94.71,2467000
2023-03-14 20:00:00-04:00,92.79,93.03,90.87,92.59,2499900
2023-03-15 20:00:00-04:00,91.37,93.26,89.30,92.18,2496700
2023-03-16 20:00:00-04:00,91.38,91.38,87.98,88.05,3489000
2023-03-19 20:00:00-04:00,88.82,90.80,88.19,90.42,2393000
2023-03-20 20:00:00-04:00,91.82,93.48,91.74,92.11,2114000
2023-03-21 20:00:00-04:00,91.24,91.61,87.98,88.05,1648900
2023-03-22 20:00:00-04:00,88.38,89.26,85.72,86.42,2180300
2023-03-23 20:00:00-04:00,85.56,87.47,84.68,87.35,2022700
2023-03-26 20:00:00-04:00,88.63,88.80,86.88,87.20,2225600
2023-03-27 20:00:00-04:00,86.88,88.23,86.28,87.91,1190500
2023-03-28 20:00:00-04:00,89.42,90.39,89.02,89.97,1580100
2023-03-29 20:00:00-04:00,91.12,91.58,90.18,90.79,1438800
2023-03-30 20:00:00-04:00,91.34,94.62,91.34,94.51,3298500
2023-04-02 20:00:00-04:00,94.98,96.07,93.74,94.89,2154700
2023-04-03 20:00:00-04:00,95.05,95.16,92.98,93.96,1228000
2023-04-04 20:00:00-04:00,93.30,93.70,91.85,92.81,1563400
2023-04-05 20:00:00-04:00,93.11,93.33,91.78,92.66,1145100
2023-04-09 20:00:00-04:00,92.41,93.05,91.10,92.48,1098800
2023-04-10 20:00:00-04:00,93.20,93.75,92.29,92.99,1106500
2023-04-11 20:00:00-04:00,94.03,94.16,92.29,92.44,1317700
2023-04-12 20:00:00-04:00,92.29,92.44,90.99,91.96,1244500
2023-04-13 20:00:00-04:00,92.49,93.30,90.02,90.79,1803800
2023-04-16 20:00:00-04:00,91.18,94.00,91.10,93.99,1464800
2023-04-17 20:00:00-04:00,94.28,94.59,93.48,93.95,984800
2023-04-18 20:00:00-04:00,93.11,94.95,92.83,94.59,1070900
2023-04-19 20:00:00-04:00,93.83,94.18,92.75,93.50,998100
2023-04-20 20:00:00-04:00,93.85,93.91,92.67,93.41,770400
2023-04-23 20:00:00-04:00,93.51,93.67,91.86,93.05,854200
2023-04-24 20:00:00-04:00,92.24,92.74,91.59,92.19,809300
2023-04-25 20:00:00-04:00,92.21,92.89,90.85,91.45,966400
2023-04-26 20:00:00-04:00,91.73,93.84,91.54,93.36,970000
2023-04-27 20:00:00-04:00,93.31,95.94,93.31,95.65,1430200
2023-04-30 20:00:00-04:00,95.38,97.03,95.38,95.80,1332500
2023-05-01 20:00:00-04:00,94.97,95.34,92.55,94.58,1700400
2023-05-02 20:00:00-04:00,95.38,95.38,90.62,90.82,2092300
2023-05-03 20:00:00-04:00,90.66,91.33,89.32,91.04,1621200
2023-05-04 20:00:00-04:00,92.30,93.19,91.65,92.47,1340700
2023-05-07 20:00:00-04:00,92.22,92.61,91.07,91.16,1149600
2023-05-08 20:00:00-04:00,90.57,90.77,88.53,89.89,1434700
2023-05-09 20:00:00-04:00,90.56,90.91,88.67,89.92,1364700
2023-05-10 20:00:00-04:00,89.01,90.00,88.36,89.69,1177900
2023-05-11 20:00:00-04:00,89.83,90.09,89.14,89.77,1010000
2023-05-14 20:00:00-04:00,90.00,90.77,89.38,90.26,936200
2023-05-15 20:00:00-04:00,90.22,90.34,87.53,87.56,1472800
2023-05-16 20:00:00-04:00,88.49,89.85,87.65,89.73,1212600
2023-05-17 20:00:00-04:00,89.47,90.07,88.61,89.09,1394400
2023-05-18 20:00:00-04:00,89.91,90.41,88.13,88.93,1615900
2023-05-21 20:00:00-04:00,88.76,89.47,88.11,89.46,1338400
2023-05-22 20:00:00-04:00,89.52,90.14,87.82,87.90,1329900
2023-05-23 20:00:00-04:00,87.36,87.63,86.05,86.23,1107800
2023-05-24 20:00:00-04:00,86.21,86.39,84.55,85.47,1391100
2023-05-25 20:00:00-04:00,85.59,86.59,85.17,86.40,1057500
2023-05-29 20:00:00-04:00,86.93,87.67,86.65,87.37,1135100
2023-05-30 20:00:00-04:00,87.32,89.00,87.13,88.76,3061900
2023-05-31 20:00:00-04:00,88.82,88.92,86.69,87.28,1413000
2023-06-01 20:00:00-04:00,88.68,90.50,88.57,89.91,1517300
2023-06-04 20:00:00-04:00,90.07,91.01,89.79,89.94,1145900
2023-06-05 20:00:00-04:00,90.07,92.51,89.87,92.15,1295500
2023-06-06 20:00:00-04:00,92.84,95.55,92.07,95.13,1832400
2023-06-07 20:00:00-04:00,94.50,94.81,92.89,94.15,1295300
2023-06-08 20:00:00-04:00,94.13,95.27,93.83,95.00,1093700
2023-06-11 20:00:00-04:00,95.26,95.86,93.64,94.37,1480200
2023-06-12 20:00:00-04:00,94.50,96.19,94.14,95.22,1530900
2023-06-13 20:00:00-04:00,95.93,96.50,94.21,95.17,1529800
2023-06-14 20:00:00-04:00,94.81,95.22,94.04,95.19,1409300
2023-06-15 20:00:00-04:00,96.31,97.22,95.14,96.80,3047300
2023-06-19 20:00:00-04:00,96.53,96.53,94.47,95.03,1793000
2023-06-20 20:00:00-04:00,94.61,95.59,94.10,95.03,1539700
2023-06-21 20:00:00-04:00,95.06,95.19,92.45,93.61,1167200
2023-06-22 20:00:00-04:00,92.68,93.23,91.53,92.46,3287400
2023-06-25 20:00:00-04:00,92.31,95.39,91.86,95.32,1567600
2023-06-26 20:00:00-04:00,95.30,97.22,94.69,97.04,1348700
2023-06-27 20:00:00-04:00,97.14,97.22,95.84,96.80,1394400
2023-06-28 20:00:00-04:00,96.39,98.49,96.12,98.49,1304700
2023-06-29 20:00:00-04:00,99.76,100.29,97.80,99.10,3148100
2023-07-02 20:00:00-04:00,98.77,101.03,98.68,100.44,1032700
2023-07-04 20:00:00-04:00,99.85,102.14,99.17,101.45,1748000
2023-07-05 20:00:00-04:00,100.96,102.31,100.13,102.21,1855200
2023-07-06 20:00:00-04:00,101.34,102.60,101.15,101.74,1440200
2023-07-09 20:00:00-04:00,101.85,103.86,101.45,103.80,1456600
2023-07-10 20:00:00-04:00,104.30,105.80,103.74,105.57,1649600
2023-07-11 20:00:00-04:00,106.75,106.96,105.04,105.08,1955300
2023-07-12 20:00:00-04:00,105.06,105.13,103.86,104.56,1601800
2023-07-13 20:00:00-04:00,104.28,104.42,103.22,104.08,905600
2023-07-16 20:00:00-04:00,103.25,104.68,102.83,104.40,1188200
2023-07-17 20:00:00-04:00,103.95,104.74,103.57,104.29,1325200
2023-07-18 20:00:00-04:00,104.70,106.55,104.66,105.91,1377900
2023-07-19 20:00:00-04:00,105.85,106.39,104.63,106.20,1186100
2023-07-20 20:00:00-04:00,106.56,107.17,105.94,106.11,1131500
2023-07-23 20:00:00-04:00,106.14,107.14,105.95,106.77,1021300
2023-07-24 20:00:00-04:00,107.20,107.55,106.11,106.15,1213600
2023-07-25 20:00:00-04:00,105.95,107.02,105.60,106.56,989200
2023-07-26 20:00:00-04:00,107.25,107.75,105.54,105.56,1412400
2023-07-27 20:00:00-04:00,106.64,107.11,106.03,106.83,1069200
2023-07-30 20:00:00-04:00,106.83,107.74,106.40,106.93,1301400
2023-07-31 20:00:00-04:00,106.79,107.86,106.42,107.65,1406600
2023-08-01 20:00:00-04:00,106.60,106.93,105.95,106.47,1107100
2023-08-02 20:00:00-04:00,101.81,102.71,97.96,101.58,2965500
2023-08-03 20:00:00-04:00,101.94,103.74,100.96,101.52,1537400
2023-08-06 20:00:00-04:00,101.72,102.94,101.58,102.69,1048700
2023-08-07 20:00:00-04:00,101.76,102.64,101.15,102.12,889800
2023-08-08 20:00:00-04:00,101.98,102.60,101.36,101.95,1002900
2023-08-09 20:00:00-04:00,102.60,103.35,101.53,102.00,1185300
2023-08-10 20:00:00-04:00,101.13,102.12,101.00,102.01,884800
2023-08-13 20:00:00-04:00,101.47,102.59,101.43,102.14,792300
2023-08-14 20:00:00-04:00,101.06,101.70,100.43,101.15,842300
2023-08-15 20:00:00-04:00,101.20,101.20,99.18,99.22,1172900
2023-08-16 20:00:00-04:00,99.45,100.08,97.91,97.96,1193700
2023-08-17 20:00:00-04:00,97.40,99.50,97.22,99.21,1170300
2023-08-20 20:00:00-04:00,99.15,99.55,96.63,96.73,1417800
2023-08-21 20:00:00-04:00,97.44,97.44,95.10,95.20,1753600
2023-08-22 20:00:00-04:00,95.40,96.43,94.88,95.81,1991700
2023-08-23 20:00:00-04:00,95.79,96.57,94.70,94.97,1751500
2023-08-24 20:00:00-04:00,95.18,95.59,94.32,95.03,1080900
2023-08-27 20:00:00-04:00,95.36,96.76,95.36,95.83,900400
2023-08-28 20:00:00-04:00,95.84,97.48,95.26,97.43,1085900
2023-08-29 20:00:00-04:00,97.45,98.11,96.67,97.41,774600
2023-08-30 20:00:00-04:00,97.34,97.71,96.80,97.40,1573400
2023-08-31 20:00:00-04:00,98.14,98.87,98.12,98.61,1306000
2023-09-04 20:00:00-04:00,98.52,99.18,98.17,98.64,2187400
2023-09-05 20:00:00-04:00,98.15,99.52,98.05,99.34,1921600
2023-09-06 20:00:00-04:00,99.18,100.22,98.72,99.86,1581900
2023-09-07 20:00:00-04:00,99.86,100.12,99.39,100.01,1022500
2023-09-10 20:00:00-04:00,100.11,100.64,99.56,100.11,1349900
2023-09-11 20:00:00-04:00,99.68,101.28,99.61,100.76,1314000
2023-09-12 20:00:00-04:00,100.79,100.79,99.70,100.14,1451900
2023-09-13 20:00:00-04:00,100.96,102.65,100.78,102.42,1627000
2023-09-14 20:00:00-04:00,102.31,102.39,101.41,101.57,2880800
2023-09-17 20:00:00-04:00,101.50,101.52,99.68,99.68,1334700
2023-09-18 20:00:00-04:00,99.47,100.21,99.06,99.69,1130500
2023-09-19 20:00:00-04:00,100.62,101.20,99.23,99.26,1560600
2023-09-20 20:00:00-04:00,98.65,99.16,97.36,97.41,2385700
2023-09-21 20:00:00-04:00,97.61,98.49,97.16,97.44,1585600
2023-09-24 20:00:00-04:00,97.04,98.30,96.78,97.83,1576500
2023-09-25 20:00:00-04:00,96.87,97.26,95.13,95.23,2228000
2023-09-26 20:00:00-04:00,95.61,96.31,94.30,94.40,2376000
2023-09-27 20:00:00-04:00,94.81,95.16,93.99,94.96,1984000
2023-09-28 20:00:00-04:00,96.11,96.57,93.45,94.26,2228800
2023-10-01 20:00:00-04:00,93.79,94.41,90.99,91.29,2077700
2023-10-02 20:00:00-04:00,90.74,91.13,89.09,90.19,2202500
2023-10-03 20:00:00-04:00,90.63,91.27,89.68,91.12,1295900
2023-10-04 20:00:00-04:00,90.88,91.51,90.39,91.21,1083500
2023-10-05 20:00:00-04:00,90.54,91.92,89.71,91.10,1123800
2023-10-08 20:00:00-04:00,90.47,92.35,90.18,92.00,882100
2023-10-09 20:00:00-04:00,92.00,93.38,91.63,92.62,1019100
2023-10-10 20:00:00-04:00,93.45,94.76,93.45,94.52,1479000
2023-10-11 20:00:00-04:00,94.27,94.31,93.18,93.66,1604400
2023-10-12 20:00:00-04:00,94.14,94.25,92.83,93.38,1499600
2023-10-15 20:00:00-04:00,94.23,95.04,93.46,94.52,1235800
2023-10-16 20:00:00-04:00,93.96,96.74,93.96,96.11,1470500
2023-10-17 20:00:00-04:00,95.55,95.70,94.55,94.71,1294700
2023-10-18 20:00:00-04:00,94.22,95.10,92.86,92.92,1571600
2023-10-19 20:00:00-04:00,93.29,93.71,92.56,92.62,1506700
2023-10-22 20:00:00-04:00,91.83,93.08,91.47,91.80,1560600
2023-10-23 20:00:00-04:00,92.62,93.62,92.28,92.46,1521500
2023-10-24 20:00:00-04:00,92.25,92.47,91.40,91.60,1465200
2023-10-25 20:00:00-04:00,91.68,93.52,91.68,92.77,1388500
2023-10-26 20:00:00-04:00,93.07,93.07,90.78,91.21,1744800
2023-10-29 20:00:00-04:00,92.11,93.09,90.95,91.90,1458400
2023-10-30 20:00:00-04:00,92.84,96.06,91.55,95.88,2384200
2023-10-31 20:00:00-04:00,96.84,98.45,95.94,98.15,2080800
2023-11-01 20:00:00-04:00,99.68,101.51,99.53,101.07,2049500
2023-11-02 20:00:00-04:00,102.98,104.54,102.69,102.86,1956400
2023-11-05 19:00:00-05:00,102.82,102.87,101.38,102.15,1225500
2023-11-06 19:00:00-05:00,101.98,101.98,99.86,100.55,1661200
2023-11-07 19:00:00-05:00,100.91,101.18,100.24,100.72,911300
2023-11-08 19:00:00-05:00,101.12,101.12,98.96,99.28,1204700
2023-11-09 19:00:00-05:00,100.16,100.81,98.94,100.63,906900
2023-11-12 19:00:00-05:00,99.96,100.96,98.99,100.81,1321700
2023-11-13 19:00:00-05:00,103.50,106.91,103.48,105.39,2105700
2023-11-14 19:00:00-05:00,105.14,105.90,104.45,105.17,1623400
2023-11-15 19:00:00-05:00,105.22,105.40,104.46,105.07,1271600
2023-11-16 19:00:00-05:00,105.87,106.25,105.26,106.17,1121300
2023-11-19 19:00:00-05:00,106.11,107.22,105.08,107.10,1283500
2023-11-20 19:00:00-05:00,106.59,106.59,105.65,106.23,1213700
2023-11-21 19:00:00-05:00,107.07,107.07,105.14,105.66,1190200
2023-11-23 19:00:00-05:00,105.75,106.01,104.67,105.43,767600
2023-11-26 19:00:00-05:00,105.43,106.61,104.63,106.19,1027500
2023-11-27 19:00:00-05:00,106.01,106.79,105.14,106.53,1149700
2023-11-28 19:00:00-05:00,107.47,108.64,106.95,107.11,1151700
2023-11-29 19:00:00-05:00,106.90,109.14,106.88,108.97,2300500
2023-11-30 19:00:00-05:00,109.10,112.48,108.75,112.40,1833600
2023-12-03 19:00:00-05:00,111.79,114.24,111.33,114.17,1920900
2023-12-04 19:00:00-05:00,113.34,114.32,112.91,114.11,1668700
2023-12-05 19:00:00-05:00,114.65,116.03,114.48,114.94,1769800
2023-12-06 19:00:00-05:00,115.09,116.36,114.27,116.28,1983700
2023-12-07 19:00:00-05:00,115.80,117.66,115.40,117.64,1394100
2023-12-10 19:00:00-05:00,117.30,119.34,117.07,119.32,1452900
2023-12-11 19:00:00-05:00,118.99,119.62,118.79,119.06,1330500
2023-12-12 19:00:00-05:00,119.06,123.59,117.84,123.28,2192300
2023-12-13 19:00:00-05:00,124.57,129.77,124.40,129.76,2874700
2023-12-14 19:00:00-05:00,128.86,129.61,126.98,127.79,3723300
2023-12-17 19:00:00-05:00,128.60,128.60,126.83,127.14,1425900
2023-12-18 19:00:00-05:00,127.40,129.12,127.04,128.51,1318900
2023-12-19 19:00:00-05:00,128.51,130.06,127.51,127.58,1215800
2023-12-20 19:00:00-05:00,128.43,128.53,124.87,125.90,2114000
2023-12-21 19:00:00-05:00,126.06,126.90,125.69,125.98,1191500
2023-12-25 19:00:00-05:00,125.98,127.38,125.71,127.18,786300
2023-12-26 19:00:00-05:00,127.36,127.83,126.67,127.19,1185300
2023-12-27 19:00:00-05:00,126.59,127.79,126.44,127.73,997500
2023-12-28 19:00:00-05:00,127.21,127.58,126.05,126.28,1227800
2024-01-01 19:00:00-05:00,125.69,127.51,124.82,126.62,1162900
2024-01-02 19:00:00-05:00,125.34,125.71,123.37,124.02,1248500
2024-01-03 19:00:00-05:00,123.97,125.19,123.47,124.17,1162300
2024-01-04 19:00:00-05:00,123.54,125.67,122.84,124.51,1187200
2024-01-07 19:00:00-05:00,124.75,126.15,124.17,125.98,1232800
2024-01-08 19:00:00-05:00,124.83,126.05,124.16,125.84,897800
2024-01-09 19:00:00-05:00,126.18,128.63,126.05,128.08,1675700
2024-01-10 19:00:00-05:00,127.29,128.59,126.36,127.82,1554900
2024-01-11 19:00:00-05:00,128.81,129.81,127.87,129.80,1641900
2024-01-15 19:00:00-05:00,128.92,129.71,128.04,128.83,1934700
2024-01-16 19:00:00-05:00,127.15,129.11,124.73,125.82,1591800
2024-01-17 19:00:00-05:00,126.12,126.57,123.86,125.56,1214600
2024-01-18 19:00:00-05:00,126.10,126.19,124.11,125.37,1550500
2024-01-21 19:00:00-05:00,126.44,127.44,125.59,125.73,1611800
2024-01-22 19:00:00-05:00,126.34,127.04,124.90,126.24,1138600
2024-01-23 19:00:00-05:00,127.56,127.59,124.69,125.26,1364600
2024-01-24 19:00:00-05:00,127.05,127.40,125.51,126.44,1139000
2024-01-25 19:00:00-05:00,126.77,126.84,125.47,125.67,1010300
2024-01-28 19:00:00-05:00,125.59,125.59,124.12,125.47,1305400
2024-01-29 19:00:00-05:00,125.08,125.28,123.25,123.27,2234500
2024-01-30 19:00:00-05:00,123.67,124.46,121.81,122.71,2292600
2024-01-31 19:00:00-05:00,122.45,123.43,121.05,123.41,2139500
2024-02-01 19:00:00-05:00,121.62,123.04,119.94,122.12,2028700
2024-02-04 19:00:00-05:00,120.72,122.19,119.65,121.10,2333000
2024-02-05 19:00:00-05:00,121.72,128.15,121.50,126.94,3199700
2024-02-06 19:00:00-05:00,127.48,128.09,126.11,126.98,1803100
2024-02-07 19:00:00-05:00,126.65,128.07,125.52,127.57,1226900
2024-02-08 19:00:00-05:00,128.60,130.46,127.53,130.07,2222400
2024-02-11 19:00:00-05:00,130.13,130.57,128.46,128.99,1554500
2024-02-12 19:00:00-05:00,126.14,127.08,124.20,127.06,1567200
2024-02-13 19:00:00-05:00,127.52,127.85,125.57,126.47,1454000
2024-02-14 19:00:00-05:00,127.62,131.52,127.62,131.02,1474900
2024-02-15 19:00:00-05:00,129.45,133.38,129.14,132.76,1792800
2024-02-19 19:00:00-05:00,132.00,133.01,130.97,131.82,1221900
2024-02-20 19:00:00-05:00,132.04,133.61,131.18,133.04,1038300
2024-02-21 19:00:00-05:00,133.65,135.55,132.80,134.13,1658300
2024-02-22 19:00:00-05:00,134.06,134.34,133.09,133.10,854900
2024-02-25 19:00:00-05:00,133.14,134.23,132.35,132.38,1108900
2024-02-26 19:00:00-05:00,133.04,134.45,132.07,132.53,1250900
2024-02-27 19:00:00-05:00,131.90,133.78,131.30,132.67,1613300
2024-02-28 19:00:00-05:00,133.83,134.00,130.29,131.15,3365300
2024-02-29 19:00:00-05:00,130.97,133.41,129.54,133.18,1240500
2024-03-03 19:00:00-05:00,133.18,135.21,132.70,134.93,1440800
2024-03-04 19:00:00-05:00,134.37,135.89,132.34,132.67,1696200
2024-03-05 19:00:00-05:00,133.31,135.22,132.81,134.85,1863300
2024-03-06 19:00:00-05:00,135.40,135.71,132.64,134.24,1878700
2024-03-07 19:00:00-05:00,134.97,136.22,134.60,135.37,1044600
2024-03-10 20:00:00-04:00,135.06,136.01,132.78,134.33,1237500
2024-03-11 20:00:00-04:00,134.33,135.79,134.10,135.05,2038100
2024-03-12 20:00:00-04:00,135.02,137.39,134.43,135.85,1161800
2024-03-13 20:00:00-04:00,135.07,135.32,132.59,133.94,1549900
2024-03-14 20:00:00-04:00,132.98,135.65,132.98,135.20,2985200
2024-03-17 20:00:00-04:00,135.41,136.53,135.08,136.26,1152900
2024-03-18 20:00:00-04:00,136.76,138.29,136.53,138.19,1536300
2024-03-19 20:00:00-04:00,137.38,139.72,137.20,139.36,1995300
2024-03-20 20:00:00-04:00,140.07,141.53,138.85,139.72,1451700
2024-03-21 20:00:00-04:00,139.72,139.96,136.07,136.18,1367000
2024-03-24 20:00:00-04:00,136.88,137.61,135.37,135.46,1084400
2024-03-25 20:00:00-04:00,135.72,136.74,135.11,135.11,1475700
2024-03-26 20:00:00-04:00,136.49,138.42,136.06,138.40,1330000
2024-03-27 20:00:00-04:00,138.81,140.67,138.73,140.33,1904800
2024-03-31 20:00:00-04:00,139.97,140.12,137.21,137.63,928800
2024-04-01 20:00:00-04:00,136.54,136.66,133.98,134.55,1595700
2024-04-02 20:00:00-04:00,134.59,135.31,133.98,134.29,1253000
2024-04-03 20:00:00-04:00,135.41,136.08,132.20,132.68,1172800
2024-04-04 20:00:00-04:00,132.74,135.03,132.42,134.65,918000
2024-04-07 20:00:00-04:00,134.78,135.11,133.85,134.84,1000000
2024-04-08 20:00:00-04:00,134.97,135.48,132.59,134.68,1008000
2024-04-09 20:00:00-04:00,131.18,131.82,129.64,130.52,1474600
2024-04-10 20:00:00-04:00,131.36,132.90,129.72,131.70,1333600
2024-04-11 20:00:00-04:00,131.05,131.60,128.97,129.86,1128000
2024-04-14 20:00:00-04:00,131.14,131.14,126.77,127.69,1237700
2024-04-15 20:00:00-04:00,127.29,127.40,125.13,125.86,1301600
2024-04-16 20:00:00-04:00,126.41,127.51,125.66,126.39,1019700
2024-04-17 20:00:00-04:00,127.03,127.39,125.55,125.88,1046100
2024-04-18 20:00:00-04:00,126.75,126.89,125.39,125.94,1116100
2024-04-21 20:00:00-04:00,126.44,128.67,125.67,127.71,984400
2024-04-22 20:00:00-04:00,127.80,129.55,127.80,128.94,877400
2024-04-23 20:00:00-04:00,128.33,128.89,127.00,128.07,1110000
2024-04-24 20:00:00-04:00,126.66,128.88,126.08,127.99,1741000
2024-04-25 20:00:00-04:00,128.28,129.55,127.62,127.66,1026200
2024-04-28 20:00:00-04:00,128.99,129.89,127.97,129.88,1111000
2024-04-29 20:00:00-04:00,128.53,129.59,125.75,126.02,1835400
2024-04-30 20:00:00-04:00,125.85,128.08,124.87,125.71,1355900
2024-05-01 20:00:00-04:00,126.94,127.33,124.93,126.77,1829400
2024-05-02 20:00:00-04:00,128.24,129.55,127.24,128.17,1257400
2024-05-05 20:00:00-04:00,129.38,130.43,128.68,129.53,1598800
2024-05-06 20:00:00-04:00,131.61,135.84,129.80,132.68,2682400
2024-05-07 20:00:00-04:00,131.74,133.65,131.58,132.61,1490800
2024-05-08 20:00:00-04:00,133.20,134.76,132.64,133.73,1364800
2024-05-09 20:00:00-04:00,134.25,134.51,132.36,132.47,1305300
2024-05-12 20:00:00-04:00,132.85,133.37,130.93,131.80,1381700
2024-05-13 20:00:00-04:00,132.32,134.26,132.12,134.10,1087800
2024-05-14 20:00:00-04:00,136.30,136.52,134.47,134.74,1005600
2024-05-15 20:00:00-04:00,134.74,135.84,133.05,133.31,1802200
2024-05-16 20:00:00-04:00,134.20,134.20,132.81,133.43,1258400
2024-05-19 20:00:00-04:00,133.40,133.59,131.03,131.26,851700
2024-05-20 20:00:00-04:00,131.11,132.85,130.90,132.69,1101900
2024-05-21 20:00:00-04:00,132.26,132.91,130.60,131.10,734400
2024-05-22 20:00:00-04:00,131.18,131.36,129.64,129.73,1091000
2024-05-23 20:00:00-04:00,131.54,132.95,130.94,132.61,1410900
2024-05-27 20:00:00-04:00,133.53,133.99,131.68,131.99,1187200
2024-05-28 20:00:00-04:00,130.98,132.16,130.55,131.91,1131000
2024-05-29 20:00:00-04:00,132.81,133.50,132.28,133.11,1088100
2024-05-30 20:00:00-04:00,134.00,135.85,133.43,135.69,2376200
2024-06-02 20:00:00-04:00,135.72,136.52,134.48,135.95,1770900
2024-06-03 20:00:00-04:00,135.52,137.21,135.52,136.73,1208100
2024-06-04 20:00:00-04:00,137.10,137.66,136.17,137.61,1480600
2024-06-05 20:00:00-04:00,137.03,138.64,137.02,137.90,1686200
2024-06-06 20:00:00-04:00,136.34,138.64,135.78,137.91,1776400
2024-06-09 20:00:00-04:00,137.38,138.78,136.76,138.14,1962400
2024-06-10 20:00:00-04:00,137.41,137.55,136.87,137.00,2294100
2024-06-11 20:00:00-04:00,140.06,140.72,138.86,139.16,1818000
2024-06-12 20:00:00-04:00,139.20,140.37,137.79,137.99,1073400
2024-06-13 20:00:00-04:00,136.97,137.96,134.73,135.22,1299200
2024-06-16 20:00:00-04:00,134.57,134.68,133.62,134.17,1211000
2024-06-17 20:00:00-04:00,134.29,134.98,133.23,133.49,1143100
2024-06-19 20:00:00-04:00,133.07,134.03,132.20,132.87,1555000
2024-06-20 20:00:00-04:00,133.06,133.17,131.65,132.80,2538500
2024-06-23 20:00:00-04:00,132.88,136.90,132.73,136.70,2240800
2024-06-24 20:00:00-04:00,136.58,136.80,133.57,134.35,1885600
2024-06-25 20:00:00-04:00,133.57,135.13,132.91,134.10,1674600
2024-06-26 20:00:00-04:00,134.36,136.27,133.80,136.11,1641300
2024-06-27 20:00:00-04:00,136.99,138.46,136.01,137.92,3709800
2024-06-30 20:00:00-04:00,136.81,137.56,132.54,133.12,1452500
2024-07-01 20:00:00-04:00,133.07,134.84,132.73,134.27,1142300
2024-07-02 20:00:00-04:00,134.95,135.60,133.92,134.71,619500
2024-07-04 20:00:00-04:00,134.47,134.56,132.14,132.73,962800
2024-07-07 20:00:00-04:00,133.35,134.41,132.95,133.44,784300
2024-07-08 20:00:00-04:00,133.23,135.54,132.87,134.08,1334100
2024-07-09 20:00:00-04:00,134.55,134.95,133.11,134.87,719800
2024-07-10 20:00:00-04:00,136.85,137.47,134.78,135.20,1384500
2024-07-11 20:00:00-04:00,136.20,136.99,134.73,135.81,1140700
2024-07-14 20:00:00-04:00,136.20,136.47,134.66,136.34,1187400
2024-07-15 20:00:00-04:00,137.04,137.69,136.04,137.66,1584600
2024-07-16 20:00:00-04:00,137.17,141.36,137.17,140.74,1794100
2024-07-17 20:00:00-04:00,140.34,143.73,138.79,139.11,1226600
2024-07-18 20:00:00-04:00,139.87,140.15,138.71,139.42,993100
2024-07-21 20:00:00-04:00,139.66,143.51,139.45,143.32,1708700
2024-07-22 20:00:00-04:00,142.65,144.01,141.65,142.48,1764900
2024-07-23 20:00:00-04:00,142.61,142.65,135.99,136.19,1905900
2024-07-24 20:00:00-04:00,136.80,138.45,134.89,135.66,1118100
2024-07-25 20:00:00-04:00,136.55,139.24,136.10,138.51,1032400
2024-07-28 20:00:00-04:00,138.74,139.72,137.15,138.86,784900
2024-07-29 20:00:00-04:00,139.32,141.49,138.84,140.66,964800
2024-07-30 20:00:00-04:00,140.26,141.64,139.03,139.41,1770100
2024-07-31 20:00:00-04:00,140.84,142.29,137.67,139.41,1266500
2024-08-01 20:00:00-04:00,138.10,139.05,135.90,137.26,1432900
2024-08-04 20:00:00-04:00,135.03,137.92,132.42,134.51,2049300
2024-08-05 20:00:00-04:00,136.39,142.12,133.69,141.32,1586200
2024-08-06 20:00:00-04:00,142.55,142.55,138.68,138.94,1569200
2024-08-07 20:00:00-04:00,139.35,141.28,139.07,140.97,988800
2024-08-08 20:00:00-04:00,141.15,145.13,140.56,144.16,1477700
2024-08-11 20:00:00-04:00,143.18,145.08,137.89,139.10,2035700
2024-08-12 20:00:00-04:00,140.22,141.85,138.84,141.67,1287300
2024-08-13 20:00:00-04:00,141.57,143.36,141.19,142.48,960200
2024-08-14 20:00:00-04:00,143.55,146.55,143.10,143.43,1853500
2024-08-15 20:00:00-04:00,143.59,144.63,141.61,142.37,1422600
2024-08-18 20:00:00-04:00,142.96,145.31,142.60,145.27,968400
2024-08-19 20:00:00-04:00,145.37,145.69,143.86,144.83,910200
2024-08-20 20:00:00-04:00,145.02,146.43,144.45,146.41,882600
2024-08-21 20:00:00-04:00,146.64,147.61,146.09,147.38,881000
2024-08-22 20:00:00-04:00,147.78,151.70,147.58,151.28,1325800
2024-08-25 20:00:00-04:00,152.19,152.72,151.23,152.06,1173600
2024-08-26 20:00:00-04:00,151.11,153.72,150.82,152.69,1404200
2024-08-27 20:00:00-04:00,152.68,153.36,150.76,152.38,909900
2024-08-28 20:00:00-04:00,152.64,152.94,149.83,150.37,1296200
2024-08-29 20:00:00-04:00,151.31,152.19,149.90,152.05,1747100
2024-09-02 20:00:00-04:00,149.05,150.63,148.05,148.93,1867200
2024-09-03 20:00:00-04:00,149.01,151.22,148.76,149.99,1258400
2024-09-04 20:00:00-04:00,151.41,151.64,148.89,149.17,1013500
2024-09-05 20:00:00-04:00,149.52,150.21,147.51,149.46,1443600
2024-09-08 20:00:00-04:00,149.13,149.42,146.72,148.98,1406600
2024-09-09 20:00:00-04:00,149.78,150.99,148.25,150.85,1155000
2024-09-10 20:00:00-04:00,149.41,151.03,147.27,150.32,1566600
2024-09-11 20:00:00-04:00,149.05,151.42,148.51,150.65,1356000
2024-09-12 20:00:00-04:00,151.58,152.59,149.61,150.91,2512400
2024-09-15 20:00:00-04:00,152.63,153.46,151.16,151.71,1794000
2024-09-16 20:00:00-04:00,151.73,153.01,150.81,151.21,1288100
2024-09-17 20:00:00-04:00,151.73,153.25,150.43,151.21,1786900
2024-09-18 20:00:00-04:00,153.25,154.03,151.20,153.70,1599300
2024-09-19 20:00:00-04:00,153.11,154.24,152.30,153.23,5723275
2024-09-22 20:00:00-04:00,152.73,154.84,152.73,154.70,2274400
2024-09-23 20:00:00-04:00,154.47,157.21,153.88,156.51,1546700
2024-09-24 20:00:00-04:00,156.62,157.03,154.66,155.58,1349400
2024-09-25 20:00:00-04:00,155.85,155.85,152.62,153.10,1085300
2024-09-26 20:00:00-04:00,154.04,155.24,153.10,154.30,1397200
2024-09-29 20:00:00-04:00,153.72,155.56,152.85,155.51,1599400
2024-09-30 20:00:00-04:00,155.49,156.19,153.02,155.99,1327100
2024-10-01 20:00:00-04:00,155.04,156.17,154.11,155.06,1321400
2024-10-02 20:00:00-04:00,154.75,154.99,153.32,154.89,1126700
2024-10-03 20:00:00-04:00,154.89,156.16,153.71,156.02,1211100
2024-10-06 20:00:00-04:00,155.02,155.20,153.37,154.11,1069300
2024-10-07 20:00:00-04:00,154.86,155.47,153.11,153.86,1087400
2024-10-08 20:00:00-04:00,153.47,155.92,152.86,155.70,805300
2024-10-09 20:00:00-04:00,154.76,155.69,153.71,154.41,741900
2024-10-10 20:00:00-04:00,155.43,157.80,155.35,157.12,1135400
2024-10-13 20:00:00-04:00,156.69,158.50,155.95,157.95,888800
2024-10-14 20:00:00-04:00,158.25,162.57,158.25,160.67,1374000
2024-10-15 20:00:00-04:00,160.74,161.73,160.13,161.03,1264000
2024-10-16 20:00:00-04:00,160.48,161.10,159.06,160.41,1070800
2024-10-17 20:00:00-04:00,160.87,162.92,159.48,162.77,1060400
2024-10-20 20:00:00-04:00,162.18,162.65,159.77,160.28,1032000
2024-10-21 20:00:00-04:00,160.44,161.49,159.67,160.87,928100
2024-10-22 20:00:00-04:00,159.66,161.28,158.70,159.92,908900
2024-10-23 20:00:00-04:00,159.95,161.24,158.86,159.54,1047200
2024-10-24 20:00:00-04:00,159.86,160.14,156.35,156.89,954900
2024-10-27 20:00:00-04:00,157.85,160.02,157.79,158.73,1101500
2024-10-28 20:00:00-04:00,158.27,158.96,157.33,158.23,857700
2024-10-29 20:00:00-04:00,158.46,159.70,157.88,158.32,929400
2024-10-30 20:00:00-04:00,156.81,157.94,155.51,155.60,1794900
2024-10-31 20:00:00-04:00,153.75,157.68,152.73,154.29,1433600
2024-11-03 19:00:00-05:00,155.10,158.39,154.30,158.39,1215900
2024-11-04 19:00:00-05:00,157.33,160.45,157.26,160.45,894600
2024-11-05 19:00:00-05:00,162.20,164.42,157.68,159.73,1967000
2024-11-06 19:00:00-05:00,160.18,162.81,159.90,161.70,1278200
2024-11-07 19:00:00-05:00,162.18,165.11,162.18,164.71,972000
2024-11-10 19:00:00-05:00,164.54,167.32,164.23,166.84,1491200
2024-11-11 19:00:00-05:00,166.70,168.22,163.91,163.97,1516500
2024-11-12 19:00:00-05:00,165.04,166.70,164.23,164.84,1197200
2024-11-13 19:00:00-05:00,164.88,166.33,163.66,164.05,1187600
2024-11-14 19:00:00-05:00,163.75,166.39,162.39,165.86,1127500
2024-11-17 19:00:00-05:00,164.92,166.78,164.92,166.39,1125600
2024-11-18 19:00:00-05:00,165.41,167.20,164.80,166.72,1160400
2024-11-19 19:00:00-05:00,166.02,166.82,165.02,166.44,1139300
2024-11-20 19:00:00-05:00,166.50,168.15,165.87,167.26,883800
2024-11-21 19:00:00-05:00,168.44,169.25,166.21,166.66,1836500
2024-11-24 19:00:00-05:00,167.58,168.28,165.67,165.71,4564900
2024-11-25 19:00:00-05:00,166.15,169.23,165.60,168.79,1358500
2024-11-26 19:00:00-05:00,168.61,171.13,168.55,169.06,903000
2024-11-28 19:00:00-05:00,169.95,171.13,168.92,168.92,1291400
2024-12-01 19:00:00-05:00,168.51,168.52,166.30,166.87,1687800
2024-12-02 19:00:00-05:00,168.11,168.21,165.07,166.19,1651400
2024-12-03 19:00:00-05:00,166.80,167.09,164.95,167.00,1128400
2024-12-04 19:00:00-05:00,166.20,168.18,165.95,167.34,1209300
2024-12-05 19:00:00-05:00,168.37,169.27,167.56,169.14,1419400
2024-12-08 19:00:00-05:00,169.06,170.16,167.79,169.48,1638400
2024-12-09 19:00:00-05:00,168.81,168.81,165.82,166.80,1925500
2024-12-10 19:00:00-05:00,166.80,167.39,163.84,164.38,1777000
2024-12-11 19:00:00-05:00,164.38,167.38,164.29,164.92,1509100
2024-12-12 19:00:00-05:00,165.35,167.35,164.00,167.15,1462400
2024-12-15 19:00:00-05:00,166.92,170.11,166.42,169.32,1499700
2024-12-16 19:00:00-05:00,167.87,169.96,167.27,167.48,1681100
2024-12-17 19:00:00-05:00,167.05,168.69,159.52,159.62,1852100
2024-12-18 19:00:00-05:00,160.62,162.16,157.29,157.53,2057400
2024-12-19 19:00:00-05:00,159.20,162.07,158.52,159.71,4887000
2024-12-22 19:00:00-05:00,159.14,159.84,157.80,159.50,1388500
2024-12-23 19:00:00-05:00,159.04,161.43,158.69,161.33,441700
2024-12-25 19:00:00-05:00,160.66,162.31,160.18,161.75,469900
2024-12-26 19:00:00-05:00,160.40,162.21,159.44,160.08,734400
2024-12-29 19:00:00-05:00,158.28,159.63,156.83,159.02,852000
2024-12-30 19:00:00-05:00,160.33,160.61,158.68,160.27,1376100
2025-01-01 19:00:00-05:00,160.54,162.16,159.68,161.50,1154500
2025-01-02 19:00:00-05:00,161.98,164.03,161.58,163.86,896900
2025-01-05 19:00:00-05:00,163.02,163.71,161.87,162.32,2050700
2025-01-06 19:00:00-05:00,162.69,164.45,161.16,162.10,2317800
2025-01-07 19:00:00-05:00,161.77,162.86,160.79,162.58,1319700
2025-01-09 19:00:00-05:00,160.41,162.72,158.31,159.11,2010300
2025-01-12 19:00:00-05:00,158.81,161.08,158.07,160.82,1257000
2025-01-13 19:00:00-05:00,161.60,162.60,160.73,161.54,1067900
2025-01-14 19:00:00-05:00,164.37,164.67,159.02,159.84,1204400
2025-01-15 19:00:00-05:00,160.09,161.16,158.90,160.74,1195800
2025-01-16 19:00:00-05:00,161.46,163.54,160.58,162.07,1302400
2025-01-20 19:00:00-05:00,161.94,164.31,161.94,163.76,1078300
2025-01-21 19:00:00-05:00,163.31,163.31,160.63,160.91,1517100
2025-01-22 19:00:00-05:00,161.29,162.87,160.30,162.74,902100
2025-01-23 19:00:00-05:00,162.25,164.22,161.90,162.17,1050700
2025-01-26 19:00:00-05:00,162.51,164.65,162.21,164.45,1186100
2025-01-27 19:00:00-05:00,163.71,165.11,163.19,163.44,786600
2025-01-28 19:00:00-05:00,163.80,164.88,160.77,161.59,689200
2025-01-29 19:00:00-05:00,162.98,164.96,162.38,163.60,1093600
2025-01-30 19:00:00-05:00,163.68,164.83,161.13,161.81,1504200
2025-02-02 19:00:00-05:00,160.18,162.01,158.76,161.39,1306100
2025-02-03 19:00:00-05:00,159.50,161.62,159.50,161.33,1041100
2025-02-04 19:00:00-05:00,166.18,168.03,163.77,166.69,1998200
2025-02-05 19:00:00-05:00,168.78,168.88,165.46,167.68,1382900
2025-02-06 19:00:00-05:00,168.00,168.36,166.86,167.47,1082100
2025-02-09 19:00:00-05:00,168.24,168.39,166.36,168.04,1492000
2025-02-10 19:00:00-05:00,167.84,171.76,167.31,171.60,2155800
2025-02-11 19:00:00-05:00,168.41,171.64,168.41,171.13,1395300
2025-02-12 19:00:00-05:00,171.77,174.13,170.94,173.31,1355200
2025-02-13 19:00:00-05:00,173.91,175.10,172.17,172.22,998000
2025-02-17 19:00:00-05:00,172.55,174.04,172.11,173.14,1135200
2025-02-18 19:00:00-05:00,172.64,173.64,171.50,173.04,783100
2025-02-19 19:00:00-05:00,172.57,174.49,172.57,173.77,940600
2025-02-20 19:00:00-05:00,174.23,174.50,169.18,171.06,1367600
2025-02-23 19:00:00-05:00,171.63,173.27,171.12,171.85,1657000
2025-02-24 19:00:00-05:00,171.99,173.34,170.37,171.06,1356700
2025-02-25 19:00:00-05:00,171.88,173.20,170.49,171.47,1078300
2025-02-26 19:00:00-05:00,172.21,173.20,169.87,169.92,954100
2025-02-27 19:00:00-05:00,170.95,173.33,169.67,173.19,2573100
2025-03-02 19:00:00-05:00,174.31,176.96,173.15,174.76,2047200
2025-03-03 19:00:00-05:00,174.53,174.83,170.06,170.85,2894800
2025-03-04 19:00:00-05:00,169.45,171.58,168.28,170.67,1772800
2025-03-05 19:00:00-05:00,168.61,169.04,162.23,162.44,1949500
2025-03-06 19:00:00-05:00,162.23,163.42,157.89,159.24,1898700
2025-03-09 20:00:00-04:00,158.53,159.66,154.59,155.74,2140500
2025-03-10 20:00:00-04:00,156.03,156.38,151.03,154.04,2565500
2025-03-11 20:00:00-04:00,154.96,157.72,154.53,156.25,2003000
2025-03-12 20:00:00-04:00,156.40,157.86,149.08,150.27,1832900
2025-03-13 20:00:00-04:00,151.61,151.91,149.54,151.90,1887500
2025-03-16 20:00:00-04:00,152.88,158.11,152.27,157.22,2279300
2025-03-17 20:00:00-04:00,156.94,158.38,155.05,155.28,1340200
2025-03-18 20:00:00-04:00,155.28,156.42,153.45,155.28,1674500
2025-03-19 20:00:00-04:00,155.12,155.94,152.83,154.95,1445800
2025-03-20 20:00:00-04:00,153.87,154.44,150.67,152.74,3094000
2025-03-23 20:00:00-04:00,153.11,156.82,152.35,156.52,1300500
2025-03-24 20:00:00-04:00,156.68,158.96,154.76,156.19,1661800
2025-03-25 20:00:00-04:00,156.59,158.81,156.59,158.72,1630100
2025-03-26 20:00:00-04:00,158.73,159.77,155.90,156.27,1665700
2025-03-27 20:00:00-04:00,157.25,157.70,153.69,154.79,1309300
2025-03-30 20:00:00-04:00,154.22,157.15,154.13,156.49,2409200
2025-03-31 20:00:00-04:00,157.01,157.82,154.23,156.85,1483200
2025-04-01 20:00:00-04:00,156.24,160.99,156.01,160.57,1417900
2025-04-02 20:00:00-04:00,154.28,155.47,143.11,144.33,3770000
2025-04-03 20:00:00-04:00,139.34,142.00,134.50,137.61,3680100
2025-04-06 20:00:00-04:00,131.91,141.83,130.13,135.06,3557400
2025-04-07 20:00:00-04:00,139.93,141.34,130.53,132.26,2703600
2025-04-08 20:00:00-04:00,131.17,145.33,128.46,144.33,4323400
2025-04-09 20:00:00-04:00,141.34,143.22,134.83,139.16,2325500
2025-04-10 20:00:00-04:00,138.29,140.41,134.08,139.64,1713000
2025-04-13 20:00:00-04:00,142.26,143.12,140.10,141.21,1406900
2025-04-14 20:00:00-04:00,140.96,142.98,140.25,140.74,1203500
2025-04-15 20:00:00-04:00,140.63,142.49,138.36,139.50,1435900
2025-04-16 20:00:00-04:00,140.48,143.29,140.23,141.71,1267300
2025-04-20 20:00:00-04:00,139.73,140.14,137.42,138.70,1701000
2025-04-21 20:00:00-04:00,140.71,143.39,139.45,142.00,1495900
2025-04-22 20:00:00-04:00,144.15,149.16,144.02,144.43,1862300
2025-04-23 20:00:00-04:00,143.82,148.21,143.07,147.18,1696800
2025-04-24 20:00:00-04:00,147.30,148.66,146.56,147.61,1421800
2025-04-27 20:00:00-04:00,147.85,149.83,147.16,149.35,1551700
2025-04-28 20:00:00-04:00,148.10,149.32,146.33,147.74,1284300
2025-04-29 20:00:00-04:00,146.50,148.78,144.31,148.29,2279600
2025-04-30 20:00:00-04:00,149.09,151.56,147.93,149.69,1365700
2025-05-01 20:00:00-04:00,151.81,153.05,150.53,152.43,1321300
2025-05-04 20:00:00-04:00,151.38,152.85,151.05,151.57,991100
2025-05-05 20:00:00-04:00,150.55,152.05,149.11,150.92,1139400
2025-05-06 20:00:00-04:00,151.59,154.08,151.29,152.14,1629300
2025-05-07 20:00:00-04:00,152.55,154.88,151.09,153.59,1387000
2025-05-08 20:00:00-04:00,153.91,155.55,153.11,153.76,1612100
2025-05-11 20:00:00-04:00,159.61,162.20,159.53,161.54,2804900
2025-05-12 20:00:00-04:00,158.06,158.30,151.21,151.59,3838100
2025-05-13 20:00:00-04:00,151.56,152.56,149.07,151.87,2179200
2025-05-14 20:00:00-04:00,152.03,154.01,151.64,153.61,1279200
2025-05-15 20:00:00-04:00,154.07,155.88,153.16,155.58,1352600
2025-05-18 20:00:00-04:00,153.39,155.47,152.99,154.99,1591400
2025-05-19 20:00:00-04:00,154.02,154.18,152.52,153.53,1661800
2025-05-20 20:00:00-04:00,152.14,152.64,148.84,148.99,2158200
2025-05-21 20:00:00-04:00,148.85,149.89,146.95,148.83,1903800
2025-05-22 20:00:00-04:00,147.22,148.87,147.04,147.71,1268500
2025-05-26 20:00:00-04:00,149.40,151.57,148.16,150.96,1929600
2025-05-27 20:00:00-04:00,150.96,151.92,149.68,151.90,1488400
2025-05-28 20:00:00-04:00,152.37,155.13,151.91,153.80,1337300
2025-05-29 20:00:00-04:00,152.75,153.86,151.70,153.65,3546200
2025-06-01 20:00:00-04:00,152.76,153.52,150.33,153.50,1156200
2025-06-02 20:00:00-04:00,153.04,154.26,151.96,152.44,1651900
2025-06-03 20:00:00-04:00,152.19,153.07,151.13,152.28,994700
2025-06-04 20:00:00-04:00,152.28,152.60,151.15,151.46,1065900
2025-06-05 20:00:00-04:00,152.81,153.36,151.34,152.74,1303800
2025-06-08 20:00:00-04:00,152.44,154.38,152.16,153.14,1139000
2025-06-09 20:00:00-04:00,152.74,153.81,152.03,153.59,1328400
2025-06-10 20:00:00-04:00,154.09,154.55,151.80,152.45,1486300
2025-06-11 20:00:00-04:00,152.09,152.14,150.78,151.58,1565000
2025-06-12 20:00:00-04:00,150.33,150.92,148.38,149.78,2090700
2025-06-15 20:00:00-04:00,150.99,152.47,150.10,150.69,1753200
2025-06-16 20:00:00-04:00,150.61,151.31,149.33,150.00,1388000
2025-06-17 20:00:00-04:00,150.00,151.37,149.16,149.97,1476100
2025-06-19 20:00:00-04:00,150.67,151.66,149.54,150.13,2806500
2025-06-22 20:00:00-04:00,150.44,152.32,148.84,151.86,1340500
2025-06-23 20:00:00-04:00,152.35,153.61,151.57,152.85,1559200
2025-06-24 20:00:00-04:00,152.34,152.72,149.92,150.25,1380400
2025-06-25 20:00:00-04:00,150.78,153.45,150.44,153.31,1788200
2025-06-26 20:00:00-04:00,153.53,154.73,152.25,153.21,2029000
2025-06-29 20:00:00-04:00,153.06,153.62,150.83,153.46,2060200
2025-06-30 20:00:00-04:00,153.06,158.24,152.74,156.81,1772300
2025-07-01 20:00:00-04:00,156.93,158.78,155.75,158.31,1589400
2025-07-02 20:00:00-04:00,158.64,160.19,158.17,159.17,925300
2025-07-06 20:00:00-04:00,158.44,160.28,156.77,157.55,1277600
2025-07-07 20:00:00-04:00,156.81,158.02,155.75,156.03,1790400
2025-07-08 20:00:00-04:00,157.15,157.26,155.52,155.53,1427100
2025-07-09 20:00:00-04:00,155.59,157.18,155.37,156.03,1061500
2025-07-10 20:00:00-04:00,154.65,155.05,153.65,154.41,1112300
2025-07-13 20:00:00-04:00,154.01,155.18,153.40,155.06,1434000
2025-07-14 20:00:00-04:00,155.54,155.54,152.10,152.67,1532200
2025-07-15 20:00:00-04:00,153.44,154.56,152.12,154.14,1438900
2025-07-16 20:00:00-04:00,154.35,155.77,154.03,155.34,1054200
2025-07-17 20:00:00-04:00,155.50,156.37,154.69,155.47,950800
2025-07-20 20:00:00-04:00,155.69,157.40,155.04,156.33,1502800
2025-07-21 20:00:00-04:00,156.29,158.33,156.00,158.05,1654000
2025-07-22 20:00:00-04:00,158.81,159.20,157.61,158.22,1040600
2025-07-23 20:00:00-04:00,157.84,159.33,157.32,157.47,1339300
2025-07-24 20:00:00-04:00,158.02,159.63,156.81,159.52,1374700
2025-07-27 20:00:00-04:00,159.21,159.92,157.61,157.78,1090200
2025-07-28 20:00:00-04:00,159.30,160.53,158.56,160.45,1125600
2025-07-29 20:00:00-04:00,160.71,161.06,156.88,157.95,1085200
2025-07-30 20:00:00-04:00,156.79,158.46,156.01,156.35,1739400
2025-07-31 20:00:00-04:00,155.55,155.93,152.45,153.39,2149800
2025-08-03 20:00:00-04:00,153.99,157.72,153.21,156.50,1847300
2025-08-04 20:00:00-04:00,152.73,161.86,152.73,161.62,2645200
2025-08-05 20:00:00-04:00,162.28,163.78,159.71,159.92,1844700
2025-08-06 20:00:00-04:00,161.13,161.22,157.61,158.80,1399500
2025-08-07 20:00:00-04:00,158.79,159.62,157.33,157.44,1109100
2025-08-10 20:00:00-04:00,157.04,158.10,155.88,157.70,1190800
2025-08-11 20:00:00-04:00,158.49,161.73,157.86,161.54,1242600
2025-08-12 20:00:00-04:00,161.60,165.03,161.43,164.76,1660300
2025-08-13 20:00:00-04:00,163.67,164.70,162.75,164.37,1889000
2025-08-14 20:00:00-04:00,164.61,165.53,163.45,165.41,1581600
2025-08-17 20:00:00-04:00,165.52,166.21,164.48,164.73,1187900
2025-08-18 20:00:00-04:00,164.76,168.14,164.28,166.94,1907500
2025-08-19 20:00:00-04:00,167.20,167.53,165.60,166.23,1017400
2025-08-20 20:00:00-04:00,165.31,166.28,164.62,165.56,810700
2025-08-21 20:00:00-04:00,167.02,169.82,166.18,168.54,1313800
2025-08-24 20:00:00-04:00,168.56,169.38,167.95,168.40,1408400
2025-08-25 20:00:00-04:00,168.36,169.73,168.01,168.80,2020200
2025-08-26 20:00:00-04:00,168.60,170.51,168.39,170.08,1754600
2025-08-27 20:00:00-04:00,170.87,171.39,169.04,171.22,1438700
2025-08-28 20:00:00-04:00,171.83,172.76,171.28,172.46,1716900
2025-09-01 20:00:00-04:00,169.41,171.08,168.97,170.75,2825700
2025-09-02 20:00:00-04:00,170.55,172.07,169.77,171.70,1590500
2025-09-03 20:00:00-04:00,172.61,173.66,171.54,173.28,2103600
2025-09-04 20:00:00-04:00,174.50,176.39,172.60,173.98,1829500
2025-09-07 20:00:00-04:00,173.52,174.63,171.93,174.26,2369300
2025-09-08 20:00:00-04:00,173.35,174.24,172.09,173.29,1889400
2025-09-09 20:00:00-04:00,172.82,173.75,171.93,173.13,2223300
2025-09-10 20:00:00-04:00,173.87,177.90,173.55,177.64,1786300
2025-09-11 20:00:00-04:00,177.64,178.22,175.91,176.26,1547300
2025-09-14 20:00:00-04:00,176.01,177.97,175.08,177.51,1570800
2025-09-15 20:00:00-04:00,177.04,177.81,175.08,175.34,1348600
2025-09-16 20:00:00-04:00,175.36,177.89,174.52,175.38,1706300
2025-09-17 20:00:00-04:00,175.81,176.62,172.60,173.96,1898600
2025-09-18 20:00:00-04:00,174.22,176.11,173.92,174.57,5723275
2025-09-21 20:00:00-04:00,173.63,175.26,172.32,174.98,1401800
2025-09-22 20:00:00-04:00,174.57,178.39,174.48,177.87,1386200
2025-09-23 20:00:00-04:00,177.81,178.40,176.27,176.90,1531200
2025-09-24 20:00:00-04:00,176.86,177.53,176.27,176.40,1303600
2025-09-25 20:00:00-04:00,176.60,179.56,176.02,179.08,1368100
2025-09-28 20:00:00-04:00,179.16,180.00,178.53,179.53,1282600
2025-09-29 20:00:00-04:00,179.84,181.74,179.00,181.29,1812200
2025-09-30 20:00:00-04:00,181.28,182.02,178.13,179.44,1836400
2025-10-01 20:00:00-04:00,179.44,179.47,177.62,178.72,1494100
2025-10-02 20:00:00-04:00,178.89,180.88,178.41,178.93,1146500
2025-10-05 20:00:00-04:00,178.17,178.95,173.06,173.07,1568000
2025-10-06 20:00:00-04:00,173.14,173.61,171.30,172.83,1601000
2025-10-07 20:00:00-04:00,171.78,172.29,170.92,172.17,1318500
2025-10-08 20:00:00-04:00,172.64,173.19,171.44,172.76,923300
2025-10-09 20:00:00-04:00,173.50,174.12,169.33,169.34,1621100
2025-10-12 20:00:00-04:00,170.48,171.64,169.58,170.50,1124000
2025-10-13 20:00:00-04:00,170.24,170.53,168.71,169.85,1528600
2025-10-14 20:00:00-04:00,170.72,173.07,170.62,172.29,1409400
2025-10-15 20:00:00-04:00,172.49,173.25,170.08,170.73,1069200
2025-10-16 20:00:00-04:00,170.43,172.66,170.36,172.03,1045500
2025-10-19 20:00:00-04:00,172.55,173.34,171.14,172.40,685200
2025-10-20 20:00:00-04:00,172.57,174.52,172.01,172.64,1073300
2025-10-21 20:00:00-04:00,173.90,174.90,172.74,173.86,919800
2025-10-22 20:00:00-04:00,173.78,174.47,171.94,172.63,1168200
2025-10-23 20:00:00-04:00,173.40,173.72,171.99,172.03,1229500
2025-10-26 20:00:00-04:00,172.46,173.83,171.67,173.66,1005000
2025-10-27 20:00:00-04:00,173.25,173.25,170.60,170.76,962300
2025-10-28 20:00:00-04:00,169.71,170.57,166.53,167.73,2293400
2025-10-29 20:00:00-04:00,168.10,169.68,167.23,167.45,1571500
2025-10-30 20:00:00-04:00,167.67,170.46,166.33,169.78,1912300
2025-11-02 19:00:00-05:00,168.52,171.65,167.89,170.66,1965500
2025-11-03 19:00:00-05:00,172.00,178.73,172.00,176.38,2382100
2025-11-04 19:00:00-05:00,176.64,177.87,175.18,175.23,1809900
2025-11-05 19:00:00-05:00,175.36,176.35,173.67,174.59,1099500
2025-11-06 19:00:00-05:00,175.28,177.44,174.55,177.35,1040800
2025-11-09 19:00:00-05:00,178.11,178.53,176.10,176.72,1282300
2025-11-10 19:00:00-05:00,177.61,179.36,177.61,178.71,1251700
2025-11-11 19:00:00-05:00,178.07,179.06,177.52,177.56,1480000
2025-11-12 19:00:00-05:00,176.77,178.84,176.56,177.36,1467800
2025-11-13 19:00:00-05:00,177.58,177.81,175.31,176.51,792100
2025-11-16 19:00:00-05:00,177.38,177.38,173.74,174.83,1418200
2025-11-17 19:00:00-05:00,174.14,175.96,173.66,175.74,945400
2025-11-18 19:00:00-05:00,175.92,176.38,173.97,174.00,1132400
2025-11-19 19:00:00-05:00,176.48,177.87,173.80,173.94,1184700
2025-11-20 19:00:00-05:00,174.55,177.23,174.18,176.85,1331500
2025-11-23 19:00:00-05:00,176.85,177.25,175.29,176.45,1425900
2025-11-24 19:00:00-05:00,177.19,180.35,176.96,178.83,1368100
2025-11-25 19:00:00-05:00,178.30,180.55,178.30,179.25,1180100
2025-11-27 19:00:00-05:00,178.76,180.83,178.15,179.98,506300
2025-11-30 19:00:00-05:00,178.71,179.91,178.38,178.84,1073300
2025-12-01 19:00:00-05:00,179.26,179.55,175.18,175.97,1242700
2025-12-02 19:00:00-05:00,176.29,177.38,176.07,176.10,1791700
2025-12-03 19:00:00-05:00,176.02,177.66,175.97,177.08,1285800
2025-12-04 19:00:00-05:00,176.48,177.47,175.95,176.35,1642400
2025-12-07 19:00:00-05:00,176.05,176.90,173.83,173.94,1840000
2025-12-08 19:00:00-05:00,174.38,176.16,174.32,174.89,1522600
2025-12-09 19:00:00-05:00,175.36,179.14,175.29,177.63,2038500
2025-12-10 19:00:00-05:00,178.26,178.95,177.14,177.82,1451500
2025-12-11 19:00:00-05:00,178.50,179.38,177.62,177.99,1239800
2025-12-14 19:00:00-05:00,178.61,180.28,178.23,180.09,1498900
2025-12-15 19:00:00-05:00,180.62,180.77,178.22,178.49,1583400
2025-12-16 19:00:00-05:00,178.93,180.76,178.36,180.14,1442600
2025-12-17 19:00:00-05:00,180.89,182.94,179.49,180.97,1144300
2025-12-18 19:00:00-05:00,180.93,181.41,179.88,180.84,4492200
2025-12-21 19:00:00-05:00,180.09,182.83,179.56,182.53,1160900
2025-12-22 19:00:00-05:00,182.42,183.58,181.66,183.45,937900
2025-12-23 19:00:00-05:00,183.99,184.87,183.73,184.12,437200
2025-12-25 19:00:00-05:00,184.15,184.73,182.27,183.55,492000
2025-12-28 19:00:00-05:00,184.36,184.53,182.95,183.47,746400
2025-12-29 19:00:00-05:00,183.26,183.79,182.12,182.69,768400
2025-12-30 19:00:00-05:00,182.54,182.86,180.95,181.01,1096500
2026-01-01 19:00:00-05:00,180.39,181.75,178.83,179.90,987600
2026-01-04 19:00:00-05:00,179.01,181.10,179.01,179.06,1480600
2026-01-05 19:00:00-05:00,178.12,182.83,177.97,182.18,1204000
2026-01-06 19:00:00-05:00,182.52,183.54,179.84,179.88,1203600
2026-01-07 19:00:00-05:00,179.30,183.29,179.30,180.89,1630900
2026-01-08 19:00:00-05:00,180.63,181.91,180.05,180.60,1169300
2026-01-11 19:00:00-05:00,180.13,181.02,179.06,180.74,1344200
2026-01-12 19:00:00-05:00,180.77,181.80,178.72,180.30,1369000
2026-01-13 19:00:00-05:00,180.09,181.96,178.23,181.61,1886100
2026-01-14 19:00:00-05:00,182.81,182.81,177.34,178.27,2103900
2026-01-15 19:00:00-05:00,177.57,181.01,176.18,180.83,1707200
2026-01-19 19:00:00-05:00,181.75,181.75,179.24,180.24,3051300
2026-01-20 19:00:00-05:00,181.68,182.33,180.47,181.07,2352300
2026-01-21 19:00:00-05:00,180.82,183.77,179.80,181.00,1440400
2026-01-22 19:00:00-05:00,180.48,181.65,179.54,180.64,833500
2026-01-25 19:00:00-05:00,181.09,181.87,179.66,181.23,976900
2026-01-26 19:00:00-05:00,181.37,181.66,179.11,180.47,1021700
2026-01-27 19:00:00-05:00,180.66,181.64,179.30,179.69,1326400
2026-01-28 19:00:00-05:00,181.23,185.60,179.67,185.60,1687300
2026-01-29 19:00:00-05:00,185.65,187.99,185.09,187.07,3019700
2026-02-01 19:00:00-05:00,187.67,189.22,186.40,186.99,2151400
2026-02-02 19:00:00-05:00,186.32,187.30,182.08,185.23,2276900
2026-02-03 19:00:00-05:00,186.17,192.24,186.01,191.26,1989100
2026-02-04 19:00:00-05:00,192.21,193.55,190.09,192.89,1877600
2026-02-05 19:00:00-05:00,195.56,196.94,193.45,195.18,2322300
2026-02-08 19:00:00-05:00,195.21,195.57,192.16,192.22,1384700
2026-02-09 19:00:00-05:00,192.82,194.22,190.85,191.95,1693200
2026-02-10 19:00:00-05:00,191.65,192.48,189.59,190.46,1354400
2026-02-11 19:00:00-05:00,190.09,192.97,187.16,187.19,2334400
2026-02-12 19:00:00-05:00,189.71,193.70,186.96,192.47,1873500
2026-02-16 19:00:00-05:00,192.74,197.62,192.45,197.54,1761200
2026-02-17 19:00:00-05:00,197.24,198.51,194.35,195.21,1687900
2026-02-18 19:00:00-05:00,194.80,196.79,194.43,195.30,1203100
2026-02-19 19:00:00-05:00,195.65,198.31,194.59,197.23,1420300
2026-02-22 19:00:00-05:00,197.61,199.09,195.37,195.64,1356400
2026-02-23 19:00:00-05:00,195.78,196.95,193.88,194.97,1137900
2026-02-24 19:00:00-05:00,195.47,197.02,194.12,196.54,1144700
2026-02-25 19:00:00-05:00,197.39,199.53,197.07,198.12,1103200
2026-02-26 19:00:00-05:00,198.73,200.58,197.97,199.34,2113500
2026-03-01 19:00:00-05:00,198.00,199.96,195.96,198.66,1547500
2026-03-02 19:00:00-05:00,195.63,198.77,192.95,197.48,1507800
2026-03-03 19:00:00-05:00,197.15,199.39,197.15,198.60,1121700
2026-03-04 19:00:00-05:00,197.04,197.97,195.28,196.58,1505500
2026-03-05 19:00:00-05:00,194.65,195.57,189.17,190.52,1766200
2026-03-08 20:00:00-04:00,187.75,188.95,182.97,188.56,2370900
2026-03-09 20:00:00-04:00,188.05,192.56,187.46,189.99,1596600
2026-03-10 20:00:00-04:00,187.53,188.97,186.31,187.50,1605800
2026-03-11 20:00:00-04:00,186.18,186.35,183.75,185.53,2192000
2026-03-12 20:00:00-04:00,187.36,187.94,184.35,184.79,1404100
2026-03-15 20:00:00-04:00,187.64,188.72,186.18,187.28,1327600
2026-03-16 20:00:00-04:00,189.39,189.83,188.02,188.46,1380600
2026-03-17 20:00:00-04:00,188.90,190.12,187.71,187.84,1732500
2026-03-18 20:00:00-04:00,187.44,190.13,187.44,189.23,1257500
2026-03-19 20:00:00-04:00,189.63,189.86,181.22,182.52,3861000
2026-03-22 20:00:00-04:00,183.93,184.63,179.39,179.52,2550600
2026-03-23 20:00:00-04:00,178.33,180.08,175.95,176.34,3100000
2026-03-24 20:00:00-04:00,177.27,181.32,177.11,179.60,1749800
2026-03-25 20:00:00-04:00,179.19,180.85,179.07,179.83,1478400
2026-03-26 20:00:00-04:00,178.94,180.16,177.20,178.23,1991400
2026-03-29 20:00:00-04:00,180.18,182.25,179.79,180.37,1822700
2026-03-30 20:00:00-04:00,182.76,185.49,181.31,184.51,2296000
2026-03-31 20:00:00-04:00,184.63,186.75,184.00,186.05,1988700
2026-04-01 20:00:00-04:00,185.47,187.20,184.05,186.62,1299900
2026-04-05 20:00:00-04:00,186.42,188.55,185.20,188.17,1031300
2026-04-06 20:00:00-04:00,188.03,189.01,186.70,188.50,883700
2026-04-07 20:00:00-04:00,190.53,193.10,190.42,191.93,1547800
2026-04-08 20:00:00-04:00,191.64,197.46,191.40,196.81,1226700
2026-04-09 20:00:00-04:00,197.23,198.45,196.18,198.39,1107600
2026-04-12 20:00:00-04:00,198.42,198.58,195.24,198.53,1372200
2026-04-13 20:00:00-04:00,198.30,200.85,197.77,200.76,2263800
2026-04-14 20:00:00-04:00,200.25,200.32,196.98,199.42,1267200
2026-04-15 20:00:00-04:00,199.09,201.08,198.72,199.17,1436000
2026-04-16 20:00:00-04:00,199.91,204.49,199.18,203.99,1345900
2026-04-19 20:00:00-04:00,203.10,205.94,202.86,205.31,992900
2026-04-20 20:00:00-04:00,204.82,206.02,202.43,202.54,1365400
2026-04-21 20:00:00-04:00,203.17,203.43,199.20,199.49,1186100
2026-04-22 20:00:00-04:00,200.51,202.36,199.57,201.45,806500
2026-04-23 20:00:00-04:00,200.95,201.47,198.47,198.98,1045900
2026-04-26 20:00:00-04:00,198.38,199.86,196.74,199.11,1399000
2026-04-27 20:00:00-04:00,201.05,201.79,198.45,200.55,1410100
2026-04-28 20:00:00-04:00,199.81,200.98,196.26,197.92,1049800
2026-04-29 20:00:00-04:00,198.19,201.74,197.76,201.50,1394400
2026-04-30 20:00:00-04:00,201.61,201.61,199.20,200.24,1014400
2026-05-03 20:00:00-04:00,199.22,200.54,198.25,199.32,850600
2026-05-04 20:00:00-04:00,200.00,201.24,199.60,200.11,967600
2026-05-05 20:00:00-04:00,201.52,204.00,200.96,203.28,1129900
2026-05-06 20:00:00-04:00,203.01,203.78,198.62,199.21,1409500
2026-05-07 20:00:00-04:00,200.04,201.53,199.48,199.93,1081600
2026-05-10 20:00:00-04:00,200.55,201.18,197.83,198.82,1895700
2026-05-11 20:00:00-04:00,202.99,204.22,200.54,203.43,2019700
2026-05-12 20:00:00-04:00,203.06,203.06,198.05,198.38,1310200
2026-05-13 20:00:00-04:00,198.38,201.05,196.84,200.60,1430600
2026-05-14 20:00:00-04:00,200.08,200.08,197.34,197.85,2152000
2026-05-17 20:00:00-04:00,197.89,199.34,197.25,198.25,1815000
2026-05-18 20:00:00-04:00,198.45,200.00,196.48,198.68,1402300
2026-05-19 20:00:00-04:00,199.30,202.14,197.80,201.89,1152200
2026-05-20 20:00:00-04:00,200.91,203.30,198.74,202.68,1143300
2026-05-21 20:00:00-04:00,204.07,204.07,201.25,202.19,1152000
2026-05-25 20:00:00-04:00,203.04,204.90,202.38,204.69,1257600
2026-05-26 20:00:00-04:00,204.99,206.52,204.39,204.53,1253200
2026-05-27 20:00:00-04:00,203.72,205.29,202.48,204.53,1339400
2026-05-28 20:00:00-04:00,204.21,204.74,201.68,202.69,3950300
2026-05-31 20:00:00-04:00,201.45,202.58,200.01,200.50,1641300
2026-06-01 20:00:00-04:00,200.50,203.16,200.07,201.32,2009200
2026-06-02 20:00:00-04:00,200.63,202.96,200.10,201.34,2117000
2026-06-03 20:00:00-04:00,203.86,204.28,202.28,203.98,1512900
2026-06-04 20:00:00-04:00,203.25,208.94,203.00,208.03,1406500
2026-06-07 20:00:00-04:00,208.85,209.38,203.86,205.09,2092200
2026-06-08 20:00:00-04:00,206.88,213.08,205.18,211.89,2212500
2026-06-09 20:00:00-04:00,212.54,214.63,211.01,212.82,2005700
2026-06-10 20:00:00-04:00,215.00,216.28,213.62,214.86,1897200
2026-06-11 20:00:00-04:00,216.99,220.44,216.50,219.04,1965400
2026-06-14 20:00:00-04:00,219.04,219.87,214.44,215.66,2222700
2026-06-15 20:00:00-04:00,215.82,217.48,214.09,215.23,3243000
2026-06-16 20:00:00-04:00,214.57,215.81,208.71,209.86,3717400
2026-06-17 20:00:00-04:00,214.04,214.30,211.29,211.33,3655400
2026-06-21 20:00:00-04:00,212.61,214.67,212.00,214.57,2916700
2026-06-22 20:00:00-04:00,215.04,217.71,214.19,216.74,2595400
2026-06-23 20:00:00-04:00,216.93,222.40,216.04,222.15,2471700
2026-06-24 20:00:00-04:00,222.12,226.44,221.80,225.49,2932200
2026-06-25 20:00:00-04:00,226.90,228.58,225.55,226.89,5723275
2026-06-28 20:00:00-04:00,226.24,228.09,225.28,227.56,1870500
