Date,Open,High,Low,Close,Volume
2018-07-01 20:00:00-04:00,54.26,54.60,53.85,54.19,1101500
2018-07-02 20:00:00-04:00,54.30,54.63,53.91,54.24,846500
2018-07-04 20:00:00-04:00,54.75,55.92,54.56,55.85,2142500
2018-07-05 20:00:00-04:00,56.15,56.76,55.90,56.59,1398500
2018-07-08 20:00:00-04:00,56.62,56.86,55.83,55.95,1494200
2018-07-09 20:00:00-04:00,55.69,55.84,54.70,54.80,1991100
2018-07-10 20:00:00-04:00,54.92,55.21,54.04,54.98,3917600
2018-07-11 20:00:00-04:00,55.13,55.16,54.12,54.26,1407200
2018-07-12 20:00:00-04:00,54.29,54.75,54.13,54.57,1480800
2018-07-15 20:00:00-04:00,54.58,54.64,53.53,53.61,1858700
2018-07-16 20:00:00-04:00,53.33,54.40,53.25,53.69,4919000
2018-07-17 20:00:00-04:00,53.59,53.72,51.09,51.57,3399100
2018-07-18 20:00:00-04:00,51.28,51.65,50.89,51.18,4053000
2018-07-19 20:00:00-04:00,51.43,51.43,50.20,50.36,4208600
2018-07-22 20:00:00-04:00,50.09,51.01,50.08,50.68,2160600
2018-07-23 20:00:00-04:00,50.28,51.98,50.28,51.61,4355400
2018-07-24 20:00:00-04:00,51.98,52.56,51.85,52.42,3931700
2018-07-25 20:00:00-04:00,52.12,53.05,51.74,52.33,3984500
2018-07-26 20:00:00-04:00,52.33,52.70,51.00,51.51,1977700
2018-07-29 20:00:00-04:00,51.37,53.95,51.37,53.51,3976800
2018-07-30 20:00:00-04:00,53.74,54.56,53.23,53.69,4246000
2018-07-31 20:00:00-04:00,52.29,56.93,51.65,55.56,5820400
2018-08-01 20:00:00-04:00,55.93,56.06,54.35,55.16,4760100
2018-08-02 20:00:00-04:00,55.33,55.97,55.06,55.45,2201800
2018-08-05 20:00:00-04:00,55.56,56.04,55.25,55.34,2135400
2018-08-06 20:00:00-04:00,55.47,55.53,54.65,55.13,1586600
2018-08-07 20:00:00-04:00,55.17,55.27,53.31,53.35,2555400
2018-08-08 20:00:00-04:00,53.15,53.87,52.99,53.32,1912600
2018-08-09 20:00:00-04:00,52.89,53.22,52.25,52.46,2316200
2018-08-12 20:00:00-04:00,52.18,52.66,51.75,52.44,2433100
2018-08-13 20:00:00-04:00,52.80,54.24,52.74,54.00,1621600
2018-08-14 20:00:00-04:00,53.64,53.91,53.13,53.83,1674000
2018-08-15 20:00:00-04:00,54.02,54.67,53.86,54.40,1325600
2018-08-16 20:00:00-04:00,54.64,55.33,54.35,54.94,1476800
2018-08-19 20:00:00-04:00,54.90,55.26,54.58,55.04,1648500
2018-08-20 20:00:00-04:00,55.21,55.27,54.67,54.69,1267500
2018-08-21 20:00:00-04:00,54.77,54.78,54.32,54.65,920700
2018-08-22 20:00:00-04:00,54.52,54.92,54.35,54.57,1310700
2018-08-23 20:00:00-04:00,54.97,55.40,54.49,54.52,989100
2018-08-26 20:00:00-04:00,54.58,54.86,53.63,54.48,1035500
2018-08-27 20:00:00-04:00,54.39,54.84,53.52,53.70,1188600
2018-08-28 20:00:00-04:00,53.86,54.16,53.27,54.04,1779800
2018-08-29 20:00:00-04:00,53.97,54.36,53.67,53.96,915500
2018-08-30 20:00:00-04:00,53.75,54.27,53.54,53.81,906100
2018-09-03 20:00:00-04:00,53.53,53.81,52.00,52.32,2411500
2018-09-04 20:00:00-04:00,51.91,53.13,51.90,52.93,1329000
2018-09-05 20:00:00-04:00,53.10,53.72,52.71,53.54,1368500
2018-09-06 20:00:00-04:00,52.81,52.83,51.04,51.42,2551400
2018-09-09 20:00:00-04:00,51.50,52.54,51.34,52.19,1929100
2018-09-10 20:00:00-04:00,51.64,51.99,50.54,50.66,2263400
2018-09-11 20:00:00-04:00,50.58,51.13,50.47,50.86,1589000
2018-09-12 20:00:00-04:00,51.17,51.40,50.71,51.18,929800
2018-09-13 20:00:00-04:00,51.01,51.03,50.50,50.91,1520500
2018-09-16 20:00:00-04:00,51.04,51.81,50.79,51.63,1592200
2018-09-17 20:00:00-04:00,51.82,52.00,51.19,51.50,1291900
2018-09-18 20:00:00-04:00,51.24,52.60,51.24,51.83,1721800
2018-09-19 20:00:00-04:00,52.23,53.19,51.87,52.34,2184000
2018-09-20 20:00:00-04:00,52.42,52.59,51.88,52.23,2948100
2018-09-23 20:00:00-04:00,51.75,52.00,50.17,50.37,3092700
2018-09-24 20:00:00-04:00,50.62,50.62,49.44,49.86,2105700
2018-09-25 20:00:00-04:00,50.16,50.71,49.78,50.21,1513500
2018-09-26 20:00:00-04:00,50.04,50.37,49.53,49.78,921100
2018-09-27 20:00:00-04:00,49.59,49.95,49.37,49.58,1593400
2018-09-30 20:00:00-04:00,49.65,49.79,49.26,49.35,1649900
2018-10-01 20:00:00-04:00,49.27,50.09,49.27,50.04,1783900
2018-10-02 20:00:00-04:00,50.46,50.70,49.17,49.46,2280800
2018-10-03 20:00:00-04:00,49.27,49.79,49.01,49.48,2126900
2018-10-04 20:00:00-04:00,49.71,50.29,49.47,49.90,1779600
2018-10-07 20:00:00-04:00,50.05,50.87,49.91,50.59,1144700
2018-10-08 20:00:00-04:00,50.29,50.30,49.63,49.77,1225700
2018-10-09 20:00:00-04:00,49.62,50.43,49.42,49.43,1339400
2018-10-10 20:00:00-04:00,49.46,49.76,47.99,48.04,2400800
2018-10-11 20:00:00-04:00,48.38,48.53,47.41,47.83,1195800
2018-10-14 20:00:00-04:00,47.92,48.53,47.89,48.11,1326100
2018-10-15 20:00:00-04:00,48.38,48.82,47.92,48.56,1226000
2018-10-16 20:00:00-04:00,48.07,48.63,47.42,48.03,1468600
2018-10-17 20:00:00-04:00,48.17,48.68,47.37,47.54,1086600
2018-10-18 20:00:00-04:00,47.73,48.73,47.73,48.29,800400
2018-10-21 20:00:00-04:00,48.44,48.65,47.46,47.48,1274300
2018-10-22 20:00:00-04:00,47.25,47.56,45.97,47.00,1835600
2018-10-23 20:00:00-04:00,47.21,48.61,47.21,47.84,2062300
2018-10-24 20:00:00-04:00,46.93,47.04,45.67,45.82,4105800
2018-10-25 20:00:00-04:00,45.70,45.86,44.76,44.91,3617100
2018-10-28 20:00:00-04:00,45.39,45.96,45.20,45.63,3302200
2018-10-29 20:00:00-04:00,45.80,47.12,45.55,46.93,4770800
2018-10-30 20:00:00-04:00,50.07,52.33,49.44,51.60,5820400
2018-10-31 20:00:00-04:00,52.20,54.52,51.80,53.20,3939500
2018-11-01 20:00:00-04:00,53.29,53.55,50.30,50.89,2621800
2018-11-04 19:00:00-05:00,51.00,51.58,50.41,50.87,2125300
2018-11-05 19:00:00-05:00,50.32,51.16,49.32,50.51,2270200
2018-11-06 19:00:00-05:00,50.90,51.58,50.20,51.29,2008400
2018-11-07 19:00:00-05:00,51.18,52.17,51.04,51.58,1847900
2018-11-08 19:00:00-05:00,51.64,52.21,51.29,52.00,2148100
2018-11-11 19:00:00-05:00,51.64,53.26,51.33,52.81,2376900
2018-11-12 19:00:00-05:00,52.99,53.30,51.74,52.00,1528100
2018-11-13 19:00:00-05:00,52.32,52.39,51.57,52.20,1196400
2018-11-14 19:00:00-05:00,52.19,52.27,51.54,52.16,1287100
2018-11-15 19:00:00-05:00,52.04,52.35,51.66,52.20,1626900
2018-11-18 19:00:00-05:00,52.36,53.78,52.33,53.53,2167800
2018-11-19 19:00:00-05:00,52.97,54.00,52.06,52.31,1976000
2018-11-20 19:00:00-05:00,52.27,52.64,51.43,51.70,1487600
2018-11-22 19:00:00-05:00,51.75,52.04,51.33,51.68,703400
2018-11-25 19:00:00-05:00,52.19,52.68,51.84,52.39,1929100
2018-11-26 19:00:00-05:00,52.00,52.67,51.45,52.54,1299100
2018-11-27 19:00:00-05:00,52.46,53.30,52.15,53.14,2620500
2018-11-28 19:00:00-05:00,52.94,53.12,51.71,52.17,1823800
2018-11-29 19:00:00-05:00,52.34,53.43,52.33,53.36,2655600
2018-12-02 19:00:00-05:00,53.44,53.68,52.09,53.66,2014400
2018-12-03 19:00:00-05:00,53.45,53.80,52.51,52.63,2024400
2018-12-05 19:00:00-05:00,52.10,52.34,51.18,52.30,1972100
2018-12-06 19:00:00-05:00,52.04,53.04,51.14,51.41,1965800
2018-12-09 19:00:00-05:00,51.70,51.72,50.06,50.90,1415600
2018-12-10 19:00:00-05:00,51.11,51.67,50.45,50.74,1225100
2018-12-11 19:00:00-05:00,51.18,52.55,51.12,51.17,2734100
2018-12-12 19:00:00-05:00,51.48,52.08,50.90,51.27,1723100
2018-12-13 19:00:00-05:00,50.84,51.10,50.17,50.30,1600000
2018-12-16 19:00:00-05:00,50.18,50.54,48.90,49.14,2250600
2018-12-17 19:00:00-05:00,49.34,50.33,47.73,48.11,2246900
2018-12-18 19:00:00-05:00,48.19,48.84,46.67,46.87,2073900
2018-12-19 19:00:00-05:00,46.77,47.42,45.97,46.44,2179300
2018-12-20 19:00:00-05:00,46.44,47.56,44.98,45.03,2904800
2018-12-23 19:00:00-05:00,44.98,45.32,43.95,44.74,1086200
2018-12-25 19:00:00-05:00,44.87,45.57,44.30,45.56,3758900
2018-12-26 19:00:00-05:00,45.18,45.89,44.39,45.87,2304300
2018-12-27 19:00:00-05:00,46.00,46.33,45.19,45.38,2400700
2018-12-30 19:00:00-05:00,45.33,45.67,44.57,45.56,1951800
2019-01-01 19:00:00-05:00,45.34,46.73,44.86,46.32,1646300
2019-01-02 19:00:00-05:00,46.24,47.14,45.96,46.95,2000900
2019-01-03 19:00:00-05:00,47.22,48.74,47.22,48.44,1601000
2019-01-06 19:00:00-05:00,48.13,48.99,47.78,48.34,2408000
2019-01-07 19:00:00-05:00,48.68,49.86,48.20,49.63,1945800
2019-01-08 19:00:00-05:00,49.09,49.72,48.66,49.49,1310500
2019-01-09 19:00:00-05:00,49.78,51.28,49.61,51.00,2668600
2019-01-10 19:00:00-05:00,51.34,51.67,50.88,51.39,1544100
2019-01-13 19:00:00-05:00,51.15,51.42,50.46,50.59,2608000
2019-01-14 19:00:00-05:00,50.70,50.88,50.08,50.65,1139300
2019-01-15 19:00:00-05:00,50.38,50.76,49.64,49.70,1253400
2019-01-16 19:00:00-05:00,49.60,50.37,49.56,50.12,1792500
2019-01-17 19:00:00-05:00,50.46,51.73,50.46,51.61,1630700
2019-01-21 19:00:00-05:00,51.56,52.04,50.98,52.00,2016500
2019-01-22 19:00:00-05:00,52.23,52.46,51.80,52.26,1172200
2019-01-23 19:00:00-05:00,52.00,52.09,51.11,51.43,1486600
2019-01-24 19:00:00-05:00,51.81,52.87,51.78,52.25,1452900
2019-01-27 19:00:00-05:00,52.07,52.22,51.44,52.04,918000
2019-01-28 19:00:00-05:00,52.21,52.64,51.74,52.53,957300
2019-01-29 19:00:00-05:00,52.73,53.46,52.20,53.00,1028400
2019-01-30 19:00:00-05:00,53.15,54.09,52.90,54.04,1272700
2019-01-31 19:00:00-05:00,54.10,54.34,53.47,53.55,1375900
2019-02-03 19:00:00-05:00,53.48,53.68,53.03,53.42,1160200
2019-02-04 19:00:00-05:00,53.75,54.55,53.47,53.96,1817300
2019-02-05 19:00:00-05:00,53.72,54.11,52.81,53.28,1441700
2019-02-06 19:00:00-05:00,53.26,53.64,52.90,53.20,1190200
2019-02-07 19:00:00-05:00,53.08,53.33,52.30,52.69,1683500
2019-02-10 19:00:00-05:00,52.83,53.05,52.41,53.03,2507400
2019-02-11 19:00:00-05:00,48.85,50.30,47.87,48.02,5820400
2019-02-12 19:00:00-05:00,47.96,48.48,47.40,48.42,4930500
2019-02-13 19:00:00-05:00,48.17,48.96,48.13,48.55,2387600
2019-02-14 19:00:00-05:00,49.00,49.61,48.76,49.42,1617400
2019-02-18 19:00:00-05:00,49.21,49.77,48.83,49.58,1634900
2019-02-19 19:00:00-05:00,49.46,51.24,49.46,49.81,3103200
2019-02-20 19:00:00-05:00,49.98,50.86,49.55,50.37,1425300
2019-02-21 19:00:00-05:00,49.90,50.35,49.08,50.24,1228200
2019-02-24 19:00:00-05:00,50.50,50.50,49.52,49.52,2404100
2019-02-25 19:00:00-05:00,49.64,49.78,49.39,49.52,1131300
2019-02-26 19:00:00-05:00,49.34,49.76,49.23,49.58,2507600
2019-02-27 19:00:00-05:00,49.79,50.54,49.62,50.02,1682000
2019-02-28 19:00:00-05:00,50.26,50.76,50.07,50.16,2098300
2019-03-03 19:00:00-05:00,50.11,50.38,49.49,50.02,1590100
2019-03-04 19:00:00-05:00,49.82,50.16,49.40,49.89,1711000
2019-03-05 19:00:00-05:00,49.96,50.17,48.88,49.13,1622700
2019-03-06 19:00:00-05:00,49.17,49.22,48.80,49.04,1552800
2019-03-07 19:00:00-05:00,49.07,49.14,48.45,48.55,996700
2019-03-10 20:00:00-04:00,48.62,49.22,48.41,49.09,1140500
2019-03-11 20:00:00-04:00,49.17,49.43,48.97,49.18,1091700
2019-03-12 20:00:00-04:00,49.22,49.97,49.13,49.49,2108400
2019-03-13 20:00:00-04:00,49.47,49.71,49.25,49.40,2108700
2019-03-14 20:00:00-04:00,49.40,50.26,49.35,49.67,2439400
2019-03-17 20:00:00-04:00,49.80,50.04,49.54,49.78,1098000
2019-03-18 20:00:00-04:00,49.92,50.18,49.39,49.62,1602400
2019-03-19 20:00:00-04:00,49.43,49.52,48.36,48.82,2212800
2019-03-20 20:00:00-04:00,48.58,49.67,48.55,49.67,1281300
2019-03-21 20:00:00-04:00,49.28,49.28,48.55,48.55,1225200
2019-03-24 20:00:00-04:00,48.48,48.61,47.98,47.98,1238800
2019-03-25 20:00:00-04:00,48.26,48.58,48.09,48.58,1295600
2019-03-26 20:00:00-04:00,48.43,48.82,48.01,48.42,1397100
2019-03-27 20:00:00-04:00,48.51,48.76,48.30,48.41,1374300
2019-03-28 20:00:00-04:00,48.75,49.19,48.55,48.72,1846400
2019-03-31 20:00:00-04:00,48.97,49.54,48.87,49.31,1333300
2019-04-01 20:00:00-04:00,49.35,49.40,48.87,49.13,1106900
2019-04-02 20:00:00-04:00,49.09,49.33,48.49,48.87,1493000
2019-04-03 20:00:00-04:00,49.04,49.75,48.86,49.62,1349300
2019-04-04 20:00:00-04:00,49.62,49.82,49.12,49.52,1068800
2019-04-07 20:00:00-04:00,49.29,49.83,49.29,49.65,1171600
2019-04-08 20:00:00-04:00,49.23,49.42,48.37,48.64,1428600
2019-04-09 20:00:00-04:00,48.60,48.73,47.99,48.51,1680700
2019-04-10 20:00:00-04:00,48.86,49.59,48.78,49.06,1464000
2019-04-11 20:00:00-04:00,49.21,49.77,48.91,48.99,729200
2019-04-14 20:00:00-04:00,49.21,49.50,49.00,49.37,990400
2019-04-15 20:00:00-04:00,49.37,49.63,48.54,48.62,1771300
2019-04-16 20:00:00-04:00,48.67,49.12,48.37,48.53,1143400
2019-04-17 20:00:00-04:00,48.76,50.25,48.74,50.15,1917900
2019-04-21 20:00:00-04:00,50.22,50.91,49.85,49.95,1892100
2019-04-22 20:00:00-04:00,49.94,50.05,49.27,50.05,1583800
2019-04-23 20:00:00-04:00,50.14,51.07,50.02,51.05,1661000
2019-04-24 20:00:00-04:00,50.60,51.45,50.40,51.29,1359300
2019-04-25 20:00:00-04:00,51.46,52.37,51.46,52.13,1339700
2019-04-28 20:00:00-04:00,52.04,52.34,51.92,52.17,2163300
2019-04-29 20:00:00-04:00,52.04,52.53,51.67,52.43,2388700
2019-04-30 20:00:00-04:00,51.45,51.45,48.34,48.47,4781100
2019-05-01 20:00:00-04:00,48.35,49.00,47.79,48.94,1902000
2019-05-02 20:00:00-04:00,49.38,50.18,49.25,50.12,1708000
2019-05-05 20:00:00-04:00,49.62,50.22,49.51,49.80,1166600
2019-05-06 20:00:00-04:00,49.49,49.61,48.66,49.07,1692800
2019-05-07 20:00:00-04:00,48.87,48.88,47.79,48.33,1955400
2019-05-08 20:00:00-04:00,48.02,48.16,46.99,47.66,1392200
2019-05-09 20:00:00-04:00,47.55,47.91,46.85,47.89,1285600
2019-05-12 20:00:00-04:00,47.39,47.44,46.86,47.26,1074300
2019-05-13 20:00:00-04:00,47.45,48.09,47.28,47.71,1175000
2019-05-14 20:00:00-04:00,47.65,48.11,47.43,47.62,1239900
2019-05-15 20:00:00-04:00,47.67,48.38,47.58,47.81,1367000
2019-05-16 20:00:00-04:00,47.62,48.18,47.53,47.91,836800
2019-05-19 20:00:00-04:00,47.64,47.98,47.27,47.42,854000
2019-05-20 20:00:00-04:00,47.50,48.04,47.42,48.00,772800
2019-05-21 20:00:00-04:00,47.79,48.54,47.68,48.39,1021200
2019-05-22 20:00:00-04:00,48.02,48.55,47.67,48.53,1235000
2019-05-23 20:00:00-04:00,48.56,49.20,47.83,47.96,1081100
2019-05-27 20:00:00-04:00,47.97,48.15,46.66,46.75,1727200
2019-05-28 20:00:00-04:00,46.60,46.62,44.96,45.30,2175600
2019-05-29 20:00:00-04:00,45.16,45.51,44.35,44.72,2062100
2019-05-30 20:00:00-04:00,44.20,45.31,43.95,45.24,2538700
2019-06-02 20:00:00-04:00,45.12,46.16,44.97,46.00,1771200
2019-06-03 20:00:00-04:00,46.43,47.74,46.38,47.71,1785800
2019-06-04 20:00:00-04:00,48.07,48.07,47.11,47.25,1569900
2019-06-05 20:00:00-04:00,47.39,47.67,47.30,47.49,1322700
2019-06-06 20:00:00-04:00,47.88,48.19,45.88,46.88,2768800
2019-06-09 20:00:00-04:00,46.53,46.55,44.85,45.05,2508200
2019-06-10 20:00:00-04:00,45.04,45.24,44.30,44.95,2552500
2019-06-11 20:00:00-04:00,45.18,45.64,45.03,45.14,1405400
2019-06-12 20:00:00-04:00,45.26,45.49,44.91,45.35,1375100
2019-06-13 20:00:00-04:00,45.24,45.58,44.28,44.44,1954100
2019-06-16 20:00:00-04:00,44.33,44.44,43.82,44.16,1814700
2019-06-17 20:00:00-04:00,44.67,44.86,44.37,44.53,1328500
2019-06-18 20:00:00-04:00,44.60,45.35,44.32,44.98,1351100
2019-06-19 20:00:00-04:00,45.06,45.63,44.96,45.24,1420300
2019-06-20 20:00:00-04:00,45.26,45.70,44.74,45.60,2205400
2019-06-23 20:00:00-04:00,45.62,45.93,45.22,45.64,1073100
2019-06-24 20:00:00-04:00,45.66,45.82,44.87,45.59,1385400
2019-06-25 20:00:00-04:00,45.45,45.59,44.98,45.23,1580100
2019-06-26 20:00:00-04:00,45.23,45.71,45.05,45.53,1254700
2019-06-27 20:00:00-04:00,45.88,46.44,45.67,46.08,1959800
2019-06-30 20:00:00-04:00,46.32,46.49,45.88,46.34,1239700
2019-07-01 20:00:00-04:00,46.57,46.69,46.02,46.19,772100
2019-07-02 20:00:00-04:00,46.51,46.95,46.43,46.79,789200
2019-07-04 20:00:00-04:00,46.72,46.85,46.04,46.78,614700
2019-07-07 20:00:00-04:00,46.83,46.87,46.31,46.45,758900
2019-07-08 20:00:00-04:00,46.21,46.25,45.34,45.70,1017100
2019-07-09 20:00:00-04:00,45.98,46.34,45.82,45.97,1120200
2019-07-10 20:00:00-04:00,45.93,46.02,44.67,45.07,1116100
2019-07-11 20:00:00-04:00,45.09,45.24,44.63,44.75,2308100
2019-07-14 20:00:00-04:00,43.85,44.27,43.09,44.19,1956600
2019-07-15 20:00:00-04:00,44.14,44.91,43.93,44.84,1603800
2019-07-16 20:00:00-04:00,44.98,45.12,44.53,44.67,1266600
2019-07-17 20:00:00-04:00,44.44,44.97,44.01,44.76,1091700
2019-07-18 20:00:00-04:00,45.28,45.34,44.77,44.92,1545800
2019-07-21 20:00:00-04:00,45.08,45.30,44.46,44.63,1316200
2019-07-22 20:00:00-04:00,44.85,46.70,44.73,46.33,2525900
2019-07-23 20:00:00-04:00,46.30,46.71,46.14,46.62,1239000
2019-07-24 20:00:00-04:00,46.74,47.49,46.20,46.63,1696700
2019-07-25 20:00:00-04:00,46.68,46.89,46.39,46.57,1586700
2019-07-28 20:00:00-04:00,46.66,46.89,46.29,46.50,1236700
2019-07-29 20:00:00-04:00,46.40,46.90,46.16,46.84,1510700
2019-07-30 20:00:00-04:00,43.67,44.66,42.63,44.43,5820400
2019-07-31 20:00:00-04:00,43.62,44.64,43.17,43.19,3219800
2019-08-01 20:00:00-04:00,43.33,43.59,42.81,42.99,1980600
2019-08-04 20:00:00-04:00,42.71,42.85,41.08,41.63,3156100
2019-08-05 20:00:00-04:00,41.99,42.43,41.70,42.12,2697800
2019-08-06 20:00:00-04:00,41.90,43.03,41.60,42.91,1804200
2019-08-07 20:00:00-04:00,43.13,43.43,42.70,43.38,1368600
2019-08-08 20:00:00-04:00,43.18,43.41,42.90,43.33,1536300
2019-08-11 20:00:00-04:00,43.05,43.12,42.76,42.80,1835100
2019-08-12 20:00:00-04:00,42.96,43.57,42.48,42.53,1912100
2019-08-13 20:00:00-04:00,42.17,42.31,41.38,41.42,2103100
2019-08-14 20:00:00-04:00,41.53,41.93,41.27,41.85,1443400
2019-08-15 20:00:00-04:00,41.95,42.83,41.71,42.69,1504200
2019-08-18 20:00:00-04:00,43.15,43.48,42.75,43.20,1479300
2019-08-19 20:00:00-04:00,43.22,43.42,42.78,42.92,935300
2019-08-20 20:00:00-04:00,42.88,43.14,42.40,42.61,1707300
2019-08-21 20:00:00-04:00,42.68,43.04,42.36,42.54,1287900
2019-08-22 20:00:00-04:00,42.43,42.51,41.10,41.20,1643200
2019-08-25 20:00:00-04:00,41.42,41.64,41.22,41.61,1461700
2019-08-26 20:00:00-04:00,41.66,41.79,41.18,41.28,1643700
2019-08-27 20:00:00-04:00,41.32,42.18,41.08,42.09,923900
2019-08-28 20:00:00-04:00,42.53,42.82,42.35,42.48,768600
2019-08-29 20:00:00-04:00,42.61,42.94,42.50,42.74,1390300
2019-09-02 20:00:00-04:00,42.52,43.78,42.26,43.60,2111300
2019-09-03 20:00:00-04:00,43.95,44.36,43.83,44.21,927100
2019-09-04 20:00:00-04:00,44.41,44.68,44.21,44.25,1659000
2019-09-05 20:00:00-04:00,44.42,44.51,44.21,44.45,1464400
2019-09-08 20:00:00-04:00,44.45,46.54,44.45,46.49,2019400
2019-09-09 20:00:00-04:00,46.43,47.27,46.12,47.10,2342000
2019-09-10 20:00:00-04:00,46.91,47.14,46.19,46.92,1694500
2019-09-11 20:00:00-04:00,47.35,47.43,46.60,46.81,1183200
2019-09-12 20:00:00-04:00,46.96,47.63,46.87,47.57,1395300
2019-09-15 20:00:00-04:00,47.43,47.93,47.17,47.89,1476900
2019-09-16 20:00:00-04:00,47.87,47.96,46.24,46.33,2197700
2019-09-17 20:00:00-04:00,46.10,46.24,45.29,45.80,2007300
2019-09-18 20:00:00-04:00,45.81,46.03,45.52,45.80,1239200
2019-09-19 20:00:00-04:00,46.20,46.98,46.07,46.82,2106000
2019-09-22 20:00:00-04:00,46.78,47.03,46.40,46.78,1377300
2019-09-23 20:00:00-04:00,46.77,46.94,46.14,46.48,1122600
2019-09-24 20:00:00-04:00,46.64,46.78,46.21,46.72,1195800
2019-09-25 20:00:00-04:00,46.87,47.68,46.70,47.51,1398600
2019-09-26 20:00:00-04:00,47.72,48.02,47.38,47.82,1687800
2019-09-29 20:00:00-04:00,47.97,48.37,47.75,47.85,1575900
2019-09-30 20:00:00-04:00,48.02,48.57,47.93,48.36,1127900
2019-10-01 20:00:00-04:00,47.93,48.22,46.90,47.20,1341600
2019-10-02 20:00:00-04:00,46.78,47.31,45.92,47.12,1390300
2019-10-03 20:00:00-04:00,47.11,47.33,46.31,47.13,1254700
2019-10-06 20:00:00-04:00,47.21,47.53,46.71,46.74,1192400
2019-10-07 20:00:00-04:00,46.60,46.60,45.83,46.05,1328200
2019-10-08 20:00:00-04:00,46.36,46.50,45.90,46.19,1311000
2019-10-09 20:00:00-04:00,46.20,46.67,45.95,46.37,976000
2019-10-10 20:00:00-04:00,46.20,47.05,46.20,46.65,1024800
2019-10-13 20:00:00-04:00,46.45,46.88,46.24,46.80,805500
2019-10-14 20:00:00-04:00,46.81,47.29,46.58,47.17,1875200
2019-10-15 20:00:00-04:00,47.39,47.39,46.78,46.87,1260100
2019-10-16 20:00:00-04:00,47.08,47.94,46.91,47.43,1474300
2019-10-17 20:00:00-04:00,47.56,47.56,47.22,47.42,1572300
2019-10-20 20:00:00-04:00,47.58,47.69,47.41,47.57,1352500
2019-10-21 20:00:00-04:00,47.73,49.36,47.53,49.35,2654000
2019-10-22 20:00:00-04:00,49.01,49.56,48.77,49.49,1502100
2019-10-23 20:00:00-04:00,49.56,49.70,48.71,49.01,1582000
2019-10-24 20:00:00-04:00,47.77,48.17,46.65,47.30,3497200
2019-10-27 20:00:00-04:00,47.22,47.54,45.39,45.41,3442700
2019-10-28 20:00:00-04:00,45.49,45.76,45.00,45.51,3482500
2019-10-29 20:00:00-04:00,44.08,45.65,43.19,44.10,4119100
2019-10-30 20:00:00-04:00,44.06,44.28,43.56,43.87,1963800
2019-10-31 20:00:00-04:00,43.93,44.38,43.76,43.86,1455300
2019-11-03 19:00:00-05:00,44.21,45.00,43.95,44.61,1275600
2019-11-04 19:00:00-05:00,44.81,45.82,44.65,45.25,2068000
2019-11-05 19:00:00-05:00,45.54,45.70,45.04,45.34,1394200
2019-11-06 19:00:00-05:00,45.53,45.82,44.44,44.53,1308500
2019-11-07 19:00:00-05:00,44.56,44.80,44.26,44.76,1061900
2019-11-10 19:00:00-05:00,44.72,44.76,44.15,44.36,1035200
2019-11-11 19:00:00-05:00,44.52,44.55,43.79,43.83,1481300
2019-11-12 19:00:00-05:00,43.95,43.95,43.04,43.23,1489500
2019-11-13 19:00:00-05:00,43.36,43.46,42.69,42.69,1502200
2019-11-14 19:00:00-05:00,42.75,43.87,42.67,43.71,1827200
2019-11-17 19:00:00-05:00,43.72,43.97,43.13,43.24,1169300
2019-11-18 19:00:00-05:00,43.25,43.63,43.00,43.61,1071200
2019-11-19 19:00:00-05:00,43.66,44.38,43.52,43.60,2192900
2019-11-20 19:00:00-05:00,43.60,43.90,43.45,43.73,1364700
2019-11-21 19:00:00-05:00,43.95,44.13,43.34,43.51,802000
2019-11-24 19:00:00-05:00,43.05,43.77,42.98,43.62,1093800
2019-11-25 19:00:00-05:00,42.86,43.36,42.12,42.49,2205400
2019-11-26 19:00:00-05:00,42.62,42.81,42.12,42.22,2356000
2019-11-28 19:00:00-05:00,42.67,42.67,42.27,42.48,696700
2019-12-01 19:00:00-05:00,42.43,42.83,42.33,42.64,1759200
2019-12-02 19:00:00-05:00,42.55,42.71,41.93,42.17,1635300
2019-12-03 19:00:00-05:00,42.19,43.47,42.17,43.03,1881700
2019-12-04 19:00:00-05:00,42.98,43.22,42.11,42.38,1508300
2019-12-05 19:00:00-05:00,42.66,43.09,42.53,42.97,1062200
2019-12-08 19:00:00-05:00,42.97,43.45,42.91,43.37,1616000
2019-12-09 19:00:00-05:00,43.23,43.29,42.73,43.10,1694100
2019-12-10 19:00:00-05:00,43.33,43.39,42.80,43.07,1124500
2019-12-11 19:00:00-05:00,43.06,43.62,42.99,43.23,1326500
2019-12-12 19:00:00-05:00,43.39,43.69,42.64,42.76,1593500
2019-12-15 19:00:00-05:00,43.09,43.93,42.92,43.75,2896800
2019-12-16 19:00:00-05:00,43.60,44.29,43.60,44.14,1280000
2019-12-17 19:00:00-05:00,44.22,44.58,44.04,44.56,2549400
2019-12-18 19:00:00-05:00,44.46,44.98,44.13,44.82,2803600
2019-12-19 19:00:00-05:00,45.41,46.23,45.19,45.33,5820400
2019-12-22 19:00:00-05:00,45.48,45.66,44.49,44.65,2770900
2019-12-23 19:00:00-05:00,44.58,45.13,44.45,44.84,747700
2019-12-25 19:00:00-05:00,44.84,45.12,44.78,45.12,795000
2019-12-26 19:00:00-05:00,45.28,45.42,45.05,45.30,1084800
2019-12-29 19:00:00-05:00,45.32,45.42,44.99,45.26,1395400
2019-12-30 19:00:00-05:00,45.25,45.48,44.84,45.36,1644600
2020-01-01 19:00:00-05:00,45.66,45.80,44.68,45.06,1771400
2020-01-02 19:00:00-05:00,44.71,45.00,44.34,44.93,1955300
2020-01-05 19:00:00-05:00,45.20,46.27,45.07,45.98,2429900
2020-01-06 19:00:00-05:00,45.78,46.12,45.56,45.86,2385800
2020-01-07 19:00:00-05:00,45.97,46.68,45.51,46.31,1979000
2020-01-08 19:00:00-05:00,46.39,46.45,45.71,46.26,1341100
2020-01-09 19:00:00-05:00,46.31,46.65,46.29,46.35,1044500
2020-01-12 19:00:00-05:00,46.43,46.62,46.09,46.62,1778800
2020-01-13 19:00:00-05:00,46.50,47.09,46.34,47.09,2209500
2020-01-14 19:00:00-05:00,46.82,47.63,46.71,47.06,1251200
2020-01-15 19:00:00-05:00,47.08,47.72,46.91,47.61,1139000
2020-01-16 19:00:00-05:00,47.74,48.02,47.50,47.61,1020000
2020-01-20 19:00:00-05:00,47.40,47.80,47.04,47.55,1495600
2020-01-21 19:00:00-05:00,47.51,47.69,47.15,47.53,941100
2020-01-22 19:00:00-05:00,47.31,48.01,47.10,47.75,1267500
2020-01-23 19:00:00-05:00,47.88,47.91,46.76,47.23,1415200
2020-01-26 19:00:00-05:00,46.54,47.47,46.52,47.08,1294000
2020-01-27 19:00:00-05:00,47.16,47.61,47.04,47.21,1274300
2020-01-28 19:00:00-05:00,47.40,47.85,47.23,47.38,1043400
2020-01-29 19:00:00-05:00,47.21,47.44,46.90,47.35,1136400
2020-01-30 19:00:00-05:00,47.20,47.27,46.62,46.78,3851300
2020-02-02 19:00:00-05:00,46.92,47.74,46.91,47.39,1656800
2020-02-03 19:00:00-05:00,47.86,48.23,47.82,47.90,1382800
2020-02-04 19:00:00-05:00,48.00,48.88,48.00,48.83,1489100
2020-02-05 19:00:00-05:00,49.04,49.13,48.39,48.39,1257200
2020-02-06 19:00:00-05:00,48.06,48.74,47.99,48.63,979300
2020-02-09 19:00:00-05:00,48.46,48.86,48.32,48.68,1316000
2020-02-10 19:00:00-05:00,49.04,49.39,48.71,48.86,1890600
2020-02-11 19:00:00-05:00,51.41,52.13,46.70,46.71,5820400
2020-02-12 19:00:00-05:00,46.52,46.90,45.84,46.59,2232900
2020-02-13 19:00:00-05:00,46.69,46.95,46.19,46.50,2123400
2020-02-17 19:00:00-05:00,46.42,46.67,45.43,45.83,2385900
2020-02-18 19:00:00-05:00,45.77,46.36,45.38,46.19,1688600
2020-02-19 19:00:00-05:00,46.06,46.65,45.94,46.63,1113000
2020-02-20 19:00:00-05:00,46.31,46.69,46.18,46.53,1636700
2020-02-23 19:00:00-05:00,45.73,45.95,45.00,45.62,1706800
2020-02-24 19:00:00-05:00,45.59,45.59,43.26,43.28,2277800
2020-02-25 19:00:00-05:00,43.38,44.72,43.28,43.55,3070100
2020-02-26 19:00:00-05:00,42.75,43.57,41.24,42.09,3142100
2020-02-27 19:00:00-05:00,41.00,41.76,40.08,41.75,3088400
2020-03-01 19:00:00-05:00,41.75,43.33,41.53,43.33,2477300
2020-03-02 19:00:00-05:00,43.26,43.97,41.84,42.44,1652700
2020-03-03 19:00:00-05:00,42.79,44.18,42.56,44.17,2162600
2020-03-04 19:00:00-05:00,42.85,43.32,41.58,42.18,2352100
2020-03-05 19:00:00-05:00,41.00,42.08,40.15,40.90,3069500
2020-03-08 20:00:00-04:00,38.67,39.16,36.33,36.61,3171200
2020-03-09 20:00:00-04:00,37.56,38.47,35.50,37.36,2905700
2020-03-10 20:00:00-04:00,36.17,36.79,34.41,34.85,2655300
2020-03-11 20:00:00-04:00,32.82,33.41,30.92,32.69,3960000
2020-03-12 20:00:00-04:00,34.44,36.25,32.22,36.23,4338300
2020-03-15 20:00:00-04:00,31.92,37.64,31.87,35.63,3976300
2020-03-16 20:00:00-04:00,36.07,37.78,35.01,37.45,4529600
2020-03-17 20:00:00-04:00,35.41,38.64,32.78,34.44,4106800
2020-03-18 20:00:00-04:00,34.04,35.82,31.79,32.78,2754200
2020-03-19 20:00:00-04:00,32.97,35.07,31.13,31.45,4171300
2020-03-22 20:00:00-04:00,31.20,31.73,28.95,29.42,3005600
2020-03-23 20:00:00-04:00,30.93,33.24,30.65,31.90,3067600
2020-03-24 20:00:00-04:00,31.61,33.44,31.46,31.96,3072100
2020-03-25 20:00:00-04:00,32.19,33.12,31.80,32.88,2907600
2020-03-26 20:00:00-04:00,31.69,33.06,30.14,32.40,3070400
2020-03-29 20:00:00-04:00,32.49,34.67,31.56,34.31,2211200
2020-03-30 20:00:00-04:00,33.97,34.65,32.90,33.21,2228900
2020-03-31 20:00:00-04:00,31.52,32.66,31.26,32.22,1565200
2020-04-01 20:00:00-04:00,31.90,34.24,31.54,34.05,2559400
2020-04-02 20:00:00-04:00,33.88,35.36,33.86,34.91,1847000
2020-04-05 20:00:00-04:00,36.10,36.80,35.02,36.52,2000100
2020-04-06 20:00:00-04:00,38.03,38.50,36.99,37.06,2121200
2020-04-07 20:00:00-04:00,37.24,39.21,37.08,38.84,1708700
2020-04-08 20:00:00-04:00,39.05,41.07,38.91,40.35,2077600
2020-04-12 20:00:00-04:00,40.22,40.44,37.52,38.33,1689600
2020-04-13 20:00:00-04:00,38.87,40.25,38.67,39.65,1816400
2020-04-14 20:00:00-04:00,38.74,38.96,36.99,37.97,1579800
2020-04-15 20:00:00-04:00,38.16,38.16,36.10,36.75,2695700
2020-04-16 20:00:00-04:00,37.58,38.10,37.04,37.78,2335200
2020-04-19 20:00:00-04:00,37.03,37.96,36.79,37.02,1630800
2020-04-20 20:00:00-04:00,36.19,36.42,35.52,35.84,1830600
2020-04-21 20:00:00-04:00,36.52,36.52,35.63,35.84,1453900
2020-04-22 20:00:00-04:00,35.93,36.83,35.58,35.64,1500700
2020-04-23 20:00:00-04:00,35.81,36.79,35.65,36.63,1354800
2020-04-26 20:00:00-04:00,36.78,38.17,36.58,37.96,1647400
2020-04-27 20:00:00-04:00,39.27,39.39,38.26,38.68,2673600
2020-04-28 20:00:00-04:00,39.36,40.22,39.09,39.30,3032700
2020-04-29 20:00:00-04:00,35.64,36.45,34.52,34.91,5459100
2020-04-30 20:00:00-04:00,34.32,34.45,33.06,33.13,2659900
2020-05-03 20:00:00-04:00,32.78,33.03,31.74,32.51,2930700
2020-05-04 20:00:00-04:00,32.72,32.86,31.87,31.87,1993000
2020-05-05 20:00:00-04:00,32.25,32.60,31.63,32.08,2020500
2020-05-06 20:00:00-04:00,32.47,32.89,31.63,32.01,2050200
2020-05-07 20:00:00-04:00,32.66,33.25,32.32,33.11,1593400
2020-05-10 20:00:00-04:00,32.86,33.22,32.53,32.81,1883500
2020-05-11 20:00:00-04:00,32.85,33.01,32.09,32.09,2103300
2020-05-12 20:00:00-04:00,31.79,31.86,30.43,30.83,2382900
2020-05-13 20:00:00-04:00,30.27,31.07,29.48,30.89,2442500
2020-05-14 20:00:00-04:00,30.91,31.46,30.60,30.94,1955300
2020-05-17 20:00:00-04:00,31.83,33.05,31.83,32.82,1873600
2020-05-18 20:00:00-04:00,32.78,32.89,31.94,32.20,1478800
2020-05-19 20:00:00-04:00,32.59,32.83,32.11,32.26,1692100
2020-05-20 20:00:00-04:00,32.04,32.25,31.24,31.32,5581700
2020-05-21 20:00:00-04:00,31.11,31.61,30.75,31.35,2851300
2020-05-25 20:00:00-04:00,31.79,32.13,30.96,31.27,5742300
2020-05-26 20:00:00-04:00,32.03,33.88,31.76,33.83,4859500
2020-05-27 20:00:00-04:00,34.35,34.44,32.58,32.65,2894800
2020-05-28 20:00:00-04:00,32.01,32.38,31.59,32.32,3545200
2020-05-31 20:00:00-04:00,32.48,32.69,32.12,32.32,1907800
2020-06-01 20:00:00-04:00,32.88,33.54,32.60,33.47,2103000
2020-06-02 20:00:00-04:00,34.05,35.41,33.97,34.51,4122000
2020-06-03 20:00:00-04:00,34.56,36.02,34.40,36.02,5820400
2020-06-04 20:00:00-04:00,37.21,37.70,36.00,36.10,2951300
2020-06-07 20:00:00-04:00,36.82,37.18,36.28,36.92,2808500
2020-06-08 20:00:00-04:00,35.98,36.21,35.43,35.54,2709100
2020-06-09 20:00:00-04:00,35.52,35.52,33.60,33.63,2091100
2020-06-10 20:00:00-04:00,32.35,32.78,30.97,31.12,3151300
2020-06-11 20:00:00-04:00,32.05,32.43,31.29,32.39,3262200
2020-06-14 20:00:00-04:00,31.36,32.91,31.08,32.57,2470200
2020-06-15 20:00:00-04:00,33.84,34.04,32.47,33.88,4256800
2020-06-16 20:00:00-04:00,33.99,34.07,32.81,33.00,2004100
2020-06-17 20:00:00-04:00,32.57,33.46,32.40,33.27,1357100
2020-06-18 20:00:00-04:00,33.64,33.97,32.28,32.38,3881400
2020-06-21 20:00:00-04:00,32.19,32.42,31.73,32.31,1757300
2020-06-22 20:00:00-04:00,32.75,32.80,32.05,32.32,1891200
2020-06-23 20:00:00-04:00,31.82,31.86,30.71,31.07,3022200
2020-06-24 20:00:00-04:00,30.77,30.77,29.81,30.29,3318100
2020-06-25 20:00:00-04:00,30.09,30.15,29.12,29.31,3603500
2020-06-28 20:00:00-04:00,29.79,30.39,29.63,30.15,2799900
2020-06-29 20:00:00-04:00,30.16,30.18,28.56,29.25,5820400
2020-06-30 20:00:00-04:00,29.40,30.27,28.95,29.85,2926200
2020-07-01 20:00:00-04:00,30.41,30.77,29.93,30.09,1441200
2020-07-05 20:00:00-04:00,30.65,30.89,29.92,30.36,1564500
2020-07-06 20:00:00-04:00,29.93,30.09,29.50,29.51,2008800
2020-07-07 20:00:00-04:00,29.63,29.90,29.28,29.57,2131200
2020-07-08 20:00:00-04:00,29.39,29.48,28.25,28.31,2151200
2020-07-09 20:00:00-04:00,28.40,29.54,28.28,29.51,1506700
2020-07-12 20:00:00-04:00,29.47,29.57,28.66,29.22,2087000
2020-07-13 20:00:00-04:00,29.00,29.98,28.70,29.86,1805600
2020-07-14 20:00:00-04:00,30.50,31.14,30.29,30.45,2148700
2020-07-15 20:00:00-04:00,30.37,31.03,30.20,30.71,1213200
2020-07-16 20:00:00-04:00,30.66,30.99,30.37,30.71,1492100
2020-07-19 20:00:00-04:00,30.58,30.58,29.62,29.80,1856900
2020-07-20 20:00:00-04:00,30.06,30.85,30.06,30.52,1816000
2020-07-21 20:00:00-04:00,30.31,30.64,30.03,30.48,1422900
2020-07-22 20:00:00-04:00,30.43,31.30,30.37,31.12,1922600
2020-07-23 20:00:00-04:00,30.99,31.29,30.85,31.06,1574500
2020-07-26 20:00:00-04:00,30.93,31.06,30.48,30.77,1613800
2020-07-27 20:00:00-04:00,30.65,31.36,30.65,30.92,2112900
2020-07-28 20:00:00-04:00,31.08,31.44,30.66,31.27,2572800
2020-07-29 20:00:00-04:00,32.71,33.22,31.61,31.87,4293000
2020-07-30 20:00:00-04:00,31.95,32.61,31.48,31.94,4405800
2020-08-02 20:00:00-04:00,31.96,31.97,31.23,31.34,1759200
2020-08-03 20:00:00-04:00,31.31,31.70,31.16,31.29,1562900
2020-08-04 20:00:00-04:00,31.57,31.74,30.93,31.10,1630200
2020-08-05 20:00:00-04:00,30.79,31.29,30.74,31.13,1580200
2020-08-06 20:00:00-04:00,30.87,31.77,30.87,31.73,1428200
2020-08-09 20:00:00-04:00,31.86,32.31,31.84,32.26,1744500
2020-08-10 20:00:00-04:00,32.96,33.41,32.44,32.53,1841600
2020-08-11 20:00:00-04:00,32.97,33.28,32.49,32.72,1703100
2020-08-12 20:00:00-04:00,32.46,32.71,32.01,32.19,1071200
2020-08-13 20:00:00-04:00,31.89,32.41,31.80,32.08,900400
2020-08-16 20:00:00-04:00,32.04,32.42,31.72,32.13,1625500
2020-08-17 20:00:00-04:00,32.19,32.36,31.83,32.15,1051000
2020-08-18 20:00:00-04:00,32.25,32.60,32.05,32.22,1140300
2020-08-19 20:00:00-04:00,31.92,32.12,31.61,31.63,987500
2020-08-20 20:00:00-04:00,31.47,31.52,30.83,31.33,1812800
2020-08-23 20:00:00-04:00,31.48,32.38,31.23,32.37,1050200
2020-08-24 20:00:00-04:00,32.56,32.71,32.02,32.03,929100
2020-08-25 20:00:00-04:00,32.03,32.34,31.69,31.92,856700
2020-08-26 20:00:00-04:00,31.96,32.59,31.87,31.98,868100
2020-08-27 20:00:00-04:00,32.15,32.34,31.86,32.26,1274100
2020-08-30 20:00:00-04:00,32.09,32.29,31.91,32.04,1905400
2020-08-31 20:00:00-04:00,31.88,31.90,31.23,31.51,1865800
2020-09-01 20:00:00-04:00,31.64,32.37,31.53,32.28,1582900
2020-09-02 20:00:00-04:00,32.60,32.95,32.03,32.35,2338900
2020-09-03 20:00:00-04:00,32.53,32.85,32.00,32.62,1639600
2020-09-07 20:00:00-04:00,32.55,32.73,31.95,32.15,1820700
2020-09-08 20:00:00-04:00,32.35,32.69,31.92,31.94,2424900
2020-09-09 20:00:00-04:00,32.15,32.15,30.19,30.31,3361400
2020-09-10 20:00:00-04:00,30.31,30.33,29.45,29.87,2807000
2020-09-13 20:00:00-04:00,30.08,30.23,29.71,29.80,1690200
2020-09-14 20:00:00-04:00,29.58,29.74,28.88,29.19,3739000
2020-09-15 20:00:00-04:00,29.53,30.01,29.37,29.42,2471700
2020-09-16 20:00:00-04:00,29.34,29.88,28.91,29.85,2122300
2020-09-17 20:00:00-04:00,29.79,30.00,29.02,29.21,4989300
2020-09-20 20:00:00-04:00,28.83,28.93,28.16,28.60,3717000
2020-09-21 20:00:00-04:00,28.54,28.92,28.53,28.71,2191500
2020-09-22 20:00:00-04:00,28.83,29.09,28.16,28.16,2822100
2020-09-23 20:00:00-04:00,28.07,28.33,27.34,28.14,3589200
2020-09-24 20:00:00-04:00,27.98,28.26,27.40,27.80,2355100
2020-09-27 20:00:00-04:00,28.31,28.65,27.97,28.59,1834800
2020-09-28 20:00:00-04:00,29.58,30.01,28.54,28.54,3774700
2020-09-29 20:00:00-04:00,28.65,28.83,28.23,28.57,2426900
2020-09-30 20:00:00-04:00,28.52,28.61,27.78,27.91,3057500
2020-10-01 20:00:00-04:00,27.66,29.16,27.54,28.98,2840400
2020-10-04 20:00:00-04:00,29.16,29.78,28.79,29.75,2623900
2020-10-05 20:00:00-04:00,30.08,30.62,29.69,29.73,2290400
2020-10-06 20:00:00-04:00,30.33,31.11,30.23,30.37,2948800
2020-10-07 20:00:00-04:00,30.49,31.42,30.29,31.33,2278800
2020-10-08 20:00:00-04:00,31.33,31.55,30.66,30.74,1649100
2020-10-11 20:00:00-04:00,30.66,30.85,29.92,30.35,5442300
2020-10-12 20:00:00-04:00,30.22,30.37,30.01,30.09,1904400
2020-10-13 20:00:00-04:00,29.97,30.31,29.93,30.14,1468800
2020-10-14 20:00:00-04:00,29.80,30.32,29.49,30.28,1897200
2020-10-15 20:00:00-04:00,30.22,30.51,29.99,30.14,1547600
2020-10-18 20:00:00-04:00,30.19,30.37,29.41,29.56,1475800
2020-10-19 20:00:00-04:00,29.85,30.02,29.28,29.54,1434200
2020-10-20 20:00:00-04:00,29.29,29.77,29.04,29.45,1863900
2020-10-21 20:00:00-04:00,29.44,30.12,29.15,30.05,1481700
2020-10-22 20:00:00-04:00,30.61,30.82,30.09,30.37,1246300
2020-10-25 20:00:00-04:00,30.19,30.19,29.30,29.69,1528100
2020-10-26 20:00:00-04:00,29.40,29.57,28.74,28.78,1961700
2020-10-27 20:00:00-04:00,28.29,28.52,27.77,28.02,3257500
2020-10-28 20:00:00-04:00,28.22,29.34,27.70,28.42,5140000
2020-10-29 20:00:00-04:00,28.44,30.05,28.44,30.02,5588200
2020-11-01 19:00:00-05:00,30.22,31.97,29.80,31.97,4932300
2020-11-02 19:00:00-05:00,32.33,33.19,32.19,32.93,4030000
2020-11-03 19:00:00-05:00,32.40,32.44,31.09,31.75,5643400
2020-11-04 19:00:00-05:00,32.49,32.89,31.98,32.56,2899000
2020-11-05 19:00:00-05:00,32.60,32.91,32.42,32.62,2122600
2020-11-08 19:00:00-05:00,35.07,36.17,34.40,35.04,4294900
2020-11-09 19:00:00-05:00,35.36,36.72,34.77,36.44,3365900
2020-11-10 19:00:00-05:00,36.49,36.52,35.75,36.07,2119500
2020-11-11 19:00:00-05:00,35.64,36.24,35.29,35.92,1907100
2020-11-12 19:00:00-05:00,36.10,37.89,36.00,37.58,2884900
2020-11-15 19:00:00-05:00,38.53,38.66,37.13,38.24,3913400
2020-11-16 19:00:00-05:00,37.55,38.61,37.25,38.42,2400700
2020-11-17 19:00:00-05:00,38.56,38.72,37.06,37.08,3211400
2020-11-18 19:00:00-05:00,36.96,37.77,36.82,37.49,1625700
2020-11-19 19:00:00-05:00,37.29,37.71,36.84,37.08,1740500
2020-11-22 19:00:00-05:00,37.37,37.65,36.94,37.57,1853800
2020-11-23 19:00:00-05:00,38.13,40.27,38.13,40.05,3371100
2020-11-24 19:00:00-05:00,39.86,39.99,38.96,39.59,3480400
2020-11-26 19:00:00-05:00,39.47,40.17,39.30,39.84,2205300
2020-11-29 19:00:00-05:00,39.44,39.70,38.91,39.16,5411700
2020-11-30 19:00:00-05:00,39.59,40.16,39.17,39.37,3326200
2020-12-01 19:00:00-05:00,39.22,39.35,38.14,38.56,3255300
2020-12-02 19:00:00-05:00,38.75,39.79,38.67,39.73,1832300
2020-12-03 19:00:00-05:00,39.99,40.49,39.60,40.47,1751400
2020-12-06 19:00:00-05:00,40.32,40.84,39.93,40.57,2093600
2020-12-07 19:00:00-05:00,40.16,41.39,40.16,40.80,2275700
2020-12-08 19:00:00-05:00,41.12,41.12,40.51,40.93,1894700
2020-12-09 19:00:00-05:00,40.89,41.32,40.72,41.04,1781400
2020-12-10 19:00:00-05:00,40.53,41.13,40.08,40.27,1671600
2020-12-13 19:00:00-05:00,40.77,41.09,39.07,39.09,2308400
2020-12-14 19:00:00-05:00,39.44,39.49,38.90,39.19,1518100
2020-12-15 19:00:00-05:00,38.90,39.85,38.90,39.39,3328500
2020-12-16 19:00:00-05:00,39.85,39.95,38.77,39.13,1777700
2020-12-17 19:00:00-05:00,38.97,39.01,38.15,38.74,2921900
2020-12-20 19:00:00-05:00,37.86,38.16,37.42,37.95,1387300
2020-12-21 19:00:00-05:00,37.93,38.33,37.38,37.81,2782400
2020-12-22 19:00:00-05:00,38.04,38.79,37.96,38.64,1126700
2020-12-23 19:00:00-05:00,38.82,38.82,38.21,38.71,502900
2020-12-27 19:00:00-05:00,39.02,39.10,38.27,38.72,2206800
2020-12-28 19:00:00-05:00,39.08,39.36,38.58,38.77,2109500
2020-12-29 19:00:00-05:00,38.57,38.86,38.31,38.51,1202000
2020-12-30 19:00:00-05:00,38.41,38.55,38.16,38.47,1030600
2021-01-03 19:00:00-05:00,39.60,39.60,38.15,38.86,1857100
2021-01-04 19:00:00-05:00,39.08,40.27,38.85,40.01,2619200
2021-01-05 19:00:00-05:00,40.76,42.61,40.74,41.93,3360900
2021-01-06 19:00:00-05:00,42.05,42.37,41.44,41.84,1918600
2021-01-07 19:00:00-05:00,41.87,42.18,41.57,42.14,1134400
2021-01-10 19:00:00-05:00,41.65,42.62,41.56,42.29,2197600
2021-01-11 19:00:00-05:00,42.57,44.54,42.57,44.14,2902600
2021-01-12 19:00:00-05:00,43.80,45.31,43.55,44.51,2611200
2021-01-13 19:00:00-05:00,44.80,45.73,44.34,45.54,1902900
2021-01-14 19:00:00-05:00,45.32,45.39,44.52,44.73,1855100
2021-01-18 19:00:00-05:00,45.07,45.28,44.07,44.29,1783800
2021-01-19 19:00:00-05:00,44.25,44.37,43.01,43.54,2002300
2021-01-20 19:00:00-05:00,43.51,43.75,42.57,43.12,1560800
2021-01-21 19:00:00-05:00,42.69,43.18,42.52,43.01,1283900
2021-01-24 19:00:00-05:00,42.57,44.64,42.52,43.97,1825300
2021-01-25 19:00:00-05:00,44.44,45.43,44.20,45.40,2545200
2021-01-26 19:00:00-05:00,44.96,47.76,44.74,46.81,3783500
2021-01-27 19:00:00-05:00,46.63,47.09,44.16,44.25,2110700
2021-01-28 19:00:00-05:00,44.31,44.70,42.40,42.70,2513300
2021-01-31 19:00:00-05:00,43.02,43.37,41.75,42.15,2496000
2021-02-01 19:00:00-05:00,42.21,42.44,41.38,41.62,1889400
2021-02-02 19:00:00-05:00,41.89,42.36,41.48,42.03,1856100
2021-02-03 19:00:00-05:00,42.14,42.43,41.36,41.76,1767400
2021-02-04 19:00:00-05:00,41.91,42.47,41.39,41.70,2088400
2021-02-07 19:00:00-05:00,41.65,41.91,41.08,41.48,1823300
2021-02-08 19:00:00-05:00,41.60,41.87,40.99,41.42,1901700
2021-02-09 19:00:00-05:00,41.50,41.95,40.91,41.70,3011000
2021-02-10 19:00:00-05:00,39.15,39.58,36.97,37.88,5820400
2021-02-11 19:00:00-05:00,37.87,38.18,37.08,37.47,4751500
2021-02-15 19:00:00-05:00,38.04,38.43,37.13,37.88,3576900
2021-02-16 19:00:00-05:00,37.80,38.74,37.61,38.63,2974600
2021-02-17 19:00:00-05:00,38.47,38.83,37.87,37.92,2183800
2021-02-18 19:00:00-05:00,38.18,38.98,37.74,37.80,3055000
2021-02-21 19:00:00-05:00,37.97,38.66,37.81,38.41,2215500
2021-02-22 19:00:00-05:00,38.63,40.17,38.16,39.99,3445100
2021-02-23 19:00:00-05:00,40.16,40.37,39.53,40.02,3039800
2021-02-24 19:00:00-05:00,39.78,40.32,38.99,39.02,2921900
2021-02-25 19:00:00-05:00,38.99,39.22,37.76,37.84,2636800
2021-02-28 19:00:00-05:00,38.58,39.28,38.12,38.18,1384300
2021-03-01 19:00:00-05:00,37.93,38.62,37.77,38.28,1795500
2021-03-02 19:00:00-05:00,38.62,39.18,38.00,38.27,2711600
2021-03-03 19:00:00-05:00,38.53,39.51,37.89,38.64,2684000
2021-03-04 19:00:00-05:00,39.03,39.76,38.73,39.30,3986800
2021-03-07 19:00:00-05:00,39.57,40.98,39.47,40.58,2894600
2021-03-08 19:00:00-05:00,40.95,40.95,39.47,39.48,2479800
2021-03-09 19:00:00-05:00,39.84,40.74,39.65,39.88,2327900
2021-03-10 19:00:00-05:00,39.36,39.92,38.90,39.14,2876700
2021-03-11 19:00:00-05:00,39.42,39.97,39.24,39.70,2350700
2021-03-14 20:00:00-04:00,39.68,40.97,39.59,40.56,2911800
2021-03-15 20:00:00-04:00,40.22,41.46,39.80,41.21,3362900
2021-03-16 20:00:00-04:00,41.42,41.82,40.88,41.42,4040800
2021-03-17 20:00:00-04:00,41.73,42.79,41.73,41.84,3318000
2021-03-18 20:00:00-04:00,41.37,42.07,40.32,41.88,4444600
2021-03-21 20:00:00-04:00,41.88,42.44,41.38,42.44,2466300
2021-03-22 20:00:00-04:00,42.48,42.48,41.13,41.54,2912100
2021-03-23 20:00:00-04:00,41.56,41.77,41.09,41.17,2271700
2021-03-24 20:00:00-04:00,41.23,42.91,40.89,42.65,2086800
2021-03-25 20:00:00-04:00,42.91,43.76,42.83,43.73,1791300
2021-03-28 20:00:00-04:00,43.42,45.31,43.41,45.04,3217000
2021-03-29 20:00:00-04:00,44.94,45.34,44.08,44.56,2152000
2021-03-30 20:00:00-04:00,44.18,44.62,43.52,43.54,2228800
2021-03-31 20:00:00-04:00,43.56,44.25,42.70,44.18,1909000
2021-04-04 20:00:00-04:00,44.57,45.33,44.34,44.91,1803400
2021-04-05 20:00:00-04:00,44.69,45.43,44.37,44.62,1977200
2021-04-06 20:00:00-04:00,44.87,45.12,43.90,44.03,1886500
2021-04-07 20:00:00-04:00,43.54,44.22,43.18,43.91,2915100
2021-04-08 20:00:00-04:00,44.08,44.11,42.50,42.57,2166900
2021-04-11 20:00:00-04:00,42.80,43.27,42.74,43.09,1532300
2021-04-12 20:00:00-04:00,42.48,44.42,42.42,44.05,3599500
2021-04-13 20:00:00-04:00,44.16,44.32,43.22,43.54,2066900
2021-04-14 20:00:00-04:00,43.60,45.11,43.60,45.07,2123100
2021-04-15 20:00:00-04:00,45.29,45.62,44.99,45.52,1601000
2021-04-18 20:00:00-04:00,45.54,46.10,45.05,45.98,1660600
2021-04-19 20:00:00-04:00,45.91,46.35,44.47,44.63,1970000
2021-04-20 20:00:00-04:00,44.90,45.62,44.66,45.26,2161400
2021-04-21 20:00:00-04:00,45.19,45.31,44.46,44.51,1587900
2021-04-22 20:00:00-04:00,44.48,44.94,44.28,44.50,1486100
2021-04-25 20:00:00-04:00,44.47,45.11,44.19,45.07,1440100
2021-04-26 20:00:00-04:00,44.93,45.13,44.23,44.32,1448600
2021-04-27 20:00:00-04:00,44.72,45.03,43.94,44.16,2266600
2021-04-28 20:00:00-04:00,45.16,47.43,44.57,47.25,4584900
2021-04-29 20:00:00-04:00,47.15,47.26,46.31,46.78,2946000
2021-05-02 20:00:00-04:00,47.03,48.83,46.84,48.64,2755900
2021-05-03 20:00:00-04:00,48.60,48.87,47.61,48.03,2597400
2021-05-04 20:00:00-04:00,47.91,48.55,47.67,48.48,1449300
2021-05-05 20:00:00-04:00,48.99,51.13,48.92,50.61,3294300
2021-05-06 20:00:00-04:00,49.95,50.77,49.76,50.66,2080800
2021-05-09 20:00:00-04:00,51.25,52.02,50.57,50.70,1706200
2021-05-10 20:00:00-04:00,50.18,50.47,48.72,49.21,2626700
2021-05-11 20:00:00-04:00,49.63,49.73,48.83,48.85,1400500
2021-05-12 20:00:00-04:00,48.88,49.78,48.58,49.58,1090300
2021-05-13 20:00:00-04:00,49.69,50.28,49.32,49.53,1063700
2021-05-16 20:00:00-04:00,49.78,50.14,49.30,49.32,1362000
2021-05-17 20:00:00-04:00,49.31,49.41,47.18,47.23,2931100
2021-05-18 20:00:00-04:00,46.90,47.41,45.71,47.31,2760000
2021-05-19 20:00:00-04:00,47.91,48.64,47.41,48.09,2046000
2021-05-20 20:00:00-04:00,48.18,48.74,47.91,48.65,2008300
2021-05-23 20:00:00-04:00,48.65,49.66,48.35,49.16,2115700
2021-05-24 20:00:00-04:00,49.89,49.96,49.23,49.43,1940400
2021-05-25 20:00:00-04:00,49.07,49.35,48.58,48.84,2435900
2021-05-26 20:00:00-04:00,49.16,49.54,48.69,48.85,2916700
2021-05-27 20:00:00-04:00,48.88,50.17,48.83,49.65,1911800
2021-05-31 20:00:00-04:00,50.05,50.17,49.41,49.55,1459900
2021-06-01 20:00:00-04:00,49.80,51.42,49.40,51.16,2776000
2021-06-02 20:00:00-04:00,50.70,51.00,50.36,50.91,1513400
2021-06-03 20:00:00-04:00,50.92,51.29,50.54,51.17,1530100
2021-06-06 20:00:00-04:00,51.45,51.65,51.10,51.64,1266000
2021-06-07 20:00:00-04:00,51.55,52.09,51.40,51.70,1799500
2021-06-08 20:00:00-04:00,51.50,52.02,51.32,51.71,1027700
2021-06-09 20:00:00-04:00,51.92,52.34,51.66,51.69,1047800
2021-06-10 20:00:00-04:00,51.72,51.72,50.51,51.04,1322800
2021-06-13 20:00:00-04:00,50.99,51.21,50.44,50.87,1442400
2021-06-14 20:00:00-04:00,51.04,51.06,49.30,49.49,3379000
2021-06-15 20:00:00-04:00,49.37,49.99,48.85,49.20,1931100
2021-06-16 20:00:00-04:00,49.06,49.19,47.43,47.79,1609700
2021-06-17 20:00:00-04:00,47.66,47.78,46.15,46.17,3154800
2021-06-20 20:00:00-04:00,46.49,47.56,46.49,47.43,1925000
2021-06-21 20:00:00-04:00,47.20,47.30,46.64,46.75,2909600
2021-06-22 20:00:00-04:00,46.77,46.95,46.15,46.58,1512200
2021-06-23 20:00:00-04:00,46.58,46.97,46.30,46.79,1206800
2021-06-24 20:00:00-04:00,46.65,47.01,46.46,46.89,1491500
2021-06-27 20:00:00-04:00,46.97,46.99,45.93,46.68,1082100
2021-06-28 20:00:00-04:00,46.85,47.00,46.25,46.34,1143300
2021-06-29 20:00:00-04:00,46.43,46.72,45.38,45.71,2161200
2021-06-30 20:00:00-04:00,45.89,46.22,45.77,45.95,1378900
2021-07-01 20:00:00-04:00,45.97,46.17,45.42,45.81,1143200
2021-07-05 20:00:00-04:00,45.58,45.66,43.87,44.28,2440000
2021-07-06 20:00:00-04:00,44.29,45.22,43.77,45.03,1995100
2021-07-07 20:00:00-04:00,44.28,45.41,44.21,44.89,1617800
2021-07-08 20:00:00-04:00,45.28,45.75,45.06,45.27,1271700
2021-07-11 20:00:00-04:00,44.83,45.02,44.49,44.99,1187600
2021-07-12 20:00:00-04:00,45.07,45.26,43.89,44.00,1605600
2021-07-13 20:00:00-04:00,44.16,44.42,43.80,43.88,1336300
2021-07-14 20:00:00-04:00,43.84,44.06,43.12,43.45,1322900
2021-07-15 20:00:00-04:00,43.71,44.51,42.87,42.98,1760900
2021-07-18 20:00:00-04:00,42.57,43.07,42.10,42.87,2703800
2021-07-19 20:00:00-04:00,42.87,43.81,42.51,43.36,1704100
2021-07-20 20:00:00-04:00,43.68,43.94,42.98,43.07,1420900
2021-07-21 20:00:00-04:00,42.99,43.02,42.18,42.95,1784700
2021-07-22 20:00:00-04:00,42.90,42.93,41.88,42.31,3023600
2021-07-25 20:00:00-04:00,42.34,43.07,42.15,42.98,1832400
2021-07-26 20:00:00-04:00,42.82,43.04,42.39,42.57,1413700
2021-07-27 20:00:00-04:00,42.30,42.47,41.82,42.16,2032900
2021-07-28 20:00:00-04:00,42.57,42.98,41.22,42.06,3191800
2021-07-29 20:00:00-04:00,42.31,42.69,41.54,41.62,1704500
2021-08-01 20:00:00-04:00,41.62,43.05,41.62,41.93,1934500
2021-08-02 20:00:00-04:00,42.10,42.10,41.20,41.82,2020500
2021-08-03 20:00:00-04:00,41.49,41.88,40.86,40.88,1531100
2021-08-04 20:00:00-04:00,41.11,41.37,40.97,41.12,1220100
2021-08-05 20:00:00-04:00,41.42,42.21,41.25,41.80,1351800
2021-08-08 20:00:00-04:00,41.71,42.27,41.62,42.00,1045700
2021-08-09 20:00:00-04:00,42.07,43.72,42.06,43.59,2366000
2021-08-10 20:00:00-04:00,43.78,44.40,43.54,44.31,2334800
2021-08-11 20:00:00-04:00,44.40,44.40,42.86,42.88,1300100
2021-08-12 20:00:00-04:00,43.03,43.58,42.85,43.02,1110500
2021-08-15 20:00:00-04:00,43.04,43.43,42.45,42.89,945500
2021-08-16 20:00:00-04:00,42.62,43.03,42.05,42.28,1065300
2021-08-17 20:00:00-04:00,42.30,42.40,41.59,41.61,1097700
2021-08-18 20:00:00-04:00,41.58,41.78,40.75,40.91,1309700
2021-08-19 20:00:00-04:00,40.79,40.97,40.53,40.68,1531600
2021-08-22 20:00:00-04:00,40.86,41.36,40.55,40.89,1252500
2021-08-23 20:00:00-04:00,41.02,41.42,40.90,41.25,1019000
2021-08-24 20:00:00-04:00,41.18,41.18,40.63,40.79,1078400
2021-08-25 20:00:00-04:00,40.49,40.70,39.89,40.16,1757500
2021-08-26 20:00:00-04:00,40.28,41.00,40.10,40.74,940800
2021-08-29 20:00:00-04:00,40.73,40.89,40.04,40.08,1230100
2021-08-30 20:00:00-04:00,40.10,41.00,39.92,40.76,2218400
2021-08-31 20:00:00-04:00,40.93,41.01,40.32,40.53,981700
2021-09-01 20:00:00-04:00,40.59,40.87,40.15,40.38,781500
2021-09-02 20:00:00-04:00,40.41,40.50,40.03,40.28,842600
2021-09-06 20:00:00-04:00,40.10,40.17,39.25,39.29,1730700
2021-09-07 20:00:00-04:00,39.31,39.86,38.95,39.68,1348000
2021-09-08 20:00:00-04:00,39.14,39.63,38.60,39.49,2282900
2021-09-09 20:00:00-04:00,39.92,40.13,39.05,39.08,1530900
2021-09-12 20:00:00-04:00,39.43,40.81,39.30,40.25,1531300
2021-09-13 20:00:00-04:00,40.17,40.22,39.59,39.94,1485800
2021-09-14 20:00:00-04:00,39.89,40.07,39.40,39.93,1391500
2021-09-15 20:00:00-04:00,39.85,40.09,39.62,39.77,1360600
2021-09-16 20:00:00-04:00,39.62,39.75,38.95,39.27,3053100
2021-09-19 20:00:00-04:00,38.62,38.93,38.15,38.67,1821100
2021-09-20 20:00:00-04:00,38.83,39.25,38.26,38.42,1586500
2021-09-21 20:00:00-04:00,38.77,39.50,38.58,39.13,1668200
2021-09-22 20:00:00-04:00,39.26,39.93,39.24,39.75,1509000
2021-09-23 20:00:00-04:00,39.79,40.08,39.65,39.88,1073500
2021-09-26 20:00:00-04:00,40.30,42.45,40.22,41.85,2615600
2021-09-27 20:00:00-04:00,41.74,41.95,40.68,40.72,1970000
2021-09-28 20:00:00-04:00,40.59,41.00,40.40,40.58,1362000
2021-09-29 20:00:00-04:00,40.67,40.76,39.62,39.77,1826000
2021-09-30 20:00:00-04:00,40.00,40.47,39.62,40.41,1192500
2021-10-03 20:00:00-04:00,40.49,41.35,40.35,40.82,1523000
2021-10-04 20:00:00-04:00,40.89,41.53,40.59,41.37,1141200
2021-10-05 20:00:00-04:00,40.88,41.12,39.68,40.58,2261200
2021-10-06 20:00:00-04:00,40.93,41.40,40.32,40.46,1535100
2021-10-07 20:00:00-04:00,40.52,40.52,39.99,40.10,1415400
2021-10-10 20:00:00-04:00,39.92,40.25,39.25,39.32,1574100
2021-10-11 20:00:00-04:00,39.33,39.96,39.20,39.25,1073700
2021-10-12 20:00:00-04:00,39.24,39.47,38.63,39.26,1080200
2021-10-13 20:00:00-04:00,39.55,39.95,39.39,39.73,977700
2021-10-14 20:00:00-04:00,39.70,39.97,38.84,39.12,1823100
2021-10-17 20:00:00-04:00,38.47,38.85,37.88,38.56,1687000
2021-10-18 20:00:00-04:00,38.55,38.63,37.95,38.55,1608900
2021-10-19 20:00:00-04:00,38.78,39.30,38.76,38.88,1302000
2021-10-20 20:00:00-04:00,38.66,38.85,37.75,38.12,1634900
2021-10-21 20:00:00-04:00,37.96,38.21,37.70,38.11,1216700
2021-10-24 20:00:00-04:00,38.06,38.37,37.32,37.52,1915200
2021-10-25 20:00:00-04:00,37.52,37.77,36.97,37.34,1576700
2021-10-26 20:00:00-04:00,37.49,37.65,36.77,37.40,3033300
2021-10-27 20:00:00-04:00,37.71,37.78,36.41,37.61,3524800
2021-10-28 20:00:00-04:00,37.46,38.59,37.46,37.81,3058800
2021-10-31 20:00:00-04:00,37.82,38.87,37.61,38.74,1574900
2021-11-01 20:00:00-04:00,38.63,39.26,38.31,39.11,1605300
2021-11-02 20:00:00-04:00,39.11,40.97,38.79,40.17,2855200
2021-11-03 20:00:00-04:00,40.01,40.22,38.87,39.62,1646200
2021-11-04 20:00:00-04:00,39.97,40.34,39.60,39.97,1360400
2021-11-07 19:00:00-05:00,40.02,40.18,39.27,39.52,1209600
2021-11-08 19:00:00-05:00,39.43,39.67,38.91,39.18,774400
2021-11-09 19:00:00-05:00,39.41,39.81,39.08,39.48,1106000
2021-11-10 19:00:00-05:00,39.44,40.75,39.34,40.59,1166400
2021-11-11 19:00:00-05:00,40.59,41.07,40.10,40.82,1249800
2021-11-14 19:00:00-05:00,41.06,42.31,40.86,42.20,1714400
2021-11-15 19:00:00-05:00,42.45,42.57,41.35,41.36,1379300
2021-11-16 19:00:00-05:00,41.15,41.24,40.64,40.92,1032200
2021-11-17 19:00:00-05:00,40.76,40.80,39.82,39.89,1565700
2021-11-18 19:00:00-05:00,39.69,39.85,39.06,39.37,1069200
2021-11-21 19:00:00-05:00,39.52,40.75,39.06,40.70,1764700
2021-11-22 19:00:00-05:00,41.12,41.30,40.49,40.93,1371200
2021-11-23 19:00:00-05:00,40.81,41.07,40.34,40.52,658000
2021-11-25 19:00:00-05:00,39.39,39.52,38.60,39.10,913000
2021-11-28 19:00:00-05:00,39.35,39.53,38.35,38.87,1394400
2021-11-29 19:00:00-05:00,38.30,38.63,37.80,38.11,3047500
2021-11-30 19:00:00-05:00,38.84,39.40,37.70,37.71,1541300
2021-12-01 19:00:00-05:00,38.29,39.43,37.72,39.22,2111600
2021-12-02 19:00:00-05:00,39.32,39.67,39.16,39.54,1509100
2021-12-05 19:00:00-05:00,40.09,41.62,40.04,40.48,1747500
2021-12-06 19:00:00-05:00,40.37,40.80,39.96,40.35,1177100
2021-12-07 19:00:00-05:00,40.17,40.59,39.71,39.85,1234300
2021-12-08 19:00:00-05:00,39.67,39.84,39.16,39.38,1293700
2021-12-09 19:00:00-05:00,39.75,40.13,39.69,39.95,1217400
2021-12-12 19:00:00-05:00,39.89,40.23,39.07,39.77,1192100
2021-12-13 19:00:00-05:00,39.95,40.42,39.56,39.64,1158700
2021-12-14 19:00:00-05:00,39.54,39.61,38.29,38.82,1735200
2021-12-15 19:00:00-05:00,39.12,39.78,38.83,38.89,2716800
2021-12-16 19:00:00-05:00,38.61,39.15,38.31,38.66,4029500
2021-12-19 19:00:00-05:00,38.26,38.29,36.81,37.49,2467200
2021-12-20 19:00:00-05:00,37.79,38.53,37.69,38.49,2167200
2021-12-21 19:00:00-05:00,38.49,39.17,38.49,38.59,2069800
2021-12-22 19:00:00-05:00,38.79,39.45,38.79,39.40,2374300
2021-12-26 19:00:00-05:00,39.35,39.55,39.07,39.47,984200
2021-12-27 19:00:00-05:00,39.25,39.85,39.25,39.55,815400
2021-12-28 19:00:00-05:00,39.40,39.77,39.39,39.71,1082100
2021-12-29 19:00:00-05:00,39.92,40.07,39.61,39.67,942800
2021-12-30 19:00:00-05:00,39.56,40.19,39.44,40.05,1070000
2022-01-02 19:00:00-05:00,40.22,40.94,40.16,40.92,1262500
2022-01-03 19:00:00-05:00,41.31,42.49,41.13,42.26,1882300
2022-01-04 19:00:00-05:00,42.41,43.24,42.35,42.70,2497600
2022-01-05 19:00:00-05:00,43.28,43.67,42.61,43.02,2975800
2022-01-06 19:00:00-05:00,43.10,44.06,43.08,43.76,2939500
2022-01-09 19:00:00-05:00,43.81,44.36,42.40,42.59,2177100
2022-01-10 19:00:00-05:00,42.50,42.76,41.77,42.56,1445100
2022-01-11 19:00:00-05:00,42.53,42.56,41.72,41.98,1814700
2022-01-12 19:00:00-05:00,42.47,43.61,42.26,43.45,1369100
2022-01-13 19:00:00-05:00,43.25,44.86,43.10,44.67,1736600
2022-01-17 19:00:00-05:00,44.59,45.07,44.33,44.63,1929800
2022-01-18 19:00:00-05:00,44.74,44.84,43.38,43.42,1222700
2022-01-19 19:00:00-05:00,43.16,43.60,42.53,42.66,2057500
2022-01-20 19:00:00-05:00,42.97,43.14,41.83,42.02,1682600
2022-01-23 19:00:00-05:00,41.59,43.23,41.44,43.09,1814300
2022-01-24 19:00:00-05:00,42.84,43.55,42.02,43.40,1338300
2022-01-25 19:00:00-05:00,43.29,43.69,41.33,41.81,2051600
2022-01-26 19:00:00-05:00,41.88,42.95,41.36,41.62,1073000
2022-01-27 19:00:00-05:00,41.19,41.72,40.80,41.66,894300
2022-01-30 19:00:00-05:00,41.09,41.57,40.83,41.19,1421000
2022-01-31 19:00:00-05:00,41.12,41.94,40.91,41.69,1089400
2022-02-01 19:00:00-05:00,41.64,41.99,41.27,41.92,1183100
2022-02-02 19:00:00-05:00,41.97,42.59,41.69,42.19,1361300
2022-02-03 19:00:00-05:00,41.92,42.06,40.91,41.23,1660700
2022-02-06 19:00:00-05:00,41.43,41.57,40.92,41.00,1173100
2022-02-07 19:00:00-05:00,41.41,42.29,41.29,41.83,1598200
2022-02-08 19:00:00-05:00,42.04,42.70,42.01,42.43,1148900
2022-02-09 19:00:00-05:00,42.27,42.95,42.07,42.54,1358300
2022-02-10 19:00:00-05:00,42.50,43.21,42.40,43.03,1332200
2022-02-13 19:00:00-05:00,43.27,43.31,42.08,42.70,1168400
2022-02-14 19:00:00-05:00,42.72,43.36,42.59,42.79,974100
2022-02-15 19:00:00-05:00,42.73,43.53,42.47,42.72,926500
2022-02-16 19:00:00-05:00,42.46,42.66,41.87,42.13,1059600
2022-02-17 19:00:00-05:00,41.89,42.78,41.89,42.34,1003400
2022-02-21 19:00:00-05:00,42.19,42.49,41.95,41.99,2444800
2022-02-22 19:00:00-05:00,42.56,44.28,41.73,43.91,4391400
2022-02-23 19:00:00-05:00,44.01,44.01,41.17,42.71,3603300
2022-02-24 19:00:00-05:00,43.29,45.76,43.16,45.73,3655000
2022-02-27 19:00:00-05:00,44.34,45.20,44.19,45.09,1955500
2022-02-28 19:00:00-05:00,44.73,44.99,42.45,43.55,2819900
2022-03-01 19:00:00-05:00,43.73,44.47,43.44,44.25,2229900
2022-03-02 19:00:00-05:00,44.60,44.81,43.84,44.18,1208300
2022-03-03 19:00:00-05:00,43.44,44.32,43.23,44.29,1925100
2022-03-06 19:00:00-05:00,43.87,45.65,43.76,44.89,3404500
2022-03-07 19:00:00-05:00,45.37,46.02,44.30,45.23,3394300
2022-03-08 19:00:00-05:00,46.07,46.85,45.14,45.69,2784700
2022-03-09 19:00:00-05:00,45.20,45.36,43.56,43.83,1971900
2022-03-10 19:00:00-05:00,44.18,44.91,44.18,44.25,1435000
2022-03-13 20:00:00-04:00,44.84,44.87,43.78,44.24,1330400
2022-03-14 20:00:00-04:00,44.52,44.73,43.85,44.27,1222700
2022-03-15 20:00:00-04:00,44.52,45.44,44.30,45.39,1404900
2022-03-16 20:00:00-04:00,45.26,45.87,44.69,45.61,1203400
2022-03-17 20:00:00-04:00,45.53,46.24,45.02,46.11,2600500
2022-03-20 20:00:00-04:00,46.28,46.94,45.70,45.84,1429900
2022-03-21 20:00:00-04:00,46.14,46.27,45.41,46.04,876300
2022-03-22 20:00:00-04:00,46.18,46.48,45.70,45.71,937400
2022-03-23 20:00:00-04:00,45.82,46.08,45.56,46.07,728500
2022-03-24 20:00:00-04:00,46.15,47.01,46.09,46.98,727600
2022-03-27 20:00:00-04:00,46.98,46.98,45.94,46.45,848700
2022-03-28 20:00:00-04:00,46.90,47.59,46.32,47.08,906300
2022-03-29 20:00:00-04:00,46.97,47.28,46.90,47.28,860600
2022-03-30 20:00:00-04:00,46.96,47.45,46.46,46.47,1161200
2022-03-31 20:00:00-04:00,46.48,46.62,44.86,45.64,1189700
2022-04-03 20:00:00-04:00,45.49,45.60,44.18,45.33,1368100
2022-04-04 20:00:00-04:00,45.00,45.62,44.65,44.74,1292700
2022-04-05 20:00:00-04:00,44.66,44.98,43.98,44.19,1370300
2022-04-06 20:00:00-04:00,44.11,44.30,43.33,43.96,1517600
2022-04-07 20:00:00-04:00,44.34,45.05,44.05,44.89,1137400
2022-04-10 20:00:00-04:00,45.11,46.70,45.10,46.00,1219800
2022-04-11 20:00:00-04:00,46.04,46.79,45.84,46.73,1300700
2022-04-12 20:00:00-04:00,46.76,47.50,46.70,47.27,1263800
2022-04-13 20:00:00-04:00,47.45,48.59,47.45,48.42,2333200
2022-04-17 20:00:00-04:00,48.50,49.10,48.18,48.43,1502000
2022-04-18 20:00:00-04:00,48.59,49.02,48.50,48.64,996100
2022-04-19 20:00:00-04:00,48.83,49.77,48.72,49.43,1204700
2022-04-20 20:00:00-04:00,49.58,50.02,48.58,48.64,1407400
2022-04-21 20:00:00-04:00,48.33,48.49,46.77,46.81,1147100
2022-04-24 20:00:00-04:00,46.80,47.43,45.73,47.40,1343400
2022-04-25 20:00:00-04:00,47.28,47.65,46.96,47.16,1039500
2022-04-26 20:00:00-04:00,47.16,47.91,46.43,47.21,1119400
2022-04-27 20:00:00-04:00,47.19,48.07,46.80,47.97,1384800
2022-04-28 20:00:00-04:00,48.08,48.32,46.99,47.14,1682200
2022-05-01 20:00:00-04:00,47.47,47.87,46.49,47.29,2101600
2022-05-02 20:00:00-04:00,47.84,49.15,45.32,45.87,3259000
2022-05-03 20:00:00-04:00,45.87,46.51,44.60,46.35,2340700
2022-05-04 20:00:00-04:00,45.93,46.49,45.59,45.83,1395100
2022-05-05 20:00:00-04:00,45.88,46.57,45.66,46.27,1008800
2022-05-08 20:00:00-04:00,46.04,47.11,45.60,46.73,1764100
2022-05-09 20:00:00-04:00,46.86,47.76,46.72,47.75,1849400
2022-05-10 20:00:00-04:00,48.07,49.59,48.07,48.60,2068800
2022-05-11 20:00:00-04:00,48.64,49.01,47.60,48.38,2067200
2022-05-12 20:00:00-04:00,48.82,49.16,48.36,48.69,1312900
2022-05-15 20:00:00-04:00,48.66,49.57,48.49,49.42,939800
2022-05-16 20:00:00-04:00,48.97,49.14,47.52,48.62,1771900
2022-05-17 20:00:00-04:00,48.17,48.28,45.56,45.66,1859600
2022-05-18 20:00:00-04:00,45.07,45.26,43.81,44.21,2150000
2022-05-19 20:00:00-04:00,44.58,45.27,43.57,44.60,1624700
2022-05-22 20:00:00-04:00,45.24,45.71,44.78,45.38,1203200
2022-05-23 20:00:00-04:00,45.36,46.84,45.13,46.78,1292600
2022-05-24 20:00:00-04:00,46.87,47.48,46.55,47.30,1220100
2022-05-25 20:00:00-04:00,47.67,47.88,47.20,47.48,1328900
2022-05-26 20:00:00-04:00,47.48,48.33,47.35,48.02,1662100
2022-05-30 20:00:00-04:00,47.84,48.76,47.25,48.62,2716700
2022-05-31 20:00:00-04:00,48.74,48.87,46.40,47.64,1598900
2022-06-01 20:00:00-04:00,47.73,47.73,46.30,47.33,1169200
2022-06-02 20:00:00-04:00,47.12,47.41,46.84,46.96,985000
2022-06-05 20:00:00-04:00,47.32,47.56,46.89,47.40,969800
2022-06-06 20:00:00-04:00,47.11,48.03,46.99,47.91,959300
2022-06-07 20:00:00-04:00,47.68,48.14,47.23,47.28,706400
2022-06-08 20:00:00-04:00,47.31,47.55,45.95,45.95,788400
2022-06-09 20:00:00-04:00,45.17,46.34,44.78,45.89,907800
2022-06-12 20:00:00-04:00,45.32,45.72,44.11,44.39,1568700
2022-06-13 20:00:00-04:00,44.41,45.24,44.20,45.03,1580400
2022-06-14 20:00:00-04:00,45.44,45.85,44.91,45.43,1386100
2022-06-15 20:00:00-04:00,44.72,44.79,44.10,44.24,1628900
2022-06-16 20:00:00-04:00,44.51,44.62,43.36,44.16,3788500
2022-06-20 20:00:00-04:00,43.74,45.91,43.71,45.77,1753600
2022-06-21 20:00:00-04:00,45.27,46.42,45.15,46.22,1291400
2022-06-22 20:00:00-04:00,46.22,47.24,46.12,47.17,1513200
2022-06-23 20:00:00-04:00,47.54,49.21,47.27,48.89,1661600
2022-06-26 20:00:00-04:00,48.87,49.09,48.41,48.55,1198900
2022-06-27 20:00:00-04:00,49.62,50.63,48.71,48.89,1586300
2022-06-28 20:00:00-04:00,48.87,49.31,48.03,48.54,1343400
2022-06-29 20:00:00-04:00,48.07,48.27,47.47,47.79,1418900
2022-06-30 20:00:00-04:00,47.76,48.89,47.52,48.76,1182400
2022-07-04 20:00:00-04:00,48.32,48.68,47.60,48.52,1779300
2022-07-05 20:00:00-04:00,48.54,48.82,47.60,48.42,1396400
2022-07-06 20:00:00-04:00,48.43,48.62,47.74,47.90,1196700
2022-07-07 20:00:00-04:00,48.10,48.96,47.84,48.66,1546100
2022-07-10 20:00:00-04:00,48.40,49.50,48.40,49.15,1488400
2022-07-11 20:00:00-04:00,49.13,51.22,49.12,50.32,2294400
2022-07-12 20:00:00-04:00,50.41,51.43,50.39,51.07,1887400
2022-07-13 20:00:00-04:00,50.24,51.09,49.92,51.01,1654400
2022-07-14 20:00:00-04:00,51.39,51.67,50.82,51.41,1703800
2022-07-17 20:00:00-04:00,51.55,52.06,50.78,50.95,1820000
2022-07-18 20:00:00-04:00,51.39,51.73,51.03,51.35,1411000
2022-07-19 20:00:00-04:00,51.18,51.50,50.51,50.75,1343200
2022-07-20 20:00:00-04:00,50.49,50.53,49.82,50.13,1546700
2022-07-21 20:00:00-04:00,49.94,51.00,49.81,50.77,1833900
2022-07-24 20:00:00-04:00,50.95,51.31,50.40,51.04,1471900
2022-07-25 20:00:00-04:00,50.82,51.31,50.65,50.96,1176700
2022-07-26 20:00:00-04:00,50.92,51.80,50.34,51.66,1214200
2022-07-27 20:00:00-04:00,51.38,51.88,50.71,51.76,1845500
2022-07-28 20:00:00-04:00,51.76,52.47,51.31,52.38,1591100
2022-07-31 20:00:00-04:00,52.16,52.71,52.02,52.32,1892600
2022-08-01 20:00:00-04:00,49.98,50.10,46.59,46.85,5820400
2022-08-02 20:00:00-04:00,46.86,48.50,46.86,47.51,2788200
2022-08-03 20:00:00-04:00,47.27,47.64,46.33,46.39,2075900
2022-08-04 20:00:00-04:00,46.41,47.42,46.11,47.40,1247800
2022-08-07 20:00:00-04:00,47.45,48.43,47.43,47.90,1375900
2022-08-08 20:00:00-04:00,48.22,48.40,47.93,48.33,1218900
2022-08-09 20:00:00-04:00,48.61,49.32,48.36,48.85,1141100
2022-08-10 20:00:00-04:00,49.09,50.49,48.84,49.71,1275200
2022-08-11 20:00:00-04:00,49.84,50.03,49.19,49.72,1078300
2022-08-14 20:00:00-04:00,49.46,49.76,49.13,49.50,987400
2022-08-15 20:00:00-04:00,49.48,49.77,49.24,49.52,1190400
2022-08-16 20:00:00-04:00,49.13,49.40,48.37,48.82,1357600
2022-08-17 20:00:00-04:00,48.75,49.33,48.42,49.20,1018400
2022-08-18 20:00:00-04:00,48.95,49.35,48.61,49.18,936800
2022-08-21 20:00:00-04:00,48.88,48.96,48.42,48.51,825400
2022-08-22 20:00:00-04:00,48.72,49.10,48.65,48.99,779400
2022-08-23 20:00:00-04:00,49.07,49.73,48.76,49.64,884400
2022-08-24 20:00:00-04:00,49.65,49.86,48.66,48.81,1182100
2022-08-25 20:00:00-04:00,48.83,49.01,47.19,47.23,1020300
2022-08-28 20:00:00-04:00,46.97,47.12,46.55,46.65,1020000
2022-08-29 20:00:00-04:00,46.82,46.96,45.76,45.81,1389500
2022-08-30 20:00:00-04:00,45.89,46.12,45.06,45.30,1873400
2022-08-31 20:00:00-04:00,45.01,45.54,44.56,45.37,1358300
2022-09-01 20:00:00-04:00,45.87,46.45,45.47,45.66,1160900
2022-09-05 20:00:00-04:00,46.17,46.32,45.35,45.62,1016900
2022-09-06 20:00:00-04:00,45.47,46.20,45.34,46.13,944300
2022-09-07 20:00:00-04:00,45.95,45.98,45.08,45.77,1071100
2022-09-08 20:00:00-04:00,46.08,46.55,45.78,46.08,903500
2022-09-11 20:00:00-04:00,46.47,47.19,46.40,47.06,1480300
2022-09-12 20:00:00-04:00,46.50,46.84,45.10,45.25,1171700
2022-09-13 20:00:00-04:00,45.27,45.56,44.40,44.74,948400
2022-09-14 20:00:00-04:00,44.76,45.38,44.54,44.99,1125000
2022-09-15 20:00:00-04:00,44.93,45.11,44.20,44.55,2203100
2022-09-18 20:00:00-04:00,44.16,45.29,44.16,45.14,886100
2022-09-19 20:00:00-04:00,44.88,44.88,43.77,44.09,1488700
2022-09-20 20:00:00-04:00,44.23,44.65,43.53,43.53,974700
2022-09-21 20:00:00-04:00,43.75,43.83,43.37,43.41,1379800
2022-09-22 20:00:00-04:00,42.62,42.78,41.38,42.11,1616700
2022-09-25 20:00:00-04:00,41.79,42.18,41.50,41.94,1459300
2022-09-26 20:00:00-04:00,42.34,42.62,41.80,42.03,1253400
2022-09-27 20:00:00-04:00,42.23,42.82,41.86,42.68,1095100
2022-09-28 20:00:00-04:00,42.79,42.80,41.86,42.54,1533800
2022-09-29 20:00:00-04:00,42.70,43.17,42.35,42.39,1416800
2022-10-02 20:00:00-04:00,42.65,43.16,42.41,42.91,1092800
2022-10-03 20:00:00-04:00,43.30,43.94,43.28,43.50,971900
2022-10-04 20:00:00-04:00,42.99,43.21,42.40,42.80,1146000
2022-10-05 20:00:00-04:00,42.62,42.81,41.98,42.16,903400
2022-10-06 20:00:00-04:00,41.97,42.15,41.24,41.53,1032500
2022-10-09 20:00:00-04:00,41.64,41.90,41.43,41.79,840200
2022-10-10 20:00:00-04:00,41.81,42.48,41.35,42.17,989600
2022-10-11 20:00:00-04:00,42.41,43.65,42.18,43.07,1413900
2022-10-12 20:00:00-04:00,42.64,43.87,42.41,43.68,1206400
2022-10-13 20:00:00-04:00,43.83,44.13,42.96,43.10,906800
2022-10-16 20:00:00-04:00,43.68,43.86,43.21,43.38,1013200
2022-10-17 20:00:00-04:00,43.88,44.10,43.12,43.47,1023800
2022-10-18 20:00:00-04:00,43.37,43.52,42.62,42.67,921100
2022-10-19 20:00:00-04:00,42.77,42.97,42.39,42.61,910600
2022-10-20 20:00:00-04:00,42.77,43.58,42.57,43.42,954300
2022-10-23 20:00:00-04:00,43.71,44.41,43.51,43.98,811500
2022-10-24 20:00:00-04:00,43.92,44.82,43.72,44.66,1003900
2022-10-25 20:00:00-04:00,44.69,45.13,44.15,44.21,1145700
2022-10-26 20:00:00-04:00,44.44,44.95,43.96,44.05,1315200
2022-10-27 20:00:00-04:00,44.27,45.16,44.26,45.13,892000
2022-10-30 20:00:00-04:00,45.19,45.55,44.42,44.54,1739900
2022-10-31 20:00:00-04:00,44.47,44.47,41.42,43.11,3553400
2022-11-01 20:00:00-04:00,43.39,44.85,43.37,43.58,2798200
2022-11-02 20:00:00-04:00,43.15,43.91,42.93,43.70,1404500
2022-11-03 20:00:00-04:00,44.29,45.25,44.08,45.22,1253100
2022-11-06 19:00:00-05:00,45.49,45.82,44.33,45.03,1120000
2022-11-07 19:00:00-05:00,45.04,45.57,44.82,45.30,1006000
2022-11-08 19:00:00-05:00,45.08,45.08,43.90,43.95,1072300
2022-11-09 19:00:00-05:00,44.96,46.02,44.90,45.44,1074400
2022-11-10 19:00:00-05:00,45.45,46.05,44.72,45.84,1440200
2022-11-13 19:00:00-05:00,45.84,46.49,45.71,45.88,806100
2022-11-14 19:00:00-05:00,46.06,46.42,45.82,46.00,1249300
2022-11-15 19:00:00-05:00,46.17,46.26,45.61,46.02,649900
2022-11-16 19:00:00-05:00,45.59,46.87,45.59,46.82,949100
2022-11-17 19:00:00-05:00,47.31,47.46,46.98,47.25,1030800
2022-11-20 19:00:00-05:00,46.89,48.24,46.89,47.99,1152200
2022-11-21 19:00:00-05:00,48.27,48.71,47.89,48.40,952700
2022-11-22 19:00:00-05:00,48.48,48.85,48.39,48.82,734700
2022-11-24 19:00:00-05:00,48.82,49.15,48.70,49.09,378200
2022-11-27 19:00:00-05:00,48.73,49.20,48.51,48.52,979300
2022-11-28 19:00:00-05:00,48.47,48.90,48.19,48.51,860600
2022-11-29 19:00:00-05:00,48.69,48.99,47.73,48.67,2272900
2022-11-30 19:00:00-05:00,48.75,49.35,48.75,48.89,1067300
2022-12-01 19:00:00-05:00,48.70,49.54,48.68,49.42,1111800
2022-12-04 19:00:00-05:00,48.99,49.12,48.43,48.47,1065000
2022-12-05 19:00:00-05:00,47.80,48.24,46.66,47.37,1664300
2022-12-06 19:00:00-05:00,47.46,47.75,46.96,47.18,1211700
2022-12-07 19:00:00-05:00,47.22,47.29,46.58,46.83,1065900
2022-12-08 19:00:00-05:00,46.74,46.99,46.21,46.66,1157700
2022-12-11 19:00:00-05:00,46.61,47.11,46.30,47.10,956400
2022-12-12 19:00:00-05:00,47.73,47.81,46.66,46.79,1597700
2022-12-13 19:00:00-05:00,46.66,47.45,46.50,47.04,1288300
2022-12-14 19:00:00-05:00,46.56,46.76,45.79,46.02,1177700
2022-12-15 19:00:00-05:00,45.53,45.78,45.03,45.52,2244000
2022-12-18 19:00:00-05:00,45.56,46.36,45.45,45.97,1171600
2022-12-19 19:00:00-05:00,46.04,46.07,45.11,45.15,1026300
2022-12-20 19:00:00-05:00,45.37,45.86,45.26,45.76,791700
2022-12-21 19:00:00-05:00,45.66,45.86,45.15,45.75,763200
2022-12-22 19:00:00-05:00,45.77,46.18,45.61,46.18,536200
2022-12-26 19:00:00-05:00,46.25,46.73,46.23,46.54,640000
2022-12-27 19:00:00-05:00,46.47,46.67,45.64,45.69,921200
2022-12-28 19:00:00-05:00,45.69,45.96,45.68,45.89,745000
2022-12-29 19:00:00-05:00,45.70,45.92,45.45,45.82,993200
2023-01-02 19:00:00-05:00,44.96,45.06,43.28,43.97,2770400
2023-01-03 19:00:00-05:00,44.27,45.87,44.17,45.68,1672100
2023-01-04 19:00:00-05:00,44.88,45.14,43.76,44.09,1849800
2023-01-05 19:00:00-05:00,45.23,45.53,44.87,45.25,2145000
2023-01-08 19:00:00-05:00,45.12,45.52,44.61,44.65,1466700
2023-01-09 19:00:00-05:00,44.76,45.35,44.68,45.23,1225600
2023-01-10 19:00:00-05:00,45.30,45.61,45.10,45.29,1641400
2023-01-11 19:00:00-05:00,45.23,45.32,44.61,44.76,1143000
2023-01-12 19:00:00-05:00,44.57,45.27,44.43,45.14,1126100
2023-01-16 19:00:00-05:00,45.20,45.46,44.79,44.81,1691600
2023-01-17 19:00:00-05:00,44.75,45.02,43.55,43.60,1483700
2023-01-18 19:00:00-05:00,43.49,44.22,43.12,44.10,1356200
2023-01-19 19:00:00-05:00,44.20,44.46,43.80,44.45,906300
2023-01-22 19:00:00-05:00,44.60,44.77,44.17,44.55,1069900
2023-01-23 19:00:00-05:00,44.71,46.26,44.71,45.77,1322800
2023-01-24 19:00:00-05:00,45.84,47.34,45.58,47.06,1899400
2023-01-25 19:00:00-05:00,46.97,47.65,46.70,46.93,2600300
2023-01-26 19:00:00-05:00,46.52,46.66,45.30,45.62,2211800
2023-01-29 19:00:00-05:00,45.57,46.29,45.41,45.56,1187200
2023-01-30 19:00:00-05:00,45.84,46.77,45.25,46.76,1387300
2023-01-31 19:00:00-05:00,46.60,47.55,46.58,47.41,2016500
2023-02-01 19:00:00-05:00,47.15,48.23,46.90,48.19,1999600
2023-02-02 19:00:00-05:00,48.19,48.29,47.06,47.69,1850500
2023-02-05 19:00:00-05:00,47.39,47.77,47.15,47.65,1939800
2023-02-06 19:00:00-05:00,47.15,47.15,46.32,46.51,1991100
2023-02-07 19:00:00-05:00,46.26,46.71,45.53,45.72,1979100
2023-02-08 19:00:00-05:00,45.90,46.01,45.40,45.55,1087200
2023-02-09 19:00:00-05:00,45.55,45.77,45.33,45.75,901200
2023-02-12 19:00:00-05:00,45.81,46.26,45.53,46.22,1232000
2023-02-13 19:00:00-05:00,46.14,46.34,45.75,45.93,1207700
2023-02-14 19:00:00-05:00,45.93,46.54,45.63,46.52,920800
2023-02-15 19:00:00-05:00,45.70,46.07,45.63,45.71,1028800
2023-02-16 19:00:00-05:00,45.68,46.35,45.58,46.26,1919200
2023-02-20 19:00:00-05:00,50.05,50.05,47.30,47.71,3407000
2023-02-21 19:00:00-05:00,47.22,47.64,46.63,47.11,2474900
2023-02-22 19:00:00-05:00,47.42,47.72,47.03,47.58,1827800
2023-02-23 19:00:00-05:00,47.29,47.93,47.10,47.83,1334300
2023-02-26 19:00:00-05:00,48.15,48.22,47.54,47.80,1440300
2023-02-27 19:00:00-05:00,47.71,48.15,47.29,47.30,1841200
2023-02-28 19:00:00-05:00,47.03,47.27,46.60,47.18,2054600
2023-03-01 19:00:00-05:00,47.11,47.77,46.98,47.75,1323900
2023-03-02 19:00:00-05:00,47.74,48.00,47.31,47.92,1172900
2023-03-05 19:00:00-05:00,47.74,48.09,47.47,47.58,1664400
2023-03-06 19:00:00-05:00,47.53,47.83,47.06,47.36,1377400
2023-03-07 19:00:00-05:00,47.81,49.90,47.81,48.71,4905300
2023-03-08 19:00:00-05:00,48.97,48.97,47.02,47.56,2562900
2023-03-09 19:00:00-05:00,47.73,47.96,46.68,46.88,1559300
2023-03-12 20:00:00-04:00,46.43,47.16,46.10,46.68,1667900
2023-03-13 20:00:00-04:00,47.06,47.36,45.94,46.47,1456700
2023-03-14 20:00:00-04:00,45.65,46.70,45.19,46.66,1529800
2023-03-15 20:00:00-04:00,46.58,46.64,45.86,46.14,1414000
2023-03-16 20:00:00-04:00,45.69,45.84,44.42,44.73,5250100
2023-03-19 20:00:00-04:00,45.08,45.82,45.06,45.58,1484400
2023-03-20 20:00:00-04:00,46.02,46.02,45.44,45.63,1517200
2023-03-21 20:00:00-04:00,45.70,45.86,44.80,44.80,996900
2023-03-22 20:00:00-04:00,44.80,45.17,44.26,44.42,1087700
2023-03-23 20:00:00-04:00,44.43,45.48,44.20,45.44,1083700
2023-03-26 20:00:00-04:00,45.76,46.12,45.69,45.78,1125000
2023-03-27 20:00:00-04:00,45.79,46.49,45.78,46.07,857000
2023-03-28 20:00:00-04:00,46.46,46.63,46.21,46.56,1036400
2023-03-29 20:00:00-04:00,46.97,47.11,46.08,46.33,1269900
2023-03-30 20:00:00-04:00,46.55,46.56,46.10,46.32,1480600
2023-04-02 20:00:00-04:00,46.44,47.22,46.44,46.71,1263900
2023-04-03 20:00:00-04:00,46.96,47.10,46.11,46.55,1582700
2023-04-04 20:00:00-04:00,46.62,47.05,46.54,47.05,1714800
2023-04-05 20:00:00-04:00,47.27,47.46,46.59,46.74,1068700
2023-04-09 20:00:00-04:00,46.62,47.65,46.52,47.64,1487600
2023-04-10 20:00:00-04:00,47.71,48.64,47.71,48.44,1487700
2023-04-11 20:00:00-04:00,48.49,48.78,48.17,48.64,2315800
2023-04-12 20:00:00-04:00,48.55,51.05,48.55,50.40,4250700
2023-04-13 20:00:00-04:00,50.16,50.78,50.07,50.25,1905000
2023-04-16 20:00:00-04:00,50.33,51.10,50.19,51.07,1984300
2023-04-17 20:00:00-04:00,50.85,51.74,50.85,51.37,2584500
2023-04-18 20:00:00-04:00,51.11,51.67,51.11,51.47,1888100
2023-04-19 20:00:00-04:00,51.09,51.87,51.09,51.72,2190500
2023-04-20 20:00:00-04:00,51.58,52.46,51.58,52.27,1888800
2023-04-23 20:00:00-04:00,52.44,53.11,52.22,52.24,1860600
2023-04-24 20:00:00-04:00,52.05,52.67,52.05,52.62,1660200
2023-04-25 20:00:00-04:00,52.62,53.12,52.61,53.00,1307500
2023-04-26 20:00:00-04:00,53.02,53.37,52.84,52.96,1736100
2023-04-27 20:00:00-04:00,52.85,53.43,52.36,53.31,1906300
2023-04-30 20:00:00-04:00,53.30,54.43,53.30,54.18,2595200
2023-05-01 20:00:00-04:00,56.30,59.75,56.30,58.33,5820400
2023-05-02 20:00:00-04:00,58.91,59.09,57.84,58.22,4657600
2023-05-03 20:00:00-04:00,58.37,58.69,57.77,58.27,2488600
2023-05-04 20:00:00-04:00,58.06,58.70,57.89,58.16,1586400
2023-05-07 20:00:00-04:00,57.78,58.20,57.68,57.78,1835700
2023-05-08 20:00:00-04:00,57.55,58.12,57.27,57.83,1560900
2023-05-09 20:00:00-04:00,57.79,58.21,57.56,57.76,2789200
2023-05-10 20:00:00-04:00,57.50,57.77,57.14,57.36,2404100
2023-05-11 20:00:00-04:00,57.38,57.72,57.32,57.59,1709200
2023-05-14 20:00:00-04:00,57.88,58.21,56.99,57.09,2135900
2023-05-15 20:00:00-04:00,56.60,57.25,56.11,56.64,2926000
2023-05-16 20:00:00-04:00,56.56,56.56,55.10,55.69,3795500
2023-05-17 20:00:00-04:00,55.34,55.61,54.96,55.46,2350500
2023-05-18 20:00:00-04:00,55.62,56.46,55.47,56.12,2106200
2023-05-21 20:00:00-04:00,56.36,56.47,55.93,55.97,2187700
2023-05-22 20:00:00-04:00,55.91,55.92,55.20,55.23,1639600
2023-05-23 20:00:00-04:00,55.23,55.26,54.35,54.59,2287700
2023-05-24 20:00:00-04:00,54.27,54.77,53.81,54.43,1964000
2023-05-25 20:00:00-04:00,54.41,54.54,53.69,54.35,1739500
2023-05-29 20:00:00-04:00,53.38,54.35,53.33,54.14,2440100
2023-05-30 20:00:00-04:00,54.61,55.64,54.47,55.43,4271800
2023-05-31 20:00:00-04:00,55.50,56.34,55.25,56.24,2688800
2023-06-01 20:00:00-04:00,56.55,58.02,56.43,57.63,2647500
2023-06-04 20:00:00-04:00,57.51,58.11,57.16,57.57,1876600
2023-06-05 20:00:00-04:00,59.26,59.44,57.91,58.77,4092900
2023-06-06 20:00:00-04:00,58.65,60.01,58.42,59.68,3094500
2023-06-07 20:00:00-04:00,60.08,60.14,59.40,59.91,2374500
2023-06-08 20:00:00-04:00,60.00,60.55,59.77,59.96,2207100
2023-06-11 20:00:00-04:00,60.27,60.75,60.15,60.54,2799000
2023-06-12 20:00:00-04:00,60.43,61.47,60.41,61.13,3083200
2023-06-13 20:00:00-04:00,61.02,61.25,60.71,60.86,1559600
2023-06-14 20:00:00-04:00,60.90,61.14,59.96,60.09,2032400
2023-06-15 20:00:00-04:00,60.31,60.42,59.59,59.80,2523100
2023-06-19 20:00:00-04:00,59.83,60.34,59.73,60.09,1414200
2023-06-20 20:00:00-04:00,60.27,60.36,59.77,60.04,2128600
2023-06-21 20:00:00-04:00,60.32,60.33,59.72,59.97,1049500
2023-06-22 20:00:00-04:00,60.10,60.45,59.62,59.71,1701200
2023-06-25 20:00:00-04:00,59.82,59.92,58.93,59.25,2290100
2023-06-26 20:00:00-04:00,59.17,59.51,58.92,59.38,2037000
2023-06-27 20:00:00-04:00,59.11,59.39,59.02,59.23,1698100
2023-06-28 20:00:00-04:00,59.19,59.52,59.02,59.21,1820300
2023-06-29 20:00:00-04:00,59.10,59.49,58.99,59.40,2408700
2023-07-02 20:00:00-04:00,59.22,60.29,59.22,60.10,1944000
2023-07-04 20:00:00-04:00,59.87,60.29,59.77,60.13,2093300
2023-07-05 20:00:00-04:00,60.01,60.01,59.50,59.63,2051100
2023-07-06 20:00:00-04:00,59.55,59.87,59.35,59.48,1898700
2023-07-09 20:00:00-04:00,59.36,59.50,58.91,59.13,1444900
2023-07-10 20:00:00-04:00,59.22,59.31,57.51,58.14,2717300
2023-07-11 20:00:00-04:00,58.30,59.57,58.20,59.54,3135100
2023-07-12 20:00:00-04:00,59.48,60.32,59.48,60.18,3084400
2023-07-13 20:00:00-04:00,60.16,60.77,60.00,60.70,1539900
2023-07-16 20:00:00-04:00,60.69,61.35,60.28,61.34,2704400
2023-07-17 20:00:00-04:00,61.72,62.30,60.96,61.26,1784700
2023-07-18 20:00:00-04:00,61.59,62.52,61.41,62.42,1826800
2023-07-19 20:00:00-04:00,62.59,63.36,62.54,63.21,1355000
2023-07-20 20:00:00-04:00,63.34,63.61,63.03,63.11,1142100
2023-07-23 20:00:00-04:00,63.11,63.80,62.96,63.02,1052100
2023-07-24 20:00:00-04:00,62.97,63.83,62.54,63.76,1714500
2023-07-25 20:00:00-04:00,63.76,63.97,63.21,63.60,1310600
2023-07-26 20:00:00-04:00,63.77,63.81,61.99,62.49,1948700
2023-07-27 20:00:00-04:00,63.08,63.96,62.81,63.65,3815400
2023-07-30 20:00:00-04:00,63.26,63.53,62.44,62.95,3285100
2023-07-31 20:00:00-04:00,58.78,60.89,57.79,60.02,5820400
2023-08-01 20:00:00-04:00,59.82,61.93,59.55,60.75,3788700
2023-08-02 20:00:00-04:00,60.50,60.59,58.66,58.76,2566500
2023-08-03 20:00:00-04:00,58.94,60.01,58.82,58.93,2018700
2023-08-06 20:00:00-04:00,59.10,59.27,58.31,58.66,1494500
2023-08-07 20:00:00-04:00,58.80,58.91,57.61,58.51,1740900
2023-08-08 20:00:00-04:00,58.72,58.83,57.66,58.29,1460000
2023-08-09 20:00:00-04:00,58.20,58.57,57.76,58.03,1300400
2023-08-10 20:00:00-04:00,57.90,58.01,57.54,57.94,1375200
2023-08-13 20:00:00-04:00,58.08,58.46,57.95,58.18,1154000
2023-08-14 20:00:00-04:00,57.94,58.07,57.30,57.43,1389400
2023-08-15 20:00:00-04:00,57.39,57.50,56.25,56.35,1523800
2023-08-16 20:00:00-04:00,56.30,56.58,56.08,56.09,1285800
2023-08-17 20:00:00-04:00,55.94,56.91,55.91,56.87,1748400
2023-08-20 20:00:00-04:00,56.85,56.99,56.25,56.64,986200
2023-08-21 20:00:00-04:00,56.58,56.74,55.98,56.36,1155000
2023-08-22 20:00:00-04:00,56.61,57.00,56.26,56.67,1298000
2023-08-23 20:00:00-04:00,56.68,57.23,56.36,56.43,1206600
2023-08-24 20:00:00-04:00,56.54,56.80,56.18,56.71,1046200
2023-08-27 20:00:00-04:00,56.88,57.37,56.50,56.74,1706600
2023-08-28 20:00:00-04:00,56.90,57.14,56.42,57.09,1119500
2023-08-29 20:00:00-04:00,57.08,57.23,56.81,56.91,1163700
2023-08-30 20:00:00-04:00,57.05,58.01,57.04,57.66,1736900
2023-08-31 20:00:00-04:00,57.73,58.12,57.01,57.13,1378100
2023-09-04 20:00:00-04:00,56.91,56.91,56.32,56.56,1339800
2023-09-05 20:00:00-04:00,56.59,56.63,56.17,56.33,2159600
2023-09-06 20:00:00-04:00,56.51,57.41,56.51,57.28,1711200
2023-09-07 20:00:00-04:00,57.35,57.82,57.31,57.80,876200
2023-09-10 20:00:00-04:00,58.13,59.21,58.10,58.83,1605900
2023-09-11 20:00:00-04:00,58.96,58.96,58.06,58.20,1352900
2023-09-12 20:00:00-04:00,58.39,58.53,57.41,57.42,1211500
2023-09-13 20:00:00-04:00,57.59,58.19,57.44,57.93,1463900
2023-09-14 20:00:00-04:00,57.74,58.24,57.70,57.75,2064900
2023-09-17 20:00:00-04:00,57.99,58.59,57.80,58.50,1059800
2023-09-18 20:00:00-04:00,58.56,58.84,57.90,57.99,1050100
2023-09-19 20:00:00-04:00,58.42,59.31,58.17,58.82,1338500
2023-09-20 20:00:00-04:00,58.79,58.90,58.21,58.28,1301600
2023-09-21 20:00:00-04:00,58.39,58.59,57.56,57.58,1252700
2023-09-24 20:00:00-04:00,57.35,57.50,56.87,57.16,755500
2023-09-25 20:00:00-04:00,56.78,57.59,56.70,57.25,1215600
2023-09-26 20:00:00-04:00,57.18,57.30,56.23,56.68,1442900
2023-09-27 20:00:00-04:00,56.86,57.11,56.48,56.86,946200
2023-09-28 20:00:00-04:00,57.01,57.99,56.92,57.75,1883300
2023-10-01 20:00:00-04:00,57.69,57.98,56.53,56.86,1565000
2023-10-02 20:00:00-04:00,56.71,57.14,55.67,56.32,814400
2023-10-03 20:00:00-04:00,57.86,57.98,56.36,57.24,2665400
2023-10-04 20:00:00-04:00,57.01,57.16,53.40,53.64,3523000
2023-10-05 20:00:00-04:00,53.38,54.00,52.19,53.76,2694200
2023-10-08 20:00:00-04:00,53.45,54.10,52.87,53.70,1649500
2023-10-09 20:00:00-04:00,54.31,55.02,53.92,54.64,1914500
2023-10-10 20:00:00-04:00,54.58,55.13,54.22,54.54,1126200
2023-10-11 20:00:00-04:00,54.57,54.60,52.07,52.73,2198800
2023-10-12 20:00:00-04:00,52.74,53.60,52.67,53.26,1270600
2023-10-15 20:00:00-04:00,53.55,54.04,53.35,53.82,1146900
2023-10-16 20:00:00-04:00,53.53,53.98,53.21,53.71,1400100
2023-10-17 20:00:00-04:00,53.54,54.53,53.33,53.84,1391900
2023-10-18 20:00:00-04:00,53.89,53.93,52.80,52.98,1497900
2023-10-19 20:00:00-04:00,53.25,53.65,53.16,53.28,1196500
2023-10-22 20:00:00-04:00,53.10,53.10,52.20,52.33,1376800
2023-10-23 20:00:00-04:00,52.43,53.27,52.11,52.95,996300
2023-10-24 20:00:00-04:00,52.95,53.06,52.24,52.38,1521500
2023-10-25 20:00:00-04:00,52.79,53.21,52.54,52.67,1252700
2023-10-26 20:00:00-04:00,52.46,52.91,51.31,51.54,1255800
2023-10-29 20:00:00-04:00,51.96,52.27,51.66,51.80,1928900
2023-10-30 20:00:00-04:00,52.08,52.75,51.99,52.46,2256800
2023-10-31 20:00:00-04:00,52.59,53.14,52.17,52.86,2322300
2023-11-01 20:00:00-04:00,53.59,53.59,50.56,52.52,3792400
2023-11-02 20:00:00-04:00,53.45,54.43,53.15,53.61,2254800
2023-11-05 19:00:00-05:00,53.45,54.36,53.45,53.94,1366500
2023-11-06 19:00:00-05:00,53.84,54.10,53.44,53.68,1071800
2023-11-07 19:00:00-05:00,54.05,54.13,53.36,53.57,1758300
2023-11-08 19:00:00-05:00,53.67,53.97,52.82,52.84,1646200
2023-11-09 19:00:00-05:00,52.70,53.62,52.70,53.55,1787900
2023-11-12 19:00:00-05:00,53.07,53.53,52.86,53.14,1341200
2023-11-13 19:00:00-05:00,53.80,54.34,53.64,54.25,1361200
2023-11-14 19:00:00-05:00,54.26,54.46,53.82,54.24,1430200
2023-11-15 19:00:00-05:00,54.21,54.41,53.45,53.57,1461900
2023-11-16 19:00:00-05:00,53.67,53.95,53.30,53.93,1295700
2023-11-19 19:00:00-05:00,53.65,54.08,53.50,53.58,908300
2023-11-20 19:00:00-05:00,53.58,54.23,53.28,54.14,1371800
2023-11-21 19:00:00-05:00,54.33,54.58,54.10,54.49,1158600
2023-11-23 19:00:00-05:00,54.44,54.72,54.38,54.48,425100
2023-11-26 19:00:00-05:00,54.40,54.77,54.19,54.71,1675800
2023-11-27 19:00:00-05:00,54.83,55.02,54.62,54.74,1132700
2023-11-28 19:00:00-05:00,54.67,54.81,54.34,54.58,1276200
2023-11-29 19:00:00-05:00,54.85,56.32,54.74,56.27,2645900
2023-11-30 19:00:00-05:00,56.34,56.92,56.16,56.63,1378400
2023-12-03 19:00:00-05:00,56.27,57.81,56.17,56.95,2124200
2023-12-04 19:00:00-05:00,57.01,57.07,56.54,56.73,1601500
2023-12-05 19:00:00-05:00,56.50,56.92,56.33,56.60,1571400
2023-12-06 19:00:00-05:00,56.71,56.84,56.24,56.81,1126300
2023-12-07 19:00:00-05:00,56.78,57.28,56.78,56.98,1166300
2023-12-10 19:00:00-05:00,57.03,57.51,56.68,57.49,1103200
2023-12-11 19:00:00-05:00,57.68,58.15,57.52,58.02,2096500
2023-12-12 19:00:00-05:00,58.07,58.80,57.60,58.74,1378300
2023-12-13 19:00:00-05:00,58.61,58.78,57.49,57.65,2178100
2023-12-14 19:00:00-05:00,57.27,57.27,56.10,56.51,5062800
2023-12-17 19:00:00-05:00,56.81,57.18,56.49,56.63,1829200
2023-12-18 19:00:00-05:00,56.73,57.24,56.60,56.99,1334400
2023-12-19 19:00:00-05:00,56.77,56.77,55.96,56.02,1186800
2023-12-20 19:00:00-05:00,56.30,56.57,55.43,55.81,1046700
2023-12-21 19:00:00-05:00,56.10,56.77,55.89,56.11,757400
2023-12-25 19:00:00-05:00,55.97,56.24,55.89,55.92,1047800
2023-12-26 19:00:00-05:00,55.66,56.14,55.66,55.89,756000
2023-12-27 19:00:00-05:00,55.73,56.10,55.69,56.01,741200
2023-12-28 19:00:00-05:00,55.83,56.14,55.71,55.97,776300
2024-01-01 19:00:00-05:00,55.85,57.07,55.81,56.76,1275300
2024-01-02 19:00:00-05:00,56.82,57.07,56.30,56.73,1341600
2024-01-03 19:00:00-05:00,56.67,56.83,56.03,56.06,1198000
2024-01-04 19:00:00-05:00,56.09,56.64,55.78,56.24,1669500
2024-01-07 19:00:00-05:00,56.24,56.97,56.06,56.97,1319600
2024-01-08 19:00:00-05:00,56.88,57.44,56.56,57.42,1908000
2024-01-09 19:00:00-05:00,57.35,58.22,57.27,58.12,1738400
2024-01-10 19:00:00-05:00,57.89,58.31,57.65,58.25,1281400
2024-01-11 19:00:00-05:00,58.34,58.53,57.73,57.79,1041900
2024-01-15 19:00:00-05:00,58.07,58.26,57.33,57.77,1083800
2024-01-16 19:00:00-05:00,57.65,57.97,57.43,57.84,1130600
2024-01-17 19:00:00-05:00,57.82,57.94,57.09,57.45,993200
2024-01-18 19:00:00-05:00,57.67,57.67,56.74,57.14,1220700
2024-01-21 19:00:00-05:00,56.96,57.67,56.93,57.36,1188800
2024-01-22 19:00:00-05:00,57.23,57.51,56.95,57.20,1119300
2024-01-23 19:00:00-05:00,57.23,57.28,55.77,55.88,1651000
2024-01-24 19:00:00-05:00,56.24,57.52,56.12,57.50,1565400
2024-01-25 19:00:00-05:00,57.74,58.06,57.14,57.37,1019500
2024-01-28 19:00:00-05:00,57.46,58.05,56.99,57.96,1190400
2024-01-29 19:00:00-05:00,57.95,58.13,57.34,57.49,1211600
2024-01-30 19:00:00-05:00,57.74,57.95,56.21,56.50,1185300
2024-01-31 19:00:00-05:00,56.53,57.79,56.46,57.71,1342000
2024-02-01 19:00:00-05:00,57.62,57.72,56.51,56.76,1359500
2024-02-04 19:00:00-05:00,56.16,56.43,55.87,56.03,1349700
2024-02-05 19:00:00-05:00,56.02,56.73,55.93,56.04,2314200
2024-02-06 19:00:00-05:00,54.96,55.30,53.86,54.62,4186800
2024-02-07 19:00:00-05:00,54.62,55.15,54.13,55.10,2414600
2024-02-08 19:00:00-05:00,54.87,55.08,54.29,55.07,2134000
2024-02-11 19:00:00-05:00,55.09,56.81,55.06,56.79,4091200
2024-02-12 19:00:00-05:00,57.15,57.37,54.66,56.04,4557400
2024-02-13 19:00:00-05:00,56.67,56.83,55.49,56.18,2109400
2024-02-14 19:00:00-05:00,56.40,57.09,56.32,56.76,1538500
2024-02-15 19:00:00-05:00,56.56,56.95,56.19,56.83,1458800
2024-02-19 19:00:00-05:00,56.96,57.98,56.83,57.35,2008700
2024-02-20 19:00:00-05:00,57.58,57.92,56.85,57.12,1359700
2024-02-21 19:00:00-05:00,56.69,57.47,56.32,57.30,1614100
2024-02-22 19:00:00-05:00,57.16,57.63,56.88,57.14,1389500
2024-02-25 19:00:00-05:00,57.00,57.79,56.99,57.37,1029300
2024-02-26 19:00:00-05:00,57.32,57.84,56.99,57.39,1076800
2024-02-27 19:00:00-05:00,57.48,57.61,57.10,57.51,1289200
2024-02-28 19:00:00-05:00,57.61,57.99,57.26,57.48,2331900
2024-02-29 19:00:00-05:00,57.44,57.64,56.65,57.21,1192900
2024-03-03 19:00:00-05:00,56.87,57.58,56.87,57.41,1253800
2024-03-04 19:00:00-05:00,57.63,58.63,57.58,58.02,1495800
2024-03-05 19:00:00-05:00,58.45,58.67,57.33,57.80,1659400
2024-03-06 19:00:00-05:00,58.01,59.03,57.80,58.95,1709900
2024-03-07 19:00:00-05:00,59.00,59.61,58.67,59.45,1642400
2024-03-10 20:00:00-04:00,59.61,61.35,59.51,60.73,2085700
2024-03-11 20:00:00-04:00,60.62,61.12,60.00,60.38,1286700
2024-03-12 20:00:00-04:00,60.78,61.25,60.62,60.97,1764000
2024-03-13 20:00:00-04:00,60.68,61.28,60.17,60.71,2533600
2024-03-14 20:00:00-04:00,60.33,62.22,60.33,62.13,4433000
2024-03-17 20:00:00-04:00,61.86,62.44,61.69,62.11,1647200
2024-03-18 20:00:00-04:00,62.23,62.63,61.97,62.62,1697900
2024-03-19 20:00:00-04:00,62.61,62.71,61.36,61.55,1543600
2024-03-20 20:00:00-04:00,61.38,62.10,60.98,61.76,1163100
2024-03-21 20:00:00-04:00,61.92,62.29,61.64,61.84,1007200
2024-03-24 20:00:00-04:00,62.06,62.42,61.83,62.31,1393700
2024-03-25 20:00:00-04:00,62.54,62.84,61.60,61.60,1576500
2024-03-26 20:00:00-04:00,61.88,62.36,61.71,62.01,1255900
2024-03-27 20:00:00-04:00,62.22,62.41,61.64,61.93,1190000
2024-03-31 20:00:00-04:00,61.67,62.17,61.57,62.00,1185200
2024-04-01 20:00:00-04:00,62.02,62.85,62.02,62.79,1940600
2024-04-02 20:00:00-04:00,62.76,62.92,62.49,62.75,1429700
2024-04-03 20:00:00-04:00,63.01,63.01,61.67,62.05,1370800
2024-04-04 20:00:00-04:00,62.08,62.24,61.71,62.02,1222200
2024-04-07 20:00:00-04:00,61.91,62.01,61.31,61.36,1502300
2024-04-08 20:00:00-04:00,63.70,63.70,61.60,62.00,2344800
2024-04-09 20:00:00-04:00,61.48,62.45,61.33,62.12,1792500
2024-04-10 20:00:00-04:00,62.37,62.76,61.76,62.44,1439600
2024-04-11 20:00:00-04:00,62.19,62.31,60.86,61.09,1338000
2024-04-14 20:00:00-04:00,61.58,61.58,59.57,59.64,1927000
2024-04-15 20:00:00-04:00,59.51,59.67,58.17,58.25,2190400
2024-04-16 20:00:00-04:00,58.60,59.26,58.34,58.51,1817100
2024-04-17 20:00:00-04:00,58.87,59.24,58.46,58.82,1507500
2024-04-18 20:00:00-04:00,58.94,59.62,58.67,59.15,1353700
2024-04-21 20:00:00-04:00,59.34,60.08,58.97,59.41,1659500
2024-04-22 20:00:00-04:00,58.87,59.69,58.61,59.10,2034200
2024-04-23 20:00:00-04:00,57.49,59.10,56.82,58.66,2444500
2024-04-24 20:00:00-04:00,58.39,58.83,57.39,57.85,1791600
2024-04-25 20:00:00-04:00,58.07,58.27,57.56,57.59,1404600
2024-04-28 20:00:00-04:00,57.77,59.11,57.76,58.53,2557300
2024-04-29 20:00:00-04:00,57.55,57.96,52.73,52.73,5820400
2024-04-30 20:00:00-04:00,52.35,53.92,52.27,52.56,2840700
2024-05-01 20:00:00-04:00,52.62,54.14,52.60,53.22,2792800
2024-05-02 20:00:00-04:00,53.37,54.06,53.15,53.27,2054700
2024-05-05 20:00:00-04:00,53.56,53.68,52.50,52.74,2342300
2024-05-06 20:00:00-04:00,53.10,53.80,52.92,53.66,2855200
2024-05-07 20:00:00-04:00,53.82,54.30,53.37,53.60,1816000
2024-05-08 20:00:00-04:00,53.67,54.21,53.66,54.15,1457700
2024-05-09 20:00:00-04:00,54.16,54.72,54.11,54.38,1615400
2024-05-12 20:00:00-04:00,54.41,54.68,54.06,54.11,1872300
2024-05-13 20:00:00-04:00,54.16,54.28,53.23,53.54,2258700
2024-05-14 20:00:00-04:00,53.71,53.77,52.35,52.41,2105200
2024-05-15 20:00:00-04:00,52.44,53.08,52.38,52.90,2117900
2024-05-16 20:00:00-04:00,53.02,53.02,51.85,52.00,1484700
2024-05-19 20:00:00-04:00,52.30,52.30,50.66,50.84,2108500
2024-05-20 20:00:00-04:00,50.92,51.15,50.59,50.79,1304300
2024-05-21 20:00:00-04:00,50.59,50.94,50.15,50.17,1276800
2024-05-22 20:00:00-04:00,50.02,50.31,49.31,49.47,1492100
2024-05-23 20:00:00-04:00,49.77,49.97,49.14,49.27,1363200
2024-05-27 20:00:00-04:00,48.94,49.84,48.74,48.77,2627200
2024-05-28 20:00:00-04:00,48.48,49.70,48.44,48.82,2817700
2024-05-29 20:00:00-04:00,48.92,49.19,48.69,49.01,2395100
2024-05-30 20:00:00-04:00,49.19,50.72,48.79,50.47,3823800
2024-06-02 20:00:00-04:00,50.27,50.55,48.91,49.22,3096400
2024-06-03 20:00:00-04:00,49.07,49.12,48.68,48.76,2137200
2024-06-04 20:00:00-04:00,48.80,48.80,48.14,48.34,3294500
2024-06-05 20:00:00-04:00,48.19,48.96,48.08,48.68,4052000
2024-06-06 20:00:00-04:00,48.48,49.16,48.19,48.23,2100600
2024-06-09 20:00:00-04:00,48.13,48.55,47.91,48.19,2216100
2024-06-10 20:00:00-04:00,47.91,48.00,47.09,47.32,3183100
2024-06-11 20:00:00-04:00,47.72,47.87,47.25,47.34,3695700
2024-06-12 20:00:00-04:00,47.22,47.28,46.24,46.71,1881100
2024-06-13 20:00:00-04:00,46.38,46.66,45.68,45.99,2881500
2024-06-16 20:00:00-04:00,45.93,46.65,45.85,46.61,2217300
2024-06-17 20:00:00-04:00,46.42,46.79,46.26,46.68,2347700
2024-06-19 20:00:00-04:00,46.43,47.18,46.28,47.01,1896400
2024-06-20 20:00:00-04:00,47.24,48.07,46.78,47.31,5820400
2024-06-23 20:00:00-04:00,47.36,48.13,47.26,47.73,2036600
2024-06-24 20:00:00-04:00,47.27,47.63,46.93,47.42,2040200
2024-06-25 20:00:00-04:00,47.18,47.29,46.74,47.05,2208900
2024-06-26 20:00:00-04:00,47.08,47.19,46.48,47.01,2104200
2024-06-27 20:00:00-04:00,47.17,47.28,46.78,47.20,2492900
2024-06-30 20:00:00-04:00,47.47,47.60,46.59,46.99,1808100
2024-07-01 20:00:00-04:00,47.07,47.10,46.58,46.95,1396200
2024-07-02 20:00:00-04:00,47.48,47.53,46.80,47.01,1138900
2024-07-04 20:00:00-04:00,46.88,46.93,46.09,46.41,2581400
2024-07-07 20:00:00-04:00,46.46,46.61,46.22,46.58,1949000
2024-07-08 20:00:00-04:00,46.39,46.98,46.31,46.37,1987800
2024-07-09 20:00:00-04:00,46.37,46.87,46.15,46.83,1578300
2024-07-10 20:00:00-04:00,47.02,47.77,46.93,47.52,1669100
2024-07-11 20:00:00-04:00,47.52,47.92,47.08,47.58,1926200
2024-07-14 20:00:00-04:00,47.54,48.09,47.36,47.67,2052800
2024-07-15 20:00:00-04:00,47.89,48.85,47.68,48.82,1699700
2024-07-16 20:00:00-04:00,49.03,50.35,48.94,50.12,2158300
2024-07-17 20:00:00-04:00,49.21,50.32,49.07,49.28,2308100
2024-07-18 20:00:00-04:00,49.21,49.26,48.48,48.66,1215700
2024-07-21 20:00:00-04:00,48.66,48.97,48.06,48.76,1339100
2024-07-22 20:00:00-04:00,48.63,49.40,48.59,49.11,1291100
2024-07-23 20:00:00-04:00,49.24,49.62,49.13,49.56,1912600
2024-07-24 20:00:00-04:00,49.66,50.44,49.51,50.15,2154300
2024-07-25 20:00:00-04:00,50.27,51.00,50.12,50.45,1631900
2024-07-28 20:00:00-04:00,50.08,50.13,48.95,49.33,2027100
2024-07-29 20:00:00-04:00,49.22,49.62,49.07,49.46,1758200
2024-07-30 20:00:00-04:00,49.38,49.70,49.06,49.08,1554700
2024-07-31 20:00:00-04:00,49.28,49.63,48.71,49.01,1480900
2024-08-01 20:00:00-04:00,49.25,49.48,48.00,49.11,2169000
2024-08-04 20:00:00-04:00,49.21,49.62,47.25,47.48,3036300
2024-08-05 20:00:00-04:00,50.52,51.24,49.76,50.05,4839600
2024-08-06 20:00:00-04:00,50.07,51.03,48.38,48.38,3684300
2024-08-07 20:00:00-04:00,48.29,49.41,48.29,49.08,2118600
2024-08-08 20:00:00-04:00,49.07,49.28,48.64,49.20,1474600
2024-08-11 20:00:00-04:00,49.21,49.61,48.20,48.30,2298600
2024-08-12 20:00:00-04:00,48.25,50.86,48.13,49.21,1609000
2024-08-13 20:00:00-04:00,49.35,49.35,48.61,48.69,956600
2024-08-14 20:00:00-04:00,49.05,49.95,49.05,49.74,1861700
2024-08-15 20:00:00-04:00,49.69,49.91,49.38,49.80,1070900
2024-08-18 20:00:00-04:00,49.80,50.38,49.78,50.18,1252400
2024-08-19 20:00:00-04:00,50.01,50.25,49.85,49.89,1351600
2024-08-20 20:00:00-04:00,50.17,50.37,49.27,49.47,1620700
2024-08-21 20:00:00-04:00,49.64,49.92,49.56,49.71,1186300
2024-08-22 20:00:00-04:00,49.93,50.12,49.54,49.99,693800
2024-08-25 20:00:00-04:00,50.26,50.53,49.96,50.03,1019100
2024-08-26 20:00:00-04:00,50.14,50.25,49.63,49.73,1209000
2024-08-27 20:00:00-04:00,49.62,49.95,49.34,49.64,1054200
2024-08-28 20:00:00-04:00,49.99,50.07,49.05,49.82,1020500
2024-08-29 20:00:00-04:00,50.03,50.65,49.89,50.53,2402700
2024-09-02 20:00:00-04:00,50.00,54.19,49.89,53.27,5820400
2024-09-03 20:00:00-04:00,53.18,53.85,51.56,52.20,3830100
2024-09-04 20:00:00-04:00,52.51,52.69,52.00,52.25,2208500
2024-09-05 20:00:00-04:00,52.26,52.71,52.08,52.21,1687900
2024-09-08 20:00:00-04:00,52.31,52.99,51.99,52.37,2119100
2024-09-09 20:00:00-04:00,52.50,52.61,51.03,51.26,1670100
2024-09-10 20:00:00-04:00,51.23,51.25,49.72,50.41,1373900
2024-09-11 20:00:00-04:00,50.18,50.93,49.75,50.85,1101700
2024-09-12 20:00:00-04:00,51.09,52.16,50.94,51.44,1091600
2024-09-15 20:00:00-04:00,51.77,52.15,51.54,51.96,1240000
2024-09-16 20:00:00-04:00,52.05,52.86,51.85,52.50,1397400
2024-09-17 20:00:00-04:00,52.38,52.78,51.77,51.81,1597400
2024-09-18 20:00:00-04:00,52.08,52.65,51.61,51.79,2215600
2024-09-19 20:00:00-04:00,51.18,52.25,50.75,51.02,5820400
2024-09-22 20:00:00-04:00,50.86,52.00,50.74,51.55,1658000
2024-09-23 20:00:00-04:00,51.68,51.79,51.00,51.13,1590800
2024-09-24 20:00:00-04:00,51.23,51.41,50.68,51.12,1842100
2024-09-25 20:00:00-04:00,51.39,51.87,51.33,51.81,1321400
2024-09-26 20:00:00-04:00,52.26,53.44,52.15,53.21,2464400
2024-09-29 20:00:00-04:00,53.37,54.15,52.80,53.85,2369800
2024-09-30 20:00:00-04:00,53.76,54.07,53.46,53.69,1795900
2024-10-01 20:00:00-04:00,53.50,53.71,52.43,52.74,1596400
2024-10-02 20:00:00-04:00,52.45,52.64,51.54,51.99,1417000
2024-10-03 20:00:00-04:00,51.96,52.70,51.96,52.50,997800
2024-10-06 20:00:00-04:00,52.46,52.46,51.16,51.53,1053700
2024-10-07 20:00:00-04:00,50.82,51.07,50.12,50.53,1939400
2024-10-08 20:00:00-04:00,50.69,51.50,50.60,50.85,1199800
2024-10-09 20:00:00-04:00,51.18,51.18,50.57,50.92,1148000
2024-10-10 20:00:00-04:00,50.95,51.39,50.85,50.98,823400
2024-10-13 20:00:00-04:00,51.05,51.53,50.85,51.35,1046300
2024-10-14 20:00:00-04:00,51.11,51.92,50.72,51.02,1587000
2024-10-15 20:00:00-04:00,51.03,52.70,51.03,52.52,1729100
2024-10-16 20:00:00-04:00,52.48,52.86,52.01,52.48,1389800
2024-10-17 20:00:00-04:00,52.76,52.90,52.14,52.43,1728800
2024-10-20 20:00:00-04:00,52.27,52.80,52.16,52.17,1339200
2024-10-21 20:00:00-04:00,52.20,52.58,51.68,52.31,1314300
2024-10-22 20:00:00-04:00,51.96,52.55,51.71,52.47,1369100
2024-10-23 20:00:00-04:00,52.41,52.57,52.02,52.52,1327200
2024-10-24 20:00:00-04:00,52.52,52.69,52.07,52.21,1277800
2024-10-27 20:00:00-04:00,52.39,52.85,52.21,52.44,891500
2024-10-28 20:00:00-04:00,52.19,52.62,52.09,52.22,1187600
2024-10-29 20:00:00-04:00,52.22,52.60,51.84,51.94,1631400
2024-10-30 20:00:00-04:00,52.00,52.33,50.97,51.00,1203200
2024-10-31 20:00:00-04:00,51.26,51.67,50.93,51.49,1736300
2024-11-03 19:00:00-05:00,51.57,52.35,51.49,52.16,1617000
2024-11-04 19:00:00-05:00,52.00,52.43,51.72,52.41,1378000
2024-11-05 19:00:00-05:00,53.55,54.30,52.07,52.92,3221000
2024-11-06 19:00:00-05:00,49.20,54.41,49.16,53.11,3006100
2024-11-07 19:00:00-05:00,54.26,56.70,54.01,55.76,3632600
2024-11-10 19:00:00-05:00,55.71,57.60,55.45,56.64,2363900
2024-11-11 19:00:00-05:00,56.52,58.01,56.18,57.94,2303500
2024-11-12 19:00:00-05:00,58.05,59.96,57.97,59.81,2889300
2024-11-13 19:00:00-05:00,60.12,60.19,58.64,58.73,2071400
2024-11-14 19:00:00-05:00,58.86,58.97,57.94,58.44,2245600
2024-11-17 19:00:00-05:00,58.47,58.82,57.88,57.93,1448300
2024-11-18 19:00:00-05:00,57.62,57.79,56.74,56.92,1741800
2024-11-19 19:00:00-05:00,56.89,57.07,55.82,56.53,1573500
2024-11-20 19:00:00-05:00,56.56,56.97,56.47,56.62,1331500
2024-11-21 19:00:00-05:00,56.61,57.04,56.32,56.51,1488300
2024-11-24 19:00:00-05:00,56.96,58.25,56.78,56.80,2848800
2024-11-25 19:00:00-05:00,56.83,57.63,56.51,57.50,2132700
2024-11-26 19:00:00-05:00,57.73,58.11,57.25,57.35,1438000
2024-11-28 19:00:00-05:00,57.35,58.45,57.12,58.10,988200
2024-12-01 19:00:00-05:00,58.23,58.59,57.50,57.87,1874700
2024-12-02 19:00:00-05:00,57.99,58.33,56.91,57.56,2099400
2024-12-03 19:00:00-05:00,57.61,58.52,57.49,57.82,1795200
2024-12-04 19:00:00-05:00,58.04,58.17,57.35,57.49,1524900
2024-12-05 19:00:00-05:00,60.20,60.84,57.40,57.65,2207000
2024-12-08 19:00:00-05:00,57.63,58.55,57.52,58.06,1811600
2024-12-09 19:00:00-05:00,58.09,58.34,57.66,58.08,1591100
2024-12-10 19:00:00-05:00,58.40,58.59,57.88,57.89,1583100
2024-12-11 19:00:00-05:00,58.30,58.43,57.27,57.47,1793000
2024-12-12 19:00:00-05:00,57.37,58.22,57.22,57.59,1326500
2024-12-15 19:00:00-05:00,57.38,57.51,56.17,56.20,1781800
2024-12-16 19:00:00-05:00,55.88,56.60,55.43,55.87,1688000
2024-12-17 19:00:00-05:00,55.60,56.19,54.96,55.00,1731300
2024-12-18 19:00:00-05:00,55.11,55.56,54.78,55.31,1437300
2024-12-19 19:00:00-05:00,55.25,56.05,54.95,55.96,4913500
2024-12-22 19:00:00-05:00,55.66,55.71,54.62,55.23,1532800
2024-12-23 19:00:00-05:00,55.09,55.55,54.91,55.26,737800
2024-12-25 19:00:00-05:00,55.07,55.29,54.86,55.00,1131400
2024-12-26 19:00:00-05:00,54.60,55.17,54.22,54.52,966900
2024-12-29 19:00:00-05:00,54.39,54.48,53.53,53.64,1362100
2024-12-30 19:00:00-05:00,53.70,54.35,53.70,54.05,928500
2025-01-01 19:00:00-05:00,54.44,54.66,53.78,53.94,954700
2025-01-02 19:00:00-05:00,53.03,53.35,51.39,52.12,3210100
2025-01-05 19:00:00-05:00,52.21,53.46,52.10,52.77,1805700
2025-01-06 19:00:00-05:00,52.90,53.46,52.02,52.04,1410000
2025-01-07 19:00:00-05:00,51.72,52.52,51.63,52.42,1505300
2025-01-09 19:00:00-05:00,51.77,52.36,49.23,49.45,2681600
2025-01-12 19:00:00-05:00,49.43,50.98,48.95,50.74,2067100
2025-01-13 19:00:00-05:00,50.79,51.32,50.45,51.10,1676000
2025-01-14 19:00:00-05:00,51.78,51.97,51.22,51.37,1556300
2025-01-15 19:00:00-05:00,51.03,51.92,50.94,51.85,1484700
2025-01-16 19:00:00-05:00,51.85,52.36,51.61,52.08,1944800
2025-01-20 19:00:00-05:00,52.27,52.62,52.08,52.56,1620800
2025-01-21 19:00:00-05:00,52.44,52.56,51.71,51.75,1350500
2025-01-22 19:00:00-05:00,51.75,51.85,50.80,50.96,1532200
2025-01-23 19:00:00-05:00,51.06,52.25,51.06,52.02,1707100
2025-01-26 19:00:00-05:00,52.52,53.90,52.52,53.43,1991700
2025-01-27 19:00:00-05:00,53.20,53.27,51.66,51.77,1498400
2025-01-28 19:00:00-05:00,51.85,52.37,51.67,51.82,1233700
2025-01-29 19:00:00-05:00,52.25,52.59,51.50,52.08,1063000
2025-01-30 19:00:00-05:00,51.78,52.44,51.55,51.63,1497600
2025-02-02 19:00:00-05:00,50.54,51.18,49.69,50.35,1487200
2025-02-03 19:00:00-05:00,50.11,50.37,49.75,49.93,1248900
2025-02-04 19:00:00-05:00,50.21,50.52,49.72,50.24,1291800
2025-02-05 19:00:00-05:00,51.41,51.46,50.43,51.25,1844400
2025-02-06 19:00:00-05:00,51.78,51.87,50.83,51.17,1721700
2025-02-09 19:00:00-05:00,51.21,51.21,50.31,50.59,2012000
2025-02-10 19:00:00-05:00,50.72,51.12,49.98,50.92,1931900
2025-02-11 19:00:00-05:00,51.38,51.38,49.73,50.40,4274700
2025-02-12 19:00:00-05:00,53.97,55.56,52.63,55.20,5820400
2025-02-13 19:00:00-05:00,55.94,57.05,55.59,56.92,3271600
2025-02-17 19:00:00-05:00,56.72,57.26,55.87,57.17,2888800
2025-02-18 19:00:00-05:00,57.10,57.10,55.93,56.71,2664500
2025-02-19 19:00:00-05:00,56.72,57.10,56.11,56.96,1730200
2025-02-20 19:00:00-05:00,57.23,57.46,56.47,56.89,2169300
2025-02-23 19:00:00-05:00,56.81,58.04,56.27,57.71,2345900
2025-02-24 19:00:00-05:00,58.06,58.23,56.86,57.35,2827900
2025-02-25 19:00:00-05:00,57.59,58.59,57.37,58.52,3106000
2025-02-26 19:00:00-05:00,58.69,58.94,57.92,58.48,2175300
2025-02-27 19:00:00-05:00,58.87,59.14,57.50,58.24,3533600
2025-03-02 19:00:00-05:00,58.25,58.75,57.85,58.24,1708000
2025-03-03 19:00:00-05:00,58.09,58.31,56.52,56.61,2474000
2025-03-04 19:00:00-05:00,56.70,57.03,55.65,56.35,2449900
2025-03-05 19:00:00-05:00,56.44,56.74,55.73,56.44,1500100
2025-03-06 19:00:00-05:00,56.21,59.47,56.21,58.78,3101300
2025-03-09 20:00:00-04:00,59.05,61.44,59.05,59.78,3412100
2025-03-10 20:00:00-04:00,59.86,60.09,57.09,57.39,3142200
2025-03-11 20:00:00-04:00,56.96,57.27,56.13,56.42,1689900
2025-03-12 20:00:00-04:00,56.56,56.87,55.80,55.83,1917200
2025-03-13 20:00:00-04:00,55.86,56.94,55.86,56.65,1666700
2025-03-16 20:00:00-04:00,56.84,57.33,56.15,56.41,2242300
2025-03-17 20:00:00-04:00,56.30,56.54,55.84,56.01,1921900
2025-03-18 20:00:00-04:00,55.81,55.81,54.85,55.39,2245800
2025-03-19 20:00:00-04:00,55.35,56.72,55.35,56.05,3165400
2025-03-20 20:00:00-04:00,56.20,57.05,55.52,55.96,5820400
2025-03-23 20:00:00-04:00,56.43,56.51,55.55,56.32,1929700
2025-03-24 20:00:00-04:00,56.25,56.38,55.42,55.83,1295300
2025-03-25 20:00:00-04:00,55.99,57.70,55.90,57.54,1969700
2025-03-26 20:00:00-04:00,57.63,58.00,57.33,57.92,1548200
2025-03-27 20:00:00-04:00,58.09,58.28,57.25,57.52,1594300
2025-03-30 20:00:00-04:00,57.31,58.61,57.31,57.84,1984300
2025-03-31 20:00:00-04:00,58.04,58.30,57.15,58.19,1794600
2025-04-01 20:00:00-04:00,58.87,59.14,57.77,58.87,1622300
2025-04-02 20:00:00-04:00,58.84,60.34,58.39,59.35,4413200
2025-04-03 20:00:00-04:00,58.77,59.94,57.91,58.10,3780100
2025-04-06 20:00:00-04:00,56.61,59.06,56.21,57.35,3220900
2025-04-07 20:00:00-04:00,58.42,59.05,54.95,55.60,3171600
2025-04-08 20:00:00-04:00,54.89,58.54,54.87,57.56,3625700
2025-04-09 20:00:00-04:00,57.10,58.14,55.83,56.96,1876300
2025-04-10 20:00:00-04:00,56.80,57.90,55.83,57.67,2583000
2025-04-13 20:00:00-04:00,58.00,58.35,57.21,57.64,1563100
2025-04-14 20:00:00-04:00,57.75,57.88,56.20,56.55,3556300
2025-04-15 20:00:00-04:00,57.04,57.81,55.70,55.79,1893100
2025-04-16 20:00:00-04:00,56.33,56.73,55.76,55.82,1549300
2025-04-20 20:00:00-04:00,55.78,55.78,53.90,55.05,1915000
2025-04-21 20:00:00-04:00,55.50,56.40,55.33,56.06,1714700
2025-04-22 20:00:00-04:00,56.36,56.58,55.05,55.78,2052300
2025-04-23 20:00:00-04:00,55.52,55.73,55.06,55.44,1296400
2025-04-24 20:00:00-04:00,55.44,55.49,53.51,53.97,2273100
2025-04-27 20:00:00-04:00,54.12,54.65,53.63,53.88,1520000
2025-04-28 20:00:00-04:00,53.56,54.25,53.28,54.22,1734600
2025-04-29 20:00:00-04:00,54.53,54.86,53.65,54.67,2425500
2025-04-30 20:00:00-04:00,54.68,54.94,54.13,54.40,1701300
2025-05-01 20:00:00-04:00,55.05,55.12,54.51,54.69,1859800
2025-05-04 20:00:00-04:00,54.60,54.92,54.15,54.58,1785200
2025-05-05 20:00:00-04:00,54.19,54.39,53.68,54.07,2051200
2025-05-06 20:00:00-04:00,54.60,54.60,53.72,54.01,3406400
2025-05-07 20:00:00-04:00,49.74,52.38,48.56,51.56,5820400
2025-05-08 20:00:00-04:00,51.31,52.67,51.31,51.91,3314500
2025-05-11 20:00:00-04:00,52.47,52.86,51.52,52.21,4661300
2025-05-12 20:00:00-04:00,52.21,52.81,51.97,52.43,3421500
2025-05-13 20:00:00-04:00,52.28,52.96,52.19,52.73,3284500
2025-05-14 20:00:00-04:00,52.95,53.72,52.71,53.47,3117000
2025-05-15 20:00:00-04:00,53.76,54.05,53.40,54.02,2228700
2025-05-18 20:00:00-04:00,53.83,54.11,53.18,53.79,2668000
2025-05-19 20:00:00-04:00,53.68,54.70,53.64,54.11,2616800
2025-05-20 20:00:00-04:00,53.85,53.99,52.65,52.87,3272100
2025-05-21 20:00:00-04:00,52.72,52.92,51.50,51.61,3318800
2025-05-22 20:00:00-04:00,51.34,51.86,51.09,51.32,2179200
2025-05-26 20:00:00-04:00,51.74,51.77,51.17,51.49,2520900
2025-05-27 20:00:00-04:00,51.26,51.48,50.28,50.32,2981400
2025-05-28 20:00:00-04:00,50.42,51.13,49.74,51.03,2623400
2025-05-29 20:00:00-04:00,51.00,51.19,50.55,50.92,3500600
2025-06-01 20:00:00-04:00,50.50,50.67,49.65,50.24,2116000
2025-06-02 20:00:00-04:00,50.10,50.34,49.10,50.14,2401900
2025-06-03 20:00:00-04:00,50.10,50.62,49.78,50.14,1907600
2025-06-04 20:00:00-04:00,50.08,50.09,48.99,49.28,2937600
2025-06-05 20:00:00-04:00,49.95,49.95,49.37,49.86,1918900
2025-06-08 20:00:00-04:00,49.95,50.13,49.61,49.96,2395500
2025-06-09 20:00:00-04:00,49.97,50.38,49.67,50.06,1611500
2025-06-10 20:00:00-04:00,50.09,50.15,49.42,49.63,2004200
2025-06-11 20:00:00-04:00,49.43,49.60,49.07,49.40,1815600
2025-06-12 20:00:00-04:00,49.11,49.37,48.33,48.51,1993800
2025-06-15 20:00:00-04:00,48.90,48.90,47.33,47.58,2836300
2025-06-16 20:00:00-04:00,47.33,47.99,47.26,47.31,2988500
2025-06-17 20:00:00-04:00,47.45,47.82,46.75,46.80,3016300
2025-06-19 20:00:00-04:00,46.96,47.03,45.86,46.07,4635500
2025-06-22 20:00:00-04:00,45.93,46.35,45.46,46.07,2881200
2025-06-23 20:00:00-04:00,46.20,46.74,45.98,46.24,2846700
2025-06-24 20:00:00-04:00,46.15,46.21,45.12,45.30,2772700
2025-06-25 20:00:00-04:00,45.47,46.17,45.25,45.30,2633500
2025-06-26 20:00:00-04:00,45.01,45.62,45.01,45.49,3322400
2025-06-29 20:00:00-04:00,45.37,46.25,45.36,46.11,3795600
2025-06-30 20:00:00-04:00,46.21,47.79,46.05,47.05,3076600
2025-07-01 20:00:00-04:00,47.35,47.81,47.01,47.50,2909400
2025-07-02 20:00:00-04:00,47.63,47.94,47.30,47.41,1466400
2025-07-06 20:00:00-04:00,47.18,47.46,46.67,46.99,2422100
2025-07-07 20:00:00-04:00,46.72,47.68,46.50,47.35,2429400
2025-07-08 20:00:00-04:00,47.33,47.76,46.92,47.51,2234700
2025-07-09 20:00:00-04:00,47.05,48.31,46.97,47.76,1972200
2025-07-10 20:00:00-04:00,47.27,48.13,47.02,47.94,1782000
2025-07-13 20:00:00-04:00,47.74,47.79,46.90,47.44,1656500
2025-07-14 20:00:00-04:00,47.44,47.57,46.91,47.03,2043800
2025-07-15 20:00:00-04:00,46.99,47.76,46.91,47.64,1749900
2025-07-16 20:00:00-04:00,47.60,48.34,47.52,48.27,2108500
2025-07-17 20:00:00-04:00,48.55,48.75,47.90,48.00,1903400
2025-07-20 20:00:00-04:00,48.17,48.40,47.80,47.91,1918200
2025-07-21 20:00:00-04:00,48.02,49.52,48.02,49.52,2435100
2025-07-22 20:00:00-04:00,49.80,50.01,49.50,49.94,2622400
2025-07-23 20:00:00-04:00,49.73,49.92,48.75,48.78,2377300
2025-07-24 20:00:00-04:00,48.97,49.16,48.68,49.09,1976500
2025-07-27 20:00:00-04:00,48.57,48.80,47.59,47.87,1996400
2025-07-28 20:00:00-04:00,47.93,48.58,47.71,48.54,2118100
2025-07-29 20:00:00-04:00,48.45,48.66,47.11,47.29,2244000
2025-07-30 20:00:00-04:00,46.49,47.24,46.06,46.72,4733200
2025-07-31 20:00:00-04:00,47.28,47.36,46.11,46.23,3089500
2025-08-03 20:00:00-04:00,46.30,47.08,46.13,46.61,3763000
2025-08-04 20:00:00-04:00,47.02,48.99,45.98,47.20,5773800
2025-08-05 20:00:00-04:00,47.19,48.33,46.68,48.15,3744800
2025-08-06 20:00:00-04:00,48.39,48.41,47.30,47.47,3500600
2025-08-07 20:00:00-04:00,47.73,48.94,47.71,48.61,2560900
2025-08-10 20:00:00-04:00,48.59,48.98,47.66,48.24,3348100
2025-08-11 20:00:00-04:00,48.47,49.53,48.28,48.94,2667500
2025-08-12 20:00:00-04:00,48.68,49.81,48.58,49.58,2565100
2025-08-13 20:00:00-04:00,49.29,49.50,48.48,49.12,1661000
2025-08-14 20:00:00-04:00,49.30,49.61,49.08,49.31,1514100
2025-08-17 20:00:00-04:00,49.20,49.49,48.89,49.02,2091900
2025-08-18 20:00:00-04:00,49.05,50.01,49.04,49.43,1942700
2025-08-19 20:00:00-04:00,49.64,49.99,49.14,49.21,2510300
2025-08-20 20:00:00-04:00,48.89,49.70,48.53,49.61,2213800
2025-08-21 20:00:00-04:00,49.81,50.76,49.68,50.64,1717400
2025-08-24 20:00:00-04:00,50.42,50.64,49.33,49.49,1440600
2025-08-25 20:00:00-04:00,49.17,49.32,48.18,48.26,2653000
2025-08-26 20:00:00-04:00,48.20,49.18,48.20,49.03,2029800
2025-08-27 20:00:00-04:00,49.28,49.28,47.74,48.16,2054200
2025-08-28 20:00:00-04:00,48.33,48.85,48.08,48.41,1714600
2025-09-01 20:00:00-04:00,47.51,48.33,47.39,48.18,2358200
2025-09-02 20:00:00-04:00,48.02,48.16,47.59,47.76,2477500
2025-09-03 20:00:00-04:00,47.92,48.00,47.47,47.86,1866000
2025-09-04 20:00:00-04:00,47.90,49.04,47.84,48.78,1787900
2025-09-07 20:00:00-04:00,48.49,48.58,47.88,48.28,1983400
2025-09-08 20:00:00-04:00,48.44,48.70,47.72,47.87,2060300
2025-09-09 20:00:00-04:00,47.65,47.67,46.98,47.48,2613900
2025-09-10 20:00:00-04:00,47.74,47.84,47.29,47.56,1953700
2025-09-11 20:00:00-04:00,47.10,47.23,46.52,46.87,2467300
2025-09-14 20:00:00-04:00,46.91,47.05,46.09,46.29,2454000
2025-09-15 20:00:00-04:00,46.30,46.60,45.47,45.91,2758800
2025-09-16 20:00:00-04:00,46.03,46.46,45.27,45.36,2404000
2025-09-17 20:00:00-04:00,45.25,45.73,44.94,45.40,2142100
2025-09-18 20:00:00-04:00,45.64,45.71,44.87,45.08,5386100
2025-09-21 20:00:00-04:00,44.63,44.83,43.64,43.65,3558300
2025-09-22 20:00:00-04:00,43.96,43.96,42.58,42.68,3732100
2025-09-23 20:00:00-04:00,42.50,44.02,42.40,43.86,3645700
2025-09-24 20:00:00-04:00,43.98,44.15,42.88,42.99,3217800
2025-09-25 20:00:00-04:00,43.24,43.65,43.05,43.40,2154400
2025-09-28 20:00:00-04:00,43.45,44.42,43.29,44.30,2587200
2025-09-29 20:00:00-04:00,43.85,44.02,43.12,43.80,2763400
2025-09-30 20:00:00-04:00,44.42,44.74,43.99,44.56,2804000
2025-10-01 20:00:00-04:00,44.35,45.21,44.35,44.70,2467900
2025-10-02 20:00:00-04:00,44.63,44.99,44.53,44.91,1684200
2025-10-05 20:00:00-04:00,44.77,44.81,44.18,44.19,2297300
2025-10-06 20:00:00-04:00,44.53,44.98,44.26,44.70,2171200
2025-10-07 20:00:00-04:00,44.70,44.81,44.11,44.14,2035900
2025-10-08 20:00:00-04:00,44.26,44.63,43.89,44.54,2343800
2025-10-09 20:00:00-04:00,44.84,45.09,44.24,44.50,2168700
2025-10-12 20:00:00-04:00,44.33,44.91,44.21,44.56,2061100
2025-10-13 20:00:00-04:00,44.52,45.32,44.34,45.24,2144500
2025-10-14 20:00:00-04:00,45.10,45.54,44.10,44.89,2663300
2025-10-15 20:00:00-04:00,45.06,45.69,44.93,45.54,1840100
2025-10-16 20:00:00-04:00,45.68,46.00,45.21,45.82,1872600
2025-10-19 20:00:00-04:00,45.83,45.84,45.09,45.11,1610800
2025-10-20 20:00:00-04:00,45.04,45.26,44.72,45.05,2106700
2025-10-21 20:00:00-04:00,44.81,45.73,44.69,45.10,1452000
2025-10-22 20:00:00-04:00,45.01,45.07,43.91,44.16,1846400
2025-10-23 20:00:00-04:00,44.24,44.49,43.71,43.99,2429200
2025-10-26 20:00:00-04:00,43.98,44.16,43.72,43.82,2184900
2025-10-27 20:00:00-04:00,43.61,44.11,43.42,43.78,1994000
2025-10-28 20:00:00-04:00,43.40,43.49,42.08,42.12,2637400
2025-10-29 20:00:00-04:00,42.12,42.71,42.03,42.25,2416300
2025-10-30 20:00:00-04:00,41.94,42.48,41.57,42.32,2191300
2025-11-02 19:00:00-05:00,42.16,42.23,41.60,41.84,3383300
2025-11-03 19:00:00-05:00,41.82,43.64,41.57,42.27,5524400
2025-11-04 19:00:00-05:00,42.07,44.06,42.03,43.73,4004600
2025-11-05 19:00:00-05:00,43.40,44.37,42.61,42.68,4487900
2025-11-06 19:00:00-05:00,43.20,44.88,42.88,44.85,4323900
2025-11-09 19:00:00-05:00,44.91,45.57,44.79,45.34,2972500
2025-11-10 19:00:00-05:00,45.53,46.23,44.74,45.65,2889000
2025-11-11 19:00:00-05:00,46.03,46.34,44.47,44.50,4112800
2025-11-12 19:00:00-05:00,44.53,45.79,44.35,45.38,4230400
2025-11-13 19:00:00-05:00,45.45,45.74,44.38,44.95,2776700
2025-11-16 19:00:00-05:00,44.86,45.21,44.15,44.16,3771200
2025-11-17 19:00:00-05:00,44.46,45.22,44.04,44.96,2987600
2025-11-18 19:00:00-05:00,44.31,44.83,43.74,43.82,2982300
2025-11-19 19:00:00-05:00,43.70,44.52,43.64,44.02,2456200
2025-11-20 19:00:00-05:00,44.32,45.11,44.06,44.63,4134100
2025-11-23 19:00:00-05:00,44.40,45.21,43.89,44.75,5820400
2025-11-24 19:00:00-05:00,45.19,45.77,44.74,44.91,3789100
2025-11-25 19:00:00-05:00,44.81,45.59,44.72,45.12,2860000
2025-11-27 19:00:00-05:00,45.03,45.33,44.91,45.02,1517300
2025-11-30 19:00:00-05:00,44.96,45.77,44.82,45.41,3004800
2025-12-01 19:00:00-05:00,45.19,45.27,44.39,45.01,5180400
2025-12-02 19:00:00-05:00,44.86,45.62,44.72,44.76,4535000
2025-12-03 19:00:00-05:00,44.63,45.15,43.97,44.11,2897100
2025-12-04 19:00:00-05:00,44.01,44.62,43.98,44.14,2882800
2025-12-07 19:00:00-05:00,44.21,45.77,43.90,45.60,4842800
2025-12-08 19:00:00-05:00,45.50,45.76,44.01,44.23,2752100
2025-12-09 19:00:00-05:00,44.61,45.86,44.29,45.82,4315800
2025-12-10 19:00:00-05:00,45.99,46.63,45.95,46.03,2403600
2025-12-11 19:00:00-05:00,46.22,46.66,46.14,46.56,2274600
2025-12-14 19:00:00-05:00,46.57,46.76,44.13,46.63,3660100
2025-12-15 19:00:00-05:00,46.71,47.62,46.53,46.76,2887200
2025-12-16 19:00:00-05:00,46.75,47.46,46.70,47.01,2190800
2025-12-17 19:00:00-05:00,46.83,47.29,46.56,46.65,2472100
2025-12-18 19:00:00-05:00,47.00,47.28,46.60,46.64,4967700
2025-12-21 19:00:00-05:00,46.48,46.48,45.12,45.53,3596500
2025-12-22 19:00:00-05:00,45.85,45.85,44.70,45.02,2462500
2025-12-23 19:00:00-05:00,45.00,45.41,44.87,45.32,1097400
2025-12-25 19:00:00-05:00,45.31,45.45,44.99,45.40,2043600
2025-12-28 19:00:00-05:00,45.08,45.70,44.90,45.59,2579800
2025-12-29 19:00:00-05:00,45.54,45.85,45.33,45.77,2282000
2025-12-30 19:00:00-05:00,45.76,46.06,45.54,45.66,1738100
2026-01-01 19:00:00-05:00,45.98,46.57,45.42,46.36,2763800
2026-01-04 19:00:00-05:00,45.81,46.08,44.48,45.30,3294700
2026-01-05 19:00:00-05:00,45.14,45.43,44.85,45.18,4242100
2026-01-06 19:00:00-05:00,45.20,45.28,44.51,44.93,2869100
2026-01-07 19:00:00-05:00,45.03,46.85,44.84,46.22,3604400
2026-01-08 19:00:00-05:00,46.54,47.19,46.22,47.08,2562800
2026-01-11 19:00:00-05:00,47.42,48.25,47.41,47.78,3300600
2026-01-12 19:00:00-05:00,47.65,48.29,47.46,48.12,2046700
2026-01-13 19:00:00-05:00,48.23,49.48,48.22,49.38,2394200
2026-01-14 19:00:00-05:00,49.18,49.58,48.56,49.53,2206000
2026-01-15 19:00:00-05:00,48.81,49.11,47.69,47.88,2657400
2026-01-19 19:00:00-05:00,47.57,49.04,47.08,48.90,3496900
2026-01-20 19:00:00-05:00,48.90,49.36,48.47,49.33,2733800
2026-01-21 19:00:00-05:00,49.21,49.59,48.45,48.67,2312400
2026-01-22 19:00:00-05:00,48.55,48.92,47.94,48.27,2326200
2026-01-25 19:00:00-05:00,48.47,48.65,47.98,48.06,2576700
2026-01-26 19:00:00-05:00,47.92,48.29,47.30,47.40,3309500
2026-01-27 19:00:00-05:00,47.30,48.21,46.56,46.69,2643100
2026-01-28 19:00:00-05:00,46.85,47.55,46.32,46.53,4383100
2026-01-29 19:00:00-05:00,46.82,47.11,46.59,46.99,2429700
2026-02-01 19:00:00-05:00,47.15,47.55,46.62,47.37,2538500
2026-02-02 19:00:00-05:00,47.14,49.19,47.14,48.24,2824300
2026-02-03 19:00:00-05:00,48.75,50.44,48.64,50.19,3677200
2026-02-04 19:00:00-05:00,50.62,50.74,49.72,50.01,2355700
2026-02-05 19:00:00-05:00,50.00,50.75,49.94,50.63,2269500
2026-02-08 19:00:00-05:00,50.78,51.21,49.54,49.76,2810900
2026-02-09 19:00:00-05:00,49.93,51.29,49.61,50.89,2460800
2026-02-10 19:00:00-05:00,50.57,52.16,50.23,52.10,3088200
2026-02-11 19:00:00-05:00,52.16,53.62,52.03,53.19,4976500
2026-02-12 19:00:00-05:00,52.71,53.29,51.79,52.05,3705500
2026-02-16 19:00:00-05:00,52.09,52.58,49.41,49.79,5348600
2026-02-17 19:00:00-05:00,49.45,50.89,49.34,49.71,4483100
2026-02-18 19:00:00-05:00,46.57,47.73,45.29,47.29,5820400
2026-02-19 19:00:00-05:00,47.69,48.79,47.16,48.77,3431100
2026-02-22 19:00:00-05:00,48.69,48.93,48.13,48.39,3015900
2026-02-23 19:00:00-05:00,48.45,49.06,48.22,48.80,2673800
2026-02-24 19:00:00-05:00,47.41,47.79,45.95,46.47,4408100
2026-02-25 19:00:00-05:00,46.86,47.30,46.60,46.99,2771500
2026-02-26 19:00:00-05:00,47.06,48.26,46.99,47.92,2403600
2026-03-01 19:00:00-05:00,47.50,48.33,47.27,47.53,3950200
2026-03-02 19:00:00-05:00,46.89,47.61,46.41,47.01,3050700
2026-03-03 19:00:00-05:00,47.11,47.14,45.65,46.29,2888400
2026-03-04 19:00:00-05:00,45.96,46.60,45.63,46.07,2649700
2026-03-05 19:00:00-05:00,45.75,46.52,45.48,46.09,2029900
2026-03-08 20:00:00-04:00,45.69,45.83,44.78,45.47,2417500
2026-03-09 20:00:00-04:00,45.24,45.58,44.63,45.33,3546200
2026-03-10 20:00:00-04:00,45.29,45.41,44.12,44.44,2399500
2026-03-11 20:00:00-04:00,43.99,44.07,42.66,43.17,3835500
2026-03-12 20:00:00-04:00,43.63,44.03,43.06,43.09,2674600
2026-03-15 20:00:00-04:00,43.31,43.65,41.59,41.60,3045500
2026-03-16 20:00:00-04:00,41.93,42.20,41.58,42.10,2666100
2026-03-17 20:00:00-04:00,41.71,42.18,41.34,41.40,2942300
2026-03-18 20:00:00-04:00,41.70,42.23,41.51,41.78,2867900
2026-03-19 20:00:00-04:00,41.66,41.96,40.90,40.91,5375900
2026-03-22 20:00:00-04:00,41.62,41.91,41.20,41.44,2718500
2026-03-23 20:00:00-04:00,41.09,41.49,40.60,40.67,2043100
2026-03-24 20:00:00-04:00,41.00,41.27,40.55,40.78,2222700
2026-03-25 20:00:00-04:00,40.86,42.01,40.59,41.41,3072400
2026-03-26 20:00:00-04:00,41.63,43.04,41.50,42.89,3425200
2026-03-29 20:00:00-04:00,42.57,42.72,41.98,42.41,2366000
2026-03-30 20:00:00-04:00,42.48,42.89,42.24,42.55,1970600
2026-03-31 20:00:00-04:00,42.12,42.62,41.50,42.39,2618400
2026-04-01 20:00:00-04:00,42.71,43.61,42.24,43.52,2983300
2026-04-05 20:00:00-04:00,43.62,44.02,43.16,43.93,2105100
2026-04-06 20:00:00-04:00,44.09,44.69,44.01,44.52,2084200
2026-04-07 20:00:00-04:00,44.59,44.92,43.23,43.38,3331500
2026-04-08 20:00:00-04:00,42.94,44.68,42.75,44.15,3568200
2026-04-09 20:00:00-04:00,44.29,44.98,44.11,44.52,2218300
2026-04-12 20:00:00-04:00,44.47,44.47,43.63,44.12,2204300
2026-04-13 20:00:00-04:00,43.93,44.16,43.07,43.14,3728300
2026-04-14 20:00:00-04:00,43.10,43.97,42.96,43.79,2685300
2026-04-15 20:00:00-04:00,43.78,44.59,43.56,43.65,3004100
2026-04-16 20:00:00-04:00,43.40,44.37,43.40,44.06,3437700
2026-04-19 20:00:00-04:00,44.04,44.47,43.49,43.77,2631000
2026-04-20 20:00:00-04:00,43.76,43.89,43.01,43.07,2009300
2026-04-21 20:00:00-04:00,43.14,43.36,42.09,42.19,2946900
2026-04-22 20:00:00-04:00,42.49,42.84,42.24,42.36,3127900
2026-04-23 20:00:00-04:00,42.55,42.74,41.41,41.94,2959600
2026-04-26 20:00:00-04:00,41.88,42.64,41.66,42.09,3360200
2026-04-27 20:00:00-04:00,42.84,42.99,41.66,42.06,3222300
2026-04-28 20:00:00-04:00,41.75,42.25,41.35,41.91,4609300
2026-04-29 20:00:00-04:00,43.36,43.52,41.89,42.23,5820400
2026-04-30 20:00:00-04:00,41.97,42.05,41.29,41.64,4517400
2026-05-03 20:00:00-04:00,41.37,41.42,40.16,40.25,4417500
2026-05-04 20:00:00-04:00,40.56,42.06,40.42,41.69,3616200
2026-05-05 20:00:00-04:00,42.10,42.56,41.87,42.25,2779400
2026-05-06 20:00:00-04:00,42.14,42.89,42.07,42.62,3582900
2026-05-07 20:00:00-04:00,42.78,42.99,41.88,41.91,3455600
2026-05-10 20:00:00-04:00,41.83,41.97,40.94,40.95,3189300
2026-05-11 20:00:00-04:00,41.34,41.44,40.22,40.85,4624700
2026-05-12 20:00:00-04:00,40.86,41.24,40.62,40.93,2963600
2026-05-13 20:00:00-04:00,41.30,41.55,40.20,40.33,2424600
2026-05-14 20:00:00-04:00,40.66,40.95,40.25,40.36,2537100
2026-05-17 20:00:00-04:00,40.46,41.36,40.45,41.19,2787100
2026-05-18 20:00:00-04:00,41.50,42.17,40.98,41.45,2784700
2026-05-19 20:00:00-04:00,41.32,42.67,41.16,42.25,3287400
2026-05-20 20:00:00-04:00,42.00,42.46,41.58,42.03,3276100
2026-05-21 20:00:00-04:00,41.87,42.43,41.53,42.05,2106500
2026-05-25 20:00:00-04:00,41.77,42.13,40.35,40.74,3367800
2026-05-26 20:00:00-04:00,41.28,41.95,41.21,41.37,2892100
2026-05-27 20:00:00-04:00,40.69,40.84,39.89,40.09,3330000
2026-05-28 20:00:00-04:00,40.02,40.35,39.39,39.53,4112600
2026-05-31 20:00:00-04:00,39.22,40.53,39.02,39.03,3755400
2026-06-01 20:00:00-04:00,39.09,39.42,38.68,38.91,3476200
2026-06-02 20:00:00-04:00,38.83,38.95,38.35,38.62,2676900
2026-06-03 20:00:00-04:00,39.16,39.22,38.04,38.43,2895900
2026-06-04 20:00:00-04:00,38.71,39.35,38.65,39.06,2714300
2026-06-07 20:00:00-04:00,38.76,39.90,38.47,39.61,4138400
2026-06-08 20:00:00-04:00,39.61,40.70,39.61,40.52,4326500
2026-06-09 20:00:00-04:00,40.75,41.17,40.56,40.90,3450900
2026-06-10 20:00:00-04:00,41.06,41.29,40.65,40.93,2399100
2026-06-11 20:00:00-04:00,41.33,41.72,40.49,41.58,3597200
2026-06-14 20:00:00-04:00,41.29,42.04,40.61,40.89,2802600
2026-06-15 20:00:00-04:00,40.98,41.21,40.33,40.60,2300200
2026-06-16 20:00:00-04:00,40.40,40.46,38.61,39.05,3418100
2026-06-17 20:00:00-04:00,39.06,39.61,38.80,39.40,5702800
2026-06-21 20:00:00-04:00,38.83,39.67,38.64,39.64,4389900
2026-06-22 20:00:00-04:00,40.22,40.28,39.49,39.71,2800200
2026-06-23 20:00:00-04:00,40.00,41.00,39.74,40.53,3246100
2026-06-24 20:00:00-04:00,40.44,40.99,40.07,40.54,3198800
2026-06-25 20:00:00-04:00,40.85,41.48,40.74,41.48,4000600
2026-06-28 20:00:00-04:00,41.30,41.39,39.54,39.75,3961000
