Date,Open,High,Low,Close,Volume
2018-07-01 20:00:00-04:00,13.36,13.39,13.19,13.34,6166500
2018-07-02 20:00:00-04:00,13.37,13.54,13.37,13.41,3278000
2018-07-04 20:00:00-04:00,13.50,13.59,13.46,13.57,6509500
2018-07-05 20:00:00-04:00,13.56,13.65,13.49,13.51,5974000
2018-07-08 20:00:00-04:00,13.81,13.84,13.60,13.66,6905500
2018-07-09 20:00:00-04:00,13.65,13.70,13.58,13.69,4132000
2018-07-10 20:00:00-04:00,13.66,13.69,13.51,13.63,2800000
2018-07-11 20:00:00-04:00,13.67,13.71,13.58,13.61,4165500
2018-07-12 20:00:00-04:00,13.63,13.87,13.60,13.78,4985500
2018-07-15 20:00:00-04:00,13.81,13.90,13.75,13.81,7207000
2018-07-16 20:00:00-04:00,13.74,13.93,13.60,13.90,6165000
2018-07-17 20:00:00-04:00,13.99,14.05,13.78,13.87,9801500
2018-07-18 20:00:00-04:00,13.85,14.04,13.82,13.98,5620000
2018-07-19 20:00:00-04:00,13.99,14.09,13.87,14.06,6916500
2018-07-22 20:00:00-04:00,14.07,14.29,14.01,14.14,7343500
2018-07-23 20:00:00-04:00,14.15,14.19,13.70,13.79,11289500
2018-07-24 20:00:00-04:00,13.78,13.88,13.44,13.76,15025500
2018-07-25 20:00:00-04:00,14.09,14.50,13.87,14.15,15463500
2018-07-26 20:00:00-04:00,14.10,14.10,13.35,13.43,12559000
2018-07-29 20:00:00-04:00,13.45,13.68,13.44,13.63,5130000
2018-07-30 20:00:00-04:00,13.65,13.83,13.57,13.74,4669500
2018-07-31 20:00:00-04:00,13.78,13.79,13.37,13.52,6389500
2018-08-01 20:00:00-04:00,13.48,13.88,13.44,13.85,5885000
2018-08-02 20:00:00-04:00,13.90,14.07,13.78,13.84,8852000
2018-08-05 20:00:00-04:00,13.83,13.96,13.78,13.87,2851500
2018-08-06 20:00:00-04:00,13.85,14.16,13.84,14.08,6589500
2018-08-07 20:00:00-04:00,14.03,14.33,14.00,14.31,7430000
2018-08-08 20:00:00-04:00,14.26,14.41,14.18,14.27,5023000
2018-08-09 20:00:00-04:00,14.18,14.24,14.10,14.16,3658500
2018-08-12 20:00:00-04:00,14.06,14.21,13.88,14.00,5032500
2018-08-13 20:00:00-04:00,14.06,14.40,14.05,14.35,7337500
2018-08-14 20:00:00-04:00,14.28,14.31,14.02,14.16,6728500
2018-08-15 20:00:00-04:00,14.25,14.25,13.96,14.02,4600000
2018-08-16 20:00:00-04:00,14.09,14.21,14.01,14.18,6595000
2018-08-19 20:00:00-04:00,14.23,14.44,14.19,14.33,7228000
2018-08-20 20:00:00-04:00,14.38,14.73,14.29,14.68,8388500
2018-08-21 20:00:00-04:00,14.70,15.35,14.68,15.20,12322000
2018-08-22 20:00:00-04:00,15.14,15.71,15.13,15.65,11774000
2018-08-23 20:00:00-04:00,15.74,15.84,15.56,15.65,7889500
2018-08-26 20:00:00-04:00,15.72,15.72,15.22,15.29,7506000
2018-08-27 20:00:00-04:00,15.33,15.33,15.05,15.19,7613000
2018-08-28 20:00:00-04:00,15.23,15.31,15.13,15.28,5504500
2018-08-29 20:00:00-04:00,15.30,15.36,15.23,15.28,4195000
2018-08-30 20:00:00-04:00,15.30,15.63,15.30,15.60,6019500
2018-09-03 20:00:00-04:00,15.66,16.15,15.52,16.05,10266500
2018-09-04 20:00:00-04:00,16.00,16.24,15.79,15.94,7740500
2018-09-05 20:00:00-04:00,15.91,16.07,15.81,15.89,7448500
2018-09-06 20:00:00-04:00,15.84,16.00,15.78,15.81,9437500
2018-09-09 20:00:00-04:00,15.75,15.94,15.65,15.89,6810500
2018-09-10 20:00:00-04:00,15.87,16.15,15.75,16.03,9091000
2018-09-11 20:00:00-04:00,15.97,16.04,15.62,15.66,9208000
2018-09-12 20:00:00-04:00,15.71,15.80,15.51,15.66,13661500
2018-09-13 20:00:00-04:00,15.69,15.69,15.39,15.45,10249000
2018-09-16 20:00:00-04:00,15.50,15.65,15.29,15.50,9578000
2018-09-17 20:00:00-04:00,15.49,15.76,15.49,15.66,7100500
2018-09-18 20:00:00-04:00,15.64,15.88,15.62,15.75,7258500
2018-09-19 20:00:00-04:00,15.76,15.90,15.63,15.80,5224000
2018-09-20 20:00:00-04:00,15.92,16.02,15.85,15.90,9632500
2018-09-23 20:00:00-04:00,15.89,16.03,15.83,16.00,5784000
2018-09-24 20:00:00-04:00,15.99,16.14,15.91,15.97,5819000
2018-09-25 20:00:00-04:00,15.98,16.25,15.97,16.11,5876000
2018-09-26 20:00:00-04:00,16.09,16.25,16.02,16.10,6146000
2018-09-27 20:00:00-04:00,16.08,16.34,15.99,16.06,6256000
2018-09-30 20:00:00-04:00,16.14,16.24,15.93,15.96,5334500
2018-10-01 20:00:00-04:00,16.01,16.04,15.69,15.69,5269000
2018-10-02 20:00:00-04:00,15.79,15.88,15.67,15.70,5281500
2018-10-03 20:00:00-04:00,15.71,15.79,15.34,15.47,8416500
2018-10-04 20:00:00-04:00,15.48,15.61,15.41,15.49,5385000
2018-10-07 20:00:00-04:00,15.44,15.72,15.28,15.67,5916500
2018-10-08 20:00:00-04:00,15.66,16.01,15.50,15.73,7755000
2018-10-09 20:00:00-04:00,15.69,15.69,14.97,14.99,7034500
2018-10-10 20:00:00-04:00,14.98,15.51,14.91,15.06,11170500
2018-10-11 20:00:00-04:00,15.31,15.53,15.09,15.31,8579000
2018-10-14 20:00:00-04:00,15.30,15.46,15.22,15.30,6035500
2018-10-15 20:00:00-04:00,15.35,15.75,15.26,15.71,5261000
2018-10-16 20:00:00-04:00,15.72,15.73,15.36,15.56,5591000
2018-10-17 20:00:00-04:00,15.49,15.63,15.36,15.49,7368500
2018-10-18 20:00:00-04:00,15.62,15.69,15.30,15.35,9736000
2018-10-21 20:00:00-04:00,15.40,15.59,15.19,15.44,10413000
2018-10-22 20:00:00-04:00,15.26,15.53,15.20,15.46,6799500
2018-10-23 20:00:00-04:00,15.43,15.63,14.79,14.87,10317500
2018-10-24 20:00:00-04:00,14.89,16.22,14.83,15.74,15463500
2018-10-25 20:00:00-04:00,15.87,16.15,15.47,16.05,15340000
2018-10-28 20:00:00-04:00,16.23,16.82,16.22,16.60,9658000
2018-10-29 20:00:00-04:00,16.54,16.79,16.26,16.50,7261500
2018-10-30 20:00:00-04:00,16.64,16.70,16.20,16.24,7504500
2018-10-31 20:00:00-04:00,16.25,16.56,16.06,16.33,7202500
2018-11-01 20:00:00-04:00,16.56,16.69,16.34,16.58,8710000
2018-11-04 19:00:00-05:00,16.56,16.61,16.30,16.58,5163000
2018-11-05 19:00:00-05:00,16.55,16.68,16.41,16.47,8822500
2018-11-06 19:00:00-05:00,16.60,16.96,16.45,16.92,7442000
2018-11-07 19:00:00-05:00,16.92,17.24,16.81,17.07,4805500
2018-11-08 19:00:00-05:00,17.03,17.26,17.01,17.16,6792500
2018-11-11 19:00:00-05:00,17.15,17.26,16.91,17.00,10346500
2018-11-12 19:00:00-05:00,17.00,17.07,16.71,16.92,5662500
2018-11-13 19:00:00-05:00,17.03,17.08,16.56,16.64,8892500
2018-11-14 19:00:00-05:00,16.62,16.80,16.20,16.49,6377500
2018-11-15 19:00:00-05:00,16.40,16.52,16.26,16.37,9249000
2018-11-18 19:00:00-05:00,16.34,16.64,16.28,16.30,4291500
2018-11-19 19:00:00-05:00,15.96,16.08,15.42,15.51,8518000
2018-11-20 19:00:00-05:00,15.58,15.88,15.53,15.73,5927000
2018-11-22 19:00:00-05:00,15.69,15.92,15.67,15.83,3847000
2018-11-25 19:00:00-05:00,15.91,16.01,15.69,15.76,7859000
2018-11-26 19:00:00-05:00,15.76,16.20,15.76,16.09,9202500
2018-11-27 19:00:00-05:00,16.18,16.90,16.09,16.85,7736500
2018-11-28 19:00:00-05:00,16.78,16.96,16.70,16.79,5910500
2018-11-29 19:00:00-05:00,16.83,16.95,16.66,16.87,8169000
2018-12-02 19:00:00-05:00,16.99,17.14,16.62,16.98,7572000
2018-12-03 19:00:00-05:00,17.01,17.15,16.37,16.49,5804500
2018-12-05 19:00:00-05:00,16.26,16.38,15.76,16.38,9153500
2018-12-06 19:00:00-05:00,16.34,16.38,15.70,15.74,7897000
2018-12-09 19:00:00-05:00,15.91,16.07,15.55,15.98,6172500
2018-12-10 19:00:00-05:00,16.15,16.46,15.92,16.02,6237500
2018-12-11 19:00:00-05:00,16.19,16.40,16.05,16.27,4886000
2018-12-12 19:00:00-05:00,16.53,16.60,16.19,16.32,6859000
2018-12-13 19:00:00-05:00,16.13,16.44,15.71,15.82,7456500
2018-12-16 19:00:00-05:00,15.76,15.89,15.31,15.43,7192000
2018-12-17 19:00:00-05:00,15.49,15.76,15.25,15.28,7307000
2018-12-18 19:00:00-05:00,15.36,15.76,15.16,15.25,5120500
2018-12-19 19:00:00-05:00,15.15,15.22,14.47,14.70,8454000
2018-12-20 19:00:00-05:00,14.65,14.89,14.23,14.24,14349000
2018-12-23 19:00:00-05:00,14.18,14.36,13.95,13.96,3147500
2018-12-25 19:00:00-05:00,14.04,14.71,14.04,14.70,5666000
2018-12-26 19:00:00-05:00,14.50,14.84,14.32,14.84,6502000
2018-12-27 19:00:00-05:00,14.89,15.05,14.67,14.75,4522000
2018-12-30 19:00:00-05:00,14.82,14.88,14.68,14.80,5220500
2019-01-01 19:00:00-05:00,14.51,14.90,14.34,14.58,7585500
2019-01-02 19:00:00-05:00,14.55,14.61,14.24,14.31,10809500
2019-01-03 19:00:00-05:00,14.54,14.79,14.35,14.60,10217500
2019-01-06 19:00:00-05:00,14.58,14.99,14.55,14.82,12700500
2019-01-07 19:00:00-05:00,14.92,14.99,14.62,14.81,10014000
2019-01-08 19:00:00-05:00,14.91,15.27,14.91,15.00,6544500
2019-01-09 19:00:00-05:00,14.82,15.02,14.60,15.01,6331000
2019-01-10 19:00:00-05:00,15.00,15.30,14.96,15.13,6023000
2019-01-13 19:00:00-05:00,15.02,15.52,14.99,15.23,12025500
2019-01-14 19:00:00-05:00,15.22,15.51,15.09,15.42,8319000
2019-01-15 19:00:00-05:00,15.41,15.63,15.39,15.45,6461000
2019-01-16 19:00:00-05:00,15.32,15.71,15.20,15.69,6077500
2019-01-17 19:00:00-05:00,15.79,15.98,15.73,15.87,6277000
2019-01-21 19:00:00-05:00,15.80,16.05,15.77,15.85,5847500
2019-01-22 19:00:00-05:00,15.96,15.97,15.61,15.79,5129500
2019-01-23 19:00:00-05:00,15.68,15.77,15.29,15.53,6618500
2019-01-24 19:00:00-05:00,15.67,15.90,15.63,15.89,7451500
2019-01-27 19:00:00-05:00,15.77,15.85,15.61,15.80,5962000
2019-01-28 19:00:00-05:00,15.87,16.00,15.68,15.94,5295000
2019-01-29 19:00:00-05:00,16.00,16.08,15.84,15.89,8871500
2019-01-30 19:00:00-05:00,15.33,15.53,14.65,15.14,15463500
2019-01-31 19:00:00-05:00,15.24,15.69,15.02,15.42,12705500
2019-02-03 19:00:00-05:00,15.41,15.76,15.25,15.76,7207000
2019-02-04 19:00:00-05:00,15.78,15.98,15.70,15.89,7713000
2019-02-05 19:00:00-05:00,15.89,16.16,15.70,16.14,6167500
2019-02-06 19:00:00-05:00,16.07,16.09,15.82,16.09,7866000
2019-02-07 19:00:00-05:00,15.99,16.43,15.95,16.37,9401500
2019-02-10 19:00:00-05:00,16.49,16.81,16.44,16.70,9177500
2019-02-11 19:00:00-05:00,16.76,16.98,16.71,16.94,8196500
2019-02-12 19:00:00-05:00,16.95,17.05,16.76,16.99,8218000
2019-02-13 19:00:00-05:00,16.89,17.08,16.76,16.98,7353000
2019-02-14 19:00:00-05:00,17.06,17.31,16.95,17.30,7288000
2019-02-18 19:00:00-05:00,17.13,17.26,16.91,17.21,6234000
2019-02-19 19:00:00-05:00,17.16,17.38,17.16,17.30,6023500
2019-02-20 19:00:00-05:00,17.28,17.38,17.14,17.20,4359000
2019-02-21 19:00:00-05:00,17.26,17.31,17.00,17.08,6575000
2019-02-24 19:00:00-05:00,17.17,17.21,16.82,16.86,4743500
2019-02-25 19:00:00-05:00,16.80,16.94,16.77,16.86,5228500
2019-02-26 19:00:00-05:00,16.85,17.06,16.78,16.96,5825000
2019-02-27 19:00:00-05:00,16.90,17.05,16.78,16.96,6788000
2019-02-28 19:00:00-05:00,17.05,17.14,16.63,16.89,6448000
2019-03-03 19:00:00-05:00,16.94,17.06,16.52,16.70,7906500
2019-03-04 19:00:00-05:00,16.72,16.89,16.63,16.63,3741500
2019-03-05 19:00:00-05:00,16.69,16.86,16.36,16.40,4610500
2019-03-06 19:00:00-05:00,16.38,16.47,16.29,16.41,4331500
2019-03-07 19:00:00-05:00,16.32,16.43,15.99,16.08,5876500
2019-03-10 20:00:00-04:00,16.17,16.17,15.78,15.92,7251500
2019-03-11 20:00:00-04:00,15.90,16.27,15.90,16.11,5907500
2019-03-12 20:00:00-04:00,16.17,16.35,16.13,16.28,5737500
2019-03-13 20:00:00-04:00,16.26,16.26,16.06,16.08,4753500
2019-03-14 20:00:00-04:00,16.08,16.16,15.87,15.91,10022000
2019-03-17 20:00:00-04:00,15.91,16.02,15.84,15.98,8100000
2019-03-18 20:00:00-04:00,16.07,16.40,16.01,16.22,5245500
2019-03-19 20:00:00-04:00,16.22,16.44,16.14,16.20,7044500
2019-03-20 20:00:00-04:00,16.34,16.82,16.23,16.78,6020500
2019-03-21 20:00:00-04:00,16.71,16.79,16.45,16.49,4480000
2019-03-24 20:00:00-04:00,16.44,16.90,16.44,16.73,4889000
2019-03-25 20:00:00-04:00,16.83,17.02,16.82,16.89,5214500
2019-03-26 20:00:00-04:00,16.89,17.04,16.72,16.87,6173000
2019-03-27 20:00:00-04:00,16.87,17.05,16.87,16.94,5558500
2019-03-28 20:00:00-04:00,17.06,17.54,16.97,17.39,9793000
2019-03-31 20:00:00-04:00,17.46,17.65,17.19,17.34,9895000
2019-04-01 20:00:00-04:00,17.35,17.38,17.20,17.28,5423000
2019-04-02 20:00:00-04:00,17.36,17.64,17.26,17.45,6812000
2019-04-03 20:00:00-04:00,17.45,17.72,17.41,17.72,5619500
2019-04-04 20:00:00-04:00,17.74,18.05,17.73,17.99,8780000
2019-04-07 20:00:00-04:00,17.91,18.13,17.82,18.09,6224000
2019-04-08 20:00:00-04:00,18.03,18.14,17.92,17.95,4676000
2019-04-09 20:00:00-04:00,18.00,18.03,17.79,18.00,4879000
2019-04-10 20:00:00-04:00,18.14,18.32,18.04,18.31,5791500
2019-04-11 20:00:00-04:00,18.37,18.63,18.34,18.55,6430500
2019-04-14 20:00:00-04:00,18.50,18.66,18.39,18.59,7711000
2019-04-15 20:00:00-04:00,18.55,18.82,18.55,18.71,8118000
2019-04-16 20:00:00-04:00,18.79,18.87,18.47,18.48,6239000
2019-04-17 20:00:00-04:00,18.46,18.58,18.22,18.34,7037000
2019-04-21 20:00:00-04:00,18.33,18.36,18.02,18.08,4579000
2019-04-22 20:00:00-04:00,18.18,18.42,18.11,18.35,5918000
2019-04-23 20:00:00-04:00,18.39,18.69,18.37,18.51,7492500
2019-04-24 20:00:00-04:00,18.64,19.21,18.49,18.69,15463500
2019-04-25 20:00:00-04:00,18.70,18.80,18.24,18.70,9300500
2019-04-28 20:00:00-04:00,18.72,18.83,18.49,18.62,5965000
2019-04-29 20:00:00-04:00,18.54,18.61,18.24,18.41,6919500
2019-04-30 20:00:00-04:00,18.43,18.47,17.90,17.96,4551500
2019-05-01 20:00:00-04:00,17.96,18.33,17.91,18.33,7348000
2019-05-02 20:00:00-04:00,18.36,18.64,18.32,18.48,7866000
2019-05-05 20:00:00-04:00,18.18,18.41,18.11,18.34,4463500
2019-05-06 20:00:00-04:00,18.14,18.19,17.78,17.90,5535000
2019-05-07 20:00:00-04:00,17.85,18.21,17.70,18.05,6628500
2019-05-08 20:00:00-04:00,17.95,18.30,17.79,18.23,5824500
2019-05-09 20:00:00-04:00,18.16,18.33,17.97,18.27,7538500
2019-05-12 20:00:00-04:00,17.96,18.08,17.54,17.66,7200000
2019-05-13 20:00:00-04:00,17.72,17.96,17.55,17.91,6020500
2019-05-14 20:00:00-04:00,17.75,17.79,17.45,17.66,7250000
2019-05-15 20:00:00-04:00,17.79,18.09,17.69,17.97,5426000
2019-05-16 20:00:00-04:00,17.89,18.11,17.83,17.91,5350500
2019-05-19 20:00:00-04:00,17.78,18.04,17.71,18.01,7195000
2019-05-20 20:00:00-04:00,18.08,18.53,18.06,18.42,5500500
2019-05-21 20:00:00-04:00,18.29,18.43,18.21,18.30,5280000
2019-05-22 20:00:00-04:00,18.13,18.34,17.98,18.15,5968000
2019-05-23 20:00:00-04:00,18.21,18.30,17.94,18.05,6027500
2019-05-27 20:00:00-04:00,18.09,18.36,17.88,17.89,7346500
2019-05-28 20:00:00-04:00,17.78,17.88,17.53,17.72,5982500
2019-05-29 20:00:00-04:00,17.78,18.01,17.78,17.99,3039000
2019-05-30 20:00:00-04:00,17.79,18.04,17.59,17.99,6141500
2019-06-02 20:00:00-04:00,17.98,18.21,17.87,18.07,5183500
2019-06-03 20:00:00-04:00,18.25,18.60,18.25,18.59,5594000
2019-06-04 20:00:00-04:00,18.74,18.84,18.49,18.69,5042500
2019-06-05 20:00:00-04:00,18.74,19.26,18.67,19.15,7098500
2019-06-06 20:00:00-04:00,19.21,19.58,19.17,19.38,5455500
2019-06-09 20:00:00-04:00,19.55,19.58,19.10,19.12,5306000
2019-06-10 20:00:00-04:00,19.22,19.29,19.00,19.16,5263500
2019-06-11 20:00:00-04:00,19.19,19.34,19.04,19.15,3579000
2019-06-12 20:00:00-04:00,19.28,19.45,19.19,19.31,3727500
2019-06-13 20:00:00-04:00,19.32,19.39,18.92,18.95,8430000
2019-06-16 20:00:00-04:00,18.87,18.90,18.39,18.59,6606500
2019-06-17 20:00:00-04:00,18.70,18.87,18.55,18.76,4595000
2019-06-18 20:00:00-04:00,18.58,19.06,18.58,18.96,6008000
2019-06-19 20:00:00-04:00,19.02,19.15,18.79,19.06,5157500
2019-06-20 20:00:00-04:00,19.09,19.13,18.88,19.06,5305500
2019-06-23 20:00:00-04:00,19.22,19.27,19.03,19.07,4198500
2019-06-24 20:00:00-04:00,19.09,19.18,18.92,19.03,4290000
2019-06-25 20:00:00-04:00,19.07,19.26,19.00,19.05,4075500
2019-06-26 20:00:00-04:00,19.06,19.41,18.92,19.31,5864500
2019-06-27 20:00:00-04:00,19.37,19.49,19.22,19.42,5664000
2019-06-30 20:00:00-04:00,19.62,20.06,19.53,19.74,4873500
2019-07-01 20:00:00-04:00,19.77,19.88,19.63,19.73,5274000
2019-07-02 20:00:00-04:00,19.53,19.64,19.35,19.64,4854500
2019-07-04 20:00:00-04:00,19.54,19.77,19.46,19.72,4063000
2019-07-07 20:00:00-04:00,19.64,19.79,19.64,19.70,3333000
2019-07-08 20:00:00-04:00,19.69,19.82,19.52,19.65,4067500
2019-07-09 20:00:00-04:00,19.69,19.69,19.33,19.51,3807500
2019-07-10 20:00:00-04:00,19.75,19.86,19.56,19.73,5836000
2019-07-11 20:00:00-04:00,19.84,20.27,19.80,20.17,4477500
2019-07-14 20:00:00-04:00,20.16,20.20,19.76,19.90,4167500
2019-07-15 20:00:00-04:00,20.17,20.21,20.02,20.05,4881000
2019-07-16 20:00:00-04:00,20.02,20.02,19.81,19.83,4344500
2019-07-17 20:00:00-04:00,19.82,20.11,19.64,20.03,6930000
2019-07-18 20:00:00-04:00,20.15,20.39,19.95,20.08,6369000
2019-07-21 20:00:00-04:00,20.11,20.38,20.00,20.13,5750500
2019-07-22 20:00:00-04:00,20.17,20.20,19.60,19.88,7272000
2019-07-23 20:00:00-04:00,19.85,20.17,19.80,20.08,7005000
2019-07-24 20:00:00-04:00,18.74,19.96,18.74,19.90,14097000
2019-07-25 20:00:00-04:00,20.00,20.05,19.53,19.63,7279500
2019-07-28 20:00:00-04:00,19.61,19.80,19.49,19.72,5487000
2019-07-29 20:00:00-04:00,19.62,19.75,19.45,19.50,4077500
2019-07-30 20:00:00-04:00,19.47,19.71,19.27,19.42,6436000
2019-07-31 20:00:00-04:00,19.46,19.61,19.02,19.27,6771000
2019-08-01 20:00:00-04:00,19.22,19.30,19.02,19.11,5334500
2019-08-04 20:00:00-04:00,18.85,18.87,18.20,18.34,7602500
2019-08-05 20:00:00-04:00,18.42,18.91,18.33,18.87,5701500
2019-08-06 20:00:00-04:00,18.66,18.93,18.51,18.86,4632000
2019-08-07 20:00:00-04:00,18.91,19.55,18.87,19.47,5464000
2019-08-08 20:00:00-04:00,19.37,19.71,19.18,19.20,4661500
2019-08-11 20:00:00-04:00,19.07,19.07,18.23,18.30,7461000
2019-08-12 20:00:00-04:00,18.36,18.93,18.08,18.61,6216000
2019-08-13 20:00:00-04:00,18.24,18.37,17.81,17.82,6207500
2019-08-14 20:00:00-04:00,17.85,17.99,17.60,17.74,6857500
2019-08-15 20:00:00-04:00,17.87,18.07,17.80,17.95,5393000
2019-08-18 20:00:00-04:00,18.16,18.23,17.79,18.07,6875500
2019-08-19 20:00:00-04:00,18.01,18.27,17.94,18.01,4329500
2019-08-20 20:00:00-04:00,18.20,18.34,18.06,18.09,4575000
2019-08-21 20:00:00-04:00,18.11,18.27,17.96,18.11,4210000
2019-08-22 20:00:00-04:00,17.93,17.93,17.18,17.35,10138500
2019-08-25 20:00:00-04:00,17.48,17.72,17.38,17.71,5618000
2019-08-26 20:00:00-04:00,17.78,17.89,17.72,17.80,6354500
2019-08-27 20:00:00-04:00,17.73,18.36,17.70,18.31,6986500
2019-08-28 20:00:00-04:00,18.55,18.72,18.42,18.65,5000500
2019-08-29 20:00:00-04:00,18.89,18.90,18.16,18.25,4802000
2019-09-02 20:00:00-04:00,18.04,18.27,17.78,17.95,6439500
2019-09-03 20:00:00-04:00,18.02,18.09,17.76,17.97,5622500
2019-09-04 20:00:00-04:00,18.17,18.52,18.03,18.45,7330500
2019-09-05 20:00:00-04:00,18.58,18.81,18.51,18.55,10181500
2019-09-08 20:00:00-04:00,18.60,18.69,18.25,18.37,8780000
2019-09-09 20:00:00-04:00,18.35,19.06,18.23,19.06,6313500
2019-09-10 20:00:00-04:00,19.00,19.01,18.55,18.60,4911000
2019-09-11 20:00:00-04:00,18.70,18.72,17.69,17.79,10580000
2019-09-12 20:00:00-04:00,17.92,17.95,17.36,17.39,11228500
2019-09-15 20:00:00-04:00,17.34,17.54,17.08,17.13,8046500
2019-09-16 20:00:00-04:00,17.13,17.42,16.95,17.23,6268000
2019-09-17 20:00:00-04:00,17.20,17.32,16.57,16.76,11174000
2019-09-18 20:00:00-04:00,16.78,16.81,16.44,16.49,8723000
2019-09-19 20:00:00-04:00,16.36,16.57,16.17,16.19,10870000
2019-09-22 20:00:00-04:00,16.14,16.74,16.14,16.51,7367000
2019-09-23 20:00:00-04:00,16.45,16.64,16.28,16.37,4640500
2019-09-24 20:00:00-04:00,16.37,16.43,16.09,16.23,5756000
2019-09-25 20:00:00-04:00,16.09,16.21,15.84,15.93,8983500
2019-09-26 20:00:00-04:00,16.05,16.12,15.88,15.94,6878500
2019-09-29 20:00:00-04:00,16.00,16.30,16.00,16.20,8801500
2019-09-30 20:00:00-04:00,16.45,16.48,15.97,16.09,7281000
2019-10-01 20:00:00-04:00,16.15,16.31,15.95,16.22,13567000
2019-10-02 20:00:00-04:00,16.25,16.71,16.17,16.69,14012500
2019-10-03 20:00:00-04:00,16.66,16.90,16.57,16.68,6767000
2019-10-06 20:00:00-04:00,16.67,16.83,16.46,16.49,8483000
2019-10-07 20:00:00-04:00,16.53,16.76,16.24,16.49,11439500
2019-10-08 20:00:00-04:00,16.55,16.83,16.55,16.66,6225000
2019-10-09 20:00:00-04:00,16.58,16.75,16.56,16.68,5408500
2019-10-10 20:00:00-04:00,16.89,17.07,16.75,16.89,8721500
2019-10-13 20:00:00-04:00,16.85,16.93,16.63,16.79,3592000
2019-10-14 20:00:00-04:00,16.71,16.85,16.60,16.80,5507000
2019-10-15 20:00:00-04:00,16.79,16.97,16.73,16.74,6225500
2019-10-16 20:00:00-04:00,16.86,16.89,16.60,16.64,7461500
2019-10-17 20:00:00-04:00,16.55,16.82,16.50,16.72,11071500
2019-10-20 20:00:00-04:00,16.84,16.84,16.52,16.56,7390000
2019-10-21 20:00:00-04:00,16.56,16.95,16.48,16.86,5917500
2019-10-22 20:00:00-04:00,16.84,17.07,16.69,17.04,13878000
2019-10-23 20:00:00-04:00,17.55,17.71,17.00,17.55,15463500
2019-10-24 20:00:00-04:00,17.38,17.50,17.12,17.28,9554500
2019-10-27 20:00:00-04:00,17.37,17.49,17.11,17.14,4977500
2019-10-28 20:00:00-04:00,17.06,17.11,16.82,17.10,7166500
2019-10-29 20:00:00-04:00,17.07,17.40,17.06,17.38,5564500
2019-10-30 20:00:00-04:00,17.32,17.33,16.92,17.02,5840000
2019-10-31 20:00:00-04:00,17.14,17.18,17.04,17.16,4129000
2019-11-03 19:00:00-05:00,17.23,17.45,17.17,17.30,5762500
2019-11-04 19:00:00-05:00,17.37,17.59,17.29,17.48,4840000
2019-11-05 19:00:00-05:00,17.44,17.48,17.03,17.18,4973000
2019-11-06 19:00:00-05:00,17.20,17.38,16.97,17.00,5413000
2019-11-07 19:00:00-05:00,16.97,17.05,16.84,16.98,3983000
2019-11-10 19:00:00-05:00,16.97,17.29,16.89,17.28,4285000
2019-11-11 19:00:00-05:00,17.22,17.32,17.04,17.31,4437000
2019-11-12 19:00:00-05:00,17.23,17.57,17.05,17.36,5159500
2019-11-13 19:00:00-05:00,17.38,17.60,17.05,17.48,4282500
2019-11-14 19:00:00-05:00,17.46,17.68,17.46,17.64,6713000
2019-11-17 19:00:00-05:00,17.61,17.73,17.31,17.52,5276500
2019-11-18 19:00:00-05:00,17.49,17.51,17.26,17.29,6376000
2019-11-19 19:00:00-05:00,17.29,17.37,17.09,17.35,4556500
2019-11-20 19:00:00-05:00,17.33,17.55,17.30,17.34,6013000
2019-11-21 19:00:00-05:00,17.38,17.50,17.29,17.48,4554500
2019-11-24 19:00:00-05:00,17.60,17.66,17.16,17.21,10006500
2019-11-25 19:00:00-05:00,17.17,17.49,17.13,17.24,8500500
2019-11-26 19:00:00-05:00,17.26,17.31,17.09,17.17,2855500
2019-11-28 19:00:00-05:00,17.13,17.16,16.94,16.98,3898500
2019-12-01 19:00:00-05:00,17.06,17.29,16.99,17.22,6205000
2019-12-02 19:00:00-05:00,17.01,17.23,16.82,17.02,5706000
2019-12-03 19:00:00-05:00,17.06,17.36,17.06,17.21,4206500
2019-12-04 19:00:00-05:00,17.35,17.72,17.31,17.34,6030000
2019-12-05 19:00:00-05:00,17.54,17.67,17.29,17.53,4718000
2019-12-08 19:00:00-05:00,17.45,17.86,17.45,17.53,6491000
2019-12-09 19:00:00-05:00,17.63,17.66,17.45,17.47,4243000
2019-12-10 19:00:00-05:00,17.46,17.61,17.37,17.44,3302000
2019-12-11 19:00:00-05:00,17.44,17.73,17.36,17.67,4780500
2019-12-12 19:00:00-05:00,17.66,17.70,17.06,17.07,5475000
2019-12-15 19:00:00-05:00,17.12,17.19,16.83,16.85,6930000
2019-12-16 19:00:00-05:00,16.80,16.98,16.73,16.80,10079500
2019-12-17 19:00:00-05:00,16.89,16.91,16.54,16.74,6709000
2019-12-18 19:00:00-05:00,16.63,16.71,16.48,16.50,6499000
2019-12-19 19:00:00-05:00,16.63,16.78,16.47,16.57,12674500
2019-12-22 19:00:00-05:00,16.60,16.73,16.51,16.56,4270500
2019-12-23 19:00:00-05:00,16.60,16.89,16.59,16.82,2054000
2019-12-25 19:00:00-05:00,16.84,16.91,16.57,16.63,5615500
2019-12-26 19:00:00-05:00,16.73,16.83,16.57,16.59,5731000
2019-12-29 19:00:00-05:00,16.60,16.80,16.52,16.70,6072500
2019-12-30 19:00:00-05:00,16.67,16.86,16.63,16.80,4470500
2020-01-01 19:00:00-05:00,16.84,16.91,16.62,16.74,5344500
2020-01-02 19:00:00-05:00,16.65,16.70,16.50,16.53,7636500
2020-01-05 19:00:00-05:00,16.38,16.48,16.21,16.48,6967000
2020-01-06 19:00:00-05:00,16.32,16.47,15.87,16.18,13608500
2020-01-07 19:00:00-05:00,16.18,16.57,16.18,16.49,7247500
2020-01-08 19:00:00-05:00,16.45,16.53,16.27,16.32,5583000
2020-01-09 19:00:00-05:00,16.36,16.49,16.27,16.41,6725000
2020-01-12 19:00:00-05:00,16.38,16.38,16.21,16.25,4850000
2020-01-13 19:00:00-05:00,16.24,16.43,16.16,16.21,6562500
2020-01-14 19:00:00-05:00,16.16,16.37,16.15,16.25,6624500
2020-01-15 19:00:00-05:00,16.35,16.55,16.28,16.38,5884000
2020-01-16 19:00:00-05:00,16.38,16.70,16.29,16.68,6853500
2020-01-20 19:00:00-05:00,16.82,17.08,16.79,16.83,10882000
2020-01-21 19:00:00-05:00,16.87,16.89,16.67,16.70,4989000
2020-01-22 19:00:00-05:00,16.60,16.84,16.44,16.84,5414000
2020-01-23 19:00:00-05:00,16.82,16.93,16.69,16.82,9678000
2020-01-26 19:00:00-05:00,16.59,16.95,16.56,16.90,7310000
2020-01-27 19:00:00-05:00,16.89,17.31,16.85,17.08,13223500
2020-01-28 19:00:00-05:00,17.09,17.30,17.04,17.08,10649500
2020-01-29 19:00:00-05:00,15.96,17.32,15.82,16.87,15463500
2020-01-30 19:00:00-05:00,17.06,17.26,16.28,16.71,14004500
2020-02-02 19:00:00-05:00,16.89,17.26,16.89,16.97,11318000
2020-02-03 19:00:00-05:00,17.13,17.33,16.35,16.38,13118500
2020-02-04 19:00:00-05:00,16.54,16.89,16.47,16.89,10473000
2020-02-05 19:00:00-05:00,17.05,17.40,16.92,17.36,8327500
2020-02-06 19:00:00-05:00,17.24,17.37,17.15,17.36,5053500
2020-02-09 19:00:00-05:00,17.29,17.82,17.29,17.53,10564500
2020-02-10 19:00:00-05:00,17.59,17.59,17.29,17.54,6124000
2020-02-11 19:00:00-05:00,17.55,17.82,17.52,17.71,4539000
2020-02-12 19:00:00-05:00,17.68,17.74,17.50,17.66,4753500
2020-02-13 19:00:00-05:00,17.63,17.73,17.54,17.65,3378500
2020-02-17 19:00:00-05:00,17.72,17.80,17.44,17.59,3844500
2020-02-18 19:00:00-05:00,17.69,17.91,17.62,17.73,4408500
2020-02-19 19:00:00-05:00,17.68,17.83,17.42,17.80,4895500
2020-02-20 19:00:00-05:00,17.73,18.07,17.71,18.00,6748000
2020-02-23 19:00:00-05:00,17.65,17.86,17.38,17.40,7817500
2020-02-24 19:00:00-05:00,17.49,17.63,16.76,16.81,6678000
2020-02-25 19:00:00-05:00,16.91,17.23,16.50,16.51,6923500
2020-02-26 19:00:00-05:00,16.31,17.02,16.01,16.31,9707000
2020-02-27 19:00:00-05:00,15.92,16.28,15.63,15.97,15463500
2020-03-01 19:00:00-05:00,15.97,16.51,15.82,16.50,8299000
2020-03-02 19:00:00-05:00,16.43,17.10,16.38,16.80,11624000
2020-03-03 19:00:00-05:00,17.05,17.39,16.79,17.38,8056000
2020-03-04 19:00:00-05:00,17.06,17.30,16.68,16.90,5896000
2020-03-05 19:00:00-05:00,16.58,16.75,16.15,16.50,8805000
2020-03-08 20:00:00-04:00,15.61,15.63,13.98,14.58,15463500
2020-03-09 20:00:00-04:00,15.03,15.72,14.50,15.69,13034500
2020-03-10 20:00:00-04:00,15.05,15.35,14.79,15.03,12199500
2020-03-11 20:00:00-04:00,13.90,14.77,12.95,13.80,14646000
2020-03-12 20:00:00-04:00,14.43,14.65,12.83,13.75,11998500
2020-03-15 20:00:00-04:00,12.75,13.48,12.06,12.15,11226500
2020-03-16 20:00:00-04:00,12.39,12.82,11.53,12.73,15463500
2020-03-17 20:00:00-04:00,12.07,13.16,11.58,13.08,10950000
2020-03-18 20:00:00-04:00,12.96,14.48,12.90,13.78,11455000
2020-03-19 20:00:00-04:00,13.68,14.34,13.45,13.69,12236500
2020-03-22 20:00:00-04:00,13.78,14.41,13.50,14.08,10288500
2020-03-23 20:00:00-04:00,14.55,15.27,14.19,14.44,10060000
2020-03-24 20:00:00-04:00,14.45,14.93,13.68,13.88,8243000
2020-03-25 20:00:00-04:00,14.02,15.13,14.02,15.06,7648000
2020-03-26 20:00:00-04:00,14.97,15.47,14.87,14.99,7892000
2020-03-29 20:00:00-04:00,15.17,15.61,14.82,15.43,6174000
2020-03-30 20:00:00-04:00,15.30,15.66,15.17,15.25,8319500
2020-03-31 20:00:00-04:00,14.92,15.74,14.61,15.15,8763500
2020-04-01 20:00:00-04:00,14.98,15.64,14.84,15.18,7685000
2020-04-02 20:00:00-04:00,15.12,15.32,14.29,14.34,7358500
2020-04-05 20:00:00-04:00,14.90,15.94,14.80,15.87,12578500
2020-04-06 20:00:00-04:00,16.24,16.37,15.46,15.60,14674000
2020-04-07 20:00:00-04:00,15.72,16.46,15.37,16.36,12161000
2020-04-08 20:00:00-04:00,16.65,16.65,15.85,15.92,9934000
2020-04-12 20:00:00-04:00,15.90,16.22,15.59,16.18,7087500
2020-04-13 20:00:00-04:00,16.16,16.88,16.14,16.77,6805500
2020-04-14 20:00:00-04:00,16.02,16.59,15.93,16.37,6705500
2020-04-15 20:00:00-04:00,16.59,16.62,16.18,16.45,6777000
2020-04-16 20:00:00-04:00,16.80,16.96,16.31,16.73,6556000
2020-04-19 20:00:00-04:00,16.49,17.02,16.32,16.86,7909000
2020-04-20 20:00:00-04:00,16.50,17.04,16.49,16.80,7559500
2020-04-21 20:00:00-04:00,16.98,17.39,16.71,17.22,10274500
2020-04-22 20:00:00-04:00,17.21,17.55,16.80,17.15,11874500
2020-04-23 20:00:00-04:00,17.50,18.40,17.33,18.40,15463500
2020-04-26 20:00:00-04:00,18.61,18.94,18.29,18.60,10810000
2020-04-27 20:00:00-04:00,18.90,18.94,18.54,18.57,8876500
2020-04-28 20:00:00-04:00,18.58,18.78,18.21,18.24,8831500
2020-04-29 20:00:00-04:00,18.04,18.40,17.87,18.30,6966000
2020-04-30 20:00:00-04:00,17.98,18.49,17.96,18.42,5279500
2020-05-03 20:00:00-04:00,18.43,18.67,18.33,18.48,4447500
2020-05-04 20:00:00-04:00,18.71,19.02,18.65,18.96,9781000
2020-05-05 20:00:00-04:00,19.14,19.16,18.91,18.95,4983000
2020-05-06 20:00:00-04:00,19.13,19.39,18.94,18.97,5725000
2020-05-07 20:00:00-04:00,19.22,19.45,19.03,19.34,4665500
2020-05-10 20:00:00-04:00,19.34,19.81,19.18,19.68,6298000
2020-05-11 20:00:00-04:00,19.81,19.86,19.43,19.44,4962000
2020-05-12 20:00:00-04:00,19.37,19.56,18.93,19.21,7816000
2020-05-13 20:00:00-04:00,19.08,19.30,18.92,19.27,5780000
2020-05-14 20:00:00-04:00,19.32,20.20,19.26,20.16,15463500
2020-05-17 20:00:00-04:00,20.38,20.55,19.72,19.80,8730500
2020-05-18 20:00:00-04:00,19.70,20.13,19.36,19.68,7796500
2020-05-19 20:00:00-04:00,19.79,19.96,19.31,19.45,7782000
2020-05-20 20:00:00-04:00,19.54,19.74,19.41,19.66,5600500
2020-05-21 20:00:00-04:00,19.85,20.28,19.72,20.24,6918500
2020-05-25 20:00:00-04:00,20.48,20.52,20.07,20.13,7386000
2020-05-26 20:00:00-04:00,20.96,21.78,20.39,21.68,15463500
2020-05-27 20:00:00-04:00,21.84,22.04,21.40,21.53,11292500
2020-05-28 20:00:00-04:00,21.52,22.17,21.42,22.08,12767000
2020-05-31 20:00:00-04:00,22.09,22.52,22.09,22.20,7817500
2020-06-01 20:00:00-04:00,21.95,22.43,21.92,22.40,6455500
2020-06-02 20:00:00-04:00,22.44,22.44,21.94,22.24,7131500
2020-06-03 20:00:00-04:00,22.22,22.47,21.86,22.15,8005000
2020-06-04 20:00:00-04:00,22.44,22.48,21.87,22.10,7780500
2020-06-07 20:00:00-04:00,21.77,22.12,21.63,22.12,7087500
2020-06-08 20:00:00-04:00,22.08,22.27,21.95,22.16,4937500
2020-06-09 20:00:00-04:00,22.33,22.46,21.83,21.95,3960000
2020-06-10 20:00:00-04:00,21.77,22.32,21.47,21.58,7411000
2020-06-11 20:00:00-04:00,21.76,22.05,21.20,21.44,4685000
2020-06-14 20:00:00-04:00,21.12,22.09,21.02,21.98,6332000
2020-06-15 20:00:00-04:00,22.24,22.44,21.89,22.41,6058500
2020-06-16 20:00:00-04:00,22.56,22.80,22.44,22.59,6004500
2020-06-17 20:00:00-04:00,22.62,22.82,22.48,22.74,5730500
2020-06-18 20:00:00-04:00,23.09,23.24,22.41,23.11,12680000
2020-06-21 20:00:00-04:00,22.94,23.67,22.85,23.55,6168500
2020-06-22 20:00:00-04:00,23.57,23.87,23.35,23.39,8975500
2020-06-23 20:00:00-04:00,22.93,23.84,22.93,23.77,8523500
2020-06-24 20:00:00-04:00,23.79,23.79,23.28,23.68,4156000
2020-06-25 20:00:00-04:00,23.71,23.95,23.35,23.53,8234000
2020-06-28 20:00:00-04:00,23.53,24.02,23.43,23.82,5359000
2020-06-29 20:00:00-04:00,23.97,24.03,23.60,23.85,4895000
2020-06-30 20:00:00-04:00,23.92,24.15,23.65,24.01,4525500
2020-07-01 20:00:00-04:00,24.31,24.42,23.87,23.97,3605000
2020-07-05 20:00:00-04:00,24.30,24.34,24.06,24.21,2942000
2020-07-06 20:00:00-04:00,24.10,24.51,24.05,24.29,4117000
2020-07-07 20:00:00-04:00,24.28,24.56,24.06,24.54,3673000
2020-07-08 20:00:00-04:00,24.71,24.99,24.46,24.92,4882500
2020-07-09 20:00:00-04:00,24.92,25.09,24.61,25.05,3257000
2020-07-12 20:00:00-04:00,25.21,25.52,24.47,24.54,4289000
2020-07-13 20:00:00-04:00,24.54,25.29,24.36,25.28,4605500
2020-07-14 20:00:00-04:00,25.61,25.67,25.04,25.19,7059500
2020-07-15 20:00:00-04:00,25.17,25.81,25.17,25.73,7691000
2020-07-16 20:00:00-04:00,25.98,26.01,25.38,25.48,6628000
2020-07-19 20:00:00-04:00,25.70,26.36,25.54,26.19,6872500
2020-07-20 20:00:00-04:00,26.08,26.24,25.35,26.07,8844500
2020-07-21 20:00:00-04:00,26.14,26.50,26.07,26.42,8418000
2020-07-22 20:00:00-04:00,27.63,27.96,26.11,26.42,15463500
2020-07-23 20:00:00-04:00,25.95,26.56,25.68,26.52,8314000
2020-07-26 20:00:00-04:00,26.76,26.77,25.79,25.88,8091500
2020-07-27 20:00:00-04:00,25.84,26.16,25.66,25.89,6600500
2020-07-28 20:00:00-04:00,26.05,26.52,26.01,26.33,7480500
2020-07-29 20:00:00-04:00,26.06,26.25,25.85,25.96,4378500
2020-07-30 20:00:00-04:00,26.19,26.19,25.49,25.83,7330000
2020-08-02 20:00:00-04:00,26.02,26.82,25.96,26.68,9556500
2020-08-03 20:00:00-04:00,26.57,26.91,26.42,26.83,5471500
2020-08-04 20:00:00-04:00,26.86,26.93,26.34,26.65,5120500
2020-08-05 20:00:00-04:00,26.74,26.92,26.46,26.81,5181500
2020-08-06 20:00:00-04:00,26.76,27.13,26.72,26.80,4961500
2020-08-09 20:00:00-04:00,26.84,26.85,26.46,26.63,3676500
2020-08-10 20:00:00-04:00,26.79,26.84,26.03,26.26,5878500
2020-08-11 20:00:00-04:00,26.42,27.00,26.20,26.98,7740000
2020-08-12 20:00:00-04:00,26.89,27.16,26.74,26.92,4900500
2020-08-13 20:00:00-04:00,26.82,27.18,26.72,26.90,3799000
2020-08-16 20:00:00-04:00,26.96,27.81,26.93,27.80,5251000
2020-08-17 20:00:00-04:00,27.94,28.10,27.37,27.70,4457000
2020-08-18 20:00:00-04:00,27.69,27.92,27.59,27.86,4913500
2020-08-19 20:00:00-04:00,27.67,27.96,27.49,27.57,5620500
2020-08-20 20:00:00-04:00,27.70,28.16,27.58,27.82,7192500
2020-08-23 20:00:00-04:00,28.07,28.07,27.56,27.86,4852000
2020-08-24 20:00:00-04:00,27.91,27.94,27.59,27.81,7895500
2020-08-25 20:00:00-04:00,27.80,28.11,27.59,28.06,5556500
2020-08-26 20:00:00-04:00,28.07,28.23,27.13,27.41,6775500
2020-08-27 20:00:00-04:00,27.36,27.45,26.59,26.66,7209000
2020-08-30 20:00:00-04:00,26.68,27.07,26.37,27.01,11241000
2020-08-31 20:00:00-04:00,26.97,27.54,26.91,27.04,7040500
2020-09-01 20:00:00-04:00,27.11,27.34,26.69,27.15,5879500
2020-09-02 20:00:00-04:00,26.79,26.94,26.06,26.42,7688500
2020-09-03 20:00:00-04:00,26.42,26.58,25.54,25.78,6825500
2020-09-07 20:00:00-04:00,25.38,25.68,24.68,24.82,7970500
2020-09-08 20:00:00-04:00,25.14,25.79,25.10,25.69,5386000
2020-09-09 20:00:00-04:00,25.69,25.91,24.95,25.01,5645500
2020-09-10 20:00:00-04:00,25.13,25.42,24.88,24.98,4249500
2020-09-13 20:00:00-04:00,25.21,25.45,25.07,25.07,4750500
2020-09-14 20:00:00-04:00,25.20,25.67,25.17,25.57,5251000
2020-09-15 20:00:00-04:00,25.65,25.69,25.04,25.09,4592000
2020-09-16 20:00:00-04:00,24.78,25.26,24.68,25.07,4203500
2020-09-17 20:00:00-04:00,25.13,25.49,24.78,25.06,7675500
2020-09-20 20:00:00-04:00,24.95,25.31,24.78,24.96,5399000
2020-09-21 20:00:00-04:00,25.03,25.72,24.83,25.70,5319000
2020-09-22 20:00:00-04:00,25.71,26.05,25.27,25.39,5525000
2020-09-23 20:00:00-04:00,25.23,25.51,25.04,25.09,4141000
2020-09-24 20:00:00-04:00,25.11,25.33,24.81,25.26,8514000
2020-09-27 20:00:00-04:00,25.51,25.77,25.30,25.77,4824500
2020-09-28 20:00:00-04:00,25.75,25.94,25.55,25.58,4753000
2020-09-29 20:00:00-04:00,25.70,26.28,25.60,26.01,7758000
2020-09-30 20:00:00-04:00,26.08,26.28,25.68,25.78,6929500
2020-10-01 20:00:00-04:00,25.52,25.83,25.43,25.52,4626000
2020-10-04 20:00:00-04:00,25.68,26.23,25.62,26.20,4867500
2020-10-05 20:00:00-04:00,26.19,26.31,25.61,25.73,4955000
2020-10-06 20:00:00-04:00,25.81,26.75,25.81,26.46,6472500
2020-10-07 20:00:00-04:00,26.52,27.17,26.35,27.08,5124000
2020-10-08 20:00:00-04:00,27.24,27.62,26.98,27.21,4502500
2020-10-11 20:00:00-04:00,27.49,27.75,27.26,27.39,7032500
2020-10-12 20:00:00-04:00,27.29,27.83,27.29,27.75,5656500
2020-10-13 20:00:00-04:00,27.79,28.50,27.36,27.56,7354500
2020-10-14 20:00:00-04:00,27.38,27.92,27.30,27.60,5751500
2020-10-15 20:00:00-04:00,27.66,27.99,27.51,27.78,11402500
2020-10-18 20:00:00-04:00,27.99,28.13,27.33,27.40,6112500
2020-10-19 20:00:00-04:00,27.52,27.67,27.00,27.17,5797500
2020-10-20 20:00:00-04:00,27.25,27.44,26.95,27.06,6215000
2020-10-21 20:00:00-04:00,25.78,25.83,24.70,24.86,15463500
2020-10-22 20:00:00-04:00,24.98,25.46,24.73,25.37,9742000
2020-10-25 20:00:00-04:00,25.21,25.36,24.34,24.65,8191500
2020-10-26 20:00:00-04:00,24.79,24.98,24.34,24.35,6728000
2020-10-27 20:00:00-04:00,24.03,24.66,23.81,24.06,6403500
2020-10-28 20:00:00-04:00,24.06,24.34,23.76,24.14,6328000
2020-10-29 20:00:00-04:00,24.07,24.25,23.77,24.17,6968500
2020-11-01 19:00:00-05:00,24.43,24.65,23.87,24.21,6605500
2020-11-02 19:00:00-05:00,24.50,24.93,24.41,24.68,6252500
2020-11-03 19:00:00-05:00,24.96,25.12,24.56,24.65,7542500
2020-11-04 19:00:00-05:00,24.85,25.46,24.74,25.22,6350000
2020-11-05 19:00:00-05:00,25.21,25.56,24.89,25.49,4240000
2020-11-08 19:00:00-05:00,24.58,24.86,23.51,23.52,11130000
2020-11-09 19:00:00-05:00,23.27,23.65,23.19,23.56,9858500
2020-11-10 19:00:00-05:00,23.90,24.29,23.85,24.14,4771000
2020-11-11 19:00:00-05:00,24.12,24.24,23.41,23.74,5707000
2020-11-12 19:00:00-05:00,23.86,24.15,23.63,23.95,5013000
2020-11-15 19:00:00-05:00,23.95,24.16,23.77,24.10,9590500
2020-11-16 19:00:00-05:00,23.97,24.35,23.79,23.90,7297000
2020-11-17 19:00:00-05:00,23.95,24.06,23.25,23.30,7430500
2020-11-18 19:00:00-05:00,23.31,23.92,23.23,23.82,6240500
2020-11-19 19:00:00-05:00,23.67,23.92,23.38,23.61,6622500
2020-11-22 19:00:00-05:00,23.71,24.56,23.70,24.37,9566500
2020-11-23 19:00:00-05:00,24.60,24.71,24.23,24.39,8477000
2020-11-24 19:00:00-05:00,24.37,24.50,24.06,24.37,6155000
2020-11-26 19:00:00-05:00,24.57,25.40,24.45,25.37,5583000
2020-11-29 19:00:00-05:00,25.27,25.73,25.03,25.63,14473000
2020-11-30 19:00:00-05:00,25.64,26.14,25.24,25.42,6746500
2020-12-01 19:00:00-05:00,25.42,25.47,24.88,24.90,5030000
2020-12-02 19:00:00-05:00,24.80,24.97,24.32,24.54,5263000
2020-12-03 19:00:00-05:00,24.69,24.77,24.33,24.46,5266500
2020-12-06 19:00:00-05:00,24.51,25.08,24.41,24.98,7120000
2020-12-07 19:00:00-05:00,24.94,25.05,24.58,24.86,4918000
2020-12-08 19:00:00-05:00,24.75,25.01,24.41,24.68,4405000
2020-12-09 19:00:00-05:00,24.64,24.89,24.32,24.75,3751000
2020-12-10 19:00:00-05:00,24.63,25.31,24.61,25.24,5792500
2020-12-13 19:00:00-05:00,25.38,25.78,25.28,25.58,6661500
2020-12-14 19:00:00-05:00,25.68,26.01,25.51,25.69,5175500
2020-12-15 19:00:00-05:00,25.69,26.36,25.69,26.25,5558000
2020-12-16 19:00:00-05:00,26.35,26.61,26.18,26.49,9307000
2020-12-17 19:00:00-05:00,26.70,26.88,26.45,26.77,11590500
2020-12-20 19:00:00-05:00,26.44,27.18,26.17,27.06,5834000
2020-12-21 19:00:00-05:00,27.03,27.43,26.94,27.26,6495000
2020-12-22 19:00:00-05:00,27.27,27.36,26.57,26.74,4179500
2020-12-23 19:00:00-05:00,26.76,26.94,26.61,26.74,1845500
2020-12-27 19:00:00-05:00,26.93,26.96,26.08,26.08,3820000
2020-12-28 19:00:00-05:00,26.21,26.34,25.69,26.03,4144000
2020-12-29 19:00:00-05:00,26.10,26.34,25.80,25.99,3147000
2020-12-30 19:00:00-05:00,26.07,26.07,25.56,25.59,3568500
2021-01-03 19:00:00-05:00,25.65,25.78,25.14,25.43,6992000
2021-01-04 19:00:00-05:00,25.34,25.63,25.16,25.61,4284000
2021-01-05 19:00:00-05:00,25.36,26.57,25.25,26.55,5514500
2021-01-06 19:00:00-05:00,26.52,26.86,26.41,26.78,4596000
2021-01-07 19:00:00-05:00,26.79,27.20,26.53,27.18,5349500
2021-01-10 19:00:00-05:00,27.09,27.59,26.76,27.21,6538000
2021-01-11 19:00:00-05:00,27.15,27.69,27.12,27.62,5636000
2021-01-12 19:00:00-05:00,27.76,28.05,27.44,27.88,8150500
2021-01-13 19:00:00-05:00,27.95,28.59,27.92,28.48,7670500
2021-01-14 19:00:00-05:00,28.48,29.27,28.45,28.66,9250000
2021-01-18 19:00:00-05:00,28.85,29.00,28.52,28.66,6037500
2021-01-19 19:00:00-05:00,28.68,28.68,28.05,28.28,4742500
2021-01-20 19:00:00-05:00,28.29,28.76,28.20,28.25,3753500
2021-01-21 19:00:00-05:00,28.34,28.64,28.07,28.33,6198000
2021-01-24 19:00:00-05:00,28.43,28.86,28.30,28.42,5774500
2021-01-25 19:00:00-05:00,28.44,28.58,27.50,27.65,5293000
2021-01-26 19:00:00-05:00,27.62,28.29,26.67,27.98,10872500
2021-01-27 19:00:00-05:00,27.35,28.29,26.48,27.20,10578000
2021-01-28 19:00:00-05:00,27.36,27.47,25.77,25.80,10611000
2021-01-31 19:00:00-05:00,25.87,26.52,25.32,25.43,7154500
2021-02-01 19:00:00-05:00,25.49,26.31,25.46,26.06,7854000
2021-02-02 19:00:00-05:00,26.09,26.68,26.03,26.38,5264000
2021-02-03 19:00:00-05:00,26.49,26.70,26.29,26.62,5537500
2021-02-04 19:00:00-05:00,26.62,27.72,26.62,27.58,7356500
2021-02-07 19:00:00-05:00,27.99,28.68,27.92,28.62,8000000
2021-02-08 19:00:00-05:00,28.56,29.22,28.47,28.85,8233000
2021-02-09 19:00:00-05:00,29.09,29.10,28.10,28.48,6211500
2021-02-10 19:00:00-05:00,28.59,29.30,28.53,28.64,7678500
2021-02-11 19:00:00-05:00,28.69,29.18,28.69,29.11,4726500
2021-02-15 19:00:00-05:00,29.19,29.74,29.05,29.48,7054500
2021-02-16 19:00:00-05:00,29.65,31.33,29.65,30.99,10069500
2021-02-17 19:00:00-05:00,30.76,31.56,30.54,31.29,7798000
2021-02-18 19:00:00-05:00,31.47,31.72,30.98,31.28,6388000
2021-02-21 19:00:00-05:00,30.85,31.04,30.06,30.11,7079000
2021-02-22 19:00:00-05:00,29.84,30.32,28.88,30.16,6640500
2021-02-23 19:00:00-05:00,30.27,30.48,29.35,29.41,7354000
2021-02-24 19:00:00-05:00,29.60,30.00,29.26,29.43,6208500
2021-02-25 19:00:00-05:00,29.55,29.64,28.87,29.02,7891500
2021-02-28 19:00:00-05:00,29.27,29.92,29.20,29.68,5911500
2021-03-01 19:00:00-05:00,29.79,29.88,28.90,29.01,4903500
2021-03-02 19:00:00-05:00,29.11,29.50,28.30,28.31,7028500
2021-03-03 19:00:00-05:00,28.25,28.32,27.10,27.70,7115000
2021-03-04 19:00:00-05:00,27.92,28.47,27.17,28.45,4249500
2021-03-07 19:00:00-05:00,28.65,29.71,28.49,29.39,6827500
2021-03-08 19:00:00-05:00,30.02,30.12,29.30,29.32,6223500
2021-03-09 19:00:00-05:00,29.69,30.82,29.58,30.58,7903000
2021-03-10 19:00:00-05:00,30.79,31.70,30.73,31.08,6571000
2021-03-11 19:00:00-05:00,31.36,31.80,30.90,31.22,9424500
2021-03-14 20:00:00-04:00,31.25,31.36,30.99,31.22,4240000
2021-03-15 20:00:00-04:00,31.12,31.22,30.82,31.08,4540000
2021-03-16 20:00:00-04:00,30.99,30.99,30.14,30.74,5598500
2021-03-17 20:00:00-04:00,30.42,31.26,30.42,30.91,4176000
2021-03-18 20:00:00-04:00,31.00,31.78,30.79,31.58,10343500
2021-03-21 20:00:00-04:00,31.73,31.87,30.97,31.68,4269000
2021-03-22 20:00:00-04:00,31.69,32.28,31.33,31.52,8049500
2021-03-23 20:00:00-04:00,31.86,31.86,30.87,30.87,5522000
2021-03-24 20:00:00-04:00,30.94,31.65,30.61,31.48,4502000
2021-03-25 20:00:00-04:00,31.55,32.60,31.37,32.59,4789000
2021-03-28 20:00:00-04:00,32.48,32.60,31.95,32.08,3789000
2021-03-29 20:00:00-04:00,32.13,32.73,32.13,32.32,4637500
2021-03-30 20:00:00-04:00,32.52,32.68,32.02,32.33,5569000
2021-03-31 20:00:00-04:00,32.40,32.51,31.96,32.22,5196500
2021-04-04 20:00:00-04:00,32.48,33.02,32.27,32.93,4517500
2021-04-05 20:00:00-04:00,32.83,33.00,32.38,32.77,4489000
2021-04-06 20:00:00-04:00,32.82,32.90,32.12,32.33,4358000
2021-04-07 20:00:00-04:00,32.42,32.49,32.02,32.25,4649000
2021-04-08 20:00:00-04:00,32.27,32.48,32.03,32.44,4096000
2021-04-11 20:00:00-04:00,32.07,32.59,31.82,32.52,4970500
2021-04-12 20:00:00-04:00,32.63,32.80,32.31,32.67,4945000
2021-04-13 20:00:00-04:00,32.52,32.95,32.41,32.47,4347500
2021-04-14 20:00:00-04:00,32.54,32.66,32.24,32.30,4527500
2021-04-15 20:00:00-04:00,32.49,33.37,32.37,33.06,15463500
2021-04-18 20:00:00-04:00,33.66,33.68,32.89,33.43,6556500
2021-04-19 20:00:00-04:00,33.52,33.94,32.69,33.05,5943000
2021-04-20 20:00:00-04:00,33.07,33.37,32.74,32.89,7204500
2021-04-21 20:00:00-04:00,33.94,34.97,33.68,34.34,12499500
2021-04-22 20:00:00-04:00,34.14,34.74,33.85,34.58,4969000
2021-04-25 20:00:00-04:00,34.57,34.97,34.14,34.86,4724000
2021-04-26 20:00:00-04:00,35.00,35.21,34.47,34.78,4858000
2021-04-27 20:00:00-04:00,34.80,35.10,34.35,34.43,3479500
2021-04-28 20:00:00-04:00,34.65,34.86,34.22,34.78,3303500
2021-04-29 20:00:00-04:00,34.49,34.87,34.05,34.43,4416000
2021-05-02 20:00:00-04:00,34.87,35.33,34.52,35.21,4085500
2021-05-03 20:00:00-04:00,34.79,35.53,34.50,35.49,6459500
2021-05-04 20:00:00-04:00,35.46,35.70,35.06,35.53,4590500
2021-05-05 20:00:00-04:00,35.60,35.80,35.31,35.58,4388000
2021-05-06 20:00:00-04:00,35.71,35.81,35.39,35.69,3191000
2021-05-09 20:00:00-04:00,35.96,36.65,35.68,35.73,4273500
2021-05-10 20:00:00-04:00,35.53,35.62,34.42,34.92,6270500
2021-05-11 20:00:00-04:00,34.54,34.78,33.18,33.30,6335000
2021-05-12 20:00:00-04:00,33.36,34.13,33.36,34.06,5480000
2021-05-13 20:00:00-04:00,34.06,34.39,33.77,34.30,3644000
2021-05-16 20:00:00-04:00,34.41,34.52,33.86,34.03,3283000
2021-05-17 20:00:00-04:00,34.25,34.25,33.46,33.77,3897500
2021-05-18 20:00:00-04:00,33.34,33.36,32.24,32.96,7260000
2021-05-19 20:00:00-04:00,33.02,33.67,32.90,33.58,4890500
2021-05-20 20:00:00-04:00,33.51,33.91,33.48,33.57,7724000
2021-05-23 20:00:00-04:00,33.83,33.83,33.25,33.28,3956000
2021-05-24 20:00:00-04:00,33.29,33.54,32.97,33.03,4659500
2021-05-25 20:00:00-04:00,33.02,33.57,32.89,33.51,4582000
2021-05-26 20:00:00-04:00,33.66,33.92,33.38,33.46,5534000
2021-05-27 20:00:00-04:00,33.75,33.87,33.14,33.27,4046000
2021-05-31 20:00:00-04:00,33.43,33.48,32.87,33.30,4472500
2021-06-01 20:00:00-04:00,33.29,33.29,32.63,33.17,6365500
2021-06-02 20:00:00-04:00,33.04,33.05,32.17,32.58,6921500
2021-06-03 20:00:00-04:00,32.74,33.19,32.48,33.15,3752000
2021-06-06 20:00:00-04:00,33.16,33.41,32.87,33.18,3569500
2021-06-07 20:00:00-04:00,33.28,33.32,33.05,33.22,4772000
2021-06-08 20:00:00-04:00,33.38,33.50,33.03,33.15,3490000
2021-06-09 20:00:00-04:00,33.24,33.41,32.90,32.93,3750500
2021-06-10 20:00:00-04:00,33.03,33.75,32.93,33.72,3254500
2021-06-13 20:00:00-04:00,33.66,33.73,33.22,33.53,4483500
2021-06-14 20:00:00-04:00,33.46,33.48,32.36,32.90,3700000
2021-06-15 20:00:00-04:00,33.07,33.07,32.39,32.61,3936000
2021-06-16 20:00:00-04:00,32.63,32.71,31.58,32.01,7421000
2021-06-17 20:00:00-04:00,31.91,31.96,31.28,31.36,10922000
2021-06-20 20:00:00-04:00,31.63,32.34,31.45,32.11,5405500
2021-06-21 20:00:00-04:00,32.27,33.11,32.19,33.04,4613500
2021-06-22 20:00:00-04:00,32.87,33.04,32.67,32.86,3100000
2021-06-23 20:00:00-04:00,33.20,33.24,32.95,33.13,3107500
2021-06-24 20:00:00-04:00,33.16,33.30,32.89,33.01,3900500
2021-06-27 20:00:00-04:00,33.10,33.63,32.88,33.59,3856500
2021-06-28 20:00:00-04:00,33.60,34.48,33.60,34.24,5245500
2021-06-29 20:00:00-04:00,34.20,34.42,33.99,34.07,3252000
2021-06-30 20:00:00-04:00,34.62,34.66,34.33,34.39,3223500
2021-07-01 20:00:00-04:00,34.36,34.49,34.14,34.38,2353500
2021-07-05 20:00:00-04:00,34.40,34.50,33.69,34.13,4136500
2021-07-06 20:00:00-04:00,34.13,34.56,34.03,34.35,4205000
2021-07-07 20:00:00-04:00,34.03,34.23,33.55,34.09,4578500
2021-07-08 20:00:00-04:00,34.37,34.59,34.07,34.22,4206000
2021-07-11 20:00:00-04:00,34.16,34.31,33.77,34.20,4698500
2021-07-12 20:00:00-04:00,34.19,34.50,33.99,34.18,4147000
2021-07-13 20:00:00-04:00,34.35,34.47,34.07,34.28,5028000
2021-07-14 20:00:00-04:00,34.24,35.29,34.15,34.60,7811000
2021-07-15 20:00:00-04:00,34.64,35.10,34.53,34.60,5935000
2021-07-18 20:00:00-04:00,32.88,33.43,31.31,33.13,15463500
2021-07-19 20:00:00-04:00,33.32,33.77,32.59,33.62,7770500
2021-07-20 20:00:00-04:00,33.42,33.62,32.92,33.17,5146000
2021-07-21 20:00:00-04:00,33.19,33.63,33.18,33.40,3639500
2021-07-22 20:00:00-04:00,33.50,34.40,33.46,34.37,2989000
2021-07-25 20:00:00-04:00,34.34,34.59,34.08,34.43,3879000
2021-07-26 20:00:00-04:00,34.20,34.42,33.42,33.75,4598500
2021-07-27 20:00:00-04:00,33.82,33.93,33.48,33.60,2943500
2021-07-28 20:00:00-04:00,33.60,33.63,33.02,33.14,6152500
2021-07-29 20:00:00-04:00,32.99,33.52,32.82,33.13,6390000
2021-08-01 20:00:00-04:00,33.26,33.42,33.00,33.10,5293000
2021-08-02 20:00:00-04:00,33.44,34.57,33.27,34.16,5397000
2021-08-03 20:00:00-04:00,33.94,34.08,33.70,33.95,3966500
2021-08-04 20:00:00-04:00,34.06,34.49,34.00,34.43,3879500
2021-08-05 20:00:00-04:00,34.49,34.71,34.07,34.29,2676000
2021-08-08 20:00:00-04:00,34.22,34.48,34.10,34.34,2846000
2021-08-09 20:00:00-04:00,34.33,35.04,34.28,34.91,2911000
2021-08-10 20:00:00-04:00,34.90,35.71,34.89,35.56,3922000
2021-08-11 20:00:00-04:00,35.54,35.79,35.29,35.43,2690000
2021-08-12 20:00:00-04:00,35.61,35.68,35.34,35.51,2024500
2021-08-15 20:00:00-04:00,35.33,36.04,35.25,36.03,2411000
2021-08-16 20:00:00-04:00,35.60,35.61,34.76,34.96,2446000
2021-08-17 20:00:00-04:00,35.02,35.84,35.02,35.34,2732500
2021-08-18 20:00:00-04:00,35.02,35.89,34.98,35.69,2790500
2021-08-19 20:00:00-04:00,35.80,36.56,35.62,36.37,2915500
2021-08-22 20:00:00-04:00,36.46,36.53,35.76,35.80,4713000
2021-08-23 20:00:00-04:00,35.88,36.04,35.44,35.53,3283000
2021-08-24 20:00:00-04:00,35.55,35.75,35.34,35.65,3422000
2021-08-25 20:00:00-04:00,35.71,35.71,34.61,34.83,4168500
2021-08-26 20:00:00-04:00,34.82,35.34,34.54,35.32,2950000
2021-08-29 20:00:00-04:00,35.48,35.88,35.39,35.55,2380000
2021-08-30 20:00:00-04:00,35.64,36.01,35.25,35.66,4383000
2021-08-31 20:00:00-04:00,35.62,36.02,34.98,35.90,3115500
2021-09-01 20:00:00-04:00,36.11,36.19,35.83,35.91,2886000
2021-09-02 20:00:00-04:00,35.84,36.52,35.70,36.50,2325500
2021-09-06 20:00:00-04:00,36.48,36.71,36.18,36.35,3987500
2021-09-07 20:00:00-04:00,36.39,36.67,36.22,36.60,4012000
2021-09-08 20:00:00-04:00,36.72,37.15,36.44,37.02,4080500
2021-09-09 20:00:00-04:00,37.24,38.10,37.08,37.61,5247500
2021-09-12 20:00:00-04:00,37.70,37.86,36.79,37.10,7475500
2021-09-13 20:00:00-04:00,37.26,37.80,37.10,37.68,3849000
2021-09-14 20:00:00-04:00,37.65,37.77,37.30,37.65,4522500
2021-09-15 20:00:00-04:00,37.63,38.58,37.52,38.45,3780500
2021-09-16 20:00:00-04:00,38.24,38.42,37.82,38.03,5973500
2021-09-19 20:00:00-04:00,37.58,37.86,37.31,37.74,4740000
2021-09-20 20:00:00-04:00,38.02,38.19,37.55,38.00,2492500
2021-09-21 20:00:00-04:00,38.26,38.95,37.94,38.90,3390500
2021-09-22 20:00:00-04:00,39.14,39.23,38.42,38.57,3604500
2021-09-23 20:00:00-04:00,38.58,38.73,38.21,38.68,2059500
2021-09-26 20:00:00-04:00,38.69,39.06,38.24,38.61,4461500
2021-09-27 20:00:00-04:00,38.52,38.52,37.86,38.01,3969000
2021-09-28 20:00:00-04:00,38.31,38.54,38.03,38.21,3263500
2021-09-29 20:00:00-04:00,37.99,38.11,37.05,37.20,4296000
2021-09-30 20:00:00-04:00,37.47,37.47,36.60,36.97,4615500
2021-10-03 20:00:00-04:00,36.18,36.61,35.41,35.98,6981500
2021-10-04 20:00:00-04:00,35.99,36.46,35.96,36.27,3700500
2021-10-05 20:00:00-04:00,36.03,36.31,35.82,36.10,4019500
2021-10-06 20:00:00-04:00,36.06,36.75,36.04,36.35,4854500
2021-10-07 20:00:00-04:00,36.45,36.61,35.70,35.75,3380500
2021-10-10 20:00:00-04:00,35.85,36.13,35.51,35.53,3910000
2021-10-11 20:00:00-04:00,35.56,35.84,35.32,35.48,2667000
2021-10-12 20:00:00-04:00,35.67,35.96,35.45,35.79,2962500
2021-10-13 20:00:00-04:00,36.11,36.53,35.93,36.22,2835500
2021-10-14 20:00:00-04:00,36.61,36.78,36.18,36.22,3399500
2021-10-17 20:00:00-04:00,36.15,37.67,36.07,37.54,5992500
2021-10-18 20:00:00-04:00,37.70,37.80,37.29,37.36,3056500
2021-10-19 20:00:00-04:00,37.36,37.70,37.09,37.14,3985500
2021-10-20 20:00:00-04:00,38.83,39.08,38.02,38.63,7499000
2021-10-21 20:00:00-04:00,39.01,39.33,38.21,38.22,3910000
2021-10-24 20:00:00-04:00,38.43,39.23,38.31,38.74,3816000
2021-10-25 20:00:00-04:00,38.88,38.94,37.96,37.97,4007500
2021-10-26 20:00:00-04:00,38.09,38.31,37.80,37.98,3074000
2021-10-27 20:00:00-04:00,38.02,38.75,37.98,38.57,3462000
2021-10-28 20:00:00-04:00,38.49,39.97,38.49,39.87,5402500
2021-10-31 20:00:00-04:00,40.09,40.15,39.15,39.26,3221000
2021-11-01 20:00:00-04:00,39.35,39.75,39.35,39.59,2770500
2021-11-02 20:00:00-04:00,39.62,39.86,39.16,39.61,2952000
2021-11-03 20:00:00-04:00,39.72,40.31,39.53,40.03,2628000
2021-11-04 20:00:00-04:00,40.24,40.47,39.83,40.40,3937500
2021-11-07 19:00:00-05:00,40.51,40.69,39.99,40.64,4225000
2021-11-08 19:00:00-05:00,40.66,41.27,40.31,40.55,2977000
2021-11-09 19:00:00-05:00,40.27,40.55,39.70,39.88,2363000
2021-11-10 19:00:00-05:00,40.03,40.28,39.80,40.14,2315500
2021-11-11 19:00:00-05:00,40.22,40.67,40.07,40.60,2460000
2021-11-14 19:00:00-05:00,40.83,41.05,40.60,40.92,2556500
2021-11-15 19:00:00-05:00,41.32,42.27,41.05,42.05,5237500
2021-11-16 19:00:00-05:00,42.12,42.38,41.29,41.55,3648000
2021-11-17 19:00:00-05:00,42.07,42.13,41.48,42.08,3191000
2021-11-18 19:00:00-05:00,42.07,42.66,41.95,42.42,4706500
2021-11-21 19:00:00-05:00,42.69,42.77,42.04,42.13,2892500
2021-11-22 19:00:00-05:00,42.18,42.20,40.85,41.45,3449000
2021-11-23 19:00:00-05:00,41.09,41.60,40.85,41.55,2136500
2021-11-25 19:00:00-05:00,41.09,42.39,41.09,42.02,2963000
2021-11-28 19:00:00-05:00,42.11,42.42,41.62,41.71,2955000
2021-11-29 19:00:00-05:00,41.71,42.74,41.11,41.46,7771000
2021-11-30 19:00:00-05:00,41.60,42.14,41.20,41.20,3735500
2021-12-01 19:00:00-05:00,41.27,42.26,41.15,41.89,3730000
2021-12-02 19:00:00-05:00,42.19,42.49,41.60,41.94,3514500
2021-12-05 19:00:00-05:00,42.15,42.39,41.55,41.85,2800500
2021-12-06 19:00:00-05:00,42.23,43.22,42.08,42.93,2757500
2021-12-07 19:00:00-05:00,42.98,43.31,42.64,43.27,2879500
2021-12-08 19:00:00-05:00,43.21,43.23,42.34,42.36,2546000
2021-12-09 19:00:00-05:00,42.54,43.14,42.37,43.11,2178500
2021-12-12 19:00:00-05:00,43.77,43.77,42.25,42.90,3121000
2021-12-13 19:00:00-05:00,42.85,43.24,42.48,43.09,4421500
2021-12-14 19:00:00-05:00,42.80,43.72,42.52,43.60,3775000
2021-12-15 19:00:00-05:00,43.60,43.84,42.65,42.88,3014500
2021-12-16 19:00:00-05:00,42.80,42.93,41.26,41.70,6127000
2021-12-19 19:00:00-05:00,40.95,41.15,40.03,40.90,5556500
2021-12-20 19:00:00-05:00,40.97,41.40,40.30,41.04,3706500
2021-12-21 19:00:00-05:00,41.14,41.84,41.02,41.83,2297000
2021-12-22 19:00:00-05:00,41.95,42.26,41.87,42.00,1653500
2021-12-26 19:00:00-05:00,42.27,42.63,42.10,42.59,1907500
2021-12-27 19:00:00-05:00,42.82,42.89,42.41,42.53,1717000
2021-12-28 19:00:00-05:00,42.65,43.88,42.60,43.56,2625000
2021-12-29 19:00:00-05:00,43.94,44.04,43.47,43.56,1809000
2021-12-30 19:00:00-05:00,43.53,44.08,43.28,43.90,1537500
2022-01-02 19:00:00-05:00,43.86,44.13,43.08,43.37,2607000
2022-01-03 19:00:00-05:00,43.39,44.08,43.19,43.48,3091500
2022-01-04 19:00:00-05:00,43.53,43.77,42.22,42.27,3901000
2022-01-05 19:00:00-05:00,42.17,42.84,41.95,42.56,3865500
2022-01-06 19:00:00-05:00,42.47,42.61,41.44,42.02,4260000
2022-01-09 19:00:00-05:00,41.47,41.84,40.60,41.84,4900000
2022-01-10 19:00:00-05:00,41.87,41.94,40.77,41.55,5050000
2022-01-11 19:00:00-05:00,41.66,42.47,41.59,42.12,2852500
2022-01-12 19:00:00-05:00,42.61,43.11,42.31,42.47,2729500
2022-01-13 19:00:00-05:00,42.30,42.47,40.78,40.84,4339000
2022-01-17 19:00:00-05:00,40.34,40.86,39.65,40.74,4760500
2022-01-18 19:00:00-05:00,40.98,41.42,40.57,40.60,3853500
2022-01-19 19:00:00-05:00,41.01,41.35,38.55,38.62,6664500
2022-01-20 19:00:00-05:00,38.69,39.20,38.14,38.48,6084500
2022-01-23 19:00:00-05:00,37.87,40.01,37.68,39.96,6947500
2022-01-24 19:00:00-05:00,39.38,39.68,38.27,39.07,4953000
2022-01-25 19:00:00-05:00,39.38,39.38,37.70,38.11,5485000
2022-01-26 19:00:00-05:00,40.37,40.37,38.19,38.50,8820000
2022-01-27 19:00:00-05:00,39.08,39.55,38.11,39.53,5930500
2022-01-30 19:00:00-05:00,39.50,40.21,39.01,40.17,5438000
2022-01-31 19:00:00-05:00,40.20,40.99,40.06,40.54,4452000
2022-02-01 19:00:00-05:00,40.64,41.28,40.43,40.64,5040000
2022-02-02 19:00:00-05:00,40.37,41.12,40.09,40.38,3348000
2022-02-03 19:00:00-05:00,40.37,40.37,39.46,39.91,3280500
2022-02-06 19:00:00-05:00,40.05,40.43,39.70,40.04,5088500
2022-02-07 19:00:00-05:00,40.10,41.01,40.10,40.84,5062000
2022-02-08 19:00:00-05:00,41.22,41.64,41.00,41.30,3634000
2022-02-09 19:00:00-05:00,40.76,41.49,40.43,40.59,4194500
2022-02-10 19:00:00-05:00,40.50,40.80,40.14,40.38,3640500
2022-02-13 19:00:00-05:00,40.48,40.66,39.47,40.10,3557000
2022-02-14 19:00:00-05:00,40.39,40.86,40.18,40.39,3685500
2022-02-15 19:00:00-05:00,40.18,40.48,39.13,39.57,4790500
2022-02-16 19:00:00-05:00,39.39,39.69,39.03,39.45,4524500
2022-02-17 19:00:00-05:00,39.43,39.89,39.25,39.58,5286000
2022-02-21 19:00:00-05:00,39.39,39.45,36.94,37.02,8873000
2022-02-22 19:00:00-05:00,37.30,37.36,35.33,35.44,7486500
2022-02-23 19:00:00-05:00,34.55,36.26,34.49,36.10,8986500
2022-02-24 19:00:00-05:00,36.12,37.12,35.93,37.08,4210000
2022-02-27 19:00:00-05:00,36.70,37.75,36.62,37.66,6712500
2022-02-28 19:00:00-05:00,37.65,38.32,37.62,37.92,5781500
2022-03-01 19:00:00-05:00,38.01,38.47,37.55,38.38,4496000
2022-03-02 19:00:00-05:00,38.59,39.95,38.46,39.67,5501500
2022-03-03 19:00:00-05:00,39.73,41.12,39.40,41.01,7569000
2022-03-06 19:00:00-05:00,40.94,43.73,40.94,42.04,12116500
2022-03-07 19:00:00-05:00,41.83,43.25,40.35,40.52,9077000
2022-03-08 19:00:00-05:00,40.93,41.99,40.38,41.55,4911500
2022-03-09 19:00:00-05:00,41.15,42.38,40.76,42.31,5040000
2022-03-10 19:00:00-05:00,42.50,42.80,41.72,41.86,4563000
2022-03-13 20:00:00-04:00,42.00,42.71,41.36,41.46,4704500
2022-03-14 20:00:00-04:00,41.73,42.15,40.93,42.11,3702000
2022-03-15 20:00:00-04:00,42.41,42.68,41.00,41.97,4004500
2022-03-16 20:00:00-04:00,41.88,43.03,41.69,42.98,3666500
2022-03-17 20:00:00-04:00,43.51,43.52,42.44,43.15,6582000
2022-03-20 20:00:00-04:00,43.12,43.53,42.42,42.80,2740500
2022-03-21 20:00:00-04:00,42.91,43.00,42.30,42.84,2537000
2022-03-22 20:00:00-04:00,42.89,43.20,42.52,42.89,4274000
2022-03-23 20:00:00-04:00,43.09,43.38,42.87,43.12,3087500
2022-03-24 20:00:00-04:00,43.43,43.56,42.39,42.91,3246500
2022-03-27 20:00:00-04:00,42.79,43.00,42.36,42.91,2982000
2022-03-28 20:00:00-04:00,43.14,43.34,42.55,43.12,3751500
2022-03-29 20:00:00-04:00,42.70,43.06,42.41,43.03,3008500
2022-03-30 20:00:00-04:00,43.18,44.63,42.94,43.12,11183500
2022-03-31 20:00:00-04:00,43.19,43.33,41.82,41.89,5619500
2022-04-03 20:00:00-04:00,41.95,42.10,41.51,42.07,5087500
2022-04-04 20:00:00-04:00,42.02,43.02,41.19,41.49,5630000
2022-04-05 20:00:00-04:00,41.20,41.72,40.58,41.56,5630000
2022-04-06 20:00:00-04:00,41.34,43.12,41.30,42.68,6446500
2022-04-07 20:00:00-04:00,42.59,44.03,42.59,43.68,4257500
2022-04-10 20:00:00-04:00,43.32,43.92,43.02,43.45,3781500
2022-04-11 20:00:00-04:00,43.83,44.61,43.40,43.74,4087000
2022-04-12 20:00:00-04:00,43.81,44.30,43.52,43.87,3866500
2022-04-13 20:00:00-04:00,43.71,44.14,42.14,42.17,5547500
2022-04-17 20:00:00-04:00,41.90,42.06,39.67,40.20,10973500
2022-04-18 20:00:00-04:00,40.20,41.05,40.16,40.96,6059000
2022-04-19 20:00:00-04:00,41.07,41.24,40.52,40.86,6136000
2022-04-20 20:00:00-04:00,40.42,40.84,39.91,40.50,11416500
2022-04-21 20:00:00-04:00,39.99,40.10,38.16,38.19,10722000
2022-04-24 20:00:00-04:00,37.88,38.89,37.65,38.80,9169000
2022-04-25 20:00:00-04:00,38.75,38.99,38.02,38.04,5022000
2022-04-26 20:00:00-04:00,37.99,38.54,37.69,37.94,4620500
2022-04-27 20:00:00-04:00,38.31,38.96,37.48,38.52,5054000
2022-04-28 20:00:00-04:00,38.20,38.59,37.13,37.23,6668500
2022-05-01 20:00:00-04:00,37.35,38.32,37.22,38.13,6254500
2022-05-02 20:00:00-04:00,38.09,38.33,37.70,38.01,5607500
2022-05-03 20:00:00-04:00,38.07,39.37,37.93,39.29,5343000
2022-05-04 20:00:00-04:00,39.19,39.37,37.31,37.74,5163500
2022-05-05 20:00:00-04:00,37.38,37.84,36.81,37.43,5862000
2022-05-08 20:00:00-04:00,37.03,37.43,36.46,36.63,6848000
2022-05-09 20:00:00-04:00,36.98,37.06,35.68,36.60,6082000
2022-05-10 20:00:00-04:00,36.46,36.88,35.33,35.40,5122000
2022-05-11 20:00:00-04:00,35.20,36.44,35.20,36.32,4478000
2022-05-12 20:00:00-04:00,36.73,37.32,36.62,37.30,3870500
2022-05-15 20:00:00-04:00,37.45,38.31,36.75,37.99,4354500
2022-05-16 20:00:00-04:00,38.10,38.52,37.31,38.37,5393000
2022-05-17 20:00:00-04:00,36.02,36.08,32.41,33.56,15463500
2022-05-18 20:00:00-04:00,33.18,34.70,32.86,33.96,8029000
2022-05-19 20:00:00-04:00,34.12,34.17,32.05,33.25,9839000
2022-05-22 20:00:00-04:00,33.20,33.25,32.15,32.68,6809500
2022-05-23 20:00:00-04:00,32.22,32.33,31.19,31.68,11563000
2022-05-24 20:00:00-04:00,31.47,33.17,30.93,32.84,9069500
2022-05-25 20:00:00-04:00,33.75,34.65,33.66,34.53,7850500
2022-05-26 20:00:00-04:00,34.84,35.75,34.84,35.74,5814000
2022-05-30 20:00:00-04:00,35.48,35.62,34.65,34.80,8437500
2022-05-31 20:00:00-04:00,35.11,36.02,35.02,35.42,7827000
2022-06-01 20:00:00-04:00,35.50,36.29,35.31,36.28,3836500
2022-06-02 20:00:00-04:00,36.08,36.54,35.85,36.12,5659500
2022-06-05 20:00:00-04:00,36.37,37.02,35.97,36.98,3985500
2022-06-06 20:00:00-04:00,36.60,37.48,36.11,37.36,5540000
2022-06-07 20:00:00-04:00,37.19,37.58,36.67,36.84,4180000
2022-06-08 20:00:00-04:00,36.56,38.02,36.45,37.46,5709500
2022-06-09 20:00:00-04:00,37.04,37.16,36.16,36.28,4886000
2022-06-12 20:00:00-04:00,35.29,36.09,35.03,35.67,6216500
2022-06-13 20:00:00-04:00,36.44,36.67,35.47,35.70,6606500
2022-06-14 20:00:00-04:00,35.67,36.96,35.67,36.43,5211000
2022-06-15 20:00:00-04:00,35.86,35.96,35.17,35.41,6422000
2022-06-16 20:00:00-04:00,35.28,35.74,34.58,35.06,9851500
2022-06-20 20:00:00-04:00,35.55,36.54,35.22,36.29,6072500
2022-06-21 20:00:00-04:00,35.82,36.32,35.53,35.67,3975500
2022-06-22 20:00:00-04:00,35.93,36.94,35.71,36.92,4469000
2022-06-23 20:00:00-04:00,37.08,37.81,37.04,37.70,5845500
2022-06-26 20:00:00-04:00,37.86,38.12,37.47,37.62,3918000
2022-06-27 20:00:00-04:00,37.68,38.15,36.21,36.27,4441000
2022-06-28 20:00:00-04:00,36.46,36.57,35.88,36.33,3597000
2022-06-29 20:00:00-04:00,36.13,36.40,35.66,36.01,4696000
2022-06-30 20:00:00-04:00,36.11,36.62,35.75,36.47,4466500
2022-07-04 20:00:00-04:00,36.39,36.92,35.82,36.79,5804500
2022-07-05 20:00:00-04:00,36.96,37.05,36.14,36.70,5444500
2022-07-06 20:00:00-04:00,36.70,37.89,36.70,37.79,4534500
2022-07-07 20:00:00-04:00,37.79,38.02,37.49,37.89,3452000
2022-07-10 20:00:00-04:00,37.82,38.20,37.51,37.78,4402000
2022-07-11 20:00:00-04:00,37.90,38.08,36.39,36.51,7274000
2022-07-12 20:00:00-04:00,36.08,36.95,35.95,36.69,6110000
2022-07-13 20:00:00-04:00,36.70,37.55,36.44,37.48,7144500
2022-07-14 20:00:00-04:00,37.70,37.95,37.48,37.75,4884500
2022-07-17 20:00:00-04:00,37.95,38.30,37.63,37.80,6224000
2022-07-18 20:00:00-04:00,38.26,38.46,37.81,38.20,5282500
2022-07-19 20:00:00-04:00,38.29,38.70,37.77,38.51,8470000
2022-07-20 20:00:00-04:00,36.86,37.15,35.67,36.86,12414500
2022-07-21 20:00:00-04:00,36.97,37.28,35.85,36.20,7614000
2022-07-24 20:00:00-04:00,36.59,36.59,35.60,36.01,5924500
2022-07-25 20:00:00-04:00,35.17,35.43,33.90,34.11,9053000
2022-07-26 20:00:00-04:00,34.34,35.04,33.89,34.72,6781500
2022-07-27 20:00:00-04:00,34.98,35.73,34.53,35.44,6004000
2022-07-28 20:00:00-04:00,35.29,35.72,34.98,35.57,5993000
2022-07-31 20:00:00-04:00,35.48,36.35,35.37,36.02,5928000
2022-08-01 20:00:00-04:00,35.85,36.01,34.99,35.00,6081500
2022-08-02 20:00:00-04:00,35.07,35.72,35.07,35.46,5078000
2022-08-03 20:00:00-04:00,35.49,35.60,34.81,34.89,5111000
2022-08-04 20:00:00-04:00,34.54,35.23,34.46,35.17,4500000
2022-08-07 20:00:00-04:00,35.46,36.17,35.35,35.65,5505000
2022-08-08 20:00:00-04:00,35.80,35.80,35.04,35.42,5065000
2022-08-09 20:00:00-04:00,35.86,36.44,35.64,35.72,5721500
2022-08-10 20:00:00-04:00,35.82,36.28,35.75,36.20,4868000
2022-08-11 20:00:00-04:00,36.51,36.59,36.08,36.58,3561000
2022-08-14 20:00:00-04:00,36.67,37.06,36.42,36.82,5811500
2022-08-15 20:00:00-04:00,36.89,38.40,36.89,38.03,6072000
2022-08-16 20:00:00-04:00,37.89,38.18,37.59,38.06,4852500
2022-08-17 20:00:00-04:00,38.08,38.42,37.91,38.12,4426500
2022-08-18 20:00:00-04:00,38.00,38.06,37.48,37.93,4595000
2022-08-21 20:00:00-04:00,37.70,37.88,37.39,37.50,5165500
2022-08-22 20:00:00-04:00,37.53,37.74,37.11,37.32,4765500
2022-08-23 20:00:00-04:00,37.32,37.61,37.04,37.13,3745000
2022-08-24 20:00:00-04:00,37.10,37.40,36.84,37.38,3962000
2022-08-25 20:00:00-04:00,37.44,37.54,35.65,35.65,4181000
2022-08-28 20:00:00-04:00,35.33,36.06,34.99,35.48,4553000
2022-08-29 20:00:00-04:00,35.61,35.82,34.81,35.10,3703500
2022-08-30 20:00:00-04:00,35.11,35.25,34.55,34.55,6125500
2022-08-31 20:00:00-04:00,34.30,35.13,34.14,35.11,5301000
2022-09-01 20:00:00-04:00,35.57,35.69,34.73,35.00,3850500
2022-09-05 20:00:00-04:00,35.14,35.66,34.58,35.09,5701000
2022-09-06 20:00:00-04:00,35.31,36.74,35.31,36.62,6287000
2022-09-07 20:00:00-04:00,36.32,37.32,36.14,37.28,5521500
2022-09-08 20:00:00-04:00,37.23,37.69,37.13,37.49,5500500
2022-09-11 20:00:00-04:00,37.79,38.33,37.44,37.81,6920000
2022-09-12 20:00:00-04:00,37.32,37.35,36.06,36.13,6181500
2022-09-13 20:00:00-04:00,36.29,36.51,35.00,35.27,7150500
2022-09-14 20:00:00-04:00,35.27,35.60,34.71,35.07,5329500
2022-09-15 20:00:00-04:00,34.86,35.80,34.57,35.46,7948000
2022-09-18 20:00:00-04:00,35.24,36.05,35.19,36.01,5769000
2022-09-19 20:00:00-04:00,35.65,35.75,35.05,35.53,6517500
2022-09-20 20:00:00-04:00,35.92,36.25,35.43,35.44,5408000
2022-09-21 20:00:00-04:00,35.32,35.34,34.77,35.16,7321000
2022-09-22 20:00:00-04:00,34.85,35.13,34.16,34.63,5321500
2022-09-25 20:00:00-04:00,34.63,35.19,34.50,34.72,4794500
2022-09-26 20:00:00-04:00,35.12,35.61,34.81,35.19,7681000
2022-09-27 20:00:00-04:00,35.40,35.97,35.04,35.87,6642000
2022-09-28 20:00:00-04:00,35.73,35.83,34.79,34.98,5174000
2022-09-29 20:00:00-04:00,34.71,35.01,33.85,34.68,6085500
2022-10-02 20:00:00-04:00,34.89,36.56,34.77,36.22,6747000
2022-10-03 20:00:00-04:00,36.54,37.12,36.53,36.92,6723000
2022-10-04 20:00:00-04:00,36.63,37.95,36.52,37.62,6050000
2022-10-05 20:00:00-04:00,37.78,37.97,37.17,37.33,5381000
2022-10-06 20:00:00-04:00,37.04,37.10,36.17,36.31,4893000
2022-10-09 20:00:00-04:00,36.39,36.70,35.81,36.50,3545500
2022-10-10 20:00:00-04:00,36.50,37.78,36.50,37.46,5757500
2022-10-11 20:00:00-04:00,37.51,38.19,37.23,37.99,8294000
2022-10-12 20:00:00-04:00,37.31,38.18,36.37,37.86,8364500
2022-10-13 20:00:00-04:00,38.25,38.25,37.00,37.07,5363500
2022-10-16 20:00:00-04:00,37.67,37.98,37.27,37.64,5811500
2022-10-17 20:00:00-04:00,38.25,38.48,37.55,37.85,7405500
2022-10-18 20:00:00-04:00,37.96,38.12,36.42,36.63,7037000
2022-10-19 20:00:00-04:00,37.02,37.13,34.95,35.36,12535500
2022-10-20 20:00:00-04:00,35.08,37.22,35.00,36.83,8804500
2022-10-23 20:00:00-04:00,37.20,39.23,37.20,38.78,9963500
2022-10-24 20:00:00-04:00,38.79,40.05,38.73,39.98,7551000
2022-10-25 20:00:00-04:00,40.19,41.13,39.73,40.30,5583000
2022-10-26 20:00:00-04:00,40.52,40.70,39.85,40.23,6148500
2022-10-27 20:00:00-04:00,40.25,41.81,40.25,41.64,4948000
2022-10-30 20:00:00-04:00,41.26,41.55,40.57,41.01,7798500
2022-10-31 20:00:00-04:00,41.27,41.60,40.66,41.15,5081500
2022-11-01 20:00:00-04:00,40.79,40.97,39.44,39.45,5452500
2022-11-02 20:00:00-04:00,39.22,39.93,39.00,39.43,6210000
2022-11-03 20:00:00-04:00,39.75,39.78,37.79,38.54,9345500
2022-11-06 19:00:00-05:00,38.40,39.26,37.49,39.00,9166000
2022-11-07 19:00:00-05:00,39.20,39.74,38.27,38.65,6190000
2022-11-08 19:00:00-05:00,38.41,38.83,37.85,37.95,5421000
2022-11-09 19:00:00-05:00,39.39,40.22,38.84,39.29,6268000
2022-11-10 19:00:00-05:00,39.77,40.01,38.72,39.01,6381500
2022-11-13 19:00:00-05:00,39.20,40.55,39.05,39.70,7998000
2022-11-14 19:00:00-05:00,40.32,40.58,39.54,40.34,5895500
2022-11-15 19:00:00-05:00,39.72,41.15,39.10,40.88,10372000
2022-11-16 19:00:00-05:00,40.37,40.68,39.40,40.09,5086000
2022-11-17 19:00:00-05:00,40.78,41.30,40.40,41.20,6028500
2022-11-20 19:00:00-05:00,40.54,41.51,40.51,41.31,4851500
2022-11-21 19:00:00-05:00,41.67,42.00,41.39,41.89,3444500
2022-11-22 19:00:00-05:00,42.02,42.61,41.86,42.31,4162000
2022-11-24 19:00:00-05:00,42.62,42.74,41.84,41.98,2081500
2022-11-27 19:00:00-05:00,41.94,42.25,41.54,41.58,5019500
2022-11-28 19:00:00-05:00,41.49,41.56,40.93,41.04,3994000
2022-11-29 19:00:00-05:00,41.09,42.56,40.89,42.41,10044500
2022-11-30 19:00:00-05:00,42.77,43.07,41.83,42.09,5039500
2022-12-01 19:00:00-05:00,41.91,42.32,41.37,42.15,3594500
2022-12-04 19:00:00-05:00,41.58,41.86,41.18,41.40,4737500
2022-12-05 19:00:00-05:00,41.34,41.51,40.22,40.69,4408500
2022-12-06 19:00:00-05:00,40.60,41.50,40.53,40.73,3118000
2022-12-07 19:00:00-05:00,40.67,41.26,40.48,41.14,3661500
2022-12-08 19:00:00-05:00,40.82,41.40,40.52,40.91,4242000
2022-12-11 19:00:00-05:00,41.03,41.10,39.74,40.19,4718000
2022-12-12 19:00:00-05:00,41.28,41.36,39.52,40.14,5456500
2022-12-13 19:00:00-05:00,40.46,40.65,39.57,40.35,5154000
2022-12-14 19:00:00-05:00,39.96,40.24,39.46,40.11,4978000
2022-12-15 19:00:00-05:00,39.73,40.21,39.11,39.45,8066000
2022-12-18 19:00:00-05:00,39.63,39.93,39.37,39.63,4621500
2022-12-19 19:00:00-05:00,39.56,39.61,38.90,39.39,4626500
2022-12-20 19:00:00-05:00,39.89,40.36,39.46,40.15,3824000
2022-12-21 19:00:00-05:00,39.74,39.94,39.13,39.92,5289500
2022-12-22 19:00:00-05:00,40.01,40.69,39.78,40.68,3643000
2022-12-26 19:00:00-05:00,40.82,41.96,40.51,41.81,5287500
2022-12-27 19:00:00-05:00,41.98,42.23,41.13,41.21,3945500
2022-12-28 19:00:00-05:00,41.41,42.68,41.39,42.53,3989000
2022-12-29 19:00:00-05:00,42.14,42.38,41.79,42.16,3595000
2023-01-02 19:00:00-05:00,42.24,42.37,41.45,41.82,5517500
2023-01-03 19:00:00-05:00,42.07,42.23,41.24,41.51,4494500
2023-01-04 19:00:00-05:00,41.41,41.60,40.91,41.16,5644000
2023-01-05 19:00:00-05:00,41.36,42.11,41.25,41.53,4621500
2023-01-08 19:00:00-05:00,41.36,41.71,40.60,40.75,6121500
2023-01-09 19:00:00-05:00,40.82,41.56,40.18,41.55,5594000
2023-01-10 19:00:00-05:00,41.74,42.12,41.38,41.53,5055000
2023-01-11 19:00:00-05:00,41.81,42.15,41.31,41.37,5269000
2023-01-12 19:00:00-05:00,41.05,42.04,40.98,41.43,6859000
2023-01-16 19:00:00-05:00,41.50,42.03,41.02,41.04,6007500
2023-01-17 19:00:00-05:00,41.02,41.28,40.21,40.24,5397000
2023-01-18 19:00:00-05:00,40.28,40.44,38.72,38.76,5935000
2023-01-19 19:00:00-05:00,38.85,39.96,38.65,39.74,7202000
2023-01-22 19:00:00-05:00,40.62,40.69,39.83,40.38,6601000
2023-01-23 19:00:00-05:00,40.29,40.62,39.69,40.26,5082000
2023-01-24 19:00:00-05:00,40.00,40.14,39.40,40.07,7195000
2023-01-25 19:00:00-05:00,43.27,44.11,40.75,42.49,11542000
2023-01-26 19:00:00-05:00,42.95,43.00,41.65,42.29,6755500
2023-01-29 19:00:00-05:00,42.28,42.50,41.63,41.75,6488000
2023-01-30 19:00:00-05:00,41.91,42.74,41.91,42.72,6114000
2023-01-31 19:00:00-05:00,42.59,43.27,42.01,43.11,5866000
2023-02-01 19:00:00-05:00,43.50,43.73,42.84,43.27,5546500
2023-02-02 19:00:00-05:00,42.99,43.54,42.80,42.83,4802000
2023-02-05 19:00:00-05:00,42.72,43.61,42.67,43.55,4961500
2023-02-06 19:00:00-05:00,43.38,43.73,42.34,43.61,4803000
2023-02-07 19:00:00-05:00,43.46,43.67,43.27,43.33,3666500
2023-02-08 19:00:00-05:00,43.33,43.96,43.33,43.81,4228500
2023-02-09 19:00:00-05:00,43.87,43.98,43.47,43.66,4748000
2023-02-12 19:00:00-05:00,43.85,44.58,43.62,44.44,5607500
2023-02-13 19:00:00-05:00,44.23,44.65,44.01,44.60,4254000
2023-02-14 19:00:00-05:00,44.53,44.91,44.32,44.90,3994500
2023-02-15 19:00:00-05:00,44.46,44.59,44.17,44.41,4117500
2023-02-16 19:00:00-05:00,44.02,44.82,43.88,44.79,5747000
2023-02-20 19:00:00-05:00,44.32,44.45,43.75,43.86,6088500
2023-02-21 19:00:00-05:00,43.94,44.23,43.54,43.63,4240000
2023-02-22 19:00:00-05:00,43.60,43.76,43.17,43.66,6179500
2023-02-23 19:00:00-05:00,43.49,43.56,43.14,43.39,4400000
2023-02-26 19:00:00-05:00,43.60,44.20,43.54,44.13,3378500
2023-02-27 19:00:00-05:00,44.24,44.45,43.88,43.91,3881000
2023-02-28 19:00:00-05:00,43.47,43.54,42.32,42.49,6612500
2023-03-01 19:00:00-05:00,42.35,43.11,42.11,43.01,3508500
2023-03-02 19:00:00-05:00,43.13,43.34,42.90,43.32,3081000
2023-03-05 19:00:00-05:00,43.32,43.66,42.94,43.05,3462000
2023-03-06 19:00:00-05:00,43.36,43.49,42.84,43.02,4427500
2023-03-07 19:00:00-05:00,43.03,43.28,42.71,43.00,3526500
2023-03-08 19:00:00-05:00,43.26,43.61,42.66,42.71,5327000
2023-03-09 19:00:00-05:00,42.71,43.34,42.54,42.77,5329000
2023-03-12 20:00:00-04:00,42.41,43.29,42.39,42.90,3994000
2023-03-13 20:00:00-04:00,43.26,43.38,42.69,43.23,3845500
2023-03-14 20:00:00-04:00,43.03,43.72,42.91,43.56,5704000
2023-03-15 20:00:00-04:00,43.48,44.46,43.48,44.29,5580000
2023-03-16 20:00:00-04:00,44.38,44.43,43.56,43.75,5550500
2023-03-19 20:00:00-04:00,43.85,44.22,43.51,43.70,5311500
2023-03-20 20:00:00-04:00,44.04,44.57,44.04,44.36,4612500
2023-03-21 20:00:00-04:00,44.11,44.25,43.06,43.07,4447500
2023-03-22 20:00:00-04:00,42.98,43.07,42.32,42.65,4606000
2023-03-23 20:00:00-04:00,42.69,43.12,42.28,42.77,4080500
2023-03-26 20:00:00-04:00,42.88,43.67,42.66,43.25,4698000
2023-03-27 20:00:00-04:00,43.39,43.50,43.09,43.20,4444500
2023-03-28 20:00:00-04:00,43.37,43.51,43.06,43.37,8097500
2023-03-29 20:00:00-04:00,43.46,43.66,43.31,43.37,4544000
2023-03-30 20:00:00-04:00,43.51,44.53,43.38,44.24,5183500
2023-04-02 20:00:00-04:00,44.35,45.55,44.35,45.49,5287000
2023-04-03 20:00:00-04:00,45.48,45.55,44.61,45.10,4124000
2023-04-04 20:00:00-04:00,44.71,44.97,43.78,44.14,5152000
2023-04-05 20:00:00-04:00,43.81,44.40,43.23,44.35,4932500
2023-04-09 20:00:00-04:00,44.12,45.13,44.12,44.90,5520500
2023-04-10 20:00:00-04:00,44.84,45.60,44.42,45.17,4690000
2023-04-11 20:00:00-04:00,45.36,45.36,43.70,43.79,5404000
2023-04-12 20:00:00-04:00,43.85,44.56,43.69,44.43,4202000
2023-04-13 20:00:00-04:00,44.42,44.94,44.38,44.79,3391500
2023-04-16 20:00:00-04:00,45.07,45.42,44.91,45.41,5258000
2023-04-17 20:00:00-04:00,45.63,46.18,45.45,46.15,5861500
2023-04-18 20:00:00-04:00,46.15,46.50,45.79,46.46,7190500
2023-04-19 20:00:00-04:00,46.26,47.13,46.13,46.87,6119500
2023-04-20 20:00:00-04:00,46.96,47.28,46.62,46.79,5303000
2023-04-23 20:00:00-04:00,46.49,47.22,46.38,47.05,4606000
2023-04-24 20:00:00-04:00,46.78,46.91,45.94,46.00,5965000
2023-04-25 20:00:00-04:00,45.93,46.25,45.67,45.77,5234500
2023-04-26 20:00:00-04:00,45.55,45.63,43.38,45.00,10493000
2023-04-27 20:00:00-04:00,45.00,45.00,44.06,44.87,7063500
2023-04-30 20:00:00-04:00,45.03,45.29,44.64,44.98,5242000
2023-05-01 20:00:00-04:00,44.91,45.58,44.40,45.54,6135500
2023-05-02 20:00:00-04:00,45.33,46.27,45.26,45.80,3390500
2023-05-03 20:00:00-04:00,45.77,45.96,44.42,44.58,4268500
2023-05-04 20:00:00-04:00,44.61,45.56,44.61,45.24,4564000
2023-05-07 20:00:00-04:00,45.27,45.87,45.11,45.31,3334000
2023-05-08 20:00:00-04:00,45.21,45.57,45.01,45.50,3311500
2023-05-09 20:00:00-04:00,45.62,46.11,45.48,45.90,4866000
2023-05-10 20:00:00-04:00,45.95,46.20,44.98,45.52,3232500
2023-05-11 20:00:00-04:00,45.51,45.72,44.93,45.16,3620000
2023-05-14 20:00:00-04:00,45.00,45.10,43.45,43.58,6923500
2023-05-15 20:00:00-04:00,42.94,43.00,41.81,42.60,8267000
2023-05-16 20:00:00-04:00,42.58,42.65,42.10,42.33,6432500
2023-05-17 20:00:00-04:00,42.33,43.46,42.08,43.40,6924500
2023-05-18 20:00:00-04:00,43.19,43.31,42.15,42.21,6841500
2023-05-21 20:00:00-04:00,42.52,42.98,41.91,41.93,5780500
2023-05-22 20:00:00-04:00,41.49,41.88,41.05,41.13,6031000
2023-05-23 20:00:00-04:00,41.56,41.63,40.77,41.13,5583000
2023-05-24 20:00:00-04:00,41.10,41.10,40.00,40.25,7580500
2023-05-25 20:00:00-04:00,39.92,40.30,39.61,40.00,7812500
2023-05-29 20:00:00-04:00,40.07,40.78,39.81,40.73,9032500
2023-05-30 20:00:00-04:00,40.45,40.54,39.53,39.64,11753000
2023-05-31 20:00:00-04:00,39.90,39.91,38.85,39.02,9568000
2023-06-01 20:00:00-04:00,39.42,40.12,39.35,39.94,7711000
2023-06-04 20:00:00-04:00,39.58,39.90,38.87,39.26,7757000
2023-06-05 20:00:00-04:00,39.20,41.05,39.20,41.02,9845500
2023-06-06 20:00:00-04:00,41.02,41.40,40.83,41.20,6489000
2023-06-07 20:00:00-04:00,41.14,41.81,41.13,41.51,5445000
2023-06-08 20:00:00-04:00,41.20,41.53,41.04,41.08,5378000
2023-06-11 20:00:00-04:00,41.08,41.54,40.59,41.51,6626000
2023-06-12 20:00:00-04:00,41.69,41.81,40.99,41.14,6453000
2023-06-13 20:00:00-04:00,41.26,41.61,41.11,41.24,4723500
2023-06-14 20:00:00-04:00,41.21,41.80,40.99,41.74,7152500
2023-06-15 20:00:00-04:00,42.09,42.14,41.21,41.41,7793500
2023-06-19 20:00:00-04:00,41.13,41.29,40.64,41.04,9131000
2023-06-20 20:00:00-04:00,41.05,41.85,40.73,41.70,6882000
2023-06-21 20:00:00-04:00,41.81,41.91,41.29,41.54,5197000
2023-06-22 20:00:00-04:00,41.61,41.84,41.31,41.36,6623500
2023-06-25 20:00:00-04:00,41.52,41.70,41.33,41.43,4574000
2023-06-26 20:00:00-04:00,41.48,42.24,41.47,42.20,4704000
2023-06-27 20:00:00-04:00,41.42,41.42,40.63,40.97,9356500
2023-06-28 20:00:00-04:00,40.97,41.16,40.66,41.12,6353000
2023-06-29 20:00:00-04:00,41.29,42.04,41.05,41.82,7875500
2023-07-02 20:00:00-04:00,41.90,41.93,41.08,41.81,4184000
2023-07-04 20:00:00-04:00,41.61,41.75,41.22,41.68,4830000
2023-07-05 20:00:00-04:00,41.37,41.79,41.23,41.40,5292000
2023-07-06 20:00:00-04:00,41.23,41.42,40.97,41.02,6349500
2023-07-09 20:00:00-04:00,41.00,41.85,41.00,41.85,6066000
2023-07-10 20:00:00-04:00,41.92,42.34,41.89,42.17,6819500
2023-07-11 20:00:00-04:00,42.54,42.63,41.74,41.76,4846500
2023-07-12 20:00:00-04:00,41.67,41.67,40.87,40.92,5661500
2023-07-13 20:00:00-04:00,41.07,41.31,40.58,40.65,6100500
2023-07-16 20:00:00-04:00,40.26,40.42,39.37,39.87,9947500
2023-07-17 20:00:00-04:00,39.71,40.50,39.71,40.13,7821500
2023-07-18 20:00:00-04:00,40.29,40.77,39.84,39.94,8132000
2023-07-19 20:00:00-04:00,39.81,40.75,39.81,40.55,9104000
2023-07-20 20:00:00-04:00,40.44,41.10,40.30,40.80,6770000
2023-07-23 20:00:00-04:00,40.96,41.10,40.44,40.60,6245000
2023-07-24 20:00:00-04:00,39.75,40.54,39.45,40.23,10794000
2023-07-25 20:00:00-04:00,40.44,40.74,40.09,40.57,7235000
2023-07-26 20:00:00-04:00,41.16,42.79,40.80,42.29,14795500
2023-07-27 20:00:00-04:00,42.61,42.77,42.12,42.36,7084000
2023-07-30 20:00:00-04:00,42.40,42.66,41.93,42.36,5756500
2023-07-31 20:00:00-04:00,42.15,42.88,42.15,42.40,4731000
2023-08-01 20:00:00-04:00,42.34,43.37,42.18,42.75,6171000
2023-08-02 20:00:00-04:00,42.92,43.65,42.59,42.96,5136500
2023-08-03 20:00:00-04:00,42.96,43.03,41.97,42.05,4309000
2023-08-06 20:00:00-04:00,42.05,42.28,42.00,42.14,3182500
2023-08-07 20:00:00-04:00,42.05,42.15,41.66,41.94,5923000
2023-08-08 20:00:00-04:00,41.97,42.54,41.87,42.40,3718000
2023-08-09 20:00:00-04:00,42.65,42.81,41.74,42.04,5266000
2023-08-10 20:00:00-04:00,42.28,42.37,41.96,42.09,4214000
2023-08-13 20:00:00-04:00,42.07,42.25,41.66,42.07,4154000
2023-08-14 20:00:00-04:00,41.82,42.12,41.72,42.00,2927000
2023-08-15 20:00:00-04:00,42.06,42.19,41.66,41.78,4156000
2023-08-16 20:00:00-04:00,41.94,42.19,41.31,41.42,5725500
2023-08-17 20:00:00-04:00,41.29,41.81,41.29,41.48,3462500
2023-08-20 20:00:00-04:00,41.49,41.65,40.73,40.78,6442000
2023-08-21 20:00:00-04:00,40.50,40.67,39.46,40.66,8691500
2023-08-22 20:00:00-04:00,40.36,40.92,40.16,40.59,7170000
2023-08-23 20:00:00-04:00,40.25,40.87,40.02,40.03,5811000
2023-08-24 20:00:00-04:00,40.39,40.83,40.09,40.59,5944000
2023-08-27 20:00:00-04:00,40.74,41.75,40.57,41.62,8378000
2023-08-28 20:00:00-04:00,41.67,42.48,41.55,42.31,5030000
2023-08-29 20:00:00-04:00,42.42,42.45,42.05,42.37,5224500
2023-08-30 20:00:00-04:00,42.09,42.11,41.03,41.53,10897500
2023-08-31 20:00:00-04:00,41.65,41.94,41.31,41.91,7084000
2023-09-04 20:00:00-04:00,41.68,41.82,41.23,41.45,6146000
2023-09-05 20:00:00-04:00,41.22,41.39,40.56,41.00,5942500
2023-09-06 20:00:00-04:00,41.30,41.90,41.10,41.62,6125500
2023-09-07 20:00:00-04:00,41.60,41.82,41.20,41.32,4930500
2023-09-10 20:00:00-04:00,41.45,41.63,41.22,41.37,3660000
2023-09-11 20:00:00-04:00,41.37,41.56,41.17,41.26,3658500
2023-09-12 20:00:00-04:00,41.27,41.49,40.83,41.03,5116000
2023-09-13 20:00:00-04:00,41.03,41.06,40.63,41.04,5265500
2023-09-14 20:00:00-04:00,40.77,40.83,40.34,40.45,8621500
2023-09-17 20:00:00-04:00,40.43,40.45,39.69,39.82,4806000
2023-09-18 20:00:00-04:00,39.58,40.00,39.33,39.94,4060000
2023-09-19 20:00:00-04:00,39.83,39.84,39.41,39.45,4889000
2023-09-20 20:00:00-04:00,39.25,39.35,38.66,38.88,6288000
2023-09-21 20:00:00-04:00,38.89,39.37,38.89,38.97,3770500
2023-09-24 20:00:00-04:00,38.96,39.52,38.91,39.22,4122500
2023-09-25 20:00:00-04:00,39.01,39.45,38.56,38.59,4282500
2023-09-26 20:00:00-04:00,38.41,38.99,38.18,38.58,5952000
2023-09-27 20:00:00-04:00,39.01,39.07,38.53,38.66,3547000
2023-09-28 20:00:00-04:00,39.16,39.23,38.42,38.59,6715500
2023-10-01 20:00:00-04:00,38.74,38.96,38.03,38.68,6137500
2023-10-02 20:00:00-04:00,38.48,38.81,38.22,38.68,4654000
2023-10-03 20:00:00-04:00,38.70,39.34,38.66,39.15,4976000
2023-10-04 20:00:00-04:00,38.58,39.06,38.42,39.00,5877500
2023-10-05 20:00:00-04:00,38.91,39.22,38.36,38.86,4280500
2023-10-08 20:00:00-04:00,38.80,39.05,38.08,38.75,5109000
2023-10-09 20:00:00-04:00,38.67,39.10,38.51,38.97,5149500
2023-10-10 20:00:00-04:00,39.03,39.12,38.53,38.83,4443500
2023-10-11 20:00:00-04:00,38.72,38.72,37.02,37.39,8066500
2023-10-12 20:00:00-04:00,36.96,38.28,36.96,38.15,8251000
2023-10-15 20:00:00-04:00,38.39,39.31,38.24,39.09,5473500
2023-10-16 20:00:00-04:00,39.03,39.78,39.03,39.42,6886500
2023-10-17 20:00:00-04:00,39.41,39.76,38.97,39.41,5482500
2023-10-18 20:00:00-04:00,39.23,39.33,38.36,38.42,4439500
2023-10-19 20:00:00-04:00,38.51,38.51,36.98,37.11,11062500
2023-10-22 20:00:00-04:00,37.05,37.93,36.79,37.66,7594500
2023-10-23 20:00:00-04:00,37.76,38.16,37.55,37.67,5312500
2023-10-24 20:00:00-04:00,37.52,37.88,37.27,37.65,8721000
2023-10-25 20:00:00-04:00,35.59,36.88,35.16,35.88,15463500
2023-10-26 20:00:00-04:00,35.75,36.56,35.54,35.70,9921500
2023-10-29 20:00:00-04:00,36.05,36.48,35.36,36.34,6735000
2023-10-30 20:00:00-04:00,36.26,36.73,36.15,36.60,4560500
2023-10-31 20:00:00-04:00,36.44,36.56,35.75,36.22,5211000
2023-11-01 20:00:00-04:00,36.55,37.35,36.38,37.09,5315500
2023-11-02 20:00:00-04:00,37.54,38.08,37.34,37.88,6534000
2023-11-05 19:00:00-05:00,37.84,38.05,37.58,37.87,4553500
2023-11-06 19:00:00-05:00,37.99,38.01,37.56,37.86,3743500
2023-11-07 19:00:00-05:00,37.96,38.66,37.59,37.92,4562000
2023-11-08 19:00:00-05:00,37.82,37.92,36.87,37.08,6985500
2023-11-09 19:00:00-05:00,37.21,37.86,36.80,37.73,6481000
2023-11-12 19:00:00-05:00,37.57,37.89,37.26,37.27,7931000
2023-11-13 19:00:00-05:00,37.77,39.48,37.77,39.29,8477000
2023-11-14 19:00:00-05:00,39.36,40.12,39.15,39.44,7271500
2023-11-15 19:00:00-05:00,39.29,39.39,38.35,38.59,5511000
2023-11-16 19:00:00-05:00,38.96,38.96,38.47,38.51,4932000
2023-11-19 19:00:00-05:00,38.40,38.52,37.81,38.15,4739000
2023-11-20 19:00:00-05:00,38.01,38.01,36.82,37.53,6051000
2023-11-21 19:00:00-05:00,37.74,38.11,37.63,37.72,4768000
2023-11-23 19:00:00-05:00,37.95,38.19,37.74,37.86,2846500
2023-11-26 19:00:00-05:00,37.83,38.08,37.72,37.79,6237000
2023-11-27 19:00:00-05:00,37.71,38.45,37.64,38.20,4236500
2023-11-28 19:00:00-05:00,38.32,39.24,38.23,38.25,4206000
2023-11-29 19:00:00-05:00,38.27,38.84,37.81,38.79,7132500
2023-11-30 19:00:00-05:00,38.86,40.17,38.79,40.13,6708000
2023-12-03 19:00:00-05:00,40.01,41.25,39.93,40.51,6823000
2023-12-04 19:00:00-05:00,39.63,39.78,39.26,39.58,4827000
2023-12-05 19:00:00-05:00,39.74,40.35,39.47,40.02,6280000
2023-12-06 19:00:00-05:00,39.89,40.13,39.55,39.94,5467000
2023-12-07 19:00:00-05:00,40.15,40.65,40.06,40.52,5857500
2023-12-10 19:00:00-05:00,40.62,41.39,40.59,41.28,6172500
2023-12-11 19:00:00-05:00,41.33,41.39,41.00,41.13,4694000
2023-12-12 19:00:00-05:00,41.23,42.25,40.88,42.12,5614500
2023-12-13 19:00:00-05:00,42.59,43.15,42.19,42.82,9280500
2023-12-14 19:00:00-05:00,42.34,42.34,41.30,41.52,14331000
2023-12-17 19:00:00-05:00,41.62,41.68,40.85,41.22,6381000
2023-12-18 19:00:00-05:00,41.34,41.62,41.18,41.29,4893000
2023-12-19 19:00:00-05:00,40.87,41.05,40.05,40.08,8418500
2023-12-20 19:00:00-05:00,40.55,40.85,40.30,40.45,4564500
2023-12-21 19:00:00-05:00,40.64,41.14,40.38,40.49,5024500
2023-12-25 19:00:00-05:00,40.41,40.61,40.24,40.26,4248500
2023-12-26 19:00:00-05:00,40.26,40.85,39.93,40.63,4146500
2023-12-27 19:00:00-05:00,40.73,41.61,40.63,41.25,6384500
2023-12-28 19:00:00-05:00,41.35,41.46,40.93,41.08,5352000
2024-01-01 19:00:00-05:00,40.74,41.97,40.64,41.38,6647000
2024-01-02 19:00:00-05:00,41.36,41.36,40.46,40.63,5912500
2024-01-03 19:00:00-05:00,40.63,41.26,40.63,41.08,6250000
2024-01-04 19:00:00-05:00,40.83,41.95,40.81,41.82,7144500
2024-01-07 19:00:00-05:00,41.69,42.74,41.62,42.71,6451500
2024-01-08 19:00:00-05:00,42.57,42.90,41.99,42.19,6739000
2024-01-09 19:00:00-05:00,42.17,42.30,41.88,42.04,6102000
2024-01-10 19:00:00-05:00,42.04,42.38,41.87,42.34,4562500
2024-01-11 19:00:00-05:00,42.31,42.80,41.98,42.71,5081000
2024-01-15 19:00:00-05:00,42.41,42.86,42.22,42.85,8185000
2024-01-16 19:00:00-05:00,42.18,43.49,42.18,43.47,11566000
2024-01-17 19:00:00-05:00,43.59,44.11,43.25,43.99,7105000
2024-01-18 19:00:00-05:00,44.05,44.61,43.74,44.14,8425500
2024-01-21 19:00:00-05:00,44.27,44.59,44.03,44.42,7930500
2024-01-22 19:00:00-05:00,44.20,44.35,43.26,43.64,8212500
2024-01-23 19:00:00-05:00,43.83,43.85,43.18,43.18,6649000
2024-01-24 19:00:00-05:00,43.18,43.33,42.73,43.24,7256500
2024-01-25 19:00:00-05:00,43.45,43.57,43.00,43.49,5392000
2024-01-28 19:00:00-05:00,43.25,44.00,43.00,43.24,10098500
2024-01-29 19:00:00-05:00,42.92,43.85,42.74,43.52,6416500
2024-01-30 19:00:00-05:00,43.52,43.62,42.85,42.91,10741500
2024-01-31 19:00:00-05:00,43.04,44.98,42.37,44.88,15048000
2024-02-01 19:00:00-05:00,44.72,44.81,43.28,44.50,9582000
2024-02-04 19:00:00-05:00,44.25,44.68,43.70,44.13,6563000
2024-02-05 19:00:00-05:00,44.43,44.90,44.02,44.67,4939000
2024-02-06 19:00:00-05:00,44.91,45.30,44.59,44.60,4642500
2024-02-07 19:00:00-05:00,44.68,44.90,44.04,44.29,5961000
2024-02-08 19:00:00-05:00,44.29,44.93,44.20,44.91,4962500
2024-02-11 19:00:00-05:00,45.09,45.36,44.79,45.13,6195000
2024-02-12 19:00:00-05:00,44.34,44.88,44.00,44.58,5685500
2024-02-13 19:00:00-05:00,44.92,45.06,44.12,44.99,5254000
2024-02-14 19:00:00-05:00,45.23,45.69,45.14,45.41,3495500
2024-02-15 19:00:00-05:00,45.20,45.60,45.04,45.18,3486500
2024-02-19 19:00:00-05:00,44.94,45.37,44.89,45.17,3798500
2024-02-20 19:00:00-05:00,45.24,45.24,44.67,44.97,2758000
2024-02-21 19:00:00-05:00,44.96,45.85,44.80,45.80,4853000
2024-02-22 19:00:00-05:00,46.05,46.74,45.90,46.65,5319000
2024-02-25 19:00:00-05:00,46.58,47.36,46.51,46.58,7362000
2024-02-26 19:00:00-05:00,46.73,48.50,46.72,48.21,8315500
2024-02-27 19:00:00-05:00,47.98,48.66,47.98,48.48,4347500
2024-02-28 19:00:00-05:00,48.84,49.07,48.24,48.81,6845500
2024-02-29 19:00:00-05:00,48.92,48.92,48.03,48.45,4499000
2024-03-03 19:00:00-05:00,47.94,48.63,47.65,48.61,4577500
2024-03-04 19:00:00-05:00,48.48,48.48,47.53,47.57,4821500
2024-03-05 19:00:00-05:00,47.76,48.16,47.56,48.11,3554000
2024-03-06 19:00:00-05:00,48.17,48.38,47.41,47.81,4306000
2024-03-07 19:00:00-05:00,48.11,48.30,47.69,48.08,2498500
2024-03-10 20:00:00-04:00,48.03,48.07,47.24,47.77,3068000
2024-03-11 20:00:00-04:00,47.87,48.43,47.62,47.92,2908000
2024-03-12 20:00:00-04:00,48.02,49.17,47.94,48.69,6116000
2024-03-13 20:00:00-04:00,49.16,49.21,47.93,48.73,9044500
2024-03-14 20:00:00-04:00,48.51,49.83,48.41,49.36,7290000
2024-03-17 20:00:00-04:00,49.62,49.66,48.76,49.08,3952000
2024-03-18 20:00:00-04:00,49.05,49.64,48.98,49.21,4153500
2024-03-19 20:00:00-04:00,49.36,49.42,48.57,49.33,4358500
2024-03-20 20:00:00-04:00,49.14,51.44,49.14,51.09,5640500
2024-03-21 20:00:00-04:00,50.93,51.06,50.23,50.47,6169500
2024-03-24 20:00:00-04:00,50.38,50.67,49.62,49.65,3813000
2024-03-25 20:00:00-04:00,49.65,49.86,49.34,49.53,3226000
2024-03-26 20:00:00-04:00,49.82,50.07,49.52,49.99,4080500
2024-03-27 20:00:00-04:00,50.24,50.63,49.80,50.23,3235000
2024-03-31 20:00:00-04:00,50.23,50.48,49.41,49.57,4469000
2024-04-01 20:00:00-04:00,49.52,49.68,48.81,49.31,4338500
2024-04-02 20:00:00-04:00,49.32,49.54,48.35,48.39,4334000
2024-04-03 20:00:00-04:00,49.04,49.11,48.19,48.47,4682000
2024-04-04 20:00:00-04:00,48.47,48.81,48.11,48.46,6142500
2024-04-07 20:00:00-04:00,48.25,48.79,47.88,47.90,5068000
2024-04-08 20:00:00-04:00,48.23,48.70,47.62,48.60,3951500
2024-04-09 20:00:00-04:00,47.78,48.73,47.35,48.62,4538000
2024-04-10 20:00:00-04:00,48.89,48.89,47.36,48.02,5393500
2024-04-11 20:00:00-04:00,47.56,47.71,46.87,47.00,4959500
2024-04-14 20:00:00-04:00,47.66,47.75,46.36,46.44,4722500
2024-04-15 20:00:00-04:00,46.54,47.33,46.54,46.99,5517500
2024-04-16 20:00:00-04:00,47.19,47.67,47.10,47.48,6100000
2024-04-17 20:00:00-04:00,47.93,48.01,47.24,47.48,4133500
2024-04-18 20:00:00-04:00,47.62,48.63,47.62,48.52,6424000
2024-04-21 20:00:00-04:00,49.04,49.17,48.50,48.63,5352500
2024-04-22 20:00:00-04:00,48.94,49.83,48.83,49.13,5048000
2024-04-23 20:00:00-04:00,48.57,49.58,48.16,49.54,6607500
2024-04-24 20:00:00-04:00,49.54,51.06,48.23,50.91,11477500
2024-04-25 20:00:00-04:00,50.80,52.72,50.68,52.57,7997500
2024-04-28 20:00:00-04:00,52.47,53.39,52.16,53.33,5331000
2024-04-29 20:00:00-04:00,53.23,53.62,52.27,52.41,4837500
2024-04-30 20:00:00-04:00,52.51,52.70,51.33,52.05,7468000
2024-05-01 20:00:00-04:00,52.09,52.09,51.09,51.19,6347000
2024-05-02 20:00:00-04:00,51.43,52.18,51.14,51.86,5675500
2024-05-05 20:00:00-04:00,51.91,52.04,51.38,51.73,3408500
2024-05-06 20:00:00-04:00,51.84,52.38,51.50,51.85,3204500
2024-05-07 20:00:00-04:00,51.44,51.64,51.08,51.18,4167500
2024-05-08 20:00:00-04:00,51.19,51.91,51.05,51.76,3051500
2024-05-09 20:00:00-04:00,51.78,52.24,51.51,52.10,4657500
2024-05-12 20:00:00-04:00,52.32,52.55,51.82,52.14,3967500
2024-05-13 20:00:00-04:00,52.32,52.99,52.06,52.69,4734500
2024-05-14 20:00:00-04:00,52.53,53.05,52.48,52.97,3018500
2024-05-15 20:00:00-04:00,52.67,53.47,52.67,53.01,3965500
2024-05-16 20:00:00-04:00,53.15,54.92,52.59,54.83,10907000
2024-05-19 20:00:00-04:00,54.96,55.26,54.01,54.52,5299500
2024-05-20 20:00:00-04:00,54.79,55.23,54.24,54.83,9284000
2024-05-21 20:00:00-04:00,54.68,55.05,54.01,54.27,3628000
2024-05-22 20:00:00-04:00,54.39,54.82,53.80,54.37,4554500
2024-05-23 20:00:00-04:00,54.52,54.54,53.99,54.34,3950000
2024-05-27 20:00:00-04:00,54.23,54.38,53.88,54.31,5393000
2024-05-28 20:00:00-04:00,54.01,54.21,53.58,54.15,3758500
2024-05-29 20:00:00-04:00,54.43,54.72,54.05,54.11,3651000
2024-05-30 20:00:00-04:00,54.26,55.01,53.73,54.97,6606000
2024-06-02 20:00:00-04:00,54.03,54.21,50.61,51.55,9901500
2024-06-03 20:00:00-04:00,51.14,52.69,51.13,51.97,5895000
2024-06-04 20:00:00-04:00,52.01,52.13,51.56,52.10,5513000
2024-06-05 20:00:00-04:00,51.89,52.15,51.67,51.98,3417000
2024-06-06 20:00:00-04:00,51.90,52.57,51.75,52.20,4773000
2024-06-09 20:00:00-04:00,52.20,52.78,51.90,52.72,3164000
2024-06-10 20:00:00-04:00,52.60,53.77,52.29,53.62,5581000
2024-06-11 20:00:00-04:00,53.95,54.12,53.25,53.93,4295000
2024-06-12 20:00:00-04:00,54.12,54.39,53.47,54.24,5420500
2024-06-13 20:00:00-04:00,54.09,54.38,53.52,54.00,4658000
2024-06-16 20:00:00-04:00,53.76,55.89,53.72,55.79,4498500
2024-06-17 20:00:00-04:00,55.78,55.95,55.23,55.87,5102500
2024-06-19 20:00:00-04:00,55.87,55.87,53.94,54.00,8794500
2024-06-20 20:00:00-04:00,53.74,54.85,53.74,54.25,8777500
2024-06-23 20:00:00-04:00,54.10,54.99,53.06,53.44,6208500
2024-06-24 20:00:00-04:00,53.12,53.12,50.56,50.98,13781500
2024-06-25 20:00:00-04:00,50.97,52.00,50.54,51.45,7274000
2024-06-26 20:00:00-04:00,51.29,51.82,51.06,51.55,10605500
2024-06-27 20:00:00-04:00,52.45,53.29,51.74,52.02,8505000
2024-06-30 20:00:00-04:00,52.23,52.73,51.38,51.59,5070500
2024-07-01 20:00:00-04:00,51.54,51.67,51.13,51.26,3718500
2024-07-02 20:00:00-04:00,50.97,51.03,49.85,50.42,3832500
2024-07-04 20:00:00-04:00,50.45,50.72,50.16,50.59,5409000
2024-07-07 20:00:00-04:00,50.77,50.95,49.50,50.27,6263000
2024-07-08 20:00:00-04:00,50.13,50.22,49.37,49.57,4339500
2024-07-09 20:00:00-04:00,49.70,49.98,49.37,49.95,4669000
2024-07-10 20:00:00-04:00,50.07,50.90,49.95,50.64,5732000
2024-07-11 20:00:00-04:00,50.91,52.46,50.89,52.23,4743000
2024-07-14 20:00:00-04:00,52.25,52.98,51.50,52.19,6095000
2024-07-15 20:00:00-04:00,52.28,54.57,52.19,54.56,5980000
2024-07-16 20:00:00-04:00,54.06,54.57,53.68,53.72,4831000
2024-07-17 20:00:00-04:00,53.66,53.66,51.84,52.01,6645500
2024-07-18 20:00:00-04:00,51.98,52.33,51.39,51.73,3967500
2024-07-21 20:00:00-04:00,51.80,52.32,50.68,52.23,5528000
2024-07-22 20:00:00-04:00,52.37,52.44,51.74,52.09,4008000
2024-07-23 20:00:00-04:00,51.92,52.05,50.58,50.58,6554500
2024-07-24 20:00:00-04:00,49.42,51.58,48.69,49.60,11680500
2024-07-25 20:00:00-04:00,49.99,51.41,49.99,50.58,4857000
2024-07-28 20:00:00-04:00,50.66,51.13,50.18,51.08,3598000
2024-07-29 20:00:00-04:00,50.92,51.08,50.13,50.43,5968500
2024-07-30 20:00:00-04:00,50.58,51.34,50.13,50.74,2863000
2024-07-31 20:00:00-04:00,50.90,51.04,49.15,49.38,3743000
2024-08-01 20:00:00-04:00,48.77,48.79,47.85,48.70,4402000
2024-08-04 20:00:00-04:00,48.19,49.87,47.69,49.36,6070500
2024-08-05 20:00:00-04:00,49.95,50.55,49.39,50.10,3682500
2024-08-06 20:00:00-04:00,50.29,50.61,48.47,48.55,4040000
2024-08-07 20:00:00-04:00,48.91,50.48,48.58,50.27,3619500
2024-08-08 20:00:00-04:00,50.27,50.80,49.64,50.20,3109500
2024-08-11 20:00:00-04:00,50.24,51.12,49.94,50.53,3882500
2024-08-12 20:00:00-04:00,50.33,51.25,49.61,50.16,3848000
2024-08-13 20:00:00-04:00,50.30,50.94,49.79,50.54,2810000
2024-08-14 20:00:00-04:00,51.26,51.88,50.36,50.68,3102000
2024-08-15 20:00:00-04:00,50.94,51.01,50.54,50.77,5094000
2024-08-18 20:00:00-04:00,50.65,51.08,50.43,50.86,3072000
2024-08-19 20:00:00-04:00,50.76,51.12,50.70,50.75,2621500
2024-08-20 20:00:00-04:00,50.50,51.86,50.11,51.56,3056000
2024-08-21 20:00:00-04:00,51.59,51.61,51.03,51.11,1990500
2024-08-22 20:00:00-04:00,51.58,51.93,51.20,51.87,2554000
2024-08-25 20:00:00-04:00,52.16,53.12,51.94,52.78,4121000
2024-08-26 20:00:00-04:00,52.48,52.90,52.18,52.81,3088500
2024-08-27 20:00:00-04:00,52.68,53.31,52.67,52.87,3148500
2024-08-28 20:00:00-04:00,53.25,53.73,52.84,52.96,2862000
2024-08-29 20:00:00-04:00,52.82,52.82,51.42,51.76,6812000
2024-09-02 20:00:00-04:00,51.62,52.10,51.36,51.92,5317000
2024-09-03 20:00:00-04:00,52.00,52.91,51.72,52.76,4919000
2024-09-04 20:00:00-04:00,52.73,52.73,51.72,52.39,3414000
2024-09-05 20:00:00-04:00,52.56,53.02,52.05,52.35,4937500
2024-09-08 20:00:00-04:00,52.46,53.38,52.46,52.78,5491500
2024-09-09 20:00:00-04:00,52.65,52.82,51.87,52.39,3206000
2024-09-10 20:00:00-04:00,52.39,53.52,51.68,53.45,3407000
2024-09-11 20:00:00-04:00,53.55,54.19,53.25,54.07,2504500
2024-09-12 20:00:00-04:00,54.50,55.40,54.37,54.75,2703000
2024-09-15 20:00:00-04:00,54.99,55.54,54.58,54.83,3185500
2024-09-16 20:00:00-04:00,54.54,54.84,53.51,53.54,3515000
2024-09-17 20:00:00-04:00,53.69,54.11,53.16,53.30,2091500
2024-09-18 20:00:00-04:00,54.13,54.13,52.85,53.01,3919000
2024-09-19 20:00:00-04:00,53.01,53.35,52.48,53.18,4168000
2024-09-22 20:00:00-04:00,53.35,54.00,52.80,53.56,4177000
2024-09-23 20:00:00-04:00,53.56,53.95,53.12,53.70,3096500
2024-09-24 20:00:00-04:00,53.88,54.43,53.51,54.34,3126500
2024-09-25 20:00:00-04:00,54.60,55.22,54.36,55.19,3830500
2024-09-26 20:00:00-04:00,55.57,56.08,55.36,55.36,3567500
2024-09-29 20:00:00-04:00,55.52,56.40,55.52,56.29,4362000
2024-09-30 20:00:00-04:00,56.14,57.43,55.83,57.10,7800500
2024-10-01 20:00:00-04:00,57.10,57.72,56.88,57.67,5482000
2024-10-02 20:00:00-04:00,57.14,57.65,56.04,56.47,7218000
2024-10-03 20:00:00-04:00,56.90,57.56,56.63,57.07,3859000
2024-10-06 20:00:00-04:00,56.87,57.08,56.35,56.85,3646000
2024-10-07 20:00:00-04:00,56.85,58.85,56.75,58.76,4827000
2024-10-08 20:00:00-04:00,58.73,59.20,57.75,58.23,5552000
2024-10-09 20:00:00-04:00,58.10,58.28,57.23,57.53,4080500
2024-10-10 20:00:00-04:00,57.90,58.83,57.64,58.69,2661000
2024-10-13 20:00:00-04:00,58.73,59.28,58.34,58.77,2892000
2024-10-14 20:00:00-04:00,58.54,59.52,58.13,58.20,4017000
2024-10-15 20:00:00-04:00,57.98,58.78,57.79,58.58,4018500
2024-10-16 20:00:00-04:00,58.94,58.95,57.69,57.72,3849000
2024-10-17 20:00:00-04:00,57.95,58.06,57.52,57.58,4117000
2024-10-20 20:00:00-04:00,57.52,57.75,56.56,57.00,6194500
2024-10-21 20:00:00-04:00,56.50,56.63,55.85,56.39,4650500
2024-10-22 20:00:00-04:00,56.20,56.80,56.00,56.51,5576000
2024-10-23 20:00:00-04:00,54.85,55.65,52.91,53.07,11095000
2024-10-24 20:00:00-04:00,53.85,53.98,52.53,52.77,4129000
2024-10-27 20:00:00-04:00,53.27,53.27,52.17,52.24,4394500
2024-10-28 20:00:00-04:00,51.87,52.86,51.69,52.01,5293000
2024-10-29 20:00:00-04:00,51.76,52.48,51.65,51.84,5507000
2024-10-30 20:00:00-04:00,51.64,52.10,51.33,51.37,5783000
2024-10-31 20:00:00-04:00,51.65,52.45,51.54,51.57,5469500
2024-11-03 19:00:00-05:00,51.88,53.08,51.53,52.31,4962000
2024-11-04 19:00:00-05:00,52.34,53.51,52.34,53.44,5259500
2024-11-05 19:00:00-05:00,53.60,55.98,53.60,55.90,12038500
2024-11-06 19:00:00-05:00,56.19,56.64,55.49,55.97,6264500
2024-11-07 19:00:00-05:00,56.30,56.92,55.68,55.83,6009500
2024-11-10 19:00:00-05:00,55.94,55.94,54.15,54.48,4271500
2024-11-11 19:00:00-05:00,54.38,54.71,53.94,54.02,4191000
2024-11-12 19:00:00-05:00,53.92,54.25,53.59,53.93,2853000
2024-11-13 19:00:00-05:00,54.03,54.58,53.53,53.61,3558000
2024-11-14 19:00:00-05:00,53.44,54.00,53.13,53.33,4994000
2024-11-17 19:00:00-05:00,53.11,53.76,52.98,53.56,3266500
2024-11-18 19:00:00-05:00,53.18,53.49,52.65,52.79,5137500
2024-11-19 19:00:00-05:00,52.43,52.59,51.82,52.24,4822000
2024-11-20 19:00:00-05:00,52.71,53.21,52.34,52.94,4316500
2024-11-21 19:00:00-05:00,53.10,54.85,53.10,54.50,4001500
2024-11-24 19:00:00-05:00,55.27,55.98,55.10,55.55,8781000
2024-11-25 19:00:00-05:00,55.32,55.75,54.38,54.42,3936500
2024-11-26 19:00:00-05:00,54.65,55.70,54.61,54.77,3653500
2024-11-28 19:00:00-05:00,55.18,55.74,54.88,55.10,3819500
2024-12-01 19:00:00-05:00,55.15,56.48,54.48,56.38,5956000
2024-12-02 19:00:00-05:00,55.99,56.24,54.93,55.35,6112500
2024-12-03 19:00:00-05:00,55.36,55.88,54.91,55.52,4920500
2024-12-04 19:00:00-05:00,55.70,56.29,54.14,54.86,5766000
2024-12-05 19:00:00-05:00,55.47,55.97,54.74,54.86,5348000
2024-12-08 19:00:00-05:00,54.86,55.33,54.19,55.11,7367000
2024-12-09 19:00:00-05:00,55.16,55.96,54.85,55.30,3844000
2024-12-10 19:00:00-05:00,55.57,56.11,55.32,55.45,4081000
2024-12-11 19:00:00-05:00,55.43,55.80,54.96,55.41,3603000
2024-12-12 19:00:00-05:00,55.60,55.79,55.10,55.44,3838000
2024-12-15 19:00:00-05:00,55.69,55.82,53.67,53.71,5853500
2024-12-16 19:00:00-05:00,53.81,54.04,53.04,53.45,6116000
2024-12-17 19:00:00-05:00,53.60,53.60,51.49,51.51,7128000
2024-12-18 19:00:00-05:00,51.48,51.82,50.96,51.28,7494000
2024-12-19 19:00:00-05:00,51.14,52.86,51.14,52.36,10938900
2024-12-22 19:00:00-05:00,51.79,52.36,51.22,52.14,5348600
2024-12-23 19:00:00-05:00,52.14,52.93,51.78,52.92,2000600
2024-12-25 19:00:00-05:00,53.02,53.99,52.39,53.89,3416500
2024-12-26 19:00:00-05:00,53.49,53.97,52.70,52.99,3466600
2024-12-29 19:00:00-05:00,52.44,52.52,51.04,51.07,3997200
2024-12-30 19:00:00-05:00,51.08,52.09,50.94,51.53,4204800
2025-01-01 19:00:00-05:00,51.59,52.09,50.47,50.87,4838600
2025-01-02 19:00:00-05:00,50.93,51.17,49.80,50.43,6346100
2025-01-05 19:00:00-05:00,50.84,52.25,50.43,52.10,6099000
2025-01-06 19:00:00-05:00,52.34,52.65,51.74,52.32,3537100
2025-01-07 19:00:00-05:00,52.30,52.93,51.91,52.82,4148400
2025-01-09 19:00:00-05:00,52.68,54.19,52.60,53.02,6356700
2025-01-12 19:00:00-05:00,52.44,53.08,52.10,53.00,4980400
2025-01-13 19:00:00-05:00,53.08,53.25,51.51,51.65,3845400
2025-01-14 19:00:00-05:00,52.39,52.85,51.29,51.57,4975400
2025-01-15 19:00:00-05:00,51.39,52.18,51.11,51.99,4715300
2025-01-16 19:00:00-05:00,52.54,53.14,51.97,52.11,5583000
2025-01-20 19:00:00-05:00,52.54,55.41,52.46,55.24,7910500
2025-01-21 19:00:00-05:00,55.19,56.44,55.07,55.81,4867200
2025-01-22 19:00:00-05:00,55.84,56.64,55.61,55.73,5468100
2025-01-23 19:00:00-05:00,55.76,56.35,55.59,56.27,3384300
2025-01-26 19:00:00-05:00,55.75,57.03,55.73,56.26,4213600
2025-01-27 19:00:00-05:00,55.99,57.26,55.71,55.73,4134900
2025-01-28 19:00:00-05:00,55.59,56.73,55.30,55.51,6908800
2025-01-29 19:00:00-05:00,52.48,53.83,51.96,52.72,9205400
2025-01-30 19:00:00-05:00,52.95,53.32,51.77,52.79,9309300
2025-02-02 19:00:00-05:00,51.96,53.63,51.85,53.01,6833900
2025-02-03 19:00:00-05:00,53.07,53.31,52.19,52.48,6172500
2025-02-04 19:00:00-05:00,52.73,52.73,51.92,52.06,4063600
2025-02-05 19:00:00-05:00,52.06,52.21,51.24,51.53,7711000
2025-02-06 19:00:00-05:00,51.64,51.85,50.99,51.42,6337900
2025-02-09 19:00:00-05:00,51.62,53.04,51.52,52.86,4881800
2025-02-10 19:00:00-05:00,52.75,53.47,52.34,53.38,5753000
2025-02-11 19:00:00-05:00,52.86,54.32,52.51,54.26,4078900
2025-02-12 19:00:00-05:00,54.38,55.39,54.17,55.35,7402400
2025-02-13 19:00:00-05:00,55.56,55.72,54.96,55.49,4901300
2025-02-17 19:00:00-05:00,55.74,56.09,55.01,56.06,4424500
2025-02-18 19:00:00-05:00,55.83,56.39,54.79,56.19,4111700
2025-02-19 19:00:00-05:00,56.26,56.32,55.58,56.07,2643200
2025-02-20 19:00:00-05:00,56.11,56.28,54.48,54.74,4037300
2025-02-23 19:00:00-05:00,54.77,54.93,53.72,54.44,6781900
2025-02-24 19:00:00-05:00,54.44,55.99,54.15,55.37,5910600
2025-02-25 19:00:00-05:00,55.56,55.90,53.55,53.77,4009000
2025-02-26 19:00:00-05:00,53.58,54.15,53.20,53.36,3184100
2025-02-27 19:00:00-05:00,53.57,54.15,52.96,53.97,5014400
2025-03-02 19:00:00-05:00,54.02,54.59,53.26,53.53,4846300
2025-03-03 19:00:00-05:00,53.42,54.67,52.92,53.73,5203100
2025-03-04 19:00:00-05:00,53.54,53.79,52.80,53.58,4735500
2025-03-05 19:00:00-05:00,53.23,53.51,52.74,53.23,4877800
2025-03-06 19:00:00-05:00,53.02,55.70,52.77,55.47,6108600
2025-03-09 20:00:00-04:00,55.56,58.24,55.35,55.79,7456100
2025-03-10 20:00:00-04:00,55.30,55.79,52.50,52.58,8280500
2025-03-11 20:00:00-04:00,52.12,52.52,51.04,51.06,4248700
2025-03-12 20:00:00-04:00,50.92,51.49,50.31,50.37,4827900
2025-03-13 20:00:00-04:00,51.03,51.10,50.21,50.54,4445300
2025-03-16 20:00:00-04:00,50.93,52.14,50.59,51.81,7407800
2025-03-17 20:00:00-04:00,51.52,51.54,50.96,51.34,2649500
2025-03-18 20:00:00-04:00,51.66,51.77,50.66,51.48,3503700
2025-03-19 20:00:00-04:00,51.27,51.78,50.50,50.55,3084800
2025-03-20 20:00:00-04:00,50.36,51.23,49.84,51.15,6332700
2025-03-23 20:00:00-04:00,51.66,52.29,51.47,52.20,3391300
2025-03-24 20:00:00-04:00,52.05,52.38,51.20,51.51,3243400
2025-03-25 20:00:00-04:00,51.60,52.72,51.54,52.53,2454500
2025-03-26 20:00:00-04:00,52.57,53.33,52.17,52.81,4651400
2025-03-27 20:00:00-04:00,52.73,52.86,51.99,52.14,3599700
2025-03-30 20:00:00-04:00,52.21,54.04,52.14,53.73,7950200
2025-03-31 20:00:00-04:00,53.52,54.06,53.17,53.76,4992100
2025-04-01 20:00:00-04:00,53.20,54.56,52.90,54.23,3245900
2025-04-02 20:00:00-04:00,54.25,54.79,53.26,54.38,7008400
2025-04-03 20:00:00-04:00,52.18,54.41,50.99,51.09,7533400
2025-04-06 20:00:00-04:00,48.92,51.00,47.60,48.12,9293400
2025-04-07 20:00:00-04:00,49.37,49.57,46.24,46.82,8787900
2025-04-08 20:00:00-04:00,46.09,50.41,45.80,50.10,7510200
2025-04-09 20:00:00-04:00,49.69,50.75,48.80,50.04,5802900
2025-04-10 20:00:00-04:00,49.99,50.56,48.46,50.38,4341700
2025-04-13 20:00:00-04:00,50.99,51.41,50.29,50.87,3863700
2025-04-14 20:00:00-04:00,50.97,50.97,49.55,49.73,4318500
2025-04-15 20:00:00-04:00,49.73,49.81,48.01,48.13,4745100
2025-04-16 20:00:00-04:00,48.37,49.24,48.26,48.91,4481900
2025-04-20 20:00:00-04:00,48.94,49.08,47.68,48.35,5128300
2025-04-21 20:00:00-04:00,48.60,49.84,48.60,49.03,5938100
2025-04-22 20:00:00-04:00,50.39,50.85,49.19,49.47,6627800
2025-04-23 20:00:00-04:00,46.90,47.90,45.68,47.78,12588000
2025-04-24 20:00:00-04:00,47.98,48.88,47.73,48.68,6949000
2025-04-27 20:00:00-04:00,48.68,49.07,47.05,47.78,6417600
2025-04-28 20:00:00-04:00,47.41,48.70,47.20,48.63,3468600
2025-04-29 20:00:00-04:00,48.36,49.61,48.12,49.36,10114500
2025-04-30 20:00:00-04:00,48.70,49.37,47.96,49.10,5554500
2025-05-01 20:00:00-04:00,49.64,50.25,49.13,49.57,6274500
2025-05-04 20:00:00-04:00,49.55,50.29,49.29,49.96,4759200
2025-05-05 20:00:00-04:00,49.74,49.93,49.40,49.75,3519100
2025-05-06 20:00:00-04:00,50.01,50.24,49.16,49.69,4106800
2025-05-07 20:00:00-04:00,49.91,50.66,49.59,50.14,4164200
2025-05-08 20:00:00-04:00,50.17,50.36,49.28,50.02,3590100
2025-05-11 20:00:00-04:00,51.16,51.88,50.75,51.41,6582100
2025-05-12 20:00:00-04:00,51.32,51.56,50.39,51.01,9814500
2025-05-13 20:00:00-04:00,50.89,51.01,50.04,50.10,6486500
2025-05-14 20:00:00-04:00,50.10,50.88,49.76,50.87,5637700
2025-05-15 20:00:00-04:00,50.87,51.82,50.64,51.67,5247100
2025-05-18 20:00:00-04:00,51.24,51.87,50.95,51.59,4766100
2025-05-19 20:00:00-04:00,51.44,51.72,50.11,50.31,4914000
2025-05-20 20:00:00-04:00,49.88,49.88,48.70,48.79,5460800
2025-05-21 20:00:00-04:00,48.80,48.88,47.69,48.43,4831000
2025-05-22 20:00:00-04:00,47.98,48.74,47.89,48.46,3690100
2025-05-26 20:00:00-04:00,48.89,49.54,48.67,49.13,6118200
2025-05-27 20:00:00-04:00,49.11,49.29,47.93,48.06,5199500
2025-05-28 20:00:00-04:00,48.18,48.77,47.53,47.97,5663800
2025-05-29 20:00:00-04:00,48.00,48.25,47.26,47.41,7785200
2025-06-01 20:00:00-04:00,47.06,47.10,46.27,46.88,6610800
2025-06-02 20:00:00-04:00,46.95,48.21,46.87,48.05,7440800
2025-06-03 20:00:00-04:00,48.24,49.19,48.08,48.33,7022200
2025-06-04 20:00:00-04:00,48.35,50.97,48.35,50.40,10694300
2025-06-05 20:00:00-04:00,50.71,50.92,49.58,49.90,6995100
2025-06-08 20:00:00-04:00,49.91,50.03,49.17,49.48,4970100
2025-06-09 20:00:00-04:00,49.61,50.47,49.47,50.43,5136600
2025-06-10 20:00:00-04:00,50.50,50.84,49.84,50.26,4278900
2025-06-11 20:00:00-04:00,50.16,51.03,49.95,50.68,4552000
2025-06-12 20:00:00-04:00,50.43,50.83,50.05,50.49,3688300
2025-06-15 20:00:00-04:00,51.05,51.08,50.34,50.63,4224000
2025-06-16 20:00:00-04:00,50.26,50.99,49.62,49.94,4923700
2025-06-17 20:00:00-04:00,50.05,51.31,49.97,50.97,4237600
2025-06-19 20:00:00-04:00,51.30,51.60,50.82,51.45,5733400
2025-06-22 20:00:00-04:00,51.59,52.64,51.42,52.56,4457500
2025-06-23 20:00:00-04:00,51.37,52.52,51.13,52.42,10189600
2025-06-24 20:00:00-04:00,52.31,52.32,51.36,51.72,7495900
2025-06-25 20:00:00-04:00,51.92,51.95,50.52,50.78,5582100
2025-06-26 20:00:00-04:00,50.94,51.44,50.29,50.65,9816900
2025-06-29 20:00:00-04:00,50.66,51.82,50.23,51.69,5371700
2025-06-30 20:00:00-04:00,51.39,53.46,51.18,52.97,7108300
2025-07-01 20:00:00-04:00,53.05,54.32,52.91,54.01,6040000
2025-07-02 20:00:00-04:00,54.01,54.01,53.07,53.51,2938400
2025-07-06 20:00:00-04:00,53.53,55.74,53.52,55.60,8825400
2025-07-07 20:00:00-04:00,55.40,55.70,54.33,55.61,5314600
2025-07-08 20:00:00-04:00,55.68,56.15,55.19,56.04,4659800
2025-07-09 20:00:00-04:00,55.85,56.87,55.65,56.27,5024100
2025-07-10 20:00:00-04:00,55.89,56.14,55.54,55.63,5881100
2025-07-13 20:00:00-04:00,55.39,56.88,55.30,56.85,4502300
2025-07-14 20:00:00-04:00,56.84,57.17,55.17,55.19,7496300
2025-07-15 20:00:00-04:00,55.50,55.51,53.57,54.89,6088800
2025-07-16 20:00:00-04:00,54.95,55.79,54.95,55.67,3863900
2025-07-17 20:00:00-04:00,55.92,55.95,54.84,55.42,4284600
2025-07-20 20:00:00-04:00,55.69,56.78,55.68,56.24,4681500
2025-07-21 20:00:00-04:00,56.18,57.94,56.00,57.77,4773800
2025-07-22 20:00:00-04:00,58.04,59.20,57.22,58.40,10420300
2025-07-23 20:00:00-04:00,62.65,62.68,56.80,58.13,15356100
2025-07-24 20:00:00-04:00,58.34,58.60,57.32,58.12,7589200
2025-07-27 20:00:00-04:00,57.79,58.04,56.60,56.92,7983200
2025-07-28 20:00:00-04:00,56.92,57.98,56.75,57.39,6466900
2025-07-29 20:00:00-04:00,57.54,57.54,56.33,56.65,4556400
2025-07-30 20:00:00-04:00,56.26,56.98,55.57,55.79,4179200
2025-07-31 20:00:00-04:00,55.85,56.49,54.36,56.45,5505300
2025-08-03 20:00:00-04:00,56.45,58.31,56.31,58.28,5391300
2025-08-04 20:00:00-04:00,58.29,58.83,58.01,58.55,3357400
2025-08-05 20:00:00-04:00,58.50,59.18,57.94,59.02,3831500
2025-08-06 20:00:00-04:00,59.26,59.56,58.27,58.79,2961500
2025-08-07 20:00:00-04:00,58.80,58.94,57.96,58.05,3277600
2025-08-10 20:00:00-04:00,58.16,58.70,57.65,58.31,4850000
2025-08-11 20:00:00-04:00,58.24,58.95,57.70,58.09,4822200
2025-08-12 20:00:00-04:00,58.24,58.72,57.85,58.51,5140700
2025-08-13 20:00:00-04:00,57.69,58.67,57.32,58.47,3984200
2025-08-14 20:00:00-04:00,58.61,59.31,58.57,59.25,3901500
2025-08-17 20:00:00-04:00,59.41,60.47,59.41,59.85,5652900
2025-08-18 20:00:00-04:00,59.99,61.37,59.99,61.01,4393100
2025-08-19 20:00:00-04:00,61.03,61.03,59.70,59.78,3477500
2025-08-20 20:00:00-04:00,59.56,60.03,59.26,59.75,2627500
2025-08-21 20:00:00-04:00,60.10,60.43,59.76,60.35,3230200
2025-08-24 20:00:00-04:00,60.43,61.17,59.99,60.49,3261800
2025-08-25 20:00:00-04:00,60.50,60.83,60.10,60.66,4276400
2025-08-26 20:00:00-04:00,60.81,61.84,60.76,61.33,3587600
2025-08-27 20:00:00-04:00,61.26,61.69,60.61,61.60,3708300
2025-08-28 20:00:00-04:00,61.60,61.82,60.60,60.72,5217400
2025-09-01 20:00:00-04:00,60.68,61.22,60.32,60.49,3230500
2025-09-02 20:00:00-04:00,60.28,60.52,58.98,59.13,6107600
2025-09-03 20:00:00-04:00,59.35,59.81,59.16,59.62,4677100
2025-09-04 20:00:00-04:00,59.76,59.85,59.05,59.51,3211800
2025-09-07 20:00:00-04:00,59.35,59.45,58.13,59.08,5475400
2025-09-08 20:00:00-04:00,58.80,58.95,57.83,58.09,3722000
2025-09-09 20:00:00-04:00,57.76,58.16,57.27,57.47,3129300
2025-09-10 20:00:00-04:00,57.56,59.25,57.49,59.01,3798700
2025-09-11 20:00:00-04:00,58.70,59.63,58.58,59.59,4395300
2025-09-14 20:00:00-04:00,59.52,59.84,58.55,58.61,6271000
2025-09-15 20:00:00-04:00,58.55,58.83,57.50,58.00,5254500
2025-09-16 20:00:00-04:00,58.20,59.00,57.90,58.11,3551300
2025-09-17 20:00:00-04:00,58.61,59.36,58.31,58.87,4153800
2025-09-18 20:00:00-04:00,59.03,59.14,58.05,58.66,6769900
2025-09-21 20:00:00-04:00,58.49,58.64,57.14,57.17,4335700
2025-09-22 20:00:00-04:00,57.33,57.70,57.09,57.58,3024500
2025-09-23 20:00:00-04:00,57.27,57.30,56.26,56.39,4808900
2025-09-24 20:00:00-04:00,56.14,56.24,55.29,55.47,4254600
2025-09-25 20:00:00-04:00,55.55,55.86,55.24,55.57,2999500
2025-09-28 20:00:00-04:00,55.71,55.84,55.04,55.74,3572000
2025-09-29 20:00:00-04:00,55.74,56.12,55.09,55.92,5084400
2025-09-30 20:00:00-04:00,55.97,56.53,54.95,54.98,5747500
2025-10-01 20:00:00-04:00,54.78,55.54,54.59,55.29,3875400
2025-10-02 20:00:00-04:00,55.16,55.34,54.50,54.89,3016000
2025-10-05 20:00:00-04:00,54.87,55.12,53.74,53.77,3802300
2025-10-06 20:00:00-04:00,53.67,53.86,52.37,52.81,4918800
2025-10-07 20:00:00-04:00,52.79,53.44,52.38,53.02,4646400
2025-10-08 20:00:00-04:00,54.41,55.21,52.81,53.31,6383400
2025-10-09 20:00:00-04:00,53.55,53.81,52.60,53.33,6006900
2025-10-12 20:00:00-04:00,53.46,54.34,53.39,53.99,5175600
2025-10-13 20:00:00-04:00,53.72,54.79,53.54,54.55,3767400
2025-10-14 20:00:00-04:00,54.61,55.63,54.57,54.87,6635500
2025-10-15 20:00:00-04:00,55.06,55.19,53.97,54.24,3952700
2025-10-16 20:00:00-04:00,54.46,54.68,53.98,54.27,3386300
2025-10-19 20:00:00-04:00,54.53,54.67,53.73,54.36,4503200
2025-10-20 20:00:00-04:00,54.08,54.63,53.72,53.85,4686200
2025-10-21 20:00:00-04:00,53.82,54.27,53.55,53.91,5468800
2025-10-22 20:00:00-04:00,52.31,57.23,52.26,55.41,14800100
2025-10-23 20:00:00-04:00,56.54,57.22,55.05,55.34,6354300
2025-10-26 20:00:00-04:00,55.33,55.59,54.82,55.43,4952800
2025-10-27 20:00:00-04:00,55.03,55.23,54.41,54.56,4042500
2025-10-28 20:00:00-04:00,54.25,54.35,53.08,53.33,4040900
2025-10-29 20:00:00-04:00,53.31,54.01,52.62,53.21,4235000
2025-10-30 20:00:00-04:00,53.02,53.35,52.54,53.20,3834800
2025-11-02 19:00:00-05:00,53.30,53.30,51.03,51.61,7643300
2025-11-03 19:00:00-05:00,51.61,52.38,51.20,52.16,4674300
2025-11-04 19:00:00-05:00,52.32,53.45,52.23,53.02,5992600
2025-11-05 19:00:00-05:00,52.48,52.82,51.99,52.21,4611900
2025-11-06 19:00:00-05:00,52.33,53.39,52.26,53.36,3585800
2025-11-09 19:00:00-05:00,53.30,55.02,53.02,54.53,6493100
2025-11-10 19:00:00-05:00,54.51,55.99,54.51,55.00,7143000
2025-11-11 19:00:00-05:00,54.94,55.18,54.01,55.04,4601900
2025-11-12 19:00:00-05:00,54.97,55.99,54.86,55.24,4264400
2025-11-13 19:00:00-05:00,55.05,55.43,54.42,54.49,4955300
2025-11-16 19:00:00-05:00,54.30,54.82,52.48,52.78,5655200
2025-11-17 19:00:00-05:00,51.96,52.96,51.15,52.63,7977400
2025-11-18 19:00:00-05:00,52.66,52.88,51.22,51.66,5590200
2025-11-19 19:00:00-05:00,51.69,52.48,51.37,51.76,4282900
2025-11-20 19:00:00-05:00,51.78,53.07,51.56,52.03,5548400
2025-11-23 19:00:00-05:00,52.90,53.42,51.92,52.37,15463500
2025-11-24 19:00:00-05:00,52.45,54.20,52.35,53.74,5930500
2025-11-25 19:00:00-05:00,53.59,54.34,53.52,53.95,3594900
2025-11-27 19:00:00-05:00,53.99,54.18,53.46,54.10,2111700
2025-11-30 19:00:00-05:00,53.69,54.25,52.85,52.99,5810100
2025-12-01 19:00:00-05:00,53.14,53.14,52.30,52.56,4434100
2025-12-02 19:00:00-05:00,52.91,54.14,52.82,53.40,5625100
2025-12-03 19:00:00-05:00,53.48,53.90,52.76,53.70,5061600
2025-12-04 19:00:00-05:00,53.77,53.92,53.29,53.41,3634900
2025-12-07 19:00:00-05:00,53.34,53.51,52.58,52.67,5690900
2025-12-08 19:00:00-05:00,52.52,53.12,51.61,51.70,5130800
2025-12-09 19:00:00-05:00,51.88,52.49,51.75,52.20,6028400
2025-12-10 19:00:00-05:00,52.10,53.06,50.91,51.16,5803600
2025-12-11 19:00:00-05:00,51.50,51.73,51.16,51.32,4515100
2025-12-14 19:00:00-05:00,51.50,52.34,51.26,52.27,5097200
2025-12-15 19:00:00-05:00,52.36,52.48,51.65,51.98,3952000
2025-12-16 19:00:00-05:00,51.93,52.97,51.87,52.82,5481900
2025-12-17 19:00:00-05:00,52.79,52.97,51.45,51.68,6025500
2025-12-18 19:00:00-05:00,51.51,51.61,50.50,50.76,8307700
2025-12-21 19:00:00-05:00,50.52,51.15,50.51,51.07,3529200
2025-12-22 19:00:00-05:00,51.10,51.19,49.88,50.44,4502100
2025-12-23 19:00:00-05:00,50.36,51.04,50.36,51.01,1697400
2025-12-25 19:00:00-05:00,51.05,51.22,50.59,50.75,3161500
2025-12-28 19:00:00-05:00,50.82,50.97,49.86,50.18,5349500
2025-12-29 19:00:00-05:00,49.99,50.11,49.61,49.73,4752000
2025-12-30 19:00:00-05:00,49.68,49.85,49.23,49.39,4267700
2026-01-01 19:00:00-05:00,49.35,50.31,49.10,50.20,5495800
2026-01-04 19:00:00-05:00,49.77,50.22,49.01,49.21,13699600
2026-01-05 19:00:00-05:00,48.94,50.02,48.72,49.68,7469200
2026-01-06 19:00:00-05:00,49.97,50.38,49.24,49.27,11884700
2026-01-07 19:00:00-05:00,48.80,51.41,48.72,50.76,8195300
2026-01-08 19:00:00-05:00,50.84,51.49,50.34,50.87,8855700
2026-01-11 19:00:00-05:00,50.66,50.96,49.71,50.05,5979400
2026-01-12 19:00:00-05:00,50.21,51.16,50.19,51.11,6177500
2026-01-13 19:00:00-05:00,51.03,51.33,50.22,50.52,4816200
2026-01-14 19:00:00-05:00,50.53,50.83,49.81,50.10,4793500
2026-01-15 19:00:00-05:00,49.74,50.58,49.55,50.37,5365900
2026-01-19 19:00:00-05:00,50.19,51.01,49.70,50.33,7513800
2026-01-20 19:00:00-05:00,51.04,52.88,51.02,52.51,10088600
2026-01-21 19:00:00-05:00,52.86,53.96,52.51,52.73,9704500
2026-01-22 19:00:00-05:00,52.84,54.31,52.84,54.01,9863500
2026-01-25 19:00:00-05:00,54.56,55.58,54.40,54.87,10026200
2026-01-26 19:00:00-05:00,55.04,55.17,54.44,55.03,5270100
2026-01-27 19:00:00-05:00,55.19,55.35,54.39,54.45,9151500
2026-01-28 19:00:00-05:00,52.24,52.74,49.66,50.32,15463500
2026-01-29 19:00:00-05:00,50.75,51.30,49.30,50.25,15463500
2026-02-01 19:00:00-05:00,50.25,52.40,49.93,52.32,9925400
2026-02-02 19:00:00-05:00,52.12,53.52,51.79,52.80,6672800
2026-02-03 19:00:00-05:00,52.82,55.42,52.82,54.59,7649800
2026-02-04 19:00:00-05:00,54.47,54.57,53.55,53.80,5782900
2026-02-05 19:00:00-05:00,53.27,54.97,53.15,54.92,6242800
2026-02-08 19:00:00-05:00,54.21,54.52,52.97,53.11,6093000
2026-02-09 19:00:00-05:00,53.14,53.58,52.58,53.38,4260600
2026-02-10 19:00:00-05:00,53.38,54.01,52.77,53.85,4436100
2026-02-11 19:00:00-05:00,53.88,55.49,53.53,53.73,5848300
2026-02-12 19:00:00-05:00,53.68,54.89,53.35,54.34,4380100
2026-02-16 19:00:00-05:00,53.75,54.24,51.13,52.03,8669000
2026-02-17 19:00:00-05:00,51.86,52.17,51.10,51.88,4425400
2026-02-18 19:00:00-05:00,51.88,52.13,50.92,51.31,3457300
2026-02-19 19:00:00-05:00,51.32,52.51,51.14,52.30,4654100
2026-02-22 19:00:00-05:00,52.26,53.60,51.91,53.22,6245100
2026-02-23 19:00:00-05:00,53.28,54.07,52.72,52.84,5481300
2026-02-24 19:00:00-05:00,52.54,52.77,51.28,51.35,4843200
2026-02-25 19:00:00-05:00,51.59,51.95,50.67,50.77,6145100
2026-02-26 19:00:00-05:00,50.49,51.64,49.94,51.42,8176200
2026-03-01 19:00:00-05:00,51.34,52.30,50.72,51.86,7839300
2026-03-02 19:00:00-05:00,50.98,51.51,50.23,51.18,4628400
2026-03-03 19:00:00-05:00,51.16,51.55,50.18,50.18,6675300
2026-03-04 19:00:00-05:00,49.61,50.35,49.02,50.10,7398800
2026-03-05 19:00:00-05:00,49.89,50.14,49.19,49.76,4929700
2026-03-08 20:00:00-04:00,49.59,50.69,49.06,50.26,8927300
2026-03-09 20:00:00-04:00,49.87,50.80,49.63,49.93,5806500
2026-03-10 20:00:00-04:00,49.86,50.27,48.76,49.07,4776500
2026-03-11 20:00:00-04:00,48.94,49.05,47.66,47.71,6196300
2026-03-12 20:00:00-04:00,47.94,48.28,46.67,46.86,4488200
2026-03-15 20:00:00-04:00,47.43,48.76,47.43,48.39,6013600
2026-03-16 20:00:00-04:00,48.47,48.66,47.09,47.17,4823400
2026-03-17 20:00:00-04:00,46.65,47.02,45.56,45.58,5423300
2026-03-18 20:00:00-04:00,45.35,45.97,45.10,45.81,4861700
2026-03-19 20:00:00-04:00,45.73,46.00,45.08,45.40,5886300
2026-03-22 20:00:00-04:00,46.22,46.27,45.24,45.30,5776500
2026-03-23 20:00:00-04:00,44.96,45.69,44.08,45.12,6096500
2026-03-24 20:00:00-04:00,45.87,46.24,44.83,45.59,3941400
2026-03-25 20:00:00-04:00,45.54,46.19,45.33,45.52,4049700
2026-03-26 20:00:00-04:00,45.38,45.81,44.43,44.51,9052700
2026-03-29 20:00:00-04:00,45.15,45.48,44.77,45.04,4639600
2026-03-30 20:00:00-04:00,45.45,46.03,44.38,44.94,8226800
2026-03-31 20:00:00-04:00,45.00,45.16,43.97,44.17,6109000
2026-04-01 20:00:00-04:00,43.79,43.99,43.00,43.47,7551500
2026-04-05 20:00:00-04:00,43.27,45.08,43.20,45.02,4951300
2026-04-06 20:00:00-04:00,44.17,44.46,42.88,43.29,5134100
2026-04-07 20:00:00-04:00,44.06,45.20,43.92,44.92,6177000
2026-04-08 20:00:00-04:00,44.58,45.51,44.09,45.27,4144000
2026-04-09 20:00:00-04:00,45.23,45.40,44.51,44.67,4689800
2026-04-12 20:00:00-04:00,44.77,45.11,43.97,45.07,6891200
2026-04-13 20:00:00-04:00,44.90,45.63,44.62,44.66,5132900
2026-04-14 20:00:00-04:00,44.52,45.12,44.04,44.39,6796600
2026-04-15 20:00:00-04:00,44.39,44.90,43.92,44.27,8463300
2026-04-16 20:00:00-04:00,44.34,45.05,44.30,44.65,8807900
2026-04-19 20:00:00-04:00,44.64,44.85,43.82,44.45,10431300
2026-04-20 20:00:00-04:00,42.26,42.55,38.61,39.25,15463500
2026-04-21 20:00:00-04:00,39.38,39.82,37.99,38.65,14161200
2026-04-22 20:00:00-04:00,38.67,38.67,37.73,37.86,11360600
2026-04-23 20:00:00-04:00,37.46,37.64,36.31,36.44,13836000
2026-04-26 20:00:00-04:00,36.52,36.67,35.22,35.38,13116000
2026-04-27 20:00:00-04:00,35.74,36.09,34.98,35.30,9747100
2026-04-28 20:00:00-04:00,34.77,35.03,34.09,34.49,10937100
2026-04-29 20:00:00-04:00,34.49,34.93,34.13,34.82,11497300
2026-04-30 20:00:00-04:00,34.84,34.99,33.38,33.56,14353200
2026-05-03 20:00:00-04:00,33.33,33.70,32.00,32.05,15463500
2026-05-04 20:00:00-04:00,31.79,32.86,31.72,32.42,15463500
2026-05-05 20:00:00-04:00,32.94,33.10,31.84,32.27,15463500
2026-05-06 20:00:00-04:00,32.34,32.64,31.15,31.48,14934300
2026-05-07 20:00:00-04:00,31.23,31.77,30.33,30.40,15463500
2026-05-10 20:00:00-04:00,30.30,30.64,29.93,30.01,12410300
2026-05-11 20:00:00-04:00,30.42,30.82,30.01,30.34,15463500
2026-05-12 20:00:00-04:00,30.14,30.28,29.18,29.61,10861900
2026-05-13 20:00:00-04:00,30.06,30.55,29.82,30.24,10245300
2026-05-14 20:00:00-04:00,30.41,30.54,29.84,30.32,9488800
2026-05-17 20:00:00-04:00,30.48,31.60,30.44,31.46,13019300
2026-05-18 20:00:00-04:00,31.45,31.64,30.58,30.89,10917300
2026-05-19 20:00:00-04:00,30.71,31.70,30.33,31.43,9785900
2026-05-20 20:00:00-04:00,31.13,31.55,30.66,31.41,8828000
2026-05-21 20:00:00-04:00,31.34,31.61,31.11,31.37,7565900
2026-05-25 20:00:00-04:00,31.15,31.35,29.43,29.56,15463500
2026-05-26 20:00:00-04:00,29.76,30.72,29.76,30.67,15463500
2026-05-27 20:00:00-04:00,30.68,31.42,30.21,31.37,12127000
2026-05-28 20:00:00-04:00,30.90,31.67,30.56,31.53,15463500
2026-05-31 20:00:00-04:00,31.28,31.79,31.02,31.78,11898600
2026-06-01 20:00:00-04:00,31.38,31.58,29.96,30.01,15463500
2026-06-02 20:00:00-04:00,29.82,29.93,28.36,29.14,15463500
2026-06-03 20:00:00-04:00,29.85,30.16,29.15,29.37,10236100
2026-06-04 20:00:00-04:00,29.92,30.21,29.46,29.78,8602900
2026-06-07 20:00:00-04:00,29.36,30.73,29.20,30.14,10488200
2026-06-08 20:00:00-04:00,30.30,30.50,29.85,29.96,10493400
2026-06-09 20:00:00-04:00,29.97,30.86,29.87,30.77,10587500
2026-06-10 20:00:00-04:00,30.68,31.31,30.38,31.26,14523500
2026-06-11 20:00:00-04:00,31.28,31.45,30.92,31.25,11955300
2026-06-14 20:00:00-04:00,31.28,31.51,30.50,30.88,13746400
2026-06-15 20:00:00-04:00,30.50,30.69,29.59,30.21,13362500
2026-06-16 20:00:00-04:00,30.10,30.81,29.60,29.75,11079200
2026-06-17 20:00:00-04:00,29.80,30.51,29.71,30.24,15463500
2026-06-21 20:00:00-04:00,30.17,30.37,29.42,29.81,14393200
2026-06-22 20:00:00-04:00,30.10,30.32,29.46,29.68,12078800
2026-06-23 20:00:00-04:00,29.67,30.31,29.61,30.06,12774800
2026-06-24 20:00:00-04:00,29.86,31.41,29.86,30.75,14113600
2026-06-25 20:00:00-04:00,30.75,31.75,30.68,31.21,15463500
2026-06-28 20:00:00-04:00,31.21,31.74,30.94,31.20,11516200
