Date,Open,High,Low,Close,Volume
2018-07-01 20:00:00-04:00,96.12,96.37,95.49,96.25,353100
2018-07-02 20:00:00-04:00,96.56,97.15,96.36,96.48,137000
2018-07-04 20:00:00-04:00,96.93,97.15,95.62,96.96,475000
2018-07-05 20:00:00-04:00,97.12,98.32,97.07,98.08,253800
2018-07-08 20:00:00-04:00,98.42,99.10,98.33,98.54,301000
2018-07-09 20:00:00-04:00,98.73,99.07,98.00,98.31,379900
2018-07-10 20:00:00-04:00,98.07,98.25,97.42,97.53,324500
2018-07-11 20:00:00-04:00,98.10,98.36,97.63,98.10,393800
2018-07-12 20:00:00-04:00,98.20,98.59,97.38,97.56,457700
2018-07-15 20:00:00-04:00,97.44,97.89,95.09,96.02,403600
2018-07-16 20:00:00-04:00,95.78,96.88,95.44,96.57,326100
2018-07-17 20:00:00-04:00,96.59,96.66,94.71,95.73,469200
2018-07-18 20:00:00-04:00,95.67,97.40,95.57,97.15,453700
2018-07-19 20:00:00-04:00,96.67,97.69,96.39,97.29,329900
2018-07-22 20:00:00-04:00,97.11,97.79,96.42,97.75,199900
2018-07-23 20:00:00-04:00,98.34,98.34,96.22,96.68,270800
2018-07-24 20:00:00-04:00,96.42,97.57,96.00,97.35,305400
2018-07-25 20:00:00-04:00,98.76,110.65,98.21,108.27,1410500
2018-07-26 20:00:00-04:00,109.24,109.97,105.91,107.09,541200
2018-07-29 20:00:00-04:00,107.00,107.83,105.65,106.47,436000
2018-07-30 20:00:00-04:00,106.77,108.22,105.49,107.10,409900
2018-07-31 20:00:00-04:00,106.78,108.92,106.78,108.52,410200
2018-08-01 20:00:00-04:00,108.27,112.12,108.27,111.24,427200
2018-08-02 20:00:00-04:00,111.35,112.98,110.96,112.08,398900
2018-08-05 20:00:00-04:00,111.62,113.35,111.29,113.33,228700
2018-08-06 20:00:00-04:00,113.35,113.99,112.54,113.43,517800
2018-08-07 20:00:00-04:00,113.25,113.97,112.04,112.90,249800
2018-08-08 20:00:00-04:00,112.97,113.53,112.54,112.63,145000
2018-08-09 20:00:00-04:00,111.77,113.34,111.77,112.15,194800
2018-08-12 20:00:00-04:00,112.02,113.85,111.65,112.45,207500
2018-08-13 20:00:00-04:00,112.65,115.01,112.10,114.52,467100
2018-08-14 20:00:00-04:00,114.28,114.39,111.77,112.21,312900
2018-08-15 20:00:00-04:00,112.18,112.67,111.29,112.07,393300
2018-08-16 20:00:00-04:00,111.83,113.67,111.78,113.32,137100
2018-08-19 20:00:00-04:00,113.45,113.97,112.36,112.71,260500
2018-08-20 20:00:00-04:00,112.73,113.72,111.99,113.26,263300
2018-08-21 20:00:00-04:00,112.90,113.43,112.14,113.26,181700
2018-08-22 20:00:00-04:00,113.18,113.66,112.62,113.40,156100
2018-08-23 20:00:00-04:00,113.62,114.32,112.86,114.10,184400
2018-08-26 20:00:00-04:00,114.28,114.93,114.10,114.66,303300
2018-08-27 20:00:00-04:00,115.30,115.30,113.36,114.43,397500
2018-08-28 20:00:00-04:00,114.16,115.10,113.66,114.62,456300
2018-08-29 20:00:00-04:00,114.08,114.67,113.50,114.36,210000
2018-08-30 20:00:00-04:00,114.11,114.77,113.18,114.32,228500
2018-09-03 20:00:00-04:00,114.15,114.55,112.56,113.47,371200
2018-09-04 20:00:00-04:00,113.73,114.26,112.39,113.67,292600
2018-09-05 20:00:00-04:00,113.48,114.32,113.38,113.86,377800
2018-09-06 20:00:00-04:00,113.76,114.44,112.92,113.56,229100
2018-09-09 20:00:00-04:00,114.15,114.76,113.86,114.30,227200
2018-09-10 20:00:00-04:00,113.92,114.50,113.43,113.80,174700
2018-09-11 20:00:00-04:00,113.74,115.02,113.25,114.98,268700
2018-09-12 20:00:00-04:00,115.58,116.67,115.46,116.09,399200
2018-09-13 20:00:00-04:00,116.08,118.32,116.08,117.77,466000
2018-09-16 20:00:00-04:00,117.77,118.24,115.31,116.22,340100
2018-09-17 20:00:00-04:00,116.09,117.49,115.80,116.94,329900
2018-09-18 20:00:00-04:00,116.89,117.54,116.24,117.51,363000
2018-09-19 20:00:00-04:00,118.16,119.16,117.04,117.30,504200
2018-09-20 20:00:00-04:00,117.23,119.15,117.23,118.76,503300
2018-09-23 20:00:00-04:00,119.28,121.61,118.95,119.91,538200
2018-09-24 20:00:00-04:00,120.17,120.59,118.36,119.73,280700
2018-09-25 20:00:00-04:00,119.91,121.00,118.41,119.50,355300
2018-09-26 20:00:00-04:00,119.80,120.11,118.66,119.85,307500
2018-09-27 20:00:00-04:00,119.55,121.02,119.55,120.59,656500
2018-09-30 20:00:00-04:00,121.33,122.18,119.89,120.14,245800
2018-10-01 20:00:00-04:00,119.86,120.66,118.38,118.91,270200
2018-10-02 20:00:00-04:00,119.64,121.85,118.26,121.09,729000
2018-10-03 20:00:00-04:00,120.20,120.20,116.42,116.80,376700
2018-10-04 20:00:00-04:00,116.57,118.18,116.02,117.59,208300
2018-10-07 20:00:00-04:00,117.55,118.48,115.76,116.81,208000
2018-10-08 20:00:00-04:00,116.42,117.84,115.30,116.01,261200
2018-10-09 20:00:00-04:00,115.80,115.80,112.23,112.45,493400
2018-10-10 20:00:00-04:00,111.78,112.79,109.93,111.44,565600
2018-10-11 20:00:00-04:00,112.74,114.01,111.52,113.24,242800
2018-10-14 20:00:00-04:00,112.89,113.74,112.18,112.86,161900
2018-10-15 20:00:00-04:00,113.77,116.74,112.93,116.54,212400
2018-10-16 20:00:00-04:00,116.19,116.75,114.84,116.16,187900
2018-10-17 20:00:00-04:00,115.90,116.62,113.14,113.82,228700
2018-10-18 20:00:00-04:00,114.16,114.35,110.68,111.12,237300
2018-10-21 20:00:00-04:00,111.49,111.88,110.49,111.33,186700
2018-10-22 20:00:00-04:00,109.91,111.81,108.10,111.40,499900
2018-10-23 20:00:00-04:00,111.67,114.19,109.08,109.42,341500
2018-10-24 20:00:00-04:00,107.58,109.01,99.70,102.05,952500
2018-10-25 20:00:00-04:00,100.52,100.79,97.60,98.90,484500
2018-10-28 20:00:00-04:00,99.35,100.72,97.83,99.09,595200
2018-10-29 20:00:00-04:00,99.05,102.40,99.01,102.39,380700
2018-10-30 20:00:00-04:00,103.79,105.31,102.32,103.59,907400
2018-10-31 20:00:00-04:00,104.10,104.69,100.81,102.62,398000
2018-11-01 20:00:00-04:00,103.25,105.11,102.86,103.82,299300
2018-11-04 19:00:00-05:00,104.01,105.58,103.56,105.28,292800
2018-11-05 19:00:00-05:00,104.77,106.00,104.37,105.93,239900
2018-11-06 19:00:00-05:00,106.71,108.76,106.01,108.71,376700
2018-11-07 19:00:00-05:00,108.37,110.33,107.79,109.30,371300
2018-11-08 19:00:00-05:00,108.85,109.47,107.55,108.54,377200
2018-11-11 19:00:00-05:00,108.22,108.62,104.40,104.55,380400
2018-11-12 19:00:00-05:00,105.02,106.99,103.98,104.56,229600
2018-11-13 19:00:00-05:00,105.57,105.84,103.96,104.12,177100
2018-11-14 19:00:00-05:00,103.61,106.66,103.03,106.21,215300
2018-11-15 19:00:00-05:00,105.58,108.57,105.15,107.72,224500
2018-11-18 19:00:00-05:00,107.41,107.72,102.52,103.07,241400
2018-11-19 19:00:00-05:00,101.60,104.18,100.87,102.86,259800
2018-11-20 19:00:00-05:00,103.23,104.65,102.77,102.91,224600
2018-11-22 19:00:00-05:00,101.98,104.68,101.25,103.38,100200
2018-11-25 19:00:00-05:00,104.40,105.62,103.29,103.85,408500
2018-11-26 19:00:00-05:00,103.58,103.90,102.38,102.72,204400
2018-11-27 19:00:00-05:00,103.01,105.87,102.47,105.69,293600
2018-11-28 19:00:00-05:00,104.93,107.66,104.93,106.38,261600
2018-11-29 19:00:00-05:00,106.38,107.92,106.02,107.15,344000
2018-12-02 19:00:00-05:00,108.51,109.17,106.90,108.41,279700
2018-12-03 19:00:00-05:00,108.59,108.59,105.55,106.85,354400
2018-12-05 19:00:00-05:00,104.91,106.16,101.83,106.11,446000
2018-12-06 19:00:00-05:00,105.68,106.82,102.97,103.69,404500
2018-12-09 19:00:00-05:00,103.65,106.37,103.21,105.25,493200
2018-12-10 19:00:00-05:00,106.39,107.19,102.84,104.31,466100
2018-12-11 19:00:00-05:00,105.73,106.99,105.32,105.38,441200
2018-12-12 19:00:00-05:00,105.75,106.26,103.70,104.76,363900
2018-12-13 19:00:00-05:00,103.85,104.40,101.89,102.33,282400
2018-12-16 19:00:00-05:00,101.54,102.71,99.19,99.79,407900
2018-12-17 19:00:00-05:00,100.94,103.29,97.64,98.41,351100
2018-12-18 19:00:00-05:00,98.92,100.27,96.19,97.16,350400
2018-12-19 19:00:00-05:00,96.78,97.13,93.56,95.50,322600
2018-12-20 19:00:00-05:00,95.65,96.95,92.30,93.02,1022600
2018-12-23 19:00:00-05:00,92.29,92.59,89.73,90.95,240300
2018-12-25 19:00:00-05:00,91.34,94.45,90.74,94.39,265400
2018-12-26 19:00:00-05:00,92.87,94.23,90.28,94.19,449100
2018-12-27 19:00:00-05:00,94.41,95.22,92.71,94.11,322000
2018-12-30 19:00:00-05:00,94.85,96.14,94.51,95.87,439200
2019-01-01 19:00:00-05:00,94.63,95.26,92.14,94.29,337900
2019-01-02 19:00:00-05:00,94.10,94.41,91.03,92.45,482600
2019-01-03 19:00:00-05:00,93.09,96.53,92.90,96.08,818600
2019-01-06 19:00:00-05:00,96.41,97.31,95.97,96.38,362300
2019-01-07 19:00:00-05:00,97.54,99.62,96.59,99.45,383500
2019-01-08 19:00:00-05:00,100.45,102.21,99.96,101.51,241400
2019-01-09 19:00:00-05:00,101.11,101.71,99.37,101.57,227500
2019-01-10 19:00:00-05:00,100.88,101.62,100.13,101.55,156800
2019-01-13 19:00:00-05:00,101.16,101.71,100.10,100.40,277400
2019-01-14 19:00:00-05:00,100.24,102.24,100.24,101.53,269600
2019-01-15 19:00:00-05:00,102.19,103.08,101.72,102.21,265900
2019-01-16 19:00:00-05:00,101.86,103.34,101.28,101.97,612500
2019-01-17 19:00:00-05:00,102.87,103.18,101.37,102.93,482900
2019-01-21 19:00:00-05:00,101.89,102.53,100.35,102.30,396200
2019-01-22 19:00:00-05:00,102.77,104.38,102.16,102.54,244800
2019-01-23 19:00:00-05:00,102.34,103.64,102.04,103.29,192500
2019-01-24 19:00:00-05:00,103.62,105.18,103.31,104.53,241900
2019-01-27 19:00:00-05:00,104.17,104.65,102.82,103.55,228000
2019-01-28 19:00:00-05:00,103.60,104.11,102.80,103.24,262600
2019-01-29 19:00:00-05:00,103.61,104.34,102.61,103.73,400600
2019-01-30 19:00:00-05:00,103.82,106.32,103.02,106.04,371900
2019-01-31 19:00:00-05:00,106.02,106.68,100.48,101.09,856200
2019-02-03 19:00:00-05:00,100.75,102.93,100.22,102.61,606100
2019-02-04 19:00:00-05:00,102.84,103.98,101.60,101.72,321700
2019-02-05 19:00:00-05:00,102.16,102.39,100.93,101.76,408500
2019-02-06 19:00:00-05:00,101.68,102.04,100.47,100.68,419300
2019-02-07 19:00:00-05:00,100.30,101.47,99.69,100.57,602600
2019-02-10 19:00:00-05:00,100.85,102.20,100.63,101.44,705100
2019-02-11 19:00:00-05:00,102.44,102.98,101.70,102.80,429700
2019-02-12 19:00:00-05:00,102.80,103.80,102.37,103.66,627700
2019-02-13 19:00:00-05:00,98.54,103.28,96.57,98.82,1187600
2019-02-14 19:00:00-05:00,98.89,100.72,98.85,99.81,1215700
2019-02-18 19:00:00-05:00,99.80,101.15,99.51,100.40,1517000
2019-02-19 19:00:00-05:00,100.43,100.88,99.63,100.75,1202600
2019-02-20 19:00:00-05:00,101.14,103.01,101.07,101.69,448100
2019-02-21 19:00:00-05:00,102.24,102.45,101.35,102.13,338400
2019-02-24 19:00:00-05:00,102.80,103.75,102.43,102.94,475300
2019-02-25 19:00:00-05:00,102.92,103.11,101.57,101.63,344700
2019-02-26 19:00:00-05:00,101.35,102.35,100.93,101.75,182900
2019-02-27 19:00:00-05:00,101.73,103.11,101.38,102.59,519000
2019-02-28 19:00:00-05:00,102.92,104.80,102.92,103.95,447100
2019-03-03 19:00:00-05:00,104.06,104.06,101.51,102.74,441500
2019-03-04 19:00:00-05:00,102.91,102.91,101.84,102.34,421700
2019-03-05 19:00:00-05:00,102.20,102.93,100.21,100.50,447100
2019-03-06 19:00:00-05:00,100.18,101.12,99.97,100.36,325700
2019-03-07 19:00:00-05:00,99.76,100.17,99.07,99.48,356100
2019-03-10 20:00:00-04:00,99.87,101.03,99.71,100.92,200800
2019-03-11 20:00:00-04:00,100.95,101.56,100.55,101.30,326500
2019-03-12 20:00:00-04:00,101.46,103.25,101.08,103.07,595000
2019-03-13 20:00:00-04:00,102.92,103.99,102.62,103.83,481800
2019-03-14 20:00:00-04:00,103.94,104.51,103.12,103.53,880800
2019-03-17 20:00:00-04:00,103.91,103.91,101.94,103.76,369400
2019-03-18 20:00:00-04:00,104.29,104.29,103.10,103.60,471500
2019-03-19 20:00:00-04:00,103.63,103.86,102.21,102.92,257300
2019-03-20 20:00:00-04:00,102.50,105.14,102.50,104.61,328400
2019-03-21 20:00:00-04:00,103.90,104.65,101.39,101.53,232200
2019-03-24 20:00:00-04:00,101.51,103.10,100.93,102.80,441400
2019-03-25 20:00:00-04:00,103.69,104.08,102.66,103.33,301400
2019-03-26 20:00:00-04:00,103.30,104.66,102.57,104.13,403700
2019-03-27 20:00:00-04:00,104.45,106.52,103.94,105.34,488200
2019-03-28 20:00:00-04:00,106.10,108.12,105.88,107.93,486000
2019-03-31 20:00:00-04:00,108.56,110.07,107.82,109.48,608500
2019-04-01 20:00:00-04:00,109.51,109.51,107.86,108.98,337600
2019-04-02 20:00:00-04:00,109.61,110.55,108.99,109.50,473500
2019-04-03 20:00:00-04:00,109.71,109.97,108.38,109.55,364000
2019-04-04 20:00:00-04:00,109.80,111.59,109.36,110.54,291800
2019-04-07 20:00:00-04:00,110.10,110.85,108.80,110.80,263700
2019-04-08 20:00:00-04:00,110.01,111.31,109.85,110.62,286600
2019-04-09 20:00:00-04:00,110.76,112.30,110.41,112.19,240900
2019-04-10 20:00:00-04:00,112.11,112.31,110.92,112.17,277800
2019-04-11 20:00:00-04:00,112.69,113.72,112.12,113.38,323600
2019-04-14 20:00:00-04:00,113.52,114.75,113.45,114.49,421600
2019-04-15 20:00:00-04:00,114.93,115.12,111.14,111.69,429700
2019-04-16 20:00:00-04:00,112.18,112.18,108.70,109.48,317100
2019-04-17 20:00:00-04:00,109.87,110.52,107.75,109.36,379800
2019-04-21 20:00:00-04:00,108.70,110.36,108.01,109.99,393900
2019-04-22 20:00:00-04:00,111.23,113.18,110.16,112.97,286800
2019-04-23 20:00:00-04:00,112.77,113.81,112.17,112.98,385900
2019-04-24 20:00:00-04:00,117.33,120.71,115.72,119.89,779500
2019-04-25 20:00:00-04:00,120.25,121.70,118.17,121.29,459200
2019-04-28 20:00:00-04:00,120.78,121.41,119.36,119.94,368100
2019-04-29 20:00:00-04:00,119.79,121.54,119.79,121.39,226500
2019-04-30 20:00:00-04:00,119.10,120.82,117.94,118.26,426100
2019-05-01 20:00:00-04:00,117.87,119.65,117.38,119.48,208700
2019-05-02 20:00:00-04:00,120.05,120.81,119.65,120.47,433500
2019-05-05 20:00:00-04:00,118.63,120.68,118.63,120.40,444000
2019-05-06 20:00:00-04:00,119.36,120.17,117.97,119.05,279700
2019-05-07 20:00:00-04:00,119.21,119.56,118.05,118.11,307900
2019-05-08 20:00:00-04:00,116.92,118.68,116.06,118.12,180800
2019-05-09 20:00:00-04:00,117.54,118.51,115.43,118.08,192200
2019-05-12 20:00:00-04:00,116.08,116.54,114.82,115.28,201700
2019-05-13 20:00:00-04:00,115.37,115.53,113.46,114.07,470300
2019-05-14 20:00:00-04:00,113.55,114.88,113.13,114.15,214100
2019-05-15 20:00:00-04:00,114.57,116.29,114.57,114.90,349000
2019-05-16 20:00:00-04:00,114.24,115.11,113.78,114.16,176200
2019-05-19 20:00:00-04:00,113.76,115.25,112.85,115.17,354400
2019-05-20 20:00:00-04:00,115.95,117.36,115.53,116.24,241400
2019-05-21 20:00:00-04:00,116.17,116.70,115.27,115.91,132300
2019-05-22 20:00:00-04:00,115.32,115.51,113.54,113.81,196100
2019-05-23 20:00:00-04:00,114.58,115.75,113.72,114.04,154700
2019-05-27 20:00:00-04:00,114.06,115.31,113.04,113.42,141500
2019-05-28 20:00:00-04:00,112.80,113.31,111.96,113.14,161600
2019-05-29 20:00:00-04:00,113.28,114.40,113.12,113.60,124400
2019-05-30 20:00:00-04:00,111.94,112.92,110.85,112.38,212200
2019-06-02 20:00:00-04:00,112.38,113.24,111.78,112.48,279000
2019-06-03 20:00:00-04:00,113.62,114.46,112.70,114.05,185200
2019-06-04 20:00:00-04:00,114.73,115.59,114.12,115.17,244800
2019-06-05 20:00:00-04:00,115.09,116.03,114.51,115.80,182000
2019-06-06 20:00:00-04:00,116.30,117.40,115.90,117.00,251600
2019-06-09 20:00:00-04:00,117.59,118.71,117.40,117.64,243500
2019-06-10 20:00:00-04:00,118.50,118.87,117.36,118.35,168600
2019-06-11 20:00:00-04:00,118.40,120.23,117.81,119.83,190700
2019-06-12 20:00:00-04:00,119.88,121.05,119.06,119.54,258800
2019-06-13 20:00:00-04:00,119.65,120.41,118.29,118.35,170000
2019-06-16 20:00:00-04:00,118.41,119.60,117.44,118.33,245600
2019-06-17 20:00:00-04:00,118.93,119.96,118.40,119.00,191300
2019-06-18 20:00:00-04:00,119.23,119.70,118.62,119.47,200400
2019-06-19 20:00:00-04:00,120.57,120.80,119.27,119.86,158700
2019-06-20 20:00:00-04:00,119.22,120.02,118.52,119.68,382700
2019-06-23 20:00:00-04:00,119.39,121.15,119.10,119.83,178300
2019-06-24 20:00:00-04:00,119.94,121.07,119.32,120.22,256800
2019-06-25 20:00:00-04:00,120.45,120.69,117.79,119.36,263900
2019-06-26 20:00:00-04:00,120.15,121.42,119.70,121.19,248400
2019-06-27 20:00:00-04:00,121.16,123.42,121.16,122.73,1071700
2019-06-30 20:00:00-04:00,123.56,124.60,121.32,122.32,261700
2019-07-01 20:00:00-04:00,122.20,122.20,119.84,121.19,258600
2019-07-02 20:00:00-04:00,121.63,121.82,120.44,121.52,239100
2019-07-04 20:00:00-04:00,121.10,121.67,119.79,121.60,174700
2019-07-07 20:00:00-04:00,121.10,121.12,119.71,120.51,193000
2019-07-08 20:00:00-04:00,119.61,121.76,119.46,121.66,198300
2019-07-09 20:00:00-04:00,122.15,123.02,121.09,121.44,221700
2019-07-10 20:00:00-04:00,121.97,122.22,120.88,122.08,143000
2019-07-11 20:00:00-04:00,122.18,122.88,120.93,122.02,188800
2019-07-14 20:00:00-04:00,122.03,122.51,121.02,121.97,258700
2019-07-15 20:00:00-04:00,122.07,122.26,120.78,120.84,151800
2019-07-16 20:00:00-04:00,120.84,120.89,119.34,119.55,249100
2019-07-17 20:00:00-04:00,119.44,120.23,118.11,119.71,359500
2019-07-18 20:00:00-04:00,119.91,119.91,118.48,119.06,292100
2019-07-21 20:00:00-04:00,119.37,120.84,119.37,120.63,330300
2019-07-22 20:00:00-04:00,120.87,121.98,120.47,121.03,238200
2019-07-23 20:00:00-04:00,120.01,120.79,117.94,120.05,431500
2019-07-24 20:00:00-04:00,128.00,133.01,125.52,130.45,1148600
2019-07-25 20:00:00-04:00,131.86,136.70,129.96,134.43,657700
2019-07-28 20:00:00-04:00,135.10,136.15,133.61,135.86,512600
2019-07-29 20:00:00-04:00,135.41,135.71,133.79,134.98,559500
2019-07-30 20:00:00-04:00,134.56,136.29,133.27,134.78,472200
2019-07-31 20:00:00-04:00,135.09,137.06,134.10,134.79,332600
2019-08-01 20:00:00-04:00,134.24,134.32,132.72,133.10,322900
2019-08-04 20:00:00-04:00,131.20,133.32,130.29,131.21,547400
2019-08-05 20:00:00-04:00,132.17,135.97,132.01,135.91,353400
2019-08-06 20:00:00-04:00,134.71,137.62,133.65,137.12,321600
2019-08-07 20:00:00-04:00,138.03,140.90,137.73,140.49,423900
2019-08-08 20:00:00-04:00,140.08,142.19,140.08,141.31,320900
2019-08-11 20:00:00-04:00,140.32,141.57,139.19,139.71,165200
2019-08-12 20:00:00-04:00,140.43,142.51,139.40,142.44,287500
2019-08-13 20:00:00-04:00,140.88,141.67,139.44,139.77,268200
2019-08-14 20:00:00-04:00,140.40,141.41,139.52,140.29,143900
2019-08-15 20:00:00-04:00,141.18,142.54,140.49,142.43,161100
2019-08-18 20:00:00-04:00,143.71,143.71,142.46,143.13,171600
2019-08-19 20:00:00-04:00,143.11,143.63,142.38,142.49,164500
2019-08-20 20:00:00-04:00,143.01,144.48,142.39,143.28,216000
2019-08-21 20:00:00-04:00,144.07,144.52,142.35,143.21,188800
2019-08-22 20:00:00-04:00,143.11,144.23,140.43,140.73,203000
2019-08-25 20:00:00-04:00,141.90,142.86,140.90,142.71,175100
2019-08-26 20:00:00-04:00,143.68,144.29,142.55,143.62,212700
2019-08-27 20:00:00-04:00,143.11,144.04,142.56,143.54,146600
2019-08-28 20:00:00-04:00,144.09,145.01,143.83,144.47,153200
2019-08-29 20:00:00-04:00,144.63,144.70,142.29,142.82,259400
2019-09-02 20:00:00-04:00,141.88,142.88,140.57,142.24,291800
2019-09-03 20:00:00-04:00,142.43,145.47,142.33,145.24,339200
2019-09-04 20:00:00-04:00,146.60,147.65,145.34,147.30,226400
2019-09-05 20:00:00-04:00,147.51,149.34,146.75,146.98,252400
2019-09-08 20:00:00-04:00,147.15,147.40,142.14,142.81,504500
2019-09-09 20:00:00-04:00,142.18,142.85,136.37,138.50,600900
2019-09-10 20:00:00-04:00,139.05,143.04,138.86,142.09,436600
2019-09-11 20:00:00-04:00,142.85,143.93,141.71,143.44,207000
2019-09-12 20:00:00-04:00,142.79,144.37,141.22,141.58,325900
2019-09-15 20:00:00-04:00,140.83,141.44,139.10,139.55,389900
2019-09-16 20:00:00-04:00,139.63,141.66,139.19,140.70,317600
2019-09-17 20:00:00-04:00,140.75,141.15,137.29,138.75,290200
2019-09-18 20:00:00-04:00,139.32,141.02,138.86,140.73,270700
2019-09-19 20:00:00-04:00,141.04,141.39,139.67,140.49,726400
2019-09-22 20:00:00-04:00,140.49,141.88,139.90,141.29,339600
2019-09-23 20:00:00-04:00,142.23,146.43,140.43,140.64,547500
2019-09-24 20:00:00-04:00,140.92,143.46,140.51,143.00,337700
2019-09-25 20:00:00-04:00,142.86,142.94,139.81,140.51,274400
2019-09-26 20:00:00-04:00,141.16,141.16,137.68,138.31,280500
2019-09-29 20:00:00-04:00,138.11,140.08,137.99,139.25,318300
2019-09-30 20:00:00-04:00,140.03,140.84,137.13,137.14,262200
2019-10-01 20:00:00-04:00,136.08,137.11,134.25,135.10,416800
2019-10-02 20:00:00-04:00,135.17,137.87,134.52,137.64,692000
2019-10-03 20:00:00-04:00,138.30,140.13,137.22,139.02,611800
2019-10-06 20:00:00-04:00,139.01,139.49,138.04,138.15,327900
2019-10-07 20:00:00-04:00,136.92,137.76,135.40,135.40,571400
2019-10-08 20:00:00-04:00,136.30,138.62,135.75,138.13,245300
2019-10-09 20:00:00-04:00,137.75,139.92,137.69,138.41,204200
2019-10-10 20:00:00-04:00,139.56,141.75,138.80,139.42,247400
2019-10-13 20:00:00-04:00,139.41,140.11,138.50,139.08,159800
2019-10-14 20:00:00-04:00,140.15,140.40,139.02,139.22,299900
2019-10-15 20:00:00-04:00,139.02,139.03,137.04,137.43,327700
2019-10-16 20:00:00-04:00,138.49,140.56,138.30,139.04,447600
2019-10-17 20:00:00-04:00,138.56,139.25,137.36,138.29,268700
2019-10-20 20:00:00-04:00,139.03,139.24,137.25,137.54,246400
2019-10-21 20:00:00-04:00,137.97,139.08,136.14,136.46,330900
2019-10-22 20:00:00-04:00,137.10,139.22,136.29,136.80,820400
2019-10-23 20:00:00-04:00,141.96,142.47,134.45,136.50,719700
2019-10-24 20:00:00-04:00,136.58,138.74,136.10,138.49,412900
2019-10-27 20:00:00-04:00,138.56,140.68,138.11,140.06,304000
2019-10-28 20:00:00-04:00,139.79,142.49,139.69,140.99,362600
2019-10-29 20:00:00-04:00,140.58,142.43,140.26,142.05,408800
2019-10-30 20:00:00-04:00,141.84,142.73,139.80,141.39,413900
2019-10-31 20:00:00-04:00,142.40,145.16,141.82,144.63,307000
2019-11-03 19:00:00-05:00,145.41,145.59,143.55,145.22,358500
2019-11-04 19:00:00-05:00,145.09,145.28,143.58,144.41,510100
2019-11-05 19:00:00-05:00,144.62,146.07,144.08,144.84,546200
2019-11-06 19:00:00-05:00,145.39,146.07,144.72,145.27,275900
2019-11-07 19:00:00-05:00,145.13,145.83,143.92,145.21,543300
2019-11-10 19:00:00-05:00,144.43,146.41,144.17,144.84,241100
2019-11-11 19:00:00-05:00,145.16,146.34,144.46,145.05,370900
2019-11-12 19:00:00-05:00,144.47,146.02,144.16,145.69,365300
2019-11-13 19:00:00-05:00,145.45,146.42,144.82,146.16,206800
2019-11-14 19:00:00-05:00,146.58,148.03,146.25,147.59,276800
2019-11-17 19:00:00-05:00,147.45,148.58,146.26,146.59,341900
2019-11-18 19:00:00-05:00,147.36,148.01,146.53,147.17,322400
2019-11-19 19:00:00-05:00,146.68,148.04,145.43,147.05,530400
2019-11-20 19:00:00-05:00,147.22,147.22,144.64,144.84,367400
2019-11-21 19:00:00-05:00,145.02,145.19,143.67,143.91,286300
2019-11-24 19:00:00-05:00,144.47,145.35,143.33,143.69,458300
2019-11-25 19:00:00-05:00,143.75,145.90,142.84,145.62,1517000
2019-11-26 19:00:00-05:00,146.15,147.74,145.70,147.68,472300
2019-11-28 19:00:00-05:00,147.30,148.31,144.31,144.53,157800
2019-12-01 19:00:00-05:00,144.62,147.09,143.28,146.89,592800
2019-12-02 19:00:00-05:00,145.61,146.89,144.00,144.85,372500
2019-12-03 19:00:00-05:00,146.02,147.75,144.75,145.07,563100
2019-12-04 19:00:00-05:00,145.20,145.45,144.12,144.86,293900
2019-12-05 19:00:00-05:00,145.57,146.30,144.83,144.96,430900
2019-12-08 19:00:00-05:00,144.95,144.95,142.10,142.27,247600
2019-12-09 19:00:00-05:00,142.81,143.92,142.34,142.88,267900
2019-12-10 19:00:00-05:00,142.92,144.38,142.91,144.17,287300
2019-12-11 19:00:00-05:00,140.95,144.00,138.95,143.92,449800
2019-12-12 19:00:00-05:00,143.43,144.48,142.37,143.88,341600
2019-12-15 19:00:00-05:00,145.60,147.43,144.58,144.74,500100
2019-12-16 19:00:00-05:00,145.20,145.93,143.73,145.86,444400
2019-12-17 19:00:00-05:00,146.19,146.95,145.18,146.76,343100
2019-12-18 19:00:00-05:00,146.99,147.64,146.08,146.90,558800
2019-12-19 19:00:00-05:00,147.60,148.81,146.35,148.27,532300
2019-12-22 19:00:00-05:00,148.43,149.24,146.95,148.64,155500
2019-12-23 19:00:00-05:00,148.42,149.50,147.50,148.16,83600
2019-12-25 19:00:00-05:00,148.47,148.55,147.62,148.20,118300
2019-12-26 19:00:00-05:00,148.85,149.53,147.84,148.24,176300
2019-12-29 19:00:00-05:00,148.30,148.74,147.19,148.24,200800
2019-12-30 19:00:00-05:00,148.09,148.99,147.33,147.77,480600
2020-01-01 19:00:00-05:00,147.69,149.90,146.85,149.16,527800
2020-01-02 19:00:00-05:00,147.15,149.78,146.19,149.55,316100
2020-01-05 19:00:00-05:00,148.77,150.01,148.42,149.63,331900
2020-01-06 19:00:00-05:00,149.21,149.83,148.07,149.24,289800
2020-01-07 19:00:00-05:00,149.39,149.40,147.19,147.23,533900
2020-01-08 19:00:00-05:00,148.06,149.41,147.95,148.88,726600
2020-01-09 19:00:00-05:00,149.41,151.03,148.57,150.03,469500
2020-01-12 19:00:00-05:00,150.17,153.62,150.17,153.28,606300
2020-01-13 19:00:00-05:00,153.29,154.87,152.78,153.83,453500
2020-01-14 19:00:00-05:00,153.71,156.02,153.71,154.51,415100
2020-01-15 19:00:00-05:00,154.82,155.87,154.28,155.66,452600
2020-01-16 19:00:00-05:00,156.08,156.50,154.44,154.91,348400
2020-01-20 19:00:00-05:00,154.40,155.67,154.40,155.08,311300
2020-01-21 19:00:00-05:00,155.54,156.14,154.34,154.70,506200
2020-01-22 19:00:00-05:00,154.26,155.16,153.91,154.04,814600
2020-01-23 19:00:00-05:00,154.52,154.71,152.83,153.25,391200
2020-01-26 19:00:00-05:00,151.38,154.19,150.43,153.00,615500
2020-01-27 19:00:00-05:00,153.50,155.10,153.42,154.81,204800
2020-01-28 19:00:00-05:00,154.92,156.74,154.46,155.58,261200
2020-01-29 19:00:00-05:00,154.96,156.53,154.44,155.42,331600
2020-01-30 19:00:00-05:00,154.56,154.99,152.58,153.45,567900
2020-02-02 19:00:00-05:00,154.09,155.94,154.09,155.75,324100
2020-02-03 19:00:00-05:00,157.26,158.63,155.92,156.39,376800
2020-02-04 19:00:00-05:00,157.24,158.42,156.56,157.01,474900
2020-02-05 19:00:00-05:00,157.10,157.98,156.25,157.81,197300
2020-02-06 19:00:00-05:00,157.46,157.69,155.89,156.54,227100
2020-02-09 19:00:00-05:00,156.28,157.59,155.90,157.49,182300
2020-02-10 19:00:00-05:00,158.33,159.85,158.13,159.60,247100
2020-02-11 19:00:00-05:00,159.74,160.24,158.42,159.60,464600
2020-02-12 19:00:00-05:00,162.81,172.30,162.81,171.58,615000
2020-02-13 19:00:00-05:00,171.98,172.40,169.36,171.77,396900
2020-02-17 19:00:00-05:00,171.59,172.38,170.23,170.44,477900
2020-02-18 19:00:00-05:00,169.81,173.83,167.21,171.96,473500
2020-02-19 19:00:00-05:00,170.56,171.70,167.73,168.92,481500
2020-02-20 19:00:00-05:00,168.72,168.97,167.04,167.43,307100
2020-02-23 19:00:00-05:00,163.82,166.00,162.50,164.21,337600
2020-02-24 19:00:00-05:00,164.63,165.00,159.75,159.96,448300
2020-02-25 19:00:00-05:00,160.05,161.99,155.76,155.76,483200
2020-02-26 19:00:00-05:00,152.97,157.96,152.33,152.33,468100
2020-02-27 19:00:00-05:00,149.13,150.36,145.20,148.15,834400
2020-03-01 19:00:00-05:00,149.11,154.16,148.18,153.98,446500
2020-03-02 19:00:00-05:00,154.21,157.35,149.48,151.51,485900
2020-03-03 19:00:00-05:00,154.53,156.78,153.01,156.35,489200
2020-03-04 19:00:00-05:00,153.69,154.72,148.89,151.02,301300
2020-03-05 19:00:00-05:00,147.39,147.86,143.65,147.55,552300
2020-03-08 20:00:00-04:00,146.61,146.61,136.53,137.56,735800
2020-03-09 20:00:00-04:00,140.85,142.12,134.46,141.24,571800
2020-03-10 20:00:00-04:00,137.84,147.10,137.20,145.46,1013700
2020-03-11 20:00:00-04:00,138.26,144.68,137.14,140.47,1054200
2020-03-12 20:00:00-04:00,144.63,146.41,133.87,143.77,930800
2020-03-15 20:00:00-04:00,134.89,137.69,127.79,128.38,971800
2020-03-16 20:00:00-04:00,130.71,142.80,127.47,140.80,891200
2020-03-17 20:00:00-04:00,133.30,149.20,128.42,141.19,823100
2020-03-18 20:00:00-04:00,141.19,144.06,132.94,137.05,683900
2020-03-19 20:00:00-04:00,135.35,137.25,127.96,128.56,709600
2020-03-22 20:00:00-04:00,128.36,130.49,122.53,126.89,555400
2020-03-23 20:00:00-04:00,131.96,138.59,129.88,133.31,623400
2020-03-24 20:00:00-04:00,133.79,137.75,129.90,133.14,483100
2020-03-25 20:00:00-04:00,134.24,144.08,134.24,144.08,671400
2020-03-26 20:00:00-04:00,140.50,144.04,136.44,138.82,546600
2020-03-29 20:00:00-04:00,141.43,150.04,141.36,149.38,445100
2020-03-30 20:00:00-04:00,150.57,157.27,149.24,149.81,555600
2020-03-31 20:00:00-04:00,146.88,150.86,143.44,147.40,481000
2020-04-01 20:00:00-04:00,146.61,154.05,145.78,153.18,495200
2020-04-02 20:00:00-04:00,151.81,153.91,147.33,148.92,604600
2020-04-05 20:00:00-04:00,153.50,159.40,151.52,158.71,351500
2020-04-06 20:00:00-04:00,163.18,165.14,154.51,155.61,535800
2020-04-07 20:00:00-04:00,155.29,162.16,151.93,162.15,401300
2020-04-08 20:00:00-04:00,162.15,163.72,156.55,160.32,380400
2020-04-12 20:00:00-04:00,158.18,159.86,154.40,157.32,336000
2020-04-13 20:00:00-04:00,161.37,165.12,158.94,164.41,355600
2020-04-14 20:00:00-04:00,161.51,166.11,161.14,162.37,389400
2020-04-15 20:00:00-04:00,163.53,165.96,162.58,164.89,363400
2020-04-16 20:00:00-04:00,167.53,168.25,165.40,167.26,408500
2020-04-19 20:00:00-04:00,166.05,169.75,165.16,167.64,318400
2020-04-20 20:00:00-04:00,165.19,166.57,161.32,162.70,359500
2020-04-21 20:00:00-04:00,164.98,168.35,161.36,167.55,751500
2020-04-22 20:00:00-04:00,176.35,187.40,174.45,184.59,1013600
2020-04-23 20:00:00-04:00,187.13,193.29,185.76,192.59,885000
2020-04-26 20:00:00-04:00,192.90,195.61,191.22,194.85,456000
2020-04-27 20:00:00-04:00,196.97,198.74,189.64,190.10,335300
2020-04-28 20:00:00-04:00,190.26,192.54,186.16,186.74,516800
2020-04-29 20:00:00-04:00,185.23,190.03,184.27,186.40,682400
2020-04-30 20:00:00-04:00,184.81,188.88,182.29,188.75,352500
2020-05-03 20:00:00-04:00,188.22,188.22,184.00,185.48,397200
2020-05-04 20:00:00-04:00,187.30,193.92,187.07,191.86,426600
2020-05-05 20:00:00-04:00,192.35,196.48,191.22,194.04,362300
2020-05-06 20:00:00-04:00,195.00,195.88,192.46,194.98,413400
2020-05-07 20:00:00-04:00,196.73,200.38,194.90,196.99,387900
2020-05-10 20:00:00-04:00,195.80,207.79,195.15,207.07,785800
2020-05-11 20:00:00-04:00,208.80,210.56,202.52,202.56,505900
2020-05-12 20:00:00-04:00,202.35,206.58,198.05,200.79,475100
2020-05-13 20:00:00-04:00,199.28,207.43,198.96,207.17,447600
2020-05-14 20:00:00-04:00,207.74,211.73,206.96,210.94,847200
2020-05-17 20:00:00-04:00,213.84,218.61,213.29,215.10,427500
2020-05-18 20:00:00-04:00,211.01,213.10,207.77,208.37,1203000
2020-05-19 20:00:00-04:00,211.16,211.16,205.99,206.92,1083600
2020-05-20 20:00:00-04:00,206.53,211.74,204.51,207.83,1517000
2020-05-21 20:00:00-04:00,209.54,210.43,206.35,208.25,536300
2020-05-25 20:00:00-04:00,210.51,211.73,201.71,202.84,729200
2020-05-26 20:00:00-04:00,201.16,201.89,192.27,198.25,915900
2020-05-27 20:00:00-04:00,199.93,205.93,199.90,202.92,755800
2020-05-28 20:00:00-04:00,204.54,213.93,204.54,212.78,1517000
2020-05-31 20:00:00-04:00,211.31,213.10,207.39,208.94,443200
2020-06-01 20:00:00-04:00,207.57,208.45,204.09,208.13,526400
2020-06-02 20:00:00-04:00,208.00,209.12,205.14,206.21,464200
2020-06-03 20:00:00-04:00,205.40,208.58,201.04,202.29,492600
2020-06-04 20:00:00-04:00,199.57,203.48,198.75,202.62,546600
2020-06-07 20:00:00-04:00,198.51,204.55,197.96,204.52,660600
2020-06-08 20:00:00-04:00,205.87,208.34,203.10,203.17,470100
2020-06-09 20:00:00-04:00,204.66,210.47,204.37,209.65,598200
2020-06-10 20:00:00-04:00,208.90,210.06,198.91,200.69,609700
2020-06-11 20:00:00-04:00,203.73,205.28,195.17,197.70,681500
2020-06-14 20:00:00-04:00,196.17,206.70,194.73,206.21,707700
2020-06-15 20:00:00-04:00,207.94,207.94,201.80,207.30,467600
2020-06-16 20:00:00-04:00,208.91,212.01,206.83,208.06,779900
2020-06-17 20:00:00-04:00,208.69,211.08,207.87,209.44,692600
2020-06-18 20:00:00-04:00,212.66,213.71,209.55,213.32,1186900
2020-06-21 20:00:00-04:00,212.96,215.91,210.83,214.51,759400
2020-06-22 20:00:00-04:00,215.69,218.57,213.28,214.25,922700
2020-06-23 20:00:00-04:00,213.27,216.48,209.81,213.24,651300
2020-06-24 20:00:00-04:00,214.44,220.19,211.91,219.99,566900
2020-06-25 20:00:00-04:00,221.42,223.25,217.45,219.09,1517000
2020-06-28 20:00:00-04:00,219.71,222.49,213.24,216.81,615500
2020-06-29 20:00:00-04:00,217.05,224.52,215.56,223.74,778900
2020-06-30 20:00:00-04:00,224.11,224.36,219.60,221.59,537800
2020-07-01 20:00:00-04:00,222.10,227.87,221.86,226.26,509600
2020-07-05 20:00:00-04:00,228.31,232.97,227.57,230.61,417400
2020-07-06 20:00:00-04:00,229.82,231.24,227.14,227.33,444400
2020-07-07 20:00:00-04:00,228.61,230.30,225.60,228.79,439100
2020-07-08 20:00:00-04:00,230.31,233.04,227.69,232.37,375800
2020-07-09 20:00:00-04:00,232.27,232.39,226.46,228.72,431800
2020-07-12 20:00:00-04:00,230.21,233.45,225.04,225.58,587100
2020-07-13 20:00:00-04:00,223.59,230.23,220.46,229.76,458300
2020-07-14 20:00:00-04:00,233.62,238.05,229.99,237.58,513800
2020-07-15 20:00:00-04:00,236.10,238.11,234.97,236.73,359000
2020-07-16 20:00:00-04:00,238.34,244.38,238.33,243.21,554500
2020-07-19 20:00:00-04:00,243.30,248.79,242.96,248.04,446400
2020-07-20 20:00:00-04:00,251.48,251.48,245.83,249.04,617200
2020-07-21 20:00:00-04:00,250.05,254.02,248.98,251.51,471100
2020-07-22 20:00:00-04:00,260.56,269.64,256.80,258.10,940800
2020-07-23 20:00:00-04:00,256.07,258.89,249.92,258.69,918600
2020-07-26 20:00:00-04:00,261.38,266.06,260.36,263.00,542300
2020-07-27 20:00:00-04:00,262.83,265.76,259.88,260.46,432100
2020-07-28 20:00:00-04:00,261.82,267.88,261.82,265.71,418200
2020-07-29 20:00:00-04:00,263.11,266.05,262.45,265.06,446200
2020-07-30 20:00:00-04:00,266.43,269.30,263.25,264.97,618300
2020-08-02 20:00:00-04:00,268.45,275.48,267.08,274.60,671200
2020-08-03 20:00:00-04:00,272.48,273.14,268.39,270.46,515500
2020-08-04 20:00:00-04:00,271.01,273.13,269.25,270.66,462600
2020-08-05 20:00:00-04:00,271.80,272.11,266.48,269.91,310000
2020-08-06 20:00:00-04:00,269.96,273.77,267.02,269.58,293100
2020-08-09 20:00:00-04:00,268.05,269.44,261.78,262.51,617900
2020-08-10 20:00:00-04:00,263.12,264.32,257.80,260.71,684200
2020-08-11 20:00:00-04:00,260.60,270.36,260.60,268.49,445800
2020-08-12 20:00:00-04:00,268.50,272.59,268.29,271.17,289500
2020-08-13 20:00:00-04:00,271.17,272.44,266.84,268.52,289100
2020-08-16 20:00:00-04:00,270.22,273.38,270.05,271.00,341900
2020-08-17 20:00:00-04:00,271.53,273.13,270.36,271.31,317700
2020-08-18 20:00:00-04:00,272.45,274.35,269.76,270.93,291100
2020-08-19 20:00:00-04:00,270.63,274.18,270.63,271.47,294100
2020-08-20 20:00:00-04:00,271.78,271.99,266.46,267.54,959300
2020-08-23 20:00:00-04:00,268.56,271.18,264.06,265.76,655800
2020-08-24 20:00:00-04:00,265.95,271.01,264.68,270.61,479100
2020-08-25 20:00:00-04:00,269.01,271.70,266.96,270.13,332700
2020-08-26 20:00:00-04:00,269.53,271.40,265.65,269.94,330400
2020-08-27 20:00:00-04:00,269.56,271.16,266.11,267.65,261700
2020-08-30 20:00:00-04:00,268.05,280.86,268.05,279.84,723000
2020-08-31 20:00:00-04:00,281.31,283.28,274.70,277.66,458200
2020-09-01 20:00:00-04:00,279.58,284.46,275.09,283.84,564900
2020-09-02 20:00:00-04:00,280.17,280.17,260.43,263.42,668600
2020-09-03 20:00:00-04:00,261.88,264.60,250.32,259.83,432100
2020-09-07 20:00:00-04:00,256.65,262.95,254.11,258.81,392300
2020-09-08 20:00:00-04:00,263.15,272.71,262.44,268.61,410800
2020-09-09 20:00:00-04:00,268.61,274.41,267.49,271.38,431300
2020-09-10 20:00:00-04:00,273.28,274.49,267.24,268.46,352700
2020-09-13 20:00:00-04:00,270.92,274.53,270.19,273.84,396200
2020-09-14 20:00:00-04:00,275.47,281.11,274.95,280.25,353800
2020-09-15 20:00:00-04:00,281.24,283.63,276.34,277.20,653000
2020-09-16 20:00:00-04:00,274.61,275.04,267.33,270.97,879700
2020-09-17 20:00:00-04:00,271.62,278.59,270.99,273.70,1517000
2020-09-20 20:00:00-04:00,271.28,273.39,265.77,272.82,669600
2020-09-21 20:00:00-04:00,273.16,273.90,266.58,273.02,597300
2020-09-22 20:00:00-04:00,272.41,272.41,263.22,264.41,449400
2020-09-23 20:00:00-04:00,263.12,265.17,258.13,259.81,494300
2020-09-24 20:00:00-04:00,257.48,266.16,257.26,265.60,414200
2020-09-27 20:00:00-04:00,268.02,272.29,266.08,268.44,378600
2020-09-28 20:00:00-04:00,270.00,273.12,269.52,269.68,248200
2020-09-29 20:00:00-04:00,269.81,273.77,268.61,270.91,477600
2020-09-30 20:00:00-04:00,274.71,276.43,270.57,271.79,398100
2020-10-01 20:00:00-04:00,269.87,272.42,266.59,269.88,281200
2020-10-04 20:00:00-04:00,271.80,283.90,271.26,283.47,873600
2020-10-05 20:00:00-04:00,283.18,291.10,282.52,286.12,722600
2020-10-06 20:00:00-04:00,287.71,290.82,287.40,288.46,439100
2020-10-07 20:00:00-04:00,289.32,290.60,285.37,287.03,368300
2020-10-08 20:00:00-04:00,288.56,294.37,288.18,293.95,305100
2020-10-11 20:00:00-04:00,295.65,297.66,293.67,297.28,324700
2020-10-12 20:00:00-04:00,295.65,298.74,294.68,295.13,302100
2020-10-13 20:00:00-04:00,294.69,294.69,282.96,283.97,568600
2020-10-14 20:00:00-04:00,281.89,287.65,278.41,287.14,341400
2020-10-15 20:00:00-04:00,289.30,291.35,286.82,287.82,298600
2020-10-18 20:00:00-04:00,288.75,291.29,280.20,281.91,373000
2020-10-19 20:00:00-04:00,282.69,287.56,281.11,282.81,337400
2020-10-20 20:00:00-04:00,283.03,286.29,276.00,280.29,336000
2020-10-21 20:00:00-04:00,280.91,282.55,274.15,275.35,539600
2020-10-22 20:00:00-04:00,277.39,278.68,273.27,277.84,337400
2020-10-25 20:00:00-04:00,274.92,278.61,274.53,276.04,387900
2020-10-26 20:00:00-04:00,277.35,282.40,276.89,281.92,416200
2020-10-27 20:00:00-04:00,278.05,280.13,272.39,276.17,495600
2020-10-28 20:00:00-04:00,275.49,276.21,269.53,271.24,316900
2020-10-29 20:00:00-04:00,271.01,272.29,260.95,268.12,439100
2020-11-01 19:00:00-05:00,269.70,272.69,262.91,267.46,411000
2020-11-02 19:00:00-05:00,269.04,275.19,267.69,273.01,296500
2020-11-03 19:00:00-05:00,279.78,289.86,279.04,285.58,447000
2020-11-04 19:00:00-05:00,290.25,291.95,285.40,290.74,309000
2020-11-05 19:00:00-05:00,291.58,294.99,289.95,291.51,251500
2020-11-08 19:00:00-05:00,298.77,300.75,282.54,282.54,515300
2020-11-09 19:00:00-05:00,282.15,287.46,268.98,275.52,416700
2020-11-10 19:00:00-05:00,278.64,282.81,277.11,281.09,437700
2020-11-11 19:00:00-05:00,283.43,288.68,282.96,285.55,306700
2020-11-12 19:00:00-05:00,287.83,290.28,284.44,286.91,241500
2020-11-15 19:00:00-05:00,287.45,289.40,284.68,287.94,280800
2020-11-16 19:00:00-05:00,286.74,286.74,282.20,282.79,297700
2020-11-17 19:00:00-05:00,282.04,283.50,277.13,277.37,358000
2020-11-18 19:00:00-05:00,277.94,283.83,274.31,277.30,391400
2020-11-19 19:00:00-05:00,277.99,283.07,277.51,280.76,351300
2020-11-22 19:00:00-05:00,280.93,281.78,270.30,271.87,300000
2020-11-23 19:00:00-05:00,270.15,271.66,263.48,263.98,461100
2020-11-24 19:00:00-05:00,265.10,266.44,260.38,265.45,378300
2020-11-26 19:00:00-05:00,267.86,274.12,267.86,274.08,190600
2020-11-29 19:00:00-05:00,275.63,276.59,268.08,271.32,775400
2020-11-30 19:00:00-05:00,270.96,272.74,267.47,268.22,442200
2020-12-01 19:00:00-05:00,268.21,272.48,264.86,271.55,344700
2020-12-02 19:00:00-05:00,270.53,272.71,267.37,268.44,281900
2020-12-03 19:00:00-05:00,267.92,270.52,266.94,267.76,312400
2020-12-06 19:00:00-05:00,268.36,269.99,263.51,264.32,367900
2020-12-07 19:00:00-05:00,263.36,264.85,261.77,263.55,682900
2020-12-08 19:00:00-05:00,263.52,264.09,256.37,257.52,766000
2020-12-09 19:00:00-05:00,256.87,266.38,256.21,262.95,687000
2020-12-10 19:00:00-05:00,261.59,262.13,259.12,260.30,592900
2020-12-13 19:00:00-05:00,261.30,267.94,260.29,261.23,393700
2020-12-14 19:00:00-05:00,261.89,264.71,261.36,263.45,406500
2020-12-15 19:00:00-05:00,264.34,266.96,260.32,263.89,392700
2020-12-16 19:00:00-05:00,265.89,273.02,265.85,269.76,578600
2020-12-17 19:00:00-05:00,269.79,274.30,265.57,273.79,973400
2020-12-20 19:00:00-05:00,270.02,272.24,262.57,272.24,478700
2020-12-21 19:00:00-05:00,272.63,279.37,271.62,278.96,462000
2020-12-22 19:00:00-05:00,280.22,281.68,275.13,277.51,478400
2020-12-23 19:00:00-05:00,277.86,280.58,276.46,279.01,147100
2020-12-27 19:00:00-05:00,282.58,282.58,273.41,273.66,213100
2020-12-28 19:00:00-05:00,274.31,276.43,270.99,274.46,222700
2020-12-29 19:00:00-05:00,276.38,280.33,275.15,276.04,233700
2020-12-30 19:00:00-05:00,276.33,279.53,272.23,279.36,455600
2021-01-03 19:00:00-05:00,279.48,285.59,276.09,281.59,483300
2021-01-04 19:00:00-05:00,280.70,287.28,280.00,286.96,479000
2021-01-05 19:00:00-05:00,282.65,290.69,281.04,290.04,595600
2021-01-06 19:00:00-05:00,293.37,300.82,290.63,299.82,511000
2021-01-07 19:00:00-05:00,301.13,307.77,300.26,303.24,437700
2021-01-10 19:00:00-05:00,302.89,303.21,297.29,298.19,351700
2021-01-11 19:00:00-05:00,296.90,299.56,293.38,294.33,499200
2021-01-12 19:00:00-05:00,296.18,296.23,291.46,293.84,452700
2021-01-13 19:00:00-05:00,293.86,296.93,292.57,294.55,434200
2021-01-14 19:00:00-05:00,294.38,295.70,290.72,295.23,351700
2021-01-18 19:00:00-05:00,299.06,299.93,293.44,296.10,399200
2021-01-19 19:00:00-05:00,295.64,302.54,294.80,300.97,418200
2021-01-20 19:00:00-05:00,300.35,301.22,293.75,295.67,486500
2021-01-21 19:00:00-05:00,295.17,296.93,292.55,296.07,516900
2021-01-24 19:00:00-05:00,298.39,304.90,294.29,296.24,418000
2021-01-25 19:00:00-05:00,296.31,297.25,292.04,295.67,520400
2021-01-26 19:00:00-05:00,290.99,294.21,286.27,289.30,798200
2021-01-27 19:00:00-05:00,290.69,297.99,288.94,294.92,648300
2021-01-28 19:00:00-05:00,293.70,302.63,292.84,295.48,1401200
2021-01-31 19:00:00-05:00,296.58,299.34,290.32,293.04,793900
2021-02-01 19:00:00-05:00,295.98,299.24,290.66,290.66,420400
2021-02-02 19:00:00-05:00,290.67,292.74,283.79,288.17,666900
2021-02-03 19:00:00-05:00,288.97,291.69,285.49,286.36,592800
2021-02-04 19:00:00-05:00,287.68,290.05,286.05,287.45,451200
2021-02-07 19:00:00-05:00,288.88,293.17,288.54,290.52,385200
2021-02-08 19:00:00-05:00,290.41,293.03,284.76,286.01,520900
2021-02-09 19:00:00-05:00,286.17,290.64,284.40,288.38,334700
2021-02-10 19:00:00-05:00,290.99,291.53,284.57,287.19,440500
2021-02-11 19:00:00-05:00,286.69,290.33,285.28,290.07,267900
2021-02-15 19:00:00-05:00,289.48,292.60,289.07,291.65,417600
2021-02-16 19:00:00-05:00,290.20,292.52,286.89,290.05,415000
2021-02-17 19:00:00-05:00,297.95,299.21,286.94,292.77,639600
2021-02-18 19:00:00-05:00,293.70,294.26,275.59,277.78,1055900
2021-02-21 19:00:00-05:00,277.06,277.20,268.02,269.00,501300
2021-02-22 19:00:00-05:00,266.49,271.95,261.88,270.62,682400
2021-02-23 19:00:00-05:00,270.39,276.38,268.86,275.19,406300
2021-02-24 19:00:00-05:00,275.19,277.67,271.96,273.96,361500
2021-02-25 19:00:00-05:00,275.20,280.17,273.12,276.89,668200
2021-02-28 19:00:00-05:00,277.92,282.14,277.92,279.20,406800
2021-03-01 19:00:00-05:00,279.86,281.17,273.55,274.38,323900
2021-03-02 19:00:00-05:00,273.28,273.34,263.80,264.04,457000
2021-03-03 19:00:00-05:00,264.16,264.45,251.79,253.85,566400
2021-03-04 19:00:00-05:00,256.02,259.48,250.46,258.89,568100
2021-03-07 19:00:00-05:00,258.88,263.93,255.67,257.85,424400
2021-03-08 19:00:00-05:00,261.91,270.70,261.87,263.84,368600
2021-03-09 19:00:00-05:00,267.51,273.12,263.09,264.15,365100
2021-03-10 19:00:00-05:00,267.02,270.12,265.27,269.24,279000
2021-03-11 19:00:00-05:00,268.34,271.59,267.15,270.45,254000
2021-03-14 20:00:00-04:00,270.33,272.85,268.08,272.32,324300
2021-03-15 20:00:00-04:00,273.80,275.72,269.67,270.50,293900
2021-03-16 20:00:00-04:00,267.90,273.18,267.01,270.91,347000
2021-03-17 20:00:00-04:00,269.19,271.09,264.83,265.35,451500
2021-03-18 20:00:00-04:00,265.31,275.84,265.31,273.44,831400
2021-03-21 20:00:00-04:00,272.93,279.34,271.88,278.71,358100
2021-03-22 20:00:00-04:00,279.28,282.17,278.00,279.46,364500
2021-03-23 20:00:00-04:00,279.16,280.07,271.89,274.36,374700
2021-03-24 20:00:00-04:00,274.94,274.94,265.97,271.76,478100
2021-03-25 20:00:00-04:00,272.76,276.96,270.27,276.56,476400
2021-03-28 20:00:00-04:00,274.47,279.56,272.00,276.75,365000
2021-03-29 20:00:00-04:00,274.52,276.44,272.81,274.61,372300
2021-03-30 20:00:00-04:00,275.35,280.43,272.37,278.01,704600
2021-03-31 20:00:00-04:00,280.16,281.20,275.17,280.96,394200
2021-04-04 20:00:00-04:00,282.90,286.64,281.47,285.68,376100
2021-04-05 20:00:00-04:00,287.88,291.35,285.74,287.38,332900
2021-04-06 20:00:00-04:00,286.09,287.85,284.79,285.31,291700
2021-04-07 20:00:00-04:00,286.56,290.32,285.37,287.97,277900
2021-04-08 20:00:00-04:00,288.29,292.58,287.42,292.55,201700
2021-04-11 20:00:00-04:00,292.55,294.65,291.21,292.96,334700
2021-04-12 20:00:00-04:00,294.55,302.78,294.43,302.35,323900
2021-04-13 20:00:00-04:00,301.81,303.34,294.94,296.04,421600
2021-04-14 20:00:00-04:00,297.29,307.38,297.13,306.79,364500
2021-04-15 20:00:00-04:00,307.70,310.63,304.62,309.63,363200
2021-04-18 20:00:00-04:00,307.60,312.94,307.60,312.55,335900
2021-04-19 20:00:00-04:00,312.05,315.71,311.98,315.09,316900
2021-04-20 20:00:00-04:00,315.89,320.49,313.64,319.67,408800
2021-04-21 20:00:00-04:00,321.32,322.31,314.95,317.70,406100
2021-04-22 20:00:00-04:00,318.14,321.81,315.39,319.52,309700
2021-04-25 20:00:00-04:00,320.15,320.96,317.88,318.26,319900
2021-04-26 20:00:00-04:00,317.29,319.37,314.53,316.23,403600
2021-04-27 20:00:00-04:00,317.04,320.34,315.18,318.08,316000
2021-04-28 20:00:00-04:00,320.82,329.29,318.80,320.38,514600
2021-04-29 20:00:00-04:00,320.66,326.63,319.38,324.30,917100
2021-05-02 20:00:00-04:00,323.85,330.53,323.26,325.64,663500
2021-05-03 20:00:00-04:00,324.61,325.15,320.02,324.97,515400
2021-05-04 20:00:00-04:00,325.79,325.79,319.93,324.38,314900
2021-05-05 20:00:00-04:00,324.74,325.18,320.39,325.18,224700
2021-05-06 20:00:00-04:00,325.80,330.34,325.47,329.39,278200
2021-05-09 20:00:00-04:00,329.66,332.22,326.08,329.44,430700
2021-05-10 20:00:00-04:00,325.83,335.28,324.97,330.91,458400
2021-05-11 20:00:00-04:00,326.53,328.08,319.83,320.62,495300
2021-05-12 20:00:00-04:00,322.47,326.03,320.84,324.08,472400
2021-05-13 20:00:00-04:00,326.58,330.31,323.12,328.79,262000
2021-05-16 20:00:00-04:00,328.67,330.44,321.91,322.50,288900
2021-05-17 20:00:00-04:00,322.15,325.55,321.33,322.67,295800
2021-05-18 20:00:00-04:00,319.81,323.50,318.93,321.68,317000
2021-05-19 20:00:00-04:00,322.27,329.66,320.74,328.51,305900
2021-05-20 20:00:00-04:00,329.72,332.23,328.90,329.16,680100
2021-05-23 20:00:00-04:00,331.50,335.52,329.71,335.15,260700
2021-05-24 20:00:00-04:00,335.63,341.72,335.63,340.92,523400
2021-05-25 20:00:00-04:00,342.63,343.78,339.21,339.96,387600
2021-05-26 20:00:00-04:00,338.83,343.38,336.92,340.27,1128700
2021-05-27 20:00:00-04:00,341.60,344.77,340.58,343.04,389700
2021-05-31 20:00:00-04:00,343.52,344.80,335.14,335.79,297100
2021-06-01 20:00:00-04:00,335.11,336.55,328.97,329.48,395300
2021-06-02 20:00:00-04:00,327.20,330.42,325.29,328.49,267500
2021-06-03 20:00:00-04:00,331.54,332.99,328.59,329.14,233800
2021-06-06 20:00:00-04:00,328.72,331.56,328.27,329.03,490200
2021-06-07 20:00:00-04:00,331.58,331.96,324.06,326.05,387100
2021-06-08 20:00:00-04:00,327.46,331.92,325.26,331.61,443300
2021-06-09 20:00:00-04:00,332.52,339.45,332.52,339.36,355700
2021-06-10 20:00:00-04:00,338.41,340.98,335.94,340.89,218800
2021-06-13 20:00:00-04:00,341.48,341.48,336.77,340.70,209800
2021-06-14 20:00:00-04:00,341.82,341.82,337.36,340.41,253000
2021-06-15 20:00:00-04:00,341.52,344.14,339.10,341.66,300700
2021-06-16 20:00:00-04:00,339.43,348.45,339.14,347.50,332500
2021-06-17 20:00:00-04:00,345.60,349.51,345.60,347.76,572500
2021-06-20 20:00:00-04:00,349.65,353.73,345.48,352.99,286900
2021-06-21 20:00:00-04:00,352.61,356.40,351.96,355.46,244700
2021-06-22 20:00:00-04:00,355.03,356.79,354.07,354.09,274000
2021-06-23 20:00:00-04:00,355.92,357.13,354.25,354.92,235300
2021-06-24 20:00:00-04:00,354.32,356.60,353.42,355.43,491700
2021-06-27 20:00:00-04:00,355.75,359.84,355.00,358.53,274900
2021-06-28 20:00:00-04:00,358.27,359.45,355.18,355.37,318900
2021-06-29 20:00:00-04:00,355.37,355.68,352.73,354.48,423400
2021-06-30 20:00:00-04:00,354.64,358.46,354.49,358.34,378700
2021-07-01 20:00:00-04:00,358.41,361.27,355.56,361.04,291500
2021-07-05 20:00:00-04:00,360.91,364.46,360.91,364.25,592200
2021-07-06 20:00:00-04:00,366.02,368.74,364.00,367.87,352500
2021-07-07 20:00:00-04:00,365.00,370.53,362.09,368.31,473800
2021-07-08 20:00:00-04:00,369.66,370.37,366.77,369.38,512300
2021-07-11 20:00:00-04:00,371.24,372.34,367.17,371.16,297200
2021-07-12 20:00:00-04:00,371.16,372.04,366.32,367.86,242000
2021-07-13 20:00:00-04:00,369.19,369.19,365.46,366.66,192000
2021-07-14 20:00:00-04:00,366.36,369.38,363.29,367.18,265000
2021-07-15 20:00:00-04:00,369.05,371.05,365.90,368.86,248800
2021-07-18 20:00:00-04:00,367.07,370.17,364.19,366.23,432800
2021-07-19 20:00:00-04:00,367.36,372.08,366.91,368.07,519400
2021-07-20 20:00:00-04:00,367.42,369.49,358.01,363.39,340100
2021-07-21 20:00:00-04:00,364.44,370.35,363.44,369.34,247000
2021-07-22 20:00:00-04:00,372.32,376.79,369.89,376.34,237900
2021-07-25 20:00:00-04:00,374.75,374.90,368.56,372.83,278100
2021-07-26 20:00:00-04:00,373.10,374.72,370.15,373.69,221900
2021-07-27 20:00:00-04:00,373.40,380.52,373.01,379.25,493800
2021-07-28 20:00:00-04:00,380.72,401.95,379.61,399.90,717400
2021-07-29 20:00:00-04:00,401.67,408.09,398.48,406.62,679900
2021-08-01 20:00:00-04:00,407.23,411.57,399.38,410.08,300400
2021-08-02 20:00:00-04:00,409.30,417.48,409.12,416.95,331000
2021-08-03 20:00:00-04:00,416.56,424.75,414.75,422.83,387700
2021-08-04 20:00:00-04:00,423.06,424.83,414.90,420.38,204400
2021-08-05 20:00:00-04:00,417.39,423.38,414.10,422.19,285500
2021-08-08 20:00:00-04:00,423.39,424.83,420.03,423.69,216500
2021-08-09 20:00:00-04:00,425.58,425.81,419.53,419.74,273900
2021-08-10 20:00:00-04:00,421.00,421.00,414.22,417.57,257000
2021-08-11 20:00:00-04:00,416.07,424.87,415.20,424.39,185900
2021-08-12 20:00:00-04:00,425.21,429.18,422.72,428.89,187000
2021-08-15 20:00:00-04:00,429.64,436.57,428.39,436.13,284700
2021-08-16 20:00:00-04:00,434.23,438.15,431.29,436.37,273700
2021-08-17 20:00:00-04:00,435.90,440.22,434.94,436.73,297400
2021-08-18 20:00:00-04:00,435.37,444.62,435.37,441.42,374300
2021-08-19 20:00:00-04:00,440.85,444.85,438.75,443.93,254900
2021-08-22 20:00:00-04:00,445.31,445.31,440.43,441.03,243200
2021-08-23 20:00:00-04:00,441.88,442.24,438.13,440.35,252100
2021-08-24 20:00:00-04:00,439.48,440.65,434.91,439.01,257200
2021-08-25 20:00:00-04:00,438.97,442.30,437.18,441.16,240300
2021-08-26 20:00:00-04:00,441.56,443.94,438.35,441.42,255000
2021-08-29 20:00:00-04:00,441.62,447.37,441.62,446.09,349000
2021-08-30 20:00:00-04:00,447.41,450.98,442.24,446.02,513500
2021-08-31 20:00:00-04:00,444.09,449.01,436.77,447.50,368400
2021-09-01 20:00:00-04:00,449.57,454.15,447.74,453.31,249400
2021-09-02 20:00:00-04:00,452.16,459.63,450.34,458.62,295100
2021-09-06 20:00:00-04:00,457.71,457.94,451.33,456.13,205700
2021-09-07 20:00:00-04:00,455.23,464.58,454.30,462.66,282700
2021-09-08 20:00:00-04:00,465.28,469.45,455.35,455.52,363200
2021-09-09 20:00:00-04:00,458.93,461.26,453.31,453.34,340800
2021-09-12 20:00:00-04:00,455.46,456.35,432.19,436.72,556000
2021-09-13 20:00:00-04:00,439.38,449.05,437.98,446.45,382600
2021-09-14 20:00:00-04:00,448.10,453.15,444.97,446.88,263500
2021-09-15 20:00:00-04:00,447.13,452.36,442.87,448.83,243900
2021-09-16 20:00:00-04:00,447.59,449.81,441.99,443.06,575900
2021-09-19 20:00:00-04:00,438.61,444.32,435.30,439.13,321700
2021-09-20 20:00:00-04:00,442.14,445.88,437.69,442.56,205600
2021-09-21 20:00:00-04:00,444.42,444.75,434.66,443.61,254900
2021-09-22 20:00:00-04:00,446.81,453.92,442.85,449.57,206400
2021-09-23 20:00:00-04:00,449.04,452.90,446.08,451.44,252600
2021-09-26 20:00:00-04:00,448.10,448.91,435.21,436.11,328100
2021-09-27 20:00:00-04:00,431.93,431.93,416.29,422.13,412900
2021-09-28 20:00:00-04:00,424.51,430.06,420.66,427.05,266200
2021-09-29 20:00:00-04:00,430.82,434.31,419.02,419.27,564300
2021-09-30 20:00:00-04:00,419.73,419.73,401.79,414.52,522400
2021-10-03 20:00:00-04:00,411.53,412.08,401.08,404.74,593600
2021-10-04 20:00:00-04:00,407.84,414.90,406.97,408.35,391000
2021-10-05 20:00:00-04:00,405.62,408.65,400.21,408.16,338800
2021-10-06 20:00:00-04:00,411.60,417.53,410.02,412.54,368000
2021-10-07 20:00:00-04:00,413.98,414.74,401.75,402.09,209700
2021-10-10 20:00:00-04:00,399.48,407.77,397.20,398.56,279500
2021-10-11 20:00:00-04:00,400.73,403.29,397.40,398.20,201800
2021-10-12 20:00:00-04:00,400.28,404.89,394.21,397.26,351500
2021-10-13 20:00:00-04:00,402.88,405.08,399.06,402.38,258700
2021-10-14 20:00:00-04:00,404.17,404.17,398.75,399.79,234300
2021-10-17 20:00:00-04:00,397.95,403.78,397.45,403.65,217000
2021-10-18 20:00:00-04:00,405.05,417.67,405.05,412.39,379200
2021-10-19 20:00:00-04:00,415.21,417.90,407.99,409.46,261100
2021-10-20 20:00:00-04:00,411.62,417.11,407.80,416.99,307900
2021-10-21 20:00:00-04:00,415.97,419.53,413.97,415.97,385600
2021-10-24 20:00:00-04:00,417.28,417.28,409.92,412.25,432800
2021-10-25 20:00:00-04:00,416.59,419.68,411.03,415.09,305500
2021-10-26 20:00:00-04:00,417.10,420.39,412.20,416.11,310100
2021-10-27 20:00:00-04:00,414.94,420.64,398.83,415.91,693600
2021-10-28 20:00:00-04:00,415.78,427.15,412.47,424.55,554200
2021-10-31 20:00:00-04:00,425.59,425.59,414.07,421.45,527700
2021-11-01 20:00:00-04:00,423.43,433.56,417.31,432.60,462600
2021-11-02 20:00:00-04:00,433.21,435.67,424.17,432.77,466200
2021-11-03 20:00:00-04:00,429.93,430.66,420.74,427.70,397200
2021-11-04 20:00:00-04:00,423.42,427.07,396.29,398.77,1092700
2021-11-07 19:00:00-05:00,400.65,408.54,394.71,408.14,502600
2021-11-08 19:00:00-05:00,408.96,413.89,403.83,409.15,273000
2021-11-09 19:00:00-05:00,406.22,408.05,401.16,404.58,365100
2021-11-10 19:00:00-05:00,407.21,411.98,403.23,411.89,298900
2021-11-11 19:00:00-05:00,413.85,415.82,407.94,414.19,227900
2021-11-14 19:00:00-05:00,412.99,417.78,412.82,417.40,252800
2021-11-15 19:00:00-05:00,418.92,437.14,418.59,436.93,417200
2021-11-16 19:00:00-05:00,439.67,443.95,434.36,439.34,341700
2021-11-17 19:00:00-05:00,443.07,444.87,439.12,443.98,305600
2021-11-18 19:00:00-05:00,446.59,450.35,440.67,443.08,338300
2021-11-21 19:00:00-05:00,443.93,445.81,432.29,432.44,302700
2021-11-22 19:00:00-05:00,427.52,430.10,418.30,425.53,308000
2021-11-23 19:00:00-05:00,424.07,428.92,420.60,428.53,280600
2021-11-25 19:00:00-05:00,431.04,449.96,431.04,433.62,279300
2021-11-28 19:00:00-05:00,434.65,449.53,431.14,442.02,455400
2021-11-29 19:00:00-05:00,443.15,452.51,433.75,437.36,1021300
2021-11-30 19:00:00-05:00,437.01,439.64,421.81,430.20,378200
2021-12-01 19:00:00-05:00,427.73,437.25,427.73,432.15,545400
2021-12-02 19:00:00-05:00,434.73,441.00,422.27,428.93,404400
2021-12-05 19:00:00-05:00,428.32,434.84,414.19,418.51,516700
2021-12-06 19:00:00-05:00,425.30,430.50,421.50,424.82,368900
2021-12-07 19:00:00-05:00,427.08,430.82,420.61,430.30,327500
2021-12-08 19:00:00-05:00,431.15,433.17,423.89,424.05,298200
2021-12-09 19:00:00-05:00,423.92,429.77,422.55,426.40,232000
2021-12-12 19:00:00-05:00,427.86,437.05,424.83,435.63,295400
2021-12-13 19:00:00-05:00,431.84,432.33,418.74,423.56,347000
2021-12-14 19:00:00-05:00,425.75,439.90,421.82,438.21,382300
2021-12-15 19:00:00-05:00,438.20,447.11,435.85,439.49,363200
2021-12-16 19:00:00-05:00,440.03,452.09,436.89,444.42,616200
2021-12-19 19:00:00-05:00,443.22,446.37,425.84,433.77,425900
2021-12-20 19:00:00-05:00,435.02,440.33,429.58,439.20,250300
2021-12-21 19:00:00-05:00,440.87,448.96,436.21,448.18,257000
2021-12-22 19:00:00-05:00,448.18,457.21,447.48,454.33,375400
2021-12-26 19:00:00-05:00,462.22,469.31,458.30,460.31,350000
2021-12-27 19:00:00-05:00,462.73,464.03,454.60,459.30,215100
2021-12-28 19:00:00-05:00,459.43,464.85,457.41,462.39,219400
2021-12-29 19:00:00-05:00,464.06,469.23,462.65,465.70,162700
2021-12-30 19:00:00-05:00,459.43,466.89,457.71,463.39,224800
2022-01-02 19:00:00-05:00,460.77,462.45,437.46,440.58,397600
2022-01-03 19:00:00-05:00,437.10,439.99,416.10,423.86,525800
2022-01-04 19:00:00-05:00,420.85,421.92,398.67,399.13,530100
2022-01-05 19:00:00-05:00,399.50,408.26,391.80,402.86,519700
2022-01-06 19:00:00-05:00,399.38,400.05,385.10,385.79,513900
2022-01-09 19:00:00-05:00,383.43,388.17,375.06,387.87,557200
2022-01-10 19:00:00-05:00,387.23,395.65,382.42,394.71,386700
2022-01-11 19:00:00-05:00,396.20,402.78,394.26,396.47,350500
2022-01-12 19:00:00-05:00,396.90,396.90,375.01,376.22,397300
2022-01-13 19:00:00-05:00,373.82,376.56,367.63,375.23,424300
2022-01-17 19:00:00-05:00,362.82,370.69,361.40,367.88,401300
2022-01-18 19:00:00-05:00,370.40,377.06,368.94,371.13,431700
2022-01-19 19:00:00-05:00,373.69,384.54,368.63,369.29,743300
2022-01-20 19:00:00-05:00,375.32,380.41,362.16,363.57,654800
2022-01-23 19:00:00-05:00,360.01,380.67,356.25,379.11,880700
2022-01-24 19:00:00-05:00,372.18,381.34,368.92,374.01,683700
2022-01-25 19:00:00-05:00,374.26,383.82,370.24,374.21,757200
2022-01-26 19:00:00-05:00,378.57,384.39,374.64,379.44,759600
2022-01-27 19:00:00-05:00,381.29,388.53,372.22,388.51,561500
2022-01-30 19:00:00-05:00,390.40,396.50,383.42,388.70,670300
2022-01-31 19:00:00-05:00,391.76,393.14,382.76,392.67,382500
2022-02-01 19:00:00-05:00,394.51,404.27,392.85,404.03,340600
2022-02-02 19:00:00-05:00,395.87,402.28,395.47,397.52,242900
2022-02-03 19:00:00-05:00,395.55,401.00,392.85,396.14,184200
2022-02-06 19:00:00-05:00,396.40,399.57,391.62,396.11,248000
2022-02-07 19:00:00-05:00,390.42,398.05,388.64,396.08,287500
2022-02-08 19:00:00-05:00,402.16,404.25,400.17,404.08,373500
2022-02-09 19:00:00-05:00,395.49,403.43,391.82,394.95,327400
2022-02-10 19:00:00-05:00,394.90,399.60,386.49,386.70,372600
2022-02-13 19:00:00-05:00,386.32,390.37,377.31,379.27,495300
2022-02-14 19:00:00-05:00,383.39,388.06,376.30,380.94,502000
2022-02-15 19:00:00-05:00,376.46,378.46,367.18,374.96,615000
2022-02-16 19:00:00-05:00,378.13,390.46,369.50,382.84,598100
2022-02-17 19:00:00-05:00,384.47,385.14,363.36,365.24,502500
2022-02-21 19:00:00-05:00,365.00,369.67,357.29,364.88,564500
2022-02-22 19:00:00-05:00,365.74,366.61,353.08,353.38,426300
2022-02-23 19:00:00-05:00,345.13,375.48,345.13,374.03,538100
2022-02-24 19:00:00-05:00,373.22,382.12,369.53,382.02,427200
2022-02-27 19:00:00-05:00,380.84,384.60,375.05,382.63,537900
2022-02-28 19:00:00-05:00,384.06,384.06,374.17,377.19,410000
2022-03-01 19:00:00-05:00,379.71,383.06,375.20,380.25,256300
2022-03-02 19:00:00-05:00,384.05,387.09,377.97,386.74,287900
2022-03-03 19:00:00-05:00,386.61,387.75,376.80,382.74,460300
2022-03-06 19:00:00-05:00,380.81,380.81,364.56,368.59,298100
2022-03-07 19:00:00-05:00,363.79,368.90,354.44,354.52,324500
2022-03-08 19:00:00-05:00,363.98,372.01,359.32,368.12,288500
2022-03-09 19:00:00-05:00,363.42,370.72,358.64,367.20,254400
2022-03-10 19:00:00-05:00,371.80,371.80,358.80,359.03,296800
2022-03-13 20:00:00-04:00,361.15,371.55,359.75,365.76,410300
2022-03-14 20:00:00-04:00,371.09,382.02,366.88,381.00,524300
2022-03-15 20:00:00-04:00,382.27,392.81,380.90,392.20,368100
2022-03-16 20:00:00-04:00,390.49,400.61,390.07,400.58,296900
2022-03-17 20:00:00-04:00,402.30,413.93,402.05,409.92,678000
2022-03-20 20:00:00-04:00,407.87,413.20,405.61,407.90,286600
2022-03-21 20:00:00-04:00,406.35,413.19,404.97,408.71,318300
2022-03-22 20:00:00-04:00,403.37,405.41,396.35,398.50,242600
2022-03-23 20:00:00-04:00,400.07,404.19,393.96,403.75,191700
2022-03-24 20:00:00-04:00,405.28,405.28,395.67,400.58,360800
2022-03-27 20:00:00-04:00,402.57,404.54,397.41,401.97,230300
2022-03-28 20:00:00-04:00,409.76,415.00,407.46,409.36,278500
2022-03-29 20:00:00-04:00,409.14,413.30,404.49,413.20,398800
2022-03-30 20:00:00-04:00,414.36,417.03,405.98,405.98,798400
2022-03-31 20:00:00-04:00,407.59,412.75,404.84,412.23,414600
2022-04-03 20:00:00-04:00,412.05,416.63,403.21,404.32,366900
2022-04-04 20:00:00-04:00,404.83,410.81,402.57,403.94,297900
2022-04-05 20:00:00-04:00,400.52,406.11,394.01,404.74,296100
2022-04-06 20:00:00-04:00,403.33,419.12,403.33,415.61,340100
2022-04-07 20:00:00-04:00,413.08,415.85,408.17,408.82,233100
2022-04-10 20:00:00-04:00,407.18,407.18,393.27,393.92,311000
2022-04-11 20:00:00-04:00,394.10,397.96,379.24,380.13,288000
2022-04-12 20:00:00-04:00,379.74,383.00,377.73,382.57,509000
2022-04-13 20:00:00-04:00,384.76,386.13,375.26,376.83,258000
2022-04-17 20:00:00-04:00,378.43,378.43,365.43,368.14,308300
2022-04-18 20:00:00-04:00,366.13,370.69,362.28,366.91,833900
2022-04-19 20:00:00-04:00,369.06,373.63,362.49,367.65,578900
2022-04-20 20:00:00-04:00,370.43,372.88,359.98,361.11,349500
2022-04-21 20:00:00-04:00,359.01,360.87,345.38,345.91,341400
2022-04-24 20:00:00-04:00,343.21,346.87,335.43,345.10,489600
2022-04-25 20:00:00-04:00,343.16,345.36,328.66,328.72,452100
2022-04-26 20:00:00-04:00,331.45,337.49,328.09,328.69,583300
2022-04-27 20:00:00-04:00,327.43,331.30,304.96,321.77,880100
2022-04-28 20:00:00-04:00,319.51,325.45,311.24,311.59,660800
2022-05-01 20:00:00-04:00,310.41,314.79,303.15,308.81,584300
2022-05-02 20:00:00-04:00,309.47,311.41,302.45,303.07,503500
2022-05-03 20:00:00-04:00,301.00,317.13,296.87,314.93,758600
2022-05-04 20:00:00-04:00,315.02,315.49,305.30,311.29,592800
2022-05-05 20:00:00-04:00,307.28,310.13,299.73,302.96,593500
2022-05-08 20:00:00-04:00,298.97,300.69,292.37,293.55,439500
2022-05-09 20:00:00-04:00,296.79,299.46,286.12,292.99,457700
2022-05-10 20:00:00-04:00,290.11,296.75,287.22,287.59,389000
2022-05-11 20:00:00-04:00,286.06,294.32,284.94,292.73,446100
2022-05-12 20:00:00-04:00,296.66,303.57,295.70,301.61,310200
2022-05-15 20:00:00-04:00,299.66,304.14,298.47,300.02,326700
2022-05-16 20:00:00-04:00,304.92,307.73,298.20,301.56,376300
2022-05-17 20:00:00-04:00,297.99,300.59,289.97,290.77,416100
2022-05-18 20:00:00-04:00,290.19,300.46,287.76,298.88,423900
2022-05-19 20:00:00-04:00,301.59,303.11,291.05,297.36,374100
2022-05-22 20:00:00-04:00,300.15,300.20,294.23,299.99,491000
2022-05-23 20:00:00-04:00,299.11,299.78,294.43,297.40,306600
2022-05-24 20:00:00-04:00,297.89,300.44,292.80,295.50,381500
2022-05-25 20:00:00-04:00,298.18,303.02,294.85,302.09,329300
2022-05-26 20:00:00-04:00,305.15,317.83,305.14,317.67,546500
2022-05-30 20:00:00-04:00,315.23,315.85,306.49,306.96,1160300
2022-05-31 20:00:00-04:00,309.59,310.66,302.00,305.18,353500
2022-06-01 20:00:00-04:00,305.72,314.74,303.23,314.48,306100
2022-06-02 20:00:00-04:00,310.44,310.44,305.18,306.46,362200
2022-06-05 20:00:00-04:00,309.22,311.00,304.66,305.62,252400
2022-06-06 20:00:00-04:00,303.74,313.56,303.74,312.87,279300
2022-06-07 20:00:00-04:00,309.97,314.56,307.34,308.57,410200
2022-06-08 20:00:00-04:00,306.00,308.17,301.01,301.18,325400
2022-06-09 20:00:00-04:00,299.57,299.71,289.92,290.27,526200
2022-06-12 20:00:00-04:00,284.53,285.05,277.55,280.74,399700
2022-06-13 20:00:00-04:00,279.07,280.89,272.85,277.52,472200
2022-06-14 20:00:00-04:00,281.79,291.37,278.38,286.69,635900
2022-06-15 20:00:00-04:00,280.20,280.67,276.43,279.57,371900
2022-06-16 20:00:00-04:00,283.38,288.54,279.42,279.70,855900
2022-06-20 20:00:00-04:00,283.17,286.17,282.35,285.35,370500
2022-06-21 20:00:00-04:00,283.25,289.06,282.84,285.64,620800
2022-06-22 20:00:00-04:00,287.70,296.47,287.40,295.60,235700
2022-06-23 20:00:00-04:00,298.04,298.77,294.22,297.86,486400
2022-06-26 20:00:00-04:00,298.77,301.77,295.50,301.46,258100
2022-06-27 20:00:00-04:00,300.16,301.50,293.04,293.19,366800
2022-06-28 20:00:00-04:00,292.20,297.18,288.19,296.22,364800
2022-06-29 20:00:00-04:00,295.92,301.28,291.11,299.04,553800
2022-06-30 20:00:00-04:00,300.09,305.22,296.79,304.35,319100
2022-07-04 20:00:00-04:00,299.04,303.43,294.83,302.68,431900
2022-07-05 20:00:00-04:00,304.36,313.83,301.33,312.07,540100
2022-07-06 20:00:00-04:00,310.11,317.46,310.11,316.73,530400
2022-07-07 20:00:00-04:00,313.37,317.71,313.36,314.97,463400
2022-07-10 20:00:00-04:00,314.97,315.55,311.27,312.46,360100
2022-07-11 20:00:00-04:00,312.30,314.90,291.23,293.50,661400
2022-07-12 20:00:00-04:00,289.01,300.80,287.67,296.69,437600
2022-07-13 20:00:00-04:00,293.87,296.07,288.06,291.12,470000
2022-07-14 20:00:00-04:00,296.05,298.51,290.19,297.13,302600
2022-07-17 20:00:00-04:00,296.44,298.88,287.31,288.76,253600
2022-07-18 20:00:00-04:00,292.47,297.72,291.11,297.06,272800
2022-07-19 20:00:00-04:00,298.12,302.54,295.92,300.25,357600
2022-07-20 20:00:00-04:00,305.24,313.30,304.77,313.30,646100
2022-07-21 20:00:00-04:00,314.37,315.37,306.37,310.37,323900
2022-07-24 20:00:00-04:00,309.64,311.53,306.57,310.24,341100
2022-07-25 20:00:00-04:00,308.55,311.26,302.21,310.10,353600
2022-07-26 20:00:00-04:00,309.67,319.49,307.05,317.18,444600
2022-07-27 20:00:00-04:00,313.08,337.27,312.78,336.38,816200
2022-07-28 20:00:00-04:00,335.32,341.50,334.65,339.98,554500
2022-07-31 20:00:00-04:00,336.72,342.14,334.86,335.51,413200
2022-08-01 20:00:00-04:00,333.59,340.28,331.89,335.57,397600
2022-08-02 20:00:00-04:00,338.74,343.23,336.87,340.07,395900
2022-08-03 20:00:00-04:00,339.13,339.16,334.22,336.93,282300
2022-08-04 20:00:00-04:00,333.20,338.29,331.92,338.14,214000
2022-08-07 20:00:00-04:00,339.90,343.62,335.56,335.82,259700
2022-08-08 20:00:00-04:00,334.48,336.20,325.79,326.06,287000
2022-08-09 20:00:00-04:00,331.22,335.96,330.67,335.31,267700
2022-08-10 20:00:00-04:00,337.32,343.21,333.75,334.23,215000
2022-08-11 20:00:00-04:00,335.12,338.28,334.92,337.43,199200
2022-08-14 20:00:00-04:00,337.15,341.40,335.00,337.27,232700
2022-08-15 20:00:00-04:00,334.67,334.67,327.99,330.45,357800
2022-08-16 20:00:00-04:00,328.28,329.16,323.62,324.83,287800
2022-08-17 20:00:00-04:00,325.21,325.21,317.61,318.44,381900
2022-08-18 20:00:00-04:00,317.39,318.04,312.84,316.19,354700
2022-08-21 20:00:00-04:00,311.72,314.07,306.43,308.23,318000
2022-08-22 20:00:00-04:00,306.62,307.30,303.05,306.48,237300
2022-08-23 20:00:00-04:00,308.83,308.83,303.26,307.34,434500
2022-08-24 20:00:00-04:00,311.41,311.79,306.26,311.40,265500
2022-08-25 20:00:00-04:00,311.21,311.70,299.80,300.61,250800
2022-08-28 20:00:00-04:00,298.30,301.20,295.40,298.43,345400
2022-08-29 20:00:00-04:00,299.65,299.86,292.36,293.33,324000
2022-08-30 20:00:00-04:00,296.14,296.92,291.64,293.60,508400
2022-08-31 20:00:00-04:00,292.75,293.48,288.53,293.02,244400
2022-09-01 20:00:00-04:00,296.29,298.87,286.95,288.31,314200
2022-09-05 20:00:00-04:00,288.12,291.94,284.67,287.97,327400
2022-09-06 20:00:00-04:00,287.29,296.37,285.94,295.69,253300
2022-09-07 20:00:00-04:00,293.51,305.01,292.40,304.92,311600
2022-09-08 20:00:00-04:00,305.79,312.48,305.05,310.24,304700
2022-09-11 20:00:00-04:00,310.74,313.51,309.25,309.61,314800
2022-09-12 20:00:00-04:00,302.02,303.20,289.61,289.91,354600
2022-09-13 20:00:00-04:00,290.25,293.65,285.67,287.79,306000
2022-09-14 20:00:00-04:00,283.91,287.62,270.72,270.88,950700
2022-09-15 20:00:00-04:00,270.55,270.55,263.54,265.27,794600
2022-09-18 20:00:00-04:00,263.01,267.16,258.59,267.12,574500
2022-09-19 20:00:00-04:00,264.01,265.84,259.04,260.94,319600
2022-09-20 20:00:00-04:00,262.24,265.29,255.12,255.51,342100
2022-09-21 20:00:00-04:00,253.97,254.64,249.07,250.47,467500
2022-09-22 20:00:00-04:00,248.60,251.91,246.36,251.59,371600
2022-09-25 20:00:00-04:00,250.58,255.35,248.56,250.20,730500
2022-09-26 20:00:00-04:00,253.03,253.51,242.16,243.82,456500
2022-09-27 20:00:00-04:00,245.46,250.74,244.01,249.31,476800
2022-09-28 20:00:00-04:00,247.66,249.88,245.03,248.65,395600
2022-09-29 20:00:00-04:00,249.26,251.86,243.24,243.52,539700
2022-10-02 20:00:00-04:00,246.46,255.36,242.81,253.26,439100
2022-10-03 20:00:00-04:00,256.74,259.72,256.06,258.43,474600
2022-10-04 20:00:00-04:00,254.91,258.96,252.38,256.96,355100
2022-10-05 20:00:00-04:00,256.04,257.21,252.79,253.59,741500
2022-10-06 20:00:00-04:00,250.21,250.21,245.19,247.22,522900
2022-10-09 20:00:00-04:00,248.47,248.47,243.18,243.26,329500
2022-10-10 20:00:00-04:00,242.45,242.46,234.42,237.18,781300
2022-10-11 20:00:00-04:00,238.80,239.70,236.43,236.63,356000
2022-10-12 20:00:00-04:00,230.46,247.77,229.50,246.81,1034800
2022-10-13 20:00:00-04:00,249.48,250.69,243.16,244.95,859900
2022-10-16 20:00:00-04:00,251.22,256.05,250.35,252.66,417400
2022-10-17 20:00:00-04:00,259.82,261.93,255.08,258.88,678600
2022-10-18 20:00:00-04:00,254.62,255.84,240.42,241.10,1058300
2022-10-19 20:00:00-04:00,239.93,240.95,228.43,228.89,889700
2022-10-20 20:00:00-04:00,230.45,235.33,224.84,230.45,862100
2022-10-23 20:00:00-04:00,232.68,234.15,228.65,234.15,891800
2022-10-24 20:00:00-04:00,237.39,246.79,234.31,246.61,831000
2022-10-25 20:00:00-04:00,247.51,257.76,247.41,251.75,1002400
2022-10-26 20:00:00-04:00,205.34,228.24,204.04,218.93,1517000
2022-10-27 20:00:00-04:00,216.03,224.83,216.03,223.16,1293800
2022-10-30 20:00:00-04:00,221.41,228.98,219.78,227.70,1164200
2022-10-31 20:00:00-04:00,227.76,228.99,222.43,227.11,954000
2022-11-01 20:00:00-04:00,225.42,225.64,216.85,217.24,962600
2022-11-02 20:00:00-04:00,210.64,212.86,206.61,207.16,1069200
2022-11-03 20:00:00-04:00,209.75,213.54,204.83,213.34,774000
2022-11-06 19:00:00-05:00,215.10,223.79,212.96,223.59,758700
2022-11-07 19:00:00-05:00,224.35,229.83,220.78,222.41,690900
2022-11-08 19:00:00-05:00,220.76,224.03,218.72,219.39,499100
2022-11-09 19:00:00-05:00,232.40,240.71,229.84,240.41,610300
2022-11-10 19:00:00-05:00,241.26,251.10,240.42,248.52,962900
2022-11-13 19:00:00-05:00,246.50,247.55,239.99,239.99,890600
2022-11-14 19:00:00-05:00,246.71,250.16,243.55,245.32,565700
2022-11-15 19:00:00-05:00,245.89,246.78,236.29,237.80,547200
2022-11-16 19:00:00-05:00,235.04,235.04,219.74,219.80,1517000
2022-11-17 19:00:00-05:00,223.83,224.00,217.14,222.84,1517000
2022-11-20 19:00:00-05:00,222.51,224.06,219.87,223.09,1029800
2022-11-21 19:00:00-05:00,222.95,226.34,218.68,226.34,1281400
2022-11-22 19:00:00-05:00,226.78,229.99,225.17,225.87,545900
2022-11-24 19:00:00-05:00,225.62,225.92,221.34,224.48,362600
2022-11-27 19:00:00-05:00,222.70,224.11,219.99,222.03,555900
2022-11-28 19:00:00-05:00,221.02,223.53,219.69,221.36,315100
2022-11-29 19:00:00-05:00,221.96,232.67,220.35,232.41,1028700
2022-11-30 19:00:00-05:00,234.07,240.70,230.73,239.70,618200
2022-12-01 19:00:00-05:00,233.32,244.47,233.32,242.01,896800
2022-12-04 19:00:00-05:00,237.64,239.48,234.00,237.15,602100
2022-12-05 19:00:00-05:00,235.99,236.68,232.25,232.74,608900
2022-12-06 19:00:00-05:00,232.46,234.61,228.59,233.63,472100
2022-12-07 19:00:00-05:00,232.53,235.32,231.07,233.77,708500
2022-12-08 19:00:00-05:00,230.42,239.79,229.28,236.72,691300
2022-12-11 19:00:00-05:00,237.48,240.24,235.11,238.97,462400
2022-12-12 19:00:00-05:00,247.87,252.85,246.95,249.49,572800
2022-12-13 19:00:00-05:00,245.62,248.59,238.19,241.25,861200
2022-12-14 19:00:00-05:00,237.18,238.05,233.44,234.81,637300
2022-12-15 19:00:00-05:00,231.77,233.66,223.08,223.93,1517000
2022-12-18 19:00:00-05:00,223.94,227.70,222.00,226.04,568900
2022-12-19 19:00:00-05:00,224.84,227.46,222.23,225.61,520100
2022-12-20 19:00:00-05:00,228.20,234.39,227.79,232.43,376700
2022-12-21 19:00:00-05:00,229.49,233.55,226.94,233.01,348800
2022-12-22 19:00:00-05:00,232.75,233.49,229.93,232.88,337000
2022-12-26 19:00:00-05:00,232.58,235.36,229.34,234.46,340700
2022-12-27 19:00:00-05:00,235.54,237.26,228.45,229.02,299400
2022-12-28 19:00:00-05:00,231.71,240.05,231.71,236.69,381200
2022-12-29 19:00:00-05:00,232.74,234.02,229.04,233.09,247800
2023-01-02 19:00:00-05:00,236.03,238.58,229.55,232.16,432400
2023-01-03 19:00:00-05:00,236.25,240.86,234.55,238.83,661200
2023-01-04 19:00:00-05:00,235.17,237.08,231.04,231.46,516800
2023-01-05 19:00:00-05:00,233.12,234.59,223.50,230.27,755900
2023-01-08 19:00:00-05:00,233.86,239.92,233.15,238.42,644900
2023-01-09 19:00:00-05:00,239.01,247.48,238.76,243.57,542300
2023-01-10 19:00:00-05:00,248.09,251.33,246.56,248.94,558500
2023-01-11 19:00:00-05:00,248.27,248.27,239.67,245.71,423700
2023-01-12 19:00:00-05:00,243.81,249.86,243.28,248.30,774900
2023-01-16 19:00:00-05:00,246.85,250.91,245.27,250.61,649400
2023-01-17 19:00:00-05:00,251.59,256.26,250.44,252.07,915900
2023-01-18 19:00:00-05:00,250.81,254.63,246.17,252.34,476200
2023-01-19 19:00:00-05:00,253.85,257.11,251.82,257.06,515200
2023-01-22 19:00:00-05:00,255.94,262.97,254.49,261.58,597700
2023-01-23 19:00:00-05:00,258.63,258.63,253.43,256.04,456500
2023-01-24 19:00:00-05:00,253.03,258.20,251.18,258.16,465900
2023-01-25 19:00:00-05:00,261.38,268.24,260.03,267.69,666900
2023-01-26 19:00:00-05:00,267.23,269.86,264.74,266.24,423600
2023-01-29 19:00:00-05:00,262.21,265.15,258.76,259.50,435800
2023-01-30 19:00:00-05:00,260.21,263.28,256.65,263.24,748400
2023-01-31 19:00:00-05:00,264.62,270.83,261.35,269.18,408700
2023-02-01 19:00:00-05:00,272.56,280.99,272.56,279.38,942200
2023-02-02 19:00:00-05:00,273.50,274.04,267.16,270.46,466300
2023-02-05 19:00:00-05:00,267.04,268.83,264.69,265.79,579700
2023-02-06 19:00:00-05:00,263.65,271.36,262.79,269.96,377300
2023-02-07 19:00:00-05:00,267.86,269.69,261.68,262.72,519100
2023-02-08 19:00:00-05:00,264.38,267.09,263.33,265.06,770300
2023-02-09 19:00:00-05:00,262.17,270.22,262.17,268.73,1025300
2023-02-12 19:00:00-05:00,270.38,272.43,267.55,270.89,800100
2023-02-13 19:00:00-05:00,270.85,274.15,268.98,273.59,598700
2023-02-14 19:00:00-05:00,271.80,276.70,270.37,276.70,668600
2023-02-15 19:00:00-05:00,309.81,326.15,309.22,316.93,1517000
2023-02-16 19:00:00-05:00,314.37,316.46,304.68,310.94,1040400
2023-02-20 19:00:00-05:00,306.66,306.66,301.34,303.96,794500
2023-02-21 19:00:00-05:00,303.57,305.69,301.09,302.84,558900
2023-02-22 19:00:00-05:00,303.22,310.83,301.73,309.26,835500
2023-02-23 19:00:00-05:00,311.06,311.06,304.14,307.50,625300
2023-02-26 19:00:00-05:00,310.22,313.29,309.12,310.18,468500
2023-02-27 19:00:00-05:00,309.22,316.23,309.22,314.22,1051200
2023-02-28 19:00:00-05:00,312.60,318.38,312.17,315.46,534700
2023-03-01 19:00:00-05:00,312.32,321.80,312.32,319.84,548700
2023-03-02 19:00:00-05:00,322.27,327.95,322.12,326.34,476600
2023-03-05 19:00:00-05:00,326.09,327.44,320.47,320.53,327200
2023-03-06 19:00:00-05:00,320.13,321.65,317.24,318.84,475000
2023-03-07 19:00:00-05:00,318.64,320.65,315.40,316.88,296800
2023-03-08 19:00:00-05:00,318.67,321.86,312.25,312.51,459500
2023-03-09 19:00:00-05:00,311.71,313.16,306.68,311.76,961100
2023-03-12 20:00:00-04:00,310.94,321.43,309.06,318.37,550900
2023-03-13 20:00:00-04:00,322.12,326.04,319.84,325.65,516900
2023-03-14 20:00:00-04:00,320.96,322.94,315.80,322.70,478600
2023-03-15 20:00:00-04:00,321.41,333.96,320.57,333.43,509100
2023-03-16 20:00:00-04:00,332.87,335.23,325.75,326.79,1123600
2023-03-19 20:00:00-04:00,327.10,330.96,325.64,329.02,425100
2023-03-20 20:00:00-04:00,330.41,334.14,330.30,332.06,456400
2023-03-21 20:00:00-04:00,331.60,334.49,325.81,326.02,534000
2023-03-22 20:00:00-04:00,327.94,332.55,325.41,328.91,438200
2023-03-23 20:00:00-04:00,327.90,332.20,324.10,331.33,272400
2023-03-26 20:00:00-04:00,333.26,335.99,331.52,332.85,302700
2023-03-27 20:00:00-04:00,331.55,336.97,331.55,336.80,297400
2023-03-28 20:00:00-04:00,339.65,341.94,334.59,334.98,566400
2023-03-29 20:00:00-04:00,338.49,341.11,334.89,337.85,383400
2023-03-30 20:00:00-04:00,340.79,345.53,339.90,343.40,431400
2023-04-02 20:00:00-04:00,339.80,344.82,337.93,343.96,341200
2023-04-03 20:00:00-04:00,345.15,348.21,344.36,345.01,338400
2023-04-04 20:00:00-04:00,344.95,346.62,342.55,343.68,343800
2023-04-05 20:00:00-04:00,342.80,343.30,336.89,341.66,462100
2023-04-09 20:00:00-04:00,340.71,346.98,339.38,346.69,302000
2023-04-10 20:00:00-04:00,351.91,357.77,351.15,351.66,351600
2023-04-11 20:00:00-04:00,356.28,359.54,355.16,355.59,403600
2023-04-12 20:00:00-04:00,357.48,364.83,356.33,363.49,477300
2023-04-13 20:00:00-04:00,360.89,366.24,358.65,360.70,304700
2023-04-16 20:00:00-04:00,360.98,361.43,357.19,359.25,323900
2023-04-17 20:00:00-04:00,361.12,361.12,355.25,358.85,278100
2023-04-18 20:00:00-04:00,358.26,364.54,355.83,364.38,310600
2023-04-19 20:00:00-04:00,358.44,361.87,356.42,358.20,588400
2023-04-20 20:00:00-04:00,359.96,363.73,359.65,362.63,244700
2023-04-23 20:00:00-04:00,365.02,368.76,363.18,368.67,271700
2023-04-24 20:00:00-04:00,365.49,365.55,353.31,354.01,503200
2023-04-25 20:00:00-04:00,353.08,357.49,349.94,354.24,465100
2023-04-26 20:00:00-04:00,352.03,357.58,338.64,352.25,946900
2023-04-27 20:00:00-04:00,353.81,365.16,353.42,358.22,1032600
2023-04-30 20:00:00-04:00,358.65,364.98,357.84,363.07,380500
2023-05-01 20:00:00-04:00,362.92,367.54,361.43,366.53,421300
2023-05-02 20:00:00-04:00,370.38,373.57,365.09,365.35,425300
2023-05-03 20:00:00-04:00,365.42,367.95,362.02,366.08,258700
2023-05-04 20:00:00-04:00,368.51,368.86,360.04,365.38,269900
2023-05-07 20:00:00-04:00,362.14,365.30,360.68,364.01,344300
2023-05-08 20:00:00-04:00,360.60,362.78,357.82,358.70,353000
2023-05-09 20:00:00-04:00,362.60,363.59,358.00,359.69,308600
2023-05-10 20:00:00-04:00,358.97,360.83,354.43,357.09,510100
2023-05-11 20:00:00-04:00,357.27,358.30,353.30,357.01,410300
2023-05-14 20:00:00-04:00,356.90,358.54,351.79,352.21,436900
2023-05-15 20:00:00-04:00,352.21,352.96,348.53,351.59,340900
2023-05-16 20:00:00-04:00,352.09,354.09,342.76,345.15,384500
2023-05-17 20:00:00-04:00,345.32,348.70,341.61,347.81,256000
2023-05-18 20:00:00-04:00,349.64,353.56,348.34,348.45,254500
2023-05-21 20:00:00-04:00,347.50,351.61,346.68,347.98,407000
2023-05-22 20:00:00-04:00,346.52,349.10,338.78,339.94,440600
2023-05-23 20:00:00-04:00,335.87,339.36,331.88,337.80,508400
2023-05-24 20:00:00-04:00,338.84,338.90,336.02,337.35,296800
2023-05-25 20:00:00-04:00,339.11,343.24,337.19,340.63,341000
2023-05-29 20:00:00-04:00,340.18,341.87,333.28,333.54,474100
2023-05-30 20:00:00-04:00,333.02,333.96,327.40,331.83,1150100
2023-05-31 20:00:00-04:00,331.92,338.77,330.92,338.67,491300
2023-06-01 20:00:00-04:00,339.82,341.05,337.15,340.85,385900
2023-06-04 20:00:00-04:00,340.56,345.96,340.38,340.53,436400
2023-06-05 20:00:00-04:00,340.63,345.07,339.22,343.29,349900
2023-06-06 20:00:00-04:00,342.34,345.95,340.84,341.84,279100
2023-06-07 20:00:00-04:00,340.96,346.98,338.71,346.82,368600
2023-06-08 20:00:00-04:00,347.59,348.06,344.91,345.37,266400
2023-06-11 20:00:00-04:00,346.55,354.98,344.36,354.40,329300
2023-06-12 20:00:00-04:00,353.85,356.88,352.32,354.83,311100
2023-06-13 20:00:00-04:00,355.63,358.25,350.08,351.72,278200
2023-06-14 20:00:00-04:00,350.00,358.28,348.99,356.79,422900
2023-06-15 20:00:00-04:00,363.76,371.32,358.62,359.01,1129700
2023-06-19 20:00:00-04:00,354.18,363.92,353.66,363.05,429100
2023-06-20 20:00:00-04:00,361.04,367.39,360.97,365.81,338800
2023-06-21 20:00:00-04:00,368.41,371.86,364.26,365.59,241600
2023-06-22 20:00:00-04:00,362.74,367.02,361.83,363.93,606600
2023-06-25 20:00:00-04:00,364.02,364.20,359.38,362.02,341300
2023-06-26 20:00:00-04:00,363.46,366.55,360.02,366.25,323500
2023-06-27 20:00:00-04:00,365.42,369.53,363.51,366.12,268700
2023-06-28 20:00:00-04:00,364.92,374.26,363.26,374.20,258100
2023-06-29 20:00:00-04:00,376.93,383.89,375.58,379.27,355200
2023-07-02 20:00:00-04:00,376.06,376.85,370.76,375.17,154800
2023-07-04 20:00:00-04:00,373.51,379.00,371.74,373.88,260800
2023-07-05 20:00:00-04:00,370.41,373.49,367.87,370.11,300900
2023-07-06 20:00:00-04:00,368.39,370.11,365.70,368.49,330600
2023-07-09 20:00:00-04:00,370.34,376.67,369.24,374.14,278500
2023-07-10 20:00:00-04:00,375.85,377.32,370.14,372.20,219900
2023-07-11 20:00:00-04:00,375.85,380.94,372.38,380.31,272700
2023-07-12 20:00:00-04:00,382.72,386.13,379.19,380.45,224700
2023-07-13 20:00:00-04:00,380.18,384.28,379.78,381.91,194500
2023-07-16 20:00:00-04:00,381.97,382.52,377.21,380.41,148100
2023-07-17 20:00:00-04:00,380.53,382.08,375.93,381.37,314000
2023-07-18 20:00:00-04:00,380.41,383.58,378.45,382.39,254100
2023-07-19 20:00:00-04:00,382.69,383.52,375.24,375.58,237800
2023-07-20 20:00:00-04:00,376.76,382.28,373.79,374.16,845000
2023-07-23 20:00:00-04:00,372.24,375.60,370.95,372.91,332200
2023-07-24 20:00:00-04:00,370.57,380.54,370.07,374.16,333400
2023-07-25 20:00:00-04:00,371.49,376.60,366.14,376.44,357000
2023-07-26 20:00:00-04:00,372.36,372.47,347.83,352.11,1021900
2023-07-27 20:00:00-04:00,356.03,364.11,353.03,362.59,499700
2023-07-30 20:00:00-04:00,363.02,365.41,360.15,365.15,574300
2023-07-31 20:00:00-04:00,363.98,370.05,362.15,368.74,443400
2023-08-01 20:00:00-04:00,366.55,368.18,363.12,367.67,420300
2023-08-02 20:00:00-04:00,367.02,369.12,365.37,366.81,302400
2023-08-03 20:00:00-04:00,367.90,373.77,365.81,372.12,383100
2023-08-06 20:00:00-04:00,373.51,377.08,371.53,375.72,259600
2023-08-07 20:00:00-04:00,389.02,396.81,384.55,396.73,793200
2023-08-08 20:00:00-04:00,393.42,397.80,393.35,397.00,357400
2023-08-09 20:00:00-04:00,398.84,405.36,396.23,397.10,349000
2023-08-10 20:00:00-04:00,394.66,396.84,390.98,391.64,281900
2023-08-13 20:00:00-04:00,391.68,396.92,390.27,396.75,353100
2023-08-14 20:00:00-04:00,397.65,400.89,395.30,398.97,263000
2023-08-15 20:00:00-04:00,398.21,399.81,394.34,394.36,265200
2023-08-16 20:00:00-04:00,395.98,398.30,388.94,389.78,299300
2023-08-17 20:00:00-04:00,386.65,388.29,383.34,384.72,307300
2023-08-20 20:00:00-04:00,386.83,390.20,384.78,389.59,369800
2023-08-21 20:00:00-04:00,390.25,393.23,387.01,390.09,340800
2023-08-22 20:00:00-04:00,392.22,392.99,388.94,389.98,543200
2023-08-23 20:00:00-04:00,390.29,394.85,388.54,388.64,280500
2023-08-24 20:00:00-04:00,388.83,392.55,385.49,390.63,329700
2023-08-27 20:00:00-04:00,392.10,400.38,392.10,400.20,218600
2023-08-28 20:00:00-04:00,399.51,409.31,398.73,409.17,267900
2023-08-29 20:00:00-04:00,411.39,412.46,405.59,405.90,309600
2023-08-30 20:00:00-04:00,405.75,408.29,403.49,403.70,428300
2023-08-31 20:00:00-04:00,407.18,407.18,401.48,404.48,258000
2023-09-04 20:00:00-04:00,403.22,403.46,399.52,400.50,264000
2023-09-05 20:00:00-04:00,400.84,402.95,397.37,401.67,394800
2023-09-06 20:00:00-04:00,402.10,402.86,398.76,400.68,230200
2023-09-07 20:00:00-04:00,400.15,400.15,388.91,390.07,304300
2023-09-10 20:00:00-04:00,390.66,397.00,389.28,394.03,210300
2023-09-11 20:00:00-04:00,391.56,393.27,387.62,390.72,239400
2023-09-12 20:00:00-04:00,387.36,392.41,386.44,392.16,280000
2023-09-13 20:00:00-04:00,394.87,395.79,388.86,394.77,219600
2023-09-14 20:00:00-04:00,394.98,397.45,390.15,391.08,648100
2023-09-17 20:00:00-04:00,390.18,393.21,388.43,391.50,229000
2023-09-18 20:00:00-04:00,392.13,395.72,389.20,389.52,291400
2023-09-19 20:00:00-04:00,391.62,391.62,380.47,381.32,286000
2023-09-20 20:00:00-04:00,379.03,379.03,369.14,371.36,362000
2023-09-21 20:00:00-04:00,371.06,373.44,368.45,369.58,381400
2023-09-24 20:00:00-04:00,369.12,372.85,367.46,372.65,201300
2023-09-25 20:00:00-04:00,372.65,375.23,370.56,372.45,235500
2023-09-26 20:00:00-04:00,375.96,376.10,365.55,372.23,295500
2023-09-27 20:00:00-04:00,373.59,377.28,372.63,376.10,194800
2023-09-28 20:00:00-04:00,377.39,377.39,371.91,372.26,228500
2023-10-01 20:00:00-04:00,370.40,370.40,362.77,367.67,345700
2023-10-02 20:00:00-04:00,367.29,371.70,364.48,365.93,262300
2023-10-03 20:00:00-04:00,367.59,371.27,364.03,370.84,301600
2023-10-04 20:00:00-04:00,369.84,371.90,362.93,369.80,360800
2023-10-05 20:00:00-04:00,367.34,375.77,366.02,374.59,310100
2023-10-08 20:00:00-04:00,371.19,380.10,371.10,379.90,189100
2023-10-09 20:00:00-04:00,379.59,387.07,377.22,384.23,210800
2023-10-10 20:00:00-04:00,384.38,389.54,380.27,389.13,349000
2023-10-11 20:00:00-04:00,389.41,391.33,379.64,381.93,289700
2023-10-12 20:00:00-04:00,383.20,388.12,381.15,382.03,201700
2023-10-15 20:00:00-04:00,384.59,387.50,380.37,382.78,393000
2023-10-16 20:00:00-04:00,379.40,387.62,378.27,383.54,322200
2023-10-17 20:00:00-04:00,380.39,382.02,371.27,372.10,344500
2023-10-18 20:00:00-04:00,372.79,373.91,365.34,366.43,367400
2023-10-19 20:00:00-04:00,366.41,366.75,359.24,360.80,348400
2023-10-22 20:00:00-04:00,359.82,369.94,355.90,367.64,392600
2023-10-23 20:00:00-04:00,368.51,370.47,362.08,366.81,281800
2023-10-24 20:00:00-04:00,359.29,361.40,350.22,355.18,572100
2023-10-25 20:00:00-04:00,325.42,329.88,314.08,324.75,1037700
2023-10-26 20:00:00-04:00,323.17,325.86,316.50,318.40,486700
2023-10-29 20:00:00-04:00,321.55,321.55,307.98,317.34,732100
2023-10-30 20:00:00-04:00,319.98,325.90,315.36,315.79,674400
2023-10-31 20:00:00-04:00,315.86,321.20,311.95,319.15,565500
2023-11-01 20:00:00-04:00,321.81,329.04,320.40,325.18,500400
2023-11-02 20:00:00-04:00,329.58,337.59,329.58,332.37,334300
2023-11-05 19:00:00-05:00,335.99,335.99,329.44,330.41,289100
2023-11-06 19:00:00-05:00,331.40,331.40,326.92,328.00,436000
2023-11-07 19:00:00-05:00,331.53,343.41,328.46,342.79,534100
2023-11-08 19:00:00-05:00,342.11,342.11,333.59,333.60,813900
2023-11-09 19:00:00-05:00,334.27,340.87,332.73,339.17,413400
2023-11-12 19:00:00-05:00,335.36,339.41,331.86,335.67,492800
2023-11-13 19:00:00-05:00,344.63,348.28,340.32,344.95,281600
2023-11-14 19:00:00-05:00,344.13,350.24,342.49,343.47,406800
2023-11-15 19:00:00-05:00,345.47,351.81,340.94,341.73,357600
2023-11-16 19:00:00-05:00,342.95,343.75,338.78,340.26,353900
2023-11-19 19:00:00-05:00,340.63,346.71,340.43,346.49,275400
2023-11-20 19:00:00-05:00,347.53,351.02,345.66,349.93,566500
2023-11-21 19:00:00-05:00,353.93,355.88,347.91,348.62,502000
2023-11-23 19:00:00-05:00,349.59,351.77,347.75,350.69,114800
2023-11-26 19:00:00-05:00,349.58,352.68,348.60,351.33,339900
2023-11-27 19:00:00-05:00,349.79,354.20,348.19,349.86,468200
2023-11-28 19:00:00-05:00,352.85,353.38,346.02,346.38,378300
2023-11-29 19:00:00-05:00,345.70,348.80,344.05,348.21,640500
2023-11-30 19:00:00-05:00,347.76,352.59,346.42,349.23,271800
2023-12-03 19:00:00-05:00,346.72,351.45,344.29,348.33,435700
2023-12-04 19:00:00-05:00,345.89,346.47,337.93,340.97,366200
2023-12-05 19:00:00-05:00,342.50,344.58,338.94,340.44,276100
2023-12-06 19:00:00-05:00,340.63,342.10,335.02,338.71,389500
2023-12-07 19:00:00-05:00,338.11,339.78,335.84,339.75,470700
2023-12-10 19:00:00-05:00,340.56,343.91,337.84,341.63,628700
2023-12-11 19:00:00-05:00,342.17,347.46,338.91,345.24,339300
2023-12-12 19:00:00-05:00,345.46,358.72,345.46,357.07,425300
2023-12-13 19:00:00-05:00,359.11,366.28,353.82,355.41,712200
2023-12-14 19:00:00-05:00,357.00,361.30,353.69,355.60,1081800
2023-12-17 19:00:00-05:00,357.84,358.75,353.04,353.62,253800
2023-12-18 19:00:00-05:00,355.40,359.44,352.55,355.71,371600
2023-12-19 19:00:00-05:00,355.55,359.09,346.36,346.95,445100
2023-12-20 19:00:00-05:00,349.46,353.75,348.13,351.19,320300
2023-12-21 19:00:00-05:00,352.71,357.75,350.34,352.35,479600
2023-12-25 19:00:00-05:00,352.65,355.95,351.08,354.74,236300
2023-12-26 19:00:00-05:00,354.64,356.75,351.32,353.29,223000
2023-12-27 19:00:00-05:00,354.67,356.20,351.12,352.35,197100
2023-12-28 19:00:00-05:00,352.96,353.95,348.29,349.56,254500
2024-01-01 19:00:00-05:00,347.09,353.61,343.69,346.16,730200
2024-01-02 19:00:00-05:00,343.44,344.78,334.55,335.81,509000
2024-01-03 19:00:00-05:00,334.16,340.06,334.16,337.85,503600
2024-01-04 19:00:00-05:00,336.34,339.11,334.92,337.01,427900
2024-01-07 19:00:00-05:00,338.28,349.66,338.28,349.29,422300
2024-01-08 19:00:00-05:00,346.73,351.25,342.30,346.80,670800
2024-01-09 19:00:00-05:00,349.53,354.57,349.31,354.56,258700
2024-01-10 19:00:00-05:00,352.36,355.24,346.84,352.05,337600
2024-01-11 19:00:00-05:00,353.45,355.60,343.98,344.25,351400
2024-01-15 19:00:00-05:00,342.50,345.53,340.08,343.98,381700
2024-01-16 19:00:00-05:00,341.05,343.05,336.89,337.04,228900
2024-01-17 19:00:00-05:00,337.37,341.69,335.67,340.38,314800
2024-01-18 19:00:00-05:00,340.95,340.95,337.32,340.25,385800
2024-01-21 19:00:00-05:00,342.33,347.35,340.99,344.59,304800
2024-01-22 19:00:00-05:00,345.96,349.46,344.52,349.07,323500
2024-01-23 19:00:00-05:00,351.41,353.04,346.14,346.18,421600
2024-01-24 19:00:00-05:00,347.29,351.96,346.47,351.65,382100
2024-01-25 19:00:00-05:00,356.37,361.81,355.40,358.73,503200
2024-01-28 19:00:00-05:00,357.84,368.85,357.60,367.81,557600
2024-01-29 19:00:00-05:00,368.01,377.77,368.01,373.56,605700
2024-01-30 19:00:00-05:00,372.73,376.56,368.63,370.52,688700
2024-01-31 19:00:00-05:00,370.91,379.07,365.99,378.93,484300
2024-02-01 19:00:00-05:00,376.76,382.52,374.74,378.46,620100
2024-02-04 19:00:00-05:00,378.77,395.85,375.86,394.94,920300
2024-02-05 19:00:00-05:00,397.31,403.41,393.70,395.59,772100
2024-02-06 19:00:00-05:00,405.33,410.92,401.28,410.22,657600
2024-02-07 19:00:00-05:00,408.01,410.78,404.40,408.13,353100
2024-02-08 19:00:00-05:00,409.89,409.89,405.55,406.88,337300
2024-02-11 19:00:00-05:00,404.43,406.96,399.81,403.89,348200
2024-02-12 19:00:00-05:00,399.72,402.27,393.65,395.91,485700
2024-02-13 19:00:00-05:00,400.73,406.13,396.62,405.44,544600
2024-02-14 19:00:00-05:00,335.78,353.34,323.55,348.34,1517000
2024-02-15 19:00:00-05:00,348.46,366.67,347.95,359.61,1427800
2024-02-19 19:00:00-05:00,359.06,367.70,347.47,347.82,948000
2024-02-20 19:00:00-05:00,346.02,355.30,346.02,353.80,523400
2024-02-21 19:00:00-05:00,354.60,357.60,349.63,357.48,537700
2024-02-22 19:00:00-05:00,359.14,365.49,358.34,364.97,488600
2024-02-25 19:00:00-05:00,365.23,368.55,360.31,360.84,429400
2024-02-26 19:00:00-05:00,359.94,361.39,355.59,355.88,415900
2024-02-27 19:00:00-05:00,355.19,357.53,350.28,354.90,423000
2024-02-28 19:00:00-05:00,354.90,357.92,353.15,355.95,521600
2024-02-29 19:00:00-05:00,353.95,359.10,351.17,356.31,327800
2024-03-03 19:00:00-05:00,357.56,358.90,351.80,356.37,478500
2024-03-04 19:00:00-05:00,355.42,358.88,348.24,349.58,518900
2024-03-05 19:00:00-05:00,351.07,355.28,349.02,351.92,424100
2024-03-06 19:00:00-05:00,353.27,363.19,333.95,359.72,939300
2024-03-07 19:00:00-05:00,358.37,361.27,354.05,356.53,320000
2024-03-10 20:00:00-04:00,354.42,358.72,352.09,355.11,369800
2024-03-11 20:00:00-04:00,355.64,378.19,352.61,375.45,1034500
2024-03-12 20:00:00-04:00,376.66,385.27,374.48,383.15,697400
2024-03-13 20:00:00-04:00,385.17,397.26,383.77,396.70,802900
2024-03-14 20:00:00-04:00,389.17,394.03,384.28,385.01,756100
2024-03-17 20:00:00-04:00,386.30,393.67,385.79,393.06,522800
2024-03-18 20:00:00-04:00,391.35,393.22,388.58,393.03,493100
2024-03-19 20:00:00-04:00,393.64,393.64,390.50,391.45,302500
2024-03-20 20:00:00-04:00,393.23,398.18,391.35,393.23,318300
2024-03-21 20:00:00-04:00,393.46,394.28,389.49,391.27,403800
2024-03-24 20:00:00-04:00,390.59,391.75,382.47,385.78,362600
2024-03-25 20:00:00-04:00,386.02,387.63,383.46,385.61,350100
2024-03-26 20:00:00-04:00,390.44,392.08,387.96,391.45,253700
2024-03-27 20:00:00-04:00,392.65,395.04,390.80,393.05,236400
2024-03-31 20:00:00-04:00,391.99,393.54,387.37,393.27,359300
2024-04-01 20:00:00-04:00,389.93,389.93,378.72,385.29,422500
2024-04-02 20:00:00-04:00,385.00,389.20,383.21,384.54,304700
2024-04-03 20:00:00-04:00,388.15,392.67,383.24,383.52,386900
2024-04-04 20:00:00-04:00,385.08,392.07,385.08,391.38,242300
2024-04-07 20:00:00-04:00,391.68,394.08,389.25,389.94,279400
2024-04-08 20:00:00-04:00,391.68,391.68,384.97,389.74,364900
2024-04-09 20:00:00-04:00,382.98,390.43,378.44,387.15,316900
2024-04-10 20:00:00-04:00,389.81,391.46,383.40,384.97,308200
2024-04-11 20:00:00-04:00,381.42,381.57,377.17,377.44,258200
2024-04-14 20:00:00-04:00,382.30,383.96,375.67,376.26,284500
2024-04-15 20:00:00-04:00,374.99,378.51,372.70,376.93,491800
2024-04-16 20:00:00-04:00,378.45,378.59,374.16,374.82,355400
2024-04-17 20:00:00-04:00,374.95,378.11,369.90,374.79,315100
2024-04-18 20:00:00-04:00,376.54,376.54,369.38,369.54,444700
2024-04-21 20:00:00-04:00,372.74,376.52,368.42,372.82,510700
2024-04-22 20:00:00-04:00,377.64,389.64,374.81,387.78,427100
2024-04-23 20:00:00-04:00,387.01,391.97,383.06,383.34,757300
2024-04-24 20:00:00-04:00,382.10,387.91,362.63,365.90,742400
2024-04-25 20:00:00-04:00,361.96,367.71,356.66,358.19,603100
2024-04-28 20:00:00-04:00,357.78,359.91,351.44,352.21,511900
2024-04-29 20:00:00-04:00,351.55,365.57,350.57,355.26,697400
2024-04-30 20:00:00-04:00,354.19,366.17,353.44,361.18,579100
2024-05-01 20:00:00-04:00,363.39,366.41,357.96,366.17,445600
2024-05-02 20:00:00-04:00,370.22,370.48,359.34,362.76,451100
2024-05-05 20:00:00-04:00,364.32,366.88,361.81,364.27,332500
2024-05-06 20:00:00-04:00,365.97,366.73,362.19,366.07,444900
2024-05-07 20:00:00-04:00,364.86,367.35,361.23,364.39,423600
2024-05-08 20:00:00-04:00,365.14,366.93,352.42,363.32,795500
2024-05-09 20:00:00-04:00,363.08,370.21,361.78,361.93,488300
2024-05-12 20:00:00-04:00,362.10,365.43,355.23,355.95,511500
2024-05-13 20:00:00-04:00,357.42,360.29,344.57,352.28,852200
2024-05-14 20:00:00-04:00,354.60,356.00,343.63,349.34,776500
2024-05-15 20:00:00-04:00,352.22,355.63,346.76,351.91,696800
2024-05-16 20:00:00-04:00,352.76,353.93,346.84,353.43,434700
2024-05-19 20:00:00-04:00,353.45,353.45,339.52,340.63,668100
2024-05-20 20:00:00-04:00,340.12,341.07,333.92,334.92,469700
2024-05-21 20:00:00-04:00,334.47,338.31,327.27,332.22,671300
2024-05-22 20:00:00-04:00,333.21,333.21,325.98,326.55,460100
2024-05-23 20:00:00-04:00,325.42,330.04,323.98,329.60,385900
2024-05-27 20:00:00-04:00,329.86,331.38,324.15,325.44,531600
2024-05-28 20:00:00-04:00,322.85,324.09,320.04,320.85,465900
2024-05-29 20:00:00-04:00,319.00,327.23,318.66,327.08,491400
2024-05-30 20:00:00-04:00,326.92,330.19,324.01,329.35,767700
2024-06-02 20:00:00-04:00,328.99,332.64,323.65,326.69,434800
2024-06-03 20:00:00-04:00,327.13,329.06,315.03,316.45,557400
2024-06-04 20:00:00-04:00,316.90,320.44,315.51,315.72,382200
2024-06-05 20:00:00-04:00,314.94,316.62,313.04,313.25,340600
2024-06-06 20:00:00-04:00,311.37,315.57,310.11,312.73,452000
2024-06-09 20:00:00-04:00,311.11,318.02,309.91,317.88,446500
2024-06-10 20:00:00-04:00,316.17,326.18,315.37,326.13,625900
2024-06-11 20:00:00-04:00,327.49,340.30,325.60,336.32,810100
2024-06-12 20:00:00-04:00,334.19,337.31,331.34,334.20,687800
2024-06-13 20:00:00-04:00,332.58,335.81,327.39,331.18,374600
2024-06-16 20:00:00-04:00,330.72,337.26,328.32,334.00,514700
2024-06-17 20:00:00-04:00,334.43,334.45,308.08,320.07,1095600
2024-06-19 20:00:00-04:00,319.33,329.13,317.44,326.60,1073700
2024-06-20 20:00:00-04:00,327.33,331.44,321.85,330.70,991200
2024-06-23 20:00:00-04:00,329.71,333.58,326.09,328.95,529500
2024-06-24 20:00:00-04:00,327.95,327.95,318.02,321.59,516400
2024-06-25 20:00:00-04:00,320.51,324.94,318.04,321.67,359400
2024-06-26 20:00:00-04:00,321.18,330.63,321.18,326.72,517100
2024-06-27 20:00:00-04:00,327.98,332.15,324.00,327.35,1219800
2024-06-30 20:00:00-04:00,329.40,333.26,320.53,322.54,375200
2024-07-01 20:00:00-04:00,324.58,330.73,320.44,320.60,334500
2024-07-02 20:00:00-04:00,320.09,320.66,316.16,318.91,227200
2024-07-04 20:00:00-04:00,320.16,320.83,317.10,320.56,258800
2024-07-07 20:00:00-04:00,318.54,324.06,316.34,318.00,390900
2024-07-08 20:00:00-04:00,318.60,318.60,312.26,316.65,604800
2024-07-09 20:00:00-04:00,317.45,320.95,314.89,319.36,686200
2024-07-10 20:00:00-04:00,322.65,332.16,322.04,331.23,442700
2024-07-11 20:00:00-04:00,332.17,332.17,320.74,320.98,631600
2024-07-14 20:00:00-04:00,321.15,326.22,317.51,318.12,443700
2024-07-15 20:00:00-04:00,320.00,327.97,318.17,327.07,366700
2024-07-16 20:00:00-04:00,325.84,330.17,323.17,325.01,291500
2024-07-17 20:00:00-04:00,322.73,328.59,314.29,314.38,533800
2024-07-18 20:00:00-04:00,317.50,317.50,311.95,315.95,554600
2024-07-21 20:00:00-04:00,319.31,320.50,309.66,316.05,984700
2024-07-22 20:00:00-04:00,320.09,321.00,310.28,314.22,770400
2024-07-23 20:00:00-04:00,315.80,322.99,310.74,321.76,1040200
2024-07-24 20:00:00-04:00,280.65,293.36,263.36,275.44,1517000
2024-07-25 20:00:00-04:00,277.90,287.65,273.78,282.99,1190400
2024-07-28 20:00:00-04:00,284.70,291.29,281.82,286.33,775500
2024-07-29 20:00:00-04:00,285.91,298.00,285.01,297.65,926300
2024-07-30 20:00:00-04:00,297.74,305.70,295.78,304.47,1193100
2024-07-31 20:00:00-04:00,302.45,307.34,295.81,300.64,794100
2024-08-01 20:00:00-04:00,297.65,299.55,290.30,298.62,457000
2024-08-04 20:00:00-04:00,294.86,302.10,291.84,299.93,981200
2024-08-05 20:00:00-04:00,302.47,308.69,300.14,302.77,711800
2024-08-06 20:00:00-04:00,302.52,302.68,291.71,292.14,557500
2024-08-07 20:00:00-04:00,296.24,297.74,289.55,291.40,731800
2024-08-08 20:00:00-04:00,290.81,292.73,281.61,286.26,886400
2024-08-11 20:00:00-04:00,286.28,289.27,283.74,288.95,409400
2024-08-12 20:00:00-04:00,289.52,294.30,289.52,293.78,436900
2024-08-13 20:00:00-04:00,293.39,293.79,288.64,290.59,217400
2024-08-14 20:00:00-04:00,293.86,294.24,288.52,290.98,420900
2024-08-15 20:00:00-04:00,290.26,298.97,289.95,298.75,461500
2024-08-18 20:00:00-04:00,298.34,300.26,295.96,300.01,294800
2024-08-19 20:00:00-04:00,300.32,301.27,297.10,297.46,315800
2024-08-20 20:00:00-04:00,299.39,303.12,298.70,302.62,195700
2024-08-21 20:00:00-04:00,305.14,305.14,295.67,298.86,343100
2024-08-22 20:00:00-04:00,300.79,303.48,298.83,301.10,300300
2024-08-25 20:00:00-04:00,301.84,304.05,299.17,301.81,236200
2024-08-26 20:00:00-04:00,302.01,302.77,299.59,300.95,267000
2024-08-27 20:00:00-04:00,300.55,300.55,293.64,295.96,337200
2024-08-28 20:00:00-04:00,298.23,314.21,298.23,313.05,582900
2024-08-29 20:00:00-04:00,314.54,317.99,310.24,311.89,590500
2024-09-02 20:00:00-04:00,310.22,316.29,300.74,302.47,383300
2024-09-03 20:00:00-04:00,302.27,306.20,299.60,303.03,354100
2024-09-04 20:00:00-04:00,301.47,301.47,296.09,298.64,288800
2024-09-05 20:00:00-04:00,296.86,301.85,292.88,295.59,293100
2024-09-08 20:00:00-04:00,296.76,303.82,291.64,300.36,431500
2024-09-09 20:00:00-04:00,299.87,304.41,297.29,303.86,304800
2024-09-10 20:00:00-04:00,303.32,303.80,293.87,300.68,283200
2024-09-11 20:00:00-04:00,299.83,300.47,294.53,295.83,364400
2024-09-12 20:00:00-04:00,296.45,300.07,296.17,299.00,392800
2024-09-15 20:00:00-04:00,300.70,300.71,293.56,295.14,425400
2024-09-16 20:00:00-04:00,297.74,297.74,291.30,294.22,356500
2024-09-17 20:00:00-04:00,295.96,311.56,294.36,307.47,693100
2024-09-18 20:00:00-04:00,313.35,318.22,309.06,309.48,371200
2024-09-19 20:00:00-04:00,308.14,310.17,304.51,306.44,732100
2024-09-22 20:00:00-04:00,305.87,308.19,303.52,305.03,354000
2024-09-23 20:00:00-04:00,306.83,308.13,303.15,307.99,326100
2024-09-24 20:00:00-04:00,308.49,309.25,300.73,301.65,412000
2024-09-25 20:00:00-04:00,305.34,306.58,302.77,305.44,405600
2024-09-26 20:00:00-04:00,307.84,312.82,306.21,309.28,337400
2024-09-29 20:00:00-04:00,309.59,310.92,297.05,298.50,585100
2024-09-30 20:00:00-04:00,298.91,300.10,293.43,298.14,530600
2024-10-01 20:00:00-04:00,297.52,301.62,295.54,298.15,281800
2024-10-02 20:00:00-04:00,296.55,300.88,295.62,295.66,321900
2024-10-03 20:00:00-04:00,298.41,299.51,293.99,294.86,187200
2024-10-06 20:00:00-04:00,293.85,294.88,288.24,288.81,301800
2024-10-07 20:00:00-04:00,287.97,289.63,284.84,284.89,474000
2024-10-08 20:00:00-04:00,285.76,285.76,279.44,284.93,1103200
2024-10-09 20:00:00-04:00,285.65,289.39,284.68,288.46,490200
2024-10-10 20:00:00-04:00,286.68,295.15,284.35,293.28,1447600
2024-10-13 20:00:00-04:00,294.36,298.11,291.18,293.71,956800
2024-10-14 20:00:00-04:00,293.37,296.28,288.39,289.43,925300
2024-10-15 20:00:00-04:00,290.20,290.20,284.05,287.39,784000
2024-10-16 20:00:00-04:00,291.11,291.21,284.58,287.06,939600
2024-10-17 20:00:00-04:00,290.37,292.44,285.59,291.70,640100
2024-10-20 20:00:00-04:00,289.48,290.84,285.48,285.66,301500
2024-10-21 20:00:00-04:00,283.88,285.46,281.03,284.81,588900
2024-10-22 20:00:00-04:00,284.07,286.90,281.79,284.85,671100
2024-10-23 20:00:00-04:00,325.69,350.38,323.20,328.82,1517000
2024-10-24 20:00:00-04:00,326.18,328.81,304.00,306.21,1517000
2024-10-27 20:00:00-04:00,308.00,311.15,303.13,308.69,801500
2024-10-28 20:00:00-04:00,308.68,316.78,307.17,316.65,1043300
2024-10-29 20:00:00-04:00,314.13,316.92,309.70,311.29,672100
2024-10-30 20:00:00-04:00,311.21,317.78,306.18,306.22,966400
2024-10-31 20:00:00-04:00,307.21,315.02,307.21,314.75,623700
2024-11-03 19:00:00-05:00,315.73,319.54,311.72,313.03,496500
2024-11-04 19:00:00-05:00,311.76,329.98,311.76,321.68,633900
2024-11-05 19:00:00-05:00,328.58,330.04,318.67,327.56,740600
2024-11-06 19:00:00-05:00,329.50,329.71,320.64,321.63,458900
2024-11-07 19:00:00-05:00,320.52,325.10,319.04,322.31,600800
2024-11-10 19:00:00-05:00,325.49,333.72,324.05,325.76,632100
2024-11-11 19:00:00-05:00,323.60,327.93,322.81,325.87,414600
2024-11-12 19:00:00-05:00,327.33,345.83,325.47,342.31,970400
2024-11-13 19:00:00-05:00,339.65,340.65,335.29,336.46,572300
2024-11-14 19:00:00-05:00,336.23,336.23,311.62,312.95,1087300
2024-11-17 19:00:00-05:00,311.39,312.51,303.86,305.70,592100
2024-11-18 19:00:00-05:00,302.98,310.06,298.89,302.61,745400
2024-11-19 19:00:00-05:00,300.62,311.05,297.89,310.13,437700
2024-11-20 19:00:00-05:00,311.59,319.60,306.95,319.31,431400
2024-11-21 19:00:00-05:00,317.96,323.41,314.46,315.04,557200
2024-11-24 19:00:00-05:00,320.36,321.75,317.31,318.22,738900
2024-11-25 19:00:00-05:00,318.69,318.93,313.63,317.79,315700
2024-11-26 19:00:00-05:00,319.43,322.92,317.18,321.74,391600
2024-11-28 19:00:00-05:00,322.03,324.98,321.20,324.08,305800
2024-12-01 19:00:00-05:00,321.78,324.66,319.71,321.07,400500
2024-12-02 19:00:00-05:00,319.03,322.68,314.65,320.31,334600
2024-12-03 19:00:00-05:00,318.48,321.65,314.95,319.51,350200
2024-12-04 19:00:00-05:00,317.69,319.84,312.38,316.64,287000
2024-12-05 19:00:00-05:00,319.35,323.41,317.68,320.91,223900
2024-12-08 19:00:00-05:00,322.29,325.87,317.67,320.58,315800
2024-12-09 19:00:00-05:00,322.21,322.21,315.90,317.71,395900
2024-12-10 19:00:00-05:00,319.61,322.97,315.90,316.66,399100
2024-12-11 19:00:00-05:00,319.33,331.65,319.33,329.99,437900
2024-12-12 19:00:00-05:00,328.06,328.63,322.64,328.43,515900
2024-12-15 19:00:00-05:00,329.32,336.34,328.04,328.95,515000
2024-12-16 19:00:00-05:00,326.69,335.56,326.69,332.62,596400
2024-12-17 19:00:00-05:00,331.40,335.14,323.45,323.73,544700
2024-12-18 19:00:00-05:00,323.52,328.08,318.17,325.41,529200
2024-12-19 19:00:00-05:00,325.46,333.89,324.73,329.78,1517000
2024-12-22 19:00:00-05:00,328.46,329.06,323.74,327.96,374200
2024-12-23 19:00:00-05:00,328.62,331.14,326.51,331.14,203600
2024-12-25 19:00:00-05:00,329.99,332.08,329.15,331.80,270800
2024-12-26 19:00:00-05:00,328.71,332.69,328.71,331.59,397800
2024-12-29 19:00:00-05:00,328.60,329.35,325.45,327.21,485600
2024-12-30 19:00:00-05:00,329.38,330.03,324.68,325.95,301200
2025-01-01 19:00:00-05:00,328.08,330.91,325.19,326.78,443600
2025-01-02 19:00:00-05:00,327.13,337.85,325.55,333.92,389300
2025-01-05 19:00:00-05:00,332.84,338.43,328.49,331.09,550100
2025-01-06 19:00:00-05:00,332.80,338.03,329.12,330.90,404400
2025-01-07 19:00:00-05:00,331.90,335.69,325.17,335.26,394700
2025-01-09 19:00:00-05:00,331.59,334.16,329.94,330.10,474600
2025-01-12 19:00:00-05:00,330.10,338.76,330.10,337.94,602800
2025-01-13 19:00:00-05:00,338.44,340.16,323.46,327.35,445200
2025-01-14 19:00:00-05:00,330.55,330.92,319.88,327.40,447200
2025-01-15 19:00:00-05:00,326.77,336.61,323.04,335.55,384900
2025-01-16 19:00:00-05:00,338.33,339.30,333.51,334.69,610300
2025-01-20 19:00:00-05:00,338.88,343.60,335.10,343.00,388300
2025-01-21 19:00:00-05:00,340.30,346.19,339.28,346.17,422700
2025-01-22 19:00:00-05:00,346.18,346.18,332.84,342.30,397600
2025-01-23 19:00:00-05:00,342.21,346.77,340.15,343.31,271400
2025-01-26 19:00:00-05:00,343.66,344.76,340.72,343.38,355700
2025-01-27 19:00:00-05:00,347.19,347.19,341.00,341.61,293700
2025-01-28 19:00:00-05:00,339.87,340.32,333.98,337.91,410900
2025-01-29 19:00:00-05:00,341.20,346.15,340.21,342.22,400300
2025-01-30 19:00:00-05:00,341.43,345.44,339.42,339.88,568800
2025-02-02 19:00:00-05:00,338.81,340.87,333.94,335.38,609300
2025-02-03 19:00:00-05:00,332.36,336.94,325.48,329.42,592500
2025-02-04 19:00:00-05:00,332.02,334.00,326.13,333.50,415500
2025-02-05 19:00:00-05:00,333.56,333.56,325.60,328.85,404700
2025-02-06 19:00:00-05:00,330.05,331.05,319.40,320.18,341200
2025-02-09 19:00:00-05:00,320.62,323.30,316.23,322.75,583300
2025-02-10 19:00:00-05:00,320.06,323.81,318.93,321.02,375800
2025-02-11 19:00:00-05:00,317.24,322.95,314.41,320.90,788000
2025-02-12 19:00:00-05:00,242.80,248.35,196.17,198.26,1517000
2025-02-13 19:00:00-05:00,201.81,222.49,201.00,213.81,1517000
2025-02-17 19:00:00-05:00,215.08,216.05,205.24,210.10,1517000
2025-02-18 19:00:00-05:00,210.10,211.10,200.59,201.63,1517000
2025-02-19 19:00:00-05:00,201.14,207.31,200.39,202.78,1517000
2025-02-20 19:00:00-05:00,204.00,212.07,203.50,210.01,1517000
2025-02-23 19:00:00-05:00,208.60,220.51,208.60,220.13,1517000
2025-02-24 19:00:00-05:00,218.35,222.83,217.87,219.21,1074400
2025-02-25 19:00:00-05:00,219.55,219.67,214.75,218.79,883100
2025-02-26 19:00:00-05:00,219.62,222.35,215.83,221.61,1052000
2025-02-27 19:00:00-05:00,222.73,232.13,222.42,231.35,1517000
2025-03-02 19:00:00-05:00,230.85,233.31,222.72,227.08,1144700
2025-03-03 19:00:00-05:00,225.66,228.05,220.86,224.60,820100
2025-03-04 19:00:00-05:00,224.60,231.87,224.60,229.57,729000
2025-03-05 19:00:00-05:00,228.27,235.11,227.66,231.77,967100
2025-03-06 19:00:00-05:00,230.76,235.70,228.08,230.48,892200
2025-03-09 20:00:00-04:00,228.05,230.01,221.31,225.08,1142300
2025-03-10 20:00:00-04:00,226.96,233.36,225.93,229.79,1264900
2025-03-11 20:00:00-04:00,229.38,229.76,220.99,223.27,949200
2025-03-12 20:00:00-04:00,223.07,226.10,219.59,222.78,1074100
2025-03-13 20:00:00-04:00,224.79,230.68,224.06,229.13,1027100
2025-03-16 20:00:00-04:00,230.21,233.40,228.89,230.47,935500
2025-03-17 20:00:00-04:00,230.82,233.53,227.91,233.47,575000
2025-03-18 20:00:00-04:00,233.47,234.75,227.86,229.41,818300
2025-03-19 20:00:00-04:00,228.07,229.73,224.80,226.54,830500
2025-03-20 20:00:00-04:00,227.03,229.68,224.48,227.70,1517000
2025-03-23 20:00:00-04:00,229.31,233.02,229.31,230.91,654600
2025-03-24 20:00:00-04:00,230.06,231.52,223.32,224.84,878000
2025-03-25 20:00:00-04:00,225.14,225.86,221.78,223.95,704500
2025-03-26 20:00:00-04:00,224.36,226.60,222.07,225.10,562100
2025-03-27 20:00:00-04:00,223.56,223.79,218.82,221.25,496800
2025-03-30 20:00:00-04:00,220.72,224.63,216.48,222.92,680900
2025-03-31 20:00:00-04:00,223.58,223.58,217.66,219.22,527400
2025-04-01 20:00:00-04:00,217.24,223.06,215.71,220.55,979200
2025-04-02 20:00:00-04:00,218.05,220.43,214.87,219.03,857600
2025-04-03 20:00:00-04:00,217.60,217.60,201.99,202.34,988300
2025-04-06 20:00:00-04:00,200.07,209.99,194.17,200.61,1517000
2025-04-07 20:00:00-04:00,204.49,205.33,187.55,189.58,909300
2025-04-08 20:00:00-04:00,188.85,205.93,186.63,202.66,1291100
2025-04-09 20:00:00-04:00,201.65,206.01,194.21,202.88,1264500
2025-04-10 20:00:00-04:00,205.20,210.60,199.84,209.80,805000
2025-04-13 20:00:00-04:00,212.67,212.67,207.98,211.76,660100
2025-04-14 20:00:00-04:00,210.47,212.70,208.92,211.59,592400
2025-04-15 20:00:00-04:00,211.18,213.70,206.63,208.24,954800
2025-04-16 20:00:00-04:00,206.05,206.05,192.23,201.04,1517000
2025-04-20 20:00:00-04:00,204.13,205.43,199.50,205.00,898800
2025-04-21 20:00:00-04:00,207.17,216.05,206.37,214.21,1517000
2025-04-22 20:00:00-04:00,216.70,222.14,212.85,217.25,1517000
2025-04-23 20:00:00-04:00,217.18,218.33,199.04,209.69,1517000
2025-04-24 20:00:00-04:00,213.78,213.84,208.49,213.63,905900
2025-04-27 20:00:00-04:00,212.86,217.96,211.54,215.20,778800
2025-04-28 20:00:00-04:00,215.14,216.66,212.35,212.55,649200
2025-04-29 20:00:00-04:00,211.09,211.78,207.22,210.60,1517000
2025-04-30 20:00:00-04:00,210.75,211.53,205.45,209.57,611000
2025-05-01 20:00:00-04:00,213.66,214.34,208.55,210.60,661700
2025-05-04 20:00:00-04:00,210.12,212.64,209.12,210.29,439800
2025-05-05 20:00:00-04:00,209.55,210.16,204.12,204.68,672900
2025-05-06 20:00:00-04:00,207.00,213.45,206.38,212.45,938900
2025-05-07 20:00:00-04:00,214.19,220.69,213.12,214.03,672700
2025-05-08 20:00:00-04:00,214.63,214.95,212.17,212.36,563300
2025-05-11 20:00:00-04:00,217.53,220.21,213.96,218.74,666000
2025-05-12 20:00:00-04:00,218.01,219.14,214.89,215.16,430000
2025-05-13 20:00:00-04:00,215.78,215.78,205.71,206.01,660800
2025-05-14 20:00:00-04:00,206.18,211.56,202.12,209.99,674900
2025-05-15 20:00:00-04:00,210.80,215.97,207.99,215.93,620300
2025-05-18 20:00:00-04:00,214.29,217.09,212.85,216.51,535600
2025-05-19 20:00:00-04:00,216.51,216.65,212.75,214.72,445000
2025-05-20 20:00:00-04:00,213.96,217.23,207.95,208.26,408600
2025-05-21 20:00:00-04:00,206.67,208.57,205.58,207.80,447800
2025-05-22 20:00:00-04:00,205.97,206.32,203.07,204.91,606100
2025-05-26 20:00:00-04:00,208.95,210.51,207.18,210.33,559900
2025-05-27 20:00:00-04:00,210.91,212.71,209.61,210.70,424200
2025-05-28 20:00:00-04:00,212.56,213.14,209.17,209.77,582600
2025-05-29 20:00:00-04:00,209.49,210.54,205.42,210.16,879600
2025-06-01 20:00:00-04:00,207.23,209.97,205.80,208.70,440600
2025-06-02 20:00:00-04:00,208.70,211.65,205.51,209.95,451600
2025-06-03 20:00:00-04:00,210.75,213.04,210.05,210.74,548200
2025-06-04 20:00:00-04:00,210.80,220.27,208.63,217.86,773300
2025-06-05 20:00:00-04:00,217.58,224.47,217.58,223.95,976100
2025-06-08 20:00:00-04:00,224.90,225.03,221.57,223.03,849600
2025-06-09 20:00:00-04:00,225.97,229.51,223.26,226.95,757300
2025-06-10 20:00:00-04:00,226.81,229.04,220.29,223.27,844600
2025-06-11 20:00:00-04:00,222.28,225.81,221.59,224.17,396900
2025-06-12 20:00:00-04:00,222.77,225.51,220.97,221.18,447500
2025-06-15 20:00:00-04:00,220.92,224.70,218.90,223.56,545400
2025-06-16 20:00:00-04:00,221.58,223.15,216.96,217.34,444400
2025-06-17 20:00:00-04:00,217.17,219.93,215.59,217.23,598300
2025-06-19 20:00:00-04:00,217.70,219.19,214.58,215.11,858000
2025-06-22 20:00:00-04:00,213.61,217.44,212.81,215.99,437600
2025-06-23 20:00:00-04:00,217.82,222.71,216.63,221.95,575900
2025-06-24 20:00:00-04:00,222.34,223.03,219.27,220.29,627200
2025-06-25 20:00:00-04:00,219.76,221.83,218.10,218.28,657800
2025-06-26 20:00:00-04:00,218.23,219.35,214.96,218.15,1517000
2025-06-29 20:00:00-04:00,218.90,221.01,215.59,218.08,666700
2025-06-30 20:00:00-04:00,218.08,226.05,215.59,221.69,669100
2025-07-01 20:00:00-04:00,222.27,223.41,218.06,220.49,501300
2025-07-02 20:00:00-04:00,221.42,223.67,219.62,221.53,370800
2025-07-06 20:00:00-04:00,221.74,224.72,219.27,220.75,400400
2025-07-07 20:00:00-04:00,221.27,221.88,218.88,219.76,645400
2025-07-08 20:00:00-04:00,219.44,225.90,219.44,225.44,634500
2025-07-09 20:00:00-04:00,225.40,233.07,225.22,228.48,669900
2025-07-10 20:00:00-04:00,227.83,227.83,224.68,226.43,465400
2025-07-13 20:00:00-04:00,224.83,225.86,220.78,223.75,341000
2025-07-14 20:00:00-04:00,225.19,225.76,219.70,220.32,517500
2025-07-15 20:00:00-04:00,221.65,223.99,218.74,223.64,365700
2025-07-16 20:00:00-04:00,223.80,225.29,220.67,220.86,532400
2025-07-17 20:00:00-04:00,221.96,221.96,206.12,210.20,1473800
2025-07-20 20:00:00-04:00,210.13,212.74,208.02,209.39,688500
2025-07-21 20:00:00-04:00,210.80,218.18,210.41,218.18,786000
2025-07-22 20:00:00-04:00,220.87,229.24,220.77,226.56,1126700
2025-07-23 20:00:00-04:00,280.93,290.04,269.70,278.18,1517000
2025-07-24 20:00:00-04:00,278.18,278.71,260.14,262.64,1493200
2025-07-27 20:00:00-04:00,260.17,261.47,255.83,256.91,1333000
2025-07-28 20:00:00-04:00,255.39,257.30,250.64,252.11,953300
2025-07-29 20:00:00-04:00,252.45,253.42,247.49,248.60,648600
2025-07-30 20:00:00-04:00,245.86,246.79,237.08,238.67,985700
2025-07-31 20:00:00-04:00,238.67,240.43,234.35,238.67,644200
2025-08-03 20:00:00-04:00,237.99,238.92,236.32,237.80,505700
2025-08-04 20:00:00-04:00,238.58,240.55,236.48,238.27,788900
2025-08-05 20:00:00-04:00,236.51,238.83,233.10,236.70,534600
2025-08-06 20:00:00-04:00,244.41,249.76,238.27,239.95,791200
2025-08-07 20:00:00-04:00,237.59,241.37,237.34,240.39,445200
2025-08-10 20:00:00-04:00,240.55,243.76,239.23,239.74,390600
2025-08-11 20:00:00-04:00,237.90,241.35,236.60,239.31,364500
2025-08-12 20:00:00-04:00,240.12,246.02,238.66,245.61,445500
2025-08-13 20:00:00-04:00,246.35,246.62,243.40,245.59,365800
2025-08-14 20:00:00-04:00,247.15,249.56,244.43,245.59,781000
2025-08-17 20:00:00-04:00,245.58,245.58,242.46,242.49,564200
2025-08-18 20:00:00-04:00,243.78,249.59,242.96,246.38,648700
2025-08-19 20:00:00-04:00,246.40,248.94,244.57,245.77,604800
2025-08-20 20:00:00-04:00,244.43,244.43,240.91,242.03,351700
2025-08-21 20:00:00-04:00,244.17,247.80,242.12,247.24,503600
2025-08-24 20:00:00-04:00,247.99,249.02,244.93,246.60,435300
2025-08-25 20:00:00-04:00,246.13,246.44,242.70,243.90,492600
2025-08-26 20:00:00-04:00,243.43,246.34,243.43,245.37,292300
2025-08-27 20:00:00-04:00,244.52,248.05,242.00,244.85,784100
2025-08-28 20:00:00-04:00,245.43,247.60,243.47,246.34,463000
2025-09-01 20:00:00-04:00,246.18,247.58,241.05,243.14,405600
2025-09-02 20:00:00-04:00,242.25,248.36,242.13,248.34,660900
2025-09-03 20:00:00-04:00,247.27,249.17,243.02,246.93,621300
2025-09-04 20:00:00-04:00,246.50,251.03,246.50,250.11,408400
2025-09-07 20:00:00-04:00,248.95,253.64,248.27,252.53,445300
2025-09-08 20:00:00-04:00,252.11,253.16,249.67,251.42,445900
2025-09-09 20:00:00-04:00,250.00,255.32,249.33,254.59,822000
2025-09-10 20:00:00-04:00,255.97,263.41,253.20,263.09,1032900
2025-09-11 20:00:00-04:00,260.28,262.50,252.76,252.88,746200
2025-09-14 20:00:00-04:00,256.42,257.98,254.54,256.90,544000
2025-09-15 20:00:00-04:00,254.46,258.17,253.72,257.71,436200
2025-09-16 20:00:00-04:00,258.01,261.59,255.72,256.01,515000
2025-09-17 20:00:00-04:00,256.13,257.58,249.82,254.35,633500
2025-09-18 20:00:00-04:00,254.16,255.59,251.05,254.22,1297600
2025-09-21 20:00:00-04:00,252.82,254.12,250.00,251.60,473300
2025-09-22 20:00:00-04:00,250.81,253.41,249.39,250.18,449400
2025-09-23 20:00:00-04:00,249.15,260.76,249.15,259.30,1166300
2025-09-24 20:00:00-04:00,258.00,258.00,252.07,253.85,745000
2025-09-25 20:00:00-04:00,254.36,262.25,254.13,260.88,591900
2025-09-28 20:00:00-04:00,261.14,261.44,257.54,259.68,589100
2025-09-29 20:00:00-04:00,260.08,263.64,259.07,261.68,587800
2025-09-30 20:00:00-04:00,263.57,272.44,260.68,270.75,888400
2025-10-01 20:00:00-04:00,268.86,273.81,267.48,272.49,562400
2025-10-02 20:00:00-04:00,272.98,276.40,270.12,271.89,532400
2025-10-05 20:00:00-04:00,270.77,270.82,265.68,267.41,586400
2025-10-06 20:00:00-04:00,268.48,269.17,263.81,265.32,497600
2025-10-07 20:00:00-04:00,266.16,267.48,263.28,267.27,584900
2025-10-08 20:00:00-04:00,267.09,268.84,262.77,262.93,487400
2025-10-09 20:00:00-04:00,264.27,264.27,256.87,261.13,595200
2025-10-12 20:00:00-04:00,261.77,265.01,261.50,261.82,454600
2025-10-13 20:00:00-04:00,260.97,262.57,259.94,260.53,520700
2025-10-14 20:00:00-04:00,260.70,265.70,259.90,262.30,605200
2025-10-15 20:00:00-04:00,264.20,268.76,259.48,266.53,771400
2025-10-16 20:00:00-04:00,264.03,269.94,264.03,269.93,685100
2025-10-19 20:00:00-04:00,270.63,274.43,270.24,274.22,485300
2025-10-20 20:00:00-04:00,276.90,281.34,273.76,278.70,795100
2025-10-21 20:00:00-04:00,276.70,282.84,275.34,276.32,1213700
2025-10-22 20:00:00-04:00,300.32,321.55,299.26,306.49,1517000
2025-10-23 20:00:00-04:00,307.18,309.93,296.47,296.74,819500
2025-10-26 20:00:00-04:00,299.25,300.26,281.60,286.51,1067900
2025-10-27 20:00:00-04:00,284.33,286.58,280.31,282.79,749100
2025-10-28 20:00:00-04:00,283.65,287.65,281.67,284.16,479900
2025-10-29 20:00:00-04:00,284.23,286.56,277.24,277.86,693100
2025-10-30 20:00:00-04:00,275.15,283.61,272.32,281.38,586200
2025-11-02 19:00:00-05:00,279.15,279.89,273.32,279.09,593000
2025-11-03 19:00:00-05:00,277.70,287.27,275.91,286.23,895000
2025-11-04 19:00:00-05:00,284.44,287.15,279.64,282.84,529400
2025-11-05 19:00:00-05:00,281.35,284.85,261.83,274.66,1038400
2025-11-06 19:00:00-05:00,276.29,280.11,267.49,270.37,856200
2025-11-09 19:00:00-05:00,270.61,275.96,269.59,274.79,574700
2025-11-10 19:00:00-05:00,276.63,279.42,275.72,276.73,718400
2025-11-11 19:00:00-05:00,276.39,279.28,270.73,273.39,595700
2025-11-12 19:00:00-05:00,269.11,274.18,265.77,266.22,581000
2025-11-13 19:00:00-05:00,264.37,265.06,258.50,260.92,738400
2025-11-16 19:00:00-05:00,260.77,265.82,259.66,261.97,626900
2025-11-17 19:00:00-05:00,259.83,262.07,256.90,259.71,480100
2025-11-18 19:00:00-05:00,259.44,260.26,255.72,257.47,333100
2025-11-19 19:00:00-05:00,259.07,260.02,252.90,257.34,1315100
2025-11-20 19:00:00-05:00,259.37,271.61,258.42,270.62,894000
2025-11-23 19:00:00-05:00,269.98,275.78,266.80,273.53,901700
2025-11-24 19:00:00-05:00,277.72,280.86,275.22,280.37,579400
2025-11-25 19:00:00-05:00,277.93,281.33,274.42,276.68,441100
2025-11-27 19:00:00-05:00,278.03,278.09,273.48,276.79,293100
2025-11-30 19:00:00-05:00,275.00,279.01,273.50,273.68,546600
2025-12-01 19:00:00-05:00,270.15,274.60,268.63,272.57,546500
2025-12-02 19:00:00-05:00,275.30,284.92,273.57,283.84,856300
2025-12-03 19:00:00-05:00,284.03,285.06,275.58,281.30,788400
2025-12-04 19:00:00-05:00,281.54,283.05,277.77,279.76,645700
2025-12-07 19:00:00-05:00,278.87,280.65,267.76,268.63,660500
2025-12-08 19:00:00-05:00,268.19,271.52,265.39,265.63,513000
2025-12-09 19:00:00-05:00,267.02,268.23,262.94,266.51,683900
2025-12-10 19:00:00-05:00,268.51,274.10,267.45,272.09,688200
2025-12-11 19:00:00-05:00,271.81,272.51,264.95,267.11,839200
2025-12-14 19:00:00-05:00,267.52,272.35,265.53,271.41,692700
2025-12-15 19:00:00-05:00,270.79,272.67,264.91,266.00,734700
2025-12-16 19:00:00-05:00,264.79,275.10,264.48,268.68,710900
2025-12-17 19:00:00-05:00,268.85,270.96,266.22,268.21,748800
2025-12-18 19:00:00-05:00,269.22,272.29,268.00,272.09,1517000
2025-12-21 19:00:00-05:00,271.08,277.97,269.57,274.43,560700
2025-12-22 19:00:00-05:00,274.88,277.37,272.43,277.03,688600
2025-12-23 19:00:00-05:00,278.54,278.54,275.22,276.20,203700
2025-12-25 19:00:00-05:00,275.73,277.04,272.38,273.84,344500
2025-12-28 19:00:00-05:00,274.24,275.91,272.08,275.14,305100
2025-12-29 19:00:00-05:00,274.08,277.29,273.44,276.41,356600
2025-12-30 19:00:00-05:00,275.84,276.61,274.42,274.68,397700
2026-01-01 19:00:00-05:00,274.79,276.62,269.31,275.94,629200
2026-01-04 19:00:00-05:00,271.99,279.67,269.10,278.56,1048000
2026-01-05 19:00:00-05:00,276.68,290.89,275.05,280.36,1070100
2026-01-06 19:00:00-05:00,279.80,280.91,275.62,277.98,523400
2026-01-07 19:00:00-05:00,276.41,282.98,270.86,274.77,631100
2026-01-08 19:00:00-05:00,275.16,278.77,274.33,275.06,490200
2026-01-11 19:00:00-05:00,277.53,278.41,267.37,272.46,776500
2026-01-12 19:00:00-05:00,273.13,275.03,267.97,271.38,508200
2026-01-13 19:00:00-05:00,272.47,278.12,270.11,274.52,725700
2026-01-14 19:00:00-05:00,275.16,281.08,272.36,278.94,789700
2026-01-15 19:00:00-05:00,278.79,278.92,258.96,259.36,1505500
2026-01-19 19:00:00-05:00,254.57,254.57,248.06,250.08,1517000
2026-01-20 19:00:00-05:00,251.26,255.37,244.29,254.73,1517000
2026-01-21 19:00:00-05:00,255.75,258.31,246.62,247.37,1044900
2026-01-22 19:00:00-05:00,245.59,245.72,231.67,236.27,1517000
2026-01-25 19:00:00-05:00,238.08,241.00,236.41,241.00,989100
2026-01-26 19:00:00-05:00,238.49,243.50,237.92,240.13,935500
2026-01-27 19:00:00-05:00,237.92,238.88,234.70,235.71,682800
2026-01-28 19:00:00-05:00,234.26,234.31,227.40,232.47,930200
2026-01-29 19:00:00-05:00,229.26,231.88,223.66,230.95,1517000
2026-02-01 19:00:00-05:00,230.73,237.49,228.66,237.32,1203500
2026-02-02 19:00:00-05:00,233.66,238.58,227.83,230.78,944400
2026-02-03 19:00:00-05:00,232.77,241.20,230.92,236.87,1517000
2026-02-04 19:00:00-05:00,234.82,237.35,229.80,231.45,1154400
2026-02-05 19:00:00-05:00,235.19,249.45,233.32,248.76,1481000
2026-02-08 19:00:00-05:00,245.78,251.14,245.78,248.74,1048700
2026-02-09 19:00:00-05:00,250.22,252.38,243.29,243.38,1172600
2026-02-10 19:00:00-05:00,243.78,251.85,243.42,245.97,1517000
2026-02-11 19:00:00-05:00,250.02,259.70,227.32,243.43,1517000
2026-02-12 19:00:00-05:00,243.76,250.34,241.96,250.30,980300
2026-02-16 19:00:00-05:00,247.99,251.62,242.14,243.01,969900
2026-02-17 19:00:00-05:00,243.72,248.27,243.71,248.07,813700
2026-02-18 19:00:00-05:00,245.33,246.99,241.73,243.65,760600
2026-02-19 19:00:00-05:00,241.05,245.18,239.09,240.94,856100
2026-02-22 19:00:00-05:00,238.14,245.10,236.27,244.04,908100
2026-02-23 19:00:00-05:00,243.66,248.44,241.40,245.20,675500
2026-02-24 19:00:00-05:00,246.03,249.09,244.65,247.69,830800
2026-02-25 19:00:00-05:00,248.78,250.13,245.09,248.83,452900
2026-02-26 19:00:00-05:00,247.68,254.21,246.59,254.15,814400
2026-03-01 19:00:00-05:00,251.12,252.86,249.19,251.06,572400
2026-03-02 19:00:00-05:00,246.61,251.67,244.73,251.19,446800
2026-03-03 19:00:00-05:00,251.24,254.42,247.32,248.65,1317700
2026-03-04 19:00:00-05:00,245.35,252.19,242.74,244.17,810800
2026-03-05 19:00:00-05:00,240.82,246.09,239.57,245.67,1080700
2026-03-08 20:00:00-04:00,243.23,248.97,239.67,247.87,665900
2026-03-09 20:00:00-04:00,240.21,242.96,228.23,233.65,1411200
2026-03-10 20:00:00-04:00,235.98,238.33,233.88,238.07,726600
2026-03-11 20:00:00-04:00,237.08,240.26,230.88,230.92,913700
2026-03-12 20:00:00-04:00,234.40,237.02,231.26,235.28,766400
2026-03-15 20:00:00-04:00,236.70,242.19,236.02,240.13,867800
2026-03-16 20:00:00-04:00,241.89,244.10,236.43,239.24,1066600
2026-03-17 20:00:00-04:00,235.83,239.93,234.40,238.82,1030600
2026-03-18 20:00:00-04:00,237.08,243.23,237.08,240.15,818900
2026-03-19 20:00:00-04:00,238.67,241.22,235.94,236.85,1186900
2026-03-22 20:00:00-04:00,240.52,243.80,237.23,241.22,845300
2026-03-23 20:00:00-04:00,238.88,247.88,238.64,245.09,997100
2026-03-24 20:00:00-04:00,246.73,249.81,242.52,246.83,811100
2026-03-25 20:00:00-04:00,245.78,252.22,244.54,247.93,1059100
2026-03-26 20:00:00-04:00,247.25,249.28,243.01,243.17,785100
2026-03-29 20:00:00-04:00,246.55,248.20,243.82,244.96,793000
2026-03-30 20:00:00-04:00,248.12,252.08,245.73,250.45,797800
2026-03-31 20:00:00-04:00,251.12,254.29,239.98,252.55,1094800
2026-04-01 20:00:00-04:00,250.70,258.05,248.68,254.61,795100
2026-04-05 20:00:00-04:00,253.71,257.12,251.27,256.66,638900
2026-04-06 20:00:00-04:00,256.33,261.33,255.96,259.15,565600
2026-04-07 20:00:00-04:00,262.56,266.53,261.83,265.73,689400
2026-04-08 20:00:00-04:00,264.17,264.33,257.16,258.35,785200
2026-04-09 20:00:00-04:00,259.47,262.32,255.41,256.36,656800
2026-04-12 20:00:00-04:00,256.00,259.78,254.37,259.76,590300
2026-04-13 20:00:00-04:00,260.98,267.89,260.59,267.73,783100
2026-04-14 20:00:00-04:00,268.49,271.09,265.05,266.30,775800
2026-04-15 20:00:00-04:00,265.90,271.07,264.30,269.61,894300
2026-04-16 20:00:00-04:00,272.10,275.22,269.78,273.52,837400
2026-04-19 20:00:00-04:00,271.70,279.99,271.58,277.79,1008200
2026-04-20 20:00:00-04:00,277.79,281.04,273.67,274.51,947800
2026-04-21 20:00:00-04:00,275.62,276.53,271.93,274.20,1007700
2026-04-22 20:00:00-04:00,307.78,320.09,302.97,309.47,1517000
2026-04-23 20:00:00-04:00,315.76,315.76,301.24,305.93,1286000
2026-04-26 20:00:00-04:00,304.17,309.76,300.08,301.97,1140600
2026-04-27 20:00:00-04:00,301.68,302.32,290.19,291.91,1186500
2026-04-28 20:00:00-04:00,296.25,299.51,292.68,295.36,796400
2026-04-29 20:00:00-04:00,295.58,300.72,293.48,297.59,1110800
2026-04-30 20:00:00-04:00,294.27,301.09,294.27,300.68,651700
2026-05-03 20:00:00-04:00,299.35,301.42,298.45,300.18,472200
2026-05-04 20:00:00-04:00,302.52,310.00,300.46,309.97,896900
2026-05-05 20:00:00-04:00,311.31,315.44,308.18,312.55,789200
2026-05-06 20:00:00-04:00,315.28,323.63,312.56,322.01,1517000
2026-05-07 20:00:00-04:00,323.50,328.44,316.10,325.92,1033400
2026-05-10 20:00:00-04:00,327.46,330.88,321.60,322.30,879400
2026-05-11 20:00:00-04:00,312.33,315.82,299.02,312.07,1124800
2026-05-12 20:00:00-04:00,310.44,310.49,300.27,302.40,718300
2026-05-13 20:00:00-04:00,301.70,304.57,295.90,300.19,700500
2026-05-14 20:00:00-04:00,296.76,304.93,296.76,302.89,686400
2026-05-17 20:00:00-04:00,304.35,309.03,301.63,304.41,515400
2026-05-18 20:00:00-04:00,304.38,308.25,300.08,303.93,565500
2026-05-19 20:00:00-04:00,303.99,305.76,299.72,305.50,641800
2026-05-20 20:00:00-04:00,308.17,316.60,304.80,316.13,743500
2026-05-21 20:00:00-04:00,314.62,317.79,311.07,316.42,533800
2026-05-25 20:00:00-04:00,318.60,320.44,314.49,316.17,477700
2026-05-26 20:00:00-04:00,317.28,320.47,308.23,312.71,657600
2026-05-27 20:00:00-04:00,314.24,323.86,313.60,321.80,772800
2026-05-28 20:00:00-04:00,323.97,324.35,319.06,322.81,1307900
2026-05-31 20:00:00-04:00,321.65,321.65,308.50,316.30,702500
2026-06-01 20:00:00-04:00,314.18,316.74,311.46,312.17,707600
2026-06-02 20:00:00-04:00,313.47,317.56,309.88,316.31,635900
2026-06-03 20:00:00-04:00,319.87,321.50,315.09,317.32,629100
2026-06-04 20:00:00-04:00,315.41,318.90,310.57,314.50,636000
2026-06-07 20:00:00-04:00,317.43,322.59,315.24,319.75,594600
2026-06-08 20:00:00-04:00,327.45,336.82,326.69,334.66,763100
2026-06-09 20:00:00-04:00,330.68,334.78,327.76,330.92,935900
2026-06-10 20:00:00-04:00,328.07,332.96,325.59,330.34,524100
2026-06-11 20:00:00-04:00,333.27,333.40,327.43,328.82,465300
2026-06-14 20:00:00-04:00,330.00,331.55,326.68,331.43,558900
2026-06-15 20:00:00-04:00,330.86,331.68,327.39,329.58,770700
2026-06-16 20:00:00-04:00,328.73,330.77,321.94,323.59,670200
2026-06-17 20:00:00-04:00,326.35,329.11,323.20,327.95,1479300
2026-06-21 20:00:00-04:00,329.55,329.86,324.68,329.71,842900
2026-06-22 20:00:00-04:00,328.45,336.50,327.61,336.39,784600
2026-06-23 20:00:00-04:00,335.72,345.99,335.72,340.41,872400
2026-06-24 20:00:00-04:00,345.00,352.31,345.00,346.56,1517000
2026-06-25 20:00:00-04:00,345.36,351.35,342.70,350.85,1255000
2026-06-28 20:00:00-04:00,349.87,355.12,347.09,354.68,695800
