Date,Open,High,Low,Close,Volume
2018-07-01 20:00:00-04:00,60.57,61.37,60.02,61.32,1005100
2018-07-02 20:00:00-04:00,61.60,61.74,60.68,60.85,755800
2018-07-04 20:00:00-04:00,61.17,61.44,60.54,60.90,1860300
2018-07-05 20:00:00-04:00,60.76,60.86,60.36,60.62,1219800
2018-07-08 20:00:00-04:00,60.96,61.92,60.83,61.74,1038700
2018-07-09 20:00:00-04:00,61.81,62.24,61.52,61.87,1616000
2018-07-10 20:00:00-04:00,60.39,61.35,60.30,60.52,1465800
2018-07-11 20:00:00-04:00,60.90,61.98,60.55,61.76,1287100
2018-07-12 20:00:00-04:00,61.74,62.25,61.40,62.17,809800
2018-07-15 20:00:00-04:00,62.02,62.25,61.02,61.16,819400
2018-07-16 20:00:00-04:00,61.12,61.60,60.78,61.52,642700
2018-07-17 20:00:00-04:00,61.79,61.99,61.54,61.87,711700
2018-07-18 20:00:00-04:00,61.75,62.36,61.74,62.23,896600
2018-07-19 20:00:00-04:00,62.20,64.00,62.20,63.12,1634600
2018-07-22 20:00:00-04:00,62.79,62.79,60.94,61.51,1332100
2018-07-23 20:00:00-04:00,61.94,62.29,61.57,61.97,1007900
2018-07-24 20:00:00-04:00,61.76,62.73,61.76,62.68,1126300
2018-07-25 20:00:00-04:00,62.77,63.90,62.56,63.80,723900
2018-07-26 20:00:00-04:00,63.91,64.17,63.41,63.69,847100
2018-07-29 20:00:00-04:00,63.88,64.52,63.43,63.54,1460000
2018-07-30 20:00:00-04:00,65.16,69.99,64.88,69.47,3458025
2018-07-31 20:00:00-04:00,69.40,69.41,67.61,67.98,1993500
2018-08-01 20:00:00-04:00,67.30,68.23,66.86,68.08,1891200
2018-08-02 20:00:00-04:00,67.30,68.97,67.30,68.96,1123900
2018-08-05 20:00:00-04:00,69.08,69.26,68.71,69.02,950400
2018-08-06 20:00:00-04:00,69.39,69.97,69.20,69.61,1064100
2018-08-07 20:00:00-04:00,69.50,70.04,68.84,69.74,691200
2018-08-08 20:00:00-04:00,69.70,70.39,69.15,69.58,725100
2018-08-09 20:00:00-04:00,69.39,69.60,68.70,68.78,881800
2018-08-12 20:00:00-04:00,68.78,69.07,67.78,67.98,838700
2018-08-13 20:00:00-04:00,68.13,68.54,67.77,67.82,938000
2018-08-14 20:00:00-04:00,67.30,67.46,66.36,67.43,860500
2018-08-15 20:00:00-04:00,67.70,68.21,67.52,67.83,813400
2018-08-16 20:00:00-04:00,67.92,68.82,67.83,68.44,2399800
2018-08-19 20:00:00-04:00,68.96,69.35,68.48,68.79,933800
2018-08-20 20:00:00-04:00,68.64,69.29,68.55,69.10,823400
2018-08-21 20:00:00-04:00,69.00,69.00,68.25,68.34,865100
2018-08-22 20:00:00-04:00,68.31,68.42,67.77,67.96,721900
2018-08-23 20:00:00-04:00,68.36,68.58,68.02,68.52,624400
2018-08-26 20:00:00-04:00,68.96,69.66,68.56,69.54,777900
2018-08-27 20:00:00-04:00,69.67,70.19,69.12,69.34,839600
2018-08-28 20:00:00-04:00,69.42,70.07,69.22,69.93,718500
2018-08-29 20:00:00-04:00,69.76,69.98,68.89,69.07,603400
2018-08-30 20:00:00-04:00,68.87,69.39,68.69,69.07,636800
2018-09-03 20:00:00-04:00,68.84,68.93,68.31,68.84,499700
2018-09-04 20:00:00-04:00,69.21,71.16,68.90,70.70,1268500
2018-09-05 20:00:00-04:00,70.67,71.76,70.67,71.34,997600
2018-09-06 20:00:00-04:00,70.87,71.67,70.09,71.58,1396800
2018-09-09 20:00:00-04:00,71.88,73.23,71.69,72.70,1286900
2018-09-10 20:00:00-04:00,72.44,72.76,71.79,72.61,843700
2018-09-11 20:00:00-04:00,72.61,73.20,72.46,72.81,911000
2018-09-12 20:00:00-04:00,73.53,73.99,72.90,73.50,862100
2018-09-13 20:00:00-04:00,73.45,73.86,73.21,73.63,750700
2018-09-16 20:00:00-04:00,73.73,74.31,73.49,74.19,820500
2018-09-17 20:00:00-04:00,74.13,74.54,73.53,74.49,832900
2018-09-18 20:00:00-04:00,74.60,75.01,73.96,74.01,759900
2018-09-19 20:00:00-04:00,74.32,74.86,73.74,74.05,749000
2018-09-20 20:00:00-04:00,74.22,74.76,73.54,73.90,1156800
2018-09-23 20:00:00-04:00,73.78,73.78,72.70,72.84,874000
2018-09-24 20:00:00-04:00,73.02,73.23,72.51,72.92,735400
2018-09-25 20:00:00-04:00,72.99,73.53,72.82,72.92,559700
2018-09-26 20:00:00-04:00,73.14,73.86,72.88,73.05,691000
2018-09-27 20:00:00-04:00,73.04,73.64,72.52,72.67,731000
2018-09-30 20:00:00-04:00,73.39,73.66,72.84,73.37,534200
2018-10-01 20:00:00-04:00,73.28,73.77,72.82,73.16,666800
2018-10-02 20:00:00-04:00,72.77,73.54,72.25,73.34,1216800
2018-10-03 20:00:00-04:00,73.09,73.56,72.49,73.05,817700
2018-10-04 20:00:00-04:00,73.07,73.31,71.40,72.16,834600
2018-10-07 20:00:00-04:00,70.79,71.33,70.26,70.73,965500
2018-10-08 20:00:00-04:00,70.55,70.80,67.65,67.71,1859400
2018-10-09 20:00:00-04:00,67.42,67.51,65.57,65.64,1400200
2018-10-10 20:00:00-04:00,65.27,65.59,62.78,62.82,1715900
2018-10-11 20:00:00-04:00,63.78,64.54,62.27,63.48,1898200
2018-10-14 20:00:00-04:00,63.28,63.85,62.96,63.43,1042600
2018-10-15 20:00:00-04:00,64.22,65.33,63.80,65.28,1100200
2018-10-16 20:00:00-04:00,65.13,65.60,64.30,64.91,882900
2018-10-17 20:00:00-04:00,64.47,64.91,63.14,63.59,1112700
2018-10-18 20:00:00-04:00,63.98,63.98,62.70,63.03,878500
2018-10-21 20:00:00-04:00,63.15,63.44,62.51,63.10,811400
2018-10-22 20:00:00-04:00,61.77,62.72,61.07,62.20,1617900
2018-10-23 20:00:00-04:00,62.34,62.73,59.91,59.99,1612400
2018-10-24 20:00:00-04:00,60.43,61.21,60.01,60.82,1303000
2018-10-25 20:00:00-04:00,60.01,61.31,59.44,60.52,1196000
2018-10-28 20:00:00-04:00,61.56,62.10,58.91,59.78,1592100
2018-10-29 20:00:00-04:00,60.98,61.94,57.97,59.26,1948900
2018-10-30 20:00:00-04:00,59.74,60.74,59.33,59.86,1957700
2018-10-31 20:00:00-04:00,60.22,62.99,59.86,62.75,1501000
2018-11-01 20:00:00-04:00,63.34,63.58,61.91,62.09,1232600
2018-11-04 19:00:00-05:00,62.39,62.83,61.42,62.54,1260700
2018-11-05 19:00:00-05:00,62.49,63.96,62.31,63.76,1326900
2018-11-06 19:00:00-05:00,64.47,65.32,63.51,65.26,1198400
2018-11-07 19:00:00-05:00,65.04,65.89,64.88,65.32,920500
2018-11-08 19:00:00-05:00,65.05,65.09,63.82,64.70,1040000
2018-11-11 19:00:00-05:00,64.83,65.19,62.86,62.97,1244600
2018-11-12 19:00:00-05:00,63.14,64.01,62.35,62.78,794200
2018-11-13 19:00:00-05:00,63.30,63.90,61.69,62.20,1115000
2018-11-14 19:00:00-05:00,61.70,64.53,61.43,64.31,814300
2018-11-15 19:00:00-05:00,64.11,65.27,63.90,64.69,1000500
2018-11-18 19:00:00-05:00,64.43,64.74,63.13,63.39,673600
2018-11-19 19:00:00-05:00,62.63,63.03,61.31,61.36,1625100
2018-11-20 19:00:00-05:00,61.70,63.07,61.70,62.32,1398900
2018-11-22 19:00:00-05:00,61.83,62.56,61.82,62.09,375900
2018-11-25 19:00:00-05:00,62.81,63.51,62.44,63.50,1087700
2018-11-26 19:00:00-05:00,63.14,63.74,62.55,63.45,1038100
2018-11-27 19:00:00-05:00,63.75,64.93,62.86,64.93,744200
2018-11-28 19:00:00-05:00,64.77,65.37,64.10,65.08,790100
2018-11-29 19:00:00-05:00,65.14,66.72,64.77,66.62,1547800
2018-12-02 19:00:00-05:00,68.29,68.54,65.83,66.00,1421600
2018-12-03 19:00:00-05:00,65.79,66.10,62.03,62.11,1286100
2018-12-05 19:00:00-05:00,60.98,61.08,59.34,61.00,1954700
2018-12-06 19:00:00-05:00,61.16,62.28,59.37,59.96,1102400
2018-12-09 19:00:00-05:00,59.96,60.40,59.02,60.15,713300
2018-12-10 19:00:00-05:00,61.30,61.68,59.34,59.72,726000
2018-12-11 19:00:00-05:00,60.86,61.43,59.84,59.91,700600
2018-12-12 19:00:00-05:00,60.17,60.44,59.42,59.87,792600
2018-12-13 19:00:00-05:00,59.15,60.36,58.98,59.73,983900
2018-12-16 19:00:00-05:00,59.53,60.46,58.43,58.69,1356200
2018-12-17 19:00:00-05:00,59.10,59.93,58.20,58.77,1164900
2018-12-18 19:00:00-05:00,59.95,61.13,58.78,59.45,1390200
2018-12-19 19:00:00-05:00,59.03,59.46,57.19,58.29,1835100
2018-12-20 19:00:00-05:00,58.36,59.42,57.38,57.91,2237100
2018-12-23 19:00:00-05:00,57.49,57.65,55.98,56.03,542800
2018-12-25 19:00:00-05:00,56.31,58.69,55.36,58.67,806200
2018-12-26 19:00:00-05:00,57.40,59.65,57.10,59.65,790800
2018-12-27 19:00:00-05:00,59.88,60.54,59.33,59.61,782800
2018-12-30 19:00:00-05:00,59.81,60.91,59.72,60.90,663800
2019-01-01 19:00:00-05:00,59.98,60.87,58.82,60.71,990900
2019-01-02 19:00:00-05:00,60.42,60.56,58.22,58.63,1243100
2019-01-03 19:00:00-05:00,59.76,61.18,59.47,61.10,970900
2019-01-06 19:00:00-05:00,61.01,61.39,59.93,60.20,1341600
2019-01-07 19:00:00-05:00,61.03,61.03,59.83,60.76,912800
2019-01-08 19:00:00-05:00,61.15,62.32,60.95,61.75,1164400
2019-01-09 19:00:00-05:00,61.47,63.00,61.31,62.90,826900
2019-01-10 19:00:00-05:00,62.34,63.47,62.28,63.27,736400
2019-01-13 19:00:00-05:00,62.86,63.37,62.67,63.13,705800
2019-01-14 19:00:00-05:00,63.32,63.48,62.38,62.85,607300
2019-01-15 19:00:00-05:00,62.86,63.48,62.42,62.96,607400
2019-01-16 19:00:00-05:00,62.54,64.41,62.43,64.03,594100
2019-01-17 19:00:00-05:00,64.56,65.85,64.50,65.00,1062700
2019-01-21 19:00:00-05:00,64.06,64.36,62.65,63.23,1441700
2019-01-22 19:00:00-05:00,63.45,63.51,61.81,62.43,1095100
2019-01-23 19:00:00-05:00,62.59,63.17,62.19,62.65,1195400
2019-01-24 19:00:00-05:00,63.53,64.29,63.37,63.77,948900
2019-01-27 19:00:00-05:00,63.14,63.43,62.46,63.30,684000
2019-01-28 19:00:00-05:00,63.54,64.54,63.54,64.34,992400
2019-01-29 19:00:00-05:00,64.81,65.84,63.86,65.71,1368800
2019-01-30 19:00:00-05:00,66.64,66.75,63.14,65.05,1682100
2019-01-31 19:00:00-05:00,65.37,65.68,63.58,64.03,1294800
2019-02-03 19:00:00-05:00,63.71,64.29,63.50,64.19,998100
2019-02-04 19:00:00-05:00,64.19,64.59,63.78,64.57,1044400
2019-02-05 19:00:00-05:00,64.50,65.52,64.43,65.32,992500
2019-02-06 19:00:00-05:00,64.64,64.99,63.88,64.23,794800
2019-02-07 19:00:00-05:00,63.84,64.44,63.63,64.43,979500
2019-02-10 19:00:00-05:00,64.66,65.47,64.66,65.18,719400
2019-02-11 19:00:00-05:00,65.72,67.12,65.71,66.54,1123400
2019-02-12 19:00:00-05:00,66.84,67.42,66.50,66.56,1024000
2019-02-13 19:00:00-05:00,66.22,66.74,66.08,66.38,1149600
2019-02-14 19:00:00-05:00,66.98,67.76,66.95,67.71,934900
2019-02-18 19:00:00-05:00,67.37,67.67,67.06,67.09,868900
2019-02-19 19:00:00-05:00,67.16,67.84,67.04,67.83,619900
2019-02-20 19:00:00-05:00,67.51,68.20,67.32,68.06,1000100
2019-02-21 19:00:00-05:00,68.35,68.59,67.99,68.50,625400
2019-02-24 19:00:00-05:00,68.87,69.49,68.62,68.92,704300
2019-02-25 19:00:00-05:00,68.78,69.25,68.54,69.02,591700
2019-02-26 19:00:00-05:00,68.87,70.04,68.87,69.88,817000
2019-02-27 19:00:00-05:00,69.79,69.79,69.05,69.19,1031100
2019-02-28 19:00:00-05:00,69.51,70.23,69.24,69.94,870600
2019-03-03 19:00:00-05:00,70.30,70.98,69.37,69.83,710600
2019-03-04 19:00:00-05:00,69.95,70.72,69.75,69.78,742600
2019-03-05 19:00:00-05:00,69.81,70.40,69.45,69.46,730100
2019-03-06 19:00:00-05:00,69.33,69.50,68.12,68.98,922400
2019-03-07 19:00:00-05:00,68.37,68.91,68.22,68.76,792100
2019-03-10 20:00:00-04:00,68.77,70.43,68.77,70.42,832700
2019-03-11 20:00:00-04:00,70.60,70.72,70.13,70.23,736000
2019-03-12 20:00:00-04:00,70.52,71.10,70.31,70.80,629100
2019-03-13 20:00:00-04:00,70.55,70.76,69.89,70.06,563500
2019-03-14 20:00:00-04:00,70.11,70.77,70.03,70.28,1176400
2019-03-17 20:00:00-04:00,70.29,71.90,70.29,71.74,671000
2019-03-18 20:00:00-04:00,72.26,72.67,71.45,71.83,941500
2019-03-19 20:00:00-04:00,71.78,72.08,71.09,71.60,563700
2019-03-20 20:00:00-04:00,71.37,72.73,71.37,72.58,393400
2019-03-21 20:00:00-04:00,72.30,72.34,70.49,70.57,711700
2019-03-24 20:00:00-04:00,70.55,71.13,70.13,70.39,612000
2019-03-25 20:00:00-04:00,71.13,71.85,70.78,71.52,483800
2019-03-26 20:00:00-04:00,71.60,71.94,70.98,71.41,458300
2019-03-27 20:00:00-04:00,71.63,72.50,71.41,72.41,646100
2019-03-28 20:00:00-04:00,72.51,72.91,71.22,72.39,1357000
2019-03-31 20:00:00-04:00,73.07,74.20,73.01,73.78,1004000
2019-04-01 20:00:00-04:00,73.78,74.09,73.03,73.30,569300
2019-04-02 20:00:00-04:00,73.56,73.88,72.83,72.98,689200
2019-04-03 20:00:00-04:00,72.95,73.43,72.79,73.26,637700
2019-04-04 20:00:00-04:00,73.73,73.97,73.24,73.58,1123800
2019-04-07 20:00:00-04:00,73.38,74.48,73.04,74.48,1148100
2019-04-08 20:00:00-04:00,73.80,73.85,72.72,72.87,730200
2019-04-09 20:00:00-04:00,73.01,73.18,72.44,72.69,833500
2019-04-10 20:00:00-04:00,72.94,74.13,72.66,74.09,749100
2019-04-11 20:00:00-04:00,74.64,75.68,74.59,75.44,901100
2019-04-14 20:00:00-04:00,75.27,75.41,74.43,74.98,875100
2019-04-15 20:00:00-04:00,75.24,75.74,75.09,75.50,650300
2019-04-16 20:00:00-04:00,75.87,76.26,75.52,75.80,840900
2019-04-17 20:00:00-04:00,75.95,76.46,75.79,75.95,660200
2019-04-21 20:00:00-04:00,75.86,76.52,75.54,76.46,366900
2019-04-22 20:00:00-04:00,76.47,76.71,75.93,76.08,948000
2019-04-23 20:00:00-04:00,76.09,76.41,75.76,76.08,680700
2019-04-24 20:00:00-04:00,75.65,75.65,74.29,75.26,650300
2019-04-25 20:00:00-04:00,75.35,76.13,74.97,76.11,663100
2019-04-28 20:00:00-04:00,76.34,77.07,76.20,76.76,495600
2019-04-29 20:00:00-04:00,76.79,77.13,76.17,76.38,1179900
2019-04-30 20:00:00-04:00,76.53,77.30,76.12,76.28,909500
2019-05-01 20:00:00-04:00,69.41,72.99,69.41,72.84,2401100
2019-05-02 20:00:00-04:00,73.52,75.43,73.48,75.36,1156300
2019-05-05 20:00:00-04:00,73.92,74.25,73.25,73.34,1237700
2019-05-06 20:00:00-04:00,72.65,73.32,71.81,72.50,1286500
2019-05-07 20:00:00-04:00,72.31,73.26,72.12,72.47,560500
2019-05-08 20:00:00-04:00,71.69,72.54,70.92,72.42,846300
2019-05-09 20:00:00-04:00,72.08,72.39,70.66,71.60,1161900
2019-05-12 20:00:00-04:00,70.01,70.43,69.44,70.33,1040500
2019-05-13 20:00:00-04:00,69.72,70.93,69.03,69.15,1427300
2019-05-14 20:00:00-04:00,68.85,70.38,68.63,70.01,598500
2019-05-15 20:00:00-04:00,70.45,70.67,69.76,69.84,1024100
2019-05-16 20:00:00-04:00,69.40,69.81,68.85,68.89,877700
2019-05-19 20:00:00-04:00,68.45,68.85,67.99,68.23,674400
2019-05-20 20:00:00-04:00,68.80,69.60,68.80,69.39,424000
2019-05-21 20:00:00-04:00,69.15,69.41,68.90,69.08,447500
2019-05-22 20:00:00-04:00,68.50,68.83,67.23,67.83,902000
2019-05-23 20:00:00-04:00,68.28,68.59,66.85,67.71,818500
2019-05-27 20:00:00-04:00,68.18,69.35,67.99,67.99,994100
2019-05-28 20:00:00-04:00,67.94,69.00,67.82,67.96,1023800
2019-05-29 20:00:00-04:00,68.02,69.05,67.83,68.11,359400
2019-05-30 20:00:00-04:00,67.42,68.34,67.42,68.19,800400
2019-06-02 20:00:00-04:00,68.29,69.71,68.14,69.57,1393000
2019-06-03 20:00:00-04:00,70.26,71.13,69.37,71.11,899000
2019-06-04 20:00:00-04:00,71.62,72.86,71.25,72.47,1014700
2019-06-05 20:00:00-04:00,72.65,72.99,72.23,72.72,740800
2019-06-06 20:00:00-04:00,73.23,73.64,72.31,73.10,606400
2019-06-09 20:00:00-04:00,73.47,74.20,73.42,73.85,358600
2019-06-10 20:00:00-04:00,74.56,74.82,73.35,73.50,708000
2019-06-11 20:00:00-04:00,73.47,74.02,73.17,73.70,372500
2019-06-12 20:00:00-04:00,74.03,74.54,73.57,74.50,422000
2019-06-13 20:00:00-04:00,74.37,74.67,73.31,74.49,503900
2019-06-16 20:00:00-04:00,74.49,74.55,73.93,74.00,534100
2019-06-17 20:00:00-04:00,74.72,75.81,74.48,74.60,1012000
2019-06-18 20:00:00-04:00,74.84,75.62,74.74,74.91,871900
2019-06-19 20:00:00-04:00,75.96,76.56,74.99,76.53,1048500
2019-06-20 20:00:00-04:00,76.48,76.51,75.07,75.12,1431400
2019-06-23 20:00:00-04:00,75.28,76.05,75.05,75.43,708500
2019-06-24 20:00:00-04:00,75.41,75.59,74.90,74.94,844000
2019-06-25 20:00:00-04:00,74.98,75.34,74.35,74.72,536500
2019-06-26 20:00:00-04:00,75.00,75.60,74.79,75.21,396100
2019-06-27 20:00:00-04:00,75.30,77.00,75.30,76.85,2211800
2019-06-30 20:00:00-04:00,77.76,78.45,76.98,77.55,769400
2019-07-01 20:00:00-04:00,77.60,77.69,75.93,76.41,1011900
2019-07-02 20:00:00-04:00,76.72,76.72,75.89,76.56,420700
2019-07-04 20:00:00-04:00,76.34,76.38,75.03,76.11,654900
2019-07-07 20:00:00-04:00,75.91,76.26,75.01,75.06,1347600
2019-07-08 20:00:00-04:00,74.65,74.65,73.92,74.40,1005700
2019-07-09 20:00:00-04:00,74.55,75.05,73.67,73.86,642600
2019-07-10 20:00:00-04:00,73.83,74.59,73.78,74.56,602800
2019-07-11 20:00:00-04:00,74.66,75.80,74.60,75.80,800500
2019-07-14 20:00:00-04:00,75.85,76.18,75.08,75.26,485800
2019-07-15 20:00:00-04:00,75.09,76.20,75.09,75.91,646500
2019-07-16 20:00:00-04:00,75.90,76.08,74.63,74.70,531600
2019-07-17 20:00:00-04:00,74.58,74.84,73.59,73.93,686800
2019-07-18 20:00:00-04:00,74.36,74.80,73.92,74.30,730200
2019-07-21 20:00:00-04:00,74.30,74.42,73.70,73.81,731000
2019-07-22 20:00:00-04:00,74.11,75.20,73.69,75.14,666800
2019-07-23 20:00:00-04:00,74.75,75.82,74.47,75.65,647200
2019-07-24 20:00:00-04:00,76.16,77.37,74.84,75.04,720300
2019-07-25 20:00:00-04:00,75.02,75.34,74.49,74.86,569700
2019-07-28 20:00:00-04:00,74.83,74.90,74.20,74.32,590900
2019-07-29 20:00:00-04:00,73.70,74.80,73.55,74.53,579700
2019-07-30 20:00:00-04:00,74.39,75.13,73.14,73.77,838900
2019-07-31 20:00:00-04:00,73.11,74.51,71.61,72.41,2006600
2019-08-01 20:00:00-04:00,71.50,71.70,70.44,71.23,966100
2019-08-04 20:00:00-04:00,70.02,70.19,67.89,68.54,872600
2019-08-05 20:00:00-04:00,69.06,69.92,68.71,69.66,991700
2019-08-06 20:00:00-04:00,68.77,70.08,68.12,69.85,819300
2019-08-07 20:00:00-04:00,70.25,71.17,69.92,70.94,880700
2019-08-08 20:00:00-04:00,70.62,71.01,70.10,70.58,782100
2019-08-11 20:00:00-04:00,70.14,70.45,69.40,69.61,720800
2019-08-12 20:00:00-04:00,69.38,71.47,68.92,70.78,458600
2019-08-13 20:00:00-04:00,69.78,69.92,68.74,68.80,686200
2019-08-14 20:00:00-04:00,68.95,69.32,68.40,69.05,674800
2019-08-15 20:00:00-04:00,69.32,70.49,69.26,70.35,494400
2019-08-18 20:00:00-04:00,71.47,71.47,68.40,70.65,467000
2019-08-19 20:00:00-04:00,70.42,70.56,69.72,69.86,513100
2019-08-20 20:00:00-04:00,70.67,70.78,69.69,69.80,434100
2019-08-21 20:00:00-04:00,70.37,70.44,69.40,69.43,536200
2019-08-22 20:00:00-04:00,69.04,69.76,67.39,67.75,1039900
2019-08-25 20:00:00-04:00,68.33,68.36,67.39,68.04,504500
2019-08-26 20:00:00-04:00,68.63,68.75,68.01,68.25,583200
2019-08-27 20:00:00-04:00,68.27,69.24,67.84,69.12,352800
2019-08-28 20:00:00-04:00,70.05,70.97,69.74,70.41,850400
2019-08-29 20:00:00-04:00,71.13,71.32,70.27,70.62,637500
2019-09-02 20:00:00-04:00,69.91,70.28,68.28,68.80,700100
2019-09-03 20:00:00-04:00,69.48,70.04,68.88,69.42,741000
2019-09-04 20:00:00-04:00,70.12,71.96,70.12,71.67,525300
2019-09-05 20:00:00-04:00,72.16,72.97,71.94,72.26,701000
2019-09-08 20:00:00-04:00,72.45,72.45,70.31,71.44,677300
2019-09-09 20:00:00-04:00,71.41,72.22,70.90,72.22,714800
2019-09-10 20:00:00-04:00,72.40,73.09,72.02,73.09,958400
2019-09-11 20:00:00-04:00,73.06,73.23,71.78,71.96,766600
2019-09-12 20:00:00-04:00,72.33,73.16,71.94,72.51,759900
2019-09-15 20:00:00-04:00,72.10,72.30,71.24,71.95,583800
2019-09-16 20:00:00-04:00,71.92,72.32,71.64,72.20,643300
2019-09-17 20:00:00-04:00,71.92,72.31,71.49,72.26,763900
2019-09-18 20:00:00-04:00,72.17,72.92,71.78,71.85,519400
2019-09-19 20:00:00-04:00,72.22,72.40,71.25,71.42,1440500
2019-09-22 20:00:00-04:00,70.99,71.83,70.80,71.47,458100
2019-09-23 20:00:00-04:00,71.87,72.44,70.54,70.85,901000
2019-09-24 20:00:00-04:00,70.80,72.52,70.71,72.41,605000
2019-09-25 20:00:00-04:00,72.51,73.64,72.41,73.12,863100
2019-09-26 20:00:00-04:00,73.68,74.14,73.10,73.86,881900
2019-09-29 20:00:00-04:00,74.05,74.17,73.35,73.39,748000
2019-09-30 20:00:00-04:00,73.82,74.09,70.39,70.82,850600
2019-10-01 20:00:00-04:00,69.78,70.03,68.70,68.77,958700
2019-10-02 20:00:00-04:00,68.47,69.26,67.17,69.24,937900
2019-10-03 20:00:00-04:00,69.33,70.11,69.10,70.03,466700
2019-10-06 20:00:00-04:00,69.74,70.43,69.52,69.66,655800
2019-10-07 20:00:00-04:00,68.79,68.88,67.57,67.68,727700
2019-10-08 20:00:00-04:00,68.44,69.05,67.86,68.74,512200
2019-10-09 20:00:00-04:00,68.74,70.27,68.51,69.53,762200
2019-10-10 20:00:00-04:00,70.54,72.60,70.39,71.56,667400
2019-10-13 20:00:00-04:00,71.28,71.72,70.92,70.98,560600
2019-10-14 20:00:00-04:00,71.33,72.66,71.13,71.92,555700
2019-10-15 20:00:00-04:00,71.66,72.46,71.35,72.06,857200
2019-10-16 20:00:00-04:00,72.49,73.25,72.39,72.64,624300
2019-10-17 20:00:00-04:00,72.69,73.67,72.09,73.54,976700
2019-10-20 20:00:00-04:00,73.98,74.69,73.66,74.67,810800
2019-10-21 20:00:00-04:00,74.51,75.40,74.25,74.91,734700
2019-10-22 20:00:00-04:00,74.90,75.56,74.77,75.22,841100
2019-10-23 20:00:00-04:00,75.49,76.64,74.60,75.57,736300
2019-10-24 20:00:00-04:00,76.01,76.99,75.69,76.78,713800
2019-10-27 20:00:00-04:00,76.97,78.97,76.97,77.46,753300
2019-10-28 20:00:00-04:00,76.91,78.39,76.74,78.14,735700
2019-10-29 20:00:00-04:00,77.62,78.04,76.84,77.70,966700
2019-10-30 20:00:00-04:00,73.95,74.33,70.39,70.89,2106700
2019-10-31 20:00:00-04:00,71.62,73.40,70.70,73.14,2921300
2019-11-03 19:00:00-05:00,73.25,73.52,72.34,72.70,1132800
2019-11-04 19:00:00-05:00,72.60,73.66,72.51,73.65,1297800
2019-11-05 19:00:00-05:00,73.28,73.57,71.39,72.29,962900
2019-11-06 19:00:00-05:00,72.98,73.03,71.24,71.47,794500
2019-11-07 19:00:00-05:00,71.34,72.75,71.20,71.48,960000
2019-11-10 19:00:00-05:00,70.78,70.99,69.55,70.08,913600
2019-11-11 19:00:00-05:00,70.05,71.48,69.99,70.84,904900
2019-11-12 19:00:00-05:00,70.79,70.81,69.67,70.04,905100
2019-11-13 19:00:00-05:00,70.26,71.35,70.04,70.72,874800
2019-11-14 19:00:00-05:00,71.32,72.25,71.18,71.69,809700
2019-11-17 19:00:00-05:00,71.45,71.88,71.16,71.46,702800
2019-11-18 19:00:00-05:00,71.73,72.12,71.09,72.10,880700
2019-11-19 19:00:00-05:00,71.75,72.11,70.92,71.61,999700
2019-11-20 19:00:00-05:00,71.74,72.06,71.35,71.57,718300
2019-11-21 19:00:00-05:00,72.06,72.15,70.87,71.08,1082300
2019-11-24 19:00:00-05:00,71.22,71.26,70.67,70.80,1313500
2019-11-25 19:00:00-05:00,70.73,71.38,70.47,71.32,2154500
2019-11-26 19:00:00-05:00,71.50,71.84,71.17,71.74,794700
2019-11-28 19:00:00-05:00,71.54,72.04,71.34,71.65,624200
2019-12-01 19:00:00-05:00,71.60,72.74,70.76,70.76,920100
2019-12-02 19:00:00-05:00,69.91,70.20,69.37,69.83,800000
2019-12-03 19:00:00-05:00,70.25,71.53,69.59,69.68,1023400
2019-12-04 19:00:00-05:00,68.40,69.27,68.29,69.24,1273200
2019-12-05 19:00:00-05:00,70.32,70.87,69.55,69.62,981300
2019-12-08 19:00:00-05:00,69.28,69.75,68.67,69.70,1082000
2019-12-09 19:00:00-05:00,70.96,71.10,69.68,70.08,911400
2019-12-10 19:00:00-05:00,70.25,71.05,69.93,71.02,665600
2019-12-11 19:00:00-05:00,71.06,72.05,70.68,71.79,760900
2019-12-12 19:00:00-05:00,71.50,72.41,71.27,71.84,738300
2019-12-15 19:00:00-05:00,72.45,72.73,71.31,71.44,664900
2019-12-16 19:00:00-05:00,71.69,72.53,71.20,72.08,942200
2019-12-17 19:00:00-05:00,72.19,72.49,71.78,72.02,921500
2019-12-18 19:00:00-05:00,72.11,72.24,70.96,71.72,830100
2019-12-19 19:00:00-05:00,72.91,73.03,71.75,72.67,1969200
2019-12-22 19:00:00-05:00,72.88,73.00,72.18,72.98,663600
2019-12-23 19:00:00-05:00,73.03,73.45,72.51,72.69,184600
2019-12-25 19:00:00-05:00,72.69,73.03,72.06,72.66,427500
2019-12-26 19:00:00-05:00,72.91,73.15,72.63,72.88,346700
2019-12-29 19:00:00-05:00,72.92,73.22,72.68,72.79,523800
2019-12-30 19:00:00-05:00,72.91,73.14,72.32,72.83,492000
2020-01-01 19:00:00-05:00,73.17,73.90,72.80,73.81,869500
2020-01-02 19:00:00-05:00,73.05,74.27,72.75,74.25,795100
2020-01-05 19:00:00-05:00,73.82,73.89,72.94,73.77,817300
2020-01-06 19:00:00-05:00,73.87,73.87,73.04,73.49,662200
2020-01-07 19:00:00-05:00,73.64,74.28,73.20,73.74,1083200
2020-01-08 19:00:00-05:00,73.97,74.49,73.64,74.07,797500
2020-01-09 19:00:00-05:00,74.18,74.81,73.62,73.89,1361200
2020-01-12 19:00:00-05:00,74.16,75.16,74.03,75.13,1264800
2020-01-13 19:00:00-05:00,75.07,75.81,74.88,75.22,1372400
2020-01-14 19:00:00-05:00,75.07,76.33,74.94,76.21,1109300
2020-01-15 19:00:00-05:00,76.73,77.05,76.26,76.87,1117900
2020-01-16 19:00:00-05:00,77.16,77.61,76.76,77.15,1203300
2020-01-20 19:00:00-05:00,76.72,76.88,75.98,76.17,1156500
2020-01-21 19:00:00-05:00,76.61,76.79,75.88,75.99,844700
2020-01-22 19:00:00-05:00,75.59,76.18,75.18,76.13,1422000
2020-01-23 19:00:00-05:00,76.23,76.70,75.11,75.32,1086300
2020-01-26 19:00:00-05:00,73.95,74.77,73.65,74.15,879800
2020-01-27 19:00:00-05:00,74.49,75.50,74.00,75.12,767400
2020-01-28 19:00:00-05:00,75.72,77.39,75.31,76.88,1310400
2020-01-29 19:00:00-05:00,75.95,77.42,75.88,77.33,908800
2020-01-30 19:00:00-05:00,76.94,77.06,75.40,75.48,1553200
2020-02-02 19:00:00-05:00,76.25,78.07,76.07,77.04,1259300
2020-02-03 19:00:00-05:00,78.57,80.00,78.20,79.97,1380900
2020-02-04 19:00:00-05:00,80.79,81.07,79.73,80.98,1803700
2020-02-05 19:00:00-05:00,74.87,77.01,74.69,76.83,3458025
2020-02-06 19:00:00-05:00,77.06,78.49,76.84,77.83,2496800
2020-02-09 19:00:00-05:00,77.65,79.65,77.50,79.24,1249300
2020-02-10 19:00:00-05:00,79.85,80.84,79.37,80.64,1508400
2020-02-11 19:00:00-05:00,81.21,82.58,80.18,82.39,1462800
2020-02-12 19:00:00-05:00,81.79,82.13,80.30,80.47,2098600
2020-02-13 19:00:00-05:00,80.65,81.83,80.41,81.47,1605600
2020-02-17 19:00:00-05:00,81.35,81.70,80.78,81.39,1310300
2020-02-18 19:00:00-05:00,81.67,81.98,80.99,81.31,1068700
2020-02-19 19:00:00-05:00,81.01,82.41,80.66,81.96,1298400
2020-02-20 19:00:00-05:00,81.41,81.95,80.77,81.83,1010600
2020-02-23 19:00:00-05:00,79.27,80.50,79.12,79.89,1249400
2020-02-24 19:00:00-05:00,80.42,80.66,77.52,77.95,1421900
2020-02-25 19:00:00-05:00,78.78,79.57,77.69,77.82,1344600
2020-02-26 19:00:00-05:00,76.47,77.89,74.79,74.79,1711600
2020-02-27 19:00:00-05:00,72.13,73.16,70.04,71.71,2786700
2020-03-01 19:00:00-05:00,72.28,76.42,71.86,76.30,2012100
2020-03-02 19:00:00-05:00,76.09,78.15,73.94,74.07,1490400
2020-03-03 19:00:00-05:00,75.69,79.45,75.02,79.11,1921100
2020-03-04 19:00:00-05:00,76.31,77.95,75.85,76.46,1495700
2020-03-05 19:00:00-05:00,74.61,75.51,73.11,75.31,1610100
2020-03-08 20:00:00-04:00,70.17,72.48,68.22,70.41,1944900
2020-03-09 20:00:00-04:00,68.00,71.21,66.64,71.20,2743100
2020-03-10 20:00:00-04:00,69.08,70.41,66.88,67.91,1742200
2020-03-11 20:00:00-04:00,63.51,63.97,56.56,60.10,1955000
2020-03-12 20:00:00-04:00,63.07,66.96,59.34,66.87,1517600
2020-03-15 20:00:00-04:00,58.22,62.09,58.22,60.32,1706400
2020-03-16 20:00:00-04:00,61.86,66.62,59.78,66.59,1879800
2020-03-17 20:00:00-04:00,61.64,64.16,56.44,60.72,2197100
2020-03-18 20:00:00-04:00,60.07,60.59,56.94,59.77,1524500
2020-03-19 20:00:00-04:00,59.90,60.31,54.95,55.53,1884200
2020-03-22 20:00:00-04:00,54.88,55.88,50.65,52.52,1578400
2020-03-23 20:00:00-04:00,54.38,57.71,54.02,57.49,1954900
2020-03-24 20:00:00-04:00,56.96,61.35,55.67,59.21,1722300
2020-03-25 20:00:00-04:00,59.92,63.58,59.00,63.06,1412500
2020-03-26 20:00:00-04:00,58.51,62.55,57.60,60.73,1059500
2020-03-29 20:00:00-04:00,62.11,63.27,60.69,61.42,1323400
2020-03-30 20:00:00-04:00,60.50,61.53,58.43,60.39,1841100
2020-03-31 20:00:00-04:00,57.46,60.14,53.55,55.42,1881700
2020-04-01 20:00:00-04:00,54.87,59.44,54.87,58.79,2030600
2020-04-02 20:00:00-04:00,58.53,60.65,55.33,56.10,1842700
2020-04-05 20:00:00-04:00,58.78,60.89,58.07,60.45,1802800
2020-04-06 20:00:00-04:00,62.41,62.93,60.49,61.37,1361600
2020-04-07 20:00:00-04:00,60.64,64.68,60.27,64.06,1295600
2020-04-08 20:00:00-04:00,64.61,65.36,63.74,64.29,1350000
2020-04-12 20:00:00-04:00,63.86,64.29,62.03,63.23,779000
2020-04-13 20:00:00-04:00,64.75,65.90,64.26,65.28,1140200
2020-04-14 20:00:00-04:00,63.54,64.03,61.40,62.24,1175400
2020-04-15 20:00:00-04:00,61.90,62.38,60.51,61.74,1442500
2020-04-16 20:00:00-04:00,63.73,64.99,63.38,64.53,1856900
2020-04-19 20:00:00-04:00,63.37,65.18,62.93,64.22,1122900
2020-04-20 20:00:00-04:00,62.63,63.90,62.22,63.13,939800
2020-04-21 20:00:00-04:00,64.65,65.14,63.31,64.15,1067100
2020-04-22 20:00:00-04:00,64.52,65.44,62.95,63.05,1288900
2020-04-23 20:00:00-04:00,63.44,63.80,62.25,63.53,1346400
2020-04-26 20:00:00-04:00,64.05,66.30,63.75,65.62,1143200
2020-04-27 20:00:00-04:00,66.77,68.49,66.30,68.11,1102800
2020-04-28 20:00:00-04:00,69.46,69.94,67.95,68.42,1613800
2020-04-29 20:00:00-04:00,67.49,67.74,66.20,66.67,1213500
2020-04-30 20:00:00-04:00,65.72,66.01,63.67,64.25,926200
2020-05-03 20:00:00-04:00,63.71,64.03,62.89,63.56,1106700
2020-05-04 20:00:00-04:00,59.68,60.97,58.42,60.32,2797600
2020-05-05 20:00:00-04:00,60.40,61.10,58.46,58.47,1760200
2020-05-06 20:00:00-04:00,59.41,60.44,58.81,58.93,1570500
2020-05-07 20:00:00-04:00,60.07,60.67,58.21,58.42,1320000
2020-05-10 20:00:00-04:00,57.75,58.44,56.07,57.98,1357300
2020-05-11 20:00:00-04:00,58.25,58.63,54.77,54.77,1199700
2020-05-12 20:00:00-04:00,54.63,54.85,53.00,53.97,1387400
2020-05-13 20:00:00-04:00,53.20,54.74,52.51,54.66,1627700
2020-05-14 20:00:00-04:00,54.34,55.37,53.60,53.96,985200
2020-05-17 20:00:00-04:00,55.74,57.91,55.49,57.51,1052500
2020-05-18 20:00:00-04:00,57.15,57.76,56.11,56.16,1113400
2020-05-19 20:00:00-04:00,56.99,58.30,56.87,57.56,806400
2020-05-20 20:00:00-04:00,57.23,58.37,57.23,57.46,870300
2020-05-21 20:00:00-04:00,57.41,57.72,57.02,57.69,735600
2020-05-25 20:00:00-04:00,59.45,61.08,59.04,60.50,1510400
2020-05-26 20:00:00-04:00,62.07,64.55,61.63,64.10,2397400
2020-05-27 20:00:00-04:00,64.48,64.64,62.84,63.45,1306200
2020-05-28 20:00:00-04:00,62.77,63.14,60.84,61.76,1624600
2020-05-31 20:00:00-04:00,61.76,62.31,61.43,61.44,824200
2020-06-01 20:00:00-04:00,62.09,63.62,61.68,63.21,1187700
2020-06-02 20:00:00-04:00,64.14,65.71,63.68,65.24,989400
2020-06-03 20:00:00-04:00,64.60,65.52,63.87,65.52,1051000
2020-06-04 20:00:00-04:00,68.01,68.82,66.85,67.73,1188600
2020-06-07 20:00:00-04:00,67.37,68.43,66.86,67.31,874400
2020-06-08 20:00:00-04:00,65.93,66.08,64.79,65.42,1174600
2020-06-09 20:00:00-04:00,65.18,65.34,63.17,63.78,1184200
2020-06-10 20:00:00-04:00,61.63,61.63,59.27,59.39,2020800
2020-06-11 20:00:00-04:00,61.06,61.53,58.06,59.73,1607500
2020-06-14 20:00:00-04:00,57.91,60.57,57.61,60.06,1443300
2020-06-15 20:00:00-04:00,62.85,63.60,61.54,62.28,1422300
2020-06-16 20:00:00-04:00,62.55,63.18,62.08,62.44,952300
2020-06-17 20:00:00-04:00,61.75,62.24,61.12,61.82,970300
2020-06-18 20:00:00-04:00,63.04,63.27,60.74,60.78,2111300
2020-06-21 20:00:00-04:00,60.47,61.18,59.27,60.82,1214000
2020-06-22 20:00:00-04:00,61.51,61.63,59.78,59.81,1318200
2020-06-23 20:00:00-04:00,59.23,59.38,57.70,58.14,1979600
2020-06-24 20:00:00-04:00,57.72,57.92,56.71,57.87,1797700
2020-06-25 20:00:00-04:00,57.80,58.82,57.44,58.80,3458025
2020-06-28 20:00:00-04:00,59.28,59.97,58.71,59.82,1007200
2020-06-29 20:00:00-04:00,59.53,60.83,59.51,60.47,1183900
2020-06-30 20:00:00-04:00,60.54,60.75,59.24,59.25,873600
2020-07-01 20:00:00-04:00,60.17,61.62,60.00,60.90,1294500
2020-07-05 20:00:00-04:00,62.21,62.87,61.90,62.51,1171300
2020-07-06 20:00:00-04:00,61.83,62.94,61.34,61.53,1056200
2020-07-07 20:00:00-04:00,61.42,61.98,60.61,61.20,1003200
2020-07-08 20:00:00-04:00,60.96,62.30,60.36,61.93,1336300
2020-07-09 20:00:00-04:00,62.05,62.49,61.34,61.92,1301500
2020-07-12 20:00:00-04:00,62.46,63.79,62.04,62.69,1019900
2020-07-13 20:00:00-04:00,65.85,68.33,64.50,68.27,2442100
2020-07-14 20:00:00-04:00,69.19,70.18,68.59,69.80,1843800
2020-07-15 20:00:00-04:00,69.67,71.96,69.30,69.59,1704100
2020-07-16 20:00:00-04:00,69.91,69.91,68.91,69.12,1042700
2020-07-19 20:00:00-04:00,69.11,69.48,68.63,69.05,748400
2020-07-20 20:00:00-04:00,69.11,70.26,69.03,69.29,960000
2020-07-21 20:00:00-04:00,69.49,70.25,69.18,69.28,780100
2020-07-22 20:00:00-04:00,69.38,70.53,68.99,69.46,872600
2020-07-23 20:00:00-04:00,68.77,69.83,68.77,69.12,998600
2020-07-26 20:00:00-04:00,69.11,70.16,68.77,70.06,935800
2020-07-27 20:00:00-04:00,69.92,70.30,69.00,69.21,774700
2020-07-28 20:00:00-04:00,69.75,72.02,69.69,71.84,1196500
2020-07-29 20:00:00-04:00,71.02,71.69,68.15,69.51,1304800
2020-07-30 20:00:00-04:00,68.98,69.56,66.91,67.94,1392000
2020-08-02 20:00:00-04:00,68.28,68.97,67.65,68.54,858900
2020-08-03 20:00:00-04:00,68.55,68.80,67.56,68.69,696400
2020-08-04 20:00:00-04:00,68.90,70.91,68.90,70.78,953800
2020-08-05 20:00:00-04:00,70.54,71.09,69.90,70.56,731000
2020-08-06 20:00:00-04:00,70.49,71.82,70.29,71.82,864800
2020-08-09 20:00:00-04:00,72.19,73.77,71.96,73.54,959200
2020-08-10 20:00:00-04:00,74.64,75.81,74.23,74.75,942400
2020-08-11 20:00:00-04:00,75.36,75.84,74.36,74.57,887100
2020-08-12 20:00:00-04:00,74.04,74.48,73.74,73.99,510800
2020-08-13 20:00:00-04:00,73.33,74.52,73.33,74.12,406100
2020-08-16 20:00:00-04:00,74.09,74.38,73.41,73.75,459000
2020-08-17 20:00:00-04:00,73.73,74.39,73.41,73.85,464600
2020-08-18 20:00:00-04:00,73.87,74.76,73.58,73.90,555600
2020-08-19 20:00:00-04:00,73.21,74.05,73.00,73.90,590400
2020-08-20 20:00:00-04:00,74.01,74.37,73.40,73.92,536800
2020-08-23 20:00:00-04:00,74.08,75.80,73.98,75.78,635300
2020-08-24 20:00:00-04:00,76.01,76.28,74.71,75.35,680000
2020-08-25 20:00:00-04:00,75.13,75.86,75.01,75.37,531000
2020-08-26 20:00:00-04:00,75.62,76.33,75.12,75.85,578700
2020-08-27 20:00:00-04:00,75.99,76.64,75.24,76.56,484900
2020-08-30 20:00:00-04:00,76.56,76.57,74.81,74.88,890800
2020-08-31 20:00:00-04:00,75.07,76.39,74.45,76.33,633500
2020-09-01 20:00:00-04:00,76.53,78.07,76.13,77.69,912900
2020-09-02 20:00:00-04:00,78.06,78.38,75.54,76.27,954000
2020-09-03 20:00:00-04:00,77.27,77.59,75.90,76.46,891700
2020-09-07 20:00:00-04:00,76.14,77.05,74.76,75.98,827200
2020-09-08 20:00:00-04:00,76.59,78.89,76.33,77.90,800900
2020-09-09 20:00:00-04:00,77.98,78.32,76.35,76.60,854300
2020-09-10 20:00:00-04:00,77.13,79.26,76.65,78.96,781600
2020-09-13 20:00:00-04:00,79.45,79.71,77.97,78.65,1155100
2020-09-14 20:00:00-04:00,78.92,79.95,78.52,78.83,792200
2020-09-15 20:00:00-04:00,79.01,81.85,78.34,79.58,1228000
2020-09-16 20:00:00-04:00,78.72,80.57,77.82,80.18,1071700
2020-09-17 20:00:00-04:00,80.17,81.50,79.78,79.94,1915200
2020-09-20 20:00:00-04:00,78.19,78.45,76.87,77.95,1420700
2020-09-21 20:00:00-04:00,77.71,78.54,77.26,78.39,1069400
2020-09-22 20:00:00-04:00,78.40,78.96,76.90,76.99,915900
2020-09-23 20:00:00-04:00,76.83,77.72,76.05,76.77,1038800
2020-09-24 20:00:00-04:00,76.29,77.78,75.79,77.57,850700
2020-09-27 20:00:00-04:00,78.65,79.36,78.13,78.32,806800
2020-09-28 20:00:00-04:00,78.82,78.82,77.80,78.24,885600
2020-09-29 20:00:00-04:00,78.34,79.53,77.91,78.56,879900
2020-09-30 20:00:00-04:00,78.92,79.37,76.50,77.11,699000
2020-10-01 20:00:00-04:00,75.60,79.40,75.60,78.85,611400
2020-10-04 20:00:00-04:00,79.51,80.80,79.39,80.62,424700
2020-10-05 20:00:00-04:00,81.48,82.75,80.24,80.80,598900
2020-10-06 20:00:00-04:00,81.49,82.95,81.37,82.37,600500
2020-10-07 20:00:00-04:00,83.19,83.93,82.24,83.90,560700
2020-10-08 20:00:00-04:00,84.57,85.24,83.88,84.61,722100
2020-10-11 20:00:00-04:00,84.98,87.00,84.82,85.80,775300
2020-10-12 20:00:00-04:00,85.47,86.21,83.75,83.95,768700
2020-10-13 20:00:00-04:00,84.37,85.47,84.02,84.82,776900
2020-10-14 20:00:00-04:00,83.99,85.43,83.53,84.96,532100
2020-10-15 20:00:00-04:00,85.10,86.54,84.71,85.47,1506300
2020-10-18 20:00:00-04:00,85.04,85.54,83.96,84.45,779700
2020-10-19 20:00:00-04:00,85.18,86.28,84.61,85.44,778800
2020-10-20 20:00:00-04:00,85.44,86.20,84.51,84.77,883700
2020-10-21 20:00:00-04:00,85.11,85.60,84.44,84.86,1261300
2020-10-22 20:00:00-04:00,85.54,85.73,84.51,85.54,731800
2020-10-25 20:00:00-04:00,84.32,84.83,83.13,84.12,486400
2020-10-26 20:00:00-04:00,83.83,84.34,82.78,83.18,736400
2020-10-27 20:00:00-04:00,81.66,82.64,81.12,81.58,950600
2020-10-28 20:00:00-04:00,81.35,82.65,78.58,81.12,1265800
2020-10-29 20:00:00-04:00,81.29,82.20,79.98,81.38,851700
2020-11-01 19:00:00-05:00,82.97,84.28,81.88,82.74,1017800
2020-11-02 19:00:00-05:00,83.54,85.94,83.54,85.56,973100
2020-11-03 19:00:00-05:00,84.69,85.21,80.15,81.28,1044000
2020-11-04 19:00:00-05:00,83.35,85.77,82.34,85.06,1063100
2020-11-05 19:00:00-05:00,84.93,86.03,84.81,85.31,518800
2020-11-08 19:00:00-05:00,91.82,92.78,87.51,87.60,1053000
2020-11-09 19:00:00-05:00,88.17,90.36,88.07,89.08,1016800
2020-11-10 19:00:00-05:00,89.81,90.23,87.21,87.85,936000
2020-11-11 19:00:00-05:00,87.38,87.69,85.58,86.50,546300
2020-11-12 19:00:00-05:00,86.65,89.19,86.65,88.97,640700
2020-11-15 19:00:00-05:00,90.47,91.64,89.38,91.22,1000900
2020-11-16 19:00:00-05:00,90.69,90.92,88.99,89.87,730900
2020-11-17 19:00:00-05:00,89.94,90.37,88.67,88.96,636100
2020-11-18 19:00:00-05:00,88.80,89.16,87.67,88.39,774600
2020-11-19 19:00:00-05:00,88.57,89.37,87.72,88.40,637900
2020-11-22 19:00:00-05:00,89.31,89.81,88.04,88.70,540700
2020-11-23 19:00:00-05:00,90.04,92.34,89.73,91.34,1151100
2020-11-24 19:00:00-05:00,91.25,91.51,90.07,90.56,900800
2020-11-26 19:00:00-05:00,91.19,91.94,90.41,90.98,453300
2020-11-29 19:00:00-05:00,90.68,90.96,89.03,89.89,1498800
2020-11-30 19:00:00-05:00,91.34,92.02,90.82,90.92,1026100
2020-12-01 19:00:00-05:00,90.13,90.66,89.11,90.04,737100
2020-12-02 19:00:00-05:00,90.37,91.76,90.19,90.62,1314300
2020-12-03 19:00:00-05:00,91.39,93.09,91.30,92.17,886200
2020-12-06 19:00:00-05:00,92.40,92.71,91.23,91.97,868700
2020-12-07 19:00:00-05:00,91.53,93.03,91.38,92.38,813800
2020-12-08 19:00:00-05:00,92.70,93.12,91.53,92.28,1111000
2020-12-09 19:00:00-05:00,91.63,92.35,90.83,91.98,706900
2020-12-10 19:00:00-05:00,91.23,92.52,91.15,92.24,730800
2020-12-13 19:00:00-05:00,92.97,93.23,90.91,90.98,682400
2020-12-14 19:00:00-05:00,91.29,93.65,91.03,93.44,881900
2020-12-15 19:00:00-05:00,93.66,94.01,92.22,92.74,891800
2020-12-16 19:00:00-05:00,93.25,93.93,92.45,93.43,964800
2020-12-17 19:00:00-05:00,93.51,94.26,92.53,93.71,1774600
2020-12-20 19:00:00-05:00,92.07,94.85,91.44,94.33,1023700
2020-12-21 19:00:00-05:00,94.18,94.18,92.11,93.10,1060300
2020-12-22 19:00:00-05:00,94.16,94.36,93.08,93.41,593300
2020-12-23 19:00:00-05:00,93.95,94.11,93.01,93.89,249700
2020-12-27 19:00:00-05:00,95.01,95.17,93.68,94.01,408600
2020-12-28 19:00:00-05:00,94.77,95.19,92.78,93.20,501900
2020-12-29 19:00:00-05:00,93.61,94.74,93.33,94.39,418200
2020-12-30 19:00:00-05:00,94.39,95.41,94.14,95.34,504200
2021-01-03 19:00:00-05:00,95.56,95.80,91.97,93.37,814700
2021-01-04 19:00:00-05:00,93.42,95.00,93.00,93.26,1005200
2021-01-05 19:00:00-05:00,94.83,98.02,94.42,97.19,1015300
2021-01-06 19:00:00-05:00,98.92,101.79,97.87,101.60,1539300
2021-01-07 19:00:00-05:00,99.16,101.94,97.89,100.57,1632200
2021-01-10 19:00:00-05:00,99.79,100.59,98.45,99.30,1285100
2021-01-11 19:00:00-05:00,99.50,100.80,98.41,99.12,1292100
2021-01-12 19:00:00-05:00,99.48,99.48,97.66,98.54,1132800
2021-01-13 19:00:00-05:00,99.19,99.65,97.98,98.84,916500
2021-01-14 19:00:00-05:00,98.14,98.29,95.72,96.94,1060200
2021-01-18 19:00:00-05:00,97.98,98.74,96.79,97.65,1247500
2021-01-19 19:00:00-05:00,98.45,98.61,96.86,97.41,759200
2021-01-20 19:00:00-05:00,97.41,97.98,95.93,96.60,1182300
2021-01-21 19:00:00-05:00,96.22,96.70,95.69,96.10,1248400
2021-01-24 19:00:00-05:00,95.95,97.47,94.01,94.60,1247800
2021-01-25 19:00:00-05:00,95.02,95.32,92.93,92.94,1138000
2021-01-26 19:00:00-05:00,92.02,92.91,90.48,91.74,1233100
2021-01-27 19:00:00-05:00,92.97,93.96,92.70,92.81,1357900
2021-01-28 19:00:00-05:00,92.15,92.58,89.95,90.47,996300
2021-01-31 19:00:00-05:00,91.58,91.71,89.64,90.98,1135400
2021-02-01 19:00:00-05:00,92.15,92.86,90.56,91.02,1272900
2021-02-02 19:00:00-05:00,90.85,91.22,88.81,89.09,2544400
2021-02-03 19:00:00-05:00,91.50,93.26,89.02,91.01,2677900
2021-02-04 19:00:00-05:00,90.79,92.40,90.12,91.96,1226000
2021-02-07 19:00:00-05:00,92.18,94.91,92.17,94.56,1228600
2021-02-08 19:00:00-05:00,94.65,95.07,93.24,94.77,1125100
2021-02-09 19:00:00-05:00,95.71,95.74,93.76,94.73,1015000
2021-02-10 19:00:00-05:00,95.18,95.51,91.84,92.67,1573700
2021-02-11 19:00:00-05:00,91.79,93.09,90.46,92.84,1508800
2021-02-15 19:00:00-05:00,93.05,94.47,92.56,92.70,1468300
2021-02-16 19:00:00-05:00,92.41,92.98,91.53,92.23,867600
2021-02-17 19:00:00-05:00,91.91,92.05,88.88,90.92,1143600
2021-02-18 19:00:00-05:00,91.60,93.88,91.20,93.68,981200
2021-02-21 19:00:00-05:00,93.07,94.11,92.90,93.44,932700
2021-02-22 19:00:00-05:00,93.84,93.84,91.54,92.85,833400
2021-02-23 19:00:00-05:00,93.15,95.55,91.97,94.95,793900
2021-02-24 19:00:00-05:00,94.84,96.19,93.55,93.93,1022100
2021-02-25 19:00:00-05:00,93.88,94.83,93.48,93.51,1392400
2021-02-28 19:00:00-05:00,94.50,97.16,94.50,96.02,855500
2021-03-01 19:00:00-05:00,95.97,96.49,95.21,95.77,873100
2021-03-02 19:00:00-05:00,95.97,96.66,94.95,95.00,928000
2021-03-03 19:00:00-05:00,94.77,95.09,91.16,92.52,899700
2021-03-04 19:00:00-05:00,93.48,94.46,90.82,94.15,1044400
2021-03-07 19:00:00-05:00,94.35,96.57,94.07,94.79,689800
2021-03-08 19:00:00-05:00,94.92,96.23,93.88,93.94,906700
2021-03-09 19:00:00-05:00,94.37,95.02,93.43,94.87,1011800
2021-03-10 19:00:00-05:00,94.86,96.08,94.44,94.92,707300
2021-03-11 19:00:00-05:00,95.44,95.80,94.63,95.68,573800
2021-03-14 20:00:00-04:00,95.95,97.84,95.18,97.74,856800
2021-03-15 20:00:00-04:00,97.46,97.96,95.79,96.33,762900
2021-03-16 20:00:00-04:00,96.97,98.41,96.21,98.03,878900
2021-03-17 20:00:00-04:00,97.54,99.94,97.54,97.84,1271900
2021-03-18 20:00:00-04:00,97.50,98.48,96.92,97.69,2013100
2021-03-21 20:00:00-04:00,97.27,97.54,95.01,96.21,1131000
2021-03-22 20:00:00-04:00,95.23,96.03,93.79,94.30,1037000
2021-03-23 20:00:00-04:00,95.08,96.93,94.88,94.97,1091800
2021-03-24 20:00:00-04:00,95.00,96.19,93.14,95.74,1070700
2021-03-25 20:00:00-04:00,96.56,98.48,95.96,98.40,790900
2021-03-28 20:00:00-04:00,98.06,98.67,97.09,97.94,808900
2021-03-29 20:00:00-04:00,98.12,98.69,97.24,98.51,773800
2021-03-30 20:00:00-04:00,99.09,99.58,97.24,98.79,1061000
2021-03-31 20:00:00-04:00,99.68,100.13,97.80,98.28,754600
2021-04-04 20:00:00-04:00,98.81,100.12,98.77,99.96,828000
2021-04-05 20:00:00-04:00,100.16,101.42,99.61,100.04,752500
2021-04-06 20:00:00-04:00,99.59,100.02,98.82,99.51,651300
2021-04-07 20:00:00-04:00,99.16,99.80,98.57,99.31,554600
2021-04-08 20:00:00-04:00,99.95,101.44,99.69,101.44,778500
2021-04-11 20:00:00-04:00,101.44,101.90,101.03,101.83,489000
2021-04-12 20:00:00-04:00,101.66,101.78,100.19,100.60,494400
2021-04-13 20:00:00-04:00,100.50,101.60,100.47,101.25,444900
2021-04-14 20:00:00-04:00,101.37,101.72,100.52,101.48,684400
2021-04-15 20:00:00-04:00,102.59,103.01,101.45,102.01,756800
2021-04-18 20:00:00-04:00,102.35,102.36,101.21,101.64,532000
2021-04-19 20:00:00-04:00,101.63,102.16,100.03,101.05,548300
2021-04-20 20:00:00-04:00,101.09,102.83,101.05,102.83,591800
2021-04-21 20:00:00-04:00,103.32,103.99,102.41,102.45,509200
2021-04-22 20:00:00-04:00,102.99,104.15,102.61,103.77,468800
2021-04-25 20:00:00-04:00,104.26,105.19,103.58,103.73,510300
2021-04-26 20:00:00-04:00,103.65,104.71,103.22,104.60,542900
2021-04-27 20:00:00-04:00,104.79,105.31,104.31,104.50,465700
2021-04-28 20:00:00-04:00,105.20,105.80,104.38,105.45,544900
2021-04-29 20:00:00-04:00,104.72,105.13,103.61,103.93,773400
2021-05-02 20:00:00-04:00,104.74,105.33,103.71,104.82,879400
2021-05-03 20:00:00-04:00,105.83,109.25,104.54,108.91,1302500
2021-05-04 20:00:00-04:00,110.02,110.53,107.93,110.23,887600
2021-05-05 20:00:00-04:00,110.45,111.66,109.75,111.54,809100
2021-05-06 20:00:00-04:00,111.37,112.34,110.59,112.09,766000
2021-05-09 20:00:00-04:00,112.82,113.65,112.26,112.52,641300
2021-05-10 20:00:00-04:00,111.44,111.72,109.66,110.49,852500
2021-05-11 20:00:00-04:00,109.99,110.36,105.76,106.12,897600
2021-05-12 20:00:00-04:00,106.24,109.37,106.21,108.81,570200
2021-05-13 20:00:00-04:00,109.68,111.60,109.29,111.21,510300
2021-05-16 20:00:00-04:00,110.51,111.26,109.50,110.40,424100
2021-05-17 20:00:00-04:00,110.21,110.49,108.01,108.15,589900
2021-05-18 20:00:00-04:00,106.71,106.73,105.22,106.31,1164800
2021-05-19 20:00:00-04:00,106.85,107.17,106.17,106.90,901100
2021-05-20 20:00:00-04:00,107.49,108.79,107.49,108.46,696400
2021-05-23 20:00:00-04:00,109.28,109.30,107.98,108.86,600700
2021-05-24 20:00:00-04:00,109.18,110.60,108.92,109.68,763400
2021-05-25 20:00:00-04:00,109.71,110.11,109.26,110.03,543400
2021-05-26 20:00:00-04:00,111.44,111.67,110.33,110.72,833400
2021-05-27 20:00:00-04:00,110.83,111.48,110.50,111.21,515400
2021-05-31 20:00:00-04:00,112.38,112.86,111.96,112.30,666000
2021-06-01 20:00:00-04:00,112.26,112.42,111.36,111.82,537000
2021-06-02 20:00:00-04:00,111.20,111.61,110.51,111.57,759300
2021-06-03 20:00:00-04:00,112.04,112.55,111.71,112.27,599000
2021-06-06 20:00:00-04:00,112.35,112.54,111.45,112.04,633400
2021-06-07 20:00:00-04:00,111.88,113.02,110.88,112.76,527200
2021-06-08 20:00:00-04:00,112.46,112.46,111.35,111.52,670800
2021-06-09 20:00:00-04:00,112.25,112.45,111.15,111.32,731900
2021-06-10 20:00:00-04:00,111.88,112.12,110.29,111.25,759400
2021-06-13 20:00:00-04:00,111.00,111.20,109.18,110.41,649500
2021-06-14 20:00:00-04:00,110.49,111.30,109.67,111.18,745600
2021-06-15 20:00:00-04:00,110.86,111.19,108.58,108.74,1010300
2021-06-16 20:00:00-04:00,108.84,109.27,105.88,107.28,1074800
2021-06-17 20:00:00-04:00,105.97,107.55,105.61,106.79,2234100
2021-06-20 20:00:00-04:00,108.03,110.06,108.03,109.53,725400
2021-06-21 20:00:00-04:00,109.50,110.11,108.80,109.57,731300
2021-06-22 20:00:00-04:00,110.16,110.40,109.07,109.28,668000
2021-06-23 20:00:00-04:00,109.78,110.61,108.86,110.08,648900
2021-06-24 20:00:00-04:00,110.56,111.00,109.62,110.02,3223900
2021-06-27 20:00:00-04:00,110.27,112.54,109.45,112.23,917100
2021-06-28 20:00:00-04:00,112.63,113.30,112.08,112.27,712800
2021-06-29 20:00:00-04:00,111.87,113.19,111.65,112.94,734300
2021-06-30 20:00:00-04:00,113.92,114.42,112.75,113.11,499000
2021-07-01 20:00:00-04:00,113.37,114.39,112.93,113.82,492900
2021-07-05 20:00:00-04:00,114.02,114.13,111.97,113.42,963300
2021-07-06 20:00:00-04:00,113.49,114.21,112.83,113.61,1637400
2021-07-07 20:00:00-04:00,112.16,112.61,111.00,112.22,856600
2021-07-08 20:00:00-04:00,113.23,114.25,113.23,113.97,649500
2021-07-11 20:00:00-04:00,113.28,114.60,113.02,114.53,642100
2021-07-12 20:00:00-04:00,114.62,114.84,113.33,113.71,807200
2021-07-13 20:00:00-04:00,113.92,114.73,113.03,113.93,752700
2021-07-14 20:00:00-04:00,113.12,114.54,111.90,112.99,842300
2021-07-15 20:00:00-04:00,113.73,114.52,111.81,112.38,842100
2021-07-18 20:00:00-04:00,111.00,111.31,109.17,110.37,917000
2021-07-19 20:00:00-04:00,111.02,114.66,110.87,114.42,1113300
2021-07-20 20:00:00-04:00,114.83,115.67,114.56,115.27,602500
2021-07-21 20:00:00-04:00,115.49,115.49,114.54,114.87,414500
2021-07-22 20:00:00-04:00,115.90,116.31,115.19,116.05,548400
2021-07-25 20:00:00-04:00,116.04,116.97,115.74,116.82,710100
2021-07-26 20:00:00-04:00,116.26,117.48,115.46,116.70,581300
2021-07-27 20:00:00-04:00,116.78,117.08,114.71,115.74,856200
2021-07-28 20:00:00-04:00,116.92,118.04,116.48,117.75,478700
2021-07-29 20:00:00-04:00,117.62,118.66,117.16,118.49,678200
2021-08-01 20:00:00-04:00,119.26,120.36,118.13,118.29,643600
2021-08-02 20:00:00-04:00,116.98,121.12,114.88,120.45,1325900
2021-08-03 20:00:00-04:00,119.60,120.31,118.56,119.25,954400
2021-08-04 20:00:00-04:00,119.93,120.79,119.31,120.06,698200
2021-08-05 20:00:00-04:00,120.86,121.49,120.42,121.27,763400
2021-08-08 20:00:00-04:00,121.29,121.98,120.39,120.98,516400
2021-08-09 20:00:00-04:00,121.13,122.86,120.63,121.83,646500
2021-08-10 20:00:00-04:00,122.31,122.70,121.73,122.60,648600
2021-08-11 20:00:00-04:00,122.56,123.49,122.19,123.42,826700
2021-08-12 20:00:00-04:00,123.80,124.28,123.23,123.84,567900
2021-08-15 20:00:00-04:00,123.39,125.19,123.01,125.16,683200
2021-08-16 20:00:00-04:00,124.41,124.86,122.89,124.09,615500
2021-08-17 20:00:00-04:00,123.43,123.98,122.51,122.65,594700
2021-08-18 20:00:00-04:00,121.86,122.92,121.27,122.63,793600
2021-08-19 20:00:00-04:00,122.71,123.98,122.29,123.88,484900
2021-08-22 20:00:00-04:00,124.80,125.29,124.09,124.47,810200
2021-08-23 20:00:00-04:00,124.71,126.22,124.57,126.13,494000
2021-08-24 20:00:00-04:00,126.42,127.89,126.04,127.47,495700
2021-08-25 20:00:00-04:00,127.25,127.37,125.70,126.69,976600
2021-08-26 20:00:00-04:00,127.11,128.60,127.05,127.31,727600
2021-08-29 20:00:00-04:00,127.75,129.44,127.52,128.77,564400
2021-08-30 20:00:00-04:00,128.59,129.50,128.12,128.61,1088300
2021-08-31 20:00:00-04:00,128.56,129.24,127.07,128.83,728200
2021-09-01 20:00:00-04:00,129.41,130.94,129.29,130.23,870500
2021-09-02 20:00:00-04:00,130.03,130.63,129.20,129.49,588200
2021-09-06 20:00:00-04:00,128.90,129.13,127.49,127.98,790000
2021-09-07 20:00:00-04:00,128.05,128.08,126.73,127.47,766800
2021-09-08 20:00:00-04:00,127.79,127.92,125.71,126.37,1068200
2021-09-09 20:00:00-04:00,127.03,128.04,126.32,126.75,660700
2021-09-12 20:00:00-04:00,128.14,128.15,124.29,125.18,789800
2021-09-13 20:00:00-04:00,125.69,125.96,124.62,125.00,528300
2021-09-14 20:00:00-04:00,124.64,127.20,124.51,126.60,610100
2021-09-15 20:00:00-04:00,126.61,126.92,124.63,125.37,398300
2021-09-16 20:00:00-04:00,124.77,125.45,123.48,124.13,1469700
2021-09-19 20:00:00-04:00,122.30,123.73,121.13,123.63,740300
2021-09-20 20:00:00-04:00,124.16,124.47,122.47,123.54,637900
2021-09-21 20:00:00-04:00,124.62,126.41,124.24,125.63,630800
2021-09-22 20:00:00-04:00,126.47,128.39,126.14,127.53,527200
2021-09-23 20:00:00-04:00,127.02,128.31,126.96,127.96,433100
2021-09-26 20:00:00-04:00,127.81,128.46,126.66,126.71,568000
2021-09-27 20:00:00-04:00,126.14,126.16,121.48,121.63,1030900
2021-09-28 20:00:00-04:00,122.08,122.39,120.13,120.56,1134000
2021-09-29 20:00:00-04:00,120.99,121.42,116.69,116.69,1427500
2021-09-30 20:00:00-04:00,115.51,115.94,113.03,114.45,1472000
2021-10-03 20:00:00-04:00,114.42,115.45,111.37,112.56,1052200
2021-10-04 20:00:00-04:00,112.93,115.95,112.23,115.55,1056800
2021-10-05 20:00:00-04:00,114.78,115.48,112.73,115.34,623700
2021-10-06 20:00:00-04:00,116.56,117.00,115.14,115.45,701200
2021-10-07 20:00:00-04:00,115.01,115.67,113.75,114.61,623700
2021-10-10 20:00:00-04:00,114.18,114.56,112.00,112.08,523900
2021-10-11 20:00:00-04:00,112.37,112.90,111.64,112.05,560300
2021-10-12 20:00:00-04:00,112.78,113.80,111.56,113.16,518300
2021-10-13 20:00:00-04:00,114.31,116.44,114.24,116.40,640600
2021-10-14 20:00:00-04:00,117.43,118.13,117.00,117.64,913500
2021-10-17 20:00:00-04:00,116.69,118.39,116.25,118.02,563800
2021-10-18 20:00:00-04:00,119.29,119.50,118.17,118.42,518500
2021-10-19 20:00:00-04:00,118.58,119.85,117.95,119.41,581400
2021-10-20 20:00:00-04:00,119.45,120.97,119.24,120.83,521400
2021-10-21 20:00:00-04:00,121.05,122.46,121.05,121.48,499900
2021-10-24 20:00:00-04:00,121.17,122.98,120.77,121.76,478400
2021-10-25 20:00:00-04:00,122.29,122.46,120.52,120.58,579500
2021-10-26 20:00:00-04:00,120.54,122.20,120.13,120.77,484100
2021-10-27 20:00:00-04:00,120.89,123.85,120.86,123.80,483400
2021-10-28 20:00:00-04:00,123.43,125.15,122.50,123.21,703500
2021-10-31 20:00:00-04:00,123.63,124.41,121.21,121.96,600200
2021-11-01 20:00:00-04:00,120.59,123.56,118.96,121.76,1085600
2021-11-02 20:00:00-04:00,121.08,121.59,117.15,118.52,830000
2021-11-03 20:00:00-04:00,119.26,122.89,118.88,122.41,625800
2021-11-04 20:00:00-04:00,123.12,124.61,122.78,123.61,700800
2021-11-07 19:00:00-05:00,124.80,126.70,124.11,125.55,577500
2021-11-08 19:00:00-05:00,125.32,126.30,124.49,125.97,434200
2021-11-09 19:00:00-05:00,125.72,126.03,121.80,124.80,580000
2021-11-10 19:00:00-05:00,124.80,124.97,122.82,122.95,511100
2021-11-11 19:00:00-05:00,123.68,123.70,122.17,123.15,691400
2021-11-14 19:00:00-05:00,123.29,124.10,121.90,122.15,614300
2021-11-15 19:00:00-05:00,122.70,123.93,122.33,123.46,710500
2021-11-16 19:00:00-05:00,123.21,123.52,122.09,122.80,487800
2021-11-17 19:00:00-05:00,123.11,123.98,122.24,122.88,475300
2021-11-18 19:00:00-05:00,122.97,122.97,121.65,121.80,696500
2021-11-21 19:00:00-05:00,122.42,123.32,120.58,120.66,685700
2021-11-22 19:00:00-05:00,120.17,120.57,119.00,119.68,619900
2021-11-23 19:00:00-05:00,118.89,118.89,117.34,118.23,1121800
2021-11-25 19:00:00-05:00,115.75,117.22,114.86,115.96,969100
2021-11-28 19:00:00-05:00,117.01,117.75,115.52,117.06,1294700
2021-11-29 19:00:00-05:00,116.26,117.58,113.36,114.51,2259700
2021-11-30 19:00:00-05:00,116.44,117.00,112.08,112.14,1132300
2021-12-01 19:00:00-05:00,112.72,114.36,111.90,113.79,1609000
2021-12-02 19:00:00-05:00,113.80,113.80,109.41,111.66,1797300
2021-12-05 19:00:00-05:00,112.77,115.05,112.64,114.13,1059400
2021-12-06 19:00:00-05:00,115.72,117.47,115.53,117.41,1098700
2021-12-07 19:00:00-05:00,117.79,118.55,116.75,117.39,896200
2021-12-08 19:00:00-05:00,116.99,117.28,115.79,116.40,836400
2021-12-09 19:00:00-05:00,116.90,117.32,115.02,116.11,998300
2021-12-12 19:00:00-05:00,116.19,116.34,114.95,115.45,1671600
2021-12-13 19:00:00-05:00,114.74,115.24,111.78,112.22,1298600
2021-12-14 19:00:00-05:00,112.98,113.35,111.14,113.23,1881100
2021-12-15 19:00:00-05:00,114.12,114.85,111.66,112.18,1668400
2021-12-16 19:00:00-05:00,111.76,112.46,109.25,109.50,1503200
2021-12-19 19:00:00-05:00,108.05,108.33,106.51,107.84,1054300
2021-12-20 19:00:00-05:00,109.13,110.04,108.49,109.66,813800
2021-12-21 19:00:00-05:00,109.99,110.45,109.18,109.83,592600
2021-12-22 19:00:00-05:00,110.44,111.85,110.36,111.10,575400
2021-12-26 19:00:00-05:00,111.26,112.09,111.14,111.85,837200
2021-12-27 19:00:00-05:00,112.06,113.25,111.90,113.01,402400
2021-12-28 19:00:00-05:00,113.11,113.44,112.36,112.86,708800
2021-12-29 19:00:00-05:00,113.01,113.63,112.57,112.61,401400
2021-12-30 19:00:00-05:00,112.36,113.94,112.36,113.39,428900
2022-01-02 19:00:00-05:00,113.66,114.46,109.82,110.52,759100
2022-01-03 19:00:00-05:00,109.58,112.26,109.16,111.70,925400
2022-01-04 19:00:00-05:00,111.91,113.06,110.08,110.17,1090200
2022-01-05 19:00:00-05:00,110.60,111.28,109.63,110.02,703400
2022-01-06 19:00:00-05:00,109.66,110.35,109.01,109.14,765000
2022-01-09 19:00:00-05:00,108.32,108.66,105.64,108.04,1062700
2022-01-10 19:00:00-05:00,108.40,109.91,106.55,109.86,976300
2022-01-11 19:00:00-05:00,110.68,111.20,108.99,109.85,771800
2022-01-12 19:00:00-05:00,110.00,110.63,107.73,108.19,1168400
2022-01-13 19:00:00-05:00,107.04,107.25,103.58,105.47,1725200
2022-01-17 19:00:00-05:00,104.23,105.12,103.44,103.99,1516400
2022-01-18 19:00:00-05:00,104.62,105.35,102.47,102.60,1529200
2022-01-19 19:00:00-05:00,103.14,103.96,100.42,100.72,1268600
2022-01-20 19:00:00-05:00,100.20,102.51,99.04,101.26,3458025
2022-01-23 19:00:00-05:00,99.24,101.98,96.39,101.73,1501200
2022-01-24 19:00:00-05:00,99.59,99.81,96.17,98.21,1636300
2022-01-25 19:00:00-05:00,99.49,100.79,96.02,96.96,1233300
2022-01-26 19:00:00-05:00,97.89,98.82,94.31,94.96,1096900
2022-01-27 19:00:00-05:00,94.74,96.19,93.32,96.17,1122300
2022-01-30 19:00:00-05:00,95.64,99.46,94.87,99.30,1507600
2022-01-31 19:00:00-05:00,99.73,100.39,97.87,99.21,1380000
2022-02-01 19:00:00-05:00,99.21,99.77,97.53,98.51,1326600
2022-02-02 19:00:00-05:00,90.94,91.64,85.73,86.66,3458025
2022-02-03 19:00:00-05:00,86.04,87.16,82.68,85.58,2564500
2022-02-06 19:00:00-05:00,85.59,86.36,84.42,84.59,1330000
2022-02-07 19:00:00-05:00,84.46,87.47,84.46,86.39,1750800
2022-02-08 19:00:00-05:00,88.11,90.10,87.82,89.99,1920400
2022-02-09 19:00:00-05:00,87.94,90.20,86.33,86.84,1505500
2022-02-10 19:00:00-05:00,86.70,87.59,83.32,84.38,1364400
2022-02-13 19:00:00-05:00,85.07,86.37,83.36,84.40,1469400
2022-02-14 19:00:00-05:00,86.09,86.98,85.61,86.07,1173600
2022-02-15 19:00:00-05:00,85.55,86.33,84.34,86.02,778700
2022-02-16 19:00:00-05:00,85.37,86.30,84.91,85.20,939100
2022-02-17 19:00:00-05:00,85.20,86.36,84.87,86.01,1361500
2022-02-21 19:00:00-05:00,85.42,86.67,84.88,85.39,1686000
2022-02-22 19:00:00-05:00,85.80,86.27,83.32,83.62,1120800
2022-02-23 19:00:00-05:00,81.62,83.42,80.39,83.20,3113500
2022-02-24 19:00:00-05:00,83.48,86.36,82.27,86.26,1535500
2022-02-27 19:00:00-05:00,84.49,85.37,83.20,84.38,2033200
2022-02-28 19:00:00-05:00,84.39,84.91,81.61,82.31,1197900
2022-03-01 19:00:00-05:00,82.95,83.97,81.99,83.61,1305600
2022-03-02 19:00:00-05:00,84.45,84.72,82.34,84.36,1313400
2022-03-03 19:00:00-05:00,82.33,83.09,80.52,80.87,1756300
2022-03-06 19:00:00-05:00,81.27,81.42,78.29,79.10,1360200
2022-03-07 19:00:00-05:00,79.60,80.42,77.82,78.14,1594200
2022-03-08 19:00:00-05:00,79.65,81.98,79.60,81.20,1317500
2022-03-09 19:00:00-05:00,79.98,79.98,78.22,78.96,1759100
2022-03-10 19:00:00-05:00,80.48,81.53,79.24,79.33,1389800
2022-03-13 20:00:00-04:00,80.67,81.94,79.31,79.68,1173600
2022-03-14 20:00:00-04:00,80.15,81.57,79.68,81.12,1094300
2022-03-15 20:00:00-04:00,81.69,84.11,80.70,82.63,1568100
2022-03-16 20:00:00-04:00,81.87,83.98,81.71,83.58,1648100
2022-03-17 20:00:00-04:00,83.95,84.36,82.34,83.55,3458025
2022-03-20 20:00:00-04:00,83.21,84.10,82.24,83.16,1643700
2022-03-21 20:00:00-04:00,84.05,84.73,83.20,84.14,1678300
2022-03-22 20:00:00-04:00,83.44,83.78,82.03,82.10,1819800
2022-03-23 20:00:00-04:00,82.29,82.74,81.37,81.91,1075600
2022-03-24 20:00:00-04:00,82.22,82.68,81.53,82.24,811200
2022-03-27 20:00:00-04:00,81.72,82.42,80.97,82.39,860000
2022-03-28 20:00:00-04:00,84.54,85.65,83.44,84.69,1023000
2022-03-29 20:00:00-04:00,84.25,84.76,83.22,83.58,720500
2022-03-30 20:00:00-04:00,83.24,83.52,80.83,80.88,1415500
2022-03-31 20:00:00-04:00,81.99,82.28,80.67,81.80,913200
2022-04-03 20:00:00-04:00,81.66,82.78,81.27,82.31,850700
2022-04-04 20:00:00-04:00,82.71,83.63,82.00,82.43,1346100
2022-04-05 20:00:00-04:00,81.08,82.27,79.86,82.26,1271300
2022-04-06 20:00:00-04:00,81.96,82.74,80.76,82.27,1153100
2022-04-07 20:00:00-04:00,82.48,84.23,82.02,82.22,1363500
2022-04-10 20:00:00-04:00,82.09,82.48,81.12,81.33,1076700
2022-04-11 20:00:00-04:00,81.66,82.51,80.19,80.49,1172900
2022-04-12 20:00:00-04:00,80.23,82.22,80.04,82.10,1061500
2022-04-13 20:00:00-04:00,82.46,83.25,79.74,79.82,3458025
2022-04-17 20:00:00-04:00,79.17,79.99,78.01,78.41,1337300
2022-04-18 20:00:00-04:00,78.71,81.62,78.69,80.96,1123400
2022-04-19 20:00:00-04:00,81.91,82.99,81.56,82.34,905200
2022-04-20 20:00:00-04:00,83.23,83.43,81.20,82.04,1089300
2022-04-21 20:00:00-04:00,81.38,82.41,80.17,80.32,1087700
2022-04-24 20:00:00-04:00,80.08,80.08,77.89,79.74,932500
2022-04-25 20:00:00-04:00,78.79,79.65,76.65,76.66,1151600
2022-04-26 20:00:00-04:00,76.73,79.06,76.72,77.89,1550400
2022-04-27 20:00:00-04:00,77.88,79.38,76.60,79.13,1090700
2022-04-28 20:00:00-04:00,78.77,79.68,76.18,76.37,1056100
2022-05-01 20:00:00-04:00,76.17,78.15,75.89,77.63,1273000
2022-05-02 20:00:00-04:00,77.46,78.69,76.53,78.14,1695300
2022-05-03 20:00:00-04:00,81.23,85.93,80.64,85.66,2218500
2022-05-04 20:00:00-04:00,84.68,85.26,81.05,81.85,1555700
2022-05-05 20:00:00-04:00,81.08,81.45,78.64,80.84,1153100
2022-05-08 20:00:00-04:00,79.67,81.89,79.16,80.62,1400600
2022-05-09 20:00:00-04:00,81.53,82.06,77.89,78.39,1619500
2022-05-10 20:00:00-04:00,78.15,78.65,76.58,76.74,981100
2022-05-11 20:00:00-04:00,76.05,78.60,75.89,78.54,1024500
2022-05-12 20:00:00-04:00,79.37,80.71,78.41,79.60,911800
2022-05-15 20:00:00-04:00,78.12,79.09,77.01,77.60,1079200
2022-05-16 20:00:00-04:00,79.19,79.88,78.45,79.73,688400
2022-05-17 20:00:00-04:00,78.28,78.99,76.51,76.80,849500
2022-05-18 20:00:00-04:00,75.98,78.45,75.53,77.74,1055200
2022-05-19 20:00:00-04:00,78.25,78.51,75.53,77.50,856200
2022-05-22 20:00:00-04:00,78.25,78.69,76.71,77.07,816700
2022-05-23 20:00:00-04:00,76.81,78.30,75.21,77.74,1006600
2022-05-24 20:00:00-04:00,76.94,77.44,75.14,77.15,2503300
2022-05-25 20:00:00-04:00,78.50,80.16,78.50,79.91,870900
2022-05-26 20:00:00-04:00,80.90,81.84,80.72,81.80,921000
2022-05-30 20:00:00-04:00,80.87,81.80,79.32,80.22,1704800
2022-05-31 20:00:00-04:00,80.89,81.50,79.09,79.74,800500
2022-06-01 20:00:00-04:00,80.36,82.43,79.83,82.37,702700
2022-06-02 20:00:00-04:00,81.30,81.72,80.65,81.39,671400
2022-06-05 20:00:00-04:00,81.99,83.06,81.46,81.57,719000
2022-06-06 20:00:00-04:00,80.67,82.06,80.40,81.89,578900
2022-06-07 20:00:00-04:00,81.04,81.79,80.36,80.58,496600
2022-06-08 20:00:00-04:00,80.25,80.62,78.74,78.76,614200
2022-06-09 20:00:00-04:00,76.84,77.19,75.47,76.31,912700
2022-06-12 20:00:00-04:00,74.43,75.28,72.87,73.28,938900
2022-06-13 20:00:00-04:00,73.17,73.58,71.51,72.84,1082100
2022-06-14 20:00:00-04:00,73.66,74.16,71.88,72.79,815100
2022-06-15 20:00:00-04:00,70.84,71.22,68.63,69.57,1438200
2022-06-16 20:00:00-04:00,69.72,70.91,69.40,69.42,1494500
2022-06-20 20:00:00-04:00,70.25,71.72,69.59,71.23,1299900
2022-06-21 20:00:00-04:00,70.52,72.41,70.40,71.91,1195700
2022-06-22 20:00:00-04:00,71.72,73.37,70.82,73.15,2347900
2022-06-23 20:00:00-04:00,73.90,75.82,73.79,75.80,2671000
2022-06-26 20:00:00-04:00,76.27,76.84,74.98,75.74,853200
2022-06-27 20:00:00-04:00,75.72,76.62,74.05,74.17,788400
2022-06-28 20:00:00-04:00,73.94,74.36,72.76,74.30,765800
2022-06-29 20:00:00-04:00,73.34,74.94,72.81,74.44,1027300
2022-06-30 20:00:00-04:00,74.68,75.47,73.60,74.98,690800
2022-07-04 20:00:00-04:00,73.62,75.08,72.84,75.03,838400
2022-07-05 20:00:00-04:00,74.84,76.28,74.47,75.71,852000
2022-07-06 20:00:00-04:00,76.07,76.81,75.42,76.49,598500
2022-07-07 20:00:00-04:00,76.27,76.62,74.80,74.99,705400
2022-07-10 20:00:00-04:00,74.62,75.11,74.31,74.45,555600
2022-07-11 20:00:00-04:00,74.32,75.07,72.84,73.11,615800
2022-07-12 20:00:00-04:00,71.68,73.18,71.33,72.39,663000
2022-07-13 20:00:00-04:00,71.02,71.94,70.27,71.84,541500
2022-07-14 20:00:00-04:00,73.39,73.93,72.44,73.58,731800
2022-07-17 20:00:00-04:00,73.95,74.08,71.91,72.25,699100
2022-07-18 20:00:00-04:00,73.29,76.10,73.06,75.96,868700
2022-07-19 20:00:00-04:00,77.36,78.14,76.71,77.31,1022300
2022-07-20 20:00:00-04:00,77.63,79.10,77.21,78.99,891200
2022-07-21 20:00:00-04:00,79.25,80.62,79.24,80.30,1264600
2022-07-24 20:00:00-04:00,80.41,80.53,79.62,80.27,866700
2022-07-25 20:00:00-04:00,80.06,80.96,78.85,80.86,1068800
2022-07-26 20:00:00-04:00,81.52,83.39,80.69,83.07,2232500
2022-07-27 20:00:00-04:00,83.87,86.02,83.84,85.67,1085200
2022-07-28 20:00:00-04:00,85.90,87.88,85.48,87.63,793800
2022-07-31 20:00:00-04:00,86.59,87.56,86.15,86.84,1056800
2022-08-01 20:00:00-04:00,90.56,93.56,90.32,90.81,2116900
2022-08-02 20:00:00-04:00,91.98,93.08,90.34,92.65,1375800
2022-08-03 20:00:00-04:00,92.03,93.60,92.03,93.03,981300
2022-08-04 20:00:00-04:00,92.05,92.70,91.08,92.57,777300
2022-08-07 20:00:00-04:00,93.44,95.33,93.44,94.89,1496200
2022-08-08 20:00:00-04:00,94.21,94.31,92.73,93.36,767300
2022-08-09 20:00:00-04:00,95.60,95.97,94.81,95.67,649400
2022-08-10 20:00:00-04:00,96.40,97.05,96.06,96.30,683100
2022-08-11 20:00:00-04:00,96.76,98.52,96.51,98.43,682400
2022-08-14 20:00:00-04:00,97.64,98.97,97.64,98.55,413000
2022-08-15 20:00:00-04:00,97.75,99.23,97.51,98.99,683700
2022-08-16 20:00:00-04:00,97.87,98.41,97.29,97.42,532400
2022-08-17 20:00:00-04:00,97.69,97.69,96.48,97.45,494000
2022-08-18 20:00:00-04:00,96.71,96.71,94.41,94.77,723600
2022-08-21 20:00:00-04:00,93.41,93.43,91.69,92.34,909800
2022-08-22 20:00:00-04:00,92.25,93.09,91.12,91.55,672700
2022-08-23 20:00:00-04:00,91.57,92.16,91.08,91.53,412300
2022-08-24 20:00:00-04:00,91.98,92.90,91.56,92.88,487000
2022-08-25 20:00:00-04:00,93.35,93.35,88.35,88.52,628700
2022-08-28 20:00:00-04:00,88.07,88.68,87.13,87.65,873200
2022-08-29 20:00:00-04:00,88.12,88.12,86.36,86.98,643700
2022-08-30 20:00:00-04:00,87.59,88.61,86.54,87.03,1321900
2022-08-31 20:00:00-04:00,86.79,88.21,86.09,87.97,1720400
2022-09-01 20:00:00-04:00,89.08,89.73,86.74,87.13,764300
2022-09-05 20:00:00-04:00,87.40,88.51,86.83,88.36,1033500
2022-09-06 20:00:00-04:00,88.60,91.86,88.60,91.52,974600
2022-09-07 20:00:00-04:00,90.62,92.49,90.29,92.12,943200
2022-09-08 20:00:00-04:00,92.45,93.02,91.98,92.54,767300
2022-09-11 20:00:00-04:00,92.79,93.32,92.17,93.24,1089500
2022-09-12 20:00:00-04:00,90.91,91.13,89.20,89.53,1010400
2022-09-13 20:00:00-04:00,89.60,90.74,88.64,90.33,965500
2022-09-14 20:00:00-04:00,90.14,91.11,89.49,90.06,1148500
2022-09-15 20:00:00-04:00,88.80,89.42,87.29,89.09,3034700
2022-09-18 20:00:00-04:00,88.54,92.44,88.45,92.16,1224300
2022-09-19 20:00:00-04:00,91.27,91.55,89.52,90.60,1525700
2022-09-20 20:00:00-04:00,91.48,93.09,89.20,89.20,877700
2022-09-21 20:00:00-04:00,89.02,89.46,86.61,86.64,832800
2022-09-22 20:00:00-04:00,85.81,86.45,84.42,85.84,815500
2022-09-25 20:00:00-04:00,85.58,86.80,84.60,84.92,916300
2022-09-26 20:00:00-04:00,85.79,86.17,83.49,84.41,878800
2022-09-27 20:00:00-04:00,85.31,87.00,84.68,86.52,730700
2022-09-28 20:00:00-04:00,85.36,85.56,83.61,84.15,959700
2022-09-29 20:00:00-04:00,84.39,85.50,83.31,83.45,2155000
2022-10-02 20:00:00-04:00,84.32,86.64,83.86,86.17,1022800
2022-10-03 20:00:00-04:00,87.53,89.06,87.53,88.98,807900
2022-10-04 20:00:00-04:00,87.68,89.12,87.16,88.52,820400
2022-10-05 20:00:00-04:00,88.54,88.85,87.22,87.56,953500
2022-10-06 20:00:00-04:00,86.20,86.60,84.61,85.28,966800
2022-10-09 20:00:00-04:00,86.29,86.45,83.94,84.85,665400
2022-10-10 20:00:00-04:00,84.40,85.91,83.64,85.07,710000
2022-10-11 20:00:00-04:00,85.81,85.81,83.27,83.32,873100
2022-10-12 20:00:00-04:00,81.19,84.78,80.40,84.39,976400
2022-10-13 20:00:00-04:00,85.02,86.31,82.18,82.35,895800
2022-10-16 20:00:00-04:00,84.21,86.77,84.07,86.50,1099000
2022-10-17 20:00:00-04:00,89.46,90.18,88.48,89.40,1121300
2022-10-18 20:00:00-04:00,88.66,89.26,87.57,88.75,687000
2022-10-19 20:00:00-04:00,88.69,89.05,86.42,86.97,771000
2022-10-20 20:00:00-04:00,87.44,89.88,86.42,89.66,911400
2022-10-23 20:00:00-04:00,90.68,92.13,90.23,91.71,686800
2022-10-24 20:00:00-04:00,91.54,93.93,91.54,93.83,759100
2022-10-25 20:00:00-04:00,94.29,95.73,93.91,94.64,680700
2022-10-26 20:00:00-04:00,95.34,97.22,95.16,96.05,1048400
2022-10-27 20:00:00-04:00,96.17,98.07,95.82,97.94,914200
2022-10-30 20:00:00-04:00,97.50,98.92,97.22,97.85,1227900
2022-10-31 20:00:00-04:00,101.96,102.70,98.28,100.82,1761300
2022-11-01 20:00:00-04:00,100.88,102.93,99.27,99.61,1529300
2022-11-02 20:00:00-04:00,98.53,103.37,98.15,102.38,1120600
2022-11-03 20:00:00-04:00,103.71,104.03,101.18,102.42,1035900
2022-11-06 19:00:00-05:00,102.66,104.02,101.78,103.87,835200
2022-11-07 19:00:00-05:00,104.06,104.75,102.41,103.43,897300
2022-11-08 19:00:00-05:00,102.65,102.80,100.30,100.64,853200
2022-11-09 19:00:00-05:00,104.29,106.94,104.21,106.74,811700
2022-11-10 19:00:00-05:00,106.61,108.03,106.13,106.23,722600
2022-11-13 19:00:00-05:00,105.84,106.14,103.97,104.11,1008100
2022-11-14 19:00:00-05:00,105.56,107.36,105.06,107.12,941100
2022-11-15 19:00:00-05:00,108.15,108.88,107.25,107.38,917300
2022-11-16 19:00:00-05:00,105.55,106.64,104.56,105.84,587300
2022-11-17 19:00:00-05:00,106.99,108.14,106.42,107.59,637400
2022-11-20 19:00:00-05:00,107.04,108.20,106.91,107.27,529400
2022-11-21 19:00:00-05:00,107.81,108.65,107.17,107.83,509900
2022-11-22 19:00:00-05:00,108.09,109.17,107.67,108.48,585600
2022-11-24 19:00:00-05:00,108.94,109.36,108.63,108.71,539600
2022-11-27 19:00:00-05:00,107.72,107.93,104.22,104.99,1184900
2022-11-28 19:00:00-05:00,105.00,105.83,104.55,105.25,819000
2022-11-29 19:00:00-05:00,105.04,107.97,104.05,107.61,2360800
2022-11-30 19:00:00-05:00,108.65,109.37,107.31,109.00,859400
2022-12-01 19:00:00-05:00,107.43,109.42,106.60,108.74,768700
2022-12-04 19:00:00-05:00,107.14,107.58,106.00,107.32,734700
2022-12-05 19:00:00-05:00,107.43,107.46,104.95,106.14,670400
2022-12-06 19:00:00-05:00,106.15,107.32,106.03,106.30,460500
2022-12-07 19:00:00-05:00,106.87,107.36,106.15,106.65,518100
2022-12-08 19:00:00-05:00,107.07,108.23,106.20,106.54,1128500
2022-12-11 19:00:00-05:00,107.07,108.57,106.27,108.51,876500
2022-12-12 19:00:00-05:00,111.42,111.73,109.04,110.14,646900
2022-12-13 19:00:00-05:00,110.27,111.86,109.24,109.91,846700
2022-12-14 19:00:00-05:00,108.16,108.44,104.71,105.98,1140100
2022-12-15 19:00:00-05:00,104.78,106.13,104.42,105.28,1748300
2022-12-18 19:00:00-05:00,104.85,106.16,103.15,103.91,900200
2022-12-19 19:00:00-05:00,103.73,104.59,103.29,103.72,801800
2022-12-20 19:00:00-05:00,104.56,106.48,104.21,106.46,719700
2022-12-21 19:00:00-05:00,105.30,105.43,102.74,105.18,662900
2022-12-22 19:00:00-05:00,104.99,105.54,104.46,105.10,321100
2022-12-26 19:00:00-05:00,105.35,106.61,104.62,106.05,468200
2022-12-27 19:00:00-05:00,106.15,106.87,104.19,104.35,480400
2022-12-28 19:00:00-05:00,105.27,107.53,104.63,106.93,516300
2022-12-29 19:00:00-05:00,106.13,106.63,104.94,105.91,548900
2023-01-02 19:00:00-05:00,107.16,107.25,104.69,106.09,812400
2023-01-03 19:00:00-05:00,105.69,107.05,105.04,105.93,905900
2023-01-04 19:00:00-05:00,105.30,105.53,102.33,102.92,1295700
2023-01-05 19:00:00-05:00,104.34,107.14,103.72,106.58,636200
2023-01-08 19:00:00-05:00,107.11,108.94,106.54,107.08,1224700
2023-01-09 19:00:00-05:00,106.68,108.38,106.68,108.18,494100
2023-01-10 19:00:00-05:00,108.73,110.08,108.26,110.02,986000
2023-01-11 19:00:00-05:00,110.46,111.71,109.42,111.29,679300
2023-01-12 19:00:00-05:00,113.03,113.58,111.00,112.00,938000
2023-01-16 19:00:00-05:00,111.94,112.47,110.81,111.11,706300
2023-01-17 19:00:00-05:00,111.80,112.30,108.39,108.75,779400
2023-01-18 19:00:00-05:00,108.17,108.35,103.93,104.05,843300
2023-01-19 19:00:00-05:00,104.47,105.57,103.64,105.53,1244000
2023-01-22 19:00:00-05:00,96.42,97.60,93.19,97.14,3458025
2023-01-23 19:00:00-05:00,96.77,100.06,96.74,99.20,3458025
2023-01-24 19:00:00-05:00,98.11,98.69,96.81,98.22,2858300
2023-01-25 19:00:00-05:00,99.01,99.13,96.30,97.06,2784500
2023-01-26 19:00:00-05:00,96.74,98.87,96.34,98.10,1881500
2023-01-29 19:00:00-05:00,97.70,98.05,96.52,96.84,2158700
2023-01-30 19:00:00-05:00,97.44,99.62,96.44,99.62,2165400
2023-01-31 19:00:00-05:00,98.73,101.24,97.60,100.50,2275200
2023-02-01 19:00:00-05:00,101.36,101.87,99.69,101.46,1917100
2023-02-02 19:00:00-05:00,100.64,102.00,100.63,100.81,1353600
2023-02-05 19:00:00-05:00,99.54,100.37,98.77,99.66,2073900
2023-02-06 19:00:00-05:00,104.88,105.20,99.67,103.23,3220500
2023-02-07 19:00:00-05:00,102.40,103.15,101.40,101.76,1449100
2023-02-08 19:00:00-05:00,102.70,104.45,101.31,101.59,1699900
2023-02-09 19:00:00-05:00,101.21,101.98,100.77,101.69,1158300
2023-02-12 19:00:00-05:00,101.96,102.99,101.65,102.63,1255400
2023-02-13 19:00:00-05:00,102.62,102.93,101.02,102.81,1284100
2023-02-14 19:00:00-05:00,102.43,103.43,101.93,103.33,956800
2023-02-15 19:00:00-05:00,101.57,103.01,101.03,101.77,1091500
2023-02-16 19:00:00-05:00,101.55,102.80,100.98,102.77,1157200
2023-02-20 19:00:00-05:00,101.75,101.75,99.10,99.23,1568600
2023-02-21 19:00:00-05:00,99.80,99.99,98.51,98.98,1498800
2023-02-22 19:00:00-05:00,99.42,99.98,97.85,99.26,1527400
2023-02-23 19:00:00-05:00,97.90,98.74,97.18,98.39,1197900
2023-02-26 19:00:00-05:00,99.39,99.44,97.89,98.53,1391600
2023-02-27 19:00:00-05:00,98.74,99.51,98.15,98.63,1971100
2023-02-28 19:00:00-05:00,98.24,98.70,96.93,97.13,1331400
2023-03-01 19:00:00-05:00,96.57,98.45,95.97,98.24,1622700
2023-03-02 19:00:00-05:00,98.83,100.06,97.95,99.85,1192800
2023-03-05 19:00:00-05:00,99.55,100.70,99.31,99.51,933800
2023-03-06 19:00:00-05:00,99.67,99.72,97.81,98.16,1472900
2023-03-07 19:00:00-05:00,98.06,98.59,96.93,97.78,998400
2023-03-08 19:00:00-05:00,98.40,99.08,96.15,96.54,1769200
2023-03-09 19:00:00-05:00,96.68,96.74,94.05,95.10,1257100
2023-03-12 20:00:00-04:00,94.20,95.31,93.42,94.06,1613300
2023-03-13 20:00:00-04:00,95.94,96.86,94.58,95.98,1405000
2023-03-14 20:00:00-04:00,94.17,94.32,91.60,92.76,1237100
2023-03-15 20:00:00-04:00,91.72,93.83,91.45,93.35,1693000
2023-03-16 20:00:00-04:00,92.57,92.73,90.05,91.02,3458025
2023-03-19 20:00:00-04:00,91.99,94.08,91.46,93.82,2222400
2023-03-20 20:00:00-04:00,95.39,96.01,93.83,94.66,1828800
2023-03-21 20:00:00-04:00,94.77,96.16,93.73,93.74,1750600
2023-03-22 20:00:00-04:00,93.78,95.44,92.52,93.42,1227500
2023-03-23 20:00:00-04:00,92.58,94.92,91.99,94.72,1498100
2023-03-26 20:00:00-04:00,95.57,96.05,94.93,95.51,1365700
2023-03-27 20:00:00-04:00,95.50,96.81,95.39,96.05,1301700
2023-03-28 20:00:00-04:00,97.04,97.66,96.45,97.50,1452500
2023-03-29 20:00:00-04:00,98.26,98.94,98.00,98.39,949300
2023-03-30 20:00:00-04:00,98.97,100.79,98.96,100.60,2059400
2023-04-02 20:00:00-04:00,100.04,100.78,99.27,100.36,1638800
2023-04-03 20:00:00-04:00,101.06,101.06,96.48,97.21,2388100
2023-04-04 20:00:00-04:00,96.28,97.10,95.59,96.34,1947600
2023-04-05 20:00:00-04:00,96.14,96.37,95.26,96.33,1260000
2023-04-09 20:00:00-04:00,95.69,97.57,95.61,97.57,1014400
2023-04-10 20:00:00-04:00,97.66,99.28,97.66,98.70,1347700
2023-04-11 20:00:00-04:00,99.78,100.33,98.91,99.43,1158300
2023-04-12 20:00:00-04:00,99.80,100.55,98.06,100.48,1422800
2023-04-13 20:00:00-04:00,100.11,101.56,99.86,100.35,1696400
2023-04-16 20:00:00-04:00,100.74,101.18,99.41,100.55,1385700
2023-04-17 20:00:00-04:00,101.00,101.63,99.64,100.11,1074300
2023-04-18 20:00:00-04:00,99.56,100.33,98.91,99.67,1123100
2023-04-19 20:00:00-04:00,98.46,100.31,98.46,99.93,867800
2023-04-20 20:00:00-04:00,100.15,100.49,99.42,100.22,954000
2023-04-23 20:00:00-04:00,100.04,100.98,99.34,100.44,997500
2023-04-24 20:00:00-04:00,100.09,100.45,98.81,98.89,967100
2023-04-25 20:00:00-04:00,98.21,98.48,96.89,97.02,947600
2023-04-26 20:00:00-04:00,97.91,100.07,97.83,99.76,1290200
2023-04-27 20:00:00-04:00,99.44,100.44,99.07,99.77,1906400
2023-04-30 20:00:00-04:00,99.73,101.41,99.55,100.40,1068100
2023-05-01 20:00:00-04:00,100.08,100.63,98.64,100.42,1990700
2023-05-02 20:00:00-04:00,100.91,101.58,99.90,100.07,2394700
2023-05-03 20:00:00-04:00,100.57,103.67,100.03,102.16,2583600
2023-05-04 20:00:00-04:00,103.77,105.19,102.81,104.70,2884900
2023-05-07 20:00:00-04:00,105.67,106.49,102.55,103.13,1523300
2023-05-08 20:00:00-04:00,102.91,103.02,101.92,102.61,1452700
2023-05-09 20:00:00-04:00,103.10,103.39,101.14,102.62,1344700
2023-05-10 20:00:00-04:00,101.99,102.35,100.42,101.00,1278700
2023-05-11 20:00:00-04:00,101.49,101.84,99.83,100.64,1242700
2023-05-14 20:00:00-04:00,100.66,101.10,100.11,100.54,1469100
2023-05-15 20:00:00-04:00,100.22,100.44,99.05,99.21,1603300
2023-05-16 20:00:00-04:00,99.86,100.08,98.93,99.87,1957400
2023-05-17 20:00:00-04:00,99.68,100.63,99.27,100.34,1087500
2023-05-18 20:00:00-04:00,101.39,102.18,100.59,100.87,1843400
2023-05-21 20:00:00-04:00,100.85,101.34,100.13,100.25,845600
2023-05-22 20:00:00-04:00,100.63,103.39,99.85,100.06,3458025
2023-05-23 20:00:00-04:00,100.11,100.11,97.03,97.10,3458025
2023-05-24 20:00:00-04:00,97.06,97.77,94.15,95.01,3458025
2023-05-25 20:00:00-04:00,95.09,95.34,92.63,94.81,3458025
2023-05-29 20:00:00-04:00,95.77,95.86,93.89,95.04,3458025
2023-05-30 20:00:00-04:00,97.64,98.71,96.30,96.59,3458025
2023-05-31 20:00:00-04:00,96.73,98.68,96.13,98.45,2136700
2023-06-01 20:00:00-04:00,99.59,101.45,99.23,101.28,2278400
2023-06-04 20:00:00-04:00,101.62,102.71,101.07,102.34,2253700
2023-06-05 20:00:00-04:00,101.80,102.88,101.80,102.46,1568300
2023-06-06 20:00:00-04:00,102.39,103.29,101.73,103.23,1857000
2023-06-07 20:00:00-04:00,103.63,105.44,103.24,105.13,1992300
2023-06-08 20:00:00-04:00,104.95,106.11,104.41,105.76,1761800
2023-06-11 20:00:00-04:00,105.92,105.92,103.67,104.90,2008900
2023-06-12 20:00:00-04:00,104.83,106.87,104.83,106.83,1466100
2023-06-13 20:00:00-04:00,107.26,108.41,106.75,107.76,1761000
2023-06-14 20:00:00-04:00,107.55,109.96,107.32,109.26,1714500
2023-06-15 20:00:00-04:00,109.46,110.74,108.62,109.36,3458025
2023-06-19 20:00:00-04:00,109.11,110.31,109.02,109.17,1963300
2023-06-20 20:00:00-04:00,108.45,109.66,107.85,109.44,1292800
2023-06-21 20:00:00-04:00,109.55,109.55,108.28,108.38,1213100
2023-06-22 20:00:00-04:00,107.65,108.20,106.52,107.03,2135100
2023-06-25 20:00:00-04:00,107.00,107.92,106.53,106.69,1529900
2023-06-26 20:00:00-04:00,107.12,107.78,106.80,107.59,1574500
2023-06-27 20:00:00-04:00,107.38,107.58,105.99,106.56,1174400
2023-06-28 20:00:00-04:00,106.05,107.83,105.98,107.33,958700
2023-06-29 20:00:00-04:00,108.19,109.10,107.90,108.57,1278500
2023-07-02 20:00:00-04:00,107.81,108.14,106.80,107.81,700900
2023-07-04 20:00:00-04:00,107.02,107.27,105.99,106.25,1036100
2023-07-05 20:00:00-04:00,105.32,105.81,104.65,105.60,1284400
2023-07-06 20:00:00-04:00,105.21,106.87,104.89,105.63,1058000
2023-07-09 20:00:00-04:00,105.78,107.74,105.46,107.72,1132400
2023-07-10 20:00:00-04:00,108.64,109.64,107.82,108.61,1202800
2023-07-11 20:00:00-04:00,109.96,110.16,107.53,107.60,1281500
2023-07-12 20:00:00-04:00,107.42,107.77,106.74,106.76,1370800
2023-07-13 20:00:00-04:00,106.64,106.64,105.14,105.51,909300
2023-07-16 20:00:00-04:00,105.18,106.89,105.10,106.65,750100
2023-07-17 20:00:00-04:00,106.67,107.33,106.42,106.92,1017700
2023-07-18 20:00:00-04:00,106.63,107.61,106.39,107.45,1182600
2023-07-19 20:00:00-04:00,107.97,109.71,107.64,109.46,1257700
2023-07-20 20:00:00-04:00,109.81,110.50,109.29,109.68,1297400
2023-07-23 20:00:00-04:00,109.92,110.73,109.05,109.86,1264400
2023-07-24 20:00:00-04:00,109.45,110.24,109.04,110.23,1205900
2023-07-25 20:00:00-04:00,109.95,110.73,109.34,109.73,1131300
2023-07-26 20:00:00-04:00,109.90,110.84,108.62,108.84,1226600
2023-07-27 20:00:00-04:00,109.45,109.57,107.79,108.57,1265500
2023-07-30 20:00:00-04:00,108.99,109.13,108.11,108.69,971200
2023-07-31 20:00:00-04:00,108.39,109.06,107.54,107.90,1246600
2023-08-01 20:00:00-04:00,110.86,113.13,107.79,108.05,2105700
2023-08-02 20:00:00-04:00,107.52,107.76,104.24,104.50,1932800
2023-08-03 20:00:00-04:00,104.51,104.51,101.79,101.87,1918500
2023-08-06 20:00:00-04:00,101.87,103.32,101.55,103.11,1607200
2023-08-07 20:00:00-04:00,102.01,102.19,100.79,101.37,1643700
2023-08-08 20:00:00-04:00,98.54,99.85,97.68,98.65,2877600
2023-08-09 20:00:00-04:00,98.81,100.13,98.33,98.75,1618800
2023-08-10 20:00:00-04:00,98.56,98.86,97.76,98.65,1415200
2023-08-13 20:00:00-04:00,98.66,99.42,98.22,98.44,1011000
2023-08-14 20:00:00-04:00,97.84,98.14,96.88,97.38,1113300
2023-08-15 20:00:00-04:00,97.17,97.45,96.11,96.42,1115700
2023-08-16 20:00:00-04:00,96.87,96.98,95.76,95.93,1307400
2023-08-17 20:00:00-04:00,95.36,96.75,94.87,95.88,1137300
2023-08-20 20:00:00-04:00,95.83,96.62,95.00,96.31,773700
2023-08-21 20:00:00-04:00,96.71,97.30,95.25,95.92,833700
2023-08-22 20:00:00-04:00,96.02,97.09,95.53,96.95,1012500
2023-08-23 20:00:00-04:00,96.81,97.76,96.05,96.06,896800
2023-08-24 20:00:00-04:00,96.66,97.89,96.03,97.53,973800
2023-08-27 20:00:00-04:00,97.74,98.64,97.70,98.16,803600
2023-08-28 20:00:00-04:00,97.87,98.72,97.48,98.61,1117300
2023-08-29 20:00:00-04:00,98.87,100.47,98.87,100.09,1001300
2023-08-30 20:00:00-04:00,100.32,100.80,99.97,100.14,2080900
2023-08-31 20:00:00-04:00,100.70,100.74,98.65,99.21,1200800
2023-09-04 20:00:00-04:00,97.72,98.08,93.64,94.53,2679700
2023-09-05 20:00:00-04:00,94.56,95.03,93.94,94.60,1514400
2023-09-06 20:00:00-04:00,94.22,94.22,91.99,92.55,1807100
2023-09-07 20:00:00-04:00,92.50,92.94,91.13,92.09,1690800
2023-09-10 20:00:00-04:00,92.82,94.15,92.36,93.48,1617400
2023-09-11 20:00:00-04:00,92.97,94.05,92.92,93.42,1582400
2023-09-12 20:00:00-04:00,93.74,93.74,91.72,91.89,1740600
2023-09-13 20:00:00-04:00,92.61,93.36,92.15,93.15,1906700
2023-09-14 20:00:00-04:00,92.70,93.06,91.94,92.41,3458025
2023-09-17 20:00:00-04:00,92.21,93.30,91.80,92.34,1854000
2023-09-18 20:00:00-04:00,92.11,92.84,90.99,91.72,1695500
2023-09-19 20:00:00-04:00,92.29,92.71,90.40,90.49,1752100
2023-09-20 20:00:00-04:00,89.89,90.10,88.31,88.42,2044800
2023-09-21 20:00:00-04:00,88.30,88.74,87.57,87.91,1699800
2023-09-24 20:00:00-04:00,87.48,88.23,86.96,88.00,1702000
2023-09-25 20:00:00-04:00,87.41,87.86,86.56,86.58,1322400
2023-09-26 20:00:00-04:00,87.16,88.02,86.70,87.34,1320200
2023-09-27 20:00:00-04:00,87.46,88.88,87.46,88.06,1453500
2023-09-28 20:00:00-04:00,88.83,88.95,87.51,88.04,1833900
2023-10-01 20:00:00-04:00,88.52,90.40,88.28,88.80,1978100
2023-10-02 20:00:00-04:00,88.30,88.86,87.04,87.17,1309800
2023-10-03 20:00:00-04:00,87.04,88.58,86.56,88.22,1614400
2023-10-04 20:00:00-04:00,88.11,88.51,86.61,87.18,1131000
2023-10-05 20:00:00-04:00,86.72,88.56,86.68,87.98,1149700
2023-10-08 20:00:00-04:00,87.25,88.11,86.82,88.10,949500
2023-10-09 20:00:00-04:00,88.41,89.83,87.95,88.93,1478800
2023-10-10 20:00:00-04:00,89.07,89.73,88.59,89.33,1036300
2023-10-11 20:00:00-04:00,89.71,89.90,87.56,88.29,978500
2023-10-12 20:00:00-04:00,88.16,88.42,86.57,87.21,926300
2023-10-15 20:00:00-04:00,87.86,89.06,87.58,88.88,1003200
2023-10-16 20:00:00-04:00,88.13,90.43,88.12,89.96,1265900
2023-10-17 20:00:00-04:00,89.26,89.35,87.32,87.37,1213500
2023-10-18 20:00:00-04:00,88.95,89.85,88.46,89.13,2138200
2023-10-19 20:00:00-04:00,89.34,90.36,88.73,88.79,2774600
2023-10-22 20:00:00-04:00,88.23,89.00,86.52,86.70,1896200
2023-10-23 20:00:00-04:00,87.51,87.92,86.41,86.50,1181100
2023-10-24 20:00:00-04:00,85.93,86.40,84.86,84.88,1411800
2023-10-25 20:00:00-04:00,85.02,86.76,84.93,85.77,1155500
2023-10-26 20:00:00-04:00,85.77,86.32,84.95,85.27,1241700
2023-10-29 20:00:00-04:00,86.06,86.46,84.71,86.34,1761600
2023-10-30 20:00:00-04:00,92.17,93.33,88.42,90.47,3449200
2023-10-31 20:00:00-04:00,90.21,91.61,89.71,91.37,2128900
2023-11-01 20:00:00-04:00,92.16,93.13,90.78,91.21,1666600
2023-11-02 20:00:00-04:00,92.84,94.66,92.63,93.74,1852500
2023-11-05 19:00:00-05:00,93.32,93.32,92.38,93.00,1324300
2023-11-06 19:00:00-05:00,92.66,94.15,92.22,93.59,1385100
2023-11-07 19:00:00-05:00,93.86,94.36,93.14,93.63,1062400
2023-11-08 19:00:00-05:00,94.37,94.73,93.58,93.64,1533100
2023-11-09 19:00:00-05:00,93.97,95.66,93.43,95.22,1322000
2023-11-12 19:00:00-05:00,94.98,96.06,94.98,95.27,1261100
2023-11-13 19:00:00-05:00,96.86,98.35,96.69,97.87,1500400
2023-11-14 19:00:00-05:00,98.04,98.70,96.87,96.95,1297000
2023-11-15 19:00:00-05:00,97.14,98.17,96.62,97.93,1314800
2023-11-16 19:00:00-05:00,98.60,98.72,97.70,97.84,1286600
2023-11-19 19:00:00-05:00,97.92,98.06,97.09,97.23,1147100
2023-11-20 19:00:00-05:00,98.72,99.57,97.48,98.02,1353600
2023-11-21 19:00:00-05:00,98.31,99.48,98.09,99.18,1627700
2023-11-23 19:00:00-05:00,99.79,100.57,99.79,100.19,797400
2023-11-26 19:00:00-05:00,99.69,100.49,99.38,100.12,1058800
2023-11-27 19:00:00-05:00,100.22,101.03,99.58,99.59,1293400
2023-11-28 19:00:00-05:00,100.33,101.06,100.05,100.43,1184100
2023-11-29 19:00:00-05:00,100.77,102.09,99.62,102.01,2587200
2023-11-30 19:00:00-05:00,101.72,103.13,101.19,103.05,1285300
2023-12-03 19:00:00-05:00,102.22,103.35,101.88,103.31,1128600
2023-12-04 19:00:00-05:00,102.97,103.24,101.83,102.65,1133200
2023-12-05 19:00:00-05:00,103.36,104.37,102.74,102.95,991800
2023-12-06 19:00:00-05:00,102.98,103.22,102.13,102.89,933200
2023-12-07 19:00:00-05:00,102.73,103.79,102.27,103.22,2103800
2023-12-10 19:00:00-05:00,103.31,104.51,103.08,104.50,1318900
2023-12-11 19:00:00-05:00,104.79,105.60,103.99,104.73,1376600
2023-12-12 19:00:00-05:00,105.67,106.09,103.36,105.94,1743500
2023-12-13 19:00:00-05:00,106.73,107.73,106.13,107.64,1613600
2023-12-14 19:00:00-05:00,106.81,107.92,106.52,107.43,3426300
2023-12-17 19:00:00-05:00,107.12,107.59,106.32,107.42,1071200
2023-12-18 19:00:00-05:00,107.60,108.37,107.37,108.27,1547000
2023-12-19 19:00:00-05:00,108.09,108.54,106.30,106.41,1442900
2023-12-20 19:00:00-05:00,107.49,108.48,106.99,108.37,1037000
2023-12-21 19:00:00-05:00,108.58,109.70,108.39,109.29,829300
2023-12-25 19:00:00-05:00,109.20,110.40,109.17,110.25,440300
2023-12-26 19:00:00-05:00,110.53,111.13,110.31,110.98,1007700
2023-12-27 19:00:00-05:00,110.92,111.48,110.54,110.92,709100
2023-12-28 19:00:00-05:00,110.70,111.27,110.55,110.96,698900
2024-01-01 19:00:00-05:00,109.80,110.98,109.66,110.29,1089400
2024-01-02 19:00:00-05:00,109.84,109.92,108.21,108.25,1182800
2024-01-03 19:00:00-05:00,109.12,109.94,108.63,108.99,1352600
2024-01-04 19:00:00-05:00,108.82,109.65,107.97,108.82,1144300
2024-01-07 19:00:00-05:00,108.95,109.53,108.39,109.50,904300
2024-01-08 19:00:00-05:00,108.70,109.09,108.06,108.78,947700
2024-01-09 19:00:00-05:00,108.78,109.42,108.06,108.91,851000
2024-01-10 19:00:00-05:00,109.07,109.51,107.67,108.35,1036100
2024-01-11 19:00:00-05:00,108.80,109.45,107.60,108.41,1233100
2024-01-15 19:00:00-05:00,107.81,108.05,106.89,107.66,1561500
2024-01-16 19:00:00-05:00,106.48,107.40,106.14,106.43,1353100
2024-01-17 19:00:00-05:00,106.47,108.23,106.44,108.09,1276500
2024-01-18 19:00:00-05:00,108.49,108.62,107.00,108.55,1129300
2024-01-21 19:00:00-05:00,109.04,110.27,108.70,110.01,889000
2024-01-22 19:00:00-05:00,110.57,110.59,109.27,110.38,718600
2024-01-23 19:00:00-05:00,110.91,111.10,108.34,108.38,876400
2024-01-24 19:00:00-05:00,109.29,109.66,108.40,109.62,1237000
2024-01-25 19:00:00-05:00,110.19,110.38,108.95,109.05,953200
2024-01-28 19:00:00-05:00,108.67,110.01,108.56,109.99,1308100
2024-01-29 19:00:00-05:00,109.57,110.66,108.86,110.37,960800
2024-01-30 19:00:00-05:00,110.54,110.91,108.85,109.10,1304800
2024-01-31 19:00:00-05:00,109.49,111.95,109.29,111.95,1113000
2024-02-01 19:00:00-05:00,111.19,112.53,110.75,111.99,1642500
2024-02-04 19:00:00-05:00,109.64,111.26,108.69,110.69,1951600
2024-02-05 19:00:00-05:00,112.75,116.38,112.29,116.01,3302400
2024-02-06 19:00:00-05:00,117.09,120.86,116.82,119.69,3458025
2024-02-07 19:00:00-05:00,120.04,120.04,117.54,118.75,1904200
2024-02-08 19:00:00-05:00,118.73,120.71,118.43,120.61,1588400
2024-02-11 19:00:00-05:00,120.48,120.79,119.40,119.64,1257900
2024-02-12 19:00:00-05:00,118.10,118.90,117.20,118.11,1339400
2024-02-13 19:00:00-05:00,118.77,120.52,118.44,120.47,1007300
2024-02-14 19:00:00-05:00,120.75,121.29,120.06,120.72,893500
2024-02-15 19:00:00-05:00,120.57,121.04,119.83,120.11,1207700
2024-02-19 19:00:00-05:00,119.59,121.33,118.94,120.77,1411200
2024-02-20 19:00:00-05:00,121.05,121.12,119.40,120.17,1038300
2024-02-21 19:00:00-05:00,120.87,121.96,120.41,121.74,900100
2024-02-22 19:00:00-05:00,122.28,123.14,122.00,122.25,739200
2024-02-25 19:00:00-05:00,122.25,123.62,121.85,122.33,1115200
2024-02-26 19:00:00-05:00,122.54,123.02,121.39,122.31,932200
2024-02-27 19:00:00-05:00,121.89,122.92,121.89,122.25,877000
2024-02-28 19:00:00-05:00,122.53,124.05,121.88,123.64,1829200
2024-02-29 19:00:00-05:00,123.29,124.72,122.83,124.50,813200
2024-03-03 19:00:00-05:00,124.18,125.12,124.13,124.41,917300
2024-03-04 19:00:00-05:00,124.28,124.42,122.30,122.80,924200
2024-03-05 19:00:00-05:00,122.92,123.76,122.36,122.95,1118900
2024-03-06 19:00:00-05:00,123.74,124.27,123.11,123.56,905500
2024-03-07 19:00:00-05:00,123.87,124.54,123.18,123.67,761500
2024-03-10 20:00:00-04:00,123.47,123.63,122.14,122.79,1019900
2024-03-11 20:00:00-04:00,123.09,125.06,123.02,125.01,1029700
2024-03-12 20:00:00-04:00,125.01,125.08,124.05,124.58,872500
2024-03-13 20:00:00-04:00,124.29,124.66,123.23,124.52,1335500
2024-03-14 20:00:00-04:00,123.39,124.79,122.79,123.85,1537600
2024-03-17 20:00:00-04:00,123.94,124.52,123.39,124.06,720000
2024-03-18 20:00:00-04:00,124.14,125.08,123.95,125.00,806900
2024-03-19 20:00:00-04:00,124.94,125.25,123.81,125.25,987800
2024-03-20 20:00:00-04:00,125.73,127.34,125.73,126.50,1029800
2024-03-21 20:00:00-04:00,126.44,126.97,125.31,125.74,732400
2024-03-24 20:00:00-04:00,125.35,125.87,124.07,124.33,888100
2024-03-25 20:00:00-04:00,124.13,125.04,123.84,124.46,853400
2024-03-26 20:00:00-04:00,125.17,125.97,124.66,125.90,959700
2024-03-27 20:00:00-04:00,126.08,126.72,125.68,125.77,953200
2024-03-31 20:00:00-04:00,125.78,126.03,124.47,125.18,716800
2024-04-01 20:00:00-04:00,125.30,125.32,123.75,124.68,1144400
2024-04-02 20:00:00-04:00,124.25,126.24,124.19,125.40,1147300
2024-04-03 20:00:00-04:00,126.20,126.52,123.62,123.83,1129500
2024-04-04 20:00:00-04:00,123.99,125.48,123.59,124.82,754000
2024-04-07 20:00:00-04:00,125.39,125.60,124.19,124.32,772700
2024-04-08 20:00:00-04:00,124.78,125.52,123.08,125.47,782100
2024-04-09 20:00:00-04:00,123.29,125.32,122.63,124.75,1036900
2024-04-10 20:00:00-04:00,124.94,125.63,123.76,125.33,941700
2024-04-11 20:00:00-04:00,124.50,125.21,123.77,124.67,899500
2024-04-14 20:00:00-04:00,125.95,126.39,123.30,123.87,991400
2024-04-15 20:00:00-04:00,123.60,125.27,122.72,124.56,1150000
2024-04-16 20:00:00-04:00,125.04,125.04,121.31,122.83,1441300
2024-04-17 20:00:00-04:00,123.74,125.01,123.50,123.74,1139200
2024-04-18 20:00:00-04:00,124.13,125.20,123.55,124.40,2250000
2024-04-21 20:00:00-04:00,124.72,126.30,124.03,125.51,1061900
2024-04-22 20:00:00-04:00,126.14,127.34,125.81,127.21,945600
2024-04-23 20:00:00-04:00,127.97,128.68,126.10,127.16,1053000
2024-04-24 20:00:00-04:00,126.14,127.67,124.66,127.10,963600
2024-04-25 20:00:00-04:00,126.91,129.09,126.30,128.84,1112300
2024-04-28 20:00:00-04:00,128.90,129.76,128.13,129.03,1277800
2024-04-29 20:00:00-04:00,128.50,130.12,127.07,127.19,1397800
2024-04-30 20:00:00-04:00,127.10,129.49,126.67,127.44,1773900
2024-05-01 20:00:00-04:00,128.87,133.49,128.47,132.34,2784800
2024-05-02 20:00:00-04:00,133.81,134.74,131.53,133.52,1418000
2024-05-05 20:00:00-04:00,134.32,135.47,133.67,135.46,953500
2024-05-06 20:00:00-04:00,135.92,137.45,134.94,136.27,1307600
2024-05-07 20:00:00-04:00,136.16,137.50,135.99,137.41,894400
2024-05-08 20:00:00-04:00,137.71,138.88,136.94,138.78,956600
2024-05-09 20:00:00-04:00,139.04,139.76,138.48,139.16,704100
2024-05-12 20:00:00-04:00,139.16,139.45,136.97,137.47,1276900
2024-05-13 20:00:00-04:00,137.46,138.88,137.14,138.25,949800
2024-05-14 20:00:00-04:00,139.09,140.16,139.04,139.93,1390200
2024-05-15 20:00:00-04:00,139.55,139.75,138.70,138.85,1603200
2024-05-16 20:00:00-04:00,139.36,139.53,138.15,139.47,2306300
2024-05-19 20:00:00-04:00,139.72,142.01,139.54,141.85,1243500
2024-05-20 20:00:00-04:00,141.65,142.15,140.50,142.03,961300
2024-05-21 20:00:00-04:00,141.75,141.94,140.79,141.30,1306400
2024-05-22 20:00:00-04:00,141.97,141.97,139.56,139.86,851800
2024-05-23 20:00:00-04:00,140.89,141.19,139.18,140.37,1477100
2024-05-27 20:00:00-04:00,140.34,140.53,136.40,136.59,2080800
2024-05-28 20:00:00-04:00,134.97,135.35,133.48,134.24,2200200
2024-05-29 20:00:00-04:00,134.69,136.75,133.73,136.01,1751500
2024-05-30 20:00:00-04:00,136.31,137.95,134.77,137.59,3015200
2024-06-02 20:00:00-04:00,137.77,137.80,134.01,135.24,2466300
2024-06-03 20:00:00-04:00,134.83,135.36,133.01,133.76,1078400
2024-06-04 20:00:00-04:00,134.16,136.35,133.79,136.27,973500
2024-06-05 20:00:00-04:00,135.83,136.79,132.93,133.54,1190300
2024-06-06 20:00:00-04:00,133.15,134.60,132.22,133.98,873900
2024-06-09 20:00:00-04:00,133.60,135.86,133.25,135.86,1304100
2024-06-10 20:00:00-04:00,135.34,135.34,133.78,135.15,725400
2024-06-11 20:00:00-04:00,137.02,138.00,136.57,137.26,669600
2024-06-12 20:00:00-04:00,136.84,137.51,135.95,137.25,818900
2024-06-13 20:00:00-04:00,136.03,136.96,132.68,134.66,883100
2024-06-16 20:00:00-04:00,134.57,136.45,134.02,136.15,1175800
2024-06-17 20:00:00-04:00,136.15,137.10,135.38,136.96,907500
2024-06-19 20:00:00-04:00,136.59,136.96,135.47,135.84,973300
2024-06-20 20:00:00-04:00,135.79,135.79,133.99,135.30,1698300
2024-06-23 20:00:00-04:00,135.45,136.75,134.53,134.97,1181300
2024-06-24 20:00:00-04:00,134.47,134.71,132.66,133.60,1215500
2024-06-25 20:00:00-04:00,132.41,133.28,131.73,132.90,1246700
2024-06-26 20:00:00-04:00,133.38,133.88,132.78,133.07,829900
2024-06-27 20:00:00-04:00,133.32,134.63,131.03,132.33,2197600
2024-06-30 20:00:00-04:00,132.94,132.94,127.76,128.33,1562600
2024-07-01 20:00:00-04:00,127.78,129.47,127.47,129.05,897200
2024-07-02 20:00:00-04:00,129.05,130.17,128.45,129.48,858200
2024-07-04 20:00:00-04:00,129.33,131.03,127.93,130.99,1106300
2024-07-07 20:00:00-04:00,131.53,132.67,130.60,130.80,746800
2024-07-08 20:00:00-04:00,130.84,131.35,130.24,130.34,938700
2024-07-09 20:00:00-04:00,130.56,133.11,130.09,133.02,861500
2024-07-10 20:00:00-04:00,133.88,135.85,132.69,134.52,830200
2024-07-11 20:00:00-04:00,136.19,136.39,134.95,135.05,763100
2024-07-14 20:00:00-04:00,135.29,135.97,133.59,133.96,1190800
2024-07-15 20:00:00-04:00,134.82,138.00,134.06,137.82,1212500
2024-07-16 20:00:00-04:00,137.09,138.06,135.37,135.62,1214500
2024-07-17 20:00:00-04:00,135.02,136.92,134.42,134.68,962400
2024-07-18 20:00:00-04:00,135.30,135.89,133.23,134.15,1038500
2024-07-21 20:00:00-04:00,135.60,136.16,134.41,135.95,902900
2024-07-22 20:00:00-04:00,135.53,137.78,135.04,137.30,860400
2024-07-23 20:00:00-04:00,136.61,137.20,133.20,133.38,1010600
2024-07-24 20:00:00-04:00,133.69,136.45,132.55,133.79,1242500
2024-07-25 20:00:00-04:00,135.11,138.67,134.47,137.41,1074100
2024-07-28 20:00:00-04:00,137.44,138.49,136.21,138.09,1559700
2024-07-29 20:00:00-04:00,139.52,140.01,129.46,130.23,2841100
2024-07-30 20:00:00-04:00,131.60,132.14,129.37,130.25,2439500
2024-07-31 20:00:00-04:00,129.78,131.46,128.48,130.09,1591700
2024-08-01 20:00:00-04:00,127.94,129.13,125.72,126.98,1557100
2024-08-04 20:00:00-04:00,123.98,125.41,121.97,123.07,1590000
2024-08-05 20:00:00-04:00,123.72,126.26,123.08,124.29,1246200
2024-08-06 20:00:00-04:00,125.94,127.67,123.62,123.74,1121300
2024-08-07 20:00:00-04:00,124.94,125.31,123.08,125.21,1020200
2024-08-08 20:00:00-04:00,125.05,125.69,123.62,125.46,909800
2024-08-11 20:00:00-04:00,125.34,125.84,123.73,124.40,813900
2024-08-12 20:00:00-04:00,125.86,128.57,125.37,128.51,1637800
2024-08-13 20:00:00-04:00,128.52,129.01,127.40,128.29,813400
2024-08-14 20:00:00-04:00,129.72,131.00,128.57,129.95,739000
2024-08-15 20:00:00-04:00,129.76,130.38,128.76,129.57,1956500
2024-08-18 20:00:00-04:00,129.80,131.11,129.35,131.11,751200
2024-08-19 20:00:00-04:00,131.13,132.30,129.96,130.89,772300
2024-08-20 20:00:00-04:00,131.33,132.65,130.91,132.50,1932300
2024-08-21 20:00:00-04:00,132.69,133.71,131.81,132.13,898400
2024-08-22 20:00:00-04:00,133.08,134.18,132.24,133.59,693100
2024-08-25 20:00:00-04:00,133.91,135.10,132.62,132.94,808500
2024-08-26 20:00:00-04:00,132.26,133.12,131.67,132.13,1459700
2024-08-27 20:00:00-04:00,132.47,133.31,132.04,132.52,923400
2024-08-28 20:00:00-04:00,133.24,134.73,132.55,132.82,713500
2024-08-29 20:00:00-04:00,133.10,134.84,132.36,134.54,1263100
2024-09-02 20:00:00-04:00,131.21,133.04,127.48,127.87,2334700
2024-09-03 20:00:00-04:00,126.79,128.62,125.39,126.28,1744400
2024-09-04 20:00:00-04:00,126.24,126.24,123.89,125.25,1108600
2024-09-05 20:00:00-04:00,125.36,127.00,123.83,123.96,1348200
2024-09-08 20:00:00-04:00,124.88,126.98,124.24,126.50,1072800
2024-09-09 20:00:00-04:00,126.69,127.20,125.81,127.00,797200
2024-09-10 20:00:00-04:00,126.91,127.28,123.69,127.05,1003100
2024-09-11 20:00:00-04:00,127.40,128.18,125.87,128.16,1241000
2024-09-12 20:00:00-04:00,128.83,129.43,127.80,127.99,995300
2024-09-15 20:00:00-04:00,129.13,130.27,127.29,129.90,977700
2024-09-16 20:00:00-04:00,130.41,131.50,129.41,130.25,993600
2024-09-17 20:00:00-04:00,130.38,131.92,128.94,129.97,1559200
2024-09-18 20:00:00-04:00,132.60,133.61,131.92,133.34,1092300
2024-09-19 20:00:00-04:00,132.87,133.35,130.86,131.88,2267000
2024-09-22 20:00:00-04:00,132.33,132.65,131.08,131.59,739500
2024-09-23 20:00:00-04:00,131.04,131.46,129.83,130.15,1373100
2024-09-24 20:00:00-04:00,130.82,132.02,130.27,130.71,971800
2024-09-25 20:00:00-04:00,131.97,132.56,131.10,131.21,847000
2024-09-26 20:00:00-04:00,131.73,133.33,130.87,131.59,691300
2024-09-29 20:00:00-04:00,130.94,132.15,129.81,132.10,1005600
2024-09-30 20:00:00-04:00,132.16,132.29,129.86,131.47,1377500
2024-10-01 20:00:00-04:00,130.62,131.80,130.31,131.46,886300
2024-10-02 20:00:00-04:00,131.18,131.18,129.11,130.17,1007800
2024-10-03 20:00:00-04:00,131.39,131.39,129.40,130.57,735000
2024-10-06 20:00:00-04:00,129.80,131.20,129.15,131.12,735500
2024-10-07 20:00:00-04:00,131.39,131.72,130.17,131.28,1108100
2024-10-08 20:00:00-04:00,131.64,133.60,130.94,133.33,989200
2024-10-09 20:00:00-04:00,132.50,133.03,131.18,131.25,922400
2024-10-10 20:00:00-04:00,131.75,134.08,131.35,133.89,812800
2024-10-13 20:00:00-04:00,134.20,134.51,133.17,134.26,657200
2024-10-14 20:00:00-04:00,134.64,135.46,133.60,133.71,899700
2024-10-15 20:00:00-04:00,133.87,134.98,133.78,134.47,978200
2024-10-16 20:00:00-04:00,134.68,135.49,131.89,132.22,1200100
2024-10-17 20:00:00-04:00,132.56,132.91,130.94,131.40,1018200
2024-10-20 20:00:00-04:00,131.00,131.72,129.46,129.64,656800
2024-10-21 20:00:00-04:00,128.76,129.38,127.74,128.51,927600
2024-10-22 20:00:00-04:00,128.29,129.72,128.06,128.86,724700
2024-10-23 20:00:00-04:00,128.97,129.35,127.19,127.81,747200
2024-10-24 20:00:00-04:00,128.62,128.91,127.19,127.59,643900
2024-10-27 20:00:00-04:00,128.65,129.37,127.94,127.95,694000
2024-10-28 20:00:00-04:00,127.36,127.83,126.11,127.07,972100
2024-10-29 20:00:00-04:00,126.81,127.78,126.23,127.39,1318500
2024-10-30 20:00:00-04:00,122.64,122.87,118.22,119.13,2891900
2024-10-31 20:00:00-04:00,118.80,119.78,116.77,116.86,1925000
2024-11-03 19:00:00-05:00,117.64,119.50,117.64,118.21,1348300
2024-11-04 19:00:00-05:00,118.19,119.78,117.51,119.60,1085000
2024-11-05 19:00:00-05:00,122.60,123.17,119.70,121.04,2024500
2024-11-06 19:00:00-05:00,121.90,122.87,120.59,120.97,1223100
2024-11-07 19:00:00-05:00,121.16,122.39,120.80,121.67,884500
2024-11-10 19:00:00-05:00,121.87,122.35,120.44,121.92,1193900
2024-11-11 19:00:00-05:00,121.92,123.29,121.76,122.08,2744600
2024-11-12 19:00:00-05:00,120.86,122.28,119.42,121.04,2230700
2024-11-13 19:00:00-05:00,121.12,121.86,118.97,118.99,1691700
2024-11-14 19:00:00-05:00,119.08,120.01,118.38,119.13,1831300
2024-11-17 19:00:00-05:00,118.64,120.87,118.44,119.80,1459300
2024-11-18 19:00:00-05:00,118.85,119.87,118.35,119.57,1717400
2024-11-19 19:00:00-05:00,119.93,120.60,118.75,120.15,2043000
2024-11-20 19:00:00-05:00,120.23,124.21,120.23,122.64,1686200
2024-11-21 19:00:00-05:00,123.40,124.95,123.03,124.11,1365600
2024-11-24 19:00:00-05:00,124.66,126.47,123.38,126.14,3458025
2024-11-25 19:00:00-05:00,125.83,126.23,122.06,122.17,1536300
2024-11-26 19:00:00-05:00,123.06,124.67,122.56,123.22,1225200
2024-11-28 19:00:00-05:00,123.99,125.40,123.68,124.34,1084000
2024-12-01 19:00:00-05:00,124.29,124.83,122.80,124.60,1418300
2024-12-02 19:00:00-05:00,124.65,125.57,123.47,125.26,1050700
2024-12-03 19:00:00-05:00,125.51,125.98,124.85,125.12,1157300
2024-12-04 19:00:00-05:00,124.98,125.47,123.80,123.83,975600
2024-12-05 19:00:00-05:00,124.59,125.31,123.73,123.97,980200
2024-12-08 19:00:00-05:00,125.17,127.65,124.78,126.89,1933700
2024-12-09 19:00:00-05:00,127.44,127.85,124.39,126.13,1767300
2024-12-10 19:00:00-05:00,126.91,126.91,120.74,121.04,2273800
2024-12-11 19:00:00-05:00,119.76,120.55,118.47,118.77,1577500
2024-12-12 19:00:00-05:00,118.63,119.33,118.11,118.31,1353600
2024-12-15 19:00:00-05:00,118.43,120.24,117.72,118.49,1515900
2024-12-16 19:00:00-05:00,117.46,119.45,117.46,118.48,2009200
2024-12-17 19:00:00-05:00,118.50,119.25,114.66,114.70,1638500
2024-12-18 19:00:00-05:00,115.21,116.66,113.92,114.22,1708000
2024-12-19 19:00:00-05:00,113.87,115.88,113.70,114.92,2799600
2024-12-22 19:00:00-05:00,114.55,115.57,114.36,115.28,945800
2024-12-23 19:00:00-05:00,115.14,116.11,115.00,115.91,379300
2024-12-25 19:00:00-05:00,115.56,116.47,115.31,116.22,575700
2024-12-26 19:00:00-05:00,115.37,116.84,114.95,115.30,552400
2024-12-29 19:00:00-05:00,114.25,114.58,112.97,114.07,586800
2024-12-30 19:00:00-05:00,114.56,114.89,113.37,113.82,641600
2025-01-01 19:00:00-05:00,114.80,115.48,113.70,113.75,1015900
2025-01-02 19:00:00-05:00,113.96,115.56,113.96,114.95,816600
2025-01-05 19:00:00-05:00,115.39,115.64,114.14,114.62,1166500
2025-01-06 19:00:00-05:00,114.67,115.29,112.90,113.58,1232400
2025-01-07 19:00:00-05:00,112.97,113.85,112.08,113.71,1274500
2025-01-09 19:00:00-05:00,112.21,113.37,111.58,111.85,1334500
2025-01-12 19:00:00-05:00,111.38,113.48,111.11,113.44,1154300
2025-01-13 19:00:00-05:00,113.65,114.17,112.10,113.23,2137000
2025-01-14 19:00:00-05:00,115.38,115.98,113.17,113.88,1340000
2025-01-15 19:00:00-05:00,114.75,116.95,114.49,116.69,1465500
2025-01-16 19:00:00-05:00,117.70,118.53,116.98,117.39,1396500
2025-01-20 19:00:00-05:00,118.39,120.06,117.82,119.60,1182400
2025-01-21 19:00:00-05:00,119.57,120.60,118.74,119.33,1191000
2025-01-22 19:00:00-05:00,119.30,120.16,118.46,119.27,1028300
2025-01-23 19:00:00-05:00,119.47,120.38,118.70,119.26,1066200
2025-01-26 19:00:00-05:00,118.26,120.04,117.81,119.86,885200
2025-01-27 19:00:00-05:00,119.59,119.92,118.20,119.04,957500
2025-01-28 19:00:00-05:00,118.85,120.23,118.77,118.95,727200
2025-01-29 19:00:00-05:00,119.81,120.57,118.22,119.48,1197600
2025-01-30 19:00:00-05:00,117.86,121.93,117.79,121.68,1983300
2025-02-02 19:00:00-05:00,119.99,121.06,118.24,120.47,1795100
2025-02-03 19:00:00-05:00,122.63,129.42,122.63,126.79,2556400
2025-02-04 19:00:00-05:00,126.55,128.93,126.05,127.34,1970500
2025-02-05 19:00:00-05:00,127.67,129.13,126.55,128.92,1748600
2025-02-06 19:00:00-05:00,128.98,130.09,128.23,128.60,2040200
2025-02-09 19:00:00-05:00,129.52,129.66,127.82,128.77,1490400
2025-02-10 19:00:00-05:00,128.44,130.38,127.61,129.53,1211900
2025-02-11 19:00:00-05:00,127.70,128.93,127.10,127.44,1718000
2025-02-12 19:00:00-05:00,127.83,128.93,127.18,128.60,818500
2025-02-13 19:00:00-05:00,128.79,129.24,126.76,126.92,1162500
2025-02-17 19:00:00-05:00,127.26,128.80,126.45,128.41,1132100
2025-02-18 19:00:00-05:00,127.65,128.54,127.29,128.18,1006700
2025-02-19 19:00:00-05:00,128.29,128.29,126.45,127.66,830700
2025-02-20 19:00:00-05:00,127.99,128.42,124.99,125.31,1234300
2025-02-23 19:00:00-05:00,125.71,126.90,124.22,126.18,1511700
2025-02-24 19:00:00-05:00,126.30,127.93,125.54,126.02,2319200
2025-02-25 19:00:00-05:00,126.62,127.50,126.15,126.45,1280800
2025-02-26 19:00:00-05:00,126.33,127.58,125.88,126.73,2093200
2025-02-27 19:00:00-05:00,127.60,129.07,126.68,128.80,2510800
2025-03-02 19:00:00-05:00,129.31,130.58,127.05,127.71,1318000
2025-03-03 19:00:00-05:00,125.72,127.19,124.50,125.29,1819000
2025-03-04 19:00:00-05:00,125.58,128.76,125.53,127.60,1521100
2025-03-05 19:00:00-05:00,126.00,127.58,125.16,126.90,1504700
2025-03-06 19:00:00-05:00,125.98,128.82,125.22,128.54,1282800
2025-03-09 20:00:00-04:00,127.03,128.79,125.68,126.20,1339600
2025-03-10 20:00:00-04:00,126.01,126.12,121.52,121.66,1884000
2025-03-11 20:00:00-04:00,122.20,122.55,120.81,120.89,1118000
2025-03-12 20:00:00-04:00,120.90,121.97,118.86,119.07,1385500
2025-03-13 20:00:00-04:00,120.58,121.30,119.82,120.80,1810300
2025-03-16 20:00:00-04:00,120.55,122.53,120.18,121.12,1712300
2025-03-17 20:00:00-04:00,120.71,120.99,118.72,118.99,1346600
2025-03-18 20:00:00-04:00,118.85,120.24,118.41,119.37,1646100
2025-03-19 20:00:00-04:00,118.15,118.88,117.23,117.93,1329200
2025-03-20 20:00:00-04:00,116.80,117.31,115.17,116.58,2663500
2025-03-23 20:00:00-04:00,118.06,119.17,117.38,118.87,2251800
2025-03-24 20:00:00-04:00,119.69,121.51,118.45,121.13,1745400
2025-03-25 20:00:00-04:00,120.90,121.85,120.50,121.17,1643300
2025-03-26 20:00:00-04:00,120.87,121.87,119.49,120.07,1625200
2025-03-27 20:00:00-04:00,119.64,120.70,117.49,117.53,1590300
2025-03-30 20:00:00-04:00,116.75,118.19,114.66,117.55,1694800
2025-03-31 20:00:00-04:00,117.46,118.38,116.32,117.97,1414800
2025-04-01 20:00:00-04:00,116.62,117.35,115.86,117.15,2648400
2025-04-02 20:00:00-04:00,113.62,114.43,109.11,109.22,2755600
2025-04-03 20:00:00-04:00,106.28,106.55,102.58,102.93,2835500
2025-04-06 20:00:00-04:00,100.85,105.98,98.87,102.04,3238400
2025-04-07 20:00:00-04:00,105.15,106.34,99.68,101.22,3458025
2025-04-08 20:00:00-04:00,100.14,109.40,99.11,108.74,2965000
2025-04-09 20:00:00-04:00,106.53,107.43,102.48,105.96,2176200
2025-04-10 20:00:00-04:00,105.61,108.44,104.04,107.32,1938100
2025-04-13 20:00:00-04:00,109.47,109.47,106.86,107.95,1694200
2025-04-14 20:00:00-04:00,108.57,109.03,107.19,107.40,1559100
2025-04-15 20:00:00-04:00,106.53,108.96,106.53,107.45,2485000
2025-04-16 20:00:00-04:00,107.52,109.73,107.52,108.66,2154900
2025-04-20 20:00:00-04:00,107.47,108.26,105.33,106.79,1917900
2025-04-21 20:00:00-04:00,108.25,110.14,107.52,109.92,2416300
2025-04-22 20:00:00-04:00,112.38,114.46,111.18,111.54,1773200
2025-04-23 20:00:00-04:00,111.72,114.30,111.35,113.77,1819200
2025-04-24 20:00:00-04:00,113.78,114.53,112.91,114.25,1923100
2025-04-27 20:00:00-04:00,114.97,115.50,112.66,114.07,2427200
2025-04-28 20:00:00-04:00,117.10,117.80,113.45,116.73,2864900
2025-04-29 20:00:00-04:00,116.18,118.86,115.17,118.65,2701500
2025-04-30 20:00:00-04:00,119.10,119.91,118.33,118.82,1829900
2025-05-01 20:00:00-04:00,120.70,123.27,120.09,122.27,1834700
2025-05-04 20:00:00-04:00,121.27,122.41,120.35,120.38,1411000
2025-05-05 20:00:00-04:00,119.02,120.52,118.48,118.53,1606800
2025-05-06 20:00:00-04:00,119.01,120.34,118.52,119.16,1664200
2025-05-07 20:00:00-04:00,119.99,122.39,119.45,121.34,986100
2025-05-08 20:00:00-04:00,121.59,122.02,120.66,120.89,664800
2025-05-11 20:00:00-04:00,125.08,125.27,123.65,125.22,1531600
2025-05-12 20:00:00-04:00,125.15,125.67,124.76,124.91,1327600
2025-05-13 20:00:00-04:00,124.52,124.74,123.20,123.45,1232200
2025-05-14 20:00:00-04:00,123.30,125.15,123.22,124.60,1222700
2025-05-15 20:00:00-04:00,124.92,126.02,123.84,125.99,1042400
2025-05-18 20:00:00-04:00,124.68,126.15,124.41,125.96,786700
2025-05-19 20:00:00-04:00,125.56,125.98,124.61,124.98,1185500
2025-05-20 20:00:00-04:00,123.99,125.21,123.59,123.66,1226700
2025-05-21 20:00:00-04:00,123.24,124.10,122.91,123.27,1383600
2025-05-22 20:00:00-04:00,121.60,122.77,121.60,122.07,1282300
2025-05-26 20:00:00-04:00,123.66,124.29,122.59,124.23,1151100
2025-05-27 20:00:00-04:00,124.60,125.11,123.35,123.65,985500
2025-05-28 20:00:00-04:00,124.55,124.55,122.81,124.05,887600
2025-05-29 20:00:00-04:00,124.90,125.07,123.60,124.43,2624100
2025-06-01 20:00:00-04:00,123.53,124.21,122.23,124.09,1382800
2025-06-02 20:00:00-04:00,124.06,125.99,123.49,125.52,949100
2025-06-03 20:00:00-04:00,125.88,125.96,125.10,125.11,1045700
2025-06-04 20:00:00-04:00,125.43,125.50,124.28,125.04,844300
2025-06-05 20:00:00-04:00,126.34,126.80,123.99,125.06,1921800
2025-06-08 20:00:00-04:00,125.43,126.77,125.13,126.00,1066700
2025-06-09 20:00:00-04:00,126.19,126.98,125.51,126.84,1044400
2025-06-10 20:00:00-04:00,126.77,126.99,125.16,125.39,728600
2025-06-11 20:00:00-04:00,124.81,125.92,124.44,125.67,791000
2025-06-12 20:00:00-04:00,124.16,125.31,123.11,123.89,854000
2025-06-15 20:00:00-04:00,124.90,126.48,124.69,125.96,1010900
2025-06-16 20:00:00-04:00,125.26,125.68,123.65,123.76,824100
2025-06-17 20:00:00-04:00,123.87,124.65,123.40,123.53,931900
2025-06-19 20:00:00-04:00,123.59,124.52,122.76,122.87,2027300
2025-06-22 20:00:00-04:00,123.02,124.01,121.75,123.88,1257100
2025-06-23 20:00:00-04:00,124.73,125.85,123.37,125.52,1136100
2025-06-24 20:00:00-04:00,125.84,126.26,124.95,125.86,1386400
2025-06-25 20:00:00-04:00,126.35,128.54,125.90,127.84,1535700
2025-06-26 20:00:00-04:00,128.00,129.16,125.70,126.59,3027200
2025-06-29 20:00:00-04:00,126.89,127.85,125.74,127.70,2548300
2025-06-30 20:00:00-04:00,127.19,130.19,127.05,129.32,1479800
2025-07-01 20:00:00-04:00,129.57,130.22,128.86,130.02,1151800
2025-07-02 20:00:00-04:00,130.11,130.98,129.82,130.59,713700
2025-07-06 20:00:00-04:00,130.22,131.01,128.96,129.32,1320600
2025-07-07 20:00:00-04:00,129.27,130.71,129.24,129.73,1068400
2025-07-08 20:00:00-04:00,130.48,130.49,128.72,129.86,892400
2025-07-09 20:00:00-04:00,130.32,130.82,129.53,129.91,1124700
2025-07-10 20:00:00-04:00,128.86,129.67,128.62,129.27,1078900
2025-07-13 20:00:00-04:00,128.86,129.66,128.25,129.29,951400
2025-07-14 20:00:00-04:00,129.95,130.77,128.00,128.01,693600
2025-07-15 20:00:00-04:00,128.05,128.77,126.86,128.75,1031800
2025-07-16 20:00:00-04:00,128.65,130.87,128.08,130.76,1036000
2025-07-17 20:00:00-04:00,130.79,131.27,130.05,131.01,974400
2025-07-20 20:00:00-04:00,131.83,132.20,130.18,130.25,679400
2025-07-21 20:00:00-04:00,130.06,130.45,127.41,129.37,955500
2025-07-22 20:00:00-04:00,130.03,130.46,129.33,130.08,616400
2025-07-23 20:00:00-04:00,129.69,130.47,129.12,129.56,716300
2025-07-24 20:00:00-04:00,130.27,131.12,129.55,130.87,580500
2025-07-27 20:00:00-04:00,130.85,131.29,130.20,130.57,824300
2025-07-28 20:00:00-04:00,131.34,132.10,129.61,130.27,809100
2025-07-29 20:00:00-04:00,130.65,131.29,128.45,128.93,1735100
2025-07-30 20:00:00-04:00,135.95,142.97,133.27,142.77,3458025
2025-07-31 20:00:00-04:00,141.85,142.05,138.79,140.36,2023900
2025-08-03 20:00:00-04:00,140.90,142.55,140.04,142.13,1593600
2025-08-04 20:00:00-04:00,143.14,143.47,140.40,141.77,1082400
2025-08-05 20:00:00-04:00,142.09,142.18,140.61,141.78,956600
2025-08-06 20:00:00-04:00,142.79,143.37,140.97,141.64,938200
2025-08-07 20:00:00-04:00,141.88,142.59,140.53,140.82,597000
2025-08-10 20:00:00-04:00,140.38,141.13,139.95,141.04,957700
2025-08-11 20:00:00-04:00,141.93,141.95,141.07,141.59,867700
2025-08-12 20:00:00-04:00,141.46,142.22,139.20,141.69,1833300
2025-08-13 20:00:00-04:00,140.93,141.49,139.46,140.02,779100
2025-08-14 20:00:00-04:00,140.35,140.43,138.93,139.01,765100
2025-08-17 20:00:00-04:00,138.86,139.77,138.49,139.05,859500
2025-08-18 20:00:00-04:00,139.42,140.39,139.11,140.01,1461800
2025-08-19 20:00:00-04:00,139.38,140.86,138.64,140.05,1234800
2025-08-20 20:00:00-04:00,139.29,139.69,138.35,138.42,817600
2025-08-21 20:00:00-04:00,139.28,142.40,138.90,141.90,1186100
2025-08-24 20:00:00-04:00,141.83,142.97,140.73,140.84,897200
2025-08-25 20:00:00-04:00,140.73,141.80,140.18,141.50,1524100
2025-08-26 20:00:00-04:00,141.61,142.97,141.61,142.77,835800
2025-08-27 20:00:00-04:00,143.04,143.04,141.98,142.56,961000
2025-08-28 20:00:00-04:00,142.34,142.80,139.98,140.13,1114500
2025-09-01 20:00:00-04:00,139.14,139.43,137.71,138.94,1328600
2025-09-02 20:00:00-04:00,138.96,139.31,137.64,138.29,1081400
2025-09-03 20:00:00-04:00,138.46,140.51,138.13,140.51,870300
2025-09-04 20:00:00-04:00,141.21,141.69,138.10,139.14,1170900
2025-09-07 20:00:00-04:00,139.09,139.40,137.81,138.62,1421000
2025-09-08 20:00:00-04:00,137.86,138.37,134.96,136.16,1205100
2025-09-09 20:00:00-04:00,136.51,137.41,135.62,136.34,1133400
2025-09-10 20:00:00-04:00,136.64,141.08,135.68,140.37,1705300
2025-09-11 20:00:00-04:00,140.10,140.77,139.77,140.12,1432800
2025-09-14 20:00:00-04:00,140.57,141.42,139.80,140.31,1194100
2025-09-15 20:00:00-04:00,140.62,140.69,138.54,139.30,1109000
2025-09-16 20:00:00-04:00,140.15,141.96,138.90,139.57,1200500
2025-09-17 20:00:00-04:00,139.96,141.90,139.96,140.75,1303600
2025-09-18 20:00:00-04:00,141.45,142.36,140.18,141.44,2435700
2025-09-21 20:00:00-04:00,140.60,142.48,140.47,142.09,1002900
2025-09-22 20:00:00-04:00,142.55,142.86,140.82,141.67,957800
2025-09-23 20:00:00-04:00,141.39,141.98,139.83,140.04,1065900
2025-09-24 20:00:00-04:00,139.32,140.31,138.66,140.03,942900
2025-09-25 20:00:00-04:00,140.52,141.66,139.97,141.59,795300
2025-09-28 20:00:00-04:00,142.32,142.91,141.52,142.50,1087600
2025-09-29 20:00:00-04:00,142.58,146.46,142.41,146.01,1841000
2025-09-30 20:00:00-04:00,144.93,146.63,143.75,146.39,1321000
2025-10-01 20:00:00-04:00,146.99,148.42,146.01,147.51,1347100
2025-10-02 20:00:00-04:00,147.18,149.46,145.94,148.34,1245600
2025-10-05 20:00:00-04:00,148.41,149.64,146.93,148.39,1330600
2025-10-06 20:00:00-04:00,148.59,148.95,145.41,146.64,1190800
2025-10-07 20:00:00-04:00,147.28,147.80,145.81,146.70,1029500
2025-10-08 20:00:00-04:00,146.18,147.31,144.55,145.33,878800
2025-10-09 20:00:00-04:00,145.79,146.04,142.81,142.87,1403600
2025-10-12 20:00:00-04:00,143.63,145.31,142.85,144.53,851300
2025-10-13 20:00:00-04:00,143.06,145.99,142.55,145.09,905100
2025-10-14 20:00:00-04:00,145.64,146.13,143.35,144.30,957100
2025-10-15 20:00:00-04:00,144.58,144.78,142.16,143.37,1462900
2025-10-16 20:00:00-04:00,143.27,144.72,142.80,144.44,1145100
2025-10-19 20:00:00-04:00,145.48,146.08,144.10,145.28,728800
2025-10-20 20:00:00-04:00,144.90,146.26,144.74,145.71,812800
2025-10-21 20:00:00-04:00,146.02,146.97,144.52,144.52,833800
2025-10-22 20:00:00-04:00,144.55,146.56,144.55,146.20,920100
2025-10-23 20:00:00-04:00,146.73,147.42,145.75,146.76,1029100
2025-10-26 20:00:00-04:00,147.51,148.89,146.89,147.90,1688000
2025-10-27 20:00:00-04:00,151.20,151.52,144.99,148.98,2365100
2025-10-28 20:00:00-04:00,150.50,152.36,149.85,151.41,1355400
2025-10-29 20:00:00-04:00,151.12,152.72,149.90,150.00,1508800
2025-10-30 20:00:00-04:00,149.65,150.33,148.24,149.33,1347500
2025-11-02 19:00:00-05:00,148.98,149.06,146.67,147.59,1219000
2025-11-03 19:00:00-05:00,146.36,148.64,145.59,148.18,1194700
2025-11-04 19:00:00-05:00,148.09,149.72,147.61,149.16,898500
2025-11-05 19:00:00-05:00,149.55,150.90,148.16,148.83,888200
2025-11-06 19:00:00-05:00,148.64,150.48,147.99,149.79,1020800
2025-11-09 19:00:00-05:00,149.94,150.63,147.70,149.53,947600
2025-11-10 19:00:00-05:00,149.42,149.58,148.17,148.27,789500
2025-11-11 19:00:00-05:00,148.56,150.46,147.50,148.36,1322700
2025-11-12 19:00:00-05:00,148.21,148.99,145.63,145.79,1755100
2025-11-13 19:00:00-05:00,145.13,145.28,140.97,141.29,2095500
2025-11-16 19:00:00-05:00,141.40,141.49,139.03,139.57,1570300
2025-11-17 19:00:00-05:00,138.88,139.32,136.63,138.75,1611200
2025-11-18 19:00:00-05:00,138.88,139.39,136.91,137.58,1269100
2025-11-19 19:00:00-05:00,139.08,139.53,136.51,136.65,1520800
2025-11-20 19:00:00-05:00,137.28,139.22,136.24,138.98,1752600
2025-11-23 19:00:00-05:00,138.98,140.90,138.10,140.40,3242500
2025-11-24 19:00:00-05:00,141.32,141.97,139.83,140.48,1695800
2025-11-25 19:00:00-05:00,140.48,141.33,139.55,140.09,1442600
2025-11-27 19:00:00-05:00,140.23,140.60,139.24,139.65,1554300
2025-11-30 19:00:00-05:00,138.32,139.95,138.22,138.40,1395700
2025-12-01 19:00:00-05:00,138.88,139.42,137.58,138.41,1191600
2025-12-02 19:00:00-05:00,138.38,140.15,138.38,139.87,1321400
2025-12-03 19:00:00-05:00,139.77,140.40,138.94,139.85,1014900
2025-12-04 19:00:00-05:00,139.88,140.39,137.51,138.00,1569300
2025-12-07 19:00:00-05:00,137.74,138.81,136.45,137.31,1725000
2025-12-08 19:00:00-05:00,137.57,138.26,135.84,135.95,1334700
2025-12-09 19:00:00-05:00,136.54,138.22,135.68,137.45,1381100
2025-12-10 19:00:00-05:00,137.61,139.71,137.61,139.04,1084700
2025-12-11 19:00:00-05:00,139.47,139.54,135.47,136.10,1695600
2025-12-14 19:00:00-05:00,136.80,137.27,135.62,137.24,1441200
2025-12-15 19:00:00-05:00,137.63,138.56,135.76,136.60,1217500
2025-12-16 19:00:00-05:00,136.05,137.53,135.33,135.88,1428300
2025-12-17 19:00:00-05:00,137.04,137.94,135.37,135.70,1164000
2025-12-18 19:00:00-05:00,135.71,137.24,135.39,137.07,2100500
2025-12-21 19:00:00-05:00,137.17,138.51,136.74,138.10,1009600
2025-12-22 19:00:00-05:00,137.98,138.70,137.13,137.61,683200
2025-12-23 19:00:00-05:00,137.61,138.11,137.41,137.72,303700
2025-12-25 19:00:00-05:00,137.62,138.12,137.16,137.79,484600
2025-12-28 19:00:00-05:00,137.74,138.17,137.33,137.40,646500
2025-12-29 19:00:00-05:00,137.07,137.40,136.54,136.59,531900
2025-12-30 19:00:00-05:00,136.78,136.94,135.10,135.19,532000
2026-01-01 19:00:00-05:00,135.30,136.33,134.64,136.11,671600
2026-01-04 19:00:00-05:00,135.57,138.81,135.56,137.99,931600
2026-01-05 19:00:00-05:00,137.30,140.50,135.56,140.30,927700
2026-01-06 19:00:00-05:00,140.10,140.82,138.00,138.42,1009800
2026-01-07 19:00:00-05:00,137.58,140.35,137.58,139.87,1121300
2026-01-08 19:00:00-05:00,140.54,140.75,138.58,138.67,989300
2026-01-11 19:00:00-05:00,138.50,139.34,137.64,138.07,1533400
2026-01-12 19:00:00-05:00,138.50,139.46,137.85,139.09,1230000
2026-01-13 19:00:00-05:00,139.16,139.84,137.66,139.07,1358400
2026-01-14 19:00:00-05:00,140.54,143.94,139.85,143.76,2214700
2026-01-15 19:00:00-05:00,143.52,145.48,142.64,145.07,1683600
2026-01-19 19:00:00-05:00,143.49,143.56,137.62,137.81,1963800
2026-01-20 19:00:00-05:00,139.19,141.56,137.83,140.73,1309700
2026-01-21 19:00:00-05:00,141.56,142.22,140.28,141.87,868600
2026-01-22 19:00:00-05:00,141.27,141.91,139.38,140.20,960100
2026-01-25 19:00:00-05:00,141.27,142.81,141.08,142.31,1154400
2026-01-26 19:00:00-05:00,142.75,142.75,139.33,139.39,1607300
2026-01-27 19:00:00-05:00,138.23,138.74,131.40,134.53,3438300
2026-01-28 19:00:00-05:00,135.79,136.95,134.14,136.92,1785000
2026-01-29 19:00:00-05:00,136.00,137.44,135.42,136.87,1422600
2026-02-01 19:00:00-05:00,136.88,139.41,136.29,138.86,1207800
2026-02-02 19:00:00-05:00,138.07,139.78,136.47,137.56,1082500
2026-02-03 19:00:00-05:00,137.76,140.97,137.25,138.72,2089200
2026-02-04 19:00:00-05:00,138.45,139.38,137.48,138.23,1284700
2026-02-05 19:00:00-05:00,139.61,141.35,137.92,141.09,2220000
2026-02-08 19:00:00-05:00,140.13,141.93,138.92,139.17,2956300
2026-02-09 19:00:00-05:00,125.32,131.83,123.08,127.98,3458025
2026-02-10 19:00:00-05:00,129.21,130.77,124.98,125.85,3408800
2026-02-11 19:00:00-05:00,127.01,128.77,125.16,125.18,2994800
2026-02-12 19:00:00-05:00,124.95,128.91,124.48,127.16,2420300
2026-02-16 19:00:00-05:00,127.03,129.30,126.18,127.25,2674200
2026-02-17 19:00:00-05:00,126.97,129.52,126.50,128.30,1864300
2026-02-18 19:00:00-05:00,127.53,129.16,127.13,128.27,1240800
2026-02-19 19:00:00-05:00,128.24,130.39,127.33,127.73,1876800
2026-02-22 19:00:00-05:00,126.84,128.59,126.09,126.33,1930300
2026-02-23 19:00:00-05:00,127.13,127.96,126.55,127.63,1353300
2026-02-24 19:00:00-05:00,127.96,129.28,125.93,127.76,1688600
2026-02-25 19:00:00-05:00,130.19,131.43,128.32,131.41,1966700
2026-02-26 19:00:00-05:00,129.85,130.53,127.28,129.05,3362300
2026-03-01 19:00:00-05:00,127.10,129.55,126.68,128.48,2717900
2026-03-02 19:00:00-05:00,125.54,127.50,124.36,126.68,1583700
2026-03-03 19:00:00-05:00,127.13,129.14,125.43,128.89,1479400
2026-03-04 19:00:00-05:00,127.57,128.83,124.50,125.70,1989300
2026-03-05 19:00:00-05:00,123.60,124.26,122.22,122.67,1813900
2026-03-08 20:00:00-04:00,119.83,123.49,119.21,123.04,2519400
2026-03-09 20:00:00-04:00,122.90,124.06,122.18,122.23,1690800
2026-03-10 20:00:00-04:00,121.78,122.57,120.97,121.87,1488500
2026-03-11 20:00:00-04:00,120.77,122.06,119.40,119.55,1626400
2026-03-12 20:00:00-04:00,120.65,120.71,118.24,119.41,1842200
2026-03-15 20:00:00-04:00,120.51,121.04,119.68,120.60,1648200
2026-03-16 20:00:00-04:00,121.21,122.58,119.85,121.28,1640600
2026-03-17 20:00:00-04:00,120.84,122.21,119.02,119.15,2104000
2026-03-18 20:00:00-04:00,117.57,120.95,116.97,120.03,1613300
2026-03-19 20:00:00-04:00,119.52,120.66,118.63,119.97,3458025
2026-03-22 20:00:00-04:00,121.46,122.56,119.35,119.47,2668200
2026-03-23 20:00:00-04:00,118.08,121.15,117.90,119.98,2081200
2026-03-24 20:00:00-04:00,121.73,122.05,119.69,121.27,1542400
2026-03-25 20:00:00-04:00,120.33,122.15,118.71,119.02,1751500
2026-03-26 20:00:00-04:00,118.45,119.00,116.91,117.09,1594400
2026-03-29 20:00:00-04:00,118.05,118.51,115.60,115.73,1537800
2026-03-30 20:00:00-04:00,117.08,119.84,115.93,119.03,2532000
2026-03-31 20:00:00-04:00,119.86,122.56,119.72,122.00,2184500
2026-04-01 20:00:00-04:00,119.63,122.10,118.47,120.79,1439900
2026-04-05 20:00:00-04:00,120.31,124.28,120.22,123.37,2778000
2026-04-06 20:00:00-04:00,123.12,125.20,122.96,123.78,2991500
2026-04-07 20:00:00-04:00,127.53,128.32,126.25,127.47,2933600
2026-04-08 20:00:00-04:00,126.66,129.32,126.40,128.89,2303600
2026-04-09 20:00:00-04:00,128.96,129.53,127.36,128.22,1626900
2026-04-12 20:00:00-04:00,127.78,128.41,126.18,128.35,2031700
2026-04-13 20:00:00-04:00,128.38,129.61,127.51,129.15,1502100
2026-04-14 20:00:00-04:00,128.75,129.67,123.77,124.70,2332500
2026-04-15 20:00:00-04:00,124.47,125.90,124.26,124.72,1931800
2026-04-16 20:00:00-04:00,120.33,122.87,120.08,120.64,3458025
2026-04-19 20:00:00-04:00,120.05,120.84,119.05,119.99,3402900
2026-04-20 20:00:00-04:00,118.21,120.56,117.55,119.51,2969700
2026-04-21 20:00:00-04:00,120.00,121.06,119.01,120.99,2655100
2026-04-22 20:00:00-04:00,121.53,122.36,119.90,121.21,2358100
2026-04-23 20:00:00-04:00,120.47,121.48,119.36,120.99,2219400
2026-04-26 20:00:00-04:00,121.93,123.20,120.65,123.03,2983600
2026-04-27 20:00:00-04:00,124.52,124.52,116.72,117.45,3360600
2026-04-28 20:00:00-04:00,117.33,117.93,113.70,114.95,2660800
2026-04-29 20:00:00-04:00,115.43,117.92,114.34,117.70,2543000
2026-04-30 20:00:00-04:00,117.82,118.56,114.41,114.92,1872000
2026-05-03 20:00:00-04:00,114.53,116.46,114.34,114.39,1639500
2026-05-04 20:00:00-04:00,115.65,116.91,114.94,115.94,1318900
2026-05-05 20:00:00-04:00,117.66,120.02,117.33,118.13,2501500
2026-05-06 20:00:00-04:00,118.21,118.23,115.14,115.19,2957000
2026-05-07 20:00:00-04:00,115.19,115.73,113.01,113.29,2184600
2026-05-10 20:00:00-04:00,113.13,113.79,111.38,111.56,1669400
2026-05-11 20:00:00-04:00,111.35,111.94,110.52,111.10,1838600
2026-05-12 20:00:00-04:00,110.85,111.67,108.54,108.58,1987300
2026-05-13 20:00:00-04:00,109.63,110.27,108.65,109.01,1961000
2026-05-14 20:00:00-04:00,108.47,109.87,107.62,107.70,2303900
2026-05-17 20:00:00-04:00,107.83,108.86,107.37,107.88,2342400
2026-05-18 20:00:00-04:00,107.22,107.57,105.78,105.92,1794300
2026-05-19 20:00:00-04:00,105.85,107.90,104.88,107.80,1737900
2026-05-20 20:00:00-04:00,106.38,108.98,105.85,108.28,1547000
2026-05-21 20:00:00-04:00,108.82,110.40,108.21,109.85,1540200
2026-05-25 20:00:00-04:00,110.68,111.33,109.84,110.70,1859300
2026-05-26 20:00:00-04:00,111.89,112.31,109.33,109.67,1684400
2026-05-27 20:00:00-04:00,109.40,110.28,108.50,109.25,2198200
2026-05-28 20:00:00-04:00,109.68,110.63,108.80,109.54,2772800
2026-05-31 20:00:00-04:00,108.00,109.14,106.74,108.33,2284800
2026-06-01 20:00:00-04:00,108.75,110.61,108.71,110.29,1739300
2026-06-02 20:00:00-04:00,110.22,111.05,108.72,109.69,1955300
2026-06-03 20:00:00-04:00,111.31,111.55,109.31,110.18,1663500
2026-06-04 20:00:00-04:00,110.40,111.34,109.29,109.94,1973300
2026-06-07 20:00:00-04:00,109.34,111.10,109.17,109.52,1662100
2026-06-08 20:00:00-04:00,110.72,111.84,109.58,110.87,2222400
2026-06-09 20:00:00-04:00,110.40,110.47,107.13,107.13,1695400
2026-06-10 20:00:00-04:00,107.69,109.57,106.54,109.05,1424600
2026-06-11 20:00:00-04:00,110.10,110.41,108.80,110.08,1429200
2026-06-14 20:00:00-04:00,111.61,112.52,110.73,110.97,1237300
2026-06-15 20:00:00-04:00,111.75,113.06,111.64,112.03,1578000
2026-06-16 20:00:00-04:00,111.88,113.08,109.82,110.29,2084900
2026-06-17 20:00:00-04:00,111.57,112.74,110.75,111.42,3458025
2026-06-21 20:00:00-04:00,111.30,112.19,110.50,111.77,2447700
2026-06-22 20:00:00-04:00,110.08,112.08,109.05,110.40,1743700
2026-06-23 20:00:00-04:00,111.25,113.74,110.70,112.04,1655300
2026-06-24 20:00:00-04:00,115.05,119.57,114.63,117.00,2374100
2026-06-25 20:00:00-04:00,117.36,117.80,115.75,116.45,2606000
2026-06-28 20:00:00-04:00,116.12,117.67,115.66,116.73,1962600
