Date,Open,High,Low,Close,Volume
2018-07-01 20:00:00-04:00,88.68,88.68,87.46,87.95,5073500
2018-07-02 20:00:00-04:00,88.80,89.67,88.16,88.29,3919600
2018-07-04 20:00:00-04:00,89.26,89.36,87.64,87.76,5926900
2018-07-05 20:00:00-04:00,87.43,88.14,87.20,87.87,4020000
2018-07-08 20:00:00-04:00,88.48,89.38,88.26,89.18,4602200
2018-07-09 20:00:00-04:00,90.13,90.96,89.72,90.31,5092100
2018-07-10 20:00:00-04:00,89.35,89.67,87.04,87.43,6631800
2018-07-11 20:00:00-04:00,88.08,88.44,87.48,87.95,3745200
2018-07-12 20:00:00-04:00,87.91,88.39,87.51,87.80,3352800
2018-07-15 20:00:00-04:00,87.07,87.68,86.27,87.05,4317800
2018-07-16 20:00:00-04:00,86.61,87.03,86.21,86.29,4135200
2018-07-17 20:00:00-04:00,85.82,86.12,84.70,86.02,6061300
2018-07-18 20:00:00-04:00,85.72,86.45,85.65,86.12,4471400
2018-07-19 20:00:00-04:00,85.82,86.60,85.65,86.54,5394700
2018-07-22 20:00:00-04:00,86.60,87.11,85.76,85.88,5359400
2018-07-23 20:00:00-04:00,86.26,87.88,86.25,87.66,4423500
2018-07-24 20:00:00-04:00,87.50,88.64,87.25,88.41,4278800
2018-07-25 20:00:00-04:00,88.27,88.75,87.63,87.73,5544100
2018-07-26 20:00:00-04:00,86.91,89.92,86.41,89.16,7580900
2018-07-29 20:00:00-04:00,89.72,90.89,89.34,90.48,5729300
2018-07-30 20:00:00-04:00,90.60,90.99,89.28,89.38,5894400
2018-07-31 20:00:00-04:00,88.70,89.13,88.30,88.75,4661000
2018-08-01 20:00:00-04:00,88.08,88.34,87.27,87.60,4639600
2018-08-02 20:00:00-04:00,87.88,87.95,87.30,87.80,5299400
2018-08-05 20:00:00-04:00,88.07,88.43,87.44,87.98,4455900
2018-08-06 20:00:00-04:00,88.86,88.97,88.30,88.60,4542000
2018-08-07 20:00:00-04:00,88.14,88.33,87.29,87.68,5957200
2018-08-08 20:00:00-04:00,87.74,88.03,86.54,86.73,5218300
2018-08-09 20:00:00-04:00,86.47,87.43,86.00,87.30,6128000
2018-08-12 20:00:00-04:00,87.28,87.54,86.54,86.67,4360000
2018-08-13 20:00:00-04:00,87.01,87.52,86.35,86.76,3622200
2018-08-14 20:00:00-04:00,86.14,86.16,83.12,83.48,9476700
2018-08-15 20:00:00-04:00,84.11,84.54,83.74,84.08,5455200
2018-08-16 20:00:00-04:00,84.43,84.74,83.67,84.18,6112900
2018-08-19 20:00:00-04:00,84.32,84.55,83.84,84.14,5403600
2018-08-20 20:00:00-04:00,84.59,84.99,84.17,84.28,4875800
2018-08-21 20:00:00-04:00,84.71,85.37,84.62,84.98,3636900
2018-08-22 20:00:00-04:00,84.60,84.91,84.11,84.39,3962500
2018-08-23 20:00:00-04:00,84.97,85.42,84.84,85.05,4415400
2018-08-26 20:00:00-04:00,85.30,86.10,85.16,86.00,3901900
2018-08-27 20:00:00-04:00,86.18,86.71,85.57,85.65,4685700
2018-08-28 20:00:00-04:00,85.75,86.35,85.67,85.91,4101700
2018-08-29 20:00:00-04:00,85.81,86.06,85.43,85.62,3353000
2018-08-30 20:00:00-04:00,85.32,85.32,84.39,84.65,5287000
2018-09-03 20:00:00-04:00,84.99,85.49,84.57,84.95,4590900
2018-09-04 20:00:00-04:00,84.37,85.00,83.79,84.98,4619400
2018-09-05 20:00:00-04:00,84.24,84.69,82.28,82.34,8191100
2018-09-06 20:00:00-04:00,81.84,82.43,81.03,81.89,6637800
2018-09-09 20:00:00-04:00,82.49,82.69,81.74,81.81,5870900
2018-09-10 20:00:00-04:00,81.71,82.71,81.29,82.19,5605300
2018-09-11 20:00:00-04:00,83.19,83.96,82.72,82.74,5067800
2018-09-12 20:00:00-04:00,82.90,83.27,82.24,83.11,6297700
2018-09-13 20:00:00-04:00,83.20,84.04,83.14,83.88,4947800
2018-09-16 20:00:00-04:00,84.04,84.81,83.81,83.97,5560200
2018-09-17 20:00:00-04:00,84.68,84.97,84.31,84.42,4966300
2018-09-18 20:00:00-04:00,84.56,85.78,84.41,85.40,4855300
2018-09-19 20:00:00-04:00,85.89,86.70,85.12,85.34,5846700
2018-09-20 20:00:00-04:00,85.69,86.65,85.33,86.56,13703600
2018-09-23 20:00:00-04:00,87.12,87.88,86.87,87.62,6534100
2018-09-24 20:00:00-04:00,88.25,88.78,87.85,88.16,5396400
2018-09-25 20:00:00-04:00,87.89,88.20,87.00,87.15,4231400
2018-09-26 20:00:00-04:00,87.30,87.90,86.97,87.52,4533400
2018-09-27 20:00:00-04:00,87.17,88.05,87.01,87.38,5202900
2018-09-30 20:00:00-04:00,87.98,89.24,87.98,88.89,5348200
2018-10-01 20:00:00-04:00,89.38,89.87,88.84,89.14,5445400
2018-10-02 20:00:00-04:00,89.42,89.93,89.17,89.55,4479500
2018-10-03 20:00:00-04:00,89.18,89.75,88.75,89.29,4824300
2018-10-04 20:00:00-04:00,89.28,89.97,89.14,89.56,4318000
2018-10-07 20:00:00-04:00,88.65,89.65,88.49,89.21,6267700
2018-10-08 20:00:00-04:00,89.69,91.07,89.38,90.63,6797900
2018-10-09 20:00:00-04:00,90.92,91.18,87.51,87.61,6504400
2018-10-10 20:00:00-04:00,87.49,87.49,83.99,84.63,8589900
2018-10-11 20:00:00-04:00,85.42,85.52,83.02,84.16,7450700
2018-10-14 20:00:00-04:00,84.11,84.94,83.54,83.57,6047300
2018-10-15 20:00:00-04:00,83.67,84.09,83.14,83.97,4846100
2018-10-16 20:00:00-04:00,83.76,84.10,82.91,83.82,6978700
2018-10-17 20:00:00-04:00,83.91,84.42,82.93,83.94,7391600
2018-10-18 20:00:00-04:00,83.87,85.22,83.87,84.42,7944400
2018-10-21 20:00:00-04:00,84.39,84.67,83.24,83.76,5644900
2018-10-22 20:00:00-04:00,82.69,82.69,80.07,81.04,8095300
2018-10-23 20:00:00-04:00,81.26,81.59,78.66,78.76,8035200
2018-10-24 20:00:00-04:00,79.58,81.04,78.91,79.74,5734000
2018-10-25 20:00:00-04:00,79.06,80.37,78.36,79.70,8035500
2018-10-28 20:00:00-04:00,80.06,80.09,76.85,77.84,8598300
2018-10-29 20:00:00-04:00,78.33,79.43,77.28,79.21,7523800
2018-10-30 20:00:00-04:00,79.83,80.39,79.36,79.79,7429800
2018-10-31 20:00:00-04:00,79.87,80.03,78.68,79.44,10572000
2018-11-01 20:00:00-04:00,82.07,83.69,80.84,81.99,9890400
2018-11-04 19:00:00-05:00,83.34,85.52,83.32,85.00,8758700
2018-11-05 19:00:00-05:00,84.87,85.35,84.22,84.97,5273200
2018-11-06 19:00:00-05:00,85.75,86.55,85.05,86.37,4848800
2018-11-07 19:00:00-05:00,86.22,87.09,85.01,85.30,9532400
2018-11-08 19:00:00-05:00,84.48,86.02,83.87,85.40,6565700
2018-11-11 19:00:00-05:00,86.40,86.73,83.73,83.89,10550800
2018-11-12 19:00:00-05:00,83.82,84.24,82.21,82.43,6846200
2018-11-13 19:00:00-05:00,83.52,84.17,82.14,82.69,6783500
2018-11-14 19:00:00-05:00,82.02,84.48,81.34,84.39,7218100
2018-11-15 19:00:00-05:00,84.79,86.06,84.62,85.91,6706900
2018-11-18 19:00:00-05:00,85.25,86.22,85.08,86.17,5328300
2018-11-19 19:00:00-05:00,86.04,86.23,83.01,83.78,7983500
2018-11-20 19:00:00-05:00,84.19,86.01,84.19,84.84,5624400
2018-11-22 19:00:00-05:00,82.77,83.14,80.90,81.97,5577800
2018-11-25 19:00:00-05:00,82.69,83.30,82.28,82.97,6953000
2018-11-26 19:00:00-05:00,82.66,83.46,82.42,83.13,6339200
2018-11-27 19:00:00-05:00,82.97,85.35,82.55,85.25,6841700
2018-11-28 19:00:00-05:00,85.11,86.40,84.96,85.76,6656900
2018-11-29 19:00:00-05:00,85.18,86.02,84.93,85.83,6712500
2018-12-02 19:00:00-05:00,87.15,88.34,86.63,87.07,8237600
2018-12-03 19:00:00-05:00,87.02,87.38,84.48,84.60,8288100
2018-12-05 19:00:00-05:00,83.23,83.81,81.56,83.64,10715700
2018-12-06 19:00:00-05:00,84.85,86.37,83.12,83.34,9114400
2018-12-09 19:00:00-05:00,83.20,83.68,80.58,82.94,7674300
2018-12-10 19:00:00-05:00,83.89,84.15,82.23,83.32,5929400
2018-12-11 19:00:00-05:00,84.51,84.95,83.39,83.43,7891400
2018-12-12 19:00:00-05:00,83.09,83.94,82.48,83.66,7030500
2018-12-13 19:00:00-05:00,82.99,83.57,81.76,82.14,6195400
2018-12-16 19:00:00-05:00,81.86,82.96,80.72,81.14,7132400
2018-12-17 19:00:00-05:00,81.27,81.71,78.62,79.19,9658600
2018-12-18 19:00:00-05:00,79.31,80.81,77.28,77.81,10472400
2018-12-19 19:00:00-05:00,77.07,77.98,75.18,75.75,11612800
2018-12-20 19:00:00-05:00,74.77,77.17,74.26,75.20,19912800
2018-12-23 19:00:00-05:00,74.54,75.15,72.82,72.87,5619500
2018-12-25 19:00:00-05:00,73.49,77.49,72.32,77.49,10779400
2018-12-26 19:00:00-05:00,76.11,78.89,75.68,78.88,10655100
2018-12-27 19:00:00-05:00,79.12,79.63,78.02,78.40,6445400
2018-12-30 19:00:00-05:00,78.76,79.55,77.83,78.50,6309600
2019-01-01 19:00:00-05:00,77.46,80.59,77.28,79.87,6384800
2019-01-02 19:00:00-05:00,80.14,80.31,77.98,78.34,6496200
2019-01-03 19:00:00-05:00,79.58,80.09,78.99,79.97,7952500
2019-01-06 19:00:00-05:00,80.14,81.49,79.32,81.01,5712700
2019-01-07 19:00:00-05:00,81.83,82.11,80.58,80.65,5674900
2019-01-08 19:00:00-05:00,81.32,82.26,81.14,81.73,7097000
2019-01-09 19:00:00-05:00,81.19,81.99,80.61,81.86,6078300
2019-01-10 19:00:00-05:00,81.54,81.58,80.58,81.21,4491700
2019-01-13 19:00:00-05:00,80.34,81.06,80.15,80.62,6121700
2019-01-14 19:00:00-05:00,80.80,81.59,80.46,80.90,4226100
2019-01-15 19:00:00-05:00,80.41,81.05,80.26,80.39,5624100
2019-01-16 19:00:00-05:00,79.92,81.03,79.50,80.79,4442700
2019-01-17 19:00:00-05:00,82.25,82.73,81.58,82.53,9382000
2019-01-21 19:00:00-05:00,81.63,81.86,80.78,81.06,7242000
2019-01-22 19:00:00-05:00,81.09,81.30,79.68,80.38,6082300
2019-01-23 19:00:00-05:00,80.12,82.13,80.03,81.91,8470700
2019-01-24 19:00:00-05:00,82.30,82.82,81.53,81.70,6261800
2019-01-27 19:00:00-05:00,80.75,81.23,80.15,80.94,6886600
2019-01-28 19:00:00-05:00,81.56,81.79,80.65,80.70,5359900
2019-01-29 19:00:00-05:00,81.20,82.01,80.80,81.55,7941700
2019-01-30 19:00:00-05:00,82.12,83.28,81.81,82.73,11225600
2019-01-31 19:00:00-05:00,84.17,86.05,84.14,85.41,10934300
2019-02-03 19:00:00-05:00,84.79,86.41,83.93,86.40,7987900
2019-02-04 19:00:00-05:00,86.32,86.49,85.65,86.22,6887400
2019-02-05 19:00:00-05:00,85.87,86.29,85.65,85.78,4990400
2019-02-06 19:00:00-05:00,85.15,85.52,84.07,85.31,7281900
2019-02-07 19:00:00-05:00,84.96,85.07,83.65,84.84,5671000
2019-02-10 19:00:00-05:00,84.38,84.69,83.99,84.39,4859600
2019-02-11 19:00:00-05:00,85.39,85.78,84.87,85.67,5400700
2019-02-12 19:00:00-05:00,85.98,86.87,85.65,86.28,5935900
2019-02-13 19:00:00-05:00,86.27,87.12,85.76,86.12,5406500
2019-02-14 19:00:00-05:00,87.18,87.36,86.43,86.99,6209800
2019-02-18 19:00:00-05:00,86.66,87.36,86.34,86.96,4277800
2019-02-19 19:00:00-05:00,86.96,87.99,86.73,87.67,5940600
2019-02-20 19:00:00-05:00,87.51,87.69,86.29,86.83,5139400
2019-02-21 19:00:00-05:00,87.67,87.80,86.62,87.02,4517600
2019-02-24 19:00:00-05:00,87.03,87.77,87.00,87.18,5196600
2019-02-25 19:00:00-05:00,87.32,88.17,87.23,87.42,5445600
2019-02-26 19:00:00-05:00,87.67,88.40,87.38,87.52,5289800
2019-02-27 19:00:00-05:00,87.46,87.58,86.36,87.15,6406500
2019-02-28 19:00:00-05:00,87.75,88.95,87.59,88.94,7743600
2019-03-03 19:00:00-05:00,89.41,89.53,87.86,89.01,7499500
2019-03-04 19:00:00-05:00,88.82,89.90,88.62,89.86,7345200
2019-03-05 19:00:00-05:00,89.77,90.89,89.14,90.03,7599900
2019-03-06 19:00:00-05:00,89.95,90.01,88.70,88.88,7201100
2019-03-07 19:00:00-05:00,87.53,88.87,86.88,88.64,7014100
2019-03-10 20:00:00-04:00,89.55,90.52,89.47,90.10,6088600
2019-03-11 20:00:00-04:00,90.26,91.08,89.92,90.30,6184300
2019-03-12 20:00:00-04:00,90.81,91.05,90.30,90.86,4707000
2019-03-13 20:00:00-04:00,90.93,91.44,90.73,90.81,5146400
2019-03-14 20:00:00-04:00,90.81,91.41,90.63,91.33,10449700
2019-03-17 20:00:00-04:00,91.26,91.93,91.23,91.75,5586900
2019-03-18 20:00:00-04:00,92.24,92.50,90.92,91.31,5096800
2019-03-19 20:00:00-04:00,91.13,92.08,90.87,90.88,6708500
2019-03-20 20:00:00-04:00,91.01,91.81,90.75,91.73,5050400
2019-03-21 20:00:00-04:00,91.00,91.03,89.43,89.71,5786800
2019-03-24 20:00:00-04:00,89.60,89.90,89.14,89.57,3837500
2019-03-25 20:00:00-04:00,90.21,91.04,89.92,90.47,4079800
2019-03-26 20:00:00-04:00,90.36,90.73,88.93,89.49,3727800
2019-03-27 20:00:00-04:00,89.36,89.76,89.18,89.66,4057700
2019-03-28 20:00:00-04:00,90.58,90.72,89.28,89.78,5318600
2019-03-31 20:00:00-04:00,90.28,91.30,89.98,91.06,5506300
2019-04-01 20:00:00-04:00,91.25,91.43,90.46,91.05,4362700
2019-04-02 20:00:00-04:00,91.27,91.36,90.04,90.30,3595400
2019-04-03 20:00:00-04:00,90.38,90.98,90.05,90.96,3715400
2019-04-04 20:00:00-04:00,91.29,92.30,91.25,92.14,5551400
2019-04-07 20:00:00-04:00,92.40,92.81,92.00,92.33,5483100
2019-04-08 20:00:00-04:00,92.05,92.05,91.19,91.50,4143400
2019-04-09 20:00:00-04:00,91.94,92.25,91.20,91.46,3970000
2019-04-10 20:00:00-04:00,91.35,92.02,90.92,91.83,3248300
2019-04-11 20:00:00-04:00,88.61,88.92,86.73,87.29,42693700
2019-04-14 20:00:00-04:00,87.48,88.20,86.97,87.56,13369100
2019-04-15 20:00:00-04:00,87.77,88.42,87.50,88.31,11942900
2019-04-16 20:00:00-04:00,89.06,89.31,87.50,87.66,11898100
2019-04-17 20:00:00-04:00,87.84,88.06,86.81,87.36,9546500
2019-04-21 20:00:00-04:00,88.03,88.93,87.79,88.85,7946200
2019-04-22 20:00:00-04:00,88.72,89.12,88.45,88.93,9079200
2019-04-23 20:00:00-04:00,88.45,88.50,86.07,86.21,22115000
2019-04-24 20:00:00-04:00,86.04,86.51,85.57,85.93,10636400
2019-04-25 20:00:00-04:00,86.29,86.37,84.29,85.35,11626700
2019-04-28 20:00:00-04:00,85.28,86.08,85.06,85.80,9404000
2019-04-29 20:00:00-04:00,88.26,88.86,87.21,87.50,21431500
2019-04-30 20:00:00-04:00,87.32,87.56,85.83,85.86,10097000
2019-05-01 20:00:00-04:00,85.48,86.35,84.75,84.82,9495600
2019-05-02 20:00:00-04:00,85.78,86.40,85.35,85.47,7364900
2019-05-05 20:00:00-04:00,85.64,87.34,85.62,86.29,11035000
2019-05-06 20:00:00-04:00,85.49,86.20,84.91,86.20,9165200
2019-05-07 20:00:00-04:00,86.27,86.35,85.57,85.64,6229000
2019-05-08 20:00:00-04:00,88.28,89.15,87.36,88.33,16496300
2019-05-09 20:00:00-04:00,88.31,89.12,87.34,88.91,8787900
2019-05-12 20:00:00-04:00,88.85,89.11,87.47,87.78,7701200
2019-05-13 20:00:00-04:00,87.95,89.10,87.83,88.66,6858500
2019-05-14 20:00:00-04:00,88.34,89.28,88.10,89.02,6945000
2019-05-15 20:00:00-04:00,89.05,89.46,88.71,88.91,8543300
2019-05-16 20:00:00-04:00,88.37,89.14,88.23,88.70,6870900
2019-05-19 20:00:00-04:00,88.84,89.21,88.72,88.94,4569700
2019-05-20 20:00:00-04:00,89.08,89.75,88.98,89.31,4859400
2019-05-21 20:00:00-04:00,88.98,89.38,88.57,88.74,5763300
2019-05-22 20:00:00-04:00,87.45,87.49,86.01,86.75,11000200
2019-05-23 20:00:00-04:00,87.07,87.53,86.39,87.37,4890800
2019-05-27 20:00:00-04:00,87.50,87.82,86.97,87.08,8145100
2019-05-28 20:00:00-04:00,86.14,86.38,85.25,85.94,7451300
2019-05-29 20:00:00-04:00,85.77,85.92,84.53,84.92,5807900
2019-05-30 20:00:00-04:00,84.07,84.79,83.70,83.80,6899800
2019-06-02 20:00:00-04:00,84.42,85.45,84.25,85.37,6100800
2019-06-03 20:00:00-04:00,85.82,86.61,85.59,86.33,5235600
2019-06-04 20:00:00-04:00,86.75,86.87,85.58,86.59,5105700
2019-06-05 20:00:00-04:00,87.00,89.18,86.93,88.82,7370100
2019-06-06 20:00:00-04:00,88.87,89.88,88.71,89.41,5343100
2019-06-09 20:00:00-04:00,89.94,90.35,89.58,90.01,5708800
2019-06-10 20:00:00-04:00,90.80,90.90,89.17,89.18,5625100
2019-06-11 20:00:00-04:00,88.60,88.75,88.00,88.46,4000100
2019-06-12 20:00:00-04:00,89.23,89.71,88.66,88.99,3993300
2019-06-13 20:00:00-04:00,89.06,89.18,88.59,88.92,3366800
2019-06-16 20:00:00-04:00,88.85,89.68,88.60,89.34,4219100
2019-06-17 20:00:00-04:00,89.76,91.17,89.69,90.48,4884300
2019-06-18 20:00:00-04:00,90.17,90.88,89.96,90.45,3847100
2019-06-19 20:00:00-04:00,91.49,91.78,90.97,91.47,7771700
2019-06-20 20:00:00-04:00,91.85,92.88,91.43,91.95,14287900
2019-06-23 20:00:00-04:00,91.66,92.28,91.57,91.94,5542600
2019-06-24 20:00:00-04:00,91.88,92.08,90.89,91.00,4713300
2019-06-25 20:00:00-04:00,91.69,91.91,91.18,91.21,5054800
2019-06-26 20:00:00-04:00,91.21,91.41,90.45,90.61,3551700
2019-06-27 20:00:00-04:00,90.83,91.62,90.62,91.59,7048300
2019-06-30 20:00:00-04:00,92.27,92.62,91.53,91.88,5526900
2019-07-01 20:00:00-04:00,91.67,91.80,90.08,90.48,5747700
2019-07-02 20:00:00-04:00,90.48,90.80,90.04,90.79,2725800
2019-07-04 20:00:00-04:00,90.63,91.07,90.26,90.93,3458900
2019-07-07 20:00:00-04:00,91.02,91.33,90.84,90.97,3505200
2019-07-08 20:00:00-04:00,91.19,91.37,90.58,90.79,3955600
2019-07-09 20:00:00-04:00,91.35,92.46,91.35,92.33,4743500
2019-07-10 20:00:00-04:00,92.50,92.50,91.71,92.32,3548000
2019-07-11 20:00:00-04:00,92.28,92.92,92.10,92.72,3974400
2019-07-14 20:00:00-04:00,92.78,93.03,92.20,92.53,3739200
2019-07-15 20:00:00-04:00,92.37,92.58,91.46,91.83,4697600
2019-07-16 20:00:00-04:00,91.75,92.21,91.31,91.37,3874200
2019-07-17 20:00:00-04:00,91.35,92.04,90.79,91.77,5770700
2019-07-18 20:00:00-04:00,91.77,92.30,91.71,92.03,4880900
2019-07-21 20:00:00-04:00,92.27,92.55,91.61,92.23,3275800
2019-07-22 20:00:00-04:00,92.18,92.90,91.84,92.61,4295300
2019-07-23 20:00:00-04:00,92.64,93.43,92.49,93.14,4796900
2019-07-24 20:00:00-04:00,93.47,93.47,92.24,92.47,4586800
2019-07-25 20:00:00-04:00,92.18,92.19,90.75,91.06,6971700
2019-07-28 20:00:00-04:00,90.88,91.74,90.81,91.43,4377500
2019-07-29 20:00:00-04:00,91.34,91.82,90.81,91.52,3871700
2019-07-30 20:00:00-04:00,91.05,91.77,90.15,90.61,7199500
2019-07-31 20:00:00-04:00,89.79,91.08,88.55,88.87,7928400
2019-08-01 20:00:00-04:00,89.63,90.19,86.72,88.86,9026200
2019-08-04 20:00:00-04:00,87.73,88.73,86.44,87.39,8620300
2019-08-05 20:00:00-04:00,87.38,87.98,86.59,87.87,6788000
2019-08-06 20:00:00-04:00,86.52,88.17,86.08,87.66,6853700
2019-08-07 20:00:00-04:00,87.95,90.77,87.89,90.70,8868100
2019-08-08 20:00:00-04:00,90.61,91.18,89.71,90.10,5051700
2019-08-11 20:00:00-04:00,90.54,90.63,88.99,89.46,3936500
2019-08-12 20:00:00-04:00,89.06,90.31,88.54,90.08,5806400
2019-08-13 20:00:00-04:00,88.34,88.76,86.61,86.66,7175600
2019-08-14 20:00:00-04:00,86.29,86.73,84.98,86.08,6272600
2019-08-15 20:00:00-04:00,86.55,86.74,85.78,86.11,6239100
2019-08-18 20:00:00-04:00,87.10,87.61,86.97,87.23,6443700
2019-08-19 20:00:00-04:00,87.10,87.14,86.00,86.35,5150900
2019-08-20 20:00:00-04:00,87.59,87.91,87.24,87.65,4578400
2019-08-21 20:00:00-04:00,88.23,88.29,87.33,87.54,4362100
2019-08-22 20:00:00-04:00,86.61,87.79,85.03,85.65,7653400
2019-08-25 20:00:00-04:00,86.20,86.42,85.65,86.06,3966400
2019-08-26 20:00:00-04:00,86.46,87.02,85.54,86.13,4237100
2019-08-27 20:00:00-04:00,86.56,87.15,86.17,86.87,4153500
2019-08-28 20:00:00-04:00,87.14,87.62,86.69,87.39,4467300
2019-08-29 20:00:00-04:00,87.73,88.47,87.17,87.53,4881100
2019-09-02 20:00:00-04:00,86.08,86.50,85.18,86.46,5672500
2019-09-03 20:00:00-04:00,87.36,88.14,87.13,87.18,4595600
2019-09-04 20:00:00-04:00,87.75,88.54,87.19,87.47,5394300
2019-09-05 20:00:00-04:00,87.37,88.07,87.29,87.94,4578200
2019-09-08 20:00:00-04:00,88.29,88.95,88.17,88.78,5048000
2019-09-09 20:00:00-04:00,89.40,91.68,89.16,90.61,8728800
2019-09-10 20:00:00-04:00,90.87,91.45,89.50,90.18,5509500
2019-09-11 20:00:00-04:00,89.26,90.85,88.90,90.29,5818300
2019-09-12 20:00:00-04:00,90.90,90.95,90.15,90.34,4885400
2019-09-15 20:00:00-04:00,92.84,93.15,91.44,92.29,10683900
2019-09-16 20:00:00-04:00,92.29,92.66,91.13,92.12,7246500
2019-09-17 20:00:00-04:00,91.87,92.36,91.48,92.34,4801500
2019-09-18 20:00:00-04:00,92.78,92.93,91.77,91.95,4034500
2019-09-19 20:00:00-04:00,92.20,92.81,91.96,92.44,10420700
2019-09-22 20:00:00-04:00,91.87,92.95,91.87,92.87,4705500
2019-09-23 20:00:00-04:00,92.70,92.74,91.62,92.01,6232100
2019-09-24 20:00:00-04:00,91.82,92.32,91.39,91.84,3762500
2019-09-25 20:00:00-04:00,91.65,91.83,89.27,89.35,7834400
2019-09-26 20:00:00-04:00,88.87,89.42,88.08,88.19,6850700
2019-09-29 20:00:00-04:00,88.14,88.80,88.05,88.19,6108300
2019-09-30 20:00:00-04:00,88.69,88.83,86.17,86.26,7116600
2019-10-01 20:00:00-04:00,85.56,85.59,83.00,83.50,9702400
2019-10-02 20:00:00-04:00,83.33,84.17,82.11,84.14,5315300
2019-10-03 20:00:00-04:00,84.47,84.77,83.69,84.66,4757300
2019-10-06 20:00:00-04:00,84.74,85.33,84.20,84.22,4694000
2019-10-07 20:00:00-04:00,83.36,83.84,82.99,83.07,5323900
2019-10-08 20:00:00-04:00,83.72,85.15,83.50,84.13,4601700
2019-10-09 20:00:00-04:00,84.42,85.36,84.25,85.21,3555500
2019-10-10 20:00:00-04:00,86.02,87.02,85.78,86.37,5134200
2019-10-13 20:00:00-04:00,85.94,86.55,85.85,86.39,2571300
2019-10-14 20:00:00-04:00,86.14,87.46,86.11,86.49,3742700
2019-10-15 20:00:00-04:00,86.43,86.75,85.57,85.59,3608900
2019-10-16 20:00:00-04:00,85.97,86.30,85.45,85.77,3722400
2019-10-17 20:00:00-04:00,85.62,85.94,85.32,85.32,5679900
2019-10-20 20:00:00-04:00,85.92,86.81,85.92,86.71,3926300
2019-10-21 20:00:00-04:00,86.72,88.16,86.62,87.59,4095000
2019-10-22 20:00:00-04:00,87.30,87.76,86.84,87.73,4148500
2019-10-23 20:00:00-04:00,88.09,88.34,87.23,87.43,3873900
2019-10-24 20:00:00-04:00,87.57,88.37,87.51,88.24,3369100
2019-10-27 20:00:00-04:00,88.55,88.87,87.47,88.10,5076300
2019-10-28 20:00:00-04:00,87.72,88.54,87.51,87.84,4548400
2019-10-29 20:00:00-04:00,87.88,87.88,85.90,86.52,4690900
2019-10-30 20:00:00-04:00,86.15,86.52,85.75,86.36,7177700
2019-10-31 20:00:00-04:00,85.88,86.72,84.78,86.41,7684700
2019-11-03 19:00:00-05:00,87.17,90.62,87.01,90.40,10348800
2019-11-04 19:00:00-05:00,90.14,91.05,89.76,90.67,6971200
2019-11-05 19:00:00-05:00,90.67,90.82,89.08,89.16,6104700
2019-11-06 19:00:00-05:00,90.07,90.72,89.47,90.63,5440700
2019-11-07 19:00:00-05:00,89.95,90.12,89.35,89.92,4249800
2019-11-10 19:00:00-05:00,89.38,90.26,89.24,89.83,3870800
2019-11-11 19:00:00-05:00,90.19,90.75,89.59,89.94,4503600
2019-11-12 19:00:00-05:00,89.57,91.02,89.50,90.92,5076400
2019-11-13 19:00:00-05:00,90.61,91.42,90.27,90.69,4882800
2019-11-14 19:00:00-05:00,91.02,91.15,90.19,90.59,5589600
2019-11-17 19:00:00-05:00,89.97,90.11,88.71,89.02,4885300
2019-11-18 19:00:00-05:00,88.98,89.21,87.17,87.44,8723000
2019-11-19 19:00:00-05:00,87.41,88.67,87.20,88.11,5903100
2019-11-20 19:00:00-05:00,88.31,89.32,88.01,89.19,5810900
2019-11-21 19:00:00-05:00,89.40,89.88,89.06,89.08,4786800
2019-11-24 19:00:00-05:00,88.93,89.52,88.59,88.89,7390000
2019-11-25 19:00:00-05:00,88.86,89.03,88.01,88.45,10053100
2019-11-26 19:00:00-05:00,88.60,89.07,88.32,88.66,4106100
2019-11-28 19:00:00-05:00,88.07,88.47,87.77,87.95,3271000
2019-12-01 19:00:00-05:00,88.59,88.66,87.65,87.71,5195200
2019-12-02 19:00:00-05:00,87.26,87.63,86.88,87.02,6135800
2019-12-03 19:00:00-05:00,87.59,88.08,87.43,87.81,5706700
2019-12-04 19:00:00-05:00,88.32,88.41,87.25,87.35,5517500
2019-12-05 19:00:00-05:00,87.92,89.58,87.84,88.61,6735300
2019-12-08 19:00:00-05:00,87.50,88.52,87.44,88.08,4736100
2019-12-09 19:00:00-05:00,88.63,88.67,87.89,88.52,4886800
2019-12-10 19:00:00-05:00,87.92,88.35,87.20,87.28,7039600
2019-12-11 19:00:00-05:00,87.55,89.28,87.55,89.22,6462000
2019-12-12 19:00:00-05:00,89.40,89.76,88.53,88.58,4863400
2019-12-15 19:00:00-05:00,89.25,89.71,89.07,89.63,5619300
2019-12-16 19:00:00-05:00,89.80,90.03,88.85,89.06,6755500
2019-12-17 19:00:00-05:00,89.12,89.84,89.00,89.02,7496700
2019-12-18 19:00:00-05:00,89.03,89.16,88.50,88.70,6220300
2019-12-19 19:00:00-05:00,89.66,90.06,88.67,89.87,12171100
2019-12-22 19:00:00-05:00,89.59,90.41,89.47,90.36,5875000
2019-12-23 19:00:00-05:00,90.43,90.69,90.18,90.36,1640100
2019-12-25 19:00:00-05:00,90.61,91.18,90.36,90.56,3648600
2019-12-26 19:00:00-05:00,90.78,91.08,90.29,90.33,4138300
2019-12-29 19:00:00-05:00,90.44,91.11,89.97,90.00,4580200
2019-12-30 19:00:00-05:00,89.73,90.58,89.55,90.49,4215700
2020-01-01 19:00:00-05:00,90.72,91.33,90.69,91.18,5205000
2020-01-02 19:00:00-05:00,91.45,92.15,90.66,90.87,6360900
2020-01-05 19:00:00-05:00,91.04,91.36,90.36,90.56,9953000
2020-01-06 19:00:00-05:00,89.37,89.91,88.43,89.40,7856900
2020-01-07 19:00:00-05:00,89.02,89.43,88.34,88.38,7295900
2020-01-08 19:00:00-05:00,88.30,88.55,87.24,88.24,7345300
2020-01-09 19:00:00-05:00,88.25,88.37,87.41,87.44,6393800
2020-01-12 19:00:00-05:00,87.46,87.79,87.17,87.60,6846700
2020-01-13 19:00:00-05:00,87.48,87.77,86.89,87.33,7189100
2020-01-14 19:00:00-05:00,87.33,87.41,86.84,87.20,5808800
2020-01-15 19:00:00-05:00,87.53,88.07,87.44,87.77,7022000
2020-01-16 19:00:00-05:00,87.86,88.07,86.74,86.79,7885900
2020-01-20 19:00:00-05:00,86.43,86.47,84.98,85.09,8470300
2020-01-21 19:00:00-05:00,84.93,85.25,84.45,84.78,5589900
2020-01-22 19:00:00-05:00,84.40,85.22,84.00,84.93,8007800
2020-01-23 19:00:00-05:00,84.69,84.84,83.61,83.99,6920000
2020-01-26 19:00:00-05:00,82.79,83.22,82.58,82.89,7609800
2020-01-27 19:00:00-05:00,83.34,83.82,83.18,83.44,5771900
2020-01-28 19:00:00-05:00,83.69,83.98,82.73,82.88,4772800
2020-01-29 19:00:00-05:00,82.46,83.79,81.89,83.65,8382700
2020-01-30 19:00:00-05:00,82.46,82.60,79.90,80.45,13699600
2020-02-02 19:00:00-05:00,80.31,80.53,79.15,79.81,8785500
2020-02-03 19:00:00-05:00,80.86,81.35,80.05,80.23,9909000
2020-02-04 19:00:00-05:00,81.30,83.09,81.18,82.81,6914100
2020-02-05 19:00:00-05:00,83.07,83.10,81.93,82.22,6274000
2020-02-06 19:00:00-05:00,81.80,82.18,81.45,81.80,4830100
2020-02-09 19:00:00-05:00,81.50,82.45,81.34,82.44,6011800
2020-02-10 19:00:00-05:00,83.19,83.63,82.64,83.51,6072700
2020-02-11 19:00:00-05:00,84.48,84.55,83.81,84.13,5725700
2020-02-12 19:00:00-05:00,83.63,84.35,83.52,83.85,5991900
2020-02-13 19:00:00-05:00,84.20,84.30,83.25,83.63,5148700
2020-02-17 19:00:00-05:00,82.81,83.77,82.68,83.75,4975800
2020-02-18 19:00:00-05:00,83.96,84.40,83.48,84.13,5887500
2020-02-19 19:00:00-05:00,84.16,84.38,83.34,83.42,4466600
2020-02-20 19:00:00-05:00,82.80,82.95,81.78,82.81,6443900
2020-02-23 19:00:00-05:00,80.31,81.26,79.33,79.55,9539800
2020-02-24 19:00:00-05:00,79.61,79.71,75.97,76.51,12871900
2020-02-25 19:00:00-05:00,76.62,77.19,74.45,74.48,11990400
2020-02-26 19:00:00-05:00,72.89,74.60,71.47,71.51,15783700
2020-02-27 19:00:00-05:00,68.85,70.98,68.46,70.91,20835100
2020-03-01 19:00:00-05:00,71.43,73.45,70.05,73.38,15050800
2020-03-02 19:00:00-05:00,73.53,74.81,70.93,71.71,16525500
2020-03-03 19:00:00-05:00,73.21,75.22,72.68,74.85,14753000
2020-03-04 19:00:00-05:00,72.71,73.99,72.12,73.83,12814400
2020-03-05 19:00:00-05:00,71.35,72.98,70.97,72.41,16861900
2020-03-08 20:00:00-04:00,62.47,66.86,60.77,61.28,30595500
2020-03-09 20:00:00-04:00,65.52,65.56,61.56,64.56,22642900
2020-03-10 20:00:00-04:00,62.47,64.45,62.10,63.08,18412800
2020-03-11 20:00:00-04:00,58.67,59.35,55.35,57.93,25768200
2020-03-12 20:00:00-04:00,60.76,63.43,56.30,63.37,23497500
2020-03-15 20:00:00-04:00,55.13,59.63,52.94,52.95,17535300
2020-03-16 20:00:00-04:00,53.48,55.44,49.75,53.70,22684200
2020-03-17 20:00:00-04:00,50.30,50.31,41.46,41.82,24947300
2020-03-18 20:00:00-04:00,41.98,44.43,39.20,43.60,29871000
2020-03-19 20:00:00-04:00,45.22,46.07,42.82,45.12,26960400
2020-03-22 20:00:00-04:00,44.26,45.13,40.24,41.19,23764000
2020-03-23 20:00:00-04:00,46.71,51.39,45.82,50.56,29198800
2020-03-24 20:00:00-04:00,51.88,55.56,50.63,52.62,22560100
2020-03-25 20:00:00-04:00,53.41,58.57,51.57,58.02,24129100
2020-03-26 20:00:00-04:00,54.79,55.87,52.04,52.25,20411500
2020-03-29 20:00:00-04:00,51.67,55.40,50.91,54.66,18486800
2020-03-30 20:00:00-04:00,55.66,57.01,53.79,55.05,18514200
2020-03-31 20:00:00-04:00,52.81,54.92,51.36,52.08,14362000
2020-04-01 20:00:00-04:00,54.51,59.79,52.86,57.83,23220600
2020-04-02 20:00:00-04:00,59.26,60.01,55.48,57.06,14905400
2020-04-05 20:00:00-04:00,58.50,61.50,57.36,61.07,17334900
2020-04-06 20:00:00-04:00,64.01,65.10,61.42,61.47,16394800
2020-04-07 20:00:00-04:00,62.51,65.56,61.93,65.32,12284800
2020-04-08 20:00:00-04:00,67.41,68.30,61.93,64.05,17023800
2020-04-12 20:00:00-04:00,66.23,66.37,63.36,64.50,13854700
2020-04-13 20:00:00-04:00,64.92,66.15,64.06,64.28,14797600
2020-04-14 20:00:00-04:00,61.12,63.34,60.26,62.67,13982300
2020-04-15 20:00:00-04:00,61.77,62.44,59.87,60.77,12291900
2020-04-16 20:00:00-04:00,61.79,66.47,61.78,66.22,16130100
2020-04-19 20:00:00-04:00,62.80,66.09,62.36,63.49,15749000
2020-04-20 20:00:00-04:00,60.99,63.65,60.20,62.02,19620600
2020-04-21 20:00:00-04:00,64.54,64.76,63.03,64.15,10320700
2020-04-22 20:00:00-04:00,65.56,67.44,64.87,65.94,14226500
2020-04-23 20:00:00-04:00,67.22,67.45,65.16,66.10,9175500
2020-04-26 20:00:00-04:00,65.90,68.84,65.23,68.15,12037100
2020-04-27 20:00:00-04:00,68.03,69.10,67.48,68.30,10645200
2020-04-28 20:00:00-04:00,70.26,72.28,70.11,71.88,12342800
2020-04-29 20:00:00-04:00,71.20,72.73,68.81,69.89,12222000
2020-04-30 20:00:00-04:00,69.52,69.93,66.12,67.95,13250100
2020-05-03 20:00:00-04:00,67.43,69.60,66.62,69.47,11192400
2020-05-04 20:00:00-04:00,71.79,72.40,70.41,70.57,13608700
2020-05-05 20:00:00-04:00,70.54,71.00,68.20,68.41,11145900
2020-05-06 20:00:00-04:00,70.64,71.46,69.82,70.38,9749600
2020-05-07 20:00:00-04:00,72.17,72.60,71.46,72.53,8585900
2020-05-10 20:00:00-04:00,71.57,71.87,70.79,70.93,7101000
2020-05-11 20:00:00-04:00,70.75,71.43,69.13,69.21,8749100
2020-05-12 20:00:00-04:00,68.30,68.37,66.34,67.38,12215100
2020-05-13 20:00:00-04:00,66.31,69.08,65.35,68.41,10678200
2020-05-14 20:00:00-04:00,68.87,69.94,67.48,67.73,10113000
2020-05-17 20:00:00-04:00,71.23,72.00,70.50,71.34,12304300
2020-05-18 20:00:00-04:00,71.33,71.40,69.01,69.08,7749300
2020-05-19 20:00:00-04:00,70.15,72.05,69.51,71.69,9160000
2020-05-20 20:00:00-04:00,71.51,71.97,70.36,70.95,8830900
2020-05-21 20:00:00-04:00,70.49,70.61,68.97,69.59,8563100
2020-05-25 20:00:00-04:00,71.29,72.72,70.94,71.92,9430000
2020-05-26 20:00:00-04:00,72.98,72.99,71.00,72.38,7822600
2020-05-27 20:00:00-04:00,72.16,72.38,69.98,70.05,9633300
2020-05-28 20:00:00-04:00,69.52,70.83,68.80,70.69,17010000
2020-05-31 20:00:00-04:00,70.10,72.34,69.46,71.53,7344000
2020-06-01 20:00:00-04:00,72.29,73.40,71.91,72.99,7880300
2020-06-02 20:00:00-04:00,73.98,75.33,73.81,74.91,8440200
2020-06-03 20:00:00-04:00,74.60,74.69,73.35,74.22,6371700
2020-06-04 20:00:00-04:00,76.37,78.66,76.35,77.71,12760100
2020-06-07 20:00:00-04:00,79.11,79.85,77.75,79.58,11090700
2020-06-08 20:00:00-04:00,77.62,79.34,76.95,78.26,10745400
2020-06-09 20:00:00-04:00,77.85,78.24,75.20,75.22,10486300
2020-06-10 20:00:00-04:00,71.15,72.61,68.70,68.89,14944800
2020-06-11 20:00:00-04:00,72.17,72.19,69.38,71.22,9532400
2020-06-14 20:00:00-04:00,68.67,70.98,68.00,70.32,12289500
2020-06-15 20:00:00-04:00,73.22,73.68,70.52,72.48,8726700
2020-06-16 20:00:00-04:00,72.33,72.46,70.53,70.56,6019900
2020-06-17 20:00:00-04:00,70.15,71.87,69.45,70.87,7064100
2020-06-18 20:00:00-04:00,72.77,72.77,69.80,69.86,14838800
2020-06-21 20:00:00-04:00,69.62,70.68,69.06,70.60,5939200
2020-06-22 20:00:00-04:00,71.30,71.76,70.28,70.49,6317700
2020-06-23 20:00:00-04:00,69.37,69.48,66.95,67.56,8974500
2020-06-24 20:00:00-04:00,67.30,69.00,67.19,68.77,7398000
2020-06-25 20:00:00-04:00,68.43,68.47,66.43,66.65,13766000
2020-06-28 20:00:00-04:00,66.99,68.27,66.75,67.58,7022200
2020-06-29 20:00:00-04:00,66.75,69.37,66.57,68.78,8263600
2020-06-30 20:00:00-04:00,68.82,69.97,67.49,67.54,6379400
2020-07-01 20:00:00-04:00,68.89,69.65,67.96,68.07,5832800
2020-07-05 20:00:00-04:00,68.99,69.57,67.69,68.27,6747500
2020-07-06 20:00:00-04:00,67.69,67.90,66.41,66.53,5898000
2020-07-07 20:00:00-04:00,66.59,67.68,66.21,66.56,6736400
2020-07-08 20:00:00-04:00,66.27,66.54,63.74,63.78,8833600
2020-07-09 20:00:00-04:00,63.59,65.84,63.59,65.70,6218100
2020-07-12 20:00:00-04:00,66.32,67.01,65.37,65.83,7074000
2020-07-13 20:00:00-04:00,65.82,68.30,65.55,68.10,7440500
2020-07-14 20:00:00-04:00,69.51,69.52,68.00,68.52,5935200
2020-07-15 20:00:00-04:00,68.17,68.97,67.33,68.11,4795700
2020-07-16 20:00:00-04:00,68.15,68.69,66.99,67.21,5964000
2020-07-19 20:00:00-04:00,66.93,67.44,65.37,65.73,14974800
2020-07-20 20:00:00-04:00,66.65,70.71,66.57,70.45,15115000
2020-07-21 20:00:00-04:00,69.34,70.34,68.53,70.18,10317500
2020-07-22 20:00:00-04:00,69.76,70.44,69.39,70.15,6586300
2020-07-23 20:00:00-04:00,70.52,71.49,69.36,69.48,6620500
2020-07-26 20:00:00-04:00,69.19,70.22,68.45,70.18,7599700
2020-07-27 20:00:00-04:00,69.74,70.28,68.43,68.69,6787300
2020-07-28 20:00:00-04:00,68.97,69.44,68.28,69.43,6386900
2020-07-29 20:00:00-04:00,68.17,68.22,66.06,66.50,10112800
2020-07-30 20:00:00-04:00,64.17,64.83,62.83,64.70,19119800
2020-08-02 20:00:00-04:00,64.73,65.63,64.60,65.37,11220100
2020-08-03 20:00:00-04:00,65.12,66.85,64.97,66.67,9077900
2020-08-04 20:00:00-04:00,67.94,68.16,66.61,67.22,7324200
2020-08-05 20:00:00-04:00,66.62,67.76,66.37,67.43,7035600
2020-08-06 20:00:00-04:00,66.97,67.15,66.09,66.91,7185000
2020-08-09 20:00:00-04:00,67.79,69.19,67.53,69.17,8150200
2020-08-10 20:00:00-04:00,70.88,71.70,68.74,69.08,9074300
2020-08-11 20:00:00-04:00,69.99,70.65,68.95,69.93,9057400
2020-08-12 20:00:00-04:00,69.28,70.36,69.19,69.24,7314600
2020-08-13 20:00:00-04:00,68.60,69.83,68.49,69.64,6343000
2020-08-16 20:00:00-04:00,69.64,70.59,69.16,69.97,10473800
2020-08-17 20:00:00-04:00,69.57,69.88,68.28,68.52,7981500
2020-08-18 20:00:00-04:00,68.26,68.73,67.40,67.55,9120300
2020-08-19 20:00:00-04:00,66.79,67.94,66.25,66.32,7872300
2020-08-20 20:00:00-04:00,66.21,66.54,65.30,66.53,9003600
2020-08-23 20:00:00-04:00,66.93,68.30,66.38,68.19,8738700
2020-08-24 20:00:00-04:00,68.82,68.84,67.06,67.35,6835800
2020-08-25 20:00:00-04:00,67.02,67.12,66.20,66.29,7486500
2020-08-26 20:00:00-04:00,66.59,66.96,65.66,66.40,7438200
2020-08-27 20:00:00-04:00,66.50,67.04,65.93,66.96,7307900
2020-08-30 20:00:00-04:00,67.11,67.17,65.58,65.63,9437500
2020-08-31 20:00:00-04:00,65.11,65.39,64.47,64.96,8990600
2020-09-01 20:00:00-04:00,64.95,65.65,64.67,65.05,10821900
2020-09-02 20:00:00-04:00,64.94,66.07,63.89,64.34,16179900
2020-09-03 20:00:00-04:00,64.48,65.40,63.26,64.07,10516600
2020-09-07 20:00:00-04:00,62.95,63.01,61.02,61.75,14942500
2020-09-08 20:00:00-04:00,62.53,63.39,62.31,62.58,9269800
2020-09-09 20:00:00-04:00,63.05,63.25,61.03,61.11,11845900
2020-09-10 20:00:00-04:00,61.18,61.53,60.26,60.75,13732400
2020-09-13 20:00:00-04:00,60.59,60.98,60.15,60.44,8182800
2020-09-14 20:00:00-04:00,60.65,61.37,59.40,59.70,11732000
2020-09-15 20:00:00-04:00,59.70,62.15,59.40,61.43,13019000
2020-09-16 20:00:00-04:00,60.62,61.66,59.72,61.61,10515100
2020-09-17 20:00:00-04:00,60.90,61.89,60.60,61.16,14517800
2020-09-20 20:00:00-04:00,59.62,59.94,58.40,59.66,16199100
2020-09-21 20:00:00-04:00,59.55,60.62,58.92,59.06,9155000
2020-09-22 20:00:00-04:00,59.11,59.36,56.18,56.26,16649200
2020-09-23 20:00:00-04:00,55.71,57.11,55.13,56.14,15203500
2020-09-24 20:00:00-04:00,55.53,56.68,55.34,56.17,11070500
2020-09-27 20:00:00-04:00,57.58,58.46,57.20,57.81,12863800
2020-09-28 20:00:00-04:00,57.86,57.97,55.60,56.22,10553000
2020-09-29 20:00:00-04:00,56.50,57.00,56.00,56.30,10466500
2020-09-30 20:00:00-04:00,55.92,56.21,54.76,55.06,14930700
2020-10-01 20:00:00-04:00,53.89,56.04,53.81,55.67,9854800
2020-10-04 20:00:00-04:00,55.92,56.87,55.29,56.85,12049800
2020-10-05 20:00:00-04:00,57.74,58.11,56.50,56.53,15294500
2020-10-06 20:00:00-04:00,56.43,57.80,55.96,57.69,15410300
2020-10-07 20:00:00-04:00,58.17,59.08,57.86,58.82,11590900
2020-10-08 20:00:00-04:00,59.32,59.50,57.85,57.86,12260900
2020-10-11 20:00:00-04:00,57.57,58.61,57.24,58.26,9056900
2020-10-12 20:00:00-04:00,58.44,58.44,56.91,57.40,10440300
2020-10-13 20:00:00-04:00,57.30,58.20,57.01,57.04,7057500
2020-10-14 20:00:00-04:00,56.16,57.65,55.82,57.48,10052100
2020-10-15 20:00:00-04:00,57.49,57.89,56.51,57.00,9305600
2020-10-18 20:00:00-04:00,57.17,57.35,55.67,55.74,8357100
2020-10-19 20:00:00-04:00,56.23,56.53,55.55,56.05,7753200
2020-10-20 20:00:00-04:00,55.62,55.97,55.31,55.42,9800600
2020-10-21 20:00:00-04:00,55.42,57.47,55.18,57.40,9810100
2020-10-22 20:00:00-04:00,57.81,58.15,56.17,56.75,8727200
2020-10-25 20:00:00-04:00,56.09,56.21,54.92,55.47,9710900
2020-10-26 20:00:00-04:00,55.06,55.21,54.34,54.35,14251700
2020-10-27 20:00:00-04:00,52.93,53.24,51.87,52.30,15961900
2020-10-28 20:00:00-04:00,51.71,54.06,50.95,53.80,12292200
2020-10-29 20:00:00-04:00,54.66,54.82,53.24,54.35,17191600
2020-11-01 19:00:00-05:00,55.28,57.14,54.27,56.42,11475500
2020-11-02 19:00:00-05:00,57.21,57.32,55.56,56.10,8608000
2020-11-03 19:00:00-05:00,55.35,57.54,54.65,56.12,10925700
2020-11-04 19:00:00-05:00,56.22,57.06,56.11,56.41,10627700
2020-11-05 19:00:00-05:00,56.69,57.29,55.39,55.64,8366900
2020-11-08 19:00:00-05:00,62.56,65.89,61.20,62.09,24015200
2020-11-09 19:00:00-05:00,63.45,65.02,62.33,64.96,15039700
2020-11-10 19:00:00-05:00,65.76,66.07,63.96,64.48,11640600
2020-11-11 19:00:00-05:00,63.32,64.31,62.49,63.08,8920700
2020-11-12 19:00:00-05:00,63.46,65.18,63.36,64.93,10890300
2020-11-15 19:00:00-05:00,67.44,69.73,66.89,69.56,18980200
2020-11-16 19:00:00-05:00,68.55,69.45,67.31,69.06,14329000
2020-11-17 19:00:00-05:00,69.32,69.74,66.85,66.87,10583700
2020-11-18 19:00:00-05:00,66.29,68.21,65.90,68.02,8820200
2020-11-19 19:00:00-05:00,68.01,68.48,67.35,68.07,8294600
2020-11-22 19:00:00-05:00,69.39,72.66,68.84,72.23,13379300
2020-11-23 19:00:00-05:00,74.10,76.03,73.79,75.87,17257400
2020-11-24 19:00:00-05:00,75.12,75.12,73.11,73.11,10556600
2020-11-26 19:00:00-05:00,72.47,73.47,71.84,72.45,4627700
2020-11-29 19:00:00-05:00,71.42,72.09,68.95,69.17,14288400
2020-11-30 19:00:00-05:00,70.84,71.18,69.09,69.39,9913600
2020-12-01 19:00:00-05:00,69.24,72.45,69.11,71.31,10509600
2020-12-02 19:00:00-05:00,71.87,72.29,70.67,71.25,8249800
2020-12-03 19:00:00-05:00,72.38,74.15,72.14,74.01,10791100
2020-12-06 19:00:00-05:00,72.85,73.30,71.32,72.01,9398400
2020-12-07 19:00:00-05:00,71.68,73.36,71.56,72.63,7627300
2020-12-08 19:00:00-05:00,73.16,73.81,70.91,71.76,11129400
2020-12-09 19:00:00-05:00,72.64,75.03,72.03,74.07,11992100
2020-12-10 19:00:00-05:00,73.42,74.01,72.23,73.35,9584500
2020-12-13 19:00:00-05:00,74.11,74.35,70.81,70.97,12198400
2020-12-14 19:00:00-05:00,70.95,71.79,70.43,70.91,11775300
2020-12-15 19:00:00-05:00,70.78,70.90,69.70,70.37,9892900
2020-12-16 19:00:00-05:00,71.05,71.05,69.47,70.15,11748900
2020-12-17 19:00:00-05:00,69.81,70.39,68.44,69.18,27427600
2020-12-20 19:00:00-05:00,66.93,68.90,66.28,68.31,11430500
2020-12-21 19:00:00-05:00,67.79,68.08,66.89,66.94,8585800
2020-12-22 19:00:00-05:00,67.44,68.76,67.44,67.99,7223100
2020-12-23 19:00:00-05:00,68.18,68.18,67.29,67.71,3335600
2020-12-27 19:00:00-05:00,67.93,68.74,67.14,67.36,8051900
2020-12-28 19:00:00-05:00,67.65,68.01,66.69,67.13,7670800
2020-12-29 19:00:00-05:00,67.13,68.70,67.08,67.71,7901800
2020-12-30 19:00:00-05:00,67.36,67.60,66.62,67.01,8350700
2021-01-03 19:00:00-05:00,67.56,68.20,66.56,67.21,9234900
2021-01-04 19:00:00-05:00,67.83,70.79,67.70,69.03,13414800
2021-01-05 19:00:00-05:00,70.62,72.03,69.68,71.25,13916800
2021-01-06 19:00:00-05:00,71.72,72.06,70.86,71.59,9286600
2021-01-07 19:00:00-05:00,73.06,73.34,71.77,72.27,11152100
2021-01-10 19:00:00-05:00,70.71,73.08,70.28,72.68,10635000
2021-01-11 19:00:00-05:00,73.52,74.52,72.77,74.06,10923900
2021-01-12 19:00:00-05:00,73.95,74.20,72.95,73.99,9723300
2021-01-13 19:00:00-05:00,74.54,76.43,74.42,75.77,13950200
2021-01-14 19:00:00-05:00,74.76,74.83,72.77,73.07,10244600
2021-01-18 19:00:00-05:00,74.19,75.40,74.02,74.99,9574800
2021-01-19 19:00:00-05:00,75.38,75.82,74.82,75.68,8735400
2021-01-20 19:00:00-05:00,74.47,75.11,72.38,73.01,10393100
2021-01-21 19:00:00-05:00,71.73,73.02,71.28,72.78,7810600
2021-01-24 19:00:00-05:00,71.90,72.23,70.88,72.13,7689400
2021-01-25 19:00:00-05:00,73.16,73.72,70.83,70.90,7827800
2021-01-26 19:00:00-05:00,69.45,71.69,68.83,69.98,10178500
2021-01-27 19:00:00-05:00,70.36,71.53,70.02,70.63,8155500
2021-01-28 19:00:00-05:00,68.90,69.30,67.38,67.60,14699800
2021-01-31 19:00:00-05:00,68.23,69.27,67.10,68.56,8073600
2021-02-01 19:00:00-05:00,69.83,70.12,68.66,69.08,9233100
2021-02-02 19:00:00-05:00,69.07,70.93,68.94,70.59,9256500
2021-02-03 19:00:00-05:00,71.02,71.13,69.78,70.62,7917600
2021-02-04 19:00:00-05:00,71.36,71.78,70.33,70.82,8017300
2021-02-07 19:00:00-05:00,71.64,73.03,71.42,72.59,9886600
2021-02-08 19:00:00-05:00,72.28,72.42,71.26,72.17,7605500
2021-02-09 19:00:00-05:00,72.51,73.47,71.89,73.41,8778800
2021-02-10 19:00:00-05:00,73.29,73.35,71.47,73.01,8572400
2021-02-11 19:00:00-05:00,72.62,73.58,72.48,73.43,7858300
2021-02-15 19:00:00-05:00,74.87,75.53,74.52,74.94,14006000
2021-02-16 19:00:00-05:00,76.78,77.83,75.80,77.18,14342300
2021-02-17 19:00:00-05:00,77.05,77.07,75.88,76.44,9030600
2021-02-18 19:00:00-05:00,76.55,77.55,76.16,77.09,8913900
2021-02-21 19:00:00-05:00,78.04,80.18,77.62,79.17,13178700
2021-02-22 19:00:00-05:00,80.44,80.60,77.89,80.17,14874000
2021-02-23 19:00:00-05:00,80.73,83.72,80.31,83.13,16116000
2021-02-24 19:00:00-05:00,84.41,84.46,81.75,82.36,13219200
2021-02-25 19:00:00-05:00,80.71,81.32,78.54,80.47,14454100
2021-02-28 19:00:00-05:00,82.45,83.52,81.59,82.12,10439900
2021-03-01 19:00:00-05:00,81.99,83.13,81.84,82.43,10643500
2021-03-02 19:00:00-05:00,83.21,85.09,83.20,83.36,14958200
2021-03-03 19:00:00-05:00,84.10,86.57,82.99,84.09,22994200
2021-03-04 19:00:00-05:00,86.07,87.81,85.42,87.71,23638200
2021-03-07 19:00:00-05:00,88.40,88.86,86.95,88.31,18033600
2021-03-08 19:00:00-05:00,87.77,89.07,86.81,88.11,19010700
2021-03-09 19:00:00-05:00,88.67,90.13,88.27,89.62,17389900
2021-03-10 19:00:00-05:00,89.84,90.57,89.23,89.47,10989500
2021-03-11 19:00:00-05:00,89.83,90.69,89.09,89.77,10930300
2021-03-14 20:00:00-04:00,89.74,90.05,87.62,88.71,10488000
2021-03-15 20:00:00-04:00,87.33,87.61,86.16,86.61,11698400
2021-03-16 20:00:00-04:00,86.27,87.36,85.78,86.93,9168600
2021-03-17 20:00:00-04:00,86.11,86.53,83.45,83.78,13246600
2021-03-18 20:00:00-04:00,83.64,84.40,82.67,83.19,18491000
2021-03-21 20:00:00-04:00,82.93,84.09,82.33,82.51,12508500
2021-03-22 20:00:00-04:00,81.63,83.93,81.02,82.05,14781700
2021-03-23 20:00:00-04:00,82.87,85.10,82.81,84.25,11026800
2021-03-24 20:00:00-04:00,82.76,84.70,82.13,84.55,11138200
2021-03-25 20:00:00-04:00,85.73,86.53,84.78,86.49,9820200
2021-03-28 20:00:00-04:00,85.62,86.53,85.05,86.04,7542300
2021-03-29 20:00:00-04:00,85.34,85.96,84.97,85.24,6284600
2021-03-30 20:00:00-04:00,84.93,85.47,84.17,84.32,8954400
2021-03-31 20:00:00-04:00,84.70,85.18,83.85,85.09,8515800
2021-04-04 20:00:00-04:00,85.08,85.16,83.82,84.10,8692700
2021-04-05 20:00:00-04:00,83.89,84.55,83.24,83.35,8125100
2021-04-06 20:00:00-04:00,83.26,84.14,83.09,83.84,7699300
2021-04-07 20:00:00-04:00,83.30,83.38,82.13,82.90,8283000
2021-04-08 20:00:00-04:00,82.98,83.43,82.16,82.82,7163700
2021-04-11 20:00:00-04:00,83.42,83.57,81.68,81.90,7845900
2021-04-12 20:00:00-04:00,81.72,82.56,81.51,82.27,6829900
2021-04-13 20:00:00-04:00,82.60,84.76,82.56,83.90,10194800
2021-04-14 20:00:00-04:00,83.69,83.90,82.82,83.22,7860500
2021-04-15 20:00:00-04:00,83.52,83.98,82.42,82.85,7459700
2021-04-18 20:00:00-04:00,83.10,83.55,82.25,83.09,7068700
2021-04-19 20:00:00-04:00,82.74,82.87,80.88,81.54,9783800
2021-04-20 20:00:00-04:00,80.73,82.87,80.58,82.66,8264400
2021-04-21 20:00:00-04:00,82.78,82.78,81.17,81.23,9899400
2021-04-22 20:00:00-04:00,81.35,82.21,81.05,81.71,6756000
2021-04-25 20:00:00-04:00,81.49,82.62,81.48,81.69,5639700
2021-04-26 20:00:00-04:00,81.92,82.96,81.68,82.64,6898900
2021-04-27 20:00:00-04:00,83.32,85.18,83.18,84.67,8718400
2021-04-28 20:00:00-04:00,85.63,86.62,85.09,86.02,9740300
2021-04-29 20:00:00-04:00,84.47,84.80,82.86,82.94,13730000
2021-05-02 20:00:00-04:00,83.67,85.07,83.06,84.92,7938100
2021-05-03 20:00:00-04:00,85.26,85.71,84.37,85.38,8704300
2021-05-04 20:00:00-04:00,86.17,88.14,85.95,87.68,12872400
2021-05-05 20:00:00-04:00,87.67,87.81,86.44,87.73,9654900
2021-05-06 20:00:00-04:00,86.98,89.05,86.66,88.53,10273000
2021-05-09 20:00:00-04:00,89.67,91.02,88.13,88.17,13586500
2021-05-10 20:00:00-04:00,87.76,88.18,85.46,85.86,12754800
2021-05-11 20:00:00-04:00,86.10,88.63,85.87,86.40,11661900
2021-05-12 20:00:00-04:00,85.35,86.80,84.84,85.84,9706300
2021-05-13 20:00:00-04:00,86.74,88.37,86.74,88.09,9124100
2021-05-16 20:00:00-04:00,87.78,89.22,87.68,89.17,12692900
2021-05-17 20:00:00-04:00,88.73,88.83,86.31,86.49,12759900
2021-05-18 20:00:00-04:00,84.56,84.95,83.06,84.06,14762700
2021-05-19 20:00:00-04:00,83.95,84.77,83.06,84.35,9706300
2021-05-20 20:00:00-04:00,84.79,85.69,84.45,84.81,10352800
2021-05-23 20:00:00-04:00,85.48,86.21,84.71,86.01,6785600
2021-05-24 20:00:00-04:00,85.87,86.03,84.39,84.60,7884000
2021-05-25 20:00:00-04:00,85.13,85.45,84.43,84.81,9232400
2021-05-26 20:00:00-04:00,84.81,85.45,83.55,83.90,11703400
2021-05-27 20:00:00-04:00,84.40,84.81,83.85,84.54,7278200
2021-05-31 20:00:00-04:00,85.77,87.50,85.77,86.87,10260600
2021-06-01 20:00:00-04:00,87.32,88.42,86.51,88.03,9141800
2021-06-02 20:00:00-04:00,87.61,88.04,86.80,87.63,8809300
2021-06-03 20:00:00-04:00,88.16,88.51,87.32,88.33,6699300
2021-06-06 20:00:00-04:00,88.27,88.54,87.62,87.76,6748600
2021-06-07 20:00:00-04:00,87.68,88.77,86.58,88.56,10559500
2021-06-08 20:00:00-04:00,88.83,89.21,87.68,87.79,10146900
2021-06-09 20:00:00-04:00,88.83,89.80,87.36,88.30,13526200
2021-06-10 20:00:00-04:00,88.65,88.76,87.85,87.89,7731700
2021-06-13 20:00:00-04:00,88.11,88.75,87.02,87.94,9051900
2021-06-14 20:00:00-04:00,88.30,89.99,88.29,89.84,10540200
2021-06-15 20:00:00-04:00,89.62,90.01,88.70,89.33,9283300
2021-06-16 20:00:00-04:00,88.98,89.58,78.45,87.21,14337800
2021-06-17 20:00:00-04:00,85.73,86.56,83.82,83.92,22284500
2021-06-20 20:00:00-04:00,84.79,86.70,84.65,86.38,13591500
2021-06-21 20:00:00-04:00,85.79,87.12,84.96,86.66,10230100
2021-06-22 20:00:00-04:00,87.45,88.07,86.53,86.56,7792800
2021-06-23 20:00:00-04:00,87.27,87.79,86.63,87.27,8724600
2021-06-24 20:00:00-04:00,87.63,88.02,86.97,87.40,8102300
2021-06-27 20:00:00-04:00,87.11,87.15,84.43,84.70,11348400
2021-06-28 20:00:00-04:00,85.19,85.50,84.39,84.51,7225500
2021-06-29 20:00:00-04:00,84.58,85.43,84.48,85.31,7927500
2021-06-30 20:00:00-04:00,87.11,87.24,86.13,86.51,10873200
2021-07-01 20:00:00-04:00,86.09,86.66,85.56,86.40,7107700
2021-07-05 20:00:00-04:00,86.31,86.31,84.21,84.70,10162800
2021-07-06 20:00:00-04:00,84.68,85.44,83.18,83.84,8245000
2021-07-07 20:00:00-04:00,82.67,83.97,82.45,83.57,8695500
2021-07-08 20:00:00-04:00,84.27,84.90,83.37,84.77,8567900
2021-07-11 20:00:00-04:00,84.35,85.54,84.09,84.94,9898600
2021-07-12 20:00:00-04:00,84.71,85.18,84.07,84.65,6738000
2021-07-13 20:00:00-04:00,85.10,85.79,82.85,83.06,9216600
2021-07-14 20:00:00-04:00,82.31,83.28,82.14,82.51,9665700
2021-07-15 20:00:00-04:00,82.78,82.83,80.09,80.33,12199100
2021-07-18 20:00:00-04:00,78.05,78.97,76.99,78.16,17385500
2021-07-19 20:00:00-04:00,78.10,79.86,77.42,78.63,12114600
2021-07-20 20:00:00-04:00,79.81,81.83,79.58,81.31,11478100
2021-07-21 20:00:00-04:00,80.96,80.97,79.73,80.49,7694300
2021-07-22 20:00:00-04:00,80.47,80.74,79.77,80.52,7570800
2021-07-25 20:00:00-04:00,81.01,82.48,81.00,82.23,10227500
2021-07-26 20:00:00-04:00,81.49,82.04,80.59,81.95,8332100
2021-07-27 20:00:00-04:00,82.19,82.93,81.68,82.41,8546100
2021-07-28 20:00:00-04:00,83.39,83.80,83.03,83.55,8681300
2021-07-29 20:00:00-04:00,83.94,84.75,82.08,82.93,12295300
2021-08-01 20:00:00-04:00,83.15,84.69,82.72,82.78,8911800
2021-08-02 20:00:00-04:00,82.75,83.82,82.00,83.57,8437300
2021-08-03 20:00:00-04:00,81.81,83.00,81.53,81.70,10389800
2021-08-04 20:00:00-04:00,82.22,83.43,82.00,82.45,7986100
2021-08-05 20:00:00-04:00,83.10,83.55,82.76,83.04,6475600
2021-08-08 20:00:00-04:00,82.19,82.58,81.39,81.66,9243100
2021-08-09 20:00:00-04:00,82.05,83.34,81.92,83.15,9762600
2021-08-10 20:00:00-04:00,83.11,83.87,82.76,83.77,7079800
2021-08-11 20:00:00-04:00,83.78,84.10,82.90,83.60,7377600
2021-08-12 20:00:00-04:00,83.27,83.52,82.79,83.05,6572600
2021-08-15 20:00:00-04:00,82.13,82.43,81.38,82.20,9476600
2021-08-16 20:00:00-04:00,81.61,82.82,81.15,82.05,10937500
2021-08-17 20:00:00-04:00,81.47,82.07,79.70,79.83,12893600
2021-08-18 20:00:00-04:00,78.27,78.68,76.66,77.84,17423400
2021-08-19 20:00:00-04:00,77.20,78.32,76.95,77.84,9707600
2021-08-22 20:00:00-04:00,79.32,80.07,79.30,79.85,10277800
2021-08-23 20:00:00-04:00,80.49,81.40,80.40,80.77,8924900
2021-08-24 20:00:00-04:00,80.26,81.49,79.84,81.32,9342300
2021-08-25 20:00:00-04:00,80.99,81.50,80.24,80.26,8124800
2021-08-26 20:00:00-04:00,81.01,82.10,80.94,81.43,10281200
2021-08-29 20:00:00-04:00,81.80,81.98,80.87,81.22,8127200
2021-08-30 20:00:00-04:00,81.01,81.24,79.78,79.88,15676900
2021-08-31 20:00:00-04:00,79.96,80.13,78.81,79.01,10557300
2021-09-01 20:00:00-04:00,79.78,81.22,79.70,80.66,12340100
2021-09-02 20:00:00-04:00,80.40,81.25,80.39,80.48,9097000
2021-09-06 20:00:00-04:00,80.09,80.88,79.86,80.12,9237800
2021-09-07 20:00:00-04:00,80.49,81.29,79.54,79.57,10775900
2021-09-08 20:00:00-04:00,79.16,80.59,78.71,79.25,10219400
2021-09-09 20:00:00-04:00,80.57,80.65,79.16,79.31,11006000
2021-09-12 20:00:00-04:00,80.25,81.49,80.12,80.87,11500900
2021-09-13 20:00:00-04:00,81.21,81.51,79.23,79.41,15294100
2021-09-14 20:00:00-04:00,80.07,81.34,80.07,81.10,11623400
2021-09-15 20:00:00-04:00,81.16,81.39,80.00,80.34,10616700
2021-09-16 20:00:00-04:00,80.16,81.21,79.55,79.88,16006100
2021-09-19 20:00:00-04:00,78.13,78.63,77.03,78.24,15796100
2021-09-20 20:00:00-04:00,78.89,79.16,77.62,78.30,10958400
2021-09-21 20:00:00-04:00,79.45,81.54,79.45,80.60,13292800
2021-09-22 20:00:00-04:00,81.10,82.77,80.69,82.60,10094900
2021-09-23 20:00:00-04:00,82.26,83.35,82.26,83.05,8225300
2021-09-26 20:00:00-04:00,84.69,85.67,84.69,85.00,12697500
2021-09-27 20:00:00-04:00,85.78,86.59,84.93,85.32,15560800
2021-09-28 20:00:00-04:00,85.20,86.05,84.48,85.30,10268100
2021-09-29 20:00:00-04:00,85.37,85.40,83.75,83.75,15319800
2021-09-30 20:00:00-04:00,84.38,86.30,84.10,86.12,10854900
2021-10-03 20:00:00-04:00,86.68,87.39,85.94,86.45,13305400
2021-10-04 20:00:00-04:00,87.54,88.96,87.02,87.39,13017300
2021-10-05 20:00:00-04:00,86.00,86.97,85.51,86.62,10630100
2021-10-06 20:00:00-04:00,87.18,87.75,86.86,87.24,8830900
2021-10-07 20:00:00-04:00,88.17,89.51,88.00,89.20,10586700
2021-10-10 20:00:00-04:00,90.44,90.50,88.26,88.44,9794800
2021-10-11 20:00:00-04:00,88.32,88.81,87.64,88.45,9085000
2021-10-12 20:00:00-04:00,88.14,89.43,87.90,88.98,9220700
2021-10-13 20:00:00-04:00,89.88,90.11,89.24,89.82,7648600
2021-10-14 20:00:00-04:00,90.62,90.83,90.33,90.48,9968100
2021-10-17 20:00:00-04:00,90.99,91.14,89.95,90.44,10677400
2021-10-18 20:00:00-04:00,90.94,92.21,90.64,92.21,10362800
2021-10-19 20:00:00-04:00,91.70,93.42,91.45,93.41,10811400
2021-10-20 20:00:00-04:00,93.04,93.12,91.52,92.24,9372600
2021-10-21 20:00:00-04:00,92.64,93.18,92.00,93.12,8673800
2021-10-24 20:00:00-04:00,93.72,94.40,93.53,93.98,9579800
2021-10-25 20:00:00-04:00,94.09,94.60,93.70,94.19,7463000
2021-10-26 20:00:00-04:00,93.46,93.76,92.17,92.51,9096100
2021-10-27 20:00:00-04:00,92.11,93.50,92.11,93.38,7538200
2021-10-28 20:00:00-04:00,94.79,95.17,93.41,94.51,15294200
2021-10-31 20:00:00-04:00,94.96,95.01,94.15,94.54,11213800
2021-11-01 20:00:00-04:00,94.26,94.26,93.46,93.97,9189700
2021-11-02 20:00:00-04:00,92.68,93.50,92.43,93.29,10416000
2021-11-03 20:00:00-04:00,94.29,94.32,93.21,93.70,9673000
2021-11-04 20:00:00-04:00,94.33,94.97,94.05,94.72,8102100
2021-11-07 19:00:00-05:00,95.01,95.75,94.68,95.06,7695900
2021-11-08 19:00:00-05:00,95.16,95.86,94.49,95.76,10945900
2021-11-09 19:00:00-05:00,95.56,95.93,93.83,94.23,10305100
2021-11-10 19:00:00-05:00,93.78,94.66,93.75,94.24,7317500
2021-11-11 19:00:00-05:00,93.94,94.36,93.77,94.30,8682800
2021-11-14 19:00:00-05:00,94.89,96.54,94.33,96.44,11050400
2021-11-15 19:00:00-05:00,96.67,97.48,96.47,96.81,10566300
2021-11-16 19:00:00-05:00,95.92,97.31,95.75,96.38,11108000
2021-11-17 19:00:00-05:00,95.90,96.35,94.70,95.57,8368600
2021-11-18 19:00:00-05:00,93.95,94.49,92.77,93.45,13532600
2021-11-21 19:00:00-05:00,93.54,96.19,93.40,95.12,9947100
2021-11-22 19:00:00-05:00,96.19,97.57,96.08,97.12,10366800
2021-11-23 19:00:00-05:00,97.54,98.54,97.43,97.86,8500900
2021-11-25 19:00:00-05:00,94.65,95.89,94.05,95.62,11861800
2021-11-28 19:00:00-05:00,97.15,97.84,95.79,95.90,12003800
2021-11-29 19:00:00-05:00,94.74,96.75,93.89,94.25,24451200
2021-11-30 19:00:00-05:00,95.99,96.92,93.60,93.61,12302700
2021-12-01 19:00:00-05:00,94.57,96.61,93.47,96.15,11392400
2021-12-02 19:00:00-05:00,97.48,97.70,94.85,95.54,10445100
2021-12-05 19:00:00-05:00,96.83,98.08,96.07,97.03,9833900
2021-12-06 19:00:00-05:00,97.90,99.09,97.90,98.47,11419600
2021-12-07 19:00:00-05:00,98.86,99.59,98.25,98.91,8827900
2021-12-08 19:00:00-05:00,98.41,99.04,98.18,98.65,8334700
2021-12-09 19:00:00-05:00,99.31,99.54,97.59,98.82,9090700
2021-12-12 19:00:00-05:00,98.08,98.41,96.54,96.76,8533000
2021-12-13 19:00:00-05:00,96.65,97.63,96.42,97.05,12245300
2021-12-14 19:00:00-05:00,97.13,97.13,95.15,96.50,11069500
2021-12-15 19:00:00-05:00,97.02,98.69,96.80,97.40,11344700
2021-12-16 19:00:00-05:00,96.80,97.25,94.80,94.86,22727900
2021-12-19 19:00:00-05:00,93.41,94.95,92.46,94.90,13464400
2021-12-20 19:00:00-05:00,95.55,96.92,95.44,96.42,11368200
2021-12-21 19:00:00-05:00,96.38,97.43,95.54,96.97,8345200
2021-12-22 19:00:00-05:00,97.29,98.47,97.20,97.21,7416600
2021-12-26 19:00:00-05:00,96.92,99.22,96.37,99.19,7745500
2021-12-27 19:00:00-05:00,99.09,99.65,98.57,99.00,6516000
2021-12-28 19:00:00-05:00,98.60,99.08,97.94,98.49,6957400
2021-12-29 19:00:00-05:00,98.64,99.11,97.98,98.06,6016000
2021-12-30 19:00:00-05:00,98.02,98.61,97.81,97.99,5706600
2022-01-02 19:00:00-05:00,98.05,99.95,97.94,99.59,10717700
2022-01-03 19:00:00-05:00,100.16,101.86,99.92,101.40,16413100
2022-01-04 19:00:00-05:00,102.08,103.41,101.93,102.06,15487100
2022-01-05 19:00:00-05:00,103.23,103.81,101.57,102.93,13318500
2022-01-06 19:00:00-05:00,103.17,104.83,102.67,104.41,14164600
2022-01-09 19:00:00-05:00,104.51,104.96,103.43,104.47,12626100
2022-01-10 19:00:00-05:00,105.10,106.89,104.24,106.86,14609000
2022-01-11 19:00:00-05:00,106.88,107.24,105.61,106.33,12469200
2022-01-12 19:00:00-05:00,106.17,106.97,105.59,105.88,9691300
2022-01-13 19:00:00-05:00,105.85,107.89,105.85,107.69,13281000
2022-01-17 19:00:00-05:00,108.30,108.56,106.78,108.04,12905500
2022-01-18 19:00:00-05:00,108.51,108.68,107.34,107.65,12064300
2022-01-19 19:00:00-05:00,107.11,109.27,106.79,107.26,11370400
2022-01-20 19:00:00-05:00,106.69,107.22,105.41,105.98,13055700
2022-01-23 19:00:00-05:00,103.92,106.66,102.58,106.20,19513700
2022-01-24 19:00:00-05:00,106.15,110.84,104.61,110.72,19984500
2022-01-25 19:00:00-05:00,110.98,112.49,109.88,110.80,17266500
2022-01-26 19:00:00-05:00,112.27,114.40,111.55,113.04,20654100
2022-01-27 19:00:00-05:00,108.56,110.28,106.94,109.06,24817800
2022-01-30 19:00:00-05:00,108.71,110.11,108.00,109.67,16401800
2022-01-31 19:00:00-05:00,109.25,113.35,108.98,112.56,16169700
2022-02-01 19:00:00-05:00,112.19,113.40,110.89,113.07,10906700
2022-02-02 19:00:00-05:00,112.61,113.02,111.22,112.06,9447700
2022-02-03 19:00:00-05:00,112.74,114.40,112.74,113.47,13034700
2022-02-06 19:00:00-05:00,113.01,116.43,112.59,115.70,18422500
2022-02-07 19:00:00-05:00,115.39,115.59,112.74,113.93,11021600
2022-02-08 19:00:00-05:00,114.17,115.52,113.65,115.06,10140800
2022-02-09 19:00:00-05:00,114.87,115.90,113.06,113.60,11012700
2022-02-10 19:00:00-05:00,114.28,116.44,113.80,115.91,12821200
2022-02-13 19:00:00-05:00,115.19,115.28,112.77,114.13,15945000
2022-02-14 19:00:00-05:00,112.29,113.78,111.53,113.29,11746800
2022-02-15 19:00:00-05:00,113.87,114.89,112.87,113.32,11348800
2022-02-16 19:00:00-05:00,113.21,113.56,111.76,112.74,10073900
2022-02-17 19:00:00-05:00,112.07,112.99,111.43,112.58,10691800
2022-02-21 19:00:00-05:00,115.60,115.60,110.13,111.72,19428700
2022-02-22 19:00:00-05:00,112.17,114.83,111.86,114.38,16134200
2022-02-23 19:00:00-05:00,116.39,116.64,111.15,113.79,22108900
2022-02-24 19:00:00-05:00,114.72,118.56,114.28,118.45,28028000
2022-02-27 19:00:00-05:00,117.52,121.51,116.99,121.51,24394300
2022-02-28 19:00:00-05:00,122.36,126.54,122.10,126.34,31159900
2022-03-01 19:00:00-05:00,126.74,131.42,126.61,130.06,31329500
2022-03-02 19:00:00-05:00,128.48,132.58,128.05,131.82,22492900
2022-03-03 19:00:00-05:00,131.46,134.97,130.87,133.87,29034400
2022-03-06 19:00:00-05:00,134.93,136.78,131.40,136.73,34824700
2022-03-07 19:00:00-05:00,138.65,146.82,138.47,143.89,57231000
2022-03-08 19:00:00-05:00,137.35,143.25,136.03,140.30,43430000
2022-03-09 19:00:00-05:00,142.38,147.46,142.00,144.14,34913600
2022-03-10 19:00:00-05:00,139.98,145.96,139.97,144.21,28423600
2022-03-13 20:00:00-04:00,140.25,142.06,138.64,140.68,25156200
2022-03-14 20:00:00-04:00,134.26,135.17,131.01,133.56,28534400
2022-03-15 20:00:00-04:00,133.99,135.43,131.81,133.08,22299700
2022-03-16 20:00:00-04:00,134.97,135.84,133.25,135.38,15750700
2022-03-17 20:00:00-04:00,135.76,136.47,133.98,136.47,23214700
2022-03-20 20:00:00-04:00,137.56,139.72,137.30,138.92,13180600
2022-03-21 20:00:00-04:00,138.12,139.45,137.19,138.46,11063900
2022-03-22 20:00:00-04:00,140.07,141.21,139.18,139.95,10755000
2022-03-23 20:00:00-04:00,140.44,141.25,139.23,140.33,9024800
2022-03-24 20:00:00-04:00,139.41,143.19,139.36,142.87,10254700
2022-03-27 20:00:00-04:00,139.99,140.60,139.34,140.37,9992000
2022-03-28 20:00:00-04:00,137.97,138.79,135.43,138.65,15102600
2022-03-29 20:00:00-04:00,139.43,140.37,138.10,139.63,9906000
2022-03-30 20:00:00-04:00,137.94,140.21,137.30,137.40,10395900
2022-03-31 20:00:00-04:00,137.36,140.03,136.98,138.57,8795300
2022-04-03 20:00:00-04:00,139.23,139.61,137.54,138.70,8718600
2022-04-04 20:00:00-04:00,139.25,141.52,137.63,137.84,9538200
2022-04-05 20:00:00-04:00,139.09,140.92,138.66,139.07,9269000
2022-04-06 20:00:00-04:00,139.31,141.51,137.90,141.00,8018400
2022-04-07 20:00:00-04:00,140.96,144.38,140.93,143.39,10801200
2022-04-10 20:00:00-04:00,142.24,142.42,139.15,139.70,10206100
2022-04-11 20:00:00-04:00,142.58,145.71,141.89,142.61,9528400
2022-04-12 20:00:00-04:00,144.23,145.20,142.00,144.86,7330700
2022-04-13 20:00:00-04:00,144.03,145.93,143.92,144.79,9421100
2022-04-17 20:00:00-04:00,145.98,147.28,145.03,146.73,7639000
2022-04-18 20:00:00-04:00,146.05,146.56,144.32,144.99,6970200
2022-04-19 20:00:00-04:00,144.81,146.47,144.68,145.58,7495000
2022-04-20 20:00:00-04:00,144.92,145.51,138.24,138.87,14594800
2022-04-21 20:00:00-04:00,138.71,139.63,135.74,135.81,12160100
2022-04-24 20:00:00-04:00,131.41,133.63,127.72,132.89,15449800
2022-04-25 20:00:00-04:00,134.01,135.32,131.96,132.08,9810600
2022-04-26 20:00:00-04:00,132.55,133.25,130.39,131.84,10396600
2022-04-27 20:00:00-04:00,132.86,137.54,130.73,136.52,9366400
2022-04-28 20:00:00-04:00,136.09,137.07,131.88,132.20,14713200
2022-05-01 20:00:00-04:00,131.90,135.01,130.92,134.80,11559000
2022-05-02 20:00:00-04:00,134.65,137.90,134.39,137.11,8827200
2022-05-03 20:00:00-04:00,139.20,141.67,137.94,141.41,9183200
2022-05-04 20:00:00-04:00,142.82,143.03,137.25,140.29,9807600
2022-05-05 20:00:00-04:00,141.99,144.27,139.58,144.03,10418100
2022-05-08 20:00:00-04:00,141.55,141.55,133.73,134.38,14110700
2022-05-09 20:00:00-04:00,136.87,138.55,133.21,135.67,11636000
2022-05-10 20:00:00-04:00,138.03,141.30,137.13,137.68,9105500
2022-05-11 20:00:00-04:00,137.73,139.10,134.05,138.98,8936400
2022-05-12 20:00:00-04:00,140.49,142.43,139.13,141.65,9229900
2022-05-15 20:00:00-04:00,142.60,147.64,142.49,145.99,13296300
2022-05-16 20:00:00-04:00,147.53,148.22,145.65,146.85,12827600
2022-05-17 20:00:00-04:00,148.13,148.14,141.05,142.98,13107500
2022-05-18 20:00:00-04:00,140.06,144.32,138.53,141.96,10958700
2022-05-19 20:00:00-04:00,143.67,145.51,139.60,142.77,9615000
2022-05-22 20:00:00-04:00,144.14,147.15,143.87,146.09,10216400
2022-05-23 20:00:00-04:00,145.21,147.67,144.47,146.87,9782700
2022-05-24 20:00:00-04:00,147.30,149.72,147.15,149.23,10174500
2022-05-25 20:00:00-04:00,150.15,151.37,148.89,150.23,11213900
2022-05-26 20:00:00-04:00,150.17,151.73,149.47,151.67,10512300
2022-05-30 20:00:00-04:00,153.10,153.95,147.58,148.59,20547600
2022-05-31 20:00:00-04:00,150.35,151.54,148.83,150.00,8824100
2022-06-01 20:00:00-04:00,148.66,150.17,148.12,149.73,7441900
2022-06-02 20:00:00-04:00,149.73,151.65,149.73,151.09,8435300
2022-06-05 20:00:00-04:00,151.35,151.43,149.32,150.44,6734200
2022-06-06 20:00:00-04:00,150.98,153.70,150.51,153.31,9668300
2022-06-07 20:00:00-04:00,153.94,155.18,153.35,154.10,8715200
2022-06-08 20:00:00-04:00,153.16,153.68,150.91,151.03,9764600
2022-06-09 20:00:00-04:00,150.05,151.92,147.73,149.22,9529700
2022-06-12 20:00:00-04:00,146.00,146.33,139.57,142.36,14614900
2022-06-13 20:00:00-04:00,144.09,146.58,141.09,142.54,10269300
2022-06-14 20:00:00-04:00,141.89,142.80,137.77,139.74,11565300
2022-06-15 20:00:00-04:00,136.07,136.58,130.80,132.27,18125900
2022-06-16 20:00:00-04:00,131.76,132.27,124.03,126.23,35575100
2022-06-20 20:00:00-04:00,129.36,132.73,128.84,131.52,13772000
2022-06-21 20:00:00-04:00,125.97,128.29,124.49,125.80,13735800
2022-06-22 20:00:00-04:00,126.58,126.96,119.23,121.17,15713700
2022-06-23 20:00:00-04:00,123.53,125.14,121.32,123.16,11108300
2022-06-26 20:00:00-04:00,124.09,126.61,123.87,125.55,9242400
2022-06-27 20:00:00-04:00,128.36,129.48,126.00,127.56,9183300
2022-06-28 20:00:00-04:00,129.00,129.41,124.29,125.04,9082900
2022-06-29 20:00:00-04:00,122.98,125.84,122.01,123.17,10685000
2022-06-30 20:00:00-04:00,124.72,125.03,121.21,124.64,7684600
2022-07-04 20:00:00-04:00,122.21,122.97,118.60,121.37,11513100
2022-07-05 20:00:00-04:00,120.52,121.88,116.38,119.77,12421200
2022-07-06 20:00:00-04:00,122.59,123.61,121.73,122.10,12741800
2022-07-07 20:00:00-04:00,123.26,123.74,120.03,121.46,7915500
2022-07-10 20:00:00-04:00,120.73,121.53,119.05,120.39,7056800
2022-07-11 20:00:00-04:00,117.83,118.78,116.77,118.19,8653900
2022-07-12 20:00:00-04:00,117.07,119.73,116.67,117.40,9414600
2022-07-13 20:00:00-04:00,114.26,115.84,112.76,115.65,10150200
2022-07-14 20:00:00-04:00,118.22,118.22,116.07,117.11,7051900
2022-07-17 20:00:00-04:00,119.58,120.93,118.32,118.75,7943900
2022-07-18 20:00:00-04:00,118.84,123.37,118.61,123.03,9152100
2022-07-19 20:00:00-04:00,122.93,125.28,121.93,124.65,7856600
2022-07-20 20:00:00-04:00,121.76,123.76,120.38,123.70,6724200
2022-07-21 20:00:00-04:00,123.84,124.46,122.01,122.67,5889500
2022-07-24 20:00:00-04:00,123.95,126.43,122.66,126.32,6210900
2022-07-25 20:00:00-04:00,127.19,128.19,124.66,125.33,6112800
2022-07-26 20:00:00-04:00,126.20,127.78,124.77,126.98,6223000
2022-07-27 20:00:00-04:00,128.20,128.86,125.94,127.94,6574300
2022-07-28 20:00:00-04:00,133.18,140.08,132.63,139.34,17143700
2022-07-31 20:00:00-04:00,137.12,137.70,135.40,136.55,8017800
2022-08-01 20:00:00-04:00,136.88,137.37,134.67,135.39,5928300
2022-08-02 20:00:00-04:00,135.53,136.09,131.31,132.17,8751400
2022-08-03 20:00:00-04:00,132.14,132.24,128.23,128.58,10640000
2022-08-04 20:00:00-04:00,127.31,131.87,126.78,130.71,7170200
2022-08-07 20:00:00-04:00,130.67,131.85,130.29,130.51,5966900
2022-08-08 20:00:00-04:00,132.67,134.25,131.53,132.22,5842200
2022-08-09 20:00:00-04:00,132.72,133.12,130.11,132.56,6145800
2022-08-10 20:00:00-04:00,134.51,137.11,134.10,135.80,7888600
2022-08-11 20:00:00-04:00,134.63,136.04,133.69,135.99,7244700
2022-08-14 20:00:00-04:00,132.02,134.24,130.54,133.41,8975200
2022-08-15 20:00:00-04:00,133.92,134.35,132.56,133.07,7218400
2022-08-16 20:00:00-04:00,133.25,135.56,132.30,134.16,6741100
2022-08-17 20:00:00-04:00,134.91,137.07,134.86,136.52,6477500
2022-08-18 20:00:00-04:00,136.03,137.13,135.31,135.37,6834200
2022-08-21 20:00:00-04:00,134.52,135.42,132.57,134.70,9147000
2022-08-22 20:00:00-04:00,136.58,139.37,136.25,139.07,10354800
2022-08-23 20:00:00-04:00,138.78,140.23,137.93,140.10,9468100
2022-08-24 20:00:00-04:00,140.72,141.56,139.60,141.32,8050700
2022-08-25 20:00:00-04:00,140.95,142.62,139.47,140.28,7765800
2022-08-28 20:00:00-04:00,140.70,143.22,140.48,141.33,8462600
2022-08-29 20:00:00-04:00,139.35,139.55,136.29,137.89,8814300
2022-08-30 20:00:00-04:00,135.31,138.57,134.05,135.69,13582700
2022-08-31 20:00:00-04:00,134.34,134.68,131.55,133.53,8244400
2022-09-01 20:00:00-04:00,135.85,136.61,134.54,135.51,7526600
2022-09-05 20:00:00-04:00,137.26,137.35,133.67,134.88,8550000
2022-09-06 20:00:00-04:00,132.26,133.77,131.02,133.16,9442100
2022-09-07 20:00:00-04:00,133.57,134.25,131.67,133.88,9232500
2022-09-08 20:00:00-04:00,135.99,137.92,135.24,137.33,8261100
2022-09-11 20:00:00-04:00,139.77,141.25,138.43,139.50,8920800
2022-09-12 20:00:00-04:00,138.57,139.64,136.28,136.85,10308300
2022-09-13 20:00:00-04:00,138.16,140.42,137.66,140.16,11160800
2022-09-14 20:00:00-04:00,137.94,138.82,137.00,137.89,9665000
2022-09-15 20:00:00-04:00,137.80,138.34,133.59,134.31,43741600
2022-09-18 20:00:00-04:00,131.29,134.74,131.18,134.70,6813800
2022-09-19 20:00:00-04:00,133.96,134.65,132.50,134.16,8955200
2022-09-20 20:00:00-04:00,135.91,136.31,133.02,133.07,6877000
2022-09-21 20:00:00-04:00,135.30,135.88,132.84,132.97,6981100
2022-09-22 20:00:00-04:00,128.56,128.93,123.33,124.28,13919700
2022-09-25 20:00:00-04:00,123.25,124.52,120.95,121.01,9444000
2022-09-26 20:00:00-04:00,122.15,123.42,120.58,121.06,10121000
2022-09-27 20:00:00-04:00,121.97,125.72,121.39,125.15,8279800
2022-09-28 20:00:00-04:00,124.06,124.83,122.14,124.28,8197600
2022-09-29 20:00:00-04:00,123.65,124.60,122.33,123.34,9402700
2022-10-02 20:00:00-04:00,127.89,130.78,127.31,130.26,9597400
2022-10-03 20:00:00-04:00,132.58,135.54,131.89,135.32,9520200
2022-10-04 20:00:00-04:00,133.79,137.13,132.89,136.10,10633100
2022-10-05 20:00:00-04:00,135.07,139.02,134.95,138.58,9498300
2022-10-06 20:00:00-04:00,139.51,140.73,136.55,137.38,9972500
2022-10-09 20:00:00-04:00,138.22,138.62,134.30,134.90,5904500
2022-10-10 20:00:00-04:00,132.85,137.30,132.30,134.93,7533300
2022-10-11 20:00:00-04:00,134.04,136.34,133.51,135.33,4942000
2022-10-12 20:00:00-04:00,134.22,142.50,134.22,141.89,10227500
2022-10-13 20:00:00-04:00,140.83,142.04,137.30,137.48,7327900
2022-10-16 20:00:00-04:00,140.18,141.57,138.30,138.48,5890400
2022-10-17 20:00:00-04:00,139.38,140.20,136.46,139.69,5631200
2022-10-18 20:00:00-04:00,140.44,145.26,140.44,144.22,9766800
2022-10-19 20:00:00-04:00,145.34,147.50,144.17,145.05,8871500
2022-10-20 20:00:00-04:00,145.21,149.24,144.95,148.68,7971300
2022-10-23 20:00:00-04:00,147.73,149.95,147.32,148.63,7007700
2022-10-24 20:00:00-04:00,148.57,150.23,147.80,150.17,7280600
2022-10-25 20:00:00-04:00,150.51,153.22,150.38,152.03,6865300
2022-10-26 20:00:00-04:00,154.43,155.73,152.36,152.72,9177400
2022-10-27 20:00:00-04:00,155.79,156.98,151.55,154.51,10773900
2022-10-30 20:00:00-04:00,152.86,157.82,152.86,155.30,13281000
2022-10-31 20:00:00-04:00,157.85,158.39,156.16,156.43,9185600
2022-11-01 20:00:00-04:00,155.33,157.02,153.04,153.24,8087500
2022-11-02 20:00:00-04:00,152.78,156.41,152.30,155.50,6607800
2022-11-03 20:00:00-04:00,158.68,159.16,155.04,157.46,7491900
2022-11-06 19:00:00-05:00,156.67,160.00,156.34,159.34,7578000
2022-11-07 19:00:00-05:00,159.09,159.89,157.84,159.11,6308200
2022-11-08 19:00:00-05:00,157.63,157.80,152.14,152.75,8021700
2022-11-09 19:00:00-05:00,156.44,156.53,152.84,155.64,6981500
2022-11-10 19:00:00-05:00,158.00,160.62,157.87,160.07,8428300
2022-11-13 19:00:00-05:00,159.94,162.84,159.83,160.15,9722400
2022-11-14 19:00:00-05:00,160.64,161.77,159.05,161.44,7747300
2022-11-15 19:00:00-05:00,160.14,161.24,157.69,158.81,7941100
2022-11-16 19:00:00-05:00,157.03,159.38,155.96,159.26,6550500
2022-11-17 19:00:00-05:00,156.55,158.67,155.42,158.31,7661500
2022-11-20 19:00:00-05:00,155.49,157.19,152.11,156.79,8432900
2022-11-21 19:00:00-05:00,158.97,161.40,158.39,160.82,9018000
2022-11-22 19:00:00-05:00,158.50,160.18,157.95,159.39,5831200
2022-11-24 19:00:00-05:00,159.95,160.31,158.59,158.92,2796400
2022-11-27 19:00:00-05:00,155.96,156.99,153.96,154.30,9365500
2022-11-28 19:00:00-05:00,155.95,157.32,155.42,156.61,6985400
2022-11-29 19:00:00-05:00,158.19,158.61,155.39,158.59,10936700
2022-11-30 19:00:00-05:00,159.41,159.66,156.97,157.88,5217400
2022-12-01 19:00:00-05:00,157.05,158.86,155.66,156.61,6852300
2022-12-04 19:00:00-05:00,158.03,158.27,151.08,152.75,8162200
2022-12-05 19:00:00-05:00,151.84,154.04,148.04,148.81,8765000
2022-12-06 19:00:00-05:00,147.99,151.03,147.81,149.25,6936300
2022-12-07 19:00:00-05:00,152.48,152.61,148.83,150.13,8076600
2022-12-08 19:00:00-05:00,149.06,149.83,145.28,145.34,10754300
2022-12-11 19:00:00-05:00,146.15,147.52,145.09,146.85,9364900
2022-12-12 19:00:00-05:00,150.16,150.93,149.22,150.12,7838800
2022-12-13 19:00:00-05:00,150.96,151.33,148.17,149.09,7045500
2022-12-14 19:00:00-05:00,147.59,148.26,145.39,147.97,7272900
2022-12-15 19:00:00-05:00,145.80,147.20,144.56,145.96,23876000
2022-12-18 19:00:00-05:00,147.17,147.78,145.56,146.97,7131600
2022-12-19 19:00:00-05:00,146.91,149.92,146.72,149.38,6199100
2022-12-20 19:00:00-05:00,151.56,152.23,149.80,151.14,5479400
2022-12-21 19:00:00-05:00,151.53,151.58,145.63,148.87,5755000
2022-12-22 19:00:00-05:00,150.62,153.63,150.26,153.47,6079100
2022-12-26 19:00:00-05:00,154.30,155.92,153.47,155.40,5168000
2022-12-27 19:00:00-05:00,154.74,155.12,152.20,153.11,4494400
2022-12-28 19:00:00-05:00,152.82,155.03,152.82,154.27,4142100
2022-12-29 19:00:00-05:00,154.02,155.68,153.73,155.28,5005100
2023-01-02 19:00:00-05:00,154.03,154.86,148.38,150.52,7565400
2023-01-03 19:00:00-05:00,147.89,150.78,147.81,148.92,7684500
2023-01-04 19:00:00-05:00,148.37,152.43,148.14,151.60,6088200
2023-01-05 19:00:00-05:00,153.14,155.19,152.00,152.75,7191200
2023-01-08 19:00:00-05:00,154.22,154.28,150.86,151.55,8385600
2023-01-09 19:00:00-05:00,152.61,152.88,150.29,152.30,8307000
2023-01-10 19:00:00-05:00,153.90,154.11,150.79,151.57,6962600
2023-01-11 19:00:00-05:00,152.25,154.31,152.18,153.20,6891400
2023-01-12 19:00:00-05:00,153.20,153.98,151.98,153.61,5726300
2023-01-16 19:00:00-05:00,154.37,156.86,154.15,156.15,10697700
2023-01-17 19:00:00-05:00,156.43,157.78,153.07,153.33,8899200
2023-01-18 19:00:00-05:00,152.79,155.68,152.40,154.86,5907200
2023-01-19 19:00:00-05:00,154.69,156.90,153.58,156.50,10477900
2023-01-22 19:00:00-05:00,156.77,157.93,155.75,156.29,8381300
2023-01-23 19:00:00-05:00,156.67,157.45,154.60,156.44,5989000
2023-01-24 19:00:00-05:00,155.11,155.75,152.56,154.93,6727500
2023-01-25 19:00:00-05:00,160.04,162.48,158.73,162.46,14307800
2023-01-26 19:00:00-05:00,159.38,159.38,153.92,155.25,19654700
2023-01-29 19:00:00-05:00,153.99,154.29,150.25,150.70,11476000
2023-01-30 19:00:00-05:00,149.45,151.08,148.30,150.55,14481300
2023-01-31 19:00:00-05:00,149.93,150.24,146.67,148.25,11526400
2023-02-01 19:00:00-05:00,148.05,148.31,144.32,146.21,10463400
2023-02-02 19:00:00-05:00,146.95,148.41,145.76,146.59,8404900
2023-02-05 19:00:00-05:00,146.69,147.17,144.80,146.76,7659500
2023-02-06 19:00:00-05:00,147.13,150.87,146.73,150.61,10256500
2023-02-07 19:00:00-05:00,149.22,150.59,146.61,147.07,9784700
2023-02-08 19:00:00-05:00,147.27,147.64,145.34,145.72,10123400
2023-02-09 19:00:00-05:00,147.76,149.43,147.75,148.78,11602400
2023-02-12 19:00:00-05:00,148.21,148.71,146.87,147.94,9442900
2023-02-13 19:00:00-05:00,147.49,150.11,147.05,149.08,8077300
2023-02-14 19:00:00-05:00,147.85,147.95,146.19,147.51,8885700
2023-02-15 19:00:00-05:00,146.79,147.20,145.23,145.38,6727500
2023-02-16 19:00:00-05:00,143.77,143.87,141.26,142.13,9612100
2023-02-20 19:00:00-05:00,141.55,142.92,140.25,140.52,7259700
2023-02-21 19:00:00-05:00,139.89,141.09,138.69,139.95,6205900
2023-02-22 19:00:00-05:00,141.61,142.12,140.13,141.33,6445500
2023-02-23 19:00:00-05:00,140.32,141.91,138.90,141.75,5330200
2023-02-26 19:00:00-05:00,142.27,142.58,141.32,142.10,6386800
2023-02-27 19:00:00-05:00,143.41,143.41,139.89,140.32,10854200
2023-02-28 19:00:00-05:00,140.45,142.78,140.16,141.43,7470400
2023-03-01 19:00:00-05:00,141.37,142.69,141.03,141.88,5582000
2023-03-02 19:00:00-05:00,140.40,144.51,140.01,143.97,6007500
2023-03-05 19:00:00-05:00,143.43,145.58,142.97,145.03,7703600
2023-03-06 19:00:00-05:00,144.62,145.40,142.77,143.16,7393000
2023-03-07 19:00:00-05:00,142.46,144.26,140.85,142.25,5435800
2023-03-08 19:00:00-05:00,142.95,144.43,139.81,140.09,6214700
2023-03-09 19:00:00-05:00,140.46,143.72,138.48,139.36,7385800
2023-03-12 20:00:00-04:00,136.54,140.47,134.23,138.52,10106100
2023-03-13 20:00:00-04:00,138.12,143.15,137.79,140.31,10035200
2023-03-14 20:00:00-04:00,135.79,137.85,132.67,134.23,14063100
2023-03-15 20:00:00-04:00,131.06,135.69,130.84,134.66,12849600
2023-03-16 20:00:00-04:00,134.07,135.61,131.44,132.96,33161800
2023-03-19 20:00:00-04:00,132.43,135.96,132.04,134.91,8469200
2023-03-20 20:00:00-04:00,137.16,139.27,136.56,139.04,9753500
2023-03-21 20:00:00-04:00,139.53,139.70,136.09,136.21,6315000
2023-03-22 20:00:00-04:00,137.04,138.56,133.66,134.86,7859400
2023-03-23 20:00:00-04:00,132.75,136.72,132.51,136.20,6600100
2023-03-26 20:00:00-04:00,137.37,138.32,135.88,137.59,7006800
2023-03-27 20:00:00-04:00,137.27,139.81,136.75,139.20,5605400
2023-03-28 20:00:00-04:00,140.18,140.80,139.06,140.39,7569700
2023-03-29 20:00:00-04:00,141.61,142.27,141.02,141.73,6322400
2023-03-30 20:00:00-04:00,142.00,142.89,141.52,142.40,7041400
2023-04-02 20:00:00-04:00,148.20,149.33,147.43,148.33,12868200
2023-04-03 20:00:00-04:00,149.37,149.37,146.38,147.53,7521400
2023-04-04 20:00:00-04:00,147.73,148.75,146.40,148.27,6478100
2023-04-05 20:00:00-04:00,147.80,147.86,145.87,146.32,5803200
2023-04-09 20:00:00-04:00,147.05,148.09,146.02,146.88,5923500
2023-04-10 20:00:00-04:00,147.56,148.67,146.69,147.69,5469600
2023-04-11 20:00:00-04:00,148.76,149.35,147.91,148.21,6157900
2023-04-12 20:00:00-04:00,148.59,150.53,148.21,150.20,6856600
2023-04-13 20:00:00-04:00,150.55,150.88,149.44,150.50,4930700
2023-04-16 20:00:00-04:00,150.46,150.59,148.56,149.17,7006000
2023-04-17 20:00:00-04:00,149.09,150.46,148.48,148.82,8045600
2023-04-18 20:00:00-04:00,147.90,149.02,147.59,148.96,5506800
2023-04-19 20:00:00-04:00,147.29,148.42,146.64,148.24,5851100
2023-04-20 20:00:00-04:00,148.22,148.89,147.36,147.60,7179000
2023-04-23 20:00:00-04:00,147.59,150.45,147.13,149.66,7177600
2023-04-24 20:00:00-04:00,148.65,148.72,147.00,147.49,5807200
2023-04-25 20:00:00-04:00,146.81,147.45,144.21,144.86,5927400
2023-04-26 20:00:00-04:00,145.26,146.09,144.07,145.71,6417200
2023-04-27 20:00:00-04:00,143.57,147.45,143.18,147.13,10036300
2023-04-30 20:00:00-04:00,146.37,147.26,145.19,145.96,6099800
2023-05-01 20:00:00-04:00,144.29,144.34,138.29,139.68,10701700
2023-05-02 20:00:00-04:00,138.03,139.27,136.80,136.88,7538100
2023-05-03 20:00:00-04:00,137.12,138.07,135.65,136.34,7500400
2023-05-04 20:00:00-04:00,139.03,140.62,138.58,139.83,5802000
2023-05-07 20:00:00-04:00,141.01,141.65,139.22,139.28,5028200
2023-05-08 20:00:00-04:00,137.99,140.01,137.82,138.88,5019800
2023-05-09 20:00:00-04:00,140.03,140.03,136.05,137.10,6161200
2023-05-10 20:00:00-04:00,135.61,136.43,134.31,136.34,6666100
2023-05-11 20:00:00-04:00,137.02,137.84,135.77,136.69,4898900
2023-05-14 20:00:00-04:00,137.23,138.04,136.35,137.20,5096700
2023-05-15 20:00:00-04:00,136.57,137.04,133.82,133.98,7007700
2023-05-16 20:00:00-04:00,135.10,136.52,134.37,135.90,6169600
2023-05-17 20:00:00-04:00,134.73,135.93,133.55,135.73,7477700
2023-05-18 20:00:00-04:00,136.51,137.87,135.71,136.81,8100900
2023-05-21 20:00:00-04:00,135.54,136.45,134.04,134.35,11661000
2023-05-22 20:00:00-04:00,135.85,138.97,135.58,138.23,10436200
2023-05-23 20:00:00-04:00,139.20,139.75,137.74,138.60,7064000
2023-05-24 20:00:00-04:00,136.32,137.16,135.28,136.22,7037700
2023-05-25 20:00:00-04:00,136.86,137.16,135.25,135.79,7736200
2023-05-29 20:00:00-04:00,133.67,135.07,133.26,134.95,7814800
2023-05-30 20:00:00-04:00,133.55,134.33,132.51,132.74,13346400
2023-05-31 20:00:00-04:00,133.34,135.49,131.97,134.10,9887700
2023-06-01 20:00:00-04:00,136.23,138.15,135.38,137.71,9464300
2023-06-04 20:00:00-04:00,139.64,139.64,136.82,137.05,6443800
2023-06-05 20:00:00-04:00,135.13,137.63,135.02,137.30,6176400
2023-06-06 20:00:00-04:00,137.97,141.20,137.93,140.86,9900000
2023-06-07 20:00:00-04:00,141.15,141.44,138.45,140.34,7142200
2023-06-08 20:00:00-04:00,140.38,141.35,139.79,140.01,6669500
2023-06-11 20:00:00-04:00,138.42,140.42,137.69,138.66,7159600
2023-06-12 20:00:00-04:00,139.71,141.52,139.49,139.70,7660800
2023-06-13 20:00:00-04:00,140.99,141.69,137.62,138.45,7721100
2023-06-14 20:00:00-04:00,138.65,140.83,138.65,139.49,7705400
2023-06-15 20:00:00-04:00,139.75,140.34,138.60,138.60,22908100
2023-06-19 20:00:00-04:00,137.62,137.99,134.17,135.44,10438700
2023-06-20 20:00:00-04:00,134.55,137.45,134.40,136.50,7328200
2023-06-21 20:00:00-04:00,135.15,135.36,133.93,134.52,7088600
2023-06-22 20:00:00-04:00,133.09,133.70,132.31,133.39,15172700
2023-06-25 20:00:00-04:00,133.63,136.58,133.55,135.73,7371800
2023-06-26 20:00:00-04:00,135.28,136.35,134.68,135.31,6581700
2023-06-27 20:00:00-04:00,135.23,136.62,134.13,136.53,5773800
2023-06-28 20:00:00-04:00,136.98,137.72,136.11,137.70,5633500
2023-06-29 20:00:00-04:00,138.77,139.18,138.01,138.68,6346600
2023-07-02 20:00:00-04:00,138.53,139.34,138.10,138.55,3272600
2023-07-04 20:00:00-04:00,138.98,138.98,136.71,137.76,6318700
2023-07-05 20:00:00-04:00,136.78,137.34,133.63,134.74,9203000
2023-07-06 20:00:00-04:00,134.08,137.48,133.92,135.92,6602200
2023-07-09 20:00:00-04:00,135.66,137.30,135.65,136.82,5167900
2023-07-10 20:00:00-04:00,137.49,139.61,137.19,139.35,5060500
2023-07-11 20:00:00-04:00,140.32,141.31,139.54,140.69,6464000
2023-07-12 20:00:00-04:00,140.87,141.54,137.99,138.82,8143900
2023-07-13 20:00:00-04:00,138.38,138.38,135.11,135.35,7065700
2023-07-16 20:00:00-04:00,135.15,135.85,134.52,135.23,4351700
2023-07-17 20:00:00-04:00,134.55,137.55,134.29,135.50,6798300
2023-07-18 20:00:00-04:00,135.57,137.29,135.09,136.33,5653100
2023-07-19 20:00:00-04:00,137.63,138.53,137.23,137.84,5866600
2023-07-20 20:00:00-04:00,138.83,139.98,138.42,139.86,8760100
2023-07-23 20:00:00-04:00,141.42,144.57,141.02,142.61,9722100
2023-07-24 20:00:00-04:00,142.69,144.10,141.59,143.27,6767600
2023-07-25 20:00:00-04:00,141.79,142.85,141.50,142.19,6056400
2023-07-26 20:00:00-04:00,142.85,143.19,140.32,140.71,6470100
2023-07-27 20:00:00-04:00,139.61,140.13,137.93,140.01,6542300
2023-07-30 20:00:00-04:00,142.01,144.52,141.56,144.24,13056300
2023-07-31 20:00:00-04:00,144.22,144.22,141.50,143.04,7531400
2023-08-01 20:00:00-04:00,142.04,142.09,139.30,140.77,7067100
2023-08-02 20:00:00-04:00,140.93,142.51,140.00,140.72,6680700
2023-08-03 20:00:00-04:00,141.59,143.67,140.16,140.40,10185400
2023-08-06 20:00:00-04:00,141.90,142.23,140.20,140.91,13927400
2023-08-07 20:00:00-04:00,139.20,140.83,137.68,140.70,6451300
2023-08-08 20:00:00-04:00,141.77,142.28,140.40,140.89,10531500
2023-08-09 20:00:00-04:00,141.30,143.20,140.68,141.74,8647100
2023-08-10 20:00:00-04:00,141.45,144.69,141.17,144.67,6682600
2023-08-13 20:00:00-04:00,144.33,144.76,143.31,144.56,6060100
2023-08-14 20:00:00-04:00,144.01,144.02,140.22,140.34,7876500
2023-08-15 20:00:00-04:00,141.47,142.62,139.66,139.80,7920500
2023-08-16 20:00:00-04:00,141.64,144.27,141.45,142.14,8270500
2023-08-17 20:00:00-04:00,140.92,143.54,140.73,143.17,5999200
2023-08-20 20:00:00-04:00,143.43,144.21,141.88,142.69,6802300
2023-08-21 20:00:00-04:00,142.80,143.48,141.45,141.51,6080800
2023-08-22 20:00:00-04:00,140.71,141.84,139.43,141.70,4975600
2023-08-23 20:00:00-04:00,140.35,142.27,140.19,140.53,5989600
2023-08-24 20:00:00-04:00,141.54,142.29,140.27,141.58,5291800
2023-08-27 20:00:00-04:00,141.95,143.97,141.67,142.55,4386100
2023-08-28 20:00:00-04:00,143.18,143.21,141.57,142.33,5374800
2023-08-29 20:00:00-04:00,142.89,143.48,142.30,142.53,5534900
2023-08-30 20:00:00-04:00,143.26,143.47,142.30,143.34,7003700
2023-08-31 20:00:00-04:00,144.71,146.54,144.71,146.19,6663000
2023-09-04 20:00:00-04:00,147.06,149.09,146.99,148.11,9755800
2023-09-05 20:00:00-04:00,147.95,148.99,147.33,148.27,7195500
2023-09-06 20:00:00-04:00,148.72,149.40,147.95,148.27,7925900
2023-09-07 20:00:00-04:00,148.97,149.92,148.34,148.78,7434400
2023-09-10 20:00:00-04:00,149.56,150.01,144.92,145.71,7155100
2023-09-11 20:00:00-04:00,147.08,148.76,146.90,148.43,7521100
2023-09-12 20:00:00-04:00,148.96,149.26,147.33,147.88,5759500
2023-09-13 20:00:00-04:00,149.22,149.93,148.70,148.80,8822800
2023-09-14 20:00:00-04:00,147.89,149.81,147.60,148.15,17439700
2023-09-17 20:00:00-04:00,149.37,149.80,148.06,148.79,7027600
2023-09-18 20:00:00-04:00,150.10,150.34,148.09,148.77,6615100
2023-09-19 20:00:00-04:00,148.66,149.94,148.24,148.32,5939100
2023-09-20 20:00:00-04:00,148.70,149.37,146.86,146.98,7150000
2023-09-21 20:00:00-04:00,147.91,148.97,147.65,147.95,5963000
2023-09-24 20:00:00-04:00,148.00,150.18,147.70,150.12,5510000
2023-09-25 20:00:00-04:00,148.99,149.85,148.58,149.31,5659200
2023-09-26 20:00:00-04:00,150.70,152.36,150.20,152.19,9124400
2023-09-27 20:00:00-04:00,151.75,152.78,150.76,151.79,7151800
2023-09-28 20:00:00-04:00,151.70,151.71,149.32,150.04,7396100
2023-10-01 20:00:00-04:00,149.79,149.99,147.02,148.19,6839600
2023-10-02 20:00:00-04:00,147.63,148.91,147.27,148.53,6168600
2023-10-03 20:00:00-04:00,146.55,146.80,143.69,145.07,9664700
2023-10-04 20:00:00-04:00,143.63,146.59,143.60,145.84,8073000
2023-10-05 20:00:00-04:00,146.20,146.25,141.47,144.35,10190400
2023-10-08 20:00:00-04:00,148.04,149.65,146.77,148.35,8183500
2023-10-09 20:00:00-04:00,148.39,148.95,147.42,148.19,6512900
2023-10-10 20:00:00-04:00,146.88,146.89,142.79,143.34,12570700
2023-10-11 20:00:00-04:00,145.27,145.27,143.17,143.46,7397000
2023-10-12 20:00:00-04:00,145.40,146.67,144.41,145.98,8042800
2023-10-15 20:00:00-04:00,147.12,147.54,145.79,147.17,5446000
2023-10-16 20:00:00-04:00,146.66,149.66,146.50,149.12,7538300
2023-10-17 20:00:00-04:00,149.90,151.00,149.11,150.30,6893500
2023-10-18 20:00:00-04:00,150.11,151.41,149.05,150.46,6580200
2023-10-19 20:00:00-04:00,149.85,150.46,147.79,148.44,7458300
2023-10-22 20:00:00-04:00,145.30,146.31,142.59,142.97,16232400
2023-10-23 20:00:00-04:00,143.16,143.33,139.22,139.39,17689900
2023-10-24 20:00:00-04:00,139.64,140.06,138.07,138.69,10502400
2023-10-25 20:00:00-04:00,137.93,138.08,136.70,137.69,10830400
2023-10-26 20:00:00-04:00,134.11,134.58,128.09,128.44,24524300
2023-10-29 20:00:00-04:00,129.61,130.30,128.41,129.99,13857100
2023-10-30 20:00:00-04:00,130.00,130.37,128.33,129.67,14261300
2023-10-31 20:00:00-04:00,129.89,129.92,127.97,128.11,10819600
2023-11-01 20:00:00-04:00,128.61,132.58,127.98,132.36,11099100
2023-11-02 20:00:00-04:00,131.96,132.19,130.04,131.34,13160000
2023-11-05 19:00:00-05:00,132.34,132.87,130.52,130.80,10634200
2023-11-06 19:00:00-05:00,129.16,129.56,127.45,128.49,15054600
2023-11-07 19:00:00-05:00,128.02,128.71,126.57,126.71,12654100
2023-11-08 19:00:00-05:00,127.28,128.05,126.15,126.30,10359500
2023-11-09 19:00:00-05:00,127.50,127.63,126.11,127.19,11988200
2023-11-12 19:00:00-05:00,127.37,128.40,127.11,128.13,8747700
2023-11-13 19:00:00-05:00,128.56,129.46,128.00,129.06,11224400
2023-11-14 19:00:00-05:00,128.89,130.48,128.49,129.52,10052100
2023-11-15 19:00:00-05:00,128.59,129.03,126.54,127.47,14031300
2023-11-16 19:00:00-05:00,128.53,130.54,128.03,129.89,11075600
2023-11-19 19:00:00-05:00,130.04,130.99,129.72,129.81,8062400
2023-11-20 19:00:00-05:00,129.32,129.74,128.30,129.51,6783300
2023-11-21 19:00:00-05:00,127.44,129.82,126.52,129.77,7216100
2023-11-23 19:00:00-05:00,129.74,131.22,129.65,130.28,3861000
2023-11-26 19:00:00-05:00,130.06,130.21,128.44,129.80,9850800
2023-11-27 19:00:00-05:00,130.17,131.74,129.53,130.83,9746500
2023-11-28 19:00:00-05:00,131.62,131.71,128.63,129.39,16417100
2023-11-29 19:00:00-05:00,130.35,131.28,127.70,129.11,16276000
2023-11-30 19:00:00-05:00,129.01,131.73,128.21,130.20,11906500
2023-12-03 19:00:00-05:00,129.47,131.00,128.80,130.25,11842800
2023-12-04 19:00:00-05:00,130.16,130.43,128.24,128.45,9597600
2023-12-05 19:00:00-05:00,127.58,129.50,127.09,128.15,18079700
2023-12-06 19:00:00-05:00,129.03,129.48,126.77,128.05,14786700
2023-12-07 19:00:00-05:00,129.03,130.07,128.68,129.75,10821700
2023-12-10 19:00:00-05:00,130.23,130.73,129.31,129.79,9849600
2023-12-11 19:00:00-05:00,128.73,129.10,127.45,128.12,9863900
2023-12-12 19:00:00-05:00,127.83,130.08,127.36,130.02,10641300
2023-12-13 19:00:00-05:00,131.14,134.80,131.14,134.80,14960500
2023-12-14 19:00:00-05:00,132.46,134.71,132.46,134.28,30850900
2023-12-17 19:00:00-05:00,135.61,136.77,134.26,134.58,11561700
2023-12-18 19:00:00-05:00,134.83,136.51,134.41,136.34,8738100
2023-12-19 19:00:00-05:00,136.80,137.62,134.92,135.09,9370000
2023-12-20 19:00:00-05:00,135.57,135.59,134.17,135.51,7264700
2023-12-21 19:00:00-05:00,136.43,137.02,135.54,135.81,6396100
2023-12-25 19:00:00-05:00,136.73,137.57,136.58,137.03,5165600
2023-12-26 19:00:00-05:00,136.91,137.54,136.07,136.58,5337200
2023-12-27 19:00:00-05:00,135.93,136.68,134.33,134.66,8148000
2023-12-28 19:00:00-05:00,134.89,135.07,133.67,134.11,7658600
2024-01-01 19:00:00-05:00,134.86,136.20,134.18,134.40,8879700
2024-01-02 19:00:00-05:00,134.32,137.74,133.68,136.96,10255300
2024-01-03 19:00:00-05:00,138.16,138.78,135.40,135.46,8220300
2024-01-04 19:00:00-05:00,136.65,136.69,134.71,135.23,7455400
2024-01-07 19:00:00-05:00,133.45,134.60,131.79,134.42,10038200
2024-01-08 19:00:00-05:00,134.82,134.82,130.90,131.00,11784700
2024-01-09 19:00:00-05:00,131.29,131.29,129.57,129.92,8490400
2024-01-10 19:00:00-05:00,130.88,131.42,130.03,130.62,8612500
2024-01-11 19:00:00-05:00,132.92,133.52,131.42,132.41,9386900
2024-01-15 19:00:00-05:00,131.73,131.79,129.09,129.19,9380400
2024-01-16 19:00:00-05:00,128.05,129.49,127.71,128.68,8167000
2024-01-17 19:00:00-05:00,128.57,128.74,125.53,127.51,11187800
2024-01-18 19:00:00-05:00,127.43,127.90,126.78,127.89,11192500
2024-01-21 19:00:00-05:00,127.59,128.27,126.70,128.11,9184600
2024-01-22 19:00:00-05:00,127.67,128.87,127.58,127.76,6767200
2024-01-23 19:00:00-05:00,128.30,130.35,127.87,130.30,8100000
2024-01-24 19:00:00-05:00,131.47,133.69,130.58,133.58,9773600
2024-01-25 19:00:00-05:00,133.10,134.20,132.15,134.09,9151900
2024-01-28 19:00:00-05:00,134.05,134.17,132.27,134.04,10494800
2024-01-29 19:00:00-05:00,133.23,135.15,132.81,134.97,9902900
2024-01-30 19:00:00-05:00,135.20,135.21,132.48,132.56,10428000
2024-01-31 19:00:00-05:00,133.24,133.99,131.74,132.97,8641100
2024-02-01 19:00:00-05:00,135.64,137.91,134.46,136.88,12839100
2024-02-04 19:00:00-05:00,136.32,138.02,135.58,136.96,8277800
2024-02-05 19:00:00-05:00,137.11,138.05,136.49,136.98,6198200
2024-02-06 19:00:00-05:00,137.58,138.27,135.92,136.78,6252000
2024-02-07 19:00:00-05:00,136.62,138.73,136.35,138.52,9237000
2024-02-08 19:00:00-05:00,138.84,139.65,135.75,135.80,9194500
2024-02-11 19:00:00-05:00,136.32,137.21,136.12,136.74,6713000
2024-02-12 19:00:00-05:00,137.22,137.63,134.51,135.41,6987100
2024-02-13 19:00:00-05:00,136.02,136.85,134.94,135.78,5995100
2024-02-14 19:00:00-05:00,136.26,140.97,136.04,140.39,8950300
2024-02-15 19:00:00-05:00,141.22,141.58,140.06,140.55,7570200
2024-02-19 19:00:00-05:00,141.31,141.44,139.82,139.97,6977900
2024-02-20 19:00:00-05:00,140.49,141.40,140.07,141.28,6628900
2024-02-21 19:00:00-05:00,140.72,142.36,139.82,141.27,8874900
2024-02-22 19:00:00-05:00,140.77,140.81,139.29,140.57,6561600
2024-02-25 19:00:00-05:00,140.47,141.38,139.82,140.38,6900800
2024-02-26 19:00:00-05:00,139.25,139.87,136.25,138.30,15093800
2024-02-27 19:00:00-05:00,138.48,139.85,137.96,138.47,6715900
2024-02-28 19:00:00-05:00,138.98,139.28,137.68,138.17,9334400
2024-02-29 19:00:00-05:00,139.11,140.29,138.38,138.89,7459100
2024-03-03 19:00:00-05:00,138.61,138.69,134.22,135.32,12503200
2024-03-04 19:00:00-05:00,135.28,136.90,134.79,135.97,6985500
2024-03-05 19:00:00-05:00,137.09,138.53,134.65,134.82,14692100
2024-03-06 19:00:00-05:00,134.98,137.02,134.93,135.77,8739300
2024-03-07 19:00:00-05:00,135.77,136.33,134.88,136.23,7528400
2024-03-10 20:00:00-04:00,136.79,138.23,135.97,138.16,7577100
2024-03-11 20:00:00-04:00,138.00,138.67,137.06,138.06,6432900
2024-03-12 20:00:00-04:00,139.28,140.77,139.20,139.87,8065600
2024-03-13 20:00:00-04:00,139.77,141.55,138.85,141.52,9047200
2024-03-14 20:00:00-04:00,141.06,142.74,140.36,141.38,20387200
2024-03-17 20:00:00-04:00,141.82,142.40,140.83,141.26,7242700
2024-03-18 20:00:00-04:00,141.16,142.56,140.89,142.36,7736700
2024-03-19 20:00:00-04:00,141.57,142.18,140.18,140.47,8449100
2024-03-20 20:00:00-04:00,140.84,141.51,140.35,140.76,7899100
2024-03-21 20:00:00-04:00,140.96,141.14,140.12,140.57,5974700
2024-03-24 20:00:00-04:00,141.32,142.98,141.13,142.22,6058700
2024-03-25 20:00:00-04:00,142.26,142.57,140.57,141.13,6677900
2024-03-26 20:00:00-04:00,140.77,142.19,140.75,142.11,7416900
2024-03-27 20:00:00-04:00,142.84,143.78,142.13,143.37,8331600
2024-03-31 20:00:00-04:00,143.86,145.06,142.65,144.59,6285700
2024-04-01 20:00:00-04:00,145.47,146.54,144.54,145.23,8815400
2024-04-02 20:00:00-04:00,145.52,146.29,145.17,145.83,7819700
2024-04-03 20:00:00-04:00,146.16,147.20,145.26,146.06,9269700
2024-04-04 20:00:00-04:00,146.64,147.40,145.30,146.88,7432800
2024-04-07 20:00:00-04:00,146.93,147.70,145.73,146.58,7253200
2024-04-08 20:00:00-04:00,147.11,147.73,145.85,147.25,6576200
2024-04-09 20:00:00-04:00,147.44,147.95,146.35,147.85,7525800
2024-04-10 20:00:00-04:00,148.72,148.72,145.25,147.15,7682500
2024-04-11 20:00:00-04:00,147.51,148.95,143.65,144.48,11071000
2024-04-14 20:00:00-04:00,145.37,145.87,143.03,143.24,7236900
2024-04-15 20:00:00-04:00,142.97,143.44,141.27,142.05,5541900
2024-04-16 20:00:00-04:00,141.78,143.35,141.47,142.16,6733900
2024-04-17 20:00:00-04:00,142.83,143.65,142.15,143.22,4979200
2024-04-18 20:00:00-04:00,144.29,146.11,143.75,145.43,7734700
2024-04-21 20:00:00-04:00,145.38,147.88,144.01,147.17,6779200
2024-04-22 20:00:00-04:00,146.62,148.02,145.97,148.02,5597600
2024-04-23 20:00:00-04:00,147.14,148.92,146.75,148.67,7610300
2024-04-24 20:00:00-04:00,148.79,150.52,147.85,150.23,9702600
2024-04-25 20:00:00-04:00,150.18,151.77,148.43,150.78,9736400
2024-04-28 20:00:00-04:00,150.80,151.89,149.69,151.18,6364000
2024-04-29 20:00:00-04:00,150.85,150.99,146.29,146.58,8457300
2024-04-30 20:00:00-04:00,146.14,146.75,144.43,145.09,7713700
2024-05-01 20:00:00-04:00,145.80,147.05,145.33,146.09,8597100
2024-05-02 20:00:00-04:00,146.03,146.03,142.74,145.66,11664500
2024-05-05 20:00:00-04:00,146.09,149.08,146.09,147.52,8430300
2024-05-06 20:00:00-04:00,147.53,148.29,147.26,147.85,6869900
2024-05-07 20:00:00-04:00,147.20,148.23,146.83,147.74,6706400
2024-05-08 20:00:00-04:00,148.17,150.44,147.91,150.38,6683300
2024-05-09 20:00:00-04:00,150.92,151.26,149.99,150.72,5490900
2024-05-12 20:00:00-04:00,151.32,151.71,148.14,149.55,6848300
2024-05-13 20:00:00-04:00,149.37,150.15,148.17,148.71,4924000
2024-05-14 20:00:00-04:00,148.27,148.88,145.58,148.20,7603100
2024-05-15 20:00:00-04:00,148.30,148.73,147.34,147.90,6409400
2024-05-16 20:00:00-04:00,148.50,149.62,147.99,149.35,5497900
2024-05-19 20:00:00-04:00,149.39,149.65,147.88,147.94,4913800
2024-05-20 20:00:00-04:00,147.43,148.24,146.66,146.87,4783300
2024-05-21 20:00:00-04:00,146.46,146.46,143.70,144.67,6260500
2024-05-22 20:00:00-04:00,144.99,145.61,143.53,144.09,6718400
2024-05-23 20:00:00-04:00,145.13,145.95,144.42,144.83,4477700
2024-05-27 20:00:00-04:00,145.17,146.36,145.01,146.02,6928300
2024-05-28 20:00:00-04:00,145.08,145.51,143.63,144.05,5909600
2024-05-29 20:00:00-04:00,144.00,145.48,143.97,145.30,6369600
2024-05-30 20:00:00-04:00,145.64,149.27,145.53,149.01,10334200
2024-06-02 20:00:00-04:00,148.26,148.44,143.65,144.56,9009900
2024-06-03 20:00:00-04:00,142.97,143.55,141.49,143.34,6360500
2024-06-04 20:00:00-04:00,143.37,144.16,141.87,142.29,7058500
2024-06-05 20:00:00-04:00,141.85,143.24,140.83,143.16,5215100
2024-06-06 20:00:00-04:00,142.96,144.78,142.43,143.30,5887700
2024-06-09 20:00:00-04:00,143.60,145.24,143.52,143.90,7074700
2024-06-10 20:00:00-04:00,143.38,143.91,141.83,143.67,5132000
2024-06-11 20:00:00-04:00,144.59,144.72,139.92,141.59,10017400
2024-06-12 20:00:00-04:00,141.18,141.47,139.76,140.32,6163000
2024-06-13 20:00:00-04:00,140.59,140.74,139.52,140.07,6159100
2024-06-16 20:00:00-04:00,140.01,141.32,139.49,140.64,6321400
2024-06-17 20:00:00-04:00,140.97,143.18,140.32,140.77,6942900
2024-06-19 20:00:00-04:00,141.12,144.52,140.70,143.81,8336000
2024-06-20 20:00:00-04:00,143.96,144.76,142.51,142.56,21289800
2024-06-23 20:00:00-04:00,143.47,146.47,143.40,146.26,7971600
2024-06-24 20:00:00-04:00,146.09,146.31,144.76,145.48,5985400
2024-06-25 20:00:00-04:00,145.48,145.48,143.03,143.18,8637800
2024-06-26 20:00:00-04:00,143.87,144.09,142.89,143.52,5568700
2024-06-27 20:00:00-04:00,144.62,145.59,143.38,143.61,11283400
2024-06-30 20:00:00-04:00,144.29,145.70,143.21,143.70,5584100
2024-07-01 20:00:00-04:00,144.77,144.80,142.72,143.91,7216800
2024-07-02 20:00:00-04:00,144.09,144.82,143.74,143.88,3264200
2024-07-04 20:00:00-04:00,143.73,143.73,141.09,141.67,6183100
2024-07-07 20:00:00-04:00,140.76,142.56,140.76,141.69,4990700
2024-07-08 20:00:00-04:00,140.47,142.09,139.87,140.45,5301600
2024-07-09 20:00:00-04:00,140.01,142.71,139.83,142.43,5416600
2024-07-10 20:00:00-04:00,142.31,143.85,141.59,142.54,8322500
2024-07-11 20:00:00-04:00,143.37,143.63,141.90,142.85,6446300
2024-07-14 20:00:00-04:00,144.10,146.46,143.56,145.10,5661200
2024-07-15 20:00:00-04:00,144.15,145.34,143.36,144.85,6924200
2024-07-16 20:00:00-04:00,145.52,148.26,145.33,148.03,7296600
2024-07-17 20:00:00-04:00,148.03,150.83,147.12,148.71,6577700
2024-07-18 20:00:00-04:00,149.17,149.38,145.44,146.12,6427700
2024-07-21 20:00:00-04:00,145.26,145.96,144.00,144.13,5577300
2024-07-22 20:00:00-04:00,143.55,143.77,141.24,141.47,6238700
2024-07-23 20:00:00-04:00,142.02,142.95,140.86,142.37,5971700
2024-07-24 20:00:00-04:00,142.65,145.30,141.96,144.64,5432100
2024-07-25 20:00:00-04:00,144.81,146.02,144.20,144.91,5232500
2024-07-28 20:00:00-04:00,145.29,145.29,142.18,143.77,5072000
2024-07-29 20:00:00-04:00,143.65,146.98,143.63,146.50,5740900
2024-07-30 20:00:00-04:00,148.45,148.45,146.94,147.33,6209200
2024-07-31 20:00:00-04:00,145.71,146.44,139.58,140.12,16689900
2024-08-01 20:00:00-04:00,138.75,139.59,134.98,136.38,13278600
2024-08-04 20:00:00-04:00,133.60,133.83,131.67,132.81,13037200
2024-08-05 20:00:00-04:00,132.66,133.21,131.40,131.50,9692700
2024-08-06 20:00:00-04:00,132.74,133.80,130.63,130.75,8867900
2024-08-07 20:00:00-04:00,131.35,132.96,131.02,132.66,7531100
2024-08-08 20:00:00-04:00,132.40,134.14,131.46,133.12,7653100
2024-08-11 20:00:00-04:00,133.90,134.72,128.25,133.14,8442200
2024-08-12 20:00:00-04:00,132.28,132.71,131.33,132.34,7794800
2024-08-13 20:00:00-04:00,132.56,133.35,131.68,132.82,5874200
2024-08-14 20:00:00-04:00,133.67,135.44,133.57,134.78,6304200
2024-08-15 20:00:00-04:00,134.09,135.53,133.71,135.21,6874400
2024-08-18 20:00:00-04:00,135.55,137.15,135.44,136.31,5967400
2024-08-19 20:00:00-04:00,135.85,136.02,134.21,134.33,7497600
2024-08-20 20:00:00-04:00,135.01,136.14,134.20,134.91,5985000
2024-08-21 20:00:00-04:00,134.94,135.85,134.74,135.29,4027000
2024-08-22 20:00:00-04:00,136.04,137.48,135.84,137.05,4824100
2024-08-25 20:00:00-04:00,138.30,139.34,136.98,137.86,5780300
2024-08-26 20:00:00-04:00,138.02,138.84,136.23,136.43,5100000
2024-08-27 20:00:00-04:00,135.95,136.60,135.06,135.54,5614400
2024-08-28 20:00:00-04:00,135.97,137.57,135.02,136.86,4466700
2024-08-29 20:00:00-04:00,135.75,137.47,135.26,137.35,6414800
2024-09-02 20:00:00-04:00,135.13,135.33,133.95,134.30,7944700
2024-09-03 20:00:00-04:00,134.28,135.11,131.52,131.89,9820700
2024-09-04 20:00:00-04:00,132.92,132.92,130.53,130.84,9371100
2024-09-05 20:00:00-04:00,130.97,131.93,128.00,128.64,7836400
2024-09-08 20:00:00-04:00,128.71,131.85,128.62,130.25,9892300
2024-09-09 20:00:00-04:00,130.81,130.98,127.27,128.33,8202500
2024-09-10 20:00:00-04:00,128.31,128.56,125.67,128.00,9534000
2024-09-11 20:00:00-04:00,128.33,129.48,127.58,129.24,6591500
2024-09-12 20:00:00-04:00,129.85,131.39,129.70,130.54,5900700
2024-09-15 20:00:00-04:00,131.54,132.92,130.97,131.91,6864300
2024-09-16 20:00:00-04:00,131.64,133.82,131.59,133.14,7338800
2024-09-17 20:00:00-04:00,133.06,135.17,132.93,133.65,6180300
2024-09-18 20:00:00-04:00,135.37,136.27,134.55,134.61,7247400
2024-09-19 20:00:00-04:00,134.83,135.46,133.17,135.25,23162900
2024-09-22 20:00:00-04:00,135.78,137.79,135.50,136.97,6960600
2024-09-23 20:00:00-04:00,138.22,138.42,136.39,136.89,6014200
2024-09-24 20:00:00-04:00,136.43,136.85,133.22,133.66,7888400
2024-09-25 20:00:00-04:00,130.81,132.96,130.56,131.82,8046200
2024-09-26 20:00:00-04:00,132.74,135.33,132.61,135.07,8049200
2024-09-29 20:00:00-04:00,134.96,136.92,133.95,136.72,7491700
2024-09-30 20:00:00-04:00,135.87,139.74,135.03,138.98,9489100
2024-10-01 20:00:00-04:00,140.82,141.37,138.57,140.14,8105400
2024-10-02 20:00:00-04:00,140.47,141.27,139.28,140.42,6553300
2024-10-03 20:00:00-04:00,141.56,141.58,139.39,139.94,7892400
2024-10-06 20:00:00-04:00,140.65,141.81,139.90,140.30,5895900
2024-10-07 20:00:00-04:00,138.51,138.89,137.15,138.10,5892700
2024-10-08 20:00:00-04:00,136.95,139.60,136.81,138.93,4973500
2024-10-09 20:00:00-04:00,139.89,140.70,139.12,139.83,4420900
2024-10-10 20:00:00-04:00,139.61,141.42,139.49,140.58,5051300
2024-10-13 20:00:00-04:00,139.74,141.02,139.42,140.91,4214700
2024-10-14 20:00:00-04:00,138.14,139.22,136.99,137.15,6704600
2024-10-15 20:00:00-04:00,137.72,138.36,137.59,138.08,4303700
2024-10-16 20:00:00-04:00,138.57,140.49,138.30,140.37,6593100
2024-10-17 20:00:00-04:00,140.02,140.26,138.68,139.95,5208200
2024-10-20 20:00:00-04:00,141.11,141.56,139.71,140.07,5074000
2024-10-21 20:00:00-04:00,140.42,140.82,139.46,140.11,4416400
2024-10-22 20:00:00-04:00,139.59,140.19,138.60,139.70,5248600
2024-10-23 20:00:00-04:00,140.31,140.60,138.68,139.67,5474300
2024-10-24 20:00:00-04:00,140.55,141.22,139.68,140.01,6839900
2024-10-27 20:00:00-04:00,137.63,139.91,137.55,139.76,8892000
2024-10-28 20:00:00-04:00,139.29,139.65,137.28,137.88,6014700
2024-10-29 20:00:00-04:00,138.40,138.93,137.08,137.45,5784000
2024-10-30 20:00:00-04:00,138.11,138.86,137.30,138.16,8400900
2024-10-31 20:00:00-04:00,141.56,144.76,140.83,142.11,11728000
2024-11-03 19:00:00-05:00,143.36,143.36,141.69,142.94,6130000
2024-11-04 19:00:00-05:00,143.46,143.59,141.62,142.42,5978900
2024-11-05 19:00:00-05:00,145.85,147.25,144.94,146.42,12118900
2024-11-06 19:00:00-05:00,146.63,146.69,145.20,145.54,8143200
2024-11-07 19:00:00-05:00,145.38,146.29,144.52,145.69,6041500
2024-11-10 19:00:00-05:00,145.89,146.63,144.73,145.29,7771700
2024-11-11 19:00:00-05:00,146.03,146.19,144.01,144.17,5681900
2024-11-12 19:00:00-05:00,144.89,147.63,143.46,147.35,8824000
2024-11-13 19:00:00-05:00,148.39,150.24,148.24,150.21,10111200
2024-11-14 19:00:00-05:00,149.95,150.75,149.25,149.86,9022800
2024-11-17 19:00:00-05:00,150.58,151.48,149.18,150.77,6075400
2024-11-18 19:00:00-05:00,150.04,150.46,148.88,149.68,4657400
2024-11-19 19:00:00-05:00,149.97,151.41,149.85,151.30,6391300
2024-11-20 19:00:00-05:00,151.95,152.54,151.27,151.58,7945200
2024-11-21 19:00:00-05:00,151.47,152.50,151.13,152.27,7005900
2024-11-24 19:00:00-05:00,152.07,153.03,149.90,150.39,10702400
2024-11-25 19:00:00-05:00,152.22,152.81,151.37,152.43,7369500
2024-11-26 19:00:00-05:00,152.64,154.44,151.57,152.03,7674500
2024-11-28 19:00:00-05:00,152.17,152.63,150.67,151.87,5077000
2024-12-01 19:00:00-05:00,152.20,152.82,150.16,152.13,6229600
2024-12-02 19:00:00-05:00,152.85,153.06,151.36,151.86,5900100
2024-12-03 19:00:00-05:00,151.77,151.78,148.05,148.48,7862700
2024-12-04 19:00:00-05:00,149.39,150.68,148.83,149.43,6358400
2024-12-05 19:00:00-05:00,148.88,148.96,145.53,145.59,9701700
2024-12-08 19:00:00-05:00,147.24,150.13,147.07,147.32,9404500
2024-12-09 19:00:00-05:00,149.17,149.61,146.96,147.24,9126200
2024-12-10 19:00:00-05:00,147.11,147.40,146.12,146.50,13764700
2024-12-11 19:00:00-05:00,146.18,146.80,144.68,145.09,7621500
2024-12-12 19:00:00-05:00,145.24,145.33,143.56,144.31,5816200
2024-12-15 19:00:00-05:00,144.33,144.33,139.97,140.08,11961200
2024-12-16 19:00:00-05:00,138.80,139.41,137.78,138.90,11909300
2024-12-17 19:00:00-05:00,138.58,139.43,135.03,135.13,10174500
2024-12-18 19:00:00-05:00,135.58,135.76,132.19,132.38,16544300
2024-12-19 19:00:00-05:00,132.07,133.97,131.81,133.97,32209200
2024-12-22 19:00:00-05:00,133.62,134.44,132.74,134.08,8156500
2024-12-23 19:00:00-05:00,134.21,135.09,133.42,134.90,3556100
2024-12-25 19:00:00-05:00,134.74,135.34,134.02,135.03,4492600
2024-12-26 19:00:00-05:00,135.32,136.65,134.48,135.05,5296500
2024-12-29 19:00:00-05:00,134.85,135.03,133.50,134.18,6194800
2024-12-30 19:00:00-05:00,134.60,136.31,134.41,135.84,6137800
2025-01-01 19:00:00-05:00,136.44,138.87,136.44,137.59,7170300
2025-01-02 19:00:00-05:00,138.37,139.27,138.15,138.66,5809000
2025-01-05 19:00:00-05:00,139.18,140.99,137.74,138.11,5888700
2025-01-06 19:00:00-05:00,139.28,141.15,138.45,140.29,7736000
2025-01-07 19:00:00-05:00,138.84,141.78,138.83,140.96,7640900
2025-01-09 19:00:00-05:00,143.88,144.75,141.49,143.62,11074700
2025-01-12 19:00:00-05:00,144.52,147.57,144.43,145.69,11774100
2025-01-13 19:00:00-05:00,145.56,147.16,144.86,147.15,6830200
2025-01-14 19:00:00-05:00,147.13,148.83,146.66,148.49,7900000
2025-01-15 19:00:00-05:00,148.21,149.96,148.21,149.47,5578900
2025-01-16 19:00:00-05:00,149.24,151.72,148.93,151.43,9260400
2025-01-20 19:00:00-05:00,151.13,151.37,147.70,148.41,10131400
2025-01-21 19:00:00-05:00,147.88,148.59,146.56,146.69,7232200
2025-01-22 19:00:00-05:00,147.83,148.12,145.95,146.31,5979800
2025-01-23 19:00:00-05:00,146.74,147.68,145.62,145.98,8003800
2025-01-26 19:00:00-05:00,146.61,148.08,145.85,147.46,7141000
2025-01-27 19:00:00-05:00,147.91,149.04,145.54,146.50,6425400
2025-01-28 19:00:00-05:00,146.04,146.85,145.19,146.01,5630600
2025-01-29 19:00:00-05:00,146.83,147.66,145.85,146.60,6931900
2025-01-30 19:00:00-05:00,144.20,144.78,139.41,139.92,16726800
2025-02-02 19:00:00-05:00,139.74,141.48,138.61,140.06,7605000
2025-02-03 19:00:00-05:00,139.48,143.86,139.48,143.70,8458100
2025-02-04 19:00:00-05:00,143.48,144.24,142.82,143.48,6533700
2025-02-05 19:00:00-05:00,144.64,145.61,141.67,142.46,6420500
2025-02-06 19:00:00-05:00,143.00,144.25,142.48,143.13,4724900
2025-02-09 19:00:00-05:00,144.70,146.12,144.48,146.09,5653800
2025-02-10 19:00:00-05:00,146.63,148.85,146.42,147.65,6011800
2025-02-11 19:00:00-05:00,147.01,147.68,144.96,145.27,6693500
2025-02-12 19:00:00-05:00,145.16,146.70,143.79,146.19,7836400
2025-02-13 19:00:00-05:00,147.05,149.30,146.87,147.30,5828800
2025-02-17 19:00:00-05:00,147.30,149.17,146.77,148.08,5981500
2025-02-18 19:00:00-05:00,148.42,150.17,147.93,149.09,4945800
2025-02-19 19:00:00-05:00,149.35,150.72,148.94,150.57,6256200
2025-02-20 19:00:00-05:00,149.95,150.72,148.70,148.80,6689800
2025-02-23 19:00:00-05:00,148.96,150.14,148.64,149.72,5925000
2025-02-24 19:00:00-05:00,149.81,150.76,147.42,148.33,6810900
2025-02-25 19:00:00-05:00,148.52,148.58,146.41,147.11,6005200
2025-02-26 19:00:00-05:00,147.63,150.10,146.80,148.56,7517200
2025-02-27 19:00:00-05:00,148.59,150.46,146.90,150.41,8828500
2025-03-02 19:00:00-05:00,151.21,151.81,143.91,145.17,9059800
2025-03-03 19:00:00-05:00,143.39,146.17,142.29,144.13,8826300
2025-03-04 19:00:00-05:00,142.38,143.54,140.09,143.01,9288300
2025-03-05 19:00:00-05:00,142.72,145.40,141.74,145.03,7314700
2025-03-06 19:00:00-05:00,145.98,149.30,145.76,148.25,8562600
2025-03-09 20:00:00-04:00,149.06,152.07,148.09,149.42,11750300
2025-03-10 20:00:00-04:00,150.23,150.62,145.83,146.11,10466300
2025-03-11 20:00:00-04:00,145.69,146.78,144.34,144.77,9710200
2025-03-12 20:00:00-04:00,144.38,146.44,144.06,145.66,9022800
2025-03-13 20:00:00-04:00,146.02,149.10,145.09,148.89,6671500
2025-03-16 20:00:00-04:00,149.08,151.20,148.65,150.51,7615200
2025-03-17 20:00:00-04:00,151.47,152.75,150.60,152.49,9289500
2025-03-18 20:00:00-04:00,152.64,156.03,152.57,155.56,11503900
2025-03-19 20:00:00-04:00,154.69,156.76,154.01,156.24,9545900
2025-03-20 20:00:00-04:00,155.98,156.36,154.67,156.22,21625500
2025-03-23 20:00:00-04:00,156.17,157.82,155.82,156.48,8068000
2025-03-24 20:00:00-04:00,157.49,159.14,156.57,157.35,7869200
2025-03-25 20:00:00-04:00,158.71,160.22,158.59,159.28,10076100
2025-03-26 20:00:00-04:00,158.59,159.51,157.27,158.03,6862700
2025-03-27 20:00:00-04:00,158.07,158.48,156.75,157.49,4923000
2025-03-30 20:00:00-04:00,157.59,160.18,157.53,158.63,10675300
2025-03-31 20:00:00-04:00,158.63,159.88,157.56,159.79,6378600
2025-04-01 20:00:00-04:00,158.74,159.29,157.27,157.86,7044900
2025-04-02 20:00:00-04:00,151.83,153.00,147.74,148.04,15501000
2025-04-03 20:00:00-04:00,143.91,144.57,135.36,135.87,20374700
2025-04-06 20:00:00-04:00,131.55,138.62,130.19,132.90,17817000
2025-04-07 20:00:00-04:00,136.69,137.01,127.89,129.84,12904400
2025-04-08 20:00:00-04:00,128.03,139.84,126.95,138.47,16846800
2025-04-09 20:00:00-04:00,135.81,136.20,126.54,127.99,20991200
2025-04-10 20:00:00-04:00,128.02,130.02,125.21,128.61,17224400
2025-04-13 20:00:00-04:00,131.31,131.37,127.16,128.32,9628200
2025-04-14 20:00:00-04:00,127.37,129.56,127.30,127.58,9334800
2025-04-15 20:00:00-04:00,128.39,130.43,127.82,128.36,8637200
2025-04-16 20:00:00-04:00,129.62,132.98,129.39,130.74,8434400
2025-04-20 20:00:00-04:00,128.98,129.24,125.48,126.81,9967500
2025-04-21 20:00:00-04:00,128.26,131.09,127.96,130.19,7984700
2025-04-22 20:00:00-04:00,130.11,131.38,128.16,129.61,10002000
2025-04-23 20:00:00-04:00,130.78,132.19,130.12,131.87,7745800
2025-04-24 20:00:00-04:00,131.17,131.85,130.15,131.55,6878500
2025-04-27 20:00:00-04:00,131.78,133.19,131.50,132.85,6715500
2025-04-28 20:00:00-04:00,131.51,132.76,131.40,132.09,7343800
2025-04-29 20:00:00-04:00,130.86,131.00,127.20,129.02,13858000
2025-04-30 20:00:00-04:00,128.41,130.81,128.13,129.21,10199800
2025-05-01 20:00:00-04:00,130.74,132.55,128.29,131.33,12393200
2025-05-04 20:00:00-04:00,129.69,129.91,128.18,128.49,9665000
2025-05-05 20:00:00-04:00,129.29,130.20,128.05,128.58,9916200
2025-05-06 20:00:00-04:00,129.03,129.25,127.65,128.76,8422100
2025-05-07 20:00:00-04:00,129.62,131.70,129.41,129.95,8669300
2025-05-08 20:00:00-04:00,131.71,132.16,130.57,131.32,5965700
2025-05-11 20:00:00-04:00,135.08,136.27,133.30,134.29,8028200
2025-05-12 20:00:00-04:00,134.21,135.82,133.63,134.98,8536800
2025-05-13 20:00:00-04:00,134.42,134.87,133.45,134.34,6453600
2025-05-14 20:00:00-04:00,132.76,135.09,132.29,134.90,7545400
2025-05-15 20:00:00-04:00,135.32,135.60,133.42,134.75,8200100
2025-05-18 20:00:00-04:00,133.86,133.91,131.61,132.92,7713600
2025-05-19 20:00:00-04:00,132.73,133.17,131.52,131.75,6503900
2025-05-20 20:00:00-04:00,131.13,131.62,130.04,130.11,9073200
2025-05-21 20:00:00-04:00,129.56,130.52,128.39,129.85,8877600
2025-05-22 20:00:00-04:00,128.99,131.29,128.67,131.05,7025900
2025-05-26 20:00:00-04:00,131.86,132.42,130.93,132.29,8348900
2025-05-27 20:00:00-04:00,133.20,133.21,130.21,130.55,6876300
2025-05-28 20:00:00-04:00,131.01,132.39,130.63,132.37,7554300
2025-05-29 20:00:00-04:00,131.38,131.92,129.77,131.20,12858900
2025-06-01 20:00:00-04:00,132.92,133.11,130.95,132.30,9076600
2025-06-02 20:00:00-04:00,132.12,134.94,131.11,133.94,9001300
2025-06-03 20:00:00-04:00,133.82,134.98,131.81,131.85,8735600
2025-06-04 20:00:00-04:00,132.60,132.73,131.20,131.40,6342600
2025-06-05 20:00:00-04:00,132.54,134.96,132.54,134.57,6563500
2025-06-08 20:00:00-04:00,134.90,136.43,134.07,135.10,7159500
2025-06-09 20:00:00-04:00,136.50,139.11,136.21,137.59,9841500
2025-06-10 20:00:00-04:00,138.39,139.29,136.88,138.96,9256700
2025-06-11 20:00:00-04:00,138.69,139.36,137.66,139.14,6999400
2025-06-12 20:00:00-04:00,141.17,141.67,138.73,140.04,14148000
2025-06-15 20:00:00-04:00,139.87,140.97,137.96,140.16,10105100
2025-06-16 20:00:00-04:00,141.41,143.95,140.61,142.87,11330300
2025-06-17 20:00:00-04:00,143.43,144.13,141.76,142.23,9841900
2025-06-19 20:00:00-04:00,142.55,143.87,141.95,143.54,23705900
2025-06-22 20:00:00-04:00,146.00,146.03,140.44,140.96,10540600
2025-06-23 20:00:00-04:00,138.73,140.51,137.41,137.78,10778400
2025-06-24 20:00:00-04:00,137.65,138.40,136.78,137.47,7386100
2025-06-25 20:00:00-04:00,137.92,139.25,137.64,138.63,7415700
2025-06-26 20:00:00-04:00,138.74,138.85,136.84,138.01,9213500
2025-06-29 20:00:00-04:00,137.29,138.31,136.68,137.43,6980300
2025-06-30 20:00:00-04:00,137.58,140.39,136.78,139.72,8508200
2025-07-01 20:00:00-04:00,141.10,142.06,139.62,142.03,8228700
2025-07-02 20:00:00-04:00,141.90,142.99,141.44,142.41,5173300
2025-07-06 20:00:00-04:00,141.47,142.21,139.73,141.47,9460900
2025-07-07 20:00:00-04:00,141.40,147.08,141.34,147.08,14082100
2025-07-08 20:00:00-04:00,146.79,147.77,146.35,146.87,9495900
2025-07-09 20:00:00-04:00,146.65,149.04,145.58,147.97,8395100
2025-07-10 20:00:00-04:00,148.09,149.62,147.40,149.07,8333200
2025-07-13 20:00:00-04:00,148.67,148.67,145.06,145.55,10706300
2025-07-14 20:00:00-04:00,145.51,146.19,144.21,144.63,7346300
2025-07-15 20:00:00-04:00,144.70,145.39,143.22,143.89,7923400
2025-07-16 20:00:00-04:00,143.16,145.74,142.63,145.29,8359600
2025-07-17 20:00:00-04:00,148.79,149.64,140.64,144.01,45782600
2025-07-20 20:00:00-04:00,145.12,145.57,143.14,143.66,17982200
2025-07-21 20:00:00-04:00,143.26,144.87,142.51,144.01,26196500
2025-07-22 20:00:00-04:00,144.84,146.98,144.42,146.96,13162800
2025-07-23 20:00:00-04:00,146.55,149.73,146.08,149.57,15701000
2025-07-24 20:00:00-04:00,149.57,149.92,147.77,148.62,7875500
2025-07-27 20:00:00-04:00,149.15,150.26,148.72,150.00,8755400
2025-07-28 20:00:00-04:00,150.38,150.89,149.20,150.72,6446000
2025-07-29 20:00:00-04:00,149.86,150.03,146.56,147.39,9191700
2025-07-30 20:00:00-04:00,145.89,147.74,145.06,145.54,10237100
2025-07-31 20:00:00-04:00,146.41,148.43,144.31,145.31,10706500
2025-08-03 20:00:00-04:00,145.17,145.97,143.80,144.97,10116600
2025-08-04 20:00:00-04:00,144.96,146.95,143.87,146.89,8604100
2025-08-05 20:00:00-04:00,148.27,148.92,146.10,146.64,7840900
2025-08-06 20:00:00-04:00,147.61,148.91,146.69,147.00,6510400
2025-08-07 20:00:00-04:00,147.80,149.49,147.33,148.78,6332800
2025-08-10 20:00:00-04:00,149.10,149.66,146.84,147.28,6169700
2025-08-11 20:00:00-04:00,147.90,149.78,147.20,148.23,6641600
2025-08-12 20:00:00-04:00,148.36,149.74,148.00,149.60,6581900
2025-08-13 20:00:00-04:00,149.44,149.44,147.91,148.92,7337300
2025-08-14 20:00:00-04:00,149.23,152.17,149.05,150.26,11617000
2025-08-17 20:00:00-04:00,149.85,150.20,148.53,149.08,8174300
2025-08-18 20:00:00-04:00,148.93,149.40,147.37,147.51,8567500
2025-08-19 20:00:00-04:00,147.92,148.96,147.45,148.70,8076300
2025-08-20 20:00:00-04:00,148.31,151.08,148.22,150.96,7533600
2025-08-21 20:00:00-04:00,150.74,154.10,150.74,153.51,9084300
2025-08-24 20:00:00-04:00,153.24,153.65,152.53,153.53,7030000
2025-08-25 20:00:00-04:00,152.86,155.28,151.93,152.72,10270000
2025-08-26 20:00:00-04:00,152.75,155.27,152.57,154.54,7483000
2025-08-27 20:00:00-04:00,154.32,154.81,153.19,154.62,6502000
2025-08-28 20:00:00-04:00,154.99,156.35,154.74,155.86,6934800
2025-09-01 20:00:00-04:00,155.74,157.08,154.68,157.05,8947300
2025-09-02 20:00:00-04:00,155.28,157.07,152.39,153.39,9556100
2025-09-03 20:00:00-04:00,153.39,154.94,152.85,153.04,7243000
2025-09-04 20:00:00-04:00,151.45,152.09,148.96,149.12,11011700
2025-09-07 20:00:00-04:00,149.37,150.45,148.37,149.45,9462000
2025-09-08 20:00:00-04:00,150.34,152.36,150.04,150.28,7769200
2025-09-09 20:00:00-04:00,150.47,153.26,150.43,153.13,7440800
2025-09-10 20:00:00-04:00,151.88,154.23,151.41,153.58,6417400
2025-09-11 20:00:00-04:00,154.16,155.06,152.46,152.47,5546300
2025-09-14 20:00:00-04:00,152.74,153.65,151.88,152.67,5030500
2025-09-15 20:00:00-04:00,153.58,155.37,153.45,154.83,8011000
2025-09-16 20:00:00-04:00,154.50,155.93,153.93,155.37,5736800
2025-09-17 20:00:00-04:00,155.31,155.56,153.42,154.15,6244200
2025-09-18 20:00:00-04:00,154.31,154.31,150.96,151.60,16734000
2025-09-21 20:00:00-04:00,151.03,152.48,150.57,151.44,5244000
2025-09-22 20:00:00-04:00,152.48,155.11,152.36,152.77,7181400
2025-09-23 20:00:00-04:00,153.65,155.75,153.58,154.48,6285200
2025-09-24 20:00:00-04:00,154.73,156.26,154.65,155.98,6311000
2025-09-25 20:00:00-04:00,155.83,156.54,154.80,155.43,7015200
2025-09-28 20:00:00-04:00,154.43,154.43,150.97,151.49,8315100
2025-09-29 20:00:00-04:00,150.32,151.13,149.39,150.71,7755700
2025-09-30 20:00:00-04:00,150.26,150.51,148.67,150.02,6768400
2025-10-01 20:00:00-04:00,149.42,151.98,148.79,148.84,7562400
2025-10-02 20:00:00-04:00,149.05,149.73,147.74,149.02,7249300
2025-10-05 20:00:00-04:00,149.43,150.09,148.41,149.47,4778900
2025-10-06 20:00:00-04:00,149.12,150.39,146.82,150.34,5479600
2025-10-07 20:00:00-04:00,149.80,150.11,148.33,149.20,5678000
2025-10-08 20:00:00-04:00,149.58,150.40,147.09,147.16,6178600
2025-10-09 20:00:00-04:00,146.25,146.88,144.50,144.51,7796600
2025-10-12 20:00:00-04:00,145.57,147.49,145.02,147.46,5978800
2025-10-13 20:00:00-04:00,145.39,148.93,145.24,147.89,6419400
2025-10-14 20:00:00-04:00,148.39,149.66,146.58,147.62,5824900
2025-10-15 20:00:00-04:00,147.65,148.22,145.80,147.23,5276800
2025-10-16 20:00:00-04:00,147.77,149.64,147.71,148.56,7735500
2025-10-19 20:00:00-04:00,148.90,150.15,148.66,149.92,5676500
2025-10-20 20:00:00-04:00,150.17,150.71,148.69,149.25,6304900
2025-10-21 20:00:00-04:00,150.09,151.38,149.08,150.98,6036700
2025-10-22 20:00:00-04:00,153.53,153.91,151.51,151.94,9810900
2025-10-23 20:00:00-04:00,152.77,152.98,150.84,150.97,4979900
2025-10-26 20:00:00-04:00,151.20,151.88,150.30,150.70,4884400
2025-10-27 20:00:00-04:00,150.33,151.62,149.35,149.58,5066500
2025-10-28 20:00:00-04:00,149.32,151.54,149.32,150.52,7344400
2025-10-29 20:00:00-04:00,150.65,150.65,148.72,148.99,8971200
2025-10-30 20:00:00-04:00,151.13,154.48,150.53,153.06,11136100
2025-11-02 19:00:00-05:00,152.76,153.06,149.04,149.49,8512200
2025-11-03 19:00:00-05:00,148.90,149.22,147.66,148.86,6976800
2025-11-04 19:00:00-05:00,149.00,149.84,148.15,148.15,5894700
2025-11-05 19:00:00-05:00,148.40,150.22,148.17,148.43,6466300
2025-11-06 19:00:00-05:00,148.90,151.56,148.90,150.44,9835900
2025-11-09 19:00:00-05:00,150.83,151.38,147.87,151.06,8436800
2025-11-10 19:00:00-05:00,152.12,153.33,151.30,151.63,6361400
2025-11-11 19:00:00-05:00,150.99,151.19,147.59,148.79,11670900
2025-11-12 19:00:00-05:00,149.45,151.59,149.39,150.99,7998700
2025-11-13 19:00:00-05:00,151.62,153.29,150.24,152.97,8484800
2025-11-16 19:00:00-05:00,153.06,153.23,149.88,150.25,8745000
2025-11-17 19:00:00-05:00,149.65,151.40,148.93,150.75,10813400
2025-11-18 19:00:00-05:00,148.34,149.12,147.44,148.87,7539900
2025-11-19 19:00:00-05:00,149.69,150.18,147.25,147.50,7623400
2025-11-20 19:00:00-05:00,147.63,148.19,145.97,147.18,9248400
2025-11-23 19:00:00-05:00,147.02,147.32,144.98,146.95,14181100
2025-11-24 19:00:00-05:00,146.12,147.10,145.50,145.76,11447900
2025-11-25 19:00:00-05:00,145.49,147.65,145.43,146.72,7578900
2025-11-27 19:00:00-05:00,146.67,148.69,146.47,148.31,3848600
2025-11-30 19:00:00-05:00,148.92,151.07,148.67,149.69,8209000
2025-12-01 19:00:00-05:00,149.18,149.61,146.47,147.44,9196300
2025-12-02 19:00:00-05:00,148.22,149.65,148.16,148.76,8060200
2025-12-03 19:00:00-05:00,148.92,150.08,148.40,149.42,7254700
2025-12-04 19:00:00-05:00,149.16,149.78,147.03,147.20,12659800
2025-12-07 19:00:00-05:00,146.46,147.27,144.90,145.93,10237200
2025-12-08 19:00:00-05:00,146.27,147.30,145.45,145.72,8916700
2025-12-09 19:00:00-05:00,146.39,148.97,145.92,148.58,10976300
2025-12-10 19:00:00-05:00,148.01,149.10,147.30,147.91,8414200
2025-12-11 19:00:00-05:00,148.33,148.72,146.84,147.19,5848100
2025-12-14 19:00:00-05:00,147.04,147.30,145.66,147.00,7503000
2025-12-15 19:00:00-05:00,145.77,146.04,143.75,144.01,11290500
2025-12-16 19:00:00-05:00,144.75,147.07,144.60,146.73,8805300
2025-12-17 19:00:00-05:00,146.07,146.48,144.33,144.93,6998800
2025-12-18 19:00:00-05:00,145.20,146.23,144.44,144.99,21701400
2025-12-21 19:00:00-05:00,146.03,147.68,145.92,147.00,8143600
2025-12-22 19:00:00-05:00,147.24,148.26,147.05,147.70,4663700
2025-12-23 19:00:00-05:00,147.57,148.17,147.30,147.69,2227600
2025-12-25 19:00:00-05:00,147.57,148.32,146.86,147.22,3706900
2025-12-28 19:00:00-05:00,148.18,148.81,147.29,148.17,5589100
2025-12-29 19:00:00-05:00,148.67,149.82,148.64,149.47,5150500
2025-12-30 19:00:00-05:00,149.54,149.70,148.84,149.56,4953100
2026-01-01 19:00:00-05:00,149.33,152.99,148.43,152.99,6862100
2026-01-04 19:00:00-05:00,162.65,162.65,156.33,160.79,35094900
2026-01-05 19:00:00-05:00,161.80,161.97,153.19,153.62,20564900
2026-01-06 19:00:00-05:00,154.50,155.06,152.01,152.30,13537900
2026-01-07 19:00:00-05:00,152.60,157.44,152.31,156.28,12929600
2026-01-08 19:00:00-05:00,157.56,159.66,156.95,159.08,12549600
2026-01-11 19:00:00-05:00,159.66,160.51,157.71,159.31,9796800
2026-01-12 19:00:00-05:00,160.42,163.03,160.25,160.81,12068600
2026-01-13 19:00:00-05:00,161.04,166.21,161.04,164.12,16414900
2026-01-14 19:00:00-05:00,162.67,164.21,162.02,163.06,8097400
2026-01-15 19:00:00-05:00,163.48,164.17,162.71,163.15,9745800
2026-01-19 19:00:00-05:00,163.60,164.52,162.07,162.21,11142500
2026-01-20 19:00:00-05:00,163.88,165.33,162.96,163.62,10918500
2026-01-21 19:00:00-05:00,163.15,164.43,162.63,163.55,8957400
2026-01-22 19:00:00-05:00,164.81,165.29,163.33,163.61,8368700
2026-01-25 19:00:00-05:00,165.19,165.26,163.66,164.37,8912600
2026-01-26 19:00:00-05:00,164.64,166.19,163.54,165.89,9784900
2026-01-27 19:00:00-05:00,166.79,167.24,165.06,166.76,9200200
2026-01-28 19:00:00-05:00,169.43,171.65,167.85,167.99,16786600
2026-01-29 19:00:00-05:00,169.40,173.99,168.07,173.60,22946600
2026-02-01 19:00:00-05:00,170.20,172.98,169.43,170.78,14235300
2026-02-02 19:00:00-05:00,170.63,175.48,170.51,174.71,18425400
2026-02-03 19:00:00-05:00,175.54,179.18,175.54,177.85,16170500
2026-02-04 19:00:00-05:00,176.29,177.09,174.10,175.88,10474100
2026-02-05 19:00:00-05:00,176.93,178.70,176.16,177.48,9901800
2026-02-08 19:00:00-05:00,177.63,179.41,176.59,179.19,12021300
2026-02-09 19:00:00-05:00,179.32,179.53,177.48,178.86,7458200
2026-02-10 19:00:00-05:00,180.50,183.04,180.12,182.35,10502100
2026-02-11 19:00:00-05:00,182.33,182.33,178.69,178.99,9673700
2026-02-12 19:00:00-05:00,179.13,181.39,178.33,180.31,9034700
2026-02-16 19:00:00-05:00,181.64,182.13,177.12,178.91,9849000
2026-02-17 19:00:00-05:00,181.57,182.25,180.33,182.20,10313400
2026-02-18 19:00:00-05:00,183.61,186.19,183.06,183.10,10773300
2026-02-19 19:00:00-05:00,182.91,183.21,180.67,182.26,9566200
2026-02-22 19:00:00-05:00,182.99,184.94,182.38,183.23,7047200
2026-02-23 19:00:00-05:00,183.61,184.27,182.18,183.66,7451800
2026-02-24 19:00:00-05:00,184.15,184.29,180.85,182.55,9440700
2026-02-25 19:00:00-05:00,181.24,184.57,180.11,182.49,7133800
2026-02-26 19:00:00-05:00,184.31,185.85,182.10,185.06,12035500
2026-03-01 19:00:00-05:00,188.60,189.70,185.52,187.88,15809100
2026-03-02 19:00:00-05:00,188.79,189.82,185.72,187.06,14004200
2026-03-03 19:00:00-05:00,185.75,186.75,182.48,184.34,11054400
2026-03-04 19:00:00-05:00,184.91,188.25,184.80,188.18,13567200
2026-03-05 19:00:00-05:00,189.15,190.66,186.41,188.22,13073100
2026-03-08 20:00:00-04:00,189.27,189.91,186.40,187.72,15987500
2026-03-09 20:00:00-04:00,186.92,187.46,183.96,184.60,11999600
2026-03-10 20:00:00-04:00,184.90,190.12,184.80,190.05,11371700
2026-03-11 20:00:00-04:00,190.83,197.07,190.03,195.18,27151800
2026-03-12 20:00:00-04:00,194.22,195.84,192.92,195.03,13017000
2026-03-15 20:00:00-04:00,194.82,196.04,193.80,195.05,12683900
2026-03-16 20:00:00-04:00,195.70,198.76,194.68,196.17,14018600
2026-03-17 20:00:00-04:00,197.41,198.91,196.71,196.81,13305000
2026-03-18 20:00:00-04:00,197.98,200.60,197.19,199.61,16918400
2026-03-19 20:00:00-04:00,199.57,203.22,199.18,199.90,35849500
2026-03-22 20:00:00-04:00,196.83,203.50,195.58,203.35,15735700
2026-03-23 20:00:00-04:00,204.18,207.89,203.94,204.91,16695500
2026-03-24 20:00:00-04:00,204.13,205.36,202.76,203.29,8865000
2026-03-25 20:00:00-04:00,204.16,207.31,203.30,205.90,11085600
2026-03-26 20:00:00-04:00,206.26,210.53,204.38,209.23,13907800
2026-03-29 20:00:00-04:00,211.32,212.76,208.38,208.80,10409000
2026-03-30 20:00:00-04:00,208.99,211.17,200.13,205.02,17403900
2026-03-31 20:00:00-04:00,200.16,202.92,193.14,195.62,23051900
2026-04-01 20:00:00-04:00,200.67,203.62,196.24,197.16,11528000
2026-04-05 20:00:00-04:00,196.70,197.96,194.57,197.06,8245700
2026-04-06 20:00:00-04:00,198.16,202.76,197.43,199.71,11672600
2026-04-07 20:00:00-04:00,189.67,191.42,186.89,191.14,17195400
2026-04-08 20:00:00-04:00,192.55,194.89,187.55,188.63,11634000
2026-04-09 20:00:00-04:00,187.99,189.23,184.78,186.84,11151400
2026-04-12 20:00:00-04:00,189.71,190.86,188.00,190.04,12000200
2026-04-13 20:00:00-04:00,186.89,187.45,182.92,185.32,12111000
2026-04-14 20:00:00-04:00,184.67,185.54,182.37,183.23,8661600
2026-04-15 20:00:00-04:00,183.94,186.52,183.66,186.44,8013200
2026-04-16 20:00:00-04:00,180.24,182.63,176.13,182.32,15720600
2026-04-19 20:00:00-04:00,182.83,184.58,181.17,181.59,9661100
2026-04-20 20:00:00-04:00,182.30,184.68,180.69,184.29,9799000
2026-04-21 20:00:00-04:00,185.57,187.70,184.43,184.63,8708300
2026-04-22 20:00:00-04:00,185.42,186.71,183.82,185.90,6684700
2026-04-23 20:00:00-04:00,183.55,184.73,181.54,183.53,9626700
2026-04-26 20:00:00-04:00,184.50,186.66,182.00,183.10,10836600
2026-04-27 20:00:00-04:00,186.57,188.24,184.86,186.65,10754900
2026-04-28 20:00:00-04:00,188.40,190.87,187.78,190.48,8644600
2026-04-29 20:00:00-04:00,188.52,192.37,186.79,191.56,11748600
2026-04-30 20:00:00-04:00,189.56,192.33,188.03,188.90,10435900
2026-05-03 20:00:00-04:00,189.12,191.95,186.26,190.53,8229500
2026-05-04 20:00:00-04:00,189.48,191.91,188.72,190.89,5642800
2026-05-05 20:00:00-04:00,183.91,185.08,181.48,183.48,11082900
2026-05-06 20:00:00-04:00,179.93,181.78,177.90,180.84,12194000
2026-05-07 20:00:00-04:00,180.39,181.07,179.10,179.97,13053000
2026-05-10 20:00:00-04:00,181.34,183.52,181.34,183.06,12042100
2026-05-11 20:00:00-04:00,184.81,185.19,182.98,184.26,8995100
2026-05-12 20:00:00-04:00,184.12,184.32,182.29,184.31,7554700
2026-05-13 20:00:00-04:00,184.50,185.87,183.57,184.95,6222400
2026-05-14 20:00:00-04:00,186.89,189.76,186.19,189.37,11210800
2026-05-17 20:00:00-04:00,189.43,194.42,187.31,194.34,9869700
2026-05-18 20:00:00-04:00,194.93,198.87,193.47,197.25,11819200
2026-05-19 20:00:00-04:00,196.25,198.19,191.27,191.33,14564900
2026-05-20 20:00:00-04:00,193.79,194.16,189.00,191.01,9051200
2026-05-21 20:00:00-04:00,190.37,192.00,189.80,191.43,7209600
2026-05-25 20:00:00-04:00,190.00,190.49,183.90,184.71,14264600
2026-05-26 20:00:00-04:00,181.85,183.72,180.67,182.40,9442800
2026-05-27 20:00:00-04:00,183.71,185.26,182.09,183.03,8725400
2026-05-28 20:00:00-04:00,182.72,182.97,180.40,182.46,13886500
2026-05-31 20:00:00-04:00,184.38,187.94,184.02,185.83,8850500
2026-06-01 20:00:00-04:00,184.88,188.45,184.88,187.55,6549800
2026-06-02 20:00:00-04:00,188.89,191.48,187.96,189.71,7983700
2026-06-03 20:00:00-04:00,189.00,190.10,187.67,188.35,5163200
2026-06-04 20:00:00-04:00,189.06,189.61,186.59,187.31,6310900
2026-06-07 20:00:00-04:00,188.70,191.03,188.50,189.24,6113000
2026-06-08 20:00:00-04:00,188.50,189.38,185.47,186.76,8469900
2026-06-09 20:00:00-04:00,189.19,192.69,188.23,189.80,10041800
2026-06-10 20:00:00-04:00,191.81,192.25,185.55,185.82,9274100
2026-06-11 20:00:00-04:00,185.08,188.40,184.36,187.22,8703400
2026-06-14 20:00:00-04:00,178.90,181.67,177.76,180.40,10184900
2026-06-15 20:00:00-04:00,178.62,180.25,178.33,180.11,6663500
2026-06-16 20:00:00-04:00,179.01,180.08,177.10,177.58,8430000
2026-06-17 20:00:00-04:00,175.64,175.64,172.23,173.63,19146100
2026-06-21 20:00:00-04:00,174.08,175.45,172.86,175.06,11108900
2026-06-22 20:00:00-04:00,175.78,176.40,174.70,175.98,6555300
2026-06-23 20:00:00-04:00,173.89,173.99,170.86,171.45,10634600
2026-06-24 20:00:00-04:00,170.22,172.77,169.27,172.24,7954200
2026-06-25 20:00:00-04:00,172.24,172.25,169.93,171.06,13102200
2026-06-28 20:00:00-04:00,171.37,171.60,168.37,168.47,8806600
