Date,Open,High,Low,Close,Volume
2018-07-01 20:00:00-04:00,93.33,93.90,92.57,93.83,613500
2018-07-02 20:00:00-04:00,93.96,94.30,93.48,93.70,345500
2018-07-04 20:00:00-04:00,94.20,94.49,93.35,94.34,733200
2018-07-05 20:00:00-04:00,94.33,94.72,93.66,94.50,451700
2018-07-08 20:00:00-04:00,94.68,95.10,94.20,94.74,666700
2018-07-09 20:00:00-04:00,95.85,97.13,95.62,96.63,1264200
2018-07-10 20:00:00-04:00,96.39,97.39,96.03,97.14,1055300
2018-07-11 20:00:00-04:00,97.65,97.83,97.15,97.41,820200
2018-07-12 20:00:00-04:00,97.34,98.72,97.34,98.31,676300
2018-07-15 20:00:00-04:00,98.40,98.50,97.56,97.82,528900
2018-07-16 20:00:00-04:00,97.68,98.12,97.28,97.55,543500
2018-07-17 20:00:00-04:00,97.38,97.89,96.69,97.10,683300
2018-07-18 20:00:00-04:00,96.88,98.43,96.71,98.35,598900
2018-07-19 20:00:00-04:00,97.87,98.76,97.85,97.89,698900
2018-07-22 20:00:00-04:00,98.13,98.90,96.68,98.26,820200
2018-07-23 20:00:00-04:00,90.49,92.98,89.80,90.16,2872500
2018-07-24 20:00:00-04:00,90.44,92.31,89.33,92.08,2401600
2018-07-25 20:00:00-04:00,92.08,93.38,91.56,91.80,1108100
2018-07-26 20:00:00-04:00,91.57,92.40,91.07,91.27,1097600
2018-07-29 20:00:00-04:00,91.27,91.85,90.74,91.53,1059000
2018-07-30 20:00:00-04:00,91.66,92.32,91.32,92.13,653700
2018-07-31 20:00:00-04:00,92.28,92.56,91.38,91.46,550200
2018-08-01 20:00:00-04:00,91.37,92.96,91.08,92.81,633500
2018-08-02 20:00:00-04:00,91.37,93.22,91.37,93.09,602400
2018-08-05 20:00:00-04:00,92.79,93.19,92.50,92.69,713200
2018-08-06 20:00:00-04:00,92.88,93.12,92.58,93.09,784700
2018-08-07 20:00:00-04:00,93.15,93.34,91.92,92.43,826400
2018-08-08 20:00:00-04:00,92.72,93.16,92.37,92.71,728100
2018-08-09 20:00:00-04:00,92.44,93.19,92.44,92.82,636100
2018-08-12 20:00:00-04:00,92.75,93.14,92.44,92.73,408800
2018-08-13 20:00:00-04:00,92.57,93.30,92.46,92.92,446600
2018-08-14 20:00:00-04:00,92.58,92.94,92.05,92.68,600300
2018-08-15 20:00:00-04:00,93.21,93.93,92.96,93.68,740700
2018-08-16 20:00:00-04:00,93.67,96.11,93.49,95.31,2244500
2018-08-19 20:00:00-04:00,95.34,96.08,95.07,95.22,586200
2018-08-20 20:00:00-04:00,94.96,95.50,94.55,94.62,803900
2018-08-21 20:00:00-04:00,94.50,94.89,94.37,94.68,739500
2018-08-22 20:00:00-04:00,94.65,95.33,94.39,94.76,562800
2018-08-23 20:00:00-04:00,95.01,95.08,94.22,94.51,629300
2018-08-26 20:00:00-04:00,94.80,94.80,94.04,94.41,715400
2018-08-27 20:00:00-04:00,94.45,94.69,93.99,94.56,531600
2018-08-28 20:00:00-04:00,94.81,95.39,94.50,94.80,372200
2018-08-29 20:00:00-04:00,94.15,94.70,93.90,94.19,472000
2018-08-30 20:00:00-04:00,93.94,94.38,93.67,94.06,707800
2018-09-03 20:00:00-04:00,94.09,94.36,93.41,93.50,551400
2018-09-04 20:00:00-04:00,93.58,93.75,92.98,93.61,485300
2018-09-05 20:00:00-04:00,93.56,94.13,93.48,93.88,480700
2018-09-06 20:00:00-04:00,93.86,94.17,93.42,93.52,515600
2018-09-09 20:00:00-04:00,93.70,93.92,92.92,92.98,562800
2018-09-10 20:00:00-04:00,92.82,93.19,92.48,92.67,1137100
2018-09-11 20:00:00-04:00,92.42,93.47,91.95,92.28,1572100
2018-09-12 20:00:00-04:00,92.80,92.98,92.02,92.51,1312000
2018-09-13 20:00:00-04:00,92.88,93.26,92.38,92.53,851100
2018-09-16 20:00:00-04:00,92.78,92.78,91.86,92.05,1300800
2018-09-17 20:00:00-04:00,92.20,92.50,91.60,91.70,1113100
2018-09-18 20:00:00-04:00,91.95,92.55,91.67,91.96,828200
2018-09-19 20:00:00-04:00,92.27,92.54,91.90,92.31,629300
2018-09-20 20:00:00-04:00,92.44,92.99,91.95,92.03,1209100
2018-09-23 20:00:00-04:00,91.93,92.12,90.97,92.02,1354200
2018-09-24 20:00:00-04:00,92.39,92.89,91.92,92.02,997600
2018-09-25 20:00:00-04:00,92.20,92.55,91.63,91.92,744200
2018-09-26 20:00:00-04:00,91.94,92.57,91.56,91.73,876600
2018-09-27 20:00:00-04:00,91.73,92.33,91.49,92.29,982400
2018-09-30 20:00:00-04:00,92.43,93.02,92.31,92.69,900500
2018-10-01 20:00:00-04:00,92.59,92.79,91.51,92.08,915100
2018-10-02 20:00:00-04:00,92.12,92.19,90.66,90.86,853800
2018-10-03 20:00:00-04:00,90.56,90.72,88.61,88.83,1565500
2018-10-04 20:00:00-04:00,88.83,89.37,88.46,88.79,1028900
2018-10-07 20:00:00-04:00,88.72,89.20,87.91,88.49,710600
2018-10-08 20:00:00-04:00,88.34,89.23,88.24,89.02,1306300
2018-10-09 20:00:00-04:00,89.13,90.36,88.80,88.84,979200
2018-10-10 20:00:00-04:00,88.62,88.81,86.27,86.31,1487600
2018-10-11 20:00:00-04:00,86.78,87.42,85.32,86.14,951400
2018-10-14 20:00:00-04:00,85.66,86.74,85.57,85.89,1064700
2018-10-15 20:00:00-04:00,86.26,87.96,86.13,87.85,1067300
2018-10-16 20:00:00-04:00,87.79,88.49,87.35,87.97,1253700
2018-10-17 20:00:00-04:00,88.28,89.03,87.35,87.97,1356300
2018-10-18 20:00:00-04:00,88.84,89.56,88.03,88.08,1161800
2018-10-21 20:00:00-04:00,88.10,88.61,87.12,87.25,1433300
2018-10-22 20:00:00-04:00,81.55,83.70,80.53,81.82,3438200
2018-10-23 20:00:00-04:00,81.50,81.70,78.50,78.59,3261100
2018-10-24 20:00:00-04:00,78.84,79.69,78.54,78.96,1476200
2018-10-25 20:00:00-04:00,78.58,79.26,77.80,78.60,2201100
2018-10-28 20:00:00-04:00,80.17,80.17,78.20,78.91,1490500
2018-10-29 20:00:00-04:00,79.19,79.93,78.32,79.79,1073900
2018-10-30 20:00:00-04:00,80.15,81.82,79.86,80.87,1406900
2018-10-31 20:00:00-04:00,81.26,81.66,80.09,80.43,1381100
2018-11-01 20:00:00-04:00,80.73,81.25,79.37,80.24,985100
2018-11-04 19:00:00-05:00,80.50,81.40,80.35,80.82,937800
2018-11-05 19:00:00-05:00,80.57,82.14,80.50,82.05,786900
2018-11-06 19:00:00-05:00,82.77,84.20,82.70,83.82,1647600
2018-11-07 19:00:00-05:00,83.47,84.42,83.27,84.04,745100
2018-11-08 19:00:00-05:00,83.88,84.43,83.24,83.64,718700
2018-11-11 19:00:00-05:00,83.75,84.12,82.47,82.55,750000
2018-11-12 19:00:00-05:00,82.71,83.10,81.04,81.67,720200
2018-11-13 19:00:00-05:00,82.11,82.63,80.95,81.38,948400
2018-11-14 19:00:00-05:00,80.84,82.47,80.33,82.25,1124300
2018-11-15 19:00:00-05:00,81.90,83.14,81.82,82.36,697200
2018-11-18 19:00:00-05:00,82.46,82.49,80.58,81.00,662900
2018-11-19 19:00:00-05:00,80.79,81.96,80.51,81.32,872400
2018-11-20 19:00:00-05:00,81.52,81.81,80.08,80.09,978200
2018-11-22 19:00:00-05:00,79.74,81.30,79.62,80.83,359100
2018-11-25 19:00:00-05:00,81.54,81.85,80.54,81.49,873400
2018-11-26 19:00:00-05:00,81.62,82.25,80.66,81.34,708100
2018-11-27 19:00:00-05:00,81.65,83.61,81.43,83.29,1338700
2018-11-28 19:00:00-05:00,79.87,79.87,75.10,75.57,4330300
2018-11-29 19:00:00-05:00,75.09,76.22,73.52,76.11,3534900
2018-12-02 19:00:00-05:00,75.49,78.11,75.19,78.02,2175900
2018-12-03 19:00:00-05:00,78.11,78.55,76.92,77.11,2074300
2018-12-05 19:00:00-05:00,75.94,76.46,74.33,76.33,1983800
2018-12-06 19:00:00-05:00,75.97,76.84,74.64,75.24,1474400
2018-12-09 19:00:00-05:00,75.31,75.54,73.59,75.15,1389700
2018-12-10 19:00:00-05:00,75.31,76.54,75.09,75.70,1436300
2018-12-11 19:00:00-05:00,76.33,76.90,75.83,75.86,1332900
2018-12-12 19:00:00-05:00,76.06,76.54,75.66,75.91,1306000
2018-12-13 19:00:00-05:00,75.16,75.79,73.27,73.45,1831200
2018-12-16 19:00:00-05:00,72.76,73.83,72.52,73.35,1728600
2018-12-17 19:00:00-05:00,73.56,74.39,71.46,71.85,1754600
2018-12-18 19:00:00-05:00,71.97,73.56,71.26,72.25,1778700
2018-12-19 19:00:00-05:00,71.65,72.65,69.89,70.51,1633800
2018-12-20 19:00:00-05:00,70.69,72.60,70.01,70.20,2041300
2018-12-23 19:00:00-05:00,69.82,69.83,68.44,68.53,632900
2018-12-25 19:00:00-05:00,68.53,70.76,67.84,70.70,1100400
2018-12-26 19:00:00-05:00,69.81,70.89,68.70,70.89,983300
2018-12-27 19:00:00-05:00,71.27,71.32,70.07,70.47,746200
2018-12-30 19:00:00-05:00,70.75,71.57,70.51,71.55,910100
2019-01-01 19:00:00-05:00,70.75,71.21,69.71,70.61,1578800
2019-01-02 19:00:00-05:00,69.98,70.27,68.68,69.33,1339000
2019-01-03 19:00:00-05:00,70.10,71.43,69.89,71.07,1549100
2019-01-06 19:00:00-05:00,71.30,72.02,70.43,71.01,1735100
2019-01-07 19:00:00-05:00,71.55,72.38,71.07,72.38,1308900
2019-01-08 19:00:00-05:00,72.79,73.51,72.46,72.56,1226000
2019-01-09 19:00:00-05:00,72.14,72.92,72.12,72.81,891800
2019-01-10 19:00:00-05:00,72.40,73.15,72.28,73.07,1098100
2019-01-13 19:00:00-05:00,72.81,73.07,71.96,72.18,1324800
2019-01-14 19:00:00-05:00,72.43,73.55,72.10,73.52,944300
2019-01-15 19:00:00-05:00,73.45,73.61,72.81,72.87,1000400
2019-01-16 19:00:00-05:00,72.85,73.66,72.60,73.58,915000
2019-01-17 19:00:00-05:00,74.13,75.51,74.09,75.26,2144300
2019-01-21 19:00:00-05:00,74.98,74.98,74.09,74.52,1103300
2019-01-22 19:00:00-05:00,74.67,75.25,73.63,74.63,1099900
2019-01-23 19:00:00-05:00,74.68,74.91,73.76,74.02,1024000
2019-01-24 19:00:00-05:00,74.65,74.81,73.54,73.85,1199400
2019-01-27 19:00:00-05:00,73.52,74.48,73.07,73.92,918900
2019-01-28 19:00:00-05:00,74.21,74.60,73.51,74.49,854200
2019-01-29 19:00:00-05:00,74.59,75.44,74.25,75.16,910200
2019-01-30 19:00:00-05:00,73.79,75.73,73.50,75.53,1159200
2019-01-31 19:00:00-05:00,75.59,75.88,74.77,75.82,880100
2019-02-03 19:00:00-05:00,75.82,76.20,75.37,76.03,700100
2019-02-04 19:00:00-05:00,76.25,76.70,75.48,75.65,1169100
2019-02-05 19:00:00-05:00,75.64,76.28,75.39,75.80,1053500
2019-02-06 19:00:00-05:00,76.07,77.60,76.07,77.60,1587400
2019-02-07 19:00:00-05:00,77.40,77.58,75.66,77.03,1076900
2019-02-10 19:00:00-05:00,76.93,77.16,76.27,76.31,1640600
2019-02-11 19:00:00-05:00,76.59,77.67,76.28,77.18,1057800
2019-02-12 19:00:00-05:00,77.53,77.95,76.84,77.72,1375100
2019-02-13 19:00:00-05:00,73.05,74.81,72.76,73.93,3758200
2019-02-14 19:00:00-05:00,74.40,76.14,73.68,75.93,2099500
2019-02-18 19:00:00-05:00,75.93,77.39,75.46,76.14,2597900
2019-02-19 19:00:00-05:00,75.95,77.34,75.55,76.90,1621900
2019-02-20 19:00:00-05:00,76.90,77.06,75.53,75.93,1132100
2019-02-21 19:00:00-05:00,75.97,76.28,75.45,75.92,956100
2019-02-24 19:00:00-05:00,76.28,76.56,75.36,75.39,1114200
2019-02-25 19:00:00-05:00,75.28,75.52,74.48,75.18,1589000
2019-02-26 19:00:00-05:00,74.80,74.84,74.13,74.41,1748800
2019-02-27 19:00:00-05:00,74.41,75.22,74.39,74.84,1224900
2019-02-28 19:00:00-05:00,75.38,75.82,74.39,74.72,978400
2019-03-03 19:00:00-05:00,75.06,75.07,73.51,74.12,1445500
2019-03-04 19:00:00-05:00,74.26,74.30,73.45,73.58,1421500
2019-03-05 19:00:00-05:00,73.67,73.67,71.85,72.06,1442600
2019-03-06 19:00:00-05:00,72.15,72.60,71.41,71.97,1609200
2019-03-07 19:00:00-05:00,71.64,72.98,71.52,72.95,2034800
2019-03-10 20:00:00-04:00,73.17,73.95,72.68,73.88,1487900
2019-03-11 20:00:00-04:00,74.17,75.50,74.14,75.06,1159200
2019-03-12 20:00:00-04:00,75.52,76.98,75.00,76.36,1568600
2019-03-13 20:00:00-04:00,76.35,76.47,75.63,76.01,1646700
2019-03-14 20:00:00-04:00,76.22,77.35,76.22,76.48,1554300
2019-03-17 20:00:00-04:00,76.00,76.71,76.00,76.70,1128100
2019-03-18 20:00:00-04:00,76.97,78.31,76.90,77.31,1935000
2019-03-19 20:00:00-04:00,77.12,77.62,76.30,76.64,1260000
2019-03-20 20:00:00-04:00,76.39,77.76,76.39,77.49,690400
2019-03-21 20:00:00-04:00,77.38,78.20,76.52,77.16,1284800
2019-03-24 20:00:00-04:00,77.10,77.10,75.74,76.48,1317700
2019-03-25 20:00:00-04:00,76.71,77.15,76.30,76.66,674700
2019-03-26 20:00:00-04:00,76.35,76.92,75.82,76.53,866200
2019-03-27 20:00:00-04:00,76.65,77.06,76.14,77.00,640900
2019-03-28 20:00:00-04:00,77.07,77.95,76.98,77.75,1357600
2019-03-31 20:00:00-04:00,78.12,78.56,77.67,77.94,1094500
2019-04-01 20:00:00-04:00,79.12,79.14,77.57,78.62,1438200
2019-04-02 20:00:00-04:00,78.95,78.95,77.86,78.31,914100
2019-04-03 20:00:00-04:00,78.25,78.71,77.89,78.70,724300
2019-04-04 20:00:00-04:00,78.72,79.05,78.29,78.95,1298200
2019-04-07 20:00:00-04:00,78.78,79.01,77.93,78.69,744400
2019-04-08 20:00:00-04:00,78.36,78.74,78.05,78.23,607400
2019-04-09 20:00:00-04:00,78.28,78.79,77.81,78.60,794300
2019-04-10 20:00:00-04:00,78.92,78.92,77.80,78.03,1110400
2019-04-11 20:00:00-04:00,78.04,79.13,77.98,78.17,944600
2019-04-14 20:00:00-04:00,78.62,79.19,78.29,79.14,607900
2019-04-15 20:00:00-04:00,79.51,79.51,77.31,77.49,2157400
2019-04-16 20:00:00-04:00,77.58,77.76,73.64,74.54,1576800
2019-04-17 20:00:00-04:00,74.61,75.29,73.34,74.58,1486500
2019-04-21 20:00:00-04:00,74.32,75.30,73.88,74.09,1209500
2019-04-22 20:00:00-04:00,75.08,82.21,75.08,80.96,3584100
2019-04-23 20:00:00-04:00,81.24,83.10,81.04,82.42,2239200
2019-04-24 20:00:00-04:00,82.40,82.53,81.09,81.97,1295200
2019-04-25 20:00:00-04:00,82.10,82.95,81.81,82.92,1040900
2019-04-28 20:00:00-04:00,82.90,83.89,82.67,83.67,1166300
2019-04-29 20:00:00-04:00,83.93,84.23,82.45,83.83,1316200
2019-04-30 20:00:00-04:00,84.10,84.20,83.14,83.70,1239800
2019-05-01 20:00:00-04:00,83.75,85.69,83.75,85.37,1410100
2019-05-02 20:00:00-04:00,85.39,86.18,85.12,85.92,1019000
2019-05-05 20:00:00-04:00,84.56,85.89,84.39,85.81,795100
2019-05-06 20:00:00-04:00,85.29,85.83,84.32,84.95,961200
2019-05-07 20:00:00-04:00,84.90,86.11,83.94,85.20,1434200
2019-05-08 20:00:00-04:00,84.43,86.09,84.17,85.88,1553100
2019-05-09 20:00:00-04:00,85.75,86.37,84.76,86.25,842900
2019-05-12 20:00:00-04:00,85.05,85.18,84.03,84.44,906800
2019-05-13 20:00:00-04:00,84.84,85.57,84.11,84.15,786100
2019-05-14 20:00:00-04:00,83.61,84.97,83.41,84.70,634500
2019-05-15 20:00:00-04:00,84.68,85.22,83.71,83.83,949100
2019-05-16 20:00:00-04:00,83.13,85.35,83.05,84.57,1122000
2019-05-19 20:00:00-04:00,84.17,85.12,84.03,84.44,794500
2019-05-20 20:00:00-04:00,84.73,85.44,84.59,85.04,940100
2019-05-21 20:00:00-04:00,84.87,85.25,84.40,84.90,1331200
2019-05-22 20:00:00-04:00,84.68,84.94,83.92,84.92,1056800
2019-05-23 20:00:00-04:00,84.93,85.47,84.09,85.27,866300
2019-05-27 20:00:00-04:00,84.98,86.08,84.30,84.45,1755200
2019-05-28 20:00:00-04:00,84.17,84.56,83.34,84.20,1557300
2019-05-29 20:00:00-04:00,84.32,84.61,83.06,83.50,681700
2019-05-30 20:00:00-04:00,83.08,83.58,82.35,83.42,691500
2019-06-02 20:00:00-04:00,83.38,85.28,82.84,83.63,960000
2019-06-03 20:00:00-04:00,84.16,85.01,83.87,84.55,699200
2019-06-04 20:00:00-04:00,85.33,85.33,83.78,85.02,701600
2019-06-05 20:00:00-04:00,85.21,86.38,84.84,85.89,957100
2019-06-06 20:00:00-04:00,86.26,86.81,85.84,86.40,600500
2019-06-09 20:00:00-04:00,86.64,86.97,86.29,86.69,781400
2019-06-10 20:00:00-04:00,86.60,86.91,85.68,86.04,658700
2019-06-11 20:00:00-04:00,85.75,86.57,85.55,86.54,584500
2019-06-12 20:00:00-04:00,86.57,87.80,86.27,87.72,1541900
2019-06-13 20:00:00-04:00,87.71,88.51,87.64,87.87,727900
2019-06-16 20:00:00-04:00,87.96,88.98,87.76,88.66,895800
2019-06-17 20:00:00-04:00,89.15,89.15,87.27,87.47,1002200
2019-06-18 20:00:00-04:00,87.71,88.86,87.25,88.64,679100
2019-06-19 20:00:00-04:00,88.81,88.90,86.92,87.27,922400
2019-06-20 20:00:00-04:00,87.37,88.19,87.04,88.09,1497800
2019-06-23 20:00:00-04:00,88.16,88.16,87.13,87.76,498200
2019-06-24 20:00:00-04:00,87.75,88.29,86.94,87.87,590000
2019-06-25 20:00:00-04:00,87.78,87.97,86.71,86.73,529600
2019-06-26 20:00:00-04:00,87.16,87.52,86.78,87.44,604900
2019-06-27 20:00:00-04:00,87.41,88.55,87.04,88.55,960900
2019-06-30 20:00:00-04:00,89.21,90.17,88.59,89.11,880100
2019-07-01 20:00:00-04:00,89.01,89.80,88.18,89.78,511400
2019-07-02 20:00:00-04:00,89.91,90.62,89.91,90.43,412200
2019-07-04 20:00:00-04:00,90.28,90.95,89.62,90.27,568200
2019-07-07 20:00:00-04:00,90.02,90.03,89.23,89.58,667300
2019-07-08 20:00:00-04:00,88.89,89.36,88.36,89.18,548500
2019-07-09 20:00:00-04:00,89.57,90.08,89.29,89.62,427300
2019-07-10 20:00:00-04:00,90.33,91.09,89.57,90.48,810900
2019-07-11 20:00:00-04:00,90.29,90.58,89.60,90.03,620900
2019-07-14 20:00:00-04:00,87.77,88.49,87.20,88.40,1186900
2019-07-15 20:00:00-04:00,89.02,89.29,87.94,88.71,867500
2019-07-16 20:00:00-04:00,88.57,88.71,87.36,87.56,1073400
2019-07-17 20:00:00-04:00,87.56,88.28,87.12,88.18,894400
2019-07-18 20:00:00-04:00,88.09,88.28,86.73,86.79,993400
2019-07-21 20:00:00-04:00,87.14,87.51,85.37,85.74,1536800
2019-07-22 20:00:00-04:00,90.66,91.70,88.79,90.38,2662300
2019-07-23 20:00:00-04:00,90.74,91.20,90.00,90.36,1453300
2019-07-24 20:00:00-04:00,90.39,90.55,88.71,89.36,990100
2019-07-25 20:00:00-04:00,89.48,90.38,88.30,88.54,1029400
2019-07-28 20:00:00-04:00,88.36,89.65,88.29,89.61,1062300
2019-07-29 20:00:00-04:00,88.59,90.67,87.57,90.61,1126700
2019-07-30 20:00:00-04:00,91.00,91.00,88.60,89.24,1058700
2019-07-31 20:00:00-04:00,89.12,89.75,88.33,88.51,815100
2019-08-01 20:00:00-04:00,88.58,88.72,87.37,87.72,672100
2019-08-04 20:00:00-04:00,86.84,87.42,84.75,85.54,1102700
2019-08-05 20:00:00-04:00,85.93,86.60,85.10,86.48,912400
2019-08-06 20:00:00-04:00,85.90,87.53,85.15,87.39,981300
2019-08-07 20:00:00-04:00,87.61,88.80,87.61,88.50,1015800
2019-08-08 20:00:00-04:00,88.51,88.95,87.67,88.07,594500
2019-08-11 20:00:00-04:00,87.92,88.46,87.34,87.67,424600
2019-08-12 20:00:00-04:00,87.26,89.33,87.26,88.73,511800
2019-08-13 20:00:00-04:00,87.86,88.43,86.98,87.01,866500
2019-08-14 20:00:00-04:00,87.41,87.78,86.75,87.32,963600
2019-08-15 20:00:00-04:00,87.91,88.36,87.68,87.94,897100
2019-08-18 20:00:00-04:00,88.58,89.52,88.35,89.24,792400
2019-08-19 20:00:00-04:00,89.47,89.47,88.64,88.68,734000
2019-08-20 20:00:00-04:00,89.20,90.30,88.95,90.17,883500
2019-08-21 20:00:00-04:00,90.31,90.57,89.20,89.71,938800
2019-08-22 20:00:00-04:00,89.67,90.63,88.50,88.82,1758700
2019-08-25 20:00:00-04:00,89.29,89.40,88.19,88.57,972600
2019-08-26 20:00:00-04:00,89.07,89.38,87.82,87.82,806900
2019-08-27 20:00:00-04:00,87.64,88.42,87.52,88.23,800300
2019-08-28 20:00:00-04:00,89.05,89.59,88.39,89.47,898600
2019-08-29 20:00:00-04:00,89.65,90.55,89.30,89.49,1413800
2019-09-02 20:00:00-04:00,88.80,89.53,88.58,89.41,741100
2019-09-03 20:00:00-04:00,90.00,90.10,89.23,89.81,539400
2019-09-04 20:00:00-04:00,90.65,90.65,89.37,89.80,703100
2019-09-05 20:00:00-04:00,89.90,91.27,89.27,91.10,1542500
2019-09-08 20:00:00-04:00,91.36,91.99,90.35,91.80,1412000
2019-09-09 20:00:00-04:00,91.73,92.07,90.83,91.40,1164600
2019-09-10 20:00:00-04:00,91.58,91.79,89.86,90.86,1012800
2019-09-11 20:00:00-04:00,91.56,92.07,90.88,91.77,1219200
2019-09-12 20:00:00-04:00,92.08,92.67,91.16,91.27,819800
2019-09-15 20:00:00-04:00,90.69,92.43,90.69,92.38,484500
2019-09-16 20:00:00-04:00,92.32,93.16,92.22,92.88,800400
2019-09-17 20:00:00-04:00,92.89,93.03,92.18,92.86,641800
2019-09-18 20:00:00-04:00,93.14,93.47,92.24,92.42,411400
2019-09-19 20:00:00-04:00,92.65,94.39,92.55,93.91,1234200
2019-09-22 20:00:00-04:00,93.38,93.92,93.17,93.38,749700
2019-09-23 20:00:00-04:00,93.80,93.91,92.53,93.02,785800
2019-09-24 20:00:00-04:00,92.98,93.06,91.91,92.37,737700
2019-09-25 20:00:00-04:00,92.85,93.21,92.11,93.07,811600
2019-09-26 20:00:00-04:00,93.54,93.54,91.63,92.22,789200
2019-09-29 20:00:00-04:00,92.33,93.86,92.23,93.57,755400
2019-09-30 20:00:00-04:00,93.92,94.18,92.79,92.95,702100
2019-10-01 20:00:00-04:00,92.42,92.60,91.47,92.09,955600
2019-10-02 20:00:00-04:00,91.66,91.72,89.55,90.90,1122000
2019-10-03 20:00:00-04:00,91.10,92.04,90.87,92.04,1105200
2019-10-06 20:00:00-04:00,91.75,92.44,91.50,91.97,1015300
2019-10-07 20:00:00-04:00,91.51,91.51,89.57,89.74,626600
2019-10-08 20:00:00-04:00,90.30,91.01,90.00,90.72,453800
2019-10-09 20:00:00-04:00,90.82,91.11,90.20,90.50,637700
2019-10-10 20:00:00-04:00,91.28,92.17,90.92,90.96,488200
2019-10-13 20:00:00-04:00,90.96,91.60,90.63,91.14,388200
2019-10-14 20:00:00-04:00,91.96,92.55,91.47,92.09,711700
2019-10-15 20:00:00-04:00,92.28,93.13,91.90,92.98,746400
2019-10-16 20:00:00-04:00,93.04,93.34,91.91,92.02,1072500
2019-10-17 20:00:00-04:00,92.11,92.11,89.62,90.20,1649700
2019-10-20 20:00:00-04:00,90.35,90.50,89.62,89.87,1469000
2019-10-21 20:00:00-04:00,89.80,89.86,87.98,88.52,2669600
2019-10-22 20:00:00-04:00,88.91,91.14,88.57,90.43,1230300
2019-10-23 20:00:00-04:00,90.05,90.33,87.48,88.12,1180800
2019-10-24 20:00:00-04:00,88.34,88.91,87.81,88.42,769900
2019-10-27 20:00:00-04:00,88.74,89.59,88.19,88.21,647000
2019-10-28 20:00:00-04:00,88.16,89.55,87.99,88.71,1153800
2019-10-29 20:00:00-04:00,88.72,89.49,88.40,89.37,510300
2019-10-30 20:00:00-04:00,89.09,89.47,87.91,88.96,796000
2019-10-31 20:00:00-04:00,89.53,90.16,89.17,89.26,841300
2019-11-03 19:00:00-05:00,89.62,89.62,88.50,88.86,856200
2019-11-04 19:00:00-05:00,89.24,89.74,88.53,88.58,1004900
2019-11-05 19:00:00-05:00,88.74,89.58,88.51,88.84,754000
2019-11-06 19:00:00-05:00,88.84,89.29,88.03,89.28,931400
2019-11-07 19:00:00-05:00,89.30,89.48,88.79,89.24,831300
2019-11-10 19:00:00-05:00,88.81,89.43,88.37,88.58,494300
2019-11-11 19:00:00-05:00,88.57,89.60,88.39,89.55,727000
2019-11-12 19:00:00-05:00,89.55,90.12,89.22,89.91,617200
2019-11-13 19:00:00-05:00,89.69,90.32,89.64,90.32,510200
2019-11-14 19:00:00-05:00,90.53,91.90,90.00,91.57,962500
2019-11-17 19:00:00-05:00,91.49,92.52,91.25,91.36,805100
2019-11-18 19:00:00-05:00,91.38,92.11,91.17,91.80,771200
2019-11-19 19:00:00-05:00,91.53,92.15,91.39,92.15,724200
2019-11-20 19:00:00-05:00,91.97,92.34,91.60,92.12,792200
2019-11-21 19:00:00-05:00,92.40,93.42,92.22,93.06,980000
2019-11-24 19:00:00-05:00,93.06,93.64,92.74,93.60,895300
2019-11-25 19:00:00-05:00,93.74,94.42,93.38,94.39,1302700
2019-11-26 19:00:00-05:00,94.46,95.16,93.78,94.13,885600
2019-11-28 19:00:00-05:00,93.88,94.14,93.49,93.62,403800
2019-12-01 19:00:00-05:00,93.56,94.26,93.22,93.57,822300
2019-12-02 19:00:00-05:00,93.46,93.55,92.29,92.79,796200
2019-12-03 19:00:00-05:00,92.76,93.82,92.63,93.40,754300
2019-12-04 19:00:00-05:00,93.49,93.53,92.63,93.27,637700
2019-12-05 19:00:00-05:00,93.79,94.22,93.39,93.94,629800
2019-12-08 19:00:00-05:00,93.51,93.64,92.43,92.46,611700
2019-12-09 19:00:00-05:00,92.46,92.91,92.19,92.20,496600
2019-12-10 19:00:00-05:00,92.14,92.58,91.70,92.02,882700
2019-12-11 19:00:00-05:00,91.93,93.05,91.86,92.54,941300
2019-12-12 19:00:00-05:00,92.05,92.59,91.87,92.43,653000
2019-12-15 19:00:00-05:00,92.97,93.55,92.34,93.29,904300
2019-12-16 19:00:00-05:00,93.27,94.16,93.20,93.79,967500
2019-12-17 19:00:00-05:00,94.02,94.24,93.57,94.20,949800
2019-12-18 19:00:00-05:00,94.85,95.73,94.69,94.88,1069100
2019-12-19 19:00:00-05:00,95.37,95.47,93.98,94.12,1644600
2019-12-22 19:00:00-05:00,93.75,94.30,93.61,94.24,711300
2019-12-23 19:00:00-05:00,94.36,94.68,94.12,94.21,169500
2019-12-25 19:00:00-05:00,94.29,94.29,93.18,93.56,430400
2019-12-26 19:00:00-05:00,93.61,93.88,93.16,93.88,360400
2019-12-29 19:00:00-05:00,93.84,93.88,93.29,93.44,377500
2019-12-30 19:00:00-05:00,93.18,93.85,92.98,93.83,466800
2020-01-01 19:00:00-05:00,93.80,93.85,92.23,92.90,1020900
2020-01-02 19:00:00-05:00,91.61,92.87,91.46,92.35,679100
2020-01-05 19:00:00-05:00,92.12,92.91,92.01,92.85,505200
2020-01-06 19:00:00-05:00,91.73,92.09,91.37,91.79,629400
2020-01-07 19:00:00-05:00,91.38,92.62,90.82,92.17,700900
2020-01-08 19:00:00-05:00,92.71,93.45,92.18,93.30,652900
2020-01-09 19:00:00-05:00,93.35,93.95,92.89,93.88,671700
2020-01-12 19:00:00-05:00,93.89,94.49,93.78,94.09,512500
2020-01-13 19:00:00-05:00,94.02,94.28,92.81,94.04,733500
2020-01-14 19:00:00-05:00,93.97,95.06,93.74,94.24,666400
2020-01-15 19:00:00-05:00,94.71,95.20,94.38,94.58,495600
2020-01-16 19:00:00-05:00,94.42,94.57,93.35,94.53,1329000
2020-01-20 19:00:00-05:00,94.33,95.07,94.16,94.78,958400
2020-01-21 19:00:00-05:00,95.17,95.98,94.80,95.84,684500
2020-01-22 19:00:00-05:00,95.73,95.74,94.59,95.36,650000
2020-01-23 19:00:00-05:00,95.59,95.59,94.05,95.18,764700
2020-01-26 19:00:00-05:00,94.45,96.82,94.26,96.66,1517000
2020-01-27 19:00:00-05:00,96.80,98.00,96.19,97.85,999900
2020-01-28 19:00:00-05:00,97.75,98.55,97.36,97.72,1505300
2020-01-29 19:00:00-05:00,99.54,99.68,96.74,98.90,1454800
2020-01-30 19:00:00-05:00,98.46,99.15,97.04,97.72,1060300
2020-02-02 19:00:00-05:00,98.18,98.83,97.17,98.75,731400
2020-02-03 19:00:00-05:00,99.25,99.78,98.16,98.24,1006700
2020-02-04 19:00:00-05:00,98.66,99.78,98.45,98.88,1064700
2020-02-05 19:00:00-05:00,99.42,99.78,98.10,98.62,660700
2020-02-06 19:00:00-05:00,98.76,99.10,98.27,98.41,471500
2020-02-09 19:00:00-05:00,98.28,98.59,97.81,98.56,677600
2020-02-10 19:00:00-05:00,98.98,99.76,98.50,99.21,840600
2020-02-11 19:00:00-05:00,99.36,99.71,97.95,98.15,1466500
2020-02-12 19:00:00-05:00,97.86,99.55,97.68,99.04,953500
2020-02-13 19:00:00-05:00,99.14,99.65,98.64,99.65,670800
2020-02-17 19:00:00-05:00,99.51,99.65,98.45,99.42,903500
2020-02-18 19:00:00-05:00,99.78,100.64,99.52,100.20,840500
2020-02-19 19:00:00-05:00,99.84,100.06,99.10,99.64,520500
2020-02-20 19:00:00-05:00,99.64,100.29,99.08,99.91,970600
2020-02-23 19:00:00-05:00,98.73,99.88,98.41,99.20,956500
2020-02-24 19:00:00-05:00,99.54,99.68,97.10,97.48,913800
2020-02-25 19:00:00-05:00,98.09,98.73,97.07,97.07,1092900
2020-02-26 19:00:00-05:00,96.27,100.00,96.04,97.99,2098300
2020-02-27 19:00:00-05:00,96.49,96.51,91.50,93.65,2707500
2020-03-01 19:00:00-05:00,94.46,99.08,94.03,98.99,1841300
2020-03-02 19:00:00-05:00,99.15,99.74,94.85,95.94,1605000
2020-03-03 19:00:00-05:00,97.47,101.98,97.47,101.97,2082500
2020-03-04 19:00:00-05:00,104.46,104.71,100.76,102.15,3936000
2020-03-05 19:00:00-05:00,103.17,103.17,96.00,98.91,3035100
2020-03-08 20:00:00-04:00,96.28,98.90,94.76,96.99,3186600
2020-03-09 20:00:00-04:00,99.78,99.97,90.73,93.90,3290800
2020-03-10 20:00:00-04:00,92.35,92.35,85.67,88.06,3101100
2020-03-11 20:00:00-04:00,82.69,83.00,77.76,79.83,2801600
2020-03-12 20:00:00-04:00,85.47,90.55,79.74,85.45,3270100
2020-03-15 20:00:00-04:00,78.32,80.42,73.52,76.28,3671800
2020-03-16 20:00:00-04:00,78.25,79.15,70.75,76.12,3264400
2020-03-17 20:00:00-04:00,72.23,73.27,65.93,68.40,2452400
2020-03-18 20:00:00-04:00,67.84,74.53,64.87,70.03,2658600
2020-03-19 20:00:00-04:00,71.56,72.21,64.87,66.44,2637200
2020-03-22 20:00:00-04:00,65.40,71.39,64.64,66.35,2662300
2020-03-23 20:00:00-04:00,69.06,70.23,66.03,70.00,2675500
2020-03-24 20:00:00-04:00,69.08,71.59,67.92,69.78,2430100
2020-03-25 20:00:00-04:00,71.10,80.79,70.93,78.56,3309800
2020-03-26 20:00:00-04:00,75.41,77.23,72.73,73.36,1889100
2020-03-29 20:00:00-04:00,73.45,74.37,71.32,73.34,1692700
2020-03-30 20:00:00-04:00,71.91,72.22,69.82,70.91,2474400
2020-03-31 20:00:00-04:00,67.36,69.76,65.44,69.55,3038200
2020-04-01 20:00:00-04:00,68.35,70.14,67.06,68.39,2238900
2020-04-02 20:00:00-04:00,67.92,68.37,64.48,64.76,1595700
2020-04-05 20:00:00-04:00,67.44,71.13,66.37,70.02,1995700
2020-04-06 20:00:00-04:00,74.14,75.20,72.18,74.22,1748800
2020-04-07 20:00:00-04:00,74.74,79.19,74.74,78.16,1785600
2020-04-08 20:00:00-04:00,79.19,82.88,79.08,79.88,1953300
2020-04-12 20:00:00-04:00,79.88,80.06,76.00,76.91,1167500
2020-04-13 20:00:00-04:00,77.86,80.54,77.50,80.17,1342000
2020-04-14 20:00:00-04:00,76.96,79.65,76.76,79.24,1404200
2020-04-15 20:00:00-04:00,79.32,81.42,78.38,80.75,1619500
2020-04-16 20:00:00-04:00,82.75,85.30,82.51,84.89,2369900
2020-04-19 20:00:00-04:00,83.82,85.69,83.20,84.56,1585700
2020-04-20 20:00:00-04:00,82.75,84.90,82.35,84.05,2615400
2020-04-21 20:00:00-04:00,89.02,92.18,84.99,88.61,3771100
2020-04-22 20:00:00-04:00,88.98,91.43,88.00,89.57,3135400
2020-04-23 20:00:00-04:00,90.57,97.11,89.44,94.87,3875000
2020-04-26 20:00:00-04:00,97.37,103.90,96.79,103.23,4460900
2020-04-27 20:00:00-04:00,108.72,111.22,99.51,99.58,4820500
2020-04-28 20:00:00-04:00,100.72,102.29,97.22,101.04,2191800
2020-04-29 20:00:00-04:00,99.12,100.32,97.09,97.98,2395300
2020-04-30 20:00:00-04:00,96.68,97.30,93.80,96.82,2181600
2020-05-03 20:00:00-04:00,95.99,96.90,95.11,95.46,1426600
2020-05-04 20:00:00-04:00,96.26,97.96,95.83,96.37,1580800
2020-05-05 20:00:00-04:00,96.85,97.42,94.71,95.57,1066100
2020-05-06 20:00:00-04:00,96.46,96.75,94.67,95.53,1121200
2020-05-07 20:00:00-04:00,96.87,100.52,95.46,99.85,1673600
2020-05-10 20:00:00-04:00,98.74,99.17,96.88,98.71,1504600
2020-05-11 20:00:00-04:00,99.45,100.23,95.78,95.94,1215600
2020-05-12 20:00:00-04:00,96.61,97.40,93.76,95.35,1418200
2020-05-13 20:00:00-04:00,94.70,98.56,93.23,98.30,1774200
2020-05-14 20:00:00-04:00,97.96,99.86,97.74,98.84,2406300
2020-05-17 20:00:00-04:00,100.71,101.78,96.93,97.02,1761300
2020-05-18 20:00:00-04:00,96.66,99.14,96.12,98.07,1411800
2020-05-19 20:00:00-04:00,100.01,104.93,99.84,101.40,1788200
2020-05-20 20:00:00-04:00,101.32,101.32,99.68,100.54,898900
2020-05-21 20:00:00-04:00,100.76,100.76,99.18,100.40,770400
2020-05-25 20:00:00-04:00,102.59,102.75,99.92,100.32,1176100
2020-05-26 20:00:00-04:00,99.79,103.35,98.02,102.81,1681300
2020-05-27 20:00:00-04:00,103.96,106.63,102.70,105.06,1521800
2020-05-28 20:00:00-04:00,105.69,106.07,102.71,105.25,2183100
2020-05-31 20:00:00-04:00,105.05,106.30,103.77,105.39,2088100
2020-06-01 20:00:00-04:00,106.78,109.79,106.52,109.10,2221600
2020-06-02 20:00:00-04:00,109.76,110.22,105.90,106.33,1526200
2020-06-03 20:00:00-04:00,105.54,108.13,105.13,106.36,994900
2020-06-04 20:00:00-04:00,107.18,107.35,103.81,104.20,1527900
2020-06-07 20:00:00-04:00,103.75,106.08,103.29,103.93,1529600
2020-06-08 20:00:00-04:00,104.12,104.51,102.99,103.88,1657400
2020-06-09 20:00:00-04:00,104.36,104.36,100.81,101.71,1478600
2020-06-10 20:00:00-04:00,100.03,100.16,97.99,98.71,1587500
2020-06-11 20:00:00-04:00,100.73,101.03,96.12,98.41,1263000
2020-06-14 20:00:00-04:00,96.99,100.41,95.98,100.35,1161700
2020-06-15 20:00:00-04:00,102.58,102.73,99.28,101.32,820200
2020-06-16 20:00:00-04:00,102.18,102.31,100.49,101.17,1014600
2020-06-17 20:00:00-04:00,100.38,100.68,98.24,98.85,825800
2020-06-18 20:00:00-04:00,100.26,100.26,96.31,96.34,2434000
2020-06-21 20:00:00-04:00,96.73,97.86,95.44,97.80,1118200
2020-06-22 20:00:00-04:00,97.79,98.24,94.40,95.17,1578600
2020-06-23 20:00:00-04:00,94.70,96.09,92.06,93.03,1652200
2020-06-24 20:00:00-04:00,92.89,96.66,91.88,96.37,1746400
2020-06-25 20:00:00-04:00,96.21,98.59,95.68,98.07,1962700
2020-06-28 20:00:00-04:00,98.47,98.68,96.88,98.25,1478300
2020-06-29 20:00:00-04:00,98.29,101.88,98.22,101.40,1152400
2020-06-30 20:00:00-04:00,101.39,102.30,100.09,101.48,1159300
2020-07-01 20:00:00-04:00,102.28,103.98,101.79,103.25,854200
2020-07-05 20:00:00-04:00,104.19,105.88,104.19,105.33,1444600
2020-07-06 20:00:00-04:00,104.74,105.71,103.90,104.88,955900
2020-07-07 20:00:00-04:00,104.75,105.50,103.95,105.42,958000
2020-07-08 20:00:00-04:00,105.50,105.81,103.00,103.57,1460000
2020-07-09 20:00:00-04:00,103.73,104.95,103.63,104.44,851400
2020-07-12 20:00:00-04:00,106.39,110.23,105.94,106.51,2323600
2020-07-13 20:00:00-04:00,108.28,109.74,106.21,109.71,2193500
2020-07-14 20:00:00-04:00,110.64,111.04,107.08,109.29,1748500
2020-07-15 20:00:00-04:00,109.06,112.04,108.29,110.57,1576700
2020-07-16 20:00:00-04:00,110.81,113.43,110.69,111.85,1913500
2020-07-19 20:00:00-04:00,113.44,114.08,111.96,113.45,1275200
2020-07-20 20:00:00-04:00,113.74,115.38,113.13,114.98,1116300
2020-07-21 20:00:00-04:00,114.98,116.06,114.53,116.01,1259600
2020-07-22 20:00:00-04:00,113.51,117.84,112.08,114.08,1924400
2020-07-23 20:00:00-04:00,113.50,113.50,110.86,111.74,1195500
2020-07-26 20:00:00-04:00,111.61,112.87,110.57,110.90,1404900
2020-07-27 20:00:00-04:00,111.04,112.51,110.14,110.38,1104500
2020-07-28 20:00:00-04:00,111.52,113.51,111.09,112.83,1883200
2020-07-29 20:00:00-04:00,111.83,113.55,111.23,113.33,894300
2020-07-30 20:00:00-04:00,113.40,113.86,111.75,113.60,1132800
2020-08-02 20:00:00-04:00,114.19,116.85,113.90,116.23,1336400
2020-08-03 20:00:00-04:00,115.64,115.84,112.92,114.53,1159500
2020-08-04 20:00:00-04:00,114.82,115.07,112.77,113.60,759200
2020-08-05 20:00:00-04:00,113.54,113.69,110.22,111.32,1197400
2020-08-06 20:00:00-04:00,111.08,112.79,110.60,111.94,1102000
2020-08-09 20:00:00-04:00,111.56,111.74,108.17,108.39,1251700
2020-08-10 20:00:00-04:00,108.91,109.06,106.18,107.41,1240200
2020-08-11 20:00:00-04:00,107.72,108.88,106.79,108.31,810700
2020-08-12 20:00:00-04:00,107.94,108.87,107.12,108.85,650400
2020-08-13 20:00:00-04:00,108.38,108.72,106.74,107.29,827400
2020-08-16 20:00:00-04:00,107.63,108.86,107.01,107.28,933800
2020-08-17 20:00:00-04:00,107.28,107.67,106.57,107.28,782400
2020-08-18 20:00:00-04:00,108.13,108.13,104.85,105.19,1344400
2020-08-19 20:00:00-04:00,105.29,108.05,105.24,105.41,979600
2020-08-20 20:00:00-04:00,105.33,105.69,104.13,105.34,957400
2020-08-23 20:00:00-04:00,105.56,105.66,103.98,105.14,1158500
2020-08-24 20:00:00-04:00,105.44,106.77,104.40,105.79,1237900
2020-08-25 20:00:00-04:00,105.73,106.18,104.27,105.79,1800100
2020-08-26 20:00:00-04:00,97.65,99.95,93.07,98.35,5631700
2020-08-27 20:00:00-04:00,98.55,99.33,97.24,99.01,1527200
2020-08-30 20:00:00-04:00,98.46,100.39,98.44,99.45,1364400
2020-08-31 20:00:00-04:00,99.68,100.74,95.41,98.03,2857100
2020-09-01 20:00:00-04:00,98.68,99.63,97.37,98.96,2445900
2020-09-02 20:00:00-04:00,99.34,99.48,96.27,97.15,2845000
2020-09-03 20:00:00-04:00,97.42,98.11,95.62,97.35,1688700
2020-09-07 20:00:00-04:00,96.89,97.28,95.25,96.02,1513500
2020-09-08 20:00:00-04:00,96.79,97.14,95.64,95.71,1204600
2020-09-09 20:00:00-04:00,98.07,100.07,97.72,98.79,1889700
2020-09-10 20:00:00-04:00,99.33,99.51,97.11,98.64,1250700
2020-09-13 20:00:00-04:00,99.21,101.24,98.70,100.77,764700
2020-09-14 20:00:00-04:00,100.80,103.06,100.80,101.55,1112700
2020-09-15 20:00:00-04:00,102.03,103.76,101.89,102.41,983200
2020-09-16 20:00:00-04:00,101.89,101.89,99.11,100.66,953900
2020-09-17 20:00:00-04:00,100.31,102.29,100.18,101.80,1364800
2020-09-20 20:00:00-04:00,100.29,105.67,100.03,105.63,1913200
2020-09-21 20:00:00-04:00,104.84,105.50,102.32,103.02,1272100
2020-09-22 20:00:00-04:00,103.10,103.10,99.18,99.52,1257100
2020-09-23 20:00:00-04:00,99.34,99.51,97.46,97.62,993700
2020-09-24 20:00:00-04:00,97.34,100.42,96.81,99.86,1137900
2020-09-27 20:00:00-04:00,100.74,103.17,100.72,101.81,953400
2020-09-28 20:00:00-04:00,101.93,102.57,100.71,101.61,635700
2020-09-29 20:00:00-04:00,102.21,103.13,101.53,102.36,1013700
2020-09-30 20:00:00-04:00,102.89,103.39,100.47,100.76,858400
2020-10-01 20:00:00-04:00,99.71,102.95,97.90,101.80,937600
2020-10-04 20:00:00-04:00,103.29,104.22,102.55,103.67,829700
2020-10-05 20:00:00-04:00,104.00,105.68,103.22,104.41,819500
2020-10-06 20:00:00-04:00,104.89,105.99,104.13,104.62,695400
2020-10-07 20:00:00-04:00,104.99,105.50,104.27,104.47,592700
2020-10-08 20:00:00-04:00,104.95,105.74,104.01,104.82,468900
2020-10-11 20:00:00-04:00,105.32,105.77,104.28,104.82,529600
2020-10-12 20:00:00-04:00,104.28,105.54,103.94,105.24,984600
2020-10-13 20:00:00-04:00,105.87,107.25,104.53,105.68,638600
2020-10-14 20:00:00-04:00,104.44,106.33,104.16,106.14,510100
2020-10-15 20:00:00-04:00,106.55,110.38,106.51,107.99,1807200
2020-10-18 20:00:00-04:00,108.30,109.40,108.09,108.56,1075500
2020-10-19 20:00:00-04:00,108.52,111.14,108.49,110.80,1076700
2020-10-20 20:00:00-04:00,112.08,113.02,110.27,110.36,1650900
2020-10-21 20:00:00-04:00,110.11,114.21,108.47,113.51,1843400
2020-10-22 20:00:00-04:00,113.59,117.55,113.02,114.22,1509900
2020-10-25 20:00:00-04:00,113.64,113.64,110.90,111.69,1438000
2020-10-26 20:00:00-04:00,112.58,114.83,111.59,114.24,1514700
2020-10-27 20:00:00-04:00,112.37,114.40,111.69,112.28,1093500
2020-10-28 20:00:00-04:00,112.32,112.35,109.89,110.48,1202900
2020-10-29 20:00:00-04:00,110.42,110.89,107.70,109.74,988800
2020-11-01 19:00:00-05:00,110.61,113.02,110.27,112.16,1142900
2020-11-02 19:00:00-05:00,113.02,114.55,112.73,113.65,1243900
2020-11-03 19:00:00-05:00,114.72,116.09,112.84,112.99,1580300
2020-11-04 19:00:00-05:00,114.27,115.60,112.31,115.05,1284000
2020-11-05 19:00:00-05:00,115.07,116.01,113.66,114.02,869000
2020-11-08 19:00:00-05:00,106.02,112.45,106.02,108.10,1869700
2020-11-09 19:00:00-05:00,108.24,108.98,106.42,108.45,1226400
2020-11-10 19:00:00-05:00,109.20,111.44,109.20,110.74,1008100
2020-11-11 19:00:00-05:00,110.47,111.21,108.36,109.04,744800
2020-11-12 19:00:00-05:00,109.40,110.13,108.60,109.18,918600
2020-11-15 19:00:00-05:00,109.57,112.28,107.45,110.42,989000
2020-11-16 19:00:00-05:00,109.90,111.96,109.47,111.35,1068700
2020-11-17 19:00:00-05:00,111.34,111.98,109.72,109.85,1176800
2020-11-18 19:00:00-05:00,109.79,110.76,109.15,110.34,851700
2020-11-19 19:00:00-05:00,110.00,112.73,110.00,112.14,2407600
2020-11-22 19:00:00-05:00,112.83,115.05,112.14,112.85,962600
2020-11-23 19:00:00-05:00,113.31,114.05,111.92,113.20,954400
2020-11-24 19:00:00-05:00,113.30,113.39,111.64,111.70,706300
2020-11-26 19:00:00-05:00,111.35,112.36,111.24,112.13,405300
2020-11-29 19:00:00-05:00,112.20,113.20,110.73,111.39,1459900
2020-11-30 19:00:00-05:00,112.52,113.55,111.81,112.92,1074100
2020-12-01 19:00:00-05:00,112.87,113.56,111.47,111.75,1005700
2020-12-02 19:00:00-05:00,111.60,112.17,109.48,110.35,1262300
2020-12-03 19:00:00-05:00,110.33,111.22,109.96,110.77,780900
2020-12-06 19:00:00-05:00,110.51,111.36,110.06,110.42,823300
2020-12-07 19:00:00-05:00,110.26,111.85,110.26,111.49,1181400
2020-12-08 19:00:00-05:00,111.65,112.93,111.43,111.56,1018400
2020-12-09 19:00:00-05:00,111.28,113.88,111.28,112.73,1142500
2020-12-10 19:00:00-05:00,112.31,112.94,109.13,109.66,1419300
2020-12-13 19:00:00-05:00,111.04,112.58,110.46,110.65,1077600
2020-12-14 19:00:00-05:00,111.14,112.28,110.56,111.86,1015300
2020-12-15 19:00:00-05:00,113.95,114.01,108.47,108.69,1801800
2020-12-16 19:00:00-05:00,107.83,109.77,107.23,108.46,1651100
2020-12-17 19:00:00-05:00,108.59,108.93,107.04,108.14,1879300
2020-12-20 19:00:00-05:00,107.42,108.60,106.84,108.57,1727100
2020-12-21 19:00:00-05:00,108.59,109.50,108.32,108.89,1030400
2020-12-22 19:00:00-05:00,109.49,109.70,108.16,108.56,860100
2020-12-23 19:00:00-05:00,108.74,109.29,107.49,108.02,535300
2020-12-27 19:00:00-05:00,109.00,109.08,106.20,106.47,768200
2020-12-28 19:00:00-05:00,106.89,106.91,105.18,106.38,970900
2020-12-29 19:00:00-05:00,107.00,107.96,105.86,106.31,614400
2020-12-30 19:00:00-05:00,106.04,107.21,105.35,107.07,886700
2021-01-03 19:00:00-05:00,107.81,108.95,106.56,108.82,1182300
2021-01-04 19:00:00-05:00,109.13,110.22,108.69,109.38,1698400
2021-01-05 19:00:00-05:00,108.84,114.37,108.81,112.94,1721600
2021-01-06 19:00:00-05:00,112.99,113.39,110.90,111.35,2033000
2021-01-07 19:00:00-05:00,111.08,111.84,108.07,110.48,1699600
2021-01-10 19:00:00-05:00,110.22,112.28,109.59,111.07,1135600
2021-01-11 19:00:00-05:00,111.43,113.55,111.06,113.40,1568500
2021-01-12 19:00:00-05:00,113.08,114.72,112.63,112.71,1043800
2021-01-13 19:00:00-05:00,113.45,113.71,112.10,112.28,1239300
2021-01-14 19:00:00-05:00,112.01,112.59,110.81,111.76,3038500
2021-01-18 19:00:00-05:00,112.34,114.76,111.08,113.71,1029500
2021-01-19 19:00:00-05:00,113.80,115.20,113.01,114.94,1114100
2021-01-20 19:00:00-05:00,114.93,115.26,112.52,112.98,1070300
2021-01-21 19:00:00-05:00,112.80,113.45,111.54,112.33,1394400
2021-01-24 19:00:00-05:00,112.23,113.50,111.09,112.79,905300
2021-01-25 19:00:00-05:00,112.89,113.95,111.62,113.71,965600
2021-01-26 19:00:00-05:00,113.08,114.97,112.36,112.92,2268000
2021-01-27 19:00:00-05:00,113.42,114.97,111.55,111.66,964300
2021-01-28 19:00:00-05:00,112.60,119.22,111.92,116.56,1814500
2021-01-31 19:00:00-05:00,117.71,121.58,117.36,120.34,1425000
2021-02-01 19:00:00-05:00,120.39,120.80,118.10,118.22,1376600
2021-02-02 19:00:00-05:00,118.10,119.09,113.72,114.53,1789700
2021-02-03 19:00:00-05:00,114.08,115.67,109.78,110.10,2313900
2021-02-04 19:00:00-05:00,109.54,111.14,107.94,109.92,1484100
2021-02-07 19:00:00-05:00,111.01,111.60,109.56,109.78,1572500
2021-02-08 19:00:00-05:00,109.56,110.86,109.56,109.92,1275400
2021-02-09 19:00:00-05:00,110.93,111.88,109.94,111.51,1160700
2021-02-10 19:00:00-05:00,111.91,113.32,110.88,112.87,1388000
2021-02-11 19:00:00-05:00,112.81,114.51,112.80,113.73,1206500
2021-02-15 19:00:00-05:00,114.25,114.25,109.90,110.18,1580900
2021-02-16 19:00:00-05:00,109.32,111.30,108.56,109.97,1197600
2021-02-17 19:00:00-05:00,109.37,110.82,107.85,109.97,1085500
2021-02-18 19:00:00-05:00,110.11,111.33,107.42,107.61,1439400
2021-02-21 19:00:00-05:00,106.95,107.13,103.30,104.88,2180400
2021-02-22 19:00:00-05:00,105.03,106.14,102.31,106.04,1464400
2021-02-23 19:00:00-05:00,105.55,106.46,103.74,104.46,993700
2021-02-24 19:00:00-05:00,104.23,105.45,102.61,103.45,1434400
2021-02-25 19:00:00-05:00,103.88,105.26,103.07,104.32,1519000
2021-02-28 19:00:00-05:00,105.26,107.15,104.33,105.21,1481300
2021-03-01 19:00:00-05:00,105.81,107.67,105.45,107.00,1240300
2021-03-02 19:00:00-05:00,107.49,107.49,104.78,105.49,1199900
2021-03-03 19:00:00-05:00,105.04,107.53,104.77,105.85,1987100
2021-03-04 19:00:00-05:00,106.39,106.78,104.47,106.46,1533500
2021-03-07 19:00:00-05:00,106.36,110.59,106.33,109.28,1194600
2021-03-08 19:00:00-05:00,109.92,111.34,108.02,108.19,1465400
2021-03-09 19:00:00-05:00,108.73,110.66,105.29,105.48,1707700
2021-03-10 19:00:00-05:00,107.41,110.09,106.06,109.98,1605200
2021-03-11 19:00:00-05:00,109.75,110.18,108.36,109.99,902800
2021-03-14 20:00:00-04:00,109.75,111.57,109.70,111.33,877000
2021-03-15 20:00:00-04:00,111.57,112.06,110.39,110.72,840500
2021-03-16 20:00:00-04:00,110.25,113.13,110.25,111.12,1098200
2021-03-17 20:00:00-04:00,111.20,112.52,110.13,112.15,1142500
2021-03-18 20:00:00-04:00,112.05,114.00,112.05,113.07,1687200
2021-03-21 20:00:00-04:00,112.71,113.81,111.74,113.64,930500
2021-03-22 20:00:00-04:00,114.09,115.06,112.80,113.00,981400
2021-03-23 20:00:00-04:00,112.99,116.13,112.80,114.52,1045800
2021-03-24 20:00:00-04:00,114.25,114.92,112.96,114.75,1253300
2021-03-25 20:00:00-04:00,115.02,116.73,114.59,116.64,721300
2021-03-28 20:00:00-04:00,115.95,116.40,114.52,115.56,1720300
2021-03-29 20:00:00-04:00,115.52,116.24,114.08,115.96,782700
2021-03-30 20:00:00-04:00,116.61,117.01,114.84,115.83,928700
2021-03-31 20:00:00-04:00,117.32,117.32,114.56,116.82,1048500
2021-04-04 20:00:00-04:00,116.88,119.35,116.78,117.44,1078500
2021-04-05 20:00:00-04:00,117.22,117.41,116.02,116.36,831500
2021-04-06 20:00:00-04:00,116.48,117.30,115.82,115.84,700900
2021-04-07 20:00:00-04:00,116.04,116.09,114.81,114.86,959900
2021-04-08 20:00:00-04:00,115.09,115.44,113.98,114.89,1062100
2021-04-11 20:00:00-04:00,115.46,116.88,115.21,116.85,1086600
2021-04-12 20:00:00-04:00,117.04,118.59,116.18,116.43,994500
2021-04-13 20:00:00-04:00,116.40,116.76,114.85,115.48,1281700
2021-04-14 20:00:00-04:00,115.89,117.70,115.89,117.12,1015400
2021-04-15 20:00:00-04:00,118.01,118.40,116.76,117.99,1460000
2021-04-18 20:00:00-04:00,118.43,118.88,117.41,118.88,876000
2021-04-19 20:00:00-04:00,118.34,119.16,116.23,117.32,1032300
2021-04-20 20:00:00-04:00,117.41,118.50,117.18,117.91,1166600
2021-04-21 20:00:00-04:00,118.89,121.42,116.37,121.23,2129400
2021-04-22 20:00:00-04:00,118.89,120.41,117.90,118.99,1586100
2021-04-25 20:00:00-04:00,119.38,120.65,118.04,119.95,855400
2021-04-26 20:00:00-04:00,119.64,120.65,119.62,119.97,1257000
2021-04-27 20:00:00-04:00,120.14,120.47,118.86,119.41,1359300
2021-04-28 20:00:00-04:00,119.66,120.24,117.93,119.21,926600
2021-04-29 20:00:00-04:00,118.84,120.30,118.66,119.59,1239300
2021-05-02 20:00:00-04:00,120.25,122.20,120.20,120.35,1267800
2021-05-03 20:00:00-04:00,121.52,123.80,120.63,123.68,1498600
2021-05-04 20:00:00-04:00,124.24,124.41,121.62,123.85,1948600
2021-05-05 20:00:00-04:00,123.56,125.59,123.07,125.50,1315400
2021-05-06 20:00:00-04:00,125.73,127.54,125.73,126.00,1264900
2021-05-09 20:00:00-04:00,126.73,129.50,126.15,128.30,1247100
2021-05-10 20:00:00-04:00,127.42,127.71,124.69,125.01,1176600
2021-05-11 20:00:00-04:00,125.10,126.34,123.34,123.34,1290300
2021-05-12 20:00:00-04:00,122.98,125.26,122.49,124.66,1138200
2021-05-13 20:00:00-04:00,125.32,125.68,122.71,122.80,1262800
2021-05-16 20:00:00-04:00,123.16,123.74,119.06,119.71,2284300
2021-05-17 20:00:00-04:00,119.90,120.44,118.40,118.79,1692300
2021-05-18 20:00:00-04:00,118.17,119.10,116.76,118.51,1611000
2021-05-19 20:00:00-04:00,118.40,120.26,118.05,119.20,1093700
2021-05-20 20:00:00-04:00,119.53,120.80,118.60,119.09,710600
2021-05-23 20:00:00-04:00,119.70,120.30,118.30,118.31,735700
2021-05-24 20:00:00-04:00,118.25,119.50,118.25,118.66,928000
2021-05-25 20:00:00-04:00,119.02,121.10,118.50,120.29,1330000
2021-05-26 20:00:00-04:00,120.47,121.07,119.52,120.21,1513700
2021-05-27 20:00:00-04:00,120.41,120.62,119.07,119.40,871600
2021-05-31 20:00:00-04:00,119.28,119.38,115.15,115.41,1556000
2021-06-01 20:00:00-04:00,115.82,116.36,114.53,115.65,1220500
2021-06-02 20:00:00-04:00,115.37,116.83,115.37,116.20,1221800
2021-06-03 20:00:00-04:00,116.08,117.62,116.08,116.87,1092100
2021-06-06 20:00:00-04:00,117.17,117.67,116.75,116.92,1273600
2021-06-07 20:00:00-04:00,117.14,117.28,114.62,115.64,943700
2021-06-08 20:00:00-04:00,115.94,116.75,115.29,115.62,825200
2021-06-09 20:00:00-04:00,115.99,116.71,115.70,116.24,1011600
2021-06-10 20:00:00-04:00,116.51,116.92,115.21,115.43,822800
2021-06-13 20:00:00-04:00,115.50,116.54,115.10,116.11,842100
2021-06-14 20:00:00-04:00,116.64,116.81,115.18,116.23,794300
2021-06-15 20:00:00-04:00,116.39,116.94,115.01,115.58,1240200
2021-06-16 20:00:00-04:00,115.62,116.36,114.48,116.16,1284900
2021-06-17 20:00:00-04:00,115.74,116.78,115.32,115.62,2041600
2021-06-20 20:00:00-04:00,115.78,117.80,115.78,117.37,1116600
2021-06-21 20:00:00-04:00,117.50,118.69,117.50,118.11,1096900
2021-06-22 20:00:00-04:00,117.99,118.05,116.95,117.13,754600
2021-06-23 20:00:00-04:00,117.29,117.72,116.44,117.15,679600
2021-06-24 20:00:00-04:00,117.15,118.14,116.81,117.55,1066700
2021-06-27 20:00:00-04:00,117.78,119.80,117.40,119.39,794600
2021-06-28 20:00:00-04:00,119.43,121.33,119.38,120.59,840700
2021-06-29 20:00:00-04:00,120.68,121.20,118.74,119.67,877500
2021-06-30 20:00:00-04:00,119.92,120.77,119.57,120.56,879300
2021-07-01 20:00:00-04:00,120.39,121.23,120.01,120.90,914000
2021-07-05 20:00:00-04:00,121.14,121.80,120.34,121.59,935100
2021-07-06 20:00:00-04:00,121.38,122.82,121.04,122.66,765900
2021-07-07 20:00:00-04:00,121.96,122.78,121.32,121.96,800900
2021-07-08 20:00:00-04:00,122.29,123.13,121.82,123.03,699500
2021-07-11 20:00:00-04:00,122.99,124.44,122.77,123.57,853600
2021-07-12 20:00:00-04:00,123.70,123.78,122.71,123.03,690200
2021-07-13 20:00:00-04:00,122.87,123.72,122.43,122.64,858400
2021-07-14 20:00:00-04:00,122.08,122.96,121.66,122.15,1118300
2021-07-15 20:00:00-04:00,122.31,123.29,121.52,122.56,1220900
2021-07-18 20:00:00-04:00,122.56,125.18,122.19,124.13,1849400
2021-07-19 20:00:00-04:00,124.88,126.74,123.75,124.15,1335900
2021-07-20 20:00:00-04:00,124.62,125.07,123.09,123.70,1257200
2021-07-21 20:00:00-04:00,123.22,125.85,120.35,125.70,1572600
2021-07-22 20:00:00-04:00,125.93,127.54,125.30,127.03,951200
2021-07-25 20:00:00-04:00,126.84,127.81,125.53,126.07,789700
2021-07-26 20:00:00-04:00,125.95,127.70,125.78,127.51,1153900
2021-07-27 20:00:00-04:00,127.55,128.12,126.64,127.52,887500
2021-07-28 20:00:00-04:00,128.26,129.11,127.37,128.68,872500
2021-07-29 20:00:00-04:00,128.67,129.81,128.36,129.19,1005700
2021-08-01 20:00:00-04:00,129.41,130.87,128.53,130.32,852400
2021-08-02 20:00:00-04:00,131.16,132.45,130.75,132.43,1112100
2021-08-03 20:00:00-04:00,132.26,135.36,132.02,133.66,1270500
2021-08-04 20:00:00-04:00,133.93,135.39,131.94,134.20,1260400
2021-08-05 20:00:00-04:00,134.19,135.07,133.02,133.56,1376200
2021-08-08 20:00:00-04:00,133.84,135.18,133.73,134.75,826500
2021-08-09 20:00:00-04:00,134.39,136.97,133.94,135.36,954500
2021-08-10 20:00:00-04:00,136.18,136.61,135.01,135.34,947000
2021-08-11 20:00:00-04:00,135.68,135.76,133.63,134.90,1624600
2021-08-12 20:00:00-04:00,135.47,136.44,134.98,135.04,945100
2021-08-15 20:00:00-04:00,135.07,137.97,135.07,137.89,1819900
2021-08-16 20:00:00-04:00,137.84,139.79,137.30,138.74,1087500
2021-08-17 20:00:00-04:00,138.65,138.65,135.68,135.87,811400
2021-08-18 20:00:00-04:00,136.04,138.94,135.98,138.12,923000
2021-08-19 20:00:00-04:00,138.29,139.40,138.07,138.48,776300
2021-08-22 20:00:00-04:00,138.57,139.02,136.81,137.14,1246400
2021-08-23 20:00:00-04:00,137.51,137.51,135.25,136.23,785100
2021-08-24 20:00:00-04:00,136.50,136.67,135.45,136.40,712100
2021-08-25 20:00:00-04:00,136.51,136.89,135.64,136.29,844100
2021-08-26 20:00:00-04:00,136.56,136.56,135.19,135.88,870300
2021-08-29 20:00:00-04:00,136.36,138.43,135.61,137.36,751500
2021-08-30 20:00:00-04:00,137.43,139.28,136.73,139.24,1687600
2021-08-31 20:00:00-04:00,139.82,140.11,138.40,139.89,706700
2021-09-01 20:00:00-04:00,140.14,141.27,140.12,141.22,1094400
2021-09-02 20:00:00-04:00,141.02,142.09,140.36,141.98,844100
2021-09-06 20:00:00-04:00,141.96,142.12,140.02,141.71,990900
2021-09-07 20:00:00-04:00,141.73,144.03,141.37,143.95,1110700
2021-09-08 20:00:00-04:00,144.19,146.28,142.95,143.36,1455100
2021-09-09 20:00:00-04:00,145.52,146.09,141.01,141.16,1730400
2021-09-12 20:00:00-04:00,141.48,141.90,138.69,140.21,1255700
2021-09-13 20:00:00-04:00,141.06,142.02,140.38,141.04,1471000
2021-09-14 20:00:00-04:00,140.44,142.85,140.30,141.94,1278800
2021-09-15 20:00:00-04:00,142.19,143.04,140.55,141.22,861600
2021-09-16 20:00:00-04:00,141.16,142.88,140.86,141.01,4055800
2021-09-19 20:00:00-04:00,140.60,141.93,139.69,140.50,1406200
2021-09-20 20:00:00-04:00,141.08,141.94,140.45,140.61,999300
2021-09-21 20:00:00-04:00,141.19,141.19,138.70,139.13,1334600
2021-09-22 20:00:00-04:00,138.86,140.89,138.55,139.87,892000
2021-09-23 20:00:00-04:00,139.88,140.59,138.82,139.48,658600
2021-09-26 20:00:00-04:00,138.92,139.44,136.33,136.55,1083500
2021-09-27 20:00:00-04:00,135.69,135.69,132.04,133.06,1902200
2021-09-28 20:00:00-04:00,133.26,135.30,133.16,134.55,1014300
2021-09-29 20:00:00-04:00,135.26,135.62,132.33,132.39,953900
2021-09-30 20:00:00-04:00,132.31,132.67,129.29,130.56,1357500
2021-10-03 20:00:00-04:00,130.89,131.56,128.27,129.24,1319300
2021-10-04 20:00:00-04:00,129.25,130.68,129.06,129.17,1220800
2021-10-05 20:00:00-04:00,128.66,130.35,127.81,130.24,1777900
2021-10-06 20:00:00-04:00,131.00,132.86,131.00,131.31,1217400
2021-10-07 20:00:00-04:00,131.32,132.00,129.50,129.87,832300
2021-10-10 20:00:00-04:00,129.93,130.24,127.80,128.43,1250200
2021-10-11 20:00:00-04:00,128.59,129.98,128.11,128.54,1204500
2021-10-12 20:00:00-04:00,128.99,129.36,127.75,128.97,1425800
2021-10-13 20:00:00-04:00,130.08,130.72,128.79,130.31,1785600
2021-10-14 20:00:00-04:00,130.75,131.46,130.01,130.39,3432200
2021-10-17 20:00:00-04:00,130.15,131.63,129.44,131.51,1095000
2021-10-18 20:00:00-04:00,132.22,133.81,132.22,133.33,1359700
2021-10-19 20:00:00-04:00,134.28,135.23,134.09,134.37,1293600
2021-10-20 20:00:00-04:00,135.00,136.48,128.61,133.01,2854600
2021-10-21 20:00:00-04:00,132.68,134.12,131.75,134.04,1252600
2021-10-24 20:00:00-04:00,133.83,133.83,131.36,132.69,1321100
2021-10-25 20:00:00-04:00,133.45,133.71,131.99,133.14,867400
2021-10-26 20:00:00-04:00,133.21,133.54,131.66,131.71,1025600
2021-10-27 20:00:00-04:00,132.20,134.36,132.00,133.44,759000
2021-10-28 20:00:00-04:00,133.41,134.59,133.07,134.31,920900
2021-10-31 20:00:00-04:00,134.23,135.85,133.23,134.79,1128500
2021-11-01 20:00:00-04:00,135.49,135.67,131.81,131.97,1322000
2021-11-02 20:00:00-04:00,131.46,132.88,130.47,132.71,1309200
2021-11-03 20:00:00-04:00,132.71,133.52,130.83,131.59,1079900
2021-11-04 20:00:00-04:00,130.06,130.78,127.19,128.61,1570300
2021-11-07 19:00:00-05:00,128.69,130.30,127.46,130.13,1461300
2021-11-08 19:00:00-05:00,129.48,130.28,128.50,129.96,1432200
2021-11-09 19:00:00-05:00,130.00,132.53,130.00,132.48,963100
2021-11-10 19:00:00-05:00,131.93,135.73,131.38,135.64,1237200
2021-11-11 19:00:00-05:00,136.49,137.82,135.89,137.25,1073500
2021-11-14 19:00:00-05:00,137.10,137.78,133.95,134.14,1232400
2021-11-15 19:00:00-05:00,134.56,136.48,133.86,135.42,1093100
2021-11-16 19:00:00-05:00,135.71,137.08,134.97,135.27,735500
2021-11-17 19:00:00-05:00,135.24,135.78,133.77,135.26,905100
2021-11-18 19:00:00-05:00,136.31,137.34,135.41,135.83,1916000
2021-11-21 19:00:00-05:00,135.55,138.90,134.91,137.93,1074400
2021-11-22 19:00:00-05:00,137.45,138.85,136.02,138.21,539300
2021-11-23 19:00:00-05:00,138.11,139.42,136.65,136.81,720400
2021-11-25 19:00:00-05:00,138.84,143.26,138.65,141.78,1209600
2021-11-28 19:00:00-05:00,141.83,144.88,140.11,143.38,1188600
2021-11-29 19:00:00-05:00,141.75,142.29,135.75,136.05,3358700
2021-11-30 19:00:00-05:00,136.34,141.52,136.07,138.39,1458600
2021-12-01 19:00:00-05:00,138.10,142.59,138.10,141.21,1641400
2021-12-02 19:00:00-05:00,141.65,144.87,141.54,143.71,1415300
2021-12-05 19:00:00-05:00,144.37,145.07,143.49,144.24,1222500
2021-12-06 19:00:00-05:00,144.74,146.84,144.46,146.53,774500
2021-12-07 19:00:00-05:00,146.75,147.29,143.23,146.54,880700
2021-12-08 19:00:00-05:00,146.46,147.10,144.27,144.32,893700
2021-12-09 19:00:00-05:00,144.27,147.37,143.82,146.46,968300
2021-12-12 19:00:00-05:00,146.83,150.47,146.40,149.39,1223500
2021-12-13 19:00:00-05:00,149.24,151.32,149.24,150.46,1163400
2021-12-14 19:00:00-05:00,151.19,154.50,150.79,154.10,1591200
2021-12-15 19:00:00-05:00,154.19,158.46,154.00,157.28,1255500
2021-12-16 19:00:00-05:00,157.44,159.11,156.24,156.65,2074000
2021-12-19 19:00:00-05:00,156.47,157.59,154.12,156.92,1159500
2021-12-20 19:00:00-05:00,157.19,157.38,152.32,152.90,1369300
2021-12-21 19:00:00-05:00,153.10,154.42,152.60,153.51,1260500
2021-12-22 19:00:00-05:00,153.93,154.18,152.06,152.86,758500
2021-12-26 19:00:00-05:00,154.15,155.13,153.57,154.96,406900
2021-12-27 19:00:00-05:00,155.57,155.65,154.47,154.95,528400
2021-12-28 19:00:00-05:00,155.60,155.72,154.32,155.66,627200
2021-12-29 19:00:00-05:00,156.34,157.91,155.74,156.78,560600
2021-12-30 19:00:00-05:00,156.74,159.36,155.90,158.31,796800
2022-01-02 19:00:00-05:00,157.64,157.84,149.05,150.38,1232500
2022-01-03 19:00:00-05:00,150.06,150.52,143.08,144.76,1945700
2022-01-04 19:00:00-05:00,144.96,146.25,143.81,143.95,1193900
2022-01-05 19:00:00-05:00,143.13,146.30,142.33,144.89,945400
2022-01-06 19:00:00-05:00,145.27,145.39,142.39,142.63,729800
2022-01-09 19:00:00-05:00,143.07,146.30,142.57,146.04,860000
2022-01-10 19:00:00-05:00,145.75,146.41,142.27,144.46,776700
2022-01-11 19:00:00-05:00,138.10,139.20,133.96,134.64,2598300
2022-01-12 19:00:00-05:00,134.70,134.95,131.32,132.69,1433100
2022-01-13 19:00:00-05:00,132.81,133.93,128.85,130.21,1324500
2022-01-17 19:00:00-05:00,128.75,129.78,126.51,127.59,1365200
2022-01-18 19:00:00-05:00,127.84,129.17,126.68,127.73,904500
2022-01-19 19:00:00-05:00,128.97,131.04,125.76,126.06,1687100
2022-01-20 19:00:00-05:00,127.14,127.97,125.84,126.57,1156500
2022-01-23 19:00:00-05:00,125.54,127.58,122.25,127.10,1422200
2022-01-24 19:00:00-05:00,126.18,127.37,123.23,126.07,1023300
2022-01-25 19:00:00-05:00,125.34,127.14,123.70,124.44,1532100
2022-01-26 19:00:00-05:00,124.34,125.59,122.58,124.14,1125200
2022-01-27 19:00:00-05:00,122.98,123.94,120.82,123.93,1884600
2022-01-30 19:00:00-05:00,124.01,124.95,121.99,124.09,1485500
2022-01-31 19:00:00-05:00,124.78,124.78,121.79,124.29,1276500
2022-02-01 19:00:00-05:00,122.55,125.39,121.93,124.91,2606600
2022-02-02 19:00:00-05:00,127.09,130.30,124.62,125.27,2320000
2022-02-03 19:00:00-05:00,125.14,126.77,122.85,123.20,1243100
2022-02-06 19:00:00-05:00,122.75,122.98,119.69,121.51,1248400
2022-02-07 19:00:00-05:00,121.73,123.80,121.06,123.63,1009400
2022-02-08 19:00:00-05:00,124.44,126.39,124.38,125.71,958900
2022-02-09 19:00:00-05:00,124.64,125.85,122.50,122.88,1306000
2022-02-10 19:00:00-05:00,122.56,124.00,121.24,121.65,1087200
2022-02-13 19:00:00-05:00,120.96,122.24,119.24,119.74,1220400
2022-02-14 19:00:00-05:00,120.84,121.61,119.20,120.49,1280100
2022-02-15 19:00:00-05:00,120.06,121.72,119.17,121.05,1105000
2022-02-16 19:00:00-05:00,120.56,120.76,118.60,118.67,2109700
2022-02-17 19:00:00-05:00,118.79,121.12,117.99,120.74,2243500
2022-02-21 19:00:00-05:00,120.18,121.79,118.88,119.98,1098900
2022-02-22 19:00:00-05:00,117.35,121.35,117.06,118.64,1354200
2022-02-23 19:00:00-05:00,116.04,119.18,115.59,119.02,1206400
2022-02-24 19:00:00-05:00,119.69,121.95,119.47,121.48,1032900
2022-02-27 19:00:00-05:00,119.10,121.04,119.10,120.64,1147700
2022-02-28 19:00:00-05:00,120.08,121.29,119.11,121.24,996200
2022-03-01 19:00:00-05:00,121.24,125.51,121.24,123.85,1412100
2022-03-02 19:00:00-05:00,123.78,125.12,122.63,124.80,992100
2022-03-03 19:00:00-05:00,123.81,126.96,123.81,126.50,951000
2022-03-06 19:00:00-05:00,126.52,126.52,123.55,125.08,1123400
2022-03-07 19:00:00-05:00,124.26,125.80,122.46,123.43,1233500
2022-03-08 19:00:00-05:00,125.28,126.38,123.47,124.60,884600
2022-03-09 19:00:00-05:00,123.55,125.49,122.68,124.96,694300
2022-03-10 19:00:00-05:00,125.16,127.84,125.16,125.30,1438100
2022-03-13 20:00:00-04:00,126.19,127.51,125.81,126.93,1260100
2022-03-14 20:00:00-04:00,127.44,130.29,127.29,130.18,1272300
2022-03-15 20:00:00-04:00,130.17,131.88,129.38,131.69,1200900
2022-03-16 20:00:00-04:00,131.18,133.43,131.16,133.41,1378600
2022-03-17 20:00:00-04:00,134.33,134.57,131.07,133.31,1849700
2022-03-20 20:00:00-04:00,132.93,133.85,131.70,132.20,1398400
2022-03-21 20:00:00-04:00,132.30,134.37,131.46,132.14,1605800
2022-03-22 20:00:00-04:00,131.24,131.65,129.63,130.83,1687800
2022-03-23 20:00:00-04:00,130.83,132.45,130.11,130.49,1158100
2022-03-24 20:00:00-04:00,130.54,132.41,130.30,132.41,684100
2022-03-27 20:00:00-04:00,132.42,133.21,131.48,133.17,702300
2022-03-28 20:00:00-04:00,133.80,134.41,129.45,129.94,1489300
2022-03-29 20:00:00-04:00,129.86,130.09,126.94,127.71,1022500
2022-03-30 20:00:00-04:00,127.72,128.52,125.77,125.78,1175100
2022-03-31 20:00:00-04:00,125.96,126.09,122.87,125.29,1586200
2022-04-03 20:00:00-04:00,123.70,124.83,122.54,123.65,1475600
2022-04-04 20:00:00-04:00,123.30,124.96,122.97,123.45,1451300
2022-04-05 20:00:00-04:00,123.09,124.42,122.22,124.15,1177500
2022-04-06 20:00:00-04:00,123.24,127.55,123.24,127.39,1230300
2022-04-07 20:00:00-04:00,128.11,130.01,127.63,129.30,1205300
2022-04-10 20:00:00-04:00,129.19,129.59,126.67,126.89,772300
2022-04-11 20:00:00-04:00,126.38,128.51,126.22,126.78,865300
2022-04-12 20:00:00-04:00,126.51,127.29,125.27,126.57,895300
2022-04-13 20:00:00-04:00,127.52,127.52,124.99,125.53,667000
2022-04-17 20:00:00-04:00,125.31,126.02,122.70,123.06,1113600
2022-04-18 20:00:00-04:00,123.53,126.49,123.05,125.49,1056100
2022-04-19 20:00:00-04:00,126.01,128.75,125.86,127.87,1157700
2022-04-20 20:00:00-04:00,130.92,132.91,125.97,130.81,2299800
2022-04-21 20:00:00-04:00,129.58,130.07,126.59,126.70,1183400
2022-04-24 20:00:00-04:00,127.05,127.17,123.10,126.18,820600
2022-04-25 20:00:00-04:00,125.35,126.27,124.22,124.43,1177700
2022-04-26 20:00:00-04:00,124.74,129.04,124.67,126.97,1416900
2022-04-27 20:00:00-04:00,127.26,127.46,123.75,125.45,1192400
2022-04-28 20:00:00-04:00,124.90,127.71,123.43,123.61,884100
2022-05-01 20:00:00-04:00,123.68,124.52,121.17,122.30,983400
2022-05-02 20:00:00-04:00,122.33,125.91,122.04,123.55,772500
2022-05-03 20:00:00-04:00,123.50,128.86,122.74,128.41,872600
2022-05-04 20:00:00-04:00,127.72,128.17,124.75,125.77,705600
2022-05-05 20:00:00-04:00,125.06,126.29,124.08,125.88,707600
2022-05-08 20:00:00-04:00,125.39,126.23,123.60,125.80,1086000
2022-05-09 20:00:00-04:00,126.18,127.17,122.55,123.84,880400
2022-05-10 20:00:00-04:00,122.97,125.44,122.45,122.70,631200
2022-05-11 20:00:00-04:00,122.44,125.71,122.09,125.69,982000
2022-05-12 20:00:00-04:00,125.99,127.68,125.33,125.96,812900
2022-05-15 20:00:00-04:00,125.80,126.63,123.92,125.04,963900
2022-05-16 20:00:00-04:00,125.76,130.18,125.76,129.78,1228000
2022-05-17 20:00:00-04:00,128.85,129.60,127.65,128.56,1057600
2022-05-18 20:00:00-04:00,127.81,130.94,126.47,129.36,1504900
2022-05-19 20:00:00-04:00,129.85,131.76,128.37,130.25,1710400
2022-05-22 20:00:00-04:00,131.04,131.71,127.97,128.87,1157400
2022-05-23 20:00:00-04:00,129.82,130.37,128.18,129.38,1449400
2022-05-24 20:00:00-04:00,129.73,131.43,129.02,130.25,841100
2022-05-25 20:00:00-04:00,130.76,131.20,128.50,130.82,1181600
2022-05-26 20:00:00-04:00,131.15,134.29,130.79,134.28,892300
2022-05-30 20:00:00-04:00,132.62,133.08,128.62,130.24,2552700
2022-05-31 20:00:00-04:00,130.35,130.84,126.87,128.02,738000
2022-06-01 20:00:00-04:00,128.28,128.28,125.40,128.05,713600
2022-06-02 20:00:00-04:00,127.56,127.82,125.44,125.79,526000
2022-06-05 20:00:00-04:00,126.44,127.28,124.93,125.46,511200
2022-06-06 20:00:00-04:00,124.81,127.39,124.81,127.24,543000
2022-06-07 20:00:00-04:00,126.07,127.31,125.08,125.19,589500
2022-06-08 20:00:00-04:00,125.15,127.84,124.43,124.58,1105100
2022-06-09 20:00:00-04:00,122.95,123.42,120.41,121.22,949700
2022-06-12 20:00:00-04:00,119.09,120.15,117.50,118.02,865200
2022-06-13 20:00:00-04:00,117.61,118.95,116.23,117.36,858200
2022-06-14 20:00:00-04:00,117.54,120.06,117.44,118.94,931700
2022-06-15 20:00:00-04:00,117.30,118.59,115.75,118.20,907300
2022-06-16 20:00:00-04:00,118.69,121.78,118.47,120.65,1764500
2022-06-20 20:00:00-04:00,121.38,122.03,120.35,121.85,859500
2022-06-21 20:00:00-04:00,121.76,124.89,121.34,124.07,850100
2022-06-22 20:00:00-04:00,124.61,127.68,124.61,126.92,915300
2022-06-23 20:00:00-04:00,128.01,129.74,126.95,129.58,995100
2022-06-26 20:00:00-04:00,129.28,129.62,126.62,127.97,705400
2022-06-27 20:00:00-04:00,128.46,129.17,125.86,126.03,516100
2022-06-28 20:00:00-04:00,125.87,127.82,125.12,127.09,577600
2022-06-29 20:00:00-04:00,126.05,126.37,122.12,122.82,1245400
2022-06-30 20:00:00-04:00,123.27,126.48,122.39,126.23,798200
2022-07-04 20:00:00-04:00,124.96,125.03,121.90,123.97,746100
2022-07-05 20:00:00-04:00,123.85,127.00,123.47,126.16,769100
2022-07-06 20:00:00-04:00,126.11,127.41,124.99,125.99,707700
2022-07-07 20:00:00-04:00,125.94,127.62,125.82,125.97,766500
2022-07-10 20:00:00-04:00,125.72,126.73,124.92,126.19,724900
2022-07-11 20:00:00-04:00,126.16,127.56,123.69,124.44,723900
2022-07-12 20:00:00-04:00,123.34,124.63,122.79,123.51,591300
2022-07-13 20:00:00-04:00,121.69,124.08,121.17,123.64,791200
2022-07-14 20:00:00-04:00,125.59,126.19,123.84,126.08,620900
2022-07-17 20:00:00-04:00,126.07,126.25,123.68,124.03,834900
2022-07-18 20:00:00-04:00,124.91,127.54,124.91,126.83,714700
2022-07-19 20:00:00-04:00,126.97,127.32,124.76,125.14,1066700
2022-07-20 20:00:00-04:00,124.65,125.51,120.65,124.94,1676400
2022-07-21 20:00:00-04:00,125.99,126.30,121.08,121.60,978800
2022-07-24 20:00:00-04:00,121.93,122.49,120.94,121.62,867400
2022-07-25 20:00:00-04:00,121.11,123.75,119.78,123.62,947500
2022-07-26 20:00:00-04:00,122.98,125.61,122.18,124.64,717500
2022-07-27 20:00:00-04:00,124.54,126.47,123.10,125.45,754500
2022-07-28 20:00:00-04:00,125.45,127.33,125.12,126.74,987600
2022-07-31 20:00:00-04:00,126.25,127.36,125.63,126.84,888200
2022-08-01 20:00:00-04:00,127.35,128.46,126.51,126.86,881200
2022-08-02 20:00:00-04:00,127.29,128.58,127.08,128.00,684300
2022-08-03 20:00:00-04:00,128.66,130.23,127.97,128.11,711000
2022-08-04 20:00:00-04:00,127.79,129.41,127.16,129.35,580000
2022-08-07 20:00:00-04:00,130.15,130.78,129.42,129.94,519600
2022-08-08 20:00:00-04:00,130.31,131.30,128.91,129.19,588300
2022-08-09 20:00:00-04:00,130.07,131.23,129.34,130.84,735800
2022-08-10 20:00:00-04:00,130.75,132.56,129.93,130.45,707900
2022-08-11 20:00:00-04:00,130.48,131.22,129.42,130.44,648400
2022-08-14 20:00:00-04:00,130.51,132.22,129.70,130.95,590200
2022-08-15 20:00:00-04:00,130.38,131.63,129.50,130.42,607900
2022-08-16 20:00:00-04:00,129.27,130.20,127.63,127.92,715300
2022-08-17 20:00:00-04:00,128.21,128.21,124.76,126.18,782600
2022-08-18 20:00:00-04:00,126.50,127.20,124.99,125.73,1814800
2022-08-21 20:00:00-04:00,124.94,125.64,122.38,122.49,934300
2022-08-22 20:00:00-04:00,122.10,122.10,120.31,120.69,905900
2022-08-23 20:00:00-04:00,120.23,120.23,118.36,119.48,936800
2022-08-24 20:00:00-04:00,119.38,121.21,117.95,121.20,769900
2022-08-25 20:00:00-04:00,121.43,121.50,117.90,117.95,775600
2022-08-28 20:00:00-04:00,117.76,118.51,116.93,117.52,564600
2022-08-29 20:00:00-04:00,117.74,118.27,116.82,117.19,569600
2022-08-30 20:00:00-04:00,117.70,117.91,115.92,116.29,1116400
2022-08-31 20:00:00-04:00,116.02,117.42,115.34,117.04,748800
2022-09-01 20:00:00-04:00,117.55,118.02,115.57,116.13,651300
2022-09-05 20:00:00-04:00,116.06,117.86,115.95,116.35,700200
2022-09-06 20:00:00-04:00,116.80,118.88,116.63,118.28,786300
2022-09-07 20:00:00-04:00,117.90,121.05,117.73,120.83,1062300
2022-09-08 20:00:00-04:00,120.93,121.59,120.14,120.65,882000
2022-09-11 20:00:00-04:00,120.98,122.33,120.65,122.18,742800
2022-09-12 20:00:00-04:00,120.54,120.62,116.58,116.86,873800
2022-09-13 20:00:00-04:00,116.72,116.93,114.45,115.07,896000
2022-09-14 20:00:00-04:00,115.73,116.78,115.12,115.34,1067600
2022-09-15 20:00:00-04:00,115.14,116.50,114.98,115.75,1240400
2022-09-18 20:00:00-04:00,115.23,116.66,115.06,116.55,864400
2022-09-19 20:00:00-04:00,115.65,115.93,113.81,115.39,1260100
2022-09-20 20:00:00-04:00,115.98,117.05,112.97,113.01,732000
2022-09-21 20:00:00-04:00,112.64,114.85,111.74,114.00,1036200
2022-09-22 20:00:00-04:00,113.60,114.01,112.27,113.55,1027100
2022-09-25 20:00:00-04:00,113.17,114.90,113.09,114.33,1014500
2022-09-26 20:00:00-04:00,115.02,115.92,113.16,113.51,993700
2022-09-27 20:00:00-04:00,114.58,116.78,113.89,116.16,1002800
2022-09-28 20:00:00-04:00,115.78,116.18,114.59,115.65,1005200
2022-09-29 20:00:00-04:00,116.44,117.20,113.69,113.86,1129800
2022-10-02 20:00:00-04:00,115.13,117.60,114.87,117.04,854500
2022-10-03 20:00:00-04:00,117.68,120.06,117.65,119.53,918300
2022-10-04 20:00:00-04:00,118.73,119.79,117.82,119.21,540000
2022-10-05 20:00:00-04:00,118.89,118.89,116.70,117.62,797200
2022-10-06 20:00:00-04:00,116.76,116.76,114.36,115.06,692900
2022-10-09 20:00:00-04:00,115.45,116.20,114.34,115.72,676800
2022-10-10 20:00:00-04:00,115.90,117.61,114.57,116.04,961900
2022-10-11 20:00:00-04:00,116.58,117.76,115.49,116.06,837700
2022-10-12 20:00:00-04:00,114.58,118.42,113.88,117.30,932700
2022-10-13 20:00:00-04:00,118.11,119.43,116.61,117.67,782600
2022-10-16 20:00:00-04:00,118.69,119.76,118.17,119.37,1180800
2022-10-17 20:00:00-04:00,121.29,122.10,119.85,120.91,1164800
2022-10-18 20:00:00-04:00,120.68,120.68,116.79,118.18,1460800
2022-10-19 20:00:00-04:00,119.86,125.95,119.86,125.65,2360000
2022-10-20 20:00:00-04:00,125.93,129.86,123.71,127.60,1486400
2022-10-23 20:00:00-04:00,129.10,130.97,128.62,129.66,1121500
2022-10-24 20:00:00-04:00,129.77,134.94,129.77,134.41,1867800
2022-10-25 20:00:00-04:00,134.82,136.33,133.11,133.90,1337600
2022-10-26 20:00:00-04:00,133.56,135.06,131.71,133.10,1243900
2022-10-27 20:00:00-04:00,133.37,136.06,132.74,134.91,1082800
2022-10-30 20:00:00-04:00,134.36,137.02,133.97,134.03,1088700
2022-10-31 20:00:00-04:00,134.42,135.10,131.87,133.22,1152500
2022-11-01 20:00:00-04:00,132.96,134.62,130.91,131.08,1570700
2022-11-02 20:00:00-04:00,129.81,134.23,128.80,133.41,1076500
2022-11-03 20:00:00-04:00,134.26,135.25,132.20,134.01,1066100
2022-11-06 19:00:00-05:00,134.17,136.64,133.20,136.36,1051600
2022-11-07 19:00:00-05:00,136.67,138.07,135.73,136.07,879700
2022-11-08 19:00:00-05:00,136.34,136.72,135.37,135.69,1125900
2022-11-09 19:00:00-05:00,138.15,142.34,138.01,142.27,1668100
2022-11-10 19:00:00-05:00,141.56,142.49,138.67,140.92,1589300
2022-11-13 19:00:00-05:00,141.40,142.87,140.31,140.31,1026400
2022-11-14 19:00:00-05:00,140.33,141.04,137.65,138.04,1144600
2022-11-15 19:00:00-05:00,138.45,140.63,137.94,139.28,1153900
2022-11-16 19:00:00-05:00,134.45,137.04,132.29,136.19,1565600
2022-11-17 19:00:00-05:00,137.41,138.75,134.56,136.62,1225800
2022-11-20 19:00:00-05:00,135.93,138.80,135.52,136.69,1054600
2022-11-21 19:00:00-05:00,137.09,137.97,135.82,136.88,829300
2022-11-22 19:00:00-05:00,137.43,139.16,137.43,138.52,795800
2022-11-24 19:00:00-05:00,138.91,139.68,137.71,139.08,459100
2022-11-27 19:00:00-05:00,138.90,139.85,138.21,139.09,1104600
2022-11-28 19:00:00-05:00,138.72,139.57,138.50,139.04,648100
2022-11-29 19:00:00-05:00,138.56,141.67,136.40,141.67,2063500
2022-11-30 19:00:00-05:00,142.29,143.90,141.94,142.39,858600
2022-12-01 19:00:00-05:00,140.97,141.88,138.90,140.39,1423200
2022-12-04 19:00:00-05:00,139.42,139.52,137.40,138.95,1248100
2022-12-05 19:00:00-05:00,138.57,139.73,137.96,139.00,1154300
2022-12-06 19:00:00-05:00,139.45,139.96,138.60,139.03,1079600
2022-12-07 19:00:00-05:00,138.80,140.57,137.76,140.43,660800
2022-12-08 19:00:00-05:00,140.72,141.30,138.60,138.89,733300
2022-12-11 19:00:00-05:00,139.13,139.13,137.26,139.03,721700
2022-12-12 19:00:00-05:00,141.08,141.39,138.40,139.73,866400
2022-12-13 19:00:00-05:00,139.81,142.25,139.47,140.99,1171300
2022-12-14 19:00:00-05:00,139.45,139.91,138.48,139.23,1306600
2022-12-15 19:00:00-05:00,138.21,140.04,137.84,139.25,2354200
2022-12-18 19:00:00-05:00,138.80,141.45,138.31,141.31,1222700
2022-12-19 19:00:00-05:00,141.35,143.04,139.97,140.15,1278000
2022-12-20 19:00:00-05:00,141.20,144.98,141.20,144.90,1086600
2022-12-21 19:00:00-05:00,144.39,145.41,143.22,145.21,1071500
2022-12-22 19:00:00-05:00,145.11,146.14,143.91,145.85,947500
2022-12-26 19:00:00-05:00,145.88,147.62,145.88,146.75,740400
2022-12-27 19:00:00-05:00,147.01,147.73,145.70,146.03,630200
2022-12-28 19:00:00-05:00,146.70,147.74,145.81,146.29,761100
2022-12-29 19:00:00-05:00,146.06,146.40,144.96,145.97,719000
2023-01-02 19:00:00-05:00,145.57,145.92,143.76,145.34,841300
2023-01-03 19:00:00-05:00,146.21,146.83,143.37,144.23,796000
2023-01-04 19:00:00-05:00,143.40,144.23,142.19,144.16,1059700
2023-01-05 19:00:00-05:00,144.99,145.99,143.75,145.22,768100
2023-01-08 19:00:00-05:00,145.68,146.43,142.09,142.69,1223200
2023-01-09 19:00:00-05:00,142.69,142.84,141.06,142.33,1004900
2023-01-10 19:00:00-05:00,142.67,143.52,140.90,142.61,1649800
2023-01-11 19:00:00-05:00,143.52,143.52,138.16,138.21,1797500
2023-01-12 19:00:00-05:00,137.65,139.03,137.10,138.04,1312200
2023-01-16 19:00:00-05:00,138.21,138.87,137.16,138.29,1304100
2023-01-17 19:00:00-05:00,138.23,138.36,135.98,135.99,937100
2023-01-18 19:00:00-05:00,135.99,136.79,135.22,136.18,974700
2023-01-19 19:00:00-05:00,136.61,138.08,135.40,136.30,948400
2023-01-22 19:00:00-05:00,136.19,138.33,135.47,137.78,1009300
2023-01-23 19:00:00-05:00,136.70,137.41,134.57,134.87,841200
2023-01-24 19:00:00-05:00,134.62,135.98,134.27,135.82,526600
2023-01-25 19:00:00-05:00,135.87,137.85,135.86,137.75,758700
2023-01-26 19:00:00-05:00,137.53,138.08,136.10,136.49,1025200
2023-01-29 19:00:00-05:00,136.80,138.42,136.47,136.61,719600
2023-01-30 19:00:00-05:00,137.11,139.29,136.58,139.16,1136000
2023-01-31 19:00:00-05:00,138.86,139.59,136.66,139.31,1519900
2023-02-01 19:00:00-05:00,137.93,141.12,134.33,136.34,3043000
2023-02-02 19:00:00-05:00,135.94,135.97,131.09,133.85,1316000
2023-02-05 19:00:00-05:00,134.07,136.84,133.40,136.27,2301500
2023-02-06 19:00:00-05:00,135.46,137.32,135.34,136.76,928400
2023-02-07 19:00:00-05:00,136.74,137.75,136.49,137.10,895700
2023-02-08 19:00:00-05:00,137.66,137.81,136.21,136.86,1111800
2023-02-09 19:00:00-05:00,136.91,138.02,135.62,135.71,922300
2023-02-12 19:00:00-05:00,135.83,137.14,135.68,137.09,721200
2023-02-13 19:00:00-05:00,136.86,136.86,134.34,135.52,851900
2023-02-14 19:00:00-05:00,135.05,137.64,134.70,137.42,920800
2023-02-15 19:00:00-05:00,135.86,138.04,134.53,137.46,783200
2023-02-16 19:00:00-05:00,137.69,139.57,137.59,138.92,940200
2023-02-20 19:00:00-05:00,137.90,138.64,134.54,134.57,791100
2023-02-21 19:00:00-05:00,134.59,135.77,133.32,134.76,1260000
2023-02-22 19:00:00-05:00,135.02,135.65,133.02,133.50,729300
2023-02-23 19:00:00-05:00,132.54,132.74,130.98,131.20,714500
2023-02-26 19:00:00-05:00,132.04,132.07,129.77,129.96,1166200
2023-02-27 19:00:00-05:00,129.55,129.91,127.89,129.68,1881500
2023-02-28 19:00:00-05:00,128.81,130.37,127.76,130.28,1545400
2023-03-01 19:00:00-05:00,129.85,131.27,129.26,130.94,3140900
2023-03-02 19:00:00-05:00,131.80,132.22,130.90,131.96,1277900
2023-03-05 19:00:00-05:00,131.79,132.12,130.95,131.52,1226100
2023-03-06 19:00:00-05:00,131.73,132.10,128.59,129.08,928300
2023-03-07 19:00:00-05:00,129.23,129.41,127.49,128.15,786100
2023-03-08 19:00:00-05:00,128.72,128.72,125.90,126.42,1011900
2023-03-09 19:00:00-05:00,126.50,126.98,124.85,125.88,1173900
2023-03-12 20:00:00-04:00,125.50,126.72,124.32,124.71,1119900
2023-03-13 20:00:00-04:00,125.86,126.54,124.41,125.50,1028500
2023-03-14 20:00:00-04:00,124.18,124.95,122.58,124.51,1227400
2023-03-15 20:00:00-04:00,124.10,125.82,124.10,125.59,1026500
2023-03-16 20:00:00-04:00,125.81,125.81,122.16,123.28,2257000
2023-03-19 20:00:00-04:00,123.68,124.93,123.61,124.57,1236100
2023-03-20 20:00:00-04:00,125.41,127.49,124.15,127.38,1673300
2023-03-21 20:00:00-04:00,127.75,128.62,125.83,125.89,1503100
2023-03-22 20:00:00-04:00,125.42,126.92,124.83,126.89,2430800
2023-03-23 20:00:00-04:00,127.08,132.41,126.49,131.27,1674500
2023-03-26 20:00:00-04:00,132.71,134.17,129.95,130.68,1220600
2023-03-27 20:00:00-04:00,130.36,130.94,129.39,130.08,640700
2023-03-28 20:00:00-04:00,130.41,130.83,129.11,129.79,746100
2023-03-29 20:00:00-04:00,130.49,130.69,129.15,130.55,536200
2023-03-30 20:00:00-04:00,131.08,132.86,130.98,132.60,919100
2023-04-02 20:00:00-04:00,133.09,134.03,132.57,133.72,914100
2023-04-03 20:00:00-04:00,134.19,134.22,132.25,132.34,970100
2023-04-04 20:00:00-04:00,132.42,134.70,132.33,134.32,1159100
2023-04-05 20:00:00-04:00,134.76,135.43,133.90,134.58,886200
2023-04-09 20:00:00-04:00,134.14,135.55,133.55,135.05,947900
2023-04-10 20:00:00-04:00,135.38,135.92,134.74,135.52,902500
2023-04-11 20:00:00-04:00,135.91,136.28,134.01,134.19,711500
2023-04-12 20:00:00-04:00,134.28,134.82,133.87,134.38,688600
2023-04-13 20:00:00-04:00,133.88,134.36,132.93,134.07,703900
2023-04-16 20:00:00-04:00,134.17,135.10,133.85,134.78,562600
2023-04-17 20:00:00-04:00,135.09,135.09,132.88,133.85,496800
2023-04-18 20:00:00-04:00,133.66,135.29,132.40,135.21,1135900
2023-04-19 20:00:00-04:00,134.91,135.73,133.97,135.49,937300
2023-04-20 20:00:00-04:00,136.33,138.04,136.05,136.75,1178500
2023-04-23 20:00:00-04:00,137.14,138.23,137.06,138.04,958900
2023-04-24 20:00:00-04:00,138.08,139.99,137.41,137.99,1634500
2023-04-25 20:00:00-04:00,137.31,139.37,137.09,138.31,1769800
2023-04-26 20:00:00-04:00,138.32,138.32,128.66,132.82,2750300
2023-04-27 20:00:00-04:00,131.78,132.57,129.74,130.75,1355000
2023-04-30 20:00:00-04:00,131.19,131.93,130.07,131.38,903000
2023-05-01 20:00:00-04:00,127.65,130.70,127.15,130.09,1189800
2023-05-02 20:00:00-04:00,130.05,130.61,128.59,128.64,852500
2023-05-03 20:00:00-04:00,127.85,127.93,126.49,127.54,594600
2023-05-04 20:00:00-04:00,128.14,129.12,127.72,128.58,1059300
2023-05-07 20:00:00-04:00,128.26,128.26,126.28,126.90,890600
2023-05-08 20:00:00-04:00,126.61,126.65,125.12,125.89,892700
2023-05-09 20:00:00-04:00,126.27,126.78,124.60,124.74,724600
2023-05-10 20:00:00-04:00,123.93,124.16,123.07,123.28,1024600
2023-05-11 20:00:00-04:00,123.39,123.44,122.02,123.14,1016700
2023-05-14 20:00:00-04:00,123.01,124.95,122.54,124.71,745200
2023-05-15 20:00:00-04:00,124.21,124.32,122.64,122.98,689300
2023-05-16 20:00:00-04:00,123.07,124.79,122.82,124.47,831900
2023-05-17 20:00:00-04:00,124.50,125.10,122.08,123.31,1098600
2023-05-18 20:00:00-04:00,123.71,124.29,123.01,123.85,708400
2023-05-21 20:00:00-04:00,124.16,124.78,123.11,123.97,544300
2023-05-22 20:00:00-04:00,123.59,123.94,122.91,123.47,592700
2023-05-23 20:00:00-04:00,123.33,124.70,122.42,124.37,776200
2023-05-24 20:00:00-04:00,123.53,125.74,123.22,124.98,1417000
2023-05-25 20:00:00-04:00,125.28,126.67,125.16,126.00,1058400
2023-05-29 20:00:00-04:00,124.84,127.49,124.84,126.10,1325900
2023-05-30 20:00:00-04:00,125.75,126.45,124.69,124.94,1714700
2023-05-31 20:00:00-04:00,125.71,126.35,122.61,126.26,1438800
2023-06-01 20:00:00-04:00,126.60,128.30,125.58,127.69,956400
2023-06-04 20:00:00-04:00,126.78,127.49,125.98,126.42,935000
2023-06-05 20:00:00-04:00,126.56,127.28,124.76,125.42,742600
2023-06-06 20:00:00-04:00,125.42,127.49,124.61,127.06,910500
2023-06-07 20:00:00-04:00,127.30,128.00,125.33,127.79,696200
2023-06-08 20:00:00-04:00,127.72,127.72,126.44,126.73,665100
2023-06-11 20:00:00-04:00,126.90,128.07,126.23,127.85,735200
2023-06-12 20:00:00-04:00,127.71,128.85,127.29,128.77,732500
2023-06-13 20:00:00-04:00,128.88,129.26,127.79,128.34,785500
2023-06-14 20:00:00-04:00,128.82,129.53,128.40,129.23,835000
2023-06-15 20:00:00-04:00,129.83,131.21,129.38,130.55,2673500
2023-06-19 20:00:00-04:00,129.81,130.55,128.91,130.02,782000
2023-06-20 20:00:00-04:00,129.92,131.31,129.18,130.61,592400
2023-06-21 20:00:00-04:00,130.84,131.41,130.16,130.73,663500
2023-06-22 20:00:00-04:00,130.93,136.00,130.44,133.27,2051500
2023-06-25 20:00:00-04:00,133.53,134.46,131.42,133.18,821000
2023-06-26 20:00:00-04:00,132.45,134.70,131.76,134.28,579400
2023-06-27 20:00:00-04:00,133.79,133.94,132.67,133.68,624600
2023-06-28 20:00:00-04:00,132.71,133.35,132.14,132.94,763400
2023-06-29 20:00:00-04:00,133.73,133.73,131.53,132.39,1113800
2023-07-02 20:00:00-04:00,131.81,131.90,130.45,131.07,477900
2023-07-04 20:00:00-04:00,130.54,131.13,129.06,130.17,871200
2023-07-05 20:00:00-04:00,129.61,132.08,129.32,131.37,879100
2023-07-06 20:00:00-04:00,131.19,132.15,130.75,130.93,834100
2023-07-09 20:00:00-04:00,130.93,132.65,130.67,132.32,853100
2023-07-10 20:00:00-04:00,132.69,133.37,132.05,132.82,643400
2023-07-11 20:00:00-04:00,132.91,134.34,132.22,133.44,684900
2023-07-12 20:00:00-04:00,133.56,134.19,132.83,133.28,432800
2023-07-13 20:00:00-04:00,133.90,133.90,132.41,132.96,625000
2023-07-16 20:00:00-04:00,132.54,133.14,131.80,132.46,663500
2023-07-17 20:00:00-04:00,132.33,133.60,132.09,132.89,578400
2023-07-18 20:00:00-04:00,133.45,135.55,133.45,135.48,784200
2023-07-19 20:00:00-04:00,136.16,136.80,135.33,135.95,849500
2023-07-20 20:00:00-04:00,135.98,137.63,134.97,136.68,770600
2023-07-23 20:00:00-04:00,136.68,137.83,135.45,136.35,895000
2023-07-24 20:00:00-04:00,135.73,137.44,134.67,137.20,1174300
2023-07-25 20:00:00-04:00,130.90,133.72,128.53,128.98,2181400
2023-07-26 20:00:00-04:00,128.76,130.58,126.83,127.20,1067000
2023-07-27 20:00:00-04:00,128.07,128.20,125.63,127.33,687000
2023-07-30 20:00:00-04:00,127.82,128.05,126.02,128.01,960800
2023-07-31 20:00:00-04:00,128.17,129.20,127.06,127.43,1124900
2023-08-01 20:00:00-04:00,127.34,127.77,125.82,127.58,914300
2023-08-02 20:00:00-04:00,127.84,129.58,127.34,129.41,715400
2023-08-03 20:00:00-04:00,129.06,130.40,128.33,128.43,732200
2023-08-06 20:00:00-04:00,128.87,129.57,128.38,129.33,583500
2023-08-07 20:00:00-04:00,129.37,129.37,127.29,127.73,486100
2023-08-08 20:00:00-04:00,127.55,128.72,127.55,128.13,409800
2023-08-09 20:00:00-04:00,127.73,129.23,126.82,126.98,656300
2023-08-10 20:00:00-04:00,127.04,127.90,126.45,127.82,665200
2023-08-13 20:00:00-04:00,127.90,128.39,127.39,127.96,443700
2023-08-14 20:00:00-04:00,127.80,128.12,126.16,126.42,597000
2023-08-15 20:00:00-04:00,126.31,126.71,125.30,125.31,571600
2023-08-16 20:00:00-04:00,124.77,125.66,123.97,125.20,701000
2023-08-17 20:00:00-04:00,125.21,126.72,125.11,126.39,817800
2023-08-20 20:00:00-04:00,126.12,127.25,125.78,125.81,824700
2023-08-21 20:00:00-04:00,125.76,126.57,125.16,125.33,1110100
2023-08-22 20:00:00-04:00,125.65,126.41,125.39,126.31,607300
2023-08-23 20:00:00-04:00,125.89,126.99,125.85,126.13,546000
2023-08-24 20:00:00-04:00,126.60,126.78,125.27,125.34,420200
2023-08-27 20:00:00-04:00,125.78,126.20,124.83,125.39,527900
2023-08-28 20:00:00-04:00,125.47,126.04,124.97,125.35,598600
2023-08-29 20:00:00-04:00,125.75,127.95,125.58,127.51,791100
2023-08-30 20:00:00-04:00,127.88,127.95,124.45,124.50,1204800
2023-08-31 20:00:00-04:00,124.99,125.11,123.15,123.57,695400
2023-09-04 20:00:00-04:00,123.15,123.15,120.26,120.46,870100
2023-09-05 20:00:00-04:00,119.97,120.83,118.84,120.37,725100
2023-09-06 20:00:00-04:00,120.78,121.46,119.91,120.34,897700
2023-09-07 20:00:00-04:00,120.14,121.03,119.89,120.26,822000
2023-09-10 20:00:00-04:00,120.13,121.15,119.77,119.96,521700
2023-09-11 20:00:00-04:00,120.00,120.85,119.72,120.45,578700
2023-09-12 20:00:00-04:00,120.72,121.91,119.86,121.31,600800
2023-09-13 20:00:00-04:00,121.90,122.40,119.72,120.57,736700
2023-09-14 20:00:00-04:00,120.49,120.96,119.25,119.50,1071700
2023-09-17 20:00:00-04:00,119.72,120.06,118.86,119.09,823100
2023-09-18 20:00:00-04:00,119.33,120.35,118.64,118.88,793600
2023-09-19 20:00:00-04:00,119.40,119.47,118.06,118.35,1113600
2023-09-20 20:00:00-04:00,117.92,118.44,116.79,116.94,1006200
2023-09-21 20:00:00-04:00,116.66,117.49,116.54,116.90,770600
2023-09-24 20:00:00-04:00,116.45,117.71,116.41,117.68,658200
2023-09-25 20:00:00-04:00,117.46,119.08,117.46,117.95,690600
2023-09-26 20:00:00-04:00,117.96,118.01,116.17,116.83,750700
2023-09-27 20:00:00-04:00,117.29,118.76,116.48,116.78,612400
2023-09-28 20:00:00-04:00,116.87,117.46,115.25,115.37,803600
2023-10-01 20:00:00-04:00,114.80,114.84,113.22,114.47,631200
2023-10-02 20:00:00-04:00,114.00,115.23,113.77,114.58,706200
2023-10-03 20:00:00-04:00,114.83,116.35,114.17,116.05,976700
2023-10-04 20:00:00-04:00,116.33,117.29,115.59,117.12,1180100
2023-10-05 20:00:00-04:00,116.88,119.14,116.64,118.34,827800
2023-10-08 20:00:00-04:00,118.08,119.01,117.59,118.87,555900
2023-10-09 20:00:00-04:00,118.81,119.32,117.74,117.86,813900
2023-10-10 20:00:00-04:00,116.99,117.26,116.29,116.87,519500
2023-10-11 20:00:00-04:00,116.59,116.59,114.37,114.86,813800
2023-10-12 20:00:00-04:00,115.00,117.30,115.00,116.65,917700
2023-10-15 20:00:00-04:00,116.65,117.62,116.09,116.95,691300
2023-10-16 20:00:00-04:00,116.55,118.10,116.26,117.40,632000
2023-10-17 20:00:00-04:00,117.72,117.97,116.80,116.93,904500
2023-10-18 20:00:00-04:00,116.99,118.00,116.01,116.97,845800
2023-10-19 20:00:00-04:00,117.77,119.33,116.99,117.82,1287400
2023-10-22 20:00:00-04:00,116.70,118.60,115.55,115.65,1940300
2023-10-23 20:00:00-04:00,116.80,118.12,115.10,117.68,1518300
2023-10-24 20:00:00-04:00,116.02,119.78,115.79,119.48,1633200
2023-10-25 20:00:00-04:00,119.33,125.23,119.09,124.99,2461600
2023-10-26 20:00:00-04:00,124.52,125.14,121.51,121.58,1095700
2023-10-29 20:00:00-04:00,121.84,124.80,121.04,123.23,1313300
2023-10-30 20:00:00-04:00,123.64,125.17,122.37,123.89,969500
2023-10-31 20:00:00-04:00,123.96,126.84,123.87,126.20,1202200
2023-11-01 20:00:00-04:00,125.36,126.30,124.51,125.06,996500
2023-11-02 20:00:00-04:00,126.27,128.73,125.40,127.52,866800
2023-11-05 19:00:00-05:00,127.36,128.82,126.71,127.50,871600
2023-11-06 19:00:00-05:00,127.72,127.77,126.39,126.54,637200
2023-11-07 19:00:00-05:00,127.39,127.49,125.97,127.10,727000
2023-11-08 19:00:00-05:00,126.90,127.30,125.25,125.36,771300
2023-11-09 19:00:00-05:00,126.06,126.66,125.15,126.48,591400
2023-11-12 19:00:00-05:00,126.56,126.65,125.40,126.03,672500
2023-11-13 19:00:00-05:00,126.32,127.50,125.48,127.39,1005400
2023-11-14 19:00:00-05:00,127.35,129.70,127.26,128.98,1457000
2023-11-15 19:00:00-05:00,129.16,129.42,127.97,128.49,1202800
2023-11-16 19:00:00-05:00,129.08,129.45,127.84,128.45,849600
2023-11-19 19:00:00-05:00,127.76,129.00,127.36,128.41,785900
2023-11-20 19:00:00-05:00,128.78,129.11,127.78,127.91,1080500
2023-11-21 19:00:00-05:00,128.34,129.54,128.34,129.27,658100
2023-11-23 19:00:00-05:00,129.40,129.40,128.40,129.07,379400
2023-11-26 19:00:00-05:00,129.07,129.87,128.09,128.85,829900
2023-11-27 19:00:00-05:00,129.09,130.10,127.87,129.24,804100
2023-11-28 19:00:00-05:00,129.06,130.09,128.52,128.81,583200
2023-11-29 19:00:00-05:00,129.05,130.76,128.20,130.68,1291700
2023-11-30 19:00:00-05:00,130.79,130.82,129.42,129.67,1151400
2023-12-03 19:00:00-05:00,129.53,131.04,129.36,130.93,871000
2023-12-04 19:00:00-05:00,130.72,130.72,128.40,128.45,750800
2023-12-05 19:00:00-05:00,128.23,128.99,127.67,128.48,787700
2023-12-06 19:00:00-05:00,129.24,129.28,127.91,128.76,883000
2023-12-07 19:00:00-05:00,128.96,129.74,128.74,129.42,719300
2023-12-10 19:00:00-05:00,129.79,130.55,128.70,130.40,786900
2023-12-11 19:00:00-05:00,132.84,134.51,132.03,132.75,986200
2023-12-12 19:00:00-05:00,133.42,134.38,132.84,134.38,1077900
2023-12-13 19:00:00-05:00,135.21,135.21,129.57,130.71,2076200
2023-12-14 19:00:00-05:00,129.80,130.62,128.22,128.58,1806900
2023-12-17 19:00:00-05:00,129.30,130.16,128.59,129.34,684700
2023-12-18 19:00:00-05:00,129.56,130.32,128.19,129.94,898700
2023-12-19 19:00:00-05:00,130.16,130.16,128.26,128.34,717900
2023-12-20 19:00:00-05:00,128.74,129.62,128.13,129.55,668400
2023-12-21 19:00:00-05:00,130.17,130.66,129.61,130.21,408100
2023-12-25 19:00:00-05:00,129.78,130.58,129.46,130.23,467100
2023-12-26 19:00:00-05:00,130.06,131.02,129.47,131.01,648600
2023-12-27 19:00:00-05:00,131.28,131.95,130.94,131.09,434800
2023-12-28 19:00:00-05:00,130.78,131.41,130.49,131.30,416000
2024-01-01 19:00:00-05:00,131.54,136.77,131.54,134.10,1045400
2024-01-02 19:00:00-05:00,134.20,134.44,132.60,133.01,1039700
2024-01-03 19:00:00-05:00,133.23,134.13,132.88,133.85,880900
2024-01-04 19:00:00-05:00,134.22,135.59,133.11,135.20,930600
2024-01-07 19:00:00-05:00,135.14,135.31,132.94,134.84,852000
2024-01-08 19:00:00-05:00,135.22,136.10,134.25,135.33,668700
2024-01-09 19:00:00-05:00,135.97,135.97,128.79,130.55,2141300
2024-01-10 19:00:00-05:00,130.55,130.86,128.84,129.29,1145700
2024-01-11 19:00:00-05:00,129.13,129.74,127.45,128.84,1008700
2024-01-15 19:00:00-05:00,128.39,129.21,127.59,128.13,887000
2024-01-16 19:00:00-05:00,127.97,129.73,127.88,128.01,794400
2024-01-17 19:00:00-05:00,127.09,128.89,126.52,128.50,710000
2024-01-18 19:00:00-05:00,128.62,128.64,126.04,126.91,945200
2024-01-21 19:00:00-05:00,127.04,127.28,124.69,125.13,986200
2024-01-22 19:00:00-05:00,125.44,125.44,123.71,124.24,1194500
2024-01-23 19:00:00-05:00,124.26,125.01,122.22,122.30,1707300
2024-01-24 19:00:00-05:00,121.88,125.29,121.86,124.59,1853600
2024-01-25 19:00:00-05:00,125.40,126.14,124.21,124.87,966000
2024-01-28 19:00:00-05:00,124.35,124.40,123.33,123.82,911200
2024-01-29 19:00:00-05:00,124.07,124.30,122.94,123.33,896400
2024-01-30 19:00:00-05:00,123.89,124.40,122.72,122.94,1712900
2024-01-31 19:00:00-05:00,118.75,124.06,117.78,121.74,2505700
2024-02-01 19:00:00-05:00,121.06,121.70,118.53,119.66,1276600
2024-02-04 19:00:00-05:00,119.34,119.55,117.92,118.49,1380200
2024-02-05 19:00:00-05:00,118.70,121.39,118.44,120.87,1942700
2024-02-06 19:00:00-05:00,122.53,123.84,121.30,121.98,1194700
2024-02-07 19:00:00-05:00,121.34,121.79,119.86,121.13,1003400
2024-02-08 19:00:00-05:00,121.11,122.15,120.54,121.33,621300
2024-02-11 19:00:00-05:00,121.08,124.59,120.75,124.46,1011200
2024-02-12 19:00:00-05:00,124.47,125.15,121.79,122.40,791500
2024-02-13 19:00:00-05:00,122.41,123.20,121.49,122.26,801100
2024-02-14 19:00:00-05:00,122.53,123.39,119.92,120.36,1231700
2024-02-15 19:00:00-05:00,120.31,120.83,118.52,118.70,1397200
2024-02-19 19:00:00-05:00,118.70,119.71,118.08,118.51,1124800
2024-02-20 19:00:00-05:00,118.76,121.37,118.03,121.32,1488700
2024-02-21 19:00:00-05:00,120.75,121.16,118.70,119.99,873800
2024-02-22 19:00:00-05:00,120.37,121.79,120.13,121.65,787400
2024-02-25 19:00:00-05:00,120.54,122.44,120.08,120.81,956000
2024-02-26 19:00:00-05:00,120.38,121.87,119.67,121.03,631700
2024-02-27 19:00:00-05:00,120.90,121.48,120.14,120.29,583700
2024-02-28 19:00:00-05:00,120.50,120.98,118.90,119.56,1590400
2024-02-29 19:00:00-05:00,119.65,119.65,118.38,119.35,1034100
2024-03-03 19:00:00-05:00,118.80,120.62,118.59,119.96,913600
2024-03-04 19:00:00-05:00,120.41,121.24,119.03,119.19,1068000
2024-03-05 19:00:00-05:00,119.33,121.58,118.94,121.50,1006200
2024-03-06 19:00:00-05:00,121.67,122.27,121.23,121.95,819200
2024-03-07 19:00:00-05:00,122.21,123.37,121.55,121.80,811800
2024-03-10 20:00:00-04:00,121.58,124.09,121.35,123.90,825400
2024-03-11 20:00:00-04:00,123.55,124.33,122.97,124.20,909200
2024-03-12 20:00:00-04:00,124.45,125.65,123.22,123.88,849400
2024-03-13 20:00:00-04:00,123.56,123.58,119.75,121.69,1018900
2024-03-14 20:00:00-04:00,120.28,123.25,120.28,122.80,1954900
2024-03-17 20:00:00-04:00,122.27,122.73,121.06,122.67,838200
2024-03-18 20:00:00-04:00,122.82,124.39,122.36,123.55,902800
2024-03-19 20:00:00-04:00,123.06,123.69,121.88,122.26,586600
2024-03-20 20:00:00-04:00,122.35,123.45,121.81,123.33,639800
2024-03-21 20:00:00-04:00,123.38,123.86,122.56,123.78,708100
2024-03-24 20:00:00-04:00,124.38,124.44,123.15,123.76,584200
2024-03-25 20:00:00-04:00,124.08,124.21,122.97,123.37,666200
2024-03-26 20:00:00-04:00,123.97,125.50,123.21,125.46,753000
2024-03-27 20:00:00-04:00,125.58,127.71,125.58,127.42,888000
2024-03-31 20:00:00-04:00,127.06,129.66,125.43,129.01,2109000
2024-04-01 20:00:00-04:00,128.85,128.85,125.79,126.64,1404300
2024-04-02 20:00:00-04:00,126.46,127.78,125.66,126.73,1067100
2024-04-03 20:00:00-04:00,127.41,128.32,125.79,125.88,847800
2024-04-04 20:00:00-04:00,125.40,126.27,124.30,125.77,691500
2024-04-07 20:00:00-04:00,125.77,126.79,125.20,125.20,595100
2024-04-08 20:00:00-04:00,125.86,127.84,125.86,127.81,800000
2024-04-09 20:00:00-04:00,127.73,128.04,126.26,126.72,787400
2024-04-10 20:00:00-04:00,127.36,127.61,124.37,125.18,754200
2024-04-11 20:00:00-04:00,124.81,125.45,123.50,123.75,720200
2024-04-14 20:00:00-04:00,124.47,125.05,123.30,123.85,698800
2024-04-15 20:00:00-04:00,124.61,124.61,122.66,122.68,692300
2024-04-16 20:00:00-04:00,122.87,123.23,122.02,122.25,886800
2024-04-17 20:00:00-04:00,122.51,122.60,120.75,121.22,873700
2024-04-18 20:00:00-04:00,121.81,124.08,121.39,123.66,1557600
2024-04-21 20:00:00-04:00,123.96,126.33,123.60,125.25,1694300
2024-04-22 20:00:00-04:00,129.97,133.74,128.16,131.61,2088300
2024-04-23 20:00:00-04:00,130.94,133.17,129.93,132.43,1566400
2024-04-24 20:00:00-04:00,132.43,133.45,129.14,130.38,1016000
2024-04-25 20:00:00-04:00,129.97,130.93,129.06,129.26,601700
2024-04-28 20:00:00-04:00,129.49,137.16,129.49,134.31,2790100
2024-04-29 20:00:00-04:00,133.63,134.44,132.12,133.04,1067500
2024-04-30 20:00:00-04:00,133.16,133.26,131.39,132.43,676600
2024-05-01 20:00:00-04:00,132.30,132.30,130.31,131.26,695200
2024-05-02 20:00:00-04:00,131.57,132.36,130.23,132.27,640500
2024-05-05 20:00:00-04:00,132.88,132.97,130.51,130.59,750600
2024-05-06 20:00:00-04:00,130.96,132.05,130.31,131.84,637800
2024-05-07 20:00:00-04:00,132.11,132.57,131.03,131.07,612400
2024-05-08 20:00:00-04:00,131.05,133.22,130.94,133.02,588300
2024-05-09 20:00:00-04:00,132.98,133.79,132.29,133.27,569600
2024-05-12 20:00:00-04:00,133.51,136.45,133.09,135.54,1116200
2024-05-13 20:00:00-04:00,135.79,135.92,132.96,133.98,741100
2024-05-14 20:00:00-04:00,134.22,135.76,133.85,135.54,757600
2024-05-15 20:00:00-04:00,135.53,137.63,135.18,137.13,995900
2024-05-16 20:00:00-04:00,137.68,139.08,136.68,138.97,1422800
2024-05-19 20:00:00-04:00,138.79,140.20,138.54,138.80,1078800
2024-05-20 20:00:00-04:00,138.92,139.12,137.41,138.00,561800
2024-05-21 20:00:00-04:00,136.87,138.10,136.24,136.58,805700
2024-05-22 20:00:00-04:00,135.95,137.60,134.77,134.83,1147100
2024-05-23 20:00:00-04:00,135.37,136.32,134.57,136.02,647500
2024-05-27 20:00:00-04:00,135.56,136.31,133.51,133.74,886300
2024-05-28 20:00:00-04:00,132.99,133.89,132.23,133.05,986800
2024-05-29 20:00:00-04:00,132.83,134.48,132.25,134.14,838600
2024-05-30 20:00:00-04:00,134.38,136.77,134.20,136.69,2238000
2024-06-02 20:00:00-04:00,135.67,136.95,134.62,135.86,634300
2024-06-03 20:00:00-04:00,135.72,136.72,134.51,136.30,818800
2024-06-04 20:00:00-04:00,136.01,137.68,135.56,137.38,837500
2024-06-05 20:00:00-04:00,137.07,138.49,136.98,137.33,618400
2024-06-06 20:00:00-04:00,137.00,137.86,136.95,137.04,366200
2024-06-09 20:00:00-04:00,136.69,136.91,135.20,136.20,589500
2024-06-10 20:00:00-04:00,135.71,136.17,135.12,135.52,544000
2024-06-11 20:00:00-04:00,136.30,136.45,133.02,133.66,831200
2024-06-12 20:00:00-04:00,133.71,133.95,132.36,133.37,668000
2024-06-13 20:00:00-04:00,132.86,134.00,131.91,132.72,718600
2024-06-16 20:00:00-04:00,131.68,132.62,131.52,131.92,815800
2024-06-17 20:00:00-04:00,131.26,132.62,131.26,132.19,759700
2024-06-19 20:00:00-04:00,131.29,133.14,130.76,133.06,758500
2024-06-20 20:00:00-04:00,133.48,134.49,132.77,133.79,898000
2024-06-23 20:00:00-04:00,134.17,135.35,133.07,135.01,599400
2024-06-24 20:00:00-04:00,134.58,134.95,132.53,133.15,609100
2024-06-25 20:00:00-04:00,132.67,133.55,131.86,133.44,710900
2024-06-26 20:00:00-04:00,133.42,134.18,131.92,132.23,936200
2024-06-27 20:00:00-04:00,132.81,133.46,130.43,131.78,1284700
2024-06-30 20:00:00-04:00,132.40,134.10,131.23,131.99,788700
2024-07-01 20:00:00-04:00,131.96,132.91,131.27,131.55,1048500
2024-07-02 20:00:00-04:00,134.77,135.69,132.10,135.66,808400
2024-07-04 20:00:00-04:00,135.95,136.71,133.60,135.22,1017600
2024-07-07 20:00:00-04:00,135.89,136.42,134.39,134.47,642500
2024-07-08 20:00:00-04:00,134.18,134.75,132.60,133.92,932200
2024-07-09 20:00:00-04:00,136.22,136.43,134.48,135.95,723000
2024-07-10 20:00:00-04:00,137.30,139.14,137.00,138.90,951600
2024-07-11 20:00:00-04:00,139.55,140.56,138.89,139.49,581900
2024-07-14 20:00:00-04:00,139.47,141.81,139.13,139.96,1277100
2024-07-15 20:00:00-04:00,140.68,143.96,139.66,143.84,1008600
2024-07-16 20:00:00-04:00,144.16,145.76,143.35,143.72,769800
2024-07-17 20:00:00-04:00,142.86,145.05,141.55,142.13,765700
2024-07-18 20:00:00-04:00,143.36,143.36,141.26,141.33,907000
2024-07-21 20:00:00-04:00,141.84,143.51,141.05,142.63,1334400
2024-07-22 20:00:00-04:00,139.35,141.72,133.30,136.44,1893400
2024-07-23 20:00:00-04:00,137.44,139.75,135.57,139.30,1060800
2024-07-24 20:00:00-04:00,140.01,142.39,139.17,139.63,1127700
2024-07-25 20:00:00-04:00,140.27,142.03,139.94,140.92,1282600
2024-07-28 20:00:00-04:00,140.35,140.46,137.27,137.58,1532200
2024-07-29 20:00:00-04:00,137.26,140.10,137.26,138.31,937200
2024-07-30 20:00:00-04:00,137.96,138.91,136.20,137.74,1276200
2024-07-31 20:00:00-04:00,138.28,143.15,138.28,142.94,1120800
2024-08-01 20:00:00-04:00,143.26,146.91,142.49,145.27,1024000
2024-08-04 20:00:00-04:00,145.09,145.72,140.23,141.12,1261900
2024-08-05 20:00:00-04:00,141.25,143.56,140.83,142.18,822600
2024-08-06 20:00:00-04:00,142.19,143.95,141.16,141.45,1090300
2024-08-07 20:00:00-04:00,141.16,145.43,140.77,145.25,800000
2024-08-08 20:00:00-04:00,145.19,145.69,143.66,144.52,675600
2024-08-11 20:00:00-04:00,144.22,145.73,143.97,145.60,693000
2024-08-12 20:00:00-04:00,146.16,147.13,144.06,145.94,728400
2024-08-13 20:00:00-04:00,145.65,145.91,144.65,145.05,510400
2024-08-14 20:00:00-04:00,145.37,146.02,143.82,144.89,685200
2024-08-15 20:00:00-04:00,145.17,146.97,143.89,146.53,717100
2024-08-18 20:00:00-04:00,146.59,147.98,145.69,146.28,688300
2024-08-19 20:00:00-04:00,146.51,146.51,145.20,146.07,432200
2024-08-20 20:00:00-04:00,146.52,148.16,146.06,148.07,625000
2024-08-21 20:00:00-04:00,148.40,148.40,147.28,147.94,477600
2024-08-22 20:00:00-04:00,148.82,148.88,147.15,148.64,472300
2024-08-25 20:00:00-04:00,149.02,149.75,148.58,148.97,425400
2024-08-26 20:00:00-04:00,149.33,149.69,148.05,148.68,494500
2024-08-27 20:00:00-04:00,148.61,150.31,148.46,149.92,570000
2024-08-28 20:00:00-04:00,150.05,151.70,149.47,151.22,698700
2024-08-29 20:00:00-04:00,150.92,152.30,150.51,151.94,883700
2024-09-02 20:00:00-04:00,151.97,153.15,151.02,151.94,745900
2024-09-03 20:00:00-04:00,152.17,154.25,149.92,150.41,606100
2024-09-04 20:00:00-04:00,150.28,150.52,147.40,149.29,756100
2024-09-05 20:00:00-04:00,149.30,150.06,147.15,148.03,827500
2024-09-08 20:00:00-04:00,148.06,150.65,147.67,149.34,912100
2024-09-09 20:00:00-04:00,149.63,150.43,146.39,147.96,656100
2024-09-10 20:00:00-04:00,147.25,149.03,144.73,148.64,958100
2024-09-11 20:00:00-04:00,148.59,150.00,147.01,149.80,762500
2024-09-12 20:00:00-04:00,150.05,150.52,148.41,149.43,570700
2024-09-15 20:00:00-04:00,150.36,152.19,150.24,151.35,618500
2024-09-16 20:00:00-04:00,151.36,151.77,149.62,150.40,476200
2024-09-17 20:00:00-04:00,150.22,152.03,150.13,150.50,440200
2024-09-18 20:00:00-04:00,150.84,151.85,149.56,150.15,519500
2024-09-19 20:00:00-04:00,150.13,150.13,147.67,148.09,1456300
2024-09-22 20:00:00-04:00,148.31,150.03,148.10,149.04,678400
2024-09-23 20:00:00-04:00,148.69,149.72,147.33,148.17,788000
2024-09-24 20:00:00-04:00,148.67,149.22,147.02,147.60,697500
2024-09-25 20:00:00-04:00,147.17,149.55,147.17,149.47,647800
2024-09-26 20:00:00-04:00,149.70,151.50,149.51,149.84,712300
2024-09-29 20:00:00-04:00,150.12,150.60,148.63,150.27,934700
2024-09-30 20:00:00-04:00,149.85,150.37,148.76,149.02,500200
2024-10-01 20:00:00-04:00,149.54,150.41,148.08,149.90,577800
2024-10-02 20:00:00-04:00,150.01,150.12,146.92,147.25,558900
2024-10-03 20:00:00-04:00,147.96,148.33,146.32,146.68,500800
2024-10-06 20:00:00-04:00,146.64,146.64,142.19,142.90,640200
2024-10-07 20:00:00-04:00,143.20,145.33,142.54,144.72,748100
2024-10-08 20:00:00-04:00,145.03,145.90,144.09,144.95,539300
2024-10-09 20:00:00-04:00,145.21,145.21,143.28,143.78,426000
2024-10-10 20:00:00-04:00,144.50,145.37,143.65,144.62,480100
2024-10-13 20:00:00-04:00,145.14,145.86,143.01,144.94,678800
2024-10-14 20:00:00-04:00,144.25,147.31,144.04,145.28,861500
2024-10-15 20:00:00-04:00,145.15,146.77,144.58,144.87,524400
2024-10-16 20:00:00-04:00,145.63,146.22,144.55,144.90,582100
2024-10-17 20:00:00-04:00,145.04,146.48,143.93,145.57,631400
2024-10-20 20:00:00-04:00,144.99,145.67,142.91,143.35,1435700
2024-10-21 20:00:00-04:00,147.20,154.81,147.20,153.18,2044000
2024-10-22 20:00:00-04:00,155.48,155.58,150.96,152.84,1445300
2024-10-23 20:00:00-04:00,153.29,156.56,152.63,153.68,1233200
2024-10-24 20:00:00-04:00,153.49,154.10,149.57,150.81,814700
2024-10-27 20:00:00-04:00,151.44,153.08,150.95,151.67,507900
2024-10-28 20:00:00-04:00,151.07,153.15,150.74,151.71,699800
2024-10-29 20:00:00-04:00,151.26,152.39,149.36,151.68,661000
2024-10-30 20:00:00-04:00,151.25,152.14,150.08,150.61,874200
2024-10-31 20:00:00-04:00,151.67,152.71,150.82,151.06,1094700
2024-11-03 19:00:00-05:00,151.13,151.98,149.80,150.12,554900
2024-11-04 19:00:00-05:00,149.91,150.19,148.19,149.90,611900
2024-11-05 19:00:00-05:00,150.37,151.14,147.91,150.95,804100
2024-11-06 19:00:00-05:00,151.58,152.73,151.19,151.94,525100
2024-11-07 19:00:00-05:00,151.65,156.11,151.53,155.03,944000
2024-11-10 19:00:00-05:00,156.12,158.05,155.42,155.80,776800
2024-11-11 19:00:00-05:00,156.27,158.13,156.04,157.29,994500
2024-11-12 19:00:00-05:00,157.41,158.16,155.42,156.17,796400
2024-11-13 19:00:00-05:00,155.56,155.91,151.84,152.56,946400
2024-11-14 19:00:00-05:00,152.48,157.71,152.06,156.07,2725900
2024-11-17 19:00:00-05:00,156.49,158.28,156.38,157.69,897100
2024-11-18 19:00:00-05:00,155.89,158.44,154.20,156.77,761800
2024-11-19 19:00:00-05:00,156.98,157.60,155.65,156.92,763800
2024-11-20 19:00:00-05:00,156.92,159.77,155.96,159.42,651500
2024-11-21 19:00:00-05:00,159.53,160.60,158.95,159.13,596400
2024-11-24 19:00:00-05:00,159.22,160.81,157.76,158.01,1500700
2024-11-25 19:00:00-05:00,158.41,158.85,157.18,157.85,756000
2024-11-26 19:00:00-05:00,157.63,159.41,157.23,158.87,672000
2024-11-28 19:00:00-05:00,157.82,159.31,157.26,158.23,427500
2024-12-01 19:00:00-05:00,158.04,158.51,156.81,157.11,788300
2024-12-02 19:00:00-05:00,157.20,158.07,156.71,157.53,673100
2024-12-03 19:00:00-05:00,157.18,157.79,155.73,155.87,508400
2024-12-04 19:00:00-05:00,155.71,155.71,153.86,154.20,757000
2024-12-05 19:00:00-05:00,154.72,154.83,152.45,153.06,951400
2024-12-08 19:00:00-05:00,153.86,156.12,153.47,153.89,839600
2024-12-09 19:00:00-05:00,154.67,155.64,152.49,154.14,1017400
2024-12-10 19:00:00-05:00,153.71,155.35,151.01,151.45,914700
2024-12-11 19:00:00-05:00,151.12,154.21,151.12,151.82,905100
2024-12-12 19:00:00-05:00,151.84,152.79,150.60,150.77,849800
2024-12-15 19:00:00-05:00,150.57,151.26,148.03,148.49,704200
2024-12-16 19:00:00-05:00,149.01,152.27,148.20,151.25,1115700
2024-12-17 19:00:00-05:00,151.18,151.79,147.13,147.13,972500
2024-12-18 19:00:00-05:00,146.04,148.43,145.01,147.39,1097300
2024-12-19 19:00:00-05:00,147.55,149.90,147.55,148.93,1400100
2024-12-22 19:00:00-05:00,148.18,149.28,146.78,148.77,576800
2024-12-23 19:00:00-05:00,148.31,149.31,147.98,149.24,213200
2024-12-25 19:00:00-05:00,148.26,149.33,148.04,148.85,443200
2024-12-26 19:00:00-05:00,147.75,149.43,147.75,148.47,481000
2024-12-29 19:00:00-05:00,147.69,148.11,146.18,146.85,480400
2024-12-30 19:00:00-05:00,147.02,148.32,146.42,146.75,463500
2025-01-01 19:00:00-05:00,147.82,147.86,146.19,146.84,420200
2025-01-02 19:00:00-05:00,146.85,148.07,145.83,147.78,766200
2025-01-05 19:00:00-05:00,148.30,149.62,147.40,148.12,779800
2025-01-06 19:00:00-05:00,149.10,149.80,148.05,149.45,609700
2025-01-07 19:00:00-05:00,150.07,150.07,147.50,149.83,630100
2025-01-09 19:00:00-05:00,148.38,149.24,146.60,147.65,936000
2025-01-12 19:00:00-05:00,148.38,151.21,147.65,149.82,870600
2025-01-13 19:00:00-05:00,149.61,149.67,147.03,149.54,622900
2025-01-14 19:00:00-05:00,150.66,150.97,146.90,146.95,815400
2025-01-15 19:00:00-05:00,146.95,148.28,145.35,148.25,983400
2025-01-16 19:00:00-05:00,148.14,150.12,147.70,147.80,760000
2025-01-20 19:00:00-05:00,147.91,149.55,147.41,149.22,1126800
2025-01-21 19:00:00-05:00,148.39,148.77,147.19,148.10,666100
2025-01-22 19:00:00-05:00,148.63,148.95,146.76,148.43,711200
2025-01-23 19:00:00-05:00,147.70,152.92,147.59,151.79,1219800
2025-01-26 19:00:00-05:00,153.40,156.46,152.07,156.37,1468300
2025-01-27 19:00:00-05:00,155.42,156.39,152.77,153.59,1751500
2025-01-28 19:00:00-05:00,153.77,154.80,150.97,151.94,1725900
2025-01-29 19:00:00-05:00,150.53,163.32,150.53,160.48,2602000
2025-01-30 19:00:00-05:00,160.25,163.21,158.89,159.43,1575200
2025-02-02 19:00:00-05:00,158.20,159.91,156.41,158.81,808600
2025-02-03 19:00:00-05:00,158.63,162.26,158.05,159.68,889800
2025-02-04 19:00:00-05:00,160.62,161.97,159.79,161.16,628000
2025-02-05 19:00:00-05:00,160.71,161.37,158.44,158.98,915200
2025-02-06 19:00:00-05:00,159.33,159.67,158.07,158.98,499500
2025-02-09 19:00:00-05:00,158.98,162.99,158.01,161.47,1164500
2025-02-10 19:00:00-05:00,161.29,164.39,160.90,163.17,1088200
2025-02-11 19:00:00-05:00,162.72,162.72,160.44,160.65,1417600
2025-02-12 19:00:00-05:00,161.23,165.46,160.91,164.92,1075100
2025-02-13 19:00:00-05:00,165.44,167.45,164.33,164.97,1327100
2025-02-17 19:00:00-05:00,164.31,166.34,162.41,165.83,1043400
2025-02-18 19:00:00-05:00,165.09,168.76,164.98,167.89,1448300
2025-02-19 19:00:00-05:00,167.14,168.62,166.63,168.27,1147200
2025-02-20 19:00:00-05:00,167.42,169.02,166.74,168.36,727400
2025-02-23 19:00:00-05:00,167.88,171.93,167.73,170.14,1008400
2025-02-24 19:00:00-05:00,170.08,172.47,170.01,171.46,1676500
2025-02-25 19:00:00-05:00,169.76,171.81,168.79,169.56,995500
2025-02-26 19:00:00-05:00,168.73,169.70,167.54,167.69,1091400
2025-02-27 19:00:00-05:00,168.07,169.65,167.15,169.01,1197900
2025-03-02 19:00:00-05:00,169.73,174.08,169.35,172.97,1325900
2025-03-03 19:00:00-05:00,171.83,173.44,170.87,171.07,1420800
2025-03-04 19:00:00-05:00,170.21,171.55,167.48,168.14,1534100
2025-03-05 19:00:00-05:00,168.12,168.26,165.49,167.81,944800
2025-03-06 19:00:00-05:00,167.07,172.15,166.30,171.61,1092100
2025-03-09 20:00:00-04:00,170.89,174.85,168.52,169.22,1396700
2025-03-10 20:00:00-04:00,170.75,170.75,164.09,164.37,1436600
2025-03-11 20:00:00-04:00,163.20,163.88,159.33,162.68,1527700
2025-03-12 20:00:00-04:00,162.92,165.61,162.03,165.02,1447800
2025-03-13 20:00:00-04:00,164.49,166.62,164.44,166.33,1276600
2025-03-16 20:00:00-04:00,166.17,170.46,166.17,169.58,1072600
2025-03-17 20:00:00-04:00,168.92,170.95,167.46,168.57,1360000
2025-03-18 20:00:00-04:00,164.93,166.17,160.02,164.23,1596600
2025-03-19 20:00:00-04:00,164.02,164.02,161.78,162.71,1106600
2025-03-20 20:00:00-04:00,162.72,163.78,162.15,163.35,1437900
2025-03-23 20:00:00-04:00,163.88,164.83,162.16,163.57,670800
2025-03-24 20:00:00-04:00,164.05,164.35,160.91,161.93,769200
2025-03-25 20:00:00-04:00,162.53,164.36,162.33,162.87,573800
2025-03-26 20:00:00-04:00,162.38,164.20,161.87,162.26,871900
2025-03-27 20:00:00-04:00,162.38,164.05,161.39,163.57,1140800
2025-03-30 20:00:00-04:00,164.16,166.80,163.71,165.39,1591200
2025-03-31 20:00:00-04:00,165.15,166.72,164.63,165.47,1035800
2025-04-01 20:00:00-04:00,166.17,166.58,163.50,164.18,940600
2025-04-02 20:00:00-04:00,164.80,170.08,163.29,166.79,1828600
2025-04-03 20:00:00-04:00,165.65,169.40,160.14,160.49,2505200
2025-04-06 20:00:00-04:00,159.05,163.74,154.96,161.40,2301200
2025-04-07 20:00:00-04:00,164.60,164.60,155.22,156.97,1971400
2025-04-08 20:00:00-04:00,155.35,165.28,154.42,161.15,2178900
2025-04-09 20:00:00-04:00,160.86,162.21,157.00,160.95,2073300
2025-04-10 20:00:00-04:00,160.95,162.14,158.74,161.09,2218400
2025-04-13 20:00:00-04:00,162.14,165.12,161.02,165.02,1723100
2025-04-14 20:00:00-04:00,165.12,166.68,163.68,164.27,1139600
2025-04-15 20:00:00-04:00,164.64,166.66,161.18,161.56,1252700
2025-04-16 20:00:00-04:00,161.40,162.67,159.59,160.90,1491400
2025-04-20 20:00:00-04:00,160.73,161.12,157.19,158.99,1401200
2025-04-21 20:00:00-04:00,166.01,172.90,165.33,169.78,2424200
2025-04-22 20:00:00-04:00,169.71,172.24,166.25,170.50,1854000
2025-04-23 20:00:00-04:00,170.80,173.37,169.49,172.75,1569200
2025-04-24 20:00:00-04:00,172.71,173.04,169.61,170.68,1033400
2025-04-27 20:00:00-04:00,171.59,173.87,171.19,173.55,1133000
2025-04-28 20:00:00-04:00,172.26,175.99,171.23,175.34,1307200
2025-04-29 20:00:00-04:00,174.66,175.91,171.70,175.06,1622100
2025-04-30 20:00:00-04:00,173.27,175.54,172.24,174.18,857300
2025-05-01 20:00:00-04:00,176.11,176.14,173.31,174.80,881700
2025-05-04 20:00:00-04:00,174.86,176.10,173.74,174.42,834600
2025-05-05 20:00:00-04:00,174.01,174.31,172.37,172.99,869800
2025-05-06 20:00:00-04:00,172.74,174.58,172.15,173.44,1103700
2025-05-07 20:00:00-04:00,173.18,175.57,172.69,172.78,1504700
2025-05-08 20:00:00-04:00,172.60,174.87,172.02,173.83,1310000
2025-05-11 20:00:00-04:00,172.61,174.78,169.19,172.78,1334200
2025-05-12 20:00:00-04:00,172.20,173.84,171.11,171.40,1169800
2025-05-13 20:00:00-04:00,171.09,171.41,168.33,169.42,1333800
2025-05-14 20:00:00-04:00,169.11,173.85,168.95,173.29,1616000
2025-05-15 20:00:00-04:00,173.58,175.07,172.57,174.82,2133900
2025-05-18 20:00:00-04:00,174.14,175.29,173.66,174.96,773000
2025-05-19 20:00:00-04:00,174.62,176.80,174.47,175.08,994500
2025-05-20 20:00:00-04:00,173.98,174.45,166.67,167.46,2124600
2025-05-21 20:00:00-04:00,166.93,168.09,165.48,166.62,1036300
2025-05-22 20:00:00-04:00,167.04,168.37,166.06,168.20,1025600
2025-05-26 20:00:00-04:00,168.48,170.87,168.48,170.60,1048400
2025-05-27 20:00:00-04:00,169.85,170.59,167.97,168.34,746500
2025-05-28 20:00:00-04:00,168.23,169.52,167.57,168.95,783200
2025-05-29 20:00:00-04:00,169.17,170.35,168.32,170.27,1612700
2025-06-01 20:00:00-04:00,169.45,172.11,168.02,171.31,876200
2025-06-02 20:00:00-04:00,170.11,171.12,168.97,170.52,769300
2025-06-03 20:00:00-04:00,170.74,172.17,169.79,170.73,743000
2025-06-04 20:00:00-04:00,170.90,171.61,170.30,170.57,602800
2025-06-05 20:00:00-04:00,171.12,172.39,171.08,171.25,434200
2025-06-08 20:00:00-04:00,170.99,173.37,169.42,172.78,496200
2025-06-09 20:00:00-04:00,173.35,174.97,172.88,174.30,763100
2025-06-10 20:00:00-04:00,174.07,175.20,173.11,173.85,583200
2025-06-11 20:00:00-04:00,173.99,176.66,173.16,175.87,743200
2025-06-12 20:00:00-04:00,174.85,178.69,174.56,177.02,1028500
2025-06-15 20:00:00-04:00,177.73,179.15,176.04,178.84,989000
2025-06-16 20:00:00-04:00,177.83,179.03,175.22,175.78,871900
2025-06-17 20:00:00-04:00,175.61,177.63,174.61,176.60,618900
2025-06-19 20:00:00-04:00,176.81,177.79,175.58,176.25,1016700
2025-06-22 20:00:00-04:00,176.20,177.13,175.36,176.54,1201900
2025-06-23 20:00:00-04:00,176.57,176.84,174.18,176.71,713600
2025-06-24 20:00:00-04:00,176.14,176.14,174.40,175.49,747500
2025-06-25 20:00:00-04:00,176.35,176.90,172.53,173.92,1040200
2025-06-26 20:00:00-04:00,174.01,177.05,173.43,174.68,1205900
2025-06-29 20:00:00-04:00,174.71,176.58,174.07,176.45,819300
2025-06-30 20:00:00-04:00,176.18,177.94,174.92,176.15,850300
2025-07-01 20:00:00-04:00,175.95,175.95,171.55,173.47,895600
2025-07-02 20:00:00-04:00,173.02,173.79,172.59,173.79,436500
2025-07-06 20:00:00-04:00,173.63,173.78,170.79,171.66,839400
2025-07-07 20:00:00-04:00,170.91,172.17,169.85,170.21,1080500
2025-07-08 20:00:00-04:00,171.26,171.49,169.02,171.32,871000
2025-07-09 20:00:00-04:00,169.58,172.16,169.09,169.18,914100
2025-07-10 20:00:00-04:00,168.26,168.62,164.93,165.86,1335600
2025-07-13 20:00:00-04:00,166.02,167.04,164.67,166.14,1274600
2025-07-14 20:00:00-04:00,166.14,166.65,162.47,164.21,1177700
2025-07-15 20:00:00-04:00,164.09,165.54,163.26,164.82,1148400
2025-07-16 20:00:00-04:00,163.88,166.47,163.00,165.95,1358700
2025-07-17 20:00:00-04:00,166.34,168.03,163.68,164.70,1557300
2025-07-20 20:00:00-04:00,164.80,165.20,163.11,164.24,1999800
2025-07-21 20:00:00-04:00,168.37,176.49,167.78,175.88,2697900
2025-07-22 20:00:00-04:00,177.25,178.49,166.09,168.22,3086500
2025-07-23 20:00:00-04:00,170.24,173.43,168.21,169.62,2114200
2025-07-24 20:00:00-04:00,170.31,170.75,164.94,166.32,1877500
2025-07-27 20:00:00-04:00,165.37,166.52,163.58,165.63,1086600
2025-07-28 20:00:00-04:00,166.48,167.37,164.82,165.70,810700
2025-07-29 20:00:00-04:00,165.18,167.50,164.54,166.49,1094000
2025-07-30 20:00:00-04:00,164.55,167.89,164.55,165.19,941400
2025-07-31 20:00:00-04:00,166.01,169.63,165.73,168.59,1421100
2025-08-03 20:00:00-04:00,168.27,170.44,168.27,170.15,788400
2025-08-04 20:00:00-04:00,170.31,172.27,169.63,170.97,744200
2025-08-05 20:00:00-04:00,170.57,173.15,169.51,170.71,994300
2025-08-06 20:00:00-04:00,171.29,172.16,170.41,171.96,898400
2025-08-07 20:00:00-04:00,172.34,174.90,172.27,174.61,616300
2025-08-10 20:00:00-04:00,174.74,176.18,174.69,176.00,653200
2025-08-11 20:00:00-04:00,175.01,176.50,173.23,176.31,763200
2025-08-12 20:00:00-04:00,176.50,177.09,175.24,176.67,928500
2025-08-13 20:00:00-04:00,176.47,176.47,174.94,176.08,679500
2025-08-14 20:00:00-04:00,176.57,177.98,174.92,177.39,810200
2025-08-17 20:00:00-04:00,177.84,178.05,176.47,176.58,808500
2025-08-18 20:00:00-04:00,176.71,180.94,176.68,180.41,784700
2025-08-19 20:00:00-04:00,180.91,182.52,180.02,181.96,957800
2025-08-20 20:00:00-04:00,181.08,182.80,180.42,181.29,1074600
2025-08-21 20:00:00-04:00,182.55,183.16,177.55,177.84,947800
2025-08-24 20:00:00-04:00,174.87,176.82,174.62,176.29,753400
2025-08-25 20:00:00-04:00,176.40,177.98,176.03,177.97,1044400
2025-08-26 20:00:00-04:00,178.15,178.49,177.07,177.38,597100
2025-08-27 20:00:00-04:00,177.13,177.33,175.77,176.83,560000
2025-08-28 20:00:00-04:00,177.18,179.93,176.69,179.23,731500
2025-09-01 20:00:00-04:00,178.50,179.60,175.95,176.33,1109200
2025-09-02 20:00:00-04:00,175.98,177.24,174.69,177.13,689500
2025-09-03 20:00:00-04:00,178.15,178.44,177.00,177.72,585700
2025-09-04 20:00:00-04:00,177.81,181.34,177.81,181.06,556200
2025-09-07 20:00:00-04:00,181.07,181.07,178.51,180.11,438500
2025-09-08 20:00:00-04:00,179.76,180.95,178.77,180.26,435500
2025-09-09 20:00:00-04:00,179.51,179.70,177.39,177.75,652100
2025-09-10 20:00:00-04:00,177.89,181.70,177.61,181.03,598500
2025-09-11 20:00:00-04:00,180.81,182.60,180.09,180.49,454100
2025-09-14 20:00:00-04:00,179.95,180.84,178.19,178.23,642200
2025-09-15 20:00:00-04:00,178.09,179.18,177.28,177.77,549500
2025-09-16 20:00:00-04:00,178.75,181.03,178.13,179.83,662900
2025-09-17 20:00:00-04:00,178.44,181.69,178.32,180.90,667800
2025-09-18 20:00:00-04:00,181.26,182.55,180.83,181.17,1435600
2025-09-21 20:00:00-04:00,180.89,183.05,180.48,182.24,976000
2025-09-22 20:00:00-04:00,182.27,185.47,182.27,184.49,775000
2025-09-23 20:00:00-04:00,184.02,185.43,183.52,184.34,748100
2025-09-24 20:00:00-04:00,184.24,184.78,181.19,182.93,657800
2025-09-25 20:00:00-04:00,183.82,186.72,182.72,186.49,550500
2025-09-28 20:00:00-04:00,186.49,186.97,185.27,186.34,528000
2025-09-29 20:00:00-04:00,186.38,188.95,186.38,188.05,780500
2025-09-30 20:00:00-04:00,188.15,188.45,179.40,179.66,1781900
2025-10-01 20:00:00-04:00,178.43,179.59,175.43,178.56,1029700
2025-10-02 20:00:00-04:00,178.34,179.08,176.67,177.74,1395200
2025-10-05 20:00:00-04:00,176.42,178.04,175.82,176.85,844000
2025-10-06 20:00:00-04:00,178.18,182.84,177.17,180.28,1110600
2025-10-07 20:00:00-04:00,179.91,180.01,176.96,179.29,745300
2025-10-08 20:00:00-04:00,179.44,181.17,179.37,179.83,538700
2025-10-09 20:00:00-04:00,180.68,182.69,179.81,182.44,737000
2025-10-12 20:00:00-04:00,181.09,182.61,180.21,181.16,809300
2025-10-13 20:00:00-04:00,181.20,184.05,181.15,183.75,718500
2025-10-14 20:00:00-04:00,183.91,186.44,183.55,185.69,1071900
2025-10-15 20:00:00-04:00,185.84,187.04,184.63,185.16,1056600
2025-10-16 20:00:00-04:00,185.95,188.39,185.39,187.83,983900
2025-10-19 20:00:00-04:00,189.00,190.17,187.82,188.72,1491100
2025-10-20 20:00:00-04:00,193.35,195.80,178.26,183.00,2889900
2025-10-21 20:00:00-04:00,183.24,184.81,179.24,179.56,1583200
2025-10-22 20:00:00-04:00,180.35,181.75,177.94,181.60,1230900
2025-10-23 20:00:00-04:00,182.36,183.09,180.33,180.56,867100
2025-10-26 20:00:00-04:00,179.76,180.54,178.15,178.66,900900
2025-10-27 20:00:00-04:00,178.21,179.03,175.60,176.70,1434000
2025-10-28 20:00:00-04:00,176.72,177.17,173.15,173.23,1014800
2025-10-29 20:00:00-04:00,173.69,177.29,173.36,174.19,1427000
2025-10-30 20:00:00-04:00,172.78,175.24,172.78,174.39,966200
2025-11-02 19:00:00-05:00,174.22,177.56,172.81,177.25,1106900
2025-11-03 19:00:00-05:00,177.76,178.44,174.71,176.45,1059500
2025-11-04 19:00:00-05:00,176.23,177.80,175.28,176.68,784900
2025-11-05 19:00:00-05:00,176.41,177.39,174.11,174.94,830200
2025-11-06 19:00:00-05:00,175.57,178.99,174.53,177.91,1020700
2025-11-09 19:00:00-05:00,176.62,182.95,174.21,182.68,1592600
2025-11-10 19:00:00-05:00,183.34,189.61,183.20,187.17,1293700
2025-11-11 19:00:00-05:00,186.69,187.39,185.15,185.19,1076600
2025-11-12 19:00:00-05:00,183.95,188.78,182.86,185.92,1412000
2025-11-13 19:00:00-05:00,185.23,187.21,184.47,185.29,923900
2025-11-16 19:00:00-05:00,185.35,187.58,183.45,184.54,1086500
2025-11-17 19:00:00-05:00,185.69,186.49,182.71,183.68,1368400
2025-11-18 19:00:00-05:00,183.70,186.02,182.55,184.31,874600
2025-11-19 19:00:00-05:00,185.48,187.10,184.60,185.95,1104400
2025-11-20 19:00:00-05:00,186.44,192.04,186.13,189.55,1769800
2025-11-23 19:00:00-05:00,191.04,191.04,188.06,188.89,2285300
2025-11-24 19:00:00-05:00,190.06,191.63,189.04,190.64,1207300
2025-11-25 19:00:00-05:00,189.74,190.55,187.54,188.01,869600
2025-11-27 19:00:00-05:00,188.43,188.57,187.26,187.50,379700
2025-11-30 19:00:00-05:00,186.83,187.71,182.03,182.14,1175700
2025-12-01 19:00:00-05:00,182.17,183.25,180.59,180.93,1177500
2025-12-02 19:00:00-05:00,181.64,182.53,180.59,180.99,1057300
2025-12-03 19:00:00-05:00,180.69,183.48,180.63,182.55,1044900
2025-12-04 19:00:00-05:00,181.57,182.56,180.46,180.89,738200
2025-12-07 19:00:00-05:00,180.67,181.87,179.62,180.21,980700
2025-12-08 19:00:00-05:00,180.10,181.15,177.03,178.03,846500
2025-12-09 19:00:00-05:00,178.40,179.38,177.36,177.92,1071100
2025-12-10 19:00:00-05:00,178.05,180.45,177.92,179.96,685600
2025-12-11 19:00:00-05:00,180.54,181.39,179.62,180.94,1139000
2025-12-14 19:00:00-05:00,181.62,183.17,181.34,182.48,951900
2025-12-15 19:00:00-05:00,183.20,183.20,176.94,177.08,1338900
2025-12-16 19:00:00-05:00,176.75,177.64,175.45,177.51,1652300
2025-12-17 19:00:00-05:00,177.60,178.21,174.47,174.59,973800
2025-12-18 19:00:00-05:00,174.24,175.26,173.04,174.50,1580900
2025-12-21 19:00:00-05:00,174.44,175.67,174.07,174.78,704300
2025-12-22 19:00:00-05:00,174.98,174.98,172.93,173.53,652500
2025-12-23 19:00:00-05:00,174.18,174.70,173.58,174.36,296500
2025-12-25 19:00:00-05:00,174.90,175.16,174.09,174.38,402700
2025-12-28 19:00:00-05:00,174.16,174.79,173.08,173.96,632000
2025-12-29 19:00:00-05:00,173.75,174.81,173.48,173.93,732800
2025-12-30 19:00:00-05:00,173.93,174.17,171.85,171.99,645300
2026-01-01 19:00:00-05:00,171.77,172.27,170.50,172.25,683200
2026-01-04 19:00:00-05:00,171.92,172.94,169.66,171.95,748800
2026-01-05 19:00:00-05:00,171.84,179.61,171.84,178.86,1165400
2026-01-06 19:00:00-05:00,179.54,179.62,176.12,176.56,767300
2026-01-07 19:00:00-05:00,176.61,179.06,175.13,176.16,870100
2026-01-08 19:00:00-05:00,175.95,176.72,172.88,172.89,942400
2026-01-11 19:00:00-05:00,174.25,174.50,171.97,174.38,695200
2026-01-12 19:00:00-05:00,176.09,179.64,174.71,179.18,1069600
2026-01-13 19:00:00-05:00,179.72,186.29,179.05,185.96,1498900
2026-01-14 19:00:00-05:00,186.34,190.16,185.62,189.43,1245600
2026-01-15 19:00:00-05:00,188.58,190.13,187.93,188.67,1132500
2026-01-19 19:00:00-05:00,186.87,190.24,186.02,188.13,1482000
2026-01-20 19:00:00-05:00,188.20,188.93,183.63,183.85,1140300
2026-01-21 19:00:00-05:00,184.31,184.66,181.22,181.37,1754200
2026-01-22 19:00:00-05:00,181.15,181.65,178.95,180.23,848900
2026-01-25 19:00:00-05:00,181.35,182.99,180.58,181.74,681900
2026-01-26 19:00:00-05:00,180.72,183.59,180.69,183.44,667900
2026-01-27 19:00:00-05:00,182.23,182.78,180.84,181.95,838900
2026-01-28 19:00:00-05:00,181.38,183.17,180.89,181.56,635700
2026-01-29 19:00:00-05:00,183.02,186.38,183.02,186.22,1164100
2026-02-01 19:00:00-05:00,185.20,186.12,181.57,184.20,1003800
2026-02-02 19:00:00-05:00,183.98,188.31,183.89,184.37,807900
2026-02-03 19:00:00-05:00,184.54,188.98,184.33,188.41,1337500
2026-02-04 19:00:00-05:00,189.17,192.62,187.83,191.46,1635500
2026-02-05 19:00:00-05:00,192.36,192.76,189.12,189.88,1099500
2026-02-08 19:00:00-05:00,189.17,190.95,186.77,190.42,1925500
2026-02-09 19:00:00-05:00,193.87,206.15,191.07,204.46,2307900
2026-02-10 19:00:00-05:00,206.14,209.47,201.11,208.41,1431200
2026-02-11 19:00:00-05:00,210.88,212.27,205.91,205.96,1671500
2026-02-12 19:00:00-05:00,206.58,208.48,203.69,205.97,1354600
2026-02-16 19:00:00-05:00,207.09,208.02,201.95,204.60,971200
2026-02-17 19:00:00-05:00,204.38,205.85,202.29,203.50,871700
2026-02-18 19:00:00-05:00,203.94,204.20,201.12,201.56,815300
2026-02-19 19:00:00-05:00,203.47,203.53,200.07,201.53,642000
2026-02-22 19:00:00-05:00,201.11,206.82,201.11,206.53,783100
2026-02-23 19:00:00-05:00,206.91,208.99,205.46,208.63,882100
2026-02-24 19:00:00-05:00,208.61,209.77,205.23,206.90,798300
2026-02-25 19:00:00-05:00,207.76,210.64,207.19,210.18,783700
2026-02-26 19:00:00-05:00,210.17,212.57,208.06,210.99,1058700
2026-03-01 19:00:00-05:00,211.60,212.33,208.52,209.34,922400
2026-03-02 19:00:00-05:00,206.83,208.92,203.00,207.46,779500
2026-03-03 19:00:00-05:00,207.24,208.85,206.21,207.54,508300
2026-03-04 19:00:00-05:00,205.31,205.31,202.59,203.09,604100
2026-03-05 19:00:00-05:00,202.88,202.89,198.15,198.34,1055700
2026-03-08 20:00:00-04:00,197.39,201.60,194.54,200.70,819600
2026-03-09 20:00:00-04:00,202.27,203.50,198.01,200.03,675900
2026-03-10 20:00:00-04:00,199.12,200.83,197.51,199.69,646700
2026-03-11 20:00:00-04:00,199.47,202.12,199.10,200.01,772800
2026-03-12 20:00:00-04:00,201.96,204.11,198.23,198.83,663100
2026-03-15 20:00:00-04:00,200.11,201.00,198.00,198.08,777200
2026-03-16 20:00:00-04:00,199.83,199.83,196.32,197.75,795400
2026-03-17 20:00:00-04:00,196.21,200.61,194.03,194.38,694200
2026-03-18 20:00:00-04:00,194.16,196.35,193.07,193.32,806600
2026-03-19 20:00:00-04:00,193.23,195.98,191.95,194.41,2030100
2026-03-22 20:00:00-04:00,196.47,202.03,194.38,194.75,881100
2026-03-23 20:00:00-04:00,193.73,196.17,192.97,195.23,759200
2026-03-24 20:00:00-04:00,195.92,196.86,193.44,195.61,679600
2026-03-25 20:00:00-04:00,195.39,198.02,194.15,197.29,706200
2026-03-26 20:00:00-04:00,197.07,197.77,193.72,194.66,976300
2026-03-29 20:00:00-04:00,195.82,196.70,193.87,196.30,865500
2026-03-30 20:00:00-04:00,194.01,198.09,191.89,195.13,1268700
2026-03-31 20:00:00-04:00,194.66,198.00,193.25,196.83,587300
2026-04-01 20:00:00-04:00,195.81,198.28,195.21,197.16,520000
2026-04-05 20:00:00-04:00,196.87,199.22,196.57,198.96,477800
2026-04-06 20:00:00-04:00,199.49,201.00,195.70,196.81,908800
2026-04-07 20:00:00-04:00,196.18,198.89,194.02,198.81,799300
2026-04-08 20:00:00-04:00,197.93,199.41,196.55,197.82,718400
2026-04-09 20:00:00-04:00,197.66,197.66,190.12,191.51,1044200
2026-04-12 20:00:00-04:00,191.03,193.13,189.72,192.91,899000
2026-04-13 20:00:00-04:00,192.27,194.26,191.16,194.16,885500
2026-04-14 20:00:00-04:00,193.17,194.28,191.04,191.42,877700
2026-04-15 20:00:00-04:00,191.22,194.27,191.15,191.46,987200
2026-04-16 20:00:00-04:00,190.23,196.45,190.23,195.02,1000100
2026-04-19 20:00:00-04:00,194.22,196.77,191.63,196.31,1964300
2026-04-20 20:00:00-04:00,203.25,209.79,202.13,205.04,2426100
2026-04-21 20:00:00-04:00,205.37,207.00,198.71,204.00,1609400
2026-04-22 20:00:00-04:00,205.28,205.66,196.96,199.53,1263400
2026-04-23 20:00:00-04:00,199.99,200.07,194.46,196.27,1038900
2026-04-26 20:00:00-04:00,195.91,198.00,195.61,196.63,702900
2026-04-27 20:00:00-04:00,198.59,198.78,194.27,195.05,909100
2026-04-28 20:00:00-04:00,193.85,194.49,187.50,189.32,1399900
2026-04-29 20:00:00-04:00,190.24,195.87,189.92,194.20,1110000
2026-04-30 20:00:00-04:00,194.50,196.34,192.21,192.67,692000
2026-05-03 20:00:00-04:00,190.61,193.50,190.41,191.50,567500
2026-05-04 20:00:00-04:00,191.39,191.70,189.18,190.84,613800
2026-05-05 20:00:00-04:00,190.89,192.62,188.49,189.13,898600
2026-05-06 20:00:00-04:00,188.19,190.99,187.90,190.84,739900
2026-05-07 20:00:00-04:00,191.71,192.20,186.23,187.39,762500
2026-05-10 20:00:00-04:00,187.36,190.45,187.13,189.81,620700
2026-05-11 20:00:00-04:00,191.21,192.30,189.47,190.18,754900
2026-05-12 20:00:00-04:00,188.81,191.11,187.51,190.85,693100
2026-05-13 20:00:00-04:00,190.92,192.80,187.14,187.94,768100
2026-05-14 20:00:00-04:00,189.16,189.88,186.43,186.61,1081500
2026-05-17 20:00:00-04:00,187.64,191.16,187.25,189.84,926100
2026-05-18 20:00:00-04:00,189.24,191.18,187.06,190.39,794600
2026-05-19 20:00:00-04:00,191.87,194.85,190.40,193.75,948700
2026-05-20 20:00:00-04:00,192.73,193.83,188.88,193.82,474000
2026-05-21 20:00:00-04:00,193.99,196.92,193.96,195.21,871300
2026-05-25 20:00:00-04:00,194.26,194.69,192.35,192.88,869400
2026-05-26 20:00:00-04:00,194.26,196.32,192.57,193.99,597200
2026-05-27 20:00:00-04:00,194.03,196.80,193.91,196.20,653700
2026-05-28 20:00:00-04:00,196.59,197.38,194.30,194.90,1264300
2026-05-31 20:00:00-04:00,194.14,196.48,191.85,192.20,609500
2026-06-01 20:00:00-04:00,192.93,193.31,191.02,193.16,678300
2026-06-02 20:00:00-04:00,193.00,195.21,192.38,193.67,648100
2026-06-03 20:00:00-04:00,194.99,201.99,194.99,196.12,735900
2026-06-04 20:00:00-04:00,197.41,201.54,197.31,200.29,816200
2026-06-07 20:00:00-04:00,202.08,202.08,196.70,197.21,821700
2026-06-08 20:00:00-04:00,197.90,204.84,196.99,204.53,747100
2026-06-09 20:00:00-04:00,203.35,207.30,202.97,203.78,786600
2026-06-10 20:00:00-04:00,204.07,207.50,202.54,203.83,1079900
2026-06-11 20:00:00-04:00,205.53,205.96,202.38,203.06,898800
2026-06-14 20:00:00-04:00,202.25,203.20,200.37,202.18,1009300
2026-06-15 20:00:00-04:00,203.03,204.70,199.66,201.04,1020300
2026-06-16 20:00:00-04:00,200.00,201.04,196.50,197.76,754200
2026-06-17 20:00:00-04:00,196.69,197.44,192.83,195.00,1292200
2026-06-21 20:00:00-04:00,194.13,195.16,192.90,193.58,904800
2026-06-22 20:00:00-04:00,195.78,197.79,194.15,197.18,988000
2026-06-23 20:00:00-04:00,198.41,205.76,198.41,203.11,1135600
2026-06-24 20:00:00-04:00,203.14,207.85,203.14,206.24,632400
2026-06-25 20:00:00-04:00,207.97,209.89,206.55,209.88,1349700
2026-06-28 20:00:00-04:00,207.97,212.76,206.98,212.64,786300
