Date,Open,High,Low,Close,Volume
2018-07-01 20:00:00-04:00,73.81,74.24,72.70,73.16,926200
2018-07-02 20:00:00-04:00,73.14,74.14,72.99,73.48,551500
2018-07-04 20:00:00-04:00,73.61,74.56,73.15,74.51,971800
2018-07-05 20:00:00-04:00,74.58,74.86,74.26,74.58,686400
2018-07-08 20:00:00-04:00,74.73,74.73,73.05,73.50,978400
2018-07-09 20:00:00-04:00,73.50,74.08,73.16,73.44,1165400
2018-07-10 20:00:00-04:00,73.12,73.50,72.89,73.19,984400
2018-07-11 20:00:00-04:00,72.96,73.39,72.60,73.02,1158900
2018-07-12 20:00:00-04:00,73.19,73.65,71.46,71.65,1324000
2018-07-15 20:00:00-04:00,71.51,71.71,70.65,71.58,1220400
2018-07-16 20:00:00-04:00,71.58,71.61,69.77,70.08,1392600
2018-07-17 20:00:00-04:00,69.20,70.05,68.95,69.86,1599600
2018-07-18 20:00:00-04:00,69.98,70.71,69.44,70.40,739800
2018-07-19 20:00:00-04:00,70.10,70.48,69.71,70.00,468300
2018-07-22 20:00:00-04:00,69.96,70.02,69.26,69.56,478800
2018-07-23 20:00:00-04:00,69.58,69.83,69.04,69.28,1089700
2018-07-24 20:00:00-04:00,69.54,69.92,69.12,69.76,975200
2018-07-25 20:00:00-04:00,70.00,70.58,69.93,70.09,1472900
2018-07-26 20:00:00-04:00,70.30,70.30,68.61,68.76,723000
2018-07-29 20:00:00-04:00,68.99,69.43,68.23,69.21,1135000
2018-07-30 20:00:00-04:00,69.61,70.14,69.38,69.55,973000
2018-07-31 20:00:00-04:00,67.92,68.58,66.95,68.56,1430900
2018-08-01 20:00:00-04:00,68.52,69.55,67.14,67.32,2337300
2018-08-02 20:00:00-04:00,67.62,68.64,67.38,68.24,1496400
2018-08-05 20:00:00-04:00,68.36,69.57,68.25,69.14,1211400
2018-08-06 20:00:00-04:00,69.18,69.42,68.57,69.31,647600
2018-08-07 20:00:00-04:00,69.40,69.57,69.15,69.26,375100
2018-08-08 20:00:00-04:00,69.31,69.57,69.01,69.06,640900
2018-08-09 20:00:00-04:00,68.86,69.49,68.33,68.76,495100
2018-08-12 20:00:00-04:00,68.74,69.30,68.56,68.69,615900
2018-08-13 20:00:00-04:00,68.75,69.18,68.36,68.51,859200
2018-08-14 20:00:00-04:00,68.44,69.01,68.31,68.80,599100
2018-08-15 20:00:00-04:00,68.83,69.80,68.82,69.77,648000
2018-08-16 20:00:00-04:00,69.82,70.68,69.71,70.45,643200
2018-08-19 20:00:00-04:00,70.49,70.89,70.19,70.23,495400
2018-08-20 20:00:00-04:00,70.23,70.23,69.14,69.31,993400
2018-08-21 20:00:00-04:00,69.37,69.44,67.29,67.85,1061700
2018-08-22 20:00:00-04:00,67.91,68.10,67.38,67.73,499200
2018-08-23 20:00:00-04:00,67.79,68.57,67.74,68.49,454500
2018-08-26 20:00:00-04:00,68.65,68.65,67.23,67.83,789100
2018-08-27 20:00:00-04:00,67.90,68.37,67.48,68.37,787900
2018-08-28 20:00:00-04:00,68.30,68.57,67.92,68.13,552800
2018-08-29 20:00:00-04:00,68.26,68.36,67.79,67.97,684100
2018-08-30 20:00:00-04:00,68.09,68.58,67.75,68.25,732500
2018-09-03 20:00:00-04:00,68.17,68.73,67.71,68.02,585600
2018-09-04 20:00:00-04:00,67.78,68.97,67.50,68.37,718700
2018-09-05 20:00:00-04:00,68.60,69.06,68.46,68.62,1039700
2018-09-06 20:00:00-04:00,68.21,68.35,66.63,66.71,671700
2018-09-09 20:00:00-04:00,67.03,67.98,66.86,67.29,962900
2018-09-10 20:00:00-04:00,66.93,67.47,66.72,66.87,1208400
2018-09-11 20:00:00-04:00,66.89,67.14,66.47,66.89,1056900
2018-09-12 20:00:00-04:00,67.28,67.83,67.13,67.28,784600
2018-09-13 20:00:00-04:00,67.07,67.07,65.76,66.06,1387600
2018-09-16 20:00:00-04:00,66.03,66.75,65.98,66.74,1180800
2018-09-17 20:00:00-04:00,66.80,66.98,65.61,65.70,651500
2018-09-18 20:00:00-04:00,65.82,65.92,64.86,64.89,1017500
2018-09-19 20:00:00-04:00,64.97,65.47,64.71,65.30,1607400
2018-09-20 20:00:00-04:00,65.20,66.01,64.85,65.53,1517300
2018-09-23 20:00:00-04:00,65.48,65.59,64.41,65.03,1011800
2018-09-24 20:00:00-04:00,65.15,65.32,64.64,64.94,1072500
2018-09-25 20:00:00-04:00,65.06,65.41,64.56,64.59,962200
2018-09-26 20:00:00-04:00,64.73,65.02,63.76,63.91,747900
2018-09-27 20:00:00-04:00,63.91,64.77,63.83,64.74,1701200
2018-09-30 20:00:00-04:00,64.96,65.07,64.06,64.07,777100
2018-10-01 20:00:00-04:00,64.26,64.50,63.89,64.12,810400
2018-10-02 20:00:00-04:00,64.05,64.31,63.22,63.52,868700
2018-10-03 20:00:00-04:00,63.31,63.49,62.55,63.37,715900
2018-10-04 20:00:00-04:00,63.28,63.91,63.23,63.75,730400
2018-10-07 20:00:00-04:00,63.89,64.88,63.61,64.29,900000
2018-10-08 20:00:00-04:00,64.20,65.12,63.85,65.09,870900
2018-10-09 20:00:00-04:00,65.01,65.38,64.50,64.50,976900
2018-10-10 20:00:00-04:00,64.78,64.80,63.23,63.23,1352000
2018-10-11 20:00:00-04:00,63.57,63.85,63.14,63.41,709200
2018-10-14 20:00:00-04:00,63.28,64.66,63.28,63.91,682100
2018-10-15 20:00:00-04:00,64.03,65.09,63.73,64.82,871500
2018-10-16 20:00:00-04:00,64.70,65.09,63.76,64.31,767600
2018-10-17 20:00:00-04:00,64.30,65.12,64.29,64.54,579100
2018-10-18 20:00:00-04:00,64.75,65.36,64.61,65.15,642200
2018-10-21 20:00:00-04:00,65.40,65.98,64.20,64.21,583900
2018-10-22 20:00:00-04:00,64.08,64.90,63.61,64.59,495400
2018-10-23 20:00:00-04:00,64.73,66.03,64.47,65.56,890700
2018-10-24 20:00:00-04:00,65.66,66.27,65.12,65.96,651000
2018-10-25 20:00:00-04:00,65.98,66.26,64.47,65.53,1486500
2018-10-28 20:00:00-04:00,65.82,67.96,65.77,67.70,1139300
2018-10-29 20:00:00-04:00,67.63,68.61,67.13,67.98,2085500
2018-10-30 20:00:00-04:00,68.00,69.08,67.25,67.30,1552200
2018-10-31 20:00:00-04:00,67.38,68.22,67.07,67.54,1119900
2018-11-01 20:00:00-04:00,67.51,67.51,64.57,65.18,1382900
2018-11-04 19:00:00-05:00,65.14,66.63,65.01,66.41,1338700
2018-11-05 19:00:00-05:00,66.40,66.83,66.09,66.28,882200
2018-11-06 19:00:00-05:00,66.48,67.03,66.16,66.90,788000
2018-11-07 19:00:00-05:00,66.87,67.46,66.71,67.46,730700
2018-11-08 19:00:00-05:00,67.44,68.21,67.44,67.81,673600
2018-11-11 19:00:00-05:00,68.01,69.01,67.60,68.28,791800
2018-11-12 19:00:00-05:00,68.53,68.69,67.68,68.58,743200
2018-11-13 19:00:00-05:00,68.72,69.87,68.69,69.49,1329700
2018-11-14 19:00:00-05:00,69.17,69.63,68.73,69.39,890400
2018-11-15 19:00:00-05:00,69.39,70.98,69.19,70.94,2493500
2018-11-18 19:00:00-05:00,70.95,71.56,70.27,71.29,2792200
2018-11-19 19:00:00-05:00,71.59,71.90,70.30,70.62,1026300
2018-11-20 19:00:00-05:00,70.46,70.56,69.40,69.41,654500
2018-11-22 19:00:00-05:00,69.37,69.80,68.76,69.56,196400
2018-11-25 19:00:00-05:00,69.76,69.83,69.03,69.21,905400
2018-11-26 19:00:00-05:00,69.24,69.69,69.03,69.67,937300
2018-11-27 19:00:00-05:00,69.58,70.56,69.17,70.08,804000
2018-11-28 19:00:00-05:00,69.95,70.89,69.49,70.53,787100
2018-11-29 19:00:00-05:00,70.75,71.73,70.39,71.72,1996400
2018-12-02 19:00:00-05:00,71.70,72.51,71.46,72.49,1462100
2018-12-03 19:00:00-05:00,72.54,73.10,72.01,72.41,1117400
2018-12-05 19:00:00-05:00,72.36,74.72,71.80,74.59,1333600
2018-12-06 19:00:00-05:00,74.55,74.55,73.51,73.75,995400
2018-12-09 19:00:00-05:00,73.85,73.85,72.04,72.99,684500
2018-12-10 19:00:00-05:00,73.13,73.88,72.89,73.46,675900
2018-12-11 19:00:00-05:00,73.84,74.07,72.38,72.71,1452700
2018-12-12 19:00:00-05:00,72.80,73.97,72.68,73.43,1379200
2018-12-13 19:00:00-05:00,73.27,74.00,72.98,73.37,1351700
2018-12-16 19:00:00-05:00,73.64,73.64,70.11,70.27,1410300
2018-12-17 19:00:00-05:00,70.77,71.36,70.24,70.65,1083700
2018-12-18 19:00:00-05:00,70.99,71.37,70.19,70.70,807100
2018-12-19 19:00:00-05:00,70.59,70.91,69.56,70.14,1231600
2018-12-20 19:00:00-05:00,69.96,71.55,69.71,69.80,1659100
2018-12-23 19:00:00-05:00,69.76,69.76,66.77,66.80,424300
2018-12-25 19:00:00-05:00,67.00,68.14,66.19,68.09,757900
2018-12-26 19:00:00-05:00,67.72,68.43,66.17,68.38,742400
2018-12-27 19:00:00-05:00,68.82,68.97,67.35,67.82,775000
2018-12-30 19:00:00-05:00,67.82,68.21,67.38,68.21,537300
2019-01-01 19:00:00-05:00,67.94,67.94,65.58,65.92,845700
2019-01-02 19:00:00-05:00,65.93,67.39,65.93,66.69,711800
2019-01-03 19:00:00-05:00,66.83,67.72,66.13,66.22,831200
2019-01-06 19:00:00-05:00,66.38,66.94,66.06,66.12,864300
2019-01-07 19:00:00-05:00,66.28,67.28,65.98,67.17,1063500
2019-01-08 19:00:00-05:00,67.38,67.38,66.13,66.73,520200
2019-01-09 19:00:00-05:00,66.75,68.10,66.62,67.83,948300
2019-01-10 19:00:00-05:00,67.94,68.20,67.16,67.65,673800
2019-01-13 19:00:00-05:00,67.62,68.73,67.17,67.88,780300
2019-01-14 19:00:00-05:00,68.03,69.21,67.83,69.04,483300
2019-01-15 19:00:00-05:00,68.87,69.77,68.40,69.37,746000
2019-01-16 19:00:00-05:00,69.18,69.93,68.68,69.47,497600
2019-01-17 19:00:00-05:00,69.46,69.68,69.10,69.61,549600
2019-01-21 19:00:00-05:00,69.72,69.87,69.08,69.62,677500
2019-01-22 19:00:00-05:00,69.65,69.97,68.96,69.46,692000
2019-01-23 19:00:00-05:00,69.51,69.68,69.25,69.38,522900
2019-01-24 19:00:00-05:00,69.39,70.28,69.39,70.23,835300
2019-01-27 19:00:00-05:00,70.25,71.58,69.86,71.45,898200
2019-01-28 19:00:00-05:00,71.61,72.81,71.37,72.79,694900
2019-01-29 19:00:00-05:00,72.57,73.64,72.42,73.53,1332600
2019-01-30 19:00:00-05:00,73.48,74.43,72.90,74.34,998100
2019-01-31 19:00:00-05:00,74.39,74.39,72.34,73.60,709500
2019-02-03 19:00:00-05:00,73.27,73.90,73.04,73.89,397900
2019-02-04 19:00:00-05:00,74.27,74.27,73.27,73.91,710400
2019-02-05 19:00:00-05:00,73.90,74.11,73.54,74.07,678900
2019-02-06 19:00:00-05:00,74.13,75.28,73.87,75.09,710000
2019-02-07 19:00:00-05:00,75.18,75.87,75.06,75.68,776700
2019-02-10 19:00:00-05:00,75.54,75.82,75.20,75.36,654900
2019-02-11 19:00:00-05:00,75.21,75.55,73.92,74.64,704200
2019-02-12 19:00:00-05:00,74.43,75.18,74.24,74.88,675600
2019-02-13 19:00:00-05:00,74.98,75.13,74.26,74.62,665600
2019-02-14 19:00:00-05:00,74.89,75.23,74.31,75.18,802700
2019-02-18 19:00:00-05:00,75.12,75.19,74.59,74.72,731100
2019-02-19 19:00:00-05:00,74.67,74.85,72.11,72.38,1672500
2019-02-20 19:00:00-05:00,70.93,70.93,68.61,69.57,2699300
2019-02-21 19:00:00-05:00,70.02,71.30,69.48,71.29,1418200
2019-02-24 19:00:00-05:00,71.29,71.34,69.46,70.48,1393600
2019-02-25 19:00:00-05:00,70.68,70.72,69.87,70.48,935300
2019-02-26 19:00:00-05:00,70.21,71.38,69.79,71.14,1030900
2019-02-27 19:00:00-05:00,71.15,72.78,70.63,72.33,1764000
2019-02-28 19:00:00-05:00,72.22,72.32,71.30,72.06,1130300
2019-03-03 19:00:00-05:00,72.37,72.75,71.83,72.60,918100
2019-03-04 19:00:00-05:00,72.46,73.77,72.46,73.73,979500
2019-03-05 19:00:00-05:00,73.92,74.02,73.19,73.32,622500
2019-03-06 19:00:00-05:00,73.55,73.96,72.78,73.08,703700
2019-03-07 19:00:00-05:00,73.08,73.57,72.61,73.18,469200
2019-03-10 20:00:00-04:00,73.37,74.59,73.37,74.55,709700
2019-03-11 20:00:00-04:00,74.64,75.16,74.40,75.12,523500
2019-03-12 20:00:00-04:00,75.13,76.33,75.01,75.50,630500
2019-03-13 20:00:00-04:00,75.74,76.22,74.29,76.08,1352100
2019-03-14 20:00:00-04:00,76.12,76.43,75.55,75.88,1792400
2019-03-17 20:00:00-04:00,75.88,75.99,75.03,75.40,814100
2019-03-18 20:00:00-04:00,75.48,75.65,74.89,75.23,909400
2019-03-19 20:00:00-04:00,75.06,75.73,74.57,75.49,1046100
2019-03-20 20:00:00-04:00,75.03,76.64,74.87,76.55,547500
2019-03-21 20:00:00-04:00,76.81,77.79,76.34,76.51,866200
2019-03-24 20:00:00-04:00,76.54,77.50,76.24,77.06,492300
2019-03-25 20:00:00-04:00,77.17,77.45,76.45,77.41,668500
2019-03-26 20:00:00-04:00,77.53,77.58,76.46,76.92,673300
2019-03-27 20:00:00-04:00,77.17,78.16,76.90,78.14,510900
2019-03-28 20:00:00-04:00,78.04,78.14,77.22,77.50,848000
2019-03-31 20:00:00-04:00,76.81,77.03,75.93,76.94,1001900
2019-04-01 20:00:00-04:00,77.00,77.78,76.16,77.63,1988900
2019-04-02 20:00:00-04:00,77.68,78.03,76.81,77.71,880700
2019-04-03 20:00:00-04:00,77.66,77.80,76.54,76.74,442500
2019-04-04 20:00:00-04:00,76.91,77.35,76.65,77.29,439400
2019-04-07 20:00:00-04:00,76.98,77.06,75.76,76.14,1102900
2019-04-08 20:00:00-04:00,76.38,77.31,75.98,76.80,644600
2019-04-09 20:00:00-04:00,77.08,77.80,77.05,77.56,805400
2019-04-10 20:00:00-04:00,77.70,77.97,76.78,77.26,700100
2019-04-11 20:00:00-04:00,77.24,77.73,76.65,77.71,448100
2019-04-14 20:00:00-04:00,77.84,78.09,76.98,77.32,469600
2019-04-15 20:00:00-04:00,77.28,77.28,75.59,76.07,440700
2019-04-16 20:00:00-04:00,76.13,76.30,75.25,75.89,751200
2019-04-17 20:00:00-04:00,75.90,76.74,75.66,76.58,625100
2019-04-21 20:00:00-04:00,76.22,76.44,74.49,75.47,773700
2019-04-22 20:00:00-04:00,75.81,76.28,75.51,76.11,570800
2019-04-23 20:00:00-04:00,76.47,77.56,76.27,77.42,497200
2019-04-24 20:00:00-04:00,77.16,77.84,76.93,77.60,604000
2019-04-25 20:00:00-04:00,77.90,79.11,77.39,78.75,1107700
2019-04-28 20:00:00-04:00,78.77,79.01,77.57,78.06,1468100
2019-04-29 20:00:00-04:00,78.30,79.41,77.87,78.85,1337300
2019-04-30 20:00:00-04:00,78.71,82.18,78.40,80.60,1650000
2019-05-01 20:00:00-04:00,80.62,81.44,79.92,80.96,1075200
2019-05-02 20:00:00-04:00,81.18,81.50,80.39,80.82,624300
2019-05-05 20:00:00-04:00,80.77,81.13,80.18,80.80,396800
2019-05-06 20:00:00-04:00,80.63,80.64,78.74,79.21,954900
2019-05-07 20:00:00-04:00,79.28,80.06,78.40,78.65,1428200
2019-05-08 20:00:00-04:00,78.52,79.19,78.24,78.93,1012900
2019-05-09 20:00:00-04:00,78.96,80.73,78.96,80.52,523500
2019-05-12 20:00:00-04:00,79.98,81.84,79.98,81.84,1529000
2019-05-13 20:00:00-04:00,81.95,82.28,80.40,81.09,1241800
2019-05-14 20:00:00-04:00,81.23,82.01,80.84,81.01,688800
2019-05-15 20:00:00-04:00,80.74,81.44,80.74,80.80,710200
2019-05-16 20:00:00-04:00,80.58,80.82,80.20,80.60,1131700
2019-05-19 20:00:00-04:00,80.59,80.96,80.13,80.51,546200
2019-05-20 20:00:00-04:00,80.64,81.27,80.39,81.00,775600
2019-05-21 20:00:00-04:00,81.12,81.37,80.69,80.80,476800
2019-05-22 20:00:00-04:00,80.62,81.38,80.62,81.13,1104600
2019-05-23 20:00:00-04:00,81.54,82.00,81.17,81.35,750800
2019-05-27 20:00:00-04:00,81.66,82.02,80.04,80.08,1584600
2019-05-28 20:00:00-04:00,80.20,80.20,79.04,79.67,1051900
2019-05-29 20:00:00-04:00,79.79,80.45,79.64,80.35,599100
2019-05-30 20:00:00-04:00,80.34,81.82,80.08,81.49,657600
2019-06-02 20:00:00-04:00,81.81,82.05,80.46,81.41,948000
2019-06-03 20:00:00-04:00,81.28,81.28,80.16,80.89,835500
2019-06-04 20:00:00-04:00,81.37,83.52,81.06,83.44,787800
2019-06-05 20:00:00-04:00,83.53,83.61,82.42,82.82,742700
2019-06-06 20:00:00-04:00,83.38,84.25,83.06,83.25,803000
2019-06-09 20:00:00-04:00,83.26,83.32,82.62,82.98,441300
2019-06-10 20:00:00-04:00,83.09,83.28,82.10,82.97,604900
2019-06-11 20:00:00-04:00,83.19,83.98,82.71,82.76,541100
2019-06-12 20:00:00-04:00,82.84,83.15,82.47,82.85,880100
2019-06-13 20:00:00-04:00,82.82,83.49,82.74,82.86,913000
2019-06-16 20:00:00-04:00,83.22,83.76,83.06,83.40,737400
2019-06-17 20:00:00-04:00,83.76,83.76,82.18,83.08,1014100
2019-06-18 20:00:00-04:00,82.69,84.06,82.10,83.65,765500
2019-06-19 20:00:00-04:00,83.96,84.16,83.27,83.64,886100
2019-06-20 20:00:00-04:00,83.57,83.57,81.96,82.61,1681600
2019-06-23 20:00:00-04:00,82.77,83.01,81.95,82.22,800500
2019-06-24 20:00:00-04:00,82.49,82.72,81.58,81.58,798900
2019-06-25 20:00:00-04:00,81.60,81.61,79.84,80.56,1229900
2019-06-26 20:00:00-04:00,81.08,81.57,80.64,80.98,614600
2019-06-27 20:00:00-04:00,80.89,81.71,80.88,81.36,1194800
2019-06-30 20:00:00-04:00,81.78,81.78,79.91,81.06,717000
2019-07-01 20:00:00-04:00,81.40,83.24,81.40,82.28,1801300
2019-07-02 20:00:00-04:00,82.35,83.29,82.35,83.20,519800
2019-07-04 20:00:00-04:00,82.77,83.50,81.87,83.20,378700
2019-07-07 20:00:00-04:00,83.22,84.22,83.04,83.90,568400
2019-07-08 20:00:00-04:00,83.89,84.96,83.85,84.78,491200
2019-07-09 20:00:00-04:00,85.01,85.55,84.16,85.45,547100
2019-07-10 20:00:00-04:00,85.25,85.59,84.39,84.81,510500
2019-07-11 20:00:00-04:00,85.00,85.21,84.41,85.01,337400
2019-07-14 20:00:00-04:00,85.34,86.36,85.07,85.87,788900
2019-07-15 20:00:00-04:00,85.67,85.84,85.12,85.42,518600
2019-07-16 20:00:00-04:00,85.74,86.09,84.85,85.37,417700
2019-07-17 20:00:00-04:00,85.10,85.52,84.52,85.18,524500
2019-07-18 20:00:00-04:00,85.28,85.40,83.20,83.34,650000
2019-07-21 20:00:00-04:00,83.46,83.83,82.82,83.34,450900
2019-07-22 20:00:00-04:00,83.30,84.36,83.00,84.35,327000
2019-07-23 20:00:00-04:00,84.45,84.46,83.54,84.21,664400
2019-07-24 20:00:00-04:00,84.32,84.53,83.71,84.31,517600
2019-07-25 20:00:00-04:00,84.35,84.88,83.92,84.55,456700
2019-07-28 20:00:00-04:00,84.88,86.02,84.71,85.43,568400
2019-07-29 20:00:00-04:00,85.34,86.51,85.21,85.80,699400
2019-07-30 20:00:00-04:00,85.77,87.62,85.65,86.18,1424200
2019-07-31 20:00:00-04:00,86.49,87.77,85.73,87.53,713900
2019-08-01 20:00:00-04:00,87.67,88.49,86.78,88.04,716300
2019-08-04 20:00:00-04:00,88.10,88.63,86.36,87.51,1041500
2019-08-05 20:00:00-04:00,87.28,89.07,87.12,88.37,995300
2019-08-06 20:00:00-04:00,88.37,90.19,87.77,89.70,840900
2019-08-07 20:00:00-04:00,89.59,91.10,88.90,91.03,841300
2019-08-08 20:00:00-04:00,91.04,91.39,90.07,90.97,1288300
2019-08-11 20:00:00-04:00,90.95,91.44,90.53,91.32,667400
2019-08-12 20:00:00-04:00,91.29,91.53,90.09,91.26,761100
2019-08-13 20:00:00-04:00,91.30,91.57,90.39,90.46,565100
2019-08-14 20:00:00-04:00,90.70,92.85,90.53,92.63,771500
2019-08-15 20:00:00-04:00,92.88,93.06,92.31,92.49,944900
2019-08-18 20:00:00-04:00,92.82,93.57,92.15,93.33,619400
2019-08-19 20:00:00-04:00,94.18,94.22,92.49,92.75,730500
2019-08-20 20:00:00-04:00,93.02,93.45,92.51,92.61,1000100
2019-08-21 20:00:00-04:00,92.78,93.28,92.18,93.07,1305600
2019-08-22 20:00:00-04:00,93.36,94.44,92.42,92.78,805300
2019-08-25 20:00:00-04:00,92.95,93.34,92.28,93.18,567900
2019-08-26 20:00:00-04:00,93.51,94.18,92.91,92.96,676500
2019-08-27 20:00:00-04:00,93.23,93.49,92.76,92.78,616700
2019-08-28 20:00:00-04:00,93.13,93.30,92.43,92.94,821300
2019-08-29 20:00:00-04:00,93.13,93.76,92.57,93.49,678600
2019-09-02 20:00:00-04:00,93.39,94.60,93.27,93.90,906100
2019-09-03 20:00:00-04:00,94.31,95.43,94.08,94.71,1050800
2019-09-04 20:00:00-04:00,94.45,94.88,92.61,92.93,1009100
2019-09-05 20:00:00-04:00,93.20,93.45,91.75,91.82,917800
2019-09-08 20:00:00-04:00,91.74,91.92,90.27,90.70,1292700
2019-09-09 20:00:00-04:00,90.18,90.59,88.19,88.78,1088300
2019-09-10 20:00:00-04:00,88.44,89.67,87.90,89.36,841100
2019-09-11 20:00:00-04:00,90.24,91.19,89.45,89.71,965000
2019-09-12 20:00:00-04:00,89.85,90.29,89.28,89.73,1073500
2019-09-15 20:00:00-04:00,88.92,90.62,88.30,90.50,1031200
2019-09-16 20:00:00-04:00,90.97,91.55,90.53,90.97,845200
2019-09-17 20:00:00-04:00,91.12,91.30,89.50,90.28,693200
2019-09-18 20:00:00-04:00,90.76,90.86,89.78,90.29,791100
2019-09-19 20:00:00-04:00,90.70,91.04,89.41,89.62,1712700
2019-09-22 20:00:00-04:00,89.27,89.82,89.14,89.44,996100
2019-09-23 20:00:00-04:00,89.73,90.31,89.12,89.90,1399100
2019-09-24 20:00:00-04:00,89.95,90.53,89.71,90.46,791900
2019-09-25 20:00:00-04:00,90.73,91.38,90.28,91.17,939200
2019-09-26 20:00:00-04:00,91.21,91.24,89.56,90.17,631500
2019-09-29 20:00:00-04:00,89.99,91.01,89.98,90.27,763800
2019-09-30 20:00:00-04:00,90.03,90.19,88.04,89.38,806000
2019-10-01 20:00:00-04:00,89.50,90.21,88.86,89.02,818900
2019-10-02 20:00:00-04:00,89.23,90.57,89.19,90.14,1337600
2019-10-03 20:00:00-04:00,90.28,91.06,89.88,90.76,573400
2019-10-06 20:00:00-04:00,90.32,90.79,90.06,90.22,509600
2019-10-07 20:00:00-04:00,90.32,91.04,89.45,90.43,930300
2019-10-08 20:00:00-04:00,90.67,91.04,90.14,90.30,472700
2019-10-09 20:00:00-04:00,90.12,90.40,89.40,89.85,545000
2019-10-10 20:00:00-04:00,89.64,89.89,89.22,89.38,709800
2019-10-13 20:00:00-04:00,89.50,89.64,88.76,89.05,440300
2019-10-14 20:00:00-04:00,89.06,89.30,87.94,88.86,606300
2019-10-15 20:00:00-04:00,88.78,89.02,88.18,89.00,755600
2019-10-16 20:00:00-04:00,88.90,89.27,88.27,88.32,579400
2019-10-17 20:00:00-04:00,88.32,88.52,87.65,88.28,906900
2019-10-20 20:00:00-04:00,88.11,89.58,88.11,89.36,970900
2019-10-21 20:00:00-04:00,89.44,90.04,88.86,89.03,911700
2019-10-22 20:00:00-04:00,89.09,89.60,88.52,89.39,975900
2019-10-23 20:00:00-04:00,89.54,90.03,88.86,89.29,622900
2019-10-24 20:00:00-04:00,88.51,88.69,86.57,86.72,795500
2019-10-27 20:00:00-04:00,86.64,87.18,86.23,86.60,965000
2019-10-28 20:00:00-04:00,86.67,87.72,86.51,87.11,783600
2019-10-29 20:00:00-04:00,86.65,86.86,83.49,85.66,2113200
2019-10-30 20:00:00-04:00,85.90,86.83,85.76,86.75,1152500
2019-10-31 20:00:00-04:00,86.82,87.35,85.08,85.94,925100
2019-11-03 19:00:00-05:00,85.76,85.76,83.99,84.24,1048100
2019-11-04 19:00:00-05:00,83.74,84.03,81.86,82.77,1522500
2019-11-05 19:00:00-05:00,83.12,84.28,82.73,84.15,917100
2019-11-06 19:00:00-05:00,83.79,84.24,83.18,83.43,803400
2019-11-07 19:00:00-05:00,83.34,83.59,81.96,82.13,735500
2019-11-10 19:00:00-05:00,82.07,82.53,81.42,81.65,829300
2019-11-11 19:00:00-05:00,81.78,82.79,80.67,80.73,716100
2019-11-12 19:00:00-05:00,81.02,81.99,80.80,81.42,772600
2019-11-13 19:00:00-05:00,81.65,82.86,81.65,82.77,714900
2019-11-14 19:00:00-05:00,82.84,82.96,82.42,82.84,801800
2019-11-17 19:00:00-05:00,82.68,83.25,81.98,82.30,948600
2019-11-18 19:00:00-05:00,82.50,82.82,81.76,82.53,1219400
2019-11-19 19:00:00-05:00,82.85,83.15,81.93,82.66,630100
2019-11-20 19:00:00-05:00,82.33,82.40,81.29,81.63,833200
2019-11-21 19:00:00-05:00,81.90,81.91,80.74,81.60,933800
2019-11-24 19:00:00-05:00,81.89,82.23,81.02,81.18,1277900
2019-11-25 19:00:00-05:00,81.42,82.69,81.09,82.68,2357400
2019-11-26 19:00:00-05:00,82.30,82.30,81.66,82.07,580200
2019-11-28 19:00:00-05:00,82.23,82.61,81.69,81.95,449600
2019-12-01 19:00:00-05:00,81.70,81.88,80.61,80.84,762200
2019-12-02 19:00:00-05:00,81.07,82.21,81.07,82.10,812500
2019-12-03 19:00:00-05:00,81.68,82.67,81.56,82.26,1006600
2019-12-04 19:00:00-05:00,82.15,82.74,81.92,82.74,612100
2019-12-05 19:00:00-05:00,82.74,83.36,82.37,83.07,932700
2019-12-08 19:00:00-05:00,83.18,83.18,82.21,82.40,899800
2019-12-09 19:00:00-05:00,82.34,82.47,80.52,81.46,1008100
2019-12-10 19:00:00-05:00,81.61,81.76,80.39,81.11,1368200
2019-12-11 19:00:00-05:00,81.08,81.24,78.71,79.13,1590900
2019-12-12 19:00:00-05:00,79.43,79.99,78.61,79.74,1153100
2019-12-15 19:00:00-05:00,79.84,80.66,79.24,80.48,1134100
2019-12-16 19:00:00-05:00,80.52,80.91,79.85,80.06,1002600
2019-12-17 19:00:00-05:00,80.06,81.01,79.99,80.69,901400
2019-12-18 19:00:00-05:00,80.54,81.22,80.37,80.96,621400
2019-12-19 19:00:00-05:00,81.22,81.96,80.94,81.44,1564100
2019-12-22 19:00:00-05:00,81.66,81.97,80.80,80.92,462500
2019-12-23 19:00:00-05:00,81.04,81.51,80.67,81.39,171000
2019-12-25 19:00:00-05:00,81.51,81.58,80.80,81.54,374700
2019-12-26 19:00:00-05:00,81.76,81.97,81.13,81.47,446700
2019-12-29 19:00:00-05:00,81.24,81.70,80.76,81.33,688800
2019-12-30 19:00:00-05:00,81.43,82.34,81.27,82.34,1026800
2020-01-01 19:00:00-05:00,82.54,82.58,81.26,81.65,950900
2020-01-02 19:00:00-05:00,81.53,83.10,81.39,83.04,745000
2020-01-05 19:00:00-05:00,83.03,83.43,82.41,82.99,1207800
2020-01-06 19:00:00-05:00,82.55,82.84,82.06,82.61,893600
2020-01-07 19:00:00-05:00,82.63,82.96,81.97,82.78,791200
2020-01-08 19:00:00-05:00,82.54,83.28,82.36,82.54,639800
2020-01-09 19:00:00-05:00,82.69,84.09,82.56,84.02,817400
2020-01-12 19:00:00-05:00,84.02,84.37,83.48,84.29,1045700
2020-01-13 19:00:00-05:00,84.20,84.50,83.43,84.47,1062600
2020-01-14 19:00:00-05:00,84.85,85.61,84.72,85.43,1268300
2020-01-15 19:00:00-05:00,85.61,86.50,85.32,86.46,863800
2020-01-16 19:00:00-05:00,86.63,87.31,85.92,86.97,1616400
2020-01-20 19:00:00-05:00,87.20,88.07,86.92,87.90,728900
2020-01-21 19:00:00-05:00,88.09,88.32,85.12,85.53,1184000
2020-01-22 19:00:00-05:00,85.71,86.40,85.29,86.19,790600
2020-01-23 19:00:00-05:00,86.24,86.57,85.95,86.48,353500
2020-01-26 19:00:00-05:00,86.28,86.96,86.07,86.53,427800
2020-01-27 19:00:00-05:00,86.42,86.95,85.89,86.16,593000
2020-01-28 19:00:00-05:00,86.26,86.31,85.01,85.33,1283400
2020-01-29 19:00:00-05:00,85.21,86.26,84.98,86.21,568200
2020-01-30 19:00:00-05:00,86.28,86.61,85.73,86.28,668300
2020-02-02 19:00:00-05:00,86.32,86.68,85.34,85.43,611700
2020-02-03 19:00:00-05:00,85.29,86.21,85.29,85.92,511800
2020-02-04 19:00:00-05:00,85.63,86.00,85.12,85.34,803000
2020-02-05 19:00:00-05:00,85.33,86.22,85.33,85.77,426600
2020-02-06 19:00:00-05:00,86.09,86.59,85.82,85.92,387900
2020-02-09 19:00:00-05:00,86.45,86.73,86.04,86.73,413700
2020-02-10 19:00:00-05:00,86.71,87.34,86.60,86.96,449400
2020-02-11 19:00:00-05:00,86.79,87.91,86.67,87.44,620200
2020-02-12 19:00:00-05:00,87.56,88.33,87.45,88.12,596100
2020-02-13 19:00:00-05:00,88.38,90.00,88.23,89.99,665400
2020-02-17 19:00:00-05:00,90.14,90.28,89.48,89.96,857200
2020-02-18 19:00:00-05:00,87.84,87.84,82.99,83.79,2034300
2020-02-19 19:00:00-05:00,83.76,84.28,82.03,83.66,1284200
2020-02-20 19:00:00-05:00,83.51,85.60,83.48,85.13,929500
2020-02-23 19:00:00-05:00,84.91,86.77,84.43,84.83,1114600
2020-02-24 19:00:00-05:00,85.03,85.03,82.41,83.42,1138300
2020-02-25 19:00:00-05:00,83.16,85.57,82.59,83.93,1376200
2020-02-26 19:00:00-05:00,83.44,84.07,78.48,78.50,1480900
2020-02-27 19:00:00-05:00,78.12,79.15,75.68,78.24,2162400
2020-03-01 19:00:00-05:00,78.86,82.54,78.83,82.17,1287500
2020-03-02 19:00:00-05:00,82.16,83.72,81.11,82.36,1211800
2020-03-03 19:00:00-05:00,83.62,87.66,83.13,85.59,1457600
2020-03-04 19:00:00-05:00,84.79,86.43,84.05,86.19,979600
2020-03-05 19:00:00-05:00,84.41,86.07,83.01,85.77,972100
2020-03-08 20:00:00-04:00,82.35,84.40,81.12,82.56,1380900
2020-03-09 20:00:00-04:00,83.82,84.44,78.96,83.87,1597100
2020-03-10 20:00:00-04:00,82.08,82.57,80.70,81.39,1371100
2020-03-11 20:00:00-04:00,77.80,80.21,74.77,75.06,2108700
2020-03-12 20:00:00-04:00,77.95,78.91,73.04,76.00,2030500
2020-03-15 20:00:00-04:00,70.61,72.79,64.05,64.25,2025200
2020-03-16 20:00:00-04:00,65.18,69.45,64.50,67.86,1931300
2020-03-17 20:00:00-04:00,64.25,72.72,63.43,70.80,2893700
2020-03-18 20:00:00-04:00,70.24,71.38,66.34,68.23,2297200
2020-03-19 20:00:00-04:00,68.25,68.25,61.15,62.73,2037600
2020-03-22 20:00:00-04:00,62.73,63.14,57.21,58.71,1702900
2020-03-23 20:00:00-04:00,60.19,62.55,58.92,61.63,1945200
2020-03-24 20:00:00-04:00,61.01,68.61,60.71,65.35,1057700
2020-03-25 20:00:00-04:00,65.27,71.05,64.67,70.69,1469600
2020-03-26 20:00:00-04:00,69.17,76.46,68.95,75.56,1769000
2020-03-29 20:00:00-04:00,76.10,77.76,73.68,76.14,2442400
2020-03-30 20:00:00-04:00,75.29,76.35,73.66,75.36,2695600
2020-03-31 20:00:00-04:00,72.83,76.09,72.25,73.97,2317900
2020-04-01 20:00:00-04:00,72.93,76.30,71.72,75.51,2234900
2020-04-02 20:00:00-04:00,74.95,76.78,74.26,75.65,1733400
2020-04-05 20:00:00-04:00,77.04,78.92,76.35,78.60,1448700
2020-04-06 20:00:00-04:00,79.48,80.59,76.50,76.70,1406800
2020-04-07 20:00:00-04:00,76.25,77.69,75.29,77.27,1788900
2020-04-08 20:00:00-04:00,77.68,82.64,77.43,80.98,1660000
2020-04-12 20:00:00-04:00,80.26,80.53,75.37,75.90,1313000
2020-04-13 20:00:00-04:00,76.60,78.26,74.95,75.25,1680000
2020-04-14 20:00:00-04:00,75.16,75.74,72.30,73.19,1456900
2020-04-15 20:00:00-04:00,73.42,74.37,71.83,71.91,1198600
2020-04-16 20:00:00-04:00,71.86,73.89,71.86,73.26,1106100
2020-04-19 20:00:00-04:00,72.84,73.45,70.27,70.32,1099100
2020-04-20 20:00:00-04:00,69.31,70.34,68.19,69.90,955900
2020-04-21 20:00:00-04:00,70.76,72.14,70.43,72.01,793800
2020-04-22 20:00:00-04:00,71.75,72.08,69.05,69.19,1211200
2020-04-23 20:00:00-04:00,69.84,70.51,69.25,69.95,1285900
2020-04-26 20:00:00-04:00,70.30,72.16,69.40,72.13,913500
2020-04-27 20:00:00-04:00,73.27,74.30,72.37,72.93,1309800
2020-04-28 20:00:00-04:00,74.00,74.65,70.26,70.46,1177000
2020-04-29 20:00:00-04:00,69.64,70.18,68.55,69.44,1018300
2020-04-30 20:00:00-04:00,68.35,68.90,65.37,68.59,1386000
2020-05-03 20:00:00-04:00,69.02,69.03,66.43,67.13,983100
2020-05-04 20:00:00-04:00,67.32,68.82,67.01,67.60,699700
2020-05-05 20:00:00-04:00,67.77,67.77,65.58,66.10,840800
2020-05-06 20:00:00-04:00,66.83,69.69,66.60,69.38,1296400
2020-05-07 20:00:00-04:00,70.42,72.42,70.12,72.15,847300
2020-05-10 20:00:00-04:00,71.58,73.19,71.05,72.30,901500
2020-05-11 20:00:00-04:00,72.40,72.63,66.50,67.13,1205500
2020-05-12 20:00:00-04:00,66.76,68.05,65.92,66.41,1036700
2020-05-13 20:00:00-04:00,65.81,66.39,63.77,66.26,786100
2020-05-14 20:00:00-04:00,65.92,65.97,63.63,64.38,1113000
2020-05-17 20:00:00-04:00,65.79,69.03,65.79,68.57,988000
2020-05-18 20:00:00-04:00,68.16,69.30,67.20,68.82,754800
2020-05-19 20:00:00-04:00,69.33,69.74,67.79,68.95,754400
2020-05-20 20:00:00-04:00,68.50,69.49,67.91,68.41,510600
2020-05-21 20:00:00-04:00,68.34,68.98,67.58,67.86,523000
2020-05-25 20:00:00-04:00,69.40,72.76,69.27,72.55,1017000
2020-05-26 20:00:00-04:00,73.49,74.55,72.94,74.27,942300
2020-05-27 20:00:00-04:00,74.51,76.60,73.68,76.51,885200
2020-05-28 20:00:00-04:00,76.14,76.40,74.15,76.14,1352200
2020-05-31 20:00:00-04:00,76.21,78.08,74.96,77.77,940700
2020-06-01 20:00:00-04:00,78.69,79.17,77.03,78.84,1504000
2020-06-02 20:00:00-04:00,78.91,81.27,78.91,80.57,1280900
2020-06-03 20:00:00-04:00,80.23,80.43,78.70,79.84,771300
2020-06-04 20:00:00-04:00,81.81,83.71,81.13,81.32,1247700
2020-06-07 20:00:00-04:00,81.73,83.69,81.47,82.28,905300
2020-06-08 20:00:00-04:00,81.13,81.57,79.74,81.02,806600
2020-06-09 20:00:00-04:00,81.13,81.13,78.69,79.21,657600
2020-06-10 20:00:00-04:00,77.22,77.80,73.94,74.07,1260000
2020-06-11 20:00:00-04:00,76.18,77.28,74.33,76.84,811600
2020-06-14 20:00:00-04:00,75.30,77.90,74.71,77.40,918000
2020-06-15 20:00:00-04:00,79.60,79.68,76.94,77.56,942800
2020-06-16 20:00:00-04:00,78.01,78.39,76.50,77.06,637300
2020-06-17 20:00:00-04:00,76.32,76.46,74.81,75.89,667100
2020-06-18 20:00:00-04:00,76.99,76.99,73.68,73.87,2966900
2020-06-21 20:00:00-04:00,73.46,74.55,72.14,73.75,759200
2020-06-22 20:00:00-04:00,74.46,74.96,72.70,72.84,809300
2020-06-23 20:00:00-04:00,72.12,72.87,70.62,71.89,1023300
2020-06-24 20:00:00-04:00,71.72,73.01,71.38,72.93,721300
2020-06-25 20:00:00-04:00,72.91,73.74,71.75,72.31,1124700
2020-06-28 20:00:00-04:00,72.98,73.21,72.14,72.96,512500
2020-06-29 20:00:00-04:00,73.10,74.65,72.59,73.39,1201800
2020-06-30 20:00:00-04:00,73.51,77.26,73.13,77.04,853000
2020-07-01 20:00:00-04:00,77.93,78.42,76.84,77.27,755800
2020-07-05 20:00:00-04:00,78.69,78.83,76.13,76.44,543700
2020-07-06 20:00:00-04:00,75.70,76.51,75.15,75.54,609000
2020-07-07 20:00:00-04:00,75.58,76.20,75.22,76.01,933900
2020-07-08 20:00:00-04:00,75.81,76.15,74.52,75.65,429700
2020-07-09 20:00:00-04:00,75.82,76.81,75.82,76.47,804000
2020-07-12 20:00:00-04:00,76.79,76.97,75.98,76.28,811500
2020-07-13 20:00:00-04:00,76.63,77.70,76.34,77.31,740600
2020-07-14 20:00:00-04:00,77.93,78.35,77.35,77.93,870800
2020-07-15 20:00:00-04:00,77.70,78.17,76.61,76.83,951400
2020-07-16 20:00:00-04:00,76.98,78.73,76.11,78.41,1124100
2020-07-19 20:00:00-04:00,78.25,78.49,76.78,77.05,991200
2020-07-20 20:00:00-04:00,77.44,77.86,76.59,76.89,762600
2020-07-21 20:00:00-04:00,76.47,78.20,76.14,77.82,575900
2020-07-22 20:00:00-04:00,77.48,77.85,76.60,77.04,564500
2020-07-23 20:00:00-04:00,77.63,77.92,75.68,75.80,802200
2020-07-26 20:00:00-04:00,75.60,76.17,74.77,75.93,556800
2020-07-27 20:00:00-04:00,76.09,79.22,76.09,79.13,916500
2020-07-28 20:00:00-04:00,79.36,80.40,78.89,80.14,895700
2020-07-29 20:00:00-04:00,79.34,80.89,79.00,80.65,1665600
2020-07-30 20:00:00-04:00,80.56,82.19,79.57,82.11,1047700
2020-08-02 20:00:00-04:00,81.49,81.49,80.38,80.98,965900
2020-08-03 20:00:00-04:00,81.13,84.05,80.72,83.52,1051500
2020-08-04 20:00:00-04:00,83.96,84.19,80.47,81.26,1142600
2020-08-05 20:00:00-04:00,80.20,80.70,77.39,80.33,1145400
2020-08-06 20:00:00-04:00,80.10,82.84,79.93,82.44,1024800
2020-08-09 20:00:00-04:00,82.72,84.05,82.38,83.45,646300
2020-08-10 20:00:00-04:00,84.14,84.51,81.52,81.83,632900
2020-08-11 20:00:00-04:00,82.09,82.42,81.02,82.23,711900
2020-08-12 20:00:00-04:00,81.92,83.15,81.45,81.86,603900
2020-08-13 20:00:00-04:00,81.86,83.60,81.86,82.80,622200
2020-08-16 20:00:00-04:00,82.81,83.20,82.17,83.17,687300
2020-08-17 20:00:00-04:00,83.23,83.84,82.62,83.50,616100
2020-08-18 20:00:00-04:00,83.03,83.24,81.03,81.20,500500
2020-08-19 20:00:00-04:00,81.05,82.80,80.96,82.76,627400
2020-08-20 20:00:00-04:00,83.05,83.77,82.66,83.67,807800
2020-08-23 20:00:00-04:00,83.67,84.81,83.23,84.41,510800
2020-08-24 20:00:00-04:00,84.56,84.77,83.15,84.27,821400
2020-08-25 20:00:00-04:00,83.67,84.09,82.52,84.06,608200
2020-08-26 20:00:00-04:00,84.52,84.98,84.38,84.64,581900
2020-08-27 20:00:00-04:00,84.65,84.82,83.61,84.81,619300
2020-08-30 20:00:00-04:00,84.24,84.99,83.74,84.66,816600
2020-08-31 20:00:00-04:00,85.01,85.34,83.94,84.90,436300
2020-09-01 20:00:00-04:00,84.85,86.22,84.33,86.18,904100
2020-09-02 20:00:00-04:00,86.84,87.36,85.26,85.93,462800
2020-09-03 20:00:00-04:00,85.91,86.77,84.44,86.09,710300
2020-09-07 20:00:00-04:00,85.73,86.80,84.59,85.83,643200
2020-09-08 20:00:00-04:00,86.45,89.39,86.45,88.05,940900
2020-09-09 20:00:00-04:00,87.73,87.96,86.85,87.30,449800
2020-09-10 20:00:00-04:00,87.38,89.26,86.56,88.34,650900
2020-09-13 20:00:00-04:00,88.83,89.41,88.58,89.18,783600
2020-09-14 20:00:00-04:00,89.06,90.12,88.37,89.03,615100
2020-09-15 20:00:00-04:00,89.45,90.67,88.97,89.95,1096100
2020-09-16 20:00:00-04:00,89.25,90.00,88.05,89.08,770400
2020-09-17 20:00:00-04:00,88.27,88.91,87.51,87.57,1310000
2020-09-20 20:00:00-04:00,86.45,87.80,84.55,86.16,1038000
2020-09-21 20:00:00-04:00,85.91,87.46,85.91,86.38,976100
2020-09-22 20:00:00-04:00,86.39,86.39,82.97,83.62,1224000
2020-09-23 20:00:00-04:00,84.08,84.48,82.59,83.24,853900
2020-09-24 20:00:00-04:00,82.85,84.68,82.30,84.47,1453300
2020-09-27 20:00:00-04:00,85.73,87.10,85.20,86.61,797000
2020-09-28 20:00:00-04:00,86.42,86.96,85.22,85.90,630500
2020-09-29 20:00:00-04:00,86.26,86.75,85.02,85.70,1056000
2020-09-30 20:00:00-04:00,85.96,87.94,85.78,87.50,1061500
2020-10-01 20:00:00-04:00,87.06,90.40,86.09,90.03,1405300
2020-10-04 20:00:00-04:00,90.52,90.63,87.00,90.35,1198400
2020-10-05 20:00:00-04:00,90.86,91.55,88.87,89.67,1716200
2020-10-06 20:00:00-04:00,90.18,90.67,89.14,90.14,1069100
2020-10-07 20:00:00-04:00,90.32,91.28,90.19,91.12,1029800
2020-10-08 20:00:00-04:00,91.69,91.75,89.86,90.80,1137100
2020-10-11 20:00:00-04:00,90.85,91.40,89.51,91.24,723300
2020-10-12 20:00:00-04:00,91.64,91.64,88.63,90.64,2469000
2020-10-13 20:00:00-04:00,90.90,91.17,90.28,90.81,887400
2020-10-14 20:00:00-04:00,90.42,92.21,90.36,92.07,1357800
2020-10-15 20:00:00-04:00,91.88,92.52,91.42,91.82,1310200
2020-10-18 20:00:00-04:00,91.97,92.17,90.88,91.10,869600
2020-10-19 20:00:00-04:00,91.78,92.49,91.26,91.61,800600
2020-10-20 20:00:00-04:00,91.85,93.19,91.51,92.40,1171000
2020-10-21 20:00:00-04:00,92.18,94.24,92.18,94.09,930700
2020-10-22 20:00:00-04:00,94.52,95.08,93.77,95.05,920300
2020-10-25 20:00:00-04:00,94.55,95.10,93.02,95.01,1360400
2020-10-26 20:00:00-04:00,95.14,96.35,93.71,93.79,1021300
2020-10-27 20:00:00-04:00,93.40,94.14,91.63,92.68,1132200
2020-10-28 20:00:00-04:00,92.69,93.74,92.15,93.17,1494200
2020-10-29 20:00:00-04:00,92.58,93.71,91.57,92.88,785300
2020-11-01 19:00:00-05:00,93.36,94.16,92.23,92.80,1158500
2020-11-02 19:00:00-05:00,93.58,94.14,92.60,93.60,1889500
2020-11-03 19:00:00-05:00,93.72,95.82,93.17,94.00,1469500
2020-11-04 19:00:00-05:00,94.09,95.35,90.96,91.24,1509600
2020-11-05 19:00:00-05:00,92.02,92.95,90.07,90.29,1876000
2020-11-08 19:00:00-05:00,95.83,96.98,85.53,85.65,2201900
2020-11-09 19:00:00-05:00,85.65,92.53,85.17,92.53,1700100
2020-11-10 19:00:00-05:00,92.97,94.62,91.82,94.51,1294500
2020-11-11 19:00:00-05:00,94.66,94.76,91.69,92.58,603700
2020-11-12 19:00:00-05:00,94.18,94.46,93.03,94.30,837700
2020-11-15 19:00:00-05:00,95.48,95.58,92.16,94.45,1012800
2020-11-16 19:00:00-05:00,93.90,94.78,93.10,94.42,865900
2020-11-17 19:00:00-05:00,94.39,94.45,90.61,90.61,697700
2020-11-18 19:00:00-05:00,90.39,91.00,89.11,90.21,664800
2020-11-19 19:00:00-05:00,89.98,90.52,89.19,90.27,685200
2020-11-22 19:00:00-05:00,90.40,91.27,88.55,88.83,1024800
2020-11-23 19:00:00-05:00,89.43,89.56,87.71,88.11,1121400
2020-11-24 19:00:00-05:00,88.44,89.90,88.08,89.71,727100
2020-11-26 19:00:00-05:00,89.61,89.61,87.51,88.11,253100
2020-11-29 19:00:00-05:00,87.82,90.31,87.82,90.30,1072400
2020-11-30 19:00:00-05:00,90.46,91.46,89.44,91.04,1044700
2020-12-01 19:00:00-05:00,90.73,91.71,88.96,89.25,582400
2020-12-02 19:00:00-05:00,89.42,91.00,89.15,90.92,876800
2020-12-03 19:00:00-05:00,91.09,92.04,90.12,91.60,612200
2020-12-06 19:00:00-05:00,91.00,92.41,91.00,92.12,1192800
2020-12-07 19:00:00-05:00,92.09,92.12,90.64,90.98,694900
2020-12-08 19:00:00-05:00,90.97,91.16,89.15,90.11,653600
2020-12-09 19:00:00-05:00,89.77,90.86,88.10,88.13,1072400
2020-12-10 19:00:00-05:00,88.06,89.47,87.83,88.43,1067600
2020-12-13 19:00:00-05:00,89.30,91.19,88.52,88.74,1107000
2020-12-14 19:00:00-05:00,89.11,90.23,87.65,90.17,1950400
2020-12-15 19:00:00-05:00,90.44,90.73,88.96,89.70,2194600
2020-12-16 19:00:00-05:00,90.61,92.41,90.25,92.20,1076900
2020-12-17 19:00:00-05:00,91.90,92.47,90.26,90.85,1431900
2020-12-20 19:00:00-05:00,90.73,92.58,90.10,92.24,745600
2020-12-21 19:00:00-05:00,92.24,93.36,91.91,93.03,635200
2020-12-22 19:00:00-05:00,93.44,93.44,91.03,91.12,604800
2020-12-23 19:00:00-05:00,91.46,92.42,91.15,92.38,123300
2020-12-27 19:00:00-05:00,92.71,92.71,91.04,91.91,464000
2020-12-28 19:00:00-05:00,92.07,92.75,90.94,91.91,362200
2020-12-29 19:00:00-05:00,92.06,93.04,91.88,92.64,622300
2020-12-30 19:00:00-05:00,92.79,93.69,91.47,93.57,603100
2021-01-03 19:00:00-05:00,93.46,93.80,89.00,89.07,772900
2021-01-04 19:00:00-05:00,88.88,89.64,87.64,87.93,794800
2021-01-05 19:00:00-05:00,87.66,88.42,86.06,87.79,948900
2021-01-06 19:00:00-05:00,87.56,88.18,87.04,88.00,885000
2021-01-07 19:00:00-05:00,88.31,90.63,88.25,90.49,731000
2021-01-10 19:00:00-05:00,90.16,90.46,88.94,89.93,504300
2021-01-11 19:00:00-05:00,89.62,90.96,89.13,90.37,601300
2021-01-12 19:00:00-05:00,89.85,91.23,89.65,90.34,946100
2021-01-13 19:00:00-05:00,90.58,90.60,88.37,89.06,1021700
2021-01-14 19:00:00-05:00,89.30,90.73,88.72,90.60,1147900
2021-01-18 19:00:00-05:00,90.82,90.91,89.59,90.18,560400
2021-01-19 19:00:00-05:00,89.85,93.03,89.30,92.72,820100
2021-01-20 19:00:00-05:00,91.91,93.05,91.61,92.62,631300
2021-01-21 19:00:00-05:00,92.63,93.63,92.06,93.21,960500
2021-01-24 19:00:00-05:00,93.08,94.34,92.22,93.64,659200
2021-01-25 19:00:00-05:00,93.63,94.86,93.26,94.47,818600
2021-01-26 19:00:00-05:00,94.03,95.24,92.45,92.97,760900
2021-01-27 19:00:00-05:00,92.88,93.95,91.45,91.49,724600
2021-01-28 19:00:00-05:00,90.95,93.11,90.08,91.90,1106700
2021-01-31 19:00:00-05:00,92.73,94.25,91.04,94.18,775200
2021-02-01 19:00:00-05:00,94.15,94.96,92.99,94.59,811200
2021-02-02 19:00:00-05:00,93.94,94.24,92.47,93.69,569300
2021-02-03 19:00:00-05:00,94.16,95.43,93.54,94.44,600300
2021-02-04 19:00:00-05:00,94.76,94.76,93.83,94.18,679900
2021-02-07 19:00:00-05:00,94.02,94.69,93.46,94.64,435200
2021-02-08 19:00:00-05:00,95.05,96.68,94.72,96.63,403800
2021-02-09 19:00:00-05:00,97.62,97.71,95.00,95.55,537900
2021-02-10 19:00:00-05:00,95.00,95.62,94.56,95.08,663100
2021-02-11 19:00:00-05:00,94.93,94.93,93.58,94.39,468500
2021-02-15 19:00:00-05:00,94.33,95.24,92.98,94.64,939800
2021-02-16 19:00:00-05:00,94.71,95.65,94.08,95.12,642100
2021-02-17 19:00:00-05:00,94.63,96.86,94.63,95.56,692200
2021-02-18 19:00:00-05:00,95.86,97.21,94.77,96.61,2001200
2021-02-21 19:00:00-05:00,96.40,98.39,95.61,97.51,1224300
2021-02-22 19:00:00-05:00,101.76,105.84,101.10,102.16,1260300
2021-02-23 19:00:00-05:00,102.11,104.60,101.72,102.65,864000
2021-02-24 19:00:00-05:00,102.46,106.27,102.46,104.61,941100
2021-02-25 19:00:00-05:00,104.33,105.47,101.40,101.52,1144400
2021-02-28 19:00:00-05:00,102.42,103.85,99.93,99.97,900400
2021-03-01 19:00:00-05:00,100.81,101.91,99.22,100.73,985700
2021-03-02 19:00:00-05:00,100.24,100.84,99.13,99.64,854200
2021-03-03 19:00:00-05:00,100.37,101.06,97.79,98.54,1076100
2021-03-04 19:00:00-05:00,99.17,100.43,97.65,99.98,622300
2021-03-07 19:00:00-05:00,100.55,103.44,99.81,102.25,625000
2021-03-08 19:00:00-05:00,101.95,104.32,101.95,103.16,646000
2021-03-09 19:00:00-05:00,104.00,105.48,103.03,104.24,821200
2021-03-10 19:00:00-05:00,103.97,105.51,103.97,104.46,842000
2021-03-11 19:00:00-05:00,104.66,107.28,104.33,107.20,771200
2021-03-14 20:00:00-04:00,107.70,109.49,107.30,108.66,1069600
2021-03-15 20:00:00-04:00,108.62,109.40,107.99,109.02,625400
2021-03-16 20:00:00-04:00,109.02,109.02,106.38,106.90,824600
2021-03-17 20:00:00-04:00,106.51,107.83,105.60,107.52,877100
2021-03-18 20:00:00-04:00,106.18,106.45,102.58,102.84,2427300
2021-03-21 20:00:00-04:00,102.79,104.63,102.59,104.31,615400
2021-03-22 20:00:00-04:00,104.54,106.53,103.76,106.13,1088200
2021-03-23 20:00:00-04:00,105.95,107.08,105.86,106.60,1025500
2021-03-24 20:00:00-04:00,107.17,107.17,104.50,106.62,679300
2021-03-25 20:00:00-04:00,107.04,107.96,105.80,107.91,629000
2021-03-28 20:00:00-04:00,108.27,109.60,106.58,108.41,858600
2021-03-29 20:00:00-04:00,108.57,108.96,107.39,108.25,654800
2021-03-30 20:00:00-04:00,107.93,109.68,106.68,107.88,1374300
2021-03-31 20:00:00-04:00,108.35,110.25,108.24,110.24,1114800
2021-04-04 20:00:00-04:00,110.18,110.32,108.24,109.88,866500
2021-04-05 20:00:00-04:00,109.88,111.87,109.18,111.63,886100
2021-04-06 20:00:00-04:00,111.83,112.37,111.03,111.99,732600
2021-04-07 20:00:00-04:00,111.71,113.16,111.71,111.98,596300
2021-04-08 20:00:00-04:00,112.27,113.05,111.77,112.63,464200
2021-04-11 20:00:00-04:00,113.03,113.41,111.76,113.35,728700
2021-04-12 20:00:00-04:00,113.66,115.36,113.38,114.88,707700
2021-04-13 20:00:00-04:00,114.27,114.54,112.79,113.16,924100
2021-04-14 20:00:00-04:00,113.91,115.75,113.77,115.72,604100
2021-04-15 20:00:00-04:00,116.02,116.45,115.11,116.07,559400
2021-04-18 20:00:00-04:00,116.40,117.30,115.52,117.14,623800
2021-04-19 20:00:00-04:00,117.54,120.68,117.54,119.15,1084500
2021-04-20 20:00:00-04:00,119.29,120.20,118.84,119.14,490500
2021-04-21 20:00:00-04:00,119.16,120.58,118.67,119.64,577700
2021-04-22 20:00:00-04:00,119.42,120.46,119.10,120.08,556900
2021-04-25 20:00:00-04:00,120.74,121.18,118.72,119.31,622800
2021-04-26 20:00:00-04:00,119.37,120.09,118.45,119.85,457600
2021-04-27 20:00:00-04:00,120.34,120.71,118.77,119.30,540600
2021-04-28 20:00:00-04:00,119.78,121.30,118.54,119.50,1259400
2021-04-29 20:00:00-04:00,119.37,121.62,118.71,121.02,1125600
2021-05-02 20:00:00-04:00,121.03,121.24,118.15,118.52,730400
2021-05-03 20:00:00-04:00,118.77,120.76,118.77,120.65,694500
2021-05-04 20:00:00-04:00,120.16,120.16,117.22,118.71,767400
2021-05-05 20:00:00-04:00,118.98,119.38,117.99,118.47,660700
2021-05-06 20:00:00-04:00,118.25,120.07,118.04,119.84,630600
2021-05-09 20:00:00-04:00,120.47,121.45,120.02,120.33,527600
2021-05-10 20:00:00-04:00,119.75,119.75,117.03,118.10,553800
2021-05-11 20:00:00-04:00,118.15,118.56,115.30,115.41,533400
2021-05-12 20:00:00-04:00,115.59,119.00,115.45,118.01,475900
2021-05-13 20:00:00-04:00,116.90,118.23,116.90,117.71,497200
2021-05-16 20:00:00-04:00,118.19,119.17,117.69,118.51,455600
2021-05-17 20:00:00-04:00,118.02,119.22,117.32,118.22,507600
2021-05-18 20:00:00-04:00,117.92,118.06,115.99,117.96,723300
2021-05-19 20:00:00-04:00,118.24,118.93,118.10,118.86,740600
2021-05-20 20:00:00-04:00,118.82,119.51,118.13,118.69,563900
2021-05-23 20:00:00-04:00,118.89,120.10,118.54,119.57,509600
2021-05-24 20:00:00-04:00,119.55,120.85,118.56,120.27,497200
2021-05-25 20:00:00-04:00,119.94,121.20,119.46,119.88,557100
2021-05-26 20:00:00-04:00,120.03,120.69,118.80,119.89,767000
2021-05-27 20:00:00-04:00,120.81,122.27,120.69,121.93,890600
2021-05-31 20:00:00-04:00,121.96,123.74,121.27,123.72,627500
2021-06-01 20:00:00-04:00,124.29,125.59,123.41,125.34,677300
2021-06-02 20:00:00-04:00,125.48,125.57,124.32,125.16,606600
2021-06-03 20:00:00-04:00,125.88,126.15,124.65,125.48,558700
2021-06-06 20:00:00-04:00,125.92,128.07,125.59,127.44,877400
2021-06-07 20:00:00-04:00,127.63,129.19,127.43,129.01,661700
2021-06-08 20:00:00-04:00,129.21,129.85,128.71,129.06,462000
2021-06-09 20:00:00-04:00,128.87,130.19,128.50,129.54,461300
2021-06-10 20:00:00-04:00,129.24,129.93,128.16,129.78,487300
2021-06-13 20:00:00-04:00,129.96,131.03,129.22,131.00,644000
2021-06-14 20:00:00-04:00,131.05,131.35,130.01,131.03,512700
2021-06-15 20:00:00-04:00,131.51,132.18,130.51,130.66,1219400
2021-06-16 20:00:00-04:00,130.49,132.43,129.69,132.16,989000
2021-06-17 20:00:00-04:00,132.58,133.36,130.50,130.56,1358800
2021-06-20 20:00:00-04:00,130.96,134.20,130.96,134.04,554400
2021-06-21 20:00:00-04:00,134.14,135.02,133.40,133.45,429400
2021-06-22 20:00:00-04:00,133.08,135.30,132.74,134.96,654900
2021-06-23 20:00:00-04:00,135.02,135.44,133.61,134.10,732700
2021-06-24 20:00:00-04:00,134.32,139.27,133.73,136.28,2392300
2021-06-27 20:00:00-04:00,136.16,136.17,134.60,135.62,556100
2021-06-28 20:00:00-04:00,135.92,136.43,134.48,134.84,554800
2021-06-29 20:00:00-04:00,134.89,136.07,133.84,134.17,1007500
2021-06-30 20:00:00-04:00,133.66,135.91,133.31,135.07,830200
2021-07-01 20:00:00-04:00,135.51,136.74,135.29,136.66,549600
2021-07-05 20:00:00-04:00,136.74,140.41,136.07,139.92,736400
2021-07-06 20:00:00-04:00,139.62,141.08,138.58,140.46,1265700
2021-07-07 20:00:00-04:00,139.60,140.69,138.67,138.84,865000
2021-07-08 20:00:00-04:00,139.42,142.00,138.52,141.85,546700
2021-07-11 20:00:00-04:00,141.65,143.24,141.45,143.07,543400
2021-07-12 20:00:00-04:00,142.82,143.07,140.30,140.54,591000
2021-07-13 20:00:00-04:00,140.71,142.22,140.71,141.17,746200
2021-07-14 20:00:00-04:00,141.26,142.22,141.03,141.47,1108000
2021-07-15 20:00:00-04:00,141.82,142.29,140.68,140.82,1073800
2021-07-18 20:00:00-04:00,140.32,140.80,136.49,137.99,1381300
2021-07-19 20:00:00-04:00,138.71,140.66,138.71,139.77,1138900
2021-07-20 20:00:00-04:00,139.40,139.74,137.02,137.15,1088600
2021-07-21 20:00:00-04:00,137.14,138.38,136.86,138.23,754000
2021-07-22 20:00:00-04:00,138.42,140.84,137.96,140.39,433300
2021-07-25 20:00:00-04:00,140.06,140.70,138.77,139.86,737400
2021-07-26 20:00:00-04:00,139.87,141.95,138.87,140.71,861100
2021-07-27 20:00:00-04:00,141.25,142.31,139.37,141.34,871700
2021-07-28 20:00:00-04:00,141.97,143.05,141.31,142.30,524000
2021-07-29 20:00:00-04:00,142.82,144.97,142.60,142.63,765500
2021-08-01 20:00:00-04:00,144.33,144.88,143.48,143.57,995500
2021-08-02 20:00:00-04:00,143.93,144.66,143.00,144.60,1408600
2021-08-03 20:00:00-04:00,144.72,145.97,143.22,143.93,722400
2021-08-04 20:00:00-04:00,144.50,144.77,142.04,144.03,638700
2021-08-05 20:00:00-04:00,144.38,145.26,143.16,143.75,583400
2021-08-08 20:00:00-04:00,143.70,144.31,142.86,143.61,617600
2021-08-09 20:00:00-04:00,142.16,143.99,142.08,142.23,740100
2021-08-10 20:00:00-04:00,142.96,143.19,141.68,142.04,629500
2021-08-11 20:00:00-04:00,142.42,143.54,142.03,143.05,555300
2021-08-12 20:00:00-04:00,143.50,144.35,142.72,143.89,617800
2021-08-15 20:00:00-04:00,143.73,144.46,143.07,143.58,918700
2021-08-16 20:00:00-04:00,143.11,144.49,142.98,144.46,827700
2021-08-17 20:00:00-04:00,144.63,144.85,142.73,142.90,915900
2021-08-18 20:00:00-04:00,142.24,144.62,141.89,144.56,781300
2021-08-19 20:00:00-04:00,144.74,146.84,143.96,145.43,737000
2021-08-22 20:00:00-04:00,145.32,146.44,144.56,145.30,509000
2021-08-23 20:00:00-04:00,145.70,146.13,143.99,145.62,743900
2021-08-24 20:00:00-04:00,145.62,148.45,145.40,147.61,718800
2021-08-25 20:00:00-04:00,148.02,150.42,148.01,148.65,883200
2021-08-26 20:00:00-04:00,149.51,150.60,148.95,150.25,484800
2021-08-29 20:00:00-04:00,150.28,152.05,150.01,152.05,521200
2021-08-30 20:00:00-04:00,151.93,153.43,150.86,153.09,841700
2021-08-31 20:00:00-04:00,153.36,155.72,152.62,155.44,866000
2021-09-01 20:00:00-04:00,155.79,157.23,155.09,156.94,886200
2021-09-02 20:00:00-04:00,156.96,158.81,155.84,158.66,896800
2021-09-06 20:00:00-04:00,157.95,158.65,154.54,156.35,596900
2021-09-07 20:00:00-04:00,156.03,159.44,155.85,157.58,597700
2021-09-08 20:00:00-04:00,157.47,157.91,153.13,153.27,961000
2021-09-09 20:00:00-04:00,153.68,154.86,152.79,153.20,751100
2021-09-12 20:00:00-04:00,154.39,155.44,152.68,152.71,529100
2021-09-13 20:00:00-04:00,153.20,154.04,150.73,151.36,472800
2021-09-14 20:00:00-04:00,151.64,153.00,151.15,151.84,403800
2021-09-15 20:00:00-04:00,152.31,152.89,150.41,150.85,428800
2021-09-16 20:00:00-04:00,151.31,152.78,148.22,148.51,1301000
2021-09-19 20:00:00-04:00,147.40,150.06,146.58,148.56,664700
2021-09-20 20:00:00-04:00,148.83,150.15,148.00,148.21,448800
2021-09-21 20:00:00-04:00,148.98,149.21,147.38,147.75,549800
2021-09-22 20:00:00-04:00,147.93,148.80,145.65,146.11,525800
2021-09-23 20:00:00-04:00,145.58,146.37,142.21,142.33,1026500
2021-09-26 20:00:00-04:00,142.44,143.61,139.70,139.75,700400
2021-09-27 20:00:00-04:00,138.72,141.79,137.58,141.28,788100
2021-09-28 20:00:00-04:00,141.85,142.91,141.26,141.83,425800
2021-09-29 20:00:00-04:00,142.59,142.90,138.34,138.52,808300
2021-09-30 20:00:00-04:00,139.59,140.33,137.62,139.30,514300
2021-10-03 20:00:00-04:00,138.97,140.20,137.38,138.77,633300
2021-10-04 20:00:00-04:00,139.43,139.53,137.51,138.44,447900
2021-10-05 20:00:00-04:00,137.96,140.77,136.85,140.61,447500
2021-10-06 20:00:00-04:00,141.44,143.47,141.33,142.18,585100
2021-10-07 20:00:00-04:00,142.03,142.98,140.88,141.06,336300
2021-10-10 20:00:00-04:00,140.46,142.23,139.90,142.14,529200
2021-10-11 20:00:00-04:00,143.23,146.76,142.70,145.67,563000
2021-10-12 20:00:00-04:00,145.78,148.42,145.33,148.22,470900
2021-10-13 20:00:00-04:00,149.15,151.64,148.62,151.47,483600
2021-10-14 20:00:00-04:00,152.21,152.34,150.10,150.87,757300
2021-10-17 20:00:00-04:00,150.13,152.29,150.08,151.86,595200
2021-10-18 20:00:00-04:00,152.27,152.51,150.90,151.27,380100
2021-10-19 20:00:00-04:00,151.39,152.92,151.27,152.54,408500
2021-10-20 20:00:00-04:00,153.24,153.24,152.04,152.64,310600
2021-10-21 20:00:00-04:00,153.29,154.54,152.89,153.31,528300
2021-10-24 20:00:00-04:00,153.66,155.62,152.85,155.41,355300
2021-10-25 20:00:00-04:00,155.27,155.27,153.70,154.42,381900
2021-10-26 20:00:00-04:00,154.93,154.93,151.15,151.60,564400
2021-10-27 20:00:00-04:00,151.31,159.92,151.31,159.64,802200
2021-10-28 20:00:00-04:00,159.26,163.56,158.34,162.74,1310800
2021-10-31 20:00:00-04:00,163.12,163.12,158.51,162.50,551000
2021-11-01 20:00:00-04:00,163.23,167.24,163.02,166.59,763400
2021-11-02 20:00:00-04:00,167.28,168.20,162.28,164.43,623400
2021-11-03 20:00:00-04:00,164.43,166.31,163.13,163.99,413200
2021-11-04 20:00:00-04:00,164.53,164.91,158.75,160.46,570300
2021-11-07 19:00:00-05:00,161.61,162.88,159.26,162.79,433600
2021-11-08 19:00:00-05:00,162.79,164.27,161.99,163.02,413800
2021-11-09 19:00:00-05:00,162.91,164.18,162.36,162.56,409400
2021-11-10 19:00:00-05:00,162.56,163.74,161.65,163.59,278400
2021-11-11 19:00:00-05:00,163.59,164.87,162.08,163.23,401300
2021-11-14 19:00:00-05:00,163.23,164.90,161.54,164.85,445800
2021-11-15 19:00:00-05:00,165.03,165.30,162.27,163.91,586200
2021-11-16 19:00:00-05:00,163.68,166.26,161.00,165.96,596100
2021-11-17 19:00:00-05:00,166.62,168.63,166.35,167.64,811300
2021-11-18 19:00:00-05:00,167.94,168.82,165.84,166.69,805800
2021-11-21 19:00:00-05:00,167.54,167.54,164.27,164.83,540900
2021-11-22 19:00:00-05:00,164.83,166.64,163.63,165.23,959100
2021-11-23 19:00:00-05:00,165.23,168.77,164.38,168.47,524000
2021-11-25 19:00:00-05:00,166.60,167.22,162.73,163.91,458700
2021-11-28 19:00:00-05:00,165.45,169.02,163.92,167.43,936100
2021-11-29 19:00:00-05:00,166.35,168.14,162.50,164.91,3263800
2021-11-30 19:00:00-05:00,166.59,171.15,164.10,164.53,796700
2021-12-01 19:00:00-05:00,165.44,170.36,164.91,169.37,710200
2021-12-02 19:00:00-05:00,170.07,170.62,164.67,166.13,794400
2021-12-05 19:00:00-05:00,167.03,170.85,166.48,169.19,833600
2021-12-06 19:00:00-05:00,170.37,174.15,170.00,172.09,625400
2021-12-07 19:00:00-05:00,172.15,173.47,171.11,172.63,448400
2021-12-08 19:00:00-05:00,172.24,172.24,169.36,169.46,473400
2021-12-09 19:00:00-05:00,170.49,172.56,168.29,172.09,576200
2021-12-12 19:00:00-05:00,172.30,176.83,172.23,175.51,715800
2021-12-13 19:00:00-05:00,174.99,176.12,171.15,173.98,753100
2021-12-14 19:00:00-05:00,174.12,178.52,174.12,177.84,572900
2021-12-15 19:00:00-05:00,177.41,178.19,175.54,177.84,539100
2021-12-16 19:00:00-05:00,178.10,180.59,177.71,178.45,1784400
2021-12-19 19:00:00-05:00,175.72,179.58,174.27,178.99,709600
2021-12-20 19:00:00-05:00,179.99,181.53,178.13,178.93,824100
2021-12-21 19:00:00-05:00,180.09,182.05,179.60,181.69,432300
2021-12-22 19:00:00-05:00,182.13,182.13,179.40,180.82,378300
2021-12-26 19:00:00-05:00,181.33,183.99,180.61,183.93,302400
2021-12-27 19:00:00-05:00,183.75,185.71,183.56,184.59,414500
2021-12-28 19:00:00-05:00,185.16,187.72,183.76,186.97,336100
2021-12-29 19:00:00-05:00,187.01,188.56,186.08,187.10,393000
2021-12-30 19:00:00-05:00,187.10,189.81,187.10,188.06,539500
2022-01-02 19:00:00-05:00,188.28,188.43,178.50,181.84,607700
2022-01-03 19:00:00-05:00,181.94,186.08,181.94,183.79,752700
2022-01-04 19:00:00-05:00,183.15,183.74,180.13,180.60,688200
2022-01-05 19:00:00-05:00,180.29,182.09,178.04,180.53,663800
2022-01-06 19:00:00-05:00,179.99,180.68,172.56,172.90,890200
2022-01-09 19:00:00-05:00,169.48,173.09,168.78,172.95,818000
2022-01-10 19:00:00-05:00,173.72,174.48,171.01,174.23,554900
2022-01-11 19:00:00-05:00,174.05,176.58,174.00,175.60,489100
2022-01-12 19:00:00-05:00,175.81,175.84,170.89,171.37,594500
2022-01-13 19:00:00-05:00,171.09,171.24,166.25,168.88,886900
2022-01-17 19:00:00-05:00,167.43,167.43,164.00,166.06,758400
2022-01-18 19:00:00-05:00,167.05,168.54,164.50,164.57,679500
2022-01-19 19:00:00-05:00,166.14,167.57,161.74,162.05,529300
2022-01-20 19:00:00-05:00,163.59,164.44,161.73,162.14,603900
2022-01-23 19:00:00-05:00,160.89,162.55,156.12,161.74,988300
2022-01-24 19:00:00-05:00,160.08,163.80,157.59,162.13,1344500
2022-01-25 19:00:00-05:00,162.67,165.10,158.94,160.12,831800
2022-01-26 19:00:00-05:00,161.74,162.88,157.51,157.87,869300
2022-01-27 19:00:00-05:00,157.93,163.58,154.86,163.32,825900
2022-01-30 19:00:00-05:00,163.22,165.27,161.90,164.39,822400
2022-01-31 19:00:00-05:00,164.94,166.02,161.05,163.86,861600
2022-02-01 19:00:00-05:00,165.02,172.06,165.02,171.54,1076400
2022-02-02 19:00:00-05:00,170.29,171.40,168.87,169.65,784500
2022-02-03 19:00:00-05:00,168.51,169.40,165.36,167.10,606100
2022-02-06 19:00:00-05:00,167.10,167.58,165.21,165.68,507100
2022-02-07 19:00:00-05:00,165.55,166.77,164.35,165.19,760100
2022-02-08 19:00:00-05:00,167.83,170.69,167.40,170.31,442400
2022-02-09 19:00:00-05:00,167.11,169.64,163.73,164.94,509900
2022-02-10 19:00:00-05:00,165.69,166.26,161.89,163.33,795300
2022-02-13 19:00:00-05:00,163.29,164.47,160.25,161.08,542600
2022-02-14 19:00:00-05:00,162.69,162.92,158.63,159.40,601500
2022-02-15 19:00:00-05:00,160.14,160.35,155.97,158.22,641500
2022-02-16 19:00:00-05:00,156.21,158.03,155.97,156.54,559100
2022-02-17 19:00:00-05:00,156.41,157.97,155.44,155.50,435500
2022-02-21 19:00:00-05:00,155.41,156.28,152.88,153.68,672800
2022-02-22 19:00:00-05:00,155.20,158.75,154.47,154.78,992400
2022-02-23 19:00:00-05:00,147.73,157.96,145.37,157.38,947300
2022-02-24 19:00:00-05:00,157.50,161.18,156.39,161.06,594100
2022-02-27 19:00:00-05:00,159.43,159.51,154.50,156.06,898300
2022-02-28 19:00:00-05:00,158.11,160.10,156.38,158.74,770100
2022-03-01 19:00:00-05:00,159.00,161.43,159.00,160.68,707200
2022-03-02 19:00:00-05:00,162.25,162.59,159.21,161.94,502200
2022-03-03 19:00:00-05:00,160.72,166.93,160.05,166.62,702600
2022-03-06 19:00:00-05:00,166.32,167.74,163.80,166.09,1036600
2022-03-07 19:00:00-05:00,165.51,166.54,162.37,163.06,942300
2022-03-08 19:00:00-05:00,165.59,166.44,163.31,164.20,598500
2022-03-09 19:00:00-05:00,163.47,164.19,161.00,162.80,574800
2022-03-10 19:00:00-05:00,163.20,165.24,162.35,162.99,632000
2022-03-13 20:00:00-04:00,163.82,164.25,159.48,159.93,841800
2022-03-14 20:00:00-04:00,161.80,161.96,156.49,158.55,998400
2022-03-15 20:00:00-04:00,158.64,162.43,158.17,161.65,981700
2022-03-16 20:00:00-04:00,161.65,164.23,161.45,163.84,759600
2022-03-17 20:00:00-04:00,162.98,165.50,161.58,162.50,1458600
2022-03-20 20:00:00-04:00,162.98,164.56,161.78,163.75,488500
2022-03-21 20:00:00-04:00,164.44,165.69,162.92,163.60,649200
2022-03-22 20:00:00-04:00,163.62,163.63,160.59,161.78,408300
2022-03-23 20:00:00-04:00,162.01,163.03,161.47,162.87,403900
2022-03-24 20:00:00-04:00,163.98,165.43,163.10,165.12,455300
2022-03-27 20:00:00-04:00,165.96,168.78,165.51,167.69,815300
2022-03-28 20:00:00-04:00,168.93,175.82,167.97,174.94,882200
2022-03-29 20:00:00-04:00,174.75,176.40,174.24,174.64,585400
2022-03-30 20:00:00-04:00,176.31,176.37,171.82,171.84,1088000
2022-03-31 20:00:00-04:00,172.05,175.60,171.99,175.16,501200
2022-04-03 20:00:00-04:00,175.11,176.19,169.87,172.34,607200
2022-04-04 20:00:00-04:00,172.10,174.89,170.84,171.73,748700
2022-04-05 20:00:00-04:00,171.51,177.89,170.64,177.50,804500
2022-04-06 20:00:00-04:00,176.61,179.51,175.40,178.33,659000
2022-04-07 20:00:00-04:00,179.49,179.62,177.64,178.62,447500
2022-04-10 20:00:00-04:00,178.62,179.32,174.70,176.02,406600
2022-04-11 20:00:00-04:00,175.81,179.27,175.69,177.90,435100
2022-04-12 20:00:00-04:00,178.37,178.86,176.02,177.70,366100
2022-04-13 20:00:00-04:00,178.47,179.62,176.52,177.65,373800
2022-04-17 20:00:00-04:00,177.19,178.91,176.87,177.56,372500
2022-04-18 20:00:00-04:00,177.93,183.63,177.89,182.47,947000
2022-04-19 20:00:00-04:00,182.72,185.85,182.72,183.84,612100
2022-04-20 20:00:00-04:00,184.35,185.04,181.30,181.38,543600
2022-04-21 20:00:00-04:00,181.23,181.23,177.55,177.66,674200
2022-04-24 20:00:00-04:00,176.72,176.79,171.78,174.30,801200
2022-04-25 20:00:00-04:00,174.02,175.35,170.77,170.90,476300
2022-04-26 20:00:00-04:00,171.27,174.33,170.23,170.49,514600
2022-04-27 20:00:00-04:00,171.16,174.56,170.13,173.88,455400
2022-04-28 20:00:00-04:00,172.77,173.13,158.01,158.80,1320900
2022-05-01 20:00:00-04:00,159.89,160.59,148.77,152.91,1436300
2022-05-02 20:00:00-04:00,153.18,154.05,150.38,153.03,923700
2022-05-03 20:00:00-04:00,159.11,164.23,154.63,163.46,1594000
2022-05-04 20:00:00-04:00,163.76,164.87,157.62,158.55,928800
2022-05-05 20:00:00-04:00,156.65,157.82,150.70,151.83,984300
2022-05-08 20:00:00-04:00,149.70,149.70,140.71,141.61,1333700
2022-05-09 20:00:00-04:00,143.99,148.55,143.99,146.50,1279500
2022-05-10 20:00:00-04:00,146.37,150.49,146.07,146.23,886200
2022-05-11 20:00:00-04:00,146.51,146.65,143.34,146.03,885800
2022-05-12 20:00:00-04:00,147.71,149.66,145.88,149.58,567900
2022-05-15 20:00:00-04:00,149.29,150.68,148.49,149.34,536800
2022-05-16 20:00:00-04:00,150.82,150.82,147.49,149.48,868200
2022-05-17 20:00:00-04:00,148.93,149.42,142.48,143.05,659900
2022-05-18 20:00:00-04:00,142.02,143.64,140.88,141.80,647400
2022-05-19 20:00:00-04:00,143.65,144.13,140.37,143.24,583400
2022-05-22 20:00:00-04:00,145.41,146.44,142.79,145.72,541800
2022-05-23 20:00:00-04:00,145.53,146.73,143.45,146.41,679800
2022-05-24 20:00:00-04:00,144.96,145.02,142.74,144.14,927800
2022-05-25 20:00:00-04:00,145.12,146.89,144.48,145.99,530200
2022-05-26 20:00:00-04:00,147.33,151.24,147.33,150.47,612000
2022-05-30 20:00:00-04:00,149.31,149.96,147.35,148.94,1359700
2022-05-31 20:00:00-04:00,149.49,150.79,147.21,149.32,589500
2022-06-01 20:00:00-04:00,149.07,150.42,146.16,150.30,584500
2022-06-02 20:00:00-04:00,148.82,151.09,147.58,149.03,483500
2022-06-05 20:00:00-04:00,150.21,150.42,146.26,146.34,640600
2022-06-06 20:00:00-04:00,145.78,150.78,144.61,150.49,999300
2022-06-07 20:00:00-04:00,149.57,150.50,143.08,143.85,854400
2022-06-08 20:00:00-04:00,143.31,145.87,141.44,141.53,590200
2022-06-09 20:00:00-04:00,139.99,142.36,138.92,139.51,855900
2022-06-12 20:00:00-04:00,135.97,138.25,132.62,133.29,769100
2022-06-13 20:00:00-04:00,133.84,135.65,132.22,133.94,795700
2022-06-14 20:00:00-04:00,135.28,138.48,134.76,136.27,1061000
2022-06-15 20:00:00-04:00,133.07,136.66,132.98,134.95,688200
2022-06-16 20:00:00-04:00,136.17,137.53,133.87,134.55,1287900
2022-06-20 20:00:00-04:00,134.93,138.32,134.62,136.54,607900
2022-06-21 20:00:00-04:00,136.92,141.02,135.95,138.93,843800
2022-06-22 20:00:00-04:00,139.75,142.77,139.75,141.65,711200
2022-06-23 20:00:00-04:00,143.24,145.61,141.40,145.44,781100
2022-06-26 20:00:00-04:00,145.25,146.76,143.90,145.10,556500
2022-06-27 20:00:00-04:00,146.06,148.15,143.94,144.30,468000
2022-06-28 20:00:00-04:00,143.49,144.85,143.04,144.24,423200
2022-06-29 20:00:00-04:00,143.38,146.42,142.29,143.54,738500
2022-06-30 20:00:00-04:00,144.29,147.77,144.04,147.13,497400
2022-07-04 20:00:00-04:00,145.89,145.89,141.48,145.02,380100
2022-07-05 20:00:00-04:00,145.78,148.21,144.75,147.03,473400
2022-07-06 20:00:00-04:00,147.64,148.50,145.38,146.02,347400
2022-07-07 20:00:00-04:00,145.77,147.04,144.96,146.04,252000
2022-07-10 20:00:00-04:00,145.01,147.45,144.72,145.16,360400
2022-07-11 20:00:00-04:00,143.89,145.33,139.57,140.91,504500
2022-07-12 20:00:00-04:00,139.62,142.71,138.97,141.43,332700
2022-07-13 20:00:00-04:00,138.50,142.37,137.61,141.30,358800
2022-07-14 20:00:00-04:00,143.24,144.62,141.46,143.07,403600
2022-07-17 20:00:00-04:00,143.99,144.64,141.55,142.26,408200
2022-07-18 20:00:00-04:00,143.39,145.73,142.80,145.23,408300
2022-07-19 20:00:00-04:00,145.32,147.63,144.75,145.79,263400
2022-07-20 20:00:00-04:00,146.06,148.05,145.04,148.02,436100
2022-07-21 20:00:00-04:00,148.93,151.13,148.29,150.11,543400
2022-07-24 20:00:00-04:00,149.80,150.74,148.97,150.22,496800
2022-07-25 20:00:00-04:00,150.47,151.61,149.49,151.13,324000
2022-07-26 20:00:00-04:00,151.05,152.85,149.91,152.73,410800
2022-07-27 20:00:00-04:00,153.85,159.06,153.74,158.74,561600
2022-07-28 20:00:00-04:00,158.78,160.66,157.78,159.91,711600
2022-07-31 20:00:00-04:00,158.68,159.73,156.94,159.48,619100
2022-08-01 20:00:00-04:00,159.49,160.29,157.33,157.78,863100
2022-08-02 20:00:00-04:00,160.31,167.03,159.90,163.97,1233600
2022-08-03 20:00:00-04:00,164.11,165.77,162.24,164.74,645800
2022-08-04 20:00:00-04:00,163.43,166.70,162.42,166.40,567100
2022-08-07 20:00:00-04:00,167.36,169.27,166.63,169.05,562800
2022-08-08 20:00:00-04:00,169.57,171.67,167.76,171.63,690000
2022-08-09 20:00:00-04:00,173.78,174.66,172.19,174.52,735900
2022-08-10 20:00:00-04:00,175.31,176.75,173.92,175.04,589600
2022-08-11 20:00:00-04:00,176.01,179.06,175.56,178.84,696700
2022-08-14 20:00:00-04:00,178.39,180.43,178.02,180.39,707700
2022-08-15 20:00:00-04:00,179.30,180.64,178.28,179.50,566400
2022-08-16 20:00:00-04:00,178.39,182.51,178.07,181.45,746400
2022-08-17 20:00:00-04:00,182.39,182.69,179.12,179.81,596100
2022-08-18 20:00:00-04:00,179.72,179.72,177.84,178.58,553000
2022-08-21 20:00:00-04:00,177.26,178.07,175.57,176.36,572900
2022-08-22 20:00:00-04:00,175.76,175.85,172.15,173.51,737600
2022-08-23 20:00:00-04:00,173.97,177.19,173.84,175.23,552200
2022-08-24 20:00:00-04:00,175.47,178.01,174.94,177.81,635000
2022-08-25 20:00:00-04:00,177.81,178.53,173.89,174.77,516200
2022-08-28 20:00:00-04:00,173.41,174.06,172.18,173.25,623000
2022-08-29 20:00:00-04:00,173.25,173.61,168.45,169.65,649400
2022-08-30 20:00:00-04:00,170.52,170.89,166.94,167.68,1000900
2022-08-31 20:00:00-04:00,166.67,169.62,166.23,169.54,499800
2022-09-01 20:00:00-04:00,170.63,172.04,167.60,168.41,454500
2022-09-05 20:00:00-04:00,168.91,171.75,168.11,170.83,537500
2022-09-06 20:00:00-04:00,170.70,173.44,170.68,173.07,690600
2022-09-07 20:00:00-04:00,173.08,174.06,169.41,171.67,691900
2022-09-08 20:00:00-04:00,171.86,172.54,170.07,170.31,718300
2022-09-11 20:00:00-04:00,170.31,170.67,168.42,168.78,786100
2022-09-12 20:00:00-04:00,166.58,166.73,162.78,164.11,940100
2022-09-13 20:00:00-04:00,162.45,163.68,161.12,162.96,1155600
2022-09-14 20:00:00-04:00,162.61,162.61,158.26,158.71,859100
2022-09-15 20:00:00-04:00,158.15,158.59,154.60,156.62,1532100
2022-09-18 20:00:00-04:00,155.05,156.02,152.90,155.02,838300
2022-09-19 20:00:00-04:00,153.62,154.46,151.31,152.27,917800
2022-09-20 20:00:00-04:00,153.57,154.91,150.34,150.73,872600
2022-09-21 20:00:00-04:00,150.11,150.20,147.02,148.38,1136600
2022-09-22 20:00:00-04:00,146.94,148.93,145.19,146.87,948300
2022-09-25 20:00:00-04:00,146.33,146.45,142.46,144.37,969800
2022-09-26 20:00:00-04:00,145.68,146.26,141.12,141.98,932600
2022-09-27 20:00:00-04:00,143.30,145.84,141.84,145.12,942000
2022-09-28 20:00:00-04:00,143.69,144.03,140.88,143.56,742300
2022-09-29 20:00:00-04:00,145.28,147.45,144.25,146.86,1128900
2022-10-02 20:00:00-04:00,148.75,148.84,145.42,147.61,816500
2022-10-03 20:00:00-04:00,149.00,152.78,148.57,152.60,1294800
2022-10-04 20:00:00-04:00,150.69,152.03,147.37,151.45,961800
2022-10-05 20:00:00-04:00,151.34,151.63,146.15,146.35,769100
2022-10-06 20:00:00-04:00,144.89,146.11,139.46,140.45,981300
2022-10-09 20:00:00-04:00,140.84,141.97,139.72,140.83,523400
2022-10-10 20:00:00-04:00,140.55,143.36,140.29,143.04,848600
2022-10-11 20:00:00-04:00,143.22,144.20,141.43,141.83,766800
2022-10-12 20:00:00-04:00,138.63,142.57,137.95,141.82,727800
2022-10-13 20:00:00-04:00,143.20,143.60,136.56,136.74,658300
2022-10-16 20:00:00-04:00,139.59,143.23,139.27,142.78,584100
2022-10-17 20:00:00-04:00,144.94,147.21,143.42,145.30,547100
2022-10-18 20:00:00-04:00,143.42,144.11,140.36,141.08,635800
2022-10-19 20:00:00-04:00,141.64,142.69,140.08,140.96,440500
2022-10-20 20:00:00-04:00,141.14,141.17,138.29,141.12,699200
2022-10-23 20:00:00-04:00,142.71,142.97,140.05,140.31,796100
2022-10-24 20:00:00-04:00,141.08,147.55,141.08,147.42,863200
2022-10-25 20:00:00-04:00,147.04,149.02,145.46,145.78,945000
2022-10-26 20:00:00-04:00,146.82,147.29,145.05,146.14,720400
2022-10-27 20:00:00-04:00,145.64,152.91,145.63,151.96,881300
2022-10-30 20:00:00-04:00,151.34,153.70,150.85,150.88,786000
2022-10-31 20:00:00-04:00,152.45,152.81,150.41,151.26,676700
2022-11-01 20:00:00-04:00,142.86,143.00,133.25,134.74,3179700
2022-11-02 20:00:00-04:00,132.65,132.79,129.41,131.16,1470500
2022-11-03 20:00:00-04:00,132.61,132.89,129.52,130.84,1197500
2022-11-06 19:00:00-05:00,131.42,132.71,127.36,129.25,1330000
2022-11-07 19:00:00-05:00,129.64,132.16,129.16,130.74,1168300
2022-11-08 19:00:00-05:00,129.78,131.79,128.93,128.93,1724500
2022-11-09 19:00:00-05:00,134.74,139.23,134.08,138.68,1371500
2022-11-10 19:00:00-05:00,138.68,139.74,133.78,134.63,1264900
2022-11-13 19:00:00-05:00,134.23,134.60,131.21,131.23,993300
2022-11-14 19:00:00-05:00,133.32,133.72,129.78,131.67,997900
2022-11-15 19:00:00-05:00,131.93,135.58,131.81,133.44,1045100
2022-11-16 19:00:00-05:00,131.71,133.52,130.76,132.05,534300
2022-11-17 19:00:00-05:00,134.11,134.48,132.35,134.47,722100
2022-11-20 19:00:00-05:00,133.35,135.28,133.18,134.00,819200
2022-11-21 19:00:00-05:00,134.66,135.06,132.95,133.28,1243300
2022-11-22 19:00:00-05:00,133.49,133.79,132.04,133.06,1120100
2022-11-24 19:00:00-05:00,133.77,134.65,131.59,132.32,362400
2022-11-27 19:00:00-05:00,131.62,132.47,129.55,129.71,1495700
2022-11-28 19:00:00-05:00,130.17,130.98,129.70,130.54,1212000
2022-11-29 19:00:00-05:00,129.77,136.91,129.77,136.64,1593400
2022-11-30 19:00:00-05:00,136.71,137.61,134.37,136.09,1296200
2022-12-01 19:00:00-05:00,135.06,135.91,133.97,135.20,978400
2022-12-04 19:00:00-05:00,134.06,135.70,132.32,133.37,1508400
2022-12-05 19:00:00-05:00,133.65,133.65,130.34,132.68,1511700
2022-12-06 19:00:00-05:00,132.78,135.54,132.26,133.63,928600
2022-12-07 19:00:00-05:00,133.86,137.42,133.63,133.89,1385700
2022-12-08 19:00:00-05:00,133.64,134.55,133.10,133.14,702600
2022-12-11 19:00:00-05:00,133.07,135.02,131.91,134.88,1002500
2022-12-12 19:00:00-05:00,139.48,140.76,134.77,135.32,1292400
2022-12-13 19:00:00-05:00,135.02,136.17,132.81,133.92,1298200
2022-12-14 19:00:00-05:00,132.19,134.41,130.64,133.59,1472300
2022-12-15 19:00:00-05:00,131.95,132.06,126.23,128.16,2549400
2022-12-18 19:00:00-05:00,127.59,127.67,124.93,125.94,697200
2022-12-19 19:00:00-05:00,124.96,126.28,123.61,125.32,667700
2022-12-20 19:00:00-05:00,126.24,127.46,125.25,126.16,548700
2022-12-21 19:00:00-05:00,125.04,125.57,123.26,125.40,598500
2022-12-22 19:00:00-05:00,124.46,126.15,124.02,126.11,492100
2022-12-26 19:00:00-05:00,126.05,126.93,124.48,126.65,608900
2022-12-27 19:00:00-05:00,127.08,127.85,124.51,124.76,557100
2022-12-28 19:00:00-05:00,125.97,128.16,125.38,127.91,541700
2022-12-29 19:00:00-05:00,127.04,127.38,124.85,126.34,589400
2023-01-02 19:00:00-05:00,126.86,127.31,122.29,123.86,760800
2023-01-03 19:00:00-05:00,125.38,126.72,123.32,124.02,782400
2023-01-04 19:00:00-05:00,122.63,123.18,120.15,121.07,752000
2023-01-05 19:00:00-05:00,121.75,124.35,121.10,123.61,875900
2023-01-08 19:00:00-05:00,125.00,127.65,123.70,126.45,1210100
2023-01-09 19:00:00-05:00,126.15,126.33,123.89,125.74,718000
2023-01-10 19:00:00-05:00,127.83,132.22,127.52,132.04,987700
2023-01-11 19:00:00-05:00,132.85,132.94,130.78,132.29,921900
2023-01-12 19:00:00-05:00,130.98,132.17,130.33,130.39,726600
2023-01-16 19:00:00-05:00,130.02,132.67,129.90,131.42,980700
2023-01-17 19:00:00-05:00,131.34,131.98,129.29,129.47,696300
2023-01-18 19:00:00-05:00,128.76,130.70,128.60,128.76,682800
2023-01-19 19:00:00-05:00,128.54,129.69,127.36,129.55,1387000
2023-01-22 19:00:00-05:00,129.94,130.61,128.78,129.86,792800
2023-01-23 19:00:00-05:00,130.14,131.65,129.06,130.56,1536400
2023-01-24 19:00:00-05:00,130.09,131.43,128.94,130.25,1167400
2023-01-25 19:00:00-05:00,131.08,134.17,130.21,134.13,1175100
2023-01-26 19:00:00-05:00,133.91,135.82,133.53,135.28,844100
2023-01-29 19:00:00-05:00,134.07,135.87,131.28,131.34,1101100
2023-01-30 19:00:00-05:00,131.06,135.57,130.64,135.49,1660600
2023-01-31 19:00:00-05:00,134.55,136.78,133.01,136.01,631500
2023-02-01 19:00:00-05:00,137.74,142.77,137.74,141.73,725400
2023-02-02 19:00:00-05:00,139.58,140.86,137.76,140.04,938900
2023-02-05 19:00:00-05:00,138.61,145.18,138.61,144.21,2506700
2023-02-06 19:00:00-05:00,142.22,144.89,141.36,143.92,2332500
2023-02-07 19:00:00-05:00,143.43,144.00,142.27,142.76,1522100
2023-02-08 19:00:00-05:00,143.35,143.92,141.21,142.22,1574100
2023-02-09 19:00:00-05:00,140.93,141.39,137.59,138.85,877200
2023-02-12 19:00:00-05:00,139.21,140.70,138.44,139.86,848900
2023-02-13 19:00:00-05:00,139.33,140.94,137.11,137.31,977500
2023-02-14 19:00:00-05:00,136.61,139.25,136.13,139.22,535600
2023-02-15 19:00:00-05:00,137.10,137.97,136.17,136.35,570700
2023-02-16 19:00:00-05:00,136.38,137.48,135.33,136.48,776700
2023-02-20 19:00:00-05:00,135.49,136.46,134.83,136.08,648200
2023-02-21 19:00:00-05:00,135.96,136.47,131.73,132.46,1202700
2023-02-22 19:00:00-05:00,133.61,136.39,131.04,136.18,1663300
2023-02-23 19:00:00-05:00,134.83,138.80,134.83,138.03,1461600
2023-02-26 19:00:00-05:00,139.44,140.91,137.01,138.96,989800
2023-02-27 19:00:00-05:00,138.83,143.25,138.03,141.34,1680000
2023-02-28 19:00:00-05:00,139.49,140.65,137.96,140.49,1709600
2023-03-01 19:00:00-05:00,139.85,143.61,139.14,143.29,1398000
2023-03-02 19:00:00-05:00,144.25,146.19,144.25,145.17,1029000
2023-03-05 19:00:00-05:00,145.64,145.64,143.10,143.59,642600
2023-03-06 19:00:00-05:00,143.32,144.24,140.46,140.59,670000
2023-03-07 19:00:00-05:00,140.22,142.74,140.14,140.56,640900
2023-03-08 19:00:00-05:00,140.82,142.26,137.63,137.70,688600
2023-03-09 19:00:00-05:00,137.35,137.44,131.75,131.81,1156900
2023-03-12 20:00:00-04:00,131.02,138.25,130.59,135.28,977000
2023-03-13 20:00:00-04:00,137.10,138.33,134.07,136.49,1554700
2023-03-14 20:00:00-04:00,136.19,137.14,134.00,136.68,855400
2023-03-15 20:00:00-04:00,135.91,139.83,134.31,138.74,898600
2023-03-16 20:00:00-04:00,138.69,139.56,137.68,138.36,1253300
2023-03-19 20:00:00-04:00,138.82,139.52,136.86,139.07,794000
2023-03-20 20:00:00-04:00,139.42,139.43,134.80,137.61,752300
2023-03-21 20:00:00-04:00,136.49,137.60,129.65,129.70,1814700
2023-03-22 20:00:00-04:00,130.14,133.02,129.14,129.47,713400
2023-03-23 20:00:00-04:00,128.97,132.93,128.70,132.88,681700
2023-03-26 20:00:00-04:00,133.20,134.99,132.48,133.01,690700
2023-03-27 20:00:00-04:00,131.71,133.10,130.64,131.09,511300
2023-03-28 20:00:00-04:00,132.70,135.19,132.38,135.01,653700
2023-03-29 20:00:00-04:00,137.21,137.89,136.76,137.76,668900
2023-03-30 20:00:00-04:00,138.78,141.45,137.55,141.32,1041500
2023-04-02 20:00:00-04:00,132.50,135.23,131.43,134.01,11954200
2023-04-03 20:00:00-04:00,136.16,139.53,134.92,138.92,5085200
2023-04-04 20:00:00-04:00,138.99,139.92,137.32,138.79,3308400
2023-04-05 20:00:00-04:00,139.75,141.19,138.11,141.19,2199500
2023-04-09 20:00:00-04:00,140.00,142.48,140.00,142.43,2025300
2023-04-10 20:00:00-04:00,142.57,143.22,141.77,142.83,1805700
2023-04-11 20:00:00-04:00,143.60,143.85,141.58,141.74,1198900
2023-04-12 20:00:00-04:00,141.38,141.38,136.25,137.73,2060700
2023-04-13 20:00:00-04:00,137.50,139.79,133.95,134.53,1623500
2023-04-16 20:00:00-04:00,135.15,135.81,133.31,135.57,1260100
2023-04-17 20:00:00-04:00,135.21,135.67,132.37,134.42,1387400
2023-04-18 20:00:00-04:00,133.54,134.78,132.71,132.76,1828000
2023-04-19 20:00:00-04:00,132.13,132.89,130.54,131.77,1701300
2023-04-20 20:00:00-04:00,132.35,133.01,130.80,131.11,1237300
2023-04-23 20:00:00-04:00,131.86,132.34,130.79,132.03,1170100
2023-04-24 20:00:00-04:00,131.91,132.30,130.30,130.40,990500
2023-04-25 20:00:00-04:00,130.47,131.39,129.12,129.57,687800
2023-04-26 20:00:00-04:00,129.52,131.51,129.52,131.07,1185600
2023-04-27 20:00:00-04:00,131.00,132.50,130.31,131.87,974200
2023-04-30 20:00:00-04:00,131.25,132.38,130.66,132.18,770500
2023-05-01 20:00:00-04:00,131.64,132.12,129.80,131.15,1094600
2023-05-02 20:00:00-04:00,130.27,130.77,126.28,127.72,2144000
2023-05-03 20:00:00-04:00,128.12,131.65,127.73,130.79,1296700
2023-05-04 20:00:00-04:00,131.06,134.31,130.99,134.21,1586900
2023-05-07 20:00:00-04:00,133.66,136.51,133.12,136.16,1145900
2023-05-08 20:00:00-04:00,135.17,136.39,133.31,135.68,983300
2023-05-09 20:00:00-04:00,136.56,136.97,134.65,136.00,1101600
2023-05-10 20:00:00-04:00,135.45,135.68,132.10,132.33,642800
2023-05-11 20:00:00-04:00,132.15,133.22,131.55,133.17,513900
2023-05-14 20:00:00-04:00,133.32,133.79,131.67,132.03,874800
2023-05-15 20:00:00-04:00,131.51,132.12,129.29,129.34,624500
2023-05-16 20:00:00-04:00,129.80,130.42,128.61,129.41,809300
2023-05-17 20:00:00-04:00,129.41,129.90,128.61,129.39,732400
2023-05-18 20:00:00-04:00,130.10,130.56,128.06,128.45,724600
2023-05-21 20:00:00-04:00,128.84,129.67,127.72,128.93,584900
2023-05-22 20:00:00-04:00,128.78,129.52,128.15,128.44,514100
2023-05-23 20:00:00-04:00,127.98,129.23,126.35,127.03,866000
2023-05-24 20:00:00-04:00,127.76,127.76,125.24,126.10,650200
2023-05-25 20:00:00-04:00,126.62,127.33,125.42,127.13,679000
2023-05-29 20:00:00-04:00,127.74,129.11,126.02,126.78,943100
2023-05-30 20:00:00-04:00,127.35,127.93,124.32,125.13,2091200
2023-05-31 20:00:00-04:00,124.79,125.17,122.66,124.34,1016700
2023-06-01 20:00:00-04:00,125.36,127.42,124.28,126.68,828300
2023-06-04 20:00:00-04:00,126.36,127.40,125.06,125.28,659500
2023-06-05 20:00:00-04:00,126.09,126.09,123.67,124.31,1022100
2023-06-06 20:00:00-04:00,124.90,130.05,123.97,129.67,1179400
2023-06-07 20:00:00-04:00,129.16,129.39,126.07,126.76,981300
2023-06-08 20:00:00-04:00,126.59,126.59,124.16,125.33,1089800
2023-06-11 20:00:00-04:00,126.63,126.63,123.04,126.09,1208300
2023-06-12 20:00:00-04:00,124.45,127.24,123.44,126.54,2155800
2023-06-13 20:00:00-04:00,126.54,127.05,125.23,125.70,1210800
2023-06-14 20:00:00-04:00,125.59,128.54,125.05,127.86,843200
2023-06-15 20:00:00-04:00,127.19,129.02,126.69,127.42,1573700
2023-06-19 20:00:00-04:00,126.54,126.78,124.76,126.12,1070200
2023-06-20 20:00:00-04:00,125.83,128.34,124.87,128.06,841700
2023-06-21 20:00:00-04:00,128.48,128.56,124.79,125.61,887300
2023-06-22 20:00:00-04:00,125.63,126.90,124.42,124.51,1199900
2023-06-25 20:00:00-04:00,124.19,127.98,124.19,127.80,1147800
2023-06-26 20:00:00-04:00,128.47,129.82,127.29,129.04,944900
2023-06-27 20:00:00-04:00,128.93,130.03,128.44,129.81,1488000
2023-06-28 20:00:00-04:00,129.30,130.80,128.03,129.78,854300
2023-06-29 20:00:00-04:00,130.90,131.97,127.97,130.55,1444700
2023-07-02 20:00:00-04:00,130.40,132.67,129.92,131.93,482100
2023-07-04 20:00:00-04:00,131.74,132.43,128.56,131.26,1046700
2023-07-05 20:00:00-04:00,129.57,130.44,126.97,130.20,1176100
2023-07-06 20:00:00-04:00,128.99,130.62,128.68,129.91,992700
2023-07-09 20:00:00-04:00,129.47,131.60,129.16,131.14,976200
2023-07-10 20:00:00-04:00,131.38,133.61,130.58,133.28,1228700
2023-07-11 20:00:00-04:00,134.60,136.62,133.81,134.10,1664900
2023-07-12 20:00:00-04:00,134.00,136.42,133.09,136.37,992800
2023-07-13 20:00:00-04:00,136.10,138.04,135.27,137.53,1155500
2023-07-16 20:00:00-04:00,137.65,139.21,136.99,138.11,1612200
2023-07-17 20:00:00-04:00,138.93,138.97,132.45,132.72,4987300
2023-07-18 20:00:00-04:00,133.40,137.31,131.19,131.52,5960300
2023-07-19 20:00:00-04:00,131.72,132.79,129.48,129.63,2171800
2023-07-20 20:00:00-04:00,130.04,130.69,128.70,128.97,17569500
2023-07-23 20:00:00-04:00,129.61,131.17,127.95,129.26,2380500
2023-07-24 20:00:00-04:00,129.07,129.39,126.77,128.18,3196800
2023-07-25 20:00:00-04:00,127.93,130.38,126.80,127.64,1815900
2023-07-26 20:00:00-04:00,128.03,128.88,125.32,125.37,1601100
2023-07-27 20:00:00-04:00,126.13,126.25,123.79,124.35,1353700
2023-07-30 20:00:00-04:00,124.56,125.31,123.10,123.23,2400900
2023-07-31 20:00:00-04:00,123.60,124.86,121.05,121.46,1535100
2023-08-01 20:00:00-04:00,120.66,121.64,120.21,120.83,2052800
2023-08-02 20:00:00-04:00,120.63,123.17,119.33,123.13,2298700
2023-08-03 20:00:00-04:00,114.47,114.82,109.19,110.99,6340700
2023-08-06 20:00:00-04:00,111.60,115.91,111.60,115.75,2812700
2023-08-07 20:00:00-04:00,114.82,115.02,112.87,113.68,1991100
2023-08-08 20:00:00-04:00,113.11,115.75,112.23,114.89,2294900
2023-08-09 20:00:00-04:00,114.85,115.85,114.08,114.68,2078900
2023-08-10 20:00:00-04:00,114.03,115.88,114.03,115.68,2072400
2023-08-13 20:00:00-04:00,115.43,116.49,114.39,114.93,1970300
2023-08-14 20:00:00-04:00,113.90,115.46,113.84,113.85,2239700
2023-08-15 20:00:00-04:00,114.02,114.18,112.83,113.05,2031800
2023-08-16 20:00:00-04:00,112.69,113.93,111.61,111.64,2322700
2023-08-17 20:00:00-04:00,110.95,112.21,110.64,112.01,2241000
2023-08-20 20:00:00-04:00,111.69,112.86,110.70,112.43,1521300
2023-08-21 20:00:00-04:00,112.88,112.97,111.24,111.69,1645900
2023-08-22 20:00:00-04:00,112.61,113.44,111.95,112.58,1688700
2023-08-23 20:00:00-04:00,113.02,114.35,112.33,112.54,1936300
2023-08-24 20:00:00-04:00,113.10,113.42,111.60,112.96,1243300
2023-08-27 20:00:00-04:00,113.24,114.62,113.01,113.49,1114800
2023-08-28 20:00:00-04:00,113.25,115.34,113.17,115.30,1095600
2023-08-29 20:00:00-04:00,115.43,115.86,114.58,115.34,905400
2023-08-30 20:00:00-04:00,115.15,115.30,113.42,113.62,1148700
2023-08-31 20:00:00-04:00,114.44,115.78,113.08,113.75,967600
2023-09-04 20:00:00-04:00,113.45,113.87,112.67,112.75,1333100
2023-09-05 20:00:00-04:00,112.91,113.19,110.74,111.75,1659500
2023-09-06 20:00:00-04:00,111.51,112.72,111.14,112.35,1245800
2023-09-07 20:00:00-04:00,112.58,112.80,111.55,111.60,1132400
2023-09-10 20:00:00-04:00,111.74,112.30,110.83,111.95,923000
2023-09-11 20:00:00-04:00,111.50,112.06,110.72,111.96,909900
2023-09-12 20:00:00-04:00,111.66,111.80,109.36,110.06,1078700
2023-09-13 20:00:00-04:00,110.91,112.14,110.34,111.99,1709600
2023-09-14 20:00:00-04:00,111.27,113.95,110.77,113.63,2479600
2023-09-17 20:00:00-04:00,113.57,113.57,111.50,112.33,1091500
2023-09-18 20:00:00-04:00,112.61,113.64,112.58,113.30,1158700
2023-09-19 20:00:00-04:00,114.31,114.58,113.08,113.17,851100
2023-09-20 20:00:00-04:00,111.94,112.33,108.57,108.77,1424300
2023-09-21 20:00:00-04:00,108.77,110.88,108.48,110.08,1807600
2023-09-24 20:00:00-04:00,109.47,109.50,108.09,108.64,917200
2023-09-25 20:00:00-04:00,107.73,108.54,106.71,107.16,958000
2023-09-26 20:00:00-04:00,108.37,109.22,106.39,106.93,1082300
2023-09-27 20:00:00-04:00,107.31,108.05,106.46,107.20,850900
2023-09-28 20:00:00-04:00,108.96,108.99,107.03,107.88,1399200
2023-10-01 20:00:00-04:00,107.75,108.52,105.26,105.83,943900
2023-10-02 20:00:00-04:00,105.35,106.17,103.53,103.63,1395200
2023-10-03 20:00:00-04:00,104.67,104.89,102.26,103.25,1693300
2023-10-04 20:00:00-04:00,103.27,103.70,102.22,103.43,1212700
2023-10-05 20:00:00-04:00,102.64,105.43,102.33,105.16,1087500
2023-10-08 20:00:00-04:00,104.58,107.45,104.48,107.07,811200
2023-10-09 20:00:00-04:00,107.24,108.22,105.90,107.57,759400
2023-10-10 20:00:00-04:00,108.58,108.77,107.39,108.47,1120000
2023-10-11 20:00:00-04:00,107.84,108.03,105.95,106.57,916900
2023-10-12 20:00:00-04:00,106.87,107.02,103.96,104.76,1305000
2023-10-15 20:00:00-04:00,105.66,106.74,104.45,106.02,1266400
2023-10-16 20:00:00-04:00,105.09,106.77,104.66,105.40,1069200
2023-10-17 20:00:00-04:00,104.45,104.73,102.26,102.93,746800
2023-10-18 20:00:00-04:00,102.38,103.12,99.78,99.82,1222300
2023-10-19 20:00:00-04:00,100.23,100.33,96.86,97.24,1111800
2023-10-22 20:00:00-04:00,96.29,98.09,95.69,95.94,1377800
2023-10-23 20:00:00-04:00,95.46,96.32,93.86,94.47,1367000
2023-10-24 20:00:00-04:00,93.41,93.73,90.77,91.46,1228800
2023-10-25 20:00:00-04:00,92.02,94.06,91.86,93.36,1710800
2023-10-26 20:00:00-04:00,93.77,94.03,92.02,92.62,1256900
2023-10-29 20:00:00-04:00,91.97,92.75,90.35,92.22,1439100
2023-10-30 20:00:00-04:00,93.11,93.41,90.28,91.91,1457000
2023-10-31 20:00:00-04:00,92.22,92.28,89.79,91.68,1402200
2023-11-01 20:00:00-04:00,92.92,94.87,92.92,93.49,1888700
2023-11-02 20:00:00-04:00,95.53,97.26,94.88,94.91,3401400
2023-11-05 19:00:00-05:00,94.80,95.23,93.39,93.89,1666500
2023-11-06 19:00:00-05:00,94.49,95.46,93.06,95.12,2180700
2023-11-07 19:00:00-05:00,102.04,105.49,101.46,105.17,3495300
2023-11-08 19:00:00-05:00,105.31,107.15,104.16,104.79,2398000
2023-11-09 19:00:00-05:00,105.86,106.70,105.24,105.69,1878100
2023-11-12 19:00:00-05:00,104.45,105.37,103.13,104.33,1182300
2023-11-13 19:00:00-05:00,108.27,115.32,108.27,114.95,2725100
2023-11-14 19:00:00-05:00,114.56,116.37,114.56,115.35,1787200
2023-11-15 19:00:00-05:00,115.98,118.22,115.41,115.44,1789100
2023-11-16 19:00:00-05:00,116.75,116.75,113.42,113.80,1445700
2023-11-19 19:00:00-05:00,113.66,115.07,112.86,114.89,1060800
2023-11-20 19:00:00-05:00,114.02,114.87,113.18,113.57,826200
2023-11-21 19:00:00-05:00,114.62,114.62,111.99,112.53,756600
2023-11-23 19:00:00-05:00,112.06,113.19,111.20,112.79,282400
2023-11-26 19:00:00-05:00,112.81,112.91,111.98,112.45,826600
2023-11-27 19:00:00-05:00,111.90,113.16,111.64,112.94,823700
2023-11-28 19:00:00-05:00,114.06,116.38,114.06,114.93,866900
2023-11-29 19:00:00-05:00,114.78,116.10,114.66,115.50,1310200
2023-11-30 19:00:00-05:00,115.96,119.36,115.39,119.23,1067700
2023-12-03 19:00:00-05:00,118.99,121.82,118.99,121.62,1226000
2023-12-04 19:00:00-05:00,120.99,121.66,119.90,120.82,865800
2023-12-05 19:00:00-05:00,121.44,122.72,120.83,121.22,1259500
2023-12-06 19:00:00-05:00,121.56,123.27,121.12,121.66,940200
2023-12-07 19:00:00-05:00,121.61,123.18,121.04,123.05,994300
2023-12-10 19:00:00-05:00,122.20,122.89,120.92,122.55,842700
2023-12-11 19:00:00-05:00,122.52,123.82,121.41,123.37,946800
2023-12-12 19:00:00-05:00,123.95,130.76,123.48,129.54,2047000
2023-12-13 19:00:00-05:00,132.63,138.97,132.55,138.81,2976600
2023-12-14 19:00:00-05:00,137.75,138.81,135.34,137.93,3261500
2023-12-17 19:00:00-05:00,136.87,137.77,135.59,136.03,1378900
2023-12-18 19:00:00-05:00,136.94,139.53,136.69,137.81,1255300
2023-12-19 19:00:00-05:00,138.14,140.12,136.51,136.57,1192600
2023-12-20 19:00:00-05:00,138.63,140.29,137.76,140.06,933300
2023-12-21 19:00:00-05:00,140.31,142.20,139.79,140.46,806300
2023-12-25 19:00:00-05:00,140.80,143.72,140.60,143.07,710300
2023-12-26 19:00:00-05:00,143.31,145.20,142.91,144.54,1133200
2023-12-27 19:00:00-05:00,144.36,145.70,144.10,145.50,848600
2023-12-28 19:00:00-05:00,144.22,145.36,143.81,143.86,1018100
2024-01-01 19:00:00-05:00,143.44,148.04,142.68,147.51,1183300
2024-01-02 19:00:00-05:00,145.90,146.25,141.81,142.48,1356700
2024-01-03 19:00:00-05:00,141.39,142.85,140.25,140.82,1141200
2024-01-04 19:00:00-05:00,140.26,142.89,138.80,141.84,796300
2024-01-07 19:00:00-05:00,141.22,144.06,140.81,143.42,1101800
2024-01-08 19:00:00-05:00,142.21,142.63,140.80,141.79,1055600
2024-01-09 19:00:00-05:00,141.01,141.98,139.69,140.72,1098900
2024-01-10 19:00:00-05:00,139.81,139.81,134.51,135.25,2673800
2024-01-11 19:00:00-05:00,136.41,137.40,134.44,136.67,1563500
2024-01-15 19:00:00-05:00,135.63,135.80,134.00,134.99,1383800
2024-01-16 19:00:00-05:00,133.04,134.79,131.95,132.95,1438100
2024-01-17 19:00:00-05:00,133.07,133.50,129.79,131.39,1439500
2024-01-18 19:00:00-05:00,131.90,132.55,130.12,131.68,1143300
2024-01-21 19:00:00-05:00,132.22,134.78,132.22,133.41,794300
2024-01-22 19:00:00-05:00,133.84,134.41,131.58,132.11,858700
2024-01-23 19:00:00-05:00,133.73,134.40,131.38,131.81,874800
2024-01-24 19:00:00-05:00,133.83,134.58,132.48,133.54,881800
2024-01-25 19:00:00-05:00,134.29,134.55,132.15,132.32,547600
2024-01-28 19:00:00-05:00,132.28,133.17,131.10,132.84,706200
2024-01-29 19:00:00-05:00,131.37,132.62,129.70,130.60,743200
2024-01-30 19:00:00-05:00,131.22,133.05,128.83,129.60,1752700
2024-01-31 19:00:00-05:00,129.31,131.31,128.48,131.06,1393600
2024-02-01 19:00:00-05:00,129.13,129.70,126.90,128.78,944200
2024-02-04 19:00:00-05:00,126.84,127.36,125.09,125.33,1101600
2024-02-05 19:00:00-05:00,125.64,128.49,125.22,128.06,974100
2024-02-06 19:00:00-05:00,128.10,130.04,127.47,127.78,947100
2024-02-07 19:00:00-05:00,128.65,129.54,128.02,128.73,808000
2024-02-08 19:00:00-05:00,128.44,129.37,127.76,128.65,756900
2024-02-11 19:00:00-05:00,128.94,129.50,127.10,127.43,866200
2024-02-12 19:00:00-05:00,124.06,124.88,122.08,124.31,1190100
2024-02-13 19:00:00-05:00,124.84,125.96,123.43,125.26,1219600
2024-02-14 19:00:00-05:00,127.33,128.09,125.96,127.20,1550000
2024-02-15 19:00:00-05:00,125.44,127.36,125.35,127.02,1788100
2024-02-19 19:00:00-05:00,126.42,127.01,125.34,126.89,1043200
2024-02-20 19:00:00-05:00,130.86,131.40,126.96,128.41,1237900
2024-02-21 19:00:00-05:00,128.17,128.54,126.74,126.86,1032600
2024-02-22 19:00:00-05:00,126.65,126.94,125.66,125.67,986800
2024-02-25 19:00:00-05:00,125.20,127.00,124.22,124.90,1362500
2024-02-26 19:00:00-05:00,126.05,127.22,125.73,125.81,1310900
2024-02-27 19:00:00-05:00,121.57,125.23,118.63,124.08,2507000
2024-02-28 19:00:00-05:00,125.42,127.21,123.31,126.48,1788800
2024-02-29 19:00:00-05:00,126.18,128.82,124.39,128.63,1165600
2024-03-03 19:00:00-05:00,128.02,132.42,127.58,132.33,1492900
2024-03-04 19:00:00-05:00,131.55,132.37,127.25,127.93,933000
2024-03-05 19:00:00-05:00,130.18,130.18,127.94,129.23,815700
2024-03-06 19:00:00-05:00,129.71,131.58,128.63,131.41,1123700
2024-03-07 19:00:00-05:00,132.50,135.69,132.32,135.13,1126900
2024-03-10 20:00:00-04:00,135.83,136.68,132.51,134.06,1248700
2024-03-11 20:00:00-04:00,133.15,135.62,131.92,135.13,1161400
2024-03-12 20:00:00-04:00,135.04,136.00,132.07,132.65,1173200
2024-03-13 20:00:00-04:00,131.54,132.65,127.70,129.10,1208600
2024-03-14 20:00:00-04:00,127.29,129.30,126.12,126.40,2428600
2024-03-17 20:00:00-04:00,126.35,127.07,125.12,125.26,938000
2024-03-18 20:00:00-04:00,124.42,126.71,124.42,125.55,839100
2024-03-19 20:00:00-04:00,124.89,128.49,124.51,127.46,1828500
2024-03-20 20:00:00-04:00,128.40,130.27,127.31,129.14,1376300
2024-03-21 20:00:00-04:00,129.56,129.57,127.31,128.24,1200900
2024-03-24 20:00:00-04:00,128.46,129.31,127.26,127.46,922800
2024-03-25 20:00:00-04:00,127.55,128.81,127.42,127.42,798100
2024-03-26 20:00:00-04:00,128.97,133.68,128.67,133.13,1116600
2024-03-27 20:00:00-04:00,133.55,134.83,132.58,133.36,1214500
2024-03-31 20:00:00-04:00,133.37,134.02,132.30,133.12,843800
2024-04-01 20:00:00-04:00,131.76,132.59,130.50,131.99,1231300
2024-04-02 20:00:00-04:00,131.92,132.22,129.41,131.60,1091300
2024-04-03 20:00:00-04:00,132.45,135.50,130.38,131.11,1033500
2024-04-04 20:00:00-04:00,131.12,132.95,130.34,132.74,946100
2024-04-07 20:00:00-04:00,133.71,135.34,132.91,135.23,932300
2024-04-08 20:00:00-04:00,136.08,138.40,135.92,138.25,963600
2024-04-09 20:00:00-04:00,134.35,134.35,128.10,129.27,1296000
2024-04-10 20:00:00-04:00,130.14,130.70,127.04,129.91,827300
2024-04-11 20:00:00-04:00,129.08,129.37,127.02,127.63,687200
2024-04-14 20:00:00-04:00,127.46,128.08,123.66,124.95,1490500
2024-04-15 20:00:00-04:00,124.46,124.67,121.90,123.21,1171100
2024-04-16 20:00:00-04:00,123.46,125.42,123.32,123.47,891800
2024-04-17 20:00:00-04:00,123.63,124.16,121.24,121.74,1013500
2024-04-18 20:00:00-04:00,122.00,122.29,119.64,120.17,1481500
2024-04-21 20:00:00-04:00,120.83,121.61,119.60,120.42,1221000
2024-04-22 20:00:00-04:00,120.43,122.54,120.29,120.91,1162800
2024-04-23 20:00:00-04:00,120.11,123.38,118.86,122.14,1147500
2024-04-24 20:00:00-04:00,120.43,121.85,119.56,121.41,998700
2024-04-25 20:00:00-04:00,121.91,123.70,120.96,121.08,716500
2024-04-28 20:00:00-04:00,122.64,125.16,122.64,124.63,1101100
2024-04-29 20:00:00-04:00,122.90,124.63,121.72,121.82,1800200
2024-04-30 20:00:00-04:00,125.93,129.54,123.78,125.83,2020500
2024-05-01 20:00:00-04:00,127.03,127.53,124.83,126.82,1586900
2024-05-02 20:00:00-04:00,129.20,130.49,127.99,128.70,969200
2024-05-05 20:00:00-04:00,130.05,130.44,127.37,129.44,1070700
2024-05-06 20:00:00-04:00,130.64,131.27,129.69,130.00,1129000
2024-05-07 20:00:00-04:00,129.20,129.29,127.55,127.87,632800
2024-05-08 20:00:00-04:00,128.54,132.68,128.02,132.65,945100
2024-05-09 20:00:00-04:00,132.85,133.41,131.63,133.06,710300
2024-05-12 20:00:00-04:00,133.94,135.24,133.05,134.16,609300
2024-05-13 20:00:00-04:00,135.39,137.14,134.43,134.85,720400
2024-05-14 20:00:00-04:00,137.74,138.25,136.42,137.97,943100
2024-05-15 20:00:00-04:00,137.08,139.37,137.08,137.30,718700
2024-05-16 20:00:00-04:00,138.26,138.27,136.83,137.79,566900
2024-05-19 20:00:00-04:00,137.45,138.33,136.27,136.34,735500
2024-05-20 20:00:00-04:00,135.76,136.27,131.08,132.52,1856700
2024-05-21 20:00:00-04:00,132.33,134.43,131.99,132.79,768000
2024-05-22 20:00:00-04:00,132.59,132.59,129.20,129.39,593500
2024-05-23 20:00:00-04:00,130.06,130.13,128.90,129.35,459700
2024-05-27 20:00:00-04:00,130.58,131.47,129.11,129.15,816700
2024-05-28 20:00:00-04:00,127.12,127.86,124.78,125.55,610200
2024-05-29 20:00:00-04:00,127.05,128.59,126.50,128.53,539400
2024-05-30 20:00:00-04:00,129.85,131.91,129.36,131.33,1248900
2024-06-02 20:00:00-04:00,132.23,132.23,130.45,131.50,545700
2024-06-03 20:00:00-04:00,131.45,135.66,131.05,134.32,739300
2024-06-04 20:00:00-04:00,134.78,136.05,133.36,134.68,873400
2024-06-05 20:00:00-04:00,133.67,135.23,132.56,134.70,553000
2024-06-06 20:00:00-04:00,132.60,135.50,132.22,134.35,1015500
2024-06-09 20:00:00-04:00,133.53,136.50,132.07,135.89,1182000
2024-06-10 20:00:00-04:00,134.87,137.85,134.15,137.25,1004100
2024-06-11 20:00:00-04:00,140.61,144.17,139.82,140.41,1560900
2024-06-12 20:00:00-04:00,141.00,144.57,140.44,143.82,1233800
2024-06-13 20:00:00-04:00,143.43,145.03,141.86,143.50,1284200
2024-06-16 20:00:00-04:00,142.29,143.99,141.25,141.98,1318100
2024-06-17 20:00:00-04:00,142.14,146.58,141.66,145.99,1500400
2024-06-19 20:00:00-04:00,145.26,145.63,143.28,144.82,865900
2024-06-20 20:00:00-04:00,145.07,145.94,143.80,145.67,1574800
2024-06-23 20:00:00-04:00,145.14,147.56,144.08,146.03,926600
2024-06-24 20:00:00-04:00,146.09,146.09,143.32,144.08,776400
2024-06-25 20:00:00-04:00,143.33,144.39,142.45,143.89,1114600
2024-06-26 20:00:00-04:00,144.19,144.97,141.44,142.74,1318100
2024-06-27 20:00:00-04:00,143.28,144.33,140.67,142.44,2310700
2024-06-30 20:00:00-04:00,141.38,143.03,139.02,139.24,796000
2024-07-01 20:00:00-04:00,139.24,141.37,139.00,140.89,637100
2024-07-02 20:00:00-04:00,140.89,142.52,140.22,141.33,261400
2024-07-04 20:00:00-04:00,141.88,141.88,140.03,141.48,484500
2024-07-07 20:00:00-04:00,141.98,142.79,141.10,141.67,462000
2024-07-08 20:00:00-04:00,141.75,141.75,139.03,140.72,584200
2024-07-09 20:00:00-04:00,141.64,141.97,139.65,140.89,726100
2024-07-10 20:00:00-04:00,143.15,146.08,142.30,145.65,890500
2024-07-11 20:00:00-04:00,146.80,149.54,146.47,148.41,804100
2024-07-14 20:00:00-04:00,149.04,149.13,145.99,148.85,669000
2024-07-15 20:00:00-04:00,149.82,151.82,149.30,151.06,825500
2024-07-16 20:00:00-04:00,151.26,153.94,151.04,153.81,1034300
2024-07-17 20:00:00-04:00,152.84,157.15,151.58,153.27,1054300
2024-07-18 20:00:00-04:00,153.66,153.66,149.96,150.41,754100
2024-07-21 20:00:00-04:00,150.80,152.00,148.80,151.94,714200
2024-07-22 20:00:00-04:00,151.52,153.17,150.97,152.59,854100
2024-07-23 20:00:00-04:00,152.42,153.61,148.04,148.36,852300
2024-07-24 20:00:00-04:00,149.48,150.67,146.80,147.28,1013000
2024-07-25 20:00:00-04:00,148.97,152.08,147.32,150.87,742300
2024-07-28 20:00:00-04:00,150.59,151.47,148.24,150.31,1024200
2024-07-29 20:00:00-04:00,150.62,151.92,148.44,149.49,1142100
2024-07-30 20:00:00-04:00,149.88,150.35,143.60,146.30,1687700
2024-07-31 20:00:00-04:00,148.55,149.22,144.76,146.52,1286400
2024-08-01 20:00:00-04:00,146.55,151.82,146.55,151.19,1446400
2024-08-04 20:00:00-04:00,149.15,150.70,144.71,145.49,1797400
2024-08-05 20:00:00-04:00,144.69,151.53,143.94,149.58,1502900
2024-08-06 20:00:00-04:00,149.86,151.75,147.13,148.14,1155300
2024-08-07 20:00:00-04:00,147.46,149.66,146.63,149.56,701800
2024-08-08 20:00:00-04:00,150.20,151.40,148.48,150.67,500700
2024-08-11 20:00:00-04:00,150.16,150.97,148.80,150.42,546500
2024-08-12 20:00:00-04:00,151.96,152.31,149.72,152.09,494400
2024-08-13 20:00:00-04:00,152.13,153.88,151.75,152.77,870000
2024-08-14 20:00:00-04:00,153.00,153.91,151.38,152.30,816400
2024-08-15 20:00:00-04:00,152.27,154.46,151.39,153.31,871000
2024-08-18 20:00:00-04:00,153.80,155.11,153.03,155.11,450700
2024-08-19 20:00:00-04:00,155.31,155.81,154.38,155.23,477100
2024-08-20 20:00:00-04:00,155.80,156.99,153.60,156.75,439300
2024-08-21 20:00:00-04:00,157.49,159.31,156.93,159.21,675000
2024-08-22 20:00:00-04:00,159.69,163.72,158.79,163.35,792900
2024-08-25 20:00:00-04:00,164.03,164.27,162.15,162.87,722700
2024-08-26 20:00:00-04:00,161.83,164.01,161.06,163.40,507600
2024-08-27 20:00:00-04:00,162.60,163.48,158.99,160.13,709400
2024-08-28 20:00:00-04:00,160.13,162.13,159.17,160.89,516600
2024-08-29 20:00:00-04:00,161.64,162.51,159.76,162.23,767400
2024-09-02 20:00:00-04:00,161.68,163.07,159.93,161.41,753000
2024-09-03 20:00:00-04:00,161.55,163.64,160.08,161.08,889500
2024-09-04 20:00:00-04:00,162.35,163.15,158.70,159.08,808100
2024-09-05 20:00:00-04:00,158.99,159.55,156.93,159.10,993200
2024-09-08 20:00:00-04:00,159.54,161.63,158.30,160.16,906800
2024-09-09 20:00:00-04:00,160.90,163.45,160.71,162.64,837100
2024-09-10 20:00:00-04:00,160.10,161.59,157.83,161.33,854700
2024-09-11 20:00:00-04:00,161.56,162.73,160.17,162.49,744500
2024-09-12 20:00:00-04:00,163.28,164.00,161.53,163.06,791600
2024-09-15 20:00:00-04:00,163.69,164.96,162.44,164.30,1274000
2024-09-16 20:00:00-04:00,164.17,165.96,163.06,165.37,1637900
2024-09-17 20:00:00-04:00,167.97,171.00,167.03,168.02,1419400
2024-09-18 20:00:00-04:00,169.72,169.72,165.49,166.58,1263700
2024-09-19 20:00:00-04:00,164.96,167.05,163.91,166.88,2421600
2024-09-22 20:00:00-04:00,168.04,169.47,166.82,169.40,1086300
2024-09-23 20:00:00-04:00,168.53,169.34,167.62,168.49,727800
2024-09-24 20:00:00-04:00,168.85,169.17,167.41,167.74,636300
2024-09-25 20:00:00-04:00,167.72,167.90,162.28,163.36,2348100
2024-09-26 20:00:00-04:00,164.65,165.02,163.15,163.93,1558800
2024-09-29 20:00:00-04:00,163.20,167.11,163.04,166.67,1609400
2024-09-30 20:00:00-04:00,167.81,167.81,163.93,164.91,762800
2024-10-01 20:00:00-04:00,162.91,164.13,161.44,163.93,565800
2024-10-02 20:00:00-04:00,164.22,164.34,161.72,163.08,641700
2024-10-03 20:00:00-04:00,161.53,161.53,156.60,156.77,991900
2024-10-06 20:00:00-04:00,156.49,156.72,154.27,156.69,833400
2024-10-07 20:00:00-04:00,157.75,158.69,157.02,158.13,1263300
2024-10-08 20:00:00-04:00,158.18,159.38,157.44,159.11,895900
2024-10-09 20:00:00-04:00,158.16,159.76,156.74,157.03,1187400
2024-10-10 20:00:00-04:00,157.59,158.31,156.53,157.75,630400
2024-10-13 20:00:00-04:00,156.50,158.69,155.94,158.30,527400
2024-10-14 20:00:00-04:00,159.07,161.55,157.88,158.29,938400
2024-10-15 20:00:00-04:00,158.33,159.91,158.09,159.21,1016400
2024-10-16 20:00:00-04:00,159.14,159.61,156.79,157.27,1260600
2024-10-17 20:00:00-04:00,158.10,158.97,156.43,158.43,980900
2024-10-20 20:00:00-04:00,156.43,157.41,152.25,152.44,676700
2024-10-21 20:00:00-04:00,152.25,154.56,151.88,153.69,629400
2024-10-22 20:00:00-04:00,153.81,157.17,153.24,156.38,815300
2024-10-23 20:00:00-04:00,156.46,157.28,155.54,155.66,597800
2024-10-24 20:00:00-04:00,155.76,156.58,153.56,153.92,462100
2024-10-27 20:00:00-04:00,155.35,156.85,154.04,154.90,564900
2024-10-28 20:00:00-04:00,154.04,155.38,152.65,153.19,1336300
2024-10-29 20:00:00-04:00,152.29,156.27,151.41,152.38,1525200
2024-10-30 20:00:00-04:00,151.41,154.44,150.22,151.05,1332500
2024-10-31 20:00:00-04:00,151.05,152.86,149.03,149.04,749600
2024-11-03 19:00:00-05:00,149.94,151.45,149.03,151.25,1162200
2024-11-04 19:00:00-05:00,150.43,156.04,149.45,155.90,778100
2024-11-05 19:00:00-05:00,155.56,156.33,145.03,148.96,1678500
2024-11-06 19:00:00-05:00,150.22,152.12,148.96,151.83,747300
2024-11-07 19:00:00-05:00,152.63,156.67,152.12,155.12,708800
2024-11-10 19:00:00-05:00,154.32,156.03,152.85,153.07,858000
2024-11-11 19:00:00-05:00,152.05,153.35,149.77,150.36,1422300
2024-11-12 19:00:00-05:00,152.76,152.91,150.66,151.73,709400
2024-11-13 19:00:00-05:00,151.18,152.76,149.70,151.17,872500
2024-11-14 19:00:00-05:00,149.16,152.73,149.16,152.21,1131200
2024-11-17 19:00:00-05:00,151.22,152.79,151.12,152.53,769800
2024-11-18 19:00:00-05:00,152.53,154.01,151.93,153.09,922300
2024-11-19 19:00:00-05:00,151.91,153.14,150.09,152.66,710600
2024-11-20 19:00:00-05:00,152.68,155.57,151.67,154.36,686000
2024-11-21 19:00:00-05:00,154.98,156.03,154.55,155.53,547200
2024-11-24 19:00:00-05:00,156.81,161.13,156.68,157.63,1359200
2024-11-25 19:00:00-05:00,157.16,159.46,155.97,158.80,623500
2024-11-26 19:00:00-05:00,160.31,162.41,159.71,159.73,614100
2024-11-28 19:00:00-05:00,159.48,160.77,157.98,158.13,1274000
2024-12-01 19:00:00-05:00,158.13,158.39,156.46,157.00,633700
2024-12-02 19:00:00-05:00,157.72,157.72,152.67,153.12,1085500
2024-12-03 19:00:00-05:00,152.62,153.14,151.46,151.70,598200
2024-12-04 19:00:00-05:00,151.08,151.96,150.40,151.36,516600
2024-12-05 19:00:00-05:00,151.70,153.12,150.23,151.27,632700
2024-12-08 19:00:00-05:00,151.78,153.05,150.45,152.17,997800
2024-12-09 19:00:00-05:00,152.17,152.17,147.64,148.35,1379900
2024-12-10 19:00:00-05:00,148.78,150.04,146.43,147.55,725200
2024-12-11 19:00:00-05:00,147.09,148.87,146.51,147.00,876100
2024-12-12 19:00:00-05:00,146.82,147.52,145.65,146.33,876100
2024-12-15 19:00:00-05:00,146.53,147.84,145.23,145.42,796200
2024-12-16 19:00:00-05:00,144.70,146.12,144.04,144.38,1124500
2024-12-17 19:00:00-05:00,143.79,144.71,137.85,138.00,1061100
2024-12-18 19:00:00-05:00,137.70,139.00,132.79,133.03,1462900
2024-12-19 19:00:00-05:00,134.58,139.70,134.16,137.38,3596100
2024-12-22 19:00:00-05:00,136.68,138.60,136.07,138.24,1034800
2024-12-23 19:00:00-05:00,137.53,139.77,137.00,139.77,435700
2024-12-25 19:00:00-05:00,138.58,140.19,137.40,139.81,570100
2024-12-26 19:00:00-05:00,138.83,140.27,138.09,138.40,594000
2024-12-29 19:00:00-05:00,137.75,138.10,136.17,137.61,830000
2024-12-30 19:00:00-05:00,138.53,139.95,137.93,139.81,932600
2025-01-01 19:00:00-05:00,139.66,140.08,137.05,138.12,774300
2025-01-02 19:00:00-05:00,138.31,141.28,137.85,141.15,810200
2025-01-05 19:00:00-05:00,140.62,141.27,138.71,138.84,991900
2025-01-06 19:00:00-05:00,139.83,140.55,137.44,138.71,807400
2025-01-07 19:00:00-05:00,138.31,139.00,136.81,138.32,961000
2025-01-09 19:00:00-05:00,137.60,138.11,135.98,137.18,1449900
2025-01-12 19:00:00-05:00,137.29,138.48,136.06,137.75,1454600
2025-01-13 19:00:00-05:00,138.22,139.78,137.79,139.09,1172200
2025-01-14 19:00:00-05:00,142.97,143.52,139.18,139.71,1173400
2025-01-15 19:00:00-05:00,139.99,142.37,138.45,141.68,1685300
2025-01-16 19:00:00-05:00,142.56,142.62,140.73,140.74,1183700
2025-01-20 19:00:00-05:00,141.22,143.09,140.29,141.97,870500
2025-01-21 19:00:00-05:00,140.83,141.12,139.68,140.25,1192500
2025-01-22 19:00:00-05:00,140.73,142.05,139.47,141.58,2274600
2025-01-23 19:00:00-05:00,141.40,143.02,141.39,142.08,2334800
2025-01-26 19:00:00-05:00,142.73,146.76,142.73,145.79,1522900
2025-01-27 19:00:00-05:00,144.76,145.57,143.97,144.95,1136400
2025-01-28 19:00:00-05:00,144.71,145.40,141.95,143.00,1230300
2025-01-29 19:00:00-05:00,145.00,146.31,143.23,144.58,2228500
2025-01-30 19:00:00-05:00,144.47,145.44,143.22,143.92,2292200
2025-02-02 19:00:00-05:00,142.99,144.00,140.77,142.74,894500
2025-02-03 19:00:00-05:00,141.21,142.87,140.97,142.05,1153400
2025-02-04 19:00:00-05:00,144.08,145.25,142.87,144.85,1202900
2025-02-05 19:00:00-05:00,145.60,145.85,144.88,145.84,767400
2025-02-06 19:00:00-05:00,145.61,146.85,144.78,145.79,1192100
2025-02-09 19:00:00-05:00,146.11,146.37,144.85,146.31,810800
2025-02-10 19:00:00-05:00,145.67,147.22,144.80,147.19,942700
2025-02-11 19:00:00-05:00,144.09,145.63,143.03,144.67,764300
2025-02-12 19:00:00-05:00,144.66,146.09,144.16,145.74,816100
2025-02-13 19:00:00-05:00,146.30,146.90,144.69,144.78,1409700
2025-02-17 19:00:00-05:00,144.67,145.66,144.04,144.80,751000
2025-02-18 19:00:00-05:00,144.17,144.42,143.36,143.71,1233600
2025-02-19 19:00:00-05:00,143.46,145.89,143.17,145.73,1461800
2025-02-20 19:00:00-05:00,145.90,146.17,143.91,145.74,1124700
2025-02-23 19:00:00-05:00,145.55,149.51,144.35,148.63,1550900
2025-02-24 19:00:00-05:00,149.76,152.12,148.68,150.72,1438100
2025-02-25 19:00:00-05:00,150.33,150.93,142.99,143.84,2297300
2025-02-26 19:00:00-05:00,143.69,145.08,143.14,143.41,1340900
2025-02-27 19:00:00-05:00,143.71,145.50,141.11,142.57,3524100
2025-03-02 19:00:00-05:00,142.45,144.40,141.65,143.91,2069400
2025-03-03 19:00:00-05:00,144.59,146.21,143.20,143.38,1188200
2025-03-04 19:00:00-05:00,142.21,146.99,141.93,146.81,1251700
2025-03-05 19:00:00-05:00,146.30,146.69,143.54,144.90,1054900
2025-03-06 19:00:00-05:00,145.58,147.58,144.41,146.98,1807200
2025-03-09 20:00:00-04:00,147.00,150.07,145.16,145.57,1506400
2025-03-10 20:00:00-04:00,145.30,145.62,141.61,141.91,1889000
2025-03-11 20:00:00-04:00,142.01,142.91,139.30,139.45,909000
2025-03-12 20:00:00-04:00,139.85,140.80,134.92,135.04,1233200
2025-03-13 20:00:00-04:00,135.04,137.19,134.45,137.04,1543800
2025-03-16 20:00:00-04:00,136.75,139.06,136.31,138.59,1125200
2025-03-17 20:00:00-04:00,137.75,139.92,137.28,139.81,1336600
2025-03-18 20:00:00-04:00,138.96,140.34,137.53,138.74,1192100
2025-03-19 20:00:00-04:00,139.35,139.87,137.52,137.87,1288200
2025-03-20 20:00:00-04:00,137.58,137.58,135.51,135.91,1769800
2025-03-23 20:00:00-04:00,136.46,138.39,136.02,137.98,1248200
2025-03-24 20:00:00-04:00,138.09,138.73,135.16,136.66,1034900
2025-03-25 20:00:00-04:00,137.23,137.99,135.82,137.59,532700
2025-03-26 20:00:00-04:00,138.30,140.30,136.85,137.23,650400
2025-03-27 20:00:00-04:00,138.36,138.36,136.67,137.48,612700
2025-03-30 20:00:00-04:00,138.07,141.23,138.07,140.34,1355000
2025-03-31 20:00:00-04:00,141.02,141.46,138.42,139.73,830000
2025-04-01 20:00:00-04:00,139.24,140.02,137.47,139.38,1442500
2025-04-02 20:00:00-04:00,138.04,140.39,135.53,136.25,1530000
2025-04-03 20:00:00-04:00,135.00,136.37,130.34,130.63,1378900
2025-04-06 20:00:00-04:00,129.94,131.20,123.57,125.12,1775800
2025-04-07 20:00:00-04:00,127.53,127.53,118.06,119.66,1634700
2025-04-08 20:00:00-04:00,117.40,128.74,114.39,128.25,1864000
2025-04-09 20:00:00-04:00,127.37,129.71,121.83,124.61,2067900
2025-04-10 20:00:00-04:00,123.57,126.64,121.50,126.53,1346100
2025-04-13 20:00:00-04:00,126.93,130.24,126.65,130.12,1139900
2025-04-14 20:00:00-04:00,129.98,131.61,129.40,130.66,1171000
2025-04-15 20:00:00-04:00,131.38,132.38,129.56,130.64,632800
2025-04-16 20:00:00-04:00,131.85,134.30,131.42,133.44,714500
2025-04-20 20:00:00-04:00,132.09,133.01,128.86,130.62,946700
2025-04-21 20:00:00-04:00,132.90,135.04,132.24,134.05,789700
2025-04-22 20:00:00-04:00,136.25,136.53,132.55,133.55,798300
2025-04-23 20:00:00-04:00,133.96,135.41,132.77,134.08,906100
2025-04-24 20:00:00-04:00,133.98,134.63,132.06,133.31,730000
2025-04-27 20:00:00-04:00,132.85,134.32,132.65,134.13,804100
2025-04-28 20:00:00-04:00,133.78,134.48,132.41,133.67,1154400
2025-04-29 20:00:00-04:00,135.58,138.82,133.71,138.48,1782900
2025-04-30 20:00:00-04:00,138.58,141.84,137.53,140.15,1467700
2025-05-01 20:00:00-04:00,142.49,143.26,140.70,141.36,838100
2025-05-04 20:00:00-04:00,141.04,142.07,140.02,141.19,833000
2025-05-05 20:00:00-04:00,140.00,141.00,139.05,139.14,654900
2025-05-06 20:00:00-04:00,139.29,140.83,138.81,139.15,996000
2025-05-07 20:00:00-04:00,139.43,140.81,137.69,139.34,925200
2025-05-08 20:00:00-04:00,139.46,141.23,139.46,140.28,522300
2025-05-11 20:00:00-04:00,141.88,142.78,139.07,140.72,876100
2025-05-12 20:00:00-04:00,141.37,141.71,137.93,138.96,914500
2025-05-13 20:00:00-04:00,138.10,138.44,136.72,137.81,1001700
2025-05-14 20:00:00-04:00,138.41,140.54,138.06,140.43,687100
2025-05-15 20:00:00-04:00,140.50,143.56,140.32,143.43,646600
2025-05-18 20:00:00-04:00,141.75,144.45,141.54,144.22,699200
2025-05-19 20:00:00-04:00,143.36,144.96,142.93,143.72,928200
2025-05-20 20:00:00-04:00,142.58,143.18,136.80,137.43,849100
2025-05-21 20:00:00-04:00,137.29,137.85,134.98,136.84,1425900
2025-05-22 20:00:00-04:00,137.17,138.12,136.23,137.74,829200
2025-05-26 20:00:00-04:00,139.18,140.12,137.58,139.81,844700
2025-05-27 20:00:00-04:00,139.70,140.48,138.82,140.34,753100
2025-05-28 20:00:00-04:00,140.89,143.17,140.27,142.54,759500
2025-05-29 20:00:00-04:00,141.78,143.26,141.02,142.86,1450400
2025-06-01 20:00:00-04:00,142.08,144.83,140.66,144.60,1123000
2025-06-02 20:00:00-04:00,143.84,144.12,141.18,141.71,1008000
2025-06-03 20:00:00-04:00,141.02,142.18,140.01,141.46,1105900
2025-06-04 20:00:00-04:00,141.38,142.13,140.51,141.23,694800
2025-06-05 20:00:00-04:00,141.85,143.09,140.36,141.61,692700
2025-06-08 20:00:00-04:00,141.55,143.61,140.66,142.19,1219500
2025-06-09 20:00:00-04:00,142.54,143.80,142.06,143.30,776100
2025-06-10 20:00:00-04:00,143.90,144.56,141.51,142.03,789200
2025-06-11 20:00:00-04:00,142.19,143.01,141.39,142.25,812500
2025-06-12 20:00:00-04:00,140.85,141.83,140.04,141.39,945900
2025-06-15 20:00:00-04:00,142.06,143.95,141.47,142.34,874400
2025-06-16 20:00:00-04:00,142.05,142.83,140.38,141.31,635800
2025-06-17 20:00:00-04:00,141.59,141.74,139.78,139.93,948200
2025-06-19 20:00:00-04:00,139.95,141.59,139.40,139.57,2164100
2025-06-22 20:00:00-04:00,139.99,142.61,139.92,142.34,993300
2025-06-23 20:00:00-04:00,141.86,142.65,139.94,141.92,1224400
2025-06-24 20:00:00-04:00,141.23,142.22,138.62,138.97,1051400
2025-06-25 20:00:00-04:00,139.39,139.62,137.34,139.17,1328400
2025-06-26 20:00:00-04:00,139.50,141.42,138.80,139.37,1431500
2025-06-29 20:00:00-04:00,139.27,141.00,136.35,140.88,1396200
2025-06-30 20:00:00-04:00,140.82,145.45,140.71,143.80,1598400
2025-07-01 20:00:00-04:00,143.51,145.35,143.28,145.02,1326100
2025-07-02 20:00:00-04:00,146.15,146.58,144.53,146.08,836000
2025-07-06 20:00:00-04:00,146.09,147.15,141.87,142.36,1225500
2025-07-07 20:00:00-04:00,141.22,143.91,141.22,143.16,998900
2025-07-08 20:00:00-04:00,143.26,143.85,141.70,142.09,798400
2025-07-09 20:00:00-04:00,141.79,144.30,141.26,142.20,1052900
2025-07-10 20:00:00-04:00,142.13,143.90,140.88,143.55,1142700
2025-07-13 20:00:00-04:00,142.96,144.26,142.77,143.75,1078400
2025-07-14 20:00:00-04:00,143.47,144.37,141.30,141.36,1488900
2025-07-15 20:00:00-04:00,141.82,142.49,140.46,142.32,1041200
2025-07-16 20:00:00-04:00,142.21,143.26,140.15,140.72,1231100
2025-07-17 20:00:00-04:00,140.53,141.57,139.44,141.52,761300
2025-07-20 20:00:00-04:00,142.00,142.66,141.01,141.22,1146300
2025-07-21 20:00:00-04:00,141.49,144.71,140.75,144.59,689300
2025-07-22 20:00:00-04:00,144.29,144.99,143.32,144.26,908100
2025-07-23 20:00:00-04:00,143.58,144.37,142.65,143.81,889400
2025-07-24 20:00:00-04:00,143.96,145.20,142.39,144.15,866700
2025-07-27 20:00:00-04:00,143.34,143.97,141.59,141.71,939100
2025-07-28 20:00:00-04:00,142.67,145.20,141.52,145.15,1125400
2025-07-29 20:00:00-04:00,145.26,146.09,142.05,142.69,1423400
2025-07-30 20:00:00-04:00,137.96,138.04,128.38,128.38,4363500
2025-07-31 20:00:00-04:00,131.13,134.07,129.42,133.10,3193400
2025-08-03 20:00:00-04:00,132.22,133.76,131.83,131.91,1309600
2025-08-04 20:00:00-04:00,132.49,132.99,130.83,132.44,1484200
2025-08-05 20:00:00-04:00,132.95,133.14,131.66,131.91,1106600
2025-08-06 20:00:00-04:00,132.47,132.60,130.52,132.13,828500
2025-08-07 20:00:00-04:00,132.48,132.86,130.06,130.29,839500
2025-08-10 20:00:00-04:00,130.04,130.64,128.86,129.21,1321600
2025-08-11 20:00:00-04:00,129.83,130.62,128.86,129.51,1049600
2025-08-12 20:00:00-04:00,129.97,132.19,129.37,132.06,1183300
2025-08-13 20:00:00-04:00,130.99,131.07,129.34,130.55,1475700
2025-08-14 20:00:00-04:00,131.14,131.44,129.66,130.95,1195000
2025-08-17 20:00:00-04:00,130.88,131.12,130.16,130.77,1217100
2025-08-18 20:00:00-04:00,131.45,133.42,131.39,133.25,912400
2025-08-19 20:00:00-04:00,134.14,135.38,133.34,133.42,1085300
2025-08-20 20:00:00-04:00,132.11,133.55,132.11,132.84,725900
2025-08-21 20:00:00-04:00,133.65,137.86,133.14,136.40,940400
2025-08-24 20:00:00-04:00,135.97,136.63,133.85,133.95,562100
2025-08-25 20:00:00-04:00,135.62,135.95,133.79,134.30,1295900
2025-08-26 20:00:00-04:00,135.55,136.12,133.87,135.27,1086800
2025-08-27 20:00:00-04:00,135.47,136.08,134.94,135.99,649000
2025-08-28 20:00:00-04:00,136.03,137.38,136.02,137.19,857300
2025-09-01 20:00:00-04:00,135.78,136.28,134.22,134.59,1185700
2025-09-02 20:00:00-04:00,134.38,136.83,134.30,136.83,925800
2025-09-03 20:00:00-04:00,137.75,137.89,135.64,137.44,1435500
2025-09-04 20:00:00-04:00,138.53,141.41,138.25,140.72,1229000
2025-09-07 20:00:00-04:00,138.71,140.60,137.70,140.48,1434000
2025-09-08 20:00:00-04:00,139.59,140.44,137.51,138.43,1206000
2025-09-09 20:00:00-04:00,138.55,139.12,138.14,138.55,944900
2025-09-10 20:00:00-04:00,138.58,141.95,138.56,141.71,959000
2025-09-11 20:00:00-04:00,141.71,142.66,140.51,140.60,1176600
2025-09-14 20:00:00-04:00,141.50,142.17,138.72,138.86,892900
2025-09-15 20:00:00-04:00,138.50,139.46,137.89,138.56,981500
2025-09-16 20:00:00-04:00,139.13,140.90,137.83,138.33,738100
2025-09-17 20:00:00-04:00,138.00,138.86,137.20,137.86,875100
2025-09-18 20:00:00-04:00,137.49,138.24,134.56,134.60,2182100
2025-09-21 20:00:00-04:00,135.45,135.45,133.88,133.91,884100
2025-09-22 20:00:00-04:00,133.80,134.77,133.51,133.86,1113300
2025-09-23 20:00:00-04:00,133.59,134.33,132.73,133.00,797400
2025-09-24 20:00:00-04:00,133.01,134.08,132.63,133.05,800300
2025-09-25 20:00:00-04:00,133.52,135.96,133.26,135.09,896100
2025-09-28 20:00:00-04:00,134.98,136.67,134.20,136.66,1099500
2025-09-29 20:00:00-04:00,136.93,137.07,134.78,136.17,828000
2025-09-30 20:00:00-04:00,136.78,137.29,135.78,136.35,889600
2025-10-01 20:00:00-04:00,136.25,137.00,135.49,136.68,922500
2025-10-02 20:00:00-04:00,137.67,139.32,137.02,137.98,812400
2025-10-05 20:00:00-04:00,138.28,138.49,136.18,136.78,1144800
2025-10-06 20:00:00-04:00,136.43,138.21,135.83,138.03,973200
2025-10-07 20:00:00-04:00,136.78,138.26,136.39,137.59,1064500
2025-10-08 20:00:00-04:00,137.76,139.03,137.13,138.23,859800
2025-10-09 20:00:00-04:00,138.16,139.87,136.88,137.17,1040400
2025-10-12 20:00:00-04:00,137.52,140.33,137.43,140.11,1162700
2025-10-13 20:00:00-04:00,140.51,143.61,139.83,142.83,1284300
2025-10-14 20:00:00-04:00,143.71,146.90,143.41,144.14,1161300
2025-10-15 20:00:00-04:00,144.62,147.76,144.02,146.85,961100
2025-10-16 20:00:00-04:00,146.66,147.43,145.32,146.41,1191200
2025-10-19 20:00:00-04:00,147.21,148.26,145.33,146.34,742300
2025-10-20 20:00:00-04:00,146.59,146.94,145.22,145.45,789300
2025-10-21 20:00:00-04:00,145.35,147.38,145.13,146.94,715700
2025-10-22 20:00:00-04:00,147.60,147.60,144.42,145.70,575500
2025-10-23 20:00:00-04:00,146.91,147.47,145.13,145.17,604100
2025-10-26 20:00:00-04:00,144.76,145.22,143.90,144.45,889800
2025-10-27 20:00:00-04:00,144.50,144.50,141.77,141.94,685700
2025-10-28 20:00:00-04:00,140.38,141.57,136.74,136.96,1228400
2025-10-29 20:00:00-04:00,132.93,134.29,126.24,130.23,3030400
2025-10-30 20:00:00-04:00,129.29,130.66,128.51,129.02,2550800
2025-11-02 19:00:00-05:00,127.50,128.37,125.84,126.76,1575500
2025-11-03 19:00:00-05:00,127.24,127.24,125.33,126.97,1333800
2025-11-04 19:00:00-05:00,127.51,128.78,127.08,128.50,1380700
2025-11-05 19:00:00-05:00,127.72,128.53,126.35,126.62,1055300
2025-11-06 19:00:00-05:00,127.18,128.81,126.14,128.67,866900
2025-11-09 19:00:00-05:00,127.60,128.49,124.86,126.08,953800
2025-11-10 19:00:00-05:00,127.06,129.43,127.06,129.39,1247900
2025-11-11 19:00:00-05:00,128.96,129.99,127.69,128.14,1745200
2025-11-12 19:00:00-05:00,128.01,129.06,127.25,127.47,1202000
2025-11-13 19:00:00-05:00,128.08,128.80,127.22,128.41,1171300
2025-11-16 19:00:00-05:00,128.76,128.83,125.79,126.13,1138700
2025-11-17 19:00:00-05:00,125.72,126.68,124.64,125.92,878400
2025-11-18 19:00:00-05:00,126.49,126.49,123.83,125.04,838100
2025-11-19 19:00:00-05:00,125.93,126.20,123.92,124.45,1490700
2025-11-20 19:00:00-05:00,125.01,128.75,124.97,127.01,1154200
2025-11-23 19:00:00-05:00,127.22,127.72,125.13,125.93,1126400
2025-11-24 19:00:00-05:00,126.75,128.98,126.71,127.89,980900
2025-11-25 19:00:00-05:00,127.76,129.56,127.76,128.78,936600
2025-11-27 19:00:00-05:00,128.32,129.84,128.32,128.66,371000
2025-11-30 19:00:00-05:00,127.77,128.76,126.72,127.47,992900
2025-12-01 19:00:00-05:00,128.02,128.50,126.57,128.03,997300
2025-12-02 19:00:00-05:00,128.36,129.12,127.46,127.76,991500
2025-12-03 19:00:00-05:00,127.61,128.14,126.46,126.65,974500
2025-12-04 19:00:00-05:00,125.84,126.36,124.86,125.17,1158200
2025-12-07 19:00:00-05:00,124.87,126.00,124.08,124.19,1103900
2025-12-08 19:00:00-05:00,124.39,125.40,121.45,122.40,1538600
2025-12-09 19:00:00-05:00,122.52,125.78,122.52,125.37,1924900
2025-12-10 19:00:00-05:00,126.43,128.54,125.84,128.51,1351100
2025-12-11 19:00:00-05:00,129.69,130.12,129.03,129.92,1728900
2025-12-14 19:00:00-05:00,130.54,131.20,129.49,130.36,1625600
2025-12-15 19:00:00-05:00,130.33,130.83,127.77,127.81,1337700
2025-12-16 19:00:00-05:00,128.45,130.42,126.59,128.97,1571700
2025-12-17 19:00:00-05:00,129.29,129.73,127.64,128.00,1224900
2025-12-18 19:00:00-05:00,127.66,128.17,126.51,127.20,2880500
2025-12-21 19:00:00-05:00,126.67,128.77,126.17,127.87,1152700
2025-12-22 19:00:00-05:00,128.01,128.11,126.29,126.54,1330600
2025-12-23 19:00:00-05:00,126.40,127.72,126.28,127.38,496700
2025-12-25 19:00:00-05:00,127.26,128.09,126.96,127.90,532400
2025-12-28 19:00:00-05:00,128.49,128.50,127.40,127.85,708800
2025-12-29 19:00:00-05:00,127.63,128.81,127.13,128.65,734800
2025-12-30 19:00:00-05:00,128.59,128.84,127.31,127.34,806800
2026-01-01 19:00:00-05:00,127.19,128.19,126.49,128.08,1429400
2026-01-04 19:00:00-05:00,127.69,129.22,127.31,128.20,1597300
2026-01-05 19:00:00-05:00,126.55,133.56,126.55,132.47,1583000
2026-01-06 19:00:00-05:00,133.05,133.51,130.23,130.92,1501700
2026-01-07 19:00:00-05:00,129.49,133.72,129.05,133.34,1621800
2026-01-08 19:00:00-05:00,133.40,136.73,133.40,136.12,1307900
2026-01-11 19:00:00-05:00,136.59,138.37,135.98,137.27,1137100
2026-01-12 19:00:00-05:00,136.40,137.54,134.21,137.40,1157600
2026-01-13 19:00:00-05:00,137.08,141.95,136.91,141.52,1729000
2026-01-14 19:00:00-05:00,142.27,144.01,139.87,143.88,1270800
2026-01-15 19:00:00-05:00,142.83,146.68,141.88,145.58,1677400
2026-01-19 19:00:00-05:00,145.54,145.54,142.31,142.31,1657600
2026-01-20 19:00:00-05:00,142.83,143.39,140.71,142.21,1681300
2026-01-21 19:00:00-05:00,142.06,143.06,140.36,140.58,1202100
2026-01-22 19:00:00-05:00,141.12,141.29,138.26,138.39,1229200
2026-01-25 19:00:00-05:00,138.47,138.89,136.78,136.99,968600
2026-01-26 19:00:00-05:00,136.26,137.56,135.67,136.70,1189000
2026-01-27 19:00:00-05:00,137.29,138.07,133.65,134.13,958800
2026-01-28 19:00:00-05:00,134.78,136.42,133.73,135.80,1660400
2026-01-29 19:00:00-05:00,134.96,135.16,133.30,134.92,2288800
2026-02-01 19:00:00-05:00,134.75,135.21,132.11,132.21,1091500
2026-02-02 19:00:00-05:00,132.71,136.57,132.43,135.07,1887900
2026-02-03 19:00:00-05:00,135.77,139.55,135.08,138.58,1737300
2026-02-04 19:00:00-05:00,136.53,137.39,134.66,135.48,1300300
2026-02-05 19:00:00-05:00,136.22,137.38,135.51,136.92,1260000
2026-02-08 19:00:00-05:00,137.48,137.90,135.98,137.26,912800
2026-02-09 19:00:00-05:00,137.43,139.53,135.74,138.32,1071300
2026-02-10 19:00:00-05:00,138.10,139.38,136.59,139.33,1052300
2026-02-11 19:00:00-05:00,139.90,142.33,138.86,141.15,2230800
2026-02-12 19:00:00-05:00,140.43,143.19,137.44,143.13,2160700
2026-02-16 19:00:00-05:00,143.90,145.74,142.70,144.57,1324500
2026-02-17 19:00:00-05:00,144.27,145.44,141.58,141.97,1627900
2026-02-18 19:00:00-05:00,140.16,143.27,140.16,142.86,1321800
2026-02-19 19:00:00-05:00,146.95,149.82,143.20,149.38,2266000
2026-02-22 19:00:00-05:00,148.79,151.76,146.28,147.09,1701800
2026-02-23 19:00:00-05:00,146.77,147.68,144.99,146.37,1130900
2026-02-24 19:00:00-05:00,146.90,147.08,143.55,143.63,1087700
2026-02-25 19:00:00-05:00,144.64,145.51,143.36,144.38,945900
2026-02-26 19:00:00-05:00,143.75,148.24,143.44,147.69,1793900
2026-03-01 19:00:00-05:00,146.24,150.10,145.99,149.28,1211300
2026-03-02 19:00:00-05:00,146.68,147.72,143.92,146.45,851600
2026-03-03 19:00:00-05:00,145.98,147.19,143.65,147.04,913900
2026-03-04 19:00:00-05:00,144.53,144.95,143.49,144.24,831300
2026-03-05 19:00:00-05:00,144.09,144.09,141.42,143.38,1051100
2026-03-08 20:00:00-04:00,141.98,143.70,139.00,143.06,889200
2026-03-09 20:00:00-04:00,142.76,145.16,141.16,143.44,985000
2026-03-10 20:00:00-04:00,142.74,142.74,137.77,138.39,1271200
2026-03-11 20:00:00-04:00,136.85,138.47,135.69,137.08,1504700
2026-03-12 20:00:00-04:00,139.09,139.42,137.37,138.25,839300
2026-03-15 20:00:00-04:00,140.24,141.29,137.15,138.00,1533700
2026-03-16 20:00:00-04:00,141.88,141.88,136.36,136.87,2117800
2026-03-17 20:00:00-04:00,136.77,137.79,134.73,134.90,1159800
2026-03-18 20:00:00-04:00,134.46,135.57,133.55,134.53,1088500
2026-03-19 20:00:00-04:00,133.59,134.61,128.08,128.86,2102300
2026-03-22 20:00:00-04:00,131.67,133.08,129.55,130.41,1380300
2026-03-23 20:00:00-04:00,129.31,130.37,128.04,128.39,1481200
2026-03-24 20:00:00-04:00,129.39,129.83,126.28,128.59,1250600
2026-03-25 20:00:00-04:00,127.93,130.34,127.80,129.09,1007300
2026-03-26 20:00:00-04:00,128.74,129.81,127.40,127.57,1106500
2026-03-29 20:00:00-04:00,129.40,130.31,126.30,126.90,998200
2026-03-30 20:00:00-04:00,128.39,130.56,126.87,129.72,1493600
2026-03-31 20:00:00-04:00,129.42,131.31,129.02,131.06,1129300
2026-04-01 20:00:00-04:00,130.59,132.78,130.00,132.42,858300
2026-04-05 20:00:00-04:00,132.50,133.14,131.58,132.62,535800
2026-04-06 20:00:00-04:00,132.46,132.91,130.78,131.52,1163100
2026-04-07 20:00:00-04:00,133.76,137.35,133.62,136.25,1701400
2026-04-08 20:00:00-04:00,135.28,138.12,135.21,137.71,1299200
2026-04-09 20:00:00-04:00,138.10,139.27,136.75,137.38,971500
2026-04-12 20:00:00-04:00,136.51,138.41,135.64,138.25,828100
2026-04-13 20:00:00-04:00,138.27,140.19,137.53,139.91,1024800
2026-04-14 20:00:00-04:00,139.15,139.60,137.40,139.54,1274800
2026-04-15 20:00:00-04:00,140.09,140.86,139.40,140.12,799900
2026-04-16 20:00:00-04:00,140.03,144.62,140.03,143.80,1140700
2026-04-19 20:00:00-04:00,142.97,145.39,142.54,145.37,1082800
2026-04-20 20:00:00-04:00,145.08,145.67,142.09,142.09,1266900
2026-04-21 20:00:00-04:00,142.84,143.46,139.04,139.77,1201200
2026-04-22 20:00:00-04:00,140.85,141.85,139.32,141.13,1446900
2026-04-23 20:00:00-04:00,141.20,142.18,140.00,140.56,1277100
2026-04-26 20:00:00-04:00,140.52,141.26,138.01,138.04,1137800
2026-04-27 20:00:00-04:00,138.84,140.13,136.52,139.50,2524900
2026-04-28 20:00:00-04:00,138.46,140.83,137.33,139.02,1987400
2026-04-29 20:00:00-04:00,138.22,142.16,138.07,141.79,1914900
2026-04-30 20:00:00-04:00,142.02,142.10,140.20,140.49,1084100
2026-05-03 20:00:00-04:00,139.46,140.20,137.33,137.83,782100
2026-05-04 20:00:00-04:00,138.15,138.93,137.08,138.29,1019100
2026-05-05 20:00:00-04:00,140.36,143.98,139.11,142.30,1143200
2026-05-06 20:00:00-04:00,142.03,142.69,140.60,141.73,1262600
2026-05-07 20:00:00-04:00,142.00,143.06,141.54,141.76,647400
2026-05-10 20:00:00-04:00,142.28,143.27,141.85,143.02,938900
2026-05-11 20:00:00-04:00,143.38,144.03,141.12,143.23,770100
2026-05-12 20:00:00-04:00,142.60,142.66,140.28,140.88,761000
2026-05-13 20:00:00-04:00,142.08,143.34,139.87,140.66,953300
2026-05-14 20:00:00-04:00,139.24,139.76,135.22,135.43,1010200
2026-05-17 20:00:00-04:00,136.41,138.17,135.23,137.77,908600
2026-05-18 20:00:00-04:00,137.28,139.18,135.48,138.80,936300
2026-05-19 20:00:00-04:00,138.04,142.69,138.04,140.72,1072500
2026-05-20 20:00:00-04:00,139.62,142.45,138.61,142.36,1852400
2026-05-21 20:00:00-04:00,143.02,143.87,140.75,141.76,801900
2026-05-25 20:00:00-04:00,141.89,143.04,140.97,142.44,967700
2026-05-26 20:00:00-04:00,142.77,144.16,141.73,142.88,822300
2026-05-27 20:00:00-04:00,142.68,145.64,140.95,144.24,796300
2026-05-28 20:00:00-04:00,143.34,144.00,141.76,142.76,1286000
2026-05-31 20:00:00-04:00,141.33,141.90,138.73,138.81,729300
2026-06-01 20:00:00-04:00,138.93,140.81,138.38,140.76,818300
2026-06-02 20:00:00-04:00,141.09,144.07,141.04,141.50,1214500
2026-06-03 20:00:00-04:00,143.92,144.94,142.34,144.30,747300
2026-06-04 20:00:00-04:00,143.43,145.97,143.14,143.75,1321500
2026-06-07 20:00:00-04:00,144.34,144.34,142.36,143.44,858100
2026-06-08 20:00:00-04:00,144.75,148.78,144.45,146.64,1662500
2026-06-09 20:00:00-04:00,146.71,150.12,146.71,147.99,1305200
2026-06-10 20:00:00-04:00,148.90,150.02,147.09,148.64,1307000
2026-06-11 20:00:00-04:00,147.97,150.07,147.47,148.98,890100
2026-06-14 20:00:00-04:00,149.95,149.95,146.49,146.65,1249100
2026-06-15 20:00:00-04:00,149.07,149.32,146.18,146.40,1382100
2026-06-16 20:00:00-04:00,145.50,146.23,142.78,143.92,1561900
2026-06-17 20:00:00-04:00,145.05,146.60,144.24,145.33,2606900
2026-06-21 20:00:00-04:00,144.49,146.98,144.49,146.08,1381400
2026-06-22 20:00:00-04:00,146.56,148.52,145.77,147.76,1272200
2026-06-23 20:00:00-04:00,149.03,149.09,144.57,145.86,1696700
2026-06-24 20:00:00-04:00,146.90,147.54,144.05,147.19,1320400
2026-06-25 20:00:00-04:00,148.02,149.63,147.76,149.21,1668000
2026-06-28 20:00:00-04:00,148.47,148.47,146.46,148.26,1001200
