Date,Open,High,Low,Close,Volume
2018-07-01 20:00:00-04:00,157.83,160.82,157.76,160.65,1970088
2018-07-02 20:00:00-04:00,161.49,162.09,159.17,159.40,1144202
2018-07-04 20:00:00-04:00,159.91,160.47,157.93,160.08,2014888
2018-07-05 20:00:00-04:00,160.08,160.58,157.82,159.86,1966861
2018-07-08 20:00:00-04:00,160.52,164.90,160.36,164.53,2151770
2018-07-09 20:00:00-04:00,164.86,166.12,164.10,165.04,1483864
2018-07-10 20:00:00-04:00,163.34,163.50,160.80,161.23,1730699
2018-07-11 20:00:00-04:00,162.32,163.70,160.80,162.96,1654501
2018-07-12 20:00:00-04:00,162.48,164.50,162.34,163.70,1220399
2018-07-15 20:00:00-04:00,162.70,163.85,160.41,161.20,2402452
2018-07-16 20:00:00-04:00,160.89,162.08,160.70,161.88,2235413
2018-07-17 20:00:00-04:00,162.19,165.86,161.97,165.41,2344001
2018-07-18 20:00:00-04:00,164.66,166.22,163.88,165.66,1923302
2018-07-19 20:00:00-04:00,164.89,165.30,163.55,164.53,2116401
2018-07-22 20:00:00-04:00,164.48,165.89,164.04,165.56,1498011
2018-07-23 20:00:00-04:00,166.46,168.30,165.49,165.86,2392896
2018-07-24 20:00:00-04:00,166.10,168.46,165.58,168.25,2339657
2018-07-25 20:00:00-04:00,168.92,170.19,167.85,168.95,1868822
2018-07-26 20:00:00-04:00,169.46,170.97,168.13,168.67,1508187
2018-07-29 20:00:00-04:00,168.62,171.12,168.09,168.39,1505085
2018-07-30 20:00:00-04:00,169.84,174.11,169.79,172.19,2340774
2018-07-31 20:00:00-04:00,172.07,172.07,168.55,168.85,1361005
2018-08-01 20:00:00-04:00,168.08,169.42,167.22,168.86,1278230
2018-08-02 20:00:00-04:00,168.52,170.93,168.21,170.40,1194214
2018-08-05 20:00:00-04:00,169.73,171.95,169.73,171.67,1501238
2018-08-06 20:00:00-04:00,172.17,174.86,171.36,173.58,1420573
2018-08-07 20:00:00-04:00,173.54,173.88,171.85,171.92,1102753
2018-08-08 20:00:00-04:00,172.28,173.03,171.43,171.44,1384460
2018-08-09 20:00:00-04:00,171.01,171.01,168.32,169.31,1840527
2018-08-12 20:00:00-04:00,169.48,169.95,168.19,168.77,1117024
2018-08-13 20:00:00-04:00,169.16,172.31,169.16,170.67,1289151
2018-08-14 20:00:00-04:00,170.23,170.90,168.01,170.51,1135887
2018-08-15 20:00:00-04:00,171.59,174.14,171.23,172.45,1279719
2018-08-16 20:00:00-04:00,172.31,173.30,171.92,172.94,997516
2018-08-19 20:00:00-04:00,173.22,175.03,173.22,174.23,1279967
2018-08-20 20:00:00-04:00,174.23,176.68,174.23,175.86,1568376
2018-08-21 20:00:00-04:00,175.18,175.62,172.70,172.94,1449736
2018-08-22 20:00:00-04:00,172.88,173.44,170.75,171.21,1495901
2018-08-23 20:00:00-04:00,172.04,172.33,171.22,171.59,1323030
2018-08-26 20:00:00-04:00,172.52,174.97,172.52,174.31,2048767
2018-08-27 20:00:00-04:00,174.70,174.85,173.16,173.42,1064654
2018-08-28 20:00:00-04:00,173.76,173.95,172.84,173.40,1218290
2018-08-29 20:00:00-04:00,173.30,173.63,172.17,172.80,1453707
2018-08-30 20:00:00-04:00,172.57,172.73,170.49,170.84,1831716
2018-09-03 20:00:00-04:00,170.81,170.83,168.66,168.98,2347227
2018-09-04 20:00:00-04:00,168.82,171.71,168.34,171.41,2344497
2018-09-05 20:00:00-04:00,170.98,173.07,170.21,172.41,1327125
2018-09-06 20:00:00-04:00,172.03,174.37,171.37,172.71,1510669
2018-09-09 20:00:00-04:00,172.79,176.23,172.41,175.16,1526306
2018-09-10 20:00:00-04:00,174.77,175.64,173.65,175.10,1429012
2018-09-11 20:00:00-04:00,175.10,178.54,174.55,177.64,1933726
2018-09-12 20:00:00-04:00,178.69,180.69,177.50,177.77,2131542
2018-09-13 20:00:00-04:00,177.93,180.40,177.87,179.36,1555345
2018-09-16 20:00:00-04:00,180.65,182.04,178.12,179.57,2763087
2018-09-17 20:00:00-04:00,175.36,175.54,169.38,169.63,8614029
2018-09-18 20:00:00-04:00,169.44,170.99,167.57,170.55,4081277
2018-09-19 20:00:00-04:00,171.79,173.84,171.44,173.30,2953456
2018-09-20 20:00:00-04:00,175.00,176.21,173.32,173.66,2965742
2018-09-23 20:00:00-04:00,173.12,173.52,170.37,171.22,2130301
2018-09-24 20:00:00-04:00,171.56,171.70,167.68,167.96,3625085
2018-09-25 20:00:00-04:00,168.22,170.76,167.75,169.30,2818187
2018-09-26 20:00:00-04:00,169.53,170.05,168.00,169.01,1765074
2018-09-27 20:00:00-04:00,168.47,169.35,166.77,169.08,2280586
2018-09-30 20:00:00-04:00,170.26,171.02,168.08,168.47,1771031
2018-10-01 20:00:00-04:00,168.16,169.18,167.69,167.82,1518612
2018-10-02 20:00:00-04:00,168.06,170.88,168.05,169.18,1574829
2018-10-03 20:00:00-04:00,169.09,170.20,166.89,167.87,1366713
2018-10-04 20:00:00-04:00,167.83,168.24,163.56,165.76,1886941
2018-10-07 20:00:00-04:00,164.96,167.54,163.45,165.00,1896000
2018-10-08 20:00:00-04:00,164.59,164.84,160.90,161.33,2070857
2018-10-09 20:00:00-04:00,160.90,161.19,155.43,155.50,3195947
2018-10-10 20:00:00-04:00,154.84,157.78,152.24,152.67,3399968
2018-10-11 20:00:00-04:00,157.39,157.82,152.83,155.18,3560677
2018-10-14 20:00:00-04:00,155.13,155.64,153.85,155.20,2824888
2018-10-15 20:00:00-04:00,156.53,158.94,155.67,158.82,2137126
2018-10-16 20:00:00-04:00,158.69,158.69,156.19,156.91,1709850
2018-10-17 20:00:00-04:00,156.23,156.89,151.73,152.58,2366339
2018-10-18 20:00:00-04:00,152.83,155.00,152.35,154.34,2098531
2018-10-21 20:00:00-04:00,154.30,154.95,152.40,153.36,1695578
2018-10-22 20:00:00-04:00,151.00,154.09,148.99,153.34,2424666
2018-10-23 20:00:00-04:00,152.11,154.07,146.65,146.90,2691109
2018-10-24 20:00:00-04:00,148.39,151.33,147.85,150.11,2026181
2018-10-25 20:00:00-04:00,148.08,150.44,146.12,147.83,2082522
2018-10-28 20:00:00-04:00,149.96,151.59,145.98,148.19,1683292
2018-10-29 20:00:00-04:00,148.22,152.47,148.09,152.04,1616278
2018-10-30 20:00:00-04:00,153.83,156.49,153.83,154.72,2136754
2018-10-31 20:00:00-04:00,155.18,158.08,153.32,157.32,1908286
2018-11-01 20:00:00-04:00,159.16,159.85,154.80,155.64,2244224
2018-11-04 19:00:00-05:00,155.95,157.36,155.59,156.31,1560185
2018-11-05 19:00:00-05:00,156.26,159.51,155.83,159.23,1554601
2018-11-06 19:00:00-05:00,160.36,162.60,158.11,162.40,1599897
2018-11-07 19:00:00-05:00,161.75,162.77,159.99,161.08,1290268
2018-11-08 19:00:00-05:00,160.80,161.22,156.35,157.57,2103495
2018-11-11 19:00:00-05:00,157.70,158.12,153.62,154.22,1958050
2018-11-12 19:00:00-05:00,155.03,158.17,154.51,156.24,1348347
2018-11-13 19:00:00-05:00,157.67,159.61,156.58,158.10,1712952
2018-11-14 19:00:00-05:00,156.75,161.12,155.87,159.96,1595802
2018-11-15 19:00:00-05:00,159.31,160.22,157.70,159.18,1539957
2018-11-18 19:00:00-05:00,159.02,160.79,157.77,158.90,1372794
2018-11-19 19:00:00-05:00,156.39,157.41,154.49,155.42,2010792
2018-11-20 19:00:00-05:00,156.13,158.90,156.13,156.27,1265696
2018-11-22 19:00:00-05:00,155.48,158.69,154.87,156.87,618266
2018-11-25 19:00:00-05:00,158.61,158.78,156.66,158.02,1446634
2018-11-26 19:00:00-05:00,157.13,158.59,156.18,158.15,1392402
2018-11-27 19:00:00-05:00,159.09,162.80,158.08,162.80,1627572
2018-11-28 19:00:00-05:00,162.15,162.55,159.63,159.75,1443159
2018-11-29 19:00:00-05:00,159.53,161.20,158.87,160.80,1971825
2018-12-02 19:00:00-05:00,163.37,164.65,160.29,161.53,1819182
2018-12-03 19:00:00-05:00,159.39,159.78,149.42,151.33,4740124
2018-12-05 19:00:00-05:00,148.86,151.19,147.11,151.01,2789892
2018-12-06 19:00:00-05:00,151.21,153.15,140.95,141.84,3848465
2018-12-09 19:00:00-05:00,139.95,139.97,132.77,135.88,7306139
2018-12-10 19:00:00-05:00,137.60,138.40,131.73,133.57,5689489
2018-12-11 19:00:00-05:00,135.50,136.02,132.11,132.60,4572713
2018-12-12 19:00:00-05:00,133.14,133.43,129.28,131.83,5205747
2018-12-13 19:00:00-05:00,130.40,132.94,128.96,129.67,3174726
2018-12-16 19:00:00-05:00,128.97,131.12,127.68,128.32,4221882
2018-12-17 19:00:00-05:00,129.26,131.10,128.85,130.30,5337293
2018-12-18 19:00:00-05:00,119.18,120.88,114.45,114.46,18973029
2018-12-19 19:00:00-05:00,114.09,116.20,111.52,112.49,8131901
2018-12-20 19:00:00-05:00,111.29,112.54,108.93,111.28,8649025
2018-12-23 19:00:00-05:00,110.54,111.09,107.48,107.55,3642583
2018-12-25 19:00:00-05:00,108.46,112.79,106.31,112.79,4347347
2018-12-26 19:00:00-05:00,111.63,113.41,109.36,113.41,3574328
2018-12-27 19:00:00-05:00,114.28,115.36,111.50,111.97,3569985
2018-12-30 19:00:00-05:00,112.38,113.85,111.91,113.63,2699547
2019-01-01 19:00:00-05:00,111.65,115.07,110.98,114.94,2637994
2019-01-02 19:00:00-05:00,113.95,114.85,110.55,110.71,3764325
2019-01-03 19:00:00-05:00,112.83,116.20,112.34,115.81,3646803
2019-01-06 19:00:00-05:00,116.13,117.51,114.20,117.43,3709845
2019-01-07 19:00:00-05:00,118.82,119.32,116.43,117.63,3239879
2019-01-08 19:00:00-05:00,118.08,120.59,117.69,120.15,3413867
2019-01-09 19:00:00-05:00,119.08,120.17,118.27,119.82,2430499
2019-01-10 19:00:00-05:00,119.37,120.54,117.76,120.43,3519972
2019-01-13 19:00:00-05:00,119.64,121.92,119.11,120.82,2761225
2019-01-14 19:00:00-05:00,120.77,121.60,119.04,120.18,2687261
2019-01-15 19:00:00-05:00,120.57,122.71,120.39,120.69,2907415
2019-01-16 19:00:00-05:00,120.41,123.25,120.25,122.04,2221018
2019-01-17 19:00:00-05:00,123.38,126.20,122.94,124.60,3812476
2019-01-21 19:00:00-05:00,124.18,124.47,122.56,123.89,2613422
2019-01-22 19:00:00-05:00,124.55,124.72,120.63,122.32,2299697
2019-01-23 19:00:00-05:00,122.11,122.75,120.99,122.62,2022954
2019-01-24 19:00:00-05:00,123.88,125.06,122.62,123.51,2443033
2019-01-27 19:00:00-05:00,122.20,122.78,120.94,122.52,1682176
2019-01-28 19:00:00-05:00,122.55,122.76,121.51,122.25,1352938
2019-01-29 19:00:00-05:00,123.34,125.53,121.96,124.99,1939311
2019-01-30 19:00:00-05:00,125.87,125.87,124.37,125.06,2314589
2019-01-31 19:00:00-05:00,125.58,126.86,125.41,126.29,2249313
2019-02-03 19:00:00-05:00,126.20,128.71,125.58,128.70,2103123
2019-02-04 19:00:00-05:00,128.89,129.82,128.24,129.40,2073463
2019-02-05 19:00:00-05:00,129.16,130.32,128.79,129.46,1843257
2019-02-06 19:00:00-05:00,128.73,129.20,126.74,127.74,2300442
2019-02-07 19:00:00-05:00,126.80,126.90,122.39,124.83,3054597
2019-02-10 19:00:00-05:00,125.23,127.65,125.12,127.54,2041073
2019-02-11 19:00:00-05:00,128.63,131.16,128.15,130.61,2258000
2019-02-12 19:00:00-05:00,131.07,131.73,130.38,130.73,1693220
2019-02-13 19:00:00-05:00,129.97,130.45,128.87,129.54,1932113
2019-02-14 19:00:00-05:00,126.07,126.42,124.63,126.28,5870799
2019-02-18 19:00:00-05:00,126.18,128.04,126.02,126.95,2278972
2019-02-19 19:00:00-05:00,127.47,128.90,126.96,128.12,1755643
2019-02-20 19:00:00-05:00,128.03,129.21,127.78,128.38,1282946
2019-02-21 19:00:00-05:00,128.23,128.38,124.03,127.12,2510915
2019-02-24 19:00:00-05:00,128.14,129.35,127.25,127.53,2051249
2019-02-25 19:00:00-05:00,127.36,129.56,127.13,127.98,2001237
2019-02-26 19:00:00-05:00,127.53,128.35,126.70,128.05,1199054
2019-02-27 19:00:00-05:00,127.80,127.93,126.92,127.48,1564405
2019-02-28 19:00:00-05:00,128.20,129.90,128.18,128.75,1828365
2019-03-03 19:00:00-05:00,129.64,130.52,126.70,127.58,2103247
2019-03-04 19:00:00-05:00,127.09,127.59,125.75,126.78,1829855
2019-03-05 19:00:00-05:00,127.19,127.31,124.91,125.49,1789398
2019-03-06 19:00:00-05:00,124.10,124.39,121.20,121.75,4646180
2019-03-07 19:00:00-05:00,120.08,122.04,118.49,121.44,2555343
2019-03-10 20:00:00-04:00,121.66,124.86,121.50,124.74,2088851
2019-03-11 20:00:00-04:00,125.13,125.98,124.12,125.25,1869070
2019-03-12 20:00:00-04:00,126.04,127.32,125.45,126.92,1517619
2019-03-13 20:00:00-04:00,126.72,126.92,125.49,126.60,1510297
2019-03-14 20:00:00-04:00,126.89,128.55,125.55,125.83,3079542
2019-03-17 20:00:00-04:00,125.93,128.96,125.93,128.95,2767802
2019-03-18 20:00:00-04:00,129.95,130.79,127.73,128.25,5307757
2019-03-19 20:00:00-04:00,122.13,124.26,119.94,123.77,11526160
2019-03-20 20:00:00-04:00,123.33,126.79,121.94,126.54,3916720
2019-03-21 20:00:00-04:00,125.52,125.93,122.90,123.00,3027420
2019-03-24 20:00:00-04:00,122.96,123.63,121.15,121.65,2297091
2019-03-25 20:00:00-04:00,122.48,123.89,121.93,123.82,1775251
2019-03-26 20:00:00-04:00,123.80,124.77,123.43,124.49,1950728
2019-03-27 20:00:00-04:00,123.61,126.02,123.61,125.77,2521092
2019-03-28 20:00:00-04:00,126.56,128.73,126.48,128.25,2694832
2019-03-31 20:00:00-04:00,128.86,132.20,128.82,131.81,2905057
2019-04-01 20:00:00-04:00,131.86,131.96,129.86,130.10,1927273
2019-04-02 20:00:00-04:00,131.21,132.91,130.28,130.92,1568500
2019-04-03 20:00:00-04:00,130.65,132.73,130.65,132.68,1617147
2019-04-04 20:00:00-04:00,132.86,134.58,132.39,134.25,2856037
2019-04-07 20:00:00-04:00,133.72,135.43,133.19,135.30,1979395
2019-04-08 20:00:00-04:00,134.25,134.63,133.51,134.29,1781456
2019-04-09 20:00:00-04:00,134.32,135.56,133.97,135.03,1327125
2019-04-10 20:00:00-04:00,135.28,136.44,135.00,135.65,1912505
2019-04-11 20:00:00-04:00,137.15,139.26,136.57,139.24,2049139
2019-04-14 20:00:00-04:00,139.27,139.95,138.25,138.69,2270410
2019-04-15 20:00:00-04:00,138.74,140.38,138.47,139.43,1809254
2019-04-16 20:00:00-04:00,140.32,140.91,139.22,140.02,1385825
2019-04-17 20:00:00-04:00,140.31,140.91,139.85,140.09,1727100
2019-04-21 20:00:00-04:00,139.33,139.63,138.00,138.55,1898234
2019-04-22 20:00:00-04:00,138.23,138.62,137.60,137.95,2143703
2019-04-23 20:00:00-04:00,137.93,140.20,137.54,139.88,1876020
2019-04-24 20:00:00-04:00,138.40,138.50,133.35,133.52,3830471
2019-04-25 20:00:00-04:00,130.96,131.88,129.30,130.11,4514882
2019-04-28 20:00:00-04:00,130.44,132.43,129.49,131.94,1826007
2019-04-29 20:00:00-04:00,132.16,134.78,131.18,133.94,1939435
2019-04-30 20:00:00-04:00,134.13,134.21,131.23,131.23,1778229
2019-05-01 20:00:00-04:00,131.04,132.97,129.24,132.23,1833329
2019-05-02 20:00:00-04:00,133.42,134.73,132.73,132.95,1525437
2019-05-05 20:00:00-04:00,129.52,131.66,128.39,131.21,1601262
2019-05-06 20:00:00-04:00,129.56,129.71,125.92,127.72,2671004
2019-05-07 20:00:00-04:00,127.30,128.02,126.05,126.85,2517989
2019-05-08 20:00:00-04:00,125.40,127.02,124.38,126.94,1987337
2019-05-09 20:00:00-04:00,126.38,126.93,123.58,125.84,1831344
2019-05-12 20:00:00-04:00,122.17,122.84,120.74,121.81,2210717
2019-05-13 20:00:00-04:00,122.02,123.26,120.71,121.50,2790637
2019-05-14 20:00:00-04:00,120.28,122.50,118.39,121.98,2872791
2019-05-15 20:00:00-04:00,122.33,126.85,122.21,124.26,3322033
2019-05-16 20:00:00-04:00,121.57,123.17,119.94,120.13,2773759
2019-05-19 20:00:00-04:00,118.93,120.08,118.29,118.92,2075945
2019-05-20 20:00:00-04:00,119.83,120.11,118.39,118.76,2344870
2019-05-21 20:00:00-04:00,117.89,117.99,114.48,114.53,3750054
2019-05-22 20:00:00-04:00,113.19,113.86,111.82,113.53,3100266
2019-05-23 20:00:00-04:00,114.35,114.54,112.18,113.06,1673613
2019-05-27 20:00:00-04:00,112.39,113.26,110.86,112.02,3137744
2019-05-28 20:00:00-04:00,111.48,113.63,110.44,112.81,2538962
2019-05-29 20:00:00-04:00,112.96,114.32,110.99,111.71,2072966
2019-05-30 20:00:00-04:00,109.51,110.82,108.72,109.07,2373288
2019-06-02 20:00:00-04:00,106.86,109.87,106.53,107.70,4862983
2019-06-03 20:00:00-04:00,108.89,113.04,108.67,112.82,3542435
2019-06-04 20:00:00-04:00,113.82,114.17,111.54,112.12,2781081
2019-06-05 20:00:00-04:00,111.91,112.12,110.00,110.89,1967357
2019-06-06 20:00:00-04:00,111.16,112.72,110.46,111.71,2642710
2019-06-09 20:00:00-04:00,112.96,115.94,112.90,114.42,2549635
2019-06-10 20:00:00-04:00,115.56,115.87,112.30,112.72,2304661
2019-06-11 20:00:00-04:00,112.22,114.54,111.76,114.08,1753037
2019-06-12 20:00:00-04:00,115.24,117.27,115.14,117.12,2779344
2019-06-13 20:00:00-04:00,116.79,116.99,114.71,116.33,1973438
2019-06-16 20:00:00-04:00,116.27,116.65,115.28,115.74,1629929
2019-06-17 20:00:00-04:00,116.66,119.56,116.44,117.60,2710716
2019-06-18 20:00:00-04:00,117.84,118.38,117.12,117.75,1996149
2019-06-19 20:00:00-04:00,119.05,119.86,117.91,119.12,2590463
2019-06-20 20:00:00-04:00,119.04,119.27,117.19,117.35,3136628
2019-06-23 20:00:00-04:00,116.39,117.09,113.96,114.19,4422552
2019-06-24 20:00:00-04:00,113.53,113.55,110.70,110.70,5948237
2019-06-25 20:00:00-04:00,111.03,114.45,108.95,113.50,7753272
2019-06-26 20:00:00-04:00,113.84,116.64,113.58,115.90,4294977
2019-06-27 20:00:00-04:00,116.55,118.09,116.39,116.53,6591820
2019-06-30 20:00:00-04:00,119.24,119.24,114.66,115.66,2912379
2019-07-01 20:00:00-04:00,115.73,115.84,113.20,113.40,2308508
2019-07-02 20:00:00-04:00,113.83,114.64,113.08,114.56,1465125
2019-07-04 20:00:00-04:00,114.32,115.27,113.21,114.95,1396497
2019-07-07 20:00:00-04:00,113.74,114.77,112.87,114.13,1968598
2019-07-08 20:00:00-04:00,113.13,113.51,112.62,112.98,1511538
2019-07-09 20:00:00-04:00,115.09,115.55,113.38,113.55,2578302
2019-07-10 20:00:00-04:00,113.63,115.94,113.38,115.40,3101259
2019-07-11 20:00:00-04:00,116.84,119.54,116.61,118.85,4108703
2019-07-14 20:00:00-04:00,118.88,119.83,118.00,119.16,2509054
2019-07-15 20:00:00-04:00,119.81,122.75,119.81,120.50,3405428
2019-07-16 20:00:00-04:00,120.34,120.49,116.92,117.14,3815951
2019-07-17 20:00:00-04:00,116.85,118.17,116.22,117.37,2086866
2019-07-18 20:00:00-04:00,117.93,119.85,117.92,118.61,2565395
2019-07-21 20:00:00-04:00,119.61,121.45,119.40,120.33,2644199
2019-07-22 20:00:00-04:00,121.36,123.45,121.36,123.33,3557202
2019-07-23 20:00:00-04:00,124.05,126.68,123.79,124.91,3324763
2019-07-24 20:00:00-04:00,124.62,125.45,123.94,124.82,2464254
2019-07-25 20:00:00-04:00,124.77,124.85,123.35,124.16,2485971
2019-07-28 20:00:00-04:00,123.86,124.23,121.86,122.49,1723873
2019-07-29 20:00:00-04:00,121.74,122.74,120.36,122.35,1521838
2019-07-30 20:00:00-04:00,122.38,123.48,119.64,121.03,1843381
2019-07-31 20:00:00-04:00,120.76,121.69,115.46,115.90,3771647
2019-08-01 20:00:00-04:00,115.53,116.96,114.50,116.20,2431243
2019-08-04 20:00:00-04:00,113.62,113.67,110.02,111.61,3972069
2019-08-05 20:00:00-04:00,112.96,115.67,112.53,114.40,3477406
2019-08-06 20:00:00-04:00,112.01,114.17,110.17,114.02,2976787
2019-08-07 20:00:00-04:00,115.04,117.24,114.62,116.55,2225485
2019-08-08 20:00:00-04:00,116.19,116.35,113.85,115.06,1576318
2019-08-11 20:00:00-04:00,114.28,114.43,112.42,112.71,1132040
2019-08-12 20:00:00-04:00,113.30,116.11,111.65,113.92,2277235
2019-08-13 20:00:00-04:00,111.98,112.16,109.52,110.05,2095304
2019-08-14 20:00:00-04:00,110.29,110.35,107.50,108.46,2325634
2019-08-15 20:00:00-04:00,109.42,111.36,109.29,110.71,1936456
2019-08-18 20:00:00-04:00,112.47,113.01,111.78,112.35,1809750
2019-08-19 20:00:00-04:00,111.82,112.11,110.22,110.60,1351573
2019-08-20 20:00:00-04:00,111.97,112.70,111.44,112.26,1296100
2019-08-21 20:00:00-04:00,112.32,112.84,110.54,112.20,1434968
2019-08-22 20:00:00-04:00,111.08,111.56,107.25,107.85,3482867
2019-08-25 20:00:00-04:00,108.74,109.81,107.63,108.22,1577063
2019-08-26 20:00:00-04:00,108.61,109.37,105.60,106.12,2245714
2019-08-27 20:00:00-04:00,105.85,109.61,104.91,108.71,2562541
2019-08-28 20:00:00-04:00,110.00,112.48,109.92,111.74,2090589
2019-08-29 20:00:00-04:00,112.48,113.77,112.25,112.57,1429012
2019-09-02 20:00:00-04:00,110.56,111.60,109.23,110.27,1576815
2019-09-03 20:00:00-04:00,111.81,113.25,111.58,112.89,1564156
2019-09-04 20:00:00-04:00,114.30,117.36,114.06,116.66,2629927
2019-09-05 20:00:00-04:00,116.85,117.44,115.16,115.34,1754029
2019-09-08 20:00:00-04:00,116.21,119.44,116.11,119.29,2819056
2019-09-09 20:00:00-04:00,119.23,122.91,118.91,122.74,2987459
2019-09-10 20:00:00-04:00,123.12,123.95,120.91,123.95,2038591
2019-09-11 20:00:00-04:00,124.04,124.46,122.13,123.63,1886941
2019-09-12 20:00:00-04:00,124.62,125.58,123.27,124.05,1807392
2019-09-15 20:00:00-04:00,122.82,124.66,121.85,123.67,1919082
2019-09-16 20:00:00-04:00,122.82,124.29,121.94,123.48,5030269
2019-09-17 20:00:00-04:00,109.23,110.13,105.81,107.53,28310188
2019-09-18 20:00:00-04:00,107.03,108.73,106.52,108.62,6897230
2019-09-19 20:00:00-04:00,109.27,109.27,105.77,106.01,6957667
2019-09-22 20:00:00-04:00,105.13,106.24,103.64,103.79,5068865
2019-09-23 20:00:00-04:00,103.98,105.18,101.53,102.07,6828727
2019-09-24 20:00:00-04:00,102.00,105.32,102.00,104.77,4407039
2019-09-25 20:00:00-04:00,104.93,105.08,102.94,103.43,2523201
2019-09-26 20:00:00-04:00,103.79,104.61,102.54,103.29,2441916
2019-09-29 20:00:00-04:00,103.54,104.38,103.29,103.72,2101509
2019-09-30 20:00:00-04:00,103.74,104.63,100.19,100.92,4262587
2019-10-01 20:00:00-04:00,99.87,101.11,99.11,100.31,3401333
2019-10-02 20:00:00-04:00,100.11,101.11,98.75,100.97,2855417
2019-10-03 20:00:00-04:00,101.03,101.93,100.24,101.89,2688130
2019-10-06 20:00:00-04:00,101.06,102.77,100.56,101.24,2207491
2019-10-07 20:00:00-04:00,100.32,100.42,98.60,98.61,2956807
2019-10-08 20:00:00-04:00,98.92,99.59,98.17,99.22,2746085
2019-10-09 20:00:00-04:00,99.43,100.91,99.15,100.72,2173612
2019-10-10 20:00:00-04:00,102.01,104.78,102.01,103.70,4899344
2019-10-13 20:00:00-04:00,103.39,105.24,102.88,104.58,2963756
2019-10-14 20:00:00-04:00,105.17,106.97,104.87,106.85,3955439
2019-10-15 20:00:00-04:00,106.90,108.56,106.70,107.43,4250549
2019-10-16 20:00:00-04:00,107.86,108.60,107.22,107.38,3208481
2019-10-17 20:00:00-04:00,107.22,107.68,106.30,106.81,3461894
2019-10-20 20:00:00-04:00,107.36,109.82,106.94,108.33,4293488
2019-10-21 20:00:00-04:00,107.82,110.22,106.77,110.18,3691975
2019-10-22 20:00:00-04:00,110.01,111.67,109.51,111.14,2698927
2019-10-23 20:00:00-04:00,111.37,111.85,109.04,109.76,2125337
2019-10-24 20:00:00-04:00,109.59,112.75,109.38,112.64,2582025
2019-10-27 20:00:00-04:00,113.22,114.28,111.99,112.86,3223001
2019-10-28 20:00:00-04:00,113.24,113.24,111.72,112.59,1816948
2019-10-29 20:00:00-04:00,112.40,112.41,109.74,111.04,1956064
2019-10-30 20:00:00-04:00,110.44,111.04,108.03,108.77,2619131
2019-10-31 20:00:00-04:00,109.84,111.94,109.70,111.52,2642585
2019-11-03 19:00:00-05:00,113.90,117.59,113.65,117.45,5340768
2019-11-04 19:00:00-05:00,117.28,119.41,116.15,117.46,3115158
2019-11-05 19:00:00-05:00,117.25,117.30,115.36,116.26,2193343
2019-11-06 19:00:00-05:00,117.89,118.87,116.48,116.80,2454946
2019-11-07 19:00:00-05:00,116.71,116.85,115.14,116.30,1430253
2019-11-10 19:00:00-05:00,115.40,116.16,114.95,115.56,1319679
2019-11-11 19:00:00-05:00,115.68,116.74,114.54,114.87,1588356
2019-11-12 19:00:00-05:00,114.00,114.01,111.26,111.32,2744968
2019-11-13 19:00:00-05:00,111.02,112.58,110.78,111.64,2266314
2019-11-14 19:00:00-05:00,112.06,112.94,111.40,112.81,1981629
2019-11-17 19:00:00-05:00,111.96,112.38,110.08,112.26,2226602
2019-11-18 19:00:00-05:00,112.73,112.74,110.56,110.81,1891656
2019-11-19 19:00:00-05:00,110.44,110.50,107.98,108.50,3072964
2019-11-20 19:00:00-05:00,108.66,109.56,108.12,108.36,1979891
2019-11-21 19:00:00-05:00,108.52,111.72,108.49,111.55,2763459
2019-11-24 19:00:00-05:00,112.16,114.25,111.43,113.68,3109698
2019-11-25 19:00:00-05:00,113.80,115.97,113.03,115.07,3436577
2019-11-26 19:00:00-05:00,115.25,115.48,114.15,115.08,2042562
2019-11-28 19:00:00-05:00,114.79,115.04,113.88,114.04,979645
2019-12-01 19:00:00-05:00,114.33,116.64,112.60,112.60,3356285
2019-12-02 19:00:00-05:00,109.88,110.06,107.60,107.69,4673730
2019-12-03 19:00:00-05:00,108.76,110.93,108.57,109.64,2855293
2019-12-04 19:00:00-05:00,110.33,110.36,108.55,109.69,2020596
2019-12-05 19:00:00-05:00,110.91,112.55,110.84,112.06,3023324
2019-12-08 19:00:00-05:00,111.77,112.68,111.64,111.99,2144696
2019-12-09 19:00:00-05:00,111.98,113.16,111.28,112.34,2027298
2019-12-10 19:00:00-05:00,112.52,114.14,111.90,113.83,2079916
2019-12-11 19:00:00-05:00,113.99,118.65,113.59,117.99,3707239
2019-12-12 19:00:00-05:00,118.52,120.12,117.28,118.54,3595425
2019-12-15 19:00:00-05:00,119.45,120.48,115.56,117.42,6269656
2019-12-16 19:00:00-05:00,115.56,117.91,115.22,116.80,7355283
2019-12-17 19:00:00-05:00,108.35,109.31,104.68,105.08,26732257
2019-12-18 19:00:00-05:00,105.23,106.49,104.64,105.20,7230438
2019-12-19 19:00:00-05:00,106.16,106.29,104.95,105.99,6528032
2019-12-22 19:00:00-05:00,107.02,109.31,106.26,108.54,5420316
2019-12-23 19:00:00-05:00,108.10,109.03,107.63,107.89,2230325
2019-12-25 19:00:00-05:00,107.98,109.32,107.70,109.11,3290263
2019-12-26 19:00:00-05:00,109.53,110.27,108.84,109.14,3342013
2019-12-29 19:00:00-05:00,109.55,109.69,107.29,107.43,3242237
2019-12-30 19:00:00-05:00,106.77,108.45,106.44,108.20,2672369
2020-01-01 19:00:00-05:00,109.06,110.98,108.48,110.98,3757252
2020-01-02 19:00:00-05:00,109.12,109.72,108.65,109.61,2750677
2020-01-05 19:00:00-05:00,108.23,109.87,107.45,109.69,2965618
2020-01-06 19:00:00-05:00,109.74,111.07,109.01,110.77,2655864
2020-01-07 19:00:00-05:00,110.60,112.88,110.14,112.43,3789021
2020-01-08 19:00:00-05:00,113.02,113.28,112.05,113.09,2780088
2020-01-09 19:00:00-05:00,113.11,113.36,111.72,112.08,3039954
2020-01-12 19:00:00-05:00,112.14,114.15,112.13,113.97,2463757
2020-01-13 19:00:00-05:00,113.88,117.71,113.50,116.01,6300061
2020-01-14 19:00:00-05:00,116.65,116.65,113.54,113.88,3688004
2020-01-15 19:00:00-05:00,114.91,115.54,113.66,114.16,2908532
2020-01-16 19:00:00-05:00,114.05,115.33,113.46,114.47,2291010
2020-01-20 19:00:00-05:00,113.84,113.89,112.20,112.72,3053356
2020-01-21 19:00:00-05:00,112.69,113.66,111.25,111.30,2371675
2020-01-22 19:00:00-05:00,110.91,111.15,109.28,110.82,2555343
2020-01-23 19:00:00-05:00,111.37,111.37,108.98,110.24,2449238
2020-01-26 19:00:00-05:00,107.41,107.46,105.55,106.25,4180184
2020-01-27 19:00:00-05:00,107.15,107.30,105.26,106.19,2717790
2020-01-28 19:00:00-05:00,106.73,107.38,105.84,105.94,3129306
2020-01-29 19:00:00-05:00,104.47,106.19,102.58,106.09,4194828
2020-01-30 19:00:00-05:00,105.26,105.39,102.74,103.50,4078174
2020-02-02 19:00:00-05:00,104.11,105.47,102.75,102.92,2467604
2020-02-03 19:00:00-05:00,104.73,106.07,104.47,105.55,3193962
2020-02-04 19:00:00-05:00,106.97,107.94,106.49,107.30,2499002
2020-02-05 19:00:00-05:00,108.32,108.32,106.25,106.35,2118139
2020-02-06 19:00:00-05:00,105.40,112.65,104.77,111.38,8106957
2020-02-09 19:00:00-05:00,113.63,114.69,111.77,112.18,4900213
2020-02-10 19:00:00-05:00,113.25,114.17,112.25,113.06,2502849
2020-02-11 19:00:00-05:00,113.91,114.35,112.50,113.42,1994908
2020-02-12 19:00:00-05:00,112.91,115.80,111.97,115.54,3256880
2020-02-13 19:00:00-05:00,114.82,115.41,113.06,113.50,2083639
2020-02-17 19:00:00-05:00,113.99,115.14,111.90,113.46,2387684
2020-02-18 19:00:00-05:00,113.77,115.70,113.65,115.30,2108831
2020-02-19 19:00:00-05:00,115.25,118.24,114.13,118.00,3229703
2020-02-20 19:00:00-05:00,116.82,117.45,115.70,116.81,2041817
2020-02-23 19:00:00-05:00,111.81,112.86,109.21,110.80,3867328
2020-02-24 19:00:00-05:00,111.38,111.48,103.62,104.18,5241736
2020-02-25 19:00:00-05:00,105.49,106.89,102.72,103.42,3432978
2020-02-26 19:00:00-05:00,100.72,104.10,97.66,99.29,4386935
2020-02-27 19:00:00-05:00,96.60,101.03,95.93,101.01,5449479
2020-03-01 19:00:00-05:00,101.74,101.98,96.80,100.00,5483483
2020-03-02 19:00:00-05:00,100.18,101.73,94.85,95.23,5427265
2020-03-03 19:00:00-05:00,96.64,97.64,94.58,97.61,3542683
2020-03-04 19:00:00-05:00,94.46,95.27,92.13,92.97,3909150
2020-03-05 19:00:00-05:00,90.43,93.96,89.02,91.82,4822898
2020-03-08 20:00:00-04:00,86.58,87.43,81.87,83.20,5023692
2020-03-09 20:00:00-04:00,86.40,87.56,81.89,86.78,4424041
2020-03-10 20:00:00-04:00,84.42,85.07,78.05,79.83,5890282
2020-03-11 20:00:00-04:00,74.22,75.64,69.18,69.76,6399217
2020-03-12 20:00:00-04:00,73.68,76.72,69.04,76.68,5305275
2020-03-15 20:00:00-04:00,66.16,71.82,65.07,65.07,5481993
2020-03-16 20:00:00-04:00,66.81,72.02,63.78,68.29,6885937
2020-03-17 20:00:00-04:00,65.00,72.42,64.58,71.68,8684146
2020-03-18 20:00:00-04:00,71.09,83.54,70.02,80.31,5766803
2020-03-19 20:00:00-04:00,81.90,85.36,76.65,79.87,5558687
2020-03-22 20:00:00-04:00,79.78,82.74,77.13,80.37,4881970
2020-03-23 20:00:00-04:00,84.86,87.59,83.01,86.33,3740870
2020-03-24 20:00:00-04:00,87.27,91.29,82.65,85.08,5129301
2020-03-25 20:00:00-04:00,85.84,91.33,85.58,90.32,3367950
2020-03-26 20:00:00-04:00,86.33,89.42,83.42,86.71,3250675
2020-03-29 20:00:00-04:00,88.01,90.33,85.76,89.40,2830721
2020-03-30 20:00:00-04:00,88.09,89.78,85.76,87.20,3280956
2020-03-31 20:00:00-04:00,83.43,85.40,80.76,81.61,3188874
2020-04-01 20:00:00-04:00,80.92,84.36,80.25,83.88,2899100
2020-04-02 20:00:00-04:00,82.87,83.42,77.44,78.54,3977653
2020-04-05 20:00:00-04:00,81.29,86.16,81.27,85.59,4359137
2020-04-06 20:00:00-04:00,89.83,90.24,83.24,83.38,3957921
2020-04-07 20:00:00-04:00,88.45,91.50,86.24,90.28,6920437
2020-04-08 20:00:00-04:00,93.21,93.49,86.41,87.94,5889290
2020-04-12 20:00:00-04:00,90.03,90.03,87.55,88.84,3501854
2020-04-13 20:00:00-04:00,90.42,91.32,87.77,89.95,3827492
2020-04-14 20:00:00-04:00,87.51,87.51,84.97,86.22,3654745
2020-04-15 20:00:00-04:00,86.10,87.02,84.23,85.64,2778227
2020-04-16 20:00:00-04:00,87.02,89.86,86.82,89.78,3057824
2020-04-19 20:00:00-04:00,88.12,90.37,87.61,88.20,2782322
2020-04-20 20:00:00-04:00,86.75,87.86,86.02,86.64,1992550
2020-04-21 20:00:00-04:00,88.11,88.43,85.18,85.25,2584383
2020-04-22 20:00:00-04:00,85.32,88.04,85.22,86.93,2508185
2020-04-23 20:00:00-04:00,87.31,88.59,85.92,88.50,2619751
2020-04-26 20:00:00-04:00,89.29,92.41,87.97,91.54,2973312
2020-04-27 20:00:00-04:00,93.35,93.41,90.01,91.86,3398727
2020-04-28 20:00:00-04:00,93.49,94.78,92.38,93.11,2696073
2020-04-29 20:00:00-04:00,92.00,92.00,90.43,91.17,2445266
2020-04-30 20:00:00-04:00,89.55,89.58,84.50,85.00,3898974
2020-05-03 20:00:00-04:00,84.23,84.54,82.42,83.31,2991306
2020-05-04 20:00:00-04:00,84.74,86.38,84.23,84.62,2113547
2020-05-05 20:00:00-04:00,85.50,85.88,82.76,82.79,2379121
2020-05-06 20:00:00-04:00,84.10,85.48,83.53,83.95,2286046
2020-05-07 20:00:00-04:00,85.04,86.94,84.99,86.61,2197687
2020-05-10 20:00:00-04:00,85.14,85.84,83.62,84.54,2312604
2020-05-11 20:00:00-04:00,84.86,84.94,81.32,81.36,2456435
2020-05-12 20:00:00-04:00,81.32,81.37,77.85,78.63,3606222
2020-05-13 20:00:00-04:00,77.21,78.52,74.36,78.47,4039083
2020-05-14 20:00:00-04:00,77.34,78.36,76.41,77.32,3648540
2020-05-17 20:00:00-04:00,81.62,86.30,81.11,85.71,4470454
2020-05-18 20:00:00-04:00,85.58,85.87,82.45,82.55,3083389
2020-05-19 20:00:00-04:00,84.00,85.92,83.30,84.15,3231688
2020-05-20 20:00:00-04:00,83.84,85.17,83.08,83.25,2159712
2020-05-21 20:00:00-04:00,83.24,84.54,82.64,84.14,2787162
2020-05-25 20:00:00-04:00,88.45,91.14,87.74,89.76,4744343
2020-05-26 20:00:00-04:00,92.05,94.05,90.25,93.80,3974923
2020-05-27 20:00:00-04:00,94.21,96.30,92.98,94.32,4018358
2020-05-28 20:00:00-04:00,93.62,94.13,90.93,93.89,4231065
2020-05-31 20:00:00-04:00,92.80,93.82,91.66,93.28,2469962
2020-06-01 20:00:00-04:00,94.08,96.79,94.00,96.51,3129802
2020-06-02 20:00:00-04:00,98.52,100.59,98.18,99.30,3386441
2020-06-03 20:00:00-04:00,98.74,100.14,97.55,100.11,2483613
2020-06-04 20:00:00-04:00,102.84,104.83,102.12,102.27,4447620
2020-06-07 20:00:00-04:00,104.23,107.86,103.66,107.43,3362986
2020-06-08 20:00:00-04:00,104.91,104.94,102.19,104.05,2796097
2020-06-09 20:00:00-04:00,103.56,103.85,100.91,100.97,2580784
2020-06-10 20:00:00-04:00,96.33,96.70,91.91,92.63,5447121
2020-06-11 20:00:00-04:00,96.79,97.08,92.87,95.44,2820669
2020-06-14 20:00:00-04:00,92.35,96.82,91.54,96.13,2277607
2020-06-15 20:00:00-04:00,99.35,100.23,95.65,97.47,2049884
2020-06-16 20:00:00-04:00,98.31,98.81,96.99,97.56,1507070
2020-06-17 20:00:00-04:00,97.03,100.20,96.72,99.52,2998504
2020-06-18 20:00:00-04:00,101.23,101.31,97.53,98.98,3510169
2020-06-21 20:00:00-04:00,98.20,99.06,97.23,98.80,1797092
2020-06-22 20:00:00-04:00,99.64,100.56,98.80,100.01,1719033
2020-06-23 20:00:00-04:00,98.99,99.24,96.46,97.15,2925409
2020-06-24 20:00:00-04:00,96.16,98.00,95.09,97.88,2867827
2020-06-25 20:00:00-04:00,97.69,97.82,93.42,93.99,4072962
2020-06-28 20:00:00-04:00,94.88,97.35,94.02,97.22,2899224
2020-06-29 20:00:00-04:00,98.43,101.70,97.49,101.32,8033365
2020-06-30 20:00:00-04:00,114.78,118.25,112.55,113.20,22297668
2020-07-01 20:00:00-04:00,114.60,115.41,112.20,112.35,5022203
2020-07-05 20:00:00-04:00,114.10,114.46,111.03,112.92,3742608
2020-07-06 20:00:00-04:00,111.47,115.58,111.37,114.56,3205255
2020-07-07 20:00:00-04:00,114.26,115.17,112.92,114.57,2619379
2020-07-08 20:00:00-04:00,114.17,114.71,112.23,112.54,2777730
2020-07-09 20:00:00-04:00,112.87,114.90,112.70,114.60,2167034
2020-07-12 20:00:00-04:00,115.61,115.77,112.48,112.89,2154252
2020-07-13 20:00:00-04:00,112.89,114.83,112.38,114.53,2036605
2020-07-14 20:00:00-04:00,115.92,117.44,114.92,116.52,4136005
2020-07-15 20:00:00-04:00,116.89,120.74,115.95,120.02,5088100
2020-07-16 20:00:00-04:00,120.87,121.48,119.16,119.94,2541444
2020-07-19 20:00:00-04:00,119.15,119.62,117.64,118.60,1977285
2020-07-20 20:00:00-04:00,119.30,121.08,118.80,119.59,2149040
2020-07-21 20:00:00-04:00,118.97,119.91,118.10,119.33,1528664
2020-07-22 20:00:00-04:00,119.52,120.95,118.97,119.94,1721515
2020-07-23 20:00:00-04:00,119.00,120.59,118.64,119.26,1918462
2020-07-26 20:00:00-04:00,119.23,123.36,118.40,123.30,3631662
2020-07-27 20:00:00-04:00,122.42,123.08,120.46,120.62,2946755
2020-07-28 20:00:00-04:00,120.74,123.83,120.68,122.52,5738136
2020-07-29 20:00:00-04:00,125.84,126.09,122.74,124.80,6710459
2020-07-30 20:00:00-04:00,124.29,124.80,121.39,121.68,3087608
2020-08-02 20:00:00-04:00,122.52,123.27,121.78,122.28,1865719
2020-08-03 20:00:00-04:00,122.28,123.91,122.26,123.32,1568624
2020-08-04 20:00:00-04:00,124.18,124.59,123.01,124.07,1624469
2020-08-05 20:00:00-04:00,124.29,125.35,123.79,124.46,1693841
2020-08-06 20:00:00-04:00,124.63,132.87,124.63,132.62,7832075
2020-08-09 20:00:00-04:00,135.96,144.85,135.37,144.50,13421539
2020-08-10 20:00:00-04:00,144.51,147.11,141.01,141.95,7443766
2020-08-11 20:00:00-04:00,144.52,149.03,143.81,145.93,7741854
2020-08-12 20:00:00-04:00,145.01,147.98,144.24,147.31,4546776
2020-08-13 20:00:00-04:00,146.01,151.48,145.86,150.73,5749553
2020-08-16 20:00:00-04:00,151.74,152.87,148.88,149.32,3303542
2020-08-17 20:00:00-04:00,149.12,150.61,147.54,149.55,3773136
2020-08-18 20:00:00-04:00,149.46,152.42,149.46,150.21,2752538
2020-08-19 20:00:00-04:00,149.02,151.17,148.17,150.89,1902205
2020-08-20 20:00:00-04:00,151.14,153.87,150.66,152.10,2524318
2020-08-23 20:00:00-04:00,153.88,157.49,153.18,157.09,4211582
2020-08-24 20:00:00-04:00,158.37,158.67,154.07,154.86,2680808
2020-08-25 20:00:00-04:00,155.88,156.89,154.69,155.91,1884086
2020-08-26 20:00:00-04:00,156.15,158.16,155.41,157.68,2500491
2020-08-27 20:00:00-04:00,157.69,161.61,157.53,160.34,3718160
2020-08-30 20:00:00-04:00,160.27,162.00,158.83,158.85,2282571
2020-08-31 20:00:00-04:00,158.96,163.70,158.35,162.92,2360134
2020-09-01 20:00:00-04:00,164.11,165.47,161.19,164.69,2085749
2020-09-02 20:00:00-04:00,165.32,167.82,158.40,160.13,4968716
2020-09-03 20:00:00-04:00,161.21,165.40,157.54,163.86,3573832
2020-09-07 20:00:00-04:00,162.17,163.59,159.22,160.19,2632285
2020-09-08 20:00:00-04:00,163.77,165.84,162.41,163.59,3999371
2020-09-09 20:00:00-04:00,166.30,166.30,161.52,162.64,3032135
2020-09-10 20:00:00-04:00,164.09,169.33,163.39,168.69,6037713
2020-09-13 20:00:00-04:00,174.64,174.64,168.53,171.27,8170372
2020-09-14 20:00:00-04:00,170.29,173.81,167.04,171.50,12220499
2020-09-15 20:00:00-04:00,183.36,185.64,178.48,181.38,21187965
2020-09-16 20:00:00-04:00,175.82,181.02,175.45,176.87,5279586
2020-09-17 20:00:00-04:00,176.07,179.86,175.33,175.93,5396737
2020-09-20 20:00:00-04:00,172.43,173.33,166.87,173.00,5099890
2020-09-21 20:00:00-04:00,173.56,176.66,170.75,176.40,3290760
2020-09-22 20:00:00-04:00,177.53,181.53,174.67,174.95,3826003
2020-09-23 20:00:00-04:00,176.82,179.14,173.56,176.98,3782940
2020-09-24 20:00:00-04:00,175.14,182.54,174.98,181.29,3986588
2020-09-27 20:00:00-04:00,184.98,188.37,184.12,184.38,4107462
2020-09-28 20:00:00-04:00,184.78,187.11,180.53,183.70,2724491
2020-09-29 20:00:00-04:00,183.68,186.61,180.80,182.27,3109946
2020-09-30 20:00:00-04:00,184.98,186.81,183.25,184.12,3552114
2020-10-01 20:00:00-04:00,181.56,187.36,181.16,184.93,3741987
2020-10-04 20:00:00-04:00,187.54,189.11,186.77,187.84,3012900
2020-10-05 20:00:00-04:00,188.50,192.02,187.09,187.88,3911880
2020-10-06 20:00:00-04:00,191.20,196.14,190.95,194.40,3706247
2020-10-07 20:00:00-04:00,195.46,197.48,193.01,196.43,2473313
2020-10-08 20:00:00-04:00,198.85,199.28,195.32,196.78,2695452
2020-10-11 20:00:00-04:00,197.30,198.71,196.61,198.19,2560928
2020-10-12 20:00:00-04:00,197.34,199.45,197.00,197.64,2056461
2020-10-13 20:00:00-04:00,199.10,202.15,198.39,200.18,2580535
2020-10-14 20:00:00-04:00,197.90,204.45,196.93,204.43,2798083
2020-10-15 20:00:00-04:00,205.80,208.09,204.35,205.71,3710962
2020-10-18 20:00:00-04:00,206.39,211.03,202.59,204.33,4285297
2020-10-19 20:00:00-04:00,205.80,212.10,205.16,208.27,4870801
2020-10-20 20:00:00-04:00,209.54,212.54,204.54,204.56,3995027
2020-10-21 20:00:00-04:00,205.50,206.99,198.57,199.97,3676959
2020-10-22 20:00:00-04:00,201.66,205.71,200.63,205.48,3100390
2020-10-25 20:00:00-04:00,202.90,203.27,198.12,201.18,2880857
2020-10-26 20:00:00-04:00,202.86,203.16,198.84,198.85,2373164
2020-10-27 20:00:00-04:00,190.39,193.43,186.96,188.40,5012647
2020-10-28 20:00:00-04:00,188.56,195.47,188.45,193.50,3326749
2020-10-29 20:00:00-04:00,191.74,192.75,185.19,188.03,3359263
2020-11-01 19:00:00-05:00,190.37,193.84,187.69,193.47,2535239
2020-11-02 19:00:00-05:00,197.07,200.67,194.29,198.90,3264823
2020-11-03 19:00:00-05:00,200.52,202.03,194.59,195.01,3487955
2020-11-04 19:00:00-05:00,197.83,204.55,197.83,202.23,2773139
2020-11-05 19:00:00-05:00,201.83,206.02,200.82,202.74,2351447
2020-11-08 19:00:00-05:00,198.73,198.92,185.77,191.22,7330835
2020-11-09 19:00:00-05:00,191.58,194.77,186.96,193.68,3566634
2020-11-10 19:00:00-05:00,196.51,196.61,192.76,194.07,2404686
2020-11-11 19:00:00-05:00,195.10,196.30,191.30,193.60,2387684
2020-11-12 19:00:00-05:00,194.20,198.35,194.20,197.04,1977782
2020-11-15 19:00:00-05:00,198.21,203.54,195.96,202.78,3071227
2020-11-16 19:00:00-05:00,204.26,207.40,200.66,206.56,3495525
2020-11-17 19:00:00-05:00,207.03,209.98,204.71,204.72,3567627
2020-11-18 19:00:00-05:00,205.64,206.53,200.64,202.80,2947375
2020-11-19 19:00:00-05:00,203.61,204.11,200.51,200.51,2339906
2020-11-22 19:00:00-05:00,203.06,207.54,203.05,207.51,3017616
2020-11-23 19:00:00-05:00,209.85,214.56,206.74,211.37,4605847
2020-11-24 19:00:00-05:00,211.46,212.17,207.66,208.92,2853804
2020-11-26 19:00:00-05:00,210.73,211.02,206.78,208.27,1548768
2020-11-29 19:00:00-05:00,208.69,210.80,203.30,207.67,3957549
2020-11-30 19:00:00-05:00,212.73,215.70,208.41,208.53,3786415
2020-12-01 19:00:00-05:00,208.14,212.93,206.55,211.40,3124838
2020-12-02 19:00:00-05:00,211.40,214.74,209.99,212.11,2427148
2020-12-03 19:00:00-05:00,213.31,216.66,212.41,213.69,2292996
2020-12-06 19:00:00-05:00,215.15,215.25,212.47,215.25,1840899
2020-12-07 19:00:00-05:00,215.95,220.04,215.74,218.45,3585373
2020-12-08 19:00:00-05:00,219.93,221.50,212.66,214.01,3282321
2020-12-09 19:00:00-05:00,211.06,213.32,209.14,210.80,3674601
2020-12-10 19:00:00-05:00,210.46,211.99,207.85,210.24,2921935
2020-12-13 19:00:00-05:00,214.98,215.23,207.29,207.38,3640970
2020-12-14 19:00:00-05:00,207.72,210.23,205.62,207.53,3745462
2020-12-15 19:00:00-05:00,208.72,211.24,208.16,209.76,3241244
2020-12-16 19:00:00-05:00,210.19,213.45,207.88,212.26,7454563
2020-12-17 19:00:00-05:00,205.90,206.64,199.70,200.14,19182261
2020-12-20 19:00:00-05:00,197.30,198.64,195.01,197.50,6191970
2020-12-21 19:00:00-05:00,197.91,198.52,194.85,198.48,4410018
2020-12-22 19:00:00-05:00,198.74,200.92,196.55,196.61,2917343
2020-12-23 19:00:00-05:00,197.08,197.57,194.05,195.24,2046905
2020-12-27 19:00:00-05:00,195.98,196.17,190.15,190.97,4508677
2020-12-28 19:00:00-05:00,191.70,192.79,188.59,189.97,3321661
2020-12-29 19:00:00-05:00,190.43,190.78,187.64,188.82,3343378
2020-12-30 19:00:00-05:00,188.54,189.17,187.02,188.56,3236280
2021-01-03 19:00:00-05:00,189.12,189.20,182.22,183.89,4712201
2021-01-04 19:00:00-05:00,182.66,185.03,181.61,183.88,4059435
2021-01-05 19:00:00-05:00,181.90,188.09,181.85,184.16,4474177
2021-01-06 19:00:00-05:00,184.54,186.08,178.27,178.69,7020709
2021-01-07 19:00:00-05:00,179.04,179.65,176.06,177.91,5688620
2021-01-10 19:00:00-05:00,176.49,179.00,176.28,178.16,4235781
2021-01-11 19:00:00-05:00,178.72,181.29,176.49,180.87,5431112
2021-01-12 19:00:00-05:00,181.93,184.38,180.26,183.18,3738885
2021-01-13 19:00:00-05:00,184.66,187.63,184.04,186.12,3558071
2021-01-14 19:00:00-05:00,185.75,185.75,182.28,183.43,3481129
2021-01-18 19:00:00-05:00,184.42,186.22,180.77,181.22,2925782
2021-01-19 19:00:00-05:00,182.43,183.28,179.84,182.99,2677209
2021-01-20 19:00:00-05:00,184.31,186.86,183.29,184.43,2418461
2021-01-21 19:00:00-05:00,183.02,185.52,181.58,184.53,2098159
2021-01-24 19:00:00-05:00,183.35,185.04,180.33,184.10,2494038
2021-01-25 19:00:00-05:00,184.62,185.09,181.09,181.33,2278600
2021-01-26 19:00:00-05:00,178.38,178.96,174.75,176.36,3348839
2021-01-27 19:00:00-05:00,178.67,178.88,176.21,176.33,2704139
2021-01-28 19:00:00-05:00,176.46,176.76,170.52,170.92,4022453
2021-01-31 19:00:00-05:00,172.40,174.13,170.91,173.76,3389419
2021-02-01 19:00:00-05:00,178.95,179.09,174.91,176.12,3548764
2021-02-02 19:00:00-05:00,176.20,176.92,173.84,175.24,2681181
2021-02-03 19:00:00-05:00,175.31,180.25,174.94,180.20,3597535
2021-02-04 19:00:00-05:00,182.30,185.49,180.84,185.21,3495401
2021-02-07 19:00:00-05:00,186.48,188.38,185.62,186.98,2650031
2021-02-08 19:00:00-05:00,186.85,189.20,184.48,188.20,2181802
2021-02-09 19:00:00-05:00,190.08,190.17,186.11,186.99,2444274
2021-02-10 19:00:00-05:00,187.38,187.44,182.70,184.74,2161450
2021-02-11 19:00:00-05:00,185.27,191.11,184.48,191.01,3318434
2021-02-15 19:00:00-05:00,191.74,192.80,189.64,190.16,2168772
2021-02-16 19:00:00-05:00,188.74,189.18,185.50,188.17,1779098
2021-02-17 19:00:00-05:00,185.57,187.74,183.75,185.66,2086369
2021-02-18 19:00:00-05:00,187.40,188.38,184.32,184.94,1979147
2021-02-21 19:00:00-05:00,183.92,186.94,183.82,184.96,2261102
2021-02-22 19:00:00-05:00,184.11,185.37,178.21,184.93,2176218
2021-02-23 19:00:00-05:00,184.74,189.77,184.48,188.88,2097538
2021-02-24 19:00:00-05:00,188.88,190.99,183.95,184.63,2022085
2021-02-25 19:00:00-05:00,185.15,186.99,181.93,184.84,2157975
2021-02-28 19:00:00-05:00,187.90,192.68,187.60,190.35,2498754
2021-03-01 19:00:00-05:00,190.82,191.48,188.46,188.54,1738021
2021-03-02 19:00:00-05:00,188.09,190.79,185.54,187.94,1942165
2021-03-03 19:00:00-05:00,186.33,187.69,179.46,181.79,2943156
2021-03-04 19:00:00-05:00,183.64,188.02,178.80,187.35,2398729
2021-03-07 19:00:00-05:00,189.32,190.30,182.78,183.02,2782818
2021-03-08 19:00:00-05:00,184.37,190.86,183.68,187.81,2918832
2021-03-09 19:00:00-05:00,188.69,190.64,187.91,189.63,1986345
2021-03-10 19:00:00-05:00,191.90,196.72,191.01,195.51,4708850
2021-03-11 19:00:00-05:00,194.61,197.47,193.15,196.75,2652389
2021-03-14 20:00:00-04:00,197.33,198.68,192.08,194.33,3985472
2021-03-15 20:00:00-04:00,194.42,194.44,189.54,189.91,2644695
2021-03-16 20:00:00-04:00,188.60,193.82,187.21,193.58,2309997
2021-03-17 20:00:00-04:00,195.02,196.07,191.44,191.88,5629300
2021-03-18 20:00:00-04:00,203.20,206.02,200.46,203.58,16057051
2021-03-21 20:00:00-04:00,203.58,203.74,197.83,199.53,4066012
2021-03-22 20:00:00-04:00,197.63,201.67,193.37,194.28,2825881
2021-03-23 20:00:00-04:00,195.88,199.72,194.71,195.36,2634271
2021-03-24 20:00:00-04:00,193.84,200.26,192.19,199.65,2836181
2021-03-25 20:00:00-04:00,202.21,204.97,199.96,204.86,2564651
2021-03-28 20:00:00-04:00,202.43,205.31,201.44,203.32,1882845
2021-03-29 20:00:00-04:00,203.43,209.82,202.66,208.20,3381353
2021-03-30 20:00:00-04:00,208.26,209.63,205.95,206.83,2514266
2021-03-31 20:00:00-04:00,206.47,207.53,205.19,206.47,1791384
2021-04-04 20:00:00-04:00,208.26,208.70,204.30,205.03,2143455
2021-04-05 20:00:00-04:00,205.10,207.12,204.40,205.47,1746335
2021-04-06 20:00:00-04:00,204.97,205.66,201.48,203.24,1823277
2021-04-07 20:00:00-04:00,206.00,207.12,203.71,207.12,2824516
2021-04-08 20:00:00-04:00,206.00,208.98,205.18,208.68,2530895
2021-04-11 20:00:00-04:00,207.99,213.42,207.63,211.74,2200665
2021-04-12 20:00:00-04:00,214.61,214.64,210.52,211.82,2126702
2021-04-13 20:00:00-04:00,210.81,212.01,209.40,209.57,1364976
2021-04-14 20:00:00-04:00,210.32,212.92,208.74,212.04,1724742
2021-04-15 20:00:00-04:00,213.28,213.35,209.08,209.41,1753533
2021-04-18 20:00:00-04:00,208.30,208.74,205.41,206.25,2081157
2021-04-19 20:00:00-04:00,205.65,206.65,201.95,204.14,1768797
2021-04-20 20:00:00-04:00,203.20,204.67,201.77,202.62,2309997
2021-04-21 20:00:00-04:00,201.94,204.67,201.25,201.37,1792997
2021-04-22 20:00:00-04:00,202.81,203.30,201.68,202.24,1629185
2021-04-25 20:00:00-04:00,203.39,203.79,199.66,200.80,2168027
2021-04-26 20:00:00-04:00,208.66,212.77,207.04,209.36,6157718
2021-04-27 20:00:00-04:00,208.73,210.55,207.83,209.27,2213820
2021-04-28 20:00:00-04:00,211.17,215.76,210.61,215.58,3068000
2021-04-29 20:00:00-04:00,213.73,215.25,210.44,211.40,2260978
2021-05-02 20:00:00-04:00,214.73,222.38,214.23,221.76,5684152
2021-05-03 20:00:00-04:00,220.42,222.24,217.96,221.57,3065891
2021-05-04 20:00:00-04:00,222.74,225.73,220.09,223.21,3139854
2021-05-05 20:00:00-04:00,222.30,227.16,220.99,226.43,3178697
2021-05-06 20:00:00-04:00,224.28,229.45,224.28,229.15,2266190
2021-05-09 20:00:00-04:00,229.14,230.83,225.20,225.20,2151398
2021-05-10 20:00:00-04:00,221.80,224.19,218.87,222.56,2693591
2021-05-11 20:00:00-04:00,220.04,221.92,214.66,215.55,2418957
2021-05-12 20:00:00-04:00,216.31,222.33,215.90,220.93,1792376
2021-05-13 20:00:00-04:00,222.26,226.10,222.26,225.32,1805903
2021-05-16 20:00:00-04:00,225.73,226.87,223.32,225.19,1167409
2021-05-17 20:00:00-04:00,225.51,225.94,222.86,222.86,1298210
2021-05-18 20:00:00-04:00,221.36,224.59,218.39,224.23,2152763
2021-05-19 20:00:00-04:00,225.11,227.15,223.37,225.04,1586122
2021-05-20 20:00:00-04:00,226.05,229.58,225.29,225.44,2176218
2021-05-23 20:00:00-04:00,228.30,228.30,225.19,227.07,2243604
2021-05-24 20:00:00-04:00,227.92,228.19,224.07,224.71,2025064
2021-05-25 20:00:00-04:00,226.26,227.79,224.29,226.28,2103619
2021-05-26 20:00:00-04:00,227.56,232.94,227.09,229.80,3297709
2021-05-27 20:00:00-04:00,230.10,230.65,227.92,229.24,1269171
2021-05-31 20:00:00-04:00,231.75,231.95,225.79,226.35,1591458
2021-06-01 20:00:00-04:00,227.92,227.92,221.24,223.24,2591704
2021-06-02 20:00:00-04:00,222.38,224.12,220.04,223.05,1633528
2021-06-03 20:00:00-04:00,223.39,224.28,218.20,219.99,2619999
2021-06-06 20:00:00-04:00,220.64,221.52,217.88,220.88,2432856
2021-06-07 20:00:00-04:00,220.49,220.99,217.45,220.33,1860259
2021-06-08 20:00:00-04:00,220.33,220.36,211.50,213.43,5409023
2021-06-09 20:00:00-04:00,213.78,215.24,212.05,213.24,2248444
2021-06-10 20:00:00-04:00,213.54,215.66,213.54,215.60,2021465
2021-06-13 20:00:00-04:00,216.06,216.39,212.65,213.35,1583020
2021-06-14 20:00:00-04:00,214.80,218.36,214.01,217.94,2275994
2021-06-15 20:00:00-04:00,217.34,218.01,212.97,214.58,2092450
2021-06-16 20:00:00-04:00,214.44,214.62,207.96,209.40,2940425
2021-06-17 20:00:00-04:00,206.91,210.83,205.35,207.76,3169266
2021-06-20 20:00:00-04:00,209.68,214.83,209.57,213.47,2385202
2021-06-21 20:00:00-04:00,214.75,217.81,213.97,216.77,2792374
2021-06-22 20:00:00-04:00,218.45,218.92,215.66,216.54,2677333
2021-06-23 20:00:00-04:00,219.69,221.79,217.71,221.14,6225352
2021-06-24 20:00:00-04:00,213.69,215.16,209.15,213.12,14422902
2021-06-27 20:00:00-04:00,213.88,215.09,211.28,214.60,4389541
2021-06-28 20:00:00-04:00,216.07,218.63,215.23,217.45,4460775
2021-06-29 20:00:00-04:00,216.09,217.98,215.34,217.77,2247327
2021-06-30 20:00:00-04:00,218.96,219.06,216.67,218.35,2171130
2021-07-01 20:00:00-04:00,218.92,218.92,217.07,218.54,1657728
2021-07-05 20:00:00-04:00,218.54,218.72,213.59,215.06,2832583
2021-07-06 20:00:00-04:00,214.61,215.45,212.60,214.28,2845861
2021-07-07 20:00:00-04:00,209.62,215.06,208.66,214.06,2446507
2021-07-08 20:00:00-04:00,215.93,217.68,214.01,216.36,2876018
2021-07-11 20:00:00-04:00,217.01,220.63,215.05,218.75,2364601
2021-07-12 20:00:00-04:00,218.25,220.93,218.04,218.32,2168896
2021-07-13 20:00:00-04:00,218.01,219.62,215.05,215.97,1776864
2021-07-14 20:00:00-04:00,214.61,218.07,214.37,216.13,1447006
2021-07-15 20:00:00-04:00,216.58,216.80,213.22,213.51,2451968
2021-07-18 20:00:00-04:00,209.89,215.59,209.01,215.21,3540945
2021-07-19 20:00:00-04:00,215.64,218.29,214.94,217.55,2055592
2021-07-20 20:00:00-04:00,217.17,220.42,217.04,217.79,1661699
2021-07-21 20:00:00-04:00,217.20,218.15,216.12,216.52,1218414
2021-07-22 20:00:00-04:00,217.39,218.01,216.14,216.85,1241745
2021-07-25 20:00:00-04:00,216.14,217.90,215.82,217.17,1496026
2021-07-26 20:00:00-04:00,209.87,210.51,203.75,206.31,6002965
2021-07-27 20:00:00-04:00,207.47,207.53,204.60,205.73,3390536
2021-07-28 20:00:00-04:00,205.73,207.79,205.26,205.79,2259613
2021-07-29 20:00:00-04:00,204.39,205.85,202.78,204.36,2900465
2021-08-01 20:00:00-04:00,204.97,206.30,201.03,201.59,3090586
2021-08-02 20:00:00-04:00,201.68,205.64,200.20,204.98,2669515
2021-08-03 20:00:00-04:00,203.90,204.60,200.80,200.83,2455691
2021-08-04 20:00:00-04:00,201.40,202.77,200.50,201.33,2593318
2021-08-05 20:00:00-04:00,201.96,203.26,200.76,201.67,2111934
2021-08-08 20:00:00-04:00,200.78,201.46,198.96,199.04,2292872
2021-08-09 20:00:00-04:00,198.92,200.28,197.79,198.01,2661573
2021-08-10 20:00:00-04:00,198.86,202.32,198.01,201.67,2504090
2021-08-11 20:00:00-04:00,201.84,203.38,199.79,201.55,1503099
2021-08-12 20:00:00-04:00,200.91,203.48,200.57,202.33,2415234
2021-08-15 20:00:00-04:00,202.06,206.49,200.86,205.60,3422554
2021-08-16 20:00:00-04:00,203.82,204.76,200.59,202.83,3648416
2021-08-17 20:00:00-04:00,201.52,202.66,198.86,199.11,2651521
2021-08-18 20:00:00-04:00,197.09,197.63,193.47,195.31,3848465
2021-08-19 20:00:00-04:00,194.46,196.00,192.76,194.57,2984109
2021-08-22 20:00:00-04:00,195.63,196.47,194.66,194.83,2533377
2021-08-23 20:00:00-04:00,194.74,196.42,194.39,195.49,2620620
2021-08-24 20:00:00-04:00,195.63,198.44,195.13,197.36,2626204
2021-08-25 20:00:00-04:00,197.05,197.05,194.75,195.24,1628316
2021-08-26 20:00:00-04:00,195.23,196.55,194.84,195.56,1925660
2021-08-29 20:00:00-04:00,196.18,196.25,193.76,193.84,2186146
2021-08-30 20:00:00-04:00,194.22,194.85,193.21,193.95,2032262
2021-08-31 20:00:00-04:00,194.24,195.22,192.38,194.12,2184905
2021-09-01 20:00:00-04:00,194.95,196.90,194.91,195.52,1627323
2021-09-02 20:00:00-04:00,195.12,196.61,193.91,194.75,1892277
2021-09-06 20:00:00-04:00,194.95,195.72,192.50,192.99,2028415
2021-09-07 20:00:00-04:00,192.71,192.74,189.48,191.08,2436331
2021-09-08 20:00:00-04:00,189.69,192.33,188.35,189.76,2646805
2021-09-09 20:00:00-04:00,191.46,191.95,188.31,188.54,2131418
2021-09-12 20:00:00-04:00,189.93,191.72,188.68,191.69,2293368
2021-09-13 20:00:00-04:00,191.95,192.50,186.46,186.82,3206124
2021-09-14 20:00:00-04:00,187.63,190.07,186.58,187.83,2836802
2021-09-15 20:00:00-04:00,188.84,189.90,187.43,189.14,2124468
2021-09-16 20:00:00-04:00,186.96,188.65,186.00,186.83,3825258
2021-09-19 20:00:00-04:00,184.55,185.92,181.66,183.60,4311855
2021-09-20 20:00:00-04:00,185.21,185.85,182.12,184.52,5561045
2021-09-21 20:00:00-04:00,171.43,172.01,167.62,167.70,22080368
2021-09-22 20:00:00-04:00,167.69,169.31,166.96,167.58,8802041
2021-09-23 20:00:00-04:00,166.90,167.64,165.88,165.91,6171989
2021-09-26 20:00:00-04:00,165.44,167.82,165.21,165.81,5380356
2021-09-27 20:00:00-04:00,165.31,166.94,162.34,162.81,5854666
2021-09-28 20:00:00-04:00,163.24,164.15,161.63,161.85,4637865
2021-09-29 20:00:00-04:00,162.21,163.37,160.34,160.53,4788523
2021-09-30 20:00:00-04:00,161.06,164.05,159.72,162.90,5005077
2021-10-03 20:00:00-04:00,161.96,163.98,159.04,159.49,4869808
2021-10-04 20:00:00-04:00,159.22,165.78,158.37,164.17,6610683
2021-10-05 20:00:00-04:00,162.57,164.66,160.92,164.12,4533249
2021-10-06 20:00:00-04:00,166.17,166.66,162.86,163.21,4907038
2021-10-07 20:00:00-04:00,162.81,163.93,162.09,163.57,2934965
2021-10-10 20:00:00-04:00,164.00,164.40,160.58,160.92,3579913
2021-10-11 20:00:00-04:00,160.92,162.57,160.81,162.01,3154002
2021-10-12 20:00:00-04:00,162.53,165.02,160.69,163.78,5702767
2021-10-13 20:00:00-04:00,165.73,167.32,165.27,166.50,3526177
2021-10-14 20:00:00-04:00,167.16,168.00,166.41,167.72,5184774
2021-10-17 20:00:00-04:00,166.92,168.19,165.94,166.89,3321909
2021-10-18 20:00:00-04:00,167.75,168.65,166.67,167.87,2591332
2021-10-19 20:00:00-04:00,168.61,169.80,167.75,169.32,3123473
2021-10-20 20:00:00-04:00,169.32,170.83,168.83,170.45,4757249
2021-10-21 20:00:00-04:00,170.47,171.81,170.10,170.55,3198553
2021-10-24 20:00:00-04:00,170.81,172.97,170.20,172.32,3159338
2021-10-25 20:00:00-04:00,174.95,176.63,173.42,174.10,3804161
2021-10-26 20:00:00-04:00,174.59,175.69,172.09,172.24,3322157
2021-10-27 20:00:00-04:00,172.44,172.86,170.67,172.73,2132907
2021-10-28 20:00:00-04:00,171.24,174.50,170.97,172.42,2481876
2021-10-31 20:00:00-04:00,173.70,173.79,171.80,172.50,1776740
2021-11-01 20:00:00-04:00,173.10,173.77,172.03,172.59,1848345
2021-11-02 20:00:00-04:00,172.34,176.04,171.75,175.70,2518734
2021-11-03 20:00:00-04:00,176.96,179.75,176.18,179.36,3585994
2021-11-04 20:00:00-04:00,180.49,180.65,176.74,177.72,2462889
2021-11-07 19:00:00-05:00,179.22,182.75,179.07,181.93,3241740
2021-11-08 19:00:00-05:00,183.01,183.37,180.15,182.63,2273636
2021-11-09 19:00:00-05:00,181.33,183.52,180.51,181.93,2308136
2021-11-10 19:00:00-05:00,182.58,185.35,182.08,183.73,2544546
2021-11-11 19:00:00-05:00,184.43,186.58,183.71,185.85,2625336
2021-11-14 19:00:00-05:00,186.30,186.85,183.19,184.69,2473561
2021-11-15 19:00:00-05:00,184.47,186.89,184.24,185.34,1996645
2021-11-16 19:00:00-05:00,184.92,185.44,180.94,181.07,2612181
2021-11-17 19:00:00-05:00,181.50,182.26,176.60,179.14,2898604
2021-11-18 19:00:00-05:00,179.33,180.23,177.55,177.66,2519106
2021-11-21 19:00:00-05:00,177.66,183.81,177.18,181.54,2712454
2021-11-22 19:00:00-05:00,180.81,181.33,178.90,180.40,1765447
2021-11-23 19:00:00-05:00,179.35,180.73,178.30,178.30,2042686
2021-11-25 19:00:00-05:00,173.72,175.26,172.40,174.33,2203768
2021-11-28 19:00:00-05:00,175.69,176.85,173.55,176.11,2103867
2021-11-29 19:00:00-05:00,174.37,174.96,168.30,168.64,4177206
2021-11-30 19:00:00-05:00,172.03,174.36,166.62,166.74,2900589
2021-12-01 19:00:00-05:00,166.75,173.66,166.47,172.25,2659587
2021-12-02 19:00:00-05:00,173.22,176.68,173.04,176.30,3025930
2021-12-05 19:00:00-05:00,177.89,180.80,177.31,179.39,2270410
2021-12-06 19:00:00-05:00,180.91,182.27,180.23,180.86,2103247
2021-12-07 19:00:00-05:00,181.22,181.22,178.46,179.17,1607716
2021-12-08 19:00:00-05:00,178.25,181.08,177.96,179.53,1587239
2021-12-09 19:00:00-05:00,180.48,182.32,179.53,180.84,1582647
2021-12-12 19:00:00-05:00,179.69,180.25,176.60,176.89,2098283
2021-12-13 19:00:00-05:00,176.23,179.81,175.76,176.26,2094560
2021-12-14 19:00:00-05:00,176.26,177.87,175.50,176.80,2109452
2021-12-15 19:00:00-05:00,178.12,179.72,175.07,175.14,5542182
2021-12-16 19:00:00-05:00,186.32,191.28,182.15,183.81,12555569
2021-12-19 19:00:00-05:00,183.79,185.69,180.23,180.30,3424043
2021-12-20 19:00:00-05:00,182.31,185.60,181.97,185.00,3137372
2021-12-21 19:00:00-05:00,185.30,185.58,183.06,183.54,2884456
2021-12-22 19:00:00-05:00,184.21,188.15,184.05,186.38,2605231
2021-12-26 19:00:00-05:00,187.23,188.86,186.77,188.16,1834943
2021-12-27 19:00:00-05:00,187.99,189.71,187.59,188.30,1665918
2021-12-28 19:00:00-05:00,188.33,189.82,188.15,189.07,1821043
2021-12-29 19:00:00-05:00,189.36,191.07,189.08,189.86,2215557
2021-12-30 19:00:00-05:00,189.13,191.09,188.66,189.92,1578924
2022-01-02 19:00:00-05:00,190.77,192.15,188.68,189.85,2174728
2022-01-03 19:00:00-05:00,190.66,195.28,190.41,194.52,3209971
2022-01-04 19:00:00-05:00,194.59,195.90,192.28,192.48,3025062
2022-01-05 19:00:00-05:00,192.37,194.59,191.01,193.26,2305530
2022-01-06 19:00:00-05:00,192.89,195.77,192.41,193.84,2042686
2022-01-09 19:00:00-05:00,192.84,192.84,185.41,188.38,5651266
2022-01-10 19:00:00-05:00,188.38,189.00,185.14,187.64,2504710
2022-01-11 19:00:00-05:00,188.04,190.19,187.08,188.13,1754154
2022-01-12 19:00:00-05:00,188.87,190.99,188.20,189.20,2058199
2022-01-13 19:00:00-05:00,186.94,188.46,185.96,188.14,1729458
2022-01-17 19:00:00-05:00,185.52,186.68,183.75,186.02,2381107
2022-01-18 19:00:00-05:00,186.02,187.84,185.17,185.18,1616775
2022-01-19 19:00:00-05:00,186.30,187.98,184.04,184.11,2074456
2022-01-20 19:00:00-05:00,183.30,183.56,179.12,179.83,3801928
2022-01-23 19:00:00-05:00,175.90,180.60,173.92,180.43,3786912
2022-01-24 19:00:00-05:00,177.51,181.18,175.50,179.19,2521960
2022-01-25 19:00:00-05:00,180.49,182.29,177.12,178.55,2495403
2022-01-26 19:00:00-05:00,180.08,181.84,175.99,177.65,2315334
2022-01-27 19:00:00-05:00,177.07,179.83,175.59,179.74,2838912
2022-01-30 19:00:00-05:00,179.19,180.75,176.96,180.53,4214312
2022-01-31 19:00:00-05:00,187.08,188.34,184.53,185.04,5707111
2022-02-01 19:00:00-05:00,186.10,186.14,182.73,184.91,2167903
2022-02-02 19:00:00-05:00,183.48,184.58,181.41,181.60,2237895
2022-02-03 19:00:00-05:00,180.81,181.42,177.73,179.25,2658222
2022-02-06 19:00:00-05:00,179.83,180.30,178.15,178.97,2013647
2022-02-07 19:00:00-05:00,179.71,180.87,178.43,179.06,2461027
2022-02-08 19:00:00-05:00,180.48,182.54,178.88,179.34,2145937
2022-02-09 19:00:00-05:00,177.98,179.03,175.89,176.53,3243974
2022-02-10 19:00:00-05:00,176.26,176.60,169.79,170.51,5809121
2022-02-13 19:00:00-05:00,169.86,170.52,166.66,167.75,3115282
2022-02-14 19:00:00-05:00,170.15,171.95,168.89,169.18,3247697
2022-02-15 19:00:00-05:00,168.15,169.17,164.79,168.16,3032508
2022-02-16 19:00:00-05:00,167.00,167.31,164.55,164.75,1757132
2022-02-17 19:00:00-05:00,164.21,165.27,162.14,163.18,2058199
2022-02-21 19:00:00-05:00,161.65,162.75,158.85,159.92,3129057
2022-02-22 19:00:00-05:00,160.57,161.57,157.69,157.75,2796345
2022-02-23 19:00:00-05:00,152.73,159.02,151.49,158.55,3725978
2022-02-24 19:00:00-05:00,159.00,163.48,158.72,162.07,2437200
2022-02-27 19:00:00-05:00,159.47,163.48,158.39,163.21,3074826
2022-02-28 19:00:00-05:00,162.31,162.97,156.14,157.80,2583514
2022-03-01 19:00:00-05:00,158.93,163.44,157.36,160.99,2817815
2022-03-02 19:00:00-05:00,163.47,165.18,161.69,162.50,3062416
2022-03-03 19:00:00-05:00,160.62,161.35,156.42,158.07,3049509
2022-03-06 19:00:00-05:00,156.20,157.21,147.83,148.16,4307635
2022-03-07 19:00:00-05:00,149.26,154.26,146.64,150.30,3633896
2022-03-08 19:00:00-05:00,153.99,160.92,153.99,159.68,3961768
2022-03-09 19:00:00-05:00,156.79,161.89,156.46,161.56,3146307
2022-03-10 19:00:00-05:00,162.09,162.39,156.74,157.07,2911758
2022-03-13 20:00:00-04:00,156.57,158.35,153.85,155.56,2706249
2022-03-14 20:00:00-04:00,158.25,160.31,156.15,159.31,2306274
2022-03-15 20:00:00-04:00,161.30,166.53,161.17,166.46,3832208
2022-03-16 20:00:00-04:00,163.37,169.03,162.38,167.97,7075437
2022-03-17 20:00:00-04:00,162.09,162.23,156.88,161.29,11502084
2022-03-20 20:00:00-04:00,160.41,164.45,160.23,163.68,4262090
2022-03-21 20:00:00-04:00,164.37,168.50,163.93,166.93,3260976
2022-03-22 20:00:00-04:00,165.58,166.56,162.87,163.17,2151398
2022-03-23 20:00:00-04:00,164.07,166.11,162.54,165.86,2490191
2022-03-24 20:00:00-04:00,166.50,167.29,165.01,166.92,1803049
2022-03-27 20:00:00-04:00,167.13,169.58,166.23,169.50,2144572
2022-03-28 20:00:00-04:00,174.43,177.98,173.92,175.77,5033248
2022-03-29 20:00:00-04:00,174.80,175.49,172.52,173.33,2620123
2022-03-30 20:00:00-04:00,171.91,173.75,170.40,170.48,2207243
2022-03-31 20:00:00-04:00,170.48,170.70,162.83,163.01,4263704
2022-04-03 20:00:00-04:00,160.91,162.73,159.69,160.61,4318432
2022-04-04 20:00:00-04:00,158.65,161.24,155.22,155.48,3877008
2022-04-05 20:00:00-04:00,154.36,154.36,149.97,150.30,4334565
2022-04-06 20:00:00-04:00,150.10,151.07,146.77,150.13,4000115
2022-04-07 20:00:00-04:00,148.90,150.07,147.05,148.48,2880609
2022-04-10 20:00:00-04:00,147.07,152.99,147.07,150.39,2582521
2022-04-11 20:00:00-04:00,150.40,152.64,149.07,150.58,2521464
2022-04-12 20:00:00-04:00,150.60,152.92,149.63,152.01,1694586
2022-04-13 20:00:00-04:00,152.55,153.62,151.00,151.59,2385574
2022-04-17 20:00:00-04:00,151.42,152.50,148.81,149.76,1874034
2022-04-18 20:00:00-04:00,150.71,154.79,150.50,153.85,2185897
2022-04-19 20:00:00-04:00,155.12,157.72,154.05,154.13,2264701
2022-04-20 20:00:00-04:00,154.71,155.28,151.41,152.41,2605480
2022-04-21 20:00:00-04:00,151.50,153.18,150.49,151.19,2624467
2022-04-24 20:00:00-04:00,150.34,151.63,145.66,151.33,2683787
2022-04-25 20:00:00-04:00,150.65,151.25,146.05,147.36,2392028
2022-04-26 20:00:00-04:00,146.04,148.51,144.52,146.81,2002602
2022-04-27 20:00:00-04:00,148.70,152.57,147.79,152.40,2806397
2022-04-28 20:00:00-04:00,151.29,153.89,145.88,146.43,2902203
2022-05-01 20:00:00-04:00,146.58,147.71,142.07,145.15,2761970
2022-05-02 20:00:00-04:00,145.34,147.80,144.11,146.94,2429630
2022-05-03 20:00:00-04:00,147.80,154.75,146.72,154.35,3045910
2022-05-04 20:00:00-04:00,152.51,155.13,150.99,152.69,3284307
2022-05-05 20:00:00-04:00,152.09,156.52,149.75,154.88,2925782
2022-05-08 20:00:00-04:00,152.75,156.62,151.54,153.45,2879865
2022-05-09 20:00:00-04:00,154.93,155.87,149.49,153.29,2827743
2022-05-10 20:00:00-04:00,153.04,156.32,152.09,152.66,3484604
2022-05-11 20:00:00-04:00,151.28,153.50,149.06,153.40,2910766
2022-05-12 20:00:00-04:00,153.76,158.45,153.71,155.67,2577681
2022-05-15 20:00:00-04:00,155.07,156.15,153.51,154.52,1615286
2022-05-16 20:00:00-04:00,158.02,163.95,157.62,163.20,3633028
2022-05-17 20:00:00-04:00,160.04,161.02,149.28,149.99,4617885
2022-05-18 20:00:00-04:00,148.16,149.69,144.07,146.66,3224987
2022-05-19 20:00:00-04:00,148.80,148.80,143.99,148.02,2797090
2022-05-22 20:00:00-04:00,148.97,152.49,147.83,150.81,2104984
2022-05-23 20:00:00-04:00,149.31,151.78,145.35,151.22,2394758
2022-05-24 20:00:00-04:00,149.37,151.37,146.49,150.53,2726849
2022-05-25 20:00:00-04:00,152.71,157.38,152.37,156.41,2189372
2022-05-26 20:00:00-04:00,156.85,162.17,156.85,161.85,2663931
2022-05-30 20:00:00-04:00,160.46,166.45,158.53,165.47,3802176
2022-05-31 20:00:00-04:00,165.78,166.76,159.34,161.11,2466239
2022-06-01 20:00:00-04:00,161.05,165.34,160.80,163.21,2037846
2022-06-02 20:00:00-04:00,162.01,163.03,160.43,161.13,1712084
2022-06-05 20:00:00-04:00,162.83,165.89,162.05,164.19,1939559
2022-06-06 20:00:00-04:00,161.30,163.54,159.58,163.10,1383839
2022-06-07 20:00:00-04:00,160.53,162.48,158.95,160.01,1931368
2022-06-08 20:00:00-04:00,160.03,163.09,158.70,159.88,2291507
2022-06-09 20:00:00-04:00,157.77,158.50,152.24,152.34,2808755
2022-06-12 20:00:00-04:00,148.46,151.08,146.19,148.08,2460903
2022-06-13 20:00:00-04:00,162.39,171.15,161.78,169.42,16143797
2022-06-14 20:00:00-04:00,170.01,176.25,168.98,171.51,6249428
2022-06-15 20:00:00-04:00,166.78,167.56,164.60,166.00,3802052
2022-06-16 20:00:00-04:00,165.11,170.51,164.20,169.39,6561912
2022-06-20 20:00:00-04:00,172.52,174.25,168.62,169.84,2906670
2022-06-21 20:00:00-04:00,167.36,170.75,167.35,168.74,2523698
2022-06-22 20:00:00-04:00,169.09,169.64,165.30,168.08,5342629
2022-06-23 20:00:00-04:00,175.52,184.21,175.01,180.12,10418443
2022-06-26 20:00:00-04:00,182.86,183.60,177.87,178.07,3148169
2022-06-27 20:00:00-04:00,180.69,183.76,177.44,177.79,3211460
2022-06-28 20:00:00-04:00,178.46,179.20,167.87,173.14,4637369
2022-06-29 20:00:00-04:00,170.05,170.99,165.12,167.88,4562909
2022-06-30 20:00:00-04:00,164.83,166.31,161.22,165.59,3216300
2022-07-04 20:00:00-04:00,163.36,171.04,161.97,170.03,3552611
2022-07-05 20:00:00-04:00,168.79,170.44,166.62,168.63,2077682
2022-07-06 20:00:00-04:00,170.46,171.70,167.16,171.32,2017866
2022-07-07 20:00:00-04:00,171.95,172.49,168.84,170.68,1355917
2022-07-10 20:00:00-04:00,169.32,171.24,165.76,166.02,2131666
2022-07-11 20:00:00-04:00,165.38,168.48,164.25,165.12,2554847
2022-07-12 20:00:00-04:00,163.40,163.59,159.12,160.05,2472693
2022-07-13 20:00:00-04:00,156.85,158.81,155.81,158.68,1903198
2022-07-14 20:00:00-04:00,160.89,161.97,159.22,161.31,1564405
2022-07-17 20:00:00-04:00,162.25,164.21,160.77,161.42,1878502
2022-07-18 20:00:00-04:00,162.60,167.45,162.05,166.93,1710843
2022-07-19 20:00:00-04:00,167.30,169.24,166.05,168.59,1677212
2022-07-20 20:00:00-04:00,167.69,169.13,167.14,168.59,1249067
2022-07-21 20:00:00-04:00,169.43,170.55,166.90,168.32,1794238
2022-07-24 20:00:00-04:00,169.93,170.75,167.96,168.96,1209727
2022-07-25 20:00:00-04:00,165.13,167.84,163.73,166.52,1935836
2022-07-26 20:00:00-04:00,167.07,169.46,164.15,168.56,1516254
2022-07-27 20:00:00-04:00,168.84,170.56,168.32,170.18,1732684
2022-07-28 20:00:00-04:00,169.67,173.27,167.26,172.61,2499002
2022-07-31 20:00:00-04:00,171.84,177.53,171.80,176.02,2365222
2022-08-01 20:00:00-04:00,174.67,175.24,171.45,172.74,1772769
2022-08-02 20:00:00-04:00,173.91,174.83,171.60,172.68,1290268
2022-08-03 20:00:00-04:00,173.12,174.99,172.80,174.84,1343879
2022-08-04 20:00:00-04:00,173.77,176.89,172.91,173.94,1870559
2022-08-07 20:00:00-04:00,174.76,174.88,169.24,169.59,2308508
2022-08-08 20:00:00-04:00,168.78,168.78,165.03,166.59,2400342
2022-08-09 20:00:00-04:00,170.18,173.69,169.58,172.13,2712702
2022-08-10 20:00:00-04:00,172.90,173.28,169.21,169.76,2533626
2022-08-11 20:00:00-04:00,170.37,170.87,168.73,170.82,2085749
2022-08-14 20:00:00-04:00,169.61,173.41,169.54,172.70,1955692
2022-08-15 20:00:00-04:00,172.64,178.39,172.29,176.41,2717045
2022-08-16 20:00:00-04:00,174.33,175.36,172.42,172.85,1477535
2022-08-17 20:00:00-04:00,172.72,174.32,171.80,173.92,1233430
2022-08-18 20:00:00-04:00,173.41,173.68,170.50,171.60,1562667
2022-08-21 20:00:00-04:00,168.38,168.76,165.06,165.56,2317319
2022-08-22 20:00:00-04:00,165.39,167.61,165.10,166.81,1267309
2022-08-23 20:00:00-04:00,166.53,168.40,165.06,167.40,1370312
2022-08-24 20:00:00-04:00,167.96,169.56,166.62,168.86,1444400
2022-08-25 20:00:00-04:00,169.12,169.87,161.45,161.55,1920944
2022-08-28 20:00:00-04:00,160.10,161.76,159.02,160.49,1505333
2022-08-29 20:00:00-04:00,161.68,162.17,157.44,158.08,1762716
2022-08-30 20:00:00-04:00,158.79,159.20,155.82,156.11,2132286
2022-08-31 20:00:00-04:00,155.95,157.92,154.10,157.75,1963758
2022-09-01 20:00:00-04:00,159.49,159.64,154.30,155.41,1765571
2022-09-05 20:00:00-04:00,152.63,154.05,150.65,152.02,2927767
2022-09-06 20:00:00-04:00,149.96,150.68,146.60,150.12,3845611
2022-09-07 20:00:00-04:00,149.42,151.16,147.10,151.05,3071103
2022-09-08 20:00:00-04:00,152.49,156.04,152.30,155.67,2158595
2022-09-11 20:00:00-04:00,156.55,160.70,156.55,159.22,2828115
2022-09-12 20:00:00-04:00,155.53,156.56,151.97,152.89,1972942
2022-09-13 20:00:00-04:00,152.42,152.98,149.59,152.65,1874779
2022-09-14 20:00:00-04:00,152.34,153.50,151.31,152.54,3822528
2022-09-15 20:00:00-04:00,118.62,120.50,115.41,119.89,42444558
2022-09-18 20:00:00-04:00,119.13,123.12,118.76,121.29,11696425
2022-09-19 20:00:00-04:00,120.00,120.02,116.94,117.20,6666776
2022-09-20 20:00:00-04:00,117.02,118.49,114.11,114.11,6815076
2022-09-21 20:00:00-04:00,113.64,119.62,111.94,115.07,12739486
2022-09-22 20:00:00-04:00,111.51,113.88,109.19,111.19,8929616
2022-09-25 20:00:00-04:00,110.55,112.31,106.03,106.40,7071466
2022-09-26 20:00:00-04:00,106.85,108.40,105.67,107.93,5542802
2022-09-27 20:00:00-04:00,108.50,112.51,107.77,111.68,6154367
2022-09-28 20:00:00-04:00,110.12,113.63,109.59,113.41,6452207
2022-09-29 20:00:00-04:00,112.39,114.20,110.45,110.55,4520467
2022-10-02 20:00:00-04:00,111.78,113.67,110.18,112.77,3352189
2022-10-03 20:00:00-04:00,115.55,118.84,115.00,118.48,12520945
2022-10-04 20:00:00-04:00,115.59,118.34,115.07,116.80,8897101
2022-10-05 20:00:00-04:00,116.45,117.64,115.28,115.55,5279959
2022-10-06 20:00:00-04:00,113.56,115.11,110.91,114.97,9659324
2022-10-09 20:00:00-04:00,116.07,116.49,113.29,114.08,6590331
2022-10-10 20:00:00-04:00,112.83,115.10,112.49,113.23,7502590
2022-10-11 20:00:00-04:00,113.23,115.44,112.91,113.84,3062912
2022-10-12 20:00:00-04:00,112.01,117.67,110.89,116.34,3714809
2022-10-13 20:00:00-04:00,116.81,117.95,115.34,116.87,2816822
2022-10-16 20:00:00-04:00,117.85,119.04,115.71,116.88,3955067
2022-10-17 20:00:00-04:00,119.65,120.19,115.45,116.38,3892024
2022-10-18 20:00:00-04:00,115.95,116.67,112.85,113.89,4261222
2022-10-19 20:00:00-04:00,113.88,115.71,111.59,111.79,4532256
2022-10-20 20:00:00-04:00,111.83,114.56,111.42,114.09,7538951
2022-10-23 20:00:00-04:00,113.32,116.52,112.75,115.23,3546282
2022-10-24 20:00:00-04:00,116.07,117.14,115.30,116.00,3819426
2022-10-25 20:00:00-04:00,116.44,118.51,115.84,117.61,4633646
2022-10-26 20:00:00-04:00,118.34,119.36,116.62,116.83,2043555
2022-10-27 20:00:00-04:00,117.30,119.53,115.98,119.41,3187633
2022-10-30 20:00:00-04:00,118.40,120.79,118.10,119.34,2371551
2022-10-31 20:00:00-04:00,120.58,121.03,116.68,117.78,2729580
2022-11-01 20:00:00-04:00,116.73,119.28,114.90,115.08,2831838
2022-11-02 20:00:00-04:00,113.92,116.30,112.68,115.35,7512021
2022-11-03 20:00:00-04:00,117.06,118.31,114.74,116.65,1828986
2022-11-06 19:00:00-05:00,117.57,118.89,116.93,118.57,2124468
2022-11-07 19:00:00-05:00,119.13,121.58,117.14,118.79,4470951
2022-11-08 19:00:00-05:00,117.64,119.97,117.36,117.67,2801185
2022-11-09 19:00:00-05:00,121.14,124.75,121.14,123.60,4694827
2022-11-10 19:00:00-05:00,124.26,131.72,123.78,130.75,5505697
2022-11-13 19:00:00-05:00,129.94,133.20,129.94,130.12,3721883
2022-11-14 19:00:00-05:00,131.50,133.66,129.30,131.24,6474173
2022-11-15 19:00:00-05:00,129.56,130.76,126.25,127.15,2964004
2022-11-16 19:00:00-05:00,125.83,127.80,124.49,127.72,2036605
2022-11-17 19:00:00-05:00,129.56,130.40,128.15,130.09,2290762
2022-11-20 19:00:00-05:00,129.50,130.42,128.71,129.29,1719033
2022-11-21 19:00:00-05:00,130.23,131.69,129.97,130.80,1808509
2022-11-22 19:00:00-05:00,130.90,131.71,130.50,131.31,2181678
2022-11-24 19:00:00-05:00,131.98,132.36,131.05,131.57,552617
2022-11-27 19:00:00-05:00,130.86,131.22,127.99,128.97,3297213
2022-11-28 19:00:00-05:00,130.11,132.87,129.79,132.40,2063659
2022-11-29 19:00:00-05:00,131.80,136.30,131.60,135.68,6222995
2022-11-30 19:00:00-05:00,135.51,136.67,133.93,134.36,1939063
2022-12-01 19:00:00-05:00,132.65,135.86,131.85,135.07,2556832
2022-12-04 19:00:00-05:00,133.69,133.96,131.28,131.49,1936829
2022-12-05 19:00:00-05:00,131.37,131.47,127.39,128.85,2561548
2022-12-06 19:00:00-05:00,128.27,129.77,127.84,128.28,1861748
2022-12-07 19:00:00-05:00,127.54,130.05,126.96,128.00,2766810
2022-12-08 19:00:00-05:00,127.54,131.05,127.54,129.18,1830475
2022-12-11 19:00:00-05:00,128.99,133.60,128.99,132.95,3054846
2022-12-12 19:00:00-05:00,137.69,138.22,131.62,132.59,3418086
2022-12-13 19:00:00-05:00,132.21,135.62,131.79,133.48,2000120
2022-12-14 19:00:00-05:00,131.27,132.15,128.76,129.81,2237027
2022-12-15 19:00:00-05:00,129.24,130.20,127.12,128.72,4199172
2022-12-18 19:00:00-05:00,127.65,128.71,125.20,126.52,3454696
2022-12-19 19:00:00-05:00,125.87,126.31,121.89,123.20,6765187
2022-12-20 19:00:00-05:00,130.83,131.01,126.05,127.42,9809857
2022-12-21 19:00:00-05:00,125.97,131.76,125.65,131.70,6356526
2022-12-22 19:00:00-05:00,131.71,134.22,131.56,131.88,3767552
2022-12-26 19:00:00-05:00,131.72,133.42,131.25,132.71,2403321
2022-12-27 19:00:00-05:00,132.78,133.13,129.69,129.72,2116153
2022-12-28 19:00:00-05:00,130.31,132.58,130.14,131.59,1691359
2022-12-29 19:00:00-05:00,130.38,131.30,128.59,129.83,1933850
2023-01-02 19:00:00-05:00,131.16,133.12,130.83,132.88,2722630
2023-01-03 19:00:00-05:00,134.18,137.21,134.15,136.01,2836926
2023-01-04 19:00:00-05:00,134.66,136.34,133.68,135.89,3030026
2023-01-05 19:00:00-05:00,136.70,139.77,135.59,139.25,2530895
2023-01-08 19:00:00-05:00,139.26,144.03,139.19,142.23,3591826
2023-01-09 19:00:00-05:00,141.40,142.36,139.80,141.48,2102750
2023-01-10 19:00:00-05:00,142.41,145.35,142.41,144.07,2374033
2023-01-11 19:00:00-05:00,144.02,144.78,142.76,143.84,1936705
2023-01-12 19:00:00-05:00,142.76,143.17,141.08,141.40,1667656
2023-01-16 19:00:00-05:00,140.89,141.30,139.46,141.02,2300194
2023-01-17 19:00:00-05:00,141.09,143.70,140.56,140.68,1660210
2023-01-18 19:00:00-05:00,139.38,140.07,137.65,138.10,1639609
2023-01-19 19:00:00-05:00,138.81,140.16,138.09,140.08,1980512
2023-01-22 19:00:00-05:00,140.32,144.14,139.66,143.28,2037970
2023-01-23 19:00:00-05:00,141.66,144.03,141.51,141.86,1537475
2023-01-24 19:00:00-05:00,139.96,141.16,139.31,140.78,1266316
2023-01-25 19:00:00-05:00,141.60,142.65,140.02,142.53,1297838
2023-01-26 19:00:00-05:00,142.26,144.80,142.13,142.84,1781952
2023-01-29 19:00:00-05:00,140.96,141.34,137.62,137.98,2595676
2023-01-30 19:00:00-05:00,138.30,145.38,138.22,145.32,3007191
2023-01-31 19:00:00-05:00,144.75,152.96,144.34,151.50,6530266
2023-02-01 19:00:00-05:00,156.87,162.95,156.87,160.79,4761097
2023-02-02 19:00:00-05:00,159.09,161.87,158.48,160.91,2798579
2023-02-05 19:00:00-05:00,159.66,160.76,156.81,157.86,2345490
2023-02-06 19:00:00-05:00,157.20,157.89,154.37,157.35,2261474
2023-02-07 19:00:00-05:00,156.84,158.13,156.10,157.02,1769542
2023-02-08 19:00:00-05:00,157.49,158.16,155.82,156.38,1545541
2023-02-09 19:00:00-05:00,154.71,157.66,154.50,156.94,1596795
2023-02-12 19:00:00-05:00,155.62,158.85,155.35,158.66,1438940
2023-02-13 19:00:00-05:00,157.67,159.68,156.36,159.42,1367458
2023-02-14 19:00:00-05:00,158.46,159.76,157.41,159.69,1182797
2023-02-15 19:00:00-05:00,157.05,159.48,156.66,158.67,1586619
2023-02-16 19:00:00-05:00,157.70,158.80,156.84,157.64,1232685
2023-02-20 19:00:00-05:00,154.93,155.91,152.24,154.15,2129432
2023-02-21 19:00:00-05:00,154.15,155.30,149.61,152.04,2964625
2023-02-22 19:00:00-05:00,153.53,154.09,151.84,153.80,1669145
2023-02-23 19:00:00-05:00,152.35,153.02,150.40,152.38,1722012
2023-02-26 19:00:00-05:00,154.45,155.99,152.73,152.96,1643332
2023-02-27 19:00:00-05:00,152.95,154.97,152.23,152.33,1816948
2023-02-28 19:00:00-05:00,152.35,154.84,151.85,153.16,1464132
2023-03-01 19:00:00-05:00,152.41,155.63,151.85,155.11,1355793
2023-03-02 19:00:00-05:00,156.26,157.49,155.26,156.72,2000864
2023-03-05 19:00:00-05:00,157.11,158.83,156.93,157.51,2665668
2023-03-06 19:00:00-05:00,157.20,157.20,154.54,154.66,1894883
2023-03-07 19:00:00-05:00,154.34,157.39,153.96,157.07,1332710
2023-03-08 19:00:00-05:00,158.22,159.89,155.39,155.79,2425659
2023-03-09 19:00:00-05:00,156.17,156.17,149.62,151.65,3149534
2023-03-12 20:00:00-04:00,148.47,150.28,146.27,148.78,2814464
2023-03-13 20:00:00-04:00,150.75,152.21,147.39,149.16,3205131
2023-03-14 20:00:00-04:00,146.23,147.22,143.84,147.21,3318806
2023-03-15 20:00:00-04:00,147.96,154.60,147.24,153.80,6290009
2023-03-16 20:00:00-04:00,170.39,170.39,164.71,166.06,15711681
2023-03-19 20:00:00-04:00,165.82,166.79,162.42,162.99,4140472
2023-03-20 20:00:00-04:00,164.49,167.40,164.37,165.70,2490439
2023-03-21 20:00:00-04:00,166.14,168.54,163.60,163.61,2719031
2023-03-22 20:00:00-04:00,164.24,167.82,162.85,163.51,3206372
2023-03-23 20:00:00-04:00,163.48,164.48,161.81,164.02,2199797
2023-03-26 20:00:00-04:00,163.81,166.85,163.68,165.69,2320546
2023-03-27 20:00:00-04:00,165.74,168.01,165.53,166.16,1685154
2023-03-28 20:00:00-04:00,167.16,168.72,167.16,168.58,2078551
2023-03-29 20:00:00-04:00,169.40,170.09,168.02,169.14,2044051
2023-03-30 20:00:00-04:00,169.59,172.51,169.46,172.23,2053235
2023-04-02 20:00:00-04:00,171.34,172.51,170.70,172.49,2458297
2023-04-03 20:00:00-04:00,172.27,172.94,168.41,170.72,2176094
2023-04-04 20:00:00-04:00,174.95,177.64,171.71,173.31,8192213
2023-04-05 20:00:00-04:00,174.13,177.74,174.10,174.95,4561544
2023-04-09 20:00:00-04:00,172.88,175.91,172.32,174.57,2334197
2023-04-10 20:00:00-04:00,174.62,175.70,174.15,174.52,2446756
2023-04-11 20:00:00-04:00,174.69,175.12,172.84,172.97,3111808
2023-04-12 20:00:00-04:00,173.36,174.63,171.65,174.17,2231194
2023-04-13 20:00:00-04:00,174.20,175.33,172.91,173.88,1893394
2023-04-16 20:00:00-04:00,173.93,174.54,172.42,172.84,1905431
2023-04-17 20:00:00-04:00,173.57,174.71,172.12,172.77,1591831
2023-04-18 20:00:00-04:00,171.39,173.03,171.24,172.98,1664057
2023-04-19 20:00:00-04:00,172.42,174.46,171.96,172.90,1631791
2023-04-20 20:00:00-04:00,173.20,175.25,172.41,173.70,2705504
2023-04-23 20:00:00-04:00,174.12,175.35,173.30,174.99,1705506
2023-04-24 20:00:00-04:00,171.93,173.33,169.11,169.95,2731937
2023-04-25 20:00:00-04:00,169.17,170.64,167.11,167.92,2250554
2023-04-26 20:00:00-04:00,168.95,170.61,168.10,170.30,1905183
2023-04-27 20:00:00-04:00,168.56,172.32,168.56,171.69,1995900
2023-04-30 20:00:00-04:00,172.20,174.26,172.10,173.80,1392526
2023-05-01 20:00:00-04:00,172.74,173.35,170.75,172.16,1367706
2023-05-02 20:00:00-04:00,171.90,174.64,171.11,172.25,1683417
2023-05-03 20:00:00-04:00,171.95,172.48,169.60,170.63,1185279
2023-05-04 20:00:00-04:00,171.21,174.10,170.78,172.84,1436954
2023-05-07 20:00:00-04:00,172.65,174.61,172.65,173.92,1313102
2023-05-08 20:00:00-04:00,173.21,174.18,172.13,172.33,1203150
2023-05-09 20:00:00-04:00,173.12,173.52,168.78,170.60,1837673
2023-05-10 20:00:00-04:00,170.73,170.73,168.37,169.48,1596050
2023-05-11 20:00:00-04:00,169.78,170.33,166.02,168.04,2037474
2023-05-14 20:00:00-04:00,167.17,168.44,166.72,167.65,2313100
2023-05-15 20:00:00-04:00,166.85,168.36,165.32,166.78,1898358
2023-05-16 20:00:00-04:00,166.94,170.37,166.68,170.27,3353678
2023-05-17 20:00:00-04:00,172.69,176.49,172.15,173.69,3177705
2023-05-18 20:00:00-04:00,174.31,174.50,171.79,172.67,1965868
2023-05-21 20:00:00-04:00,172.63,173.70,171.41,172.37,1271280
2023-05-22 20:00:00-04:00,171.30,173.01,170.20,170.83,1114418
2023-05-23 20:00:00-04:00,169.60,170.29,167.73,168.50,1280588
2023-05-24 20:00:00-04:00,169.29,170.61,168.74,169.66,1260111
2023-05-25 20:00:00-04:00,170.18,170.99,168.77,168.96,1511414
2023-05-29 20:00:00-04:00,170.03,171.39,168.54,170.46,2573462
2023-05-30 20:00:00-04:00,168.62,168.77,164.18,164.30,3724986
2023-05-31 20:00:00-04:00,163.95,164.29,161.16,163.78,2693715
2023-06-01 20:00:00-04:00,164.72,167.83,164.56,167.14,1913126
2023-06-04 20:00:00-04:00,167.30,168.25,166.09,166.64,1474184
2023-06-05 20:00:00-04:00,165.83,166.35,164.73,165.45,1830103
2023-06-06 20:00:00-04:00,166.17,169.46,165.84,169.29,2657602
2023-06-07 20:00:00-04:00,169.65,170.65,167.42,169.60,2024692
2023-06-08 20:00:00-04:00,170.13,170.15,167.67,169.61,2052862
2023-06-11 20:00:00-04:00,170.12,170.62,168.82,170.21,1783317
2023-06-12 20:00:00-04:00,169.94,173.58,168.28,173.48,2906174
2023-06-13 20:00:00-04:00,174.16,176.21,172.88,174.09,2595179
2023-06-14 20:00:00-04:00,174.17,179.56,174.17,179.22,2881106
2023-06-15 20:00:00-04:00,179.91,180.41,176.89,176.96,4087358
2023-06-19 20:00:00-04:00,177.82,177.93,174.31,175.59,6472808
2023-06-20 20:00:00-04:00,169.64,176.13,169.22,171.19,8843366
2023-06-21 20:00:00-04:00,170.56,177.97,170.10,176.56,4457796
2023-06-22 20:00:00-04:00,174.83,177.21,174.45,176.11,3757748
2023-06-25 20:00:00-04:00,176.52,179.69,176.30,178.08,2737398
2023-06-26 20:00:00-04:00,178.96,187.14,178.90,187.05,5165042
2023-06-27 20:00:00-04:00,186.47,189.35,185.78,188.32,3699173
2023-06-28 20:00:00-04:00,188.52,189.49,188.10,189.49,2872170
2023-06-29 20:00:00-04:00,189.50,189.56,186.20,187.91,3231812
2023-07-02 20:00:00-04:00,187.31,188.27,186.61,187.64,1590466
2023-07-04 20:00:00-04:00,186.63,189.78,186.61,188.23,2002105
2023-07-05 20:00:00-04:00,186.96,188.99,186.96,187.74,2125709
2023-07-06 20:00:00-04:00,187.05,191.87,187.05,190.45,3007564
2023-07-09 20:00:00-04:00,189.85,191.42,188.99,190.78,1952093
2023-07-10 20:00:00-04:00,191.02,196.23,191.00,195.87,3771895
2023-07-11 20:00:00-04:00,197.03,199.07,196.63,198.30,2566760
2023-07-12 20:00:00-04:00,198.67,199.26,194.81,195.91,2168772
2023-07-13 20:00:00-04:00,195.71,196.88,194.17,195.15,1296100
2023-07-16 20:00:00-04:00,194.34,194.73,192.45,193.09,1854550
2023-07-17 20:00:00-04:00,198.60,201.33,197.07,198.57,3433475
2023-07-18 20:00:00-04:00,198.22,198.44,195.50,197.28,3295476
2023-07-19 20:00:00-04:00,196.51,200.51,196.32,199.76,2654003
2023-07-20 20:00:00-04:00,197.41,198.95,196.52,196.83,2217419
2023-07-23 20:00:00-04:00,193.29,197.70,192.87,196.15,2494906
2023-07-24 20:00:00-04:00,195.75,198.41,193.02,196.82,2933352
2023-07-25 20:00:00-04:00,197.82,204.15,197.78,203.24,3414363
2023-07-26 20:00:00-04:00,203.71,204.87,200.85,201.15,2413869
2023-07-27 20:00:00-04:00,202.58,204.57,201.77,203.79,1313599
2023-07-30 20:00:00-04:00,203.79,205.38,203.24,204.62,1310000
2023-07-31 20:00:00-04:00,204.12,205.10,201.36,203.27,1553608
2023-08-01 20:00:00-04:00,202.39,203.40,200.93,201.21,1523203
2023-08-02 20:00:00-04:00,200.58,201.77,198.88,199.75,2247203
2023-08-03 20:00:00-04:00,200.87,202.59,199.03,199.36,1977409
2023-08-06 20:00:00-04:00,199.92,202.21,198.78,200.39,1855171
2023-08-07 20:00:00-04:00,199.73,204.59,199.58,203.34,2545043
2023-08-08 20:00:00-04:00,202.78,203.37,200.85,201.24,1571478
2023-08-09 20:00:00-04:00,202.11,203.23,200.86,202.03,1289399
2023-08-10 20:00:00-04:00,201.20,202.03,200.11,201.45,1494785
2023-08-13 20:00:00-04:00,201.66,202.70,200.77,202.34,2739880
2023-08-14 20:00:00-04:00,202.18,202.51,200.81,201.29,1726355
2023-08-15 20:00:00-04:00,200.33,203.46,200.33,200.92,1830599
2023-08-16 20:00:00-04:00,200.99,202.30,199.73,200.80,2723623
2023-08-17 20:00:00-04:00,199.16,200.70,198.12,199.09,2448245
2023-08-20 20:00:00-04:00,198.46,199.65,196.25,197.04,2021093
2023-08-21 20:00:00-04:00,197.04,198.10,194.84,196.31,1828241
2023-08-22 20:00:00-04:00,196.14,198.23,195.01,197.42,2052242
2023-08-23 20:00:00-04:00,196.07,198.21,195.38,196.16,2228464
2023-08-24 20:00:00-04:00,196.60,197.11,192.91,196.12,1756015
2023-08-27 20:00:00-04:00,196.91,199.32,195.00,195.83,1315212
2023-08-28 20:00:00-04:00,195.09,197.56,194.94,197.52,2225982
2023-08-29 20:00:00-04:00,198.35,200.73,196.99,200.03,1891780
2023-08-30 20:00:00-04:00,199.86,200.59,197.54,197.85,1891656
2023-08-31 20:00:00-04:00,199.17,199.82,196.73,197.82,1782697
2023-09-04 20:00:00-04:00,197.22,197.33,194.35,194.52,1520101
2023-09-05 20:00:00-04:00,195.15,196.15,193.66,195.16,1364976
2023-09-06 20:00:00-04:00,195.10,195.14,192.93,194.17,1500493
2023-09-07 20:00:00-04:00,193.86,194.41,191.80,192.96,1464008
2023-09-10 20:00:00-04:00,194.33,194.87,192.96,194.02,1568252
2023-09-11 20:00:00-04:00,193.24,193.97,190.98,191.56,1407046
2023-09-12 20:00:00-04:00,191.14,194.02,190.37,192.08,1892029
2023-09-13 20:00:00-04:00,193.48,196.67,193.28,195.79,1946012
2023-09-14 20:00:00-04:00,197.00,197.00,192.43,193.55,2575447
2023-09-17 20:00:00-04:00,193.32,194.01,189.72,189.90,2209601
2023-09-18 20:00:00-04:00,189.68,191.34,187.43,190.43,2752042
2023-09-19 20:00:00-04:00,191.69,193.62,190.57,190.83,4982119
2023-09-20 20:00:00-04:00,199.58,204.44,197.47,199.46,8785660
2023-09-21 20:00:00-04:00,199.60,201.67,197.35,198.89,3507935
2023-09-24 20:00:00-04:00,198.28,204.48,198.22,202.95,2923672
2023-09-25 20:00:00-04:00,201.97,202.89,198.08,199.11,2939060
2023-09-26 20:00:00-04:00,199.50,200.40,198.09,200.12,2340278
2023-09-27 20:00:00-04:00,199.62,204.28,198.82,202.96,2529779
2023-09-28 20:00:00-04:00,205.21,206.02,200.84,201.80,2946382
2023-10-01 20:00:00-04:00,202.63,203.17,200.77,201.95,2374033
2023-10-02 20:00:00-04:00,201.35,202.25,197.52,198.20,2594062
2023-10-03 20:00:00-04:00,198.18,199.20,194.76,198.09,2671377
2023-10-04 20:00:00-04:00,197.07,198.12,196.14,197.42,1811984
2023-10-05 20:00:00-04:00,197.44,198.38,196.02,196.46,1961525
2023-10-08 20:00:00-04:00,194.25,195.67,192.63,194.80,2141842
2023-10-09 20:00:00-04:00,194.71,197.45,194.52,195.61,1862741
2023-10-10 20:00:00-04:00,195.39,195.71,192.40,194.60,2667157
2023-10-11 20:00:00-04:00,194.37,195.01,190.50,191.99,3120867
2023-10-12 20:00:00-04:00,191.72,193.33,183.61,184.98,3622727
2023-10-15 20:00:00-04:00,186.07,191.25,185.22,188.58,2514018
2023-10-16 20:00:00-04:00,186.90,190.02,186.46,188.94,1814963
2023-10-17 20:00:00-04:00,186.71,187.44,184.28,185.57,2286418
2023-10-18 20:00:00-04:00,185.98,188.36,184.60,185.33,1723004
2023-10-19 20:00:00-04:00,186.16,187.25,181.77,183.29,2085128
2023-10-22 20:00:00-04:00,182.59,184.24,180.50,181.27,1666539
2023-10-23 20:00:00-04:00,182.29,185.16,182.12,184.10,1823650
2023-10-24 20:00:00-04:00,183.36,183.87,178.50,179.17,2000988
2023-10-25 20:00:00-04:00,178.57,179.56,171.16,173.63,3707860
2023-10-26 20:00:00-04:00,174.03,177.63,172.99,174.32,2487585
2023-10-29 20:00:00-04:00,174.84,181.02,174.49,180.40,2583390
2023-10-30 20:00:00-04:00,181.43,183.34,180.31,182.90,1924046
2023-10-31 20:00:00-04:00,183.25,186.87,182.58,185.28,2580411
2023-11-01 20:00:00-04:00,186.80,189.85,186.80,188.34,1849338
2023-11-02 20:00:00-04:00,189.84,190.44,188.08,188.26,1749190
2023-11-05 19:00:00-05:00,188.43,188.69,184.28,186.88,1263338
2023-11-06 19:00:00-05:00,185.08,187.12,184.59,186.02,1177213
2023-11-07 19:00:00-05:00,186.62,187.06,185.01,186.91,1371057
2023-11-08 19:00:00-05:00,187.81,188.15,183.39,183.73,1171628
2023-11-09 19:00:00-05:00,184.47,187.99,183.39,187.41,1538220
2023-11-12 19:00:00-05:00,186.55,187.42,184.57,186.93,1174234
2023-11-13 19:00:00-05:00,189.64,194.93,189.11,193.62,2356783
2023-11-14 19:00:00-05:00,193.43,199.52,193.43,196.09,2633278
2023-11-15 19:00:00-05:00,195.68,196.33,191.60,194.20,1856660
2023-11-16 19:00:00-05:00,195.66,196.21,193.20,194.97,1528167
2023-11-19 19:00:00-05:00,194.52,195.47,192.25,194.66,1491186
2023-11-20 19:00:00-05:00,194.29,195.45,192.93,194.90,1056960
2023-11-21 19:00:00-05:00,196.20,196.20,194.34,195.36,1184783
2023-11-23 19:00:00-05:00,195.95,197.45,195.36,196.23,561180
2023-11-26 19:00:00-05:00,194.88,195.65,191.70,193.18,2218163
2023-11-27 19:00:00-05:00,193.53,195.24,192.08,193.04,1417098
2023-11-28 19:00:00-05:00,194.70,195.97,193.05,193.43,1256016
2023-11-29 19:00:00-05:00,193.36,197.44,192.09,197.16,2241991
2023-11-30 19:00:00-05:00,197.41,202.09,196.94,201.42,2475671
2023-12-03 19:00:00-05:00,200.06,204.00,199.50,202.32,1762592
2023-12-04 19:00:00-05:00,201.27,203.60,199.97,202.69,1459664
2023-12-05 19:00:00-05:00,203.72,204.94,202.92,203.55,2046781
2023-12-06 19:00:00-05:00,204.15,204.90,202.26,203.87,1739137
2023-12-07 19:00:00-05:00,204.67,209.52,204.64,208.34,2539582
2023-12-10 19:00:00-05:00,208.15,209.63,207.48,207.70,1607716
2023-12-11 19:00:00-05:00,209.31,211.43,208.28,208.95,1911016
2023-12-12 19:00:00-05:00,208.21,210.37,205.54,209.58,1861500
2023-12-13 19:00:00-05:00,212.39,216.01,211.22,213.89,3586118
2023-12-14 19:00:00-05:00,212.65,217.76,211.92,215.29,3434840
2023-12-17 19:00:00-05:00,216.79,218.53,214.79,215.77,3064153
2023-12-18 19:00:00-05:00,215.12,217.04,213.15,214.30,8538452
2023-12-19 19:00:00-05:00,188.66,193.39,188.22,188.47,23351277
2023-12-20 19:00:00-05:00,189.89,190.38,187.23,189.32,7261960
2023-12-21 19:00:00-05:00,189.21,190.89,188.16,189.83,4154123
2023-12-25 19:00:00-05:00,191.34,193.86,190.73,192.86,4460775
2023-12-26 19:00:00-05:00,193.45,194.90,191.89,192.06,3889790
2023-12-27 19:00:00-05:00,191.94,194.38,191.80,194.08,2788403
2023-12-28 19:00:00-05:00,194.45,195.65,192.77,193.61,2418709
2024-01-01 19:00:00-05:00,192.49,193.59,191.51,193.05,3087608
2024-01-02 19:00:00-05:00,191.55,191.55,188.12,189.53,3660826
2024-01-03 19:00:00-05:00,189.23,189.61,187.57,187.73,3613544
2024-01-04 19:00:00-05:00,187.54,190.44,187.14,188.90,2814836
2024-01-07 19:00:00-05:00,190.01,191.22,188.36,190.26,2763335
2024-01-08 19:00:00-05:00,189.12,190.35,188.77,189.23,1878998
2024-01-09 19:00:00-05:00,188.88,192.17,188.30,191.96,2443157
2024-01-10 19:00:00-05:00,191.45,192.66,190.11,191.99,2507316
2024-01-11 19:00:00-05:00,191.55,192.51,189.50,190.24,1990564
2024-01-15 19:00:00-05:00,189.23,189.23,186.49,187.54,3481005
2024-01-16 19:00:00-05:00,185.22,187.35,184.83,186.20,2363112
2024-01-17 19:00:00-05:00,187.45,187.45,185.22,186.80,2476167
2024-01-18 19:00:00-05:00,187.35,188.77,185.23,188.68,3016251
2024-01-21 19:00:00-05:00,189.35,192.66,189.35,191.87,2854300
2024-01-22 19:00:00-05:00,192.24,192.75,190.80,191.99,2027422
2024-01-23 19:00:00-05:00,193.00,194.03,190.41,191.13,3060927
2024-01-24 19:00:00-05:00,192.75,195.05,192.46,193.73,2127695
2024-01-25 19:00:00-05:00,193.96,194.74,191.94,192.53,2178948
2024-01-28 19:00:00-05:00,192.00,192.11,188.28,189.83,3241740
2024-01-29 19:00:00-05:00,186.23,189.08,184.72,186.57,4916222
2024-01-30 19:00:00-05:00,186.30,187.09,184.10,184.67,3711335
2024-01-31 19:00:00-05:00,184.75,185.67,183.06,185.18,2999621
2024-02-01 19:00:00-05:00,184.83,186.61,183.18,185.49,2481007
2024-02-04 19:00:00-05:00,184.29,184.91,182.12,182.39,3257501
2024-02-05 19:00:00-05:00,182.84,186.58,182.70,184.70,3257625
2024-02-06 19:00:00-05:00,185.23,186.20,183.94,185.32,2674976
2024-02-07 19:00:00-05:00,185.14,186.24,184.00,185.02,2292499
2024-02-08 19:00:00-05:00,185.26,185.84,183.78,185.69,2216798
2024-02-11 19:00:00-05:00,185.76,187.21,185.11,187.08,2200541
2024-02-12 19:00:00-05:00,184.26,184.33,179.90,180.92,3119378
2024-02-13 19:00:00-05:00,181.71,181.92,180.10,181.26,1804414
2024-02-14 19:00:00-05:00,180.83,182.40,180.42,181.02,1886816
2024-02-15 19:00:00-05:00,180.48,182.30,179.44,181.84,2621985
2024-02-19 19:00:00-05:00,181.02,183.43,180.10,183.33,2074456
2024-02-20 19:00:00-05:00,183.47,184.86,182.32,184.76,1856536
2024-02-21 19:00:00-05:00,185.32,186.98,184.89,186.87,1669021
2024-02-22 19:00:00-05:00,186.92,187.47,185.61,186.33,1400841
2024-02-25 19:00:00-05:00,184.93,186.66,184.08,184.54,1606723
2024-02-26 19:00:00-05:00,184.70,185.68,184.37,184.76,1278106
2024-02-27 19:00:00-05:00,183.17,187.14,182.97,187.03,1790267
2024-02-28 19:00:00-05:00,188.11,190.93,187.67,190.55,3461397
2024-02-29 19:00:00-05:00,189.84,190.71,187.95,188.74,2088107
2024-03-03 19:00:00-05:00,187.54,189.88,187.15,188.87,1978899
2024-03-04 19:00:00-05:00,187.96,190.41,187.63,190.36,1713821
2024-03-05 19:00:00-05:00,191.19,192.60,189.37,190.11,2047526
2024-03-06 19:00:00-05:00,191.12,192.23,190.57,191.52,1906921
2024-03-07 19:00:00-05:00,192.36,192.53,190.38,190.52,1386197
2024-03-10 20:00:00-04:00,190.65,194.92,190.65,194.38,1830475
2024-03-11 20:00:00-04:00,194.81,198.62,194.76,195.55,2373164
2024-03-12 20:00:00-04:00,196.58,198.60,196.28,196.32,1851944
2024-03-13 20:00:00-04:00,195.90,197.20,195.04,196.56,1655370
2024-03-14 20:00:00-04:00,194.51,196.78,194.10,194.84,4091205
2024-03-17 20:00:00-04:00,194.86,196.11,193.60,194.75,1934223
2024-03-18 20:00:00-04:00,194.56,197.90,194.24,197.40,1792376
2024-03-19 20:00:00-04:00,197.40,200.14,196.16,199.99,2345738
2024-03-20 20:00:00-04:00,199.65,204.25,199.65,203.73,6055335
2024-03-21 20:00:00-04:00,220.00,224.05,216.46,218.71,10159571
2024-03-24 20:00:00-04:00,215.98,217.71,213.50,217.36,3758244
2024-03-25 20:00:00-04:00,217.79,223.75,217.58,222.30,5618752
2024-03-26 20:00:00-04:00,222.93,222.93,218.69,221.45,2217047
2024-03-27 20:00:00-04:00,220.98,223.41,220.35,222.88,2048519
2024-03-31 20:00:00-04:00,218.65,220.84,214.90,215.48,3454944
2024-04-01 20:00:00-04:00,212.70,213.79,210.65,211.76,3122852
2024-04-02 20:00:00-04:00,212.83,215.11,211.54,214.22,2240998
2024-04-03 20:00:00-04:00,215.71,216.30,211.08,211.93,2279097
2024-04-04 20:00:00-04:00,211.54,212.27,209.35,210.40,1947005
2024-04-07 20:00:00-04:00,211.52,212.71,210.97,211.98,2542437
2024-04-08 20:00:00-04:00,211.56,212.73,210.46,212.59,1518736
2024-04-09 20:00:00-04:00,209.41,210.67,205.97,207.92,3230447
2024-04-10 20:00:00-04:00,207.99,210.05,207.46,209.37,1280588
2024-04-11 20:00:00-04:00,208.55,209.01,204.54,206.00,1460037
2024-04-14 20:00:00-04:00,208.32,208.93,204.73,205.18,1239635
2024-04-15 20:00:00-04:00,205.06,205.27,202.43,203.80,1763585
2024-04-16 20:00:00-04:00,203.38,204.56,201.71,202.36,1702404
2024-04-17 20:00:00-04:00,203.16,204.00,201.60,202.59,1319928
2024-04-18 20:00:00-04:00,203.26,207.00,202.66,205.38,2350826
2024-04-21 20:00:00-04:00,206.67,209.18,205.40,207.81,1547031
2024-04-22 20:00:00-04:00,208.01,210.70,207.69,209.04,1473067
2024-04-23 20:00:00-04:00,208.08,208.71,202.75,204.67,2105481
2024-04-24 20:00:00-04:00,203.03,204.46,202.08,204.25,1087240
2024-04-25 20:00:00-04:00,203.18,205.73,202.55,204.49,1189995
2024-04-28 20:00:00-04:00,205.02,206.34,203.05,204.51,976419
2024-04-29 20:00:00-04:00,203.72,203.82,201.28,201.37,1059690
2024-04-30 20:00:00-04:00,201.27,202.33,199.83,200.56,1118141
2024-05-01 20:00:00-04:00,202.53,202.98,200.01,201.56,1627696
2024-05-02 20:00:00-04:00,202.69,204.28,199.88,200.50,1346609
2024-05-05 20:00:00-04:00,202.18,202.31,200.13,200.22,1153634
2024-05-06 20:00:00-04:00,200.95,201.57,198.84,199.59,1682920
2024-05-07 20:00:00-04:00,198.29,199.23,196.78,198.47,1804290
2024-05-08 20:00:00-04:00,198.60,201.93,198.60,201.58,1146312
2024-05-09 20:00:00-04:00,201.58,204.58,201.58,204.41,1355668
2024-05-12 20:00:00-04:00,204.64,206.41,203.87,205.30,2526924
2024-05-13 20:00:00-04:00,205.55,205.87,198.73,199.26,3144694
2024-05-14 20:00:00-04:00,200.00,200.56,198.61,199.48,1421690
2024-05-15 20:00:00-04:00,198.89,200.76,198.01,199.06,1410148
2024-05-16 20:00:00-04:00,200.06,200.06,197.14,197.88,1761848
2024-05-19 20:00:00-04:00,197.68,198.01,195.44,195.93,1116155
2024-05-20 20:00:00-04:00,195.38,196.00,193.02,194.10,1274755
2024-05-21 20:00:00-04:00,193.85,194.35,192.15,193.90,2191606
2024-05-22 20:00:00-04:00,193.50,193.96,189.92,191.76,1795107
2024-05-23 20:00:00-04:00,192.31,192.99,189.47,190.45,1360881
2024-05-27 20:00:00-04:00,190.15,191.87,189.78,190.80,1526182
2024-05-28 20:00:00-04:00,189.11,190.02,187.93,188.55,1375028
2024-05-29 20:00:00-04:00,189.35,192.08,188.85,191.98,1345616
2024-05-30 20:00:00-04:00,192.31,195.64,190.86,195.35,2167903
2024-06-02 20:00:00-04:00,194.91,195.38,189.78,191.25,1749562
2024-06-03 20:00:00-04:00,190.77,191.02,187.89,189.19,1555718
2024-06-04 20:00:00-04:00,190.69,191.03,188.05,190.81,1154378
2024-06-05 20:00:00-04:00,190.81,193.30,190.24,192.51,1453459
2024-06-06 20:00:00-04:00,190.74,193.36,190.11,190.56,1590838
2024-06-09 20:00:00-04:00,190.00,195.55,189.17,195.17,1830847
2024-06-10 20:00:00-04:00,193.97,194.30,192.23,194.18,1460533
2024-06-11 20:00:00-04:00,194.91,195.61,190.87,191.23,1930872
2024-06-12 20:00:00-04:00,191.65,191.92,187.89,191.23,1260360
2024-06-13 20:00:00-04:00,189.65,190.70,186.86,189.56,1546038
2024-06-16 20:00:00-04:00,188.88,192.67,188.35,192.35,1553980
2024-06-17 20:00:00-04:00,192.46,194.16,190.46,190.84,1869070
2024-06-19 20:00:00-04:00,191.35,194.88,191.13,194.25,1847353
2024-06-20 20:00:00-04:00,194.60,196.84,193.55,195.12,3899843
2024-06-23 20:00:00-04:00,196.44,199.01,195.79,198.39,2354425
2024-06-24 20:00:00-04:00,198.12,198.62,195.37,198.29,6933095
2024-06-25 20:00:00-04:00,223.08,229.60,219.66,229.08,13807490
2024-06-26 20:00:00-04:00,226.71,228.82,223.07,228.53,4950597
2024-06-27 20:00:00-04:00,227.31,233.89,226.96,231.91,5310115
2024-06-30 20:00:00-04:00,230.58,233.02,229.87,231.01,3064153
2024-07-01 20:00:00-04:00,229.32,232.97,229.32,230.65,2276490
2024-07-02 20:00:00-04:00,231.44,231.64,226.35,227.17,1581406
2024-07-04 20:00:00-04:00,227.17,228.14,225.90,227.39,1836928
2024-07-07 20:00:00-04:00,227.78,230.40,227.10,228.57,1902453
2024-07-08 20:00:00-04:00,228.94,229.59,226.25,226.41,1553856
2024-07-09 20:00:00-04:00,226.41,227.13,223.88,226.83,1820051
2024-07-10 20:00:00-04:00,228.16,232.76,227.92,231.68,2308260
2024-07-11 20:00:00-04:00,230.92,232.81,230.24,231.27,1794114
2024-07-14 20:00:00-04:00,232.39,236.35,231.30,235.91,2567257
2024-07-15 20:00:00-04:00,236.55,242.74,236.49,242.49,3490437
2024-07-16 20:00:00-04:00,240.10,242.60,238.30,240.10,1970832
2024-07-17 20:00:00-04:00,238.98,242.21,236.39,237.15,1989323
2024-07-18 20:00:00-04:00,237.15,238.78,235.14,236.91,1606599
2024-07-21 20:00:00-04:00,237.44,238.02,233.11,237.78,1755022
2024-07-22 20:00:00-04:00,231.26,235.19,230.29,232.65,2815084
2024-07-23 20:00:00-04:00,232.66,232.66,229.39,230.70,1912505
2024-07-24 20:00:00-04:00,230.71,234.58,230.49,230.94,1566887
2024-07-25 20:00:00-04:00,231.91,233.72,230.07,232.14,1490193
2024-07-28 20:00:00-04:00,232.28,233.55,230.53,231.44,1073341
2024-07-29 20:00:00-04:00,232.00,234.35,231.50,232.71,1288779
2024-07-30 20:00:00-04:00,232.84,236.37,232.71,233.77,1175723
2024-07-31 20:00:00-04:00,234.52,236.57,229.16,230.35,1901957
2024-08-01 20:00:00-04:00,226.60,227.81,222.54,226.08,2795601
2024-08-04 20:00:00-04:00,220.13,223.66,216.25,218.95,3330844
2024-08-05 20:00:00-04:00,220.27,224.06,218.55,220.99,1767805
2024-08-06 20:00:00-04:00,223.52,223.52,214.29,215.12,2222631
2024-08-07 20:00:00-04:00,215.88,217.95,213.82,215.49,1952589
2024-08-08 20:00:00-04:00,214.58,214.99,212.04,214.56,1558820
2024-08-11 20:00:00-04:00,215.95,217.65,214.62,215.90,1547775
2024-08-12 20:00:00-04:00,216.74,219.18,215.94,218.96,1528912
2024-08-13 20:00:00-04:00,219.12,220.45,218.74,219.14,953336
2024-08-14 20:00:00-04:00,222.21,225.61,218.60,219.80,1604489
2024-08-15 20:00:00-04:00,219.66,220.85,215.90,220.74,1636010
2024-08-18 20:00:00-04:00,221.11,223.42,220.83,223.07,997888
2024-08-19 20:00:00-04:00,222.74,223.52,221.56,223.09,734300
2024-08-20 20:00:00-04:00,224.88,226.33,223.75,225.47,976915
2024-08-21 20:00:00-04:00,226.31,227.88,224.81,227.61,1216180
2024-08-22 20:00:00-04:00,228.87,230.92,228.04,229.85,1074210
2024-08-25 20:00:00-04:00,230.92,231.50,228.74,229.90,957556
2024-08-26 20:00:00-04:00,229.89,230.21,226.41,228.09,1028293
2024-08-27 20:00:00-04:00,228.09,230.16,227.54,229.04,883840
2024-08-28 20:00:00-04:00,230.29,231.40,228.52,229.13,905930
2024-08-29 20:00:00-04:00,229.78,231.33,227.94,231.08,1361253
2024-09-02 20:00:00-04:00,228.98,229.83,225.50,226.99,1413251
2024-09-03 20:00:00-04:00,227.32,228.44,225.84,226.49,892279
2024-09-04 20:00:00-04:00,226.97,227.35,219.46,220.67,1635638
2024-09-05 20:00:00-04:00,220.72,222.76,218.61,218.91,1386693
2024-09-08 20:00:00-04:00,220.34,222.43,219.90,220.19,1092080
2024-09-09 20:00:00-04:00,220.67,221.37,217.69,220.62,1166664
2024-09-10 20:00:00-04:00,219.69,221.80,215.98,221.40,1163686
2024-09-11 20:00:00-04:00,222.03,224.08,220.99,222.29,1064778
2024-09-12 20:00:00-04:00,223.51,223.51,218.30,222.58,1417967
2024-09-15 20:00:00-04:00,225.19,228.36,224.11,227.44,1416602
2024-09-16 20:00:00-04:00,230.06,233.52,229.05,231.10,1652143
2024-09-17 20:00:00-04:00,229.69,233.95,229.69,231.75,1704514
2024-09-18 20:00:00-04:00,236.38,239.39,231.51,233.47,5237641
2024-09-19 20:00:00-04:00,202.68,204.07,197.03,197.91,21662276
2024-09-22 20:00:00-04:00,198.59,202.65,198.58,201.14,4629675
2024-09-23 20:00:00-04:00,201.39,208.55,201.39,207.62,5099269
2024-09-24 20:00:00-04:00,206.75,208.12,204.29,205.01,3218782
2024-09-25 20:00:00-04:00,207.59,210.62,206.13,207.00,2311238
2024-09-26 20:00:00-04:00,207.60,210.22,207.13,207.95,2257627
2024-09-29 20:00:00-04:00,209.56,215.10,209.12,212.71,3606470
2024-09-30 20:00:00-04:00,212.85,213.99,208.30,209.51,2114416
2024-10-01 20:00:00-04:00,209.02,209.48,207.02,207.46,1745342
2024-10-02 20:00:00-04:00,206.74,206.93,203.14,203.70,2150777
2024-10-03 20:00:00-04:00,205.81,205.99,201.51,202.73,2031889
2024-10-06 20:00:00-04:00,201.60,203.02,200.60,202.47,1665794
2024-10-07 20:00:00-04:00,202.81,203.87,201.58,203.17,1331717
2024-10-08 20:00:00-04:00,204.82,207.59,204.21,205.68,1623600
2024-10-09 20:00:00-04:00,204.68,206.73,204.57,205.40,1083145
2024-10-10 20:00:00-04:00,206.24,207.66,205.32,205.47,1198434
2024-10-13 20:00:00-04:00,205.45,208.22,205.15,207.87,1144574
2024-10-14 20:00:00-04:00,208.12,209.13,206.46,206.68,1691731
2024-10-15 20:00:00-04:00,209.07,212.10,208.62,211.25,2126702
2024-10-16 20:00:00-04:00,211.19,214.16,209.98,213.16,1989323
2024-10-17 20:00:00-04:00,214.61,214.61,211.80,213.27,1510173
2024-10-20 20:00:00-04:00,211.98,212.43,208.11,208.93,1790763
2024-10-21 20:00:00-04:00,208.29,210.71,208.08,209.69,1206252
2024-10-22 20:00:00-04:00,209.23,210.19,207.39,208.34,1430749
2024-10-23 20:00:00-04:00,216.01,216.61,210.47,212.08,2030028
2024-10-24 20:00:00-04:00,213.17,214.27,211.31,211.50,1036483
2024-10-27 20:00:00-04:00,211.89,214.40,211.50,214.09,1464132
2024-10-28 20:00:00-04:00,212.68,215.38,212.18,213.77,1476914
2024-10-29 20:00:00-04:00,213.02,216.49,212.89,213.02,1485229
2024-10-30 20:00:00-04:00,212.48,215.07,212.19,212.84,1364480
2024-10-31 20:00:00-04:00,212.79,215.66,212.31,213.23,1700666
2024-11-03 19:00:00-05:00,212.96,213.72,210.39,210.77,1265820
2024-11-04 19:00:00-05:00,210.74,214.09,209.48,214.06,1177213
2024-11-05 19:00:00-05:00,214.51,218.56,211.11,217.67,3275992
2024-11-06 19:00:00-05:00,219.13,221.90,217.62,220.12,1634645
2024-11-07 19:00:00-05:00,220.56,224.70,219.85,222.50,2152266
2024-11-10 19:00:00-05:00,224.39,228.08,224.39,225.23,1978030
2024-11-11 19:00:00-05:00,225.17,226.38,221.84,223.27,1533256
2024-11-12 19:00:00-05:00,223.36,228.50,223.36,226.86,2354053
2024-11-13 19:00:00-05:00,227.78,229.47,226.73,227.18,1549140
2024-11-14 19:00:00-05:00,226.13,229.96,226.13,228.86,1868698
2024-11-17 19:00:00-05:00,228.20,231.29,228.05,229.44,1811860
2024-11-18 19:00:00-05:00,226.63,229.47,226.16,227.77,1829979
2024-11-19 19:00:00-05:00,228.43,228.84,221.70,223.86,1728465
2024-11-20 19:00:00-05:00,223.88,229.70,223.88,229.41,1981753
2024-11-21 19:00:00-05:00,230.21,235.02,229.41,233.14,2290638
2024-11-24 19:00:00-05:00,234.44,239.80,233.63,237.17,2997760
2024-11-25 19:00:00-05:00,235.55,236.28,232.86,235.48,2071601
2024-11-26 19:00:00-05:00,236.07,236.88,234.39,235.80,1140975
2024-11-28 19:00:00-05:00,235.53,236.87,234.62,235.24,825886
2024-12-01 19:00:00-05:00,234.40,234.74,228.36,230.60,1959167
2024-12-02 19:00:00-05:00,228.89,228.89,219.72,219.84,3262589
2024-12-03 19:00:00-05:00,218.95,222.21,217.64,220.29,2283564
2024-12-04 19:00:00-05:00,220.88,222.12,217.02,217.17,1876888
2024-12-05 19:00:00-05:00,218.70,219.53,215.87,218.15,2580039
2024-12-08 19:00:00-05:00,219.39,220.90,217.92,218.33,1694958
2024-12-09 19:00:00-05:00,218.55,219.45,216.76,218.17,1120375
2024-12-10 19:00:00-05:00,218.46,220.42,217.73,219.60,1497887
2024-12-11 19:00:00-05:00,219.88,222.21,218.21,221.58,1346361
2024-12-12 19:00:00-05:00,221.30,221.91,220.14,221.37,1197193
2024-12-15 19:00:00-05:00,221.34,223.60,220.85,221.39,1969591
2024-12-16 19:00:00-05:00,219.48,220.60,214.60,216.69,3011038
2024-12-17 19:00:00-05:00,216.92,219.72,213.11,213.36,2367208
2024-12-18 19:00:00-05:00,214.42,217.51,213.38,215.48,5216544
2024-12-19 19:00:00-05:00,229.63,230.60,211.59,215.36,10085359
2024-12-22 19:00:00-05:00,214.79,214.88,207.05,210.11,4344369
2024-12-23 19:00:00-05:00,210.11,212.86,209.01,212.32,1257257
2024-12-25 19:00:00-05:00,211.16,218.93,211.12,217.65,2205629
2024-12-26 19:00:00-05:00,216.61,219.95,216.00,218.98,1927521
2024-12-29 19:00:00-05:00,216.21,220.58,215.18,219.13,1969963
2024-12-30 19:00:00-05:00,219.89,221.92,219.15,219.74,1609329
2025-01-01 19:00:00-05:00,219.90,220.24,213.28,214.23,1586246
2025-01-02 19:00:00-05:00,214.48,215.50,212.29,214.33,1465745
2025-01-05 19:00:00-05:00,215.48,217.68,212.74,213.99,2048891
2025-01-06 19:00:00-05:00,214.05,217.14,213.57,214.79,1883714
2025-01-07 19:00:00-05:00,214.81,216.29,214.07,214.71,2439310
2025-01-09 19:00:00-05:00,214.41,214.41,211.24,211.46,1831220
2025-01-12 19:00:00-05:00,209.72,214.96,209.50,214.47,1697316
2025-01-13 19:00:00-05:00,214.79,217.11,214.22,216.84,1688877
2025-01-14 19:00:00-05:00,219.09,219.54,215.79,216.03,2293368
2025-01-15 19:00:00-05:00,216.04,217.11,213.79,216.64,1759242
2025-01-16 19:00:00-05:00,216.24,216.71,214.56,214.87,1963014
2025-01-20 19:00:00-05:00,215.18,217.37,213.12,215.24,1818313
2025-01-21 19:00:00-05:00,214.22,214.65,210.43,211.22,2430250
2025-01-22 19:00:00-05:00,211.36,211.93,209.39,210.91,2182547
2025-01-23 19:00:00-05:00,210.89,213.62,210.52,213.46,1916725
2025-01-26 19:00:00-05:00,213.89,220.18,213.89,219.89,1927149
2025-01-27 19:00:00-05:00,219.46,219.53,217.19,217.64,1294611
2025-01-28 19:00:00-05:00,217.64,218.21,214.80,214.84,1338294
2025-01-29 19:00:00-05:00,206.98,211.75,205.65,210.29,3508803
2025-01-30 19:00:00-05:00,210.97,211.66,206.04,206.88,2905429
2025-02-02 19:00:00-05:00,201.16,202.13,192.70,193.19,4684403
2025-02-03 19:00:00-05:00,194.50,196.26,192.91,196.01,2712454
2025-02-04 19:00:00-05:00,195.65,197.45,194.09,197.15,1904935
2025-02-05 19:00:00-05:00,197.98,202.84,197.60,202.12,3151768
2025-02-06 19:00:00-05:00,202.25,202.49,199.07,200.02,1728589
2025-02-09 19:00:00-05:00,200.83,202.10,198.45,201.69,1509428
2025-02-10 19:00:00-05:00,201.98,204.73,200.75,204.06,1755767
2025-02-11 19:00:00-05:00,201.56,205.79,201.43,205.15,2423301
2025-02-12 19:00:00-05:00,204.84,207.04,204.67,205.51,1617644
2025-02-13 19:00:00-05:00,206.51,209.70,206.51,209.15,1569865
2025-02-17 19:00:00-05:00,210.07,210.45,207.34,208.90,1151152
2025-02-18 19:00:00-05:00,208.02,209.75,206.47,208.44,1187885
2025-02-19 19:00:00-05:00,208.15,209.99,207.05,209.68,877511
2025-02-20 19:00:00-05:00,209.38,209.38,190.93,198.54,5375143
2025-02-23 19:00:00-05:00,198.78,199.89,196.53,198.03,1801436
2025-02-24 19:00:00-05:00,198.91,200.49,198.05,200.33,1650902
2025-02-25 19:00:00-05:00,200.62,202.20,197.81,200.05,1360384
2025-02-26 19:00:00-05:00,200.87,204.30,199.59,201.94,1457430
2025-02-27 19:00:00-05:00,202.87,206.56,201.66,205.34,2436455
2025-03-02 19:00:00-05:00,205.90,206.98,200.85,202.12,1520721
2025-03-03 19:00:00-05:00,199.48,199.76,192.79,193.50,2897115
2025-03-04 19:00:00-05:00,193.77,197.03,193.32,195.59,1700915
2025-03-05 19:00:00-05:00,194.10,195.17,191.36,195.10,2361251
2025-03-06 19:00:00-05:00,194.99,198.34,193.59,198.33,1947501
2025-03-09 20:00:00-04:00,197.06,198.08,190.94,193.59,2057454
2025-03-10 20:00:00-04:00,193.07,194.06,189.88,190.80,2439806
2025-03-11 20:00:00-04:00,191.24,191.85,188.09,191.24,2113547
2025-03-12 20:00:00-04:00,191.43,193.36,188.24,189.25,1942661
2025-03-13 20:00:00-04:00,190.05,190.77,188.24,190.21,1776864
2025-03-16 20:00:00-04:00,191.05,193.81,189.80,192.64,1575698
2025-03-17 20:00:00-04:00,192.63,194.12,191.30,193.04,1970212
2025-03-18 20:00:00-04:00,193.05,195.72,192.41,194.07,1850827
2025-03-19 20:00:00-04:00,192.32,196.49,190.84,193.36,3946504
2025-03-20 20:00:00-04:00,172.62,182.10,170.59,180.89,11687986
2025-03-23 20:00:00-04:00,184.55,191.94,184.35,190.30,4962759
2025-03-24 20:00:00-04:00,190.24,192.52,188.10,189.32,3312105
2025-03-25 20:00:00-04:00,190.05,192.51,188.48,191.36,2718907
2025-03-26 20:00:00-04:00,191.37,192.34,190.27,191.56,2077682
2025-03-27 20:00:00-04:00,190.91,192.23,188.98,189.82,2084632
2025-03-30 20:00:00-04:00,188.33,192.75,187.89,191.45,2582149
2025-03-31 20:00:00-04:00,191.62,191.97,187.88,190.04,1699674
2025-04-01 20:00:00-04:00,188.91,192.97,188.74,192.54,1229707
2025-04-02 20:00:00-04:00,180.77,182.90,167.80,169.52,6287527
2025-04-03 20:00:00-04:00,166.49,168.06,160.13,165.01,4490559
2025-04-06 20:00:00-04:00,159.98,169.43,156.75,161.17,3752536
2025-04-07 20:00:00-04:00,163.98,165.98,153.56,155.55,2987832
2025-04-08 20:00:00-04:00,152.62,173.72,152.59,171.16,4379613
2025-04-09 20:00:00-04:00,166.84,167.66,158.16,162.09,3484108
2025-04-10 20:00:00-04:00,160.83,164.13,156.95,163.17,2727718
2025-04-13 20:00:00-04:00,166.30,168.20,164.37,165.27,1870435
2025-04-14 20:00:00-04:00,164.87,165.51,162.04,162.84,1341893
2025-04-15 20:00:00-04:00,161.39,162.56,157.88,159.86,1579048
2025-04-16 20:00:00-04:00,161.05,164.80,160.80,163.00,1373787
2025-04-20 20:00:00-04:00,162.01,162.01,157.93,161.09,1466986
2025-04-21 20:00:00-04:00,162.41,164.22,160.29,162.23,1699550
2025-04-22 20:00:00-04:00,166.65,171.59,165.02,165.74,1694958
2025-04-23 20:00:00-04:00,164.92,169.64,164.05,169.39,1405805
2025-04-24 20:00:00-04:00,167.42,167.76,163.37,166.15,1649165
2025-04-27 20:00:00-04:00,167.26,168.10,164.57,166.10,1688753
2025-04-28 20:00:00-04:00,163.52,165.75,163.20,164.80,2044299
2025-04-29 20:00:00-04:00,162.96,165.40,160.47,165.18,1587115
2025-04-30 20:00:00-04:00,165.17,166.40,163.22,164.97,1698184
2025-05-01 20:00:00-04:00,168.46,174.03,166.40,172.55,2706001
2025-05-04 20:00:00-04:00,170.62,172.59,169.97,170.41,1565770
2025-05-05 20:00:00-04:00,167.97,169.42,166.99,167.60,1370188
2025-05-06 20:00:00-04:00,168.18,170.32,167.72,169.29,1523576
2025-05-07 20:00:00-04:00,171.61,174.59,170.04,172.15,1655990
2025-05-08 20:00:00-04:00,171.66,173.09,170.49,171.07,1449364
2025-05-11 20:00:00-04:00,180.40,187.23,180.40,182.94,4208107
2025-05-12 20:00:00-04:00,184.55,184.59,180.96,181.53,2793243
2025-05-13 20:00:00-04:00,181.64,182.39,179.95,182.04,2778227
2025-05-14 20:00:00-04:00,182.32,183.77,181.23,181.50,3257005
2025-05-15 20:00:00-04:00,181.81,182.58,178.00,180.24,2819552
2025-05-18 20:00:00-04:00,177.33,178.35,176.55,177.58,2298953
2025-05-19 20:00:00-04:00,175.21,176.44,172.78,173.67,3025062
2025-05-20 20:00:00-04:00,172.55,173.07,169.86,170.27,2090340
2025-05-21 20:00:00-04:00,170.30,172.93,169.40,171.84,1877261
2025-05-22 20:00:00-04:00,168.39,171.23,168.34,170.11,1856908
2025-05-26 20:00:00-04:00,171.23,173.89,171.01,172.58,2378997
2025-05-27 20:00:00-04:00,172.59,172.59,170.02,170.54,1548023
2025-05-28 20:00:00-04:00,171.10,173.56,170.73,172.98,1813970
2025-05-29 20:00:00-04:00,172.36,172.36,169.58,171.28,2902823
2025-06-01 20:00:00-04:00,170.87,171.53,168.71,171.12,1705630
2025-06-02 20:00:00-04:00,170.13,173.13,169.01,172.60,2918708
2025-06-03 20:00:00-04:00,173.61,173.87,171.81,171.90,1783317
2025-06-04 20:00:00-04:00,171.72,171.87,169.72,170.21,2433973
2025-06-05 20:00:00-04:00,172.34,173.56,172.08,172.47,2090092
2025-06-08 20:00:00-04:00,174.12,175.74,173.21,174.49,2663310
2025-06-09 20:00:00-04:00,175.68,179.24,175.43,179.02,2524194
2025-06-10 20:00:00-04:00,179.75,180.52,175.31,175.91,2391531
2025-06-11 20:00:00-04:00,175.90,177.34,174.57,176.70,2308881
2025-06-12 20:00:00-04:00,174.42,176.65,174.42,176.21,2343504
2025-06-15 20:00:00-04:00,177.43,179.62,176.94,178.09,2360878
2025-06-16 20:00:00-04:00,176.79,177.91,174.09,174.76,2207615
2025-06-17 20:00:00-04:00,174.73,177.49,174.57,175.37,1884086
2025-06-19 20:00:00-04:00,177.05,178.27,176.06,177.52,2790016
2025-06-22 20:00:00-04:00,176.89,181.23,176.85,181.18,2537845
2025-06-23 20:00:00-04:00,183.69,183.92,180.63,181.41,5796215
2025-06-24 20:00:00-04:00,172.77,178.61,170.85,175.47,10056692
2025-06-25 20:00:00-04:00,176.99,178.88,173.73,174.73,5940791
2025-06-26 20:00:00-04:00,176.00,181.34,175.62,180.93,5029649
2025-06-29 20:00:00-04:00,180.80,182.31,179.48,179.67,3226352
2025-06-30 20:00:00-04:00,178.95,187.56,178.79,185.22,3376265
2025-07-01 20:00:00-04:00,186.21,189.29,185.35,189.02,3097288
2025-07-02 20:00:00-04:00,192.66,194.25,189.79,190.67,2991306
2025-07-06 20:00:00-04:00,190.09,191.51,185.35,185.82,3238638
2025-07-07 20:00:00-04:00,186.40,189.62,185.74,188.68,2432732
2025-07-08 20:00:00-04:00,188.81,189.07,186.66,186.94,2405554
2025-07-09 20:00:00-04:00,187.23,189.98,187.03,188.69,2408036
2025-07-10 20:00:00-04:00,187.43,187.74,185.41,186.58,2069243
2025-07-13 20:00:00-04:00,185.92,186.22,183.09,184.94,1778353
2025-07-14 20:00:00-04:00,184.95,185.56,182.31,182.31,2134396
2025-07-15 20:00:00-04:00,183.06,183.93,179.20,180.80,2365967
2025-07-16 20:00:00-04:00,181.00,181.95,178.95,180.50,1649165
2025-07-17 20:00:00-04:00,181.32,181.58,177.63,179.12,2205009
2025-07-20 20:00:00-04:00,179.72,180.75,178.37,178.42,1426405
2025-07-21 20:00:00-04:00,179.05,183.49,178.81,183.14,2275498
2025-07-22 20:00:00-04:00,184.32,189.48,182.96,188.04,2798579
2025-07-23 20:00:00-04:00,187.72,189.21,186.79,186.94,2581032
2025-07-24 20:00:00-04:00,188.27,192.57,187.75,192.23,2249685
2025-07-27 20:00:00-04:00,189.99,193.17,189.26,191.60,2016005
2025-07-28 20:00:00-04:00,189.92,191.00,185.15,185.38,2567505
2025-07-29 20:00:00-04:00,184.51,184.95,175.69,176.94,4489069
2025-07-30 20:00:00-04:00,175.99,177.90,174.66,176.65,2849584
2025-07-31 20:00:00-04:00,175.34,175.34,170.84,171.60,2747450
2025-08-03 20:00:00-04:00,172.31,172.70,170.81,171.90,2258496
2025-08-04 20:00:00-04:00,172.01,176.38,171.28,175.79,2448245
2025-08-05 20:00:00-04:00,176.59,180.09,175.19,178.99,2644199
2025-08-06 20:00:00-04:00,180.80,181.79,177.14,177.57,1805159
2025-08-07 20:00:00-04:00,178.65,180.74,175.80,180.25,1644077
2025-08-10 20:00:00-04:00,180.64,182.90,175.64,177.53,1889298
2025-08-11 20:00:00-04:00,179.43,184.61,178.67,182.12,2383961
2025-08-12 20:00:00-04:00,181.79,182.37,173.89,182.19,4202771
2025-08-13 20:00:00-04:00,180.54,184.44,179.46,182.64,2006449
2025-08-14 20:00:00-04:00,182.93,183.46,179.50,179.63,2232187
2025-08-17 20:00:00-04:00,178.06,180.58,176.85,179.99,1635638
2025-08-18 20:00:00-04:00,181.29,185.43,180.77,184.27,1749562
2025-08-19 20:00:00-04:00,183.47,184.50,179.52,179.59,1594809
2025-08-20 20:00:00-04:00,178.88,179.66,177.60,178.06,1776864
2025-08-21 20:00:00-04:00,179.25,188.19,179.25,187.17,2172246
2025-08-24 20:00:00-04:00,186.47,187.33,183.05,184.16,1824642
2025-08-25 20:00:00-04:00,183.77,184.03,181.76,182.66,2164056
2025-08-26 20:00:00-04:00,182.45,184.05,181.96,183.54,1345120
2025-08-27 20:00:00-04:00,184.16,184.16,180.24,182.80,1738021
2025-08-28 20:00:00-04:00,183.01,184.29,181.77,182.64,1843506
2025-09-01 20:00:00-04:00,178.62,179.58,176.13,177.19,2577929
2025-09-02 20:00:00-04:00,177.84,178.71,176.66,178.11,2139360
2025-09-03 20:00:00-04:00,178.39,178.39,174.92,178.06,2201286
2025-09-04 20:00:00-04:00,177.41,181.52,177.34,179.99,2066761
2025-09-07 20:00:00-04:00,180.56,180.56,176.64,178.98,2597041
2025-09-08 20:00:00-04:00,178.55,180.26,178.19,179.58,1480389
2025-09-09 20:00:00-04:00,179.50,181.37,178.61,179.53,1794734
2025-09-10 20:00:00-04:00,176.85,183.20,176.85,182.01,2396867
2025-09-11 20:00:00-04:00,180.78,183.71,180.56,182.60,2095801
2025-09-14 20:00:00-04:00,184.33,185.02,179.51,179.53,2670012
2025-09-15 20:00:00-04:00,182.00,182.96,179.65,181.13,2275622
2025-09-16 20:00:00-04:00,179.39,185.24,178.48,179.60,3876015
2025-09-17 20:00:00-04:00,181.27,182.24,178.81,180.17,7910258
2025-09-18 20:00:00-04:00,181.61,187.19,179.17,184.35,10410004
2025-09-21 20:00:00-04:00,182.97,183.75,179.34,183.05,4778595
2025-09-22 20:00:00-04:00,183.48,187.60,183.28,185.90,3573708
2025-09-23 20:00:00-04:00,185.54,187.64,185.53,185.94,2093567
2025-09-24 20:00:00-04:00,185.62,188.30,184.95,188.06,2195081
2025-09-25 20:00:00-04:00,188.53,192.50,186.64,189.18,2852066
2025-09-28 20:00:00-04:00,190.15,190.45,186.42,188.19,1618885
2025-09-29 20:00:00-04:00,186.96,187.67,184.47,187.58,1792128
2025-09-30 20:00:00-04:00,186.94,191.11,186.38,190.55,1777608
2025-10-01 20:00:00-04:00,190.78,195.19,190.12,192.76,2185773
2025-10-02 20:00:00-04:00,193.36,195.41,193.11,194.58,2158595
2025-10-05 20:00:00-04:00,194.69,198.94,193.78,196.50,2524690
2025-10-06 20:00:00-04:00,197.02,197.97,192.68,192.77,1709229
2025-10-07 20:00:00-04:00,189.47,192.79,188.53,190.86,2031145
2025-10-08 20:00:00-04:00,192.11,192.98,187.51,188.53,1557083
2025-10-09 20:00:00-04:00,189.73,189.84,178.67,178.69,3023324
2025-10-12 20:00:00-04:00,180.70,183.55,179.88,182.68,1676839
2025-10-13 20:00:00-04:00,181.37,187.01,180.58,186.67,1523576
2025-10-14 20:00:00-04:00,187.33,188.90,184.01,187.57,1803794
2025-10-15 20:00:00-04:00,188.53,190.12,185.34,188.45,1754898
2025-10-16 20:00:00-04:00,188.45,190.83,187.78,189.16,1975672
2025-10-19 20:00:00-04:00,189.46,192.19,189.14,190.76,1108585
2025-10-20 20:00:00-04:00,190.04,195.87,189.62,193.17,1417470
2025-10-21 20:00:00-04:00,193.83,195.05,190.28,190.44,1355668
2025-10-22 20:00:00-04:00,191.05,192.03,186.56,189.46,1627572
2025-10-23 20:00:00-04:00,190.67,192.69,189.67,191.83,1371677
2025-10-26 20:00:00-04:00,194.71,197.65,194.33,196.75,1968474
2025-10-27 20:00:00-04:00,199.66,202.05,198.39,198.51,2223996
2025-10-28 20:00:00-04:00,198.11,200.95,197.28,198.58,1847229
2025-10-29 20:00:00-04:00,198.12,201.01,197.36,198.02,2193592
2025-10-30 20:00:00-04:00,197.24,203.27,196.89,201.91,2038467
2025-11-02 19:00:00-05:00,201.09,202.57,198.73,201.25,1975548
2025-11-03 19:00:00-05:00,199.66,203.08,199.66,200.36,1988827
2025-11-04 19:00:00-05:00,200.18,206.18,199.07,203.72,2087610
2025-11-05 19:00:00-05:00,203.70,207.86,203.60,205.92,2760480
2025-11-06 19:00:00-05:00,205.90,209.61,205.45,208.48,2046161
2025-11-09 19:00:00-05:00,208.41,208.78,201.80,201.96,2507813
2025-11-10 19:00:00-05:00,202.51,215.03,202.05,212.96,4368444
2025-11-11 19:00:00-05:00,213.30,216.34,212.71,213.72,2173115
2025-11-12 19:00:00-05:00,214.67,215.73,212.05,212.66,1623352
2025-11-13 19:00:00-05:00,211.20,214.53,210.31,212.84,1956809
2025-11-16 19:00:00-05:00,211.60,213.74,209.21,210.58,2196570
2025-11-17 19:00:00-05:00,208.75,210.76,206.65,209.27,1923550
2025-11-18 19:00:00-05:00,209.27,211.27,207.50,208.87,1284807
2025-11-19 19:00:00-05:00,211.20,215.39,209.20,209.29,1951473
2025-11-20 19:00:00-05:00,209.55,216.05,209.30,214.32,2138739
2025-11-23 19:00:00-05:00,213.83,215.12,211.50,212.37,2383216
2025-11-24 19:00:00-05:00,213.94,218.75,213.21,217.86,1576566
2025-11-25 19:00:00-05:00,218.20,220.03,216.84,219.41,1271280
2025-11-27 19:00:00-05:00,218.94,220.24,218.28,219.29,628815
2025-11-30 19:00:00-05:00,218.81,219.47,216.94,217.43,1522831
2025-12-01 19:00:00-05:00,217.16,217.51,212.61,215.07,2004587
2025-12-02 19:00:00-05:00,215.48,218.13,213.75,215.13,2119380
2025-12-03 19:00:00-05:00,216.17,219.41,211.59,218.00,2539831
2025-12-04 19:00:00-05:00,217.95,220.03,217.16,218.19,1283194
2025-12-07 19:00:00-05:00,220.73,222.36,219.59,220.06,1626331
2025-12-08 19:00:00-05:00,219.95,221.31,218.74,218.86,1074954
2025-12-09 19:00:00-05:00,219.17,227.10,218.99,226.16,1625710
2025-12-10 19:00:00-05:00,226.44,229.45,226.19,226.53,1684782
2025-12-11 19:00:00-05:00,227.50,228.73,225.28,226.18,1519356
2025-12-14 19:00:00-05:00,225.71,226.27,222.83,224.86,2483241
2025-12-15 19:00:00-05:00,225.48,227.14,224.55,225.84,2023699
2025-12-16 19:00:00-05:00,225.83,227.87,224.97,225.64,1935588
2025-12-17 19:00:00-05:00,226.38,230.31,225.15,229.57,5041563
2025-12-18 19:00:00-05:00,217.52,232.32,216.52,230.89,7079657
2025-12-21 19:00:00-05:00,229.86,234.17,229.05,234.09,2980510
2025-12-22 19:00:00-05:00,234.27,236.22,232.53,236.03,2140973
2025-12-23 19:00:00-05:00,235.36,236.75,234.04,236.59,799204
2025-12-25 19:00:00-05:00,236.13,237.18,235.23,236.93,869196
2025-12-28 19:00:00-05:00,236.67,237.47,232.76,234.18,1683789
2025-12-29 19:00:00-05:00,233.93,235.59,232.48,232.72,1151152
2025-12-30 19:00:00-05:00,232.76,233.05,230.91,230.96,995530
2026-01-01 19:00:00-05:00,231.01,234.59,230.07,234.37,1613052
2026-01-04 19:00:00-05:00,233.50,238.26,232.97,237.83,2087362
2026-01-05 19:00:00-05:00,237.57,246.34,237.57,246.20,3756507
2026-01-06 19:00:00-05:00,244.58,248.37,243.39,245.72,2444894
2026-01-07 19:00:00-05:00,244.89,252.18,243.50,247.07,3096543
2026-01-08 19:00:00-05:00,251.07,254.92,247.07,249.75,2782198
2026-01-11 19:00:00-05:00,248.24,250.62,246.67,249.39,1680935
2026-01-12 19:00:00-05:00,248.34,249.55,246.28,247.59,1769418
2026-01-13 19:00:00-05:00,247.16,250.80,246.65,250.70,2077682
2026-01-14 19:00:00-05:00,252.66,254.26,249.87,250.39,2350206
2026-01-15 19:00:00-05:00,250.26,251.79,245.84,246.40,2504834
2026-01-19 19:00:00-05:00,244.00,247.85,239.95,240.69,3527046
2026-01-20 19:00:00-05:00,241.34,247.64,239.26,245.42,2387932
2026-01-21 19:00:00-05:00,246.45,249.03,245.61,247.71,1755395
2026-01-22 19:00:00-05:00,246.86,247.71,241.80,243.23,2161326
2026-01-25 19:00:00-05:00,244.04,244.73,240.62,243.44,1877757
2026-01-26 19:00:00-05:00,243.86,251.16,242.94,249.79,2632533
2026-01-27 19:00:00-05:00,249.24,253.85,249.22,251.58,1729334
2026-01-28 19:00:00-05:00,253.65,255.80,251.42,255.80,2036977
2026-01-29 19:00:00-05:00,252.30,258.05,252.30,257.65,3212453
2026-02-01 19:00:00-05:00,257.33,268.34,257.05,268.09,3231936
2026-02-02 19:00:00-05:00,274.52,283.96,273.68,282.58,4958416
2026-02-03 19:00:00-05:00,284.73,292.11,284.29,289.87,3141592
2026-02-04 19:00:00-05:00,289.44,293.00,285.64,291.00,2903320
2026-02-05 19:00:00-05:00,291.10,296.52,289.69,295.22,2725732
2026-02-08 19:00:00-05:00,294.19,295.58,290.35,291.51,1842265
2026-02-09 19:00:00-05:00,291.19,295.02,289.63,294.19,1834819
2026-02-10 19:00:00-05:00,295.83,299.67,293.38,293.56,2294609
2026-02-11 19:00:00-05:00,292.73,304.52,289.76,295.40,4569362
2026-02-12 19:00:00-05:00,295.83,302.64,291.54,299.61,2291879
2026-02-16 19:00:00-05:00,302.20,305.42,299.02,300.07,1446137
2026-02-17 19:00:00-05:00,299.85,306.70,299.85,306.29,1874282
2026-02-18 19:00:00-05:00,304.63,307.35,303.57,306.34,1487587
2026-02-19 19:00:00-05:00,305.23,312.84,304.62,310.61,1877385
2026-02-22 19:00:00-05:00,310.02,313.14,304.06,306.79,2010296
2026-02-23 19:00:00-05:00,306.79,311.49,305.93,309.07,1115039
2026-02-24 19:00:00-05:00,310.35,311.82,305.25,305.90,1702776
2026-02-25 19:00:00-05:00,307.83,313.41,307.82,309.97,2217667
2026-02-26 19:00:00-05:00,308.95,314.11,308.25,309.42,3411757
2026-03-01 19:00:00-05:00,307.31,309.81,305.07,309.62,1796720
2026-03-02 19:00:00-05:00,300.41,307.78,298.88,305.85,2065893
2026-03-03 19:00:00-05:00,306.87,309.42,303.24,307.10,2374902
2026-03-04 19:00:00-05:00,305.95,307.25,296.88,298.51,2340030
2026-03-05 19:00:00-05:00,291.81,291.81,282.94,287.12,3517118
2026-03-08 20:00:00-04:00,282.27,290.60,277.77,289.89,2373785
2026-03-09 20:00:00-04:00,291.65,295.79,287.73,288.58,1890415
2026-03-10 20:00:00-04:00,288.83,290.66,285.71,290.12,1271901
2026-03-11 20:00:00-04:00,285.54,288.70,282.81,283.49,1952217
2026-03-12 20:00:00-04:00,284.75,286.27,280.00,282.32,2116401
2026-03-15 20:00:00-04:00,285.23,287.01,282.83,282.86,1527919
2026-03-16 20:00:00-04:00,287.11,287.11,281.39,284.72,1847725
2026-03-17 20:00:00-04:00,284.71,285.78,280.02,280.77,1518860
2026-03-18 20:00:00-04:00,277.41,286.33,276.28,285.88,6018726
2026-03-19 20:00:00-04:00,305.72,307.61,286.23,288.08,8647164
2026-03-22 20:00:00-04:00,293.02,296.93,285.43,285.62,3128189
2026-03-23 20:00:00-04:00,283.43,289.24,281.74,288.97,2609203
2026-03-24 20:00:00-04:00,289.93,290.61,283.19,287.01,2761970
2026-03-25 20:00:00-04:00,285.21,285.26,280.46,280.61,1972570
2026-03-26 20:00:00-04:00,279.87,280.18,274.69,276.14,1980884
2026-03-29 20:00:00-04:00,279.27,279.29,273.95,274.36,1600021
2026-03-30 20:00:00-04:00,277.88,286.48,276.46,285.94,2498133
2026-03-31 20:00:00-04:00,288.11,293.76,287.24,288.45,2365718
2026-04-01 20:00:00-04:00,284.19,292.66,283.79,290.31,1759986
2026-04-05 20:00:00-04:00,288.37,289.72,286.37,288.07,1583392
2026-04-06 20:00:00-04:00,287.33,289.13,284.88,286.60,1296845
2026-04-07 20:00:00-04:00,292.21,299.81,292.21,299.79,2327620
2026-04-08 20:00:00-04:00,299.34,305.17,298.41,302.65,2003346
2026-04-09 20:00:00-04:00,303.10,304.08,299.47,300.31,1413995
2026-04-12 20:00:00-04:00,297.25,300.20,295.73,298.55,1521838
2026-04-13 20:00:00-04:00,291.37,298.37,290.72,297.14,2707117
2026-04-14 20:00:00-04:00,295.34,297.03,289.50,292.95,2050753
2026-04-15 20:00:00-04:00,292.60,305.77,291.66,305.77,2042562
2026-04-16 20:00:00-04:00,307.76,315.38,306.91,315.00,2887187
2026-04-19 20:00:00-04:00,313.21,317.82,312.28,316.11,1440801
2026-04-20 20:00:00-04:00,317.49,320.85,314.49,316.77,1842637
2026-04-21 20:00:00-04:00,317.86,318.10,309.35,309.84,1663685
2026-04-22 20:00:00-04:00,314.57,317.90,311.84,315.25,1816079
2026-04-23 20:00:00-04:00,315.01,315.09,310.04,311.47,1065771
2026-04-26 20:00:00-04:00,311.37,314.97,308.74,311.39,1317446
2026-04-27 20:00:00-04:00,311.85,314.81,306.88,313.26,1501734
2026-04-28 20:00:00-04:00,313.71,317.48,307.48,311.96,1633777
2026-04-29 20:00:00-04:00,313.63,324.35,311.07,323.77,2408781
2026-04-30 20:00:00-04:00,323.52,324.21,315.71,316.03,1329111
2026-05-03 20:00:00-04:00,304.66,304.72,284.30,287.24,6236273
2026-05-04 20:00:00-04:00,286.60,293.46,286.60,291.21,2284433
2026-05-05 20:00:00-04:00,292.62,303.65,292.62,302.80,2822158
2026-05-06 20:00:00-04:00,305.05,305.86,299.81,301.79,1961276
2026-05-07 20:00:00-04:00,303.62,307.72,301.45,303.92,1699798
2026-05-10 20:00:00-04:00,305.68,308.42,302.19,304.18,1155495
2026-05-11 20:00:00-04:00,304.87,304.87,298.84,302.19,1236408
2026-05-12 20:00:00-04:00,303.70,304.98,294.70,296.79,1958050
2026-05-13 20:00:00-04:00,297.83,305.12,295.86,305.04,1797961
2026-05-14 20:00:00-04:00,302.45,303.01,299.04,301.67,1443035
2026-05-17 20:00:00-04:00,300.65,301.45,294.71,296.81,1759614
2026-05-18 20:00:00-04:00,296.06,302.08,289.89,301.02,1951100
2026-05-19 20:00:00-04:00,302.53,312.24,301.45,310.55,1761475
2026-05-20 20:00:00-04:00,310.87,314.92,305.47,312.21,1165299
2026-05-21 20:00:00-04:00,316.23,320.15,314.69,316.46,1871552
2026-05-25 20:00:00-04:00,318.89,323.55,318.88,321.12,1543184
2026-05-26 20:00:00-04:00,328.36,332.11,327.02,330.57,2300318
2026-05-27 20:00:00-04:00,329.14,331.25,323.94,330.27,2408036
2026-05-28 20:00:00-04:00,330.29,332.25,328.44,330.55,2728711
2026-05-31 20:00:00-04:00,323.79,339.86,320.61,337.22,2399300
2026-06-01 20:00:00-04:00,336.08,336.08,325.78,327.77,3307800
2026-06-02 20:00:00-04:00,326.30,328.74,322.96,323.25,2005300
2026-06-03 20:00:00-04:00,326.93,333.18,326.53,326.77,1894900
2026-06-04 20:00:00-04:00,326.50,332.15,324.89,329.76,2584700
2026-06-07 20:00:00-04:00,329.96,331.72,326.99,328.98,1761000
2026-06-08 20:00:00-04:00,332.49,336.23,324.33,330.52,1656900
2026-06-09 20:00:00-04:00,325.36,330.24,317.77,318.06,1700400
2026-06-10 20:00:00-04:00,323.66,337.67,321.63,336.74,2521600
2026-06-11 20:00:00-04:00,340.72,341.53,333.75,337.04,1176600
2026-06-14 20:00:00-04:00,339.59,344.08,336.56,337.48,1956300
2026-06-15 20:00:00-04:00,337.82,340.86,333.61,334.48,1367100
2026-06-16 20:00:00-04:00,334.49,336.92,323.82,324.71,1266200
2026-06-17 20:00:00-04:00,328.72,329.86,323.26,324.98,2531800
2026-06-21 20:00:00-04:00,326.31,332.40,325.66,328.78,2347400
2026-06-22 20:00:00-04:00,326.01,327.40,316.36,317.24,3551000
2026-06-23 20:00:00-04:00,314.77,323.68,306.05,316.83,5960700
2026-06-24 20:00:00-04:00,319.04,329.49,317.75,329.44,2707900
2026-06-25 20:00:00-04:00,327.58,327.62,316.12,318.53,3422600
2026-06-28 20:00:00-04:00,317.91,325.73,317.91,325.40,3053400
