Date,Open,High,Low,Close,Volume
2018-07-01 20:00:00-04:00,41.69,42.73,41.51,42.67,23755500
2018-07-02 20:00:00-04:00,43.00,43.23,42.02,42.05,16327900
2018-07-04 20:00:00-04:00,42.49,43.32,42.29,43.14,26163500
2018-07-05 20:00:00-04:00,43.16,43.78,42.84,43.67,19968000
2018-07-08 20:00:00-04:00,43.90,44.11,43.35,44.08,21361600
2018-07-09 20:00:00-04:00,44.29,44.42,44.07,44.34,17362900
2018-07-10 20:00:00-04:00,43.94,44.09,43.52,43.52,18665600
2018-07-11 20:00:00-04:00,44.25,44.61,43.97,44.50,20292700
2018-07-12 20:00:00-04:00,44.54,44.56,44.00,44.39,13749300
2018-07-15 20:00:00-04:00,44.33,44.48,44.09,44.21,15951500
2018-07-16 20:00:00-04:00,43.40,44.10,43.36,43.99,15754500
2018-07-17 20:00:00-04:00,44.09,44.18,43.75,43.97,14649000
2018-07-18 20:00:00-04:00,43.86,44.21,43.40,44.19,15954600
2018-07-19 20:00:00-04:00,44.06,44.26,43.63,44.13,17380500
2018-07-22 20:00:00-04:00,44.01,44.63,43.63,44.47,15945500
2018-07-23 20:00:00-04:00,44.85,45.31,44.27,44.36,17788700
2018-07-24 20:00:00-04:00,44.38,44.59,43.43,44.57,19854800
2018-07-25 20:00:00-04:00,44.59,45.21,44.09,44.34,28282500
2018-07-26 20:00:00-04:00,41.45,41.82,40.36,40.53,67816700
2018-07-29 20:00:00-04:00,40.49,40.79,39.47,40.54,35696600
2018-07-30 20:00:00-04:00,41.01,41.38,40.54,40.89,36581200
2018-07-31 20:00:00-04:00,40.85,41.58,40.80,41.49,28060700
2018-08-01 20:00:00-04:00,41.23,42.10,40.97,42.06,26452500
2018-08-02 20:00:00-04:00,42.08,42.32,41.80,42.19,22008200
2018-08-05 20:00:00-04:00,41.71,42.17,41.33,42.16,26669000
2018-08-06 20:00:00-04:00,42.27,42.62,42.26,42.51,28322700
2018-08-07 20:00:00-04:00,42.42,42.87,42.28,42.73,21990600
2018-08-08 20:00:00-04:00,42.64,43.28,42.52,42.88,23795600
2018-08-09 20:00:00-04:00,41.49,42.05,41.31,41.78,28712400
2018-08-12 20:00:00-04:00,41.84,42.11,41.38,41.44,17070600
2018-08-13 20:00:00-04:00,41.62,41.70,40.75,41.15,23061600
2018-08-14 20:00:00-04:00,40.86,41.05,40.11,40.59,26739900
2018-08-15 20:00:00-04:00,40.84,41.01,40.24,40.34,24358000
2018-08-16 20:00:00-04:00,40.20,40.53,39.62,40.28,26382000
2018-08-19 20:00:00-04:00,40.24,40.30,39.50,39.77,24334000
2018-08-20 20:00:00-04:00,39.91,40.92,39.89,40.73,19254300
2018-08-21 20:00:00-04:00,40.41,40.50,40.13,40.24,23182500
2018-08-22 20:00:00-04:00,40.08,40.34,39.95,40.18,31343200
2018-08-23 20:00:00-04:00,40.44,40.96,40.26,40.76,18214700
2018-08-26 20:00:00-04:00,41.05,41.39,40.74,41.35,17170300
2018-08-27 20:00:00-04:00,41.52,41.73,41.32,41.54,13472400
2018-08-28 20:00:00-04:00,41.65,41.79,41.39,41.69,13479100
2018-08-29 20:00:00-04:00,41.50,41.76,41.13,41.26,16418800
2018-08-30 20:00:00-04:00,41.02,41.53,40.98,41.42,16484000
2018-09-03 20:00:00-04:00,41.38,41.42,40.68,41.02,15682900
2018-09-04 20:00:00-04:00,40.84,41.15,40.60,40.81,20857200
2018-09-05 20:00:00-04:00,40.85,41.02,40.38,40.42,19318100
2018-09-06 20:00:00-04:00,40.12,40.61,39.65,39.73,25958300
2018-09-09 20:00:00-04:00,39.82,39.99,39.54,39.60,21522400
2018-09-10 20:00:00-04:00,39.34,39.37,38.39,38.43,32455300
2018-09-11 20:00:00-04:00,38.11,38.47,37.68,38.43,29778700
2018-09-12 20:00:00-04:00,39.07,39.21,38.58,38.97,18657100
2018-09-13 20:00:00-04:00,39.15,39.32,38.79,38.95,22998700
2018-09-16 20:00:00-04:00,38.73,39.26,38.65,38.84,17603200
2018-09-17 20:00:00-04:00,38.98,39.79,38.84,39.43,20528100
2018-09-18 20:00:00-04:00,39.42,39.72,39.25,39.47,15918900
2018-09-19 20:00:00-04:00,40.01,40.50,39.79,40.37,21999300
2018-09-20 20:00:00-04:00,40.30,40.56,39.66,39.91,52650600
2018-09-23 20:00:00-04:00,39.61,40.20,39.47,40.12,17847000
2018-09-24 20:00:00-04:00,39.53,39.67,39.17,39.26,23389900
2018-09-25 20:00:00-04:00,39.38,39.60,38.98,39.08,23957700
2018-09-26 20:00:00-04:00,39.26,39.49,39.11,39.24,15415500
2018-09-27 20:00:00-04:00,39.02,40.84,38.88,40.44,46223500
2018-09-30 20:00:00-04:00,40.02,40.38,39.51,39.73,23796200
2018-10-01 20:00:00-04:00,40.63,41.80,40.47,41.14,42121100
2018-10-02 20:00:00-04:00,41.58,42.52,41.53,41.70,39211900
2018-10-03 20:00:00-04:00,41.77,41.79,40.73,41.16,30108300
2018-10-04 20:00:00-04:00,41.25,41.34,39.91,40.22,28901400
2018-10-07 20:00:00-04:00,40.16,40.50,39.79,40.22,19376800
2018-10-08 20:00:00-04:00,40.35,40.73,39.80,39.81,23285700
2018-10-09 20:00:00-04:00,39.39,39.44,38.31,38.31,43109500
2018-10-10 20:00:00-04:00,38.61,39.01,37.40,37.83,43648800
2018-10-11 20:00:00-04:00,38.72,38.78,37.83,38.38,32087400
2018-10-14 20:00:00-04:00,38.17,38.61,38.01,38.08,21633000
2018-10-15 20:00:00-04:00,38.40,39.35,38.34,39.29,21472000
2018-10-16 20:00:00-04:00,39.34,39.62,38.95,39.25,23124400
2018-10-17 20:00:00-04:00,39.04,39.13,38.34,38.46,26638800
2018-10-18 20:00:00-04:00,38.50,38.64,37.51,37.63,28368500
2018-10-21 20:00:00-04:00,38.06,38.78,37.72,38.49,34508800
2018-10-22 20:00:00-04:00,37.78,38.56,37.55,38.06,38590300
2018-10-23 20:00:00-04:00,37.77,37.94,36.23,36.28,33631800
2018-10-24 20:00:00-04:00,37.24,38.43,37.01,37.90,48255300
2018-10-25 20:00:00-04:00,38.99,39.72,38.23,39.08,67280400
2018-10-28 20:00:00-04:00,39.77,39.98,38.01,38.83,35732200
2018-10-29 20:00:00-04:00,38.94,40.95,38.88,40.85,43975200
2018-10-30 20:00:00-04:00,41.30,41.53,40.05,40.09,33369100
2018-10-31 20:00:00-04:00,40.15,41.45,40.08,41.24,28335300
2018-11-01 20:00:00-04:00,41.16,41.27,39.98,40.29,30759800
2018-11-04 19:00:00-05:00,40.49,41.27,40.13,41.03,23751200
2018-11-05 19:00:00-05:00,41.14,41.24,40.48,40.66,23839600
2018-11-06 19:00:00-05:00,40.99,41.96,40.96,41.93,29913200
2018-11-07 19:00:00-05:00,41.73,42.42,41.71,42.16,26581700
2018-11-08 19:00:00-05:00,41.99,42.20,41.20,41.40,21761400
2018-11-11 19:00:00-05:00,41.06,41.14,40.10,40.15,24412800
2018-11-12 19:00:00-05:00,40.44,41.52,40.44,40.78,29315900
2018-11-13 19:00:00-05:00,41.18,41.28,40.35,40.53,25632700
2018-11-14 19:00:00-05:00,40.46,41.52,40.21,41.40,29581000
2018-11-15 19:00:00-05:00,41.11,42.21,41.04,42.02,31670600
2018-11-18 19:00:00-05:00,41.83,42.30,41.12,41.31,26859000
2018-11-19 19:00:00-05:00,40.79,41.41,40.53,40.78,29200800
2018-11-20 19:00:00-05:00,41.18,41.21,40.47,40.48,19011400
2018-11-22 19:00:00-05:00,40.18,40.51,40.04,40.05,8906900
2018-11-25 19:00:00-05:00,40.68,40.85,40.19,40.84,20723000
2018-11-26 19:00:00-05:00,40.40,41.50,40.10,41.37,27621000
2018-11-27 19:00:00-05:00,41.26,42.07,41.01,42.05,28003200
2018-11-28 19:00:00-05:00,41.73,41.79,40.99,41.05,23592500
2018-11-29 19:00:00-05:00,41.27,42.45,40.93,42.44,43313700
2018-12-02 19:00:00-05:00,43.03,43.46,42.63,43.14,30870400
2018-12-03 19:00:00-05:00,42.62,42.69,41.03,41.09,35397700
2018-12-05 19:00:00-05:00,40.28,41.65,40.04,41.63,31661700
2018-12-06 19:00:00-05:00,41.26,41.36,39.79,39.80,34016400
2018-12-09 19:00:00-05:00,39.83,40.85,39.60,40.63,23289000
2018-12-10 19:00:00-05:00,41.22,41.82,40.56,40.78,23851000
2018-12-11 19:00:00-05:00,41.81,41.86,40.80,41.16,31305000
2018-12-12 19:00:00-05:00,41.53,41.81,41.19,41.56,19526000
2018-12-13 19:00:00-05:00,41.22,41.96,41.18,41.19,26372100
2018-12-16 19:00:00-05:00,41.19,41.66,40.16,40.52,26598700
2018-12-17 19:00:00-05:00,40.85,41.70,40.76,41.09,29014300
2018-12-18 19:00:00-05:00,40.87,41.08,39.05,39.22,39717600
2018-12-19 19:00:00-05:00,39.08,39.86,38.74,39.19,37750900
2018-12-20 19:00:00-05:00,39.37,40.15,38.56,38.59,52768300
2018-12-23 19:00:00-05:00,38.41,38.87,37.47,37.51,19241600
2018-12-25 19:00:00-05:00,37.87,39.76,37.45,39.75,28677600
2018-12-26 19:00:00-05:00,39.26,39.92,38.44,39.90,29970700
2018-12-27 19:00:00-05:00,40.03,41.09,39.85,40.23,24758700
2018-12-30 19:00:00-05:00,40.53,40.86,40.06,40.39,20490400
2019-01-01 19:00:00-05:00,39.55,40.85,39.39,40.52,18774600
2019-01-02 19:00:00-05:00,39.72,39.83,38.20,38.29,32267300
2019-01-03 19:00:00-05:00,39.45,40.94,39.19,40.64,35447300
2019-01-06 19:00:00-05:00,40.54,41.31,40.23,40.83,22736800
2019-01-07 19:00:00-05:00,41.14,41.34,40.26,41.09,22749200
2019-01-08 19:00:00-05:00,41.28,41.80,41.12,41.32,22554500
2019-01-09 19:00:00-05:00,41.09,41.87,40.80,41.79,27202600
2019-01-10 19:00:00-05:00,41.40,42.42,41.35,42.11,21751300
2019-01-13 19:00:00-05:00,41.71,42.02,41.57,41.61,19193900
2019-01-14 19:00:00-05:00,41.92,42.28,41.69,41.83,22480800
2019-01-15 19:00:00-05:00,41.83,42.08,41.38,41.42,19057700
2019-01-16 19:00:00-05:00,41.31,42.03,41.23,41.71,17448700
2019-01-17 19:00:00-05:00,42.27,42.50,41.90,42.33,29874600
2019-01-21 19:00:00-05:00,42.14,42.15,41.20,41.54,25940700
2019-01-22 19:00:00-05:00,41.66,42.00,40.90,41.26,18960700
2019-01-23 19:00:00-05:00,41.91,43.07,41.83,42.82,50578300
2019-01-24 19:00:00-05:00,40.32,40.82,39.37,40.48,86455700
2019-01-27 19:00:00-05:00,39.70,40.22,39.63,40.20,35928700
2019-01-28 19:00:00-05:00,40.26,40.42,39.87,40.05,20988300
2019-01-29 19:00:00-05:00,40.17,41.03,39.98,40.91,26931700
2019-01-30 19:00:00-05:00,40.19,40.60,39.67,40.55,43051300
2019-01-31 19:00:00-05:00,40.50,42.21,40.46,41.94,37442900
2019-02-03 19:00:00-05:00,41.84,42.38,41.52,42.36,20905000
2019-02-04 19:00:00-05:00,42.33,43.65,42.33,43.04,31641600
2019-02-05 19:00:00-05:00,43.26,43.86,43.15,43.22,21647800
2019-02-06 19:00:00-05:00,42.87,43.17,42.16,42.64,27825900
2019-02-07 19:00:00-05:00,42.24,42.46,41.58,42.30,18851200
2019-02-10 19:00:00-05:00,42.46,42.71,42.07,42.24,18004100
2019-02-11 19:00:00-05:00,42.75,43.43,42.67,43.31,18050100
2019-02-12 19:00:00-05:00,43.42,44.01,43.30,43.71,17712800
2019-02-13 19:00:00-05:00,43.66,44.20,43.61,44.01,17545400
2019-02-14 19:00:00-05:00,44.39,44.75,44.25,44.74,22520400
2019-02-18 19:00:00-05:00,44.47,44.78,44.46,44.52,15611800
2019-02-19 19:00:00-05:00,44.72,44.80,44.22,44.51,21607700
2019-02-20 19:00:00-05:00,44.45,44.90,44.35,44.52,16162100
2019-02-21 19:00:00-05:00,45.64,45.88,45.09,45.46,31934100
2019-02-24 19:00:00-05:00,45.95,46.43,45.78,45.99,20711800
2019-02-25 19:00:00-05:00,45.91,46.22,45.82,46.10,16082200
2019-02-26 19:00:00-05:00,45.69,46.23,45.48,46.11,17590300
2019-02-27 19:00:00-05:00,45.83,46.06,45.74,45.87,18388800
2019-02-28 19:00:00-05:00,46.28,46.49,45.81,46.16,18359300
2019-03-03 19:00:00-05:00,46.55,46.85,46.08,46.72,21706100
2019-03-04 19:00:00-05:00,46.64,46.76,46.00,46.49,21057700
2019-03-05 19:00:00-05:00,46.45,46.47,45.85,45.86,14740500
2019-03-06 19:00:00-05:00,45.70,45.89,45.35,45.56,17803000
2019-03-07 19:00:00-05:00,45.01,45.52,44.78,45.45,16793900
2019-03-10 20:00:00-04:00,45.80,46.47,45.53,46.21,18963000
2019-03-11 20:00:00-04:00,46.20,46.73,46.06,46.40,20782100
2019-03-12 20:00:00-04:00,46.77,47.26,46.46,47.09,25522300
2019-03-13 20:00:00-04:00,47.03,47.16,46.19,46.28,26647100
2019-03-14 20:00:00-04:00,46.49,47.37,46.49,47.05,46512500
2019-03-17 20:00:00-04:00,47.13,47.21,46.66,46.85,16274000
2019-03-18 20:00:00-04:00,47.18,47.33,46.77,46.92,18274800
2019-03-19 20:00:00-04:00,46.82,47.11,46.43,46.61,24325300
2019-03-20 20:00:00-04:00,46.70,47.63,46.63,47.32,19127200
2019-03-21 20:00:00-04:00,47.11,47.31,46.08,46.13,21438400
2019-03-24 20:00:00-04:00,45.88,46.38,45.37,45.71,16971400
2019-03-25 20:00:00-04:00,46.18,46.57,45.94,46.28,17724300
2019-03-26 20:00:00-04:00,46.41,46.65,45.85,46.04,19656000
2019-03-27 20:00:00-04:00,46.12,46.28,45.70,46.00,13607900
2019-03-28 20:00:00-04:00,46.59,46.80,46.32,46.51,18736100
2019-03-31 20:00:00-04:00,47.06,47.26,46.85,47.21,17830400
2019-04-01 20:00:00-04:00,47.23,47.46,46.97,47.08,13704500
2019-04-02 20:00:00-04:00,47.66,48.49,47.54,48.05,24552800
2019-04-03 20:00:00-04:00,47.87,48.62,47.87,48.43,16520500
2019-04-04 20:00:00-04:00,48.28,48.46,47.52,48.15,19268400
2019-04-07 20:00:00-04:00,47.88,48.28,47.81,48.22,11758800
2019-04-08 20:00:00-04:00,47.94,48.01,47.55,47.91,13339700
2019-04-09 20:00:00-04:00,47.91,48.38,47.91,48.28,13084000
2019-04-10 20:00:00-04:00,48.29,48.56,48.18,48.33,10845800
2019-04-11 20:00:00-04:00,48.68,48.92,48.36,48.86,12910200
2019-04-14 20:00:00-04:00,48.90,48.99,48.43,48.74,11676900
2019-04-15 20:00:00-04:00,49.07,49.77,48.56,49.12,30301900
2019-04-16 20:00:00-04:00,50.61,51.61,50.34,50.72,38788400
2019-04-17 20:00:00-04:00,50.85,50.99,50.34,50.66,20464200
2019-04-21 20:00:00-04:00,50.36,50.95,50.13,50.94,12327500
2019-04-22 20:00:00-04:00,51.00,51.08,50.67,50.91,17739900
2019-04-23 20:00:00-04:00,50.68,51.35,50.35,50.86,17723700
2019-04-24 20:00:00-04:00,50.49,50.56,49.57,49.89,27949900
2019-04-25 20:00:00-04:00,45.68,45.98,44.62,45.41,72364500
2019-04-28 20:00:00-04:00,45.18,45.41,44.17,44.27,42142300
2019-04-29 20:00:00-04:00,44.17,44.54,44.06,44.20,27130900
2019-04-30 20:00:00-04:00,44.26,44.69,43.94,43.96,20467600
2019-05-01 20:00:00-04:00,44.00,44.46,43.41,43.78,22655400
2019-05-02 20:00:00-04:00,44.24,44.88,43.94,44.82,25656600
2019-05-05 20:00:00-04:00,43.79,44.68,43.73,44.63,26245200
2019-05-06 20:00:00-04:00,44.09,44.34,43.51,43.99,29713400
2019-05-07 20:00:00-04:00,43.74,44.26,42.76,42.91,36812400
2019-05-08 20:00:00-04:00,41.74,42.08,40.13,40.62,59642200
2019-05-09 20:00:00-04:00,40.47,40.78,39.30,40.26,42522800
2019-05-12 20:00:00-04:00,39.50,39.77,38.95,39.00,39091900
2019-05-13 20:00:00-04:00,39.37,39.64,39.10,39.36,24706500
2019-05-14 20:00:00-04:00,39.14,39.87,39.00,39.75,23407900
2019-05-15 20:00:00-04:00,39.62,40.04,39.58,39.67,19954700
2019-05-16 20:00:00-04:00,39.37,39.85,39.00,39.12,22500400
2019-05-19 20:00:00-04:00,38.34,38.79,37.86,37.96,28675000
2019-05-20 20:00:00-04:00,38.64,39.02,38.50,38.74,25543400
2019-05-21 20:00:00-04:00,38.47,38.74,38.21,38.34,16932500
2019-05-22 20:00:00-04:00,37.79,38.99,37.35,38.80,35783900
2019-05-23 20:00:00-04:00,38.85,39.26,38.77,38.84,27168100
2019-05-27 20:00:00-04:00,38.92,38.94,37.73,37.97,34779900
2019-05-28 20:00:00-04:00,37.77,38.80,37.76,38.54,28450300
2019-05-29 20:00:00-04:00,38.60,39.24,38.54,38.98,21618900
2019-05-30 20:00:00-04:00,38.50,39.19,38.28,38.38,25532500
2019-06-02 20:00:00-04:00,38.56,38.85,37.64,37.87,31155700
2019-06-03 20:00:00-04:00,38.48,39.09,38.14,39.03,28094900
2019-06-04 20:00:00-04:00,39.31,39.37,38.51,38.82,20802000
2019-06-05 20:00:00-04:00,38.99,39.36,38.79,39.30,19076200
2019-06-06 20:00:00-04:00,39.43,40.19,39.30,40.11,24370300
2019-06-09 20:00:00-04:00,40.28,41.12,40.26,40.78,20806100
2019-06-10 20:00:00-04:00,41.18,41.23,40.54,40.82,18415500
2019-06-11 20:00:00-04:00,40.67,40.67,40.30,40.36,15900600
2019-06-12 20:00:00-04:00,40.61,40.92,40.55,40.69,12267600
2019-06-13 20:00:00-04:00,39.94,40.45,39.69,40.25,15381100
2019-06-16 20:00:00-04:00,40.21,40.55,39.91,40.20,12643300
2019-06-17 20:00:00-04:00,40.74,41.83,40.61,41.28,25732300
2019-06-18 20:00:00-04:00,41.37,41.46,40.95,41.02,17436400
2019-06-19 20:00:00-04:00,41.71,41.87,40.84,41.12,20126800
2019-06-20 20:00:00-04:00,40.91,41.59,40.78,41.36,31096300
2019-06-23 20:00:00-04:00,41.30,41.70,41.10,41.50,14479900
2019-06-24 20:00:00-04:00,41.44,41.55,40.78,40.82,16665600
2019-06-25 20:00:00-04:00,41.52,42.24,41.44,41.99,21886300
2019-06-26 20:00:00-04:00,41.96,42.19,41.16,41.36,23062900
2019-06-27 20:00:00-04:00,41.63,42.00,41.55,41.71,26646200
2019-06-30 20:00:00-04:00,42.95,43.09,41.61,41.87,27423300
2019-07-01 20:00:00-04:00,41.75,42.02,41.56,41.93,15381600
2019-07-02 20:00:00-04:00,41.98,42.31,41.83,42.28,10739100
2019-07-04 20:00:00-04:00,41.85,41.98,41.34,41.90,14339200
2019-07-07 20:00:00-04:00,41.50,41.78,41.02,41.67,16564300
2019-07-08 20:00:00-04:00,41.27,41.65,41.07,41.61,17853200
2019-07-09 20:00:00-04:00,41.76,42.36,41.74,42.01,16032300
2019-07-10 20:00:00-04:00,42.31,42.51,42.10,42.35,16615100
2019-07-11 20:00:00-04:00,42.70,43.51,42.53,43.50,20148700
2019-07-14 20:00:00-04:00,43.57,43.79,43.37,43.67,14345100
2019-07-15 20:00:00-04:00,43.49,43.57,42.66,42.85,17131400
2019-07-16 20:00:00-04:00,43.13,43.31,42.91,43.04,11928600
2019-07-17 20:00:00-04:00,42.94,43.56,42.60,43.52,15671600
2019-07-18 20:00:00-04:00,43.53,44.14,43.49,43.80,29141100
2019-07-21 20:00:00-04:00,43.58,44.89,43.47,44.75,21688000
2019-07-22 20:00:00-04:00,45.31,45.31,44.70,45.09,18413500
2019-07-23 20:00:00-04:00,45.29,46.16,45.14,46.11,20896400
2019-07-24 20:00:00-04:00,45.76,45.83,45.21,45.45,27765400
2019-07-25 20:00:00-04:00,45.91,46.62,44.90,44.95,36401500
2019-07-28 20:00:00-04:00,44.90,45.80,44.25,45.76,21897500
2019-07-29 20:00:00-04:00,45.06,45.58,44.93,45.05,16487700
2019-07-30 20:00:00-04:00,44.88,45.07,43.61,44.05,24169800
2019-07-31 20:00:00-04:00,44.02,45.22,43.11,43.13,34020800
2019-08-01 20:00:00-04:00,42.78,43.01,42.26,42.42,27881600
2019-08-04 20:00:00-04:00,41.62,41.79,40.58,40.93,38936600
2019-08-05 20:00:00-04:00,41.36,41.72,41.03,41.20,26119600
2019-08-06 20:00:00-04:00,40.62,41.13,40.33,40.99,29440400
2019-08-07 20:00:00-04:00,40.49,41.56,40.28,41.38,30643700
2019-08-08 20:00:00-04:00,41.18,41.23,40.16,40.34,24975500
2019-08-11 20:00:00-04:00,40.14,40.42,39.86,40.00,18494300
2019-08-12 20:00:00-04:00,39.91,41.28,39.79,41.09,28959500
2019-08-13 20:00:00-04:00,40.41,40.91,40.05,40.24,25650200
2019-08-14 20:00:00-04:00,40.44,40.51,39.86,40.09,21896000
2019-08-15 20:00:00-04:00,40.65,40.95,40.41,40.79,22701800
2019-08-18 20:00:00-04:00,41.63,41.76,41.27,41.43,21403600
2019-08-19 20:00:00-04:00,41.26,41.34,40.76,40.88,23113300
2019-08-20 20:00:00-04:00,41.33,41.49,41.13,41.36,15915000
2019-08-21 20:00:00-04:00,41.48,41.61,40.96,41.04,19783000
2019-08-22 20:00:00-04:00,40.66,40.91,39.30,39.44,32814000
2019-08-25 20:00:00-04:00,40.20,40.20,39.70,39.97,22080500
2019-08-26 20:00:00-04:00,40.24,40.46,39.92,40.17,16925500
2019-08-27 20:00:00-04:00,40.09,40.28,39.80,40.17,14888800
2019-08-28 20:00:00-04:00,40.76,41.42,40.71,41.12,17803800
2019-08-29 20:00:00-04:00,41.44,41.92,41.37,41.59,16922600
2019-09-02 20:00:00-04:00,41.34,41.42,40.79,41.21,15003800
2019-09-03 20:00:00-04:00,41.72,42.94,41.71,42.92,23450700
2019-09-04 20:00:00-04:00,43.80,44.89,43.75,43.95,30014200
2019-09-05 20:00:00-04:00,44.08,44.73,43.92,44.67,17067900
2019-09-08 20:00:00-04:00,44.79,45.64,44.76,45.26,20749700
2019-09-09 20:00:00-04:00,45.03,45.48,44.59,45.46,18532000
2019-09-10 20:00:00-04:00,45.27,46.31,45.07,46.31,18968900
2019-09-11 20:00:00-04:00,46.49,46.78,45.68,46.50,23308700
2019-09-12 20:00:00-04:00,46.28,46.49,45.82,46.09,18010800
2019-09-15 20:00:00-04:00,45.53,45.87,45.35,45.79,13354600
2019-09-16 20:00:00-04:00,45.66,45.74,45.05,45.57,19641100
2019-09-17 20:00:00-04:00,45.73,45.73,44.88,45.39,14906800
2019-09-18 20:00:00-04:00,45.35,45.61,45.18,45.24,11428400
2019-09-19 20:00:00-04:00,45.27,45.51,44.35,44.49,37067900
2019-09-22 20:00:00-04:00,44.59,44.94,44.21,44.65,18916600
2019-09-23 20:00:00-04:00,44.83,44.90,43.55,43.71,28197400
2019-09-24 20:00:00-04:00,43.64,44.92,43.35,44.76,19486700
2019-09-25 20:00:00-04:00,44.72,44.87,44.16,44.67,11351800
2019-09-26 20:00:00-04:00,44.42,44.93,44.16,44.55,14845700
2019-09-29 20:00:00-04:00,44.91,45.27,44.69,45.21,13652100
2019-09-30 20:00:00-04:00,45.59,45.83,44.24,44.53,18413100
2019-10-01 20:00:00-04:00,44.14,44.19,42.97,43.33,20078700
2019-10-02 20:00:00-04:00,43.42,43.92,42.57,43.89,16320100
2019-10-03 20:00:00-04:00,44.17,44.71,43.89,44.67,12644900
2019-10-06 20:00:00-04:00,44.48,44.94,44.35,44.41,12081400
2019-10-07 20:00:00-04:00,44.00,44.28,43.52,43.63,17409100
2019-10-08 20:00:00-04:00,44.28,44.56,43.99,44.28,11834900
2019-10-09 20:00:00-04:00,44.22,45.42,44.21,44.84,13907900
2019-10-10 20:00:00-04:00,45.62,46.31,45.46,45.70,24072500
2019-10-13 20:00:00-04:00,45.53,45.57,45.13,45.30,15016800
2019-10-14 20:00:00-04:00,45.56,46.56,45.47,46.19,18878100
2019-10-15 20:00:00-04:00,45.92,46.11,45.72,46.01,14769300
2019-10-16 20:00:00-04:00,46.18,46.35,45.07,45.49,16533900
2019-10-17 20:00:00-04:00,45.40,45.46,44.77,45.06,16974100
2019-10-20 20:00:00-04:00,45.20,45.77,45.04,45.73,12189000
2019-10-21 20:00:00-04:00,45.53,45.90,45.52,45.63,13114300
2019-10-22 20:00:00-04:00,45.07,45.58,44.92,45.37,15887500
2019-10-23 20:00:00-04:00,45.70,45.99,45.12,45.82,23413000
2019-10-24 20:00:00-04:00,47.54,49.66,47.30,49.53,59767700
2019-10-27 20:00:00-04:00,49.46,49.84,49.18,49.79,32307500
2019-10-28 20:00:00-04:00,49.45,50.21,49.34,49.43,18155800
2019-10-29 20:00:00-04:00,49.41,49.68,48.79,49.65,15248000
2019-10-30 20:00:00-04:00,49.42,49.65,48.79,49.59,19249700
2019-10-31 20:00:00-04:00,49.07,49.70,48.79,49.57,17953500
2019-11-03 19:00:00-05:00,49.94,50.71,49.87,50.54,19068000
2019-11-04 19:00:00-05:00,50.42,51.19,50.19,50.49,20865400
2019-11-05 19:00:00-05:00,50.71,50.91,50.26,50.81,17721000
2019-11-06 19:00:00-05:00,51.16,51.65,51.04,51.21,16962800
2019-11-07 19:00:00-05:00,51.03,51.43,50.55,51.40,11888900
2019-11-10 19:00:00-05:00,51.13,51.60,51.07,51.47,11228900
2019-11-11 19:00:00-05:00,51.51,51.87,51.19,51.34,11952500
2019-11-12 19:00:00-05:00,51.05,51.13,50.59,51.06,15332700
2019-11-13 19:00:00-05:00,50.82,51.20,50.78,50.99,12119000
2019-11-14 19:00:00-05:00,51.31,51.78,50.83,51.13,16112100
2019-11-17 19:00:00-05:00,50.90,51.58,50.78,51.38,16097500
2019-11-18 19:00:00-05:00,51.58,51.73,50.94,51.47,17061900
2019-11-19 19:00:00-05:00,51.39,51.48,50.61,51.07,18542300
2019-11-20 19:00:00-05:00,50.71,51.43,50.64,51.36,16139000
2019-11-21 19:00:00-05:00,51.46,51.73,50.71,50.82,15690200
2019-11-24 19:00:00-05:00,51.16,51.90,51.16,51.88,15011700
2019-11-25 19:00:00-05:00,52.00,52.16,51.56,51.96,22338700
2019-11-26 19:00:00-05:00,51.63,51.68,51.08,51.61,18184200
2019-11-28 19:00:00-05:00,51.29,51.43,50.98,51.21,9481100
2019-12-01 19:00:00-05:00,51.65,51.77,50.69,50.86,19154500
2019-12-02 19:00:00-05:00,50.16,50.16,49.18,49.46,25737400
2019-12-03 19:00:00-05:00,49.98,49.98,49.27,49.41,18881400
2019-12-04 19:00:00-05:00,49.76,49.76,49.19,49.47,17673700
2019-12-05 19:00:00-05:00,49.98,50.27,49.77,50.11,16476800
2019-12-08 19:00:00-05:00,49.87,50.24,49.84,49.86,14298600
2019-12-09 19:00:00-05:00,50.02,50.13,49.79,49.92,16157900
2019-12-10 19:00:00-05:00,50.20,50.43,49.91,50.34,20051100
2019-12-11 19:00:00-05:00,50.06,51.21,49.94,50.76,27883300
2019-12-12 19:00:00-05:00,50.76,51.46,50.61,50.98,22795200
2019-12-15 19:00:00-05:00,51.35,51.66,50.85,50.90,19131200
2019-12-16 19:00:00-05:00,51.16,51.25,50.39,50.54,21653100
2019-12-17 19:00:00-05:00,50.62,50.68,50.23,50.43,28261000
2019-12-18 19:00:00-05:00,50.43,51.15,50.25,51.13,18865100
2019-12-19 19:00:00-05:00,51.44,52.09,51.06,52.00,49953000
2019-12-22 19:00:00-05:00,52.10,52.73,52.08,52.25,23593000
2019-12-23 19:00:00-05:00,52.26,52.47,52.18,52.41,6313200
2019-12-25 19:00:00-05:00,52.41,52.79,52.35,52.77,11480300
2019-12-26 19:00:00-05:00,52.85,53.35,52.84,53.00,14085800
2019-12-29 19:00:00-05:00,52.92,52.97,52.38,52.59,12750500
2019-12-30 19:00:00-05:00,52.59,52.86,52.36,52.79,14432900
2020-01-01 19:00:00-05:00,53.14,53.78,53.12,53.67,18056000
2020-01-02 19:00:00-05:00,52.76,53.54,52.76,53.01,15293900
2020-01-05 19:00:00-05:00,52.56,53.10,52.33,52.86,17755200
2020-01-06 19:00:00-05:00,52.73,52.75,51.95,51.98,21876100
2020-01-07 19:00:00-05:00,51.95,52.33,51.62,52.02,23133500
2020-01-08 19:00:00-05:00,52.09,52.49,51.89,52.31,18813300
2020-01-09 19:00:00-05:00,52.55,53.00,51.93,51.99,15200600
2020-01-12 19:00:00-05:00,52.19,52.73,52.11,52.56,16453300
2020-01-13 19:00:00-05:00,52.48,52.70,52.21,52.42,17051200
2020-01-14 19:00:00-05:00,52.31,52.62,51.82,51.99,18498800
2020-01-15 19:00:00-05:00,52.27,52.78,52.11,52.63,21365500
2020-01-16 19:00:00-05:00,52.91,52.93,52.26,52.57,21803400
2020-01-20 19:00:00-05:00,52.76,54.03,52.74,53.41,28358500
2020-01-21 19:00:00-05:00,53.84,55.44,53.78,55.33,29475100
2020-01-22 19:00:00-05:00,55.45,56.20,55.40,55.85,42778700
2020-01-23 19:00:00-05:00,58.72,61.12,58.62,60.40,84711000
2020-01-26 19:00:00-05:00,58.85,59.47,57.87,57.94,30764000
2020-01-27 19:00:00-05:00,58.66,59.61,58.17,59.37,30915400
2020-01-28 19:00:00-05:00,59.66,60.04,58.37,58.51,18055800
2020-01-29 19:00:00-05:00,57.90,58.66,57.27,58.63,18522400
2020-01-30 19:00:00-05:00,58.04,58.20,56.16,56.39,25268400
2020-02-02 19:00:00-05:00,56.86,57.37,56.72,56.82,16646600
2020-02-03 19:00:00-05:00,58.02,58.27,57.27,57.74,20970800
2020-02-04 19:00:00-05:00,58.83,59.63,58.33,59.40,23401400
2020-02-05 19:00:00-05:00,59.66,59.75,59.19,59.47,17408000
2020-02-06 19:00:00-05:00,59.27,59.66,58.51,58.52,18134600
2020-02-09 19:00:00-05:00,58.11,58.86,58.01,58.85,22299300
2020-02-10 19:00:00-05:00,59.24,60.02,59.01,59.75,17975600
2020-02-11 19:00:00-05:00,59.92,60.36,59.67,59.80,15586600
2020-02-12 19:00:00-05:00,59.38,59.97,59.16,59.78,11602700
2020-02-13 19:00:00-05:00,59.85,60.15,59.23,59.63,13405500
2020-02-17 19:00:00-05:00,59.09,59.12,58.40,58.63,12758400
2020-02-18 19:00:00-05:00,58.85,59.57,58.66,59.49,13551200
2020-02-19 19:00:00-05:00,59.43,59.65,57.23,58.02,26452600
2020-02-20 19:00:00-05:00,57.78,57.84,56.77,57.03,20775900
2020-02-23 19:00:00-05:00,54.61,55.64,54.36,54.75,26903100
2020-02-24 19:00:00-05:00,54.95,55.21,52.71,52.95,34495700
2020-02-25 19:00:00-05:00,53.28,53.91,52.54,52.88,26190100
2020-02-26 19:00:00-05:00,51.35,51.87,49.46,49.49,42226900
2020-02-27 19:00:00-05:00,48.13,49.98,47.51,49.21,60721700
2020-03-01 19:00:00-05:00,49.45,51.61,48.33,51.57,43140300
2020-03-02 19:00:00-05:00,51.44,52.32,49.11,49.61,49740300
2020-03-03 19:00:00-05:00,50.54,52.04,49.78,52.02,29223100
2020-03-04 19:00:00-05:00,50.58,52.00,50.18,50.49,29099200
2020-03-05 19:00:00-05:00,48.91,49.65,48.35,49.44,36259200
2020-03-08 20:00:00-04:00,46.02,46.72,44.32,45.08,56197000
2020-03-09 20:00:00-04:00,46.77,47.87,44.70,47.85,36569000
2020-03-10 20:00:00-04:00,46.44,47.46,45.22,45.79,38563500
2020-03-11 20:00:00-04:00,42.54,44.40,40.22,40.37,50661700
2020-03-12 20:00:00-04:00,42.78,48.75,42.32,48.25,48805100
2020-03-15 20:00:00-04:00,42.11,46.32,38.68,39.54,53878900
2020-03-16 20:00:00-04:00,40.56,45.77,40.07,44.39,52085200
2020-03-17 20:00:00-04:00,41.41,44.37,40.07,42.20,49309900
2020-03-18 20:00:00-04:00,42.41,43.64,40.03,40.72,44538000
2020-03-19 20:00:00-04:00,41.23,43.81,40.31,40.63,52344000
2020-03-22 20:00:00-04:00,40.79,44.76,40.70,43.95,46698500
2020-03-23 20:00:00-04:00,47.11,48.43,45.52,46.45,50019800
2020-03-24 20:00:00-04:00,46.52,47.68,44.24,45.44,41106100
2020-03-25 20:00:00-04:00,45.86,49.60,45.79,49.23,41459800
2020-03-26 20:00:00-04:00,47.35,48.43,46.16,46.42,31633500
2020-03-29 20:00:00-04:00,46.97,49.73,46.83,49.19,31628600
2020-03-30 20:00:00-04:00,48.81,49.46,47.18,47.97,48074700
2020-03-31 20:00:00-04:00,46.54,48.48,45.59,45.99,29586600
2020-04-01 20:00:00-04:00,45.47,48.36,45.40,48.18,27810000
2020-04-02 20:00:00-04:00,47.73,48.87,46.74,47.98,23906100
2020-04-05 20:00:00-04:00,50.20,52.10,49.75,51.79,32323400
2020-04-06 20:00:00-04:00,53.13,54.51,51.60,51.77,41410000
2020-04-07 20:00:00-04:00,52.29,52.75,51.33,52.28,26719500
2020-04-08 20:00:00-04:00,52.62,52.94,49.69,50.65,40499700
2020-04-12 20:00:00-04:00,50.15,52.10,50.15,52.03,23251900
2020-04-13 20:00:00-04:00,53.22,53.98,52.75,53.77,25674000
2020-04-14 20:00:00-04:00,52.96,53.04,51.76,52.18,22841600
2020-04-15 20:00:00-04:00,52.84,54.04,52.13,53.89,24433500
2020-04-16 20:00:00-04:00,54.98,55.07,53.04,53.51,27385600
2020-04-19 20:00:00-04:00,52.55,53.22,52.20,52.46,26420300
2020-04-20 20:00:00-04:00,51.51,51.95,49.58,49.96,25248000
2020-04-21 20:00:00-04:00,51.65,53.63,51.24,53.27,23350400
2020-04-22 20:00:00-04:00,52.89,53.27,52.13,52.34,35092000
2020-04-23 20:00:00-04:00,49.82,52.65,49.73,52.53,50187000
2020-04-26 20:00:00-04:00,52.94,53.04,51.76,52.72,25902200
2020-04-27 20:00:00-04:00,53.18,53.38,51.64,52.08,28784700
2020-04-28 20:00:00-04:00,52.69,54.99,52.58,54.78,30451500
2020-04-29 20:00:00-04:00,54.40,54.55,52.96,53.17,26279900
2020-04-30 20:00:00-04:00,52.15,52.58,50.80,50.94,21194800
2020-05-03 20:00:00-04:00,50.63,51.48,49.92,51.40,18957200
2020-05-04 20:00:00-04:00,52.11,52.57,51.72,52.08,17252100
2020-05-05 20:00:00-04:00,52.63,53.44,52.54,52.76,17848700
2020-05-06 20:00:00-04:00,53.42,53.58,52.52,52.75,14733500
2020-05-07 20:00:00-04:00,53.19,53.29,52.64,53.19,20384500
2020-05-10 20:00:00-04:00,53.25,54.24,53.23,53.60,18684400
2020-05-11 20:00:00-04:00,53.68,54.06,51.94,52.05,16754900
2020-05-12 20:00:00-04:00,52.10,52.80,50.72,51.47,21065000
2020-05-13 20:00:00-04:00,51.10,52.73,50.01,52.67,21569400
2020-05-14 20:00:00-04:00,51.17,52.03,50.78,51.95,21373300
2020-05-17 20:00:00-04:00,53.25,53.74,52.92,53.42,20428700
2020-05-18 20:00:00-04:00,53.60,55.06,53.35,53.75,21865000
2020-05-19 20:00:00-04:00,54.52,56.60,54.40,56.25,30584000
2020-05-20 20:00:00-04:00,56.25,56.87,55.11,55.25,20987700
2020-05-21 20:00:00-04:00,55.25,55.55,54.75,55.50,14103000
2020-05-25 20:00:00-04:00,56.77,57.18,55.38,55.57,20933600
2020-05-26 20:00:00-04:00,55.55,56.69,54.44,56.66,19886300
2020-05-27 20:00:00-04:00,56.16,56.56,54.81,55.00,17253500
2020-05-28 20:00:00-04:00,55.18,56.75,54.93,56.10,33393900
2020-05-31 20:00:00-04:00,55.71,55.86,54.97,55.14,14317700
2020-06-01 20:00:00-04:00,55.00,55.42,54.23,55.38,20702400
2020-06-02 20:00:00-04:00,55.67,55.75,54.85,55.21,16737300
2020-06-03 20:00:00-04:00,55.04,56.58,54.68,56.13,22010100
2020-06-04 20:00:00-04:00,56.48,58.04,56.30,57.36,26813100
2020-06-07 20:00:00-04:00,57.03,57.19,56.11,56.76,21546200
2020-06-08 20:00:00-04:00,56.15,56.79,56.07,56.20,23594100
2020-06-09 20:00:00-04:00,55.97,57.31,55.94,56.94,21367800
2020-06-10 20:00:00-04:00,56.22,56.43,53.06,53.22,26998200
2020-06-11 20:00:00-04:00,53.58,54.34,51.81,52.89,30419800
2020-06-14 20:00:00-04:00,52.89,53.81,52.22,53.58,29651700
2020-06-15 20:00:00-04:00,54.81,54.96,53.03,53.84,23226600
2020-06-16 20:00:00-04:00,54.15,54.63,53.54,53.92,20454800
2020-06-17 20:00:00-04:00,53.80,53.94,52.88,53.56,24899700
2020-06-18 20:00:00-04:00,54.07,54.28,52.68,53.15,60336100
2020-06-21 20:00:00-04:00,53.25,53.98,52.44,53.57,22846000
2020-06-22 20:00:00-04:00,53.66,53.91,53.36,53.42,22809600
2020-06-23 20:00:00-04:00,53.17,53.32,52.30,52.68,27764500
2020-06-24 20:00:00-04:00,52.58,52.68,51.24,52.16,21906900
2020-06-25 20:00:00-04:00,52.14,52.35,50.87,51.26,38477500
2020-06-28 20:00:00-04:00,51.23,52.02,50.60,51.94,22150300
2020-06-29 20:00:00-04:00,52.34,53.47,52.19,53.34,31542100
2020-06-30 20:00:00-04:00,53.41,53.51,52.38,52.43,14748100
2020-07-01 20:00:00-04:00,52.76,53.32,52.57,52.71,15578600
2020-07-05 20:00:00-04:00,52.35,53.15,52.24,53.08,20536700
2020-07-06 20:00:00-04:00,52.66,53.10,51.83,51.98,15996500
2020-07-07 20:00:00-04:00,52.10,52.33,51.64,52.25,13277900
2020-07-08 20:00:00-04:00,51.88,52.37,51.44,52.08,20683700
2020-07-09 20:00:00-04:00,51.66,53.21,51.55,53.07,17742300
2020-07-12 20:00:00-04:00,53.34,54.04,52.05,52.22,19082900
2020-07-13 20:00:00-04:00,51.59,52.82,51.12,52.58,24190900
2020-07-14 20:00:00-04:00,52.62,52.90,52.08,52.62,19986300
2020-07-15 20:00:00-04:00,52.19,52.92,52.06,52.72,12425900
2020-07-16 20:00:00-04:00,52.97,53.90,52.84,53.49,16322800
2020-07-19 20:00:00-04:00,53.56,54.72,52.90,54.51,16868700
2020-07-20 20:00:00-04:00,54.84,55.21,53.88,54.11,19803700
2020-07-21 20:00:00-04:00,54.65,55.06,54.04,54.42,18959900
2020-07-22 20:00:00-04:00,54.61,55.04,53.47,53.84,43518600
2020-07-23 20:00:00-04:00,46.49,46.52,44.13,45.10,182269900
2020-07-26 20:00:00-04:00,45.49,45.59,44.10,44.19,107526500
2020-07-27 20:00:00-04:00,44.11,44.78,43.81,43.89,62362600
2020-07-28 20:00:00-04:00,44.12,44.13,42.70,42.85,60500800
2020-07-29 20:00:00-04:00,42.64,43.23,42.42,42.78,39735200
2020-07-30 20:00:00-04:00,42.91,43.07,41.87,42.55,46536000
2020-08-02 20:00:00-04:00,43.03,43.35,42.56,43.06,31767100
2020-08-03 20:00:00-04:00,43.32,43.81,43.23,43.80,29045800
2020-08-04 20:00:00-04:00,44.32,44.32,43.38,43.61,29438600
2020-08-05 20:00:00-04:00,43.79,43.82,43.17,43.59,23795500
2020-08-06 20:00:00-04:00,43.56,43.66,42.81,43.11,36765200
2020-08-09 20:00:00-04:00,43.26,44.33,43.13,44.17,37442600
2020-08-10 20:00:00-04:00,44.54,44.63,43.13,43.25,35348100
2020-08-11 20:00:00-04:00,43.68,44.21,43.30,44.15,30659800
2020-08-12 20:00:00-04:00,44.21,44.27,43.43,43.58,24774500
2020-08-13 20:00:00-04:00,43.74,44.17,43.66,43.88,22321200
2020-08-16 20:00:00-04:00,44.08,44.26,43.74,43.91,20018300
2020-08-17 20:00:00-04:00,44.21,44.49,43.64,43.66,19251400
2020-08-18 20:00:00-04:00,43.79,43.96,43.30,43.38,27775000
2020-08-19 20:00:00-04:00,44.70,45.05,43.98,44.13,55081300
2020-08-20 20:00:00-04:00,44.00,44.26,43.66,44.23,34621500
2020-08-23 20:00:00-04:00,44.21,44.34,43.82,44.10,36295300
2020-08-24 20:00:00-04:00,44.29,44.77,44.17,44.36,38384300
2020-08-25 20:00:00-04:00,44.33,44.58,44.18,44.47,28616600
2020-08-26 20:00:00-04:00,44.69,44.81,44.13,44.34,24420600
2020-08-27 20:00:00-04:00,44.49,45.59,44.39,45.26,35384700
2020-08-30 20:00:00-04:00,45.77,46.22,45.16,45.73,46114100
2020-08-31 20:00:00-04:00,45.69,45.77,45.07,45.58,30472800
2020-09-01 20:00:00-04:00,45.96,47.28,45.85,46.89,53000700
2020-09-02 20:00:00-04:00,47.12,47.23,45.00,45.22,47394300
2020-09-03 20:00:00-04:00,45.35,45.98,44.42,44.95,43318400
2020-09-07 20:00:00-04:00,44.21,44.79,43.84,43.90,39752700
2020-09-08 20:00:00-04:00,44.45,44.85,44.01,44.53,33437300
2020-09-09 20:00:00-04:00,44.87,44.96,43.72,43.94,32649100
2020-09-10 20:00:00-04:00,44.21,44.92,43.93,44.23,29333600
2020-09-13 20:00:00-04:00,43.84,44.62,43.84,44.35,27212500
2020-09-14 20:00:00-04:00,44.69,45.41,44.63,44.87,27598300
2020-09-15 20:00:00-04:00,45.33,45.80,45.03,45.21,26531400
2020-09-16 20:00:00-04:00,44.31,45.31,44.25,45.16,26959900
2020-09-17 20:00:00-04:00,45.17,45.32,44.01,44.78,50123500
2020-09-20 20:00:00-04:00,44.33,44.65,43.82,44.62,27377100
2020-09-21 20:00:00-04:00,44.78,45.06,44.40,44.83,22290900
2020-09-22 20:00:00-04:00,44.72,45.01,43.67,43.82,30078800
2020-09-23 20:00:00-04:00,43.56,44.55,43.46,44.12,29343400
2020-09-24 20:00:00-04:00,43.94,45.13,43.75,44.82,26633400
2020-09-27 20:00:00-04:00,45.33,46.19,45.02,46.16,29652200
2020-09-28 20:00:00-04:00,46.05,46.44,45.73,45.94,19558200
2020-09-29 20:00:00-04:00,45.99,47.01,45.91,46.47,27711300
2020-09-30 20:00:00-04:00,47.03,47.32,46.66,46.89,22127600
2020-10-01 20:00:00-04:00,46.22,46.65,45.76,45.78,25811800
2020-10-04 20:00:00-04:00,46.04,46.50,46.01,46.39,20883200
2020-10-05 20:00:00-04:00,46.41,47.30,45.98,46.10,25642800
2020-10-06 20:00:00-04:00,46.54,47.48,46.48,47.27,21978700
2020-10-07 20:00:00-04:00,47.49,48.09,47.27,47.90,22369500
2020-10-08 20:00:00-04:00,48.06,48.33,47.27,47.41,24343900
2020-10-11 20:00:00-04:00,48.06,48.64,47.76,48.36,27303500
2020-10-12 20:00:00-04:00,48.71,48.73,48.12,48.31,20005800
2020-10-13 20:00:00-04:00,48.47,48.82,48.03,48.06,21874200
2020-10-14 20:00:00-04:00,47.34,48.45,47.23,48.33,18272900
2020-10-15 20:00:00-04:00,48.38,49.09,48.38,48.61,23414400
2020-10-18 20:00:00-04:00,48.89,50.47,48.32,48.99,43537200
2020-10-19 20:00:00-04:00,49.00,49.09,47.81,47.95,27224900
2020-10-20 20:00:00-04:00,47.69,48.53,47.41,48.02,21866000
2020-10-21 20:00:00-04:00,47.68,48.66,47.63,48.38,41522700
2020-10-22 20:00:00-04:00,43.39,43.68,42.77,43.26,97322500
2020-10-25 20:00:00-04:00,42.95,42.95,41.51,41.93,54161300
2020-10-26 20:00:00-04:00,41.27,41.65,40.71,40.96,50130500
2020-10-27 20:00:00-04:00,40.29,40.65,39.67,39.71,45066000
2020-10-28 20:00:00-04:00,39.71,39.91,39.42,39.59,36796800
2020-10-29 20:00:00-04:00,39.58,40.21,39.14,39.74,46781300
2020-11-01 19:00:00-05:00,40.35,40.44,39.71,39.90,33856700
2020-11-02 19:00:00-05:00,40.15,40.80,40.12,40.25,34349500
2020-11-03 19:00:00-05:00,40.49,41.42,40.19,41.02,34748200
2020-11-04 19:00:00-05:00,41.72,41.93,41.16,41.30,31103200
2020-11-05 19:00:00-05:00,41.17,41.40,40.59,41.03,36233700
2020-11-08 19:00:00-05:00,42.16,42.81,41.17,41.22,48481700
2020-11-09 19:00:00-05:00,41.04,42.02,40.91,41.08,39224500
2020-11-10 19:00:00-05:00,41.49,42.00,41.46,41.90,31496900
2020-11-11 19:00:00-05:00,41.70,41.76,40.27,40.64,42881300
2020-11-12 19:00:00-05:00,40.67,41.21,40.65,41.10,30884700
2020-11-15 19:00:00-05:00,41.62,42.26,41.40,41.76,36306300
2020-11-16 19:00:00-05:00,41.36,41.69,41.05,41.16,31118000
2020-11-17 19:00:00-05:00,41.18,41.30,40.72,40.74,32817900
2020-11-18 19:00:00-05:00,40.61,41.29,40.41,41.24,29469100
2020-11-19 19:00:00-05:00,41.28,41.48,40.98,41.03,24199300
2020-11-22 19:00:00-05:00,41.12,41.78,41.09,41.64,35489600
2020-11-23 19:00:00-05:00,41.85,42.76,41.59,42.50,33901200
2020-11-24 19:00:00-05:00,42.52,42.65,42.10,42.53,28126900
2020-11-26 19:00:00-05:00,42.81,43.48,42.81,42.90,15921400
2020-11-29 19:00:00-05:00,42.87,43.85,42.73,43.71,46332700
2020-11-30 19:00:00-05:00,44.07,45.41,44.04,44.80,57768000
2020-12-01 19:00:00-05:00,44.50,45.26,44.46,45.11,33753500
2020-12-02 19:00:00-05:00,45.13,46.20,45.00,46.10,50261200
2020-12-03 19:00:00-05:00,46.16,47.60,46.11,47.00,39767700
2020-12-06 19:00:00-05:00,46.11,46.37,44.80,45.38,51040300
2020-12-07 19:00:00-05:00,45.05,45.85,45.03,45.83,28956500
2020-12-08 19:00:00-05:00,45.45,45.96,44.96,45.26,34068400
2020-12-09 19:00:00-05:00,44.89,45.85,44.83,45.44,33706000
2020-12-10 19:00:00-05:00,45.33,45.33,44.41,44.96,29398800
2020-12-13 19:00:00-05:00,45.04,46.41,44.97,45.63,33436400
2020-12-14 19:00:00-05:00,46.09,46.11,45.39,45.81,25465600
2020-12-15 19:00:00-05:00,45.84,46.52,45.82,46.21,28351000
2020-12-16 19:00:00-05:00,46.24,46.39,45.40,45.79,26399000
2020-12-17 19:00:00-05:00,45.72,45.82,42.59,42.91,119298400
2020-12-20 19:00:00-05:00,41.87,41.99,40.90,41.91,53775700
2020-12-21 19:00:00-05:00,41.81,41.89,41.38,41.74,32171200
2020-12-22 19:00:00-05:00,41.74,42.52,41.65,42.10,22564200
2020-12-23 19:00:00-05:00,42.13,42.57,41.89,42.55,11865600
2020-12-27 19:00:00-05:00,42.66,43.07,42.36,42.55,21269200
2020-12-28 19:00:00-05:00,42.69,45.81,42.03,44.65,84531400
2020-12-29 19:00:00-05:00,44.40,44.47,43.90,44.07,37385400
2020-12-30 19:00:00-05:00,44.07,45.37,44.04,45.04,28576800
2021-01-03 19:00:00-05:00,45.10,46.46,44.66,44.90,46102500
2021-01-04 19:00:00-05:00,44.70,45.95,44.60,45.75,24866600
2021-01-05 19:00:00-05:00,45.60,47.14,45.38,46.20,36809600
2021-01-06 19:00:00-05:00,46.55,47.63,46.38,47.18,32092300
2021-01-07 19:00:00-05:00,47.42,47.49,46.35,46.69,34625400
2021-01-10 19:00:00-05:00,46.37,47.23,46.33,46.59,32925000
2021-01-11 19:00:00-05:00,46.92,48.68,46.61,48.13,39883900
2021-01-12 19:00:00-05:00,53.79,54.47,51.44,51.48,124070700
2021-01-13 19:00:00-05:00,52.84,54.37,52.29,53.56,74680900
2021-01-14 19:00:00-05:00,53.20,53.93,51.98,52.05,50265400
2021-01-18 19:00:00-05:00,52.38,52.74,51.62,52.42,35647100
2021-01-19 19:00:00-05:00,52.65,53.54,52.51,53.04,28701300
2021-01-20 19:00:00-05:00,53.37,57.81,52.63,56.47,86519500
2021-01-21 19:00:00-05:00,53.20,53.90,51.21,51.22,85729300
2021-01-24 19:00:00-05:00,50.97,51.08,48.87,50.12,61968500
2021-01-25 19:00:00-05:00,49.97,50.81,49.59,49.91,31485900
2021-01-26 19:00:00-05:00,49.37,49.59,48.18,48.45,49722900
2021-01-27 19:00:00-05:00,49.53,51.89,49.45,50.69,49202600
2021-01-28 19:00:00-05:00,50.61,51.67,50.05,50.18,37256200
2021-01-31 19:00:00-05:00,50.58,51.88,50.36,51.25,26926600
2021-02-01 19:00:00-05:00,51.70,52.69,51.42,52.43,23580900
2021-02-02 19:00:00-05:00,52.33,52.73,51.87,52.14,21893200
2021-02-03 19:00:00-05:00,52.40,53.55,52.02,53.47,29853800
2021-02-04 19:00:00-05:00,53.66,53.73,52.86,52.92,23432600
2021-02-07 19:00:00-05:00,53.10,53.86,52.71,53.81,34358300
2021-02-08 19:00:00-05:00,53.45,53.94,52.70,53.46,28754100
2021-02-09 19:00:00-05:00,53.93,54.04,52.86,53.53,16325100
2021-02-10 19:00:00-05:00,53.75,55.47,53.53,55.17,27539100
2021-02-11 19:00:00-05:00,55.12,56.85,54.96,56.22,26214200
2021-02-15 19:00:00-05:00,56.39,57.18,56.12,56.82,26326300
2021-02-16 19:00:00-05:00,55.93,56.56,55.67,56.25,21055400
2021-02-17 19:00:00-05:00,55.16,56.37,55.15,56.04,17846100
2021-02-18 19:00:00-05:00,56.31,57.54,56.25,57.31,28290100
2021-02-21 19:00:00-05:00,56.28,57.03,55.17,55.22,32288200
2021-02-22 19:00:00-05:00,55.01,55.94,53.82,55.59,27374600
2021-02-23 19:00:00-05:00,55.05,57.55,54.92,57.47,24669900
2021-02-24 19:00:00-05:00,56.76,57.79,54.69,54.93,36394000
2021-02-25 19:00:00-05:00,55.38,56.11,54.28,55.28,38216800
2021-02-28 19:00:00-05:00,56.14,57.37,56.07,57.19,28495400
2021-03-01 19:00:00-05:00,57.12,57.43,55.58,55.70,23320000
2021-03-02 19:00:00-05:00,55.15,55.95,54.30,54.48,28740400
2021-03-03 19:00:00-05:00,54.42,54.79,52.67,53.05,40210400
2021-03-04 19:00:00-05:00,53.90,55.64,53.22,55.24,39511700
2021-03-07 19:00:00-05:00,55.00,56.12,54.32,54.43,33112400
2021-03-08 19:00:00-05:00,55.64,57.45,55.33,57.00,36387500
2021-03-09 19:00:00-05:00,57.50,58.32,56.51,56.62,27160300
2021-03-10 19:00:00-05:00,57.24,58.29,56.74,57.58,30701800
2021-03-11 19:00:00-05:00,56.98,57.57,56.61,57.21,20173000
2021-03-14 20:00:00-04:00,57.85,58.10,56.83,58.02,21247400
2021-03-15 20:00:00-04:00,58.35,59.78,58.28,58.92,30186600
2021-03-16 20:00:00-04:00,58.41,60.29,57.95,59.83,32394700
2021-03-17 20:00:00-04:00,59.69,59.75,57.89,57.96,30094200
2021-03-18 20:00:00-04:00,57.46,59.11,57.23,57.99,54951700
2021-03-21 20:00:00-04:00,58.95,60.37,58.72,59.69,34380100
2021-03-22 20:00:00-04:00,60.03,60.07,57.45,57.74,35160000
2021-03-23 20:00:00-04:00,60.56,61.34,56.38,56.43,74584700
2021-03-24 20:00:00-04:00,56.08,56.79,55.46,56.41,35401400
2021-03-25 20:00:00-04:00,56.21,59.09,56.18,59.00,34705800
2021-03-28 20:00:00-04:00,58.22,59.24,57.85,58.66,26161600
2021-03-29 20:00:00-04:00,58.00,58.21,57.44,58.00,20709500
2021-03-30 20:00:00-04:00,58.22,58.65,57.83,58.21,33013200
2021-03-31 20:00:00-04:00,58.86,59.02,57.83,58.71,31416300
2021-04-04 20:00:00-04:00,59.07,60.70,58.85,60.52,27947500
2021-04-05 20:00:00-04:00,60.08,60.56,59.38,59.63,28771400
2021-04-06 20:00:00-04:00,59.73,60.55,59.45,60.26,17793300
2021-04-07 20:00:00-04:00,60.91,61.20,60.36,60.98,22224200
2021-04-08 20:00:00-04:00,60.76,62.21,60.60,62.08,27177100
2021-04-11 20:00:00-04:00,62.03,62.29,58.85,59.49,51266900
2021-04-12 20:00:00-04:00,59.67,59.69,58.40,59.32,26822000
2021-04-13 20:00:00-04:00,59.40,59.46,58.06,58.38,25768400
2021-04-14 20:00:00-04:00,58.18,59.32,57.92,59.14,24927700
2021-04-15 20:00:00-04:00,59.42,59.59,58.73,58.89,24625500
2021-04-18 20:00:00-04:00,58.85,58.88,57.36,57.87,23997700
2021-04-19 20:00:00-04:00,57.88,57.99,56.76,57.03,19872100
2021-04-20 20:00:00-04:00,57.11,58.01,56.66,57.94,24364200
2021-04-21 20:00:00-04:00,57.62,58.13,56.64,56.91,38257600
2021-04-22 20:00:00-04:00,53.81,54.57,52.66,53.88,77479500
2021-04-25 20:00:00-04:00,53.75,54.13,53.17,53.44,39645900
2021-04-26 20:00:00-04:00,53.26,53.32,52.54,52.72,38167700
2021-04-27 20:00:00-04:00,52.32,52.90,51.98,52.41,30387400
2021-04-28 20:00:00-04:00,52.64,53.02,52.27,53.01,23290600
2021-04-29 20:00:00-04:00,52.40,53.14,51.91,52.32,30731800
2021-05-02 20:00:00-04:00,52.62,52.64,51.70,52.08,22281700
2021-05-03 20:00:00-04:00,51.73,51.82,50.76,51.75,35323600
2021-05-04 20:00:00-04:00,51.81,52.12,51.35,51.71,21001900
2021-05-05 20:00:00-04:00,51.81,52.39,51.48,52.34,25529300
2021-05-06 20:00:00-04:00,52.80,53.09,52.38,52.77,19959000
2021-05-09 20:00:00-04:00,52.30,52.37,51.14,51.22,35046500
2021-05-10 20:00:00-04:00,50.38,50.91,49.69,50.37,35968100
2021-05-11 20:00:00-04:00,49.77,50.01,48.89,49.07,30232300
2021-05-12 20:00:00-04:00,49.45,49.77,48.92,49.43,29192500
2021-05-13 20:00:00-04:00,49.97,51.11,49.65,50.65,28158300
2021-05-16 20:00:00-04:00,50.60,51.15,50.11,50.63,20010200
2021-05-17 20:00:00-04:00,51.20,51.37,50.15,50.18,18703400
2021-05-18 20:00:00-04:00,49.48,50.72,49.27,50.66,23769700
2021-05-19 20:00:00-04:00,50.85,51.47,50.66,51.20,23145200
2021-05-20 20:00:00-04:00,51.63,51.90,51.23,51.32,17723100
2021-05-23 20:00:00-04:00,51.84,52.52,51.61,52.12,19164400
2021-05-24 20:00:00-04:00,52.67,52.67,51.63,52.04,22309900
2021-05-25 20:00:00-04:00,52.21,52.37,51.79,52.09,15173600
2021-05-26 20:00:00-04:00,52.26,52.97,52.16,52.83,32387600
2021-05-27 20:00:00-04:00,52.66,52.76,52.11,52.27,20303900
2021-05-31 20:00:00-04:00,52.72,52.91,51.79,52.06,20326400
2021-06-01 20:00:00-04:00,52.08,52.79,51.94,52.60,18483600
2021-06-02 20:00:00-04:00,52.14,52.25,51.33,51.47,21831300
2021-06-03 20:00:00-04:00,51.75,52.85,51.74,52.50,21493800
2021-06-06 20:00:00-04:00,52.54,52.56,51.96,52.24,17364400
2021-06-07 20:00:00-04:00,52.57,52.75,51.80,52.16,33254500
2021-06-08 20:00:00-04:00,52.49,52.60,52.13,52.16,13904800
2021-06-09 20:00:00-04:00,52.30,53.10,52.10,52.51,26738100
2021-06-10 20:00:00-04:00,52.59,53.02,52.12,52.94,18119700
2021-06-13 20:00:00-04:00,53.09,53.26,52.37,53.25,21784500
2021-06-14 20:00:00-04:00,53.27,53.46,52.89,53.07,20806500
2021-06-15 20:00:00-04:00,53.21,53.42,51.95,52.36,21879700
2021-06-16 20:00:00-04:00,52.21,52.99,51.89,52.33,21498800
2021-06-17 20:00:00-04:00,51.87,51.93,50.42,50.94,55118300
2021-06-20 20:00:00-04:00,51.02,51.28,50.67,51.13,19254600
2021-06-21 20:00:00-04:00,51.19,51.50,50.79,51.13,18682800
2021-06-22 20:00:00-04:00,51.13,51.22,50.54,50.57,20287900
2021-06-23 20:00:00-04:00,50.78,51.34,50.64,51.31,21209700
2021-06-24 20:00:00-04:00,51.26,51.62,51.02,51.16,21101200
2021-06-27 20:00:00-04:00,51.58,52.83,51.56,52.60,22480900
2021-06-28 20:00:00-04:00,52.66,52.92,51.14,51.93,26360000
2021-06-29 20:00:00-04:00,51.56,51.59,50.69,51.37,29891600
2021-06-30 20:00:00-04:00,51.37,51.83,51.13,51.26,24871600
2021-07-01 20:00:00-04:00,51.75,52.15,51.54,51.94,17219400
2021-07-05 20:00:00-04:00,52.09,52.17,50.97,51.33,26186600
2021-07-06 20:00:00-04:00,51.59,51.66,50.98,51.21,14857400
2021-07-07 20:00:00-04:00,50.61,50.99,50.14,50.69,19162000
2021-07-08 20:00:00-04:00,50.80,51.35,50.61,51.24,18708000
2021-07-11 20:00:00-04:00,51.48,51.94,51.35,51.91,15392800
2021-07-12 20:00:00-04:00,51.81,52.44,51.56,52.04,15716000
2021-07-13 20:00:00-04:00,52.32,52.58,51.55,51.72,16263600
2021-07-14 20:00:00-04:00,51.61,51.61,50.85,51.07,18917000
2021-07-15 20:00:00-04:00,51.29,52.10,50.24,50.30,25263800
2021-07-18 20:00:00-04:00,49.79,50.16,49.39,50.00,27007700
2021-07-19 20:00:00-04:00,50.26,50.84,49.66,50.55,19867000
2021-07-20 20:00:00-04:00,50.50,51.50,50.34,51.46,18497200
2021-07-21 20:00:00-04:00,51.30,51.74,50.95,51.21,36691000
2021-07-22 20:00:00-04:00,49.95,50.07,47.88,48.50,67742300
2021-07-25 20:00:00-04:00,48.33,49.91,48.28,49.70,32881200
2021-07-26 20:00:00-04:00,48.61,48.68,47.87,48.67,39878000
2021-07-27 20:00:00-04:00,48.53,49.34,48.45,48.57,28478800
2021-07-28 20:00:00-04:00,48.94,49.51,48.79,49.14,16886600
2021-07-29 20:00:00-04:00,49.10,49.32,48.73,49.16,16465700
2021-08-01 20:00:00-04:00,49.41,49.85,49.00,49.12,18098100
2021-08-02 20:00:00-04:00,49.32,49.56,48.74,49.47,16375900
2021-08-03 20:00:00-04:00,49.64,49.82,49.14,49.32,17612700
2021-08-04 20:00:00-04:00,49.73,49.76,49.35,49.64,15310000
2021-08-05 20:00:00-04:00,49.61,49.86,49.49,49.66,19256000
2021-08-08 20:00:00-04:00,49.81,50.11,49.58,49.78,14670100
2021-08-09 20:00:00-04:00,49.96,50.10,49.29,49.68,16215700
2021-08-10 20:00:00-04:00,49.98,50.07,49.59,49.87,18590800
2021-08-11 20:00:00-04:00,49.89,49.90,49.06,49.31,15070100
2021-08-12 20:00:00-04:00,49.28,49.33,48.87,49.27,15281100
2021-08-15 20:00:00-04:00,49.03,49.27,48.82,49.25,17690300
2021-08-16 20:00:00-04:00,48.97,48.98,48.10,48.53,22014900
2021-08-17 20:00:00-04:00,48.45,48.84,48.00,48.07,15061700
2021-08-18 20:00:00-04:00,47.94,48.51,47.51,48.30,22999400
2021-08-19 20:00:00-04:00,48.04,48.25,47.36,47.90,25728300
2021-08-22 20:00:00-04:00,48.44,49.31,48.34,49.03,23976300
2021-08-23 20:00:00-04:00,49.33,49.71,49.10,49.56,20348800
2021-08-24 20:00:00-04:00,49.81,49.95,49.49,49.56,15048400
2021-08-25 20:00:00-04:00,49.51,49.51,48.79,48.94,19570000
2021-08-26 20:00:00-04:00,49.15,49.68,48.74,49.64,16525000
2021-08-29 20:00:00-04:00,49.98,50.54,49.52,49.68,14581300
2021-08-30 20:00:00-04:00,50.14,50.20,49.42,49.79,22350100
2021-08-31 20:00:00-04:00,49.84,49.88,49.30,49.43,18615000
2021-09-01 20:00:00-04:00,49.55,49.64,49.14,49.49,15869500
2021-09-02 20:00:00-04:00,49.22,49.81,49.11,49.29,13456200
2021-09-06 20:00:00-04:00,49.34,49.69,49.22,49.41,13915000
2021-09-07 20:00:00-04:00,49.49,49.66,48.81,49.34,18235100
2021-09-08 20:00:00-04:00,49.42,49.64,49.13,49.18,13495800
2021-09-09 20:00:00-04:00,49.60,50.64,49.56,49.59,20324700
2021-09-12 20:00:00-04:00,50.30,51.11,50.11,50.65,22639200
2021-09-13 20:00:00-04:00,51.00,51.06,49.99,50.22,22072700
2021-09-14 20:00:00-04:00,50.35,50.80,50.12,50.77,18796200
2021-09-15 20:00:00-04:00,50.53,50.61,49.96,50.50,19863100
2021-09-16 20:00:00-04:00,50.28,50.28,49.43,49.98,35359200
2021-09-19 20:00:00-04:00,49.01,49.28,48.19,48.80,35051900
2021-09-20 20:00:00-04:00,49.00,49.23,48.66,48.70,17968900
2021-09-21 20:00:00-04:00,49.18,49.62,48.82,49.28,18594100
2021-09-22 20:00:00-04:00,49.51,50.01,49.37,49.76,16474300
2021-09-23 20:00:00-04:00,49.53,50.12,49.49,49.94,12976200
2021-09-26 20:00:00-04:00,49.68,50.54,49.57,50.35,13899900
2021-09-27 20:00:00-04:00,49.90,50.28,49.70,49.74,24691300
2021-09-28 20:00:00-04:00,49.74,49.78,48.98,49.27,20514300
2021-09-29 20:00:00-04:00,49.52,49.72,49.06,49.07,20534100
2021-09-30 20:00:00-04:00,49.41,49.84,48.86,49.61,19895100
2021-10-03 20:00:00-04:00,49.67,50.04,48.89,49.25,27353300
2021-10-04 20:00:00-04:00,49.32,50.05,49.26,49.69,18129400
2021-10-05 20:00:00-04:00,49.26,49.80,48.88,49.72,20059600
2021-10-06 20:00:00-04:00,50.03,50.65,49.85,49.90,20704400
2021-10-07 20:00:00-04:00,50.24,50.27,49.46,49.56,16068000
2021-10-10 20:00:00-04:00,49.56,50.11,49.20,49.22,14398800
2021-10-11 20:00:00-04:00,49.34,49.48,47.90,48.05,32784300
2021-10-12 20:00:00-04:00,48.25,48.43,47.78,48.13,18534000
2021-10-13 20:00:00-04:00,48.72,49.74,48.57,49.65,26586700
2021-10-14 20:00:00-04:00,49.92,50.19,49.56,50.16,25231100
2021-10-17 20:00:00-04:00,49.91,50.25,49.48,50.17,22407600
2021-10-18 20:00:00-04:00,50.32,50.86,50.08,50.85,18392900
2021-10-19 20:00:00-04:00,50.89,51.11,50.73,51.00,16850300
2021-10-20 20:00:00-04:00,50.59,51.64,50.50,51.58,38390900
2021-10-21 20:00:00-04:00,46.41,46.56,45.26,45.56,109971900
2021-10-24 20:00:00-04:00,45.90,46.12,45.42,45.51,43178800
2021-10-25 20:00:00-04:00,45.50,45.54,44.15,44.47,68405400
2021-10-26 20:00:00-04:00,44.69,44.97,44.09,44.11,41081500
2021-10-27 20:00:00-04:00,44.34,44.54,44.10,44.28,31317200
2021-10-28 20:00:00-04:00,44.30,45.39,44.14,45.13,42301000
2021-10-31 20:00:00-04:00,45.50,45.68,45.13,45.64,28013700
2021-11-01 20:00:00-04:00,45.69,45.96,45.34,45.92,27193300
2021-11-02 20:00:00-04:00,45.99,46.47,45.79,46.41,23962100
2021-11-03 20:00:00-04:00,46.60,46.70,46.12,46.66,24806000
2021-11-04 20:00:00-04:00,46.88,47.84,46.87,47.23,36816200
2021-11-07 19:00:00-05:00,47.73,48.22,47.36,47.81,31647800
2021-11-08 19:00:00-05:00,47.80,48.01,47.09,47.49,22508400
2021-11-09 19:00:00-05:00,47.28,47.66,47.03,47.08,25040700
2021-11-10 19:00:00-05:00,47.31,47.37,46.75,46.86,25420000
2021-11-11 19:00:00-05:00,46.93,47.21,46.54,46.66,23884800
2021-11-14 19:00:00-05:00,46.75,46.96,46.48,46.67,24695800
2021-11-15 19:00:00-05:00,46.72,47.44,46.69,46.94,30927800
2021-11-16 19:00:00-05:00,46.93,47.25,46.35,46.59,23546900
2021-11-17 19:00:00-05:00,46.60,46.60,45.42,46.08,30658200
2021-11-18 19:00:00-05:00,46.00,46.12,45.67,45.93,27607600
2021-11-21 19:00:00-05:00,45.96,47.16,45.83,46.22,33389600
2021-11-22 19:00:00-05:00,46.52,46.79,45.11,45.54,44713300
2021-11-23 19:00:00-05:00,45.32,46.17,45.10,46.15,26035800
2021-11-25 19:00:00-05:00,45.35,45.61,44.63,45.24,25269000
2021-11-28 19:00:00-05:00,45.72,46.49,45.19,46.37,31478900
2021-11-29 19:00:00-05:00,45.91,46.74,45.15,45.63,49460800
2021-11-30 19:00:00-05:00,46.22,46.66,45.00,45.07,35093500
2021-12-01 19:00:00-05:00,45.08,46.18,44.82,45.91,37240800
2021-12-02 19:00:00-05:00,46.08,46.43,45.22,45.68,32224900
2021-12-05 19:00:00-05:00,45.89,47.50,45.61,47.29,40336000
2021-12-06 19:00:00-05:00,50.70,51.01,48.42,48.76,91731500
2021-12-07 19:00:00-05:00,48.76,49.04,47.65,48.00,37143400
2021-12-08 19:00:00-05:00,47.58,47.85,46.77,46.82,31694200
2021-12-09 19:00:00-05:00,47.15,47.37,46.42,46.92,23783600
2021-12-12 19:00:00-05:00,47.16,47.32,46.33,46.37,35726900
2021-12-13 19:00:00-05:00,46.21,46.62,45.74,46.10,34120400
2021-12-14 19:00:00-05:00,46.25,47.10,45.75,46.99,32590300
2021-12-15 19:00:00-05:00,47.06,47.67,46.91,47.14,33132300
2021-12-16 19:00:00-05:00,46.92,47.32,46.38,46.95,50102300
2021-12-19 19:00:00-05:00,46.29,46.49,45.41,46.00,30140300
2021-12-20 19:00:00-05:00,46.32,47.15,46.32,47.09,31956300
2021-12-21 19:00:00-05:00,46.97,47.32,46.57,47.27,23307900
2021-12-22 19:00:00-05:00,47.37,47.98,47.35,47.59,25198200
2021-12-26 19:00:00-05:00,47.63,48.28,47.58,48.17,20985400
2021-12-27 19:00:00-05:00,48.16,48.34,47.89,48.01,19290400
2021-12-28 19:00:00-05:00,48.05,48.36,47.91,48.07,14174800
2021-12-29 19:00:00-05:00,48.15,48.36,47.90,47.99,18359400
2021-12-30 19:00:00-05:00,48.13,48.38,47.73,47.76,16319000
2022-01-02 19:00:00-05:00,47.90,49.37,47.86,49.35,33857600
2022-01-03 19:00:00-05:00,49.68,50.03,48.83,49.29,45681400
2022-01-04 19:00:00-05:00,50.26,52.10,49.93,49.96,59109300
2022-01-05 19:00:00-05:00,50.65,50.70,49.55,50.09,35757900
2022-01-06 19:00:00-05:00,50.26,50.44,49.29,49.56,30717200
2022-01-09 19:00:00-05:00,50.06,51.30,49.44,51.21,49260800
2022-01-10 19:00:00-05:00,51.47,52.01,50.76,51.85,39795200
2022-01-11 19:00:00-05:00,52.07,52.20,50.83,51.70,29136800
2022-01-12 19:00:00-05:00,51.94,52.13,50.80,50.96,29605400
2022-01-13 19:00:00-05:00,50.87,51.72,50.57,51.66,30151500
2022-01-17 19:00:00-05:00,51.30,51.61,50.71,50.79,35313800
2022-01-18 19:00:00-05:00,50.67,50.87,49.68,49.73,30595100
2022-01-19 19:00:00-05:00,49.95,50.17,48.17,48.27,28582600
2022-01-20 19:00:00-05:00,48.30,49.28,48.18,48.27,46372400
2022-01-23 19:00:00-05:00,47.75,48.35,46.26,48.17,64198400
2022-01-24 19:00:00-05:00,47.31,47.88,46.61,47.30,44095400
2022-01-25 19:00:00-05:00,47.42,48.90,47.07,47.94,54895400
2022-01-26 19:00:00-05:00,46.35,46.43,44.31,44.56,89642800
2022-01-27 19:00:00-05:00,44.25,44.70,42.94,44.27,61945400
2022-01-30 19:00:00-05:00,44.22,45.33,43.88,45.28,51828400
2022-01-31 19:00:00-05:00,45.24,45.47,44.85,45.40,35386100
2022-02-01 19:00:00-05:00,44.75,45.98,44.60,45.92,37962700
2022-02-02 19:00:00-05:00,45.68,46.09,44.75,44.78,42145800
2022-02-03 19:00:00-05:00,44.73,45.08,44.04,44.87,32431500
2022-02-06 19:00:00-05:00,44.98,45.47,44.82,45.03,27558500
2022-02-07 19:00:00-05:00,44.84,45.74,44.76,45.61,28051200
2022-02-08 19:00:00-05:00,46.10,46.70,45.63,46.64,35217300
2022-02-09 19:00:00-05:00,45.96,46.66,45.57,45.66,32762700
2022-02-10 19:00:00-05:00,45.75,45.89,44.39,44.51,37208200
2022-02-13 19:00:00-05:00,44.78,45.03,44.03,44.47,28456900
2022-02-14 19:00:00-05:00,44.58,45.29,44.10,45.27,35837900
2022-02-15 19:00:00-05:00,44.91,45.32,44.48,45.07,26022900
2022-02-16 19:00:00-05:00,44.73,45.10,44.28,44.46,32030600
2022-02-17 19:00:00-05:00,43.17,43.18,41.60,42.09,76520100
2022-02-21 19:00:00-05:00,41.76,42.44,40.98,41.76,57093300
2022-02-22 19:00:00-05:00,42.21,42.72,41.63,41.73,38176700
2022-02-23 19:00:00-05:00,41.03,43.73,40.77,43.66,72740100
2022-02-24 19:00:00-05:00,43.86,44.66,43.22,44.59,39266300
2022-02-27 19:00:00-05:00,43.92,44.69,43.78,44.58,41946100
2022-02-28 19:00:00-05:00,44.43,44.76,43.19,43.75,53853000
2022-03-01 19:00:00-05:00,44.41,45.78,44.37,45.67,46936500
2022-03-02 19:00:00-05:00,45.03,45.37,44.50,44.79,36389900
2022-03-03 19:00:00-05:00,44.27,45.11,44.27,44.92,38310700
2022-03-06 19:00:00-05:00,44.87,45.36,44.48,44.56,43813700
2022-03-07 19:00:00-05:00,44.57,45.53,43.82,44.39,44813900
2022-03-08 19:00:00-05:00,45.24,45.29,43.82,44.51,36076500
2022-03-09 19:00:00-05:00,44.19,44.21,43.14,43.61,36456000
2022-03-10 19:00:00-05:00,44.06,44.18,42.77,42.83,27082100
2022-03-13 20:00:00-04:00,42.89,42.97,41.40,41.49,35993900
2022-03-14 20:00:00-04:00,41.59,41.96,41.18,41.88,34448900
2022-03-15 20:00:00-04:00,42.33,43.58,42.31,43.58,38885500
2022-03-16 20:00:00-04:00,43.29,44.19,42.74,44.05,28555000
2022-03-17 20:00:00-04:00,43.75,44.48,43.32,44.34,46237100
2022-03-20 20:00:00-04:00,44.35,44.75,43.99,44.29,32910900
2022-03-21 20:00:00-04:00,44.39,45.30,44.30,45.22,27923300
2022-03-22 20:00:00-04:00,45.29,46.33,44.91,45.11,37126400
2022-03-23 20:00:00-04:00,45.47,48.27,45.41,48.24,51677900
2022-03-24 20:00:00-04:00,47.37,48.58,47.15,48.44,33239800
2022-03-27 20:00:00-04:00,48.00,48.19,47.25,48.14,22932400
2022-03-28 20:00:00-04:00,48.60,48.87,47.92,48.83,27303700
2022-03-29 20:00:00-04:00,48.83,49.07,47.87,48.06,24623300
2022-03-30 20:00:00-04:00,47.85,47.90,46.27,46.32,43698300
2022-03-31 20:00:00-04:00,46.57,46.63,44.23,44.96,46598600
2022-04-03 20:00:00-04:00,45.02,46.01,44.78,45.98,23784900
2022-04-04 20:00:00-04:00,45.63,45.77,44.88,44.98,25779200
2022-04-05 20:00:00-04:00,44.33,45.02,44.15,44.43,31518700
2022-04-06 20:00:00-04:00,44.32,44.77,43.71,44.45,24117000
2022-04-07 20:00:00-04:00,44.18,44.47,43.78,43.94,22167300
2022-04-10 20:00:00-04:00,43.83,44.20,43.48,43.52,30352500
2022-04-11 20:00:00-04:00,44.22,44.77,43.37,43.46,29861400
2022-04-12 20:00:00-04:00,43.69,44.18,43.50,43.93,22171300
2022-04-13 20:00:00-04:00,43.69,43.69,42.63,42.68,36181800
2022-04-17 20:00:00-04:00,42.55,43.82,42.54,43.59,25593100
2022-04-18 20:00:00-04:00,43.55,44.86,43.31,44.79,31483100
2022-04-19 20:00:00-04:00,45.19,45.56,44.84,44.96,22787100
2022-04-20 20:00:00-04:00,45.44,45.70,44.30,44.39,27316900
2022-04-21 20:00:00-04:00,44.34,44.53,43.46,43.49,28219900
2022-04-24 20:00:00-04:00,43.18,44.05,43.16,43.98,35999300
2022-04-25 20:00:00-04:00,43.63,43.77,42.53,42.54,35356600
2022-04-26 20:00:00-04:00,42.50,43.04,42.06,42.26,28320900
2022-04-27 20:00:00-04:00,42.79,44.18,42.56,43.77,41097000
2022-04-28 20:00:00-04:00,42.04,42.39,40.65,40.74,70765900
2022-05-01 20:00:00-04:00,40.86,42.04,40.66,42.02,45446500
2022-05-02 20:00:00-04:00,41.86,42.51,41.33,42.11,40158400
2022-05-03 20:00:00-04:00,42.11,43.59,41.50,43.49,44625600
2022-05-04 20:00:00-04:00,42.95,43.24,41.57,42.01,52996700
2022-05-05 20:00:00-04:00,41.91,42.53,41.29,41.73,40916600
2022-05-08 20:00:00-04:00,41.27,41.63,40.38,40.57,44925800
2022-05-09 20:00:00-04:00,41.77,42.14,40.97,41.45,42770000
2022-05-10 20:00:00-04:00,41.46,41.72,40.30,40.34,40351700
2022-05-11 20:00:00-04:00,40.25,40.42,39.57,40.35,42329600
2022-05-12 20:00:00-04:00,40.90,41.29,40.47,41.07,32034100
2022-05-15 20:00:00-04:00,40.90,41.08,40.30,40.58,25071900
2022-05-16 20:00:00-04:00,41.27,41.84,41.11,41.82,28596600
2022-05-17 20:00:00-04:00,41.43,41.43,39.77,39.89,35218400
2022-05-18 20:00:00-04:00,39.86,40.22,39.30,39.57,29181000
2022-05-19 20:00:00-04:00,39.80,39.83,37.97,39.23,44802300
2022-05-22 20:00:00-04:00,39.27,39.80,38.93,39.56,27199500
2022-05-23 20:00:00-04:00,39.28,39.46,38.71,39.25,29837500
2022-05-24 20:00:00-04:00,39.03,40.05,38.99,39.75,26283100
2022-05-25 20:00:00-04:00,39.72,41.14,39.64,40.95,28826700
2022-05-26 20:00:00-04:00,41.06,41.96,41.02,41.96,30553300
2022-05-30 20:00:00-04:00,41.68,42.15,41.11,41.84,41111500
2022-05-31 20:00:00-04:00,42.17,42.32,41.00,41.55,29885500
2022-06-01 20:00:00-04:00,41.62,42.27,41.39,42.24,28727600
2022-06-02 20:00:00-04:00,41.55,41.68,40.82,40.87,33174700
2022-06-05 20:00:00-04:00,41.27,41.48,40.58,40.82,25437100
2022-06-06 20:00:00-04:00,40.56,41.06,40.18,41.00,25168700
2022-06-07 20:00:00-04:00,39.80,39.81,38.65,38.84,59649900
2022-06-08 20:00:00-04:00,38.63,38.95,37.69,37.69,39047200
2022-06-09 20:00:00-04:00,37.54,37.75,36.90,36.90,43066200
2022-06-12 20:00:00-04:00,36.31,36.56,35.48,35.58,50335900
2022-06-13 20:00:00-04:00,35.80,35.98,35.36,35.73,31351700
2022-06-14 20:00:00-04:00,36.32,36.89,35.72,36.41,37652300
2022-06-15 20:00:00-04:00,35.51,35.60,34.79,35.17,45576500
2022-06-16 20:00:00-04:00,35.30,35.91,34.47,34.82,71393200
2022-06-20 20:00:00-04:00,35.19,35.82,35.16,35.54,34004900
2022-06-21 20:00:00-04:00,35.16,35.58,35.06,35.21,32571000
2022-06-22 20:00:00-04:00,35.43,35.43,34.77,35.24,30163000
2022-06-23 20:00:00-04:00,35.65,36.40,35.55,36.37,38159900
2022-06-26 20:00:00-04:00,36.61,36.79,36.24,36.39,29585300
2022-06-27 20:00:00-04:00,36.34,36.75,35.55,35.59,37824200
2022-06-28 20:00:00-04:00,35.36,35.42,34.87,35.12,25437200
2022-06-29 20:00:00-04:00,35.05,35.79,34.60,35.24,35141000
2022-06-30 20:00:00-04:00,34.94,35.04,33.80,34.23,40596300
2022-07-04 20:00:00-04:00,33.84,34.61,33.48,34.56,33215000
2022-07-05 20:00:00-04:00,34.68,35.25,34.34,34.84,26258300
2022-07-06 20:00:00-04:00,35.69,36.10,35.54,35.92,33165400
2022-07-07 20:00:00-04:00,35.47,35.92,35.22,35.78,22566300
2022-07-10 20:00:00-04:00,35.47,35.48,34.88,35.04,25904300
2022-07-11 20:00:00-04:00,35.46,35.51,34.84,35.05,30546300
2022-07-12 20:00:00-04:00,34.55,35.26,34.49,35.05,27059200
2022-07-13 20:00:00-04:00,34.84,35.94,34.18,35.52,36690700
2022-07-14 20:00:00-04:00,36.05,36.42,35.54,36.38,32892300
2022-07-17 20:00:00-04:00,36.83,37.06,36.29,36.46,30814400
2022-07-18 20:00:00-04:00,37.04,38.36,36.96,37.88,53095300
2022-07-19 20:00:00-04:00,37.87,38.31,37.26,38.20,36387900
2022-07-20 20:00:00-04:00,38.16,38.29,37.51,38.25,29661200
2022-07-21 20:00:00-04:00,38.03,38.16,36.68,36.92,41350000
2022-07-24 20:00:00-04:00,37.00,37.12,36.31,36.89,32263400
2022-07-25 20:00:00-04:00,36.83,37.27,36.62,36.70,35925500
2022-07-26 20:00:00-04:00,36.99,38.07,36.95,37.85,42571600
2022-07-27 20:00:00-04:00,37.76,37.79,36.77,37.40,56662300
2022-07-28 20:00:00-04:00,33.53,34.49,33.19,34.20,125292400
2022-07-31 20:00:00-04:00,33.96,35.50,33.96,34.81,52513400
2022-08-01 20:00:00-04:00,34.46,34.53,33.91,33.92,53929400
2022-08-02 20:00:00-04:00,33.99,34.46,33.21,34.40,59513900
2022-08-03 20:00:00-04:00,34.26,34.35,33.64,33.93,54046300
2022-08-04 20:00:00-04:00,33.63,33.96,33.47,33.67,40205100
2022-08-07 20:00:00-04:00,33.64,34.21,33.49,33.66,41534600
2022-08-08 20:00:00-04:00,33.51,33.59,32.73,32.84,48202300
2022-08-09 20:00:00-04:00,33.29,33.68,32.91,33.65,42243300
2022-08-10 20:00:00-04:00,33.91,34.53,33.77,33.86,35569700
2022-08-11 20:00:00-04:00,34.06,34.38,33.94,34.36,37675200
2022-08-14 20:00:00-04:00,34.35,34.66,33.98,34.57,25400600
2022-08-15 20:00:00-04:00,34.40,34.80,33.97,34.43,25000200
2022-08-16 20:00:00-04:00,34.07,34.33,33.56,34.04,29176100
2022-08-17 20:00:00-04:00,33.95,34.57,33.84,34.44,24598200
2022-08-18 20:00:00-04:00,34.06,34.28,33.48,33.66,31425500
2022-08-21 20:00:00-04:00,33.30,33.36,32.09,32.20,51006100
2022-08-22 20:00:00-04:00,32.33,32.72,32.26,32.30,30687100
2022-08-23 20:00:00-04:00,32.32,32.34,31.97,32.22,25105700
2022-08-24 20:00:00-04:00,32.22,33.23,32.18,33.20,29799100
2022-08-25 20:00:00-04:00,33.25,33.33,31.73,31.74,44851500
2022-08-28 20:00:00-04:00,31.62,31.79,31.22,31.34,32976800
2022-08-29 20:00:00-04:00,31.44,31.46,30.59,30.69,40182500
2022-08-30 20:00:00-04:00,30.82,30.82,30.23,30.37,44074500
2022-08-31 20:00:00-04:00,30.04,30.28,29.62,30.22,36440700
2022-09-01 20:00:00-04:00,30.65,30.81,29.55,29.70,34893300
2022-09-05 20:00:00-04:00,29.87,29.87,28.86,28.89,46989600
2022-09-06 20:00:00-04:00,28.94,29.29,28.59,29.16,37329500
2022-09-07 20:00:00-04:00,28.89,29.35,28.46,29.26,37359500
2022-09-08 20:00:00-04:00,29.68,29.97,29.57,29.93,34069500
2022-09-11 20:00:00-04:00,30.20,30.31,29.59,30.03,38305500
2022-09-12 20:00:00-04:00,29.33,29.43,27.83,27.87,71417900
2022-09-13 20:00:00-04:00,28.11,28.32,27.60,27.76,40767200
2022-09-14 20:00:00-04:00,27.73,27.98,27.32,27.44,39919100
2022-09-15 20:00:00-04:00,27.31,27.90,27.04,27.82,72748000
2022-09-18 20:00:00-04:00,27.61,28.07,27.50,28.01,33151900
2022-09-19 20:00:00-04:00,27.66,27.75,27.32,27.55,31129000
2022-09-20 20:00:00-04:00,27.73,28.15,27.08,27.09,39977300
2022-09-21 20:00:00-04:00,27.02,27.12,26.68,26.71,36092700
2022-09-22 20:00:00-04:00,26.54,26.54,25.87,26.18,43491100
2022-09-25 20:00:00-04:00,26.22,26.35,25.56,25.66,44786400
2022-09-26 20:00:00-04:00,26.07,26.26,25.33,25.58,44121400
2022-09-27 20:00:00-04:00,25.56,25.95,25.31,25.81,40433400
2022-09-28 20:00:00-04:00,25.48,25.48,24.92,25.10,41831300
2022-09-29 20:00:00-04:00,25.02,25.28,24.49,24.52,43821000
2022-10-02 20:00:00-04:00,25.05,25.93,24.80,25.66,44096200
2022-10-03 20:00:00-04:00,26.10,26.45,25.77,26.35,42427500
2022-10-04 20:00:00-04:00,26.04,26.49,25.58,26.30,30120000
2022-10-05 20:00:00-04:00,26.11,26.41,25.69,25.86,33985100
2022-10-06 20:00:00-04:00,24.90,25.00,24.40,24.47,57215500
2022-10-09 20:00:00-04:00,24.68,24.73,23.87,23.98,43409300
2022-10-10 20:00:00-04:00,23.80,24.24,23.49,23.82,48134900
2022-10-11 20:00:00-04:00,23.83,24.28,23.46,24.10,39634100
2022-10-12 20:00:00-04:00,23.53,25.54,23.40,25.14,62447000
2022-10-13 20:00:00-04:00,25.17,25.34,24.51,24.65,48185400
2022-10-16 20:00:00-04:00,25.03,25.45,24.90,25.14,39416500
2022-10-17 20:00:00-04:00,25.44,25.65,24.30,24.61,51126900
2022-10-18 20:00:00-04:00,24.49,24.97,24.44,24.74,33882300
2022-10-19 20:00:00-04:00,24.88,25.64,24.69,24.81,33247700
2022-10-20 20:00:00-04:00,24.59,25.74,24.54,25.66,53058700
2022-10-23 20:00:00-04:00,25.45,26.15,25.23,25.86,43831600
2022-10-24 20:00:00-04:00,25.86,26.22,25.69,26.08,32205300
2022-10-25 20:00:00-04:00,25.87,26.45,25.68,25.89,37111100
2022-10-26 20:00:00-04:00,26.12,26.25,24.86,24.99,56305100
2022-10-27 20:00:00-04:00,26.81,27.80,26.51,27.66,91695700
2022-10-30 20:00:00-04:00,27.67,27.76,26.69,27.05,59507700
2022-10-31 20:00:00-04:00,27.40,27.45,26.54,26.93,44418700
2022-11-01 20:00:00-04:00,26.90,27.45,26.08,26.09,51956100
2022-11-02 20:00:00-04:00,26.12,26.53,25.85,26.06,39678200
2022-11-03 20:00:00-04:00,26.59,27.23,26.43,27.19,43051900
2022-11-06 19:00:00-05:00,27.35,27.45,26.89,27.40,34389800
2022-11-07 19:00:00-05:00,27.73,27.92,26.93,27.46,36258000
2022-11-08 19:00:00-05:00,27.21,27.29,26.54,26.54,30544800
2022-11-09 19:00:00-05:00,27.85,28.76,27.63,28.70,62943900
2022-11-10 19:00:00-05:00,27.90,29.54,27.84,29.34,49826500
2022-11-13 19:00:00-05:00,29.26,29.88,29.10,29.27,39395300
2022-11-14 19:00:00-05:00,29.99,30.22,29.09,29.61,40933200
2022-11-15 19:00:00-05:00,29.03,29.15,28.39,28.48,35582800
2022-11-16 19:00:00-05:00,28.03,28.88,27.96,28.82,31983300
2022-11-17 19:00:00-05:00,29.18,29.18,28.55,28.80,27122200
2022-11-20 19:00:00-05:00,28.60,28.66,27.88,27.91,36086800
2022-11-21 19:00:00-05:00,28.10,28.79,28.02,28.75,25584100
2022-11-22 19:00:00-05:00,28.67,29.01,28.44,28.61,23143900
2022-11-24 19:00:00-05:00,28.62,28.62,28.29,28.29,11314900
2022-11-27 19:00:00-05:00,28.06,28.15,27.52,27.70,28267900
2022-11-28 19:00:00-05:00,27.82,28.14,27.71,27.87,24361500
2022-11-29 19:00:00-05:00,27.74,29.01,27.21,29.00,72072500
2022-11-30 19:00:00-05:00,29.16,29.39,28.47,28.76,38896300
2022-12-01 19:00:00-05:00,28.13,28.38,27.68,28.36,31546000
2022-12-04 19:00:00-05:00,28.37,28.69,27.86,28.13,34040400
2022-12-05 19:00:00-05:00,28.15,28.26,27.33,27.58,27701200
2022-12-06 19:00:00-05:00,27.27,27.53,27.14,27.32,28239900
2022-12-07 19:00:00-05:00,27.31,27.58,27.07,27.42,28486100
2022-12-08 19:00:00-05:00,27.38,27.75,27.18,27.23,25641300
2022-12-11 19:00:00-05:00,27.13,27.68,26.86,27.67,35117900
2022-12-12 19:00:00-05:00,28.73,29.02,27.36,27.70,58546800
2022-12-13 19:00:00-05:00,27.49,28.08,27.01,27.25,37141100
2022-12-14 19:00:00-05:00,26.94,27.00,26.15,26.18,45682700
2022-12-15 19:00:00-05:00,26.04,26.17,25.51,25.96,81104200
2022-12-18 19:00:00-05:00,25.94,26.01,25.55,25.83,37662500
2022-12-19 19:00:00-05:00,25.59,25.91,25.48,25.50,31863300
2022-12-20 19:00:00-05:00,25.64,26.01,25.63,25.87,28100900
2022-12-21 19:00:00-05:00,25.51,25.51,24.44,25.04,47478300
2022-12-22 19:00:00-05:00,24.99,25.25,24.76,25.16,23600900
2022-12-26 19:00:00-05:00,24.93,25.17,24.73,25.01,29548100
2022-12-27 19:00:00-05:00,24.92,25.19,24.59,24.63,26176900
2022-12-28 19:00:00-05:00,24.85,25.35,24.83,25.27,30944800
2022-12-29 19:00:00-05:00,24.97,25.51,24.88,25.49,31030100
2023-01-02 19:00:00-05:00,26.08,26.10,25.43,25.78,31308000
2023-01-03 19:00:00-05:00,26.43,26.92,26.19,26.69,37665200
2023-01-04 19:00:00-05:00,26.46,26.79,26.40,26.58,33552600
2023-01-05 19:00:00-05:00,26.93,27.80,26.40,27.70,31788600
2023-01-08 19:00:00-05:00,27.81,28.80,27.81,28.26,37493200
2023-01-09 19:00:00-05:00,28.20,28.46,27.89,28.39,23008100
2023-01-10 19:00:00-05:00,28.62,28.81,27.96,28.78,30375400
2023-01-11 19:00:00-05:00,28.91,29.29,28.42,29.21,28963900
2023-01-12 19:00:00-05:00,28.90,29.09,28.75,29.03,31361900
2023-01-16 19:00:00-05:00,29.10,29.18,28.47,28.54,34759100
2023-01-17 19:00:00-05:00,28.74,28.75,27.61,27.78,44199600
2023-01-18 19:00:00-05:00,27.59,27.73,27.23,27.40,36886600
2023-01-19 19:00:00-05:00,27.40,28.19,27.24,28.18,35158500
2023-01-22 19:00:00-05:00,28.28,29.40,28.14,29.19,38795800
2023-01-23 19:00:00-05:00,28.87,29.11,28.67,28.85,24855100
2023-01-24 19:00:00-05:00,28.47,28.82,28.13,28.64,28268000
2023-01-25 19:00:00-05:00,28.99,29.03,28.28,29.02,56088100
2023-01-26 19:00:00-05:00,26.10,27.23,25.82,27.15,148548200
2023-01-29 19:00:00-05:00,26.73,27.49,26.68,26.95,55145800
2023-01-30 19:00:00-05:00,26.79,27.28,26.55,27.25,52621600
2023-01-31 19:00:00-05:00,26.89,28.38,26.69,28.03,63330600
2023-02-01 19:00:00-05:00,28.21,29.22,27.77,29.11,62230700
2023-02-02 19:00:00-05:00,28.56,30.06,28.48,29.24,57603100
2023-02-05 19:00:00-05:00,28.84,28.94,27.92,28.00,48726400
2023-02-06 19:00:00-05:00,27.96,28.57,27.75,28.35,50780800
2023-02-07 19:00:00-05:00,28.26,28.42,27.53,27.56,36479100
2023-02-08 19:00:00-05:00,27.99,28.13,26.91,27.07,43906400
2023-02-09 19:00:00-05:00,26.97,27.32,26.68,27.13,31232500
2023-02-12 19:00:00-05:00,27.20,27.87,27.06,27.87,32347500
2023-02-13 19:00:00-05:00,27.70,28.03,27.32,27.95,27928900
2023-02-14 19:00:00-05:00,27.68,28.19,27.48,28.16,23359400
2023-02-15 19:00:00-05:00,27.82,28.14,27.46,27.52,28972500
2023-02-16 19:00:00-05:00,27.33,27.40,26.72,26.95,32086200
2023-02-20 19:00:00-05:00,26.46,26.62,25.42,25.44,63668400
2023-02-21 19:00:00-05:00,25.29,26.26,24.69,24.86,89195300
2023-02-22 19:00:00-05:00,25.16,25.45,24.71,25.00,56473200
2023-02-23 19:00:00-05:00,24.62,24.74,24.32,24.54,44089900
2023-02-26 19:00:00-05:00,24.94,24.97,24.28,24.30,37657000
2023-02-27 19:00:00-05:00,24.34,24.52,24.14,24.33,50255300
2023-02-28 19:00:00-05:00,24.43,25.30,24.37,24.72,47823400
2023-03-01 19:00:00-05:00,24.61,25.67,24.52,25.57,48309300
2023-03-02 19:00:00-05:00,25.57,25.85,25.39,25.77,36744900
2023-03-05 19:00:00-05:00,25.84,25.90,25.31,25.37,37879800
2023-03-06 19:00:00-05:00,25.22,25.37,24.89,24.92,43164600
2023-03-07 19:00:00-05:00,24.95,25.39,24.84,25.36,36071900
2023-03-08 19:00:00-05:00,25.36,26.33,25.35,25.81,54886100
2023-03-09 19:00:00-05:00,25.91,26.86,25.69,26.57,65187000
2023-03-12 20:00:00-04:00,26.10,26.66,25.97,26.30,50977000
2023-03-13 20:00:00-04:00,26.69,27.43,26.60,27.34,47689800
2023-03-14 20:00:00-04:00,27.07,27.82,27.00,27.73,49322800
2023-03-15 20:00:00-04:00,27.71,29.54,27.71,29.46,75779500
2023-03-16 20:00:00-04:00,29.20,30.26,28.73,29.10,80628500
2023-03-19 20:00:00-04:00,29.09,29.18,27.94,28.46,38780100
2023-03-20 20:00:00-04:00,28.30,28.47,27.31,27.78,55650800
2023-03-21 20:00:00-04:00,27.80,28.42,27.43,27.46,37415500
2023-03-22 20:00:00-04:00,27.70,28.46,27.54,28.33,43785500
2023-03-23 20:00:00-04:00,28.34,29.10,28.24,28.66,55912100
2023-03-26 20:00:00-04:00,28.67,29.02,28.38,28.48,34758200
2023-03-27 20:00:00-04:00,28.38,28.63,27.94,28.59,37407900
2023-03-28 20:00:00-04:00,29.06,31.13,29.05,30.76,85556200
2023-03-29 20:00:00-04:00,31.09,31.80,31.05,31.32,70077600
2023-03-30 20:00:00-04:00,31.04,32.11,30.97,31.89,59765000
2023-04-02 20:00:00-04:00,32.15,32.76,31.76,32.10,57038300
2023-04-03 20:00:00-04:00,32.06,33.03,32.05,32.31,55714100
2023-04-04 20:00:00-04:00,32.01,32.20,31.56,32.04,39615700
2023-04-05 20:00:00-04:00,31.82,32.21,31.68,32.02,28551900
2023-04-09 20:00:00-04:00,31.82,31.97,31.43,31.74,30534400
2023-04-10 20:00:00-04:00,31.88,32.32,31.55,31.57,27059100
2023-04-11 20:00:00-04:00,31.98,32.10,31.19,31.25,37070800
2023-04-12 20:00:00-04:00,31.06,31.65,30.89,31.36,29722300
2023-04-13 20:00:00-04:00,31.23,31.47,30.93,31.13,24623600
2023-04-16 20:00:00-04:00,31.18,31.86,31.01,31.37,29601100
2023-04-17 20:00:00-04:00,31.65,31.68,31.02,31.07,26041400
2023-04-18 20:00:00-04:00,30.35,30.76,30.33,30.40,25746600
2023-04-19 20:00:00-04:00,30.02,30.50,29.97,30.12,30255100
2023-04-20 20:00:00-04:00,30.10,30.10,29.51,29.57,28655800
2023-04-23 20:00:00-04:00,29.41,29.64,28.90,28.95,38732500
2023-04-24 20:00:00-04:00,28.73,28.86,28.18,28.19,38289900
2023-04-25 20:00:00-04:00,28.50,29.10,28.15,28.35,41218800
2023-04-26 20:00:00-04:00,28.06,29.23,27.83,29.14,60186200
2023-04-27 20:00:00-04:00,31.21,31.79,30.07,30.32,80252400
2023-04-30 20:00:00-04:00,30.36,30.49,29.55,29.57,36918500
2023-05-01 20:00:00-04:00,29.57,29.85,29.04,29.06,33463400
2023-05-02 20:00:00-04:00,29.91,30.36,29.52,29.92,45554500
2023-05-03 20:00:00-04:00,29.83,31.09,29.77,30.62,46104000
2023-05-04 20:00:00-04:00,30.75,30.78,30.12,30.37,35024600
2023-05-07 20:00:00-04:00,30.09,30.22,29.78,30.16,30882800
2023-05-08 20:00:00-04:00,29.77,29.97,29.31,29.50,30706500
2023-05-09 20:00:00-04:00,29.68,29.79,28.90,29.37,40526500
2023-05-10 20:00:00-04:00,29.01,29.09,28.24,28.28,47144400
2023-05-11 20:00:00-04:00,28.45,28.52,28.15,28.37,24153800
2023-05-14 20:00:00-04:00,28.32,29.23,28.30,29.20,28717500
2023-05-15 20:00:00-04:00,29.03,29.30,28.63,28.64,22812000
2023-05-16 20:00:00-04:00,28.93,28.97,28.11,28.29,41667300
2023-05-17 20:00:00-04:00,28.42,29.17,28.29,29.09,36529200
2023-05-18 20:00:00-04:00,29.01,29.64,28.91,29.33,40683000
2023-05-21 20:00:00-04:00,29.25,29.84,29.22,29.68,28693400
2023-05-22 20:00:00-04:00,29.45,29.60,28.90,28.92,29400900
2023-05-23 20:00:00-04:00,28.72,28.90,28.24,28.42,28045800
2023-05-24 20:00:00-04:00,27.72,27.72,26.32,26.85,78009400
2023-05-25 20:00:00-04:00,26.89,28.51,26.56,28.42,71910600
2023-05-29 20:00:00-04:00,29.11,29.44,28.42,29.39,54874800
2023-05-30 20:00:00-04:00,29.11,31.64,29.08,30.81,136243800
2023-05-31 20:00:00-04:00,31.16,31.30,30.40,30.51,52667400
2023-06-01 20:00:00-04:00,30.77,30.96,30.21,30.68,36521000
2023-06-04 20:00:00-04:00,30.68,30.77,29.23,29.26,48244100
2023-06-05 20:00:00-04:00,29.18,30.82,29.11,30.34,42295300
2023-06-06 20:00:00-04:00,30.41,30.74,30.31,30.66,39098000
2023-06-07 20:00:00-04:00,30.80,31.21,30.44,31.18,35199000
2023-06-08 20:00:00-04:00,31.29,31.35,30.07,30.71,40218000
2023-06-11 20:00:00-04:00,30.77,32.63,30.73,32.41,59881600
2023-06-12 20:00:00-04:00,33.10,33.27,32.41,33.23,51990000
2023-06-13 20:00:00-04:00,33.19,34.89,33.12,34.87,74404300
2023-06-14 20:00:00-04:00,34.58,35.69,34.52,35.10,67676300
2023-06-15 20:00:00-04:00,35.63,36.06,34.89,35.64,110240300
2023-06-19 20:00:00-04:00,36.04,36.37,34.03,34.30,65970200
2023-06-20 20:00:00-04:00,34.22,34.35,32.17,32.24,70973500
2023-06-21 20:00:00-04:00,32.04,32.58,31.49,32.06,45740300
2023-06-22 20:00:00-04:00,31.57,32.78,31.39,32.34,46327100
2023-06-25 20:00:00-04:00,32.53,33.31,32.44,32.67,38952400
2023-06-26 20:00:00-04:00,32.56,33.55,32.35,33.42,33038900
2023-06-27 20:00:00-04:00,32.94,33.13,32.37,32.90,33906900
2023-06-28 20:00:00-04:00,32.67,32.67,31.84,32.25,38313000
2023-06-29 20:00:00-04:00,32.69,32.89,32.50,32.77,33811300
2023-07-02 20:00:00-04:00,32.87,33.21,32.48,32.95,15753000
2023-07-04 20:00:00-04:00,32.64,32.66,31.85,31.86,37664700
2023-07-05 20:00:00-04:00,31.26,31.40,30.75,31.33,41693600
2023-07-06 20:00:00-04:00,31.36,31.76,31.18,31.21,28356300
2023-07-09 20:00:00-04:00,31.23,32.17,31.14,32.09,36305700
2023-07-10 20:00:00-04:00,32.16,32.69,31.85,32.63,28148800
2023-07-11 20:00:00-04:00,33.02,33.40,32.40,33.30,37762200
2023-07-12 20:00:00-04:00,33.47,33.61,32.95,33.19,32745800
2023-07-13 20:00:00-04:00,33.11,33.19,32.34,32.49,30438700
2023-07-16 20:00:00-04:00,32.50,33.91,32.41,33.68,34111200
2023-07-17 20:00:00-04:00,33.60,34.01,33.15,33.81,29662200
2023-07-18 20:00:00-04:00,33.71,34.14,33.64,33.77,26486700
2023-07-19 20:00:00-04:00,33.03,33.53,32.57,32.70,37878000
2023-07-20 20:00:00-04:00,33.06,33.57,32.75,33.34,79737000
2023-07-23 20:00:00-04:00,33.16,33.77,32.89,32.96,25225800
2023-07-24 20:00:00-04:00,33.03,33.65,32.73,33.42,31771100
2023-07-25 20:00:00-04:00,33.05,33.84,33.03,33.67,32643200
2023-07-26 20:00:00-04:00,34.12,34.33,33.43,33.86,58890800
2023-07-27 20:00:00-04:00,36.02,36.25,34.80,36.09,90863000
2023-07-30 20:00:00-04:00,36.13,36.45,34.96,35.06,55630700
2023-07-31 20:00:00-04:00,35.10,35.30,34.58,35.08,24702200
2023-08-01 20:00:00-04:00,34.45,34.48,33.60,33.70,39052000
2023-08-02 20:00:00-04:00,33.61,34.33,33.45,34.17,24817900
2023-08-03 20:00:00-04:00,33.91,34.98,33.91,34.56,26674900
2023-08-06 20:00:00-04:00,34.83,34.97,34.18,34.65,22486900
2023-08-07 20:00:00-04:00,34.10,34.52,33.30,34.44,34753600
2023-08-08 20:00:00-04:00,34.42,34.52,33.67,33.72,28720200
2023-08-09 20:00:00-04:00,34.13,34.51,33.91,34.11,30957300
2023-08-10 20:00:00-04:00,33.89,34.38,33.79,34.32,28783700
2023-08-13 20:00:00-04:00,34.10,35.12,33.90,35.09,36896100
2023-08-14 20:00:00-04:00,34.83,35.04,34.18,34.20,27420300
2023-08-15 20:00:00-04:00,33.95,34.06,32.91,32.98,35757300
2023-08-16 20:00:00-04:00,33.01,33.04,31.82,32.04,39906700
2023-08-17 20:00:00-04:00,31.70,32.37,31.65,32.21,23701100
2023-08-20 20:00:00-04:00,32.06,32.62,31.49,32.59,43718200
2023-08-21 20:00:00-04:00,32.67,33.24,32.29,32.35,23425300
2023-08-22 20:00:00-04:00,32.34,33.59,32.26,33.42,32324300
2023-08-23 20:00:00-04:00,33.17,33.53,31.96,32.05,37931000
2023-08-24 20:00:00-04:00,31.99,32.85,31.82,32.70,27324800
2023-08-27 20:00:00-04:00,32.95,33.22,32.66,33.07,22341800
2023-08-28 20:00:00-04:00,32.94,33.91,32.92,33.75,29943600
2023-08-29 20:00:00-04:00,33.50,34.09,33.22,33.96,26279200
2023-08-30 20:00:00-04:00,33.76,34.98,33.74,34.56,48157600
2023-08-31 20:00:00-04:00,35.20,36.15,35.14,36.01,43808500
2023-09-04 20:00:00-04:00,35.98,36.79,35.86,36.11,43379400
2023-09-05 20:00:00-04:00,35.96,36.43,35.44,36.37,39643400
2023-09-06 20:00:00-04:00,36.22,37.71,36.15,37.55,67659700
2023-09-07 20:00:00-04:00,37.49,38.19,37.09,37.38,44255200
2023-09-10 20:00:00-04:00,37.61,38.10,37.22,37.96,36349300
2023-09-11 20:00:00-04:00,38.01,39.41,38.01,38.22,55326600
2023-09-12 20:00:00-04:00,38.16,38.51,37.62,38.07,35407800
2023-09-13 20:00:00-04:00,38.17,38.26,37.67,38.03,30616500
2023-09-14 20:00:00-04:00,37.79,37.89,37.00,37.26,68881200
2023-09-17 20:00:00-04:00,37.00,37.76,36.89,37.37,29322200
2023-09-18 20:00:00-04:00,37.41,37.47,35.43,35.74,53288100
2023-09-19 20:00:00-04:00,35.62,35.65,34.06,34.12,57660800
2023-09-20 20:00:00-04:00,34.00,34.67,33.89,34.08,45240600
2023-09-21 20:00:00-04:00,34.24,34.32,33.58,33.62,29232700
2023-09-24 20:00:00-04:00,33.44,33.80,33.21,33.73,21729400
2023-09-25 20:00:00-04:00,33.58,34.21,33.09,33.27,34198300
2023-09-26 20:00:00-04:00,33.36,34.26,33.32,34.04,44369100
2023-09-27 20:00:00-04:00,34.08,35.07,33.81,34.60,32265300
2023-09-28 20:00:00-04:00,35.06,35.32,34.58,34.97,28763700
2023-10-01 20:00:00-04:00,35.02,35.39,34.40,34.88,26086200
2023-10-02 20:00:00-04:00,34.69,35.94,34.69,35.10,45292600
2023-10-03 20:00:00-04:00,35.92,35.92,34.75,35.34,39842200
2023-10-04 20:00:00-04:00,35.38,35.51,35.01,35.30,25771200
2023-10-05 20:00:00-04:00,35.28,35.86,34.60,35.59,33262200
2023-10-08 20:00:00-04:00,35.11,35.58,34.92,35.47,19376100
2023-10-09 20:00:00-04:00,35.55,36.14,35.22,35.83,24044100
2023-10-10 20:00:00-04:00,36.02,36.42,35.78,36.27,19262600
2023-10-11 20:00:00-04:00,36.19,36.61,35.79,36.23,23639200
2023-10-12 20:00:00-04:00,36.14,36.18,35.27,35.38,28390100
2023-10-15 20:00:00-04:00,35.55,36.33,35.49,35.96,29555800
2023-10-16 20:00:00-04:00,35.33,35.75,34.49,35.47,24993600
2023-10-17 20:00:00-04:00,34.94,35.43,34.87,35.05,22086000
2023-10-18 20:00:00-04:00,35.37,35.76,34.94,35.08,29201800
2023-10-19 20:00:00-04:00,35.06,35.68,34.30,34.35,32303300
2023-10-22 20:00:00-04:00,34.03,34.61,32.84,33.29,53924700
2023-10-23 20:00:00-04:00,33.09,34.14,33.09,34.02,52673900
2023-10-24 20:00:00-04:00,33.62,33.88,32.01,32.29,44658500
2023-10-25 20:00:00-04:00,32.35,32.67,31.62,31.99,59142500
2023-10-26 20:00:00-04:00,34.09,35.78,34.03,34.96,84128200
2023-10-29 20:00:00-04:00,34.89,35.37,34.35,35.10,36656300
2023-10-30 20:00:00-04:00,35.07,35.97,35.03,35.90,41185200
2023-10-31 20:00:00-04:00,35.90,36.71,35.68,36.68,41710700
2023-11-01 20:00:00-04:00,36.96,37.20,36.30,37.08,35440000
2023-11-02 20:00:00-04:00,37.37,37.69,37.05,37.51,30502700
2023-11-05 19:00:00-05:00,37.52,37.70,37.35,37.45,23877200
2023-11-06 19:00:00-05:00,37.73,38.39,37.48,38.26,32052000
2023-11-07 19:00:00-05:00,38.34,38.38,37.25,37.42,33483400
2023-11-08 19:00:00-05:00,37.55,38.01,37.27,37.30,48955800
2023-11-09 19:00:00-05:00,37.73,38.47,37.73,38.35,38862500
2023-11-12 19:00:00-05:00,37.84,38.06,37.64,37.72,24558300
2023-11-13 19:00:00-05:00,38.29,38.97,37.57,38.89,45457400
2023-11-14 19:00:00-05:00,39.07,40.30,39.06,40.07,47392100
2023-11-15 19:00:00-05:00,40.46,42.83,40.28,42.78,86405700
2023-11-16 19:00:00-05:00,42.34,43.23,42.00,43.23,49735000
2023-11-19 19:00:00-05:00,43.20,44.34,43.20,44.15,44564900
2023-11-20 19:00:00-05:00,43.91,44.07,42.73,43.06,37252100
2023-11-21 19:00:00-05:00,43.45,44.04,42.96,43.09,31481200
2023-11-23 19:00:00-05:00,43.10,43.42,43.03,43.38,13037100
2023-11-26 19:00:00-05:00,43.07,43.96,43.07,43.50,33339900
2023-11-27 19:00:00-05:00,43.11,43.79,43.08,43.65,24548900
2023-11-28 19:00:00-05:00,44.01,44.74,44.01,44.35,38982000
2023-11-29 19:00:00-05:00,44.06,44.49,43.82,44.11,46263000
2023-11-30 19:00:00-05:00,43.77,43.77,42.29,43.16,43928400
2023-12-03 19:00:00-05:00,42.73,42.74,41.14,41.79,50417600
2023-12-04 19:00:00-05:00,41.36,41.73,41.06,41.37,31859300
2023-12-05 19:00:00-05:00,41.92,42.03,40.63,40.72,31992300
2023-12-06 19:00:00-05:00,41.20,41.88,40.64,41.59,29118700
2023-12-07 19:00:00-05:00,41.29,42.39,41.26,42.14,42815000
2023-12-10 19:00:00-05:00,42.59,44.14,42.51,43.95,48288200
2023-12-11 19:00:00-05:00,43.77,43.85,43.05,43.46,31452200
2023-12-12 19:00:00-05:00,43.50,44.13,42.76,43.98,35216100
2023-12-13 19:00:00-05:00,44.42,46.45,44.06,44.58,70620800
2023-12-14 19:00:00-05:00,45.33,46.65,45.07,45.55,84583400
2023-12-17 19:00:00-05:00,45.54,45.62,44.80,45.09,27895700
2023-12-18 19:00:00-05:00,45.00,46.06,44.91,46.04,35358800
2023-12-19 19:00:00-05:00,46.02,46.33,45.10,45.16,38159100
2023-12-20 19:00:00-05:00,45.87,46.50,45.41,46.46,28320500
2023-12-21 19:00:00-05:00,46.63,47.52,46.58,47.37,30095700
2023-12-25 19:00:00-05:00,48.27,49.85,48.07,49.83,60287400
2023-12-26 19:00:00-05:00,49.96,50.60,49.53,50.09,52148000
2023-12-27 19:00:00-05:00,50.14,50.20,49.50,49.72,27705200
2023-12-28 19:00:00-05:00,49.64,49.90,49.11,49.59,29288700
2024-01-01 19:00:00-05:00,48.55,48.73,46.82,47.17,45905700
2024-01-02 19:00:00-05:00,46.48,47.18,46.18,46.43,35858400
2024-01-03 19:00:00-05:00,45.12,46.54,44.64,46.25,47797800
2024-01-04 19:00:00-05:00,46.41,47.20,46.02,46.27,34344000
2024-01-07 19:00:00-05:00,46.45,48.12,46.35,47.81,42135100
2024-01-08 19:00:00-05:00,47.38,47.92,47.17,47.41,30097000
2024-01-09 19:00:00-05:00,47.60,47.66,46.32,46.84,31480200
2024-01-10 19:00:00-05:00,46.81,47.21,46.11,47.01,31707900
2024-01-11 19:00:00-05:00,46.97,47.04,45.99,46.50,27587900
2024-01-15 19:00:00-05:00,46.36,46.60,45.77,46.44,43720700
2024-01-16 19:00:00-05:00,45.81,45.81,45.05,45.45,33488000
2024-01-17 19:00:00-05:00,46.41,46.94,45.56,46.12,46681300
2024-01-18 19:00:00-05:00,46.38,48.12,45.83,47.51,55979800
2024-01-21 19:00:00-05:00,48.20,48.52,47.01,47.58,45639500
2024-01-22 19:00:00-05:00,47.48,48.29,46.69,48.24,37224100
2024-01-23 19:00:00-05:00,48.52,49.11,47.63,48.44,49375800
2024-01-24 19:00:00-05:00,49.34,49.64,48.32,48.90,84845100
2024-01-25 19:00:00-05:00,43.60,44.81,42.78,43.07,127665300
2024-01-28 19:00:00-05:00,43.13,43.41,42.24,43.26,51790900
2024-01-29 19:00:00-05:00,43.09,43.24,42.32,42.35,47958800
2024-01-30 19:00:00-05:00,42.01,43.21,41.80,42.51,51584200
2024-01-31 19:00:00-05:00,42.58,42.99,41.93,42.79,38819900
2024-02-01 19:00:00-05:00,42.43,42.57,41.05,42.04,53683500
2024-02-04 19:00:00-05:00,42.06,42.58,41.87,42.20,28890300
2024-02-05 19:00:00-05:00,42.26,42.34,41.70,42.30,34068200
2024-02-06 19:00:00-05:00,42.45,42.66,42.11,42.34,34269200
2024-02-07 19:00:00-05:00,42.28,42.53,41.89,42.06,33206500
2024-02-08 19:00:00-05:00,42.11,43.07,41.96,42.86,51193000
2024-02-11 19:00:00-05:00,42.94,44.58,42.87,43.58,51107300
2024-02-12 19:00:00-05:00,42.56,43.18,42.32,42.71,36622200
2024-02-13 19:00:00-05:00,43.37,43.83,42.94,43.73,36186200
2024-02-14 19:00:00-05:00,44.30,44.80,43.57,43.60,44024500
2024-02-15 19:00:00-05:00,43.58,43.76,42.67,43.06,29975300
2024-02-19 19:00:00-05:00,43.80,44.70,42.97,44.06,61514100
2024-02-20 19:00:00-05:00,44.02,44.23,42.64,43.02,57485200
2024-02-21 19:00:00-05:00,44.22,44.22,42.09,42.54,62809300
2024-02-22 19:00:00-05:00,42.68,43.06,42.22,42.55,33810700
2024-02-25 19:00:00-05:00,43.05,43.23,42.38,42.55,27035400
2024-02-26 19:00:00-05:00,42.80,42.82,42.07,42.29,25126400
2024-02-27 19:00:00-05:00,42.00,42.01,41.48,41.56,26928500
2024-02-28 19:00:00-05:00,41.93,42.70,41.92,42.61,48875100
2024-02-29 19:00:00-05:00,42.96,43.81,42.68,43.37,41426100
2024-03-03 19:00:00-05:00,43.81,46.13,43.40,45.14,59990800
2024-03-04 19:00:00-05:00,44.10,44.41,42.25,42.71,56655100
2024-03-05 19:00:00-05:00,43.48,45.04,43.11,44.05,52652000
2024-03-06 19:00:00-05:00,45.08,45.94,44.71,45.67,50378200
2024-03-07 19:00:00-05:00,45.96,46.15,43.55,43.55,54916600
2024-03-10 20:00:00-04:00,43.42,44.47,43.21,44.40,35051000
2024-03-11 20:00:00-04:00,44.59,44.80,44.00,44.77,31795800
2024-03-12 20:00:00-04:00,44.05,44.52,42.75,42.78,53195900
2024-03-13 20:00:00-04:00,42.78,42.90,42.07,42.31,38100000
2024-03-14 20:00:00-04:00,42.01,42.70,41.91,42.20,66952900
2024-03-17 20:00:00-04:00,42.65,42.93,42.16,42.27,27668300
2024-03-18 20:00:00-04:00,41.81,41.85,41.01,41.62,34673000
2024-03-19 20:00:00-04:00,42.55,42.57,40.98,41.76,74865000
2024-03-20 20:00:00-04:00,42.55,43.15,41.88,41.98,50807600
2024-03-21 20:00:00-04:00,41.81,42.36,41.66,42.13,28503100
2024-03-24 20:00:00-04:00,40.47,41.78,40.15,41.40,47276500
2024-03-25 20:00:00-04:00,41.52,41.83,41.23,41.56,39109700
2024-03-26 20:00:00-04:00,42.10,43.38,42.06,43.32,51017800
2024-03-27 20:00:00-04:00,43.31,44.14,43.26,43.71,54204200
2024-03-31 20:00:00-04:00,43.83,44.94,43.72,44.06,31712600
2024-04-01 20:00:00-04:00,43.48,43.62,43.05,43.49,32748400
2024-04-02 20:00:00-04:00,40.97,41.22,39.80,39.91,83718000
2024-04-03 20:00:00-04:00,40.17,40.36,39.29,39.32,57307200
2024-04-04 20:00:00-04:00,38.94,39.05,38.11,38.31,67263000
2024-04-07 20:00:00-04:00,38.24,38.46,37.52,37.59,56967800
2024-04-08 20:00:00-04:00,37.66,38.18,36.94,37.93,78671700
2024-04-09 20:00:00-04:00,37.63,37.83,36.64,36.82,51108400
2024-04-10 20:00:00-04:00,37.04,37.28,36.70,37.24,41909100
2024-04-11 20:00:00-04:00,36.31,36.32,35.23,35.32,80254800
2024-04-14 20:00:00-04:00,35.67,36.32,35.52,35.94,50751600
2024-04-15 20:00:00-04:00,35.90,36.13,35.39,35.89,30607500
2024-04-16 20:00:00-04:00,35.73,35.76,35.00,35.31,41173300
2024-04-17 20:00:00-04:00,35.05,35.29,34.41,34.68,42334400
2024-04-18 20:00:00-04:00,34.77,34.77,33.83,33.85,59070300
2024-04-21 20:00:00-04:00,34.06,34.21,33.73,34.05,39909900
2024-04-22 20:00:00-04:00,33.99,34.24,33.83,33.93,46834000
2024-04-23 20:00:00-04:00,34.50,34.82,33.99,34.14,53261100
2024-04-24 20:00:00-04:00,34.20,34.94,34.14,34.75,66549400
2024-04-25 20:00:00-04:00,31.45,31.91,30.32,31.55,119742500
2024-04-28 20:00:00-04:00,31.53,31.58,30.75,31.04,58533300
2024-04-29 20:00:00-04:00,30.72,30.86,30.11,30.16,72346400
2024-04-30 20:00:00-04:00,29.86,30.72,29.71,30.06,60654800
2024-05-01 20:00:00-04:00,30.27,30.35,29.88,30.20,50899400
2024-05-02 20:00:00-04:00,30.66,30.74,30.38,30.58,36794800
2024-05-05 20:00:00-04:00,30.92,31.00,30.54,30.77,36185600
2024-05-06 20:00:00-04:00,30.89,31.25,30.42,30.49,44683400
2024-05-07 20:00:00-04:00,29.81,29.96,29.54,29.81,63734600
2024-05-08 20:00:00-04:00,29.74,30.20,29.62,29.90,45003400
2024-05-09 20:00:00-04:00,30.14,30.27,29.65,29.66,42931300
2024-05-12 20:00:00-04:00,29.84,30.93,29.81,30.32,51459100
2024-05-13 20:00:00-04:00,30.43,30.91,30.42,30.85,47759900
2024-05-14 20:00:00-04:00,31.18,31.20,30.62,31.07,36992900
2024-05-15 20:00:00-04:00,31.43,32.06,31.32,31.83,47752800
2024-05-16 20:00:00-04:00,31.86,31.91,31.39,31.63,41449800
2024-05-19 20:00:00-04:00,31.65,32.22,31.56,31.90,31989000
2024-05-20 20:00:00-04:00,31.78,32.04,31.42,31.54,42975400
2024-05-21 20:00:00-04:00,31.71,31.87,30.90,31.22,36706400
2024-05-22 20:00:00-04:00,31.25,31.37,29.68,29.89,62014500
2024-05-23 20:00:00-04:00,30.10,30.82,29.94,30.53,42434500
2024-05-27 20:00:00-04:00,30.74,31.17,30.47,30.86,36799100
2024-05-28 20:00:00-04:00,30.28,30.48,29.92,29.94,35848600
2024-05-29 20:00:00-04:00,30.02,30.31,29.87,30.00,33351000
2024-05-30 20:00:00-04:00,30.03,30.76,29.75,30.66,95797500
2024-06-02 20:00:00-04:00,30.83,30.87,29.86,30.10,35544900
2024-06-03 20:00:00-04:00,30.56,30.56,29.75,29.84,51027200
2024-06-04 20:00:00-04:00,30.08,30.65,29.82,30.59,44161700
2024-06-05 20:00:00-04:00,30.36,30.40,29.97,30.23,34248100
2024-06-06 20:00:00-04:00,30.06,30.59,30.02,30.55,34085500
2024-06-09 20:00:00-04:00,30.36,30.75,30.10,30.72,37396500
2024-06-10 20:00:00-04:00,30.58,30.83,30.34,30.73,25326900
2024-06-11 20:00:00-04:00,31.26,31.28,30.20,30.57,51323900
2024-06-12 20:00:00-04:00,30.19,30.39,29.95,30.27,33787200
2024-06-13 20:00:00-04:00,30.10,30.37,30.02,30.26,28125900
2024-06-16 20:00:00-04:00,30.15,30.80,29.99,30.78,36235300
2024-06-17 20:00:00-04:00,30.79,31.27,30.31,30.44,33294700
2024-06-19 20:00:00-04:00,30.37,30.91,30.26,30.43,43826300
2024-06-20 20:00:00-04:00,30.66,31.16,30.48,30.89,90795200
2024-06-23 20:00:00-04:00,30.94,31.22,30.34,30.38,40611800
2024-06-24 20:00:00-04:00,30.51,30.64,30.10,30.55,29323600
2024-06-25 20:00:00-04:00,30.45,30.49,30.08,30.35,30743000
2024-06-26 20:00:00-04:00,30.23,30.47,30.10,30.40,30184300
2024-06-27 20:00:00-04:00,30.56,31.11,30.53,30.77,41467700
2024-06-30 20:00:00-04:00,30.72,30.82,30.42,30.65,32401800
2024-07-01 20:00:00-04:00,30.67,31.11,30.40,30.87,35999300
2024-07-02 20:00:00-04:00,30.92,31.14,30.72,31.03,24065700
2024-07-04 20:00:00-04:00,31.20,32.14,31.11,31.82,45309400
2024-07-07 20:00:00-04:00,32.82,33.88,32.61,33.78,82315900
2024-07-08 20:00:00-04:00,34.80,35.00,33.51,34.37,97546900
2024-07-09 20:00:00-04:00,34.22,34.75,33.91,34.65,52256200
2024-07-10 20:00:00-04:00,34.81,34.93,33.10,33.29,55213700
2024-07-11 20:00:00-04:00,33.56,35.26,33.56,34.27,62792600
2024-07-14 20:00:00-04:00,34.48,35.01,34.09,34.24,39847900
2024-07-15 20:00:00-04:00,34.14,34.23,33.63,34.12,28409900
2024-07-16 20:00:00-04:00,35.85,36.93,34.18,34.24,112304200
2024-07-17 20:00:00-04:00,34.74,36.07,34.31,34.65,84188600
2024-07-18 20:00:00-04:00,34.35,34.36,32.64,32.77,69628700
2024-07-21 20:00:00-04:00,33.07,33.20,32.55,33.16,48503700
2024-07-22 20:00:00-04:00,32.75,33.02,32.62,32.74,29466400
2024-07-23 20:00:00-04:00,32.32,32.59,31.46,31.50,62216700
2024-07-24 20:00:00-04:00,31.17,31.79,30.75,30.90,49774000
2024-07-25 20:00:00-04:00,31.23,31.36,30.82,31.15,38352500
2024-07-28 20:00:00-04:00,31.22,31.27,30.60,30.64,32342200
2024-07-29 20:00:00-04:00,30.66,30.72,29.82,29.94,48256600
2024-07-30 20:00:00-04:00,30.35,30.68,30.09,30.55,56110600
2024-07-31 20:00:00-04:00,30.24,30.52,28.71,28.87,107672500
2024-08-01 20:00:00-04:00,21.80,21.84,20.29,21.34,300895900
2024-08-04 20:00:00-04:00,20.07,20.26,19.17,19.98,147385700
2024-08-05 20:00:00-04:00,20.19,20.50,19.63,19.70,106670400
2024-08-06 20:00:00-04:00,19.92,20.25,18.95,18.99,97972300
2024-08-07 20:00:00-04:00,19.10,20.55,18.84,20.49,96836800
2024-08-08 20:00:00-04:00,20.08,20.15,19.50,19.71,76394500
2024-08-11 20:00:00-04:00,19.87,19.97,19.00,19.36,54677600
2024-08-12 20:00:00-04:00,19.48,20.48,19.47,20.47,77511300
2024-08-13 20:00:00-04:00,20.49,20.50,19.79,19.92,56758200
2024-08-14 20:00:00-04:00,20.32,21.06,20.23,20.69,84814900
2024-08-15 20:00:00-04:00,20.53,20.90,20.41,20.87,48582700
2024-08-18 20:00:00-04:00,20.89,21.86,20.84,21.52,65956300
2024-08-19 20:00:00-04:00,21.21,21.23,20.82,20.99,84161300
2024-08-20 20:00:00-04:00,21.07,21.44,21.07,21.41,57028900
2024-08-21 20:00:00-04:00,21.39,21.40,20.04,20.10,81444700
2024-08-22 20:00:00-04:00,20.32,20.93,20.26,20.54,73398400
2024-08-25 20:00:00-04:00,20.53,20.56,19.95,20.13,58534800
2024-08-26 20:00:00-04:00,20.13,20.26,19.84,20.07,43862000
2024-08-27 20:00:00-04:00,19.98,20.11,19.51,19.61,50144900
2024-08-28 20:00:00-04:00,19.76,20.60,19.75,20.13,64529700
2024-08-29 20:00:00-04:00,21.25,22.12,21.00,22.04,177785400
2024-09-02 20:00:00-04:00,21.54,21.69,19.99,20.10,115305500
2024-09-03 20:00:00-04:00,19.76,20.05,19.28,19.43,85871900
2024-09-04 20:00:00-04:00,19.28,19.90,19.24,19.40,65388800
2024-09-05 20:00:00-04:00,19.44,19.49,18.64,18.89,92686500
2024-09-08 20:00:00-04:00,19.00,19.54,18.95,19.07,64244100
2024-09-09 20:00:00-04:00,19.03,19.11,18.51,18.98,55621300
2024-09-10 20:00:00-04:00,19.01,19.69,18.52,19.64,71403100
2024-09-11 20:00:00-04:00,19.43,19.54,19.04,19.36,51520600
2024-09-12 20:00:00-04:00,19.49,19.80,19.49,19.66,44236300
2024-09-15 20:00:00-04:00,20.03,21.07,19.76,20.91,149337000
2024-09-16 20:00:00-04:00,21.71,22.58,21.24,21.47,196249800
2024-09-17 20:00:00-04:00,21.36,21.74,20.72,20.77,118727900
2024-09-18 20:00:00-04:00,21.28,21.69,21.03,21.14,99829200
2024-09-19 20:00:00-04:00,20.89,23.14,20.35,21.84,260377900
2024-09-22 20:00:00-04:00,22.43,22.82,22.03,22.56,184439100
2024-09-23 20:00:00-04:00,22.53,23.11,22.29,22.81,113082500
2024-09-24 20:00:00-04:00,22.80,24.06,22.73,23.54,117013400
2024-09-25 20:00:00-04:00,24.28,24.42,23.25,23.92,95416900
2024-09-26 20:00:00-04:00,24.16,24.66,23.70,23.91,85883300
2024-09-29 20:00:00-04:00,23.74,23.95,23.09,23.46,66308200
2024-09-30 20:00:00-04:00,23.46,23.72,22.26,22.69,86344400
2024-10-01 20:00:00-04:00,22.67,23.07,22.35,22.39,59033900
2024-10-02 20:00:00-04:00,22.14,22.73,21.65,22.26,49565900
2024-10-03 20:00:00-04:00,22.70,22.91,22.30,22.59,49845500
2024-10-06 20:00:00-04:00,22.40,22.65,22.02,22.38,54928700
2024-10-07 20:00:00-04:00,22.25,23.42,22.05,23.32,58650500
2024-10-08 20:00:00-04:00,23.25,23.48,23.06,23.46,44759000
2024-10-09 20:00:00-04:00,23.19,23.53,22.96,23.22,44874600
2024-10-10 20:00:00-04:00,23.05,23.82,22.98,23.56,43585300
2024-10-13 20:00:00-04:00,23.58,23.77,23.27,23.44,35403600
2024-10-14 20:00:00-04:00,23.41,23.72,22.47,22.66,68900600
2024-10-15 20:00:00-04:00,22.38,22.54,21.74,22.31,62151800
2024-10-16 20:00:00-04:00,22.72,22.82,22.40,22.44,43807600
2024-10-17 20:00:00-04:00,22.61,22.82,22.50,22.77,39971700
2024-10-20 20:00:00-04:00,22.61,22.88,22.25,22.84,39727000
2024-10-21 20:00:00-04:00,22.73,22.82,22.17,22.40,50160400
2024-10-22 20:00:00-04:00,22.30,22.43,21.58,21.98,45799100
2024-10-23 20:00:00-04:00,22.09,22.37,21.97,22.34,40554400
2024-10-24 20:00:00-04:00,22.42,23.34,22.41,22.68,67503000
2024-10-27 20:00:00-04:00,22.67,23.27,22.56,22.92,41915000
2024-10-28 20:00:00-04:00,22.87,23.14,22.41,22.90,83422200
2024-10-29 20:00:00-04:00,22.42,22.93,22.26,22.30,50941200
2024-10-30 20:00:00-04:00,22.15,22.25,21.47,21.52,112485500
2024-10-31 20:00:00-04:00,23.00,23.58,21.91,23.20,173471100
2024-11-03 19:00:00-05:00,22.96,23.00,22.00,22.52,84616300
2024-11-04 19:00:00-05:00,22.58,23.58,22.40,23.32,59153300
2024-11-05 19:00:00-05:00,24.30,25.12,24.05,25.05,116760500
2024-11-06 19:00:00-05:00,25.43,26.38,25.19,26.23,101489300
2024-11-07 19:00:00-05:00,26.00,26.43,25.83,26.20,76428000
2024-11-10 19:00:00-05:00,25.96,26.29,24.83,25.05,80185300
2024-11-11 19:00:00-05:00,24.66,24.96,23.89,24.16,62539700
2024-11-12 19:00:00-05:00,24.06,25.14,24.02,24.92,58202000
2024-11-13 19:00:00-05:00,25.12,25.61,24.93,25.03,49252100
2024-11-14 19:00:00-05:00,24.81,24.82,24.23,24.35,55104900
2024-11-17 19:00:00-05:00,24.33,25.02,24.16,24.84,59589500
2024-11-18 19:00:00-05:00,24.50,24.54,24.10,24.20,61190900
2024-11-19 19:00:00-05:00,24.07,24.21,23.55,24.01,50191500
2024-11-20 19:00:00-05:00,24.08,24.77,23.83,24.44,58928400
2024-11-21 19:00:00-05:00,24.35,24.68,24.14,24.50,36784700
2024-11-24 19:00:00-05:00,25.04,25.57,24.76,24.87,91128400
2024-11-25 19:00:00-05:00,24.95,24.99,23.81,24.05,69613600
2024-11-26 19:00:00-05:00,23.83,23.93,23.06,23.65,53992300
2024-11-28 19:00:00-05:00,23.72,24.28,23.60,24.05,36616800
2024-12-01 19:00:00-05:00,24.84,25.48,23.44,23.93,150497900
2024-12-02 19:00:00-05:00,23.68,23.75,22.44,22.47,138160500
2024-12-03 19:00:00-05:00,22.53,22.54,21.81,21.96,104649000
2024-12-04 19:00:00-05:00,22.04,22.19,20.66,20.80,167993500
2024-12-05 19:00:00-05:00,20.95,21.05,20.66,20.92,78539100
2024-12-08 19:00:00-05:00,20.92,21.06,20.73,20.81,68818200
2024-12-09 19:00:00-05:00,20.83,20.86,19.96,20.16,90004800
2024-12-10 19:00:00-05:00,20.14,20.25,19.87,20.12,75209300
2024-12-11 19:00:00-05:00,20.02,20.90,19.92,20.78,77695000
2024-12-12 19:00:00-05:00,20.60,20.80,20.25,20.34,55104100
2024-12-15 19:00:00-05:00,20.17,21.10,20.00,20.83,73832900
2024-12-16 19:00:00-05:00,20.64,20.77,20.29,20.44,51767200
2024-12-17 19:00:00-05:00,20.48,20.58,19.21,19.30,86041200
2024-12-18 19:00:00-05:00,19.53,19.69,19.03,19.06,69117800
2024-12-19 19:00:00-05:00,18.97,19.76,18.90,19.52,108453700
2024-12-22 19:00:00-05:00,19.58,20.23,19.52,20.20,57988400
2024-12-23 19:00:00-05:00,20.22,20.40,19.96,20.40,29884000
2024-12-25 19:00:00-05:00,20.23,20.67,20.08,20.44,39846200
2024-12-26 19:00:00-05:00,20.21,20.61,20.09,20.30,48260800
2024-12-29 19:00:00-05:00,20.01,20.11,19.73,19.82,59608100
2024-12-30 19:00:00-05:00,19.99,20.40,19.88,20.05,49846700
2025-01-01 19:00:00-05:00,20.23,20.43,20.00,20.22,46438500
2025-01-02 19:00:00-05:00,20.39,20.67,20.06,20.56,48983900
2025-01-05 19:00:00-05:00,20.83,20.98,19.78,19.87,83271000
2025-01-06 19:00:00-05:00,20.02,20.34,19.90,20.01,61726100
2025-01-07 19:00:00-05:00,19.83,20.12,19.71,19.88,47897100
2025-01-09 19:00:00-05:00,19.66,19.66,18.91,19.15,71244600
2025-01-12 19:00:00-05:00,18.92,19.25,18.73,19.20,50669000
2025-01-13 19:00:00-05:00,19.36,19.52,18.82,19.20,47147500
2025-01-14 19:00:00-05:00,19.40,19.77,19.17,19.72,56306000
2025-01-15 19:00:00-05:00,19.75,19.95,19.40,19.67,44898100
2025-01-16 19:00:00-05:00,21.26,21.62,20.79,21.49,166483900
2025-01-20 19:00:00-05:00,22.03,22.41,21.75,21.77,96262200
2025-01-21 19:00:00-05:00,21.73,22.29,21.57,21.86,60972600
2025-01-22 19:00:00-05:00,21.69,21.75,21.35,21.57,55778200
2025-01-23 19:00:00-05:00,21.36,21.41,20.75,20.83,66300600
2025-01-26 19:00:00-05:00,20.81,21.06,20.14,20.29,83582100
2025-01-27 19:00:00-05:00,20.34,20.34,19.74,19.80,73411400
2025-01-28 19:00:00-05:00,19.87,20.08,19.66,19.75,86506800
2025-01-29 19:00:00-05:00,19.72,20.10,19.43,20.01,108167000
2025-01-30 19:00:00-05:00,20.10,20.33,19.38,19.43,117081700
2025-02-02 19:00:00-05:00,18.97,19.75,18.78,19.38,77523100
2025-02-03 19:00:00-05:00,19.10,19.53,19.02,19.29,54098200
2025-02-04 19:00:00-05:00,19.19,19.77,18.91,19.65,66059200
2025-02-05 19:00:00-05:00,19.51,19.70,19.22,19.38,45553800
2025-02-06 19:00:00-05:00,19.35,19.36,19.03,19.10,58277900
2025-02-09 19:00:00-05:00,19.25,20.08,19.24,19.77,73007300
2025-02-10 19:00:00-05:00,19.87,21.88,19.86,20.97,150960700
2025-02-11 19:00:00-05:00,21.98,22.56,20.93,22.48,162631200
2025-02-12 19:00:00-05:00,22.84,24.83,22.79,24.13,248661300
2025-02-13 19:00:00-05:00,24.36,25.19,22.86,23.60,230254100
2025-02-17 19:00:00-05:00,24.60,27.55,24.49,27.39,284292200
2025-02-18 19:00:00-05:00,25.98,26.33,25.46,25.72,151881700
2025-02-19 19:00:00-05:00,25.56,26.12,24.48,26.09,144939600
2025-02-20 19:00:00-05:00,25.96,26.29,24.84,24.87,111630900
2025-02-23 19:00:00-05:00,24.55,24.80,23.62,24.27,91358100
2025-02-24 19:00:00-05:00,24.21,24.28,22.77,22.99,88886500
2025-02-25 19:00:00-05:00,23.25,23.82,23.21,23.52,67449300
2025-02-26 19:00:00-05:00,23.70,24.40,23.07,23.09,97871900
2025-02-27 19:00:00-05:00,23.02,24.44,22.64,23.73,104133800
2025-03-02 19:00:00-05:00,25.00,25.04,22.52,22.74,141348700
2025-03-03 19:00:00-05:00,22.54,22.63,20.76,21.33,152182200
2025-03-04 19:00:00-05:00,21.33,21.36,20.18,20.81,127219300
2025-03-05 19:00:00-05:00,20.26,21.13,20.00,20.75,96466400
2025-03-06 19:00:00-05:00,20.27,21.20,20.11,20.64,81099600
2025-03-09 20:00:00-04:00,20.24,20.51,19.65,19.93,82760600
2025-03-10 20:00:00-04:00,19.97,20.06,19.29,19.78,80789000
2025-03-11 20:00:00-04:00,20.79,21.17,20.21,20.68,128671100
2025-03-12 20:00:00-04:00,23.50,24.53,23.13,23.70,243261000
2025-03-13 20:00:00-04:00,23.68,24.37,23.52,24.05,116901600
2025-03-16 20:00:00-04:00,24.42,26.15,24.37,25.69,160723600
2025-03-17 20:00:00-04:00,25.55,26.41,25.39,25.92,132488800
2025-03-18 20:00:00-04:00,24.90,25.23,24.03,24.12,135491400
2025-03-19 20:00:00-04:00,23.77,24.31,23.73,23.96,68937600
2025-03-20 20:00:00-04:00,23.60,24.70,23.49,24.26,94110700
2025-03-23 20:00:00-04:00,24.72,24.99,24.13,24.22,69169000
2025-03-24 20:00:00-04:00,24.18,24.75,24.11,24.20,51743300
2025-03-25 20:00:00-04:00,24.25,24.42,23.25,23.42,59496700
2025-03-26 20:00:00-04:00,23.29,23.76,22.86,23.62,57720600
2025-03-27 20:00:00-04:00,23.35,23.58,22.56,22.71,58365300
2025-03-30 20:00:00-04:00,22.38,22.75,21.75,22.71,65832000
2025-03-31 20:00:00-04:00,22.56,22.62,21.66,22.05,64060400
2025-04-01 20:00:00-04:00,21.89,22.38,21.70,21.98,58878800
2025-04-02 20:00:00-04:00,21.40,23.90,20.86,22.43,242972100
2025-04-03 20:00:00-04:00,21.70,22.20,19.70,19.85,175014700
2025-04-06 20:00:00-04:00,19.14,20.67,18.56,19.57,142491200
2025-04-07 20:00:00-04:00,20.06,20.39,17.67,18.13,163982700
2025-04-08 20:00:00-04:00,18.07,21.73,17.98,21.53,224183500
2025-04-09 20:00:00-04:00,20.68,20.82,19.16,19.88,129064900
2025-04-10 20:00:00-04:00,19.25,19.80,18.18,19.74,128425800
2025-04-13 20:00:00-04:00,20.59,21.05,19.98,20.31,101964400
2025-04-14 20:00:00-04:00,20.20,20.47,19.81,19.85,64056900
2025-04-15 20:00:00-04:00,19.34,19.43,18.72,19.23,89469700
2025-04-16 20:00:00-04:00,18.91,19.10,18.56,18.93,85646700
2025-04-20 20:00:00-04:00,18.93,18.99,18.25,18.84,72409900
2025-04-21 20:00:00-04:00,19.06,19.74,19.04,19.51,83365600
2025-04-22 20:00:00-04:00,20.72,21.03,20.31,20.59,97188100
2025-04-23 20:00:00-04:00,21.04,21.55,20.88,21.49,117086200
2025-04-24 20:00:00-04:00,19.73,20.18,19.34,20.05,147711200
2025-04-27 20:00:00-04:00,20.12,21.08,20.05,20.51,96624400
2025-04-28 20:00:00-04:00,20.31,20.85,20.22,20.34,70031900
2025-04-29 20:00:00-04:00,19.71,20.18,19.55,20.10,68297300
2025-04-30 20:00:00-04:00,20.22,20.65,19.94,19.98,72607500
2025-05-01 20:00:00-04:00,20.26,20.78,20.21,20.62,63298500
2025-05-04 20:00:00-04:00,20.39,20.58,20.24,20.27,44237000
2025-05-05 20:00:00-04:00,19.92,20.12,19.77,19.94,51330800
2025-05-06 20:00:00-04:00,19.97,20.37,19.82,20.31,61002600
2025-05-07 20:00:00-04:00,21.01,21.24,20.64,21.00,71651700
2025-05-08 20:00:00-04:00,21.20,21.45,20.83,21.42,51768600
2025-05-11 20:00:00-04:00,22.18,22.67,21.88,22.18,94578700
2025-05-12 20:00:00-04:00,22.36,22.88,22.30,22.56,76850400
2025-05-13 20:00:00-04:00,22.35,22.46,21.46,21.52,91584800
2025-05-14 20:00:00-04:00,21.23,21.63,21.19,21.55,66705500
2025-05-15 20:00:00-04:00,21.53,21.76,21.35,21.66,55795100
2025-05-18 20:00:00-04:00,21.18,21.56,21.05,21.38,64279100
2025-05-19 20:00:00-04:00,21.33,21.41,21.12,21.27,48497400
2025-05-20 20:00:00-04:00,21.19,21.63,20.59,20.69,62904700
2025-05-21 20:00:00-04:00,20.73,20.90,20.51,20.55,56077500
2025-05-22 20:00:00-04:00,20.16,20.27,19.94,20.05,68206100
2025-05-26 20:00:00-04:00,20.44,20.67,20.18,20.55,69504600
2025-05-27 20:00:00-04:00,20.57,20.64,20.33,20.37,46096500
2025-05-28 20:00:00-04:00,20.54,20.60,20.10,20.25,66372200
2025-05-29 20:00:00-04:00,20.26,20.26,19.31,19.55,114281900
2025-06-01 20:00:00-04:00,19.48,19.82,19.37,19.74,67885500
2025-06-02 20:00:00-04:00,19.75,20.41,19.40,20.29,80401900
2025-06-03 20:00:00-04:00,20.34,20.50,20.01,20.25,71166500
2025-06-04 20:00:00-04:00,20.27,20.55,19.85,19.99,72458400
2025-06-05 20:00:00-04:00,20.17,20.44,20.03,20.06,70072800
2025-06-08 20:00:00-04:00,20.22,20.96,20.22,20.48,92893900
2025-06-09 20:00:00-04:00,20.50,22.44,20.28,22.08,171457000
2025-06-10 20:00:00-04:00,21.78,21.83,20.38,20.68,146784500
2025-06-11 20:00:00-04:00,20.50,20.98,20.41,20.77,78175900
2025-06-12 20:00:00-04:00,20.33,20.60,20.10,20.14,87655900
2025-06-15 20:00:00-04:00,20.41,20.93,20.30,20.74,86745100
2025-06-16 20:00:00-04:00,20.63,21.48,20.62,20.80,87512200
2025-06-17 20:00:00-04:00,20.81,21.60,20.66,21.49,94200600
2025-06-19 20:00:00-04:00,21.70,21.89,20.88,21.08,133472800
2025-06-22 20:00:00-04:00,21.07,21.58,20.73,21.19,81461000
2025-06-23 20:00:00-04:00,21.34,22.69,21.33,22.55,130368700
2025-06-24 20:00:00-04:00,22.58,22.77,22.13,22.20,64975100
2025-06-25 20:00:00-04:00,22.40,22.62,22.21,22.50,63229300
2025-06-26 20:00:00-04:00,22.71,23.38,22.42,22.69,95542400
2025-06-29 20:00:00-04:00,22.97,22.97,22.27,22.40,77102400
2025-06-30 20:00:00-04:00,22.33,23.16,22.28,22.85,79094900
2025-07-01 20:00:00-04:00,22.53,22.77,21.52,21.88,138245300
2025-07-02 20:00:00-04:00,22.15,22.63,21.99,22.49,61176000
2025-07-06 20:00:00-04:00,22.21,22.39,21.86,22.00,80725200
2025-07-07 20:00:00-04:00,22.18,23.79,22.13,23.59,119545500
2025-07-08 20:00:00-04:00,23.29,23.53,23.13,23.44,70247700
2025-07-09 20:00:00-04:00,23.63,24.04,23.48,23.82,54599800
2025-07-10 20:00:00-04:00,23.56,23.66,23.16,23.43,49367900
2025-07-13 20:00:00-04:00,23.24,23.40,22.88,23.30,48420500
2025-07-14 20:00:00-04:00,23.57,23.78,22.90,22.92,66099400
2025-07-15 20:00:00-04:00,22.99,23.13,22.25,22.69,58865900
2025-07-16 20:00:00-04:00,22.66,23.05,22.59,22.80,49384000
2025-07-17 20:00:00-04:00,23.22,23.59,22.90,23.10,60195600
2025-07-20 20:00:00-04:00,23.40,23.83,23.16,23.26,61658000
2025-07-21 20:00:00-04:00,23.34,23.54,23.08,23.24,53969800
2025-07-22 20:00:00-04:00,23.26,23.62,22.92,23.49,68711700
2025-07-23 20:00:00-04:00,23.49,23.58,22.60,22.63,131963300
2025-07-24 20:00:00-04:00,20.68,21.05,20.36,20.70,245077700
2025-07-27 20:00:00-04:00,20.82,21.29,20.65,20.68,86105600
2025-07-28 20:00:00-04:00,20.69,20.85,20.34,20.41,100831500
2025-07-29 20:00:00-04:00,20.43,20.62,20.08,20.34,67420300
2025-07-30 20:00:00-04:00,20.17,20.23,19.66,19.80,90665200
2025-07-31 20:00:00-04:00,19.50,19.55,18.97,19.31,86496100
2025-08-03 20:00:00-04:00,19.52,19.59,19.35,19.50,69249400
2025-08-04 20:00:00-04:00,19.70,20.54,19.68,20.19,97338200
2025-08-05 20:00:00-04:00,20.12,20.48,19.87,20.41,67074200
2025-08-06 20:00:00-04:00,20.00,20.44,19.60,19.77,131382800
2025-08-07 20:00:00-04:00,20.00,20.02,19.61,19.95,75415000
2025-08-10 20:00:00-04:00,20.45,21.60,20.44,20.65,175545600
2025-08-11 20:00:00-04:00,21.20,21.86,20.76,21.81,134153600
2025-08-12 20:00:00-04:00,21.62,22.30,21.36,22.22,86024400
2025-08-13 20:00:00-04:00,21.99,24.20,21.90,23.86,188052500
2025-08-14 20:00:00-04:00,25.01,25.65,24.11,24.56,310161100
2025-08-17 20:00:00-04:00,24.00,24.90,23.21,23.66,212515600
2025-08-18 20:00:00-04:00,24.94,26.53,24.94,25.31,297659200
2025-08-19 20:00:00-04:00,24.90,24.93,23.33,23.54,161149400
2025-08-20 20:00:00-04:00,23.53,23.57,22.78,23.50,97718300
2025-08-21 20:00:00-04:00,23.65,25.23,23.65,24.80,200266800
2025-08-24 20:00:00-04:00,25.50,25.88,24.44,24.55,156825600
2025-08-25 20:00:00-04:00,24.58,24.74,24.10,24.35,78558200
2025-08-26 20:00:00-04:00,24.19,24.99,24.05,24.85,90934400
2025-08-27 20:00:00-04:00,24.96,25.14,24.61,24.93,60035100
2025-08-28 20:00:00-04:00,24.76,24.97,24.28,24.35,63734400
2025-09-01 20:00:00-04:00,23.88,24.24,23.68,24.21,57661800
2025-09-02 20:00:00-04:00,24.09,24.09,23.72,24.00,47822900
2025-09-03 20:00:00-04:00,23.85,24.64,23.75,24.61,59056500
2025-09-04 20:00:00-04:00,24.60,24.71,24.17,24.49,55975300
2025-09-07 20:00:00-04:00,24.48,24.74,24.12,24.48,51122100
2025-09-08 20:00:00-04:00,24.53,24.81,24.27,24.44,42146200
2025-09-09 20:00:00-04:00,24.42,24.87,24.28,24.77,61600700
2025-09-10 20:00:00-04:00,24.76,24.93,24.57,24.61,55536900
2025-09-11 20:00:00-04:00,24.61,24.63,24.05,24.08,52672800
2025-09-14 20:00:00-04:00,24.33,25.46,24.22,24.77,83951600
2025-09-15 20:00:00-04:00,24.82,25.34,24.69,25.27,60336600
2025-09-16 20:00:00-04:00,25.08,25.26,24.45,24.90,63093700
2025-09-17 20:00:00-04:00,31.78,32.38,30.16,30.57,523908000
2025-09-18 20:00:00-04:00,30.38,30.63,29.33,29.58,225702900
2025-09-21 20:00:00-04:00,29.67,30.10,28.73,28.76,130314500
2025-09-22 20:00:00-04:00,28.99,30.20,28.82,29.34,126317900
2025-09-23 20:00:00-04:00,29.38,31.70,29.23,31.22,164458500
2025-09-24 20:00:00-04:00,31.61,34.25,31.21,33.99,295709300
2025-09-25 20:00:00-04:00,35.02,36.30,34.49,35.50,268583300
2025-09-28 20:00:00-04:00,34.52,35.05,33.73,34.48,152605900
2025-09-29 20:00:00-04:00,33.93,34.24,33.02,33.55,124818400
2025-09-30 20:00:00-04:00,33.53,36.06,33.50,35.94,162649700
2025-10-01 20:00:00-04:00,35.76,37.57,35.44,37.30,149361700
2025-10-02 20:00:00-04:00,37.95,38.08,36.45,36.83,125359300
2025-10-05 20:00:00-04:00,37.19,38.68,36.43,36.59,112086100
2025-10-06 20:00:00-04:00,36.64,38.05,36.35,37.17,111140200
2025-10-07 20:00:00-04:00,36.55,37.79,35.91,37.43,103202100
2025-10-08 20:00:00-04:00,37.53,38.10,36.86,37.80,89884700
2025-10-09 20:00:00-04:00,38.46,39.65,36.30,36.37,183063300
2025-10-12 20:00:00-04:00,36.44,37.51,36.28,37.22,104020700
2025-10-13 20:00:00-04:00,36.00,36.55,34.69,35.63,117908300
2025-10-14 20:00:00-04:00,36.40,37.49,35.64,37.15,99242700
2025-10-15 20:00:00-04:00,37.15,38.02,36.41,36.84,83357800
2025-10-16 20:00:00-04:00,36.36,38.38,36.08,37.01,119394700
2025-10-19 20:00:00-04:00,37.57,38.52,37.56,38.10,80230200
2025-10-20 20:00:00-04:00,38.14,38.35,37.67,38.12,73134900
2025-10-21 20:00:00-04:00,37.84,37.93,36.04,36.92,87099900
2025-10-22 20:00:00-04:00,36.60,38.40,36.43,38.16,121974200
2025-10-23 20:00:00-04:00,40.02,41.12,37.83,38.28,246380000
2025-10-26 20:00:00-04:00,38.39,40.67,38.23,39.54,160007600
2025-10-27 20:00:00-04:00,39.59,42.48,39.54,41.53,181256400
2025-10-28 20:00:00-04:00,41.60,42.04,40.92,41.34,106962900
2025-10-29 20:00:00-04:00,40.97,41.43,40.11,40.16,84855500
2025-10-30 20:00:00-04:00,40.68,40.83,39.79,39.99,80471400
2025-11-02 19:00:00-05:00,40.25,40.45,39.05,39.50,61267500
2025-11-03 19:00:00-05:00,38.14,38.25,36.63,37.03,102250300
2025-11-04 19:00:00-05:00,37.42,38.69,37.11,38.38,74631600
2025-11-05 19:00:00-05:00,38.34,39.84,36.80,37.24,77629900
2025-11-06 19:00:00-05:00,37.26,38.27,36.97,38.13,95521400
2025-11-09 19:00:00-05:00,38.93,39.53,37.97,38.45,77820300
2025-11-10 19:00:00-05:00,38.15,38.22,37.49,37.88,53741900
2025-11-11 19:00:00-05:00,38.06,38.20,37.35,37.89,53876000
2025-11-12 19:00:00-05:00,37.27,37.31,35.45,35.91,95593200
2025-11-13 19:00:00-05:00,35.03,36.10,34.62,35.52,71716200
2025-11-16 19:00:00-05:00,35.45,35.73,34.23,34.71,72580100
2025-11-17 19:00:00-05:00,34.25,34.76,33.57,34.33,61504800
2025-11-18 19:00:00-05:00,34.33,35.75,34.25,35.11,67115500
2025-11-19 19:00:00-05:00,36.00,36.68,33.48,33.62,96389100
2025-11-20 19:00:00-05:00,33.51,34.98,32.89,34.50,105641700
2025-11-23 19:00:00-05:00,34.97,36.16,34.69,35.79,103804200
2025-11-24 19:00:00-05:00,35.55,36.13,34.68,35.83,62203300
2025-11-25 19:00:00-05:00,36.20,37.24,36.13,36.81,54563400
2025-11-27 19:00:00-05:00,37.40,40.59,37.34,40.56,95799500
2025-11-30 19:00:00-05:00,39.86,40.38,39.60,40.01,74534900
2025-12-01 19:00:00-05:00,40.47,43.68,40.05,43.47,167205800
2025-12-02 19:00:00-05:00,43.39,44.02,42.51,43.76,91957200
2025-12-03 19:00:00-05:00,43.26,43.28,40.14,40.50,107850200
2025-12-04 19:00:00-05:00,41.16,42.83,41.15,41.41,103042000
2025-12-07 19:00:00-05:00,41.94,42.12,39.70,40.30,93953600
2025-12-08 19:00:00-05:00,40.73,41.26,40.03,40.50,61877200
2025-12-09 19:00:00-05:00,40.11,40.99,38.89,40.78,75974900
2025-12-10 19:00:00-05:00,40.07,40.19,39.08,39.51,59096800
2025-12-11 19:00:00-05:00,39.25,40.03,37.62,37.81,87784500
2025-12-14 19:00:00-05:00,38.33,38.48,37.32,37.51,60898500
2025-12-15 19:00:00-05:00,37.58,37.96,36.92,37.31,50490300
2025-12-16 19:00:00-05:00,37.59,37.84,35.97,36.05,54792000
2025-12-17 19:00:00-05:00,37.38,37.49,35.67,36.28,69468400
2025-12-18 19:00:00-05:00,36.48,37.58,36.44,36.82,163221300
2025-12-21 19:00:00-05:00,37.89,37.90,36.29,36.37,51685400
2025-12-22 19:00:00-05:00,36.24,36.80,36.03,36.35,35958000
2025-12-23 19:00:00-05:00,35.17,36.18,34.95,36.16,37443800
2025-12-25 19:00:00-05:00,36.17,36.49,35.85,36.20,28779400
2025-12-28 19:00:00-05:00,36.01,36.80,35.82,36.68,38062300
2025-12-29 19:00:00-05:00,36.91,38.26,36.82,37.30,61935300
2025-12-30 19:00:00-05:00,37.40,37.58,36.87,36.90,51524700
2026-01-01 19:00:00-05:00,37.77,39.86,37.76,39.38,95396400
2026-01-04 19:00:00-05:00,41.59,42.10,39.27,39.37,96665400
2026-01-05 19:00:00-05:00,39.86,40.31,38.95,40.04,66395100
2026-01-06 19:00:00-05:00,40.18,44.57,40.12,42.63,166028400
2026-01-07 19:00:00-05:00,42.62,43.34,40.68,41.11,88242000
2026-01-08 19:00:00-05:00,41.83,45.73,41.57,45.55,186691400
2026-01-11 19:00:00-05:00,44.24,45.45,43.89,44.06,101989100
2026-01-12 19:00:00-05:00,45.89,48.24,45.22,47.29,168656400
2026-01-13 19:00:00-05:00,48.95,49.00,47.42,48.72,148225800
2026-01-14 19:00:00-05:00,49.35,50.39,47.83,48.32,132328900
2026-01-15 19:00:00-05:00,49.27,50.21,46.71,46.96,127314700
2026-01-19 19:00:00-05:00,47.30,50.23,47.00,48.56,150153000
2026-01-20 19:00:00-05:00,50.32,54.41,50.15,54.25,220565300
2026-01-21 19:00:00-05:00,54.21,54.60,53.08,54.32,190066400
2026-01-22 19:00:00-05:00,46.86,48.13,44.45,45.07,294675400
2026-01-25 19:00:00-05:00,44.28,44.46,42.28,42.49,149407800
2026-01-26 19:00:00-05:00,43.97,44.53,43.10,43.93,121832200
2026-01-27 19:00:00-05:00,46.60,49.29,46.32,48.78,201995100
2026-01-28 19:00:00-05:00,47.56,48.77,46.99,48.66,124256600
2026-01-29 19:00:00-05:00,48.98,49.58,45.96,46.47,114920100
2026-02-01 19:00:00-05:00,45.63,49.84,45.50,48.81,101414600
2026-02-02 19:00:00-05:00,50.06,51.49,48.43,49.25,122205100
2026-02-03 19:00:00-05:00,49.54,49.70,47.00,48.60,128702300
2026-02-04 19:00:00-05:00,47.59,50.86,46.79,48.24,114307800
2026-02-05 19:00:00-05:00,49.10,51.30,48.83,50.59,115600200
2026-02-08 19:00:00-05:00,49.59,51.22,47.59,50.24,94841400
2026-02-09 19:00:00-05:00,50.41,50.54,46.77,47.13,99832900
2026-02-10 19:00:00-05:00,48.11,49.55,46.86,48.29,107681200
2026-02-11 19:00:00-05:00,47.80,48.95,46.19,46.48,88321200
2026-02-12 19:00:00-05:00,45.76,47.69,44.97,46.79,69740400
2026-02-16 19:00:00-05:00,45.93,46.83,45.46,46.18,65802200
2026-02-17 19:00:00-05:00,45.92,46.77,44.88,45.46,65306100
2026-02-18 19:00:00-05:00,44.95,45.17,43.92,44.62,72724900
2026-02-19 19:00:00-05:00,43.89,44.39,42.88,44.11,90743600
2026-02-22 19:00:00-05:00,44.09,44.55,43.18,43.63,57130900
2026-02-23 19:00:00-05:00,44.10,46.60,43.54,46.12,98872300
2026-02-24 19:00:00-05:00,46.09,46.97,45.08,46.88,75645300
2026-02-25 19:00:00-05:00,46.77,46.95,44.39,45.46,71457500
2026-02-26 19:00:00-05:00,44.46,46.56,44.40,45.61,79327200
2026-03-01 19:00:00-05:00,44.20,45.81,43.95,45.50,60705100
2026-03-02 19:00:00-05:00,43.44,43.69,42.14,43.10,83971000
2026-03-03 19:00:00-05:00,44.07,46.13,43.27,45.58,96628100
2026-03-04 19:00:00-05:00,44.87,46.48,44.70,45.95,78229400
2026-03-05 19:00:00-05:00,44.67,45.18,43.28,43.42,74698300
2026-03-08 20:00:00-04:00,42.74,45.76,41.64,45.58,82937400
2026-03-09 20:00:00-04:00,45.41,47.88,45.41,46.78,85233300
2026-03-10 20:00:00-04:00,46.82,48.83,46.66,47.98,72480600
2026-03-11 20:00:00-04:00,47.40,47.44,45.17,45.25,85110200
2026-03-12 20:00:00-04:00,45.97,46.65,45.39,45.77,68386200
2026-03-15 20:00:00-04:00,47.91,49.17,45.69,45.76,114199400
2026-03-16 20:00:00-04:00,46.08,46.08,43.91,44.06,89061600
2026-03-17 20:00:00-04:00,44.20,45.71,44.05,45.03,78056200
2026-03-18 20:00:00-04:00,43.99,46.44,43.65,46.18,74051500
2026-03-19 20:00:00-04:00,46.95,47.55,43.64,43.87,162814200
2026-03-22 20:00:00-04:00,44.50,45.46,43.74,44.01,80772200
2026-03-23 20:00:00-04:00,43.54,44.31,43.20,44.06,65323500
2026-03-24 20:00:00-04:00,45.85,47.85,45.45,47.18,97467900
2026-03-25 20:00:00-04:00,46.30,46.60,43.92,44.10,82841400
2026-03-26 20:00:00-04:00,43.62,44.13,42.86,43.13,70002200
2026-03-29 20:00:00-04:00,43.72,43.99,40.63,41.19,84596000
2026-03-30 20:00:00-04:00,41.95,44.23,41.60,44.13,95294900
2026-03-31 20:00:00-04:00,45.00,48.77,44.98,48.03,129598500
2026-04-01 20:00:00-04:00,46.06,50.49,46.04,50.38,117134200
2026-04-05 20:00:00-04:00,50.88,52.39,49.87,50.78,79978800
2026-04-06 20:00:00-04:00,51.91,53.27,51.22,52.91,129543800
2026-04-07 20:00:00-04:00,55.37,59.17,54.80,58.95,184599900
2026-04-08 20:00:00-04:00,58.40,62.08,58.39,61.72,155609900
2026-04-09 20:00:00-04:00,61.52,63.39,60.75,62.38,98624400
2026-04-12 20:00:00-04:00,62.18,65.65,62.18,65.18,112111000
2026-04-13 20:00:00-04:00,65.16,65.18,62.09,63.81,112796100
2026-04-14 20:00:00-04:00,63.77,65.84,62.88,64.94,92051500
2026-04-15 20:00:00-04:00,64.93,68.61,64.27,68.50,108328300
2026-04-16 20:00:00-04:00,68.85,70.33,67.74,68.50,118831500
2026-04-19 20:00:00-04:00,68.45,69.21,64.47,65.70,96851100
2026-04-20 20:00:00-04:00,67.14,67.67,65.64,66.26,91402300
2026-04-21 20:00:00-04:00,67.94,68.77,64.98,65.27,90267300
2026-04-22 20:00:00-04:00,66.10,68.28,65.42,66.78,155141800
2026-04-23 20:00:00-04:00,82.20,85.22,79.62,82.54,281405200
2026-04-26 20:00:00-04:00,83.67,87.10,82.61,84.99,178820200
2026-04-27 20:00:00-04:00,81.28,84.59,80.80,84.52,147773500
2026-04-28 20:00:00-04:00,86.14,94.95,85.87,94.75,235070900
2026-04-29 20:00:00-04:00,95.60,95.69,91.50,94.48,160597300
2026-04-30 20:00:00-04:00,93.20,100.45,92.61,99.62,158502800
2026-05-03 20:00:00-04:00,99.18,99.82,95.60,95.78,119294000
2026-05-04 20:00:00-04:00,100.51,110.48,100.08,108.15,198482000
2026-05-05 20:00:00-04:00,110.98,113.50,106.58,113.01,157320100
2026-05-06 20:00:00-04:00,111.02,114.51,109.15,109.62,122699900
2026-05-07 20:00:00-04:00,111.81,130.57,111.80,124.92,227681300
2026-05-10 20:00:00-04:00,130.88,132.75,123.92,129.44,179486500
2026-05-11 20:00:00-04:00,124.36,127.79,115.00,120.61,172516500
2026-05-12 20:00:00-04:00,124.10,125.00,116.41,120.29,115364400
2026-05-13 20:00:00-04:00,114.66,118.57,113.17,115.93,118279800
2026-05-14 20:00:00-04:00,109.79,110.57,105.02,108.77,135206000
2026-05-17 20:00:00-04:00,113.47,115.54,103.85,108.17,145764000
2026-05-18 20:00:00-04:00,106.98,113.07,102.40,110.80,150234900
2026-05-19 20:00:00-04:00,116.22,121.94,114.80,118.96,165086900
2026-05-20 20:00:00-04:00,116.58,119.41,113.17,118.50,102452500
2026-05-21 20:00:00-04:00,120.34,122.78,118.09,119.84,82663000
2026-05-25 20:00:00-04:00,122.10,125.62,117.35,123.52,108167300
2026-05-26 20:00:00-04:00,124.39,125.27,117.00,121.77,93323300
2026-05-27 20:00:00-04:00,121.45,123.08,116.31,120.89,97321000
2026-05-28 20:00:00-04:00,123.85,126.64,113.54,114.68,191676100
2026-05-31 20:00:00-04:00,109.43,113.30,106.33,109.33,134900400
2026-06-01 20:00:00-04:00,107.45,109.00,104.17,107.93,106336200
2026-06-02 20:00:00-04:00,116.42,118.29,110.86,112.71,118928800
2026-06-03 20:00:00-04:00,108.40,113.14,107.48,111.78,77325800
2026-06-04 20:00:00-04:00,106.48,106.48,98.33,99.17,145209400
2026-06-07 20:00:00-04:00,111.00,112.54,106.66,110.27,136973900
2026-06-08 20:00:00-04:00,112.99,114.00,99.46,107.92,149623100
2026-06-09 20:00:00-04:00,106.03,111.50,104.92,107.04,122653500
2026-06-10 20:00:00-04:00,113.52,119.44,110.51,116.96,188430300
2026-06-11 20:00:00-04:00,117.42,127.60,115.33,124.57,151169400
2026-06-14 20:00:00-04:00,129.49,132.61,126.66,127.86,134507500
2026-06-15 20:00:00-04:00,125.11,128.70,116.00,117.05,132962600
2026-06-16 20:00:00-04:00,121.85,125.20,118.06,121.10,115324900
2026-06-17 20:00:00-04:00,131.81,135.48,127.90,133.99,233906600
2026-06-21 20:00:00-04:00,139.12,141.45,136.21,140.94,127190600
2026-06-22 20:00:00-04:00,129.73,137.98,128.30,132.28,132976700
2026-06-23 20:00:00-04:00,133.05,136.08,127.95,131.65,104591700
2026-06-24 20:00:00-04:00,139.73,140.72,125.41,132.87,122588800
2026-06-25 20:00:00-04:00,128.71,131.23,125.50,128.32,99475400
2026-06-28 20:00:00-04:00,127.00,132.05,118.50,131.72,106611300
