Date,Open,High,Low,Close,Volume
2018-07-01 20:00:00-04:00,26.80,26.98,26.27,26.42,1625000
2018-07-02 20:00:00-04:00,26.61,26.74,26.37,26.58,592800
2018-07-04 20:00:00-04:00,26.78,26.89,26.40,26.63,1614100
2018-07-05 20:00:00-04:00,26.57,26.57,26.13,26.24,1053800
2018-07-08 20:00:00-04:00,26.25,27.35,26.24,27.31,2222200
2018-07-09 20:00:00-04:00,27.22,27.46,26.84,27.08,1211200
2018-07-10 20:00:00-04:00,26.74,26.83,26.48,26.67,1313900
2018-07-11 20:00:00-04:00,26.81,26.81,25.40,25.89,2447700
2018-07-12 20:00:00-04:00,25.95,26.60,25.91,26.07,1189500
2018-07-15 20:00:00-04:00,25.83,26.37,25.82,26.00,1221800
2018-07-16 20:00:00-04:00,25.99,26.30,25.76,25.98,1281800
2018-07-17 20:00:00-04:00,25.99,26.07,25.60,25.72,897000
2018-07-18 20:00:00-04:00,25.51,26.08,25.41,26.08,507700
2018-07-19 20:00:00-04:00,25.94,26.09,25.74,25.75,647700
2018-07-22 20:00:00-04:00,25.74,25.75,25.12,25.13,706900
2018-07-23 20:00:00-04:00,25.25,25.28,24.64,24.69,1087500
2018-07-24 20:00:00-04:00,24.62,24.78,24.29,24.50,1570100
2018-07-25 20:00:00-04:00,24.53,25.12,24.49,24.64,2625600
2018-07-26 20:00:00-04:00,24.90,25.13,24.39,25.07,1992800
2018-07-29 20:00:00-04:00,25.25,25.95,25.25,25.27,2493500
2018-07-30 20:00:00-04:00,25.42,26.57,25.42,26.47,2492400
2018-07-31 20:00:00-04:00,26.47,26.59,25.32,25.60,2417400
2018-08-01 20:00:00-04:00,25.59,26.50,25.08,25.65,2705600
2018-08-02 20:00:00-04:00,25.90,26.56,25.77,26.34,1655700
2018-08-05 20:00:00-04:00,26.37,27.13,26.08,26.98,1427400
2018-08-06 20:00:00-04:00,27.25,27.61,27.00,27.28,881600
2018-08-07 20:00:00-04:00,27.26,27.38,26.92,27.09,870100
2018-08-08 20:00:00-04:00,27.02,27.44,26.56,26.62,1436700
2018-08-09 20:00:00-04:00,26.55,26.92,26.47,26.70,1093100
2018-08-12 20:00:00-04:00,26.64,26.78,26.22,26.36,583900
2018-08-13 20:00:00-04:00,26.45,26.60,26.03,26.07,657300
2018-08-14 20:00:00-04:00,25.90,25.90,24.90,25.01,785800
2018-08-15 20:00:00-04:00,24.90,25.54,24.90,25.32,881800
2018-08-16 20:00:00-04:00,25.39,25.89,25.14,25.85,1229500
2018-08-19 20:00:00-04:00,26.04,26.45,25.91,26.19,849600
2018-08-20 20:00:00-04:00,26.21,26.45,25.92,26.11,483600
2018-08-21 20:00:00-04:00,26.06,26.15,25.70,25.86,965000
2018-08-22 20:00:00-04:00,25.84,25.87,25.25,25.29,739900
2018-08-23 20:00:00-04:00,25.33,25.60,25.21,25.45,1129000
2018-08-26 20:00:00-04:00,25.55,26.25,25.42,26.13,1200300
2018-08-27 20:00:00-04:00,26.13,26.44,25.99,26.15,822400
2018-08-28 20:00:00-04:00,26.28,26.70,26.18,26.61,777600
2018-08-29 20:00:00-04:00,26.55,26.70,25.85,25.98,631500
2018-08-30 20:00:00-04:00,25.88,26.07,25.73,25.87,453100
2018-09-03 20:00:00-04:00,25.87,25.87,25.24,25.30,609400
2018-09-04 20:00:00-04:00,25.18,25.34,24.81,24.97,1445300
2018-09-05 20:00:00-04:00,24.76,24.76,22.90,23.06,4134900
2018-09-06 20:00:00-04:00,22.75,23.41,22.53,23.11,2984600
2018-09-09 20:00:00-04:00,23.22,23.92,23.22,23.72,1543900
2018-09-10 20:00:00-04:00,23.65,24.36,23.38,24.22,1637200
2018-09-11 20:00:00-04:00,24.39,24.63,24.16,24.60,1961600
2018-09-12 20:00:00-04:00,24.74,26.17,24.74,25.76,3199200
2018-09-13 20:00:00-04:00,25.72,26.73,25.63,26.48,2025900
2018-09-16 20:00:00-04:00,26.58,27.39,26.47,26.57,1449900
2018-09-17 20:00:00-04:00,26.58,27.09,26.56,27.08,979600
2018-09-18 20:00:00-04:00,27.03,27.41,26.81,26.92,785700
2018-09-19 20:00:00-04:00,27.11,27.33,26.89,27.18,1086600
2018-09-20 20:00:00-04:00,27.27,27.35,26.97,27.18,3654800
2018-09-23 20:00:00-04:00,27.25,27.46,26.72,27.33,1476200
2018-09-24 20:00:00-04:00,27.46,27.47,26.87,26.94,1162500
2018-09-25 20:00:00-04:00,26.72,26.99,26.31,26.34,1365900
2018-09-26 20:00:00-04:00,26.88,26.88,25.66,25.94,1694000
2018-09-27 20:00:00-04:00,25.83,26.25,25.76,26.22,1010600
2018-09-30 20:00:00-04:00,26.36,26.47,25.87,25.91,1846300
2018-10-01 20:00:00-04:00,25.93,26.10,25.71,25.98,2083900
2018-10-02 20:00:00-04:00,26.13,26.17,25.83,25.90,2164400
2018-10-03 20:00:00-04:00,25.90,26.05,25.51,25.69,720100
2018-10-04 20:00:00-04:00,25.62,25.92,25.00,25.39,677600
2018-10-07 20:00:00-04:00,25.21,25.37,24.77,25.03,776700
2018-10-08 20:00:00-04:00,24.89,25.38,24.88,25.22,1381700
2018-10-09 20:00:00-04:00,25.28,25.28,24.18,24.23,1231200
2018-10-10 20:00:00-04:00,23.58,24.66,23.58,23.68,1182100
2018-10-11 20:00:00-04:00,24.67,24.67,23.45,23.83,1084400
2018-10-14 20:00:00-04:00,23.77,24.37,23.31,24.10,1411700
2018-10-15 20:00:00-04:00,24.29,25.15,24.17,25.12,801600
2018-10-16 20:00:00-04:00,24.95,25.01,24.34,24.88,811100
2018-10-17 20:00:00-04:00,24.29,24.78,23.90,24.08,929000
2018-10-18 20:00:00-04:00,24.10,24.19,23.46,23.59,1219800
2018-10-21 20:00:00-04:00,23.61,23.71,23.16,23.29,1517300
2018-10-22 20:00:00-04:00,22.76,23.33,22.37,23.05,1455600
2018-10-23 20:00:00-04:00,23.14,23.27,21.58,21.62,2160700
2018-10-24 20:00:00-04:00,21.88,23.02,21.73,22.72,2835900
2018-10-25 20:00:00-04:00,23.56,24.78,22.94,24.15,3224300
2018-10-28 20:00:00-04:00,24.59,24.93,23.32,23.66,1412500
2018-10-29 20:00:00-04:00,23.60,24.67,23.60,24.60,1086600
2018-10-30 20:00:00-04:00,25.21,25.53,24.92,25.03,1257900
2018-10-31 20:00:00-04:00,24.43,24.44,23.82,23.87,10006200
2018-11-01 20:00:00-04:00,24.04,24.39,23.87,23.91,2608500
2018-11-04 19:00:00-05:00,24.05,24.72,23.87,24.53,4353000
2018-11-05 19:00:00-05:00,24.51,25.45,24.25,25.34,1999400
2018-11-06 19:00:00-05:00,25.53,26.42,25.36,25.85,2013500
2018-11-07 19:00:00-05:00,25.59,26.13,24.98,25.08,3269700
2018-11-08 19:00:00-05:00,25.92,25.92,24.36,24.56,3314900
2018-11-11 19:00:00-05:00,24.62,24.80,24.22,24.34,1157400
2018-11-12 19:00:00-05:00,24.30,24.51,23.59,23.62,1295800
2018-11-13 19:00:00-05:00,23.79,23.86,23.13,23.33,1320600
2018-11-14 19:00:00-05:00,23.13,24.04,22.67,24.03,1383100
2018-11-15 19:00:00-05:00,24.02,24.07,23.53,23.58,933000
2018-11-18 19:00:00-05:00,23.38,23.40,22.60,22.61,1895700
2018-11-19 19:00:00-05:00,22.20,22.81,21.80,22.43,1062000
2018-11-20 19:00:00-05:00,22.76,23.29,22.70,22.90,953800
2018-11-22 19:00:00-05:00,22.48,22.63,22.29,22.37,253700
2018-11-25 19:00:00-05:00,22.65,23.39,22.62,23.09,1373100
2018-11-26 19:00:00-05:00,22.91,23.16,22.60,22.61,1250800
2018-11-27 19:00:00-05:00,22.64,23.60,22.63,23.44,1316000
2018-11-28 19:00:00-05:00,23.41,23.60,22.64,23.44,2197700
2018-11-29 19:00:00-05:00,23.31,23.69,22.83,22.90,1081900
2018-12-02 19:00:00-05:00,23.51,24.09,23.34,23.47,1090100
2018-12-03 19:00:00-05:00,23.37,23.47,21.43,21.54,1732900
2018-12-05 19:00:00-05:00,20.37,21.19,19.82,21.19,3272100
2018-12-06 19:00:00-05:00,21.31,21.93,20.54,20.63,1572900
2018-12-09 19:00:00-05:00,20.43,20.60,20.06,20.43,2086100
2018-12-10 19:00:00-05:00,20.81,20.92,19.91,19.96,1080300
2018-12-11 19:00:00-05:00,20.37,20.72,20.04,20.20,2509700
2018-12-12 19:00:00-05:00,20.29,20.58,19.46,19.75,1715200
2018-12-13 19:00:00-05:00,19.46,19.84,19.35,19.63,1356100
2018-12-16 19:00:00-05:00,19.40,19.58,18.74,18.96,1188700
2018-12-17 19:00:00-05:00,19.24,19.65,19.03,19.06,1623000
2018-12-18 19:00:00-05:00,18.50,19.19,18.06,18.25,1658500
2018-12-19 19:00:00-05:00,18.15,18.32,17.47,17.76,1294800
2018-12-20 19:00:00-05:00,17.82,18.59,17.78,18.37,3130600
2018-12-23 19:00:00-05:00,18.09,18.31,17.50,17.50,687800
2018-12-25 19:00:00-05:00,17.48,18.72,17.30,18.71,981500
2018-12-26 19:00:00-05:00,18.00,18.86,18.00,18.86,917300
2018-12-27 19:00:00-05:00,19.05,19.19,18.63,18.85,1394400
2018-12-30 19:00:00-05:00,19.03,19.10,18.59,18.92,907100
2019-01-01 19:00:00-05:00,18.52,19.45,18.22,19.43,1602200
2019-01-02 19:00:00-05:00,19.25,19.54,18.59,19.04,1246300
2019-01-03 19:00:00-05:00,19.43,19.67,19.09,19.37,2041900
2019-01-06 19:00:00-05:00,19.56,20.39,19.28,19.99,2296100
2019-01-07 19:00:00-05:00,20.30,20.67,19.95,20.22,1387600
2019-01-08 19:00:00-05:00,20.49,21.02,20.33,20.70,1224000
2019-01-09 19:00:00-05:00,20.44,20.89,20.37,20.81,1007700
2019-01-10 19:00:00-05:00,20.61,21.04,20.51,21.01,679600
2019-01-13 19:00:00-05:00,20.81,20.81,20.32,20.35,1200200
2019-01-14 19:00:00-05:00,20.44,20.62,20.13,20.28,1721100
2019-01-15 19:00:00-05:00,20.21,20.58,20.16,20.20,1185000
2019-01-16 19:00:00-05:00,20.07,20.66,20.05,20.57,840100
2019-01-17 19:00:00-05:00,20.74,21.52,20.48,21.48,2099500
2019-01-21 19:00:00-05:00,20.95,21.37,20.83,21.07,2240500
2019-01-22 19:00:00-05:00,21.19,21.43,20.51,20.75,1039900
2019-01-23 19:00:00-05:00,20.80,21.20,20.70,20.95,745100
2019-01-24 19:00:00-05:00,21.18,22.46,21.14,22.37,2219800
2019-01-27 19:00:00-05:00,22.05,22.25,21.76,22.17,1828500
2019-01-28 19:00:00-05:00,22.38,23.03,22.28,22.61,2079300
2019-01-29 19:00:00-05:00,22.98,23.11,22.43,22.79,1604100
2019-01-30 19:00:00-05:00,22.83,23.18,22.53,22.82,1637300
2019-01-31 19:00:00-05:00,22.93,23.18,22.55,22.93,1231200
2019-02-03 19:00:00-05:00,22.87,23.14,22.63,23.04,1009400
2019-02-04 19:00:00-05:00,23.04,23.33,22.98,23.16,953300
2019-02-05 19:00:00-05:00,23.08,23.45,23.02,23.27,1146600
2019-02-06 19:00:00-05:00,23.03,23.26,22.52,23.05,1801500
2019-02-07 19:00:00-05:00,22.89,22.93,22.16,22.54,1073400
2019-02-10 19:00:00-05:00,22.54,22.74,22.40,22.60,1284400
2019-02-11 19:00:00-05:00,22.91,23.14,22.76,22.79,1457100
2019-02-12 19:00:00-05:00,23.01,23.60,23.01,23.41,2274500
2019-02-13 19:00:00-05:00,23.29,23.77,23.22,23.46,1654300
2019-02-14 19:00:00-05:00,23.69,24.20,23.68,24.15,1428200
2019-02-18 19:00:00-05:00,24.01,24.96,23.22,23.98,2895800
2019-02-19 19:00:00-05:00,24.69,25.15,24.39,24.58,2435700
2019-02-20 19:00:00-05:00,24.65,25.10,24.54,25.02,1459000
2019-02-21 19:00:00-05:00,25.05,25.25,24.67,24.74,1350500
2019-02-24 19:00:00-05:00,24.83,25.12,24.73,25.03,1709700
2019-02-25 19:00:00-05:00,24.93,24.99,24.59,24.66,1396600
2019-02-26 19:00:00-05:00,24.66,24.84,24.45,24.65,973800
2019-02-27 19:00:00-05:00,24.62,24.91,24.32,24.84,1331300
2019-02-28 19:00:00-05:00,24.94,25.49,24.79,25.29,1068600
2019-03-03 19:00:00-05:00,25.40,25.55,24.87,24.96,1085700
2019-03-04 19:00:00-05:00,24.97,25.11,24.82,24.92,864700
2019-03-05 19:00:00-05:00,24.81,24.99,24.27,24.34,973000
2019-03-06 19:00:00-05:00,24.78,24.84,24.34,24.63,1670600
2019-03-07 19:00:00-05:00,24.11,24.79,24.11,24.74,1119300
2019-03-10 20:00:00-04:00,24.79,25.62,24.79,25.60,1513900
2019-03-11 20:00:00-04:00,25.63,25.72,25.40,25.55,1379400
2019-03-12 20:00:00-04:00,25.77,26.30,25.66,26.17,1656600
2019-03-13 20:00:00-04:00,26.05,26.32,25.34,25.49,1734300
2019-03-14 20:00:00-04:00,25.49,26.45,25.43,26.35,2031600
2019-03-17 20:00:00-04:00,26.44,26.68,26.06,26.62,1505900
2019-03-18 20:00:00-04:00,26.53,26.72,26.05,26.19,2120300
2019-03-19 20:00:00-04:00,26.03,26.59,25.77,26.27,1631000
2019-03-20 20:00:00-04:00,26.20,26.53,26.13,26.43,1205500
2019-03-21 20:00:00-04:00,26.28,26.28,25.17,25.26,1126800
2019-03-24 20:00:00-04:00,25.27,25.69,25.08,25.59,1198800
2019-03-25 20:00:00-04:00,25.85,26.07,25.57,25.80,859500
2019-03-26 20:00:00-04:00,25.74,25.96,25.34,25.54,1057500
2019-03-27 20:00:00-04:00,25.52,25.97,25.46,25.74,1026400
2019-03-28 20:00:00-04:00,25.96,26.33,25.94,26.26,1581300
2019-03-31 20:00:00-04:00,26.44,26.78,26.24,26.40,863900
2019-04-01 20:00:00-04:00,26.44,26.53,26.12,26.28,501100
2019-04-02 20:00:00-04:00,26.34,26.58,26.29,26.43,1215800
2019-04-03 20:00:00-04:00,26.40,26.61,26.39,26.47,553700
2019-04-04 20:00:00-04:00,26.62,26.68,26.47,26.68,804900
2019-04-07 20:00:00-04:00,26.56,26.78,26.38,26.75,634400
2019-04-08 20:00:00-04:00,26.58,26.58,26.17,26.28,899100
2019-04-09 20:00:00-04:00,26.40,26.59,26.18,26.45,633100
2019-04-10 20:00:00-04:00,26.44,26.72,26.34,26.66,937100
2019-04-11 20:00:00-04:00,26.91,26.91,26.01,26.18,1878200
2019-04-14 20:00:00-04:00,26.18,26.45,25.70,25.75,1444600
2019-04-15 20:00:00-04:00,26.00,26.21,25.83,25.89,1259200
2019-04-16 20:00:00-04:00,26.11,26.26,25.36,25.39,1152900
2019-04-17 20:00:00-04:00,25.49,25.69,25.27,25.57,1302600
2019-04-21 20:00:00-04:00,25.87,26.09,25.54,25.79,1219200
2019-04-22 20:00:00-04:00,25.79,26.39,25.77,26.25,1073200
2019-04-23 20:00:00-04:00,26.40,26.77,26.24,26.27,1470000
2019-04-24 20:00:00-04:00,25.70,26.35,25.70,26.23,1544000
2019-04-25 20:00:00-04:00,26.21,26.50,25.94,26.48,2633300
2019-04-28 20:00:00-04:00,29.27,31.32,29.27,30.73,9869800
2019-04-29 20:00:00-04:00,30.65,32.71,30.26,31.86,7293300
2019-04-30 20:00:00-04:00,31.98,32.96,31.89,32.68,4704000
2019-05-01 20:00:00-04:00,32.06,34.14,32.02,33.02,4847200
2019-05-02 20:00:00-04:00,33.18,33.45,32.55,32.76,2637600
2019-05-05 20:00:00-04:00,31.70,32.77,30.83,32.19,2183700
2019-05-06 20:00:00-04:00,31.64,32.21,31.35,32.09,1875300
2019-05-07 20:00:00-04:00,32.00,32.09,31.34,31.46,1438000
2019-05-08 20:00:00-04:00,31.19,31.93,30.73,31.56,2166400
2019-05-09 20:00:00-04:00,31.34,32.39,31.16,32.39,1306200
2019-05-12 20:00:00-04:00,31.59,31.96,31.43,31.89,1666500
2019-05-13 20:00:00-04:00,31.98,32.65,31.98,32.53,1693700
2019-05-14 20:00:00-04:00,32.18,33.60,31.84,33.29,2176400
2019-05-15 20:00:00-04:00,33.21,33.46,32.92,33.10,1766300
2019-05-16 20:00:00-04:00,32.79,33.73,32.65,32.79,2737600
2019-05-19 20:00:00-04:00,32.37,33.37,32.27,33.19,2102400
2019-05-20 20:00:00-04:00,33.27,34.09,33.23,33.88,1724500
2019-05-21 20:00:00-04:00,33.62,34.20,33.46,33.68,1741500
2019-05-22 20:00:00-04:00,33.32,33.33,32.47,32.95,1589600
2019-05-23 20:00:00-04:00,33.39,33.57,33.22,33.30,1278300
2019-05-27 20:00:00-04:00,33.31,33.60,33.15,33.33,915800
2019-05-28 20:00:00-04:00,33.18,33.27,32.82,32.99,1451600
2019-05-29 20:00:00-04:00,33.02,33.26,32.70,32.78,1268000
2019-05-30 20:00:00-04:00,32.22,32.65,31.70,32.07,1659700
2019-06-02 20:00:00-04:00,32.06,32.85,31.77,31.87,2627200
2019-06-03 20:00:00-04:00,32.41,32.56,32.03,32.28,1209000
2019-06-04 20:00:00-04:00,32.36,32.59,31.62,31.72,1733600
2019-06-05 20:00:00-04:00,32.11,32.44,31.67,32.42,1541400
2019-06-06 20:00:00-04:00,32.61,32.69,32.05,32.26,1039400
2019-06-09 20:00:00-04:00,32.39,32.91,32.28,32.65,822300
2019-06-10 20:00:00-04:00,32.94,33.16,32.35,32.38,1238800
2019-06-11 20:00:00-04:00,32.29,32.45,31.62,31.74,1105000
2019-06-12 20:00:00-04:00,31.79,32.14,31.79,32.12,821900
2019-06-13 20:00:00-04:00,32.20,32.20,31.53,32.06,789600
2019-06-16 20:00:00-04:00,32.07,32.38,31.94,32.22,922600
2019-06-17 20:00:00-04:00,32.44,33.27,32.24,33.18,1159900
2019-06-18 20:00:00-04:00,33.33,33.55,33.12,33.40,762300
2019-06-19 20:00:00-04:00,33.57,33.96,33.22,33.47,1491100
2019-06-20 20:00:00-04:00,33.37,33.37,32.61,32.71,1622100
2019-06-23 20:00:00-04:00,32.75,32.96,32.34,32.39,750500
2019-06-24 20:00:00-04:00,32.36,32.82,32.16,32.47,742900
2019-06-25 20:00:00-04:00,32.49,32.85,32.12,32.33,727200
2019-06-26 20:00:00-04:00,32.40,32.71,32.36,32.52,1081500
2019-06-27 20:00:00-04:00,32.63,33.31,32.53,33.19,1481600
2019-06-30 20:00:00-04:00,33.62,33.94,33.11,33.41,681100
2019-07-01 20:00:00-04:00,33.36,33.55,32.61,33.08,993100
2019-07-02 20:00:00-04:00,33.15,33.52,32.83,33.19,593300
2019-07-04 20:00:00-04:00,32.89,33.39,32.80,33.08,2283100
2019-07-07 20:00:00-04:00,33.05,33.57,32.41,32.71,965200
2019-07-08 20:00:00-04:00,32.38,32.72,31.65,31.70,1793600
2019-07-09 20:00:00-04:00,31.69,32.02,31.11,31.71,1624300
2019-07-10 20:00:00-04:00,31.65,31.90,30.56,30.97,3126100
2019-07-11 20:00:00-04:00,31.03,32.05,30.98,31.91,790900
2019-07-14 20:00:00-04:00,31.83,32.06,31.13,31.18,981600
2019-07-15 20:00:00-04:00,31.06,32.17,31.06,32.00,1347400
2019-07-16 20:00:00-04:00,32.00,32.19,31.57,31.59,1634400
2019-07-17 20:00:00-04:00,31.51,31.73,31.37,31.44,656800
2019-07-18 20:00:00-04:00,31.58,32.18,31.46,32.16,1115400
2019-07-21 20:00:00-04:00,32.09,32.50,32.04,32.09,795000
2019-07-22 20:00:00-04:00,32.29,32.51,31.98,32.47,729500
2019-07-23 20:00:00-04:00,32.29,32.80,32.23,32.62,756600
2019-07-24 20:00:00-04:00,32.61,32.66,31.84,32.14,907400
2019-07-25 20:00:00-04:00,32.14,32.33,31.48,31.75,1161400
2019-07-28 20:00:00-04:00,31.75,32.00,30.93,30.97,1293000
2019-07-29 20:00:00-04:00,30.77,31.88,30.70,31.85,1658500
2019-07-30 20:00:00-04:00,31.72,32.23,31.46,31.63,2816100
2019-07-31 20:00:00-04:00,29.98,31.47,29.21,29.94,4026300
2019-08-01 20:00:00-04:00,29.70,30.54,29.54,29.79,2714800
2019-08-04 20:00:00-04:00,28.84,29.19,28.59,28.95,4331700
2019-08-05 20:00:00-04:00,29.26,29.80,29.09,29.63,1379000
2019-08-06 20:00:00-04:00,29.12,29.59,28.73,29.44,1517500
2019-08-07 20:00:00-04:00,29.95,30.29,29.45,29.69,1339300
2019-08-08 20:00:00-04:00,29.69,29.76,29.00,29.17,942900
2019-08-11 20:00:00-04:00,28.92,29.27,28.79,28.97,815000
2019-08-12 20:00:00-04:00,28.76,29.69,28.66,29.32,1505000
2019-08-13 20:00:00-04:00,28.74,28.96,28.09,28.19,1727200
2019-08-14 20:00:00-04:00,28.29,28.47,28.03,28.24,1107200
2019-08-15 20:00:00-04:00,28.36,28.85,28.18,28.76,1195300
2019-08-18 20:00:00-04:00,29.21,29.39,28.72,29.02,1265800
2019-08-19 20:00:00-04:00,28.91,29.11,28.31,28.54,686800
2019-08-20 20:00:00-04:00,28.92,28.92,28.18,28.38,867700
2019-08-21 20:00:00-04:00,28.53,28.68,28.23,28.29,449100
2019-08-22 20:00:00-04:00,28.02,28.14,26.95,27.08,1473200
2019-08-25 20:00:00-04:00,27.35,27.53,26.79,27.07,1084200
2019-08-26 20:00:00-04:00,27.26,27.42,26.52,26.60,858000
2019-08-27 20:00:00-04:00,26.65,27.22,26.49,26.87,1493100
2019-08-28 20:00:00-04:00,27.19,27.50,27.05,27.33,721200
2019-08-29 20:00:00-04:00,27.54,27.68,27.28,27.51,830500
2019-09-02 20:00:00-04:00,27.14,27.32,26.32,26.34,1171100
2019-09-03 20:00:00-04:00,26.50,26.60,25.26,25.68,3811000
2019-09-04 20:00:00-04:00,26.48,27.97,26.45,27.66,2558300
2019-09-05 20:00:00-04:00,27.49,28.01,26.97,27.56,1343500
2019-09-08 20:00:00-04:00,27.81,28.39,27.63,28.16,1693200
2019-09-09 20:00:00-04:00,28.22,29.78,28.02,29.72,1973400
2019-09-10 20:00:00-04:00,29.75,29.84,29.10,29.57,1663100
2019-09-11 20:00:00-04:00,29.35,30.34,29.04,30.08,1434400
2019-09-12 20:00:00-04:00,30.28,30.81,30.28,30.56,1281800
2019-09-15 20:00:00-04:00,30.56,31.43,30.44,31.17,2385300
2019-09-16 20:00:00-04:00,30.89,31.03,30.19,30.40,1184500
2019-09-17 20:00:00-04:00,30.30,30.31,29.76,30.09,1016000
2019-09-18 20:00:00-04:00,30.07,30.10,29.35,29.39,1087700
2019-09-19 20:00:00-04:00,29.41,29.43,28.81,28.87,1424500
2019-09-22 20:00:00-04:00,28.64,28.87,28.26,28.67,1317200
2019-09-23 20:00:00-04:00,28.66,28.77,27.97,28.31,983600
2019-09-24 20:00:00-04:00,28.17,28.74,27.75,28.68,597700
2019-09-25 20:00:00-04:00,28.54,28.76,28.20,28.56,1192300
2019-09-26 20:00:00-04:00,28.65,28.91,27.97,28.07,935000
2019-09-29 20:00:00-04:00,28.12,28.12,27.52,27.69,1756300
2019-09-30 20:00:00-04:00,27.82,27.97,26.15,26.48,1882800
2019-10-01 20:00:00-04:00,26.19,26.65,25.92,26.54,1861300
2019-10-02 20:00:00-04:00,26.32,27.43,26.32,27.24,1514600
2019-10-03 20:00:00-04:00,27.23,27.64,27.03,27.62,972200
2019-10-06 20:00:00-04:00,27.43,27.46,26.98,26.98,1024900
2019-10-07 20:00:00-04:00,26.61,26.75,26.14,26.43,2736800
2019-10-08 20:00:00-04:00,26.71,26.87,26.45,26.75,604300
2019-10-09 20:00:00-04:00,26.80,27.61,26.57,27.53,1474100
2019-10-10 20:00:00-04:00,27.83,29.30,27.82,28.94,2271800
2019-10-13 20:00:00-04:00,28.64,28.90,28.36,28.45,826000
2019-10-14 20:00:00-04:00,28.46,29.11,28.30,28.76,1417400
2019-10-15 20:00:00-04:00,28.77,29.22,28.65,28.82,831600
2019-10-16 20:00:00-04:00,29.05,29.26,28.45,29.03,1189500
2019-10-17 20:00:00-04:00,29.00,30.45,28.89,30.19,2546200
2019-10-20 20:00:00-04:00,30.34,31.05,30.24,30.45,2451900
2019-10-21 20:00:00-04:00,30.58,31.75,29.99,31.30,4127700
2019-10-22 20:00:00-04:00,31.20,32.03,30.50,31.86,3299000
2019-10-23 20:00:00-04:00,31.86,32.09,31.26,31.57,1517200
2019-10-24 20:00:00-04:00,31.62,32.24,31.41,32.09,3739200
2019-10-27 20:00:00-04:00,32.29,32.58,31.63,31.63,2321800
2019-10-28 20:00:00-04:00,31.20,32.60,30.19,32.31,4255100
2019-10-29 20:00:00-04:00,32.11,32.25,30.64,31.42,2745900
2019-10-30 20:00:00-04:00,30.47,31.17,30.43,31.15,1643700
2019-10-31 20:00:00-04:00,31.43,32.15,31.20,32.15,1306400
2019-11-03 19:00:00-05:00,32.49,32.95,32.35,32.73,2329600
2019-11-04 19:00:00-05:00,32.82,33.08,31.90,31.94,1165900
2019-11-05 19:00:00-05:00,31.79,32.27,31.64,32.03,691600
2019-11-06 19:00:00-05:00,32.36,32.95,32.32,32.53,1027700
2019-11-07 19:00:00-05:00,32.50,33.03,32.12,33.01,893700
2019-11-10 19:00:00-05:00,32.68,33.16,32.56,33.10,841200
2019-11-11 19:00:00-05:00,33.06,33.28,32.86,32.91,849800
2019-11-12 19:00:00-05:00,32.55,32.76,32.16,32.67,666300
2019-11-13 19:00:00-05:00,32.57,32.68,32.18,32.29,876400
2019-11-14 19:00:00-05:00,32.50,33.05,32.44,32.93,833500
2019-11-17 19:00:00-05:00,32.86,33.07,32.48,33.02,806800
2019-11-18 19:00:00-05:00,33.13,33.48,32.80,32.94,2363500
2019-11-19 19:00:00-05:00,32.84,33.35,32.63,32.86,766700
2019-11-20 19:00:00-05:00,32.87,32.87,32.35,32.49,976700
2019-11-21 19:00:00-05:00,32.60,32.99,32.44,32.94,573200
2019-11-24 19:00:00-05:00,32.95,33.41,32.68,33.22,1081100
2019-11-25 19:00:00-05:00,33.20,33.27,32.65,33.21,963400
2019-11-26 19:00:00-05:00,33.23,33.50,32.86,33.39,815600
2019-11-28 19:00:00-05:00,33.35,33.57,33.13,33.15,383700
2019-12-01 19:00:00-05:00,33.28,33.52,32.82,32.82,952000
2019-12-02 19:00:00-05:00,32.38,32.69,32.18,32.56,642300
2019-12-03 19:00:00-05:00,32.73,33.14,32.60,32.67,890200
2019-12-04 19:00:00-05:00,33.32,33.66,33.14,33.33,672800
2019-12-05 19:00:00-05:00,33.59,33.94,33.57,33.90,530700
2019-12-08 19:00:00-05:00,33.79,33.90,33.60,33.66,618100
2019-12-09 19:00:00-05:00,32.87,33.58,32.87,33.25,1121400
2019-12-10 19:00:00-05:00,33.66,34.23,33.56,34.10,699300
2019-12-11 19:00:00-05:00,34.05,34.87,33.99,34.82,1253200
2019-12-12 19:00:00-05:00,34.74,35.69,34.74,35.34,2092700
2019-12-15 19:00:00-05:00,35.63,35.99,35.31,35.98,1340300
2019-12-16 19:00:00-05:00,36.02,36.17,35.53,35.88,1779500
2019-12-17 19:00:00-05:00,36.01,36.46,35.63,35.96,1757500
2019-12-18 19:00:00-05:00,36.29,36.63,36.01,36.29,816000
2019-12-19 19:00:00-05:00,36.35,36.83,36.14,36.44,1967500
2019-12-22 19:00:00-05:00,36.53,36.84,36.15,36.67,749600
2019-12-23 19:00:00-05:00,36.79,37.03,36.51,36.57,268500
2019-12-25 19:00:00-05:00,36.67,36.95,36.51,36.74,494400
2019-12-26 19:00:00-05:00,36.79,36.92,36.71,36.74,714300
2019-12-29 19:00:00-05:00,36.76,36.78,36.21,36.29,1058400
2019-12-30 19:00:00-05:00,36.26,36.75,36.06,36.48,1035500
2020-01-01 19:00:00-05:00,36.67,36.82,36.21,36.67,917100
2020-01-02 19:00:00-05:00,36.31,36.63,36.09,36.52,694500
2020-01-05 19:00:00-05:00,36.30,36.40,35.91,36.08,807300
2020-01-06 19:00:00-05:00,35.97,36.20,35.70,35.81,839500
2020-01-07 19:00:00-05:00,35.87,36.33,35.48,35.55,1131700
2020-01-08 19:00:00-05:00,35.77,35.86,35.40,35.60,648800
2020-01-09 19:00:00-05:00,35.53,35.68,34.68,34.94,985700
2020-01-12 19:00:00-05:00,35.09,35.35,34.93,35.24,508800
2020-01-13 19:00:00-05:00,35.15,35.33,34.58,34.74,911100
2020-01-14 19:00:00-05:00,34.67,34.94,34.07,34.31,2567000
2020-01-15 19:00:00-05:00,34.55,35.06,34.55,34.91,762400
2020-01-16 19:00:00-05:00,35.00,35.53,34.78,35.28,578900
2020-01-20 19:00:00-05:00,34.90,35.26,34.36,34.37,1096400
2020-01-21 19:00:00-05:00,34.60,34.78,34.28,34.31,443600
2020-01-22 19:00:00-05:00,33.98,34.86,33.74,34.68,884200
2020-01-23 19:00:00-05:00,34.71,34.71,34.08,34.47,773800
2020-01-26 19:00:00-05:00,33.87,35.14,33.74,34.33,1406200
2020-01-27 19:00:00-05:00,34.51,35.57,34.41,35.38,1319400
2020-01-28 19:00:00-05:00,35.55,36.14,35.27,35.90,906400
2020-01-29 19:00:00-05:00,35.60,36.33,35.40,36.01,740500
2020-01-30 19:00:00-05:00,35.69,35.89,34.90,35.11,936000
2020-02-02 19:00:00-05:00,35.37,36.23,35.19,35.57,583700
2020-02-03 19:00:00-05:00,36.31,37.01,36.10,36.36,1085500
2020-02-04 19:00:00-05:00,36.87,36.87,36.27,36.55,842200
2020-02-05 19:00:00-05:00,36.58,36.87,36.10,36.81,1152000
2020-02-06 19:00:00-05:00,37.00,37.41,36.43,36.88,2812100
2020-02-09 19:00:00-05:00,36.75,37.37,36.65,37.35,1764600
2020-02-10 19:00:00-05:00,37.59,38.00,37.33,37.53,1272000
2020-02-11 19:00:00-05:00,37.79,38.66,37.75,38.27,1770800
2020-02-12 19:00:00-05:00,38.07,38.35,37.25,37.34,1065200
2020-02-13 19:00:00-05:00,37.44,37.50,36.54,36.62,2220300
2020-02-17 19:00:00-05:00,36.27,37.71,35.95,37.34,3619600
2020-02-18 19:00:00-05:00,37.49,38.00,37.00,37.45,1948400
2020-02-19 19:00:00-05:00,37.24,38.47,37.16,38.43,1834100
2020-02-20 19:00:00-05:00,38.17,38.74,38.07,38.39,2869900
2020-02-23 19:00:00-05:00,37.07,37.21,36.36,36.36,2042300
2020-02-24 19:00:00-05:00,36.62,36.68,35.20,35.53,3193200
2020-02-25 19:00:00-05:00,35.87,36.09,35.25,35.55,2791500
2020-02-26 19:00:00-05:00,34.41,35.41,33.40,33.42,3235300
2020-02-27 19:00:00-05:00,32.74,33.40,30.88,32.61,9109500
2020-03-01 19:00:00-05:00,32.88,34.56,32.40,32.62,38314900
2020-03-02 19:00:00-05:00,32.42,32.72,30.50,31.52,18033500
2020-03-03 19:00:00-05:00,31.64,31.82,29.62,30.78,25202700
2020-03-04 19:00:00-05:00,29.74,29.97,26.63,26.68,15758700
2020-03-05 19:00:00-05:00,25.21,28.63,24.54,27.64,17039700
2020-03-08 20:00:00-04:00,25.41,26.01,22.74,23.20,11306200
2020-03-09 20:00:00-04:00,24.11,24.37,21.74,23.73,10318500
2020-03-10 20:00:00-04:00,23.05,24.01,22.33,23.36,10683700
2020-03-11 20:00:00-04:00,20.85,22.70,19.78,21.22,10578900
2020-03-12 20:00:00-04:00,22.31,23.43,20.09,22.87,8556200
2020-03-15 20:00:00-04:00,20.23,21.92,19.58,21.13,6441600
2020-03-16 20:00:00-04:00,21.38,22.48,20.63,21.42,7718300
2020-03-17 20:00:00-04:00,19.72,20.30,16.92,19.11,8292600
2020-03-18 20:00:00-04:00,18.80,22.23,18.72,19.90,5737500
2020-03-19 20:00:00-04:00,20.11,21.27,19.26,19.50,5900000
2020-03-22 20:00:00-04:00,19.38,20.10,18.18,19.39,6477500
2020-03-23 20:00:00-04:00,20.48,22.44,19.68,22.29,4696900
2020-03-24 20:00:00-04:00,22.57,25.09,21.40,23.15,5175600
2020-03-25 20:00:00-04:00,22.46,24.00,22.40,23.28,5518500
2020-03-26 20:00:00-04:00,22.26,22.93,21.57,22.50,4304400
2020-03-29 20:00:00-04:00,22.61,23.80,22.06,23.62,3760200
2020-03-30 20:00:00-04:00,23.40,25.00,23.40,24.66,6458500
2020-03-31 20:00:00-04:00,23.81,24.96,23.47,23.66,7902900
2020-04-01 20:00:00-04:00,23.40,24.55,22.46,22.91,6383200
2020-04-02 20:00:00-04:00,22.92,23.76,22.44,23.36,3826800
2020-04-05 20:00:00-04:00,24.51,25.89,24.41,25.29,5045100
2020-04-06 20:00:00-04:00,26.31,26.67,24.50,24.68,4253100
2020-04-07 20:00:00-04:00,24.76,25.71,24.29,25.56,3268900
2020-04-08 20:00:00-04:00,26.00,27.36,25.73,26.35,3299800
2020-04-12 20:00:00-04:00,26.33,26.79,25.49,26.07,3164100
2020-04-13 20:00:00-04:00,26.73,27.31,25.95,26.20,2551400
2020-04-14 20:00:00-04:00,25.38,25.43,24.02,24.22,2597100
2020-04-15 20:00:00-04:00,24.06,24.64,23.08,24.46,3761900
2020-04-16 20:00:00-04:00,25.27,26.84,25.17,26.66,3811400
2020-04-19 20:00:00-04:00,26.10,26.97,25.49,26.28,4002900
2020-04-20 20:00:00-04:00,25.56,26.39,25.46,26.23,3174100
2020-04-21 20:00:00-04:00,26.66,26.95,25.81,26.67,2641900
2020-04-22 20:00:00-04:00,26.85,27.93,26.68,27.21,2991100
2020-04-23 20:00:00-04:00,27.48,27.94,27.09,27.66,3126100
2020-04-26 20:00:00-04:00,27.92,29.27,27.70,28.61,3505500
2020-04-27 20:00:00-04:00,29.23,29.83,28.57,29.11,2800800
2020-04-28 20:00:00-04:00,29.83,30.31,29.55,30.15,2132600
2020-04-29 20:00:00-04:00,29.74,29.78,28.71,28.92,2507200
2020-04-30 20:00:00-04:00,28.49,28.59,27.46,27.97,1507800
2020-05-03 20:00:00-04:00,27.60,27.61,26.63,27.22,1763500
2020-05-04 20:00:00-04:00,27.36,28.22,27.36,27.44,2074000
2020-05-05 20:00:00-04:00,27.59,27.64,26.94,27.13,1515600
2020-05-06 20:00:00-04:00,27.59,28.11,27.43,27.53,1705700
2020-05-07 20:00:00-04:00,28.05,29.03,27.79,29.01,1869500
2020-05-10 20:00:00-04:00,28.73,29.17,27.99,28.93,2878100
2020-05-11 20:00:00-04:00,27.36,29.24,27.25,27.31,5602100
2020-05-12 20:00:00-04:00,26.88,26.91,25.23,25.78,4952200
2020-05-13 20:00:00-04:00,25.28,26.99,24.67,26.56,3223900
2020-05-14 20:00:00-04:00,26.29,26.73,26.07,26.27,3029200
2020-05-17 20:00:00-04:00,27.16,28.80,27.16,28.54,2445800
2020-05-18 20:00:00-04:00,28.36,28.96,27.92,28.32,4322000
2020-05-19 20:00:00-04:00,28.71,29.49,28.53,28.86,2766600
2020-05-20 20:00:00-04:00,28.79,29.25,28.49,29.25,2218200
2020-05-21 20:00:00-04:00,29.30,29.30,28.27,28.38,2312000
2020-05-25 20:00:00-04:00,29.34,30.68,29.13,30.24,3931800
2020-05-26 20:00:00-04:00,30.84,31.51,29.73,29.83,3437200
2020-05-27 20:00:00-04:00,27.84,29.21,27.77,28.59,6700100
2020-05-28 20:00:00-04:00,28.40,28.52,27.60,28.04,5718600
2020-05-31 20:00:00-04:00,28.03,28.72,27.56,28.60,2916700
2020-06-01 20:00:00-04:00,28.88,29.19,28.43,28.69,2427800
2020-06-02 20:00:00-04:00,29.17,30.69,28.96,30.62,3020200
2020-06-03 20:00:00-04:00,30.46,31.11,30.26,30.51,3246100
2020-06-04 20:00:00-04:00,31.90,33.78,31.82,33.05,6281700
2020-06-07 20:00:00-04:00,34.66,34.90,33.23,34.83,6190800
2020-06-08 20:00:00-04:00,34.12,34.30,32.83,32.91,3333300
2020-06-09 20:00:00-04:00,32.75,33.09,32.38,32.60,3277800
2020-06-10 20:00:00-04:00,31.09,31.35,30.49,30.58,5547600
2020-06-11 20:00:00-04:00,31.79,31.98,30.35,31.05,3081900
2020-06-14 20:00:00-04:00,29.87,31.05,29.43,30.85,4265500
2020-06-15 20:00:00-04:00,32.46,32.89,30.95,31.20,4575600
2020-06-16 20:00:00-04:00,30.33,30.79,29.32,29.39,11689000
2020-06-17 20:00:00-04:00,29.25,30.09,29.16,29.22,5166200
2020-06-18 20:00:00-04:00,29.66,29.68,28.63,28.65,6945900
2020-06-21 20:00:00-04:00,28.45,29.29,28.27,29.01,4126000
2020-06-22 20:00:00-04:00,29.35,29.47,28.70,28.82,4871200
2020-06-23 20:00:00-04:00,28.53,28.53,26.57,27.35,10711200
2020-06-24 20:00:00-04:00,27.21,27.53,26.66,27.42,6608200
2020-06-25 20:00:00-04:00,27.36,27.62,26.93,27.08,9657300
2020-06-28 20:00:00-04:00,27.34,28.14,27.12,27.95,3721700
2020-06-29 20:00:00-04:00,27.75,28.21,27.40,27.96,3384400
2020-06-30 20:00:00-04:00,28.02,28.49,27.75,27.88,3287100
2020-07-01 20:00:00-04:00,28.45,29.06,28.19,28.30,3861400
2020-07-05 20:00:00-04:00,28.76,29.24,28.46,29.15,2797600
2020-07-06 20:00:00-04:00,28.95,28.98,27.91,27.94,2380700
2020-07-07 20:00:00-04:00,27.92,28.25,27.57,27.96,2630400
2020-07-08 20:00:00-04:00,27.84,27.95,27.01,27.70,2904900
2020-07-09 20:00:00-04:00,27.66,28.25,27.63,28.15,3594500
2020-07-12 20:00:00-04:00,28.39,29.15,28.24,28.47,3655000
2020-07-13 20:00:00-04:00,28.52,29.59,28.27,29.56,3045400
2020-07-14 20:00:00-04:00,30.00,30.88,30.00,30.79,3462000
2020-07-15 20:00:00-04:00,30.72,31.15,30.28,30.51,2676800
2020-07-16 20:00:00-04:00,30.64,30.97,30.24,30.48,2905600
2020-07-19 20:00:00-04:00,30.44,31.21,30.24,31.13,3138600
2020-07-20 20:00:00-04:00,31.32,31.82,31.22,31.47,3143700
2020-07-21 20:00:00-04:00,31.54,31.97,31.33,31.72,2453500
2020-07-22 20:00:00-04:00,31.62,31.93,31.23,31.45,2109800
2020-07-23 20:00:00-04:00,31.50,31.61,31.11,31.42,2427600
2020-07-26 20:00:00-04:00,31.60,31.78,31.24,31.64,1862200
2020-07-27 20:00:00-04:00,31.69,31.79,31.01,31.18,3074800
2020-07-28 20:00:00-04:00,31.45,31.98,31.22,31.98,1957800
2020-07-29 20:00:00-04:00,31.49,31.73,31.07,31.63,1930000
2020-07-30 20:00:00-04:00,31.48,31.90,30.84,31.41,2658200
2020-08-02 20:00:00-04:00,31.66,32.48,31.47,32.45,2969600
2020-08-03 20:00:00-04:00,32.76,33.32,31.91,32.47,5173500
2020-08-04 20:00:00-04:00,32.76,33.41,32.60,32.72,2362900
2020-08-05 20:00:00-04:00,32.66,33.00,32.36,32.86,1847800
2020-08-06 20:00:00-04:00,32.76,33.73,32.58,33.71,2916200
2020-08-09 20:00:00-04:00,33.77,34.84,33.62,34.83,3477500
2020-08-10 20:00:00-04:00,35.16,36.04,35.16,35.66,3626000
2020-08-11 20:00:00-04:00,35.87,35.99,35.18,35.41,1977300
2020-08-12 20:00:00-04:00,35.17,35.26,34.85,34.92,1710000
2020-08-13 20:00:00-04:00,34.66,35.40,34.33,35.20,1572700
2020-08-16 20:00:00-04:00,35.25,35.34,34.49,34.62,1595500
2020-08-17 20:00:00-04:00,34.54,34.81,34.41,34.43,1917900
2020-08-18 20:00:00-04:00,34.49,34.78,34.11,34.24,1363000
2020-08-19 20:00:00-04:00,33.81,34.51,33.64,34.44,1647600
2020-08-20 20:00:00-04:00,34.41,34.73,34.24,34.52,1364700
2020-08-23 20:00:00-04:00,34.75,35.25,34.52,35.24,1304500
2020-08-24 20:00:00-04:00,35.36,35.44,34.75,35.04,1303300
2020-08-25 20:00:00-04:00,34.97,35.19,34.70,34.96,1202800
2020-08-26 20:00:00-04:00,35.19,35.31,34.88,35.09,1421600
2020-08-27 20:00:00-04:00,35.19,35.64,35.01,35.56,2421100
2020-08-30 20:00:00-04:00,35.64,35.64,34.86,34.86,1779900
2020-08-31 20:00:00-04:00,34.73,36.03,34.41,36.01,1895400
2020-09-01 20:00:00-04:00,36.06,36.15,35.48,35.90,2314700
2020-09-02 20:00:00-04:00,35.90,36.14,34.83,35.19,2030600
2020-09-03 20:00:00-04:00,35.69,36.00,34.99,35.11,2199100
2020-09-07 20:00:00-04:00,34.87,34.91,33.86,34.28,3055700
2020-09-08 20:00:00-04:00,34.67,35.47,34.47,35.22,2028000
2020-09-09 20:00:00-04:00,35.22,35.56,34.77,34.83,2172200
2020-09-10 20:00:00-04:00,35.03,35.90,34.83,35.78,2233100
2020-09-13 20:00:00-04:00,35.81,36.19,35.62,36.12,1947400
2020-09-14 20:00:00-04:00,36.17,36.40,35.79,36.13,1992800
2020-09-15 20:00:00-04:00,36.36,37.18,36.26,36.72,2970600
2020-09-16 20:00:00-04:00,36.30,37.42,35.90,36.98,3151600
2020-09-17 20:00:00-04:00,36.85,37.13,35.62,35.70,8420100
2020-09-20 20:00:00-04:00,34.94,35.24,33.83,34.47,2536000
2020-09-21 20:00:00-04:00,34.34,35.01,34.29,34.90,2757000
2020-09-22 20:00:00-04:00,35.03,35.59,34.81,34.83,2097200
2020-09-23 20:00:00-04:00,34.99,35.77,34.01,35.17,2025200
2020-09-24 20:00:00-04:00,34.84,35.42,34.65,35.17,1787200
2020-09-27 20:00:00-04:00,35.83,36.57,35.68,35.85,2406100
2020-09-28 20:00:00-04:00,35.98,36.35,35.47,35.67,1470000
2020-09-29 20:00:00-04:00,35.71,36.22,35.01,35.40,2069400
2020-09-30 20:00:00-04:00,35.69,35.89,34.93,35.37,1420800
2020-10-01 20:00:00-04:00,34.79,36.38,34.67,35.88,1920700
2020-10-04 20:00:00-04:00,36.39,36.90,36.25,36.70,2247500
2020-10-05 20:00:00-04:00,36.80,37.22,36.18,36.25,2281000
2020-10-06 20:00:00-04:00,36.71,36.94,36.24,36.46,4214800
2020-10-07 20:00:00-04:00,36.69,37.10,36.29,37.02,2165800
2020-10-08 20:00:00-04:00,37.37,37.57,36.89,36.92,1914900
2020-10-11 20:00:00-04:00,37.09,37.20,36.70,37.00,2034800
2020-10-12 20:00:00-04:00,36.88,37.43,36.85,37.32,2597600
2020-10-13 20:00:00-04:00,37.36,37.89,37.09,37.16,2631900
2020-10-14 20:00:00-04:00,36.36,36.94,36.11,36.86,2636400
2020-10-15 20:00:00-04:00,37.25,37.77,37.00,37.01,1611800
2020-10-18 20:00:00-04:00,36.95,37.25,36.32,36.40,2084100
2020-10-19 20:00:00-04:00,36.73,37.58,36.73,37.03,1932800
2020-10-20 20:00:00-04:00,37.07,37.70,37.04,37.05,1648900
2020-10-21 20:00:00-04:00,36.96,37.83,36.86,37.72,1392500
2020-10-22 20:00:00-04:00,37.97,38.17,37.25,38.06,1827400
2020-10-25 20:00:00-04:00,37.54,37.54,35.82,36.36,2390300
2020-10-26 20:00:00-04:00,36.30,36.59,35.74,35.90,1882000
2020-10-27 20:00:00-04:00,35.15,35.70,34.95,35.04,1918000
2020-10-28 20:00:00-04:00,34.86,35.26,34.50,34.88,1865300
2020-10-29 20:00:00-04:00,34.76,35.08,34.18,34.75,2369300
2020-11-01 19:00:00-05:00,35.36,35.93,35.16,35.78,2145500
2020-11-02 19:00:00-05:00,36.12,38.77,35.84,38.53,3722000
2020-11-03 19:00:00-05:00,38.47,38.50,36.79,37.86,3710900
2020-11-04 19:00:00-05:00,38.35,39.99,37.95,39.58,2432600
2020-11-05 19:00:00-05:00,39.45,40.24,39.42,40.03,1899000
2020-11-08 19:00:00-05:00,41.78,45.28,41.78,42.54,4984900
2020-11-09 19:00:00-05:00,42.26,43.61,42.23,42.51,3268400
2020-11-10 19:00:00-05:00,42.91,42.93,41.96,42.37,1440600
2020-11-11 19:00:00-05:00,41.92,42.63,41.79,42.26,1609700
2020-11-12 19:00:00-05:00,42.74,43.53,42.28,42.52,2822900
2020-11-15 19:00:00-05:00,43.37,44.75,42.99,44.74,3257500
2020-11-16 19:00:00-05:00,44.31,44.72,43.51,44.39,1725200
2020-11-17 19:00:00-05:00,44.72,44.74,43.65,43.67,1458700
2020-11-18 19:00:00-05:00,43.47,44.06,43.19,43.95,1525800
2020-11-19 19:00:00-05:00,44.02,44.20,43.66,44.01,1433400
2020-11-22 19:00:00-05:00,44.54,44.83,44.21,44.23,1773800
2020-11-23 19:00:00-05:00,45.04,45.33,44.69,45.22,2076300
2020-11-24 19:00:00-05:00,45.08,45.08,44.48,44.56,1006400
2020-11-26 19:00:00-05:00,44.94,44.94,44.38,44.55,594900
2020-11-29 19:00:00-05:00,44.33,44.64,43.78,44.02,2517300
2020-11-30 19:00:00-05:00,44.78,45.39,44.51,44.55,2909300
2020-12-01 19:00:00-05:00,44.19,44.65,43.78,44.08,1760500
2020-12-02 19:00:00-05:00,43.96,44.73,43.76,44.21,1720600
2020-12-03 19:00:00-05:00,44.55,45.20,44.55,44.94,1578800
2020-12-06 19:00:00-05:00,44.85,45.00,43.92,44.08,1992700
2020-12-07 19:00:00-05:00,43.79,44.33,43.76,44.29,2148800
2020-12-08 19:00:00-05:00,44.55,44.83,44.42,44.74,2161900
2020-12-09 19:00:00-05:00,44.46,44.68,44.18,44.54,2208200
2020-12-10 19:00:00-05:00,44.05,44.38,43.83,44.07,2631600
2020-12-13 19:00:00-05:00,45.00,45.21,43.51,43.62,2269800
2020-12-14 19:00:00-05:00,44.25,44.68,43.62,44.51,1716700
2020-12-15 19:00:00-05:00,44.58,44.60,43.59,44.07,1526500
2020-12-16 19:00:00-05:00,44.19,45.32,43.71,45.19,2312200
2020-12-17 19:00:00-05:00,45.29,45.63,44.65,44.97,5238800
2020-12-20 19:00:00-05:00,44.03,45.45,43.76,45.41,1579300
2020-12-21 19:00:00-05:00,45.55,45.72,45.25,45.31,1523400
2020-12-22 19:00:00-05:00,45.52,45.73,45.08,45.50,859600
2020-12-23 19:00:00-05:00,45.52,45.78,44.94,45.77,609700
2020-12-27 19:00:00-05:00,46.03,46.56,44.80,44.85,1106000
2020-12-28 19:00:00-05:00,44.94,45.18,43.90,44.23,1010300
2020-12-29 19:00:00-05:00,44.25,45.13,44.25,44.99,1439800
2020-12-30 19:00:00-05:00,45.00,45.39,44.18,45.31,1506100
2021-01-03 19:00:00-05:00,45.43,45.50,43.60,44.06,2232100
2021-01-04 19:00:00-05:00,44.12,45.16,44.12,44.95,1797500
2021-01-05 19:00:00-05:00,45.60,47.38,45.54,46.42,1968300
2021-01-06 19:00:00-05:00,46.75,47.15,46.32,46.76,990800
2021-01-07 19:00:00-05:00,46.87,47.20,45.57,46.14,1659000
2021-01-10 19:00:00-05:00,45.65,46.42,45.34,46.23,739800
2021-01-11 19:00:00-05:00,46.73,47.51,46.28,46.80,1245200
2021-01-12 19:00:00-05:00,46.61,46.91,45.82,45.82,1577100
2021-01-13 19:00:00-05:00,46.13,46.52,45.67,46.08,1799100
2021-01-14 19:00:00-05:00,46.91,47.04,45.29,45.65,4578000
2021-01-18 19:00:00-05:00,46.10,46.33,45.67,46.03,1642900
2021-01-19 19:00:00-05:00,46.19,46.45,45.57,45.73,1367100
2021-01-20 19:00:00-05:00,45.67,45.97,45.46,45.50,1101900
2021-01-21 19:00:00-05:00,45.18,45.46,44.76,44.98,1319600
2021-01-24 19:00:00-05:00,44.75,44.97,43.91,44.26,1826100
2021-01-25 19:00:00-05:00,44.65,44.99,43.34,43.35,1485600
2021-01-26 19:00:00-05:00,42.32,42.36,40.41,40.58,2178400
2021-01-27 19:00:00-05:00,41.25,42.75,40.98,42.40,2174600
2021-01-28 19:00:00-05:00,42.13,42.41,41.17,41.61,3165200
2021-01-31 19:00:00-05:00,42.15,42.47,41.45,42.36,3118900
2021-02-01 19:00:00-05:00,42.89,43.42,42.38,43.14,1257200
2021-02-02 19:00:00-05:00,42.88,43.50,42.60,43.32,1255900
2021-02-03 19:00:00-05:00,43.54,43.79,42.61,42.75,4587700
2021-02-04 19:00:00-05:00,43.31,43.86,42.95,43.54,1357100
2021-02-07 19:00:00-05:00,43.60,43.95,43.45,43.80,1275400
2021-02-08 19:00:00-05:00,43.54,44.28,43.44,43.82,1339100
2021-02-09 19:00:00-05:00,43.96,44.39,43.56,44.21,1534000
2021-02-10 19:00:00-05:00,44.19,45.02,43.26,43.78,1743700
2021-02-11 19:00:00-05:00,43.65,44.12,43.17,43.68,1683300
2021-02-15 19:00:00-05:00,44.02,44.25,43.06,43.33,1338600
2021-02-16 19:00:00-05:00,43.20,43.34,42.59,42.75,1001600
2021-02-17 19:00:00-05:00,42.46,42.77,41.77,42.53,1250200
2021-02-18 19:00:00-05:00,42.81,44.06,42.81,43.65,1610100
2021-02-21 19:00:00-05:00,43.25,44.57,43.09,43.53,3412600
2021-02-22 19:00:00-05:00,44.43,46.73,43.71,45.33,4562700
2021-02-23 19:00:00-05:00,45.58,47.99,45.21,47.83,4067000
2021-02-24 19:00:00-05:00,47.74,48.65,45.94,46.09,3534000
2021-02-25 19:00:00-05:00,46.11,46.67,45.46,46.08,2381200
2021-02-28 19:00:00-05:00,46.78,47.70,46.73,47.20,1978400
2021-03-01 19:00:00-05:00,47.01,47.24,46.49,46.54,1548500
2021-03-02 19:00:00-05:00,46.45,47.24,46.34,46.55,2813300
2021-03-03 19:00:00-05:00,46.38,47.47,45.74,46.80,3444900
2021-03-04 19:00:00-05:00,47.35,49.40,46.55,49.21,3619300
2021-03-07 19:00:00-05:00,49.54,51.32,49.21,50.27,6393300
2021-03-08 19:00:00-05:00,50.25,50.27,47.81,47.82,2216300
2021-03-09 19:00:00-05:00,48.45,49.16,47.64,48.70,1454000
2021-03-10 19:00:00-05:00,48.75,49.67,48.46,48.75,1405000
2021-03-11 19:00:00-05:00,48.86,49.43,48.59,49.32,2124900
2021-03-14 20:00:00-04:00,49.25,50.51,48.91,50.48,2007000
2021-03-15 20:00:00-04:00,50.03,50.23,48.67,48.67,1398700
2021-03-16 20:00:00-04:00,48.82,49.74,48.29,49.50,1286300
2021-03-17 20:00:00-04:00,49.50,50.62,49.18,49.46,2024600
2021-03-18 20:00:00-04:00,49.35,49.71,48.24,49.17,6270400
2021-03-21 20:00:00-04:00,49.12,49.12,47.75,48.54,1880400
2021-03-22 20:00:00-04:00,47.97,48.45,46.68,46.88,1574900
2021-03-23 20:00:00-04:00,47.27,48.68,47.27,48.07,1788200
2021-03-24 20:00:00-04:00,47.62,48.71,46.68,48.46,1630300
2021-03-25 20:00:00-04:00,48.99,49.68,48.52,49.43,970700
2021-03-28 20:00:00-04:00,49.31,49.69,49.09,49.31,1149300
2021-03-29 20:00:00-04:00,49.47,50.11,49.14,49.76,2069000
2021-03-30 20:00:00-04:00,49.82,50.64,48.90,48.94,2105100
2021-03-31 20:00:00-04:00,49.13,49.44,48.66,49.33,1857300
2021-04-04 20:00:00-04:00,49.74,50.29,49.58,49.81,1839800
2021-04-05 20:00:00-04:00,50.08,50.49,49.63,49.95,1249000
2021-04-06 20:00:00-04:00,49.80,50.07,49.24,49.86,1494200
2021-04-07 20:00:00-04:00,49.77,50.12,49.06,50.04,1515800
2021-04-08 20:00:00-04:00,50.29,50.45,49.45,50.30,1296100
2021-04-11 20:00:00-04:00,51.15,51.20,49.64,49.87,2920100
2021-04-12 20:00:00-04:00,49.59,49.64,48.36,48.96,2750000
2021-04-13 20:00:00-04:00,49.08,49.84,49.05,49.12,1989800
2021-04-14 20:00:00-04:00,49.24,49.46,48.75,49.06,2174100
2021-04-15 20:00:00-04:00,49.53,50.10,49.24,49.96,2722900
2021-04-18 20:00:00-04:00,49.80,50.68,49.73,50.63,2344800
2021-04-19 20:00:00-04:00,50.58,50.62,49.20,50.06,3009000
2021-04-20 20:00:00-04:00,49.84,50.84,49.53,50.67,2139100
2021-04-21 20:00:00-04:00,50.68,51.82,50.31,50.95,2674900
2021-04-22 20:00:00-04:00,51.22,51.60,50.80,51.33,1873100
2021-04-25 20:00:00-04:00,51.29,51.71,50.92,50.94,2059700
2021-04-26 20:00:00-04:00,51.17,51.17,50.37,50.92,1330000
2021-04-27 20:00:00-04:00,50.77,51.83,50.69,51.65,3508000
2021-04-28 20:00:00-04:00,50.03,51.41,49.49,50.95,3276100
2021-04-29 20:00:00-04:00,50.44,50.70,49.02,49.13,3399200
2021-05-02 20:00:00-04:00,49.25,49.51,47.98,48.03,2870300
2021-05-03 20:00:00-04:00,47.82,49.00,47.35,48.94,1974400
2021-05-04 20:00:00-04:00,49.19,49.39,48.31,49.13,1431400
2021-05-05 20:00:00-04:00,49.14,49.41,48.72,49.25,1355500
2021-05-06 20:00:00-04:00,49.00,50.41,48.59,50.25,1704400
2021-05-09 20:00:00-04:00,50.58,51.31,49.83,49.84,1495400
2021-05-10 20:00:00-04:00,47.62,48.65,46.95,47.89,6767300
2021-05-11 20:00:00-04:00,48.02,48.24,46.77,46.87,2345700
2021-05-12 20:00:00-04:00,46.81,47.69,46.81,47.30,1474700
2021-05-13 20:00:00-04:00,47.67,48.49,47.48,48.27,2554000
2021-05-16 20:00:00-04:00,48.09,48.69,47.56,48.49,2894100
2021-05-17 20:00:00-04:00,48.48,48.50,47.76,48.15,3407600
2021-05-18 20:00:00-04:00,47.47,47.64,46.50,47.47,3195300
2021-05-19 20:00:00-04:00,47.94,48.19,47.32,48.00,4055500
2021-05-20 20:00:00-04:00,48.49,49.13,48.27,48.60,2453400
2021-05-23 20:00:00-04:00,48.86,49.50,48.59,49.31,2018000
2021-05-24 20:00:00-04:00,49.27,49.62,48.40,48.41,1642400
2021-05-25 20:00:00-04:00,48.50,48.92,48.37,48.90,1228000
2021-05-26 20:00:00-04:00,49.37,49.70,49.06,49.39,3278600
2021-05-27 20:00:00-04:00,49.52,49.52,48.96,49.36,1423400
2021-05-31 20:00:00-04:00,50.05,50.33,49.74,49.75,1421100
2021-06-01 20:00:00-04:00,49.76,49.98,49.24,49.45,1467700
2021-06-02 20:00:00-04:00,49.18,49.25,48.75,48.87,1226600
2021-06-03 20:00:00-04:00,49.08,49.41,48.78,48.94,1268000
2021-06-06 20:00:00-04:00,49.11,49.14,47.86,47.94,1569100
2021-06-07 20:00:00-04:00,47.80,48.45,47.40,48.23,1323300
2021-06-08 20:00:00-04:00,48.07,48.07,47.37,47.40,1334700
2021-06-09 20:00:00-04:00,47.77,47.79,47.08,47.10,1292000
2021-06-10 20:00:00-04:00,47.40,47.69,47.27,47.68,1394200
2021-06-13 20:00:00-04:00,47.70,47.73,47.10,47.27,1652100
2021-06-14 20:00:00-04:00,47.39,47.49,46.94,47.06,2345000
2021-06-15 20:00:00-04:00,46.90,47.67,46.50,47.47,4026400
2021-06-16 20:00:00-04:00,48.02,48.24,45.69,45.73,5377400
2021-06-17 20:00:00-04:00,44.91,46.14,44.76,45.25,4236600
2021-06-20 20:00:00-04:00,45.69,46.74,45.69,46.66,2250100
2021-06-21 20:00:00-04:00,46.79,46.79,45.96,46.34,1342900
2021-06-22 20:00:00-04:00,46.37,46.78,46.06,46.55,1670000
2021-06-23 20:00:00-04:00,46.89,47.64,46.50,47.37,2688600
2021-06-24 20:00:00-04:00,47.71,48.86,47.62,48.71,4384400
2021-06-27 20:00:00-04:00,48.83,48.87,47.84,48.57,1941100
2021-06-28 20:00:00-04:00,48.76,49.04,48.23,48.27,1443000
2021-06-29 20:00:00-04:00,48.15,48.76,48.15,48.54,1635300
2021-06-30 20:00:00-04:00,48.87,49.11,48.26,48.34,2471900
2021-07-01 20:00:00-04:00,48.41,48.56,48.13,48.32,1451300
2021-07-05 20:00:00-04:00,48.91,48.95,47.56,47.99,1674800
2021-07-06 20:00:00-04:00,47.81,49.15,47.75,49.07,5212800
2021-07-07 20:00:00-04:00,48.34,48.62,47.81,47.99,3432000
2021-07-08 20:00:00-04:00,48.73,49.29,48.58,49.10,2387800
2021-07-11 20:00:00-04:00,49.22,49.42,48.88,49.10,1382900
2021-07-12 20:00:00-04:00,48.95,49.03,48.17,48.31,1358300
2021-07-13 20:00:00-04:00,48.35,48.74,47.64,47.80,1616400
2021-07-14 20:00:00-04:00,47.58,48.40,47.38,47.86,2133100
2021-07-15 20:00:00-04:00,48.05,48.63,47.83,47.89,1987500
2021-07-18 20:00:00-04:00,46.42,46.79,45.59,45.99,2869400
2021-07-19 20:00:00-04:00,46.24,47.97,46.07,47.88,2019600
2021-07-20 20:00:00-04:00,48.18,48.70,48.07,48.36,1470800
2021-07-21 20:00:00-04:00,48.52,48.70,48.07,48.23,1927200
2021-07-22 20:00:00-04:00,48.59,48.79,47.85,48.34,1902400
2021-07-25 20:00:00-04:00,48.48,48.79,48.29,48.58,961400
2021-07-26 20:00:00-04:00,48.02,48.67,47.81,47.94,1464800
2021-07-27 20:00:00-04:00,47.85,48.06,47.09,47.21,2343300
2021-07-28 20:00:00-04:00,46.99,48.35,46.99,47.91,2535700
2021-07-29 20:00:00-04:00,47.97,48.65,47.73,48.60,2133400
2021-08-01 20:00:00-04:00,48.69,49.58,48.04,48.10,1876900
2021-08-02 20:00:00-04:00,48.43,49.53,47.65,49.39,2547900
2021-08-03 20:00:00-04:00,49.44,50.74,49.09,50.04,10410400
2021-08-04 20:00:00-04:00,50.44,51.10,49.62,49.82,6823600
2021-08-05 20:00:00-04:00,50.13,50.60,49.50,49.54,4598800
2021-08-08 20:00:00-04:00,49.32,49.51,48.77,49.24,2136400
2021-08-09 20:00:00-04:00,49.28,50.83,49.19,50.78,2676100
2021-08-10 20:00:00-04:00,50.91,51.24,50.39,51.24,2295900
2021-08-11 20:00:00-04:00,51.31,51.78,51.16,51.72,2286000
2021-08-12 20:00:00-04:00,51.71,52.36,51.56,52.14,2799100
2021-08-15 20:00:00-04:00,51.95,52.18,51.38,52.01,1677300
2021-08-16 20:00:00-04:00,51.68,51.80,50.39,50.57,2778100
2021-08-17 20:00:00-04:00,50.44,50.81,50.13,50.20,1544500
2021-08-18 20:00:00-04:00,49.72,49.93,49.04,49.46,2231600
2021-08-19 20:00:00-04:00,49.47,49.86,49.17,49.80,1489300
2021-08-22 20:00:00-04:00,50.30,50.98,50.21,50.67,1637600
2021-08-23 20:00:00-04:00,50.81,51.71,50.81,51.51,1540500
2021-08-24 20:00:00-04:00,51.70,52.11,51.37,51.80,2112900
2021-08-25 20:00:00-04:00,51.70,51.91,51.04,51.53,2154800
2021-08-26 20:00:00-04:00,51.79,53.09,51.47,52.56,3400700
2021-08-29 20:00:00-04:00,52.60,53.24,52.16,52.95,2042900
2021-08-30 20:00:00-04:00,52.92,53.12,52.36,52.72,2159100
2021-08-31 20:00:00-04:00,53.01,53.01,52.09,52.45,1991900
2021-09-01 20:00:00-04:00,53.13,54.15,52.61,53.49,3856500
2021-09-02 20:00:00-04:00,53.58,53.90,52.34,52.64,3760300
2021-09-06 20:00:00-04:00,52.45,52.78,51.19,51.47,2502300
2021-09-07 20:00:00-04:00,51.27,52.57,51.12,52.43,2777900
2021-09-08 20:00:00-04:00,52.43,53.85,52.43,53.59,3864200
2021-09-09 20:00:00-04:00,54.15,54.93,53.82,54.42,3696100
2021-09-12 20:00:00-04:00,55.00,55.31,53.11,53.70,3969100
2021-09-13 20:00:00-04:00,54.01,54.02,52.58,53.25,2652900
2021-09-14 20:00:00-04:00,53.14,54.71,52.93,54.67,3058900
2021-09-15 20:00:00-04:00,54.44,54.87,53.90,54.27,2961300
2021-09-16 20:00:00-04:00,53.66,54.41,53.51,54.00,8807300
2021-09-19 20:00:00-04:00,52.83,53.23,52.06,52.69,2795100
2021-09-20 20:00:00-04:00,53.03,53.12,51.87,52.62,2089700
2021-09-21 20:00:00-04:00,53.15,53.43,52.55,52.61,2314600
2021-09-22 20:00:00-04:00,52.86,53.48,52.73,53.34,2461000
2021-09-23 20:00:00-04:00,53.30,53.67,52.91,53.21,1516000
2021-09-26 20:00:00-04:00,53.33,54.43,53.03,53.08,2819000
2021-09-27 20:00:00-04:00,52.55,52.87,51.03,51.27,2336900
2021-09-28 20:00:00-04:00,51.46,51.71,50.95,51.12,1972400
2021-09-29 20:00:00-04:00,51.28,51.35,50.10,50.13,2892700
2021-09-30 20:00:00-04:00,50.35,50.88,49.74,50.59,1209300
2021-10-03 20:00:00-04:00,50.69,51.07,50.26,50.46,1620600
2021-10-04 20:00:00-04:00,50.58,51.47,50.22,50.92,1613200
2021-10-05 20:00:00-04:00,50.16,51.02,49.77,50.88,3167400
2021-10-06 20:00:00-04:00,51.51,52.16,51.38,51.41,2244900
2021-10-07 20:00:00-04:00,51.12,51.48,50.42,50.71,1342700
2021-10-10 20:00:00-04:00,50.55,50.88,49.78,49.79,1379300
2021-10-11 20:00:00-04:00,49.90,50.30,49.44,49.61,1563300
2021-10-12 20:00:00-04:00,49.84,50.56,49.47,50.46,1651600
2021-10-13 20:00:00-04:00,50.90,52.01,50.62,51.98,1756700
2021-10-14 20:00:00-04:00,52.37,52.78,52.18,52.22,1229900
2021-10-17 20:00:00-04:00,51.77,52.78,51.62,52.62,1640300
2021-10-18 20:00:00-04:00,53.06,53.60,53.00,53.27,1691800
2021-10-19 20:00:00-04:00,53.46,53.77,53.18,53.26,1412800
2021-10-20 20:00:00-04:00,52.76,54.04,52.76,53.81,2410100
2021-10-21 20:00:00-04:00,54.04,54.35,53.43,53.90,1050100
2021-10-24 20:00:00-04:00,53.74,54.73,53.55,54.25,1625900
2021-10-25 20:00:00-04:00,54.46,54.49,53.59,53.64,1348600
2021-10-26 20:00:00-04:00,53.57,54.14,52.88,52.92,1511100
2021-10-27 20:00:00-04:00,52.95,54.04,52.61,54.03,1561900
2021-10-28 20:00:00-04:00,53.71,54.18,53.20,53.46,2133800
2021-10-31 20:00:00-04:00,53.62,54.49,53.58,54.19,1614000
2021-11-01 20:00:00-04:00,54.20,55.94,53.70,55.92,2100200
2021-11-02 20:00:00-04:00,55.71,56.02,54.97,55.75,2096300
2021-11-03 20:00:00-04:00,56.72,58.10,56.21,56.83,2183000
2021-11-04 20:00:00-04:00,57.37,57.73,56.36,56.93,2939100
2021-11-07 19:00:00-05:00,57.51,57.95,57.27,57.59,2282800
2021-11-08 19:00:00-05:00,57.51,59.25,57.49,59.19,3092700
2021-11-09 19:00:00-05:00,58.79,59.18,57.99,58.08,1820900
2021-11-10 19:00:00-05:00,58.25,58.36,57.63,57.95,1083900
2021-11-11 19:00:00-05:00,58.22,58.29,57.58,58.14,1369400
2021-11-14 19:00:00-05:00,58.28,59.09,58.24,58.74,2400700
2021-11-15 19:00:00-05:00,58.91,60.67,58.85,59.98,2147000
2021-11-16 19:00:00-05:00,59.87,59.87,58.25,59.03,1913000
2021-11-17 19:00:00-05:00,59.69,60.94,59.51,60.58,3510100
2021-11-18 19:00:00-05:00,61.56,61.74,59.97,61.13,2734700
2021-11-21 19:00:00-05:00,61.42,61.73,59.57,59.61,1954500
2021-11-22 19:00:00-05:00,59.40,60.44,59.14,60.37,1908500
2021-11-23 19:00:00-05:00,59.71,60.72,59.69,60.70,1370700
2021-11-25 19:00:00-05:00,58.18,59.60,57.89,58.63,1882400
2021-11-28 19:00:00-05:00,59.57,60.24,58.97,59.49,1999400
2021-11-29 19:00:00-05:00,58.94,59.83,57.72,58.03,2563700
2021-11-30 19:00:00-05:00,59.12,59.53,56.77,56.80,1463700
2021-12-01 19:00:00-05:00,57.19,59.27,57.09,58.93,2415500
2021-12-02 19:00:00-05:00,59.30,59.30,57.27,58.19,2174100
2021-12-05 19:00:00-05:00,59.02,59.40,58.41,58.43,2623700
2021-12-06 19:00:00-05:00,59.02,60.10,58.91,59.42,2201800
2021-12-07 19:00:00-05:00,59.20,59.90,58.61,59.84,2614800
2021-12-08 19:00:00-05:00,59.48,60.11,59.25,59.61,1162100
2021-12-09 19:00:00-05:00,59.69,59.88,58.94,59.28,1676500
2021-12-12 19:00:00-05:00,59.25,59.98,59.16,59.33,1983300
2021-12-13 19:00:00-05:00,58.92,59.27,57.13,57.78,3232400
2021-12-14 19:00:00-05:00,58.17,59.29,57.52,59.23,2478300
2021-12-15 19:00:00-05:00,59.41,60.36,58.46,59.11,1976200
2021-12-16 19:00:00-05:00,58.87,59.18,57.86,57.92,3680200
2021-12-19 19:00:00-05:00,57.12,57.64,56.60,57.57,2193300
2021-12-20 19:00:00-05:00,58.22,59.22,57.80,58.86,1711500
2021-12-21 19:00:00-05:00,58.91,59.18,58.02,58.43,1148200
2021-12-22 19:00:00-05:00,58.73,59.74,58.65,59.43,1140200
2021-12-26 19:00:00-05:00,59.57,61.12,59.48,60.89,1197400
2021-12-27 19:00:00-05:00,60.96,61.38,60.58,61.05,1244100
2021-12-28 19:00:00-05:00,60.96,61.27,60.76,61.08,754500
2021-12-29 19:00:00-05:00,61.10,61.68,60.93,60.93,757300
2021-12-30 19:00:00-05:00,60.83,61.90,60.83,61.55,966200
2022-01-02 19:00:00-05:00,61.87,62.31,59.01,59.32,1892100
2022-01-03 19:00:00-05:00,59.84,60.75,59.42,60.42,1837800
2022-01-04 19:00:00-05:00,60.43,61.03,58.84,58.90,2537700
2022-01-05 19:00:00-05:00,59.42,60.18,58.80,59.98,1367400
2022-01-06 19:00:00-05:00,60.01,60.55,58.94,58.99,1917900
2022-01-09 19:00:00-05:00,58.17,58.78,57.66,58.68,2101600
2022-01-10 19:00:00-05:00,59.01,59.78,58.07,59.66,1543500
2022-01-11 19:00:00-05:00,59.90,60.34,59.49,59.67,1085800
2022-01-12 19:00:00-05:00,59.54,60.13,58.99,59.21,1370600
2022-01-13 19:00:00-05:00,58.45,59.19,57.99,59.05,1947700
2022-01-17 19:00:00-05:00,58.23,58.81,57.86,58.30,1756300
2022-01-18 19:00:00-05:00,58.70,59.12,57.96,58.07,1429600
2022-01-19 19:00:00-05:00,57.95,59.07,57.21,57.35,1650700
2022-01-20 19:00:00-05:00,56.85,57.60,56.31,56.97,1983700
2022-01-23 19:00:00-05:00,55.95,56.96,54.14,56.86,2971100
2022-01-24 19:00:00-05:00,55.92,56.33,54.21,55.29,2617300
2022-01-25 19:00:00-05:00,55.83,57.04,55.04,55.65,2665300
2022-01-26 19:00:00-05:00,56.39,56.92,54.32,54.54,2858800
2022-01-27 19:00:00-05:00,54.31,54.85,53.06,54.83,2409000
2022-01-30 19:00:00-05:00,54.79,56.07,54.44,55.92,1855500
2022-01-31 19:00:00-05:00,55.95,56.77,55.31,56.51,1465200
2022-02-01 19:00:00-05:00,56.67,56.94,56.13,56.45,1425000
2022-02-02 19:00:00-05:00,56.00,56.24,54.63,54.81,2492900
2022-02-03 19:00:00-05:00,54.33,54.80,53.15,54.33,2240500
2022-02-06 19:00:00-05:00,54.40,54.76,54.13,54.28,1796400
2022-02-07 19:00:00-05:00,54.45,55.29,53.98,54.91,2988500
2022-02-08 19:00:00-05:00,55.73,56.27,55.64,56.03,2468300
2022-02-09 19:00:00-05:00,55.07,56.33,54.72,55.05,1872800
2022-02-10 19:00:00-05:00,55.22,55.29,52.68,53.04,3235600
2022-02-13 19:00:00-05:00,53.01,53.91,52.92,53.52,3217800
2022-02-14 19:00:00-05:00,54.41,55.04,54.21,54.82,2739800
2022-02-15 19:00:00-05:00,54.53,54.89,53.90,54.63,1769000
2022-02-16 19:00:00-05:00,54.16,54.21,53.00,53.03,1578400
2022-02-17 19:00:00-05:00,52.88,53.68,52.50,52.79,1827600
2022-02-21 19:00:00-05:00,52.85,53.54,52.42,52.81,2016000
2022-02-22 19:00:00-05:00,53.14,53.14,51.54,51.73,2683700
2022-02-23 19:00:00-05:00,50.21,50.97,48.74,50.07,4031900
2022-02-24 19:00:00-05:00,50.03,51.33,49.36,51.16,2025700
2022-02-27 19:00:00-05:00,50.19,51.13,49.65,50.26,3193000
2022-02-28 19:00:00-05:00,49.98,50.06,48.59,48.99,3589300
2022-03-01 19:00:00-05:00,49.53,50.64,49.36,50.18,2231700
2022-03-02 19:00:00-05:00,50.33,50.62,49.29,49.43,1859600
2022-03-03 19:00:00-05:00,48.50,48.77,46.00,46.09,5095000
2022-03-06 19:00:00-05:00,46.37,46.77,44.62,44.67,4854400
2022-03-07 19:00:00-05:00,45.11,47.35,45.05,45.72,6545800
2022-03-08 19:00:00-05:00,47.21,49.24,46.84,48.34,6328200
2022-03-09 19:00:00-05:00,47.37,48.60,47.29,48.34,5216500
2022-03-10 19:00:00-05:00,48.89,49.18,47.31,47.36,2740400
2022-03-13 20:00:00-04:00,48.04,48.04,47.17,47.43,2372500
2022-03-14 20:00:00-04:00,47.83,48.41,47.56,48.17,2128400
2022-03-15 20:00:00-04:00,48.75,50.67,48.75,49.96,3148400
2022-03-16 20:00:00-04:00,49.15,50.62,49.15,50.58,2438200
2022-03-17 20:00:00-04:00,50.57,51.30,49.72,51.15,3274000
2022-03-20 20:00:00-04:00,51.03,51.51,50.03,50.65,2068800
2022-03-21 20:00:00-04:00,50.88,51.25,50.22,50.53,2210200
2022-03-22 20:00:00-04:00,50.12,50.36,49.06,49.08,2444000
2022-03-23 20:00:00-04:00,49.38,49.50,48.83,49.15,2124700
2022-03-24 20:00:00-04:00,49.12,49.80,48.64,49.74,2214700
2022-03-27 20:00:00-04:00,49.66,49.90,49.08,49.56,2354700
2022-03-28 20:00:00-04:00,50.46,51.22,50.24,50.52,1424700
2022-03-29 20:00:00-04:00,50.19,50.78,50.10,50.56,2749200
2022-03-30 20:00:00-04:00,50.19,50.67,49.93,50.11,3593000
2022-03-31 20:00:00-04:00,50.74,51.14,49.94,50.01,3672300
2022-04-03 20:00:00-04:00,49.34,49.68,48.58,48.73,3118200
2022-04-04 20:00:00-04:00,48.54,49.08,47.96,48.22,3241600
2022-04-05 20:00:00-04:00,46.92,47.70,46.48,47.63,3498400
2022-04-06 20:00:00-04:00,47.45,47.75,46.84,47.52,2376500
2022-04-07 20:00:00-04:00,47.57,47.70,46.47,46.61,2521000
2022-04-10 20:00:00-04:00,46.41,46.80,46.03,46.20,3263600
2022-04-11 20:00:00-04:00,46.49,47.12,45.74,46.03,1938200
2022-04-12 20:00:00-04:00,45.86,47.18,45.86,47.10,1955000
2022-04-13 20:00:00-04:00,47.08,47.32,46.19,46.22,1583600
2022-04-17 20:00:00-04:00,45.86,46.94,45.72,46.40,1568900
2022-04-18 20:00:00-04:00,46.30,47.92,46.30,47.72,1670800
2022-04-19 20:00:00-04:00,48.08,49.53,47.82,49.12,2400000
2022-04-20 20:00:00-04:00,49.61,49.86,47.39,47.54,1974300
2022-04-21 20:00:00-04:00,46.98,47.23,45.58,45.72,2305800
2022-04-24 20:00:00-04:00,45.28,45.47,44.25,45.45,2258800
2022-04-25 20:00:00-04:00,45.04,45.39,43.51,43.60,2311000
2022-04-26 20:00:00-04:00,43.67,44.71,43.52,44.05,1771000
2022-04-27 20:00:00-04:00,44.46,45.12,43.34,44.86,2746000
2022-04-28 20:00:00-04:00,44.75,45.46,43.61,43.75,2136100
2022-05-01 20:00:00-04:00,43.56,44.59,43.09,44.34,2782400
2022-05-02 20:00:00-04:00,44.22,45.26,43.94,44.99,2554100
2022-05-03 20:00:00-04:00,45.23,47.06,44.83,46.77,3178700
2022-05-04 20:00:00-04:00,46.58,48.57,44.71,45.31,3485800
2022-05-05 20:00:00-04:00,45.03,45.13,42.88,43.59,2856800
2022-05-08 20:00:00-04:00,42.92,43.66,42.70,43.04,2607100
2022-05-09 20:00:00-04:00,43.57,43.90,41.40,42.16,3823600
2022-05-10 20:00:00-04:00,42.07,44.00,41.67,42.48,3639500
2022-05-11 20:00:00-04:00,42.19,43.62,41.80,42.72,3328800
2022-05-12 20:00:00-04:00,43.08,44.18,42.93,43.44,2592900
2022-05-15 20:00:00-04:00,43.06,43.60,42.69,43.22,2260000
2022-05-16 20:00:00-04:00,44.27,44.68,43.60,44.63,1678500
2022-05-17 20:00:00-04:00,44.12,44.71,43.14,43.42,2440400
2022-05-18 20:00:00-04:00,43.09,44.62,42.97,44.09,2516900
2022-05-19 20:00:00-04:00,44.52,44.92,43.37,44.76,3338000
2022-05-22 20:00:00-04:00,45.30,45.55,44.78,45.14,3879000
2022-05-23 20:00:00-04:00,44.94,45.07,44.04,44.84,3615600
2022-05-24 20:00:00-04:00,44.55,45.83,44.35,45.68,4066800
2022-05-25 20:00:00-04:00,46.20,47.55,45.87,47.13,3769100
2022-05-26 20:00:00-04:00,47.72,48.32,47.30,48.28,2672400
2022-05-30 20:00:00-04:00,47.49,47.87,46.64,46.95,9592400
2022-05-31 20:00:00-04:00,46.81,47.47,46.14,47.05,1625000
2022-06-01 20:00:00-04:00,47.49,48.46,47.14,48.36,1343000
2022-06-02 20:00:00-04:00,47.77,48.70,47.52,48.64,2275200
2022-06-05 20:00:00-04:00,48.98,49.42,48.74,49.12,2907700
2022-06-06 20:00:00-04:00,48.75,50.37,48.49,50.18,3085000
2022-06-07 20:00:00-04:00,49.60,50.47,49.42,50.06,3557400
2022-06-08 20:00:00-04:00,49.80,49.91,48.36,48.39,3393500
2022-06-09 20:00:00-04:00,47.42,47.42,46.04,46.24,2464500
2022-06-12 20:00:00-04:00,45.00,45.08,43.61,43.99,3599400
2022-06-13 20:00:00-04:00,44.14,44.50,43.11,43.58,3001800
2022-06-14 20:00:00-04:00,44.00,45.02,43.60,44.37,2754600
2022-06-15 20:00:00-04:00,43.35,43.36,41.65,41.90,3153200
2022-06-16 20:00:00-04:00,41.86,42.25,40.98,41.06,5401600
2022-06-20 20:00:00-04:00,41.73,42.27,41.12,41.68,1922300
2022-06-21 20:00:00-04:00,40.90,41.84,40.82,41.58,1634900
2022-06-22 20:00:00-04:00,41.41,41.55,40.23,40.78,2629400
2022-06-23 20:00:00-04:00,41.32,43.27,41.22,43.14,3161400
2022-06-26 20:00:00-04:00,43.44,43.58,42.69,43.20,1800200
2022-06-27 20:00:00-04:00,43.58,43.85,42.57,42.62,1871100
2022-06-28 20:00:00-04:00,42.63,42.63,41.36,42.10,1714900
2022-06-29 20:00:00-04:00,41.38,42.28,41.35,41.90,2838900
2022-06-30 20:00:00-04:00,41.84,42.63,41.29,42.12,3883200
2022-07-04 20:00:00-04:00,41.21,41.36,40.38,41.26,3185600
2022-07-05 20:00:00-04:00,41.15,41.56,40.60,41.29,2643300
2022-07-06 20:00:00-04:00,41.64,43.02,41.64,42.96,2368000
2022-07-07 20:00:00-04:00,43.00,43.00,41.93,42.27,1518600
2022-07-10 20:00:00-04:00,41.91,42.50,41.57,41.79,1929500
2022-07-11 20:00:00-04:00,41.60,42.49,41.48,41.55,2980000
2022-07-12 20:00:00-04:00,40.77,40.99,40.09,40.65,3077900
2022-07-13 20:00:00-04:00,39.76,39.94,39.11,39.68,4739300
2022-07-14 20:00:00-04:00,40.52,41.07,40.03,40.82,3678100
2022-07-17 20:00:00-04:00,41.32,41.98,40.74,41.04,3052700
2022-07-18 20:00:00-04:00,41.65,43.62,41.65,43.08,4499400
2022-07-19 20:00:00-04:00,43.10,44.05,42.95,43.88,2715700
2022-07-20 20:00:00-04:00,43.88,44.80,43.54,44.77,1633400
2022-07-21 20:00:00-04:00,44.81,44.99,43.99,44.35,2200200
2022-07-24 20:00:00-04:00,44.30,44.57,43.81,44.17,1401900
2022-07-25 20:00:00-04:00,44.09,44.58,43.88,44.50,1693700
2022-07-26 20:00:00-04:00,44.94,46.76,44.68,46.66,4165300
2022-07-27 20:00:00-04:00,47.06,48.23,46.79,47.95,2729400
2022-07-28 20:00:00-04:00,47.94,49.73,47.87,49.58,2896400
2022-07-31 20:00:00-04:00,48.98,49.22,48.55,48.92,2451100
2022-08-01 20:00:00-04:00,48.66,49.52,48.44,48.49,2478200
2022-08-02 20:00:00-04:00,49.05,49.68,48.69,49.67,3062000
2022-08-03 20:00:00-04:00,47.96,49.74,47.80,49.56,4849000
2022-08-04 20:00:00-04:00,48.81,49.63,48.62,49.57,3524300
2022-08-07 20:00:00-04:00,49.78,50.53,49.67,49.78,2728900
2022-08-08 20:00:00-04:00,49.58,49.58,48.99,49.34,2255700
2022-08-09 20:00:00-04:00,50.48,51.30,50.24,51.09,2565600
2022-08-10 20:00:00-04:00,51.68,52.32,51.40,51.64,2735500
2022-08-11 20:00:00-04:00,51.71,53.40,51.57,53.37,3699700
2022-08-14 20:00:00-04:00,52.76,53.44,52.65,53.27,2434200
2022-08-15 20:00:00-04:00,52.92,53.93,52.82,53.76,2806000
2022-08-16 20:00:00-04:00,52.91,52.93,51.93,52.36,3117600
2022-08-17 20:00:00-04:00,52.47,52.59,52.05,52.37,2196800
2022-08-18 20:00:00-04:00,51.80,51.84,51.03,51.61,3849200
2022-08-21 20:00:00-04:00,50.61,50.77,49.16,49.39,6503900
2022-08-22 20:00:00-04:00,49.38,50.09,49.06,49.23,2796500
2022-08-23 20:00:00-04:00,48.97,49.87,48.88,49.46,2301600
2022-08-24 20:00:00-04:00,49.80,50.90,49.73,50.61,3244600
2022-08-25 20:00:00-04:00,50.78,50.86,48.07,48.10,2813900
2022-08-28 20:00:00-04:00,47.63,47.87,46.87,47.66,4018800
2022-08-29 20:00:00-04:00,47.81,47.96,47.07,47.51,4777400
2022-08-30 20:00:00-04:00,47.76,47.78,47.02,47.18,6680100
2022-08-31 20:00:00-04:00,46.98,48.23,46.49,48.19,3937800
2022-09-01 20:00:00-04:00,48.91,49.23,47.34,47.55,3518000
2022-09-05 20:00:00-04:00,47.82,47.88,47.12,47.48,3307600
2022-09-06 20:00:00-04:00,47.45,48.69,47.32,48.54,3564900
2022-09-07 20:00:00-04:00,48.13,49.15,47.66,49.11,3094300
2022-09-08 20:00:00-04:00,49.45,50.16,49.32,50.03,1780500
2022-09-11 20:00:00-04:00,50.43,51.51,50.43,51.35,2232900
2022-09-12 20:00:00-04:00,49.75,50.47,49.14,49.36,1966300
2022-09-13 20:00:00-04:00,49.45,49.46,48.47,49.40,2203600
2022-09-14 20:00:00-04:00,49.45,50.33,48.93,49.11,3242000
2022-09-15 20:00:00-04:00,48.30,48.35,46.23,47.00,6046200
2022-09-18 20:00:00-04:00,46.55,48.43,46.55,48.27,2655200
2022-09-19 20:00:00-04:00,47.81,47.90,46.46,47.00,2852700
2022-09-20 20:00:00-04:00,47.34,47.96,45.96,45.97,4115500
2022-09-21 20:00:00-04:00,45.90,46.19,44.60,44.63,4080600
2022-09-22 20:00:00-04:00,44.03,44.29,42.89,43.90,2907300
2022-09-25 20:00:00-04:00,43.58,44.37,43.12,43.15,2831300
2022-09-26 20:00:00-04:00,43.80,43.95,42.03,42.76,2765000
2022-09-27 20:00:00-04:00,43.14,44.34,42.78,43.94,2275000
2022-09-28 20:00:00-04:00,43.14,43.57,42.41,43.52,2517200
2022-09-29 20:00:00-04:00,43.59,44.19,43.00,43.09,2220600
2022-10-02 20:00:00-04:00,43.93,45.55,43.35,44.85,2948100
2022-10-03 20:00:00-04:00,45.98,46.94,45.84,46.88,1852400
2022-10-04 20:00:00-04:00,46.08,46.99,45.91,46.75,2082600
2022-10-05 20:00:00-04:00,46.56,47.60,46.55,46.82,1987800
2022-10-06 20:00:00-04:00,46.11,46.29,45.14,45.47,1638400
2022-10-09 20:00:00-04:00,45.93,45.98,44.57,44.98,2065600
2022-10-10 20:00:00-04:00,44.74,45.95,44.37,45.24,2279500
2022-10-11 20:00:00-04:00,45.39,45.73,44.11,44.95,1730800
2022-10-12 20:00:00-04:00,43.86,46.96,43.40,46.60,2283200
2022-10-13 20:00:00-04:00,46.99,47.32,44.85,44.93,2282300
2022-10-16 20:00:00-04:00,46.26,47.00,45.82,46.54,2226000
2022-10-17 20:00:00-04:00,47.74,48.29,46.41,46.83,3752500
2022-10-18 20:00:00-04:00,45.92,46.75,45.43,46.13,3048000
2022-10-19 20:00:00-04:00,46.25,46.66,44.96,45.02,1874800
2022-10-20 20:00:00-04:00,45.29,46.64,44.96,46.60,3317600
2022-10-23 20:00:00-04:00,47.07,47.63,46.69,47.60,1384900
2022-10-24 20:00:00-04:00,47.59,48.81,47.57,48.70,2518400
2022-10-25 20:00:00-04:00,49.01,49.41,48.10,48.42,2368000
2022-10-26 20:00:00-04:00,48.89,49.34,48.30,48.44,2656600
2022-10-27 20:00:00-04:00,48.64,50.34,48.28,50.25,2289900
2022-10-30 20:00:00-04:00,49.97,50.80,49.84,50.30,2373600
2022-10-31 20:00:00-04:00,50.90,51.44,49.94,50.10,2054000
2022-11-01 20:00:00-04:00,49.60,50.92,48.65,48.86,3045100
2022-11-02 20:00:00-04:00,49.22,52.02,47.44,51.17,4467300
2022-11-03 20:00:00-04:00,52.50,53.38,51.47,52.71,2539000
2022-11-06 19:00:00-05:00,52.98,53.47,52.34,53.03,2640500
2022-11-07 19:00:00-05:00,53.35,53.39,51.74,52.03,4688400
2022-11-08 19:00:00-05:00,51.59,52.26,51.28,51.53,2039100
2022-11-09 19:00:00-05:00,53.63,54.11,53.10,53.67,4798600
2022-11-10 19:00:00-05:00,53.79,55.51,53.57,55.09,6675600
2022-11-13 19:00:00-05:00,54.96,56.05,54.91,54.97,2762800
2022-11-14 19:00:00-05:00,55.80,56.51,54.85,55.31,2065300
2022-11-15 19:00:00-05:00,55.09,55.68,54.57,54.79,1970300
2022-11-16 19:00:00-05:00,53.88,54.17,52.60,53.60,1909500
2022-11-17 19:00:00-05:00,54.30,54.51,52.96,53.51,2725700
2022-11-20 19:00:00-05:00,53.32,53.76,53.15,53.41,1902800
2022-11-21 19:00:00-05:00,53.81,54.05,53.17,53.60,2734900
2022-11-22 19:00:00-05:00,53.68,54.00,53.32,53.45,1968000
2022-11-24 19:00:00-05:00,53.61,53.84,53.16,53.23,1213100
2022-11-27 19:00:00-05:00,52.77,53.33,52.61,52.97,2490000
2022-11-28 19:00:00-05:00,53.05,53.57,52.43,52.63,1796000
2022-11-29 19:00:00-05:00,52.79,53.95,52.12,53.78,5157500
2022-11-30 19:00:00-05:00,54.14,54.93,53.53,54.09,2856400
2022-12-01 19:00:00-05:00,53.30,54.64,53.12,54.35,2476900
2022-12-04 19:00:00-05:00,53.67,53.75,52.86,53.13,2717000
2022-12-05 19:00:00-05:00,53.12,53.62,52.19,52.54,1715500
2022-12-06 19:00:00-05:00,52.50,53.35,52.50,52.62,2460600
2022-12-07 19:00:00-05:00,52.87,53.56,52.72,53.07,2339200
2022-12-08 19:00:00-05:00,53.31,53.44,52.95,53.06,2313100
2022-12-11 19:00:00-05:00,53.41,54.06,52.91,54.04,2701400
2022-12-12 19:00:00-05:00,55.88,56.05,54.77,55.33,3686500
2022-12-13 19:00:00-05:00,55.42,55.85,54.07,54.53,3028800
2022-12-14 19:00:00-05:00,53.72,53.83,52.35,52.41,3079100
2022-12-15 19:00:00-05:00,51.74,52.14,51.09,51.61,3750100
2022-12-18 19:00:00-05:00,51.72,52.08,50.72,50.89,2479800
2022-12-19 19:00:00-05:00,50.91,51.93,50.78,51.71,1873500
2022-12-20 19:00:00-05:00,52.28,52.88,52.01,52.53,1703100
2022-12-21 19:00:00-05:00,52.09,52.09,50.57,51.81,1572800
2022-12-22 19:00:00-05:00,51.84,52.21,51.45,52.09,2037000
2022-12-26 19:00:00-05:00,52.23,52.69,51.81,52.40,1717700
2022-12-27 19:00:00-05:00,52.50,52.60,51.54,51.55,1045600
2022-12-28 19:00:00-05:00,51.98,52.95,51.92,52.60,1732000
2022-12-29 19:00:00-05:00,52.28,52.49,51.67,52.06,1518200
2023-01-02 19:00:00-05:00,52.48,52.91,51.79,52.81,2099500
2023-01-03 19:00:00-05:00,53.21,53.64,52.79,53.46,2564500
2023-01-04 19:00:00-05:00,53.18,53.56,52.72,53.20,2092000
2023-01-05 19:00:00-05:00,53.98,55.09,53.38,54.92,2983600
2023-01-08 19:00:00-05:00,55.44,56.33,55.25,55.58,2042300
2023-01-09 19:00:00-05:00,55.46,56.45,55.41,56.23,1577800
2023-01-10 19:00:00-05:00,56.67,57.01,56.05,56.58,1683100
2023-01-11 19:00:00-05:00,56.73,57.39,56.25,57.18,2091400
2023-01-12 19:00:00-05:00,56.97,57.47,56.80,57.32,1260600
2023-01-16 19:00:00-05:00,57.29,57.56,56.38,56.60,1754100
2023-01-17 19:00:00-05:00,56.83,57.10,55.59,55.70,1659300
2023-01-18 19:00:00-05:00,55.43,55.56,53.59,53.69,1885700
2023-01-19 19:00:00-05:00,53.94,55.17,53.71,55.15,1801300
2023-01-22 19:00:00-05:00,55.28,56.01,55.06,55.69,2648200
2023-01-23 19:00:00-05:00,55.30,56.41,54.71,56.18,1705000
2023-01-24 19:00:00-05:00,55.52,55.87,54.69,55.75,1429500
2023-01-25 19:00:00-05:00,56.04,56.09,53.65,55.33,3741500
2023-01-26 19:00:00-05:00,55.12,55.83,54.75,55.46,2107900
2023-01-29 19:00:00-05:00,55.14,55.53,54.93,55.11,1718700
2023-01-30 19:00:00-05:00,55.34,56.02,55.03,55.80,2633100
2023-01-31 19:00:00-05:00,55.55,55.97,54.65,55.46,3451000
2023-02-01 19:00:00-05:00,55.92,56.39,55.31,55.81,2822200
2023-02-02 19:00:00-05:00,55.25,57.21,55.18,56.90,3437400
2023-02-05 19:00:00-05:00,56.24,56.58,55.79,56.19,1690000
2023-02-06 19:00:00-05:00,55.83,57.29,55.67,57.09,2152500
2023-02-07 19:00:00-05:00,56.78,57.66,56.78,57.17,2167500
2023-02-08 19:00:00-05:00,57.75,57.89,55.95,56.24,2125100
2023-02-09 19:00:00-05:00,56.09,56.65,55.89,56.49,1263000
2023-02-12 19:00:00-05:00,56.75,57.60,56.41,57.21,1830800
2023-02-13 19:00:00-05:00,56.91,57.48,56.45,57.22,1204500
2023-02-14 19:00:00-05:00,56.97,58.19,56.97,58.07,2029400
2023-02-15 19:00:00-05:00,57.35,57.78,56.90,57.18,1606700
2023-02-16 19:00:00-05:00,56.90,57.62,56.72,57.37,1935100
2023-02-20 19:00:00-05:00,57.84,58.36,55.59,56.18,3334300
2023-02-21 19:00:00-05:00,56.64,57.77,56.39,57.25,3178400
2023-02-22 19:00:00-05:00,58.11,58.11,56.56,57.68,1907600
2023-02-23 19:00:00-05:00,57.05,57.67,56.47,57.47,1480300
2023-02-26 19:00:00-05:00,57.79,58.52,57.60,58.17,1976100
2023-02-27 19:00:00-05:00,58.16,58.73,57.87,57.88,3272700
2023-02-28 19:00:00-05:00,57.76,58.33,57.41,57.85,2076400
2023-03-01 19:00:00-05:00,57.54,58.38,57.21,58.10,1727900
2023-03-02 19:00:00-05:00,58.56,59.46,58.30,59.28,1908900
2023-03-05 19:00:00-05:00,59.18,60.16,59.18,59.68,2133900
2023-03-06 19:00:00-05:00,59.71,60.19,59.00,59.18,2556000
2023-03-07 19:00:00-05:00,59.22,59.58,58.65,59.27,2792700
2023-03-08 19:00:00-05:00,59.40,59.57,57.73,57.95,4290900
2023-03-09 19:00:00-05:00,58.01,58.25,55.36,55.56,4381100
2023-03-12 20:00:00-04:00,54.63,55.23,53.89,54.53,3391100
2023-03-13 20:00:00-04:00,55.76,56.43,54.80,55.52,3038700
2023-03-14 20:00:00-04:00,54.21,54.25,51.97,52.76,4200900
2023-03-15 20:00:00-04:00,52.23,53.76,51.67,53.35,4558200
2023-03-16 20:00:00-04:00,52.91,53.07,51.67,52.29,4162300
2023-03-19 20:00:00-04:00,52.69,53.95,52.36,53.73,3032100
2023-03-20 20:00:00-04:00,54.84,55.91,54.80,55.72,3367300
2023-03-21 20:00:00-04:00,55.72,56.72,54.77,54.78,2189000
2023-03-22 20:00:00-04:00,54.82,56.17,54.24,54.77,2469600
2023-03-23 20:00:00-04:00,54.09,55.02,53.21,54.85,1982400
2023-03-26 20:00:00-04:00,55.62,55.70,54.92,55.61,1893700
2023-03-27 20:00:00-04:00,55.60,56.12,55.44,55.78,1886800
2023-03-28 20:00:00-04:00,56.46,56.70,55.92,56.52,4620100
2023-03-29 20:00:00-04:00,57.07,57.59,56.83,57.14,2278700
2023-03-30 20:00:00-04:00,57.41,58.03,57.30,57.99,2175900
2023-04-02 20:00:00-04:00,57.91,58.41,57.18,58.10,2038500
2023-04-03 20:00:00-04:00,57.98,57.98,54.71,55.08,3569000
2023-04-04 20:00:00-04:00,54.54,54.80,53.94,54.71,6584900
2023-04-05 20:00:00-04:00,54.42,55.16,54.19,54.28,1887500
2023-04-09 20:00:00-04:00,54.09,55.46,53.95,55.29,1839400
2023-04-10 20:00:00-04:00,55.60,56.08,55.33,55.42,1233900
2023-04-11 20:00:00-04:00,56.25,56.53,55.64,56.24,1957000
2023-04-12 20:00:00-04:00,56.02,56.28,54.06,55.80,2984300
2023-04-13 20:00:00-04:00,55.84,56.84,55.26,55.52,2110400
2023-04-16 20:00:00-04:00,55.80,56.02,55.39,55.90,1519700
2023-04-17 20:00:00-04:00,56.34,56.81,55.72,56.14,1622400
2023-04-18 20:00:00-04:00,55.70,55.86,54.86,55.43,2524800
2023-04-19 20:00:00-04:00,54.92,55.54,54.83,55.18,2179300
2023-04-20 20:00:00-04:00,55.42,55.42,54.65,55.16,1878100
2023-04-23 20:00:00-04:00,55.05,55.51,54.95,55.19,1232500
2023-04-24 20:00:00-04:00,54.89,55.40,54.25,54.26,1748500
2023-04-25 20:00:00-04:00,53.71,54.22,53.07,53.24,1721100
2023-04-26 20:00:00-04:00,54.37,56.87,54.36,56.81,6102700
2023-04-27 20:00:00-04:00,56.69,57.42,56.67,56.83,2479800
2023-04-30 20:00:00-04:00,56.65,57.42,56.65,56.93,1807000
2023-05-01 20:00:00-04:00,56.75,57.01,55.68,56.91,2297000
2023-05-02 20:00:00-04:00,57.28,57.55,56.16,56.45,2454200
2023-05-03 20:00:00-04:00,57.81,59.08,56.62,56.90,4120900
2023-05-04 20:00:00-04:00,58.06,59.46,57.81,58.98,3022100
2023-05-07 20:00:00-04:00,59.64,59.70,58.19,58.75,1793300
2023-05-08 20:00:00-04:00,59.37,59.69,58.56,58.78,2063000
2023-05-09 20:00:00-04:00,59.07,59.12,57.48,58.22,1575100
2023-05-10 20:00:00-04:00,57.77,58.10,57.18,57.76,1572200
2023-05-11 20:00:00-04:00,58.13,58.51,57.60,58.06,1446800
2023-05-14 20:00:00-04:00,57.86,58.88,57.86,58.74,1143300
2023-05-15 20:00:00-04:00,58.22,58.53,57.96,58.34,1527000
2023-05-16 20:00:00-04:00,58.97,59.33,58.11,58.84,1876400
2023-05-17 20:00:00-04:00,58.68,59.89,58.68,59.73,1438700
2023-05-18 20:00:00-04:00,60.45,60.86,59.11,59.57,1647000
2023-05-21 20:00:00-04:00,59.73,60.23,59.01,59.55,1917100
2023-05-22 20:00:00-04:00,59.08,59.09,57.67,57.84,2445400
2023-05-23 20:00:00-04:00,57.52,57.78,56.49,56.74,1854600
2023-05-24 20:00:00-04:00,57.14,57.95,56.89,57.41,1972600
2023-05-25 20:00:00-04:00,57.76,58.92,57.22,58.72,2068000
2023-05-29 20:00:00-04:00,59.07,59.36,58.08,58.27,1565300
2023-05-30 20:00:00-04:00,57.93,58.16,56.32,56.49,3338900
2023-05-31 20:00:00-04:00,56.75,58.09,56.44,57.98,2153100
2023-06-01 20:00:00-04:00,58.83,61.41,58.50,61.18,3217200
2023-06-04 20:00:00-04:00,61.32,61.32,59.92,60.50,2281700
2023-06-05 20:00:00-04:00,60.30,61.80,60.30,61.31,1486300
2023-06-06 20:00:00-04:00,61.57,62.63,61.04,62.51,1724300
2023-06-07 20:00:00-04:00,62.44,62.74,62.04,62.58,1270900
2023-06-08 20:00:00-04:00,62.82,62.82,61.80,62.28,1215700
2023-06-11 20:00:00-04:00,62.09,62.94,61.75,62.65,1696300
2023-06-12 20:00:00-04:00,62.71,64.01,62.71,63.91,1765400
2023-06-13 20:00:00-04:00,64.19,64.26,63.53,63.93,1915700
2023-06-14 20:00:00-04:00,63.68,64.67,63.53,64.52,1961600
2023-06-15 20:00:00-04:00,64.81,65.05,63.85,64.33,4462600
2023-06-19 20:00:00-04:00,63.63,64.20,63.30,63.93,2438700
2023-06-20 20:00:00-04:00,63.59,64.52,63.25,63.94,2810700
2023-06-21 20:00:00-04:00,63.88,63.88,62.98,63.33,2803900
2023-06-22 20:00:00-04:00,62.53,63.34,61.84,63.18,5020500
2023-06-25 20:00:00-04:00,63.12,63.83,62.98,63.04,2882100
2023-06-26 20:00:00-04:00,63.33,63.82,62.97,63.74,3152300
2023-06-27 20:00:00-04:00,64.11,64.40,63.36,63.47,2829800
2023-06-28 20:00:00-04:00,63.26,64.40,62.82,64.21,2852100
2023-06-29 20:00:00-04:00,64.97,65.54,64.46,65.17,1880700
2023-07-02 20:00:00-04:00,64.72,65.13,64.31,65.05,702300
2023-07-04 20:00:00-04:00,64.43,64.86,63.81,63.93,1450400
2023-07-05 20:00:00-04:00,63.38,63.50,62.74,63.37,1796100
2023-07-06 20:00:00-04:00,63.23,64.74,63.14,64.07,1271700
2023-07-09 20:00:00-04:00,64.78,65.70,64.46,65.62,1395200
2023-07-10 20:00:00-04:00,65.82,66.54,65.68,66.06,1701200
2023-07-11 20:00:00-04:00,66.68,66.82,65.87,65.92,1333800
2023-07-12 20:00:00-04:00,66.03,66.71,65.66,66.49,1069900
2023-07-13 20:00:00-04:00,66.44,66.48,65.71,65.93,1475800
2023-07-16 20:00:00-04:00,65.84,66.53,65.76,66.10,1985200
2023-07-17 20:00:00-04:00,65.85,66.98,65.77,66.82,2535600
2023-07-18 20:00:00-04:00,66.17,66.18,64.67,65.53,2943300
2023-07-19 20:00:00-04:00,65.83,65.88,65.04,65.40,2048700
2023-07-20 20:00:00-04:00,65.50,65.62,64.89,65.07,1483700
2023-07-23 20:00:00-04:00,65.24,65.76,64.78,65.08,1546000
2023-07-24 20:00:00-04:00,64.70,65.67,64.56,64.88,1791700
2023-07-25 20:00:00-04:00,64.65,65.14,63.87,64.33,2205600
2023-07-26 20:00:00-04:00,64.68,64.83,63.68,63.86,2450700
2023-07-27 20:00:00-04:00,64.52,64.66,63.79,64.01,2456800
2023-07-30 20:00:00-04:00,64.44,65.13,64.16,65.08,2150900
2023-07-31 20:00:00-04:00,64.58,65.87,64.52,65.82,2872000
2023-08-01 20:00:00-04:00,65.43,65.71,64.88,65.30,3487800
2023-08-02 20:00:00-04:00,66.33,67.19,65.05,66.92,3897000
2023-08-03 20:00:00-04:00,67.20,67.54,66.38,66.71,2857600
2023-08-06 20:00:00-04:00,67.32,67.80,66.93,67.71,1669600
2023-08-07 20:00:00-04:00,67.21,68.72,66.78,68.42,2451000
2023-08-08 20:00:00-04:00,68.43,68.68,67.72,67.94,2853300
2023-08-09 20:00:00-04:00,68.18,68.54,67.19,67.72,2419900
2023-08-10 20:00:00-04:00,67.56,68.12,67.46,67.89,1522900
2023-08-13 20:00:00-04:00,67.71,68.00,67.45,67.70,1723900
2023-08-14 20:00:00-04:00,67.31,67.64,66.56,66.80,1638600
2023-08-15 20:00:00-04:00,66.73,67.18,66.44,66.52,1505000
2023-08-16 20:00:00-04:00,66.84,67.17,65.89,65.91,1814600
2023-08-17 20:00:00-04:00,65.21,66.96,64.81,66.30,3796400
2023-08-20 20:00:00-04:00,66.60,66.77,65.92,66.51,1553700
2023-08-21 20:00:00-04:00,67.12,67.52,66.57,66.67,1408300
2023-08-22 20:00:00-04:00,66.82,68.50,66.75,68.32,1880900
2023-08-23 20:00:00-04:00,68.30,68.97,67.99,68.06,3185100
2023-08-24 20:00:00-04:00,68.40,69.12,67.90,68.72,2648200
2023-08-27 20:00:00-04:00,68.67,69.26,68.42,68.92,1993300
2023-08-28 20:00:00-04:00,68.77,70.14,68.56,69.79,1993200
2023-08-29 20:00:00-04:00,69.95,70.46,69.49,69.71,1978100
2023-08-30 20:00:00-04:00,69.68,70.03,69.14,69.43,3960900
2023-08-31 20:00:00-04:00,69.81,70.33,69.38,69.77,2936200
2023-09-04 20:00:00-04:00,69.78,69.82,68.12,68.26,3946200
2023-09-05 20:00:00-04:00,68.12,69.87,68.07,69.83,3655300
2023-09-06 20:00:00-04:00,69.44,70.05,68.56,69.37,2989500
2023-09-07 20:00:00-04:00,69.34,69.80,69.14,69.24,2458600
2023-09-10 20:00:00-04:00,69.64,70.06,67.88,68.47,2885900
2023-09-11 20:00:00-04:00,68.11,68.99,67.77,68.15,2752300
2023-09-12 20:00:00-04:00,67.84,68.30,65.03,65.56,3511000
2023-09-13 20:00:00-04:00,66.26,66.81,65.56,66.39,2405900
2023-09-14 20:00:00-04:00,66.12,66.45,65.31,65.73,2848100
2023-09-17 20:00:00-04:00,65.71,66.33,65.45,66.22,2039900
2023-09-18 20:00:00-04:00,66.00,66.57,65.11,66.06,4075000
2023-09-19 20:00:00-04:00,66.48,66.83,64.78,64.85,2642200
2023-09-20 20:00:00-04:00,64.62,64.62,63.57,63.87,2343300
2023-09-21 20:00:00-04:00,63.89,64.77,63.64,64.33,1473800
2023-09-24 20:00:00-04:00,64.01,64.21,63.11,64.15,2701500
2023-09-25 20:00:00-04:00,63.42,64.05,62.44,62.63,2125500
2023-09-26 20:00:00-04:00,63.24,63.62,62.77,63.10,2107100
2023-09-27 20:00:00-04:00,63.19,64.61,63.01,64.10,2109800
2023-09-28 20:00:00-04:00,64.61,64.97,63.26,63.55,3366600
2023-10-01 20:00:00-04:00,63.40,64.09,63.11,63.43,2576900
2023-10-02 20:00:00-04:00,63.08,63.25,61.98,62.69,3038200
2023-10-03 20:00:00-04:00,62.64,63.27,62.18,63.09,1797700
2023-10-04 20:00:00-04:00,63.21,63.41,62.04,62.66,3373000
2023-10-05 20:00:00-04:00,62.30,63.75,61.98,63.25,1825000
2023-10-08 20:00:00-04:00,63.10,64.09,62.35,63.93,1572200
2023-10-09 20:00:00-04:00,63.98,65.10,63.62,64.52,1644800
2023-10-10 20:00:00-04:00,64.70,65.90,64.66,65.82,2251100
2023-10-11 20:00:00-04:00,65.97,66.61,65.27,65.89,2763900
2023-10-12 20:00:00-04:00,66.04,66.28,63.21,64.05,2504000
2023-10-15 20:00:00-04:00,64.73,65.41,64.30,64.78,1342800
2023-10-16 20:00:00-04:00,64.51,66.17,64.27,65.49,1500400
2023-10-17 20:00:00-04:00,64.61,64.61,62.12,62.23,3784900
2023-10-18 20:00:00-04:00,62.25,63.16,60.82,61.06,3395500
2023-10-19 20:00:00-04:00,61.04,61.28,60.04,60.26,3182800
2023-10-22 20:00:00-04:00,60.18,60.61,59.11,59.15,3409200
2023-10-23 20:00:00-04:00,60.37,60.50,59.29,59.52,3476500
2023-10-24 20:00:00-04:00,59.19,60.32,59.09,59.20,4150400
2023-10-25 20:00:00-04:00,59.58,60.61,59.28,59.72,2972500
2023-10-26 20:00:00-04:00,59.84,60.13,59.04,59.22,2497100
2023-10-29 20:00:00-04:00,59.86,60.63,59.35,60.41,4833600
2023-10-30 20:00:00-04:00,60.07,60.80,60.02,60.52,3751100
2023-10-31 20:00:00-04:00,60.59,61.86,60.18,61.83,5497300
2023-11-01 20:00:00-04:00,62.09,66.09,61.96,65.42,5300500
2023-11-02 20:00:00-04:00,66.70,67.00,65.13,65.19,3155500
2023-11-05 19:00:00-05:00,65.17,65.36,64.52,65.08,3379700
2023-11-06 19:00:00-05:00,64.74,65.84,64.43,65.81,2530500
2023-11-07 19:00:00-05:00,66.14,66.41,65.33,65.88,2593100
2023-11-08 19:00:00-05:00,66.59,67.64,66.13,66.85,4077500
2023-11-09 19:00:00-05:00,66.81,68.18,66.81,68.16,2537300
2023-11-12 19:00:00-05:00,67.97,69.16,67.88,68.68,4608500
2023-11-13 19:00:00-05:00,69.59,69.94,69.14,69.48,2643900
2023-11-14 19:00:00-05:00,69.48,70.04,69.11,69.53,2574000
2023-11-15 19:00:00-05:00,69.70,70.42,69.58,70.02,1820000
2023-11-16 19:00:00-05:00,70.48,70.48,69.68,70.16,1943000
2023-11-19 19:00:00-05:00,70.26,70.45,69.80,70.26,2069300
2023-11-20 19:00:00-05:00,70.09,70.65,70.08,70.37,1573900
2023-11-21 19:00:00-05:00,70.49,70.80,70.27,70.54,1698300
2023-11-23 19:00:00-05:00,70.66,71.16,70.43,71.16,674900
2023-11-26 19:00:00-05:00,71.13,71.13,70.48,70.61,1807000
2023-11-27 19:00:00-05:00,70.69,71.07,69.48,69.50,2904600
2023-11-28 19:00:00-05:00,70.05,70.24,69.30,69.44,2064700
2023-11-29 19:00:00-05:00,69.78,71.35,69.35,71.26,3532500
2023-11-30 19:00:00-05:00,71.19,72.56,71.19,72.07,2451500
2023-12-03 19:00:00-05:00,71.40,71.99,71.12,71.85,2320600
2023-12-04 19:00:00-05:00,71.62,72.27,71.37,71.79,1748300
2023-12-05 19:00:00-05:00,72.10,72.81,71.04,71.21,1905600
2023-12-06 19:00:00-05:00,71.56,72.39,71.37,72.38,2302600
2023-12-07 19:00:00-05:00,72.32,73.25,72.23,73.14,2723600
2023-12-10 19:00:00-05:00,73.21,74.32,73.21,73.81,2004300
2023-12-11 19:00:00-05:00,74.04,74.67,73.89,74.09,2094800
2023-12-12 19:00:00-05:00,74.05,74.59,73.35,73.53,2115600
2023-12-13 19:00:00-05:00,73.96,75.40,73.92,75.13,2590300
2023-12-14 19:00:00-05:00,74.68,75.45,74.53,74.66,4784500
2023-12-17 19:00:00-05:00,75.01,75.10,74.30,74.64,1751900
2023-12-18 19:00:00-05:00,74.95,76.22,74.65,76.15,2263200
2023-12-19 19:00:00-05:00,75.82,76.63,74.66,74.69,2029100
2023-12-20 19:00:00-05:00,75.46,75.68,74.87,75.62,1392700
2023-12-21 19:00:00-05:00,75.90,76.69,75.73,76.30,1433700
2023-12-25 19:00:00-05:00,76.31,77.25,76.28,77.22,1346300
2023-12-26 19:00:00-05:00,77.30,77.69,77.05,77.67,1823000
2023-12-27 19:00:00-05:00,77.56,77.98,77.39,77.60,1110000
2023-12-28 19:00:00-05:00,77.75,77.84,77.10,77.16,1618100
2024-01-01 19:00:00-05:00,76.82,77.43,76.08,76.55,1790100
2024-01-02 19:00:00-05:00,76.03,76.29,74.50,74.55,2629500
2024-01-03 19:00:00-05:00,74.72,75.59,74.55,74.76,1475700
2024-01-04 19:00:00-05:00,74.63,75.11,74.42,74.63,2066600
2024-01-07 19:00:00-05:00,74.64,75.56,73.84,75.54,1882800
2024-01-08 19:00:00-05:00,74.79,75.73,74.41,75.73,2100100
2024-01-09 19:00:00-05:00,75.71,76.21,75.56,76.11,1386100
2024-01-10 19:00:00-05:00,76.15,77.56,75.36,77.51,3222000
2024-01-11 19:00:00-05:00,77.91,77.99,76.55,77.24,2961900
2024-01-15 19:00:00-05:00,76.95,77.83,76.46,77.77,2610700
2024-01-16 19:00:00-05:00,76.98,77.57,76.79,77.27,2589500
2024-01-17 19:00:00-05:00,77.58,78.19,76.98,78.00,1579200
2024-01-18 19:00:00-05:00,78.39,78.74,77.69,78.70,2149400
2024-01-21 19:00:00-05:00,78.84,79.27,78.65,79.15,1820300
2024-01-22 19:00:00-05:00,79.33,79.33,78.18,79.02,2153100
2024-01-23 19:00:00-05:00,79.56,79.64,78.43,78.66,4113100
2024-01-24 19:00:00-05:00,79.15,79.56,78.51,79.06,2688400
2024-01-25 19:00:00-05:00,79.17,79.45,78.85,79.11,2170200
2024-01-28 19:00:00-05:00,78.90,80.36,78.86,80.29,2658200
2024-01-29 19:00:00-05:00,79.96,80.64,79.93,80.42,2156000
2024-01-30 19:00:00-05:00,80.17,80.66,79.54,79.67,2470900
2024-01-31 19:00:00-05:00,80.17,82.04,80.17,81.80,4281300
2024-02-01 19:00:00-05:00,81.68,83.81,81.40,83.54,2395600
2024-02-04 19:00:00-05:00,82.77,83.32,82.32,82.72,2464700
2024-02-05 19:00:00-05:00,82.67,83.20,82.02,83.05,7467000
2024-02-06 19:00:00-05:00,83.36,84.77,83.18,84.37,2846300
2024-02-07 19:00:00-05:00,84.47,85.30,84.21,85.18,2500800
2024-02-08 19:00:00-05:00,85.45,86.31,85.07,85.70,4011700
2024-02-11 19:00:00-05:00,85.54,86.04,85.13,85.27,1683500
2024-02-12 19:00:00-05:00,83.96,85.18,83.54,84.91,2129400
2024-02-13 19:00:00-05:00,85.79,86.64,85.39,86.29,2309800
2024-02-14 19:00:00-05:00,86.73,87.70,86.32,87.58,2854600
2024-02-15 19:00:00-05:00,91.51,92.10,89.15,89.26,5024800
2024-02-19 19:00:00-05:00,88.06,88.28,86.39,86.54,3452800
2024-02-20 19:00:00-05:00,87.20,88.80,87.03,88.73,3305100
2024-02-21 19:00:00-05:00,90.07,90.71,89.65,90.58,2486000
2024-02-22 19:00:00-05:00,90.83,90.90,89.47,90.32,2064900
2024-02-25 19:00:00-05:00,90.12,90.93,89.99,90.55,2037100
2024-02-26 19:00:00-05:00,90.74,90.90,89.33,90.17,2167300
2024-02-27 19:00:00-05:00,90.12,90.57,89.54,89.64,2105400
2024-02-28 19:00:00-05:00,89.85,91.24,89.56,91.12,4062400
2024-02-29 19:00:00-05:00,90.73,92.22,90.55,91.42,2726200
2024-03-03 19:00:00-05:00,91.46,92.14,91.13,91.33,1913300
2024-03-04 19:00:00-05:00,90.95,91.05,89.32,89.76,4325500
2024-03-05 19:00:00-05:00,90.49,90.98,89.89,90.05,2578900
2024-03-06 19:00:00-05:00,90.72,91.21,90.07,90.97,2339300
2024-03-07 19:00:00-05:00,91.09,91.48,89.50,90.18,1962000
2024-03-10 20:00:00-04:00,89.27,89.67,88.64,89.33,2126900
2024-03-11 20:00:00-04:00,89.16,90.83,88.52,90.67,1810200
2024-03-12 20:00:00-04:00,90.88,90.93,89.91,90.34,2311300
2024-03-13 20:00:00-04:00,90.76,91.21,90.04,90.82,2036900
2024-03-14 20:00:00-04:00,89.91,91.07,89.91,90.28,2658100
2024-03-17 20:00:00-04:00,90.87,91.57,90.27,91.02,1472800
2024-03-18 20:00:00-04:00,91.08,91.58,90.52,91.37,1626900
2024-03-19 20:00:00-04:00,91.49,93.52,91.19,93.48,2647400
2024-03-20 20:00:00-04:00,93.90,95.08,93.63,94.90,2453000
2024-03-21 20:00:00-04:00,94.75,94.89,93.79,94.54,1574500
2024-03-24 20:00:00-04:00,95.05,95.97,94.16,94.28,2405000
2024-03-25 20:00:00-04:00,94.12,94.85,93.99,94.25,1945400
2024-03-26 20:00:00-04:00,94.60,95.21,93.60,95.06,2460800
2024-03-27 20:00:00-04:00,94.97,95.21,94.30,94.75,2557100
2024-03-31 20:00:00-04:00,94.73,94.74,93.20,93.42,1331100
2024-04-01 20:00:00-04:00,93.62,93.62,92.18,92.35,3435400
2024-04-02 20:00:00-04:00,92.35,93.76,92.14,93.19,2720800
2024-04-03 20:00:00-04:00,94.20,94.56,92.08,92.10,2866500
2024-04-04 20:00:00-04:00,92.68,94.85,92.52,94.61,2125600
2024-04-07 20:00:00-04:00,94.86,95.21,93.71,93.81,1878200
2024-04-08 20:00:00-04:00,94.29,94.37,92.14,93.30,2259500
2024-04-09 20:00:00-04:00,91.96,93.60,91.26,92.79,1628600
2024-04-10 20:00:00-04:00,92.51,93.66,92.17,92.97,1542200
2024-04-11 20:00:00-04:00,91.69,92.52,91.28,91.73,1509200
2024-04-14 20:00:00-04:00,93.18,93.32,90.74,91.09,1562100
2024-04-15 20:00:00-04:00,91.00,91.53,90.28,90.69,1836800
2024-04-16 20:00:00-04:00,91.29,91.31,88.63,89.38,1836200
2024-04-17 20:00:00-04:00,90.11,90.57,88.66,88.78,1195300
2024-04-18 20:00:00-04:00,89.08,89.81,87.27,88.21,2490000
2024-04-21 20:00:00-04:00,88.69,89.14,87.91,88.44,2250400
2024-04-22 20:00:00-04:00,89.14,90.42,89.00,90.38,1530000
2024-04-23 20:00:00-04:00,91.75,93.02,90.70,92.30,4269100
2024-04-24 20:00:00-04:00,91.10,92.44,90.31,91.84,2567400
2024-04-25 20:00:00-04:00,92.27,93.76,92.11,93.30,1973900
2024-04-28 20:00:00-04:00,93.27,94.01,92.25,93.19,2663200
2024-04-29 20:00:00-04:00,93.01,93.92,92.15,93.12,3619500
2024-04-30 20:00:00-04:00,92.98,94.07,92.02,92.80,3435100
2024-05-01 20:00:00-04:00,93.08,93.65,91.42,92.65,4134500
2024-05-02 20:00:00-04:00,87.81,89.31,85.72,86.54,6849000
2024-05-05 20:00:00-04:00,87.88,89.35,87.47,88.29,4549400
2024-05-06 20:00:00-04:00,88.48,90.07,87.73,89.66,2983300
2024-05-07 20:00:00-04:00,89.46,90.59,88.77,90.56,3647900
2024-05-08 20:00:00-04:00,90.67,91.14,90.00,90.81,2390600
2024-05-09 20:00:00-04:00,91.70,92.00,90.74,91.07,1844400
2024-05-12 20:00:00-04:00,90.95,91.02,89.74,90.65,3208000
2024-05-13 20:00:00-04:00,90.60,91.49,90.10,91.35,1886600
2024-05-14 20:00:00-04:00,91.84,92.76,91.55,92.61,1430400
2024-05-15 20:00:00-04:00,92.28,92.59,90.49,91.23,4941800
2024-05-16 20:00:00-04:00,91.82,92.52,91.44,92.47,3170900
2024-05-19 20:00:00-04:00,92.76,94.35,92.56,93.96,2741600
2024-05-20 20:00:00-04:00,93.66,95.13,93.63,95.02,3793600
2024-05-21 20:00:00-04:00,95.22,96.18,94.91,96.10,3007800
2024-05-22 20:00:00-04:00,96.08,96.49,94.56,94.92,5266600
2024-05-23 20:00:00-04:00,95.29,95.79,94.96,95.32,3633000
2024-05-27 20:00:00-04:00,95.49,95.49,92.91,93.28,5145200
2024-05-28 20:00:00-04:00,92.67,92.67,90.84,90.92,2629700
2024-05-29 20:00:00-04:00,90.69,91.91,90.46,91.83,1658400
2024-05-30 20:00:00-04:00,91.91,92.95,90.61,92.87,3551400
2024-06-02 20:00:00-04:00,93.18,93.59,88.83,89.87,3608200
2024-06-03 20:00:00-04:00,89.75,90.09,86.78,87.79,4105900
2024-06-04 20:00:00-04:00,88.09,89.71,87.42,89.56,2221500
2024-06-05 20:00:00-04:00,89.22,89.48,87.64,88.21,3528800
2024-06-06 20:00:00-04:00,88.47,89.78,87.45,88.96,2142000
2024-06-09 20:00:00-04:00,88.86,91.07,88.86,91.02,2296600
2024-06-10 20:00:00-04:00,90.70,91.89,89.82,91.21,3293900
2024-06-11 20:00:00-04:00,91.91,95.12,91.59,94.56,3601800
2024-06-12 20:00:00-04:00,94.15,94.81,93.08,94.27,2979600
2024-06-13 20:00:00-04:00,92.82,93.12,89.83,91.29,2804100
2024-06-16 20:00:00-04:00,90.94,93.61,90.27,93.12,1907000
2024-06-17 20:00:00-04:00,93.12,94.61,92.84,94.40,2305400
2024-06-19 20:00:00-04:00,94.18,94.87,92.32,93.00,2799400
2024-06-20 20:00:00-04:00,93.17,93.17,91.75,92.71,3619700
2024-06-23 20:00:00-04:00,92.94,93.75,92.56,92.74,2070700
2024-06-24 20:00:00-04:00,92.50,92.50,89.16,89.74,3975500
2024-06-25 20:00:00-04:00,89.24,89.98,88.28,89.63,2786500
2024-06-26 20:00:00-04:00,90.06,90.83,89.67,90.80,1951700
2024-06-27 20:00:00-04:00,90.83,91.75,90.01,90.67,2875800
2024-06-30 20:00:00-04:00,91.89,92.12,88.87,89.37,1338400
2024-07-01 20:00:00-04:00,89.32,90.53,88.88,90.49,1111900
2024-07-02 20:00:00-04:00,90.65,91.61,90.03,90.88,651700
2024-07-04 20:00:00-04:00,90.77,91.28,89.83,91.21,1378100
2024-07-07 20:00:00-04:00,91.46,92.56,91.33,91.94,1359900
2024-07-08 20:00:00-04:00,92.14,92.72,91.52,91.56,1668000
2024-07-09 20:00:00-04:00,92.43,94.25,92.10,94.12,1486300
2024-07-10 20:00:00-04:00,94.52,96.82,94.44,95.32,2005700
2024-07-11 20:00:00-04:00,96.13,98.09,95.82,97.10,2807600
2024-07-14 20:00:00-04:00,97.91,99.25,97.72,98.47,2817100
2024-07-15 20:00:00-04:00,99.09,100.46,98.76,100.15,3024300
2024-07-16 20:00:00-04:00,99.67,99.67,97.83,97.83,2623000
2024-07-17 20:00:00-04:00,97.55,99.40,97.16,97.72,2313600
2024-07-18 20:00:00-04:00,98.06,98.36,96.61,96.68,1549000
2024-07-21 20:00:00-04:00,97.71,99.95,96.90,99.76,2042900
2024-07-22 20:00:00-04:00,99.46,101.11,99.32,100.06,1419400
2024-07-23 20:00:00-04:00,99.20,99.60,95.39,95.57,3511200
2024-07-24 20:00:00-04:00,95.92,98.58,94.78,96.76,2901600
2024-07-25 20:00:00-04:00,97.90,99.42,97.65,98.51,1803600
2024-07-28 20:00:00-04:00,98.54,99.33,97.90,98.55,2290900
2024-07-29 20:00:00-04:00,99.36,100.47,98.18,98.68,2526400
2024-07-30 20:00:00-04:00,100.03,100.98,98.67,100.21,3310700
2024-07-31 20:00:00-04:00,91.83,95.20,90.22,91.06,7445600
2024-08-01 20:00:00-04:00,89.33,89.53,86.52,87.25,6031700
2024-08-04 20:00:00-04:00,84.58,88.40,83.56,86.87,4558000
2024-08-05 20:00:00-04:00,87.14,89.86,86.89,87.98,2968200
2024-08-06 20:00:00-04:00,89.01,89.51,86.86,87.13,2845200
2024-08-07 20:00:00-04:00,88.53,90.43,87.84,90.31,2580800
2024-08-08 20:00:00-04:00,89.88,90.58,88.43,89.30,2674900
2024-08-11 20:00:00-04:00,89.52,89.79,87.79,88.09,2064800
2024-08-12 20:00:00-04:00,88.78,89.87,87.91,89.74,2074700
2024-08-13 20:00:00-04:00,89.80,90.95,89.56,90.86,1463600
2024-08-14 20:00:00-04:00,92.38,92.69,91.09,92.07,1859200
2024-08-15 20:00:00-04:00,92.06,92.36,90.84,90.86,2260400
2024-08-18 20:00:00-04:00,91.22,91.69,90.52,90.80,1676800
2024-08-19 20:00:00-04:00,90.75,91.08,89.93,90.35,1305200
2024-08-20 20:00:00-04:00,90.53,91.31,90.37,91.01,1079200
2024-08-21 20:00:00-04:00,91.17,91.56,89.83,89.99,1201400
2024-08-22 20:00:00-04:00,90.55,91.85,90.17,91.49,1824800
2024-08-25 20:00:00-04:00,91.85,92.09,90.58,90.65,1677600
2024-08-26 20:00:00-04:00,89.88,90.75,89.62,90.48,1136900
2024-08-27 20:00:00-04:00,90.85,91.16,88.85,89.25,1853100
2024-08-28 20:00:00-04:00,90.13,91.94,89.53,90.65,2024500
2024-08-29 20:00:00-04:00,90.98,91.41,89.80,91.30,2153600
2024-09-02 20:00:00-04:00,90.44,90.85,87.38,88.18,2557200
2024-09-03 20:00:00-04:00,87.85,88.56,86.85,87.11,1619400
2024-09-04 20:00:00-04:00,86.97,87.54,85.35,87.46,2919900
2024-09-05 20:00:00-04:00,87.27,88.65,86.23,86.69,2539700
2024-09-08 20:00:00-04:00,87.84,88.46,87.21,87.30,2439300
2024-09-09 20:00:00-04:00,87.80,87.91,86.75,87.88,2492400
2024-09-10 20:00:00-04:00,87.81,89.72,86.22,89.48,2259100
2024-09-11 20:00:00-04:00,89.60,90.57,87.96,89.71,2468800
2024-09-12 20:00:00-04:00,90.13,91.66,89.36,90.88,2523300
2024-09-15 20:00:00-04:00,91.66,92.02,90.38,90.79,2293800
2024-09-16 20:00:00-04:00,91.53,93.88,91.03,93.81,2156200
2024-09-17 20:00:00-04:00,94.02,95.76,93.08,93.58,2213600
2024-09-18 20:00:00-04:00,95.84,97.56,94.72,97.49,2253400
2024-09-19 20:00:00-04:00,96.95,97.84,95.83,96.61,3738400
2024-09-22 20:00:00-04:00,97.18,98.09,96.68,97.33,1479100
2024-09-23 20:00:00-04:00,98.04,99.40,97.43,97.85,1775300
2024-09-24 20:00:00-04:00,98.29,98.29,94.35,94.87,3078500
2024-09-25 20:00:00-04:00,96.71,97.38,94.86,96.25,2765500
2024-09-26 20:00:00-04:00,96.43,98.98,96.08,97.92,3873200
2024-09-29 20:00:00-04:00,97.48,98.11,96.75,98.00,3253600
2024-09-30 20:00:00-04:00,98.18,98.51,96.67,97.84,2761600
2024-10-01 20:00:00-04:00,97.34,100.57,97.04,99.77,3412300
2024-10-02 20:00:00-04:00,99.28,99.60,98.02,98.76,2118800
2024-10-03 20:00:00-04:00,99.83,100.99,99.02,100.96,2268600
2024-10-06 20:00:00-04:00,100.07,101.24,99.40,99.85,2466800
2024-10-07 20:00:00-04:00,100.14,100.14,97.50,98.70,2051800
2024-10-08 20:00:00-04:00,98.70,99.59,98.06,99.26,1350300
2024-10-09 20:00:00-04:00,98.84,99.60,98.16,98.39,1827500
2024-10-10 20:00:00-04:00,98.35,100.70,98.35,100.59,2254400
2024-10-13 20:00:00-04:00,100.97,102.51,100.61,102.27,1361100
2024-10-14 20:00:00-04:00,102.33,102.57,100.34,100.50,1932400
2024-10-15 20:00:00-04:00,100.34,100.84,100.05,100.22,1556700
2024-10-16 20:00:00-04:00,100.79,101.73,100.79,100.86,1257500
2024-10-17 20:00:00-04:00,101.28,101.28,99.90,100.23,1536300
2024-10-20 20:00:00-04:00,100.32,100.91,99.57,99.86,1842500
2024-10-21 20:00:00-04:00,99.41,99.86,98.28,98.29,1611200
2024-10-22 20:00:00-04:00,97.48,97.88,95.82,96.23,2986600
2024-10-23 20:00:00-04:00,96.52,96.52,95.28,95.77,1841900
2024-10-24 20:00:00-04:00,96.74,97.10,95.51,95.96,1904900
2024-10-27 20:00:00-04:00,96.85,97.89,96.42,96.95,2803200
2024-10-28 20:00:00-04:00,96.38,97.62,95.70,97.10,1424000
2024-10-29 20:00:00-04:00,96.87,97.65,96.58,97.12,1659600
2024-10-30 20:00:00-04:00,96.33,97.24,95.79,95.84,3327400
2024-10-31 20:00:00-04:00,93.84,97.65,93.34,93.81,3880800
2024-11-03 19:00:00-05:00,93.84,96.05,93.64,94.45,2520300
2024-11-04 19:00:00-05:00,94.65,97.63,94.48,97.54,2082100
2024-11-05 19:00:00-05:00,101.83,103.08,100.83,102.81,3745600
2024-11-06 19:00:00-05:00,102.76,103.79,102.37,103.36,2009600
2024-11-07 19:00:00-05:00,102.80,103.72,102.25,102.44,3035300
2024-11-10 19:00:00-05:00,103.24,105.15,102.46,104.62,2766100
2024-11-11 19:00:00-05:00,104.54,105.45,103.87,104.05,1707300
2024-11-12 19:00:00-05:00,104.21,105.01,103.97,104.17,1720000
2024-11-13 19:00:00-05:00,103.97,104.63,102.64,102.84,1594800
2024-11-14 19:00:00-05:00,102.54,103.52,101.90,102.28,1937400
2024-11-17 19:00:00-05:00,101.55,102.31,101.06,101.50,1829200
2024-11-18 19:00:00-05:00,99.83,102.29,99.69,102.23,1975800
2024-11-19 19:00:00-05:00,102.63,103.04,101.35,102.96,1990000
2024-11-20 19:00:00-05:00,103.18,103.71,102.26,102.89,2180900
2024-11-21 19:00:00-05:00,103.20,104.80,102.41,103.85,2163700
2024-11-24 19:00:00-05:00,104.55,105.87,104.40,105.19,3004100
2024-11-25 19:00:00-05:00,104.80,105.02,104.08,104.58,1426700
2024-11-26 19:00:00-05:00,104.52,105.02,103.42,103.90,1170900
2024-11-28 19:00:00-05:00,103.90,104.40,103.44,104.01,907100
2024-12-01 19:00:00-05:00,104.59,105.21,103.88,104.96,1777200
2024-12-02 19:00:00-05:00,105.04,105.49,103.62,104.08,1775400
2024-12-03 19:00:00-05:00,104.17,104.57,103.46,103.80,1588000
2024-12-04 19:00:00-05:00,103.72,104.02,102.46,102.81,1632100
2024-12-05 19:00:00-05:00,103.35,103.42,102.00,102.13,1557200
2024-12-08 19:00:00-05:00,102.77,103.04,101.29,102.39,2296700
2024-12-09 19:00:00-05:00,102.24,103.02,100.72,101.69,1416800
2024-12-10 19:00:00-05:00,102.72,102.83,101.17,101.53,1748400
2024-12-11 19:00:00-05:00,101.53,101.89,100.87,101.27,1217200
2024-12-12 19:00:00-05:00,101.18,101.89,100.58,100.95,1441900
2024-12-15 19:00:00-05:00,100.95,100.97,99.60,99.70,1956100
2024-12-16 19:00:00-05:00,98.91,99.52,97.14,97.40,3065600
2024-12-17 19:00:00-05:00,97.42,97.52,92.66,92.73,2789500
2024-12-18 19:00:00-05:00,93.87,94.58,91.05,91.12,3183200
2024-12-19 19:00:00-05:00,90.75,93.65,90.28,92.14,5175400
2024-12-22 19:00:00-05:00,91.81,92.17,90.74,91.65,1571400
2024-12-23 19:00:00-05:00,91.38,92.43,91.12,92.21,592100
2024-12-25 19:00:00-05:00,91.99,92.53,91.44,92.14,850000
2024-12-26 19:00:00-05:00,91.44,92.49,90.86,91.43,1153300
2024-12-29 19:00:00-05:00,90.37,90.92,89.32,90.39,1113300
2024-12-30 19:00:00-05:00,90.97,91.26,90.03,90.33,1257900
2025-01-01 19:00:00-05:00,91.16,91.54,90.10,90.39,2149100
2025-01-02 19:00:00-05:00,90.70,92.57,90.40,92.35,2473200
2025-01-05 19:00:00-05:00,92.94,93.45,90.84,91.13,1833700
2025-01-06 19:00:00-05:00,90.98,91.14,88.18,89.03,3893100
2025-01-07 19:00:00-05:00,88.42,89.32,87.36,89.10,2441300
2025-01-09 19:00:00-05:00,88.12,88.25,86.61,86.89,2452200
2025-01-12 19:00:00-05:00,86.00,88.26,85.87,88.05,2969300
2025-01-13 19:00:00-05:00,88.79,90.10,88.69,89.27,1919100
2025-01-14 19:00:00-05:00,90.53,91.61,90.31,90.40,2139200
2025-01-15 19:00:00-05:00,90.69,91.11,90.15,90.61,2132200
2025-01-16 19:00:00-05:00,91.59,92.49,91.09,91.74,2556800
2025-01-20 19:00:00-05:00,92.69,94.51,92.47,93.94,2989100
2025-01-21 19:00:00-05:00,94.36,94.53,93.51,94.09,2400400
2025-01-22 19:00:00-05:00,94.06,94.65,92.74,93.92,2067300
2025-01-23 19:00:00-05:00,93.85,93.94,92.71,92.97,1691500
2025-01-26 19:00:00-05:00,91.79,92.79,90.97,91.79,2127600
2025-01-27 19:00:00-05:00,91.67,91.67,90.44,90.80,2561600
2025-01-28 19:00:00-05:00,90.81,92.11,90.73,91.06,1667000
2025-01-29 19:00:00-05:00,92.18,94.24,91.34,93.87,2534900
2025-01-30 19:00:00-05:00,94.14,95.71,93.36,93.66,2857300
2025-02-02 19:00:00-05:00,91.26,92.81,90.18,92.37,1830700
2025-02-03 19:00:00-05:00,93.55,93.96,92.44,92.52,1388000
2025-02-04 19:00:00-05:00,92.87,93.12,91.25,92.32,1669100
2025-02-05 19:00:00-05:00,92.92,93.51,91.64,92.23,2277100
2025-02-06 19:00:00-05:00,92.60,92.60,90.47,90.81,2379700
2025-02-09 19:00:00-05:00,91.46,92.31,90.36,92.04,2253900
2025-02-10 19:00:00-05:00,91.46,92.14,90.96,92.03,1953900
2025-02-11 19:00:00-05:00,90.50,91.41,90.18,91.21,2054700
2025-02-12 19:00:00-05:00,91.02,92.60,90.71,92.41,2619000
2025-02-13 19:00:00-05:00,87.87,89.09,85.44,85.59,7442400
2025-02-17 19:00:00-05:00,85.87,86.97,85.56,86.62,3974800
2025-02-18 19:00:00-05:00,86.12,87.04,85.26,85.56,2217600
2025-02-19 19:00:00-05:00,85.44,87.06,85.22,86.64,3180000
2025-02-20 19:00:00-05:00,86.74,86.76,83.14,83.57,2647900
2025-02-23 19:00:00-05:00,83.82,84.12,82.28,82.81,2744900
2025-02-24 19:00:00-05:00,82.66,83.58,81.59,83.27,2369700
2025-02-25 19:00:00-05:00,83.95,84.74,83.11,83.24,2033500
2025-02-26 19:00:00-05:00,83.28,84.54,82.70,82.97,2466000
2025-02-27 19:00:00-05:00,83.49,84.87,82.96,84.65,3844800
2025-03-02 19:00:00-05:00,85.33,85.84,81.79,82.48,2886800
2025-03-03 19:00:00-05:00,81.27,82.73,79.85,81.33,3079200
2025-03-04 19:00:00-05:00,81.75,84.48,81.39,84.33,3466400
2025-03-05 19:00:00-05:00,83.37,85.40,82.56,84.64,3910600
2025-03-06 19:00:00-05:00,84.13,85.29,82.20,85.12,4479400
2025-03-09 20:00:00-04:00,83.60,85.04,82.26,83.42,4090500
2025-03-10 20:00:00-04:00,83.11,83.98,81.73,82.79,2482900
2025-03-11 20:00:00-04:00,83.43,83.77,80.99,81.39,2542800
2025-03-12 20:00:00-04:00,81.15,81.96,79.69,79.90,2181200
2025-03-13 20:00:00-04:00,81.24,82.16,80.36,81.77,1923900
2025-03-16 20:00:00-04:00,81.74,83.46,81.51,82.87,1968500
2025-03-17 20:00:00-04:00,82.51,82.70,80.99,81.51,1849600
2025-03-18 20:00:00-04:00,81.85,82.44,80.83,82.03,2361000
2025-03-19 20:00:00-04:00,80.98,82.21,80.78,81.57,1473100
2025-03-20 20:00:00-04:00,80.54,81.02,79.75,80.86,2946300
2025-03-23 20:00:00-04:00,81.88,82.79,81.23,82.13,3134500
2025-03-24 20:00:00-04:00,82.60,82.95,81.29,82.27,1984000
2025-03-25 20:00:00-04:00,82.22,83.06,81.05,81.28,1782000
2025-03-26 20:00:00-04:00,80.98,81.49,79.75,81.20,1963500
2025-03-27 20:00:00-04:00,80.90,81.67,78.93,79.34,1769100
2025-03-30 20:00:00-04:00,78.10,80.45,77.08,79.93,2928000
2025-03-31 20:00:00-04:00,79.61,80.78,78.86,80.51,2016700
2025-04-01 20:00:00-04:00,79.32,81.97,79.32,81.60,1683600
2025-04-02 20:00:00-04:00,77.84,78.26,72.91,73.43,4805000
2025-04-03 20:00:00-04:00,70.65,70.67,67.11,69.61,6552900
2025-04-06 20:00:00-04:00,68.18,71.92,65.56,67.86,6227400
2025-04-07 20:00:00-04:00,70.55,71.57,65.53,66.67,4638500
2025-04-08 20:00:00-04:00,65.81,74.05,65.62,73.23,7395500
2025-04-09 20:00:00-04:00,71.29,73.07,69.32,70.85,7486400
2025-04-10 20:00:00-04:00,70.86,73.35,69.03,72.91,4559400
2025-04-13 20:00:00-04:00,73.93,74.04,72.59,73.28,1751800
2025-04-14 20:00:00-04:00,73.24,74.27,72.59,72.74,1727500
2025-04-15 20:00:00-04:00,71.80,72.60,70.67,71.27,1353700
2025-04-16 20:00:00-04:00,71.78,72.89,71.61,71.95,1891000
2025-04-20 20:00:00-04:00,70.80,71.17,68.88,69.63,2308000
2025-04-21 20:00:00-04:00,70.68,72.53,70.23,72.16,2011000
2025-04-22 20:00:00-04:00,75.11,76.48,73.11,73.28,2032800
2025-04-23 20:00:00-04:00,73.26,76.05,72.97,75.65,1802000
2025-04-24 20:00:00-04:00,75.19,75.95,74.52,74.89,3403600
2025-04-27 20:00:00-04:00,75.13,76.03,74.05,74.71,7044300
2025-04-28 20:00:00-04:00,74.01,75.27,73.80,74.77,7168700
2025-04-29 20:00:00-04:00,73.88,75.54,72.64,75.34,4848400
2025-04-30 20:00:00-04:00,75.96,77.29,75.26,76.12,4644700
2025-05-01 20:00:00-04:00,75.90,78.29,75.11,76.63,4538900
2025-05-04 20:00:00-04:00,76.22,77.88,75.89,76.85,3667200
2025-05-05 20:00:00-04:00,76.01,76.81,75.54,75.83,3216700
2025-05-06 20:00:00-04:00,76.33,78.05,76.17,77.76,5279800
2025-05-07 20:00:00-04:00,78.76,79.78,77.78,79.13,3707500
2025-05-08 20:00:00-04:00,79.52,80.22,78.97,79.22,3023700
2025-05-11 20:00:00-04:00,82.96,84.56,82.58,84.12,7019400
2025-05-12 20:00:00-04:00,84.39,85.26,83.94,84.39,2783700
2025-05-13 20:00:00-04:00,84.01,84.44,83.07,83.14,2857600
2025-05-14 20:00:00-04:00,82.92,83.46,82.59,82.92,2732400
2025-05-15 20:00:00-04:00,82.83,84.00,82.57,83.93,2206500
2025-05-18 20:00:00-04:00,82.76,83.87,82.63,83.47,2818300
2025-05-19 20:00:00-04:00,82.95,83.41,82.50,82.84,2362200
2025-05-20 20:00:00-04:00,81.94,82.55,80.98,81.11,3765800
2025-05-21 20:00:00-04:00,80.70,81.70,80.50,81.12,3892500
2025-05-22 20:00:00-04:00,79.64,80.88,79.38,80.30,3790800
2025-05-26 20:00:00-04:00,81.53,82.64,80.73,82.51,3025700
2025-05-27 20:00:00-04:00,82.63,82.89,81.51,81.76,2367200
2025-05-28 20:00:00-04:00,82.49,82.49,81.36,82.07,2455700
2025-05-29 20:00:00-04:00,81.65,81.82,80.88,81.56,5060200
2025-06-01 20:00:00-04:00,81.33,81.51,79.55,80.98,2418400
2025-06-02 20:00:00-04:00,81.17,82.14,80.73,81.87,1970600
2025-06-03 20:00:00-04:00,82.35,82.49,81.52,81.80,1762900
2025-06-04 20:00:00-04:00,82.16,82.19,81.16,81.79,1961200
2025-06-05 20:00:00-04:00,83.12,83.46,82.77,83.04,2139400
2025-06-08 20:00:00-04:00,83.62,83.92,83.14,83.38,1689800
2025-06-09 20:00:00-04:00,83.70,84.81,83.17,84.62,2804100
2025-06-10 20:00:00-04:00,84.81,84.81,82.80,83.12,2777100
2025-06-11 20:00:00-04:00,82.22,82.69,81.53,82.44,1820300
2025-06-12 20:00:00-04:00,81.30,81.85,80.14,80.42,2209700
2025-06-15 20:00:00-04:00,81.41,82.21,80.90,81.53,1564100
2025-06-16 20:00:00-04:00,80.75,81.69,80.34,80.56,1655900
2025-06-17 20:00:00-04:00,80.90,81.58,80.56,80.71,1778000
2025-06-19 20:00:00-04:00,81.62,81.65,79.97,80.31,2896000
2025-06-22 20:00:00-04:00,80.32,81.99,79.66,81.85,1707100
2025-06-23 20:00:00-04:00,82.57,84.02,82.07,83.61,2657800
2025-06-24 20:00:00-04:00,83.88,84.08,83.17,83.20,1650300
2025-06-25 20:00:00-04:00,83.57,85.07,83.25,84.85,1679000
2025-06-26 20:00:00-04:00,84.80,85.36,83.68,84.19,2878100
2025-06-29 20:00:00-04:00,83.89,83.89,83.00,83.10,2641700
2025-06-30 20:00:00-04:00,82.78,86.08,82.50,85.21,2776100
2025-07-01 20:00:00-04:00,85.37,86.50,84.98,86.46,2594500
2025-07-02 20:00:00-04:00,86.94,87.34,86.81,86.89,1240600
2025-07-06 20:00:00-04:00,86.55,87.43,85.78,86.75,5127200
2025-07-07 20:00:00-04:00,86.98,87.68,86.64,86.92,2050000
2025-07-08 20:00:00-04:00,87.73,88.02,86.96,87.61,1783700
2025-07-09 20:00:00-04:00,87.76,90.35,87.41,88.60,3712500
2025-07-10 20:00:00-04:00,87.65,89.07,87.62,88.93,2286800
2025-07-13 20:00:00-04:00,87.98,88.41,86.65,87.55,2635500
2025-07-14 20:00:00-04:00,88.03,88.15,86.19,86.21,2182800
2025-07-15 20:00:00-04:00,86.18,86.43,84.34,86.04,2654300
2025-07-16 20:00:00-04:00,86.24,87.74,86.00,87.66,2493900
2025-07-17 20:00:00-04:00,86.24,87.29,84.61,85.46,4273700
2025-07-20 20:00:00-04:00,86.29,86.29,83.81,83.81,2569500
2025-07-21 20:00:00-04:00,83.76,85.43,83.49,85.35,2593400
2025-07-22 20:00:00-04:00,86.31,87.17,85.67,86.74,2834600
2025-07-23 20:00:00-04:00,86.23,87.38,85.93,86.80,2749500
2025-07-24 20:00:00-04:00,87.17,88.27,86.75,88.18,2081200
2025-07-27 20:00:00-04:00,88.18,88.58,87.56,87.74,1947600
2025-07-28 20:00:00-04:00,88.24,88.38,86.61,86.98,2309200
2025-07-29 20:00:00-04:00,87.21,87.41,85.24,85.67,2826100
2025-07-30 20:00:00-04:00,85.28,86.61,84.33,84.55,4827900
2025-07-31 20:00:00-04:00,79.12,79.27,73.80,74.90,12246100
2025-08-03 20:00:00-04:00,75.60,78.95,75.30,78.52,6799300
2025-08-04 20:00:00-04:00,78.36,78.43,76.67,77.57,4172600
2025-08-05 20:00:00-04:00,77.53,77.77,76.31,76.40,4007100
2025-08-06 20:00:00-04:00,77.34,77.35,76.03,76.20,2403500
2025-08-07 20:00:00-04:00,76.44,76.78,75.61,75.81,1773600
2025-08-10 20:00:00-04:00,76.13,76.66,75.55,76.37,2539000
2025-08-11 20:00:00-04:00,77.02,79.16,76.72,78.35,2759900
2025-08-12 20:00:00-04:00,78.64,80.73,77.81,80.69,3312100
2025-08-13 20:00:00-04:00,79.82,80.28,79.16,80.14,3142200
2025-08-14 20:00:00-04:00,80.34,80.37,77.66,78.26,2918000
2025-08-17 20:00:00-04:00,78.16,79.07,77.75,78.83,2316000
2025-08-18 20:00:00-04:00,78.80,80.51,78.66,79.78,1754600
2025-08-19 20:00:00-04:00,79.48,79.55,78.58,78.98,2989500
2025-08-20 20:00:00-04:00,78.85,79.06,77.21,77.39,1849000
2025-08-21 20:00:00-04:00,78.39,81.36,77.93,80.57,2184400
2025-08-24 20:00:00-04:00,80.70,80.94,79.62,79.62,1437600
2025-08-25 20:00:00-04:00,79.64,81.21,79.36,81.07,4712800
2025-08-26 20:00:00-04:00,80.78,81.43,80.38,80.58,1693200
2025-08-27 20:00:00-04:00,80.81,80.81,79.63,80.20,1431300
2025-08-28 20:00:00-04:00,79.89,80.45,79.00,79.37,1923000
2025-09-01 20:00:00-04:00,78.54,78.87,77.17,77.88,2228700
2025-09-02 20:00:00-04:00,77.52,78.05,76.81,77.32,1567300
2025-09-03 20:00:00-04:00,77.33,79.64,77.09,79.14,2898000
2025-09-04 20:00:00-04:00,79.87,81.44,79.46,80.89,3149700
2025-09-07 20:00:00-04:00,80.89,81.22,79.15,80.32,4536500
2025-09-08 20:00:00-04:00,79.99,80.47,78.96,79.60,3291700
2025-09-09 20:00:00-04:00,79.62,81.06,79.31,80.18,2742800
2025-09-10 20:00:00-04:00,79.99,82.30,79.89,80.96,4317800
2025-09-11 20:00:00-04:00,80.75,81.24,78.70,78.73,3643400
2025-09-14 20:00:00-04:00,79.19,80.03,78.39,78.99,3002800
2025-09-15 20:00:00-04:00,78.88,79.34,77.44,77.64,3499700
2025-09-16 20:00:00-04:00,78.17,80.14,77.79,78.94,5521200
2025-09-17 20:00:00-04:00,79.70,81.53,79.29,81.47,4119700
2025-09-18 20:00:00-04:00,81.71,82.17,80.31,81.55,13598000
2025-09-21 20:00:00-04:00,80.57,81.87,79.76,81.74,3649800
2025-09-22 20:00:00-04:00,82.13,82.33,80.70,81.26,4315100
2025-09-23 20:00:00-04:00,81.01,81.77,80.56,80.85,3747500
2025-09-24 20:00:00-04:00,80.08,80.68,79.31,80.44,3363400
2025-09-25 20:00:00-04:00,81.11,82.52,80.32,82.24,3010400
2025-09-28 20:00:00-04:00,82.86,82.97,81.59,82.49,3073100
2025-09-29 20:00:00-04:00,82.30,82.94,81.31,82.56,3569800
2025-09-30 20:00:00-04:00,81.80,83.73,81.57,83.44,3552800
2025-10-01 20:00:00-04:00,83.41,84.52,82.49,84.12,2870500
2025-10-02 20:00:00-04:00,83.77,84.54,83.32,83.89,2801600
2025-10-05 20:00:00-04:00,83.94,84.56,83.30,83.35,3621900
2025-10-06 20:00:00-04:00,83.74,84.24,80.90,81.29,3699400
2025-10-07 20:00:00-04:00,81.46,81.82,80.19,80.93,3190100
2025-10-08 20:00:00-04:00,81.21,81.35,78.20,78.42,2556600
2025-10-09 20:00:00-04:00,78.88,79.40,75.86,76.04,2238600
2025-10-12 20:00:00-04:00,76.83,77.73,76.02,76.04,2754600
2025-10-13 20:00:00-04:00,74.72,77.53,74.36,77.18,4094600
2025-10-14 20:00:00-04:00,77.64,78.20,75.92,76.61,2629700
2025-10-15 20:00:00-04:00,76.91,77.55,74.92,75.75,2549600
2025-10-16 20:00:00-04:00,74.55,77.27,74.55,77.16,2923000
2025-10-19 20:00:00-04:00,77.91,78.79,77.74,78.41,1826300
2025-10-20 20:00:00-04:00,77.72,80.55,77.70,79.50,1848800
2025-10-21 20:00:00-04:00,79.57,80.51,78.04,78.07,3114000
2025-10-22 20:00:00-04:00,78.86,80.57,78.44,80.30,1800100
2025-10-23 20:00:00-04:00,81.13,81.13,79.64,79.72,1724400
2025-10-26 20:00:00-04:00,80.93,81.24,79.90,80.18,3377300
2025-10-27 20:00:00-04:00,80.69,80.69,78.38,78.79,3927000
2025-10-28 20:00:00-04:00,79.26,81.34,78.77,79.64,4414600
2025-10-29 20:00:00-04:00,79.29,81.02,78.47,78.67,5546600
2025-10-30 20:00:00-04:00,76.37,79.15,74.94,76.27,6946200
2025-11-02 19:00:00-05:00,75.94,76.70,74.64,75.94,5061000
2025-11-03 19:00:00-05:00,75.36,77.56,75.23,77.18,4103200
2025-11-04 19:00:00-05:00,76.87,79.77,76.87,78.34,4141000
2025-11-05 19:00:00-05:00,78.38,79.49,77.26,77.62,3060500
2025-11-06 19:00:00-05:00,76.81,77.83,75.99,77.44,2576900
2025-11-09 19:00:00-05:00,77.88,78.05,75.95,77.19,2764800
2025-11-10 19:00:00-05:00,77.09,77.45,76.54,77.27,2784000
2025-11-11 19:00:00-05:00,77.50,78.86,77.36,77.65,2857000
2025-11-12 19:00:00-05:00,77.19,78.18,75.71,76.16,2396900
2025-11-13 19:00:00-05:00,74.94,75.86,74.60,75.43,2165900
2025-11-16 19:00:00-05:00,74.96,75.11,73.32,73.63,2939000
2025-11-17 19:00:00-05:00,73.15,74.19,72.41,73.52,1928100
2025-11-18 19:00:00-05:00,73.69,73.89,72.85,73.67,4479300
2025-11-19 19:00:00-05:00,73.27,75.52,73.27,74.50,4222900
2025-11-20 19:00:00-05:00,74.34,79.36,74.34,78.50,3894100
2025-11-23 19:00:00-05:00,78.55,78.73,76.75,77.70,5826200
2025-11-24 19:00:00-05:00,78.41,79.83,77.76,79.42,2269700
2025-11-25 19:00:00-05:00,79.21,80.39,79.05,79.83,2230100
2025-11-27 19:00:00-05:00,79.76,80.68,79.71,80.30,1043900
2025-11-30 19:00:00-05:00,79.64,80.83,79.09,79.15,2145600
2025-12-01 19:00:00-05:00,79.25,79.70,78.13,79.14,2103100
2025-12-02 19:00:00-05:00,79.44,80.12,78.97,79.71,1525000
2025-12-03 19:00:00-05:00,79.77,80.21,79.40,79.95,2120300
2025-12-04 19:00:00-05:00,79.81,80.08,79.33,79.82,1621000
2025-12-07 19:00:00-05:00,79.73,80.18,78.85,79.27,2839100
2025-12-08 19:00:00-05:00,79.22,79.67,78.28,78.34,2324900
2025-12-09 19:00:00-05:00,78.50,81.03,78.44,80.94,2243000
2025-12-10 19:00:00-05:00,81.43,83.50,80.57,83.40,2535800
2025-12-11 19:00:00-05:00,83.73,84.43,81.37,81.72,3541900
2025-12-14 19:00:00-05:00,82.09,82.33,80.94,81.59,3538900
2025-12-15 19:00:00-05:00,81.84,81.87,79.45,79.57,2411300
2025-12-16 19:00:00-05:00,79.35,80.33,77.64,78.08,3235300
2025-12-17 19:00:00-05:00,79.02,79.93,78.56,78.81,3291700
2025-12-18 19:00:00-05:00,78.77,79.51,78.27,79.24,6617900
2025-12-21 19:00:00-05:00,79.95,81.36,79.11,81.08,1901100
2025-12-22 19:00:00-05:00,80.73,81.43,80.26,81.41,1514800
2025-12-23 19:00:00-05:00,81.40,81.66,81.24,81.53,633000
2025-12-25 19:00:00-05:00,81.18,81.68,80.84,81.24,900200
2025-12-28 19:00:00-05:00,81.32,81.78,80.77,80.86,1452400
2025-12-29 19:00:00-05:00,80.74,81.11,80.45,80.61,1182100
2025-12-30 19:00:00-05:00,80.63,80.73,79.10,79.18,1306700
2026-01-01 19:00:00-05:00,79.79,80.09,78.61,79.72,1647600
2026-01-04 19:00:00-05:00,79.11,82.72,78.92,82.17,2348700
2026-01-05 19:00:00-05:00,82.04,83.43,81.05,83.39,2625700
2026-01-06 19:00:00-05:00,83.42,83.76,80.85,81.29,2059100
2026-01-07 19:00:00-05:00,81.26,84.50,80.86,84.33,2432400
2026-01-08 19:00:00-05:00,84.68,85.82,84.35,85.47,2502300
2026-01-11 19:00:00-05:00,85.26,86.38,84.91,86.00,2134300
2026-01-12 19:00:00-05:00,86.21,87.14,84.91,85.79,2403000
2026-01-13 19:00:00-05:00,85.49,86.04,84.22,85.95,2764100
2026-01-14 19:00:00-05:00,86.36,87.63,86.36,87.28,1858000
2026-01-15 19:00:00-05:00,86.99,88.40,86.99,88.12,2535900
2026-01-19 19:00:00-05:00,87.01,87.11,84.62,85.12,5000900
2026-01-20 19:00:00-05:00,86.32,90.80,85.89,89.78,3672900
2026-01-21 19:00:00-05:00,90.30,90.75,87.17,87.51,5614600
2026-01-22 19:00:00-05:00,87.61,87.89,86.77,87.17,2290200
2026-01-25 19:00:00-05:00,87.21,87.32,86.18,86.75,2423800
2026-01-26 19:00:00-05:00,86.75,87.31,86.17,86.23,3504200
2026-01-27 19:00:00-05:00,85.83,86.48,84.89,85.21,2932000
2026-01-28 19:00:00-05:00,86.28,88.83,85.37,88.83,8478000
2026-01-29 19:00:00-05:00,88.14,88.18,85.15,86.05,3674300
2026-02-01 19:00:00-05:00,86.05,89.12,86.00,88.90,3417000
2026-02-02 19:00:00-05:00,89.21,93.97,88.86,93.67,6447900
2026-02-03 19:00:00-05:00,94.95,99.39,94.59,97.36,13512500
2026-02-04 19:00:00-05:00,96.61,97.95,95.02,95.95,5365300
2026-02-05 19:00:00-05:00,97.36,99.26,96.89,98.45,6260100
2026-02-08 19:00:00-05:00,97.86,99.49,97.60,98.34,4794500
2026-02-09 19:00:00-05:00,98.64,99.46,97.52,97.75,6858500
2026-02-10 19:00:00-05:00,98.38,99.95,96.63,96.70,9183100
2026-02-11 19:00:00-05:00,97.82,99.37,93.92,94.16,8677100
2026-02-12 19:00:00-05:00,96.41,100.91,94.66,98.47,6975400
2026-02-16 19:00:00-05:00,97.06,99.69,97.06,98.71,4708000
2026-02-17 19:00:00-05:00,99.59,99.95,96.89,97.15,2957600
2026-02-18 19:00:00-05:00,96.62,97.39,95.09,96.15,2846200
2026-02-19 19:00:00-05:00,95.81,97.61,94.84,95.55,3696100
2026-02-22 19:00:00-05:00,95.31,96.16,93.71,93.89,2916700
2026-02-23 19:00:00-05:00,94.01,95.37,93.77,94.59,2507900
2026-02-24 19:00:00-05:00,94.88,95.28,92.13,92.97,4850900
2026-02-25 19:00:00-05:00,93.44,94.50,92.44,94.48,2929800
2026-02-26 19:00:00-05:00,93.16,94.12,92.24,94.09,3201000
2026-03-01 19:00:00-05:00,92.70,94.50,91.55,93.92,2856300
2026-03-02 19:00:00-05:00,91.26,92.62,89.75,91.49,2567900
2026-03-03 19:00:00-05:00,91.84,92.17,90.42,91.81,2608900
2026-03-04 19:00:00-05:00,91.18,91.92,89.25,90.48,3231800
2026-03-05 19:00:00-05:00,88.50,89.35,86.01,86.41,2660000
2026-03-08 20:00:00-04:00,84.54,87.00,82.93,86.64,2748400
2026-03-09 20:00:00-04:00,86.58,88.10,85.50,86.40,2824700
2026-03-10 20:00:00-04:00,85.49,85.81,84.20,85.15,2170200
2026-03-11 20:00:00-04:00,83.87,84.44,81.00,81.15,3345500
2026-03-12 20:00:00-04:00,81.97,82.19,79.74,82.11,8087000
2026-03-15 20:00:00-04:00,82.99,84.79,82.97,83.79,4302700
2026-03-16 20:00:00-04:00,84.64,84.69,82.05,84.04,2360700
2026-03-17 20:00:00-04:00,83.83,84.55,81.92,82.01,2822700
2026-03-18 20:00:00-04:00,80.66,82.99,80.09,82.14,4070600
2026-03-19 20:00:00-04:00,81.88,82.80,80.64,81.37,4280300
2026-03-22 20:00:00-04:00,83.93,84.71,82.25,82.27,2072500
2026-03-23 20:00:00-04:00,81.11,83.64,80.54,83.13,2776900
2026-03-24 20:00:00-04:00,84.28,84.76,82.47,83.63,2052900
2026-03-25 20:00:00-04:00,82.64,84.08,81.21,81.37,1731800
2026-03-26 20:00:00-04:00,80.92,81.04,78.77,79.43,3016000
2026-03-29 20:00:00-04:00,79.29,79.64,76.68,76.92,3951700
2026-03-30 20:00:00-04:00,78.51,80.61,77.54,80.10,2975800
2026-03-31 20:00:00-04:00,80.23,81.69,79.95,79.98,2395900
2026-04-01 20:00:00-04:00,77.73,79.47,75.99,77.89,3190800
2026-04-05 20:00:00-04:00,77.43,78.68,76.78,78.68,2044700
2026-04-06 20:00:00-04:00,78.38,79.58,78.01,79.53,3055500
2026-04-07 20:00:00-04:00,81.91,85.20,81.91,84.65,3156700
2026-04-08 20:00:00-04:00,83.96,87.60,83.96,87.01,2984000
2026-04-09 20:00:00-04:00,87.30,87.30,85.14,85.36,3172300
2026-04-12 20:00:00-04:00,84.96,88.15,84.91,87.67,2966300
2026-04-13 20:00:00-04:00,86.24,89.08,86.24,88.30,3668000
2026-04-14 20:00:00-04:00,87.68,88.05,82.49,83.37,5978100
2026-04-15 20:00:00-04:00,83.48,84.71,83.03,83.65,3300900
2026-04-16 20:00:00-04:00,84.82,87.22,84.51,85.78,6630800
2026-04-19 20:00:00-04:00,85.31,86.12,85.15,85.99,2107000
2026-04-20 20:00:00-04:00,86.20,87.50,84.75,84.79,2406800
2026-04-21 20:00:00-04:00,85.75,86.12,83.10,83.68,2608600
2026-04-22 20:00:00-04:00,84.24,85.53,83.41,84.93,3898100
2026-04-23 20:00:00-04:00,84.07,85.29,83.19,83.79,4511000
2026-04-26 20:00:00-04:00,83.13,85.04,83.12,83.99,5005000
2026-04-27 20:00:00-04:00,83.44,83.44,80.46,81.17,5395200
2026-04-28 20:00:00-04:00,79.55,80.23,76.79,77.44,6022200
2026-04-29 20:00:00-04:00,76.94,79.99,76.94,79.84,3752200
2026-04-30 20:00:00-04:00,80.07,80.38,77.22,77.97,3472700
2026-05-03 20:00:00-04:00,77.51,78.22,75.29,75.54,4421400
2026-05-04 20:00:00-04:00,76.39,76.85,75.66,75.80,2650500
2026-05-05 20:00:00-04:00,78.08,80.11,77.56,78.63,4848700
2026-05-06 20:00:00-04:00,79.12,79.86,76.97,77.48,3832900
2026-05-07 20:00:00-04:00,78.04,78.12,75.46,75.73,2808200
2026-05-10 20:00:00-04:00,75.72,75.76,74.63,74.68,2855900
2026-05-11 20:00:00-04:00,75.10,75.19,72.17,73.19,3693500
2026-05-12 20:00:00-04:00,73.12,73.13,70.95,71.37,5484500
2026-05-13 20:00:00-04:00,72.16,72.46,70.26,71.82,3520500
2026-05-14 20:00:00-04:00,70.76,71.12,70.23,70.35,2870700
2026-05-17 20:00:00-04:00,70.53,71.12,69.63,69.97,3167600
2026-05-18 20:00:00-04:00,69.52,69.59,68.07,68.54,2380800
2026-05-19 20:00:00-04:00,68.95,70.65,68.41,70.37,5200800
2026-05-20 20:00:00-04:00,69.61,70.37,68.28,70.28,5171500
2026-05-21 20:00:00-04:00,70.70,71.53,69.64,70.91,4447800
2026-05-25 20:00:00-04:00,71.56,72.51,71.11,72.43,4309500
2026-05-26 20:00:00-04:00,72.68,72.95,70.89,70.96,3810100
2026-05-27 20:00:00-04:00,70.61,71.11,69.16,70.99,4192200
2026-05-28 20:00:00-04:00,70.56,72.67,69.72,71.64,5366800
2026-05-31 20:00:00-04:00,70.57,71.48,69.71,70.96,3493400
2026-06-01 20:00:00-04:00,71.55,72.25,70.96,71.62,3235600
2026-06-02 20:00:00-04:00,71.21,72.16,69.90,70.07,4248400
2026-06-03 20:00:00-04:00,71.29,72.56,70.57,72.01,3430300
2026-06-04 20:00:00-04:00,71.64,72.37,71.29,72.25,3923100
2026-06-07 20:00:00-04:00,71.68,74.03,71.67,72.46,4379200
2026-06-08 20:00:00-04:00,73.08,74.46,72.25,73.91,3491000
2026-06-09 20:00:00-04:00,73.43,74.05,70.26,70.48,3120400
2026-06-10 20:00:00-04:00,70.98,73.28,69.84,73.20,4296400
2026-06-11 20:00:00-04:00,73.96,74.68,73.00,74.00,2322400
2026-06-14 20:00:00-04:00,75.90,77.90,75.90,76.77,5643900
2026-06-15 20:00:00-04:00,77.24,79.42,76.41,78.52,5520400
2026-06-16 20:00:00-04:00,78.13,80.86,76.86,77.07,8720400
2026-06-17 20:00:00-04:00,78.32,79.41,77.81,77.91,5707400
2026-06-21 20:00:00-04:00,77.48,78.71,77.17,77.87,2678700
2026-06-22 20:00:00-04:00,76.73,78.24,76.11,76.64,2337800
2026-06-23 20:00:00-04:00,77.13,79.42,76.91,78.32,5478500
2026-06-24 20:00:00-04:00,79.47,82.61,79.11,81.70,5279400
2026-06-25 20:00:00-04:00,81.60,81.93,80.33,81.37,8240800
2026-06-28 20:00:00-04:00,80.66,81.14,79.75,80.98,2957800
