Date,Open,High,Low,Close,Volume
2018-07-01 20:00:00-04:00,34.27,34.57,34.11,34.25,9232500
2018-07-02 20:00:00-04:00,34.49,34.70,34.43,34.43,8214300
2018-07-04 20:00:00-04:00,34.57,34.97,34.54,34.96,11653000
2018-07-05 20:00:00-04:00,34.97,35.18,34.90,34.94,8733900
2018-07-08 20:00:00-04:00,34.87,35.01,34.71,34.76,7373100
2018-07-09 20:00:00-04:00,34.84,35.23,34.83,35.20,10606100
2018-07-10 20:00:00-04:00,35.22,35.23,34.94,35.06,7715600
2018-07-11 20:00:00-04:00,35.09,35.19,34.83,34.97,6331600
2018-07-12 20:00:00-04:00,34.99,35.05,34.81,35.02,5585900
2018-07-15 20:00:00-04:00,35.01,35.07,34.86,35.01,5831400
2018-07-16 20:00:00-04:00,35.03,35.53,34.97,35.42,11592200
2018-07-17 20:00:00-04:00,35.37,35.45,35.10,35.32,7351600
2018-07-18 20:00:00-04:00,35.22,35.56,35.16,35.31,10097500
2018-07-19 20:00:00-04:00,35.24,35.44,35.15,35.44,8588400
2018-07-22 20:00:00-04:00,35.44,35.51,35.05,35.19,9055700
2018-07-23 20:00:00-04:00,35.05,35.44,34.92,35.43,13786100
2018-07-24 20:00:00-04:00,36.01,36.46,35.81,36.08,21330600
2018-07-25 20:00:00-04:00,36.29,36.47,36.16,36.20,12673100
2018-07-26 20:00:00-04:00,36.26,36.40,36.06,36.17,10516900
2018-07-29 20:00:00-04:00,36.09,36.35,36.05,36.19,8967900
2018-07-30 20:00:00-04:00,36.32,36.53,36.25,36.50,12438800
2018-07-31 20:00:00-04:00,36.36,36.39,36.14,36.31,9904100
2018-08-01 20:00:00-04:00,36.38,36.50,36.15,36.15,12009700
2018-08-02 20:00:00-04:00,36.19,36.60,36.12,36.49,11462800
2018-08-05 20:00:00-04:00,36.48,36.69,36.44,36.52,10056100
2018-08-06 20:00:00-04:00,36.42,36.49,36.11,36.40,8632900
2018-08-07 20:00:00-04:00,36.39,36.45,36.10,36.13,6810000
2018-08-08 20:00:00-04:00,36.20,36.34,36.07,36.28,8924100
2018-08-09 20:00:00-04:00,36.17,36.34,35.98,36.07,7535400
2018-08-12 20:00:00-04:00,36.05,36.11,35.77,35.88,8143400
2018-08-13 20:00:00-04:00,35.94,36.09,35.91,35.92,6846100
2018-08-14 20:00:00-04:00,35.83,36.13,35.73,36.07,9686400
2018-08-15 20:00:00-04:00,36.09,36.31,35.98,36.18,10600700
2018-08-16 20:00:00-04:00,36.24,36.58,36.20,36.48,8885700
2018-08-19 20:00:00-04:00,36.54,36.69,36.47,36.58,6392000
2018-08-20 20:00:00-04:00,36.58,36.60,36.17,36.18,13986300
2018-08-21 20:00:00-04:00,36.27,36.31,35.95,35.95,7159100
2018-08-22 20:00:00-04:00,35.92,36.07,35.77,35.77,13144900
2018-08-23 20:00:00-04:00,35.73,35.85,35.68,35.72,10952900
2018-08-26 20:00:00-04:00,36.05,36.05,35.66,35.77,9581200
2018-08-27 20:00:00-04:00,35.73,35.80,35.44,35.52,8476800
2018-08-28 20:00:00-04:00,35.42,35.55,35.40,35.48,12410900
2018-08-29 20:00:00-04:00,35.44,35.48,35.14,35.19,9716500
2018-08-30 20:00:00-04:00,35.23,35.28,34.75,34.89,19834100
2018-09-03 20:00:00-04:00,34.91,35.15,34.84,35.04,11138500
2018-09-04 20:00:00-04:00,34.96,35.55,34.96,35.52,10554900
2018-09-05 20:00:00-04:00,35.54,36.01,35.46,35.83,11439400
2018-09-06 20:00:00-04:00,35.70,35.87,35.44,35.79,10208100
2018-09-09 20:00:00-04:00,35.94,36.25,35.85,36.06,8568900
2018-09-10 20:00:00-04:00,36.09,36.13,35.91,36.02,9278300
2018-09-11 20:00:00-04:00,36.13,36.24,36.02,36.20,13216400
2018-09-12 20:00:00-04:00,36.32,36.41,36.09,36.18,8294800
2018-09-13 20:00:00-04:00,36.25,36.34,36.01,36.31,7612900
2018-09-16 20:00:00-04:00,36.31,36.57,36.24,36.57,8527300
2018-09-17 20:00:00-04:00,36.62,36.73,36.26,36.26,9847400
2018-09-18 20:00:00-04:00,36.31,36.40,36.21,36.28,7119000
2018-09-19 20:00:00-04:00,36.49,36.85,36.43,36.82,9736700
2018-09-20 20:00:00-04:00,36.82,36.86,36.61,36.77,19240300
2018-09-23 20:00:00-04:00,36.70,36.73,36.19,36.37,10778900
2018-09-24 20:00:00-04:00,36.36,36.46,36.01,36.06,7919100
2018-09-25 20:00:00-04:00,36.13,36.37,35.97,36.20,10162600
2018-09-26 20:00:00-04:00,36.10,36.46,36.06,36.32,10826900
2018-09-27 20:00:00-04:00,36.31,36.46,36.29,36.46,9071900
2018-09-30 20:00:00-04:00,36.45,36.59,36.35,36.50,9364700
2018-10-01 20:00:00-04:00,36.54,36.76,36.36,36.72,7462700
2018-10-02 20:00:00-04:00,36.68,36.75,36.16,36.21,10542300
2018-10-03 20:00:00-04:00,36.05,36.24,35.86,36.20,9582300
2018-10-04 20:00:00-04:00,36.27,36.44,36.07,36.22,8734100
2018-10-07 20:00:00-04:00,36.31,36.77,36.29,36.69,9808100
2018-10-08 20:00:00-04:00,36.61,36.75,36.49,36.62,10824500
2018-10-09 20:00:00-04:00,36.55,36.87,36.05,36.06,13917000
2018-10-10 20:00:00-04:00,36.16,36.29,35.13,35.24,17677900
2018-10-11 20:00:00-04:00,35.11,35.43,34.93,35.27,12420100
2018-10-14 20:00:00-04:00,35.24,35.74,35.20,35.45,11608500
2018-10-15 20:00:00-04:00,35.54,36.00,35.41,35.91,10442500
2018-10-16 20:00:00-04:00,35.85,36.31,35.81,36.20,11055800
2018-10-17 20:00:00-04:00,36.24,36.38,35.89,36.01,12716900
2018-10-18 20:00:00-04:00,36.18,36.70,36.18,36.57,13989200
2018-10-21 20:00:00-04:00,36.61,36.68,36.16,36.29,14283600
2018-10-22 20:00:00-04:00,36.01,36.68,35.88,36.60,17483900
2018-10-23 20:00:00-04:00,36.57,37.41,36.50,36.89,21626000
2018-10-24 20:00:00-04:00,36.83,36.90,36.41,36.72,14220200
2018-10-25 20:00:00-04:00,36.61,36.69,35.86,36.25,21458000
2018-10-28 20:00:00-04:00,36.43,36.76,36.35,36.68,20932200
2018-10-29 20:00:00-04:00,36.80,37.69,36.35,37.60,20895400
2018-10-30 20:00:00-04:00,37.50,37.96,37.28,37.80,25309400
2018-10-31 20:00:00-04:00,37.74,38.01,37.34,37.69,16494500
2018-11-01 20:00:00-04:00,37.75,37.89,37.45,37.89,17584900
2018-11-04 19:00:00-05:00,37.89,38.51,37.83,38.44,16543500
2018-11-05 19:00:00-05:00,38.41,38.79,38.37,38.77,14373400
2018-11-06 19:00:00-05:00,38.99,39.12,38.71,38.97,12239700
2018-11-07 19:00:00-05:00,38.78,38.97,38.76,38.94,9762800
2018-11-08 19:00:00-05:00,38.99,39.39,38.97,39.22,12398100
2018-11-11 19:00:00-05:00,39.16,39.66,39.11,39.37,13918300
2018-11-12 19:00:00-05:00,39.32,39.47,39.14,39.36,13872900
2018-11-13 19:00:00-05:00,39.35,39.42,39.15,39.28,12106800
2018-11-14 19:00:00-05:00,39.20,39.27,38.90,39.27,12080100
2018-11-15 19:00:00-05:00,39.20,39.67,39.18,39.61,13405800
2018-11-18 19:00:00-05:00,39.72,40.07,39.67,39.87,13575800
2018-11-19 19:00:00-05:00,40.12,40.14,38.85,38.98,16255300
2018-11-20 19:00:00-05:00,38.86,39.03,38.36,38.47,13559200
2018-11-22 19:00:00-05:00,38.49,38.86,38.33,38.70,4792500
2018-11-25 19:00:00-05:00,38.69,38.86,38.42,38.58,9341900
2018-11-26 19:00:00-05:00,38.59,39.01,38.47,38.97,9180700
2018-11-27 19:00:00-05:00,38.85,39.25,38.85,39.24,11368700
2018-11-28 19:00:00-05:00,39.21,39.33,38.96,38.97,11564300
2018-11-29 19:00:00-05:00,38.99,40.17,38.98,40.10,25538200
2018-12-02 19:00:00-05:00,39.68,39.75,38.90,39.54,14877200
2018-12-03 19:00:00-05:00,39.76,40.19,39.39,39.45,19059900
2018-12-05 19:00:00-05:00,39.39,39.49,38.72,39.29,17674900
2018-12-06 19:00:00-05:00,39.44,39.53,38.89,39.06,15565700
2018-12-09 19:00:00-05:00,39.35,39.35,38.57,39.18,12331100
2018-12-10 19:00:00-05:00,39.46,39.79,39.13,39.42,18083600
2018-12-11 19:00:00-05:00,39.74,39.80,39.14,39.16,12316900
2018-12-12 19:00:00-05:00,38.77,39.47,38.65,39.36,13766200
2018-12-13 19:00:00-05:00,39.17,39.40,39.00,39.26,13835900
2018-12-16 19:00:00-05:00,39.26,39.41,38.21,38.46,18482700
2018-12-17 19:00:00-05:00,38.68,38.85,38.07,38.45,14765700
2018-12-18 19:00:00-05:00,38.38,38.80,37.89,38.11,17903800
2018-12-19 19:00:00-05:00,38.04,38.30,37.48,37.83,21130000
2018-12-20 19:00:00-05:00,37.60,38.79,37.58,37.85,32477700
2018-12-23 19:00:00-05:00,37.89,38.09,36.47,36.57,10733700
2018-12-25 19:00:00-05:00,36.51,37.37,36.33,37.35,14342600
2018-12-26 19:00:00-05:00,37.19,37.83,36.63,37.82,16966500
2018-12-27 19:00:00-05:00,38.11,38.20,37.42,37.56,13218200
2018-12-30 19:00:00-05:00,37.79,37.83,37.37,37.68,10576300
2019-01-01 19:00:00-05:00,37.35,37.57,37.05,37.34,11603700
2019-01-02 19:00:00-05:00,37.25,37.69,37.02,37.11,14714400
2019-01-03 19:00:00-05:00,37.20,37.85,37.11,37.85,13013700
2019-01-06 19:00:00-05:00,37.85,37.99,37.32,37.36,13135500
2019-01-07 19:00:00-05:00,37.60,37.85,37.43,37.78,15420700
2019-01-08 19:00:00-05:00,37.46,37.62,36.94,37.06,18032500
2019-01-09 19:00:00-05:00,37.13,37.47,36.87,37.45,15976600
2019-01-10 19:00:00-05:00,37.63,37.68,37.37,37.67,11088600
2019-01-13 19:00:00-05:00,37.60,37.72,37.39,37.52,11514300
2019-01-14 19:00:00-05:00,37.31,37.87,37.25,37.85,11342900
2019-01-15 19:00:00-05:00,37.72,37.77,37.29,37.33,16907800
2019-01-16 19:00:00-05:00,37.33,37.51,37.30,37.45,12044600
2019-01-17 19:00:00-05:00,37.60,37.95,37.49,37.88,12760700
2019-01-21 19:00:00-05:00,37.95,38.03,37.56,37.97,11700400
2019-01-22 19:00:00-05:00,38.05,38.42,37.91,38.41,12058300
2019-01-23 19:00:00-05:00,38.28,38.28,37.70,37.95,10272000
2019-01-24 19:00:00-05:00,38.10,38.22,37.59,37.69,12066500
2019-01-27 19:00:00-05:00,37.57,37.64,37.35,37.53,9966900
2019-01-28 19:00:00-05:00,37.56,37.90,37.50,37.72,11998600
2019-01-29 19:00:00-05:00,37.60,38.11,37.55,38.08,12952500
2019-01-30 19:00:00-05:00,38.07,38.81,37.77,38.30,32181500
2019-01-31 19:00:00-05:00,38.57,38.81,38.51,38.75,19130100
2019-02-03 19:00:00-05:00,38.75,39.35,38.62,39.19,15105700
2019-02-04 19:00:00-05:00,39.25,39.36,39.07,39.20,12651900
2019-02-05 19:00:00-05:00,39.16,39.28,39.00,39.20,8689100
2019-02-06 19:00:00-05:00,39.12,39.35,38.99,39.32,10047800
2019-02-07 19:00:00-05:00,39.28,39.39,39.08,39.39,9813300
2019-02-10 19:00:00-05:00,39.44,39.69,39.37,39.47,9369300
2019-02-11 19:00:00-05:00,39.54,39.63,39.35,39.51,10983300
2019-02-12 19:00:00-05:00,39.47,39.74,39.43,39.62,12748800
2019-02-13 19:00:00-05:00,37.16,37.37,36.20,36.28,58905400
2019-02-14 19:00:00-05:00,36.52,36.81,35.97,36.00,35701600
2019-02-18 19:00:00-05:00,36.06,36.28,35.62,35.67,25511300
2019-02-19 19:00:00-05:00,35.73,36.00,35.65,35.89,27464000
2019-02-20 19:00:00-05:00,35.81,36.53,35.77,36.49,23121200
2019-02-21 19:00:00-05:00,36.41,36.56,35.97,36.03,24728400
2019-02-24 19:00:00-05:00,36.16,36.26,35.68,35.76,23774400
2019-02-25 19:00:00-05:00,35.89,35.92,35.54,35.56,20463200
2019-02-26 19:00:00-05:00,35.49,35.82,35.34,35.76,17827500
2019-02-27 19:00:00-05:00,35.90,36.29,35.89,36.08,22533900
2019-02-28 19:00:00-05:00,36.18,36.32,35.97,36.11,16291600
2019-03-03 19:00:00-05:00,36.23,36.34,36.04,36.32,15973800
2019-03-04 19:00:00-05:00,36.32,36.36,36.12,36.28,13062300
2019-03-05 19:00:00-05:00,36.34,36.43,36.16,36.16,14232100
2019-03-06 19:00:00-05:00,36.20,36.23,35.91,36.03,12084000
2019-03-07 19:00:00-05:00,35.93,36.00,35.50,35.68,15579100
2019-03-10 20:00:00-04:00,35.92,36.79,35.89,36.74,22126900
2019-03-11 20:00:00-04:00,36.56,36.80,36.52,36.64,19348500
2019-03-12 20:00:00-04:00,36.71,36.87,36.53,36.78,16222500
2019-03-13 20:00:00-04:00,36.79,37.01,36.62,36.68,18504100
2019-03-14 20:00:00-04:00,36.70,36.84,36.23,36.36,47254500
2019-03-17 20:00:00-04:00,36.46,36.66,36.41,36.45,24006400
2019-03-18 20:00:00-04:00,36.56,36.67,36.39,36.57,14987000
2019-03-19 20:00:00-04:00,36.44,36.84,36.26,36.54,13376100
2019-03-20 20:00:00-04:00,36.54,36.73,36.47,36.53,20043000
2019-03-21 20:00:00-04:00,36.49,37.01,36.49,36.86,19055900
2019-03-24 20:00:00-04:00,36.81,37.08,36.75,36.95,11668200
2019-03-25 20:00:00-04:00,37.06,37.56,37.06,37.43,11434900
2019-03-26 20:00:00-04:00,37.44,37.65,37.19,37.41,11543600
2019-03-27 20:00:00-04:00,37.47,37.66,37.31,37.39,11121100
2019-03-28 20:00:00-04:00,37.46,37.65,37.31,37.61,16045600
2019-03-31 20:00:00-04:00,37.72,37.86,37.39,37.50,11522700
2019-04-01 20:00:00-04:00,37.52,37.67,37.38,37.38,8495000
2019-04-02 20:00:00-04:00,37.26,37.39,36.95,37.07,12854500
2019-04-03 20:00:00-04:00,37.19,37.35,37.01,37.31,7814900
2019-04-04 20:00:00-04:00,37.31,37.39,37.08,37.30,7677600
2019-04-07 20:00:00-04:00,37.35,37.38,37.14,37.36,9421300
2019-04-08 20:00:00-04:00,37.28,37.50,37.14,37.46,8641800
2019-04-09 20:00:00-04:00,37.60,37.72,37.37,37.43,8059900
2019-04-10 20:00:00-04:00,37.50,37.52,37.35,37.49,7352400
2019-04-11 20:00:00-04:00,37.46,37.67,37.38,37.52,10690000
2019-04-14 20:00:00-04:00,37.63,37.76,37.48,37.72,10261300
2019-04-15 20:00:00-04:00,37.76,37.80,37.48,37.68,10804600
2019-04-16 20:00:00-04:00,37.88,38.17,37.84,37.95,11849300
2019-04-17 20:00:00-04:00,37.99,38.19,37.94,38.11,12167000
2019-04-21 20:00:00-04:00,38.04,38.21,37.74,38.04,9834700
2019-04-22 20:00:00-04:00,38.60,39.10,38.17,38.69,25327800
2019-04-23 20:00:00-04:00,38.55,38.71,38.46,38.51,15997300
2019-04-24 20:00:00-04:00,38.32,38.44,38.10,38.40,11444400
2019-04-25 20:00:00-04:00,38.52,38.89,38.51,38.74,10154300
2019-04-28 20:00:00-04:00,38.66,38.89,38.61,38.86,9731500
2019-04-29 20:00:00-04:00,38.95,39.47,38.84,39.38,17912900
2019-04-30 20:00:00-04:00,39.29,39.39,38.97,39.00,10551200
2019-05-01 20:00:00-04:00,38.95,39.14,38.74,38.84,8724600
2019-05-02 20:00:00-04:00,39.01,39.30,38.94,39.10,7076900
2019-05-05 20:00:00-04:00,38.79,39.02,38.74,38.90,8657800
2019-05-06 20:00:00-04:00,38.71,38.76,38.34,38.53,12487500
2019-05-07 20:00:00-04:00,38.57,38.71,38.38,38.41,9281400
2019-05-08 20:00:00-04:00,38.37,38.51,37.78,38.04,11450500
2019-05-09 20:00:00-04:00,38.05,38.77,38.04,38.68,9653800
2019-05-12 20:00:00-04:00,38.45,38.63,38.31,38.57,11911500
2019-05-13 20:00:00-04:00,38.95,39.59,38.81,39.08,16844200
2019-05-14 20:00:00-04:00,39.06,39.63,39.01,39.47,11422500
2019-05-15 20:00:00-04:00,39.55,39.86,39.50,39.79,17771300
2019-05-16 20:00:00-04:00,39.55,39.77,39.47,39.49,11257000
2019-05-19 20:00:00-04:00,39.36,39.44,39.14,39.21,13850500
2019-05-20 20:00:00-04:00,39.33,39.35,38.89,39.01,10587400
2019-05-21 20:00:00-04:00,39.15,39.90,39.10,39.85,16050400
2019-05-22 20:00:00-04:00,39.73,40.05,39.70,40.01,12199400
2019-05-23 20:00:00-04:00,39.99,40.04,39.75,39.82,6887600
2019-05-27 20:00:00-04:00,39.81,39.87,39.35,39.41,18614000
2019-05-28 20:00:00-04:00,39.12,39.35,38.86,39.02,12534600
2019-05-29 20:00:00-04:00,39.10,39.58,39.06,39.53,9087200
2019-05-30 20:00:00-04:00,39.33,39.58,39.15,39.43,11368600
2019-06-02 20:00:00-04:00,39.46,40.12,39.35,40.12,14167200
2019-06-03 20:00:00-04:00,40.13,40.36,39.83,40.13,12010600
2019-06-04 20:00:00-04:00,40.14,41.05,39.88,40.76,15837600
2019-06-05 20:00:00-04:00,40.86,41.37,40.61,41.26,15190400
2019-06-06 20:00:00-04:00,41.31,41.89,41.30,41.33,15293600
2019-06-09 20:00:00-04:00,41.37,41.37,41.01,41.24,9737400
2019-06-10 20:00:00-04:00,41.30,41.41,41.08,41.20,9915600
2019-06-11 20:00:00-04:00,41.34,41.85,41.31,41.45,11088100
2019-06-12 20:00:00-04:00,41.63,41.82,41.08,41.36,10353600
2019-06-13 20:00:00-04:00,41.29,41.68,41.29,41.50,8694300
2019-06-16 20:00:00-04:00,41.46,41.64,40.94,41.15,12322400
2019-06-17 20:00:00-04:00,41.46,41.50,40.87,40.96,9221100
2019-06-18 20:00:00-04:00,40.88,41.45,40.83,41.35,9414100
2019-06-19 20:00:00-04:00,41.66,41.89,41.54,41.79,10656600
2019-06-20 20:00:00-04:00,41.68,41.97,41.59,41.70,21264400
2019-06-23 20:00:00-04:00,41.85,42.22,41.82,42.00,10780000
2019-06-24 20:00:00-04:00,42.06,42.14,41.77,41.87,11519900
2019-06-25 20:00:00-04:00,41.67,41.77,41.33,41.35,12405100
2019-06-26 20:00:00-04:00,41.49,41.58,41.23,41.32,12374900
2019-06-27 20:00:00-04:00,41.47,41.58,40.87,41.19,16339900
2019-06-30 20:00:00-04:00,41.31,41.76,41.08,41.74,14976400
2019-07-01 20:00:00-04:00,41.88,42.10,41.70,42.05,8569200
2019-07-02 20:00:00-04:00,42.06,42.33,42.06,42.14,7253700
2019-07-04 20:00:00-04:00,41.97,42.16,41.64,42.15,8916300
2019-07-07 20:00:00-04:00,42.22,42.33,41.97,42.06,9495100
2019-07-08 20:00:00-04:00,41.84,42.04,41.60,41.73,10584900
2019-07-09 20:00:00-04:00,41.90,42.04,41.79,41.92,7620900
2019-07-10 20:00:00-04:00,42.05,42.11,41.79,42.10,10376500
2019-07-11 20:00:00-04:00,42.26,42.30,41.99,42.16,7347400
2019-07-14 20:00:00-04:00,42.29,42.30,41.96,42.17,5876100
2019-07-15 20:00:00-04:00,42.03,42.44,41.91,42.18,7132500
2019-07-16 20:00:00-04:00,42.24,42.27,42.07,42.21,8264200
2019-07-17 20:00:00-04:00,42.10,42.20,41.80,42.09,11911800
2019-07-18 20:00:00-04:00,42.18,42.18,41.55,41.57,10355500
2019-07-21 20:00:00-04:00,41.67,41.67,41.36,41.43,12090700
2019-07-22 20:00:00-04:00,43.07,44.20,42.68,43.95,33417900
2019-07-23 20:00:00-04:00,43.78,44.34,43.37,43.50,15633400
2019-07-24 20:00:00-04:00,43.38,43.52,42.65,42.93,19135000
2019-07-25 20:00:00-04:00,43.15,43.93,43.03,43.82,11451900
2019-07-28 20:00:00-04:00,43.82,43.92,43.60,43.67,12283900
2019-07-29 20:00:00-04:00,43.65,43.92,43.33,43.45,8127100
2019-07-30 20:00:00-04:00,43.28,43.28,42.10,42.57,16865500
2019-07-31 20:00:00-04:00,42.69,43.03,42.07,42.09,19527200
2019-08-01 20:00:00-04:00,41.99,42.65,41.99,42.33,13102300
2019-08-04 20:00:00-04:00,42.38,42.60,41.58,41.78,19986500
2019-08-05 20:00:00-04:00,41.96,42.68,41.75,42.28,19903100
2019-08-06 20:00:00-04:00,42.28,43.19,41.88,43.02,17937000
2019-08-07 20:00:00-04:00,43.04,43.50,42.75,43.43,10799000
2019-08-08 20:00:00-04:00,43.51,43.60,42.94,43.21,9260900
2019-08-11 20:00:00-04:00,43.10,43.23,42.86,43.03,6588600
2019-08-12 20:00:00-04:00,42.79,43.37,42.77,43.28,8581200
2019-08-13 20:00:00-04:00,43.15,43.66,42.85,42.86,17088900
2019-08-14 20:00:00-04:00,43.22,43.68,43.06,43.58,12393200
2019-08-15 20:00:00-04:00,43.66,44.08,43.64,44.01,14288700
2019-08-18 20:00:00-04:00,44.04,44.31,43.93,44.24,10936200
2019-08-19 20:00:00-04:00,44.18,44.23,43.55,43.58,8176700
2019-08-20 20:00:00-04:00,43.88,44.01,43.56,43.76,10886500
2019-08-21 20:00:00-04:00,43.78,44.20,43.76,44.08,7467900
2019-08-22 20:00:00-04:00,44.02,44.25,43.19,43.47,14160400
2019-08-25 20:00:00-04:00,43.68,44.12,43.46,44.12,9226900
2019-08-26 20:00:00-04:00,44.25,44.45,44.01,44.26,13537000
2019-08-27 20:00:00-04:00,44.21,44.61,44.02,44.58,10046400
2019-08-28 20:00:00-04:00,44.70,44.76,44.17,44.53,9262800
2019-08-29 20:00:00-04:00,44.62,44.67,44.34,44.52,8746700
2019-09-02 20:00:00-04:00,44.47,44.76,44.38,44.73,12991400
2019-09-03 20:00:00-04:00,44.77,45.23,44.73,45.11,10718100
2019-09-04 20:00:00-04:00,45.10,45.11,44.51,44.59,13677000
2019-09-05 20:00:00-04:00,44.85,44.85,44.30,44.68,9093500
2019-09-08 20:00:00-04:00,44.51,44.55,43.97,44.10,10814900
2019-09-09 20:00:00-04:00,43.87,44.04,43.56,44.00,12038200
2019-09-10 20:00:00-04:00,43.92,44.33,43.66,44.30,9740400
2019-09-11 20:00:00-04:00,44.57,44.74,44.47,44.58,12357900
2019-09-12 20:00:00-04:00,44.39,44.64,44.06,44.21,11486100
2019-09-15 20:00:00-04:00,44.08,44.28,43.70,43.97,11172000
2019-09-16 20:00:00-04:00,44.08,44.57,43.97,44.20,11347400
2019-09-17 20:00:00-04:00,44.16,44.24,43.85,44.19,9700400
2019-09-18 20:00:00-04:00,44.19,44.49,44.11,44.42,7560300
2019-09-19 20:00:00-04:00,44.56,44.56,43.92,43.93,19211500
2019-09-22 20:00:00-04:00,43.93,44.29,43.90,44.11,6485300
2019-09-23 20:00:00-04:00,44.20,44.50,44.03,44.24,10093000
2019-09-24 20:00:00-04:00,44.36,44.39,44.00,44.14,10248400
2019-09-25 20:00:00-04:00,44.38,44.47,44.11,44.32,10031200
2019-09-26 20:00:00-04:00,44.46,44.52,44.00,44.25,7939900
2019-09-29 20:00:00-04:00,44.12,44.55,44.12,44.36,9808700
2019-09-30 20:00:00-04:00,44.43,44.64,44.01,44.53,14261500
2019-10-01 20:00:00-04:00,44.17,44.36,43.10,43.25,14343600
2019-10-02 20:00:00-04:00,43.59,43.98,43.04,43.87,13817500
2019-10-03 20:00:00-04:00,44.00,44.44,43.91,44.44,9295400
2019-10-06 20:00:00-04:00,44.27,44.29,43.81,43.89,5964900
2019-10-07 20:00:00-04:00,43.90,44.06,43.55,43.66,13301900
2019-10-08 20:00:00-04:00,44.05,44.06,43.63,43.86,7135000
2019-10-09 20:00:00-04:00,43.63,43.90,43.48,43.72,8942900
2019-10-10 20:00:00-04:00,43.71,43.76,43.35,43.43,8981700
2019-10-13 20:00:00-04:00,43.58,43.74,43.36,43.43,7306300
2019-10-14 20:00:00-04:00,43.54,43.74,43.41,43.60,9564300
2019-10-15 20:00:00-04:00,43.56,43.65,43.29,43.58,10454800
2019-10-16 20:00:00-04:00,43.75,44.10,43.66,43.83,13190300
2019-10-17 20:00:00-04:00,44.81,45.13,44.37,44.64,18122400
2019-10-20 20:00:00-04:00,44.37,44.46,43.74,44.19,12778900
2019-10-21 20:00:00-04:00,44.19,44.34,43.79,43.88,9533400
2019-10-22 20:00:00-04:00,44.05,44.54,44.01,44.52,8556600
2019-10-23 20:00:00-04:00,44.46,44.67,44.40,44.50,11051400
2019-10-24 20:00:00-04:00,44.45,44.46,43.73,43.80,9782400
2019-10-27 20:00:00-04:00,43.79,43.96,43.49,43.65,8866100
2019-10-28 20:00:00-04:00,43.50,43.72,43.40,43.52,7999700
2019-10-29 20:00:00-04:00,43.61,44.04,43.32,43.95,8620900
2019-10-30 20:00:00-04:00,43.97,44.38,43.88,44.35,13982000
2019-10-31 20:00:00-04:00,44.51,44.60,43.88,43.92,9889500
2019-11-03 19:00:00-05:00,43.97,44.00,43.16,43.30,17515100
2019-11-04 19:00:00-05:00,43.10,43.10,42.47,42.71,19284000
2019-11-05 19:00:00-05:00,42.80,43.02,42.70,43.02,13288900
2019-11-06 19:00:00-05:00,43.09,43.19,42.34,42.61,11725500
2019-11-07 19:00:00-05:00,42.75,42.86,42.44,42.54,7141800
2019-11-10 19:00:00-05:00,42.64,42.67,42.19,42.24,8198300
2019-11-11 19:00:00-05:00,42.30,42.30,42.03,42.13,12656900
2019-11-12 19:00:00-05:00,42.52,42.74,42.34,42.70,12257900
2019-11-13 19:00:00-05:00,42.80,42.92,42.66,42.88,8660300
2019-11-14 19:00:00-05:00,42.89,42.92,42.68,42.92,8982400
2019-11-17 19:00:00-05:00,42.92,43.54,42.92,43.21,13782000
2019-11-18 19:00:00-05:00,43.31,43.44,43.08,43.25,12679500
2019-11-19 19:00:00-05:00,43.27,43.51,43.19,43.36,11970300
2019-11-20 19:00:00-05:00,43.27,43.46,43.01,43.15,7856100
2019-11-21 19:00:00-05:00,43.15,43.34,42.98,43.21,9113300
2019-11-24 19:00:00-05:00,43.41,43.50,43.00,43.36,10963500
2019-11-25 19:00:00-05:00,43.44,43.95,43.36,43.92,13219800
2019-11-26 19:00:00-05:00,43.94,44.08,43.67,43.96,9595200
2019-11-28 19:00:00-05:00,44.08,44.11,43.69,43.84,7222300
2019-12-01 19:00:00-05:00,43.77,44.12,43.38,44.12,13173800
2019-12-02 19:00:00-05:00,44.09,44.20,43.84,44.16,14498300
2019-12-03 19:00:00-05:00,44.16,44.58,44.10,44.57,13624000
2019-12-04 19:00:00-05:00,44.50,44.57,44.19,44.48,14068100
2019-12-05 19:00:00-05:00,44.58,44.74,44.47,44.67,7843500
2019-12-08 19:00:00-05:00,44.57,44.75,44.34,44.39,13887200
2019-12-09 19:00:00-05:00,44.36,44.39,44.11,44.14,8993900
2019-12-10 19:00:00-05:00,44.28,44.45,44.05,44.29,8879100
2019-12-11 19:00:00-05:00,44.34,44.70,44.28,44.44,11233300
2019-12-12 19:00:00-05:00,44.28,44.78,44.20,44.67,13072200
2019-12-15 19:00:00-05:00,44.89,45.01,44.63,44.67,9538100
2019-12-16 19:00:00-05:00,44.66,44.80,44.57,44.67,9230000
2019-12-17 19:00:00-05:00,44.76,44.94,44.24,44.25,15132100
2019-12-18 19:00:00-05:00,44.36,44.61,44.26,44.59,13385900
2019-12-19 19:00:00-05:00,45.10,45.31,44.71,45.12,23832800
2019-12-22 19:00:00-05:00,45.15,45.35,45.02,45.08,9300800
2019-12-23 19:00:00-05:00,44.99,45.15,44.85,44.91,3359300
2019-12-25 19:00:00-05:00,45.08,45.17,44.98,45.17,6228500
2019-12-26 19:00:00-05:00,45.16,45.52,45.15,45.44,6895500
2019-12-29 19:00:00-05:00,45.30,45.47,45.20,45.37,6431700
2019-12-30 19:00:00-05:00,45.31,45.46,45.13,45.44,7982600
2020-01-01 19:00:00-05:00,45.41,45.50,44.95,45.14,11867700
2020-01-02 19:00:00-05:00,44.59,45.14,44.40,44.89,11354500
2020-01-05 19:00:00-05:00,44.86,45.08,44.76,44.88,14698300
2020-01-06 19:00:00-05:00,44.70,44.82,44.45,44.53,9973900
2020-01-07 19:00:00-05:00,44.55,44.85,44.45,44.62,10676000
2020-01-08 19:00:00-05:00,45.15,45.48,45.02,45.43,15398000
2020-01-09 19:00:00-05:00,45.54,45.91,45.52,45.58,13040100
2020-01-12 19:00:00-05:00,45.58,46.16,45.49,46.08,14302900
2020-01-13 19:00:00-05:00,46.17,46.21,45.83,45.97,16345300
2020-01-14 19:00:00-05:00,45.97,46.77,45.97,46.55,17735400
2020-01-15 19:00:00-05:00,46.67,46.75,46.47,46.64,10234100
2020-01-16 19:00:00-05:00,46.68,46.91,46.63,46.74,14264300
2020-01-20 19:00:00-05:00,46.67,47.00,46.44,46.93,11968900
2020-01-21 19:00:00-05:00,47.00,47.32,46.94,47.29,12869600
2020-01-22 19:00:00-05:00,47.10,47.49,46.99,47.47,12858900
2020-01-23 19:00:00-05:00,47.49,47.51,47.17,47.35,8594300
2020-01-26 19:00:00-05:00,46.96,47.49,46.90,47.19,14359900
2020-01-27 19:00:00-05:00,47.16,47.41,46.77,46.80,15240200
2020-01-28 19:00:00-05:00,46.79,47.00,46.51,46.80,13163600
2020-01-29 19:00:00-05:00,47.55,48.42,47.42,48.32,20225600
2020-01-30 19:00:00-05:00,48.41,48.50,47.74,47.94,17685200
2020-02-02 19:00:00-05:00,48.23,48.41,48.04,48.09,12333600
2020-02-03 19:00:00-05:00,48.23,48.80,48.12,48.30,15417900
2020-02-04 19:00:00-05:00,48.35,48.50,48.06,48.31,11414900
2020-02-05 19:00:00-05:00,48.42,48.71,48.30,48.42,9347000
2020-02-06 19:00:00-05:00,48.33,48.70,48.31,48.59,8757800
2020-02-09 19:00:00-05:00,48.70,49.12,48.67,49.05,7984900
2020-02-10 19:00:00-05:00,49.02,49.09,48.70,48.92,7431200
2020-02-11 19:00:00-05:00,48.83,49.07,48.70,48.77,9179100
2020-02-12 19:00:00-05:00,48.75,49.12,48.61,48.93,8173200
2020-02-13 19:00:00-05:00,48.95,49.31,48.94,49.21,9965500
2020-02-17 19:00:00-05:00,49.10,49.20,48.80,48.87,10075700
2020-02-18 19:00:00-05:00,48.85,49.25,48.82,49.07,6265700
2020-02-19 19:00:00-05:00,48.99,49.14,48.52,49.02,7597200
2020-02-20 19:00:00-05:00,48.85,49.36,48.79,49.36,10842400
2020-02-23 19:00:00-05:00,48.52,49.09,48.08,48.15,14415500
2020-02-24 19:00:00-05:00,48.19,48.60,47.30,47.46,15915100
2020-02-25 19:00:00-05:00,47.60,48.00,47.19,47.28,15837800
2020-02-26 19:00:00-05:00,46.91,47.52,45.05,45.09,23754000
2020-02-27 19:00:00-05:00,44.19,44.24,42.34,43.91,40890600
2020-03-01 19:00:00-05:00,44.27,45.94,44.08,45.90,25698600
2020-03-02 19:00:00-05:00,46.59,47.19,45.67,46.02,27099200
2020-03-03 19:00:00-05:00,46.31,48.43,46.31,48.37,20526100
2020-03-04 19:00:00-05:00,47.45,47.75,46.13,46.58,17948500
2020-03-05 19:00:00-05:00,45.10,45.90,44.31,45.36,22353900
2020-03-08 20:00:00-04:00,42.73,43.98,42.26,42.57,27898300
2020-03-09 20:00:00-04:00,43.69,44.16,42.01,44.05,27457400
2020-03-10 20:00:00-04:00,42.97,43.22,41.98,42.86,22653900
2020-03-11 20:00:00-04:00,39.85,40.99,38.33,38.71,31913100
2020-03-12 20:00:00-04:00,41.00,41.04,38.60,40.14,33697200
2020-03-15 20:00:00-04:00,34.98,39.65,34.09,37.48,28682300
2020-03-16 20:00:00-04:00,37.99,39.33,37.57,39.07,32106700
2020-03-17 20:00:00-04:00,37.05,37.39,34.44,37.14,35408300
2020-03-18 20:00:00-04:00,36.73,36.98,33.99,34.64,41956900
2020-03-19 20:00:00-04:00,34.74,34.84,31.06,31.72,51513500
2020-03-22 20:00:00-04:00,32.10,32.20,30.04,31.10,44978500
2020-03-23 20:00:00-04:00,34.13,34.28,32.16,32.67,49096200
2020-03-24 20:00:00-04:00,33.65,35.98,33.05,34.46,42511700
2020-03-25 20:00:00-04:00,35.48,37.49,35.15,36.68,37821700
2020-03-26 20:00:00-04:00,36.15,36.46,35.11,35.45,23297900
2020-03-29 20:00:00-04:00,35.64,37.73,35.64,37.26,23446000
2020-03-30 20:00:00-04:00,37.32,37.69,36.49,36.64,25373900
2020-03-31 20:00:00-04:00,35.18,36.15,34.61,34.88,21936400
2020-04-01 20:00:00-04:00,34.96,36.59,34.66,36.39,17621900
2020-04-02 20:00:00-04:00,36.09,36.72,35.86,36.30,14207100
2020-04-05 20:00:00-04:00,37.59,38.93,37.01,38.65,22850000
2020-04-06 20:00:00-04:00,40.16,40.25,38.49,38.51,21279600
2020-04-07 20:00:00-04:00,38.62,39.82,38.37,39.60,18937100
2020-04-08 20:00:00-04:00,40.11,41.18,40.04,40.58,19165300
2020-04-12 20:00:00-04:00,40.04,40.28,38.51,38.86,19586000
2020-04-13 20:00:00-04:00,39.70,40.78,38.86,40.51,21801900
2020-04-14 20:00:00-04:00,39.51,40.08,39.26,39.43,12893200
2020-04-15 20:00:00-04:00,39.25,39.62,38.72,39.00,17606800
2020-04-16 20:00:00-04:00,40.00,40.00,39.23,39.80,19844600
2020-04-19 20:00:00-04:00,39.57,39.75,38.35,38.53,18957900
2020-04-20 20:00:00-04:00,37.99,38.84,36.65,37.58,26863700
2020-04-21 20:00:00-04:00,38.13,38.22,37.68,37.83,15811600
2020-04-22 20:00:00-04:00,38.05,38.18,37.24,37.32,17668200
2020-04-23 20:00:00-04:00,37.68,37.89,37.36,37.62,15175000
2020-04-26 20:00:00-04:00,38.09,38.90,37.85,38.74,19175500
2020-04-27 20:00:00-04:00,39.67,39.75,38.56,38.71,17246700
2020-04-28 20:00:00-04:00,39.14,39.63,38.82,39.02,15780000
2020-04-29 20:00:00-04:00,38.92,38.92,37.84,38.00,20801100
2020-04-30 20:00:00-04:00,37.78,38.42,37.44,37.76,14290400
2020-05-03 20:00:00-04:00,37.53,37.66,36.93,37.38,22544200
2020-05-04 20:00:00-04:00,37.56,38.18,37.39,37.60,13370500
2020-05-05 20:00:00-04:00,37.60,37.79,37.03,37.06,11892900
2020-05-06 20:00:00-04:00,37.39,37.46,36.85,36.93,16466000
2020-05-07 20:00:00-04:00,37.33,38.27,37.17,38.18,13985100
2020-05-10 20:00:00-04:00,37.84,38.18,37.70,37.71,10874600
2020-05-11 20:00:00-04:00,37.76,37.97,37.10,37.12,13424400
2020-05-12 20:00:00-04:00,37.02,37.08,36.04,36.39,15854800
2020-05-13 20:00:00-04:00,35.92,36.49,35.80,36.19,18000800
2020-05-14 20:00:00-04:00,36.40,37.01,35.77,35.82,31579400
2020-05-17 20:00:00-04:00,37.12,37.59,36.54,37.24,26118500
2020-05-18 20:00:00-04:00,37.27,37.54,36.64,36.88,17839900
2020-05-19 20:00:00-04:00,37.43,38.23,37.28,38.00,22295900
2020-05-20 20:00:00-04:00,38.16,38.17,37.29,37.41,13193500
2020-05-21 20:00:00-04:00,37.45,37.52,36.97,37.29,13008400
2020-05-25 20:00:00-04:00,38.85,38.86,38.03,38.17,22223100
2020-05-26 20:00:00-04:00,38.92,39.00,38.23,38.70,18447600
2020-05-27 20:00:00-04:00,39.17,39.30,38.77,39.00,16230600
2020-05-28 20:00:00-04:00,38.66,39.08,38.21,38.66,51125000
2020-05-31 20:00:00-04:00,38.64,39.11,38.58,38.91,17010700
2020-06-01 20:00:00-04:00,39.05,39.15,38.56,38.84,15255100
2020-06-02 20:00:00-04:00,39.14,39.85,39.02,39.67,15508300
2020-06-03 20:00:00-04:00,39.70,39.97,39.24,39.68,13604700
2020-06-04 20:00:00-04:00,40.20,40.98,40.13,40.65,20504800
2020-06-07 20:00:00-04:00,41.02,41.38,40.97,41.28,19896700
2020-06-08 20:00:00-04:00,41.07,41.07,40.31,40.58,16713700
2020-06-09 20:00:00-04:00,40.71,40.80,40.22,40.26,15716600
2020-06-10 20:00:00-04:00,39.59,39.68,37.65,37.71,26070400
2020-06-11 20:00:00-04:00,38.61,38.65,37.61,38.10,21822700
2020-06-14 20:00:00-04:00,37.24,38.81,37.16,38.69,15622300
2020-06-15 20:00:00-04:00,39.74,39.85,38.60,39.08,18803500
2020-06-16 20:00:00-04:00,39.09,39.32,38.81,38.92,12602800
2020-06-17 20:00:00-04:00,38.69,39.31,38.50,39.27,9380800
2020-06-18 20:00:00-04:00,39.92,39.93,38.46,38.46,30464600
2020-06-21 20:00:00-04:00,38.46,38.56,37.92,38.22,20876200
2020-06-22 20:00:00-04:00,38.44,38.68,38.09,38.14,14675300
2020-06-23 20:00:00-04:00,37.91,37.97,37.19,37.31,17631800
2020-06-24 20:00:00-04:00,37.16,37.59,36.79,37.54,13829700
2020-06-25 20:00:00-04:00,37.54,37.61,36.36,36.41,21955100
2020-06-28 20:00:00-04:00,36.77,37.24,36.39,37.07,17603900
2020-06-29 20:00:00-04:00,36.98,37.46,36.80,37.34,23679800
2020-06-30 20:00:00-04:00,37.54,38.05,37.36,37.45,14316500
2020-07-01 20:00:00-04:00,37.85,37.96,37.44,37.50,15111900
2020-07-05 20:00:00-04:00,37.72,37.83,37.28,37.80,15146000
2020-07-06 20:00:00-04:00,37.60,38.02,37.44,37.78,13043600
2020-07-07 20:00:00-04:00,37.72,37.75,37.16,37.66,13851200
2020-07-08 20:00:00-04:00,37.64,37.64,36.63,36.69,16087100
2020-07-09 20:00:00-04:00,36.67,37.81,36.65,37.73,15627800
2020-07-12 20:00:00-04:00,38.05,38.17,37.57,37.81,16705300
2020-07-13 20:00:00-04:00,37.53,38.39,37.33,38.33,17080100
2020-07-14 20:00:00-04:00,38.69,39.43,38.61,38.77,23738000
2020-07-15 20:00:00-04:00,38.66,39.02,38.39,38.56,13306100
2020-07-16 20:00:00-04:00,38.83,39.20,38.55,39.12,13899800
2020-07-19 20:00:00-04:00,39.04,39.13,38.31,38.54,16633200
2020-07-20 20:00:00-04:00,39.71,40.10,39.22,39.44,25681500
2020-07-21 20:00:00-04:00,40.05,40.54,39.30,40.51,29831200
2020-07-22 20:00:00-04:00,40.50,40.59,40.13,40.34,15935000
2020-07-23 20:00:00-04:00,40.44,40.78,40.17,40.52,16196800
2020-07-26 20:00:00-04:00,40.26,40.54,40.26,40.51,17346500
2020-07-27 20:00:00-04:00,40.39,41.18,40.19,40.26,13872700
2020-07-28 20:00:00-04:00,40.23,40.53,39.96,40.13,13758100
2020-07-29 20:00:00-04:00,39.83,40.30,39.44,39.85,17276500
2020-07-30 20:00:00-04:00,39.64,39.92,39.05,39.47,14849200
2020-08-02 20:00:00-04:00,39.39,39.58,38.63,38.69,14137500
2020-08-03 20:00:00-04:00,38.68,39.16,38.62,39.02,11717200
2020-08-04 20:00:00-04:00,39.19,39.50,39.12,39.46,10498700
2020-08-05 20:00:00-04:00,38.99,39.72,38.94,39.68,10745000
2020-08-06 20:00:00-04:00,39.67,40.18,39.45,39.94,11669700
2020-08-09 20:00:00-04:00,40.16,40.34,39.83,39.88,11888000
2020-08-10 20:00:00-04:00,40.49,40.65,39.86,40.05,16531600
2020-08-11 20:00:00-04:00,40.36,40.69,40.21,40.47,9562200
2020-08-12 20:00:00-04:00,40.33,40.72,40.16,40.43,9882900
2020-08-13 20:00:00-04:00,40.39,40.69,40.13,40.49,10075800
2020-08-16 20:00:00-04:00,40.38,40.74,40.28,40.29,9102400
2020-08-17 20:00:00-04:00,40.28,40.53,40.08,40.46,9829000
2020-08-18 20:00:00-04:00,40.21,40.43,39.46,39.58,17371000
2020-08-19 20:00:00-04:00,39.50,39.78,39.35,39.57,11308700
2020-08-20 20:00:00-04:00,39.56,39.69,39.25,39.51,14734100
2020-08-23 20:00:00-04:00,39.63,40.09,39.42,40.08,9257700
2020-08-24 20:00:00-04:00,40.11,40.15,39.82,40.03,7827800
2020-08-25 20:00:00-04:00,39.91,40.26,39.67,40.24,10124200
2020-08-26 20:00:00-04:00,40.32,40.80,40.28,40.30,10931600
2020-08-27 20:00:00-04:00,40.74,41.66,40.55,41.64,16420300
2020-08-30 20:00:00-04:00,41.61,41.84,41.24,41.39,18510800
2020-08-31 20:00:00-04:00,41.20,41.24,40.80,41.05,12588400
2020-09-01 20:00:00-04:00,41.25,42.92,41.25,42.78,26332600
2020-09-02 20:00:00-04:00,42.95,43.57,41.86,42.18,22289400
2020-09-03 20:00:00-04:00,42.57,43.01,42.02,42.65,21019500
2020-09-07 20:00:00-04:00,42.56,42.65,41.25,41.62,17776700
2020-09-08 20:00:00-04:00,41.45,42.42,41.41,41.94,15252300
2020-09-09 20:00:00-04:00,42.07,42.35,41.74,41.78,15439500
2020-09-10 20:00:00-04:00,42.12,42.78,41.86,42.67,18272300
2020-09-13 20:00:00-04:00,42.94,43.16,42.60,42.72,10911700
2020-09-14 20:00:00-04:00,42.96,43.28,42.83,43.00,12838400
2020-09-15 20:00:00-04:00,42.92,43.34,42.74,42.78,15353900
2020-09-16 20:00:00-04:00,42.30,42.65,42.07,42.58,13287100
2020-09-17 20:00:00-04:00,42.75,43.10,42.30,42.50,23816600
2020-09-20 20:00:00-04:00,41.91,42.14,40.95,41.35,17514800
2020-09-21 20:00:00-04:00,41.37,42.15,41.34,41.83,13034600
2020-09-22 20:00:00-04:00,41.89,42.05,40.58,40.61,17121200
2020-09-23 20:00:00-04:00,40.61,41.36,40.06,41.02,16788100
2020-09-24 20:00:00-04:00,40.60,41.07,40.42,41.04,12603400
2020-09-27 20:00:00-04:00,41.54,41.88,41.39,41.51,11215700
2020-09-28 20:00:00-04:00,41.61,41.75,41.20,41.21,12426600
2020-09-29 20:00:00-04:00,41.50,41.80,41.18,41.59,15755900
2020-09-30 20:00:00-04:00,41.65,41.83,40.93,41.43,17577300
2020-10-01 20:00:00-04:00,41.07,41.77,40.90,41.58,13610100
2020-10-04 20:00:00-04:00,41.64,41.74,41.38,41.60,10628700
2020-10-05 20:00:00-04:00,41.74,41.89,41.13,41.23,10077400
2020-10-06 20:00:00-04:00,41.29,41.92,41.23,41.75,10135600
2020-10-07 20:00:00-04:00,41.88,42.57,41.73,42.51,12143900
2020-10-08 20:00:00-04:00,42.68,43.16,42.62,42.80,11407800
2020-10-11 20:00:00-04:00,42.83,43.41,42.82,43.04,11386500
2020-10-12 20:00:00-04:00,42.95,42.95,42.04,42.30,14365300
2020-10-13 20:00:00-04:00,42.16,42.53,41.82,42.22,10582100
2020-10-14 20:00:00-04:00,41.61,42.23,41.53,42.11,9961700
2020-10-15 20:00:00-04:00,42.11,42.41,42.01,42.14,13569800
2020-10-18 20:00:00-04:00,42.14,42.52,41.66,41.80,9930400
2020-10-19 20:00:00-04:00,42.03,42.64,41.94,42.33,10970700
2020-10-20 20:00:00-04:00,42.09,42.48,41.93,42.11,12517400
2020-10-21 20:00:00-04:00,43.10,43.13,42.44,42.69,20189200
2020-10-22 20:00:00-04:00,42.96,43.11,42.52,42.56,13491300
2020-10-25 20:00:00-04:00,42.41,42.55,41.45,41.95,14696400
2020-10-26 20:00:00-04:00,41.96,42.36,41.74,42.04,13892100
2020-10-27 20:00:00-04:00,41.28,41.40,40.25,40.40,19886200
2020-10-28 20:00:00-04:00,40.21,40.84,39.84,40.45,15369900
2020-10-29 20:00:00-04:00,40.27,40.54,39.90,40.49,15804000
2020-11-01 19:00:00-05:00,41.07,41.23,40.64,40.96,15156100
2020-11-02 19:00:00-05:00,41.46,42.09,41.28,41.57,15285100
2020-11-03 19:00:00-05:00,41.64,42.30,41.34,41.42,12930800
2020-11-04 19:00:00-05:00,41.92,42.30,41.56,41.65,12452400
2020-11-05 19:00:00-05:00,41.82,42.11,41.49,41.66,9294900
2020-11-08 19:00:00-05:00,44.23,44.87,43.86,44.28,33442000
2020-11-09 19:00:00-05:00,44.28,45.72,44.18,45.47,29706700
2020-11-10 19:00:00-05:00,45.43,45.74,44.92,45.14,17399900
2020-11-11 19:00:00-05:00,44.69,44.82,44.32,44.65,15024400
2020-11-12 19:00:00-05:00,44.86,45.07,44.55,45.03,12447900
2020-11-15 19:00:00-05:00,45.91,46.01,44.88,45.36,14908200
2020-11-16 19:00:00-05:00,45.20,45.28,44.67,45.22,14248400
2020-11-17 19:00:00-05:00,45.28,45.51,44.28,44.32,15278200
2020-11-18 19:00:00-05:00,44.22,44.84,43.76,44.76,17189500
2020-11-19 19:00:00-05:00,44.81,44.86,44.30,44.37,15645600
2020-11-22 19:00:00-05:00,44.60,44.79,43.97,44.38,13191900
2020-11-23 19:00:00-05:00,44.76,45.14,44.66,44.83,13827600
2020-11-24 19:00:00-05:00,44.71,44.88,44.47,44.59,10194800
2020-11-26 19:00:00-05:00,44.74,44.81,44.32,44.39,8499300
2020-11-29 19:00:00-05:00,44.22,44.31,43.37,43.81,43203600
2020-11-30 19:00:00-05:00,44.27,44.43,43.97,44.18,18968800
2020-12-01 19:00:00-05:00,44.06,44.26,43.84,44.24,14913100
2020-12-02 19:00:00-05:00,44.06,44.95,44.06,44.81,17318900
2020-12-03 19:00:00-05:00,44.81,45.74,44.79,45.72,18122400
2020-12-06 19:00:00-05:00,45.64,45.66,44.74,44.99,16210900
2020-12-07 19:00:00-05:00,44.95,45.40,44.82,45.15,12485800
2020-12-08 19:00:00-05:00,45.31,45.51,45.00,45.28,11508400
2020-12-09 19:00:00-05:00,45.34,45.43,44.98,45.04,12097300
2020-12-10 19:00:00-05:00,44.83,45.45,44.81,45.29,10638100
2020-12-13 19:00:00-05:00,45.55,45.71,45.15,45.23,22292000
2020-12-14 19:00:00-05:00,45.67,46.03,45.51,45.71,16193700
2020-12-15 19:00:00-05:00,45.51,45.68,44.95,45.05,15679600
2020-12-16 19:00:00-05:00,45.25,45.60,45.12,45.23,12677300
2020-12-17 19:00:00-05:00,45.06,45.71,44.67,45.62,35480100
2020-12-20 19:00:00-05:00,44.72,45.00,44.13,44.84,14926600
2020-12-21 19:00:00-05:00,44.84,45.15,44.48,44.79,9689500
2020-12-22 19:00:00-05:00,44.95,45.33,44.95,45.06,7040300
2020-12-23 19:00:00-05:00,45.01,45.46,45.01,45.37,3265500
2020-12-27 19:00:00-05:00,45.72,46.22,45.62,45.98,9020500
2020-12-28 19:00:00-05:00,46.23,46.26,45.86,45.96,8320600
2020-12-29 19:00:00-05:00,45.89,46.38,45.87,46.22,8142700
2020-12-30 19:00:00-05:00,46.23,46.64,46.07,46.56,8495000
2021-01-03 19:00:00-05:00,46.07,46.38,44.17,44.79,25611100
2021-01-04 19:00:00-05:00,44.43,44.67,44.17,44.30,20323800
2021-01-05 19:00:00-05:00,44.12,44.16,42.61,42.89,38724500
2021-01-06 19:00:00-05:00,42.53,42.67,42.04,42.42,53225700
2021-01-07 19:00:00-05:00,42.48,43.41,42.31,43.37,29674000
2021-01-10 19:00:00-05:00,42.98,43.18,42.41,42.62,19304400
2021-01-11 19:00:00-05:00,42.48,42.76,42.25,42.54,18538700
2021-01-12 19:00:00-05:00,42.43,42.76,42.41,42.59,18864100
2021-01-13 19:00:00-05:00,42.59,42.60,41.79,41.80,34303600
2021-01-14 19:00:00-05:00,41.74,41.75,41.20,41.35,24366800
2021-01-18 19:00:00-05:00,41.38,41.63,40.96,41.18,29114500
2021-01-19 19:00:00-05:00,41.21,41.45,41.01,41.33,23115800
2021-01-20 19:00:00-05:00,41.41,41.68,41.14,41.56,19702500
2021-01-21 19:00:00-05:00,41.44,41.55,41.17,41.17,15400300
2021-01-24 19:00:00-05:00,41.11,41.46,40.96,41.41,16604200
2021-01-25 19:00:00-05:00,41.52,41.94,41.27,41.85,12922600
2021-01-26 19:00:00-05:00,41.51,41.87,40.95,41.20,21242400
2021-01-27 19:00:00-05:00,41.34,42.03,41.27,41.73,17498900
2021-01-28 19:00:00-05:00,41.63,41.70,40.84,40.88,18670300
2021-01-31 19:00:00-05:00,40.98,41.34,40.90,41.16,12183600
2021-02-01 19:00:00-05:00,41.43,41.90,41.29,41.57,13319800
2021-02-02 19:00:00-05:00,41.56,41.68,41.32,41.41,12274100
2021-02-03 19:00:00-05:00,41.57,41.66,41.30,41.61,20597400
2021-02-04 19:00:00-05:00,42.03,42.26,41.83,42.15,12742000
2021-02-07 19:00:00-05:00,42.42,42.59,42.02,42.38,17833200
2021-02-08 19:00:00-05:00,42.32,42.47,42.14,42.19,14592900
2021-02-09 19:00:00-05:00,42.80,42.94,42.05,42.11,22965400
2021-02-10 19:00:00-05:00,42.29,42.95,42.28,42.70,21928600
2021-02-11 19:00:00-05:00,42.93,43.17,42.78,43.04,13137100
2021-02-15 19:00:00-05:00,42.98,43.06,42.59,42.68,15093400
2021-02-16 19:00:00-05:00,42.45,42.87,42.36,42.56,12794300
2021-02-17 19:00:00-05:00,42.59,43.17,42.48,43.10,12747100
2021-02-18 19:00:00-05:00,43.12,43.15,42.42,42.54,15968800
2021-02-21 19:00:00-05:00,42.32,43.20,42.17,42.98,14370900
2021-02-22 19:00:00-05:00,43.30,43.73,42.81,42.91,16222300
2021-02-23 19:00:00-05:00,42.78,43.21,42.56,43.05,14442000
2021-02-24 19:00:00-05:00,42.85,43.09,42.43,42.59,14211100
2021-02-25 19:00:00-05:00,42.62,42.63,41.58,41.59,23638400
2021-02-28 19:00:00-05:00,41.97,42.82,41.94,42.36,13901200
2021-03-01 19:00:00-05:00,42.31,42.93,42.19,42.53,11755100
2021-03-02 19:00:00-05:00,42.21,42.92,42.20,42.43,15410700
2021-03-03 19:00:00-05:00,42.71,43.37,42.13,42.40,22036400
2021-03-04 19:00:00-05:00,42.49,43.26,42.36,43.12,21310800
2021-03-07 19:00:00-05:00,43.70,44.56,43.43,43.84,25084900
2021-03-08 19:00:00-05:00,43.91,44.05,43.15,43.18,23082700
2021-03-09 19:00:00-05:00,43.45,43.83,43.06,43.67,21331600
2021-03-10 19:00:00-05:00,43.65,43.66,43.14,43.20,17417700
2021-03-11 19:00:00-05:00,43.31,43.39,42.97,43.11,17598600
2021-03-14 20:00:00-04:00,43.23,43.76,43.21,43.68,13411900
2021-03-15 20:00:00-04:00,43.83,44.10,43.69,43.85,14214200
2021-03-16 20:00:00-04:00,43.87,44.19,43.79,43.86,17502700
2021-03-17 20:00:00-04:00,43.71,43.82,43.22,43.29,18007300
2021-03-18 20:00:00-04:00,43.20,43.73,42.95,43.50,67845700
2021-03-21 20:00:00-04:00,43.08,43.73,43.08,43.66,17911400
2021-03-22 20:00:00-04:00,43.65,44.22,43.51,43.99,16936700
2021-03-23 20:00:00-04:00,43.80,44.42,43.79,44.10,14997400
2021-03-24 20:00:00-04:00,44.26,44.57,43.80,44.53,17091900
2021-03-25 20:00:00-04:00,44.63,45.47,44.31,45.41,17126700
2021-03-28 20:00:00-04:00,45.14,46.18,45.12,46.10,17514100
2021-03-29 20:00:00-04:00,46.01,46.05,45.31,45.50,14871800
2021-03-30 20:00:00-04:00,45.40,45.52,44.94,45.12,15826500
2021-03-31 20:00:00-04:00,45.34,45.50,44.91,44.95,15834700
2021-04-04 20:00:00-04:00,44.81,45.56,44.76,45.21,16368700
2021-04-05 20:00:00-04:00,45.41,45.93,45.29,45.53,15614300
2021-04-06 20:00:00-04:00,45.61,45.80,45.47,45.61,10062700
2021-04-07 20:00:00-04:00,45.52,45.70,45.35,45.47,9695600
2021-04-08 20:00:00-04:00,45.52,45.61,45.21,45.53,10828200
2021-04-11 20:00:00-04:00,45.65,45.84,45.46,45.67,8565300
2021-04-12 20:00:00-04:00,45.41,45.62,45.21,45.45,11071700
2021-04-13 20:00:00-04:00,45.35,45.53,45.07,45.44,9787600
2021-04-14 20:00:00-04:00,45.48,45.94,45.47,45.65,13078100
2021-04-15 20:00:00-04:00,46.00,46.06,45.70,45.95,17974100
2021-04-18 20:00:00-04:00,46.23,46.54,45.63,46.23,19352900
2021-04-19 20:00:00-04:00,46.09,46.73,46.06,46.37,14419200
2021-04-20 20:00:00-04:00,46.43,46.86,46.43,46.75,13866500
2021-04-21 20:00:00-04:00,46.63,46.97,46.50,46.60,12558900
2021-04-22 20:00:00-04:00,46.57,46.73,46.37,46.63,9020500
2021-04-25 20:00:00-04:00,46.63,46.66,45.87,45.94,11684600
2021-04-26 20:00:00-04:00,45.85,45.97,45.65,45.87,9852400
2021-04-27 20:00:00-04:00,46.21,46.27,45.75,45.88,10868100
2021-04-28 20:00:00-04:00,45.83,46.54,45.74,46.45,15391000
2021-04-29 20:00:00-04:00,46.44,46.46,45.96,46.21,14912600
2021-05-02 20:00:00-04:00,46.46,46.91,46.36,46.64,10417900
2021-05-03 20:00:00-04:00,46.72,46.76,46.18,46.35,14151000
2021-05-04 20:00:00-04:00,46.35,46.43,45.98,46.23,9665900
2021-05-05 20:00:00-04:00,46.33,46.75,46.27,46.69,11572700
2021-05-06 20:00:00-04:00,46.60,46.89,46.36,46.66,10637500
2021-05-09 20:00:00-04:00,46.98,47.51,46.94,47.01,15545800
2021-05-10 20:00:00-04:00,47.11,47.20,46.27,46.50,12986700
2021-05-11 20:00:00-04:00,46.54,46.71,46.12,46.26,15836500
2021-05-12 20:00:00-04:00,46.20,46.89,46.08,46.66,15475800
2021-05-13 20:00:00-04:00,47.00,47.17,46.82,46.85,11725300
2021-05-16 20:00:00-04:00,46.95,47.10,46.66,46.77,12119800
2021-05-17 20:00:00-04:00,46.56,46.71,46.31,46.52,13232500
2021-05-18 20:00:00-04:00,46.33,46.38,45.89,46.37,15126100
2021-05-19 20:00:00-04:00,46.33,46.91,46.33,46.78,10948400
2021-05-20 20:00:00-04:00,46.91,47.19,46.42,46.76,16033200
2021-05-23 20:00:00-04:00,46.77,47.02,46.65,46.91,10326100
2021-05-24 20:00:00-04:00,46.93,46.93,46.53,46.90,11916500
2021-05-25 20:00:00-04:00,47.07,47.13,46.73,47.11,16064300
2021-05-26 20:00:00-04:00,47.26,47.57,46.89,47.50,59109600
2021-05-27 20:00:00-04:00,47.38,47.69,47.25,47.33,17011600
2021-05-31 20:00:00-04:00,47.37,47.64,47.17,47.32,13304000
2021-06-01 20:00:00-04:00,47.51,47.56,47.31,47.51,11328500
2021-06-02 20:00:00-04:00,47.24,47.72,47.17,47.63,17364300
2021-06-03 20:00:00-04:00,47.85,48.35,47.75,48.14,18935100
2021-06-06 20:00:00-04:00,48.20,48.23,47.78,47.97,14010800
2021-06-07 20:00:00-04:00,48.15,48.15,47.55,47.64,10968300
2021-06-08 20:00:00-04:00,47.73,47.87,47.49,47.49,9838800
2021-06-09 20:00:00-04:00,47.86,48.04,47.73,47.86,12444400
2021-06-10 20:00:00-04:00,47.93,48.12,47.65,48.08,11825800
2021-06-13 20:00:00-04:00,48.03,48.05,47.61,47.91,9710800
2021-06-14 20:00:00-04:00,48.11,48.12,47.60,47.79,11154200
2021-06-15 20:00:00-04:00,47.82,47.83,47.13,47.15,15211700
2021-06-16 20:00:00-04:00,47.15,47.57,47.14,47.39,10658400
2021-06-17 20:00:00-04:00,47.02,47.11,46.33,46.38,31445600
2021-06-20 20:00:00-04:00,46.77,46.95,46.58,46.89,14404300
2021-06-21 20:00:00-04:00,46.87,47.31,46.80,47.06,13072800
2021-06-22 20:00:00-04:00,47.06,47.09,46.67,46.68,12339200
2021-06-23 20:00:00-04:00,46.80,46.94,46.58,46.91,11488400
2021-06-24 20:00:00-04:00,46.78,46.98,46.58,46.85,18880300
2021-06-27 20:00:00-04:00,46.79,46.89,46.58,46.80,10556900
2021-06-28 20:00:00-04:00,46.69,46.87,46.33,46.45,12300900
2021-06-29 20:00:00-04:00,46.40,46.73,46.36,46.67,14614200
2021-06-30 20:00:00-04:00,46.87,46.99,46.45,46.54,13214700
2021-07-01 20:00:00-04:00,46.58,46.96,46.58,46.73,10604600
2021-07-05 20:00:00-04:00,46.57,46.65,46.19,46.47,15278200
2021-07-06 20:00:00-04:00,46.33,46.90,46.33,46.85,14377700
2021-07-07 20:00:00-04:00,46.58,46.72,46.35,46.69,11943900
2021-07-08 20:00:00-04:00,46.79,47.02,46.73,46.97,10847000
2021-07-11 20:00:00-04:00,46.85,47.09,46.81,46.99,15107600
2021-07-12 20:00:00-04:00,47.39,47.70,47.22,47.46,15170800
2021-07-13 20:00:00-04:00,47.46,48.60,47.40,48.52,22002700
2021-07-14 20:00:00-04:00,48.51,48.71,48.22,48.68,15068200
2021-07-15 20:00:00-04:00,48.70,48.89,48.52,48.65,14860500
2021-07-18 20:00:00-04:00,48.37,48.60,47.58,48.07,19527000
2021-07-19 20:00:00-04:00,48.07,48.59,47.89,48.15,16257900
2021-07-20 20:00:00-04:00,49.45,49.65,48.67,48.77,20918200
2021-07-21 20:00:00-04:00,48.84,48.94,48.34,48.71,13402700
2021-07-22 20:00:00-04:00,48.81,49.45,48.69,49.17,12144000
2021-07-25 20:00:00-04:00,49.07,49.27,48.78,49.21,8681100
2021-07-26 20:00:00-04:00,49.26,49.63,49.09,49.39,12794400
2021-07-27 20:00:00-04:00,49.15,49.30,48.84,48.94,9858000
2021-07-28 20:00:00-04:00,49.22,49.38,49.04,49.21,9599100
2021-07-29 20:00:00-04:00,49.29,49.38,49.08,49.19,11727000
2021-08-01 20:00:00-04:00,49.34,49.37,48.91,49.06,9778000
2021-08-02 20:00:00-04:00,49.16,49.16,48.95,49.09,8825500
2021-08-03 20:00:00-04:00,48.95,49.12,48.31,48.39,11888400
2021-08-04 20:00:00-04:00,48.68,48.81,48.55,48.73,9806800
2021-08-05 20:00:00-04:00,48.82,48.94,48.68,48.85,10409300
2021-08-08 20:00:00-04:00,48.99,49.06,48.67,48.86,8859900
2021-08-09 20:00:00-04:00,49.02,49.31,48.87,48.99,10906900
2021-08-10 20:00:00-04:00,49.07,49.32,48.91,48.93,8370700
2021-08-11 20:00:00-04:00,48.93,49.15,48.93,49.02,6169200
2021-08-12 20:00:00-04:00,49.00,49.42,48.96,49.36,7714200
2021-08-15 20:00:00-04:00,49.34,49.59,49.19,49.58,7972000
2021-08-16 20:00:00-04:00,49.56,49.65,49.17,49.40,10346400
2021-08-17 20:00:00-04:00,49.33,49.36,48.66,48.73,13873700
2021-08-18 20:00:00-04:00,48.35,49.15,48.26,49.04,9223700
2021-08-19 20:00:00-04:00,49.02,49.19,48.80,48.85,10543600
2021-08-22 20:00:00-04:00,48.88,48.95,48.63,48.68,8912800
2021-08-23 20:00:00-04:00,48.85,48.85,48.21,48.31,12067200
2021-08-24 20:00:00-04:00,48.35,48.45,48.07,48.36,11270700
2021-08-25 20:00:00-04:00,48.26,48.28,47.88,47.90,10331500
2021-08-26 20:00:00-04:00,48.01,48.12,47.83,48.00,8844100
2021-08-29 20:00:00-04:00,48.03,48.47,47.99,48.46,10034700
2021-08-30 20:00:00-04:00,48.44,48.75,48.30,48.57,14185700
2021-08-31 20:00:00-04:00,48.63,48.99,48.54,48.90,9518900
2021-09-01 20:00:00-04:00,48.96,49.19,48.65,48.96,11653200
2021-09-02 20:00:00-04:00,48.70,48.96,48.52,48.93,13220400
2021-09-06 20:00:00-04:00,48.82,48.90,47.88,48.02,20035300
2021-09-07 20:00:00-04:00,47.96,48.71,47.96,48.66,12040100
2021-09-08 20:00:00-04:00,48.46,48.66,48.13,48.18,12545400
2021-09-09 20:00:00-04:00,48.31,48.41,47.89,47.96,10573700
2021-09-12 20:00:00-04:00,48.08,48.65,48.08,48.36,20274300
2021-09-13 20:00:00-04:00,48.60,48.65,48.27,48.40,13918900
2021-09-14 20:00:00-04:00,48.39,48.66,48.16,48.56,15746000
2021-09-15 20:00:00-04:00,48.42,48.66,47.64,48.10,17430400
2021-09-16 20:00:00-04:00,47.81,47.96,47.25,47.31,33370200
2021-09-19 20:00:00-04:00,47.02,47.27,46.69,46.98,27542500
2021-09-20 20:00:00-04:00,47.27,47.64,46.87,46.97,16418200
2021-09-21 20:00:00-04:00,47.37,47.41,46.98,47.04,12719700
2021-09-22 20:00:00-04:00,47.15,47.47,46.93,46.96,13836200
2021-09-23 20:00:00-04:00,46.93,47.14,46.81,46.83,9682200
2021-09-26 20:00:00-04:00,46.80,47.14,46.55,46.59,12429500
2021-09-27 20:00:00-04:00,46.46,46.46,45.56,45.75,19926100
2021-09-28 20:00:00-04:00,45.75,46.20,45.68,46.02,13941500
2021-09-29 20:00:00-04:00,46.21,46.34,45.56,45.60,17672000
2021-09-30 20:00:00-04:00,45.87,46.23,45.68,46.08,16277400
2021-10-03 20:00:00-04:00,46.11,46.52,45.54,46.05,18973400
2021-10-04 20:00:00-04:00,46.08,46.47,46.00,46.13,17173100
2021-10-05 20:00:00-04:00,45.86,46.73,45.63,46.67,21284500
2021-10-06 20:00:00-04:00,46.92,47.17,46.76,46.82,13774400
2021-10-07 20:00:00-04:00,46.93,47.27,46.84,47.03,13786800
2021-10-10 20:00:00-04:00,47.11,47.27,46.94,47.13,12378500
2021-10-11 20:00:00-04:00,47.29,47.65,47.12,47.13,19474400
2021-10-12 20:00:00-04:00,47.07,47.30,46.74,47.14,12143300
2021-10-13 20:00:00-04:00,47.27,47.63,47.20,47.46,13704000
2021-10-14 20:00:00-04:00,47.48,47.69,47.18,47.34,17867000
2021-10-17 20:00:00-04:00,47.23,47.27,46.81,46.87,15861800
2021-10-18 20:00:00-04:00,46.96,47.10,46.73,47.06,11068500
2021-10-19 20:00:00-04:00,47.08,47.59,47.02,47.47,12474800
2021-10-20 20:00:00-04:00,47.45,47.51,47.11,47.23,14388300
2021-10-21 20:00:00-04:00,47.27,47.39,46.99,47.32,12828600
2021-10-24 20:00:00-04:00,47.26,47.34,46.94,47.13,11855000
2021-10-25 20:00:00-04:00,47.21,47.43,47.13,47.34,12086700
2021-10-26 20:00:00-04:00,48.64,48.73,48.03,48.25,24019800
2021-10-27 20:00:00-04:00,48.45,48.76,48.33,48.70,15928000
2021-10-28 20:00:00-04:00,48.55,49.07,48.47,48.99,24463700
2021-10-31 20:00:00-04:00,49.00,49.01,48.58,48.81,11651100
2021-11-01 20:00:00-04:00,49.07,49.10,48.64,48.75,11498900
2021-11-02 20:00:00-04:00,48.66,48.95,48.47,48.92,10788300
2021-11-03 20:00:00-04:00,48.76,49.21,48.69,49.19,10820200
2021-11-04 20:00:00-04:00,49.39,49.67,49.18,49.39,12886700
2021-11-07 19:00:00-05:00,49.32,49.44,48.78,48.95,12828000
2021-11-08 19:00:00-05:00,49.02,49.12,48.74,49.09,10155800
2021-11-09 19:00:00-05:00,49.13,49.46,48.92,49.29,8813600
2021-11-10 19:00:00-05:00,49.39,49.43,49.16,49.31,7257700
2021-11-11 19:00:00-05:00,49.32,49.53,49.14,49.20,10162500
2021-11-14 19:00:00-05:00,49.13,49.26,48.90,49.20,10289200
2021-11-15 19:00:00-05:00,49.20,49.48,48.83,48.86,13756500
2021-11-16 19:00:00-05:00,48.70,48.71,48.36,48.59,13288700
2021-11-17 19:00:00-05:00,48.52,48.60,47.92,48.15,15380100
2021-11-18 19:00:00-05:00,48.18,48.22,47.71,47.91,15813700
2021-11-21 19:00:00-05:00,47.88,48.68,47.87,48.20,16905600
2021-11-22 19:00:00-05:00,48.37,48.76,48.23,48.56,13835900
2021-11-23 19:00:00-05:00,48.41,48.53,47.82,48.17,12598900
2021-11-25 19:00:00-05:00,47.44,47.58,46.56,46.69,14754300
2021-11-28 19:00:00-05:00,46.97,47.56,46.87,47.43,22712500
2021-11-29 19:00:00-05:00,46.94,46.97,45.92,45.93,30485200
2021-11-30 19:00:00-05:00,46.40,46.87,45.78,45.80,18719600
2021-12-01 19:00:00-05:00,46.06,46.71,45.99,46.48,17074200
2021-12-02 19:00:00-05:00,46.70,46.95,46.40,46.89,21064400
2021-12-05 19:00:00-05:00,47.56,48.39,47.41,48.09,26624100
2021-12-06 19:00:00-05:00,48.18,48.53,48.04,48.35,23832700
2021-12-07 19:00:00-05:00,48.27,48.47,47.61,48.17,18026300
2021-12-08 19:00:00-05:00,47.95,48.28,47.81,48.04,13846400
2021-12-09 19:00:00-05:00,48.39,49.32,48.23,49.29,23153600
2021-12-12 19:00:00-05:00,49.90,50.73,49.88,50.58,31362800
2021-12-13 19:00:00-05:00,50.27,50.94,50.27,50.62,24806600
2021-12-14 19:00:00-05:00,50.73,51.01,50.49,50.85,24923800
2021-12-15 19:00:00-05:00,50.78,51.56,50.71,51.36,24696900
2021-12-16 19:00:00-05:00,51.22,51.60,50.53,50.56,51874400
2021-12-19 19:00:00-05:00,50.09,50.60,49.92,50.39,20879500
2021-12-20 19:00:00-05:00,50.45,50.77,50.38,50.59,15864900
2021-12-21 19:00:00-05:00,50.54,50.96,50.35,50.95,12447400
2021-12-22 19:00:00-05:00,51.25,51.33,50.74,50.99,11027300
2021-12-26 19:00:00-05:00,50.79,51.40,50.79,51.36,9860000
2021-12-27 19:00:00-05:00,51.14,51.62,51.06,51.56,8979900
2021-12-28 19:00:00-05:00,51.63,51.76,51.37,51.63,9996000
2021-12-29 19:00:00-05:00,51.72,51.87,51.46,51.48,7703900
2021-12-30 19:00:00-05:00,51.45,51.98,51.41,51.85,10021300
2022-01-02 19:00:00-05:00,51.51,51.94,51.13,51.93,20187300
2022-01-03 19:00:00-05:00,52.31,53.02,52.19,52.80,26141600
2022-01-04 19:00:00-05:00,52.62,53.60,52.59,53.24,22507300
2022-01-05 19:00:00-05:00,52.96,53.53,52.93,52.96,17902300
2022-01-06 19:00:00-05:00,52.79,53.18,52.60,52.83,12307900
2022-01-09 19:00:00-05:00,53.03,53.26,52.70,52.92,20954300
2022-01-10 19:00:00-05:00,52.92,52.97,52.41,52.94,19369600
2022-01-11 19:00:00-05:00,53.01,53.15,52.71,53.02,15753800
2022-01-12 19:00:00-05:00,53.02,53.46,52.89,53.33,14318000
2022-01-13 19:00:00-05:00,53.37,53.82,52.86,53.76,19729600
2022-01-17 19:00:00-05:00,53.47,53.59,52.94,53.33,21976700
2022-01-18 19:00:00-05:00,53.12,53.58,53.04,53.42,18654700
2022-01-19 19:00:00-05:00,53.42,53.81,53.18,53.20,23002400
2022-01-20 19:00:00-05:00,53.49,53.68,52.90,52.94,26643200
2022-01-23 19:00:00-05:00,52.46,52.85,51.29,52.51,30185100
2022-01-24 19:00:00-05:00,51.98,52.59,51.40,52.39,19027100
2022-01-25 19:00:00-05:00,52.36,52.85,51.85,52.20,19190200
2022-01-26 19:00:00-05:00,52.44,53.36,52.11,52.24,18893800
2022-01-27 19:00:00-05:00,52.01,53.32,51.62,53.28,19101500
2022-01-30 19:00:00-05:00,52.81,53.54,52.68,53.43,22045300
2022-01-31 19:00:00-05:00,53.34,53.54,52.69,53.04,20841700
2022-02-01 19:00:00-05:00,53.09,53.66,53.04,53.58,20225600
2022-02-02 19:00:00-05:00,53.37,54.10,53.06,53.96,19440500
2022-02-03 19:00:00-05:00,53.85,54.02,53.04,53.39,17403700
2022-02-06 19:00:00-05:00,53.75,54.05,53.30,53.95,17846400
2022-02-07 19:00:00-05:00,54.15,54.59,54.07,54.30,18771700
2022-02-08 19:00:00-05:00,54.45,54.58,53.33,53.46,23595600
2022-02-09 19:00:00-05:00,52.86,54.56,52.72,53.75,23561500
2022-02-10 19:00:00-05:00,54.10,54.28,52.68,52.80,22781400
2022-02-13 19:00:00-05:00,52.69,53.24,51.91,53.14,23641300
2022-02-14 19:00:00-05:00,53.39,54.10,53.10,53.34,13408700
2022-02-15 19:00:00-05:00,53.30,53.77,53.04,53.33,15484700
2022-02-16 19:00:00-05:00,53.03,54.54,52.90,54.40,21468700
2022-02-17 19:00:00-05:00,54.40,55.02,54.29,54.77,21975000
2022-02-21 19:00:00-05:00,54.67,54.86,54.05,54.54,21731400
2022-02-22 19:00:00-05:00,54.51,54.59,53.72,53.94,19248500
2022-02-23 19:00:00-05:00,52.52,53.09,51.86,52.99,27207400
2022-02-24 19:00:00-05:00,53.37,55.09,53.35,55.04,21487800
2022-02-27 19:00:00-05:00,53.99,54.59,53.78,54.51,25879100
2022-02-28 19:00:00-05:00,54.42,54.95,53.87,54.27,15871100
2022-03-01 19:00:00-05:00,54.50,55.07,54.10,54.67,17319100
2022-03-02 19:00:00-05:00,54.83,55.19,54.55,54.71,21262800
2022-03-03 19:00:00-05:00,53.82,54.81,53.60,54.80,17163000
2022-03-06 19:00:00-05:00,54.31,54.36,53.18,53.49,29151400
2022-03-07 19:00:00-05:00,53.82,53.89,51.31,51.37,30242100
2022-03-08 19:00:00-05:00,52.39,52.41,51.37,51.63,23022700
2022-03-09 19:00:00-05:00,51.21,51.37,50.36,50.69,20887300
2022-03-10 19:00:00-05:00,50.76,51.54,50.67,50.72,19855600
2022-03-13 20:00:00-04:00,51.16,52.10,51.16,51.66,17799400
2022-03-14 20:00:00-04:00,52.14,52.85,52.05,52.61,18607200
2022-03-15 20:00:00-04:00,52.75,52.89,51.72,52.47,17347300
2022-03-16 20:00:00-04:00,52.47,53.07,52.27,53.03,15586200
2022-03-17 20:00:00-04:00,53.21,53.21,52.69,53.04,30197800
2022-03-20 20:00:00-04:00,53.39,53.92,53.17,53.46,17440100
2022-03-21 20:00:00-04:00,53.77,53.79,53.00,53.65,17559500
2022-03-22 20:00:00-04:00,53.61,53.81,52.95,53.30,15529200
2022-03-23 20:00:00-04:00,53.51,53.85,53.35,53.81,13151300
2022-03-24 20:00:00-04:00,53.94,54.37,53.87,54.30,12259800
2022-03-27 20:00:00-04:00,54.30,54.66,54.02,54.64,11485200
2022-03-28 20:00:00-04:00,54.90,55.18,54.48,54.85,14720600
2022-03-29 20:00:00-04:00,54.72,54.90,54.32,54.90,13641000
2022-03-30 20:00:00-04:00,54.91,55.28,54.71,54.71,16822900
2022-03-31 20:00:00-04:00,55.00,55.55,54.79,55.48,12644900
2022-04-03 20:00:00-04:00,55.24,55.41,54.47,55.19,11505800
2022-04-04 20:00:00-04:00,55.07,55.81,55.04,55.13,15721200
2022-04-05 20:00:00-04:00,55.39,55.82,54.98,55.68,19267400
2022-04-06 20:00:00-04:00,55.71,56.19,55.34,55.98,13960800
2022-04-07 20:00:00-04:00,56.02,56.51,55.74,56.33,12703500
2022-04-10 20:00:00-04:00,56.40,56.74,56.16,56.31,12720100
2022-04-11 20:00:00-04:00,56.81,57.19,56.38,56.97,18089900
2022-04-12 20:00:00-04:00,56.87,57.25,56.68,57.12,11883000
2022-04-13 20:00:00-04:00,57.32,57.86,57.20,57.38,16388400
2022-04-17 20:00:00-04:00,57.16,57.52,56.64,56.87,11679400
2022-04-18 20:00:00-04:00,56.92,57.58,56.87,57.42,11993800
2022-04-19 20:00:00-04:00,57.75,58.45,57.71,58.21,14827100
2022-04-20 20:00:00-04:00,58.22,59.12,58.00,58.43,15120400
2022-04-21 20:00:00-04:00,58.31,58.54,57.52,57.58,14902200
2022-04-24 20:00:00-04:00,59.12,59.30,57.17,58.19,25082000
2022-04-25 20:00:00-04:00,57.82,58.57,57.40,57.40,21982600
2022-04-26 20:00:00-04:00,57.36,58.49,57.36,57.85,16971000
2022-04-27 20:00:00-04:00,57.06,58.49,56.92,58.41,22010600
2022-04-28 20:00:00-04:00,58.13,58.27,56.91,57.02,20137100
2022-05-01 20:00:00-04:00,57.61,57.63,55.22,55.98,24970300
2022-05-02 20:00:00-04:00,56.23,56.42,55.30,55.67,21686300
2022-05-03 20:00:00-04:00,55.60,57.47,55.54,57.39,19780200
2022-05-04 20:00:00-04:00,57.09,57.39,56.49,56.93,20155200
2022-05-05 20:00:00-04:00,56.65,57.63,56.54,57.13,18984000
2022-05-08 20:00:00-04:00,56.89,57.68,56.51,57.02,20055300
2022-05-09 20:00:00-04:00,56.92,57.64,56.35,56.49,21322200
2022-05-10 20:00:00-04:00,56.77,57.54,56.44,56.75,19648400
2022-05-11 20:00:00-04:00,56.62,56.95,55.78,56.93,22574700
2022-05-12 20:00:00-04:00,57.19,58.07,56.58,58.00,16167000
2022-05-15 20:00:00-04:00,57.75,58.58,57.75,58.21,13223200
2022-05-16 20:00:00-04:00,58.33,58.33,57.37,58.05,21300600
2022-05-17 20:00:00-04:00,57.73,57.82,53.79,54.01,31437300
2022-05-18 20:00:00-04:00,53.79,53.79,52.65,52.95,31493900
2022-05-19 20:00:00-04:00,53.38,54.04,52.65,53.81,29133800
2022-05-22 20:00:00-04:00,54.40,55.68,54.35,55.47,19406900
2022-05-23 20:00:00-04:00,55.49,56.65,55.37,56.50,16154200
2022-05-24 20:00:00-04:00,56.48,56.89,56.12,56.54,15360500
2022-05-25 20:00:00-04:00,56.54,57.45,56.44,56.74,16159800
2022-05-26 20:00:00-04:00,56.71,57.21,56.60,57.08,17709000
2022-05-30 20:00:00-04:00,56.55,56.76,55.64,55.93,43159000
2022-05-31 20:00:00-04:00,55.97,56.20,54.83,55.66,15408300
2022-06-01 20:00:00-04:00,55.75,56.25,54.81,56.24,14586000
2022-06-02 20:00:00-04:00,56.10,56.15,55.43,55.57,13539900
2022-06-05 20:00:00-04:00,55.89,56.27,55.29,55.48,15112800
2022-06-06 20:00:00-04:00,55.05,55.92,54.91,55.82,17886300
2022-06-07 20:00:00-04:00,55.59,55.78,55.21,55.50,10211500
2022-06-08 20:00:00-04:00,55.48,55.90,54.52,54.54,13382200
2022-06-09 20:00:00-04:00,53.84,54.62,53.35,54.19,14967600
2022-06-12 20:00:00-04:00,53.61,54.97,53.54,54.13,23064200
2022-06-13 20:00:00-04:00,53.98,54.12,52.14,52.65,24620000
2022-06-14 20:00:00-04:00,53.33,53.90,52.41,53.04,19684700
2022-06-15 20:00:00-04:00,52.12,52.90,51.77,52.50,15053800
2022-06-16 20:00:00-04:00,53.06,53.45,52.56,52.82,34781900
2022-06-20 20:00:00-04:00,52.88,54.11,52.45,53.95,17705000
2022-06-21 20:00:00-04:00,53.86,54.62,53.61,54.35,15207100
2022-06-22 20:00:00-04:00,54.49,55.03,54.42,55.00,17190900
2022-06-23 20:00:00-04:00,55.21,56.05,55.21,56.03,18147100
2022-06-26 20:00:00-04:00,55.98,56.25,55.67,55.92,12142100
2022-06-27 20:00:00-04:00,56.07,56.67,55.21,55.36,13150100
2022-06-28 20:00:00-04:00,55.59,56.09,55.49,55.76,11795500
2022-06-29 20:00:00-04:00,55.39,56.09,55.25,55.92,15514200
2022-06-30 20:00:00-04:00,56.10,57.29,55.84,57.22,15143200
2022-07-04 20:00:00-04:00,57.05,57.05,55.48,56.25,15921200
2022-07-05 20:00:00-04:00,56.53,56.97,56.17,56.36,13450500
2022-07-06 20:00:00-04:00,56.23,56.51,55.73,55.92,14828400
2022-07-07 20:00:00-04:00,56.02,56.37,55.89,56.12,11311500
2022-07-10 20:00:00-04:00,55.99,56.41,55.63,55.94,12702100
2022-07-11 20:00:00-04:00,56.00,56.40,55.53,55.70,14731100
2022-07-12 20:00:00-04:00,55.40,56.00,55.09,55.45,13145300
2022-07-13 20:00:00-04:00,54.51,55.33,54.49,55.27,14433000
2022-07-14 20:00:00-04:00,55.77,55.97,55.17,55.55,21968400
2022-07-17 20:00:00-04:00,55.57,55.61,54.67,54.80,10780800
2022-07-18 20:00:00-04:00,55.19,55.69,55.05,55.58,10998200
2022-07-19 20:00:00-04:00,55.46,55.62,54.35,54.66,11010500
2022-07-20 20:00:00-04:00,54.45,55.00,54.03,54.54,11959600
2022-07-21 20:00:00-04:00,54.56,54.99,54.50,54.74,11644700
2022-07-24 20:00:00-04:00,54.71,55.37,54.49,55.28,14941700
2022-07-25 20:00:00-04:00,55.77,56.71,55.58,56.18,20118000
2022-07-26 20:00:00-04:00,55.89,56.17,54.92,56.01,12142900
2022-07-27 20:00:00-04:00,55.93,57.11,55.90,56.94,10837000
2022-07-28 20:00:00-04:00,56.63,57.14,56.56,57.04,13734200
2022-07-31 20:00:00-04:00,56.97,57.81,56.91,57.35,12831500
2022-08-01 20:00:00-04:00,57.41,57.42,56.38,56.57,15241900
2022-08-02 20:00:00-04:00,56.49,56.97,56.27,56.81,11317000
2022-08-03 20:00:00-04:00,56.57,56.65,55.93,56.59,11795600
2022-08-04 20:00:00-04:00,56.56,56.56,55.70,56.33,10445400
2022-08-07 20:00:00-04:00,56.44,56.72,55.77,55.97,9165200
2022-08-08 20:00:00-04:00,56.16,56.27,55.86,56.04,7910900
2022-08-09 20:00:00-04:00,56.56,56.70,56.09,56.57,8857300
2022-08-10 20:00:00-04:00,56.61,56.88,56.07,56.19,8507800
2022-08-11 20:00:00-04:00,56.38,56.67,56.08,56.62,9489300
2022-08-14 20:00:00-04:00,56.57,57.50,56.50,57.33,9863300
2022-08-15 20:00:00-04:00,57.39,57.98,57.18,57.80,9569600
2022-08-16 20:00:00-04:00,57.62,57.97,57.56,57.67,8144000
2022-08-17 20:00:00-04:00,57.74,58.09,57.52,57.97,6532000
2022-08-18 20:00:00-04:00,57.96,58.19,57.74,57.93,8921100
2022-08-21 20:00:00-04:00,57.63,57.70,56.88,57.06,9087900
2022-08-22 20:00:00-04:00,56.73,57.21,56.60,57.13,8443800
2022-08-23 20:00:00-04:00,57.10,57.40,56.93,57.21,6844700
2022-08-24 20:00:00-04:00,57.21,57.52,56.80,57.48,7913900
2022-08-25 20:00:00-04:00,57.53,57.60,55.98,56.09,10089500
2022-08-28 20:00:00-04:00,55.72,56.02,55.47,55.76,9115900
2022-08-29 20:00:00-04:00,55.92,55.92,55.10,55.24,8456800
2022-08-30 20:00:00-04:00,55.45,55.58,54.84,54.85,14633600
2022-08-31 20:00:00-04:00,54.73,55.14,54.48,55.11,14939700
2022-09-01 20:00:00-04:00,55.45,55.79,54.13,54.35,11809800
2022-09-05 20:00:00-04:00,54.48,55.08,54.21,54.38,12181800
2022-09-06 20:00:00-04:00,54.50,55.54,54.50,55.38,13290700
2022-09-07 20:00:00-04:00,55.18,55.37,54.52,55.21,17193500
2022-09-08 20:00:00-04:00,55.26,55.89,54.98,55.39,11855900
2022-09-11 20:00:00-04:00,55.49,55.83,55.35,55.55,13026900
2022-09-12 20:00:00-04:00,55.29,55.30,53.58,53.75,18532800
2022-09-13 20:00:00-04:00,53.90,54.29,53.72,54.03,12881600
2022-09-14 20:00:00-04:00,54.08,54.08,53.15,53.30,11451900
2022-09-15 20:00:00-04:00,53.41,53.54,52.92,53.31,20493500
2022-09-18 20:00:00-04:00,53.17,53.81,53.03,53.71,12596200
2022-09-19 20:00:00-04:00,53.43,53.75,53.11,53.63,11984600
2022-09-20 20:00:00-04:00,53.84,54.35,53.17,53.18,14165300
2022-09-21 20:00:00-04:00,53.32,53.48,53.00,53.06,11657600
2022-09-22 20:00:00-04:00,52.79,52.91,51.93,52.47,14824000
2022-09-25 20:00:00-04:00,52.37,52.44,51.65,51.81,18670100
2022-09-26 20:00:00-04:00,52.00,52.26,50.42,50.48,23829300
2022-09-27 20:00:00-04:00,50.73,51.26,50.06,51.02,21480100
2022-09-28 20:00:00-04:00,51.11,51.29,50.14,50.65,14570700
2022-09-29 20:00:00-04:00,50.92,51.15,50.14,50.16,16124600
2022-10-02 20:00:00-04:00,50.46,50.90,50.19,50.72,16277600
2022-10-03 20:00:00-04:00,50.99,51.76,50.55,50.84,18861400
2022-10-04 20:00:00-04:00,50.59,50.72,49.70,50.35,14324900
2022-10-05 20:00:00-04:00,50.14,50.23,49.13,49.27,17192800
2022-10-06 20:00:00-04:00,49.23,49.32,48.57,48.80,11479800
2022-10-09 20:00:00-04:00,48.88,49.21,48.37,48.70,10239100
2022-10-10 20:00:00-04:00,48.76,49.44,48.56,48.78,14303900
2022-10-11 20:00:00-04:00,49.45,50.17,49.28,49.37,18377400
2022-10-12 20:00:00-04:00,48.78,50.21,48.58,50.02,16220700
2022-10-13 20:00:00-04:00,50.40,50.56,49.19,49.22,15997900
2022-10-16 20:00:00-04:00,49.81,50.33,49.75,49.86,13721400
2022-10-17 20:00:00-04:00,50.42,50.84,50.23,50.53,11823100
2022-10-18 20:00:00-04:00,50.42,50.62,49.90,50.10,10182300
2022-10-19 20:00:00-04:00,49.93,50.07,49.21,49.31,16905100
2022-10-20 20:00:00-04:00,49.24,50.24,49.23,50.10,15034100
2022-10-23 20:00:00-04:00,50.71,51.69,50.65,51.54,17416700
2022-10-24 20:00:00-04:00,52.86,52.92,51.70,52.78,28829900
2022-10-25 20:00:00-04:00,52.83,53.52,52.70,53.17,15831400
2022-10-26 20:00:00-04:00,53.51,53.58,53.16,53.30,16026100
2022-10-27 20:00:00-04:00,53.33,54.53,53.24,54.40,12888900
2022-10-30 20:00:00-04:00,54.18,54.23,53.42,53.58,14016400
2022-10-31 20:00:00-04:00,53.75,53.98,53.15,53.40,10659500
2022-11-01 20:00:00-04:00,53.40,53.92,52.62,52.65,14549200
2022-11-02 20:00:00-04:00,52.03,52.82,52.02,52.63,9194000
2022-11-03 20:00:00-04:00,53.09,53.35,52.43,53.06,9725900
2022-11-06 19:00:00-05:00,53.06,53.51,53.04,53.26,8849700
2022-11-07 19:00:00-05:00,53.50,53.53,52.77,53.36,10081600
2022-11-08 19:00:00-05:00,53.35,53.40,52.60,52.62,10115200
2022-11-09 19:00:00-05:00,53.94,54.65,53.43,54.51,16804800
2022-11-10 19:00:00-05:00,54.95,55.02,53.91,54.90,18972100
2022-11-13 19:00:00-05:00,54.90,55.26,54.35,54.37,16361000
2022-11-14 19:00:00-05:00,54.73,55.02,53.72,54.28,13295800
2022-11-15 19:00:00-05:00,54.43,54.64,53.98,54.18,14199500
2022-11-16 19:00:00-05:00,53.89,54.38,53.84,54.35,11212600
2022-11-17 19:00:00-05:00,54.61,54.95,54.44,54.74,10415600
2022-11-20 19:00:00-05:00,54.98,55.70,54.79,55.58,15399400
2022-11-21 19:00:00-05:00,55.93,55.96,55.55,55.82,12319600
2022-11-22 19:00:00-05:00,55.95,56.22,55.78,56.07,8990400
2022-11-24 19:00:00-05:00,56.16,56.23,55.85,56.13,5165500
2022-11-27 19:00:00-05:00,56.13,56.49,56.01,56.14,12267500
2022-11-28 19:00:00-05:00,55.98,56.02,55.49,55.94,10969600
2022-11-29 19:00:00-05:00,55.91,57.42,55.68,57.35,30433900
2022-11-30 19:00:00-05:00,57.35,57.81,57.19,57.52,12001400
2022-12-01 19:00:00-05:00,57.35,58.18,57.17,58.02,13643500
2022-12-04 19:00:00-05:00,57.17,57.53,57.04,57.23,9185100
2022-12-05 19:00:00-05:00,57.27,57.60,57.01,57.20,10099500
2022-12-06 19:00:00-05:00,57.21,57.45,57.03,57.29,12307600
2022-12-07 19:00:00-05:00,57.35,57.57,57.12,57.54,9946200
2022-12-08 19:00:00-05:00,57.36,57.56,56.89,56.93,13914900
2022-12-11 19:00:00-05:00,57.08,57.72,56.81,57.68,11647900
2022-12-12 19:00:00-05:00,58.24,58.34,57.53,57.70,17521600
2022-12-13 19:00:00-05:00,57.88,58.29,57.32,57.70,12826700
2022-12-14 19:00:00-05:00,57.34,57.61,56.35,56.90,12212300
2022-12-15 19:00:00-05:00,56.58,56.93,56.20,56.58,33631500
2022-12-18 19:00:00-05:00,56.65,57.17,56.33,56.66,10919700
2022-12-19 19:00:00-05:00,56.64,56.94,56.58,56.62,10286500
2022-12-20 19:00:00-05:00,56.87,57.75,56.87,57.53,10411300
2022-12-21 19:00:00-05:00,57.18,57.34,56.49,57.11,9666700
2022-12-22 19:00:00-05:00,57.26,57.59,56.99,57.54,6463300
2022-12-26 19:00:00-05:00,57.64,57.97,57.45,57.90,7320700
2022-12-27 19:00:00-05:00,58.12,58.29,57.25,57.32,7159400
2022-12-28 19:00:00-05:00,57.53,57.84,57.44,57.66,7169300
2022-12-29 19:00:00-05:00,57.63,57.63,56.96,57.35,7650200
2023-01-02 19:00:00-05:00,57.31,57.31,56.07,56.76,12180500
2023-01-03 19:00:00-05:00,56.94,57.10,56.36,56.73,13387900
2023-01-04 19:00:00-05:00,56.44,56.62,55.98,56.08,9814700
2023-01-05 19:00:00-05:00,56.72,57.41,56.43,57.17,9990000
2023-01-08 19:00:00-05:00,57.08,57.45,56.43,56.45,9442600
2023-01-09 19:00:00-05:00,56.44,56.56,55.83,56.02,10134600
2023-01-10 19:00:00-05:00,56.25,56.41,55.37,55.91,10823000
2023-01-11 19:00:00-05:00,56.00,56.07,54.97,55.19,13907300
2023-01-12 19:00:00-05:00,54.73,55.42,54.63,55.39,13986400
2023-01-16 19:00:00-05:00,55.66,56.25,55.51,55.61,18327800
2023-01-17 19:00:00-05:00,55.46,55.53,53.81,53.93,19679400
2023-01-18 19:00:00-05:00,53.86,54.68,53.84,53.85,14894500
2023-01-19 19:00:00-05:00,53.85,54.18,53.56,54.17,14237700
2023-01-22 19:00:00-05:00,54.35,54.61,54.15,54.31,12613400
2023-01-23 19:00:00-05:00,54.17,55.77,53.92,54.60,10103300
2023-01-24 19:00:00-05:00,54.28,54.95,54.00,54.94,11265800
2023-01-25 19:00:00-05:00,54.83,55.09,54.61,54.83,11884800
2023-01-26 19:00:00-05:00,54.86,54.97,54.43,54.54,14087000
2023-01-29 19:00:00-05:00,54.59,55.15,54.51,54.68,15632000
2023-01-30 19:00:00-05:00,54.98,55.31,54.56,55.29,14344400
2023-01-31 19:00:00-05:00,55.13,55.52,54.66,55.30,12535400
2023-02-01 19:00:00-05:00,54.82,55.02,54.02,54.35,16947200
2023-02-02 19:00:00-05:00,54.42,54.48,53.41,53.95,15404400
2023-02-05 19:00:00-05:00,53.91,54.41,53.85,54.25,11330900
2023-02-06 19:00:00-05:00,53.80,54.32,53.69,54.16,14922700
2023-02-07 19:00:00-05:00,54.03,54.03,53.73,53.85,11012000
2023-02-08 19:00:00-05:00,54.24,54.39,53.74,53.76,12515300
2023-02-09 19:00:00-05:00,53.85,54.01,53.09,53.76,14420700
2023-02-12 19:00:00-05:00,54.01,54.79,53.86,54.64,16191800
2023-02-13 19:00:00-05:00,54.29,54.91,53.70,53.73,20505700
2023-02-14 19:00:00-05:00,54.01,54.04,53.41,53.73,13171400
2023-02-15 19:00:00-05:00,53.41,53.94,53.15,53.40,16538300
2023-02-16 19:00:00-05:00,53.65,54.31,53.54,54.21,16814700
2023-02-20 19:00:00-05:00,54.09,54.31,53.85,53.92,14278300
2023-02-21 19:00:00-05:00,53.96,54.42,53.87,54.08,12409600
2023-02-22 19:00:00-05:00,54.11,54.48,53.93,54.18,12222800
2023-02-23 19:00:00-05:00,53.81,54.02,53.55,53.96,9736200
2023-02-26 19:00:00-05:00,54.26,54.37,53.87,53.94,8849800
2023-02-27 19:00:00-05:00,53.83,53.83,53.32,53.66,16082200
2023-02-28 19:00:00-05:00,53.32,53.36,52.63,53.07,13275800
2023-03-01 19:00:00-05:00,53.05,53.90,53.02,53.85,11758300
2023-03-02 19:00:00-05:00,53.69,53.81,53.39,53.60,13101800
2023-03-05 19:00:00-05:00,53.43,54.44,53.40,54.42,16282700
2023-03-06 19:00:00-05:00,54.54,54.61,53.87,54.11,13961200
2023-03-07 19:00:00-05:00,54.14,54.40,53.86,54.14,10851600
2023-03-08 19:00:00-05:00,54.59,54.59,53.45,53.61,13900900
2023-03-09 19:00:00-05:00,53.83,54.23,53.19,53.39,13745800
2023-03-12 20:00:00-04:00,53.46,54.88,53.42,53.93,21956000
2023-03-13 20:00:00-04:00,54.10,54.51,53.51,54.13,19496900
2023-03-14 20:00:00-04:00,53.59,54.53,53.41,54.49,21089900
2023-03-15 20:00:00-04:00,54.60,54.82,54.24,54.79,15658300
2023-03-16 20:00:00-04:00,54.80,54.83,54.19,54.53,27351200
2023-03-19 20:00:00-04:00,54.66,55.06,54.49,55.06,12904100
2023-03-20 20:00:00-04:00,55.03,55.20,54.41,54.81,13716500
2023-03-21 20:00:00-04:00,54.88,55.31,54.54,54.56,10494200
2023-03-22 20:00:00-04:00,54.60,54.87,54.26,54.44,15479000
2023-03-23 20:00:00-04:00,54.74,55.44,54.43,55.33,12975600
2023-03-26 20:00:00-04:00,55.55,55.86,55.38,55.74,12777400
2023-03-27 20:00:00-04:00,55.78,56.10,55.67,55.81,10925700
2023-03-28 20:00:00-04:00,56.08,56.29,55.96,56.20,9441000
2023-03-29 20:00:00-04:00,56.22,56.41,56.02,56.20,9870700
2023-03-30 20:00:00-04:00,56.39,56.56,56.21,56.36,14440900
2023-04-02 20:00:00-04:00,56.60,56.80,56.20,56.70,12300700
2023-04-03 20:00:00-04:00,56.69,57.00,56.40,56.52,11433400
2023-04-04 20:00:00-04:00,56.81,57.26,56.79,57.06,12789600
2023-04-05 20:00:00-04:00,57.11,57.28,56.68,57.10,9644200
2023-04-09 20:00:00-04:00,56.78,56.96,56.35,56.96,7952600
2023-04-10 20:00:00-04:00,56.92,56.98,56.70,56.86,9913000
2023-04-11 20:00:00-04:00,56.77,57.27,56.61,56.96,9593700
2023-04-12 20:00:00-04:00,57.02,57.39,56.77,57.38,9871400
2023-04-13 20:00:00-04:00,57.29,57.38,57.04,57.29,8946000
2023-04-16 20:00:00-04:00,57.53,57.72,57.37,57.66,9452400
2023-04-17 20:00:00-04:00,57.70,57.79,57.41,57.75,9035700
2023-04-18 20:00:00-04:00,57.90,57.99,57.63,57.86,9769500
2023-04-19 20:00:00-04:00,57.81,58.15,57.64,58.11,10706400
2023-04-20 20:00:00-04:00,58.15,58.39,57.97,58.19,12931100
2023-04-23 20:00:00-04:00,58.83,59.05,57.80,58.10,15532300
2023-04-24 20:00:00-04:00,58.30,58.30,57.81,58.01,12818900
2023-04-25 20:00:00-04:00,57.75,57.94,57.60,57.74,13179600
2023-04-26 20:00:00-04:00,57.72,57.93,57.34,57.86,13795800
2023-04-27 20:00:00-04:00,57.79,58.29,57.68,58.29,13687600
2023-04-30 20:00:00-04:00,58.29,58.78,58.20,58.42,9091500
2023-05-01 20:00:00-04:00,58.28,58.28,57.49,58.16,10948400
2023-05-02 20:00:00-04:00,58.17,58.31,57.77,57.83,11084600
2023-05-03 20:00:00-04:00,57.91,58.09,57.70,57.89,11938300
2023-05-04 20:00:00-04:00,57.82,58.34,57.81,58.17,9039000
2023-05-07 20:00:00-04:00,57.98,58.20,57.79,58.08,7240700
2023-05-08 20:00:00-04:00,57.82,57.92,57.50,57.60,9067700
2023-05-09 20:00:00-04:00,57.53,57.82,57.23,57.69,10134000
2023-05-10 20:00:00-04:00,57.77,58.09,57.25,58.02,9581500
2023-05-11 20:00:00-04:00,58.02,58.32,57.88,58.25,8740800
2023-05-14 20:00:00-04:00,58.35,58.38,57.89,58.09,8150000
2023-05-15 20:00:00-04:00,58.06,58.06,57.39,57.44,9129600
2023-05-16 20:00:00-04:00,57.60,57.62,57.00,57.38,11583000
2023-05-17 20:00:00-04:00,57.25,57.28,56.85,57.06,13595100
2023-05-18 20:00:00-04:00,57.28,57.33,56.89,57.09,14251400
2023-05-21 20:00:00-04:00,57.05,57.12,55.82,55.89,15055400
2023-05-22 20:00:00-04:00,55.89,56.03,55.58,55.79,13932700
2023-05-23 20:00:00-04:00,55.77,55.81,55.17,55.31,11090100
2023-05-24 20:00:00-04:00,54.94,55.18,54.65,54.89,14463600
2023-05-25 20:00:00-04:00,54.92,55.10,54.61,54.75,12570300
2023-05-29 20:00:00-04:00,54.60,54.70,54.08,54.32,15634200
2023-05-30 20:00:00-04:00,54.44,54.77,53.94,54.21,59432200
2023-05-31 20:00:00-04:00,54.46,54.67,54.31,54.51,13402700
2023-06-01 20:00:00-04:00,54.76,55.71,54.59,55.57,15259800
2023-06-04 20:00:00-04:00,55.42,55.82,55.01,55.20,12915600
2023-06-05 20:00:00-04:00,55.38,55.41,54.62,54.80,10943500
2023-06-06 20:00:00-04:00,54.52,54.84,54.35,54.71,16817900
2023-06-07 20:00:00-04:00,54.63,54.89,54.50,54.85,15585900
2023-06-08 20:00:00-04:00,54.76,55.12,54.67,54.94,12581500
2023-06-11 20:00:00-04:00,55.05,55.11,54.53,54.71,14208900
2023-06-12 20:00:00-04:00,54.71,55.12,54.55,54.92,13397800
2023-06-13 20:00:00-04:00,55.18,55.50,55.06,55.30,14099700
2023-06-14 20:00:00-04:00,55.49,56.12,55.24,56.06,15271400
2023-06-15 20:00:00-04:00,56.39,56.92,56.29,56.46,26738000
2023-06-19 20:00:00-04:00,56.39,56.72,56.07,56.08,13971800
2023-06-20 20:00:00-04:00,56.13,56.50,55.83,56.24,13948700
2023-06-21 20:00:00-04:00,56.59,56.85,56.39,56.62,15193400
2023-06-22 20:00:00-04:00,56.71,56.73,56.01,56.03,25112100
2023-06-25 20:00:00-04:00,56.04,56.11,55.29,56.05,12856100
2023-06-26 20:00:00-04:00,56.05,56.18,55.83,55.93,9068500
2023-06-27 20:00:00-04:00,55.74,55.88,55.30,55.41,11173200
2023-06-28 20:00:00-04:00,55.13,55.25,54.72,54.95,17142300
2023-06-29 20:00:00-04:00,54.93,55.25,54.81,55.13,19739200
2023-07-02 20:00:00-04:00,55.11,55.51,54.96,55.46,9694500
2023-07-04 20:00:00-04:00,55.19,55.94,55.08,55.87,14716600
2023-07-05 20:00:00-04:00,55.60,55.86,55.39,55.44,12603900
2023-07-06 20:00:00-04:00,55.21,55.39,54.68,54.71,14574000
2023-07-09 20:00:00-04:00,54.90,55.07,54.14,54.30,15480600
2023-07-10 20:00:00-04:00,54.44,54.53,53.87,54.49,15967700
2023-07-11 20:00:00-04:00,54.70,54.98,54.43,54.78,14241300
2023-07-12 20:00:00-04:00,55.04,55.35,54.91,55.25,11269800
2023-07-13 20:00:00-04:00,55.06,55.88,55.01,55.75,11634200
2023-07-16 20:00:00-04:00,55.63,55.94,55.38,55.67,10014300
2023-07-17 20:00:00-04:00,55.81,56.07,55.31,55.45,11152900
2023-07-18 20:00:00-04:00,55.64,56.57,55.55,56.43,12936000
2023-07-19 20:00:00-04:00,56.47,57.14,56.46,57.12,11563000
2023-07-20 20:00:00-04:00,57.18,57.38,56.98,57.16,12815100
2023-07-23 20:00:00-04:00,57.15,57.50,57.13,57.18,10251100
2023-07-24 20:00:00-04:00,57.04,57.12,56.81,56.99,13422700
2023-07-25 20:00:00-04:00,56.63,57.83,56.20,57.72,17145500
2023-07-26 20:00:00-04:00,57.72,57.92,57.11,57.16,11517100
2023-07-27 20:00:00-04:00,57.30,57.47,56.96,57.20,9721800
2023-07-30 20:00:00-04:00,57.17,57.17,56.51,56.70,15577900
2023-07-31 20:00:00-04:00,56.84,57.09,56.41,56.55,9281600
2023-08-01 20:00:00-04:00,56.36,57.30,56.36,56.72,11059400
2023-08-02 20:00:00-04:00,56.64,56.87,56.33,56.43,8037400
2023-08-03 20:00:00-04:00,56.47,56.66,55.50,55.58,9359300
2023-08-06 20:00:00-04:00,55.65,56.15,55.61,56.02,6982600
2023-08-07 20:00:00-04:00,56.02,56.17,55.50,55.77,7956100
2023-08-08 20:00:00-04:00,55.76,56.42,55.62,55.90,7904100
2023-08-09 20:00:00-04:00,56.17,56.51,55.65,55.77,7870300
2023-08-10 20:00:00-04:00,55.70,56.03,55.56,56.00,8483900
2023-08-13 20:00:00-04:00,56.14,56.29,55.62,55.74,7176300
2023-08-14 20:00:00-04:00,55.56,55.75,55.27,55.36,7187400
2023-08-15 20:00:00-04:00,55.42,55.68,55.30,55.37,8372300
2023-08-16 20:00:00-04:00,55.46,55.86,55.34,55.49,12873500
2023-08-17 20:00:00-04:00,55.42,55.93,55.27,55.80,11083800
2023-08-20 20:00:00-04:00,55.72,55.78,55.22,55.32,8648500
2023-08-21 20:00:00-04:00,55.24,55.46,54.91,54.99,9411500
2023-08-22 20:00:00-04:00,55.11,55.33,55.08,55.18,7749500
2023-08-23 20:00:00-04:00,55.18,55.74,55.01,55.03,8955100
2023-08-24 20:00:00-04:00,55.31,55.45,54.94,55.29,7629200
2023-08-27 20:00:00-04:00,55.43,55.60,55.27,55.44,6254300
2023-08-28 20:00:00-04:00,55.44,55.51,55.07,55.39,8189600
2023-08-29 20:00:00-04:00,55.52,55.61,55.20,55.36,9447900
2023-08-30 20:00:00-04:00,55.20,55.36,54.76,54.77,14663500
2023-08-31 20:00:00-04:00,54.93,55.05,54.12,54.30,11262300
2023-09-04 20:00:00-04:00,54.24,54.31,53.71,53.85,12474600
2023-09-05 20:00:00-04:00,53.67,53.86,53.48,53.81,13923500
2023-09-06 20:00:00-04:00,53.97,54.16,53.37,53.40,17628600
2023-09-07 20:00:00-04:00,53.37,53.47,53.11,53.40,14312300
2023-09-10 20:00:00-04:00,53.47,54.01,53.31,53.90,14767400
2023-09-11 20:00:00-04:00,54.01,54.01,53.27,53.37,12292700
2023-09-12 20:00:00-04:00,53.47,53.72,53.41,53.50,12641400
2023-09-13 20:00:00-04:00,53.74,54.06,53.70,53.94,12311600
2023-09-14 20:00:00-04:00,53.90,54.11,53.29,53.47,55727500
2023-09-17 20:00:00-04:00,53.50,53.84,53.18,53.80,13617400
2023-09-18 20:00:00-04:00,53.76,53.88,53.45,53.69,11998900
2023-09-19 20:00:00-04:00,53.80,54.29,53.59,53.93,14766600
2023-09-20 20:00:00-04:00,53.86,53.91,52.99,53.10,15941800
2023-09-21 20:00:00-04:00,53.38,53.49,53.06,53.15,14644100
2023-09-24 20:00:00-04:00,52.97,53.05,52.36,52.60,12358800
2023-09-25 20:00:00-04:00,52.35,52.51,52.04,52.16,11194700
2023-09-26 20:00:00-04:00,52.06,52.16,51.38,51.63,13766300
2023-09-27 20:00:00-04:00,51.89,51.97,51.40,51.50,12484800
2023-09-28 20:00:00-04:00,51.80,51.92,51.32,51.66,12271600
2023-10-01 20:00:00-04:00,51.59,51.68,50.83,51.20,11792500
2023-10-02 20:00:00-04:00,50.90,51.15,50.55,50.64,13604200
2023-10-03 20:00:00-04:00,50.65,51.01,50.48,50.79,12100500
2023-10-04 20:00:00-04:00,50.51,50.71,48.21,48.33,29878100
2023-10-05 20:00:00-04:00,48.02,49.17,47.57,49.04,30298900
2023-10-08 20:00:00-04:00,48.87,49.04,48.09,48.80,15704700
2023-10-09 20:00:00-04:00,49.95,50.13,49.42,49.86,20909700
2023-10-10 20:00:00-04:00,50.03,50.09,48.93,49.56,21138900
2023-10-11 20:00:00-04:00,49.61,49.67,48.38,48.73,19330400
2023-10-12 20:00:00-04:00,48.67,49.29,48.57,48.81,14494600
2023-10-15 20:00:00-04:00,48.93,49.42,48.76,49.30,12816800
2023-10-16 20:00:00-04:00,49.19,49.92,49.10,49.89,16457200
2023-10-17 20:00:00-04:00,49.92,50.32,49.76,49.88,12809500
2023-10-18 20:00:00-04:00,49.98,50.53,49.70,50.15,16202200
2023-10-19 20:00:00-04:00,50.32,50.77,50.24,50.36,15686400
2023-10-22 20:00:00-04:00,50.18,50.65,49.88,49.90,21212700
2023-10-23 20:00:00-04:00,51.35,51.83,51.03,51.34,25290800
2023-10-24 20:00:00-04:00,51.45,51.88,51.27,51.79,16701000
2023-10-25 20:00:00-04:00,52.02,52.26,51.42,51.47,16228400
2023-10-26 20:00:00-04:00,51.26,51.80,50.84,50.97,13626500
2023-10-29 20:00:00-04:00,51.15,51.93,51.14,51.81,15014300
2023-10-30 20:00:00-04:00,52.20,52.34,51.81,52.13,16639400
2023-10-31 20:00:00-04:00,52.41,52.49,51.91,52.08,14110800
2023-11-01 20:00:00-04:00,52.14,52.74,52.01,52.68,13087200
2023-11-02 20:00:00-04:00,52.97,53.14,52.32,52.36,13958700
2023-11-05 19:00:00-05:00,52.39,52.86,52.36,52.57,12673200
2023-11-06 19:00:00-05:00,52.52,52.97,52.35,52.76,10449300
2023-11-07 19:00:00-05:00,52.89,53.03,52.52,52.68,13744000
2023-11-08 19:00:00-05:00,52.63,52.73,52.02,52.28,12021100
2023-11-09 19:00:00-05:00,52.48,52.53,51.73,52.34,11678900
2023-11-12 19:00:00-05:00,52.25,52.69,52.23,52.53,12798200
2023-11-13 19:00:00-05:00,52.62,52.82,52.42,52.69,12697100
2023-11-14 19:00:00-05:00,52.87,52.91,52.37,52.79,10201900
2023-11-15 19:00:00-05:00,52.83,53.09,52.42,52.74,16010400
2023-11-16 19:00:00-05:00,52.77,52.91,52.32,52.84,14475800
2023-11-19 19:00:00-05:00,52.64,53.13,52.56,52.97,13051000
2023-11-20 19:00:00-05:00,53.02,53.56,52.90,53.55,13891600
2023-11-21 19:00:00-05:00,53.76,54.02,53.64,53.91,11320600
2023-11-23 19:00:00-05:00,53.94,54.21,53.83,54.05,4816000
2023-11-26 19:00:00-05:00,54.02,54.16,53.77,53.94,16246500
2023-11-27 19:00:00-05:00,53.89,54.29,53.85,54.06,13739600
2023-11-28 19:00:00-05:00,54.06,54.14,53.61,53.73,11263600
2023-11-29 19:00:00-05:00,53.91,54.37,53.57,54.36,22727500
2023-11-30 19:00:00-05:00,54.20,54.59,54.17,54.54,15371200
2023-12-03 19:00:00-05:00,54.50,54.84,54.36,54.48,14942200
2023-12-04 19:00:00-05:00,54.46,54.72,54.34,54.56,11891500
2023-12-05 19:00:00-05:00,54.47,54.63,54.14,54.50,14868500
2023-12-06 19:00:00-05:00,54.57,54.77,54.31,54.63,11587900
2023-12-07 19:00:00-05:00,54.63,54.64,54.29,54.51,11178700
2023-12-10 19:00:00-05:00,54.72,54.96,54.41,54.91,14524800
2023-12-11 19:00:00-05:00,55.06,55.27,54.78,55.27,12899000
2023-12-12 19:00:00-05:00,55.30,55.83,55.12,55.74,16196800
2023-12-13 19:00:00-05:00,55.78,55.84,54.66,54.91,22478300
2023-12-14 19:00:00-05:00,54.72,55.03,53.76,54.50,65177400
2023-12-17 19:00:00-05:00,54.69,55.33,54.52,54.90,16717700
2023-12-18 19:00:00-05:00,54.88,55.06,54.54,54.72,14612200
2023-12-19 19:00:00-05:00,54.41,54.57,53.55,53.58,17701000
2023-12-20 19:00:00-05:00,53.81,54.01,53.45,53.94,11725100
2023-12-21 19:00:00-05:00,54.06,54.37,53.97,54.24,9029400
2023-12-25 19:00:00-05:00,54.00,54.61,54.00,54.47,6422500
2023-12-26 19:00:00-05:00,54.54,54.66,54.32,54.61,8560100
2023-12-27 19:00:00-05:00,54.55,54.76,54.44,54.64,8400100
2023-12-28 19:00:00-05:00,54.63,54.86,54.53,54.81,9244300
2024-01-01 19:00:00-05:00,54.69,55.70,54.57,55.64,16322600
2024-01-02 19:00:00-05:00,55.74,55.99,55.58,55.77,14830600
2024-01-03 19:00:00-05:00,55.85,56.05,55.49,55.58,12912900
2024-01-04 19:00:00-05:00,55.62,55.76,54.96,55.50,10412800
2024-01-07 19:00:00-05:00,55.51,55.97,55.27,55.91,11554600
2024-01-08 19:00:00-05:00,55.80,55.94,55.45,55.81,10493700
2024-01-09 19:00:00-05:00,56.01,56.19,55.79,55.99,12258000
2024-01-10 19:00:00-05:00,56.04,56.05,55.52,55.63,13754200
2024-01-11 19:00:00-05:00,55.88,56.23,55.69,56.17,13218000
2024-01-15 19:00:00-05:00,56.17,56.21,55.67,55.80,11826900
2024-01-16 19:00:00-05:00,55.68,56.00,55.64,55.80,8982100
2024-01-17 19:00:00-05:00,55.52,56.02,55.37,55.96,10397700
2024-01-18 19:00:00-05:00,56.05,56.07,55.47,55.65,14392600
2024-01-21 19:00:00-05:00,55.58,55.87,55.29,55.41,14314300
2024-01-22 19:00:00-05:00,55.37,55.81,55.30,55.67,14481600
2024-01-23 19:00:00-05:00,55.62,55.63,54.77,54.79,16370500
2024-01-24 19:00:00-05:00,54.89,55.03,54.56,55.03,14899700
2024-01-25 19:00:00-05:00,55.11,55.33,55.00,55.22,13025100
2024-01-28 19:00:00-05:00,55.19,55.61,55.03,55.56,14547100
2024-01-29 19:00:00-05:00,55.67,55.83,55.30,55.71,22061500
2024-01-30 19:00:00-05:00,55.90,56.23,55.15,55.33,22837000
2024-01-31 19:00:00-05:00,55.41,56.75,55.21,56.72,15870900
2024-02-01 19:00:00-05:00,56.57,56.62,56.02,56.31,17544900
2024-02-04 19:00:00-05:00,56.16,56.16,55.70,55.84,12759600
2024-02-05 19:00:00-05:00,55.77,55.85,55.51,55.75,12775200
2024-02-06 19:00:00-05:00,55.87,56.00,55.75,55.80,10259900
2024-02-07 19:00:00-05:00,55.70,55.78,55.26,55.65,12874800
2024-02-08 19:00:00-05:00,55.31,55.42,54.90,55.40,15235300
2024-02-11 19:00:00-05:00,55.49,55.58,54.84,55.53,13516800
2024-02-12 19:00:00-05:00,55.34,56.42,54.68,55.20,24195700
2024-02-13 19:00:00-05:00,55.03,55.43,54.91,55.15,15872500
2024-02-14 19:00:00-05:00,55.27,55.43,55.00,55.25,13695800
2024-02-15 19:00:00-05:00,55.20,55.45,54.84,55.24,13947100
2024-02-19 19:00:00-05:00,55.43,56.59,55.35,56.46,18339300
2024-02-20 19:00:00-05:00,56.73,57.00,56.58,56.96,14373000
2024-02-21 19:00:00-05:00,56.73,56.97,56.27,56.88,12982800
2024-02-22 19:00:00-05:00,56.82,57.31,56.74,56.92,13612900
2024-02-25 19:00:00-05:00,56.96,56.99,56.42,56.47,10336100
2024-02-26 19:00:00-05:00,56.31,56.53,55.92,56.12,9931100
2024-02-27 19:00:00-05:00,56.15,56.26,55.86,56.18,8076500
2024-02-28 19:00:00-05:00,56.13,56.40,55.71,55.83,18152700
2024-02-29 19:00:00-05:00,55.71,55.71,55.19,55.37,10927600
2024-03-03 19:00:00-05:00,55.09,55.76,55.08,55.63,10150200
2024-03-04 19:00:00-05:00,55.72,55.91,55.27,55.36,12310000
2024-03-05 19:00:00-05:00,55.36,55.81,55.23,55.39,12378800
2024-03-06 19:00:00-05:00,55.52,55.59,55.10,55.29,13686900
2024-03-07 19:00:00-05:00,55.16,55.61,54.85,55.36,13239000
2024-03-10 20:00:00-04:00,55.60,56.08,55.42,56.03,14114300
2024-03-11 20:00:00-04:00,56.10,56.50,56.00,56.27,12684600
2024-03-12 20:00:00-04:00,56.63,56.93,56.55,56.85,13909500
2024-03-13 20:00:00-04:00,56.80,57.00,56.63,56.72,13996600
2024-03-14 20:00:00-04:00,56.27,56.68,55.92,56.14,36849900
2024-03-17 20:00:00-04:00,56.15,56.63,56.07,56.38,15856700
2024-03-18 20:00:00-04:00,56.48,56.58,56.31,56.47,15030600
2024-03-19 20:00:00-04:00,56.42,57.01,56.40,56.96,15258800
2024-03-20 20:00:00-04:00,56.78,57.18,56.55,56.69,13067100
2024-03-21 20:00:00-04:00,56.74,56.99,56.66,56.71,11502800
2024-03-24 20:00:00-04:00,56.70,56.92,56.37,56.63,13144700
2024-03-25 20:00:00-04:00,56.72,56.92,56.61,56.76,13277400
2024-03-26 20:00:00-04:00,56.99,57.59,56.91,57.22,12551200
2024-03-27 20:00:00-04:00,57.32,57.43,57.19,57.36,13683500
2024-03-31 20:00:00-04:00,57.36,57.47,56.84,56.89,11668700
2024-04-01 20:00:00-04:00,56.68,56.94,56.36,56.39,13017300
2024-04-02 20:00:00-04:00,56.30,56.62,56.05,56.09,13672900
2024-04-03 20:00:00-04:00,56.34,56.39,55.48,55.60,14320700
2024-04-04 20:00:00-04:00,55.55,55.95,55.23,55.79,10157800
2024-04-07 20:00:00-04:00,55.69,55.76,55.38,55.57,10284500
2024-04-08 20:00:00-04:00,55.77,56.01,55.44,55.99,10779100
2024-04-09 20:00:00-04:00,55.62,55.68,55.02,55.24,11861900
2024-04-10 20:00:00-04:00,55.46,55.66,55.12,55.36,11109000
2024-04-11 20:00:00-04:00,55.27,55.32,54.50,54.64,12250900
2024-04-14 20:00:00-04:00,54.95,55.14,54.42,54.51,12425000
2024-04-15 20:00:00-04:00,54.61,54.73,54.31,54.43,11236800
2024-04-16 20:00:00-04:00,54.64,54.90,54.47,54.86,13805100
2024-04-17 20:00:00-04:00,54.96,55.30,54.88,55.23,11125900
2024-04-18 20:00:00-04:00,55.41,56.59,55.32,56.41,21207900
2024-04-21 20:00:00-04:00,56.38,56.84,55.99,56.77,15624500
2024-04-22 20:00:00-04:00,56.75,56.89,56.38,56.85,13689100
2024-04-23 20:00:00-04:00,56.55,57.80,56.10,57.71,19548300
2024-04-24 20:00:00-04:00,58.01,58.68,57.54,57.88,19048500
2024-04-25 20:00:00-04:00,57.71,58.06,57.52,57.88,10994300
2024-04-28 20:00:00-04:00,58.05,58.18,57.69,58.17,13409300
2024-04-29 20:00:00-04:00,58.26,58.91,57.63,57.91,19349200
2024-04-30 20:00:00-04:00,57.94,58.66,57.39,58.06,16729800
2024-05-01 20:00:00-04:00,58.30,58.50,57.87,58.12,10991300
2024-05-02 20:00:00-04:00,58.12,58.44,57.79,58.29,11628700
2024-05-05 20:00:00-04:00,58.41,58.48,58.03,58.46,9310700
2024-05-06 20:00:00-04:00,58.84,58.90,58.36,58.71,9807000
2024-05-07 20:00:00-04:00,58.93,59.04,58.58,58.93,10484400
2024-05-08 20:00:00-04:00,58.89,59.21,58.83,58.95,9113700
2024-05-09 20:00:00-04:00,58.99,59.40,58.87,59.31,8371700
2024-05-12 20:00:00-04:00,59.29,59.65,59.23,59.61,10137600
2024-05-13 20:00:00-04:00,59.61,59.78,58.88,59.16,10852200
2024-05-14 20:00:00-04:00,59.12,59.43,59.07,59.19,9838900
2024-05-15 20:00:00-04:00,59.29,59.75,59.13,59.37,10228000
2024-05-16 20:00:00-04:00,59.38,59.41,59.01,59.09,11539000
2024-05-19 20:00:00-04:00,59.00,59.08,58.56,58.66,11000900
2024-05-20 20:00:00-04:00,58.90,59.05,58.54,58.98,9796200
2024-05-21 20:00:00-04:00,58.79,59.08,58.75,59.07,7419400
2024-05-22 20:00:00-04:00,58.59,58.95,58.18,58.21,9834300
2024-05-23 20:00:00-04:00,58.33,58.52,58.10,58.13,8203100
2024-05-27 20:00:00-04:00,57.93,58.25,57.57,57.96,12347000
2024-05-28 20:00:00-04:00,57.63,58.02,57.26,57.85,11861800
2024-05-29 20:00:00-04:00,57.99,58.20,57.75,58.10,9433800
2024-05-30 20:00:00-04:00,58.12,59.09,57.84,59.00,19816600
2024-06-02 20:00:00-04:00,58.79,59.15,58.55,59.00,9369000
2024-06-03 20:00:00-04:00,59.25,59.98,59.01,59.95,11895600
2024-06-04 20:00:00-04:00,59.99,60.07,59.39,59.93,9632500
2024-06-05 20:00:00-04:00,59.93,60.34,59.85,60.14,8658500
2024-06-06 20:00:00-04:00,60.09,60.21,59.83,59.92,9523100
2024-06-09 20:00:00-04:00,59.95,59.99,59.41,59.62,15685300
2024-06-10 20:00:00-04:00,59.62,59.68,59.13,59.58,8396000
2024-06-11 20:00:00-04:00,59.71,59.71,58.78,58.95,9569600
2024-06-12 20:00:00-04:00,58.93,59.10,58.55,59.06,9668900
2024-06-13 20:00:00-04:00,58.94,59.23,58.66,59.10,8179200
2024-06-16 20:00:00-04:00,58.93,59.43,58.75,59.17,10532700
2024-06-17 20:00:00-04:00,59.08,59.35,59.00,59.17,10651700
2024-06-19 20:00:00-04:00,58.96,59.28,58.53,58.75,13306300
2024-06-20 20:00:00-04:00,58.75,59.62,58.75,59.31,28278100
2024-06-23 20:00:00-04:00,59.51,60.53,59.44,60.44,13212500
2024-06-24 20:00:00-04:00,60.41,60.54,60.01,60.32,10235300
2024-06-25 20:00:00-04:00,59.90,60.57,59.74,60.52,9402500
2024-06-26 20:00:00-04:00,60.52,60.72,60.11,60.38,8494100
2024-06-27 20:00:00-04:00,60.37,60.53,60.02,60.14,17358800
2024-06-30 20:00:00-04:00,60.50,60.75,59.64,59.79,10033400
2024-07-01 20:00:00-04:00,59.77,59.88,59.39,59.67,8878200
2024-07-02 20:00:00-04:00,59.70,60.16,59.46,59.84,9154200
2024-07-04 20:00:00-04:00,59.84,60.27,59.52,60.24,11735500
2024-07-07 20:00:00-04:00,60.08,60.08,59.37,59.49,11235100
2024-07-08 20:00:00-04:00,59.58,59.74,59.14,59.23,11657500
2024-07-09 20:00:00-04:00,59.26,59.39,58.85,59.36,11930400
2024-07-10 20:00:00-04:00,59.18,59.96,58.96,59.62,11431600
2024-07-11 20:00:00-04:00,59.96,60.57,59.89,60.19,9201500
2024-07-14 20:00:00-04:00,60.27,60.41,59.85,59.91,8207500
2024-07-15 20:00:00-04:00,59.93,60.76,59.89,60.72,9025100
2024-07-16 20:00:00-04:00,60.91,61.78,60.86,61.61,12508200
2024-07-17 20:00:00-04:00,61.22,62.18,61.15,61.59,11128200
2024-07-18 20:00:00-04:00,62.02,62.02,61.24,61.69,13775700
2024-07-21 20:00:00-04:00,61.65,61.69,60.77,61.20,11794200
2024-07-22 20:00:00-04:00,61.82,62.40,61.27,61.38,11810300
2024-07-23 20:00:00-04:00,61.50,62.33,61.25,62.18,13244600
2024-07-24 20:00:00-04:00,62.40,63.20,62.23,62.42,16328600
2024-07-25 20:00:00-04:00,62.42,63.41,62.37,63.35,13530100
2024-07-28 20:00:00-04:00,63.19,63.33,62.73,63.14,12140200
2024-07-29 20:00:00-04:00,62.81,64.09,62.70,63.95,13258000
2024-07-30 20:00:00-04:00,63.78,63.88,62.93,63.06,15576800
2024-07-31 20:00:00-04:00,63.30,64.35,63.02,64.21,16495900
2024-08-01 20:00:00-04:00,64.75,65.83,63.96,65.50,22514800
2024-08-04 20:00:00-04:00,65.18,65.71,63.99,64.34,25484300
2024-08-05 20:00:00-04:00,64.39,65.04,64.03,64.30,12969100
2024-08-06 20:00:00-04:00,64.30,65.36,64.09,64.68,13365300
2024-08-07 20:00:00-04:00,64.25,65.06,64.11,64.94,15240900
2024-08-08 20:00:00-04:00,64.91,64.99,64.48,64.89,12080400
2024-08-11 20:00:00-04:00,64.67,64.76,64.09,64.41,11012300
2024-08-12 20:00:00-04:00,64.32,64.82,64.26,64.68,9877600
2024-08-13 20:00:00-04:00,64.47,65.09,64.37,64.80,14328000
2024-08-14 20:00:00-04:00,64.83,65.12,64.72,64.86,11285100
2024-08-15 20:00:00-04:00,65.04,65.48,64.85,65.36,12651200
2024-08-18 20:00:00-04:00,65.52,65.59,65.05,65.17,9843900
2024-08-19 20:00:00-04:00,65.18,65.56,64.98,65.55,11957400
2024-08-20 20:00:00-04:00,65.65,66.26,65.50,65.73,8792400
2024-08-21 20:00:00-04:00,66.06,66.06,64.99,65.50,12509200
2024-08-22 20:00:00-04:00,65.57,66.00,65.14,65.94,11834700
2024-08-25 20:00:00-04:00,65.98,67.01,65.88,66.93,12912200
2024-08-26 20:00:00-04:00,67.39,67.58,67.13,67.56,16988400
2024-08-27 20:00:00-04:00,67.66,67.85,67.37,67.79,13272600
2024-08-28 20:00:00-04:00,67.93,68.24,67.30,68.07,17201700
2024-08-29 20:00:00-04:00,68.22,68.57,67.82,68.47,18624200
2024-09-02 20:00:00-04:00,68.44,69.25,68.26,68.98,14755800
2024-09-03 20:00:00-04:00,69.26,69.47,67.94,68.56,18140800
2024-09-04 20:00:00-04:00,68.61,68.67,67.06,67.24,23866100
2024-09-05 20:00:00-04:00,67.07,67.72,66.98,67.22,17485700
2024-09-08 20:00:00-04:00,67.30,68.32,67.06,67.89,12939300
2024-09-09 20:00:00-04:00,68.00,68.42,67.57,67.60,10277600
2024-09-10 20:00:00-04:00,67.42,67.43,66.68,67.16,11418200
2024-09-11 20:00:00-04:00,67.08,67.44,66.76,67.30,12337800
2024-09-12 20:00:00-04:00,67.39,67.99,67.05,67.93,11073800
2024-09-15 20:00:00-04:00,68.28,68.72,68.13,68.59,10786500
2024-09-16 20:00:00-04:00,68.40,68.83,68.23,68.30,12974400
2024-09-17 20:00:00-04:00,68.39,68.86,67.80,68.26,10719700
2024-09-18 20:00:00-04:00,68.08,68.44,67.16,67.18,13635600
2024-09-19 20:00:00-04:00,66.98,68.30,66.95,68.15,48578500
2024-09-22 20:00:00-04:00,68.07,68.68,67.71,68.24,11613000
2024-09-23 20:00:00-04:00,67.75,68.32,67.16,67.86,13330600
2024-09-24 20:00:00-04:00,68.22,68.42,67.84,67.97,12329100
2024-09-25 20:00:00-04:00,67.41,68.12,67.39,67.92,10815200
2024-09-26 20:00:00-04:00,68.06,68.68,67.98,68.29,11175700
2024-09-29 20:00:00-04:00,68.49,68.68,68.20,68.36,18015300
2024-09-30 20:00:00-04:00,68.59,69.21,68.14,68.22,13294500
2024-10-01 20:00:00-04:00,67.91,67.95,66.98,67.55,11155500
2024-10-02 20:00:00-04:00,67.41,67.53,66.78,67.09,9374800
2024-10-03 20:00:00-04:00,66.55,66.86,66.32,66.75,12684800
2024-10-06 20:00:00-04:00,66.64,66.69,65.52,65.65,14512000
2024-10-07 20:00:00-04:00,65.68,66.06,65.51,65.81,13549700
2024-10-08 20:00:00-04:00,65.82,66.34,65.71,66.18,9037700
2024-10-09 20:00:00-04:00,66.43,66.51,65.63,65.88,8635200
2024-10-10 20:00:00-04:00,66.08,66.20,65.64,66.18,8786300
2024-10-13 20:00:00-04:00,66.18,67.04,66.09,66.91,7659300
2024-10-14 20:00:00-04:00,67.03,67.74,66.74,66.91,10358700
2024-10-15 20:00:00-04:00,66.68,67.26,66.56,67.13,7937300
2024-10-16 20:00:00-04:00,67.19,67.25,66.19,66.50,14674600
2024-10-17 20:00:00-04:00,66.47,67.11,66.22,67.01,15087500
2024-10-20 20:00:00-04:00,66.59,66.91,65.93,66.07,11981200
2024-10-21 20:00:00-04:00,65.64,66.35,65.34,66.07,18603300
2024-10-22 20:00:00-04:00,63.73,65.35,63.34,64.70,24655200
2024-10-23 20:00:00-04:00,64.36,64.73,63.69,64.02,17568800
2024-10-24 20:00:00-04:00,63.80,64.40,63.54,63.66,11138100
2024-10-27 20:00:00-04:00,63.70,64.12,63.36,63.42,10761400
2024-10-28 20:00:00-04:00,63.06,63.11,62.33,62.37,16525900
2024-10-29 20:00:00-04:00,62.32,63.30,62.14,62.71,14177800
2024-10-30 20:00:00-04:00,62.61,62.78,62.08,62.13,13383700
2024-10-31 20:00:00-04:00,62.28,62.46,61.73,61.84,12163100
2024-11-03 19:00:00-05:00,61.91,62.23,61.50,61.94,10984500
2024-11-04 19:00:00-05:00,61.49,62.28,61.49,62.19,8780200
2024-11-05 19:00:00-05:00,61.28,61.70,60.10,60.60,22899300
2024-11-06 19:00:00-05:00,61.16,61.25,60.50,60.56,14856100
2024-11-07 19:00:00-05:00,60.80,61.11,60.64,60.81,14719300
2024-11-10 19:00:00-05:00,60.87,61.00,60.17,60.27,13980900
2024-11-11 19:00:00-05:00,60.58,60.65,60.05,60.12,15021000
2024-11-12 19:00:00-05:00,59.98,60.18,59.45,59.93,13177600
2024-11-13 19:00:00-05:00,60.04,60.04,59.39,59.50,15910800
2024-11-14 19:00:00-05:00,59.45,59.58,58.40,58.73,26284300
2024-11-17 19:00:00-05:00,58.84,59.11,58.56,58.85,16062100
2024-11-18 19:00:00-05:00,58.89,59.57,58.63,59.54,16254800
2024-11-19 19:00:00-05:00,59.65,59.94,59.00,59.92,18904900
2024-11-20 19:00:00-05:00,60.07,60.70,59.88,60.66,17292300
2024-11-21 19:00:00-05:00,61.11,61.34,60.55,60.81,19562200
2024-11-24 19:00:00-05:00,61.19,61.56,60.73,61.25,36805300
2024-11-25 19:00:00-05:00,61.18,61.49,60.94,61.41,14473300
2024-11-26 19:00:00-05:00,61.80,61.93,61.12,61.29,13263400
2024-11-28 19:00:00-05:00,61.36,61.58,61.12,61.42,10648400
2024-12-01 19:00:00-05:00,61.39,61.53,60.72,61.01,16500100
2024-12-02 19:00:00-05:00,61.08,61.42,60.42,60.89,24874500
2024-12-03 19:00:00-05:00,60.66,60.72,59.33,59.63,28137700
2024-12-04 19:00:00-05:00,59.88,60.50,59.52,60.31,21040400
2024-12-05 19:00:00-05:00,60.22,60.73,59.92,59.94,15581100
2024-12-08 19:00:00-05:00,60.09,60.32,59.33,60.00,22348300
2024-12-09 19:00:00-05:00,60.10,60.43,59.23,60.30,14949400
2024-12-10 19:00:00-05:00,60.39,60.99,59.81,60.04,32819000
2024-12-11 19:00:00-05:00,60.91,61.27,60.60,61.19,17542100
2024-12-12 19:00:00-05:00,60.93,61.19,60.49,60.50,13429000
2024-12-15 19:00:00-05:00,60.61,61.21,59.76,59.96,24559700
2024-12-16 19:00:00-05:00,59.86,60.91,59.73,60.77,21902400
2024-12-17 19:00:00-05:00,60.20,61.00,60.19,60.24,20946100
2024-12-18 19:00:00-05:00,60.10,60.55,59.81,59.86,21300600
2024-12-19 19:00:00-05:00,59.88,60.44,59.70,59.96,42458100
2024-12-22 19:00:00-05:00,59.91,60.16,58.98,59.79,13010800
2024-12-23 19:00:00-05:00,59.62,60.23,59.44,60.23,5019100
2024-12-25 19:00:00-05:00,60.02,60.14,59.81,59.97,7943800
2024-12-26 19:00:00-05:00,59.86,60.34,59.63,59.86,8542800
2024-12-29 19:00:00-05:00,59.75,59.75,59.12,59.46,8972200
2024-12-30 19:00:00-05:00,59.45,59.84,59.24,59.68,9256700
2025-01-01 19:00:00-05:00,59.76,60.15,59.06,59.27,12991000
2025-01-02 19:00:00-05:00,59.33,59.50,59.06,59.19,10403200
2025-01-05 19:00:00-05:00,58.95,59.02,58.14,58.29,17924200
2025-01-06 19:00:00-05:00,58.58,59.16,58.11,58.32,17799600
2025-01-07 19:00:00-05:00,58.46,59.21,58.40,59.15,14412400
2025-01-09 19:00:00-05:00,59.03,59.09,58.21,58.54,22425000
2025-01-12 19:00:00-05:00,58.59,59.28,58.19,59.09,18016200
2025-01-13 19:00:00-05:00,59.10,59.50,58.76,59.47,16658300
2025-01-14 19:00:00-05:00,59.74,60.02,59.12,59.21,16187200
2025-01-15 19:00:00-05:00,58.87,59.72,58.78,59.67,12585500
2025-01-16 19:00:00-05:00,59.73,60.17,59.59,60.11,17948900
2025-01-20 19:00:00-05:00,60.29,60.61,59.72,59.83,19817100
2025-01-21 19:00:00-05:00,59.54,59.71,59.10,59.22,18191900
2025-01-22 19:00:00-05:00,59.24,59.41,58.82,58.98,16528400
2025-01-23 19:00:00-05:00,59.16,59.44,58.89,59.35,19244600
2025-01-26 19:00:00-05:00,60.26,61.52,59.88,61.22,20742900
2025-01-27 19:00:00-05:00,60.88,61.38,59.70,59.77,14956000
2025-01-28 19:00:00-05:00,59.97,60.73,59.96,60.22,11325600
2025-01-29 19:00:00-05:00,61.20,61.62,60.61,61.39,13201000
2025-01-30 19:00:00-05:00,61.06,61.28,60.76,60.85,12096800
2025-02-02 19:00:00-05:00,60.56,60.99,59.84,60.72,12067900
2025-02-03 19:00:00-05:00,60.97,60.99,59.76,60.07,15678000
2025-02-04 19:00:00-05:00,60.12,60.66,59.99,60.50,10686800
2025-02-05 19:00:00-05:00,60.98,61.10,60.30,60.73,13423400
2025-02-06 19:00:00-05:00,60.80,61.27,60.65,61.19,13184700
2025-02-09 19:00:00-05:00,61.44,61.97,61.02,61.87,16154300
2025-02-10 19:00:00-05:00,64.70,64.86,63.66,64.80,30589100
2025-02-11 19:00:00-05:00,64.10,65.97,64.10,65.86,26033800
2025-02-12 19:00:00-05:00,66.14,66.72,65.91,66.62,24393100
2025-02-13 19:00:00-05:00,66.48,67.13,65.91,66.01,20779100
2025-02-17 19:00:00-05:00,65.71,66.49,65.58,66.19,15569100
2025-02-18 19:00:00-05:00,66.34,67.22,66.30,67.16,16032300
2025-02-19 19:00:00-05:00,66.82,67.16,66.54,67.13,13398000
2025-02-20 19:00:00-05:00,67.40,68.63,67.22,68.39,21662300
2025-02-23 19:00:00-05:00,67.90,68.75,67.41,67.66,21418400
2025-02-24 19:00:00-05:00,67.92,68.79,67.80,68.52,21555600
2025-02-25 19:00:00-05:00,68.31,68.32,67.60,67.86,14531200
2025-02-26 19:00:00-05:00,67.79,68.57,67.50,67.93,16789500
2025-02-27 19:00:00-05:00,68.49,68.60,67.63,68.26,22167400
2025-03-02 19:00:00-05:00,67.33,69.36,66.84,69.32,21717600
2025-03-03 19:00:00-05:00,69.08,69.64,66.98,67.28,25411900
2025-03-04 19:00:00-05:00,67.00,67.81,66.94,67.17,23933600
2025-03-05 19:00:00-05:00,67.49,67.60,66.57,67.54,21694000
2025-03-06 19:00:00-05:00,66.76,68.84,66.76,68.47,28393300
2025-03-09 20:00:00-04:00,68.98,70.18,68.36,68.49,25251200
2025-03-10 20:00:00-04:00,68.90,69.05,67.68,68.09,28076400
2025-03-11 20:00:00-04:00,67.45,67.80,66.85,67.04,18923300
2025-03-12 20:00:00-04:00,67.34,67.34,66.41,66.73,15746600
2025-03-13 20:00:00-04:00,66.15,66.88,66.03,66.78,14205100
2025-03-16 20:00:00-04:00,66.86,67.76,66.70,67.71,15634800
2025-03-17 20:00:00-04:00,67.70,67.78,66.92,66.99,12657600
2025-03-18 20:00:00-04:00,66.19,66.99,66.18,66.90,14780000
2025-03-19 20:00:00-04:00,66.93,67.41,66.71,67.31,16295300
2025-03-20 20:00:00-04:00,67.31,67.56,65.83,66.31,47479500
2025-03-23 20:00:00-04:00,66.43,66.70,65.98,66.58,12575400
2025-03-24 20:00:00-04:00,66.58,66.70,66.24,66.44,12513900
2025-03-25 20:00:00-04:00,66.55,67.93,66.53,67.61,14478200
2025-03-26 20:00:00-04:00,67.77,68.55,67.66,68.31,11663400
2025-03-27 20:00:00-04:00,68.37,68.87,67.14,67.95,17412900
2025-03-30 20:00:00-04:00,68.30,69.46,68.06,69.16,24016900
2025-03-31 20:00:00-04:00,69.21,69.44,68.74,69.40,15309100
2025-04-01 20:00:00-04:00,69.48,69.87,68.61,68.88,14606500
2025-04-02 20:00:00-04:00,69.99,71.41,69.83,70.66,24959600
2025-04-03 20:00:00-04:00,69.93,70.50,67.39,67.52,26517300
2025-04-06 20:00:00-04:00,63.95,66.99,63.78,66.02,34258400
2025-04-07 20:00:00-04:00,66.59,67.57,65.43,66.07,22774400
2025-04-08 20:00:00-04:00,65.58,68.05,64.97,67.54,27918700
2025-04-09 20:00:00-04:00,67.78,68.76,66.61,68.33,22450200
2025-04-10 20:00:00-04:00,68.47,69.38,68.11,68.97,19988200
2025-04-13 20:00:00-04:00,68.85,70.16,68.49,69.96,13930200
2025-04-14 20:00:00-04:00,70.12,70.13,69.25,69.39,14965500
2025-04-15 20:00:00-04:00,69.87,70.17,68.93,69.21,15276200
2025-04-16 20:00:00-04:00,69.43,70.90,69.25,70.49,20754500
2025-04-20 20:00:00-04:00,70.86,70.94,69.35,70.27,16037200
2025-04-21 20:00:00-04:00,70.49,71.82,70.41,71.36,15613500
2025-04-22 20:00:00-04:00,70.77,71.41,69.89,70.78,16353900
2025-04-23 20:00:00-04:00,70.51,70.90,69.81,70.02,16893900
2025-04-24 20:00:00-04:00,70.15,70.41,68.68,69.44,16316000
2025-04-27 20:00:00-04:00,69.60,69.77,68.86,69.32,15997500
2025-04-28 20:00:00-04:00,68.74,70.21,67.86,69.86,16244100
2025-04-29 20:00:00-04:00,70.83,70.95,69.22,70.05,21074700
2025-04-30 20:00:00-04:00,69.52,69.56,68.78,68.84,18034200
2025-05-01 20:00:00-04:00,69.04,69.35,68.65,69.18,12629600
2025-05-04 20:00:00-04:00,69.20,69.33,68.57,69.23,11932700
2025-05-05 20:00:00-04:00,69.21,69.43,68.71,69.25,12705500
2025-05-06 20:00:00-04:00,69.25,70.19,69.20,69.91,15018200
2025-05-07 20:00:00-04:00,69.72,69.98,68.68,68.72,14371100
2025-05-08 20:00:00-04:00,68.55,68.70,68.04,68.09,11228900
2025-05-11 20:00:00-04:00,67.74,67.91,66.34,67.14,21539000
2025-05-12 20:00:00-04:00,67.20,67.29,66.50,66.59,14389100
2025-05-13 20:00:00-04:00,66.51,66.95,66.22,66.78,16286800
2025-05-14 20:00:00-04:00,67.30,69.26,67.21,69.15,19817100
2025-05-15 20:00:00-04:00,69.39,69.77,68.97,69.52,18441200
2025-05-18 20:00:00-04:00,69.55,69.69,69.18,69.46,13282800
2025-05-19 20:00:00-04:00,69.33,69.65,68.97,69.22,12137800
2025-05-20 20:00:00-04:00,69.22,69.60,69.12,69.38,12094400
2025-05-21 20:00:00-04:00,69.37,69.51,68.52,68.69,11101800
2025-05-22 20:00:00-04:00,69.08,69.50,68.26,69.30,12822100
2025-05-26 20:00:00-04:00,69.27,69.74,69.10,69.31,10666100
2025-05-27 20:00:00-04:00,69.23,69.43,68.61,68.70,8710900
2025-05-28 20:00:00-04:00,68.56,69.19,68.04,69.03,10291100
2025-05-29 20:00:00-04:00,69.15,69.98,69.15,69.62,28019500
2025-06-01 20:00:00-04:00,69.55,69.56,68.90,69.52,10202700
2025-06-02 20:00:00-04:00,69.24,69.31,68.05,68.71,20139800
2025-06-03 20:00:00-04:00,68.81,69.38,68.25,68.91,13565900
2025-06-04 20:00:00-04:00,68.92,69.00,68.39,68.47,13531400
2025-06-05 20:00:00-04:00,68.63,69.02,68.50,68.90,9524000
2025-06-08 20:00:00-04:00,68.90,69.36,68.64,69.30,12281300
2025-06-09 20:00:00-04:00,69.43,70.19,69.29,69.86,12265000
2025-06-10 20:00:00-04:00,69.78,69.87,69.29,69.59,12718500
2025-06-11 20:00:00-04:00,69.76,69.91,69.14,69.75,12806900
2025-06-12 20:00:00-04:00,69.79,69.90,68.78,69.06,17467200
2025-06-15 20:00:00-04:00,69.24,69.65,68.31,68.58,15045900
2025-06-16 20:00:00-04:00,68.44,68.52,67.66,67.70,15437000
2025-06-17 20:00:00-04:00,68.07,68.07,67.19,67.30,16227600
2025-06-19 20:00:00-04:00,67.19,67.64,66.89,66.94,40859400
2025-06-22 20:00:00-04:00,67.24,67.89,67.07,67.82,21822800
2025-06-23 20:00:00-04:00,68.01,68.41,67.77,68.28,15216100
2025-06-24 20:00:00-04:00,68.00,68.09,67.52,67.71,12540400
2025-06-25 20:00:00-04:00,67.78,67.99,67.25,67.56,14454100
2025-06-26 20:00:00-04:00,67.67,68.62,67.56,68.39,23470700
2025-06-29 20:00:00-04:00,68.20,68.84,68.16,68.80,15429000
2025-06-30 20:00:00-04:00,69.03,70.45,68.95,69.70,21729300
2025-07-01 20:00:00-04:00,69.72,69.85,68.79,68.96,13050200
2025-07-02 20:00:00-04:00,69.08,69.43,68.51,69.38,9440500
2025-07-06 20:00:00-04:00,69.40,69.40,68.85,69.05,16984700
2025-07-07 20:00:00-04:00,68.73,68.73,67.96,68.31,17115500
2025-07-08 20:00:00-04:00,68.23,68.32,67.07,67.57,33704100
2025-07-09 20:00:00-04:00,67.38,67.93,67.26,67.85,14608400
2025-07-10 20:00:00-04:00,67.65,68.23,67.34,67.95,12916700
2025-07-13 20:00:00-04:00,67.88,68.15,67.36,67.56,13983200
2025-07-14 20:00:00-04:00,67.60,67.63,67.25,67.45,12639800
2025-07-15 20:00:00-04:00,67.44,67.59,66.90,67.36,13178300
2025-07-16 20:00:00-04:00,67.89,68.74,67.60,68.65,20464700
2025-07-17 20:00:00-04:00,68.50,68.75,67.91,67.93,14928000
2025-07-20 20:00:00-04:00,68.26,68.68,68.00,68.14,17811700
2025-07-21 20:00:00-04:00,67.54,68.32,66.80,67.74,22339900
2025-07-22 20:00:00-04:00,67.74,67.82,66.71,67.26,21030000
2025-07-23 20:00:00-04:00,67.35,67.63,67.09,67.20,12511400
2025-07-24 20:00:00-04:00,67.23,67.32,66.86,67.26,12574800
2025-07-27 20:00:00-04:00,66.85,67.00,66.19,66.21,13668800
2025-07-28 20:00:00-04:00,66.46,67.51,66.27,67.47,16223400
2025-07-29 20:00:00-04:00,67.21,67.42,66.64,66.86,10448200
2025-07-30 20:00:00-04:00,66.27,66.76,65.87,66.02,17193400
2025-07-31 20:00:00-04:00,66.71,67.14,66.39,66.96,16107500
2025-08-03 20:00:00-04:00,66.83,67.18,66.43,67.06,10701500
2025-08-04 20:00:00-04:00,67.00,67.58,66.86,67.15,11993400
2025-08-05 20:00:00-04:00,67.22,67.88,66.74,67.60,10783000
2025-08-06 20:00:00-04:00,67.55,68.77,67.42,68.49,15790800
2025-08-07 20:00:00-04:00,68.42,68.92,68.15,68.40,9232700
2025-08-10 20:00:00-04:00,68.36,68.91,68.03,68.80,10909400
2025-08-11 20:00:00-04:00,68.87,69.10,68.29,68.76,11061100
2025-08-12 20:00:00-04:00,68.74,68.82,68.30,68.52,10356500
2025-08-13 20:00:00-04:00,68.44,68.52,67.48,67.63,10722400
2025-08-14 20:00:00-04:00,67.82,68.45,67.65,67.99,12381100
2025-08-17 20:00:00-04:00,68.05,68.12,67.15,67.23,14094900
2025-08-18 20:00:00-04:00,67.39,68.29,67.33,68.20,13862200
2025-08-19 20:00:00-04:00,68.79,69.74,68.47,68.75,17530800
2025-08-20 20:00:00-04:00,68.66,68.96,68.39,68.71,8840400
2025-08-21 20:00:00-04:00,69.01,69.06,67.99,68.20,12999600
2025-08-24 20:00:00-04:00,68.18,68.30,66.83,67.03,13634600
2025-08-25 20:00:00-04:00,67.14,67.18,66.69,66.84,17964200
2025-08-26 20:00:00-04:00,66.92,66.97,66.58,66.93,11562700
2025-08-27 20:00:00-04:00,66.98,67.00,66.40,66.48,16209900
2025-08-28 20:00:00-04:00,66.78,67.24,66.55,67.09,14601100
2025-09-01 20:00:00-04:00,67.06,67.43,66.38,67.16,24770100
2025-09-02 20:00:00-04:00,66.77,67.20,65.51,67.09,33581500
2025-09-03 20:00:00-04:00,67.21,67.55,66.23,66.37,16736000
2025-09-04 20:00:00-04:00,66.14,66.69,66.00,66.09,23978000
2025-09-07 20:00:00-04:00,65.99,66.01,65.31,65.57,21671700
2025-09-08 20:00:00-04:00,65.43,66.23,65.43,65.99,14120600
2025-09-09 20:00:00-04:00,65.92,66.21,65.36,65.95,16041900
2025-09-10 20:00:00-04:00,66.05,66.29,65.72,65.76,15128700
2025-09-11 20:00:00-04:00,65.74,65.85,65.10,65.16,18712400
2025-09-14 20:00:00-04:00,65.34,65.44,64.77,64.88,15986100
2025-09-15 20:00:00-04:00,65.02,65.17,64.73,64.91,18555900
2025-09-16 20:00:00-04:00,65.08,65.78,65.08,65.69,17372300
2025-09-17 20:00:00-04:00,65.46,65.69,65.02,65.13,17722900
2025-09-18 20:00:00-04:00,65.15,65.39,64.72,65.10,31192900
2025-09-21 20:00:00-04:00,64.83,65.25,64.75,64.88,13298700
2025-09-22 20:00:00-04:00,65.02,65.42,64.58,65.37,15072800
2025-09-23 20:00:00-04:00,65.08,65.44,64.64,65.12,14759300
2025-09-24 20:00:00-04:00,65.41,65.58,64.63,64.65,14395000
2025-09-25 20:00:00-04:00,64.74,65.00,64.18,64.35,17821600
2025-09-28 20:00:00-04:00,64.35,64.77,64.04,64.71,14818500
2025-09-29 20:00:00-04:00,64.74,65.30,64.64,64.99,13815000
2025-09-30 20:00:00-04:00,65.17,65.49,64.96,65.44,14877500
2025-10-01 20:00:00-04:00,65.19,65.31,64.54,64.77,14350700
2025-10-02 20:00:00-04:00,64.77,65.64,64.71,65.31,12249200
2025-10-05 20:00:00-04:00,65.15,65.16,64.52,64.77,14333300
2025-10-06 20:00:00-04:00,64.89,65.91,64.55,65.45,13328300
2025-10-07 20:00:00-04:00,65.33,65.53,64.73,64.79,12606700
2025-10-08 20:00:00-04:00,64.96,65.46,64.79,65.04,12705200
2025-10-09 20:00:00-04:00,65.18,66.05,65.05,65.69,17991700
2025-10-12 20:00:00-04:00,64.90,65.46,64.67,65.46,13690000
2025-10-13 20:00:00-04:00,65.53,66.21,65.41,66.15,14245600
2025-10-14 20:00:00-04:00,65.92,66.36,65.58,65.73,11193700
2025-10-15 20:00:00-04:00,65.83,66.74,65.81,66.23,15707200
2025-10-16 20:00:00-04:00,66.63,67.12,66.44,67.07,15541800
2025-10-19 20:00:00-04:00,67.06,67.26,66.56,67.07,17786800
2025-10-20 20:00:00-04:00,69.15,69.96,68.82,69.79,33651300
2025-10-21 20:00:00-04:00,69.93,70.18,69.09,69.39,18293000
2025-10-22 20:00:00-04:00,69.39,69.51,68.32,68.54,13989400
2025-10-23 20:00:00-04:00,68.51,68.64,68.25,68.31,15688200
2025-10-26 20:00:00-04:00,68.38,68.71,67.86,68.65,13800000
2025-10-27 20:00:00-04:00,68.64,69.48,68.55,68.75,12730500
2025-10-28 20:00:00-04:00,68.52,68.62,66.79,66.98,19789600
2025-10-29 20:00:00-04:00,67.08,67.90,67.02,67.59,14751700
2025-10-30 20:00:00-04:00,67.17,67.68,66.54,67.52,16742700
2025-11-02 19:00:00-05:00,67.42,67.51,66.30,66.60,15660400
2025-11-03 19:00:00-05:00,67.09,67.35,66.79,67.28,12743800
2025-11-04 19:00:00-05:00,67.28,67.45,66.81,67.13,12850100
2025-11-05 19:00:00-05:00,66.93,67.75,66.56,67.67,15906700
2025-11-06 19:00:00-05:00,68.41,69.45,68.02,69.13,25108300
2025-11-09 19:00:00-05:00,68.60,69.24,68.05,69.10,15318000
2025-11-10 19:00:00-05:00,69.55,70.31,69.24,70.17,16160200
2025-11-11 19:00:00-05:00,70.05,70.45,69.91,70.07,13612600
2025-11-12 19:00:00-05:00,69.99,70.23,69.57,69.64,14002800
2025-11-13 19:00:00-05:00,69.98,70.20,69.18,69.73,13172000
2025-11-16 19:00:00-05:00,69.77,70.09,69.20,69.26,14772300
2025-11-17 19:00:00-05:00,69.56,69.91,69.15,69.79,12838900
2025-11-18 19:00:00-05:00,69.77,70.02,69.39,69.68,12401500
2025-11-19 19:00:00-05:00,69.53,70.04,69.19,69.78,15396500
2025-11-20 19:00:00-05:00,70.24,71.72,70.05,71.48,26492500
2025-11-23 19:00:00-05:00,71.69,71.69,70.13,71.13,39818600
2025-11-24 19:00:00-05:00,71.34,71.47,70.69,71.15,17451200
2025-11-25 19:00:00-05:00,71.14,71.62,70.94,71.42,11795100
2025-11-27 19:00:00-05:00,71.53,71.76,71.30,71.65,7423000
2025-11-30 19:00:00-05:00,71.64,71.95,70.98,71.00,14388100
2025-12-01 19:00:00-05:00,70.85,70.85,69.50,69.74,19871300
2025-12-02 19:00:00-05:00,69.94,70.46,69.68,69.88,17001700
2025-12-03 19:00:00-05:00,69.90,70.40,69.44,69.52,17710000
2025-12-04 19:00:00-05:00,69.39,69.78,68.95,69.08,13978200
2025-12-07 19:00:00-05:00,68.92,69.45,68.57,69.32,17775100
2025-12-08 19:00:00-05:00,69.44,69.70,68.91,69.16,13010600
2025-12-09 19:00:00-05:00,69.46,69.60,68.86,69.28,29789400
2025-12-10 19:00:00-05:00,69.62,69.76,67.88,68.20,23124200
2025-12-11 19:00:00-05:00,68.20,69.69,68.13,69.59,18444500
2025-12-14 19:00:00-05:00,69.50,70.38,69.39,70.03,18660100
2025-12-15 19:00:00-05:00,70.36,70.36,69.39,69.44,17370000
2025-12-16 19:00:00-05:00,69.64,69.98,69.38,69.74,13672700
2025-12-17 19:00:00-05:00,69.34,69.87,69.24,69.43,15524800
2025-12-18 19:00:00-05:00,69.14,69.84,69.11,69.14,36911100
2025-12-21 19:00:00-05:00,69.01,69.29,68.74,69.28,12828500
2025-12-22 19:00:00-05:00,69.27,69.33,68.77,68.95,9471000
2025-12-23 19:00:00-05:00,68.98,69.23,68.83,69.18,4515300
2025-12-25 19:00:00-05:00,69.03,69.23,68.81,68.95,5711400
2025-12-28 19:00:00-05:00,69.08,69.49,68.93,69.23,9686900
2025-12-29 19:00:00-05:00,69.08,69.31,68.88,69.15,8610900
2025-12-30 19:00:00-05:00,69.15,69.23,68.96,68.99,8127800
2026-01-01 19:00:00-05:00,68.93,68.95,68.07,68.21,12151300
2026-01-04 19:00:00-05:00,68.01,68.01,67.02,67.04,21186600
2026-01-05 19:00:00-05:00,67.11,67.35,66.70,66.94,21019900
2026-01-06 19:00:00-05:00,67.09,67.17,66.38,66.65,20223400
2026-01-07 19:00:00-05:00,66.65,68.54,66.56,68.45,19237000
2026-01-08 19:00:00-05:00,68.51,69.73,68.21,69.58,19638600
2026-01-11 19:00:00-05:00,69.96,70.03,69.31,69.57,20582500
2026-01-12 19:00:00-05:00,69.49,70.30,69.34,70.30,18324800
2026-01-13 19:00:00-05:00,70.23,70.76,69.88,70.50,16739100
2026-01-14 19:00:00-05:00,70.65,70.65,69.44,69.55,15464100
2026-01-15 19:00:00-05:00,69.36,69.81,69.12,69.51,20027500
2026-01-19 19:00:00-05:00,69.08,70.83,68.87,70.80,22152200
2026-01-20 19:00:00-05:00,71.03,71.29,69.90,71.06,21660600
2026-01-21 19:00:00-05:00,70.88,71.09,70.50,70.92,13962800
2026-01-22 19:00:00-05:00,71.07,72.10,70.83,71.92,18307100
2026-01-25 19:00:00-05:00,71.90,72.33,71.58,71.60,14017400
2026-01-26 19:00:00-05:00,71.48,72.59,71.32,72.58,13239200
2026-01-27 19:00:00-05:00,72.24,72.65,71.61,72.10,14633700
2026-01-28 19:00:00-05:00,72.21,73.11,72.17,72.46,20862100
2026-01-29 19:00:00-05:00,72.74,73.91,72.57,73.82,26420500
2026-02-01 19:00:00-05:00,74.02,74.70,73.42,74.34,19301500
2026-02-02 19:00:00-05:00,74.28,76.48,74.14,75.88,27007100
2026-02-03 19:00:00-05:00,76.25,77.08,76.06,76.33,28607300
2026-02-04 19:00:00-05:00,76.79,77.82,76.57,77.47,21633500
2026-02-05 19:00:00-05:00,77.46,78.15,77.23,77.99,18512400
2026-02-08 19:00:00-05:00,77.63,78.07,76.52,76.94,23415600
2026-02-09 19:00:00-05:00,75.62,76.49,75.01,75.80,28848200
2026-02-10 19:00:00-05:00,75.87,78.01,75.57,77.56,22649700
2026-02-11 19:00:00-05:00,77.94,79.35,77.75,77.96,26043500
2026-02-12 19:00:00-05:00,77.41,78.35,77.10,77.64,16711900
2026-02-16 19:00:00-05:00,77.95,78.59,77.70,78.51,16260200
2026-02-17 19:00:00-05:00,78.45,78.79,77.88,78.44,16304900
2026-02-18 19:00:00-05:00,78.41,78.62,77.55,77.87,14924700
2026-02-19 19:00:00-05:00,78.28,78.79,77.85,78.79,17175100
2026-02-22 19:00:00-05:00,78.47,79.78,78.45,79.50,17157700
2026-02-23 19:00:00-05:00,79.48,80.02,78.80,79.65,16448500
2026-02-24 19:00:00-05:00,79.34,79.62,78.51,79.41,18086900
2026-02-25 19:00:00-05:00,79.68,79.82,78.96,79.44,12843200
2026-02-26 19:00:00-05:00,79.87,80.92,79.75,80.48,28483500
2026-03-01 19:00:00-05:00,80.18,80.33,79.09,79.16,18137200
2026-03-02 19:00:00-05:00,78.81,79.02,77.52,78.29,20549300
2026-03-03 19:00:00-05:00,78.24,78.42,76.72,77.07,21011800
2026-03-04 19:00:00-05:00,76.65,76.69,75.49,76.01,23165700
2026-03-05 19:00:00-05:00,75.79,76.17,75.34,76.02,15516000
2026-03-08 20:00:00-04:00,75.61,77.04,75.52,76.77,18554100
2026-03-09 20:00:00-04:00,76.46,77.37,76.08,76.85,17243900
2026-03-10 20:00:00-04:00,76.68,76.68,75.59,76.61,11546800
2026-03-11 20:00:00-04:00,76.40,77.13,75.88,76.59,16842200
2026-03-12 20:00:00-04:00,76.97,77.55,76.69,76.84,11974500
2026-03-15 20:00:00-04:00,77.50,77.93,77.24,77.32,11761200
2026-03-16 20:00:00-04:00,77.50,77.80,76.95,77.08,14900100
2026-03-17 20:00:00-04:00,76.59,76.64,75.36,75.48,13134600
2026-03-18 20:00:00-04:00,75.51,75.96,75.05,75.07,13023300
2026-03-19 20:00:00-04:00,75.09,75.56,73.91,74.27,33298700
2026-03-22 20:00:00-04:00,74.86,74.97,74.07,74.63,15054900
2026-03-23 20:00:00-04:00,74.38,75.20,74.15,74.19,15653700
2026-03-24 20:00:00-04:00,74.11,75.16,73.59,74.77,14787900
2026-03-25 20:00:00-04:00,74.71,75.26,74.17,74.21,11202100
2026-03-26 20:00:00-04:00,74.34,75.56,74.22,75.22,17461000
2026-03-29 20:00:00-04:00,75.44,76.51,75.23,75.78,18502800
2026-03-30 20:00:00-04:00,76.04,76.53,75.03,75.56,18301800
2026-03-31 20:00:00-04:00,75.66,75.87,74.78,75.59,15834300
2026-04-01 20:00:00-04:00,76.09,76.47,75.63,76.23,14573400
2026-04-05 20:00:00-04:00,76.15,76.78,75.73,76.72,8259900
2026-04-06 20:00:00-04:00,76.70,77.10,75.14,75.42,12769200
2026-04-07 20:00:00-04:00,75.32,76.87,74.84,76.79,12331300
2026-04-08 20:00:00-04:00,76.16,77.79,75.88,77.68,14311000
2026-04-09 20:00:00-04:00,77.48,77.67,76.81,76.97,11081400
2026-04-12 20:00:00-04:00,76.82,76.95,75.34,75.92,12696200
2026-04-13 20:00:00-04:00,75.48,76.13,75.31,75.41,12397600
2026-04-14 20:00:00-04:00,75.25,75.25,74.24,74.83,16212100
2026-04-15 20:00:00-04:00,74.55,75.35,74.42,74.70,11501900
2026-04-16 20:00:00-04:00,74.47,75.57,74.32,75.25,15033900
2026-04-19 20:00:00-04:00,75.33,75.73,74.88,75.00,10141800
2026-04-20 20:00:00-04:00,75.00,75.05,74.14,74.22,11806900
2026-04-21 20:00:00-04:00,74.42,74.90,74.07,74.15,9352300
2026-04-22 20:00:00-04:00,74.96,76.17,74.68,75.79,12060300
2026-04-23 20:00:00-04:00,76.22,76.52,75.68,76.14,12008700
2026-04-26 20:00:00-04:00,76.22,76.22,74.92,74.96,15812200
2026-04-27 20:00:00-04:00,79.01,79.80,77.58,77.85,30710700
2026-04-28 20:00:00-04:00,77.87,78.77,77.69,78.36,18294700
2026-04-29 20:00:00-04:00,78.29,78.61,77.83,78.25,15142200
2026-04-30 20:00:00-04:00,78.78,79.13,77.54,78.08,12610400
2026-05-03 20:00:00-04:00,77.56,78.26,77.23,77.69,12672400
2026-05-04 20:00:00-04:00,77.69,78.27,77.24,77.98,11637500
2026-05-05 20:00:00-04:00,78.27,78.82,78.07,78.72,14060300
2026-05-06 20:00:00-04:00,78.28,78.64,77.60,77.93,16531400
2026-05-07 20:00:00-04:00,78.07,78.69,77.62,77.92,12447200
2026-05-10 20:00:00-04:00,77.66,78.22,77.34,78.16,10967900
2026-05-11 20:00:00-04:00,78.49,79.80,77.78,79.52,19883100
2026-05-12 20:00:00-04:00,79.36,80.51,79.33,79.75,12357000
2026-05-13 20:00:00-04:00,80.21,80.40,79.40,79.93,10642000
2026-05-14 20:00:00-04:00,80.84,80.84,79.93,80.30,17527200
2026-05-17 20:00:00-04:00,80.35,80.87,79.87,80.68,12375500
2026-05-18 20:00:00-04:00,80.89,82.13,80.74,81.39,16595200
2026-05-19 20:00:00-04:00,81.64,81.87,81.00,81.03,16999700
2026-05-20 20:00:00-04:00,81.27,81.28,80.20,80.65,15708400
2026-05-21 20:00:00-04:00,80.66,81.16,80.40,80.96,8240200
2026-05-25 20:00:00-04:00,80.32,81.08,79.73,79.94,13004200
2026-05-26 20:00:00-04:00,80.58,81.98,80.28,81.10,13209600
2026-05-27 20:00:00-04:00,80.80,81.24,79.82,79.89,14691400
2026-05-28 20:00:00-04:00,79.53,79.81,78.40,78.50,32477000
2026-05-31 20:00:00-04:00,78.08,78.69,77.93,78.14,12776300
2026-06-01 20:00:00-04:00,78.37,78.69,77.75,77.91,12533200
2026-06-02 20:00:00-04:00,77.79,78.52,77.61,78.25,14964300
2026-06-03 20:00:00-04:00,79.27,79.53,76.32,76.33,19361600
2026-06-04 20:00:00-04:00,77.01,80.22,76.98,78.97,25708100
2026-06-07 20:00:00-04:00,78.80,79.42,78.59,79.03,12828900
2026-06-08 20:00:00-04:00,79.04,81.24,78.87,80.82,20591600
2026-06-09 20:00:00-04:00,82.15,83.31,81.59,83.05,20880500
2026-06-10 20:00:00-04:00,83.38,83.50,81.96,82.00,14264500
2026-06-11 20:00:00-04:00,82.18,82.36,81.34,82.09,11757700
2026-06-14 20:00:00-04:00,81.08,81.20,80.25,80.91,20055200
2026-06-15 20:00:00-04:00,81.15,81.39,79.84,80.28,17565100
2026-06-16 20:00:00-04:00,79.95,80.33,78.99,79.93,17055400
2026-06-17 20:00:00-04:00,79.87,80.01,78.74,79.39,46857900
2026-06-21 20:00:00-04:00,79.25,80.06,79.06,79.53,21205900
2026-06-22 20:00:00-04:00,81.33,81.33,79.83,80.31,16854000
2026-06-23 20:00:00-04:00,80.89,81.58,80.56,80.60,20632600
2026-06-24 20:00:00-04:00,80.53,81.38,79.97,80.42,16021400
2026-06-25 20:00:00-04:00,80.96,82.81,80.70,82.63,53357500
2026-06-28 20:00:00-04:00,82.83,83.62,82.21,82.65,15012400
