Date,Open,High,Low,Close,Volume
2018-07-01 20:00:00-04:00,52.35,53.15,52.35,53.06,1090200
2018-07-02 20:00:00-04:00,53.26,53.46,52.86,52.92,453900
2018-07-04 20:00:00-04:00,53.13,53.30,52.60,53.27,698200
2018-07-05 20:00:00-04:00,53.31,54.05,53.25,53.77,1143800
2018-07-08 20:00:00-04:00,53.99,54.86,53.74,54.81,686700
2018-07-09 20:00:00-04:00,54.81,55.19,54.59,54.75,814400
2018-07-10 20:00:00-04:00,54.34,55.12,54.30,54.90,671100
2018-07-11 20:00:00-04:00,54.96,55.88,54.95,55.81,695100
2018-07-12 20:00:00-04:00,55.60,55.91,55.54,55.78,428100
2018-07-15 20:00:00-04:00,55.91,56.20,55.67,55.84,348500
2018-07-16 20:00:00-04:00,55.44,57.02,55.40,56.81,1373500
2018-07-17 20:00:00-04:00,56.73,57.00,56.30,56.75,754600
2018-07-18 20:00:00-04:00,56.56,57.55,56.56,57.23,843300
2018-07-19 20:00:00-04:00,57.26,57.72,56.96,57.49,520500
2018-07-22 20:00:00-04:00,57.41,57.88,56.84,57.66,978400
2018-07-23 20:00:00-04:00,57.96,58.07,55.99,56.49,1217900
2018-07-24 20:00:00-04:00,56.44,57.12,56.22,56.96,1072500
2018-07-25 20:00:00-04:00,56.74,61.91,56.37,60.95,2926100
2018-07-26 20:00:00-04:00,61.31,61.35,60.52,61.18,1165800
2018-07-29 20:00:00-04:00,61.45,61.66,59.83,60.38,1157600
2018-07-30 20:00:00-04:00,60.61,61.30,60.18,61.14,1047500
2018-07-31 20:00:00-04:00,61.24,61.36,60.77,61.32,966900
2018-08-01 20:00:00-04:00,60.71,61.97,60.51,61.83,800300
2018-08-02 20:00:00-04:00,61.52,62.27,61.30,62.18,672500
2018-08-05 20:00:00-04:00,62.20,62.70,61.83,62.26,750100
2018-08-06 20:00:00-04:00,62.55,62.55,62.06,62.35,676600
2018-08-07 20:00:00-04:00,62.50,63.52,62.08,63.38,784900
2018-08-08 20:00:00-04:00,63.34,63.60,63.03,63.12,955100
2018-08-09 20:00:00-04:00,62.85,63.25,62.56,63.04,433400
2018-08-12 20:00:00-04:00,63.20,63.56,62.70,62.80,790300
2018-08-13 20:00:00-04:00,63.00,63.89,62.98,63.50,546800
2018-08-14 20:00:00-04:00,63.34,63.49,62.84,63.10,561800
2018-08-15 20:00:00-04:00,63.52,63.76,63.18,63.26,651700
2018-08-16 20:00:00-04:00,63.36,64.18,63.12,64.09,892100
2018-08-19 20:00:00-04:00,64.15,64.49,63.79,63.91,766400
2018-08-20 20:00:00-04:00,64.12,64.60,63.91,64.33,770000
2018-08-21 20:00:00-04:00,64.02,64.37,63.68,63.76,887300
2018-08-22 20:00:00-04:00,63.74,63.74,61.89,62.13,2128500
2018-08-23 20:00:00-04:00,62.16,62.92,61.75,62.73,1037800
2018-08-26 20:00:00-04:00,62.94,63.44,62.83,63.34,558900
2018-08-27 20:00:00-04:00,63.53,63.53,62.81,62.91,525600
2018-08-28 20:00:00-04:00,62.94,63.86,62.73,63.56,564600
2018-08-29 20:00:00-04:00,63.37,63.69,63.19,63.45,641600
2018-08-30 20:00:00-04:00,63.35,63.72,62.91,63.24,967000
2018-09-03 20:00:00-04:00,63.26,63.76,62.81,63.65,925100
2018-09-04 20:00:00-04:00,63.57,63.62,63.12,63.20,877700
2018-09-05 20:00:00-04:00,63.12,63.59,62.78,63.40,478900
2018-09-06 20:00:00-04:00,63.28,63.28,62.16,62.40,963000
2018-09-09 20:00:00-04:00,62.80,63.03,62.08,62.55,825500
2018-09-10 20:00:00-04:00,62.34,63.16,62.23,62.74,818100
2018-09-11 20:00:00-04:00,62.68,63.07,62.47,62.74,763800
2018-09-12 20:00:00-04:00,62.87,63.43,62.77,63.34,849500
2018-09-13 20:00:00-04:00,63.45,64.04,63.34,63.88,1216900
2018-09-16 20:00:00-04:00,63.95,64.13,63.19,63.35,1219000
2018-09-17 20:00:00-04:00,63.30,63.64,62.85,63.05,686900
2018-09-18 20:00:00-04:00,63.11,63.18,61.07,61.43,834300
2018-09-19 20:00:00-04:00,61.62,61.90,60.80,61.71,1558700
2018-09-20 20:00:00-04:00,61.88,62.70,61.74,62.62,3340100
2018-09-23 20:00:00-04:00,62.38,62.63,60.89,61.04,1264100
2018-09-24 20:00:00-04:00,61.41,61.81,60.97,61.79,1194100
2018-09-25 20:00:00-04:00,61.86,62.36,60.90,60.98,793100
2018-09-26 20:00:00-04:00,60.89,61.63,60.82,61.42,856600
2018-09-27 20:00:00-04:00,61.34,62.20,61.21,62.08,1153600
2018-09-30 20:00:00-04:00,62.42,62.42,60.78,60.91,772400
2018-10-01 20:00:00-04:00,60.91,61.60,60.67,61.51,563400
2018-10-02 20:00:00-04:00,61.55,61.80,60.72,60.79,359700
2018-10-03 20:00:00-04:00,60.62,60.84,60.22,60.77,476900
2018-10-04 20:00:00-04:00,60.83,61.54,60.36,60.60,477700
2018-10-07 20:00:00-04:00,60.49,60.59,59.83,60.31,347400
2018-10-08 20:00:00-04:00,60.03,60.67,59.90,60.32,514400
2018-10-09 20:00:00-04:00,60.02,60.44,59.24,59.27,1314100
2018-10-10 20:00:00-04:00,59.00,59.31,58.02,58.12,994400
2018-10-11 20:00:00-04:00,59.15,59.15,57.41,58.42,866100
2018-10-14 20:00:00-04:00,57.85,59.50,57.85,59.14,688600
2018-10-15 20:00:00-04:00,59.58,60.76,59.04,60.71,557400
2018-10-16 20:00:00-04:00,60.65,60.95,60.18,60.77,1129000
2018-10-17 20:00:00-04:00,60.68,60.99,59.69,59.88,1056900
2018-10-18 20:00:00-04:00,60.10,61.13,60.10,60.65,765000
2018-10-21 20:00:00-04:00,60.70,61.06,60.01,60.27,1223600
2018-10-22 20:00:00-04:00,59.42,60.11,58.38,59.66,1050700
2018-10-23 20:00:00-04:00,59.51,59.55,56.20,56.20,1592000
2018-10-24 20:00:00-04:00,56.07,57.17,53.51,54.95,1876000
2018-10-25 20:00:00-04:00,54.05,55.29,53.34,54.96,1420900
2018-10-28 20:00:00-04:00,55.63,57.31,54.98,55.50,1903600
2018-10-29 20:00:00-04:00,55.53,56.71,55.39,56.66,899700
2018-10-30 20:00:00-04:00,57.20,58.65,57.14,58.15,1102600
2018-10-31 20:00:00-04:00,58.34,58.55,56.74,56.87,1442300
2018-11-01 20:00:00-04:00,57.19,57.44,55.75,56.01,1157700
2018-11-04 19:00:00-05:00,56.11,56.59,55.60,56.16,985900
2018-11-05 19:00:00-05:00,56.33,57.64,55.85,57.01,999900
2018-11-06 19:00:00-05:00,57.65,59.00,57.29,58.93,900400
2018-11-07 19:00:00-05:00,58.78,59.31,58.51,59.09,1000300
2018-11-08 19:00:00-05:00,58.89,59.39,58.50,58.55,739300
2018-11-11 19:00:00-05:00,58.43,59.04,57.58,57.79,1058900
2018-11-12 19:00:00-05:00,58.04,58.27,57.58,57.86,817600
2018-11-13 19:00:00-05:00,58.25,58.54,56.74,56.81,879700
2018-11-14 19:00:00-05:00,56.55,57.98,56.55,57.76,982800
2018-11-15 19:00:00-05:00,57.46,58.37,57.38,58.07,957800
2018-11-18 19:00:00-05:00,57.83,57.90,56.98,57.37,1027200
2018-11-19 19:00:00-05:00,56.50,57.14,56.02,56.05,1018900
2018-11-20 19:00:00-05:00,56.20,57.23,56.03,56.59,667200
2018-11-22 19:00:00-05:00,56.12,57.12,56.05,56.46,182800
2018-11-25 19:00:00-05:00,56.90,57.42,56.43,57.27,1403200
2018-11-26 19:00:00-05:00,57.10,57.22,56.33,56.33,938500
2018-11-27 19:00:00-05:00,56.66,56.95,56.00,56.75,1211900
2018-11-28 19:00:00-05:00,56.52,56.82,55.67,55.72,1210900
2018-11-29 19:00:00-05:00,55.73,56.58,55.67,56.55,1831400
2018-12-02 19:00:00-05:00,57.29,57.42,55.77,56.17,1138700
2018-12-03 19:00:00-05:00,56.06,56.07,52.77,52.91,1450700
2018-12-05 19:00:00-05:00,52.30,54.12,51.77,54.09,1267700
2018-12-06 19:00:00-05:00,53.81,54.16,52.56,52.84,638100
2018-12-09 19:00:00-05:00,53.26,53.91,52.56,53.39,694200
2018-12-10 19:00:00-05:00,54.07,54.26,52.18,52.58,716900
2018-12-11 19:00:00-05:00,53.37,54.10,53.14,53.39,935000
2018-12-12 19:00:00-05:00,53.55,53.60,52.32,52.46,710700
2018-12-13 19:00:00-05:00,52.13,52.33,51.20,51.49,1033200
2018-12-16 19:00:00-05:00,51.22,51.67,49.88,50.10,1203300
2018-12-17 19:00:00-05:00,50.48,50.68,49.87,50.05,1389900
2018-12-18 19:00:00-05:00,50.04,50.53,48.86,49.18,860700
2018-12-19 19:00:00-05:00,48.99,49.58,47.94,48.40,1182500
2018-12-20 19:00:00-05:00,48.35,48.72,45.89,46.40,3625600
2018-12-23 19:00:00-05:00,45.91,46.40,45.47,45.62,656700
2018-12-25 19:00:00-05:00,45.94,47.33,45.43,47.28,762800
2018-12-26 19:00:00-05:00,46.65,47.45,46.00,47.44,1510100
2018-12-27 19:00:00-05:00,47.52,47.90,46.80,47.29,868200
2018-12-30 19:00:00-05:00,47.56,47.81,46.73,47.58,776900
2019-01-01 19:00:00-05:00,46.91,47.56,46.29,46.98,583900
2019-01-02 19:00:00-05:00,46.48,46.73,45.72,46.33,1005800
2019-01-03 19:00:00-05:00,47.09,48.63,47.09,48.18,1456100
2019-01-06 19:00:00-05:00,48.30,48.55,47.79,48.29,1376800
2019-01-07 19:00:00-05:00,48.77,49.07,48.11,48.66,577600
2019-01-08 19:00:00-05:00,48.95,49.60,48.20,49.25,935800
2019-01-09 19:00:00-05:00,49.10,49.57,48.81,49.56,406400
2019-01-10 19:00:00-05:00,49.26,50.13,49.01,50.02,510000
2019-01-13 19:00:00-05:00,49.63,50.32,49.44,49.94,820200
2019-01-14 19:00:00-05:00,49.94,50.24,49.70,49.99,453000
2019-01-15 19:00:00-05:00,50.18,50.72,49.73,49.89,613500
2019-01-16 19:00:00-05:00,49.88,51.08,49.63,50.62,739600
2019-01-17 19:00:00-05:00,51.17,51.70,50.82,51.34,1011200
2019-01-21 19:00:00-05:00,51.00,51.27,50.29,50.65,546100
2019-01-22 19:00:00-05:00,50.91,51.13,50.19,50.68,547900
2019-01-23 19:00:00-05:00,50.77,51.25,50.62,50.88,405500
2019-01-24 19:00:00-05:00,51.11,51.83,51.01,51.49,497200
2019-01-27 19:00:00-05:00,51.13,51.82,51.10,51.53,406300
2019-01-28 19:00:00-05:00,51.60,52.14,51.58,51.91,599800
2019-01-29 19:00:00-05:00,52.21,52.97,51.74,52.52,604900
2019-01-30 19:00:00-05:00,52.38,52.83,52.12,52.35,1161800
2019-01-31 19:00:00-05:00,52.53,53.50,52.23,53.38,972200
2019-02-03 19:00:00-05:00,53.40,54.81,53.40,54.80,1165100
2019-02-04 19:00:00-05:00,54.84,55.41,54.74,55.31,872800
2019-02-05 19:00:00-05:00,55.19,55.74,54.96,55.47,1316000
2019-02-06 19:00:00-05:00,55.25,56.72,54.94,56.61,1020400
2019-02-07 19:00:00-05:00,56.12,56.89,55.76,56.03,1077500
2019-02-10 19:00:00-05:00,56.20,56.36,55.76,55.90,1179700
2019-02-11 19:00:00-05:00,56.23,56.23,55.73,55.98,1073300
2019-02-12 19:00:00-05:00,56.21,56.51,55.97,56.16,1230500
2019-02-13 19:00:00-05:00,56.16,56.53,55.69,56.26,844800
2019-02-14 19:00:00-05:00,56.64,57.44,56.50,57.19,1653600
2019-02-18 19:00:00-05:00,55.87,56.69,53.91,56.24,2484200
2019-02-19 19:00:00-05:00,56.05,56.21,54.79,55.67,1579200
2019-02-20 19:00:00-05:00,55.80,57.47,55.67,56.82,1962500
2019-02-21 19:00:00-05:00,57.23,58.30,56.76,58.21,1255100
2019-02-24 19:00:00-05:00,58.58,58.85,58.26,58.36,1009800
2019-02-25 19:00:00-05:00,58.35,58.54,57.34,57.36,896800
2019-02-26 19:00:00-05:00,57.32,57.93,57.08,57.69,970400
2019-02-27 19:00:00-05:00,57.70,58.40,57.58,58.30,1076000
2019-02-28 19:00:00-05:00,58.60,58.88,57.97,58.65,1047900
2019-03-03 19:00:00-05:00,58.67,58.91,57.36,57.85,1192200
2019-03-04 19:00:00-05:00,57.75,57.93,57.24,57.38,857600
2019-03-05 19:00:00-05:00,57.28,57.40,56.78,56.89,1088500
2019-03-06 19:00:00-05:00,56.68,56.75,55.80,56.35,966800
2019-03-07 19:00:00-05:00,55.81,56.41,55.72,56.36,922900
2019-03-10 20:00:00-04:00,56.53,57.18,56.45,57.02,717400
2019-03-11 20:00:00-04:00,57.02,57.27,56.82,56.89,488100
2019-03-12 20:00:00-04:00,57.37,57.38,56.66,57.18,1149400
2019-03-13 20:00:00-04:00,57.29,57.45,56.88,56.91,653100
2019-03-14 20:00:00-04:00,56.92,57.32,56.81,57.00,1465500
2019-03-17 20:00:00-04:00,57.18,57.68,57.04,57.59,833800
2019-03-18 20:00:00-04:00,57.75,57.88,57.31,57.42,454900
2019-03-19 20:00:00-04:00,57.35,57.85,56.92,57.39,753500
2019-03-20 20:00:00-04:00,56.94,58.14,56.86,57.83,418600
2019-03-21 20:00:00-04:00,57.60,57.79,56.37,57.14,1012200
2019-03-24 20:00:00-04:00,56.90,57.30,56.55,56.81,714000
2019-03-25 20:00:00-04:00,56.90,57.76,56.83,57.49,848800
2019-03-26 20:00:00-04:00,57.56,57.93,57.04,57.39,1564800
2019-03-27 20:00:00-04:00,57.59,57.95,57.31,57.81,415200
2019-03-28 20:00:00-04:00,58.10,58.48,57.86,58.14,779800
2019-03-31 20:00:00-04:00,58.51,58.93,58.20,58.86,929100
2019-04-01 20:00:00-04:00,58.83,58.93,57.68,57.73,993800
2019-04-02 20:00:00-04:00,58.13,58.36,57.58,57.77,1055300
2019-04-03 20:00:00-04:00,57.88,58.25,57.72,58.04,789500
2019-04-04 20:00:00-04:00,58.27,58.70,58.04,58.60,740400
2019-04-07 20:00:00-04:00,58.40,58.82,57.94,58.78,477300
2019-04-08 20:00:00-04:00,58.52,58.76,57.84,58.06,551100
2019-04-09 20:00:00-04:00,58.06,58.75,57.72,58.62,675400
2019-04-10 20:00:00-04:00,58.82,59.40,58.66,59.19,658900
2019-04-11 20:00:00-04:00,59.32,59.42,58.81,59.27,791700
2019-04-14 20:00:00-04:00,59.27,59.46,58.73,58.93,641400
2019-04-15 20:00:00-04:00,59.05,59.18,58.68,59.08,413000
2019-04-16 20:00:00-04:00,59.15,59.34,58.75,59.05,883600
2019-04-17 20:00:00-04:00,59.25,59.54,58.85,59.19,1267500
2019-04-21 20:00:00-04:00,58.96,59.54,58.83,59.33,879600
2019-04-22 20:00:00-04:00,59.54,60.96,59.41,60.33,815500
2019-04-23 20:00:00-04:00,60.42,60.74,60.32,60.35,565400
2019-04-24 20:00:00-04:00,60.50,60.72,60.02,60.22,904500
2019-04-25 20:00:00-04:00,60.24,60.58,60.22,60.37,718000
2019-04-28 20:00:00-04:00,60.63,61.00,60.42,60.66,1537000
2019-04-29 20:00:00-04:00,61.37,66.85,61.32,66.66,3289300
2019-04-30 20:00:00-04:00,67.23,67.45,66.08,66.08,1378700
2019-05-01 20:00:00-04:00,65.92,66.80,65.58,66.35,1365500
2019-05-02 20:00:00-04:00,66.35,67.70,66.08,67.54,903900
2019-05-05 20:00:00-04:00,66.41,67.41,66.28,67.23,1532000
2019-05-06 20:00:00-04:00,66.77,67.30,66.36,66.70,1473400
2019-05-07 20:00:00-04:00,66.62,67.63,66.39,67.28,1113400
2019-05-08 20:00:00-04:00,66.83,68.16,66.60,68.05,984100
2019-05-09 20:00:00-04:00,67.69,68.76,67.35,68.47,638700
2019-05-12 20:00:00-04:00,67.32,67.60,66.51,66.92,773700
2019-05-13 20:00:00-04:00,67.04,67.85,66.27,67.40,925400
2019-05-14 20:00:00-04:00,67.45,68.46,67.18,68.08,992300
2019-05-15 20:00:00-04:00,68.52,69.25,68.10,69.21,942300
2019-05-16 20:00:00-04:00,68.68,69.62,68.58,68.93,739600
2019-05-19 20:00:00-04:00,68.43,69.32,68.14,68.28,1009700
2019-05-20 20:00:00-04:00,68.80,69.66,68.56,69.60,1271600
2019-05-21 20:00:00-04:00,69.13,70.17,68.95,69.82,1342200
2019-05-22 20:00:00-04:00,69.35,69.48,68.63,69.06,1290000
2019-05-23 20:00:00-04:00,69.61,69.73,69.12,69.19,893400
2019-05-27 20:00:00-04:00,69.01,69.69,67.84,68.02,1552500
2019-05-28 20:00:00-04:00,67.90,68.31,67.36,67.85,1798500
2019-05-29 20:00:00-04:00,67.97,68.24,67.35,67.88,1571100
2019-05-30 20:00:00-04:00,67.26,68.49,67.08,68.33,1403600
2019-06-02 20:00:00-04:00,68.33,69.20,68.04,68.87,1721700
2019-06-03 20:00:00-04:00,69.47,70.84,69.21,70.76,1873800
2019-06-04 20:00:00-04:00,71.18,71.63,70.59,70.87,1057100
2019-06-05 20:00:00-04:00,70.68,71.48,70.54,71.39,1114700
2019-06-06 20:00:00-04:00,71.66,72.27,71.41,72.04,772100
2019-06-09 20:00:00-04:00,72.39,72.57,71.65,71.82,1232800
2019-06-10 20:00:00-04:00,72.15,72.34,70.94,71.06,1234900
2019-06-11 20:00:00-04:00,71.12,71.89,70.79,71.89,861200
2019-06-12 20:00:00-04:00,72.27,72.36,70.92,71.43,887300
2019-06-13 20:00:00-04:00,71.26,71.97,70.84,71.81,1068600
2019-06-16 20:00:00-04:00,71.77,72.22,71.03,71.27,1304200
2019-06-17 20:00:00-04:00,71.54,72.24,71.23,71.62,1134500
2019-06-18 20:00:00-04:00,71.58,71.84,71.04,71.62,1316500
2019-06-19 20:00:00-04:00,72.22,72.63,71.79,72.56,980800
2019-06-20 20:00:00-04:00,72.07,72.56,71.47,71.88,1802100
2019-06-23 20:00:00-04:00,71.94,72.47,71.71,71.92,1159700
2019-06-24 20:00:00-04:00,72.17,72.42,71.87,72.07,1065300
2019-06-25 20:00:00-04:00,72.29,72.44,71.36,71.51,1192300
2019-06-26 20:00:00-04:00,71.78,72.59,71.71,72.31,810600
2019-06-27 20:00:00-04:00,72.46,72.98,72.20,72.73,1897300
2019-06-30 20:00:00-04:00,73.44,73.65,72.37,73.02,968800
2019-07-01 20:00:00-04:00,72.96,73.23,72.62,72.99,587100
2019-07-02 20:00:00-04:00,73.27,74.21,73.01,74.14,428200
2019-07-04 20:00:00-04:00,73.79,74.70,73.38,74.70,598000
2019-07-07 20:00:00-04:00,74.53,74.53,73.81,74.15,542000
2019-07-08 20:00:00-04:00,73.21,74.37,72.92,74.25,808900
2019-07-09 20:00:00-04:00,74.65,75.14,73.83,74.23,849300
2019-07-10 20:00:00-04:00,74.36,74.69,73.72,74.63,756700
2019-07-11 20:00:00-04:00,74.81,75.11,74.25,75.08,686700
2019-07-14 20:00:00-04:00,75.37,75.37,74.73,75.00,438200
2019-07-15 20:00:00-04:00,74.90,75.29,74.46,74.72,634600
2019-07-16 20:00:00-04:00,74.79,74.98,73.53,73.57,615400
2019-07-17 20:00:00-04:00,73.48,74.01,73.01,73.74,768000
2019-07-18 20:00:00-04:00,74.10,74.30,72.46,72.49,959700
2019-07-21 20:00:00-04:00,72.73,73.05,72.42,72.48,737100
2019-07-22 20:00:00-04:00,72.97,73.65,72.48,73.62,690600
2019-07-23 20:00:00-04:00,73.46,74.52,73.36,74.32,752100
2019-07-24 20:00:00-04:00,74.42,74.42,73.83,73.91,940100
2019-07-25 20:00:00-04:00,73.99,75.13,73.99,75.08,951700
2019-07-28 20:00:00-04:00,75.21,76.80,74.90,75.89,1157800
2019-07-29 20:00:00-04:00,73.47,77.39,72.87,76.85,1467500
2019-07-30 20:00:00-04:00,76.86,77.20,73.92,74.78,1715900
2019-07-31 20:00:00-04:00,75.12,77.85,75.05,75.97,1446000
2019-08-01 20:00:00-04:00,74.32,74.93,72.90,74.56,3358200
2019-08-04 20:00:00-04:00,73.43,73.79,71.35,71.94,2005800
2019-08-05 20:00:00-04:00,72.40,73.10,71.48,72.90,1938100
2019-08-06 20:00:00-04:00,72.41,73.94,71.55,73.38,2046600
2019-08-07 20:00:00-04:00,74.03,76.55,73.96,76.42,34119300
2019-08-08 20:00:00-04:00,75.65,76.24,74.71,75.65,1565500
2019-08-11 20:00:00-04:00,75.78,76.87,75.22,75.64,1438600
2019-08-12 20:00:00-04:00,75.45,76.96,75.36,76.75,1737000
2019-08-13 20:00:00-04:00,75.98,76.55,74.99,75.43,1726000
2019-08-14 20:00:00-04:00,75.60,76.01,75.06,75.52,1013500
2019-08-15 20:00:00-04:00,76.11,76.64,76.04,76.34,1361300
2019-08-18 20:00:00-04:00,77.42,77.98,75.06,77.49,1507800
2019-08-19 20:00:00-04:00,77.54,77.93,76.87,76.94,1339200
2019-08-20 20:00:00-04:00,77.85,77.91,77.31,77.91,815600
2019-08-21 20:00:00-04:00,78.20,78.20,77.06,77.93,1094400
2019-08-22 20:00:00-04:00,77.57,78.19,75.66,75.97,1340400
2019-08-25 20:00:00-04:00,76.36,76.81,75.80,76.78,1498400
2019-08-26 20:00:00-04:00,77.30,77.56,76.64,77.45,1310100
2019-08-27 20:00:00-04:00,77.03,78.27,76.64,78.07,1241400
2019-08-28 20:00:00-04:00,78.61,79.72,78.61,79.42,1000700
2019-08-29 20:00:00-04:00,80.00,80.42,79.14,79.57,1119900
2019-09-02 20:00:00-04:00,79.07,79.45,78.32,78.65,1553000
2019-09-03 20:00:00-04:00,79.35,80.02,79.26,79.81,687200
2019-09-04 20:00:00-04:00,80.68,81.04,80.18,80.90,775500
2019-09-05 20:00:00-04:00,81.05,81.06,79.66,79.81,962300
2019-09-08 20:00:00-04:00,79.95,80.18,76.65,77.35,1695800
2019-09-09 20:00:00-04:00,77.08,77.08,75.87,76.50,1719100
2019-09-10 20:00:00-04:00,76.42,77.64,75.90,77.64,1283300
2019-09-11 20:00:00-04:00,78.23,79.29,77.96,78.65,1120500
2019-09-12 20:00:00-04:00,78.89,79.36,78.30,78.48,1021100
2019-09-15 20:00:00-04:00,78.21,79.22,78.02,78.91,844000
2019-09-16 20:00:00-04:00,79.07,79.56,78.69,79.28,1001000
2019-09-17 20:00:00-04:00,79.16,80.15,79.01,80.10,723500
2019-09-18 20:00:00-04:00,80.29,80.70,79.73,79.89,937300
2019-09-19 20:00:00-04:00,80.23,80.58,78.86,78.94,3708700
2019-09-22 20:00:00-04:00,78.62,78.90,77.73,78.36,1122000
2019-09-23 20:00:00-04:00,78.92,79.52,78.03,78.65,1126300
2019-09-24 20:00:00-04:00,78.80,79.74,78.15,79.59,1047900
2019-09-25 20:00:00-04:00,79.65,79.96,78.85,79.67,758100
2019-09-26 20:00:00-04:00,80.03,80.03,77.11,77.74,874500
2019-09-29 20:00:00-04:00,77.74,78.93,77.71,78.53,848500
2019-09-30 20:00:00-04:00,78.75,78.97,77.27,77.52,680200
2019-10-01 20:00:00-04:00,76.81,76.88,75.08,75.86,971600
2019-10-02 20:00:00-04:00,75.91,76.31,75.09,75.90,690800
2019-10-03 20:00:00-04:00,76.31,76.65,75.67,76.47,2912900
2019-10-06 20:00:00-04:00,76.47,77.25,76.33,76.63,1039800
2019-10-07 20:00:00-04:00,76.02,76.02,74.83,74.84,1110700
2019-10-08 20:00:00-04:00,75.40,75.76,74.73,75.62,1007900
2019-10-09 20:00:00-04:00,75.69,76.52,75.67,75.94,1384600
2019-10-10 20:00:00-04:00,76.55,77.07,76.01,76.04,1066200
2019-10-13 20:00:00-04:00,76.33,76.47,75.23,75.40,710500
2019-10-14 20:00:00-04:00,75.53,76.41,75.17,75.19,1301400
2019-10-15 20:00:00-04:00,74.76,75.25,74.14,74.38,1298100
2019-10-16 20:00:00-04:00,74.65,74.89,73.98,74.72,1206100
2019-10-17 20:00:00-04:00,74.55,74.80,73.99,74.63,1254600
2019-10-20 20:00:00-04:00,74.75,74.75,73.70,73.92,1238600
2019-10-21 20:00:00-04:00,73.96,74.17,72.31,72.50,1008700
2019-10-22 20:00:00-04:00,72.33,73.28,72.23,72.46,803300
2019-10-23 20:00:00-04:00,72.62,73.23,72.06,73.19,716300
2019-10-24 20:00:00-04:00,72.95,73.44,72.56,73.13,769900
2019-10-27 20:00:00-04:00,73.54,74.09,73.35,73.89,1148600
2019-10-28 20:00:00-04:00,76.45,79.33,75.63,79.00,3096400
2019-10-29 20:00:00-04:00,79.47,79.85,78.92,79.27,1195800
2019-10-30 20:00:00-04:00,79.39,80.42,78.75,78.85,1186900
2019-10-31 20:00:00-04:00,78.86,79.62,77.93,78.03,936100
2019-11-03 19:00:00-05:00,78.17,78.64,77.70,78.44,1225800
2019-11-04 19:00:00-05:00,78.50,78.85,75.68,76.06,1368700
2019-11-05 19:00:00-05:00,76.00,78.00,75.60,77.84,1302600
2019-11-06 19:00:00-05:00,78.34,78.92,77.98,78.64,940500
2019-11-07 19:00:00-05:00,78.43,79.74,78.37,79.74,962100
2019-11-10 19:00:00-05:00,79.01,80.47,79.01,80.17,1131500
2019-11-11 19:00:00-05:00,80.00,81.46,80.00,81.39,954400
2019-11-12 19:00:00-05:00,81.32,82.47,81.02,81.83,779800
2019-11-13 19:00:00-05:00,81.95,82.74,81.64,82.70,492700
2019-11-14 19:00:00-05:00,83.08,83.63,82.68,83.24,814200
2019-11-17 19:00:00-05:00,82.81,84.51,82.81,83.57,846600
2019-11-18 19:00:00-05:00,83.90,84.51,83.77,83.86,994600
2019-11-19 19:00:00-05:00,83.54,84.01,82.99,83.82,667300
2019-11-20 19:00:00-05:00,83.72,84.12,82.32,82.34,716200
2019-11-21 19:00:00-05:00,82.37,82.62,80.40,80.93,1120500
2019-11-24 19:00:00-05:00,81.09,82.40,81.00,82.32,1005900
2019-11-25 19:00:00-05:00,82.32,82.99,82.30,82.95,897300
2019-11-26 19:00:00-05:00,83.19,83.26,82.53,83.19,529800
2019-11-28 19:00:00-05:00,83.15,83.39,82.64,83.07,278800
2019-12-01 19:00:00-05:00,82.88,82.96,81.21,82.16,763200
2019-12-02 19:00:00-05:00,81.13,82.12,80.83,81.99,1127400
2019-12-03 19:00:00-05:00,82.11,82.99,81.49,82.06,824900
2019-12-04 19:00:00-05:00,82.22,82.45,81.76,82.25,523100
2019-12-05 19:00:00-05:00,82.73,83.07,81.68,82.92,727500
2019-12-08 19:00:00-05:00,82.84,83.28,82.37,82.39,934100
2019-12-09 19:00:00-05:00,82.50,82.75,81.84,81.97,471200
2019-12-10 19:00:00-05:00,83.31,84.24,81.49,84.20,1395800
2019-12-11 19:00:00-05:00,84.03,84.03,82.68,83.39,1218000
2019-12-12 19:00:00-05:00,83.16,84.48,82.63,84.29,573800
2019-12-15 19:00:00-05:00,84.84,84.90,83.89,84.11,1403300
2019-12-16 19:00:00-05:00,84.09,84.48,83.51,84.01,586600
2019-12-17 19:00:00-05:00,85.78,88.20,85.69,87.82,1944700
2019-12-18 19:00:00-05:00,87.60,88.62,86.61,88.37,1337500
2019-12-19 19:00:00-05:00,89.25,89.98,88.36,89.96,2215000
2019-12-22 19:00:00-05:00,90.31,90.55,89.24,89.78,731500
2019-12-23 19:00:00-05:00,89.55,90.26,89.55,89.98,249500
2019-12-25 19:00:00-05:00,89.90,90.65,89.90,90.43,509700
2019-12-26 19:00:00-05:00,90.60,90.61,89.55,90.16,595900
2019-12-29 19:00:00-05:00,90.07,90.15,89.15,90.01,608600
2019-12-30 19:00:00-05:00,89.68,90.60,89.55,89.85,625600
2020-01-01 19:00:00-05:00,90.35,90.54,89.78,90.52,793600
2020-01-02 19:00:00-05:00,89.53,91.66,89.41,91.31,1031000
2020-01-05 19:00:00-05:00,90.87,92.19,90.57,92.11,799500
2020-01-06 19:00:00-05:00,91.70,92.49,91.51,91.77,483900
2020-01-07 19:00:00-05:00,91.77,92.77,91.61,91.66,1058400
2020-01-08 19:00:00-05:00,91.65,93.12,91.55,92.77,762700
2020-01-09 19:00:00-05:00,93.13,93.28,92.64,92.72,533800
2020-01-12 19:00:00-05:00,93.08,93.45,92.55,92.84,869600
2020-01-13 19:00:00-05:00,93.11,93.22,92.45,92.51,604500
2020-01-14 19:00:00-05:00,92.81,94.00,92.48,93.75,898800
2020-01-15 19:00:00-05:00,94.18,94.24,93.22,93.89,592700
2020-01-16 19:00:00-05:00,94.00,94.97,93.72,94.90,683100
2020-01-20 19:00:00-05:00,94.47,95.17,94.40,94.78,631300
2020-01-21 19:00:00-05:00,95.46,95.79,93.76,94.05,932600
2020-01-22 19:00:00-05:00,94.12,94.38,93.22,94.20,791000
2020-01-23 19:00:00-05:00,94.34,94.49,92.87,93.27,625300
2020-01-26 19:00:00-05:00,91.92,93.04,91.14,92.49,604100
2020-01-27 19:00:00-05:00,92.95,94.36,92.66,93.90,511700
2020-01-28 19:00:00-05:00,94.22,94.42,93.33,93.46,546900
2020-01-29 19:00:00-05:00,92.95,94.26,92.27,94.15,531400
2020-01-30 19:00:00-05:00,94.14,94.30,92.13,92.22,900800
2020-02-02 19:00:00-05:00,93.32,94.80,92.91,94.04,928400
2020-02-03 19:00:00-05:00,94.71,97.52,94.71,96.66,914800
2020-02-04 19:00:00-05:00,96.87,97.98,96.30,97.87,822100
2020-02-05 19:00:00-05:00,103.90,103.90,100.71,100.93,1168200
2020-02-06 19:00:00-05:00,100.48,101.84,100.15,101.06,985200
2020-02-09 19:00:00-05:00,100.98,101.92,100.82,101.51,805200
2020-02-10 19:00:00-05:00,101.91,103.17,101.84,102.93,715000
2020-02-11 19:00:00-05:00,102.91,103.09,101.04,101.88,1075200
2020-02-12 19:00:00-05:00,101.40,103.86,101.40,103.81,879100
2020-02-13 19:00:00-05:00,104.31,104.40,103.11,103.54,1150900
2020-02-17 19:00:00-05:00,107.30,115.50,107.29,113.10,2204800
2020-02-18 19:00:00-05:00,113.81,114.13,109.87,110.44,1593200
2020-02-19 19:00:00-05:00,110.58,112.21,108.50,109.47,1077600
2020-02-20 19:00:00-05:00,109.03,109.18,106.02,107.59,1136000
2020-02-23 19:00:00-05:00,104.73,105.88,103.35,104.48,1229400
2020-02-24 19:00:00-05:00,104.57,105.06,100.04,100.18,1291100
2020-02-25 19:00:00-05:00,100.96,102.64,100.33,101.71,1233100
2020-02-26 19:00:00-05:00,99.75,100.02,96.40,96.47,1761100
2020-02-27 19:00:00-05:00,94.57,94.81,91.91,94.22,1684800
2020-03-01 19:00:00-05:00,95.71,101.03,94.47,101.02,1437600
2020-03-02 19:00:00-05:00,103.38,104.37,100.03,100.35,1741500
2020-03-03 19:00:00-05:00,102.02,103.53,99.51,103.10,1027500
2020-03-04 19:00:00-05:00,100.66,101.88,97.93,98.73,885500
2020-03-05 19:00:00-05:00,95.22,97.63,93.34,97.00,1250800
2020-03-08 20:00:00-04:00,90.48,94.14,88.54,89.52,1810300
2020-03-09 20:00:00-04:00,92.16,94.39,87.11,94.34,1469800
2020-03-10 20:00:00-04:00,91.53,92.08,87.51,89.92,1424400
2020-03-11 20:00:00-04:00,83.40,87.13,78.39,78.75,1762900
2020-03-12 20:00:00-04:00,83.06,83.65,73.72,83.22,1866100
2020-03-15 20:00:00-04:00,72.61,79.86,70.32,71.88,2061700
2020-03-16 20:00:00-04:00,73.32,77.68,71.25,74.99,2556000
2020-03-17 20:00:00-04:00,69.31,73.91,63.12,71.65,1916200
2020-03-18 20:00:00-04:00,70.39,72.61,68.03,69.95,1344500
2020-03-19 20:00:00-04:00,71.12,71.54,65.55,66.82,1684800
2020-03-22 20:00:00-04:00,65.82,68.92,62.66,65.27,1493400
2020-03-23 20:00:00-04:00,69.44,72.76,68.06,72.30,1107800
2020-03-24 20:00:00-04:00,73.15,81.83,71.71,79.36,1511500
2020-03-25 20:00:00-04:00,80.50,85.64,80.19,85.29,1194200
2020-03-26 20:00:00-04:00,82.24,88.33,82.11,86.10,1369500
2020-03-29 20:00:00-04:00,86.18,87.38,83.51,86.09,1346100
2020-03-30 20:00:00-04:00,85.81,88.88,84.04,84.45,1801200
2020-03-31 20:00:00-04:00,81.18,82.56,79.27,80.31,1054300
2020-04-01 20:00:00-04:00,79.72,82.10,78.90,81.67,2436400
2020-04-02 20:00:00-04:00,81.09,81.84,79.32,81.04,1877900
2020-04-05 20:00:00-04:00,85.08,88.34,83.79,87.44,1148300
2020-04-06 20:00:00-04:00,91.40,92.03,85.30,85.33,1166700
2020-04-07 20:00:00-04:00,85.80,88.65,85.38,87.95,979300
2020-04-08 20:00:00-04:00,88.67,90.52,87.31,87.97,1083800
2020-04-12 20:00:00-04:00,87.24,87.28,83.83,84.85,1131400
2020-04-13 20:00:00-04:00,86.44,88.25,85.35,88.07,1597100
2020-04-14 20:00:00-04:00,85.71,86.50,83.82,85.43,1068500
2020-04-15 20:00:00-04:00,85.56,85.93,82.59,85.56,1423900
2020-04-16 20:00:00-04:00,87.40,91.56,86.86,91.49,1538200
2020-04-19 20:00:00-04:00,90.94,93.15,89.87,90.86,1000700
2020-04-20 20:00:00-04:00,88.63,89.26,86.44,87.14,765000
2020-04-21 20:00:00-04:00,88.96,90.89,87.82,89.95,915800
2020-04-22 20:00:00-04:00,90.44,92.57,89.89,91.10,1460900
2020-04-23 20:00:00-04:00,91.71,94.31,90.32,93.95,1585800
2020-04-26 20:00:00-04:00,94.72,95.72,92.67,94.73,831100
2020-04-27 20:00:00-04:00,95.67,96.22,94.05,94.29,874900
2020-04-28 20:00:00-04:00,95.96,96.42,94.76,94.88,1066800
2020-04-29 20:00:00-04:00,93.83,93.83,90.81,91.05,1063500
2020-04-30 20:00:00-04:00,89.41,90.55,88.46,90.20,772100
2020-05-03 20:00:00-04:00,90.20,92.06,89.02,91.14,1085800
2020-05-04 20:00:00-04:00,87.54,91.86,86.79,90.71,1525400
2020-05-05 20:00:00-04:00,90.71,91.07,88.88,89.55,1000600
2020-05-06 20:00:00-04:00,90.72,93.20,89.94,92.50,907500
2020-05-07 20:00:00-04:00,93.76,95.01,93.00,94.64,895000
2020-05-10 20:00:00-04:00,93.63,95.14,93.14,94.06,1215200
2020-05-11 20:00:00-04:00,94.31,94.66,92.07,92.07,1319500
2020-05-12 20:00:00-04:00,91.15,91.65,86.94,88.01,1173800
2020-05-13 20:00:00-04:00,86.48,88.36,84.47,88.31,939200
2020-05-14 20:00:00-04:00,87.70,90.04,87.05,89.22,589700
2020-05-17 20:00:00-04:00,91.14,91.99,90.70,90.98,699800
2020-05-18 20:00:00-04:00,90.99,91.83,89.99,90.14,871000
2020-05-19 20:00:00-04:00,90.65,91.60,90.21,91.14,964000
2020-05-20 20:00:00-04:00,90.79,91.80,90.07,91.60,541200
2020-05-21 20:00:00-04:00,92.05,93.18,90.63,93.03,600700
2020-05-25 20:00:00-04:00,94.85,95.39,94.07,94.22,1621900
2020-05-26 20:00:00-04:00,94.42,95.04,92.89,94.69,1039500
2020-05-27 20:00:00-04:00,95.46,97.41,94.04,96.17,919500
2020-05-28 20:00:00-04:00,96.26,97.35,95.43,97.02,1023600
2020-05-31 20:00:00-04:00,96.93,98.54,96.65,97.66,630500
2020-06-01 20:00:00-04:00,97.71,97.88,94.67,96.32,1016800
2020-06-02 20:00:00-04:00,96.58,99.48,96.55,98.84,750000
2020-06-03 20:00:00-04:00,98.10,99.61,96.93,97.65,1045300
2020-06-04 20:00:00-04:00,99.15,99.96,97.48,97.72,828600
2020-06-07 20:00:00-04:00,97.00,98.18,95.71,98.18,930600
2020-06-08 20:00:00-04:00,97.66,97.89,96.06,97.39,626700
2020-06-09 20:00:00-04:00,97.64,97.80,94.94,96.54,810100
2020-06-10 20:00:00-04:00,95.54,95.64,92.46,92.49,1083200
2020-06-11 20:00:00-04:00,94.83,95.78,90.33,91.45,1092600
2020-06-14 20:00:00-04:00,89.67,91.65,87.57,91.19,980300
2020-06-15 20:00:00-04:00,93.74,94.34,91.71,92.73,1022300
2020-06-16 20:00:00-04:00,93.40,94.03,92.27,92.64,1073500
2020-06-17 20:00:00-04:00,91.98,92.67,90.53,91.84,1007200
2020-06-18 20:00:00-04:00,93.77,93.77,89.25,89.41,1802200
2020-06-21 20:00:00-04:00,89.03,90.54,88.81,89.59,1056400
2020-06-22 20:00:00-04:00,90.80,90.88,88.89,88.92,1289200
2020-06-23 20:00:00-04:00,88.50,88.74,85.93,86.22,1372900
2020-06-24 20:00:00-04:00,85.62,85.77,83.73,85.73,997800
2020-06-25 20:00:00-04:00,85.32,85.55,82.81,83.01,2310400
2020-06-28 20:00:00-04:00,83.31,85.31,83.10,85.25,893000
2020-06-29 20:00:00-04:00,85.13,86.84,85.02,86.61,1065900
2020-06-30 20:00:00-04:00,86.66,87.19,85.49,86.28,1741700
2020-07-01 20:00:00-04:00,87.49,88.10,86.46,86.58,763900
2020-07-05 20:00:00-04:00,87.64,87.64,81.51,81.78,1661500
2020-07-06 20:00:00-04:00,81.26,82.74,81.01,81.26,1724200
2020-07-07 20:00:00-04:00,81.49,81.63,79.60,81.42,1371400
2020-07-08 20:00:00-04:00,81.37,81.57,79.20,79.90,1550400
2020-07-09 20:00:00-04:00,80.05,81.46,79.99,81.28,987300
2020-07-12 20:00:00-04:00,81.88,82.25,78.39,78.63,1158800
2020-07-13 20:00:00-04:00,78.28,79.73,77.71,79.70,1424700
2020-07-14 20:00:00-04:00,81.10,81.89,80.83,81.20,737500
2020-07-15 20:00:00-04:00,80.56,80.78,79.41,80.05,808600
2020-07-16 20:00:00-04:00,80.58,81.91,80.10,81.52,1112100
2020-07-19 20:00:00-04:00,81.09,82.04,80.91,81.96,767100
2020-07-20 20:00:00-04:00,82.02,83.72,81.95,82.39,992400
2020-07-21 20:00:00-04:00,82.37,84.74,82.28,84.48,624800
2020-07-22 20:00:00-04:00,84.45,85.25,83.58,83.84,648400
2020-07-23 20:00:00-04:00,83.55,84.44,83.32,84.21,754800
2020-07-26 20:00:00-04:00,83.83,84.17,82.89,83.36,861400
2020-07-27 20:00:00-04:00,83.22,84.58,83.08,83.38,922100
2020-07-28 20:00:00-04:00,84.01,85.24,83.76,85.04,965900
2020-07-29 20:00:00-04:00,84.15,85.56,83.96,85.40,633100
2020-07-30 20:00:00-04:00,85.41,88.01,84.62,87.99,1120500
2020-08-02 20:00:00-04:00,88.17,91.16,87.75,90.89,1197100
2020-08-03 20:00:00-04:00,90.99,92.35,84.45,85.31,2465300
2020-08-04 20:00:00-04:00,85.17,85.75,82.60,82.97,1235100
2020-08-05 20:00:00-04:00,83.17,84.68,82.81,84.15,1241600
2020-08-06 20:00:00-04:00,84.33,86.75,83.84,86.18,1511400
2020-08-09 20:00:00-04:00,85.87,88.10,85.87,87.30,1144200
2020-08-10 20:00:00-04:00,87.71,89.41,87.57,88.72,1437000
2020-08-11 20:00:00-04:00,88.96,89.45,86.12,87.29,1288900
2020-08-12 20:00:00-04:00,86.91,88.32,86.91,87.27,999300
2020-08-13 20:00:00-04:00,87.22,88.15,87.11,87.58,620500
2020-08-16 20:00:00-04:00,87.64,88.02,85.04,85.29,899000
2020-08-17 20:00:00-04:00,85.30,85.79,84.61,84.89,866700
2020-08-18 20:00:00-04:00,84.91,86.20,84.69,85.62,865700
2020-08-19 20:00:00-04:00,84.95,85.10,83.96,84.16,794000
2020-08-20 20:00:00-04:00,84.33,84.48,82.24,82.45,1046900
2020-08-23 20:00:00-04:00,82.84,83.97,82.38,83.96,836400
2020-08-24 20:00:00-04:00,84.10,85.00,83.59,83.79,596800
2020-08-25 20:00:00-04:00,83.63,83.96,82.34,83.72,804900
2020-08-26 20:00:00-04:00,84.00,84.94,83.61,84.77,643300
2020-08-27 20:00:00-04:00,85.27,85.27,83.89,84.43,568200
2020-08-30 20:00:00-04:00,83.98,84.02,82.25,83.67,1467300
2020-08-31 20:00:00-04:00,83.27,83.56,81.55,82.94,929900
2020-09-01 20:00:00-04:00,83.05,84.95,82.75,84.73,903900
2020-09-02 20:00:00-04:00,84.83,84.83,81.57,82.30,1155900
2020-09-03 20:00:00-04:00,82.53,83.65,80.40,81.82,1057300
2020-09-07 20:00:00-04:00,80.56,81.27,79.18,80.03,1176300
2020-09-08 20:00:00-04:00,80.84,81.26,79.79,80.60,805600
2020-09-09 20:00:00-04:00,80.99,81.43,79.15,79.42,973100
2020-09-10 20:00:00-04:00,80.22,80.80,79.82,80.60,621000
2020-09-13 20:00:00-04:00,81.37,83.06,81.32,82.00,714700
2020-09-14 20:00:00-04:00,82.35,83.35,82.10,82.37,1082600
2020-09-15 20:00:00-04:00,82.59,83.63,82.59,82.71,934400
2020-09-16 20:00:00-04:00,82.43,83.95,81.80,83.76,639200
2020-09-17 20:00:00-04:00,83.57,84.10,82.98,83.60,1719100
2020-09-20 20:00:00-04:00,81.95,82.39,80.95,82.08,1384700
2020-09-21 20:00:00-04:00,83.58,85.27,82.24,85.03,885000
2020-09-22 20:00:00-04:00,86.34,87.64,83.29,83.54,1054000
2020-09-23 20:00:00-04:00,82.72,83.22,81.28,81.71,1099600
2020-09-24 20:00:00-04:00,81.48,85.53,81.09,85.38,783600
2020-09-27 20:00:00-04:00,85.91,86.45,84.88,85.00,709400
2020-09-28 20:00:00-04:00,84.97,85.18,83.53,84.07,443400
2020-09-29 20:00:00-04:00,84.08,84.37,82.34,82.75,715000
2020-09-30 20:00:00-04:00,83.38,84.02,81.67,83.93,818900
2020-10-01 20:00:00-04:00,82.47,84.41,82.31,83.90,802200
2020-10-04 20:00:00-04:00,84.14,84.40,82.58,83.37,565600
2020-10-05 20:00:00-04:00,83.52,85.13,82.46,82.62,635500
2020-10-06 20:00:00-04:00,82.94,83.40,81.41,82.13,946400
2020-10-07 20:00:00-04:00,82.76,84.08,82.46,82.79,586200
2020-10-08 20:00:00-04:00,83.64,84.73,83.34,84.35,973500
2020-10-11 20:00:00-04:00,84.60,84.60,82.84,83.27,696800
2020-10-12 20:00:00-04:00,83.08,83.62,81.09,81.86,834100
2020-10-13 20:00:00-04:00,81.94,83.69,81.43,82.14,600500
2020-10-14 20:00:00-04:00,81.43,82.61,80.80,81.48,642400
2020-10-15 20:00:00-04:00,81.99,82.71,81.44,81.53,677900
2020-10-18 20:00:00-04:00,81.70,81.97,79.76,80.16,618600
2020-10-19 20:00:00-04:00,80.55,80.68,79.50,79.95,470300
2020-10-20 20:00:00-04:00,79.47,80.31,78.45,78.49,1042000
2020-10-21 20:00:00-04:00,78.79,79.82,78.61,79.65,746300
2020-10-22 20:00:00-04:00,80.26,80.69,79.22,79.64,642500
2020-10-25 20:00:00-04:00,79.02,79.11,76.79,77.45,708400
2020-10-26 20:00:00-04:00,77.58,77.88,76.35,76.77,583300
2020-10-27 20:00:00-04:00,75.35,75.77,73.47,73.65,727600
2020-10-28 20:00:00-04:00,73.70,75.79,73.53,75.42,999600
2020-10-29 20:00:00-04:00,75.45,77.39,75.45,77.04,1480200
2020-11-01 19:00:00-05:00,78.85,81.16,78.12,79.58,1352600
2020-11-02 19:00:00-05:00,79.95,82.13,79.81,81.65,1042700
2020-11-03 19:00:00-05:00,82.33,86.98,82.33,85.70,1806300
2020-11-04 19:00:00-05:00,86.28,86.65,84.68,84.84,1049800
2020-11-05 19:00:00-05:00,84.39,84.39,82.71,83.98,809400
2020-11-08 19:00:00-05:00,87.60,90.50,87.32,87.84,1048100
2020-11-09 19:00:00-05:00,87.65,89.16,87.18,88.13,647700
2020-11-10 19:00:00-05:00,88.72,89.34,87.26,88.17,588600
2020-11-11 19:00:00-05:00,87.60,87.99,86.72,87.40,625100
2020-11-12 19:00:00-05:00,88.25,91.59,88.07,91.40,790500
2020-11-15 19:00:00-05:00,92.08,93.67,91.77,93.41,1349800
2020-11-16 19:00:00-05:00,92.61,93.53,90.86,93.08,1464900
2020-11-17 19:00:00-05:00,92.97,95.17,92.16,92.39,1090000
2020-11-18 19:00:00-05:00,92.21,93.37,91.45,93.14,864100
2020-11-19 19:00:00-05:00,93.19,94.46,91.78,93.17,1032300
2020-11-22 19:00:00-05:00,93.08,95.23,92.74,95.03,740400
2020-11-23 19:00:00-05:00,95.31,96.09,94.65,95.21,705200
2020-11-24 19:00:00-05:00,95.42,95.60,93.86,95.27,527300
2020-11-26 19:00:00-05:00,95.00,95.78,94.73,94.94,282800
2020-11-29 19:00:00-05:00,94.38,94.41,93.03,93.47,1783200
2020-11-30 19:00:00-05:00,93.88,95.28,93.33,94.35,920200
2020-12-01 19:00:00-05:00,94.24,95.73,93.81,95.70,516700
2020-12-02 19:00:00-05:00,95.14,96.07,94.39,95.51,792600
2020-12-03 19:00:00-05:00,95.61,97.35,95.40,97.29,388900
2020-12-06 19:00:00-05:00,96.33,97.19,95.90,96.07,652800
2020-12-07 19:00:00-05:00,95.51,96.74,95.46,96.49,529400
2020-12-08 19:00:00-05:00,96.50,97.00,95.50,96.64,698100
2020-12-09 19:00:00-05:00,95.79,97.86,95.79,97.30,1009200
2020-12-10 19:00:00-05:00,96.56,98.92,96.04,97.86,847200
2020-12-13 19:00:00-05:00,98.24,99.33,96.97,96.97,859300
2020-12-14 19:00:00-05:00,97.53,97.66,95.98,97.63,1016000
2020-12-15 19:00:00-05:00,98.06,99.31,97.56,97.86,958600
2020-12-16 19:00:00-05:00,97.91,98.44,96.99,97.62,777400
2020-12-17 19:00:00-05:00,97.72,99.34,97.01,98.40,2124100
2020-12-20 19:00:00-05:00,97.06,97.18,94.61,96.04,787200
2020-12-21 19:00:00-05:00,95.59,96.12,94.37,95.31,807300
2020-12-22 19:00:00-05:00,95.96,98.12,95.96,97.42,638400
2020-12-23 19:00:00-05:00,97.86,97.89,96.29,97.07,198200
2020-12-27 19:00:00-05:00,97.70,98.16,96.72,97.58,404600
2020-12-28 19:00:00-05:00,98.17,98.29,96.36,96.47,371700
2020-12-29 19:00:00-05:00,96.54,97.77,96.54,96.83,285100
2020-12-30 19:00:00-05:00,96.71,97.99,96.17,97.89,344300
2021-01-03 19:00:00-05:00,97.83,98.13,94.71,95.40,666200
2021-01-04 19:00:00-05:00,95.45,96.17,94.16,95.44,698000
2021-01-05 19:00:00-05:00,95.01,97.92,94.69,96.84,1126600
2021-01-06 19:00:00-05:00,96.68,97.43,96.02,97.02,701900
2021-01-07 19:00:00-05:00,97.24,98.56,96.50,97.46,582700
2021-01-10 19:00:00-05:00,98.25,98.97,96.64,96.84,671500
2021-01-11 19:00:00-05:00,96.49,98.27,95.87,98.13,582400
2021-01-12 19:00:00-05:00,98.31,99.22,97.32,98.33,667800
2021-01-13 19:00:00-05:00,98.24,100.78,97.47,98.96,613000
2021-01-14 19:00:00-05:00,98.64,100.23,98.08,99.79,604900
2021-01-18 19:00:00-05:00,100.48,103.93,100.27,101.59,844400
2021-01-19 19:00:00-05:00,101.84,102.93,101.05,102.10,491500
2021-01-20 19:00:00-05:00,101.81,102.90,101.21,101.79,555500
2021-01-21 19:00:00-05:00,101.51,104.83,101.06,104.35,726700
2021-01-24 19:00:00-05:00,104.12,105.93,103.27,104.95,800100
2021-01-25 19:00:00-05:00,105.57,105.82,104.09,104.09,416400
2021-01-26 19:00:00-05:00,102.54,104.56,101.81,103.71,896000
2021-01-27 19:00:00-05:00,104.10,104.99,100.83,101.10,772500
2021-01-28 19:00:00-05:00,100.08,100.99,98.63,98.77,983100
2021-01-31 19:00:00-05:00,99.69,99.75,95.54,97.84,1037400
2021-02-01 19:00:00-05:00,98.54,99.10,96.81,98.54,745800
2021-02-02 19:00:00-05:00,97.96,98.50,96.20,96.36,855900
2021-02-03 19:00:00-05:00,98.25,99.89,97.07,99.89,851600
2021-02-04 19:00:00-05:00,99.60,100.79,99.08,99.42,721400
2021-02-07 19:00:00-05:00,99.98,101.52,99.56,100.66,621200
2021-02-08 19:00:00-05:00,100.91,102.46,100.36,102.19,541700
2021-02-09 19:00:00-05:00,102.46,102.89,101.00,101.83,456600
2021-02-10 19:00:00-05:00,101.40,102.79,101.40,102.23,541900
2021-02-11 19:00:00-05:00,101.72,102.08,100.08,100.39,731000
2021-02-15 19:00:00-05:00,101.16,101.16,96.47,97.99,1438800
2021-02-16 19:00:00-05:00,97.17,98.62,96.50,98.23,656600
2021-02-17 19:00:00-05:00,97.78,98.61,96.88,97.81,706100
2021-02-18 19:00:00-05:00,98.20,98.20,95.69,96.63,1061800
2021-02-21 19:00:00-05:00,96.43,97.56,94.88,96.66,1326500
2021-02-22 19:00:00-05:00,91.19,92.03,85.26,87.08,3113800
2021-02-23 19:00:00-05:00,85.98,86.25,83.56,84.17,1609900
2021-02-24 19:00:00-05:00,83.81,84.04,81.92,83.00,1707900
2021-02-25 19:00:00-05:00,82.93,84.98,82.35,82.37,4607400
2021-02-28 19:00:00-05:00,83.52,86.77,83.14,86.08,1589500
2021-03-01 19:00:00-05:00,85.57,86.46,83.85,83.85,1214000
2021-03-02 19:00:00-05:00,84.23,85.40,83.07,84.06,1318200
2021-03-03 19:00:00-05:00,84.06,84.84,82.11,82.96,1382300
2021-03-04 19:00:00-05:00,83.72,84.99,82.74,84.48,1449300
2021-03-07 19:00:00-05:00,84.57,87.28,83.92,85.67,734700
2021-03-08 19:00:00-05:00,86.27,88.43,86.24,86.85,924600
2021-03-09 19:00:00-05:00,87.44,88.68,86.71,87.97,577900
2021-03-10 19:00:00-05:00,88.16,89.19,87.60,88.12,811500
2021-03-11 19:00:00-05:00,88.07,88.81,87.74,88.72,662000
2021-03-14 20:00:00-04:00,88.71,89.68,88.34,89.05,776300
2021-03-15 20:00:00-04:00,88.69,89.47,87.42,88.46,962600
2021-03-16 20:00:00-04:00,88.99,91.28,88.08,90.93,786200
2021-03-17 20:00:00-04:00,90.66,92.11,90.05,90.67,915800
2021-03-18 20:00:00-04:00,91.13,91.13,88.74,88.74,1548300
2021-03-21 20:00:00-04:00,88.41,89.37,87.13,89.23,806300
2021-03-22 20:00:00-04:00,88.82,89.76,87.55,88.08,692100
2021-03-23 20:00:00-04:00,88.39,89.67,88.33,88.68,581600
2021-03-24 20:00:00-04:00,88.90,90.10,87.96,89.96,570400
2021-03-25 20:00:00-04:00,89.70,90.00,87.39,89.91,1146700
2021-03-28 20:00:00-04:00,89.90,92.14,89.72,91.76,827600
2021-03-29 20:00:00-04:00,91.51,91.68,88.92,90.35,686400
2021-03-30 20:00:00-04:00,90.25,90.73,89.29,89.98,811900
2021-03-31 20:00:00-04:00,90.45,90.85,89.53,90.14,605600
2021-04-04 20:00:00-04:00,92.69,93.79,91.88,93.39,728400
2021-04-05 20:00:00-04:00,92.66,93.91,92.17,93.20,889500
2021-04-06 20:00:00-04:00,93.34,94.02,91.96,92.09,488700
2021-04-07 20:00:00-04:00,92.50,94.20,92.27,93.78,646400
2021-04-08 20:00:00-04:00,93.94,94.25,93.46,94.08,661700
2021-04-11 20:00:00-04:00,94.08,94.39,93.66,93.98,978500
2021-04-12 20:00:00-04:00,93.65,94.18,92.93,93.04,926500
2021-04-13 20:00:00-04:00,93.13,94.57,93.13,93.56,933000
2021-04-14 20:00:00-04:00,93.93,95.11,93.46,94.51,1071600
2021-04-15 20:00:00-04:00,94.71,96.50,94.50,94.59,1392600
2021-04-18 20:00:00-04:00,94.84,95.08,93.84,94.85,796900
2021-04-19 20:00:00-04:00,95.03,95.13,93.28,94.89,934500
2021-04-20 20:00:00-04:00,95.09,95.26,94.66,94.78,456500
2021-04-21 20:00:00-04:00,94.72,95.39,94.09,94.67,778500
2021-04-22 20:00:00-04:00,95.07,95.07,93.65,94.08,990400
2021-04-25 20:00:00-04:00,94.26,94.30,93.26,93.33,1016400
2021-04-26 20:00:00-04:00,93.51,94.31,93.18,93.71,762500
2021-04-27 20:00:00-04:00,93.83,94.10,92.38,92.68,805200
2021-04-28 20:00:00-04:00,93.56,95.10,93.52,94.23,1416200
2021-04-29 20:00:00-04:00,94.11,94.83,93.46,94.66,949300
2021-05-02 20:00:00-04:00,95.15,97.44,94.80,96.92,833400
2021-05-03 20:00:00-04:00,96.11,98.01,94.44,97.95,1198600
2021-05-04 20:00:00-04:00,98.13,98.13,95.38,96.93,875900
2021-05-05 20:00:00-04:00,97.55,97.93,96.53,97.11,717500
2021-05-06 20:00:00-04:00,96.63,97.93,96.42,97.23,642200
2021-05-09 20:00:00-04:00,97.63,99.05,97.63,97.65,537700
2021-05-10 20:00:00-04:00,96.91,98.51,95.64,97.83,1129300
2021-05-11 20:00:00-04:00,97.32,97.45,94.40,94.83,941400
2021-05-12 20:00:00-04:00,95.32,97.12,95.25,96.68,399200
2021-05-13 20:00:00-04:00,96.85,97.25,96.24,96.62,491400
2021-05-16 20:00:00-04:00,96.10,96.96,95.87,96.62,385800
2021-05-17 20:00:00-04:00,96.43,96.93,96.05,96.27,432400
2021-05-18 20:00:00-04:00,96.05,96.22,94.61,95.41,802000
2021-05-19 20:00:00-04:00,95.66,96.44,95.42,96.02,371400
2021-05-20 20:00:00-04:00,96.66,97.13,95.63,96.02,470300
2021-05-23 20:00:00-04:00,96.28,96.88,96.15,96.22,345800
2021-05-24 20:00:00-04:00,96.42,96.42,95.29,95.67,339100
2021-05-25 20:00:00-04:00,95.98,96.44,95.38,95.88,577000
2021-05-26 20:00:00-04:00,96.68,96.75,96.05,96.18,661300
2021-05-27 20:00:00-04:00,96.59,96.74,95.57,96.03,745100
2021-05-31 20:00:00-04:00,96.82,96.97,96.06,96.45,382100
2021-06-01 20:00:00-04:00,96.77,97.33,96.41,96.92,533100
2021-06-02 20:00:00-04:00,96.64,97.05,96.19,96.77,408800
2021-06-03 20:00:00-04:00,97.13,97.80,96.82,97.45,509400
2021-06-06 20:00:00-04:00,97.56,98.03,96.99,97.60,392800
2021-06-07 20:00:00-04:00,98.13,98.36,97.45,98.05,624100
2021-06-08 20:00:00-04:00,98.30,98.54,97.57,98.07,634100
2021-06-09 20:00:00-04:00,98.65,99.77,98.26,99.70,356500
2021-06-10 20:00:00-04:00,100.06,100.06,98.87,99.90,602200
2021-06-13 20:00:00-04:00,99.70,100.04,99.04,100.04,426900
2021-06-14 20:00:00-04:00,100.32,100.89,99.67,100.47,612000
2021-06-15 20:00:00-04:00,100.41,100.63,99.21,99.28,573000
2021-06-16 20:00:00-04:00,99.96,100.04,98.62,99.29,523300
2021-06-17 20:00:00-04:00,98.27,99.03,96.96,96.98,1790900
2021-06-20 20:00:00-04:00,97.67,99.43,97.23,99.21,522600
2021-06-21 20:00:00-04:00,99.19,99.54,98.59,98.86,674500
2021-06-22 20:00:00-04:00,98.76,99.01,96.99,97.08,726100
2021-06-23 20:00:00-04:00,97.29,97.42,95.56,96.64,751000
2021-06-24 20:00:00-04:00,96.81,97.12,96.19,96.77,1263200
2021-06-27 20:00:00-04:00,96.90,97.22,95.16,95.74,448100
2021-06-28 20:00:00-04:00,95.52,96.04,94.56,94.63,468000
2021-06-29 20:00:00-04:00,95.31,95.63,94.35,94.79,525700
2021-06-30 20:00:00-04:00,95.12,96.64,94.94,96.60,509500
2021-07-01 20:00:00-04:00,96.85,96.86,96.06,96.16,341200
2021-07-05 20:00:00-04:00,95.78,95.78,93.15,95.06,763600
2021-07-06 20:00:00-04:00,95.17,97.56,95.17,97.50,576300
2021-07-07 20:00:00-04:00,96.70,98.19,96.46,97.26,748400
2021-07-08 20:00:00-04:00,98.11,99.12,97.66,98.30,519000
2021-07-11 20:00:00-04:00,97.67,98.86,97.67,98.53,741900
2021-07-12 20:00:00-04:00,98.75,99.55,98.03,98.19,813300
2021-07-13 20:00:00-04:00,97.99,98.31,96.33,98.02,408200
2021-07-14 20:00:00-04:00,97.63,99.12,97.63,98.87,450900
2021-07-15 20:00:00-04:00,99.12,100.06,99.07,99.65,498100
2021-07-18 20:00:00-04:00,98.89,99.11,95.68,96.81,911100
2021-07-19 20:00:00-04:00,97.41,99.19,96.96,98.40,615100
2021-07-20 20:00:00-04:00,98.70,99.68,98.52,99.06,344500
2021-07-21 20:00:00-04:00,98.81,99.14,98.31,98.64,283400
2021-07-22 20:00:00-04:00,99.34,99.78,98.86,99.78,451900
2021-07-25 20:00:00-04:00,99.38,100.42,99.20,99.82,502700
2021-07-26 20:00:00-04:00,99.44,100.67,99.10,100.10,563800
2021-07-27 20:00:00-04:00,99.73,100.54,98.99,99.88,595800
2021-07-28 20:00:00-04:00,100.80,101.21,100.08,100.29,822200
2021-07-29 20:00:00-04:00,100.18,101.03,99.51,99.78,576800
2021-08-01 20:00:00-04:00,100.21,102.04,100.04,100.42,564900
2021-08-02 20:00:00-04:00,97.50,97.51,88.35,89.44,3012300
2021-08-03 20:00:00-04:00,89.08,92.09,88.40,88.58,1644300
2021-08-04 20:00:00-04:00,89.08,89.46,87.24,88.37,1245200
2021-08-05 20:00:00-04:00,88.50,89.45,88.32,88.49,598200
2021-08-08 20:00:00-04:00,88.15,88.42,87.61,87.86,557700
2021-08-09 20:00:00-04:00,87.65,88.68,86.90,88.67,862100
2021-08-10 20:00:00-04:00,89.07,90.73,88.84,90.36,853100
2021-08-11 20:00:00-04:00,90.29,91.08,89.63,89.90,534100
2021-08-12 20:00:00-04:00,89.72,90.37,89.30,89.67,739300
2021-08-15 20:00:00-04:00,90.21,91.81,89.31,91.78,946800
2021-08-16 20:00:00-04:00,91.59,92.76,91.10,92.67,830300
2021-08-17 20:00:00-04:00,92.35,92.77,90.45,90.60,529700
2021-08-18 20:00:00-04:00,90.17,91.24,89.89,90.64,499600
2021-08-19 20:00:00-04:00,89.69,90.60,89.35,90.30,542300
2021-08-22 20:00:00-04:00,90.38,90.71,90.00,90.34,420400
2021-08-23 20:00:00-04:00,90.29,91.20,90.13,90.70,479800
2021-08-24 20:00:00-04:00,90.51,91.85,90.40,91.52,604800
2021-08-25 20:00:00-04:00,91.38,91.92,91.00,91.78,635500
2021-08-26 20:00:00-04:00,92.18,92.55,91.64,92.08,470500
2021-08-29 20:00:00-04:00,92.09,92.80,91.88,91.94,556100
2021-08-30 20:00:00-04:00,91.71,92.16,91.13,91.99,1078400
2021-08-31 20:00:00-04:00,92.39,92.39,90.70,91.66,467500
2021-09-01 20:00:00-04:00,91.95,93.27,91.53,92.97,493900
2021-09-02 20:00:00-04:00,93.09,93.51,92.31,92.84,599700
2021-09-06 20:00:00-04:00,92.46,92.82,91.01,91.60,898400
2021-09-07 20:00:00-04:00,91.60,93.05,91.06,92.74,773500
2021-09-08 20:00:00-04:00,92.78,93.21,92.44,92.88,637900
2021-09-09 20:00:00-04:00,92.93,93.03,91.13,91.17,676700
2021-09-12 20:00:00-04:00,91.46,93.31,91.46,92.11,1097100
2021-09-13 20:00:00-04:00,92.59,92.59,88.77,89.03,1128200
2021-09-14 20:00:00-04:00,88.77,90.20,88.42,88.59,1007300
2021-09-15 20:00:00-04:00,88.50,89.13,86.42,86.58,959400
2021-09-16 20:00:00-04:00,86.05,87.23,85.66,86.40,3231100
2021-09-19 20:00:00-04:00,85.16,87.23,85.00,86.79,752900
2021-09-20 20:00:00-04:00,87.21,87.21,84.96,85.54,653100
2021-09-21 20:00:00-04:00,86.39,87.31,86.26,86.77,512000
2021-09-22 20:00:00-04:00,86.89,88.10,86.89,87.54,462000
2021-09-23 20:00:00-04:00,87.91,89.42,87.56,89.16,525800
2021-09-26 20:00:00-04:00,89.27,91.14,89.26,90.91,859400
2021-09-27 20:00:00-04:00,91.13,91.45,90.11,90.87,806000
2021-09-28 20:00:00-04:00,91.04,92.93,90.70,92.17,892600
2021-09-29 20:00:00-04:00,92.84,92.95,90.45,90.46,983100
2021-09-30 20:00:00-04:00,91.17,92.13,89.97,91.68,513300
2021-10-03 20:00:00-04:00,91.31,92.80,90.62,92.09,800100
2021-10-04 20:00:00-04:00,92.18,92.18,90.28,90.73,903700
2021-10-05 20:00:00-04:00,90.45,91.27,88.99,91.22,677400
2021-10-06 20:00:00-04:00,91.81,92.62,89.93,91.73,932400
2021-10-07 20:00:00-04:00,91.68,93.34,91.32,93.05,646500
2021-10-10 20:00:00-04:00,93.25,93.54,91.87,91.93,592400
2021-10-11 20:00:00-04:00,91.68,92.95,91.44,92.47,613900
2021-10-12 20:00:00-04:00,92.24,93.00,91.02,92.43,480000
2021-10-13 20:00:00-04:00,92.01,93.81,92.00,93.61,573400
2021-10-14 20:00:00-04:00,94.10,95.21,94.08,94.38,604100
2021-10-17 20:00:00-04:00,93.52,94.36,92.87,93.81,445800
2021-10-18 20:00:00-04:00,94.50,94.50,93.29,93.81,371000
2021-10-19 20:00:00-04:00,93.69,95.03,93.36,94.39,554100
2021-10-20 20:00:00-04:00,94.46,95.54,93.56,95.45,521000
2021-10-21 20:00:00-04:00,95.68,96.63,95.62,96.02,250900
2021-10-24 20:00:00-04:00,96.11,96.60,95.55,95.84,545600
2021-10-25 20:00:00-04:00,95.39,95.82,94.50,95.04,517400
2021-10-26 20:00:00-04:00,95.34,95.34,93.10,93.13,894400
2021-10-27 20:00:00-04:00,92.98,94.28,91.51,92.71,447200
2021-10-28 20:00:00-04:00,92.69,94.31,92.55,94.08,700600
2021-10-31 20:00:00-04:00,94.16,95.43,93.39,95.19,683500
2021-11-01 20:00:00-04:00,95.42,95.82,90.21,92.38,1357500
2021-11-02 20:00:00-04:00,91.85,92.90,89.13,89.46,1067000
2021-11-03 20:00:00-04:00,89.31,90.25,88.64,89.18,774400
2021-11-04 20:00:00-04:00,89.66,91.09,89.06,89.11,539600
2021-11-07 19:00:00-05:00,89.25,90.49,89.02,90.17,699500
2021-11-08 19:00:00-05:00,90.10,90.10,88.70,88.81,542500
2021-11-09 19:00:00-05:00,89.25,89.77,88.09,88.48,517000
2021-11-10 19:00:00-05:00,88.22,88.36,86.58,87.02,602700
2021-11-11 19:00:00-05:00,87.00,88.40,86.76,88.05,620300
2021-11-14 19:00:00-05:00,88.31,89.06,87.96,88.72,429400
2021-11-15 19:00:00-05:00,88.70,89.47,88.26,88.33,542300
2021-11-16 19:00:00-05:00,88.07,88.68,87.50,88.23,557100
2021-11-17 19:00:00-05:00,88.42,88.51,85.66,85.79,489100
2021-11-18 19:00:00-05:00,85.95,86.80,85.54,86.61,609700
2021-11-21 19:00:00-05:00,86.80,89.14,86.49,87.88,719800
2021-11-22 19:00:00-05:00,88.17,88.24,87.44,87.79,679800
2021-11-23 19:00:00-05:00,87.99,89.14,87.31,87.61,575200
2021-11-25 19:00:00-05:00,86.72,87.37,85.43,85.78,345700
2021-11-28 19:00:00-05:00,86.46,86.75,85.01,85.21,468300
2021-11-29 19:00:00-05:00,84.70,85.29,82.63,82.73,1052900
2021-11-30 19:00:00-05:00,83.60,84.82,82.29,82.30,744100
2021-12-01 19:00:00-05:00,82.66,84.66,82.66,84.30,682800
2021-12-02 19:00:00-05:00,84.76,85.05,82.69,83.38,818600
2021-12-05 19:00:00-05:00,84.60,86.19,84.17,85.05,1064900
2021-12-06 19:00:00-05:00,85.68,85.84,84.34,84.52,667900
2021-12-07 19:00:00-05:00,84.30,85.57,84.07,85.14,859400
2021-12-08 19:00:00-05:00,85.08,85.08,83.19,83.34,783600
2021-12-09 19:00:00-05:00,83.75,84.35,82.82,82.90,736800
2021-12-12 19:00:00-05:00,82.92,84.85,82.92,84.36,1196100
2021-12-13 19:00:00-05:00,84.01,85.26,83.31,83.40,976600
2021-12-14 19:00:00-05:00,83.12,83.72,82.23,82.92,878000
2021-12-15 19:00:00-05:00,83.00,84.93,82.96,84.11,1177200
2021-12-16 19:00:00-05:00,83.81,84.43,81.85,81.94,2296600
2021-12-19 19:00:00-05:00,81.09,81.44,78.18,79.78,926100
2021-12-20 19:00:00-05:00,80.18,82.08,80.04,81.66,1325700
2021-12-21 19:00:00-05:00,81.72,82.46,81.14,81.64,516200
2021-12-22 19:00:00-05:00,81.69,83.01,81.41,82.53,708700
2021-12-26 19:00:00-05:00,82.67,83.66,82.13,83.02,498800
2021-12-27 19:00:00-05:00,82.92,84.08,82.67,83.39,391700
2021-12-28 19:00:00-05:00,83.39,83.78,82.75,83.48,639200
2021-12-29 19:00:00-05:00,83.70,84.55,83.32,83.96,451000
2021-12-30 19:00:00-05:00,83.63,84.35,83.04,84.00,699900
2022-01-02 19:00:00-05:00,84.36,86.12,84.11,85.28,914100
2022-01-03 19:00:00-05:00,85.55,87.28,85.42,86.81,891100
2022-01-04 19:00:00-05:00,87.27,87.90,86.38,86.51,794700
2022-01-05 19:00:00-05:00,87.15,87.81,85.95,85.95,617500
2022-01-06 19:00:00-05:00,86.00,87.11,85.79,86.46,869000
2022-01-09 19:00:00-05:00,86.67,86.67,84.12,84.76,687600
2022-01-10 19:00:00-05:00,84.96,86.00,84.27,85.80,680900
2022-01-11 19:00:00-05:00,85.38,85.88,84.60,84.85,865000
2022-01-12 19:00:00-05:00,85.03,88.06,84.85,87.38,948700
2022-01-13 19:00:00-05:00,86.82,89.04,86.36,88.88,840100
2022-01-17 19:00:00-05:00,87.92,88.77,86.51,88.08,1291800
2022-01-18 19:00:00-05:00,88.20,89.56,87.79,88.46,876300
2022-01-19 19:00:00-05:00,88.82,89.32,87.73,87.93,781600
2022-01-20 19:00:00-05:00,87.96,88.19,86.80,87.09,704300
2022-01-23 19:00:00-05:00,86.01,88.17,84.68,87.91,1155200
2022-01-24 19:00:00-05:00,86.88,89.29,85.88,88.17,1513800
2022-01-25 19:00:00-05:00,88.68,89.98,87.82,88.62,1220600
2022-01-26 19:00:00-05:00,87.87,87.87,82.87,83.73,1733500
2022-01-27 19:00:00-05:00,83.02,83.02,79.56,82.20,2071100
2022-01-30 19:00:00-05:00,81.72,84.92,81.72,84.51,1200100
2022-01-31 19:00:00-05:00,84.46,85.26,82.96,83.68,868600
2022-02-01 19:00:00-05:00,83.38,85.39,82.76,85.02,932700
2022-02-02 19:00:00-05:00,85.14,85.75,84.15,85.02,588100
2022-02-03 19:00:00-05:00,84.84,84.90,82.92,84.16,691100
2022-02-06 19:00:00-05:00,84.43,84.51,83.35,83.69,813400
2022-02-07 19:00:00-05:00,84.32,84.32,81.19,81.66,1263500
2022-02-08 19:00:00-05:00,81.98,83.60,81.66,83.55,1042100
2022-02-09 19:00:00-05:00,83.01,84.37,82.75,82.93,865400
2022-02-10 19:00:00-05:00,82.94,84.47,82.29,84.08,1115700
2022-02-13 19:00:00-05:00,84.08,84.08,81.84,82.54,1700100
2022-02-14 19:00:00-05:00,77.98,80.35,76.60,79.84,1937900
2022-02-15 19:00:00-05:00,79.49,83.97,79.16,83.83,1768300
2022-02-16 19:00:00-05:00,82.41,86.91,82.20,86.74,1413100
2022-02-17 19:00:00-05:00,86.74,87.94,85.61,87.88,1780700
2022-02-21 19:00:00-05:00,87.80,87.92,85.25,85.69,1318600
2022-02-22 19:00:00-05:00,86.18,87.57,85.61,86.03,1216800
2022-02-23 19:00:00-05:00,86.14,90.26,85.40,90.21,1758000
2022-02-24 19:00:00-05:00,90.55,92.00,89.93,91.79,1254100
2022-02-27 19:00:00-05:00,92.03,96.58,91.55,96.22,2988200
2022-02-28 19:00:00-05:00,97.07,100.00,97.01,98.97,2075700
2022-03-01 19:00:00-05:00,98.86,99.13,95.50,98.30,1501000
2022-03-02 19:00:00-05:00,98.94,99.71,97.83,99.28,1395300
2022-03-03 19:00:00-05:00,99.30,101.82,98.74,101.77,1431900
2022-03-06 19:00:00-05:00,102.04,103.35,100.32,100.96,1390800
2022-03-07 19:00:00-05:00,100.16,100.61,96.31,96.56,1329600
2022-03-08 19:00:00-05:00,96.45,98.54,94.57,97.21,1323600
2022-03-09 19:00:00-05:00,96.69,98.42,96.39,97.34,627000
2022-03-10 19:00:00-05:00,97.38,98.38,96.28,96.34,735100
2022-03-13 20:00:00-04:00,96.85,97.99,96.06,97.14,1001800
2022-03-14 20:00:00-04:00,97.11,98.66,96.65,98.58,894000
2022-03-15 20:00:00-04:00,98.28,99.21,95.27,96.77,1209700
2022-03-16 20:00:00-04:00,97.24,99.41,96.29,98.60,1157500
2022-03-17 20:00:00-04:00,98.03,100.63,97.89,100.01,3922800
2022-03-20 20:00:00-04:00,100.01,102.40,99.82,100.86,930600
2022-03-21 20:00:00-04:00,100.87,102.17,100.32,100.90,811600
2022-03-22 20:00:00-04:00,101.04,101.81,100.21,101.29,944200
2022-03-23 20:00:00-04:00,100.14,103.06,99.80,101.97,744300
2022-03-24 20:00:00-04:00,102.36,103.94,101.55,102.91,564100
2022-03-27 20:00:00-04:00,102.73,103.68,101.69,103.40,564100
2022-03-28 20:00:00-04:00,102.18,102.68,100.74,101.80,740800
2022-03-29 20:00:00-04:00,101.81,103.39,101.81,102.80,829700
2022-03-30 20:00:00-04:00,102.47,103.73,101.98,102.42,932500
2022-03-31 20:00:00-04:00,102.13,103.30,101.38,102.69,598500
2022-04-03 20:00:00-04:00,102.63,102.71,100.81,101.67,661200
2022-04-04 20:00:00-04:00,101.70,103.24,101.21,101.64,866000
2022-04-05 20:00:00-04:00,101.76,103.02,101.64,101.91,1221400
2022-04-06 20:00:00-04:00,101.93,102.78,101.17,102.47,1346800
2022-04-07 20:00:00-04:00,103.21,104.19,102.30,102.39,746600
2022-04-10 20:00:00-04:00,102.70,103.79,101.90,102.56,694100
2022-04-11 20:00:00-04:00,102.54,104.20,102.43,102.69,495900
2022-04-12 20:00:00-04:00,102.92,103.90,102.16,103.10,490700
2022-04-13 20:00:00-04:00,103.54,104.92,103.17,103.41,584400
2022-04-17 20:00:00-04:00,103.14,104.60,102.81,103.60,653800
2022-04-18 20:00:00-04:00,103.76,104.89,103.45,103.93,588000
2022-04-19 20:00:00-04:00,104.27,105.36,103.92,104.18,584600
2022-04-20 20:00:00-04:00,104.46,104.70,103.64,104.09,638400
2022-04-21 20:00:00-04:00,103.65,104.48,102.54,102.64,529900
2022-04-24 20:00:00-04:00,102.31,102.31,99.99,101.62,1019800
2022-04-25 20:00:00-04:00,101.63,103.15,101.07,101.10,690600
2022-04-26 20:00:00-04:00,101.19,101.82,100.09,100.73,686700
2022-04-27 20:00:00-04:00,101.07,101.07,98.94,99.59,1047100
2022-04-28 20:00:00-04:00,99.42,100.25,97.81,98.15,1318500
2022-05-01 20:00:00-04:00,98.02,99.80,97.45,98.15,1087000
2022-05-02 20:00:00-04:00,96.87,98.15,94.49,97.21,1686500
2022-05-03 20:00:00-04:00,97.28,100.51,97.19,99.35,1284900
2022-05-04 20:00:00-04:00,99.34,99.80,97.55,98.67,820700
2022-05-05 20:00:00-04:00,98.44,99.16,97.09,97.86,684300
2022-05-08 20:00:00-04:00,97.18,97.86,93.97,94.23,827300
2022-05-09 20:00:00-04:00,94.50,96.87,94.50,95.98,1157900
2022-05-10 20:00:00-04:00,95.92,98.01,95.61,95.96,895500
2022-05-11 20:00:00-04:00,95.96,97.24,94.65,95.36,1002300
2022-05-12 20:00:00-04:00,95.75,97.09,95.53,96.37,518300
2022-05-15 20:00:00-04:00,96.96,98.34,96.39,97.85,600100
2022-05-16 20:00:00-04:00,98.16,99.15,97.30,98.99,534900
2022-05-17 20:00:00-04:00,98.55,98.84,96.06,96.42,530600
2022-05-18 20:00:00-04:00,95.51,97.21,94.96,96.26,676100
2022-05-19 20:00:00-04:00,96.25,96.25,93.76,95.39,699200
2022-05-22 20:00:00-04:00,96.06,97.13,95.31,96.57,584400
2022-05-23 20:00:00-04:00,96.57,97.18,95.31,96.69,723100
2022-05-24 20:00:00-04:00,96.86,97.49,96.20,97.08,526600
2022-05-25 20:00:00-04:00,97.83,99.00,97.79,98.26,436200
2022-05-26 20:00:00-04:00,98.59,99.92,98.41,99.90,535800
2022-05-30 20:00:00-04:00,99.39,99.66,98.23,99.08,1031900
2022-05-31 20:00:00-04:00,99.42,99.61,97.80,99.31,546500
2022-06-01 20:00:00-04:00,99.29,100.40,97.63,100.17,500800
2022-06-02 20:00:00-04:00,99.81,100.72,99.27,100.30,492900
2022-06-05 20:00:00-04:00,100.64,101.40,100.09,100.43,591700
2022-06-06 20:00:00-04:00,98.40,101.75,98.09,101.52,670800
2022-06-07 20:00:00-04:00,101.00,101.03,98.46,98.52,404200
2022-06-08 20:00:00-04:00,98.74,99.18,97.45,97.50,489500
2022-06-09 20:00:00-04:00,96.48,96.66,95.40,95.50,640800
2022-06-12 20:00:00-04:00,94.13,95.32,93.21,94.25,823000
2022-06-13 20:00:00-04:00,94.05,94.71,92.12,93.17,914400
2022-06-14 20:00:00-04:00,93.79,94.53,92.59,94.01,758800
2022-06-15 20:00:00-04:00,92.78,92.86,90.38,90.75,847900
2022-06-16 20:00:00-04:00,90.37,90.63,87.28,89.60,2671800
2022-06-20 20:00:00-04:00,91.03,92.52,90.16,92.21,647500
2022-06-21 20:00:00-04:00,91.27,93.07,90.76,92.73,779100
2022-06-22 20:00:00-04:00,93.53,94.12,91.85,92.82,626400
2022-06-23 20:00:00-04:00,93.77,96.90,93.17,96.66,1314300
2022-06-26 20:00:00-04:00,96.61,97.79,95.89,96.77,544100
2022-06-27 20:00:00-04:00,97.16,97.60,94.16,94.46,680800
2022-06-28 20:00:00-04:00,94.99,94.99,93.72,94.54,685600
2022-06-29 20:00:00-04:00,94.11,96.02,93.63,95.84,1158900
2022-06-30 20:00:00-04:00,96.17,97.74,94.75,97.49,559700
2022-07-04 20:00:00-04:00,96.78,96.94,93.04,94.76,703800
2022-07-05 20:00:00-04:00,95.30,97.32,94.81,96.38,577000
2022-07-06 20:00:00-04:00,96.56,97.22,96.27,96.61,538300
2022-07-07 20:00:00-04:00,96.68,97.40,96.42,96.71,408900
2022-07-10 20:00:00-04:00,95.93,97.09,95.80,96.30,288000
2022-07-11 20:00:00-04:00,96.11,97.29,94.60,94.98,549900
2022-07-12 20:00:00-04:00,94.01,95.30,94.01,94.20,787200
2022-07-13 20:00:00-04:00,93.18,93.57,92.39,93.46,512200
2022-07-14 20:00:00-04:00,94.54,94.77,93.58,93.92,872800
2022-07-17 20:00:00-04:00,94.22,94.57,93.06,93.14,547100
2022-07-18 20:00:00-04:00,93.55,95.40,93.04,95.30,978700
2022-07-19 20:00:00-04:00,95.43,96.06,94.74,95.19,843500
2022-07-20 20:00:00-04:00,95.16,96.07,94.52,96.01,828800
2022-07-21 20:00:00-04:00,96.39,97.41,95.98,96.54,611400
2022-07-24 20:00:00-04:00,96.75,98.13,96.35,97.97,609600
2022-07-25 20:00:00-04:00,98.24,99.00,97.89,98.50,480600
2022-07-26 20:00:00-04:00,98.71,98.87,97.74,98.25,621400
2022-07-27 20:00:00-04:00,98.41,101.26,98.23,100.75,655600
2022-07-28 20:00:00-04:00,100.87,102.63,100.56,101.82,652100
2022-07-31 20:00:00-04:00,101.82,101.82,99.83,100.06,955800
2022-08-01 20:00:00-04:00,97.07,97.84,93.06,95.62,1400400
2022-08-02 20:00:00-04:00,95.76,95.76,94.32,95.11,1130100
2022-08-03 20:00:00-04:00,94.94,95.89,94.30,94.51,787300
2022-08-04 20:00:00-04:00,94.13,95.72,93.86,95.69,406500
2022-08-07 20:00:00-04:00,95.94,96.02,93.16,93.59,839300
2022-08-08 20:00:00-04:00,94.13,94.27,93.03,93.37,723500
2022-08-09 20:00:00-04:00,94.37,94.60,93.62,93.87,551400
2022-08-10 20:00:00-04:00,93.99,94.13,92.87,93.41,822300
2022-08-11 20:00:00-04:00,93.56,95.27,93.56,95.22,499200
2022-08-14 20:00:00-04:00,94.75,96.82,93.83,96.09,493300
2022-08-15 20:00:00-04:00,95.99,96.81,95.98,96.32,510700
2022-08-16 20:00:00-04:00,95.83,96.58,95.44,96.26,384000
2022-08-17 20:00:00-04:00,96.69,96.95,96.29,96.68,318800
2022-08-18 20:00:00-04:00,96.66,97.67,96.26,97.62,673000
2022-08-21 20:00:00-04:00,97.08,97.17,95.55,95.76,592700
2022-08-22 20:00:00-04:00,95.69,96.17,95.19,95.40,501000
2022-08-23 20:00:00-04:00,95.62,95.73,94.55,94.76,461200
2022-08-24 20:00:00-04:00,95.10,95.34,94.31,94.91,372900
2022-08-25 20:00:00-04:00,95.04,95.14,92.46,92.50,358900
2022-08-28 20:00:00-04:00,92.00,93.20,90.89,92.53,545500
2022-08-29 20:00:00-04:00,92.63,92.85,91.14,91.17,453800
2022-08-30 20:00:00-04:00,91.53,92.09,90.15,90.45,1154800
2022-08-31 20:00:00-04:00,90.28,90.71,89.69,90.46,868800
2022-09-01 20:00:00-04:00,91.18,91.46,88.88,89.18,425700
2022-09-05 20:00:00-04:00,89.40,90.01,88.71,89.07,796500
2022-09-06 20:00:00-04:00,89.29,90.70,88.86,90.41,741800
2022-09-07 20:00:00-04:00,89.90,90.38,89.09,89.99,541100
2022-09-08 20:00:00-04:00,90.07,91.57,89.93,91.06,582300
2022-09-11 20:00:00-04:00,91.40,92.28,91.27,91.59,587500
2022-09-12 20:00:00-04:00,90.35,90.86,87.87,88.26,619500
2022-09-13 20:00:00-04:00,88.43,89.52,88.14,88.79,841900
2022-09-14 20:00:00-04:00,88.68,88.84,87.59,88.27,857900
2022-09-15 20:00:00-04:00,88.95,89.58,88.35,89.12,1764300
2022-09-18 20:00:00-04:00,88.55,89.30,87.72,89.04,757600
2022-09-19 20:00:00-04:00,88.86,89.34,87.89,88.95,1532300
2022-09-20 20:00:00-04:00,89.71,90.80,87.71,87.74,712500
2022-09-21 20:00:00-04:00,87.55,87.55,86.34,86.63,517000
2022-09-22 20:00:00-04:00,86.02,86.15,83.91,84.73,655600
2022-09-25 20:00:00-04:00,84.44,85.51,84.09,84.44,515200
2022-09-26 20:00:00-04:00,85.05,85.40,83.70,84.26,527900
2022-09-27 20:00:00-04:00,84.83,85.32,83.61,84.96,477400
2022-09-28 20:00:00-04:00,84.63,84.63,83.34,84.16,783800
2022-09-29 20:00:00-04:00,84.31,84.95,83.48,83.56,804800
2022-10-02 20:00:00-04:00,84.43,87.35,84.16,86.73,627600
2022-10-03 20:00:00-04:00,87.38,89.25,87.30,89.19,919000
2022-10-04 20:00:00-04:00,88.59,89.20,87.95,88.35,524200
2022-10-05 20:00:00-04:00,88.14,88.20,86.98,87.54,821200
2022-10-06 20:00:00-04:00,86.98,87.56,86.74,87.36,652100
2022-10-09 20:00:00-04:00,87.87,88.72,86.88,87.79,401900
2022-10-10 20:00:00-04:00,87.49,88.99,87.00,87.19,470600
2022-10-11 20:00:00-04:00,87.08,87.37,85.44,85.46,695100
2022-10-12 20:00:00-04:00,84.08,87.39,84.08,87.04,592000
2022-10-13 20:00:00-04:00,87.43,87.66,84.58,84.75,603900
2022-10-16 20:00:00-04:00,86.06,87.81,86.02,87.06,550600
2022-10-17 20:00:00-04:00,88.33,90.11,88.14,89.54,546000
2022-10-18 20:00:00-04:00,88.97,89.35,88.35,89.03,587500
2022-10-19 20:00:00-04:00,89.19,89.97,88.68,89.18,465200
2022-10-20 20:00:00-04:00,89.34,91.43,88.43,91.13,541400
2022-10-23 20:00:00-04:00,92.00,92.65,91.32,91.79,425000
2022-10-24 20:00:00-04:00,91.61,93.38,91.21,92.96,585700
2022-10-25 20:00:00-04:00,93.57,94.00,92.20,93.15,416700
2022-10-26 20:00:00-04:00,93.58,95.63,93.37,94.72,534200
2022-10-27 20:00:00-04:00,95.08,97.28,94.51,97.20,877200
2022-10-30 20:00:00-04:00,96.51,98.29,96.10,97.05,992700
2022-10-31 20:00:00-04:00,98.46,100.26,97.98,98.92,1483400
2022-11-01 20:00:00-04:00,98.79,102.03,98.72,99.70,1012400
2022-11-02 20:00:00-04:00,98.87,102.60,98.18,101.91,1011100
2022-11-03 20:00:00-04:00,102.28,102.63,98.54,101.04,942900
2022-11-06 19:00:00-05:00,101.50,103.78,101.09,103.01,834100
2022-11-07 19:00:00-05:00,102.40,104.29,101.94,103.78,633500
2022-11-08 19:00:00-05:00,103.77,103.85,101.78,102.04,644900
2022-11-09 19:00:00-05:00,104.21,104.21,100.84,102.44,1213700
2022-11-10 19:00:00-05:00,101.93,102.50,98.55,98.76,1419400
2022-11-13 19:00:00-05:00,99.07,101.58,98.73,99.52,989500
2022-11-14 19:00:00-05:00,100.18,100.74,99.13,100.01,906300
2022-11-15 19:00:00-05:00,100.32,102.17,100.32,101.27,874400
2022-11-16 19:00:00-05:00,100.50,101.69,99.90,100.55,665000
2022-11-17 19:00:00-05:00,101.34,102.65,101.11,101.55,2542700
2022-11-20 19:00:00-05:00,101.65,103.88,101.65,102.87,880300
2022-11-21 19:00:00-05:00,103.47,103.85,102.13,102.67,698100
2022-11-22 19:00:00-05:00,102.43,103.05,101.93,102.73,785300
2022-11-24 19:00:00-05:00,103.37,104.03,103.18,104.03,268900
2022-11-27 19:00:00-05:00,103.47,103.88,102.67,103.28,571200
2022-11-28 19:00:00-05:00,103.08,104.01,102.44,103.65,854700
2022-11-29 19:00:00-05:00,103.54,104.56,102.54,104.45,770100
2022-11-30 19:00:00-05:00,104.83,105.50,104.04,104.72,448900
2022-12-01 19:00:00-05:00,104.65,105.96,103.94,105.55,498300
2022-12-04 19:00:00-05:00,104.80,105.50,104.05,104.75,568500
2022-12-05 19:00:00-05:00,104.61,104.85,103.45,104.60,752700
2022-12-06 19:00:00-05:00,104.46,105.21,103.10,103.65,503000
2022-12-07 19:00:00-05:00,104.25,104.90,103.91,104.21,549300
2022-12-08 19:00:00-05:00,104.04,104.28,102.00,102.08,500700
2022-12-11 19:00:00-05:00,101.75,102.98,101.34,102.97,1055200
2022-12-12 19:00:00-05:00,104.32,104.32,100.65,101.78,1083000
2022-12-13 19:00:00-05:00,101.80,103.38,101.21,102.38,1464200
2022-12-14 19:00:00-05:00,101.91,102.15,100.02,100.92,948600
2022-12-15 19:00:00-05:00,100.48,100.99,98.92,100.45,2624000
2022-12-18 19:00:00-05:00,100.56,102.16,99.73,100.12,671000
2022-12-19 19:00:00-05:00,100.18,100.76,99.52,100.09,932100
2022-12-20 19:00:00-05:00,100.41,101.80,100.07,101.45,610600
2022-12-21 19:00:00-05:00,101.25,101.51,98.88,100.44,616200
2022-12-22 19:00:00-05:00,100.49,101.29,100.07,100.81,364500
2022-12-26 19:00:00-05:00,101.07,101.67,100.93,101.52,294900
2022-12-27 19:00:00-05:00,101.66,101.83,99.79,99.82,311400
2022-12-28 19:00:00-05:00,100.06,101.19,99.80,100.68,423400
2022-12-29 19:00:00-05:00,100.48,101.03,99.77,100.83,392200
2023-01-02 19:00:00-05:00,100.13,100.64,98.40,100.37,687900
2023-01-03 19:00:00-05:00,100.06,100.84,99.25,100.05,786300
2023-01-04 19:00:00-05:00,99.80,101.46,99.10,99.70,836300
2023-01-05 19:00:00-05:00,100.40,102.55,99.96,100.60,613700
2023-01-08 19:00:00-05:00,100.57,101.07,95.75,96.17,1236200
2023-01-09 19:00:00-05:00,96.37,96.78,95.68,95.84,601100
2023-01-10 19:00:00-05:00,95.74,95.88,95.19,95.50,878600
2023-01-11 19:00:00-05:00,95.37,95.89,94.27,94.62,1170600
2023-01-12 19:00:00-05:00,93.58,94.63,93.31,94.28,931600
2023-01-16 19:00:00-05:00,94.82,95.00,93.73,93.79,743800
2023-01-17 19:00:00-05:00,93.73,94.35,91.57,91.58,1929100
2023-01-18 19:00:00-05:00,91.54,92.16,90.63,90.65,706500
2023-01-19 19:00:00-05:00,90.71,92.56,90.21,92.08,727000
2023-01-22 19:00:00-05:00,92.45,92.69,91.80,92.38,538300
2023-01-23 19:00:00-05:00,92.71,93.72,92.20,93.27,994300
2023-01-24 19:00:00-05:00,92.97,94.18,92.53,94.08,971700
2023-01-25 19:00:00-05:00,94.66,94.66,93.44,93.73,583700
2023-01-26 19:00:00-05:00,93.73,93.91,91.89,92.49,705900
2023-01-29 19:00:00-05:00,93.04,94.36,92.90,93.28,834300
2023-01-30 19:00:00-05:00,93.67,94.74,93.18,94.74,1197900
2023-01-31 19:00:00-05:00,94.54,95.05,93.45,93.78,752700
2023-02-01 19:00:00-05:00,92.99,94.32,92.57,93.87,659300
2023-02-02 19:00:00-05:00,94.05,94.46,93.09,94.00,515300
2023-02-05 19:00:00-05:00,94.17,95.15,93.92,94.27,605500
2023-02-06 19:00:00-05:00,94.12,95.11,93.00,94.90,676600
2023-02-07 19:00:00-05:00,94.37,95.30,94.20,94.86,629300
2023-02-08 19:00:00-05:00,94.97,95.26,93.79,93.89,812500
2023-02-09 19:00:00-05:00,94.14,96.65,94.14,96.64,844900
2023-02-12 19:00:00-05:00,96.71,98.03,95.92,96.54,1127100
2023-02-13 19:00:00-05:00,94.56,96.03,91.04,91.30,1805300
2023-02-14 19:00:00-05:00,90.48,93.99,89.50,93.88,1259600
2023-02-15 19:00:00-05:00,93.35,95.76,93.35,95.31,1066000
2023-02-16 19:00:00-05:00,95.67,97.40,95.38,97.05,1282000
2023-02-20 19:00:00-05:00,97.07,97.61,95.77,95.87,1408400
2023-02-21 19:00:00-05:00,95.90,96.91,95.31,95.99,808900
2023-02-22 19:00:00-05:00,95.98,97.17,95.14,95.44,977100
2023-02-23 19:00:00-05:00,94.53,95.57,94.53,95.17,579400
2023-02-26 19:00:00-05:00,95.76,95.76,92.89,93.45,1218100
2023-02-27 19:00:00-05:00,93.58,94.06,92.63,93.05,995500
2023-02-28 19:00:00-05:00,92.67,93.51,92.47,92.66,545000
2023-03-01 19:00:00-05:00,92.54,93.26,92.30,92.93,647900
2023-03-02 19:00:00-05:00,93.25,93.44,92.16,93.27,750700
2023-03-05 19:00:00-05:00,93.12,93.56,92.04,92.93,1057200
2023-03-06 19:00:00-05:00,93.21,93.56,92.42,92.52,1249700
2023-03-07 19:00:00-05:00,92.30,92.70,89.63,90.16,746500
2023-03-08 19:00:00-05:00,90.68,91.10,88.84,88.90,589600
2023-03-09 19:00:00-05:00,88.79,89.93,88.49,88.67,903900
2023-03-12 20:00:00-04:00,88.19,89.75,87.84,88.41,903200
2023-03-13 20:00:00-04:00,89.14,90.08,89.13,89.76,1493600
2023-03-14 20:00:00-04:00,88.88,89.09,87.20,88.83,659800
2023-03-15 20:00:00-04:00,88.70,89.74,88.13,89.03,1332500
2023-03-16 20:00:00-04:00,89.08,89.08,86.26,87.05,2023200
2023-03-19 20:00:00-04:00,87.52,89.22,87.52,88.13,611700
2023-03-20 20:00:00-04:00,88.99,89.38,88.35,89.15,842600
2023-03-21 20:00:00-04:00,89.29,89.61,87.81,87.87,589300
2023-03-22 20:00:00-04:00,87.75,88.05,86.44,86.88,642900
2023-03-23 20:00:00-04:00,86.90,87.99,86.29,87.94,953800
2023-03-26 20:00:00-04:00,87.62,87.99,86.69,87.94,923700
2023-03-27 20:00:00-04:00,88.09,88.83,87.66,87.67,696100
2023-03-28 20:00:00-04:00,88.16,88.43,87.48,87.99,1601800
2023-03-29 20:00:00-04:00,88.27,88.78,87.74,88.14,1008000
2023-03-30 20:00:00-04:00,88.56,88.92,88.28,88.59,1116200
2023-04-02 20:00:00-04:00,88.69,90.36,88.67,89.69,971300
2023-04-03 20:00:00-04:00,89.64,90.11,87.68,88.14,1013600
2023-04-04 20:00:00-04:00,87.95,88.90,87.75,88.06,915900
2023-04-05 20:00:00-04:00,88.50,88.65,87.41,87.97,824800
2023-04-09 20:00:00-04:00,88.00,89.52,87.99,89.11,565000
2023-04-10 20:00:00-04:00,89.24,89.42,88.46,88.80,940800
2023-04-11 20:00:00-04:00,88.73,89.67,88.51,89.19,491400
2023-04-12 20:00:00-04:00,88.93,89.74,88.42,89.28,589000
2023-04-13 20:00:00-04:00,89.06,89.32,87.91,88.45,455200
2023-04-16 20:00:00-04:00,88.55,89.62,88.17,89.58,492400
2023-04-17 20:00:00-04:00,89.56,90.11,89.12,89.55,485200
2023-04-18 20:00:00-04:00,89.81,89.97,88.89,88.96,395900
2023-04-19 20:00:00-04:00,89.03,89.27,88.50,89.07,445100
2023-04-20 20:00:00-04:00,89.49,89.72,87.97,88.29,401800
2023-04-23 20:00:00-04:00,88.21,88.38,87.30,87.93,348900
2023-04-24 20:00:00-04:00,87.88,88.43,87.48,87.97,508300
2023-04-25 20:00:00-04:00,87.28,87.74,85.42,86.09,800900
2023-04-26 20:00:00-04:00,86.13,88.61,86.13,88.59,702900
2023-04-27 20:00:00-04:00,88.55,89.93,88.34,89.75,1189100
2023-04-30 20:00:00-04:00,89.94,91.24,89.94,90.77,1387400
2023-05-01 20:00:00-04:00,86.79,86.79,76.42,77.57,4017400
2023-05-02 20:00:00-04:00,77.52,80.78,77.39,77.84,2053500
2023-05-03 20:00:00-04:00,77.23,77.93,75.62,76.46,1352600
2023-05-04 20:00:00-04:00,77.01,78.03,76.74,77.78,2192800
2023-05-07 20:00:00-04:00,77.78,78.02,75.90,76.09,1458500
2023-05-08 20:00:00-04:00,77.96,78.67,76.50,77.27,1680500
2023-05-09 20:00:00-04:00,77.52,77.77,76.24,77.04,1357100
2023-05-10 20:00:00-04:00,76.39,76.63,75.20,75.32,944400
2023-05-11 20:00:00-04:00,75.62,75.99,75.00,75.94,852800
2023-05-14 20:00:00-04:00,75.81,76.01,75.14,75.37,1214000
2023-05-15 20:00:00-04:00,75.06,75.06,74.02,74.02,1322700
2023-05-16 20:00:00-04:00,74.20,76.17,73.69,75.59,2009300
2023-05-17 20:00:00-04:00,75.51,76.06,74.57,75.95,1078900
2023-05-18 20:00:00-04:00,76.33,76.50,75.19,75.45,1160600
2023-05-21 20:00:00-04:00,75.29,77.21,75.15,77.00,980300
2023-05-22 20:00:00-04:00,78.43,79.08,77.73,78.03,1243400
2023-05-23 20:00:00-04:00,78.01,78.18,77.20,77.61,1280700
2023-05-24 20:00:00-04:00,78.64,78.92,76.07,76.30,1191800
2023-05-25 20:00:00-04:00,76.70,77.78,76.32,77.27,1429000
2023-05-29 20:00:00-04:00,77.27,77.84,76.22,76.25,728800
2023-05-30 20:00:00-04:00,76.02,76.25,74.97,75.12,1329400
2023-05-31 20:00:00-04:00,75.36,75.88,74.97,75.51,955800
2023-06-01 20:00:00-04:00,76.05,78.53,76.05,78.42,819100
2023-06-04 20:00:00-04:00,78.75,79.05,77.58,77.62,655400
2023-06-05 20:00:00-04:00,77.37,78.54,77.37,78.27,653500
2023-06-06 20:00:00-04:00,78.35,79.61,78.12,79.58,586800
2023-06-07 20:00:00-04:00,79.57,79.89,78.98,79.44,682300
2023-06-08 20:00:00-04:00,79.54,80.21,79.17,79.79,475600
2023-06-11 20:00:00-04:00,80.18,81.36,79.77,80.87,630200
2023-06-12 20:00:00-04:00,80.64,81.37,80.56,80.59,1101000
2023-06-13 20:00:00-04:00,80.44,80.89,79.81,80.25,725400
2023-06-14 20:00:00-04:00,80.30,82.45,80.10,82.38,1254800
2023-06-15 20:00:00-04:00,82.71,83.13,82.19,83.01,2761900
2023-06-19 20:00:00-04:00,82.63,83.15,82.03,82.33,815100
2023-06-20 20:00:00-04:00,82.09,83.64,81.33,83.57,1086000
2023-06-21 20:00:00-04:00,83.65,83.65,82.91,83.12,696800
2023-06-22 20:00:00-04:00,82.70,83.07,81.78,81.88,998200
2023-06-25 20:00:00-04:00,81.62,83.08,81.41,83.07,723900
2023-06-26 20:00:00-04:00,82.79,83.95,82.49,83.53,765700
2023-06-27 20:00:00-04:00,83.59,83.94,82.75,83.76,823800
2023-06-28 20:00:00-04:00,83.84,85.35,83.84,84.84,845500
2023-06-29 20:00:00-04:00,85.22,85.93,85.05,85.51,818200
2023-07-02 20:00:00-04:00,84.88,85.64,84.67,85.46,297100
2023-07-04 20:00:00-04:00,85.05,86.15,84.78,85.68,796500
2023-07-05 20:00:00-04:00,85.30,85.86,84.76,85.48,761900
2023-07-06 20:00:00-04:00,85.24,86.09,84.84,85.09,928600
2023-07-09 20:00:00-04:00,84.79,85.80,84.79,85.08,664200
2023-07-10 20:00:00-04:00,85.14,86.72,85.10,86.51,763000
2023-07-11 20:00:00-04:00,86.98,87.06,86.06,86.14,1021300
2023-07-12 20:00:00-04:00,86.15,87.18,85.83,86.86,660900
2023-07-13 20:00:00-04:00,86.51,86.99,85.93,86.82,858900
2023-07-16 20:00:00-04:00,86.75,87.58,86.73,87.45,790600
2023-07-17 20:00:00-04:00,87.66,88.44,86.90,87.32,762200
2023-07-18 20:00:00-04:00,87.64,88.10,86.75,87.51,743100
2023-07-19 20:00:00-04:00,87.59,88.35,87.49,88.30,554300
2023-07-20 20:00:00-04:00,88.56,88.57,87.85,88.25,624200
2023-07-23 20:00:00-04:00,88.57,88.87,88.10,88.37,526300
2023-07-24 20:00:00-04:00,87.98,89.20,87.90,89.12,655900
2023-07-25 20:00:00-04:00,89.34,90.70,89.34,90.54,822300
2023-07-26 20:00:00-04:00,90.66,90.97,89.01,89.07,1202500
2023-07-27 20:00:00-04:00,89.90,90.62,89.64,90.61,890000
2023-07-30 20:00:00-04:00,91.05,91.51,90.27,90.39,1282100
2023-07-31 20:00:00-04:00,92.78,98.21,92.38,96.63,2027000
2023-08-01 20:00:00-04:00,96.64,96.96,95.00,95.25,935400
2023-08-02 20:00:00-04:00,95.40,95.61,94.33,95.10,936400
2023-08-03 20:00:00-04:00,95.76,95.84,93.56,93.85,859800
2023-08-06 20:00:00-04:00,93.98,94.69,93.68,94.36,1161800
2023-08-07 20:00:00-04:00,94.17,94.17,93.13,93.75,593300
2023-08-08 20:00:00-04:00,93.69,94.57,93.44,94.29,454400
2023-08-09 20:00:00-04:00,94.00,94.50,93.53,94.07,587300
2023-08-10 20:00:00-04:00,94.13,94.71,93.49,94.39,594700
2023-08-13 20:00:00-04:00,94.50,95.34,94.18,94.88,702400
2023-08-14 20:00:00-04:00,94.58,95.19,94.19,94.33,637900
2023-08-15 20:00:00-04:00,94.26,94.51,93.48,93.55,565100
2023-08-16 20:00:00-04:00,93.65,94.52,93.01,93.08,819400
2023-08-17 20:00:00-04:00,92.82,93.34,92.40,92.88,3388400
2023-08-20 20:00:00-04:00,92.58,93.28,92.44,93.24,693000
2023-08-21 20:00:00-04:00,92.81,93.17,91.91,92.19,1193800
2023-08-22 20:00:00-04:00,92.37,92.53,91.81,92.30,732600
2023-08-23 20:00:00-04:00,91.82,93.60,91.81,93.18,571700
2023-08-24 20:00:00-04:00,93.66,93.66,92.33,92.58,350100
2023-08-27 20:00:00-04:00,92.51,93.67,92.29,93.61,563600
2023-08-28 20:00:00-04:00,93.75,93.87,92.91,93.58,375100
2023-08-29 20:00:00-04:00,93.97,94.90,93.91,94.68,413100
2023-08-30 20:00:00-04:00,95.15,95.36,94.19,94.24,1324900
2023-08-31 20:00:00-04:00,95.15,96.94,95.15,95.53,785800
2023-09-04 20:00:00-04:00,95.23,95.27,94.19,94.19,548300
2023-09-05 20:00:00-04:00,94.05,94.26,93.17,93.27,545500
2023-09-06 20:00:00-04:00,93.52,93.75,92.09,92.53,950700
2023-09-07 20:00:00-04:00,92.48,92.85,92.12,92.59,512200
2023-09-10 20:00:00-04:00,92.37,92.83,91.97,92.69,440400
2023-09-11 20:00:00-04:00,92.17,92.90,91.83,92.57,461500
2023-09-12 20:00:00-04:00,92.83,92.97,91.39,91.84,394600
2023-09-13 20:00:00-04:00,92.16,92.91,91.75,92.29,657000
2023-09-14 20:00:00-04:00,91.97,92.14,90.53,91.23,1908400
2023-09-17 20:00:00-04:00,91.51,91.51,90.59,90.78,724200
2023-09-18 20:00:00-04:00,90.90,91.08,90.33,90.89,761400
2023-09-19 20:00:00-04:00,91.38,92.08,90.80,91.05,476000
2023-09-20 20:00:00-04:00,90.88,90.88,89.60,89.64,485500
2023-09-21 20:00:00-04:00,89.55,89.87,88.26,88.41,494800
2023-09-24 20:00:00-04:00,88.23,89.04,88.11,88.63,413600
2023-09-25 20:00:00-04:00,88.15,88.74,87.89,88.26,405100
2023-09-26 20:00:00-04:00,88.49,89.68,88.26,89.24,428400
2023-09-27 20:00:00-04:00,89.41,89.77,89.10,89.39,380700
2023-09-28 20:00:00-04:00,89.61,90.24,88.76,89.41,555500
2023-10-01 20:00:00-04:00,89.27,91.14,89.14,90.42,895300
2023-10-02 20:00:00-04:00,90.82,91.61,89.77,89.88,664900
2023-10-03 20:00:00-04:00,89.78,90.22,87.93,88.60,812800
2023-10-04 20:00:00-04:00,88.48,88.90,87.22,87.75,491500
2023-10-05 20:00:00-04:00,87.27,88.61,86.56,88.26,574100
2023-10-08 20:00:00-04:00,89.10,92.22,89.10,91.59,931100
2023-10-09 20:00:00-04:00,91.87,92.18,91.08,91.48,725700
2023-10-10 20:00:00-04:00,91.56,92.91,91.50,92.79,637700
2023-10-11 20:00:00-04:00,92.98,92.98,90.90,91.69,645900
2023-10-12 20:00:00-04:00,92.45,92.90,91.32,92.06,698700
2023-10-15 20:00:00-04:00,92.56,93.14,91.94,92.56,538200
2023-10-16 20:00:00-04:00,92.58,93.78,92.39,92.62,582000
2023-10-17 20:00:00-04:00,92.51,92.51,91.29,91.46,423900
2023-10-18 20:00:00-04:00,91.47,92.00,90.42,90.62,439700
2023-10-19 20:00:00-04:00,91.19,91.37,89.91,89.94,650500
2023-10-22 20:00:00-04:00,89.63,90.38,89.14,89.14,393500
2023-10-23 20:00:00-04:00,89.66,90.11,88.12,88.29,535400
2023-10-24 20:00:00-04:00,88.35,89.57,88.35,88.59,473000
2023-10-25 20:00:00-04:00,88.60,89.91,87.93,89.32,597900
2023-10-26 20:00:00-04:00,88.83,89.36,87.60,87.79,538700
2023-10-29 20:00:00-04:00,89.56,89.95,87.83,89.05,800900
2023-10-30 20:00:00-04:00,92.67,96.77,91.75,96.16,2292100
2023-10-31 20:00:00-04:00,97.04,98.88,95.36,98.16,1729200
2023-11-01 20:00:00-04:00,98.23,100.39,97.18,100.10,1427200
2023-11-02 20:00:00-04:00,100.57,102.17,100.41,100.84,1195600
2023-11-05 19:00:00-05:00,100.64,100.79,99.75,100.24,787100
2023-11-06 19:00:00-05:00,99.95,100.51,99.52,99.74,722300
2023-11-07 19:00:00-05:00,99.70,100.28,99.16,99.94,683600
2023-11-08 19:00:00-05:00,100.27,100.49,99.22,99.45,667600
2023-11-09 19:00:00-05:00,99.93,100.79,99.68,100.46,656400
2023-11-12 19:00:00-05:00,100.37,101.71,99.65,101.29,673200
2023-11-13 19:00:00-05:00,101.83,102.32,100.72,101.85,786100
2023-11-14 19:00:00-05:00,101.88,102.31,101.19,101.83,687500
2023-11-15 19:00:00-05:00,102.01,102.69,101.51,101.55,650900
2023-11-16 19:00:00-05:00,102.79,102.79,101.80,102.12,731300
2023-11-19 19:00:00-05:00,101.87,103.24,101.59,102.76,665500
2023-11-20 19:00:00-05:00,102.79,103.30,102.20,102.52,456700
2023-11-21 19:00:00-05:00,102.53,103.51,102.35,103.15,528000
2023-11-23 19:00:00-05:00,103.53,104.06,103.31,103.57,237200
2023-11-26 19:00:00-05:00,103.35,103.72,102.97,103.56,401400
2023-11-27 19:00:00-05:00,103.69,104.19,103.16,103.17,513000
2023-11-28 19:00:00-05:00,103.41,103.75,102.58,103.05,635000
2023-11-29 19:00:00-05:00,103.11,104.15,102.56,104.12,1015200
2023-11-30 19:00:00-05:00,103.93,105.70,103.61,105.69,703000
2023-12-03 19:00:00-05:00,105.89,108.07,105.75,107.98,829900
2023-12-04 19:00:00-05:00,107.69,107.69,106.49,106.72,492700
2023-12-05 19:00:00-05:00,106.53,107.56,106.08,106.43,658400
2023-12-06 19:00:00-05:00,106.70,107.00,105.14,105.44,713400
2023-12-07 19:00:00-05:00,105.66,106.04,105.05,105.25,1002600
2023-12-10 19:00:00-05:00,105.37,105.64,104.57,105.08,906800
2023-12-11 19:00:00-05:00,105.03,106.18,104.67,105.76,537400
2023-12-12 19:00:00-05:00,105.81,106.94,105.52,106.89,665300
2023-12-13 19:00:00-05:00,107.07,107.25,104.67,105.81,882100
2023-12-14 19:00:00-05:00,104.84,105.70,104.08,104.70,1774500
2023-12-17 19:00:00-05:00,105.33,105.77,104.36,105.03,525500
2023-12-18 19:00:00-05:00,105.07,105.23,104.56,104.86,1053400
2023-12-19 19:00:00-05:00,104.80,104.86,102.91,103.08,709700
2023-12-20 19:00:00-05:00,103.53,104.03,102.72,103.77,526000
2023-12-21 19:00:00-05:00,104.09,105.20,104.09,104.78,449500
2023-12-25 19:00:00-05:00,104.64,105.37,104.37,105.04,572900
2023-12-26 19:00:00-05:00,105.00,105.66,104.69,104.96,304100
2023-12-27 19:00:00-05:00,104.86,105.18,104.52,105.08,295900
2023-12-28 19:00:00-05:00,105.10,105.55,104.88,105.37,478400
2024-01-01 19:00:00-05:00,105.08,105.66,104.43,105.14,709300
2024-01-02 19:00:00-05:00,104.69,104.96,103.56,104.81,1084500
2024-01-03 19:00:00-05:00,105.55,105.94,104.53,104.96,940300
2024-01-04 19:00:00-05:00,106.31,106.61,104.66,105.86,1566500
2024-01-07 19:00:00-05:00,106.12,107.30,105.31,107.25,764300
2024-01-08 19:00:00-05:00,107.35,107.70,106.54,107.30,546000
2024-01-09 19:00:00-05:00,107.22,107.69,106.53,106.80,587300
2024-01-10 19:00:00-05:00,106.75,106.83,105.43,105.94,551400
2024-01-11 19:00:00-05:00,105.92,107.40,105.92,107.27,451900
2024-01-15 19:00:00-05:00,106.98,107.09,105.28,105.86,542800
2024-01-16 19:00:00-05:00,105.16,106.39,105.16,105.64,592500
2024-01-17 19:00:00-05:00,105.74,106.89,104.88,106.82,701700
2024-01-18 19:00:00-05:00,107.09,107.27,106.18,106.97,505700
2024-01-21 19:00:00-05:00,107.24,108.57,107.24,108.32,459500
2024-01-22 19:00:00-05:00,108.42,108.59,107.36,107.64,379800
2024-01-23 19:00:00-05:00,108.08,108.42,107.13,107.24,348000
2024-01-24 19:00:00-05:00,107.98,107.98,106.06,107.80,531000
2024-01-25 19:00:00-05:00,108.67,110.49,108.02,108.60,666900
2024-01-28 19:00:00-05:00,108.38,108.94,107.65,108.56,544000
2024-01-29 19:00:00-05:00,108.61,108.85,108.25,108.65,758700
2024-01-30 19:00:00-05:00,108.97,108.97,107.24,107.54,571000
2024-01-31 19:00:00-05:00,107.74,107.95,106.76,107.91,637400
2024-02-01 19:00:00-05:00,107.69,108.50,107.13,107.99,428400
2024-02-04 19:00:00-05:00,107.23,108.22,106.08,107.80,746800
2024-02-05 19:00:00-05:00,107.72,109.92,107.68,109.19,609000
2024-02-06 19:00:00-05:00,109.35,110.41,108.98,110.08,640600
2024-02-07 19:00:00-05:00,109.91,110.71,109.55,110.27,779200
2024-02-08 19:00:00-05:00,110.62,111.20,110.00,110.52,816700
2024-02-11 19:00:00-05:00,110.79,112.34,110.66,111.53,1202000
2024-02-12 19:00:00-05:00,116.48,119.26,115.26,118.07,2467200
2024-02-13 19:00:00-05:00,118.70,119.25,116.15,118.28,1553500
2024-02-14 19:00:00-05:00,119.13,119.91,117.78,118.95,1771600
2024-02-15 19:00:00-05:00,118.96,121.62,117.83,120.55,1377000
2024-02-19 19:00:00-05:00,120.56,121.65,119.98,120.23,1319600
2024-02-20 19:00:00-05:00,120.22,121.58,119.51,120.67,1086300
2024-02-21 19:00:00-05:00,120.72,122.03,120.31,121.45,1032200
2024-02-22 19:00:00-05:00,121.88,123.31,121.88,122.72,1111900
2024-02-25 19:00:00-05:00,122.91,123.52,122.12,122.36,1049000
2024-02-26 19:00:00-05:00,122.18,123.35,122.02,123.23,1066000
2024-02-27 19:00:00-05:00,123.39,123.73,122.81,123.21,780700
2024-02-28 19:00:00-05:00,123.30,124.68,123.11,124.47,1050000
2024-02-29 19:00:00-05:00,125.58,125.64,123.43,124.06,834700
2024-03-03 19:00:00-05:00,124.43,126.30,124.06,126.09,661700
2024-03-04 19:00:00-05:00,126.36,126.65,124.98,125.88,688400
2024-03-05 19:00:00-05:00,125.88,126.43,125.13,126.39,554200
2024-03-06 19:00:00-05:00,126.78,126.94,124.99,126.35,917600
2024-03-07 19:00:00-05:00,126.27,126.51,124.72,125.35,531100
2024-03-10 20:00:00-04:00,124.56,124.76,123.32,123.88,656600
2024-03-11 20:00:00-04:00,123.70,124.10,122.54,123.87,894000
2024-03-12 20:00:00-04:00,124.24,125.12,123.77,124.68,837500
2024-03-13 20:00:00-04:00,124.47,124.79,122.84,124.78,746200
2024-03-14 20:00:00-04:00,123.50,124.99,123.23,124.90,1799700
2024-03-17 20:00:00-04:00,124.22,124.86,122.60,123.37,1471700
2024-03-18 20:00:00-04:00,123.45,124.90,123.45,124.86,734300
2024-03-19 20:00:00-04:00,124.90,125.98,124.32,124.86,749000
2024-03-20 20:00:00-04:00,125.09,126.90,124.44,126.10,516400
2024-03-21 20:00:00-04:00,126.44,126.62,125.64,126.09,617300
2024-03-24 20:00:00-04:00,126.16,126.71,125.20,125.20,440000
2024-03-25 20:00:00-04:00,125.05,126.50,125.05,126.31,588200
2024-03-26 20:00:00-04:00,127.23,127.65,126.55,127.46,669400
2024-03-27 20:00:00-04:00,127.83,128.40,127.12,128.00,682700
2024-03-31 20:00:00-04:00,127.72,127.83,126.78,127.34,444500
2024-04-01 20:00:00-04:00,127.34,127.34,125.74,125.91,556000
2024-04-02 20:00:00-04:00,125.83,126.92,125.65,125.97,719800
2024-04-03 20:00:00-04:00,126.79,127.03,125.31,125.67,547100
2024-04-04 20:00:00-04:00,125.65,126.35,124.77,125.62,688300
2024-04-07 20:00:00-04:00,125.62,127.19,125.20,126.19,779800
2024-04-08 20:00:00-04:00,126.41,126.64,123.75,124.10,714400
2024-04-09 20:00:00-04:00,122.93,124.14,122.17,123.24,740300
2024-04-10 20:00:00-04:00,123.38,124.84,122.62,123.65,717900
2024-04-11 20:00:00-04:00,123.33,124.08,121.98,122.76,785100
2024-04-14 20:00:00-04:00,124.01,124.35,121.27,121.93,817500
2024-04-15 20:00:00-04:00,122.85,122.85,121.39,121.70,871800
2024-04-16 20:00:00-04:00,122.13,122.13,120.32,121.43,1075700
2024-04-17 20:00:00-04:00,121.66,122.26,120.37,120.84,868000
2024-04-18 20:00:00-04:00,121.53,122.49,120.88,121.96,940400
2024-04-21 20:00:00-04:00,122.77,124.06,122.04,123.06,1021500
2024-04-22 20:00:00-04:00,123.77,125.74,123.40,125.64,1220200
2024-04-23 20:00:00-04:00,125.51,127.27,125.02,125.86,828700
2024-04-24 20:00:00-04:00,125.34,127.07,125.20,126.82,703000
2024-04-25 20:00:00-04:00,126.38,127.86,125.76,127.28,892000
2024-04-28 20:00:00-04:00,127.23,129.22,127.22,128.51,1277700
2024-04-29 20:00:00-04:00,135.81,137.59,131.93,136.91,3723800
2024-04-30 20:00:00-04:00,136.41,139.53,135.33,138.84,1950200
2024-05-01 20:00:00-04:00,138.95,139.97,137.41,139.29,1720100
2024-05-02 20:00:00-04:00,139.28,139.69,137.89,138.33,1311200
2024-05-05 20:00:00-04:00,139.04,139.91,138.33,139.26,1856300
2024-05-06 20:00:00-04:00,140.46,140.77,139.38,139.48,1016900
2024-05-07 20:00:00-04:00,140.11,142.07,140.11,142.07,1221600
2024-05-08 20:00:00-04:00,142.41,143.53,141.71,143.37,1066600
2024-05-09 20:00:00-04:00,143.78,144.31,143.27,144.00,667500
2024-05-12 20:00:00-04:00,144.08,144.29,142.61,142.64,969800
2024-05-13 20:00:00-04:00,142.55,143.46,141.94,143.14,786600
2024-05-14 20:00:00-04:00,143.19,144.66,143.19,143.78,941500
2024-05-15 20:00:00-04:00,143.94,145.22,143.69,144.08,603000
2024-05-16 20:00:00-04:00,144.43,145.22,143.53,145.16,674500
2024-05-19 20:00:00-04:00,145.40,145.96,144.43,145.91,475700
2024-05-20 20:00:00-04:00,146.10,146.80,146.06,146.73,608400
2024-05-21 20:00:00-04:00,146.73,147.55,146.10,146.38,1007900
2024-05-22 20:00:00-04:00,146.54,147.59,145.41,146.24,763700
2024-05-23 20:00:00-04:00,147.38,147.75,146.46,147.58,691700
2024-05-27 20:00:00-04:00,146.78,147.03,143.70,144.10,745600
2024-05-28 20:00:00-04:00,143.30,143.83,142.06,142.28,673700
2024-05-29 20:00:00-04:00,142.60,142.90,141.59,141.85,731300
2024-05-30 20:00:00-04:00,141.97,143.63,141.31,143.58,1565200
2024-06-02 20:00:00-04:00,143.21,143.35,140.27,142.09,1024400
2024-06-03 20:00:00-04:00,141.85,141.88,140.42,141.11,1086800
2024-06-04 20:00:00-04:00,141.16,142.54,140.24,142.23,545600
2024-06-05 20:00:00-04:00,142.16,142.50,139.73,140.84,615100
2024-06-06 20:00:00-04:00,141.01,142.33,140.64,141.43,664400
2024-06-09 20:00:00-04:00,141.34,141.64,140.27,141.31,790700
2024-06-10 20:00:00-04:00,140.93,140.93,139.73,140.39,705400
2024-06-11 20:00:00-04:00,140.75,141.95,140.15,141.17,551300
2024-06-12 20:00:00-04:00,140.78,141.40,140.24,140.75,618800
2024-06-13 20:00:00-04:00,139.78,140.71,139.10,140.68,737300
2024-06-16 20:00:00-04:00,140.28,141.09,138.78,140.84,859200
2024-06-17 20:00:00-04:00,140.62,141.62,140.06,140.85,741100
2024-06-19 20:00:00-04:00,140.59,143.49,140.59,142.94,801300
2024-06-20 20:00:00-04:00,142.63,143.55,141.18,143.49,1852200
2024-06-23 20:00:00-04:00,143.78,146.35,143.40,145.44,1216400
2024-06-24 20:00:00-04:00,145.48,146.11,143.94,145.17,656700
2024-06-25 20:00:00-04:00,144.64,144.84,142.76,143.31,1094800
2024-06-26 20:00:00-04:00,143.67,144.36,142.74,144.09,762800
2024-06-27 20:00:00-04:00,144.49,145.54,141.73,142.82,1835200
2024-06-30 20:00:00-04:00,143.50,144.39,141.69,142.50,633900
2024-07-01 20:00:00-04:00,142.41,143.54,142.00,142.80,517500
2024-07-02 20:00:00-04:00,142.58,143.66,142.22,143.56,297300
2024-07-04 20:00:00-04:00,143.56,144.08,141.77,142.45,411500
2024-07-07 20:00:00-04:00,142.93,143.68,142.45,142.50,425900
2024-07-08 20:00:00-04:00,142.70,143.42,141.73,142.00,550600
2024-07-09 20:00:00-04:00,142.84,145.76,142.84,145.71,1018500
2024-07-10 20:00:00-04:00,145.61,146.16,144.75,145.82,714200
2024-07-11 20:00:00-04:00,145.82,148.24,145.41,146.77,964900
2024-07-14 20:00:00-04:00,147.00,147.96,145.75,145.83,935300
2024-07-15 20:00:00-04:00,146.50,149.40,146.31,148.62,616300
2024-07-16 20:00:00-04:00,148.62,149.53,146.90,147.08,1243700
2024-07-17 20:00:00-04:00,147.37,148.30,146.89,147.63,704400
2024-07-18 20:00:00-04:00,148.41,149.59,146.43,146.79,862600
2024-07-21 20:00:00-04:00,147.20,149.85,146.99,149.79,861800
2024-07-22 20:00:00-04:00,150.02,152.18,149.58,151.68,658600
2024-07-23 20:00:00-04:00,151.27,151.27,146.92,146.95,1016400
2024-07-24 20:00:00-04:00,147.48,150.54,147.19,148.83,1088900
2024-07-25 20:00:00-04:00,149.00,149.09,145.56,146.68,1043800
2024-07-28 20:00:00-04:00,147.32,150.39,146.85,149.76,1209400
2024-07-29 20:00:00-04:00,149.79,150.42,142.77,142.91,1818800
2024-07-30 20:00:00-04:00,144.89,145.87,139.68,141.37,1831800
2024-07-31 20:00:00-04:00,142.18,142.58,139.36,141.71,1217100
2024-08-01 20:00:00-04:00,140.79,142.48,140.47,142.34,1063200
2024-08-04 20:00:00-04:00,140.35,140.47,137.47,139.66,1089000
2024-08-05 20:00:00-04:00,140.75,142.72,140.19,140.28,1059500
2024-08-06 20:00:00-04:00,140.94,142.62,140.03,140.17,877800
2024-08-07 20:00:00-04:00,140.04,142.34,139.29,141.35,832400
2024-08-08 20:00:00-04:00,141.13,141.94,140.03,141.18,1018800
2024-08-11 20:00:00-04:00,140.97,142.74,140.47,141.65,739600
2024-08-12 20:00:00-04:00,141.43,142.56,140.50,141.78,950500
2024-08-13 20:00:00-04:00,141.58,144.30,141.47,144.24,576400
2024-08-14 20:00:00-04:00,144.43,145.53,143.52,144.84,456200
2024-08-15 20:00:00-04:00,145.05,145.59,144.04,144.91,494200
2024-08-18 20:00:00-04:00,144.88,147.02,144.37,146.99,524100
2024-08-19 20:00:00-04:00,147.04,147.33,145.92,146.99,522900
2024-08-20 20:00:00-04:00,147.09,148.27,146.40,147.67,486800
2024-08-21 20:00:00-04:00,147.70,150.74,147.70,150.06,566800
2024-08-22 20:00:00-04:00,150.29,151.73,150.29,151.65,539600
2024-08-25 20:00:00-04:00,151.74,152.92,151.25,151.62,521600
2024-08-26 20:00:00-04:00,151.58,152.87,150.97,152.78,521600
2024-08-27 20:00:00-04:00,153.07,153.97,152.47,153.07,608800
2024-08-28 20:00:00-04:00,153.17,155.56,152.91,154.13,691500
2024-08-29 20:00:00-04:00,154.20,155.48,153.48,155.18,1072400
2024-09-02 20:00:00-04:00,154.99,155.76,151.75,152.53,872600
2024-09-03 20:00:00-04:00,152.23,153.28,151.84,152.81,1301000
2024-09-04 20:00:00-04:00,152.81,153.10,150.22,152.53,886500
2024-09-05 20:00:00-04:00,152.25,153.25,149.51,149.64,890500
2024-09-08 20:00:00-04:00,150.48,151.33,149.97,150.24,807800
2024-09-09 20:00:00-04:00,150.70,151.04,149.77,150.82,689600
2024-09-10 20:00:00-04:00,150.24,150.24,146.36,149.24,774100
2024-09-11 20:00:00-04:00,148.95,150.95,148.58,150.85,605600
2024-09-12 20:00:00-04:00,151.14,153.99,150.68,152.61,756300
2024-09-15 20:00:00-04:00,153.17,153.81,151.53,151.93,509500
2024-09-16 20:00:00-04:00,151.63,152.68,151.25,151.47,530300
2024-09-17 20:00:00-04:00,151.45,152.09,150.34,150.93,758600
2024-09-18 20:00:00-04:00,151.63,153.46,150.55,153.19,622900
2024-09-19 20:00:00-04:00,152.53,154.18,151.91,154.14,1484000
2024-09-22 20:00:00-04:00,154.45,157.34,154.00,156.71,973900
2024-09-23 20:00:00-04:00,157.05,157.05,154.51,155.50,750300
2024-09-24 20:00:00-04:00,156.22,156.74,154.50,155.06,582100
2024-09-25 20:00:00-04:00,154.28,155.91,154.28,155.48,672400
2024-09-26 20:00:00-04:00,155.44,157.03,155.44,156.75,1080500
2024-09-29 20:00:00-04:00,157.03,160.23,156.31,159.97,1084800
2024-09-30 20:00:00-04:00,159.81,162.41,158.63,161.94,705400
2024-10-01 20:00:00-04:00,161.44,162.92,160.36,162.13,635500
2024-10-02 20:00:00-04:00,162.10,162.73,161.37,162.08,723400
2024-10-03 20:00:00-04:00,162.90,163.39,161.08,163.30,583900
2024-10-06 20:00:00-04:00,162.91,164.52,161.64,163.56,513000
2024-10-07 20:00:00-04:00,164.19,164.90,162.81,163.52,575600
2024-10-08 20:00:00-04:00,163.95,164.77,163.34,164.55,540000
2024-10-09 20:00:00-04:00,164.32,164.44,160.52,161.49,698100
2024-10-10 20:00:00-04:00,162.22,164.40,162.17,164.09,428500
2024-10-13 20:00:00-04:00,164.63,166.03,164.22,165.50,477500
2024-10-14 20:00:00-04:00,166.61,166.92,164.39,164.58,616400
2024-10-15 20:00:00-04:00,164.31,165.49,164.09,164.95,611400
2024-10-16 20:00:00-04:00,165.61,166.37,164.62,165.22,746800
2024-10-17 20:00:00-04:00,165.62,166.56,163.55,166.37,579700
2024-10-20 20:00:00-04:00,166.68,166.99,165.41,166.53,365200
2024-10-21 20:00:00-04:00,165.79,166.79,163.95,164.44,634200
2024-10-22 20:00:00-04:00,163.99,165.30,163.65,165.18,570800
2024-10-23 20:00:00-04:00,165.28,166.78,164.21,165.65,570900
2024-10-24 20:00:00-04:00,167.09,168.16,165.41,165.57,592600
2024-10-27 20:00:00-04:00,166.67,167.37,165.39,166.57,779200
2024-10-28 20:00:00-04:00,178.62,183.41,173.95,182.40,2170700
2024-10-29 20:00:00-04:00,184.62,184.86,180.78,182.29,1421800
2024-10-30 20:00:00-04:00,181.50,182.76,178.42,179.76,1363300
2024-10-31 20:00:00-04:00,180.75,181.54,179.43,179.57,1053200
2024-11-03 19:00:00-05:00,180.92,183.10,180.25,182.86,1006800
2024-11-04 19:00:00-05:00,182.87,186.71,182.86,186.54,1006200
2024-11-05 19:00:00-05:00,194.71,195.29,188.60,190.59,1423400
2024-11-06 19:00:00-05:00,190.63,192.21,189.00,189.05,1040900
2024-11-07 19:00:00-05:00,190.89,195.41,190.01,194.73,923200
2024-11-10 19:00:00-05:00,196.86,198.24,196.09,197.65,1133700
2024-11-11 19:00:00-05:00,197.85,199.13,196.22,197.53,744000
2024-11-12 19:00:00-05:00,197.62,198.75,190.24,190.79,1393900
2024-11-13 19:00:00-05:00,190.61,191.32,163.39,164.84,4694400
2024-11-14 19:00:00-05:00,164.68,165.59,153.84,157.66,5723200
2024-11-17 19:00:00-05:00,158.01,158.99,153.96,155.89,2738100
2024-11-18 19:00:00-05:00,155.78,160.23,154.50,155.35,1977900
2024-11-19 19:00:00-05:00,155.45,159.24,155.09,159.14,1912300
2024-11-20 19:00:00-05:00,159.97,164.60,159.14,161.63,2079700
2024-11-21 19:00:00-05:00,162.30,163.29,160.29,162.43,1770500
2024-11-24 19:00:00-05:00,162.92,163.27,157.56,160.56,1677200
2024-11-25 19:00:00-05:00,160.55,163.74,159.46,163.02,1278400
2024-11-26 19:00:00-05:00,162.62,163.63,159.30,160.92,1148800
2024-11-28 19:00:00-05:00,161.49,162.38,160.01,162.33,620300
2024-12-01 19:00:00-05:00,162.91,163.33,160.22,161.08,1407300
2024-12-02 19:00:00-05:00,161.34,163.37,160.99,161.08,1277200
2024-12-03 19:00:00-05:00,160.78,162.67,159.79,161.99,980000
2024-12-04 19:00:00-05:00,162.49,162.49,158.83,160.72,1240900
2024-12-05 19:00:00-05:00,160.72,161.22,159.70,160.12,976700
2024-12-08 19:00:00-05:00,159.98,159.98,156.15,157.33,1252600
2024-12-09 19:00:00-05:00,158.10,158.81,156.91,157.18,1308400
2024-12-10 19:00:00-05:00,157.69,157.80,149.77,150.70,1908000
2024-12-11 19:00:00-05:00,147.31,151.33,144.52,150.14,1844900
2024-12-12 19:00:00-05:00,150.12,151.73,149.67,150.31,1071200
2024-12-15 19:00:00-05:00,150.26,151.61,148.37,150.06,1051400
2024-12-16 19:00:00-05:00,149.07,149.53,146.49,147.73,1205000
2024-12-17 19:00:00-05:00,148.05,148.39,143.66,143.71,1307000
2024-12-18 19:00:00-05:00,144.73,145.28,139.88,140.91,2565800
2024-12-19 19:00:00-05:00,140.32,143.64,139.67,142.49,3054900
2024-12-22 19:00:00-05:00,141.98,143.32,141.17,142.87,1065900
2024-12-23 19:00:00-05:00,142.23,143.51,141.50,143.25,708200
2024-12-25 19:00:00-05:00,142.89,143.99,142.02,143.38,654200
2024-12-26 19:00:00-05:00,142.38,144.03,141.41,142.18,616000
2024-12-29 19:00:00-05:00,140.74,141.56,139.76,140.88,666800
2024-12-30 19:00:00-05:00,141.26,141.98,139.87,141.75,1131600
2025-01-01 19:00:00-05:00,143.02,144.05,140.91,141.00,744700
2025-01-02 19:00:00-05:00,140.89,145.55,140.75,144.79,1075200
2025-01-05 19:00:00-05:00,144.69,148.11,144.31,145.87,1399300
2025-01-06 19:00:00-05:00,146.47,147.58,143.68,144.94,1063000
2025-01-07 19:00:00-05:00,144.26,144.39,141.49,143.42,1314800
2025-01-09 19:00:00-05:00,143.42,148.61,143.42,147.05,1540800
2025-01-12 19:00:00-05:00,146.42,150.90,145.63,150.19,1437000
2025-01-13 19:00:00-05:00,149.65,150.81,148.26,150.31,769300
2025-01-14 19:00:00-05:00,151.48,152.92,150.30,152.76,990400
2025-01-15 19:00:00-05:00,152.45,153.58,151.17,152.61,649700
2025-01-16 19:00:00-05:00,153.38,153.87,151.88,152.69,1318000
2025-01-20 19:00:00-05:00,154.30,158.71,153.24,158.01,1414000
2025-01-21 19:00:00-05:00,158.59,159.70,157.51,158.53,1436700
2025-01-22 19:00:00-05:00,158.53,159.50,144.93,146.52,2386500
2025-01-23 19:00:00-05:00,147.47,148.95,142.48,143.26,1661400
2025-01-26 19:00:00-05:00,143.65,146.88,142.68,146.08,1089000
2025-01-27 19:00:00-05:00,146.13,146.13,135.35,139.22,1678900
2025-01-28 19:00:00-05:00,140.17,141.47,137.67,138.02,1670900
2025-01-29 19:00:00-05:00,138.49,140.01,136.27,139.91,1364300
2025-01-30 19:00:00-05:00,139.22,141.39,135.79,139.75,1409800
2025-02-02 19:00:00-05:00,138.39,140.25,136.04,139.38,1254000
2025-02-03 19:00:00-05:00,139.91,140.96,138.21,139.69,1063800
2025-02-04 19:00:00-05:00,141.29,141.29,137.83,139.03,1047600
2025-02-05 19:00:00-05:00,138.94,140.12,136.23,138.56,1365800
2025-02-06 19:00:00-05:00,139.44,140.61,137.94,139.99,1215700
2025-02-09 19:00:00-05:00,140.20,141.83,139.41,140.48,1730800
2025-02-10 19:00:00-05:00,145.15,146.25,130.65,135.40,3563300
2025-02-11 19:00:00-05:00,134.29,135.51,132.18,134.66,1664300
2025-02-12 19:00:00-05:00,134.10,134.81,127.46,128.56,2605600
2025-02-13 19:00:00-05:00,129.32,131.46,128.48,130.14,1752300
2025-02-17 19:00:00-05:00,130.06,131.85,127.78,129.17,1852700
2025-02-18 19:00:00-05:00,128.90,130.95,128.11,129.39,1398100
2025-02-19 19:00:00-05:00,128.42,129.17,126.08,127.97,1953900
2025-02-20 19:00:00-05:00,127.09,127.16,123.06,124.79,2570800
2025-02-23 19:00:00-05:00,129.16,130.25,124.76,126.24,2290900
2025-02-24 19:00:00-05:00,126.13,129.95,125.77,128.65,2175200
2025-02-25 19:00:00-05:00,127.87,129.87,127.12,127.51,887900
2025-02-26 19:00:00-05:00,127.34,128.94,126.69,127.59,1352100
2025-02-27 19:00:00-05:00,125.76,127.92,121.64,127.89,2288300
2025-03-02 19:00:00-05:00,129.29,129.33,125.75,127.13,1714300
2025-03-03 19:00:00-05:00,126.83,132.70,125.35,130.10,1991100
2025-03-04 19:00:00-05:00,129.74,133.42,129.15,131.57,1819500
2025-03-05 19:00:00-05:00,130.05,131.46,128.91,130.93,1489400
2025-03-06 19:00:00-05:00,129.86,137.98,128.61,137.01,2539300
2025-03-09 20:00:00-04:00,136.43,140.71,134.25,135.18,2016600
2025-03-10 20:00:00-04:00,134.47,135.06,130.62,131.96,1871100
2025-03-11 20:00:00-04:00,131.71,132.68,128.93,131.46,1203800
2025-03-12 20:00:00-04:00,131.07,132.60,130.11,130.73,1291200
2025-03-13 20:00:00-04:00,131.49,133.78,130.90,132.79,803900
2025-03-16 20:00:00-04:00,135.08,140.41,133.78,136.40,1711500
2025-03-17 20:00:00-04:00,135.44,137.19,134.37,136.85,1382400
2025-03-18 20:00:00-04:00,137.14,139.85,135.99,136.79,1416400
2025-03-19 20:00:00-04:00,135.52,135.52,131.77,133.09,1955100
2025-03-20 20:00:00-04:00,132.52,132.99,130.36,132.08,3989800
2025-03-23 20:00:00-04:00,132.98,134.27,131.70,134.02,1078100
2025-03-24 20:00:00-04:00,134.89,135.54,132.91,134.47,1341300
2025-03-25 20:00:00-04:00,134.47,135.74,133.41,134.56,1032400
2025-03-26 20:00:00-04:00,134.96,135.41,133.23,133.91,1002900
2025-03-27 20:00:00-04:00,132.45,134.49,131.07,132.31,1592100
2025-03-30 20:00:00-04:00,131.62,134.53,130.94,133.18,1843000
2025-03-31 20:00:00-04:00,133.18,133.97,131.22,133.20,1512500
2025-04-01 20:00:00-04:00,131.43,141.68,130.70,141.07,3736900
2025-04-02 20:00:00-04:00,137.32,142.08,136.21,137.67,2090400
2025-04-03 20:00:00-04:00,135.01,138.48,131.37,131.40,2770600
2025-04-06 20:00:00-04:00,129.10,135.01,126.65,131.17,1703900
2025-04-07 20:00:00-04:00,133.24,135.71,130.01,131.62,2019600
2025-04-08 20:00:00-04:00,128.82,138.90,128.65,137.91,2684500
2025-04-09 20:00:00-04:00,136.32,138.74,134.03,137.85,1581000
2025-04-10 20:00:00-04:00,137.75,141.06,135.47,140.03,1073600
2025-04-13 20:00:00-04:00,141.33,142.19,138.30,141.11,1281700
2025-04-14 20:00:00-04:00,141.02,141.27,138.99,139.55,1453800
2025-04-15 20:00:00-04:00,139.75,140.50,137.49,138.07,1508600
2025-04-16 20:00:00-04:00,137.44,138.57,136.24,137.60,1754500
2025-04-20 20:00:00-04:00,138.17,138.81,135.12,136.44,962800
2025-04-21 20:00:00-04:00,137.11,140.00,136.74,139.42,1194600
2025-04-22 20:00:00-04:00,141.87,143.11,139.87,140.15,925700
2025-04-23 20:00:00-04:00,140.95,144.57,139.42,143.66,1153500
2025-04-24 20:00:00-04:00,143.94,144.96,142.53,143.81,1212800
2025-04-27 20:00:00-04:00,143.97,145.07,142.13,143.85,1178200
2025-04-28 20:00:00-04:00,144.02,146.13,143.45,145.63,1146600
2025-04-29 20:00:00-04:00,144.90,145.70,143.24,145.26,1025500
2025-04-30 20:00:00-04:00,144.85,145.77,142.99,144.70,1027400
2025-05-01 20:00:00-04:00,146.85,147.54,144.44,146.85,1494300
2025-05-04 20:00:00-04:00,145.68,148.22,145.68,146.01,1814700
2025-05-05 20:00:00-04:00,143.97,153.73,142.74,152.73,2626900
2025-05-06 20:00:00-04:00,151.87,153.41,150.24,152.70,1612000
2025-05-07 20:00:00-04:00,153.95,154.72,151.01,152.69,1176900
2025-05-08 20:00:00-04:00,153.14,154.90,152.09,153.67,1306400
2025-05-11 20:00:00-04:00,154.95,155.24,152.00,154.05,1551200
2025-05-12 20:00:00-04:00,153.58,154.25,152.60,153.40,958700
2025-05-13 20:00:00-04:00,153.70,153.96,150.84,151.06,1278900
2025-05-14 20:00:00-04:00,151.79,154.76,151.79,154.71,1170700
2025-05-15 20:00:00-04:00,153.25,157.07,153.25,156.93,1007000
2025-05-18 20:00:00-04:00,156.43,157.65,155.73,157.45,915400
2025-05-19 20:00:00-04:00,156.95,158.90,156.48,158.21,826800
2025-05-20 20:00:00-04:00,157.85,157.85,155.77,156.87,1282500
2025-05-21 20:00:00-04:00,156.74,157.37,154.98,156.23,1077600
2025-05-22 20:00:00-04:00,153.12,153.96,148.55,150.50,1568100
2025-05-26 20:00:00-04:00,148.68,150.98,147.31,150.56,1617300
2025-05-27 20:00:00-04:00,150.67,151.43,146.70,147.41,2162400
2025-05-28 20:00:00-04:00,147.84,147.92,144.76,145.58,1818800
2025-05-29 20:00:00-04:00,145.90,146.63,144.23,146.58,2289100
2025-06-01 20:00:00-04:00,145.46,145.46,138.46,139.80,2258100
2025-06-02 20:00:00-04:00,139.75,143.44,137.87,142.60,1867200
2025-06-03 20:00:00-04:00,142.23,143.71,141.74,142.54,1076100
2025-06-04 20:00:00-04:00,143.23,143.50,141.91,143.47,989000
2025-06-05 20:00:00-04:00,144.82,146.36,143.77,146.21,920300
2025-06-08 20:00:00-04:00,146.66,146.87,142.67,144.43,873400
2025-06-09 20:00:00-04:00,145.08,145.32,142.76,143.69,650400
2025-06-10 20:00:00-04:00,143.47,144.13,141.68,144.02,950400
2025-06-11 20:00:00-04:00,143.88,146.11,143.35,146.09,764100
2025-06-12 20:00:00-04:00,146.80,149.04,144.90,147.21,1107700
2025-06-15 20:00:00-04:00,147.07,147.38,143.92,146.71,1075300
2025-06-16 20:00:00-04:00,146.52,148.36,145.59,147.84,1201000
2025-06-17 20:00:00-04:00,147.90,149.31,146.50,146.81,759700
2025-06-19 20:00:00-04:00,146.94,147.44,144.38,146.91,3006200
2025-06-22 20:00:00-04:00,147.45,150.02,145.91,149.10,1187000
2025-06-23 20:00:00-04:00,149.43,151.12,147.25,150.65,1220700
2025-06-24 20:00:00-04:00,151.35,152.98,149.96,152.36,1113800
2025-06-25 20:00:00-04:00,153.14,155.71,151.58,154.06,1253700
2025-06-26 20:00:00-04:00,154.18,154.64,151.69,154.06,1141000
2025-06-29 20:00:00-04:00,154.68,156.36,153.82,156.12,981300
2025-06-30 20:00:00-04:00,155.84,159.45,155.37,159.27,1152800
2025-07-01 20:00:00-04:00,158.06,161.08,156.82,160.93,1317700
2025-07-02 20:00:00-04:00,161.38,164.24,160.97,162.85,950900
2025-07-06 20:00:00-04:00,163.39,163.77,161.85,162.75,1280800
2025-07-07 20:00:00-04:00,161.71,162.82,160.07,160.41,1054000
2025-07-08 20:00:00-04:00,160.64,160.97,158.76,160.52,754500
2025-07-09 20:00:00-04:00,160.36,162.03,159.96,161.31,648000
2025-07-10 20:00:00-04:00,161.15,161.39,158.86,160.37,698400
2025-07-13 20:00:00-04:00,160.13,162.97,159.33,161.97,678200
2025-07-14 20:00:00-04:00,162.19,162.87,158.53,158.54,702000
2025-07-15 20:00:00-04:00,158.30,159.67,156.99,159.37,665700
2025-07-16 20:00:00-04:00,159.33,161.50,159.15,161.02,563200
2025-07-17 20:00:00-04:00,161.65,162.24,160.26,160.85,466400
2025-07-20 20:00:00-04:00,160.81,160.85,158.78,159.07,503400
2025-07-21 20:00:00-04:00,159.48,160.65,157.12,159.60,886100
2025-07-22 20:00:00-04:00,160.33,162.41,160.10,162.21,605300
2025-07-23 20:00:00-04:00,162.21,163.63,161.21,161.55,658000
2025-07-24 20:00:00-04:00,162.29,162.39,158.90,161.55,704500
2025-07-27 20:00:00-04:00,161.52,162.01,157.26,158.68,961000
2025-07-28 20:00:00-04:00,160.31,160.62,158.66,159.83,544100
2025-07-29 20:00:00-04:00,159.85,160.81,158.43,159.38,548100
2025-07-30 20:00:00-04:00,159.11,160.22,157.59,157.99,871300
2025-07-31 20:00:00-04:00,157.70,158.53,154.69,157.55,784000
2025-08-03 20:00:00-04:00,157.62,159.59,156.93,159.28,1303600
2025-08-04 20:00:00-04:00,166.26,171.80,162.44,171.14,2216600
2025-08-05 20:00:00-04:00,173.18,173.94,168.64,172.68,1749500
2025-08-06 20:00:00-04:00,173.66,175.34,172.14,173.45,1135400
2025-08-07 20:00:00-04:00,173.52,175.58,172.56,174.67,826500
2025-08-10 20:00:00-04:00,174.39,177.06,174.05,175.30,907600
2025-08-11 20:00:00-04:00,174.81,176.30,173.83,176.17,823800
2025-08-12 20:00:00-04:00,175.90,180.29,175.65,180.06,902500
2025-08-13 20:00:00-04:00,179.88,180.98,175.74,176.59,876700
2025-08-14 20:00:00-04:00,176.65,176.84,174.32,175.78,849300
2025-08-17 20:00:00-04:00,176.68,177.46,175.91,176.27,561600
2025-08-18 20:00:00-04:00,175.93,178.12,174.67,176.88,716700
2025-08-19 20:00:00-04:00,176.79,178.90,175.72,178.29,789700
2025-08-20 20:00:00-04:00,177.67,178.83,177.18,178.56,554900
2025-08-21 20:00:00-04:00,178.62,181.68,178.43,179.85,608900
2025-08-24 20:00:00-04:00,179.71,180.47,179.08,179.72,477000
2025-08-25 20:00:00-04:00,179.33,180.55,178.51,180.45,686200
2025-08-26 20:00:00-04:00,180.04,181.82,179.46,181.48,541700
2025-08-27 20:00:00-04:00,181.18,181.59,178.16,179.47,592500
2025-08-28 20:00:00-04:00,179.39,180.60,178.17,179.04,671000
2025-09-01 20:00:00-04:00,179.04,179.61,177.50,179.01,596100
2025-09-02 20:00:00-04:00,178.89,179.17,174.82,175.86,615500
2025-09-03 20:00:00-04:00,175.16,176.72,172.82,176.72,1065100
2025-09-04 20:00:00-04:00,177.62,178.30,175.58,177.14,697500
2025-09-07 20:00:00-04:00,176.40,176.71,174.51,176.56,641500
2025-09-08 20:00:00-04:00,176.40,177.32,174.91,177.17,751100
2025-09-09 20:00:00-04:00,177.09,178.61,176.44,178.50,525900
2025-09-10 20:00:00-04:00,179.12,183.99,178.83,183.21,851300
2025-09-11 20:00:00-04:00,182.90,183.53,181.81,181.95,541400
2025-09-14 20:00:00-04:00,180.76,182.86,180.34,181.22,746100
2025-09-15 20:00:00-04:00,181.06,182.28,179.35,181.08,904500
2025-09-16 20:00:00-04:00,181.09,183.48,179.59,182.29,710600
2025-09-17 20:00:00-04:00,181.80,186.02,179.80,185.61,832500
2025-09-18 20:00:00-04:00,186.21,187.34,184.97,185.91,3133100
2025-09-21 20:00:00-04:00,185.35,186.73,181.88,186.32,753600
2025-09-22 20:00:00-04:00,186.97,189.11,183.60,185.57,778700
2025-09-23 20:00:00-04:00,186.78,187.65,185.37,185.86,727300
2025-09-24 20:00:00-04:00,185.75,186.82,177.72,180.86,1041600
2025-09-25 20:00:00-04:00,181.84,184.32,179.95,183.38,838200
2025-09-28 20:00:00-04:00,184.69,185.96,182.57,184.08,846900
2025-09-29 20:00:00-04:00,184.68,188.18,184.53,187.40,844400
2025-09-30 20:00:00-04:00,185.27,190.08,185.27,190.05,956000
2025-10-01 20:00:00-04:00,189.67,192.04,188.49,191.30,744800
2025-10-02 20:00:00-04:00,191.22,195.83,190.42,193.97,868100
2025-10-05 20:00:00-04:00,193.97,197.17,193.39,196.41,885400
2025-10-06 20:00:00-04:00,197.31,197.64,194.77,195.38,669000
2025-10-07 20:00:00-04:00,196.37,196.92,194.03,196.60,779800
2025-10-08 20:00:00-04:00,196.55,196.97,192.25,192.45,674300
2025-10-09 20:00:00-04:00,192.87,193.20,186.27,186.48,763500
2025-10-12 20:00:00-04:00,186.55,186.83,183.99,184.41,781000
2025-10-13 20:00:00-04:00,183.64,187.24,182.79,185.73,512800
2025-10-14 20:00:00-04:00,186.12,187.72,182.77,185.03,496000
2025-10-15 20:00:00-04:00,184.61,185.82,182.47,182.89,628400
2025-10-16 20:00:00-04:00,182.74,184.23,178.96,182.99,774800
2025-10-19 20:00:00-04:00,184.75,189.71,183.58,188.92,536300
2025-10-20 20:00:00-04:00,189.24,192.12,188.93,191.57,855500
2025-10-21 20:00:00-04:00,191.03,191.81,186.45,186.92,832100
2025-10-22 20:00:00-04:00,187.51,191.64,187.08,189.81,813600
2025-10-23 20:00:00-04:00,189.74,189.74,182.25,188.40,779700
2025-10-26 20:00:00-04:00,188.40,188.45,186.68,187.55,583100
2025-10-27 20:00:00-04:00,187.55,188.21,185.43,186.26,581200
2025-10-28 20:00:00-04:00,185.47,189.14,184.57,186.61,531500
2025-10-29 20:00:00-04:00,187.02,190.66,186.53,189.35,835500
2025-10-30 20:00:00-04:00,189.44,191.21,187.56,188.90,749200
2025-11-02 19:00:00-05:00,188.38,192.52,186.70,191.46,1639500
2025-11-03 19:00:00-05:00,188.09,204.08,186.55,197.91,1509400
2025-11-04 19:00:00-05:00,198.33,200.34,193.15,193.46,1018600
2025-11-05 19:00:00-05:00,193.46,196.15,191.66,193.16,684000
2025-11-06 19:00:00-05:00,193.52,196.37,191.46,195.36,605700
2025-11-09 19:00:00-05:00,195.69,196.46,192.64,195.25,570300
2025-11-10 19:00:00-05:00,194.87,198.81,193.90,196.62,591800
2025-11-11 19:00:00-05:00,195.87,197.91,191.15,191.43,876200
2025-11-12 19:00:00-05:00,192.28,193.78,189.10,189.74,790100
2025-11-13 19:00:00-05:00,189.53,190.14,187.38,189.83,823200
2025-11-16 19:00:00-05:00,189.48,190.07,186.69,187.23,597000
2025-11-17 19:00:00-05:00,187.42,189.37,186.00,187.55,677700
2025-11-18 19:00:00-05:00,187.19,188.57,185.68,187.62,649800
2025-11-19 19:00:00-05:00,189.67,191.41,183.83,184.13,808600
2025-11-20 19:00:00-05:00,184.78,187.98,184.02,184.95,1025800
2025-11-23 19:00:00-05:00,184.28,186.20,182.34,185.27,1267400
2025-11-24 19:00:00-05:00,186.35,190.55,185.94,189.92,872800
2025-11-25 19:00:00-05:00,190.22,191.33,188.62,188.79,760800
2025-11-27 19:00:00-05:00,189.28,190.09,188.73,189.53,379600
2025-11-30 19:00:00-05:00,188.89,190.15,186.78,186.87,769900
2025-12-01 19:00:00-05:00,187.55,188.42,184.74,185.53,764800
2025-12-02 19:00:00-05:00,186.29,187.52,185.26,186.89,585300
2025-12-03 19:00:00-05:00,187.48,194.94,187.48,190.83,782900
2025-12-04 19:00:00-05:00,190.04,190.04,182.40,185.28,917200
2025-12-07 19:00:00-05:00,185.79,185.79,182.90,184.09,887600
2025-12-08 19:00:00-05:00,184.08,185.44,183.16,183.43,872900
2025-12-09 19:00:00-05:00,182.64,187.85,182.49,186.76,770100
2025-12-10 19:00:00-05:00,187.49,189.96,185.86,188.96,659800
2025-12-11 19:00:00-05:00,188.96,189.95,185.57,188.17,1152300
2025-12-14 19:00:00-05:00,187.23,188.59,183.77,184.84,955000
2025-12-15 19:00:00-05:00,184.75,185.38,179.66,181.07,882200
2025-12-16 19:00:00-05:00,179.98,182.51,178.92,180.27,852500
2025-12-17 19:00:00-05:00,181.13,182.47,179.55,180.11,886800
2025-12-18 19:00:00-05:00,180.21,183.67,179.21,183.57,2420900
2025-12-21 19:00:00-05:00,184.08,186.26,183.04,184.93,700400
2025-12-22 19:00:00-05:00,184.87,186.23,183.54,185.20,553700
2025-12-23 19:00:00-05:00,185.20,186.38,184.50,185.51,272700
2025-12-25 19:00:00-05:00,185.99,186.30,184.19,184.75,278000
2025-12-28 19:00:00-05:00,184.71,185.74,183.10,184.38,314900
2025-12-29 19:00:00-05:00,183.93,184.55,181.37,182.25,658200
2025-12-30 19:00:00-05:00,181.44,181.96,179.24,179.32,649300
2026-01-01 19:00:00-05:00,178.53,182.68,177.74,182.37,654400
2026-01-04 19:00:00-05:00,184.12,195.22,182.90,194.32,1197400
2026-01-05 19:00:00-05:00,194.03,196.75,193.49,196.32,747300
2026-01-06 19:00:00-05:00,197.69,201.02,194.81,195.43,1148300
2026-01-07 19:00:00-05:00,196.82,203.77,186.64,194.05,1765400
2026-01-08 19:00:00-05:00,192.52,199.80,192.49,197.15,994800
2026-01-11 19:00:00-05:00,197.61,199.46,193.73,194.43,965500
2026-01-12 19:00:00-05:00,195.59,197.90,193.89,194.79,974700
2026-01-13 19:00:00-05:00,194.87,195.97,187.13,189.68,1319100
2026-01-14 19:00:00-05:00,189.25,192.35,187.87,192.20,1095700
2026-01-15 19:00:00-05:00,191.07,193.56,189.67,193.53,889000
2026-01-19 19:00:00-05:00,192.33,194.35,189.66,189.78,766300
2026-01-20 19:00:00-05:00,190.21,192.45,188.11,190.97,920800
2026-01-21 19:00:00-05:00,191.55,194.89,188.53,192.29,860900
2026-01-22 19:00:00-05:00,193.82,196.82,189.04,190.09,659400
2026-01-25 19:00:00-05:00,191.84,191.84,184.79,188.37,844600
2026-01-26 19:00:00-05:00,187.56,188.17,185.31,186.03,804800
2026-01-27 19:00:00-05:00,184.74,187.08,182.90,186.65,599000
2026-01-28 19:00:00-05:00,187.33,189.27,184.58,186.07,585600
2026-01-29 19:00:00-05:00,184.56,187.26,183.58,187.15,946300
2026-02-01 19:00:00-05:00,186.42,187.50,184.74,186.91,697800
2026-02-02 19:00:00-05:00,186.85,189.31,184.72,188.65,868000
2026-02-03 19:00:00-05:00,188.15,189.86,185.70,187.31,877100
2026-02-04 19:00:00-05:00,186.83,189.73,184.25,184.97,1019600
2026-02-05 19:00:00-05:00,186.54,193.12,185.26,191.84,736000
2026-02-08 19:00:00-05:00,193.16,194.77,192.06,193.42,659800
2026-02-09 19:00:00-05:00,193.41,194.17,190.08,193.55,764100
2026-02-10 19:00:00-05:00,193.55,194.83,171.42,171.96,1526500
2026-02-11 19:00:00-05:00,174.17,178.40,168.17,170.41,1477400
2026-02-12 19:00:00-05:00,171.31,175.59,170.61,175.24,1258600
2026-02-16 19:00:00-05:00,177.20,178.13,160.56,160.56,2595900
2026-02-17 19:00:00-05:00,162.46,170.99,160.09,170.50,2092300
2026-02-18 19:00:00-05:00,169.68,176.36,169.03,175.22,1365300
2026-02-19 19:00:00-05:00,173.98,174.17,170.52,172.46,936500
2026-02-22 19:00:00-05:00,171.15,172.96,169.58,170.97,1113200
2026-02-23 19:00:00-05:00,170.91,173.75,170.47,173.09,1512000
2026-02-24 19:00:00-05:00,173.92,174.39,167.14,168.87,1483300
2026-02-25 19:00:00-05:00,170.98,175.43,169.69,174.81,1375900
2026-02-26 19:00:00-05:00,173.72,175.94,172.58,174.05,1549300
2026-03-01 19:00:00-05:00,175.94,178.47,173.70,178.33,1579800
2026-03-02 19:00:00-05:00,176.11,180.05,175.04,179.57,1810100
2026-03-03 19:00:00-05:00,179.57,179.92,175.46,175.64,1290900
2026-03-04 19:00:00-05:00,174.43,175.83,172.19,174.61,1046000
2026-03-05 19:00:00-05:00,174.60,178.06,173.22,176.83,978400
2026-03-08 20:00:00-04:00,176.12,178.93,172.99,178.47,926800
2026-03-09 20:00:00-04:00,176.88,176.88,169.01,171.48,1313400
2026-03-10 20:00:00-04:00,170.87,174.77,169.50,172.33,933300
2026-03-11 20:00:00-04:00,172.27,174.63,171.13,172.77,1152800
2026-03-12 20:00:00-04:00,173.93,174.35,171.44,172.82,791600
2026-03-15 20:00:00-04:00,171.91,172.17,165.72,166.86,1342500
2026-03-16 20:00:00-04:00,167.72,170.00,165.81,168.39,1058200
2026-03-17 20:00:00-04:00,168.20,169.69,166.05,166.16,948000
2026-03-18 20:00:00-04:00,165.35,166.53,164.42,165.37,989200
2026-03-19 20:00:00-04:00,164.12,166.23,164.12,165.29,4464700
2026-03-22 20:00:00-04:00,165.85,167.39,161.94,161.97,1290200
2026-03-23 20:00:00-04:00,160.56,162.70,156.70,158.43,1158200
2026-03-24 20:00:00-04:00,159.44,160.44,156.27,158.32,714200
2026-03-25 20:00:00-04:00,157.49,159.31,156.30,157.03,611300
2026-03-26 20:00:00-04:00,156.95,156.95,154.42,154.98,675100
2026-03-29 20:00:00-04:00,156.55,156.85,152.20,153.65,1023000
2026-03-30 20:00:00-04:00,155.47,157.93,153.84,154.97,997600
2026-03-31 20:00:00-04:00,153.94,156.80,153.94,155.46,852800
2026-04-01 20:00:00-04:00,154.64,158.70,153.54,158.26,688900
2026-04-05 20:00:00-04:00,157.96,159.43,157.24,158.91,646700
2026-04-06 20:00:00-04:00,158.65,159.82,157.22,158.31,635100
2026-04-07 20:00:00-04:00,157.50,161.43,157.13,160.07,789400
2026-04-08 20:00:00-04:00,159.57,159.58,155.03,155.08,645100
2026-04-09 20:00:00-04:00,154.62,156.26,150.58,152.34,805300
2026-04-12 20:00:00-04:00,154.64,157.38,153.06,157.04,1220300
2026-04-13 20:00:00-04:00,157.37,157.83,155.49,155.62,862900
2026-04-14 20:00:00-04:00,155.99,159.13,155.55,158.48,814800
2026-04-15 20:00:00-04:00,159.17,160.22,155.41,155.92,767100
2026-04-16 20:00:00-04:00,156.21,157.17,153.51,154.62,1043400
2026-04-19 20:00:00-04:00,155.18,156.45,153.29,154.28,609500
2026-04-20 20:00:00-04:00,153.30,155.66,152.29,152.66,700900
2026-04-21 20:00:00-04:00,153.67,154.08,149.45,150.18,877500
2026-04-22 20:00:00-04:00,150.19,150.19,145.93,147.08,1046900
2026-04-23 20:00:00-04:00,146.23,146.28,143.67,145.55,798100
2026-04-26 20:00:00-04:00,145.95,147.34,142.89,143.73,627500
2026-04-27 20:00:00-04:00,145.37,146.66,142.55,145.64,869700
2026-04-28 20:00:00-04:00,145.65,146.77,144.39,145.40,785800
2026-04-29 20:00:00-04:00,144.98,149.03,144.40,148.69,853600
2026-04-30 20:00:00-04:00,149.47,150.27,148.04,148.70,1163300
2026-05-03 20:00:00-04:00,148.23,151.83,147.97,148.29,2071600
2026-05-04 20:00:00-04:00,151.81,153.36,136.63,136.71,2252400
2026-05-05 20:00:00-04:00,135.42,136.05,128.90,134.43,2230500
2026-05-06 20:00:00-04:00,133.37,135.02,129.54,130.80,1447300
2026-05-07 20:00:00-04:00,130.66,130.66,127.42,129.65,1515800
2026-05-10 20:00:00-04:00,128.23,129.53,124.90,127.23,1890300
2026-05-11 20:00:00-04:00,128.51,130.49,126.15,127.94,2307600
2026-05-12 20:00:00-04:00,126.17,127.29,121.10,123.73,1589600
2026-05-13 20:00:00-04:00,124.10,126.24,123.09,125.11,989600
2026-05-14 20:00:00-04:00,125.98,127.26,122.32,123.25,1242800
2026-05-17 20:00:00-04:00,122.91,125.49,122.21,124.40,1284900
2026-05-18 20:00:00-04:00,124.62,126.99,123.58,125.52,907400
2026-05-19 20:00:00-04:00,124.65,124.68,121.95,123.95,1115300
2026-05-20 20:00:00-04:00,122.93,123.73,120.77,122.61,847400
2026-05-21 20:00:00-04:00,122.96,126.53,122.57,125.57,774900
2026-05-25 20:00:00-04:00,125.03,127.93,123.56,127.67,1221800
2026-05-26 20:00:00-04:00,127.55,132.10,127.07,130.16,1453300
2026-05-27 20:00:00-04:00,129.54,134.00,129.19,131.13,1409100
2026-05-28 20:00:00-04:00,130.94,131.76,126.55,127.35,2600800
2026-05-31 20:00:00-04:00,128.65,130.68,127.24,127.27,1290100
2026-06-01 20:00:00-04:00,125.56,127.21,122.82,126.37,1506800
2026-06-02 20:00:00-04:00,123.13,125.50,121.42,123.91,1245000
2026-06-03 20:00:00-04:00,126.19,127.78,123.62,124.13,1092200
2026-06-04 20:00:00-04:00,125.62,126.75,123.58,123.99,1258600
2026-06-07 20:00:00-04:00,123.01,124.56,121.72,122.37,1028400
2026-06-08 20:00:00-04:00,122.07,124.11,121.45,123.09,896900
2026-06-09 20:00:00-04:00,123.09,124.16,121.01,121.26,1285500
2026-06-10 20:00:00-04:00,121.18,123.37,120.91,121.65,746100
2026-06-11 20:00:00-04:00,122.57,124.06,121.02,121.73,1199200
2026-06-14 20:00:00-04:00,121.16,121.91,113.28,114.60,2581700
2026-06-15 20:00:00-04:00,114.02,116.13,113.51,113.58,1863100
2026-06-16 20:00:00-04:00,110.43,111.83,108.00,108.67,2530500
2026-06-17 20:00:00-04:00,109.02,109.50,106.08,107.12,6872600
2026-06-21 20:00:00-04:00,105.31,105.67,101.09,104.84,3058100
2026-06-22 20:00:00-04:00,106.55,106.86,104.25,106.11,1754400
2026-06-23 20:00:00-04:00,106.05,107.07,103.50,104.32,1426900
2026-06-24 20:00:00-04:00,103.71,105.39,99.65,100.00,1601300
2026-06-25 20:00:00-04:00,99.75,102.54,99.53,101.76,2473900
2026-06-28 20:00:00-04:00,102.30,103.67,99.63,100.44,2650000
