Date,Open,High,Low,Close,Volume
2018-07-01 20:00:00-04:00,37.08,37.46,36.88,37.34,1005000
2018-07-02 20:00:00-04:00,37.55,38.11,37.49,37.68,891400
2018-07-04 20:00:00-04:00,37.98,37.98,37.42,37.79,2117800
2018-07-05 20:00:00-04:00,37.68,37.68,37.15,37.63,887400
2018-07-08 20:00:00-04:00,37.71,38.56,37.70,38.52,1087200
2018-07-09 20:00:00-04:00,38.55,38.93,38.52,38.73,1225300
2018-07-10 20:00:00-04:00,38.34,38.50,37.84,37.92,885200
2018-07-11 20:00:00-04:00,38.09,38.30,37.71,38.13,1257900
2018-07-12 20:00:00-04:00,38.10,38.82,38.10,38.73,1188000
2018-07-15 20:00:00-04:00,38.57,38.71,38.19,38.33,890400
2018-07-16 20:00:00-04:00,38.27,38.57,38.21,38.41,1730100
2018-07-17 20:00:00-04:00,38.73,39.09,38.52,38.96,956400
2018-07-18 20:00:00-04:00,38.86,39.16,38.63,39.06,1310600
2018-07-19 20:00:00-04:00,38.90,39.53,38.80,39.21,1070100
2018-07-22 20:00:00-04:00,38.99,39.29,38.74,39.18,1783600
2018-07-23 20:00:00-04:00,39.42,40.01,39.24,39.47,2225000
2018-07-24 20:00:00-04:00,38.99,39.69,37.20,37.45,4403500
2018-07-25 20:00:00-04:00,37.49,39.25,37.45,38.64,5031600
2018-07-26 20:00:00-04:00,38.81,39.70,38.37,38.65,2731300
2018-07-29 20:00:00-04:00,38.77,39.36,38.60,38.75,1736900
2018-07-30 20:00:00-04:00,39.13,40.03,38.99,39.89,3140300
2018-07-31 20:00:00-04:00,39.74,39.88,38.39,38.60,1476200
2018-08-01 20:00:00-04:00,38.31,38.82,38.03,38.72,1665900
2018-08-02 20:00:00-04:00,38.99,39.35,38.76,39.28,1343600
2018-08-05 20:00:00-04:00,39.33,39.63,38.83,39.24,1455900
2018-08-06 20:00:00-04:00,39.44,39.68,39.38,39.40,1388300
2018-08-07 20:00:00-04:00,39.41,39.46,38.81,39.18,1401400
2018-08-08 20:00:00-04:00,39.21,39.27,38.91,39.03,1573600
2018-08-09 20:00:00-04:00,38.83,38.99,38.30,38.67,1296600
2018-08-12 20:00:00-04:00,38.65,38.79,37.98,38.09,1813200
2018-08-13 20:00:00-04:00,38.17,38.31,37.90,37.97,1914000
2018-08-14 20:00:00-04:00,37.75,37.75,36.63,37.49,2453900
2018-08-15 20:00:00-04:00,37.53,37.92,37.41,37.66,1651400
2018-08-16 20:00:00-04:00,37.72,38.31,37.53,38.24,1410000
2018-08-19 20:00:00-04:00,38.33,38.75,38.27,38.66,1558400
2018-08-20 20:00:00-04:00,38.61,38.96,38.61,38.88,999800
2018-08-21 20:00:00-04:00,38.83,38.87,38.32,38.33,1100700
2018-08-22 20:00:00-04:00,38.25,38.39,37.89,38.12,974800
2018-08-23 20:00:00-04:00,38.33,38.36,38.04,38.31,1000700
2018-08-26 20:00:00-04:00,38.48,39.12,38.32,38.78,934700
2018-08-27 20:00:00-04:00,38.88,39.04,38.74,38.82,971700
2018-08-28 20:00:00-04:00,38.89,39.16,38.55,39.07,857900
2018-08-29 20:00:00-04:00,39.05,39.29,38.60,38.74,1143800
2018-08-30 20:00:00-04:00,38.63,38.91,38.54,38.85,1149400
2018-09-03 20:00:00-04:00,38.65,38.71,38.01,38.33,1247300
2018-09-04 20:00:00-04:00,38.33,38.87,38.10,38.84,1854400
2018-09-05 20:00:00-04:00,38.89,39.24,38.73,38.85,1531600
2018-09-06 20:00:00-04:00,38.68,38.85,38.36,38.50,1345600
2018-09-09 20:00:00-04:00,38.69,39.22,38.69,38.94,1704800
2018-09-10 20:00:00-04:00,38.65,38.65,37.94,38.22,1828600
2018-09-11 20:00:00-04:00,38.13,38.57,37.97,38.32,1681500
2018-09-12 20:00:00-04:00,38.57,38.71,38.35,38.60,1079500
2018-09-13 20:00:00-04:00,38.67,39.48,38.62,39.38,1508500
2018-09-16 20:00:00-04:00,39.48,39.76,39.34,39.63,1441200
2018-09-17 20:00:00-04:00,39.76,41.10,39.54,40.48,2123800
2018-09-18 20:00:00-04:00,40.60,41.08,40.15,40.29,2050300
2018-09-19 20:00:00-04:00,40.46,40.72,39.71,40.00,1244500
2018-09-20 20:00:00-04:00,40.09,40.30,39.87,40.10,1796900
2018-09-23 20:00:00-04:00,39.97,40.03,39.09,39.17,925500
2018-09-24 20:00:00-04:00,39.20,39.36,38.98,39.06,1563700
2018-09-25 20:00:00-04:00,38.87,39.39,38.08,39.01,1440600
2018-09-26 20:00:00-04:00,39.13,39.21,38.73,38.85,1073400
2018-09-27 20:00:00-04:00,38.85,38.98,38.61,38.73,1213100
2018-09-30 20:00:00-04:00,39.00,39.18,38.54,38.70,816100
2018-10-01 20:00:00-04:00,38.56,38.97,38.44,38.80,1101900
2018-10-02 20:00:00-04:00,39.01,39.19,38.68,38.79,2084800
2018-10-03 20:00:00-04:00,38.69,39.26,38.58,39.05,1139700
2018-10-04 20:00:00-04:00,38.97,39.13,38.15,38.18,968600
2018-10-07 20:00:00-04:00,38.02,38.18,37.59,38.11,1118600
2018-10-08 20:00:00-04:00,37.99,38.05,37.25,37.27,1148100
2018-10-09 20:00:00-04:00,37.28,37.28,36.14,36.17,1365300
2018-10-10 20:00:00-04:00,36.11,36.11,35.01,35.02,2187500
2018-10-11 20:00:00-04:00,35.51,35.63,34.27,34.85,1545900
2018-10-14 20:00:00-04:00,34.81,35.18,34.70,34.83,1272000
2018-10-15 20:00:00-04:00,35.01,35.37,34.74,35.31,1401100
2018-10-16 20:00:00-04:00,35.17,35.30,34.74,35.00,1330700
2018-10-17 20:00:00-04:00,34.68,35.02,34.45,34.80,2279400
2018-10-18 20:00:00-04:00,34.73,34.87,34.20,34.47,1739400
2018-10-21 20:00:00-04:00,34.60,34.76,34.13,34.14,1866500
2018-10-22 20:00:00-04:00,32.36,35.32,32.36,34.79,5275400
2018-10-23 20:00:00-04:00,35.56,36.15,34.16,34.19,3142800
2018-10-24 20:00:00-04:00,34.52,35.07,34.27,34.86,2124700
2018-10-25 20:00:00-04:00,34.44,35.68,34.31,35.32,2236800
2018-10-28 20:00:00-04:00,35.80,35.95,34.70,35.06,1690500
2018-10-29 20:00:00-04:00,35.34,35.91,35.08,35.74,2334000
2018-10-30 20:00:00-04:00,36.18,36.47,35.84,36.03,2417100
2018-10-31 20:00:00-04:00,36.20,37.01,35.99,36.92,1566400
2018-11-01 20:00:00-04:00,37.27,37.63,36.86,37.36,1310800
2018-11-04 19:00:00-05:00,37.48,37.77,37.23,37.56,1575100
2018-11-05 19:00:00-05:00,37.45,38.17,37.36,38.03,1126200
2018-11-06 19:00:00-05:00,38.14,38.68,37.94,38.63,1011400
2018-11-07 19:00:00-05:00,38.55,38.94,38.49,38.83,1005800
2018-11-08 19:00:00-05:00,38.48,38.66,37.86,38.17,1430400
2018-11-11 19:00:00-05:00,38.23,38.23,37.43,37.55,1273700
2018-11-12 19:00:00-05:00,37.67,38.21,37.42,37.53,1067900
2018-11-13 19:00:00-05:00,37.86,38.30,37.30,37.55,922900
2018-11-14 19:00:00-05:00,37.26,38.35,37.14,38.14,1070900
2018-11-15 19:00:00-05:00,37.89,38.38,37.78,37.95,1464100
2018-11-18 19:00:00-05:00,37.95,38.27,37.61,37.69,1295300
2018-11-19 19:00:00-05:00,37.33,37.70,37.04,37.11,927700
2018-11-20 19:00:00-05:00,37.27,37.95,37.18,37.33,723200
2018-11-22 19:00:00-05:00,37.01,37.79,36.98,37.51,377400
2018-11-25 19:00:00-05:00,37.70,37.95,37.13,37.49,1150300
2018-11-26 19:00:00-05:00,37.21,37.44,36.95,37.36,1183300
2018-11-27 19:00:00-05:00,37.43,38.49,37.18,38.49,1344700
2018-11-28 19:00:00-05:00,38.37,38.49,38.00,38.12,1351300
2018-11-29 19:00:00-05:00,38.08,38.56,37.86,38.32,1712300
2018-12-02 19:00:00-05:00,38.95,39.29,38.10,38.14,3708400
2018-12-03 19:00:00-05:00,38.14,38.17,36.38,36.42,2172300
2018-12-05 19:00:00-05:00,35.82,36.20,34.74,36.15,3120200
2018-12-06 19:00:00-05:00,36.30,36.43,35.56,35.65,2255400
2018-12-09 19:00:00-05:00,35.58,35.85,34.83,35.61,2475400
2018-12-10 19:00:00-05:00,36.10,36.20,35.54,35.68,2043600
2018-12-11 19:00:00-05:00,36.22,36.22,35.50,35.53,1979000
2018-12-12 19:00:00-05:00,35.73,36.02,35.50,35.62,1176300
2018-12-13 19:00:00-05:00,35.41,35.81,34.95,35.10,1643500
2018-12-16 19:00:00-05:00,35.07,35.19,34.17,34.39,1406500
2018-12-17 19:00:00-05:00,34.54,35.02,34.30,34.62,1701500
2018-12-18 19:00:00-05:00,34.84,35.32,33.88,34.25,2008600
2018-12-19 19:00:00-05:00,34.23,34.58,33.42,33.70,2236000
2018-12-20 19:00:00-05:00,33.58,33.97,32.92,32.96,2526600
2018-12-23 19:00:00-05:00,32.90,32.99,32.11,32.14,679300
2018-12-25 19:00:00-05:00,32.17,33.25,31.68,33.22,1222400
2018-12-26 19:00:00-05:00,32.52,33.61,32.42,33.60,1098500
2018-12-27 19:00:00-05:00,33.74,33.90,33.29,33.49,887600
2018-12-30 19:00:00-05:00,33.61,33.96,33.56,33.91,809000
2019-01-01 19:00:00-05:00,33.31,34.08,33.08,33.90,1052000
2019-01-02 19:00:00-05:00,33.75,33.75,32.83,32.88,1620600
2019-01-03 19:00:00-05:00,33.30,34.26,33.05,34.24,3221600
2019-01-06 19:00:00-05:00,34.36,35.02,34.08,34.59,1694400
2019-01-07 19:00:00-05:00,34.99,35.63,34.66,35.59,1406900
2019-01-08 19:00:00-05:00,35.80,36.33,35.68,36.11,1103500
2019-01-09 19:00:00-05:00,35.94,36.55,35.74,36.32,1760000
2019-01-10 19:00:00-05:00,36.01,36.36,35.78,36.30,1244100
2019-01-13 19:00:00-05:00,36.03,36.38,35.92,36.24,964600
2019-01-14 19:00:00-05:00,36.35,36.40,35.83,36.14,996400
2019-01-15 19:00:00-05:00,36.15,36.28,35.98,36.05,1129600
2019-01-16 19:00:00-05:00,35.85,36.59,35.78,36.22,1952100
2019-01-17 19:00:00-05:00,36.51,37.17,36.38,36.95,2391700
2019-01-21 19:00:00-05:00,36.71,36.71,35.77,36.04,1391500
2019-01-22 19:00:00-05:00,36.16,36.46,35.73,36.11,1585300
2019-01-23 19:00:00-05:00,36.20,36.68,36.08,36.48,2408700
2019-01-24 19:00:00-05:00,36.92,37.31,36.66,37.02,1747900
2019-01-27 19:00:00-05:00,36.68,36.76,36.36,36.55,1823400
2019-01-28 19:00:00-05:00,37.95,38.47,36.88,36.94,2494700
2019-01-29 19:00:00-05:00,37.37,37.38,36.80,37.13,2281500
2019-01-30 19:00:00-05:00,37.15,37.20,36.50,37.13,3115400
2019-01-31 19:00:00-05:00,37.21,37.63,36.90,36.96,1646300
2019-02-03 19:00:00-05:00,36.94,37.15,36.67,37.13,1548400
2019-02-04 19:00:00-05:00,37.05,37.40,37.01,37.39,1513100
2019-02-05 19:00:00-05:00,37.37,37.60,37.28,37.41,1338000
2019-02-06 19:00:00-05:00,37.20,37.33,36.58,36.91,884600
2019-02-07 19:00:00-05:00,36.76,37.09,36.47,36.96,1127400
2019-02-10 19:00:00-05:00,37.07,37.21,36.93,37.04,1239200
2019-02-11 19:00:00-05:00,37.30,37.85,37.30,37.68,1344600
2019-02-12 19:00:00-05:00,37.87,38.14,37.79,38.07,1265000
2019-02-13 19:00:00-05:00,37.90,38.05,37.66,37.71,1025300
2019-02-14 19:00:00-05:00,38.01,38.51,37.97,38.51,1438800
2019-02-18 19:00:00-05:00,38.31,38.62,38.12,38.30,1173100
2019-02-19 19:00:00-05:00,38.40,38.73,38.24,38.58,1336900
2019-02-20 19:00:00-05:00,38.45,38.68,38.16,38.35,1160200
2019-02-21 19:00:00-05:00,38.53,38.83,38.34,38.81,843100
2019-02-24 19:00:00-05:00,39.11,39.34,38.37,39.01,2112800
2019-02-25 19:00:00-05:00,39.00,39.13,38.75,38.75,1103800
2019-02-26 19:00:00-05:00,38.77,38.93,38.48,38.83,643000
2019-02-27 19:00:00-05:00,38.84,38.84,38.31,38.35,2219800
2019-02-28 19:00:00-05:00,38.50,38.75,38.26,38.48,1126600
2019-03-03 19:00:00-05:00,38.66,38.86,38.26,38.65,1570700
2019-03-04 19:00:00-05:00,38.71,38.71,38.34,38.36,1207000
2019-03-05 19:00:00-05:00,38.39,38.61,38.07,38.07,1152200
2019-03-06 19:00:00-05:00,37.99,37.99,37.42,37.64,1480300
2019-03-07 19:00:00-05:00,37.30,37.57,37.14,37.54,1283000
2019-03-10 20:00:00-04:00,37.51,38.52,37.51,38.49,1548700
2019-03-11 20:00:00-04:00,38.55,38.58,38.22,38.34,1214300
2019-03-12 20:00:00-04:00,38.55,38.71,38.39,38.58,1036800
2019-03-13 20:00:00-04:00,38.49,38.49,38.25,38.37,1031300
2019-03-14 20:00:00-04:00,38.40,38.65,38.33,38.42,1414800
2019-03-17 20:00:00-04:00,38.44,39.40,38.44,39.30,1519100
2019-03-18 20:00:00-04:00,39.53,39.70,39.21,39.34,1371200
2019-03-19 20:00:00-04:00,39.29,39.35,38.59,38.92,1239300
2019-03-20 20:00:00-04:00,38.92,39.41,38.77,39.23,1550400
2019-03-21 20:00:00-04:00,39.04,39.15,38.04,38.10,982300
2019-03-24 20:00:00-04:00,38.11,38.52,38.10,38.39,1049200
2019-03-25 20:00:00-04:00,39.92,39.92,39.00,39.04,1572500
2019-03-26 20:00:00-04:00,39.09,39.28,38.86,39.15,1202500
2019-03-27 20:00:00-04:00,39.41,39.81,39.28,39.60,1050000
2019-03-28 20:00:00-04:00,39.90,40.23,39.77,40.13,1597800
2019-03-31 20:00:00-04:00,40.48,41.11,40.42,41.01,1694400
2019-04-01 20:00:00-04:00,41.01,41.20,40.47,40.62,2055400
2019-04-02 20:00:00-04:00,40.89,40.99,40.35,40.48,1399400
2019-04-03 20:00:00-04:00,40.45,40.74,40.33,40.67,913400
2019-04-04 20:00:00-04:00,40.69,40.87,40.60,40.76,922400
2019-04-07 20:00:00-04:00,40.64,40.82,40.50,40.80,884700
2019-04-08 20:00:00-04:00,36.17,36.96,34.71,35.28,8596000
2019-04-09 20:00:00-04:00,35.16,35.61,35.00,35.37,3517900
2019-04-10 20:00:00-04:00,35.36,36.38,35.15,36.04,4205300
2019-04-11 20:00:00-04:00,36.28,36.36,35.76,36.11,2258700
2019-04-14 20:00:00-04:00,36.05,36.21,35.73,35.96,1435100
2019-04-15 20:00:00-04:00,35.95,36.48,35.84,36.48,2897500
2019-04-16 20:00:00-04:00,35.99,36.01,34.17,34.73,4247200
2019-04-17 20:00:00-04:00,34.68,34.88,33.89,34.61,3137500
2019-04-21 20:00:00-04:00,34.49,34.49,33.98,34.08,1543200
2019-04-22 20:00:00-04:00,34.19,34.79,34.19,34.47,3168400
2019-04-23 20:00:00-04:00,34.54,34.68,34.29,34.46,1936600
2019-04-24 20:00:00-04:00,34.13,34.33,33.79,33.97,1216300
2019-04-25 20:00:00-04:00,33.80,34.94,33.80,34.78,2278400
2019-04-28 20:00:00-04:00,34.90,35.41,34.84,35.19,2326400
2019-04-29 20:00:00-04:00,35.27,35.39,34.75,35.31,4260800
2019-04-30 20:00:00-04:00,35.42,35.72,35.10,35.17,2318200
2019-05-01 20:00:00-04:00,35.02,35.45,34.80,35.31,1816900
2019-05-02 20:00:00-04:00,35.52,35.77,35.32,35.75,1168200
2019-05-05 20:00:00-04:00,34.96,35.31,34.88,34.97,1629800
2019-05-06 20:00:00-04:00,34.56,34.60,33.99,34.32,1873700
2019-05-07 20:00:00-04:00,34.23,34.26,33.85,33.99,1489000
2019-05-08 20:00:00-04:00,33.67,34.29,33.50,34.15,1362800
2019-05-09 20:00:00-04:00,34.00,34.54,33.56,34.38,1409500
2019-05-12 20:00:00-04:00,33.69,33.86,33.19,33.31,1279100
2019-05-13 20:00:00-04:00,33.33,33.59,32.93,33.30,1403500
2019-05-14 20:00:00-04:00,33.02,33.46,32.90,33.28,1156800
2019-05-15 20:00:00-04:00,33.47,33.47,33.12,33.15,1320200
2019-05-16 20:00:00-04:00,32.84,32.95,32.54,32.61,1610000
2019-05-19 20:00:00-04:00,32.35,32.57,32.16,32.33,1476000
2019-05-20 20:00:00-04:00,32.55,33.15,32.52,33.15,2929800
2019-05-21 20:00:00-04:00,32.86,33.21,32.69,32.91,1454500
2019-05-22 20:00:00-04:00,32.48,32.58,31.95,32.24,2661600
2019-05-23 20:00:00-04:00,32.53,32.87,32.29,32.83,1336100
2019-05-27 20:00:00-04:00,32.94,32.94,31.99,32.01,2573800
2019-05-28 20:00:00-04:00,31.88,32.29,31.83,32.16,2541100
2019-05-29 20:00:00-04:00,32.21,32.50,31.93,32.15,1040100
2019-05-30 20:00:00-04:00,31.69,31.76,31.44,31.53,1594900
2019-06-02 20:00:00-04:00,31.56,32.38,31.54,32.04,2419600
2019-06-03 20:00:00-04:00,32.45,32.99,32.37,32.92,2118300
2019-06-04 20:00:00-04:00,32.93,33.11,32.55,32.79,1799600
2019-06-05 20:00:00-04:00,32.82,33.06,32.41,32.70,941900
2019-06-06 20:00:00-04:00,32.89,33.12,32.58,33.00,757300
2019-06-09 20:00:00-04:00,33.13,33.45,32.78,32.79,1126800
2019-06-10 20:00:00-04:00,33.13,33.22,32.10,32.14,1426700
2019-06-11 20:00:00-04:00,32.09,32.29,31.78,32.02,1027800
2019-06-12 20:00:00-04:00,32.17,32.67,32.15,32.66,965600
2019-06-13 20:00:00-04:00,32.55,32.55,32.04,32.26,1649600
2019-06-16 20:00:00-04:00,32.23,32.51,32.22,32.35,1073600
2019-06-17 20:00:00-04:00,32.62,33.19,32.49,32.74,1431500
2019-06-18 20:00:00-04:00,32.71,33.04,32.59,32.93,1170800
2019-06-19 20:00:00-04:00,33.47,33.71,33.18,33.67,1367900
2019-06-20 20:00:00-04:00,33.70,33.70,33.15,33.15,2559700
2019-06-23 20:00:00-04:00,33.22,33.45,33.06,33.11,904300
2019-06-24 20:00:00-04:00,33.11,33.25,32.96,33.03,930600
2019-06-25 20:00:00-04:00,33.04,33.21,32.75,32.77,1160500
2019-06-26 20:00:00-04:00,32.86,33.12,32.73,33.04,1750000
2019-06-27 20:00:00-04:00,33.11,33.74,32.89,33.69,2028100
2019-06-30 20:00:00-04:00,34.06,34.14,33.54,33.87,970800
2019-07-01 20:00:00-04:00,33.89,34.08,33.58,34.08,1232000
2019-07-02 20:00:00-04:00,34.18,34.66,34.03,34.65,980400
2019-07-04 20:00:00-04:00,34.26,34.58,33.94,34.57,1316600
2019-07-07 20:00:00-04:00,34.41,34.59,34.09,34.15,1434300
2019-07-08 20:00:00-04:00,33.89,34.06,33.39,33.48,1782500
2019-07-09 20:00:00-04:00,33.68,33.94,33.33,33.33,1183600
2019-07-10 20:00:00-04:00,33.28,33.63,33.12,33.54,956700
2019-07-11 20:00:00-04:00,33.78,34.38,33.66,34.37,1071200
2019-07-14 20:00:00-04:00,34.45,34.53,34.03,34.46,1001100
2019-07-15 20:00:00-04:00,34.40,34.93,34.27,34.85,1590300
2019-07-16 20:00:00-04:00,34.82,34.82,34.08,34.11,1403300
2019-07-17 20:00:00-04:00,34.03,34.08,33.61,33.75,1361300
2019-07-18 20:00:00-04:00,33.87,34.38,33.31,34.01,1123000
2019-07-21 20:00:00-04:00,34.04,34.36,34.04,34.21,1147100
2019-07-22 20:00:00-04:00,35.50,35.84,34.69,35.78,2710200
2019-07-23 20:00:00-04:00,35.61,36.05,35.46,35.74,2002800
2019-07-24 20:00:00-04:00,35.75,35.91,35.35,35.53,2405600
2019-07-25 20:00:00-04:00,35.52,35.78,35.26,35.68,1067800
2019-07-28 20:00:00-04:00,35.68,35.72,35.35,35.44,1895200
2019-07-29 20:00:00-04:00,35.23,35.53,35.09,35.43,1212900
2019-07-30 20:00:00-04:00,35.43,35.57,35.13,35.31,2535100
2019-07-31 20:00:00-04:00,35.29,35.60,34.94,35.19,2464000
2019-08-01 20:00:00-04:00,34.94,34.95,33.88,33.89,1845700
2019-08-04 20:00:00-04:00,33.29,33.37,32.62,32.82,1806700
2019-08-05 20:00:00-04:00,32.97,33.35,32.65,33.30,2362500
2019-08-06 20:00:00-04:00,32.86,33.56,32.45,33.33,1657600
2019-08-07 20:00:00-04:00,33.58,34.15,33.47,34.04,1402500
2019-08-08 20:00:00-04:00,33.85,33.88,33.25,33.53,821700
2019-08-11 20:00:00-04:00,33.27,33.36,33.04,33.08,956700
2019-08-12 20:00:00-04:00,33.07,34.01,32.87,33.73,909100
2019-08-13 20:00:00-04:00,33.20,33.27,32.35,32.37,1265500
2019-08-14 20:00:00-04:00,32.36,32.50,31.99,32.24,1214100
2019-08-15 20:00:00-04:00,32.47,32.95,32.34,32.92,1190400
2019-08-18 20:00:00-04:00,33.43,33.57,33.25,33.42,723900
2019-08-19 20:00:00-04:00,33.37,33.47,32.99,33.07,1615900
2019-08-20 20:00:00-04:00,33.45,33.53,33.14,33.24,740700
2019-08-21 20:00:00-04:00,33.33,33.49,33.04,33.08,815500
2019-08-22 20:00:00-04:00,32.92,33.05,31.83,31.96,973900
2019-08-25 20:00:00-04:00,32.37,32.37,31.70,32.02,919300
2019-08-26 20:00:00-04:00,32.15,32.31,31.56,31.60,1004200
2019-08-27 20:00:00-04:00,31.51,32.16,31.39,32.03,861300
2019-08-28 20:00:00-04:00,32.46,32.71,32.38,32.67,708300
2019-08-29 20:00:00-04:00,32.99,33.07,32.57,32.68,908500
2019-09-02 20:00:00-04:00,32.39,32.47,31.59,31.77,1144900
2019-09-03 20:00:00-04:00,32.06,32.39,32.01,32.30,863600
2019-09-04 20:00:00-04:00,32.77,33.19,32.77,32.97,1394800
2019-09-05 20:00:00-04:00,33.13,33.33,32.95,33.05,1080500
2019-09-08 20:00:00-04:00,33.24,33.57,33.06,33.54,1359600
2019-09-09 20:00:00-04:00,33.58,34.59,33.56,34.53,1047200
2019-09-10 20:00:00-04:00,34.65,34.66,34.03,34.66,1049700
2019-09-11 20:00:00-04:00,34.69,34.75,34.15,34.35,887100
2019-09-12 20:00:00-04:00,34.69,34.88,34.20,34.43,1116600
2019-09-15 20:00:00-04:00,34.18,34.50,34.18,34.27,966100
2019-09-16 20:00:00-04:00,34.01,34.57,33.67,34.51,1244500
2019-09-17 20:00:00-04:00,34.38,34.69,34.36,34.69,1412500
2019-09-18 20:00:00-04:00,34.73,34.82,34.18,34.23,953800
2019-09-19 20:00:00-04:00,34.32,34.44,33.25,33.33,2936000
2019-09-22 20:00:00-04:00,32.99,33.88,32.99,33.65,860600
2019-09-23 20:00:00-04:00,33.74,34.08,33.34,33.46,1285600
2019-09-24 20:00:00-04:00,33.40,34.08,33.40,34.01,1002500
2019-09-25 20:00:00-04:00,33.94,34.04,33.70,33.89,543300
2019-09-26 20:00:00-04:00,34.08,34.34,33.93,34.27,697900
2019-09-29 20:00:00-04:00,34.38,34.53,34.18,34.39,1062900
2019-09-30 20:00:00-04:00,34.59,34.78,33.32,33.41,784300
2019-10-01 20:00:00-04:00,33.04,33.06,32.29,32.47,807800
2019-10-02 20:00:00-04:00,32.34,32.87,31.86,32.86,754700
2019-10-03 20:00:00-04:00,32.82,33.28,32.71,33.26,754400
2019-10-06 20:00:00-04:00,33.11,33.19,32.85,32.87,560000
2019-10-07 20:00:00-04:00,32.51,32.51,31.98,31.99,1237900
2019-10-08 20:00:00-04:00,32.29,32.51,31.89,32.38,1034300
2019-10-09 20:00:00-04:00,32.39,33.19,32.34,32.87,950500
2019-10-10 20:00:00-04:00,33.37,34.38,33.37,33.99,906500
2019-10-13 20:00:00-04:00,33.85,33.98,33.52,33.82,775300
2019-10-14 20:00:00-04:00,34.01,34.48,33.78,34.40,786300
2019-10-15 20:00:00-04:00,34.40,34.76,34.23,34.41,1193800
2019-10-16 20:00:00-04:00,34.77,35.34,34.70,35.16,1175200
2019-10-17 20:00:00-04:00,35.07,35.34,34.96,35.24,1664500
2019-10-20 20:00:00-04:00,35.47,35.77,35.46,35.66,1225100
2019-10-21 20:00:00-04:00,35.64,36.19,35.45,36.01,1307800
2019-10-22 20:00:00-04:00,36.41,38.24,36.29,37.91,2487800
2019-10-23 20:00:00-04:00,38.15,38.40,37.82,38.03,1463500
2019-10-24 20:00:00-04:00,38.09,38.20,37.67,37.70,1724500
2019-10-27 20:00:00-04:00,37.85,38.21,37.69,37.99,1169200
2019-10-28 20:00:00-04:00,37.73,38.35,37.73,38.22,1062100
2019-10-29 20:00:00-04:00,38.10,38.33,37.96,38.21,1088000
2019-10-30 20:00:00-04:00,38.10,38.10,37.39,37.91,1702200
2019-10-31 20:00:00-04:00,38.27,38.79,38.22,38.76,1024400
2019-11-03 19:00:00-05:00,39.08,39.27,38.85,39.08,903800
2019-11-04 19:00:00-05:00,39.10,39.48,39.07,39.45,1139000
2019-11-05 19:00:00-05:00,39.35,39.37,39.03,39.25,928800
2019-11-06 19:00:00-05:00,39.62,39.71,39.36,39.45,1008800
2019-11-07 19:00:00-05:00,39.38,39.70,39.27,39.65,1016600
2019-11-10 19:00:00-05:00,39.19,39.57,39.15,39.43,611000
2019-11-11 19:00:00-05:00,39.31,39.55,39.26,39.44,1013700
2019-11-12 19:00:00-05:00,39.13,39.50,39.01,39.36,793200
2019-11-13 19:00:00-05:00,39.24,39.49,39.14,39.39,883600
2019-11-14 19:00:00-05:00,39.79,39.82,39.50,39.75,644600
2019-11-17 19:00:00-05:00,39.56,39.79,39.37,39.65,881000
2019-11-18 19:00:00-05:00,39.82,39.82,39.41,39.59,775400
2019-11-19 19:00:00-05:00,39.54,39.69,39.28,39.48,688200
2019-11-20 19:00:00-05:00,39.61,39.75,39.46,39.64,734000
2019-11-21 19:00:00-05:00,39.79,40.04,39.50,39.98,715800
2019-11-24 19:00:00-05:00,40.08,40.46,39.93,40.25,974200
2019-11-25 19:00:00-05:00,40.41,40.68,40.08,40.64,1141300
2019-11-26 19:00:00-05:00,40.64,40.64,40.34,40.54,632300
2019-11-28 19:00:00-05:00,40.57,40.65,40.36,40.55,439800
2019-12-01 19:00:00-05:00,40.44,40.79,40.03,40.03,981100
2019-12-02 19:00:00-05:00,39.61,40.03,39.45,39.88,1187500
2019-12-03 19:00:00-05:00,40.20,40.67,40.10,40.19,1035800
2019-12-04 19:00:00-05:00,40.40,40.66,40.16,40.65,674900
2019-12-05 19:00:00-05:00,41.13,41.17,40.94,40.95,599600
2019-12-08 19:00:00-05:00,41.32,41.56,41.09,41.19,1504600
2019-12-09 19:00:00-05:00,41.28,41.74,40.99,41.29,1155600
2019-12-10 19:00:00-05:00,41.43,41.67,41.22,41.60,533500
2019-12-11 19:00:00-05:00,41.74,42.27,41.43,42.03,784200
2019-12-12 19:00:00-05:00,42.07,42.47,41.66,41.92,675700
2019-12-15 19:00:00-05:00,42.28,42.47,41.81,41.98,690400
2019-12-16 19:00:00-05:00,41.60,41.69,41.26,41.49,1153400
2019-12-17 19:00:00-05:00,41.51,41.78,41.38,41.61,780600
2019-12-18 19:00:00-05:00,41.78,41.81,41.44,41.55,888700
2019-12-19 19:00:00-05:00,41.63,41.81,41.52,41.61,2037400
2019-12-22 19:00:00-05:00,41.93,42.14,41.51,41.98,792600
2019-12-23 19:00:00-05:00,41.95,42.11,41.80,41.97,189200
2019-12-25 19:00:00-05:00,42.05,42.06,41.65,41.95,351100
2019-12-26 19:00:00-05:00,42.17,42.17,41.76,41.85,471500
2019-12-29 19:00:00-05:00,41.95,42.06,41.63,41.89,650700
2019-12-30 19:00:00-05:00,41.97,42.16,41.70,41.94,661900
2020-01-01 19:00:00-05:00,42.13,42.45,41.87,42.44,791000
2020-01-02 19:00:00-05:00,41.66,42.09,41.66,42.04,1023700
2020-01-05 19:00:00-05:00,41.69,41.95,41.47,41.74,794100
2020-01-06 19:00:00-05:00,41.74,41.77,41.31,41.38,1009300
2020-01-07 19:00:00-05:00,41.57,41.90,41.30,41.53,941000
2020-01-08 19:00:00-05:00,41.74,41.84,41.59,41.78,527500
2020-01-09 19:00:00-05:00,41.86,41.95,41.25,41.38,764400
2020-01-12 19:00:00-05:00,41.51,42.05,41.37,42.01,1026700
2020-01-13 19:00:00-05:00,41.93,41.98,41.58,41.67,726700
2020-01-14 19:00:00-05:00,41.63,41.98,41.63,41.91,764600
2020-01-15 19:00:00-05:00,42.46,43.12,42.37,42.70,1097200
2020-01-16 19:00:00-05:00,42.90,43.36,42.83,43.23,1171900
2020-01-20 19:00:00-05:00,43.02,43.05,42.52,42.71,1089600
2020-01-21 19:00:00-05:00,43.03,43.14,42.37,42.48,899600
2020-01-22 19:00:00-05:00,42.25,42.94,41.86,42.94,1115400
2020-01-23 19:00:00-05:00,42.95,43.02,42.20,42.41,747600
2020-01-26 19:00:00-05:00,41.50,41.72,40.99,41.20,2189800
2020-01-27 19:00:00-05:00,41.30,41.61,40.28,40.65,2019500
2020-01-28 19:00:00-05:00,40.99,40.99,40.07,40.13,1445400
2020-01-29 19:00:00-05:00,39.75,40.66,39.75,40.64,1344100
2020-01-30 19:00:00-05:00,40.36,40.62,39.26,39.41,3088900
2020-02-02 19:00:00-05:00,39.82,40.42,39.53,39.80,1096800
2020-02-03 19:00:00-05:00,40.58,40.85,40.27,40.33,1304100
2020-02-04 19:00:00-05:00,40.96,41.05,40.69,41.02,1493500
2020-02-05 19:00:00-05:00,41.11,41.13,40.47,40.71,902200
2020-02-06 19:00:00-05:00,40.32,40.47,40.04,40.06,878900
2020-02-09 19:00:00-05:00,39.91,40.32,39.75,40.25,1068600
2020-02-10 19:00:00-05:00,40.40,40.85,40.30,40.64,697500
2020-02-11 19:00:00-05:00,40.83,41.09,40.56,41.05,863400
2020-02-12 19:00:00-05:00,40.92,41.01,40.64,40.98,860200
2020-02-13 19:00:00-05:00,40.98,41.12,40.43,40.61,1141800
2020-02-17 19:00:00-05:00,40.37,40.58,39.56,39.90,1079300
2020-02-18 19:00:00-05:00,40.03,40.25,39.91,40.11,620600
2020-02-19 19:00:00-05:00,39.94,40.95,39.89,40.90,1072200
2020-02-20 19:00:00-05:00,40.56,41.13,40.21,40.91,1218800
2020-02-23 19:00:00-05:00,39.70,40.25,39.50,40.02,1021500
2020-02-24 19:00:00-05:00,40.16,40.16,38.90,38.93,1926700
2020-02-25 19:00:00-05:00,39.35,39.47,38.36,38.42,1218100
2020-02-26 19:00:00-05:00,37.57,38.11,36.36,36.36,1523200
2020-02-27 19:00:00-05:00,35.17,36.18,34.32,36.16,2165300
2020-03-01 19:00:00-05:00,36.23,37.77,35.84,37.71,1606100
2020-03-02 19:00:00-05:00,37.49,38.57,36.21,36.23,1830700
2020-03-03 19:00:00-05:00,36.93,37.58,36.50,37.53,1755700
2020-03-04 19:00:00-05:00,36.22,36.69,35.40,35.51,1815100
2020-03-05 19:00:00-05:00,34.28,35.60,34.13,35.14,1729400
2020-03-08 20:00:00-04:00,32.97,34.92,32.40,32.76,1856100
2020-03-09 20:00:00-04:00,33.76,34.61,32.81,34.54,2139600
2020-03-10 20:00:00-04:00,33.37,34.28,33.00,33.42,1774100
2020-03-11 20:00:00-04:00,30.60,32.84,30.44,30.91,2103600
2020-03-12 20:00:00-04:00,32.53,32.99,30.14,32.87,1433000
2020-03-15 20:00:00-04:00,29.36,30.09,27.75,27.89,1386500
2020-03-16 20:00:00-04:00,28.58,28.83,26.88,27.90,1657400
2020-03-17 20:00:00-04:00,26.06,26.59,22.36,23.50,1739100
2020-03-18 20:00:00-04:00,23.26,23.52,21.41,22.47,1771600
2020-03-19 20:00:00-04:00,22.95,23.73,21.66,21.83,2519300
2020-03-22 20:00:00-04:00,21.55,21.72,20.21,20.98,1304700
2020-03-23 20:00:00-04:00,22.08,25.02,21.85,24.80,1875200
2020-03-24 20:00:00-04:00,24.94,27.24,24.00,26.63,1543200
2020-03-25 20:00:00-04:00,26.93,28.47,26.64,27.92,1722000
2020-03-26 20:00:00-04:00,27.40,28.21,26.69,27.48,1766600
2020-03-29 20:00:00-04:00,27.19,27.85,26.68,27.20,1984600
2020-03-30 20:00:00-04:00,26.92,28.00,26.75,27.32,2499600
2020-03-31 20:00:00-04:00,26.07,26.07,24.80,25.12,1537600
2020-04-01 20:00:00-04:00,24.90,26.66,24.75,25.47,1554900
2020-04-02 20:00:00-04:00,25.39,26.26,25.22,26.04,1305800
2020-04-05 20:00:00-04:00,27.42,28.49,27.42,28.31,1328100
2020-04-06 20:00:00-04:00,29.61,29.95,28.70,28.73,924900
2020-04-07 20:00:00-04:00,28.60,30.21,28.50,30.01,977800
2020-04-08 20:00:00-04:00,30.50,31.31,29.86,30.15,1394200
2020-04-12 20:00:00-04:00,29.96,30.26,28.59,28.88,806100
2020-04-13 20:00:00-04:00,29.66,30.44,29.27,29.57,1355700
2020-04-14 20:00:00-04:00,28.68,30.05,28.10,28.57,2278300
2020-04-15 20:00:00-04:00,28.43,28.49,27.32,28.15,1409000
2020-04-16 20:00:00-04:00,29.18,30.09,28.97,29.24,1153700
2020-04-19 20:00:00-04:00,28.57,29.11,28.23,28.97,1154800
2020-04-20 20:00:00-04:00,27.88,28.20,26.91,27.02,1374000
2020-04-21 20:00:00-04:00,27.75,28.01,27.02,27.75,1344500
2020-04-22 20:00:00-04:00,27.99,29.13,27.85,28.26,1375100
2020-04-23 20:00:00-04:00,28.53,29.39,28.23,29.25,1245700
2020-04-26 20:00:00-04:00,29.65,30.88,29.64,30.65,1009100
2020-04-27 20:00:00-04:00,31.27,32.10,31.22,31.83,1186100
2020-04-28 20:00:00-04:00,32.86,33.00,32.14,32.55,1790800
2020-04-29 20:00:00-04:00,32.33,33.58,31.80,31.95,4632900
2020-04-30 20:00:00-04:00,31.35,31.88,30.47,30.88,925300
2020-05-03 20:00:00-04:00,30.53,31.87,30.48,31.85,1447700
2020-05-04 20:00:00-04:00,32.03,32.48,31.39,31.54,1158400
2020-05-05 20:00:00-04:00,31.74,31.84,30.90,30.98,823000
2020-05-06 20:00:00-04:00,31.54,32.07,31.43,31.62,952500
2020-05-07 20:00:00-04:00,32.03,32.68,31.88,32.42,804000
2020-05-10 20:00:00-04:00,31.99,32.10,31.37,31.87,686900
2020-05-11 20:00:00-04:00,32.24,32.24,30.69,30.70,830200
2020-05-12 20:00:00-04:00,30.45,30.77,29.79,30.19,1268100
2020-05-13 20:00:00-04:00,29.60,30.86,29.09,30.86,1284100
2020-05-14 20:00:00-04:00,30.77,31.29,30.49,30.93,865800
2020-05-17 20:00:00-04:00,32.30,33.34,32.24,32.94,1111800
2020-05-18 20:00:00-04:00,32.84,33.23,32.45,32.53,726300
2020-05-19 20:00:00-04:00,33.01,33.55,32.93,33.17,878100
2020-05-20 20:00:00-04:00,33.07,33.60,33.07,33.45,867500
2020-05-21 20:00:00-04:00,33.56,33.72,33.32,33.69,638400
2020-05-25 20:00:00-04:00,34.93,36.42,34.86,36.10,966900
2020-05-26 20:00:00-04:00,36.92,37.84,36.79,37.19,1710600
2020-05-27 20:00:00-04:00,37.70,37.71,36.25,36.32,1764200
2020-05-28 20:00:00-04:00,36.15,36.62,35.73,36.15,2076100
2020-05-31 20:00:00-04:00,36.32,36.83,35.98,36.00,1025800
2020-06-01 20:00:00-04:00,36.40,36.81,35.90,36.05,1256100
2020-06-02 20:00:00-04:00,36.64,37.55,36.55,37.36,1525800
2020-06-03 20:00:00-04:00,37.07,37.98,36.80,37.95,952100
2020-06-04 20:00:00-04:00,39.51,40.06,38.49,38.66,1126800
2020-06-07 20:00:00-04:00,38.90,39.51,38.53,38.81,1556600
2020-06-08 20:00:00-04:00,38.11,38.25,37.16,37.29,1264500
2020-06-09 20:00:00-04:00,37.22,37.56,36.21,36.85,1254000
2020-06-10 20:00:00-04:00,35.40,35.47,33.96,34.05,974500
2020-06-11 20:00:00-04:00,35.37,35.48,33.65,34.64,925600
2020-06-14 20:00:00-04:00,33.56,35.25,33.28,34.91,968600
2020-06-15 20:00:00-04:00,36.52,36.64,35.19,35.85,1197600
2020-06-16 20:00:00-04:00,35.86,36.17,35.21,35.32,1130500
2020-06-17 20:00:00-04:00,34.97,35.64,34.85,35.02,901200
2020-06-18 20:00:00-04:00,35.75,35.98,34.65,35.10,1855700
2020-06-21 20:00:00-04:00,34.94,35.30,34.43,35.13,980900
2020-06-22 20:00:00-04:00,35.62,35.69,34.65,34.94,1394800
2020-06-23 20:00:00-04:00,34.56,34.56,33.06,33.52,1882100
2020-06-24 20:00:00-04:00,33.41,33.71,32.97,33.66,1674400
2020-06-25 20:00:00-04:00,33.44,33.96,32.89,33.07,2469800
2020-06-28 20:00:00-04:00,33.57,34.83,33.44,34.52,1083100
2020-06-29 20:00:00-04:00,34.31,35.31,34.31,35.09,1298000
2020-06-30 20:00:00-04:00,35.21,35.36,33.99,34.09,985900
2020-07-01 20:00:00-04:00,34.61,35.28,34.17,34.56,771100
2020-07-05 20:00:00-04:00,35.24,35.39,34.39,34.88,983500
2020-07-06 20:00:00-04:00,34.59,34.59,33.60,33.69,1135000
2020-07-07 20:00:00-04:00,33.61,33.96,33.16,33.82,735100
2020-07-08 20:00:00-04:00,37.14,37.14,35.01,35.38,3049500
2020-07-09 20:00:00-04:00,35.44,35.99,35.30,35.51,1466000
2020-07-12 20:00:00-04:00,35.84,36.67,35.80,36.22,1634400
2020-07-13 20:00:00-04:00,36.26,37.69,36.07,37.65,1436700
2020-07-14 20:00:00-04:00,38.35,39.38,38.18,39.03,1496800
2020-07-15 20:00:00-04:00,38.93,39.67,38.39,38.56,1513700
2020-07-16 20:00:00-04:00,38.89,38.89,38.13,38.51,880400
2020-07-19 20:00:00-04:00,38.34,38.63,37.85,38.25,748900
2020-07-20 20:00:00-04:00,38.31,39.18,38.31,38.86,1095100
2020-07-21 20:00:00-04:00,38.64,39.68,38.57,39.54,1394000
2020-07-22 20:00:00-04:00,39.58,40.06,38.48,39.37,1993800
2020-07-23 20:00:00-04:00,39.52,39.90,39.09,39.32,1359700
2020-07-26 20:00:00-04:00,39.43,39.90,39.29,39.88,1557200
2020-07-27 20:00:00-04:00,39.49,39.81,39.14,39.20,1514200
2020-07-28 20:00:00-04:00,39.49,40.64,39.49,40.52,1267200
2020-07-29 20:00:00-04:00,40.05,40.05,39.44,39.65,1259400
2020-07-30 20:00:00-04:00,40.05,40.05,38.98,39.75,3166900
2020-08-02 20:00:00-04:00,40.06,40.59,39.89,40.35,1056300
2020-08-03 20:00:00-04:00,40.06,40.26,39.74,39.99,645400
2020-08-04 20:00:00-04:00,40.29,40.66,40.18,40.46,800500
2020-08-05 20:00:00-04:00,40.39,40.54,40.07,40.23,890000
2020-08-06 20:00:00-04:00,40.14,40.84,40.14,40.84,830600
2020-08-09 20:00:00-04:00,40.96,41.32,40.78,41.31,973900
2020-08-10 20:00:00-04:00,41.92,42.52,41.55,41.61,993900
2020-08-11 20:00:00-04:00,42.06,42.06,41.51,41.93,1131600
2020-08-12 20:00:00-04:00,41.64,42.11,41.62,41.96,1073600
2020-08-13 20:00:00-04:00,41.62,42.23,41.55,41.82,542800
2020-08-16 20:00:00-04:00,41.84,42.16,41.73,42.04,637000
2020-08-17 20:00:00-04:00,41.99,42.43,41.99,42.25,711000
2020-08-18 20:00:00-04:00,42.37,42.70,42.06,42.21,755000
2020-08-19 20:00:00-04:00,41.79,42.76,41.66,42.67,1017000
2020-08-20 20:00:00-04:00,42.68,42.97,42.44,42.70,841400
2020-08-23 20:00:00-04:00,42.82,43.33,42.69,43.09,578600
2020-08-24 20:00:00-04:00,43.39,43.39,42.21,42.73,913400
2020-08-25 20:00:00-04:00,42.82,42.84,42.38,42.65,710600
2020-08-26 20:00:00-04:00,42.98,42.98,42.06,42.31,657900
2020-08-27 20:00:00-04:00,42.31,42.55,41.87,42.53,914800
2020-08-30 20:00:00-04:00,42.43,42.43,41.69,41.88,1026100
2020-08-31 20:00:00-04:00,41.93,42.57,41.72,42.29,843200
2020-09-01 20:00:00-04:00,42.34,42.94,41.90,42.87,700900
2020-09-02 20:00:00-04:00,42.96,43.02,41.30,41.66,879100
2020-09-03 20:00:00-04:00,42.15,42.23,41.39,41.63,877200
2020-09-07 20:00:00-04:00,41.36,41.43,40.45,40.52,965500
2020-09-08 20:00:00-04:00,40.82,41.83,40.68,41.62,656500
2020-09-09 20:00:00-04:00,41.33,41.46,40.08,40.31,1149900
2020-09-10 20:00:00-04:00,40.67,41.22,40.32,40.55,801000
2020-09-13 20:00:00-04:00,41.50,41.82,40.87,41.56,857200
2020-09-14 20:00:00-04:00,41.69,42.34,41.63,41.85,766800
2020-09-15 20:00:00-04:00,42.83,42.87,41.96,42.57,1623900
2020-09-16 20:00:00-04:00,41.93,43.27,41.63,43.07,1627100
2020-09-17 20:00:00-04:00,43.29,43.73,42.88,43.19,3165600
2020-09-20 20:00:00-04:00,42.34,42.54,40.90,41.42,2090800
2020-09-21 20:00:00-04:00,41.43,42.31,41.12,42.12,1419900
2020-09-22 20:00:00-04:00,42.14,43.01,41.64,41.68,1426500
2020-09-23 20:00:00-04:00,41.52,42.15,40.94,41.46,562000
2020-09-24 20:00:00-04:00,41.07,41.98,40.89,41.71,736500
2020-09-27 20:00:00-04:00,42.22,42.96,42.14,42.54,553700
2020-09-28 20:00:00-04:00,42.68,42.72,42.18,42.48,599000
2020-09-29 20:00:00-04:00,42.67,43.19,42.21,42.46,892000
2020-09-30 20:00:00-04:00,42.73,42.79,41.58,42.13,848100
2020-10-01 20:00:00-04:00,41.37,42.88,41.16,42.59,884000
2020-10-04 20:00:00-04:00,43.12,43.57,42.52,42.85,670700
2020-10-05 20:00:00-04:00,42.93,43.82,42.68,43.34,1800900
2020-10-06 20:00:00-04:00,43.75,44.66,43.68,44.63,1430400
2020-10-07 20:00:00-04:00,44.85,45.33,44.72,45.30,1386100
2020-10-08 20:00:00-04:00,45.60,46.36,45.46,46.01,1129900
2020-10-11 20:00:00-04:00,46.12,46.87,46.12,46.62,1437100
2020-10-12 20:00:00-04:00,46.45,46.60,45.48,45.76,1038100
2020-10-13 20:00:00-04:00,44.72,46.26,44.68,45.87,852900
2020-10-14 20:00:00-04:00,45.33,46.21,45.24,46.18,976300
2020-10-15 20:00:00-04:00,46.48,46.93,46.15,46.30,1668300
2020-10-18 20:00:00-04:00,46.18,46.29,45.44,45.70,1134200
2020-10-19 20:00:00-04:00,47.07,49.05,46.49,47.55,1725700
2020-10-20 20:00:00-04:00,47.88,48.35,47.27,47.48,1343500
2020-10-21 20:00:00-04:00,47.68,48.26,47.45,48.13,1073400
2020-10-22 20:00:00-04:00,48.54,48.65,47.88,48.40,993200
2020-10-25 20:00:00-04:00,47.71,47.84,46.29,46.94,823800
2020-10-26 20:00:00-04:00,46.87,46.98,46.05,46.50,1310500
2020-10-27 20:00:00-04:00,45.58,46.15,45.16,45.67,1127300
2020-10-28 20:00:00-04:00,45.59,46.68,45.49,46.33,1361500
2020-10-29 20:00:00-04:00,46.13,46.62,45.71,46.34,2507200
2020-11-01 19:00:00-05:00,47.05,47.58,46.88,47.21,1109300
2020-11-02 19:00:00-05:00,48.01,49.43,47.84,49.18,1178100
2020-11-03 19:00:00-05:00,48.98,49.58,48.03,48.33,1164800
2020-11-04 19:00:00-05:00,48.96,50.63,48.96,50.07,1038100
2020-11-05 19:00:00-05:00,50.25,50.79,49.92,50.43,1230600
2020-11-08 19:00:00-05:00,52.85,54.77,49.07,49.20,2433700
2020-11-09 19:00:00-05:00,49.14,50.60,48.99,50.08,2081800
2020-11-10 19:00:00-05:00,48.42,49.23,47.32,48.51,1910600
2020-11-11 19:00:00-05:00,48.47,48.90,47.20,47.72,1107600
2020-11-12 19:00:00-05:00,48.20,49.17,48.03,49.04,853100
2020-11-15 19:00:00-05:00,49.69,50.00,49.23,49.72,865900
2020-11-16 19:00:00-05:00,49.01,49.48,48.26,49.25,1362500
2020-11-17 19:00:00-05:00,49.69,49.76,48.78,48.84,903900
2020-11-18 19:00:00-05:00,48.67,49.63,48.51,49.61,640300
2020-11-19 19:00:00-05:00,49.70,49.78,49.16,49.36,653000
2020-11-22 19:00:00-05:00,49.78,50.32,49.39,49.61,700200
2020-11-23 19:00:00-05:00,50.17,50.96,49.62,50.37,1623800
2020-11-24 19:00:00-05:00,50.19,50.19,48.57,48.60,1254100
2020-11-26 19:00:00-05:00,48.97,49.90,48.71,49.45,493400
2020-11-29 19:00:00-05:00,48.94,49.45,47.96,48.26,1596300
2020-11-30 19:00:00-05:00,48.75,49.20,47.98,47.99,1100400
2020-12-01 19:00:00-05:00,47.72,47.97,47.15,47.85,1184500
2020-12-02 19:00:00-05:00,46.62,48.06,46.59,47.42,872000
2020-12-03 19:00:00-05:00,47.76,48.14,47.37,47.66,1104600
2020-12-06 19:00:00-05:00,47.37,47.65,46.76,47.35,804700
2020-12-07 19:00:00-05:00,47.16,47.95,46.87,47.60,1155000
2020-12-08 19:00:00-05:00,48.22,49.07,47.85,48.98,1535400
2020-12-09 19:00:00-05:00,48.67,48.77,47.45,47.60,872500
2020-12-10 19:00:00-05:00,47.28,48.13,47.06,47.92,743800
2020-12-13 19:00:00-05:00,48.38,48.52,47.83,47.83,1135900
2020-12-14 19:00:00-05:00,48.17,49.07,48.17,48.84,884000
2020-12-15 19:00:00-05:00,49.14,49.19,48.26,48.32,597400
2020-12-16 19:00:00-05:00,48.63,49.28,48.43,49.14,853600
2020-12-17 19:00:00-05:00,49.24,49.60,48.21,48.67,1653400
2020-12-20 19:00:00-05:00,47.79,48.96,47.41,48.83,804400
2020-12-21 19:00:00-05:00,48.78,49.21,48.52,48.98,613500
2020-12-22 19:00:00-05:00,49.21,49.73,48.74,48.83,526800
2020-12-23 19:00:00-05:00,49.10,49.21,48.52,48.97,187200
2020-12-27 19:00:00-05:00,49.35,49.64,48.76,48.85,373200
2020-12-28 19:00:00-05:00,49.14,49.20,47.86,48.23,556800
2020-12-29 19:00:00-05:00,48.44,49.21,48.39,49.06,472700
2020-12-30 19:00:00-05:00,48.96,49.57,48.79,49.44,493100
2021-01-03 19:00:00-05:00,49.42,49.68,47.61,47.99,852200
2021-01-04 19:00:00-05:00,48.06,48.48,47.57,48.14,818800
2021-01-05 19:00:00-05:00,48.71,50.05,48.71,49.52,1136300
2021-01-06 19:00:00-05:00,50.07,51.42,49.42,51.24,1082500
2021-01-07 19:00:00-05:00,51.45,52.56,51.35,52.24,2054600
2021-01-10 19:00:00-05:00,51.71,53.38,51.71,52.90,1390400
2021-01-11 19:00:00-05:00,53.09,54.63,52.95,54.46,1241600
2021-01-12 19:00:00-05:00,54.55,55.04,54.24,54.42,1633800
2021-01-13 19:00:00-05:00,54.79,54.94,53.20,54.54,1109700
2021-01-14 19:00:00-05:00,54.48,54.55,52.66,53.63,874500
2021-01-18 19:00:00-05:00,54.30,54.98,53.91,54.44,1122600
2021-01-19 19:00:00-05:00,54.62,54.68,53.94,54.13,646000
2021-01-20 19:00:00-05:00,54.10,54.36,53.15,53.64,740700
2021-01-21 19:00:00-05:00,52.98,54.32,52.80,54.18,1090200
2021-01-24 19:00:00-05:00,53.94,54.59,53.27,53.58,1244700
2021-01-25 19:00:00-05:00,54.06,54.06,52.46,52.66,720600
2021-01-26 19:00:00-05:00,51.66,53.65,51.41,53.36,2315100
2021-01-27 19:00:00-05:00,53.35,55.41,51.96,52.31,2865700
2021-01-28 19:00:00-05:00,52.10,52.24,50.02,50.89,2255600
2021-01-31 19:00:00-05:00,51.49,51.57,50.21,50.88,1518500
2021-02-01 19:00:00-05:00,51.52,51.67,50.34,50.93,1280700
2021-02-02 19:00:00-05:00,50.80,51.06,49.86,50.24,1323600
2021-02-03 19:00:00-05:00,50.49,50.80,50.00,50.44,985400
2021-02-04 19:00:00-05:00,50.74,51.61,50.28,51.54,1185900
2021-02-07 19:00:00-05:00,51.85,52.51,51.36,52.37,953700
2021-02-08 19:00:00-05:00,52.32,52.48,51.21,51.22,604400
2021-02-09 19:00:00-05:00,51.60,51.66,50.69,51.53,661000
2021-02-10 19:00:00-05:00,51.86,51.86,49.97,50.66,842300
2021-02-11 19:00:00-05:00,50.38,50.80,49.66,50.11,1145800
2021-02-15 19:00:00-05:00,50.38,51.50,50.09,51.23,1370400
2021-02-16 19:00:00-05:00,51.09,51.47,50.57,51.28,891200
2021-02-17 19:00:00-05:00,51.27,51.65,50.21,51.44,1028200
2021-02-18 19:00:00-05:00,51.81,53.10,51.64,52.94,1135900
2021-02-21 19:00:00-05:00,52.74,52.87,51.68,52.12,832000
2021-02-22 19:00:00-05:00,52.00,52.26,51.06,52.04,940200
2021-02-23 19:00:00-05:00,52.10,53.71,51.67,53.40,1130400
2021-02-24 19:00:00-05:00,53.51,53.65,52.12,52.22,837500
2021-02-25 19:00:00-05:00,52.62,53.25,51.92,52.26,1331900
2021-02-28 19:00:00-05:00,52.69,54.94,52.69,54.46,926200
2021-03-01 19:00:00-05:00,54.38,54.58,53.39,53.92,603200
2021-03-02 19:00:00-05:00,53.92,54.93,53.67,53.95,697600
2021-03-03 19:00:00-05:00,53.78,53.93,51.81,52.57,827300
2021-03-04 19:00:00-05:00,53.26,54.10,51.97,53.90,901700
2021-03-07 19:00:00-05:00,54.26,56.51,54.16,55.97,1229400
2021-03-08 19:00:00-05:00,56.16,56.31,55.14,55.18,853800
2021-03-09 19:00:00-05:00,55.17,56.60,54.96,56.00,910700
2021-03-10 19:00:00-05:00,55.85,57.00,55.40,56.18,822800
2021-03-11 19:00:00-05:00,56.59,56.79,55.38,55.62,1204800
2021-03-14 20:00:00-04:00,55.46,57.10,54.83,57.07,1113800
2021-03-15 20:00:00-04:00,57.10,57.74,56.64,56.95,977600
2021-03-16 20:00:00-04:00,56.94,57.92,56.92,57.33,815200
2021-03-17 20:00:00-04:00,57.33,58.15,56.78,57.21,879400
2021-03-18 20:00:00-04:00,56.79,57.53,56.17,57.02,1463000
2021-03-21 20:00:00-04:00,56.98,57.04,55.67,56.64,887600
2021-03-22 20:00:00-04:00,56.17,56.55,54.93,55.43,1057800
2021-03-23 20:00:00-04:00,55.82,56.55,55.74,55.93,797200
2021-03-24 20:00:00-04:00,55.85,56.95,54.92,56.85,651600
2021-03-25 20:00:00-04:00,57.40,58.21,57.12,58.16,781400
2021-03-28 20:00:00-04:00,58.16,58.80,57.88,58.17,586900
2021-03-29 20:00:00-04:00,58.23,58.85,57.84,58.01,765000
2021-03-30 20:00:00-04:00,58.26,59.20,58.06,58.23,1188200
2021-03-31 20:00:00-04:00,58.57,58.64,57.63,58.30,733200
2021-04-04 20:00:00-04:00,58.60,58.93,58.11,58.61,752800
2021-04-05 20:00:00-04:00,58.80,58.82,58.14,58.31,807000
2021-04-06 20:00:00-04:00,58.11,58.47,57.05,57.47,1119100
2021-04-07 20:00:00-04:00,57.37,57.52,56.58,56.82,1136400
2021-04-08 20:00:00-04:00,57.19,58.03,56.54,58.00,1357700
2021-04-11 20:00:00-04:00,58.16,59.25,58.16,59.20,964800
2021-04-12 20:00:00-04:00,58.94,58.94,57.98,58.15,810200
2021-04-13 20:00:00-04:00,58.40,59.26,58.16,58.19,641500
2021-04-14 20:00:00-04:00,58.36,58.92,58.19,58.90,635000
2021-04-15 20:00:00-04:00,59.33,59.83,58.64,59.65,1297400
2021-04-18 20:00:00-04:00,59.84,60.35,59.50,59.80,1004400
2021-04-19 20:00:00-04:00,59.98,60.21,58.82,59.28,883200
2021-04-20 20:00:00-04:00,59.46,60.48,59.28,60.15,1309000
2021-04-21 20:00:00-04:00,61.71,61.71,59.33,60.18,1540500
2021-04-22 20:00:00-04:00,60.51,60.77,59.63,60.28,1402900
2021-04-25 20:00:00-04:00,60.52,60.91,59.86,60.07,1414200
2021-04-26 20:00:00-04:00,59.79,60.31,59.49,60.06,1493200
2021-04-27 20:00:00-04:00,60.09,60.49,59.42,60.28,1154300
2021-04-28 20:00:00-04:00,60.58,61.09,60.20,61.08,917300
2021-04-29 20:00:00-04:00,60.60,60.96,60.11,60.47,1542800
2021-05-02 20:00:00-04:00,60.99,61.65,60.49,61.26,653900
2021-05-03 20:00:00-04:00,60.96,62.43,60.66,62.24,1117900
2021-05-04 20:00:00-04:00,62.47,63.49,61.87,63.08,1237000
2021-05-05 20:00:00-04:00,63.49,63.72,62.37,63.08,1053600
2021-05-06 20:00:00-04:00,62.67,64.28,62.51,63.68,971500
2021-05-09 20:00:00-04:00,64.30,65.50,63.97,64.72,1018800
2021-05-10 20:00:00-04:00,64.12,64.42,63.00,63.72,860200
2021-05-11 20:00:00-04:00,63.66,63.87,61.46,61.47,802600
2021-05-12 20:00:00-04:00,61.42,63.65,61.42,63.29,654100
2021-05-13 20:00:00-04:00,63.55,64.85,63.50,64.47,910900
2021-05-16 20:00:00-04:00,64.19,64.50,63.23,63.74,1008300
2021-05-17 20:00:00-04:00,63.92,64.28,62.90,62.90,565700
2021-05-18 20:00:00-04:00,62.22,62.90,61.60,62.76,744700
2021-05-19 20:00:00-04:00,62.95,63.55,62.76,63.30,595600
2021-05-20 20:00:00-04:00,63.61,64.47,63.44,63.74,677800
2021-05-23 20:00:00-04:00,64.26,64.41,63.69,63.80,704900
2021-05-24 20:00:00-04:00,63.92,64.47,63.90,64.04,833100
2021-05-25 20:00:00-04:00,64.28,64.52,63.91,64.09,611200
2021-05-26 20:00:00-04:00,64.84,65.29,64.62,65.06,2205300
2021-05-27 20:00:00-04:00,65.00,65.16,64.48,64.65,661700
2021-05-31 20:00:00-04:00,65.50,66.32,65.22,66.04,818700
2021-06-01 20:00:00-04:00,66.28,66.33,65.57,66.25,1194300
2021-06-02 20:00:00-04:00,66.03,66.10,64.76,65.21,1040500
2021-06-03 20:00:00-04:00,63.76,65.17,62.80,65.16,1367900
2021-06-06 20:00:00-04:00,65.43,65.80,64.68,64.82,807900
2021-06-07 20:00:00-04:00,64.57,65.24,63.89,65.15,664500
2021-06-08 20:00:00-04:00,65.01,65.30,64.54,64.86,625100
2021-06-09 20:00:00-04:00,65.45,65.71,62.86,63.07,1820800
2021-06-10 20:00:00-04:00,63.53,63.58,62.26,63.25,1216400
2021-06-13 20:00:00-04:00,63.15,63.36,62.06,62.71,756600
2021-06-14 20:00:00-04:00,62.69,63.04,61.94,62.96,1175800
2021-06-15 20:00:00-04:00,62.76,63.18,62.14,62.51,1178100
2021-06-16 20:00:00-04:00,62.88,63.00,60.46,60.61,1148000
2021-06-17 20:00:00-04:00,59.52,60.62,58.33,59.91,1863100
2021-06-20 20:00:00-04:00,60.50,61.80,60.50,61.58,680500
2021-06-21 20:00:00-04:00,61.88,62.28,61.36,61.77,812700
2021-06-22 20:00:00-04:00,61.77,62.69,61.49,62.20,1192500
2021-06-23 20:00:00-04:00,62.47,62.59,61.26,61.90,775400
2021-06-24 20:00:00-04:00,62.21,62.95,62.14,62.55,846600
2021-06-27 20:00:00-04:00,62.77,62.77,61.95,62.57,1383200
2021-06-28 20:00:00-04:00,62.96,63.24,62.32,62.60,722100
2021-06-29 20:00:00-04:00,62.47,63.36,62.47,63.26,668200
2021-06-30 20:00:00-04:00,63.89,64.13,63.45,63.74,771400
2021-07-01 20:00:00-04:00,63.70,63.97,63.47,63.75,603100
2021-07-05 20:00:00-04:00,63.83,63.83,62.59,63.22,918800
2021-07-06 20:00:00-04:00,62.91,65.07,62.91,64.96,844800
2021-07-07 20:00:00-04:00,64.01,64.82,63.39,63.99,1004900
2021-07-08 20:00:00-04:00,65.10,65.75,64.74,64.96,901800
2021-07-11 20:00:00-04:00,64.64,66.06,64.20,65.97,751500
2021-07-12 20:00:00-04:00,65.96,66.55,65.26,65.49,820600
2021-07-13 20:00:00-04:00,65.70,66.28,65.30,65.92,944300
2021-07-14 20:00:00-04:00,65.59,66.42,65.18,65.77,820100
2021-07-15 20:00:00-04:00,65.93,66.30,64.55,64.76,850300
2021-07-18 20:00:00-04:00,63.69,63.74,62.49,63.37,1018400
2021-07-19 20:00:00-04:00,63.57,65.54,63.34,65.17,932600
2021-07-20 20:00:00-04:00,65.35,66.14,64.90,65.00,1623200
2021-07-21 20:00:00-04:00,65.22,65.22,63.95,64.09,990800
2021-07-22 20:00:00-04:00,64.53,64.79,63.84,64.36,867800
2021-07-25 20:00:00-04:00,64.43,65.05,64.08,64.58,973400
2021-07-26 20:00:00-04:00,64.13,67.80,63.27,67.58,2207000
2021-07-27 20:00:00-04:00,68.05,68.56,66.71,67.02,1115700
2021-07-28 20:00:00-04:00,67.52,68.44,66.88,68.40,1087000
2021-07-29 20:00:00-04:00,68.58,69.39,68.03,69.25,1630400
2021-08-01 20:00:00-04:00,69.55,70.34,69.26,69.99,1655100
2021-08-02 20:00:00-04:00,70.19,72.26,69.70,72.15,1405600
2021-08-03 20:00:00-04:00,71.90,73.15,71.70,72.04,1012700
2021-08-04 20:00:00-04:00,72.28,72.79,71.49,71.88,656800
2021-08-05 20:00:00-04:00,72.25,72.56,71.66,72.48,747500
2021-08-08 20:00:00-04:00,72.29,72.73,71.81,72.21,695700
2021-08-09 20:00:00-04:00,72.16,73.62,72.16,72.95,1092900
2021-08-10 20:00:00-04:00,72.92,74.53,72.58,74.51,1310400
2021-08-11 20:00:00-04:00,74.55,74.85,74.04,74.58,1178700
2021-08-12 20:00:00-04:00,74.88,75.17,74.58,74.73,792500
2021-08-15 20:00:00-04:00,74.54,75.58,74.20,75.49,1357600
2021-08-16 20:00:00-04:00,74.97,75.02,73.38,74.16,1095400
2021-08-17 20:00:00-04:00,73.96,74.41,73.10,73.22,1235500
2021-08-18 20:00:00-04:00,72.48,73.70,72.41,73.60,1393700
2021-08-19 20:00:00-04:00,73.86,74.50,73.58,74.10,906600
2021-08-22 20:00:00-04:00,74.40,74.68,73.53,73.86,970800
2021-08-23 20:00:00-04:00,73.79,74.31,73.54,74.06,1186500
2021-08-24 20:00:00-04:00,74.06,74.53,73.64,74.31,849100
2021-08-25 20:00:00-04:00,71.67,72.64,70.71,72.36,1662000
2021-08-26 20:00:00-04:00,72.70,72.70,71.86,72.09,1823300
2021-08-29 20:00:00-04:00,72.22,72.91,72.07,72.63,1634100
2021-08-30 20:00:00-04:00,72.54,72.94,72.27,72.53,1623200
2021-08-31 20:00:00-04:00,72.73,73.04,72.11,72.80,1123700
2021-09-01 20:00:00-04:00,73.27,73.84,73.20,73.79,874100
2021-09-02 20:00:00-04:00,73.62,73.62,72.68,73.20,1223800
2021-09-06 20:00:00-04:00,73.05,73.05,71.85,71.90,1178400
2021-09-07 20:00:00-04:00,71.58,72.78,71.35,72.55,1023300
2021-09-08 20:00:00-04:00,72.65,72.89,71.38,71.63,872600
2021-09-09 20:00:00-04:00,72.20,72.53,71.62,71.94,874200
2021-09-12 20:00:00-04:00,72.57,73.07,70.60,71.31,1051600
2021-09-13 20:00:00-04:00,71.48,71.63,70.91,71.41,992700
2021-09-14 20:00:00-04:00,71.31,73.55,71.31,73.11,1142900
2021-09-15 20:00:00-04:00,73.14,73.31,72.38,72.84,923600
2021-09-16 20:00:00-04:00,72.58,72.99,71.43,71.65,3126800
2021-09-19 20:00:00-04:00,70.37,71.11,69.80,70.80,1003600
2021-09-20 20:00:00-04:00,71.22,71.22,69.69,70.02,873700
2021-09-21 20:00:00-04:00,71.30,71.61,70.54,70.82,677400
2021-09-22 20:00:00-04:00,71.42,73.05,71.15,72.05,974300
2021-09-23 20:00:00-04:00,71.85,72.79,71.78,72.60,814000
2021-09-26 20:00:00-04:00,72.68,73.86,72.17,72.18,951500
2021-09-27 20:00:00-04:00,71.86,71.94,69.77,69.92,1046100
2021-09-28 20:00:00-04:00,69.99,70.60,69.77,70.35,513400
2021-09-29 20:00:00-04:00,70.74,70.74,68.26,68.28,1113400
2021-09-30 20:00:00-04:00,68.67,69.13,67.67,68.50,1126300
2021-10-03 20:00:00-04:00,68.35,68.85,67.23,67.42,1448200
2021-10-04 20:00:00-04:00,67.70,68.48,66.71,68.19,2124800
2021-10-05 20:00:00-04:00,67.60,68.20,66.48,68.14,1081400
2021-10-06 20:00:00-04:00,68.60,69.11,67.89,68.07,1420500
2021-10-07 20:00:00-04:00,67.79,68.29,65.80,66.56,2167300
2021-10-10 20:00:00-04:00,66.49,67.29,65.81,65.82,764900
2021-10-11 20:00:00-04:00,66.10,66.74,65.42,65.76,960500
2021-10-12 20:00:00-04:00,65.91,66.24,65.19,65.63,1178000
2021-10-13 20:00:00-04:00,66.15,67.91,65.81,67.82,1016600
2021-10-14 20:00:00-04:00,68.29,69.10,67.52,67.57,1211600
2021-10-17 20:00:00-04:00,67.28,68.24,66.94,68.13,840000
2021-10-18 20:00:00-04:00,68.63,68.88,68.17,68.30,684700
2021-10-19 20:00:00-04:00,68.38,69.40,68.00,69.23,930700
2021-10-20 20:00:00-04:00,69.02,70.99,68.43,70.95,1715700
2021-10-21 20:00:00-04:00,71.16,71.91,70.83,71.42,852200
2021-10-24 20:00:00-04:00,71.27,72.83,70.86,72.52,1736300
2021-10-25 20:00:00-04:00,72.56,72.56,69.73,70.00,1811400
2021-10-26 20:00:00-04:00,69.72,70.72,68.71,69.14,1554000
2021-10-27 20:00:00-04:00,69.56,70.91,69.32,69.83,1404500
2021-10-28 20:00:00-04:00,69.40,70.42,69.24,69.72,1739200
2021-10-31 20:00:00-04:00,70.10,70.35,69.46,69.67,880600
2021-11-01 20:00:00-04:00,69.94,70.69,69.36,70.35,1786900
2021-11-02 20:00:00-04:00,70.02,70.65,67.92,69.27,1773500
2021-11-03 20:00:00-04:00,69.50,70.90,69.33,70.35,1033100
2021-11-04 20:00:00-04:00,70.86,71.58,70.00,70.05,991200
2021-11-07 19:00:00-05:00,70.74,71.12,69.46,70.44,780200
2021-11-08 19:00:00-05:00,70.38,70.89,69.81,70.29,633400
2021-11-09 19:00:00-05:00,70.05,71.24,69.46,69.68,725500
2021-11-10 19:00:00-05:00,69.67,70.12,69.45,69.88,918200
2021-11-11 19:00:00-05:00,70.21,71.54,69.52,71.47,659000
2021-11-14 19:00:00-05:00,71.63,72.17,71.46,71.83,639800
2021-11-15 19:00:00-05:00,72.11,73.59,72.02,72.90,829100
2021-11-16 19:00:00-05:00,72.65,73.18,72.29,72.72,787300
2021-11-17 19:00:00-05:00,73.00,73.78,73.00,73.21,704800
2021-11-18 19:00:00-05:00,73.50,74.99,73.18,74.79,1465500
2021-11-21 19:00:00-05:00,75.05,75.50,73.26,73.35,1310500
2021-11-22 19:00:00-05:00,73.76,73.89,72.71,73.43,675500
2021-11-23 19:00:00-05:00,72.97,73.22,72.37,72.98,613700
2021-11-25 19:00:00-05:00,71.13,72.39,70.50,70.92,758800
2021-11-28 19:00:00-05:00,71.41,73.20,71.29,72.39,820000
2021-11-29 19:00:00-05:00,71.80,72.37,69.16,69.46,1912700
2021-11-30 19:00:00-05:00,70.51,71.50,68.06,68.09,973300
2021-12-01 19:00:00-05:00,68.65,69.70,68.24,68.80,1500500
2021-12-02 19:00:00-05:00,69.19,69.42,67.33,68.47,1074900
2021-12-05 19:00:00-05:00,69.32,69.76,68.87,69.23,921000
2021-12-06 19:00:00-05:00,70.61,71.34,70.12,70.47,1247100
2021-12-07 19:00:00-05:00,70.59,70.70,69.51,70.42,1142100
2021-12-08 19:00:00-05:00,70.21,70.61,69.16,69.19,915900
2021-12-09 19:00:00-05:00,69.89,71.15,69.30,70.90,993400
2021-12-12 19:00:00-05:00,70.91,71.59,69.34,69.50,1109600
2021-12-13 19:00:00-05:00,68.97,69.30,67.52,67.73,1853900
2021-12-14 19:00:00-05:00,68.08,69.59,67.89,69.50,2057900
2021-12-15 19:00:00-05:00,70.15,70.47,67.68,68.28,1528600
2021-12-16 19:00:00-05:00,67.85,67.92,65.86,66.10,2508000
2021-12-19 19:00:00-05:00,65.15,65.64,64.11,65.07,1607500
2021-12-20 19:00:00-05:00,65.78,66.42,65.56,66.22,2190100
2021-12-21 19:00:00-05:00,66.41,66.75,64.99,66.00,1713500
2021-12-22 19:00:00-05:00,66.30,67.43,66.30,67.13,711900
2021-12-26 19:00:00-05:00,67.46,68.57,67.19,68.55,558800
2021-12-27 19:00:00-05:00,68.41,68.78,68.01,68.64,671800
2021-12-28 19:00:00-05:00,68.74,69.40,68.57,69.15,516800
2021-12-29 19:00:00-05:00,69.15,69.36,68.10,68.17,499800
2021-12-30 19:00:00-05:00,68.01,69.14,68.01,68.84,874000
2022-01-02 19:00:00-05:00,68.84,69.27,66.41,66.92,824800
2022-01-03 19:00:00-05:00,67.01,68.04,66.79,67.74,863300
2022-01-04 19:00:00-05:00,67.95,68.58,66.27,66.35,912600
2022-01-05 19:00:00-05:00,66.34,66.97,65.42,65.44,1360700
2022-01-06 19:00:00-05:00,65.42,65.84,64.79,65.42,2110700
2022-01-09 19:00:00-05:00,64.90,65.58,63.92,65.52,1358600
2022-01-10 19:00:00-05:00,65.52,66.02,64.70,65.96,1279800
2022-01-11 19:00:00-05:00,66.57,67.30,65.46,65.61,1012500
2022-01-12 19:00:00-05:00,65.82,66.06,64.38,64.74,1055100
2022-01-13 19:00:00-05:00,63.77,64.13,61.79,62.32,1855500
2022-01-17 19:00:00-05:00,61.82,63.39,60.69,62.99,1833300
2022-01-18 19:00:00-05:00,63.34,63.98,62.02,62.50,1218700
2022-01-19 19:00:00-05:00,62.94,63.14,60.79,60.96,1287600
2022-01-20 19:00:00-05:00,60.64,61.96,60.15,60.84,1168400
2022-01-23 19:00:00-05:00,59.58,61.75,58.86,61.72,2541000
2022-01-24 19:00:00-05:00,60.61,60.90,59.10,60.15,1237300
2022-01-25 19:00:00-05:00,61.02,61.89,58.54,58.94,1584100
2022-01-26 19:00:00-05:00,59.67,60.07,57.63,58.07,1462200
2022-01-27 19:00:00-05:00,57.91,59.80,57.40,59.72,1772200
2022-01-30 19:00:00-05:00,59.49,60.48,59.28,60.24,2719300
2022-01-31 19:00:00-05:00,60.17,61.45,58.15,59.98,2233800
2022-02-01 19:00:00-05:00,59.89,60.40,58.44,58.91,3008500
2022-02-02 19:00:00-05:00,58.44,59.22,57.92,57.97,1061600
2022-02-03 19:00:00-05:00,57.69,58.10,55.98,56.56,1433400
2022-02-06 19:00:00-05:00,56.70,57.51,56.25,56.88,1069500
2022-02-07 19:00:00-05:00,56.98,58.11,56.72,57.81,994500
2022-02-08 19:00:00-05:00,58.43,59.13,58.43,58.89,839100
2022-02-09 19:00:00-05:00,57.77,58.58,56.42,56.90,1045500
2022-02-10 19:00:00-05:00,57.14,57.44,54.92,55.46,906500
2022-02-13 19:00:00-05:00,55.52,56.02,54.94,55.75,984200
2022-02-14 19:00:00-05:00,56.78,57.31,55.94,56.34,738700
2022-02-15 19:00:00-05:00,56.08,56.43,55.46,56.05,765400
2022-02-16 19:00:00-05:00,55.84,55.99,54.33,54.49,1567300
2022-02-17 19:00:00-05:00,54.45,54.85,54.15,54.67,1304900
2022-02-21 19:00:00-05:00,54.56,55.16,52.97,53.30,1011600
2022-02-22 19:00:00-05:00,53.80,53.97,52.63,52.69,1079900
2022-02-23 19:00:00-05:00,51.56,54.64,51.16,54.38,2103000
2022-02-24 19:00:00-05:00,54.31,55.20,53.39,55.19,1473200
2022-02-27 19:00:00-05:00,54.81,55.23,53.94,54.76,1660200
2022-02-28 19:00:00-05:00,54.69,54.69,52.72,52.99,1015900
2022-03-01 19:00:00-05:00,53.52,54.83,53.51,54.28,769300
2022-03-02 19:00:00-05:00,55.40,55.69,53.63,55.48,1569900
2022-03-03 19:00:00-05:00,55.26,55.26,53.34,53.49,1422000
2022-03-06 19:00:00-05:00,53.30,53.48,51.54,51.56,1227300
2022-03-07 19:00:00-05:00,51.73,52.52,50.71,50.76,1695700
2022-03-08 19:00:00-05:00,52.32,53.19,51.99,52.50,1397000
2022-03-09 19:00:00-05:00,51.59,52.13,51.35,51.68,1218100
2022-03-10 19:00:00-05:00,52.27,52.45,50.72,50.87,1367900
2022-03-13 20:00:00-04:00,51.29,51.81,50.76,51.06,1390500
2022-03-14 20:00:00-04:00,51.36,52.08,51.27,51.86,1774100
2022-03-15 20:00:00-04:00,52.44,54.70,52.44,53.74,1963200
2022-03-16 20:00:00-04:00,53.17,54.14,53.10,53.85,1789500
2022-03-17 20:00:00-04:00,54.08,54.45,52.96,54.11,3581700
2022-03-20 20:00:00-04:00,53.94,54.58,53.45,53.76,971400
2022-03-21 20:00:00-04:00,54.14,54.40,53.67,54.26,1414400
2022-03-22 20:00:00-04:00,53.91,54.34,53.14,53.25,2164100
2022-03-23 20:00:00-04:00,53.59,53.59,51.95,52.41,1076500
2022-03-24 20:00:00-04:00,52.76,53.05,51.99,52.45,1850400
2022-03-27 20:00:00-04:00,52.39,52.75,51.89,52.49,940400
2022-03-28 20:00:00-04:00,53.45,54.33,53.14,53.76,1005900
2022-03-29 20:00:00-04:00,53.44,53.74,53.09,53.35,858000
2022-03-30 20:00:00-04:00,52.94,53.46,51.25,51.26,1495500
2022-03-31 20:00:00-04:00,51.55,52.13,51.32,51.89,1489300
2022-04-03 20:00:00-04:00,51.71,52.14,51.47,51.81,994900
2022-04-04 20:00:00-04:00,51.71,52.08,50.78,50.97,1524300
2022-04-05 20:00:00-04:00,50.23,50.34,49.29,49.93,2350900
2022-04-06 20:00:00-04:00,49.80,50.54,49.32,50.33,1411200
2022-04-07 20:00:00-04:00,50.39,50.97,49.88,50.36,1793100
2022-04-10 20:00:00-04:00,50.69,51.46,49.60,49.70,1291600
2022-04-11 20:00:00-04:00,49.95,50.62,49.63,49.76,1556500
2022-04-12 20:00:00-04:00,49.61,50.36,49.61,50.08,1545800
2022-04-13 20:00:00-04:00,50.48,50.84,49.51,49.58,1436200
2022-04-17 20:00:00-04:00,49.24,49.60,48.25,48.92,1138500
2022-04-18 20:00:00-04:00,49.24,50.90,49.24,50.70,1307500
2022-04-19 20:00:00-04:00,51.32,51.69,50.91,51.37,1531600
2022-04-20 20:00:00-04:00,51.37,52.05,49.99,50.68,3199200
2022-04-21 20:00:00-04:00,50.40,51.13,49.87,50.01,2047700
2022-04-24 20:00:00-04:00,49.84,50.27,48.53,50.09,1887500
2022-04-25 20:00:00-04:00,49.66,50.52,49.06,49.06,1669600
2022-04-26 20:00:00-04:00,49.03,49.90,48.99,49.35,1702500
2022-04-27 20:00:00-04:00,49.54,50.68,49.37,50.33,1917000
2022-04-28 20:00:00-04:00,50.15,50.81,47.97,48.18,4488600
2022-05-01 20:00:00-04:00,48.09,49.38,47.93,48.95,1518300
2022-05-02 20:00:00-04:00,48.96,50.25,48.84,49.88,1483900
2022-05-03 20:00:00-04:00,49.84,51.29,49.22,51.06,1452300
2022-05-04 20:00:00-04:00,50.41,50.78,48.38,48.84,1398300
2022-05-05 20:00:00-04:00,48.47,48.61,46.81,47.92,1625600
2022-05-08 20:00:00-04:00,47.25,49.42,47.14,48.59,1790000
2022-05-09 20:00:00-04:00,48.91,49.20,46.19,46.68,1841200
2022-05-10 20:00:00-04:00,46.44,47.35,45.97,46.21,1413600
2022-05-11 20:00:00-04:00,45.97,47.04,45.79,46.96,1494100
2022-05-12 20:00:00-04:00,47.50,48.17,46.85,47.48,797900
2022-05-15 20:00:00-04:00,47.09,47.35,46.00,47.10,1053600
2022-05-16 20:00:00-04:00,47.84,48.02,47.05,48.00,635100
2022-05-17 20:00:00-04:00,47.22,47.47,45.37,45.65,1393500
2022-05-18 20:00:00-04:00,45.25,46.41,45.01,45.90,1170400
2022-05-19 20:00:00-04:00,46.40,46.61,45.37,46.48,1043300
2022-05-22 20:00:00-04:00,46.95,47.46,46.31,46.62,1044200
2022-05-23 20:00:00-04:00,46.44,46.53,45.56,46.33,689700
2022-05-24 20:00:00-04:00,45.97,47.22,45.76,46.92,884600
2022-05-25 20:00:00-04:00,47.55,48.37,47.44,47.75,1049400
2022-05-26 20:00:00-04:00,48.38,48.53,47.07,47.81,3931200
2022-05-30 20:00:00-04:00,47.18,47.95,46.51,47.63,3182200
2022-05-31 20:00:00-04:00,47.87,47.91,46.54,47.07,1444400
2022-06-01 20:00:00-04:00,47.45,48.85,47.25,48.75,1180000
2022-06-02 20:00:00-04:00,48.60,48.78,48.08,48.22,826700
2022-06-05 20:00:00-04:00,48.47,48.79,48.24,48.30,632700
2022-06-06 20:00:00-04:00,47.79,48.63,47.58,48.55,855300
2022-06-07 20:00:00-04:00,47.97,48.28,47.23,47.34,717400
2022-06-08 20:00:00-04:00,47.45,47.63,46.97,47.00,1048600
2022-06-09 20:00:00-04:00,46.09,46.09,45.14,45.44,1159300
2022-06-12 20:00:00-04:00,44.34,44.81,43.63,43.98,1108800
2022-06-13 20:00:00-04:00,43.89,44.23,43.15,43.53,1173700
2022-06-14 20:00:00-04:00,43.72,44.26,42.91,43.70,1176700
2022-06-15 20:00:00-04:00,42.71,42.86,41.54,41.79,1167500
2022-06-16 20:00:00-04:00,41.98,42.69,41.63,41.67,2110100
2022-06-20 20:00:00-04:00,42.25,42.38,41.69,42.05,1069900
2022-06-21 20:00:00-04:00,41.44,42.76,41.39,42.37,1341700
2022-06-22 20:00:00-04:00,42.37,43.32,42.18,43.22,900900
2022-06-23 20:00:00-04:00,43.59,44.95,43.58,44.64,1578500
2022-06-26 20:00:00-04:00,44.84,45.07,43.96,44.09,1092400
2022-06-27 20:00:00-04:00,44.24,44.71,43.17,43.21,1087600
2022-06-28 20:00:00-04:00,43.33,43.60,42.75,43.39,952900
2022-06-29 20:00:00-04:00,42.84,43.73,42.28,43.45,1242800
2022-06-30 20:00:00-04:00,43.60,44.51,43.37,44.11,928900
2022-07-04 20:00:00-04:00,43.40,44.52,42.87,44.51,1099100
2022-07-05 20:00:00-04:00,44.64,44.82,44.06,44.52,1007000
2022-07-06 20:00:00-04:00,44.53,45.23,44.01,45.12,1245900
2022-07-07 20:00:00-04:00,44.93,45.13,44.06,44.14,1134500
2022-07-10 20:00:00-04:00,44.12,44.60,44.00,44.34,971400
2022-07-11 20:00:00-04:00,44.45,45.16,43.70,43.85,1447900
2022-07-12 20:00:00-04:00,43.02,43.70,42.78,43.52,786600
2022-07-13 20:00:00-04:00,42.78,43.02,42.29,42.91,1130100
2022-07-14 20:00:00-04:00,43.73,44.27,43.14,43.87,869300
2022-07-17 20:00:00-04:00,44.01,44.21,43.38,43.59,1128800
2022-07-18 20:00:00-04:00,44.25,45.58,43.99,45.54,1089000
2022-07-19 20:00:00-04:00,45.68,46.21,45.38,46.13,1490800
2022-07-20 20:00:00-04:00,46.26,46.42,44.83,45.02,4265400
2022-07-21 20:00:00-04:00,45.17,45.36,44.36,44.80,1513100
2022-07-24 20:00:00-04:00,44.80,45.13,44.28,44.75,1483800
2022-07-25 20:00:00-04:00,45.31,45.84,43.86,45.80,2382200
2022-07-26 20:00:00-04:00,46.12,47.19,46.11,47.07,1583000
2022-07-27 20:00:00-04:00,47.26,47.74,45.06,46.20,3106700
2022-07-28 20:00:00-04:00,46.46,46.83,45.57,46.61,2501800
2022-07-31 20:00:00-04:00,46.43,46.71,46.00,46.19,1533500
2022-08-01 20:00:00-04:00,45.94,46.83,45.78,45.84,1639400
2022-08-02 20:00:00-04:00,46.11,46.90,45.95,46.72,1001900
2022-08-03 20:00:00-04:00,46.79,47.25,46.74,47.00,992700
2022-08-04 20:00:00-04:00,46.49,47.06,46.16,46.81,1025200
2022-08-07 20:00:00-04:00,47.29,48.22,47.26,48.01,1715000
2022-08-08 20:00:00-04:00,47.67,47.95,45.94,46.04,1589700
2022-08-09 20:00:00-04:00,47.09,48.04,46.87,47.55,1297700
2022-08-10 20:00:00-04:00,48.08,48.27,47.21,47.34,1075500
2022-08-11 20:00:00-04:00,47.56,48.35,47.46,48.33,829200
2022-08-14 20:00:00-04:00,48.04,48.41,47.60,48.39,899400
2022-08-15 20:00:00-04:00,48.05,49.09,47.87,48.58,916700
2022-08-16 20:00:00-04:00,47.90,48.44,47.56,48.10,771300
2022-08-17 20:00:00-04:00,48.24,48.45,47.97,48.05,587800
2022-08-18 20:00:00-04:00,47.76,47.82,47.04,47.08,942900
2022-08-21 20:00:00-04:00,46.39,46.79,45.32,45.58,831500
2022-08-22 20:00:00-04:00,45.52,46.17,45.52,45.64,724100
2022-08-23 20:00:00-04:00,45.77,45.77,45.26,45.61,655300
2022-08-24 20:00:00-04:00,45.61,46.53,45.56,46.52,1223800
2022-08-25 20:00:00-04:00,46.82,46.84,44.03,44.03,1530800
2022-08-28 20:00:00-04:00,43.63,43.69,42.91,42.98,1706700
2022-08-29 20:00:00-04:00,43.36,43.59,42.70,43.18,1094700
2022-08-30 20:00:00-04:00,43.51,43.66,42.33,42.43,3021200
2022-08-31 20:00:00-04:00,42.35,42.59,41.86,42.12,2106200
2022-09-01 20:00:00-04:00,42.73,43.09,41.71,41.86,2041800
2022-09-05 20:00:00-04:00,41.97,42.05,41.44,41.83,1403500
2022-09-06 20:00:00-04:00,41.90,43.19,41.73,43.08,1139300
2022-09-07 20:00:00-04:00,42.59,43.57,42.47,43.54,1149300
2022-09-08 20:00:00-04:00,43.84,44.99,43.80,44.92,1474400
2022-09-11 20:00:00-04:00,45.29,45.95,44.91,45.33,1402900
2022-09-12 20:00:00-04:00,44.08,44.08,42.86,42.90,1258800
2022-09-13 20:00:00-04:00,42.85,42.87,42.03,42.35,1580200
2022-09-14 20:00:00-04:00,42.34,42.97,41.43,41.57,1656400
2022-09-15 20:00:00-04:00,41.05,41.16,40.48,40.84,2307300
2022-09-18 20:00:00-04:00,40.64,41.58,40.58,41.56,768400
2022-09-19 20:00:00-04:00,41.03,41.03,39.66,40.08,1262200
2022-09-20 20:00:00-04:00,40.37,40.86,39.61,39.63,956400
2022-09-21 20:00:00-04:00,39.43,40.34,38.83,39.09,1673500
2022-09-22 20:00:00-04:00,38.77,39.76,38.64,39.33,1949300
2022-09-25 20:00:00-04:00,39.26,40.05,38.65,38.74,1568900
2022-09-26 20:00:00-04:00,39.08,39.25,38.13,38.92,1658000
2022-09-27 20:00:00-04:00,39.28,40.01,39.13,39.86,1085100
2022-09-28 20:00:00-04:00,39.41,39.42,38.72,39.02,1289100
2022-09-29 20:00:00-04:00,39.14,39.61,38.52,38.74,1487300
2022-10-02 20:00:00-04:00,39.09,40.11,38.81,39.86,1501800
2022-10-03 20:00:00-04:00,40.43,41.43,40.43,41.10,1759000
2022-10-04 20:00:00-04:00,40.40,41.03,40.00,40.54,1117300
2022-10-05 20:00:00-04:00,40.33,40.68,39.99,40.12,1028500
2022-10-06 20:00:00-04:00,39.59,39.59,38.71,39.00,1649700
2022-10-09 20:00:00-04:00,39.52,39.64,39.01,39.11,1321800
2022-10-10 20:00:00-04:00,38.94,39.47,38.36,38.95,1489900
2022-10-11 20:00:00-04:00,38.95,39.07,38.50,38.69,1102300
2022-10-12 20:00:00-04:00,37.75,39.86,36.90,39.58,1299200
2022-10-13 20:00:00-04:00,40.00,40.08,38.69,38.94,1212600
2022-10-16 20:00:00-04:00,39.72,40.15,39.38,39.84,1596600
2022-10-17 20:00:00-04:00,40.77,41.14,39.60,39.97,1821400
2022-10-18 20:00:00-04:00,39.38,39.43,37.71,38.26,2475100
2022-10-19 20:00:00-04:00,38.34,39.39,37.29,37.39,2590800
2022-10-20 20:00:00-04:00,37.57,38.15,36.95,37.97,2940500
2022-10-23 20:00:00-04:00,38.46,39.67,38.46,39.08,3342000
2022-10-24 20:00:00-04:00,38.83,43.00,38.53,40.47,3182300
2022-10-25 20:00:00-04:00,40.39,40.91,39.73,40.11,2788400
2022-10-26 20:00:00-04:00,40.38,40.80,39.41,39.59,1979600
2022-10-27 20:00:00-04:00,39.70,41.10,39.59,40.98,2318200
2022-10-30 20:00:00-04:00,40.79,41.33,40.71,41.16,4073000
2022-10-31 20:00:00-04:00,41.60,41.66,40.45,40.64,1738100
2022-11-01 20:00:00-04:00,40.34,40.77,38.65,38.71,1869700
2022-11-02 20:00:00-04:00,38.25,39.00,37.89,38.51,1697300
2022-11-03 20:00:00-04:00,39.17,39.39,38.55,39.35,1657500
2022-11-06 19:00:00-05:00,39.40,40.15,38.98,40.14,1410800
2022-11-07 19:00:00-05:00,40.36,41.00,39.50,40.02,1268000
2022-11-08 19:00:00-05:00,39.69,39.88,38.71,38.90,1264200
2022-11-09 19:00:00-05:00,40.19,43.37,40.19,43.22,2656600
2022-11-10 19:00:00-05:00,43.25,45.18,42.96,44.75,1926100
2022-11-13 19:00:00-05:00,44.40,44.76,43.99,44.06,1312100
2022-11-14 19:00:00-05:00,44.87,45.34,44.31,44.77,1499500
2022-11-15 19:00:00-05:00,44.63,44.67,43.56,43.66,1659300
2022-11-16 19:00:00-05:00,43.01,43.01,41.56,42.54,1161400
2022-11-17 19:00:00-05:00,43.25,43.47,42.29,43.16,1397000
2022-11-20 19:00:00-05:00,42.94,43.27,42.83,43.11,781800
2022-11-21 19:00:00-05:00,43.35,43.74,43.17,43.66,891100
2022-11-22 19:00:00-05:00,43.66,44.29,43.66,44.04,769900
2022-11-24 19:00:00-05:00,44.13,44.34,43.90,44.27,328900
2022-11-27 19:00:00-05:00,43.81,44.06,42.52,42.68,878300
2022-11-28 19:00:00-05:00,42.56,43.18,42.37,42.82,678800
2022-11-29 19:00:00-05:00,42.67,43.88,42.06,43.87,2193100
2022-11-30 19:00:00-05:00,44.42,45.76,44.42,44.70,1528100
2022-12-01 19:00:00-05:00,44.01,44.98,43.70,44.71,692700
2022-12-04 19:00:00-05:00,44.12,44.12,43.11,43.37,847900
2022-12-05 19:00:00-05:00,43.31,43.58,42.12,42.86,894900
2022-12-06 19:00:00-05:00,42.71,43.34,42.49,43.04,887000
2022-12-07 19:00:00-05:00,43.26,43.55,42.65,42.98,1020900
2022-12-08 19:00:00-05:00,42.90,43.74,42.90,43.20,1153400
2022-12-11 19:00:00-05:00,43.28,44.10,43.21,44.09,1526100
2022-12-12 19:00:00-05:00,45.95,46.06,44.33,44.64,1399300
2022-12-13 19:00:00-05:00,44.43,44.97,43.78,43.93,1476200
2022-12-14 19:00:00-05:00,43.26,43.31,42.22,42.66,1649600
2022-12-15 19:00:00-05:00,42.15,42.35,41.39,41.63,2530500
2022-12-18 19:00:00-05:00,41.89,43.24,41.79,42.01,1677400
2022-12-19 19:00:00-05:00,41.83,42.24,41.65,41.84,1537500
2022-12-20 19:00:00-05:00,42.36,42.89,42.27,42.70,1201400
2022-12-21 19:00:00-05:00,42.22,42.62,41.68,42.43,1181800
2022-12-22 19:00:00-05:00,42.33,42.61,42.08,42.55,860100
2022-12-26 19:00:00-05:00,42.57,43.06,42.25,42.82,686800
2022-12-27 19:00:00-05:00,42.92,43.23,42.08,42.13,586500
2022-12-28 19:00:00-05:00,42.50,43.76,42.37,43.37,805500
2022-12-29 19:00:00-05:00,42.98,43.30,42.59,43.11,1024000
2023-01-02 19:00:00-05:00,43.76,43.90,42.80,43.32,957500
2023-01-03 19:00:00-05:00,43.97,45.19,43.88,44.76,2026700
2023-01-04 19:00:00-05:00,44.31,44.83,44.09,44.24,870900
2023-01-05 19:00:00-05:00,44.74,45.17,44.49,44.85,2052900
2023-01-08 19:00:00-05:00,45.05,45.98,44.52,45.52,2045600
2023-01-09 19:00:00-05:00,45.36,46.27,45.18,45.98,1796000
2023-01-10 19:00:00-05:00,46.43,47.52,46.11,47.48,1919000
2023-01-11 19:00:00-05:00,47.86,48.15,47.30,47.79,1133700
2023-01-12 19:00:00-05:00,47.93,48.66,47.84,48.42,1577000
2023-01-16 19:00:00-05:00,48.46,48.97,48.24,48.43,1189300
2023-01-17 19:00:00-05:00,48.66,49.12,47.94,48.15,1478300
2023-01-18 19:00:00-05:00,47.68,47.86,46.14,46.24,2013000
2023-01-19 19:00:00-05:00,46.53,47.35,46.11,47.32,2038600
2023-01-22 19:00:00-05:00,47.78,48.66,47.36,48.55,2020600
2023-01-23 19:00:00-05:00,48.24,48.86,47.78,48.50,1100000
2023-01-24 19:00:00-05:00,48.00,48.87,47.67,48.84,1243300
2023-01-25 19:00:00-05:00,49.18,49.18,48.28,48.70,1277800
2023-01-26 19:00:00-05:00,48.59,49.87,48.33,49.60,1294200
2023-01-29 19:00:00-05:00,49.05,49.49,48.68,48.81,1973800
2023-01-30 19:00:00-05:00,50.06,53.52,50.06,53.31,5716300
2023-01-31 19:00:00-05:00,53.36,55.69,52.70,55.47,3155700
2023-02-01 19:00:00-05:00,56.30,58.58,55.92,57.96,4259700
2023-02-02 19:00:00-05:00,57.06,57.62,56.69,57.15,2315900
2023-02-05 19:00:00-05:00,56.49,56.54,55.76,56.05,1860800
2023-02-06 19:00:00-05:00,55.72,55.74,54.38,55.46,1677000
2023-02-07 19:00:00-05:00,55.10,55.33,54.17,54.59,1380800
2023-02-08 19:00:00-05:00,55.12,55.24,53.75,53.80,1214800
2023-02-09 19:00:00-05:00,53.28,53.69,53.10,53.15,2040700
2023-02-12 19:00:00-05:00,53.37,54.48,52.96,54.43,1611000
2023-02-13 19:00:00-05:00,54.07,54.53,53.28,54.29,1755200
2023-02-14 19:00:00-05:00,54.06,55.05,53.76,54.80,1407500
2023-02-15 19:00:00-05:00,53.72,54.65,53.32,54.23,1175100
2023-02-16 19:00:00-05:00,54.22,54.77,53.47,54.71,1192100
2023-02-20 19:00:00-05:00,53.97,54.10,52.38,52.67,1090900
2023-02-21 19:00:00-05:00,52.94,53.30,52.21,52.60,1755100
2023-02-22 19:00:00-05:00,52.85,53.33,52.36,53.06,1001100
2023-02-23 19:00:00-05:00,52.33,53.64,52.32,53.36,1203500
2023-02-26 19:00:00-05:00,54.07,54.24,53.22,53.50,871200
2023-02-27 19:00:00-05:00,53.45,54.37,53.27,53.85,3530300
2023-02-28 19:00:00-05:00,53.28,53.96,53.11,53.29,1124700
2023-03-01 19:00:00-05:00,52.93,53.49,52.18,53.41,1578000
2023-03-02 19:00:00-05:00,53.67,54.58,53.41,54.38,1059000
2023-03-05 19:00:00-05:00,54.37,54.72,53.66,54.04,1818200
2023-03-06 19:00:00-05:00,54.06,54.17,53.36,53.41,888300
2023-03-07 19:00:00-05:00,53.46,53.81,53.04,53.69,1343400
2023-03-08 19:00:00-05:00,53.63,53.96,52.31,52.36,1069100
2023-03-09 19:00:00-05:00,52.42,52.42,49.88,50.71,2432300
2023-03-12 20:00:00-04:00,49.96,50.87,49.42,50.28,1066000
2023-03-13 20:00:00-04:00,51.84,52.01,50.72,51.36,1903600
2023-03-14 20:00:00-04:00,50.25,50.25,48.90,49.75,1722300
2023-03-15 20:00:00-04:00,49.34,50.65,48.88,50.14,1579200
2023-03-16 20:00:00-04:00,49.72,49.72,48.54,49.02,3966500
2023-03-19 20:00:00-04:00,49.42,49.97,49.11,49.53,1565400
2023-03-20 20:00:00-04:00,50.39,51.30,50.39,50.83,1369100
2023-03-21 20:00:00-04:00,50.75,51.12,49.42,49.43,1037900
2023-03-22 20:00:00-04:00,49.44,50.36,48.64,49.10,1470400
2023-03-23 20:00:00-04:00,48.50,49.86,48.28,49.84,2047300
2023-03-26 20:00:00-04:00,50.55,50.95,50.12,50.77,1498500
2023-03-27 20:00:00-04:00,50.71,51.62,50.71,51.50,1200900
2023-03-28 20:00:00-04:00,52.12,52.24,51.37,51.90,1172700
2023-03-29 20:00:00-04:00,52.47,52.47,51.55,51.75,1068200
2023-03-30 20:00:00-04:00,52.13,53.32,51.91,53.20,1366900
2023-04-02 20:00:00-04:00,52.99,53.30,52.27,53.06,997300
2023-04-03 20:00:00-04:00,53.09,53.48,51.38,51.80,1148100
2023-04-04 20:00:00-04:00,51.39,51.64,49.98,50.36,1829600
2023-04-05 20:00:00-04:00,50.13,50.62,49.95,50.62,1471500
2023-04-09 20:00:00-04:00,50.36,51.10,49.92,51.09,657700
2023-04-10 20:00:00-04:00,51.35,51.98,51.35,51.44,689700
2023-04-11 20:00:00-04:00,51.98,52.12,50.81,51.18,959300
2023-04-12 20:00:00-04:00,51.32,51.93,50.59,51.56,1319400
2023-04-13 20:00:00-04:00,51.42,52.10,50.63,50.96,1047500
2023-04-16 20:00:00-04:00,51.24,51.39,50.57,51.08,1593000
2023-04-17 20:00:00-04:00,51.45,51.53,50.68,50.90,1405300
2023-04-18 20:00:00-04:00,50.57,50.87,50.40,50.84,917900
2023-04-19 20:00:00-04:00,49.91,51.49,49.67,51.24,1533100
2023-04-20 20:00:00-04:00,51.32,51.78,51.13,51.68,1681000
2023-04-23 20:00:00-04:00,51.71,52.21,51.71,52.18,997100
2023-04-24 20:00:00-04:00,52.04,52.22,51.36,51.54,1304800
2023-04-25 20:00:00-04:00,51.09,51.62,50.54,50.67,2073900
2023-04-26 20:00:00-04:00,52.62,55.61,52.08,55.61,3430200
2023-04-27 20:00:00-04:00,55.98,56.36,55.34,56.14,3711700
2023-04-30 20:00:00-04:00,56.34,56.60,55.44,55.69,1327800
2023-05-01 20:00:00-04:00,55.75,55.98,54.48,55.92,1309000
2023-05-02 20:00:00-04:00,56.07,56.66,55.41,55.74,1338600
2023-05-03 20:00:00-04:00,55.58,56.27,54.96,55.22,1513700
2023-05-04 20:00:00-04:00,55.78,56.44,55.53,55.94,872700
2023-05-07 20:00:00-04:00,57.12,57.38,56.17,56.61,1177600
2023-05-08 20:00:00-04:00,56.42,56.84,56.02,56.47,899800
2023-05-09 20:00:00-04:00,57.25,58.00,55.45,56.46,994000
2023-05-10 20:00:00-04:00,56.19,56.74,55.95,56.69,1159400
2023-05-11 20:00:00-04:00,57.09,57.35,56.21,56.84,1051200
2023-05-14 20:00:00-04:00,56.81,57.20,56.41,57.15,793700
2023-05-15 20:00:00-04:00,56.57,56.74,55.95,56.43,582000
2023-05-16 20:00:00-04:00,56.86,57.50,56.55,57.09,854100
2023-05-17 20:00:00-04:00,56.90,57.69,56.70,57.47,983600
2023-05-18 20:00:00-04:00,58.00,58.05,56.87,57.19,867600
2023-05-21 20:00:00-04:00,57.25,57.54,56.78,57.21,668200
2023-05-22 20:00:00-04:00,56.76,57.16,55.80,55.80,1187000
2023-05-23 20:00:00-04:00,55.57,55.68,54.27,54.86,990800
2023-05-24 20:00:00-04:00,55.13,55.25,54.32,55.24,1076100
2023-05-25 20:00:00-04:00,55.35,55.90,54.95,55.68,755900
2023-05-29 20:00:00-04:00,55.92,56.28,54.93,55.27,1083200
2023-05-30 20:00:00-04:00,54.90,54.96,53.56,53.62,2454400
2023-05-31 20:00:00-04:00,53.55,54.62,53.42,54.44,987400
2023-06-01 20:00:00-04:00,55.01,56.73,54.85,56.55,1026100
2023-06-04 20:00:00-04:00,56.64,56.64,55.68,56.07,616800
2023-06-05 20:00:00-04:00,56.02,57.40,55.79,57.08,800000
2023-06-06 20:00:00-04:00,57.14,58.85,57.14,58.77,1672200
2023-06-07 20:00:00-04:00,58.39,58.84,57.55,57.89,1024300
2023-06-08 20:00:00-04:00,58.01,58.51,56.83,57.20,1555200
2023-06-11 20:00:00-04:00,57.28,57.91,56.85,57.78,967000
2023-06-12 20:00:00-04:00,57.72,58.77,57.71,58.70,841800
2023-06-13 20:00:00-04:00,58.90,59.14,58.05,58.57,1044600
2023-06-14 20:00:00-04:00,58.22,59.16,58.12,58.98,879100
2023-06-15 20:00:00-04:00,59.17,59.70,58.41,58.78,1594800
2023-06-19 20:00:00-04:00,58.55,58.92,58.10,58.71,977700
2023-06-20 20:00:00-04:00,58.47,59.12,58.11,58.78,1657300
2023-06-21 20:00:00-04:00,58.89,58.89,58.12,58.22,643400
2023-06-22 20:00:00-04:00,57.79,58.33,57.52,58.12,1423600
2023-06-25 20:00:00-04:00,58.01,59.23,58.01,59.00,695400
2023-06-26 20:00:00-04:00,59.14,60.77,59.05,60.61,1036600
2023-06-27 20:00:00-04:00,60.77,61.06,59.86,60.31,811200
2023-06-28 20:00:00-04:00,60.44,61.89,60.21,61.56,1221900
2023-06-29 20:00:00-04:00,62.16,62.68,61.45,62.45,1402400
2023-07-02 20:00:00-04:00,61.84,62.07,61.40,61.84,442700
2023-07-04 20:00:00-04:00,61.29,62.00,61.02,61.27,1427400
2023-07-05 20:00:00-04:00,60.64,60.83,59.85,60.47,1055000
2023-07-06 20:00:00-04:00,60.38,61.68,60.38,60.74,1298000
2023-07-09 20:00:00-04:00,60.92,62.18,60.73,61.93,1036600
2023-07-10 20:00:00-04:00,62.47,64.11,62.45,63.52,2083700
2023-07-11 20:00:00-04:00,64.35,64.68,63.37,64.49,1299000
2023-07-12 20:00:00-04:00,64.68,64.90,64.38,64.51,1615000
2023-07-13 20:00:00-04:00,62.54,63.69,61.62,63.67,2260500
2023-07-16 20:00:00-04:00,63.46,64.01,62.97,63.74,1032300
2023-07-17 20:00:00-04:00,63.71,64.50,63.26,63.44,1067000
2023-07-18 20:00:00-04:00,63.36,64.40,63.33,64.12,1147200
2023-07-19 20:00:00-04:00,63.81,64.67,63.46,64.26,1446800
2023-07-20 20:00:00-04:00,64.50,64.79,64.14,64.34,2093800
2023-07-23 20:00:00-04:00,64.36,64.86,64.05,64.26,1452500
2023-07-24 20:00:00-04:00,63.99,64.89,63.78,64.35,1260200
2023-07-25 20:00:00-04:00,64.12,64.98,63.89,64.90,1964500
2023-07-26 20:00:00-04:00,65.94,67.79,65.64,66.74,2621500
2023-07-27 20:00:00-04:00,67.85,68.32,67.12,67.59,2021900
2023-07-30 20:00:00-04:00,67.75,68.19,66.67,67.41,2535600
2023-07-31 20:00:00-04:00,67.28,67.88,66.98,67.79,1259600
2023-08-01 20:00:00-04:00,67.41,67.53,66.75,66.93,1299300
2023-08-02 20:00:00-04:00,66.71,67.45,66.23,67.26,1098200
2023-08-03 20:00:00-04:00,67.62,68.36,66.55,67.75,1679500
2023-08-06 20:00:00-04:00,68.24,69.60,68.24,69.13,1163700
2023-08-07 20:00:00-04:00,68.23,69.66,68.04,69.56,1066500
2023-08-08 20:00:00-04:00,69.49,69.49,68.62,68.92,1045200
2023-08-09 20:00:00-04:00,69.03,69.52,68.16,68.68,826000
2023-08-10 20:00:00-04:00,68.42,68.66,67.40,67.67,1061500
2023-08-13 20:00:00-04:00,67.60,67.78,67.14,67.70,881700
2023-08-14 20:00:00-04:00,67.25,67.44,66.63,66.95,890400
2023-08-15 20:00:00-04:00,67.08,67.64,66.21,66.25,676800
2023-08-16 20:00:00-04:00,66.48,66.48,64.44,64.46,1402000
2023-08-17 20:00:00-04:00,64.10,64.87,63.47,64.59,1188800
2023-08-20 20:00:00-04:00,64.62,64.91,63.58,64.46,1055600
2023-08-21 20:00:00-04:00,64.82,65.08,64.09,64.27,609000
2023-08-22 20:00:00-04:00,64.49,65.65,64.38,65.48,741300
2023-08-23 20:00:00-04:00,65.36,65.77,64.45,64.51,550400
2023-08-24 20:00:00-04:00,64.89,65.33,64.13,65.03,603400
2023-08-27 20:00:00-04:00,65.20,65.99,65.20,65.57,467400
2023-08-28 20:00:00-04:00,65.35,66.88,65.16,66.78,713300
2023-08-29 20:00:00-04:00,66.92,67.64,66.48,67.48,574000
2023-08-30 20:00:00-04:00,67.49,68.63,67.31,68.14,1535300
2023-08-31 20:00:00-04:00,68.47,68.92,68.31,68.82,675700
2023-09-04 20:00:00-04:00,68.66,68.70,66.57,66.89,879200
2023-09-05 20:00:00-04:00,66.80,67.84,66.80,67.53,614600
2023-09-06 20:00:00-04:00,66.99,67.70,66.47,67.01,848200
2023-09-07 20:00:00-04:00,66.69,67.00,65.89,66.03,764500
2023-09-10 20:00:00-04:00,66.44,66.91,66.03,66.73,983300
2023-09-11 20:00:00-04:00,66.05,66.62,65.20,65.46,747300
2023-09-12 20:00:00-04:00,65.33,65.44,63.67,64.37,1039200
2023-09-13 20:00:00-04:00,64.93,65.37,64.43,65.28,754900
2023-09-14 20:00:00-04:00,64.77,65.09,64.26,64.85,1961000
2023-09-17 20:00:00-04:00,65.01,65.54,64.59,65.11,569300
2023-09-18 20:00:00-04:00,64.88,65.41,63.85,64.44,788800
2023-09-19 20:00:00-04:00,64.88,65.49,64.08,64.13,616200
2023-09-20 20:00:00-04:00,63.71,63.71,62.99,63.10,873200
2023-09-21 20:00:00-04:00,63.14,63.42,62.69,63.02,851100
2023-09-24 20:00:00-04:00,62.93,64.21,62.71,63.63,669200
2023-09-25 20:00:00-04:00,63.03,63.42,61.92,62.06,975500
2023-09-26 20:00:00-04:00,62.61,63.04,62.13,62.77,894300
2023-09-27 20:00:00-04:00,62.56,63.96,62.19,63.26,961300
2023-09-28 20:00:00-04:00,63.61,64.00,62.26,62.80,1015200
2023-10-01 20:00:00-04:00,62.56,63.26,61.38,61.65,1042900
2023-10-02 20:00:00-04:00,61.43,62.10,60.88,61.31,1453600
2023-10-03 20:00:00-04:00,61.53,62.24,61.26,62.13,1208400
2023-10-04 20:00:00-04:00,62.11,62.23,60.85,60.92,1241600
2023-10-05 20:00:00-04:00,60.69,61.81,60.10,61.39,1347700
2023-10-08 20:00:00-04:00,60.71,61.97,60.21,61.77,1019500
2023-10-09 20:00:00-04:00,62.23,63.46,61.85,62.54,904000
2023-10-10 20:00:00-04:00,62.52,63.78,62.52,63.62,1014200
2023-10-11 20:00:00-04:00,63.75,63.77,62.03,62.55,750600
2023-10-12 20:00:00-04:00,62.52,62.58,60.08,60.53,1404500
2023-10-15 20:00:00-04:00,61.34,62.05,60.82,61.91,1212600
2023-10-16 20:00:00-04:00,61.36,63.33,61.12,62.77,1140300
2023-10-17 20:00:00-04:00,62.25,62.40,60.59,60.64,1207600
2023-10-18 20:00:00-04:00,60.69,63.02,60.60,61.36,2277800
2023-10-19 20:00:00-04:00,61.40,61.55,60.26,60.55,1697700
2023-10-22 20:00:00-04:00,60.40,61.47,60.37,60.65,2436000
2023-10-23 20:00:00-04:00,59.86,60.33,57.55,57.88,3597000
2023-10-24 20:00:00-04:00,56.95,57.41,55.65,55.85,2830900
2023-10-25 20:00:00-04:00,56.40,57.44,56.13,56.80,1702800
2023-10-26 20:00:00-04:00,56.81,57.18,55.87,56.14,1004400
2023-10-29 20:00:00-04:00,56.67,57.47,56.27,57.14,988000
2023-10-30 20:00:00-04:00,56.73,56.94,55.92,56.57,2159700
2023-10-31 20:00:00-04:00,56.77,57.36,56.33,57.35,1245000
2023-11-01 20:00:00-04:00,58.51,59.25,58.02,58.63,1761100
2023-11-02 20:00:00-04:00,59.67,60.96,59.44,59.99,1329200
2023-11-05 19:00:00-05:00,59.92,60.33,58.97,59.36,1099900
2023-11-06 19:00:00-05:00,59.03,59.86,58.70,59.71,1074700
2023-11-07 19:00:00-05:00,59.76,60.09,59.43,59.75,1341400
2023-11-08 19:00:00-05:00,60.30,60.30,58.86,59.08,1323800
2023-11-09 19:00:00-05:00,59.45,59.80,58.54,59.76,1328900
2023-11-12 19:00:00-05:00,59.51,59.63,58.77,58.87,1170400
2023-11-13 19:00:00-05:00,60.41,62.13,60.41,61.56,1399300
2023-11-14 19:00:00-05:00,61.41,62.78,61.10,62.28,1407900
2023-11-15 19:00:00-05:00,62.22,62.75,60.97,61.21,1600700
2023-11-16 19:00:00-05:00,61.74,61.79,60.64,61.26,1496300
2023-11-19 19:00:00-05:00,61.07,61.36,60.39,61.16,1192600
2023-11-20 19:00:00-05:00,60.98,61.11,60.57,60.72,908900
2023-11-21 19:00:00-05:00,61.02,61.48,60.67,61.05,722200
2023-11-23 19:00:00-05:00,60.96,61.53,60.96,61.53,335400
2023-11-26 19:00:00-05:00,61.40,62.68,61.13,62.34,1687700
2023-11-27 19:00:00-05:00,62.24,62.52,61.60,61.89,1265200
2023-11-28 19:00:00-05:00,62.51,62.73,61.41,62.02,1480300
2023-11-29 19:00:00-05:00,62.22,63.02,61.69,62.82,2237400
2023-11-30 19:00:00-05:00,62.68,64.54,62.68,64.51,1105400
2023-12-03 19:00:00-05:00,63.98,64.99,63.80,64.74,1597700
2023-12-04 19:00:00-05:00,64.43,64.71,63.57,63.63,1048500
2023-12-05 19:00:00-05:00,64.08,65.50,64.00,64.67,952600
2023-12-06 19:00:00-05:00,64.75,65.09,64.41,64.96,752000
2023-12-07 19:00:00-05:00,65.05,65.79,64.92,65.61,3268800
2023-12-10 19:00:00-05:00,65.70,65.98,65.40,65.54,1158900
2023-12-11 19:00:00-05:00,65.61,66.28,65.12,65.55,1018400
2023-12-12 19:00:00-05:00,66.04,66.93,64.99,66.83,1327300
2023-12-13 19:00:00-05:00,67.54,70.58,67.54,70.39,2195500
2023-12-14 19:00:00-05:00,70.09,70.10,68.74,69.04,3164200
2023-12-17 19:00:00-05:00,68.89,68.89,67.82,68.29,1273700
2023-12-18 19:00:00-05:00,69.12,69.51,68.47,69.38,1203400
2023-12-19 19:00:00-05:00,69.52,69.90,68.61,68.70,788000
2023-12-20 19:00:00-05:00,69.52,69.52,68.76,69.39,1039100
2023-12-21 19:00:00-05:00,69.54,70.10,69.10,69.97,1730200
2023-12-25 19:00:00-05:00,69.92,70.86,69.78,70.68,1967200
2023-12-26 19:00:00-05:00,70.81,71.15,70.58,71.04,544500
2023-12-27 19:00:00-05:00,70.94,71.18,70.59,71.05,618900
2023-12-28 19:00:00-05:00,70.87,71.31,70.53,70.77,577200
2024-01-01 19:00:00-05:00,69.94,70.19,68.67,69.03,1313800
2024-01-02 19:00:00-05:00,68.27,68.38,66.42,66.46,1592400
2024-01-03 19:00:00-05:00,66.37,67.36,66.26,67.09,1534200
2024-01-04 19:00:00-05:00,66.61,67.52,66.51,66.86,1643500
2024-01-07 19:00:00-05:00,67.08,67.98,66.80,67.97,1008100
2024-01-08 19:00:00-05:00,67.31,67.57,66.86,67.55,1543100
2024-01-09 19:00:00-05:00,67.86,68.87,67.64,68.85,1335400
2024-01-10 19:00:00-05:00,69.47,69.88,68.56,69.60,2530500
2024-01-11 19:00:00-05:00,70.16,70.33,68.62,68.88,1162600
2024-01-15 19:00:00-05:00,68.32,68.86,67.85,68.81,1758000
2024-01-16 19:00:00-05:00,68.19,68.65,67.57,68.00,1198800
2024-01-17 19:00:00-05:00,68.39,69.11,67.93,69.02,748100
2024-01-18 19:00:00-05:00,69.13,69.81,68.41,69.68,1490000
2024-01-21 19:00:00-05:00,70.27,71.18,70.12,71.05,899600
2024-01-22 19:00:00-05:00,71.29,71.29,69.66,70.14,1499300
2024-01-23 19:00:00-05:00,70.66,70.66,68.93,69.03,2381600
2024-01-24 19:00:00-05:00,69.61,70.51,69.31,70.47,1299400
2024-01-25 19:00:00-05:00,70.65,71.08,70.30,70.74,2783400
2024-01-28 19:00:00-05:00,70.55,71.54,70.12,71.54,2358400
2024-01-29 19:00:00-05:00,69.72,73.64,69.72,71.19,2447300
2024-01-30 19:00:00-05:00,71.05,72.86,70.84,71.45,4531600
2024-01-31 19:00:00-05:00,72.05,73.11,70.85,73.05,1701400
2024-02-01 19:00:00-05:00,72.40,72.55,71.47,72.10,1530500
2024-02-04 19:00:00-05:00,71.54,71.55,70.34,70.69,1554500
2024-02-05 19:00:00-05:00,70.82,72.03,70.60,71.85,1265100
2024-02-06 19:00:00-05:00,72.21,72.91,71.66,72.36,1610500
2024-02-07 19:00:00-05:00,72.58,72.83,71.85,72.69,1610100
2024-02-08 19:00:00-05:00,72.69,73.01,72.14,72.73,1394200
2024-02-11 19:00:00-05:00,72.67,73.96,72.60,73.53,1145600
2024-02-12 19:00:00-05:00,71.99,72.79,70.74,72.14,1557400
2024-02-13 19:00:00-05:00,73.08,73.65,72.22,73.22,601400
2024-02-14 19:00:00-05:00,73.54,73.83,72.80,73.66,1095500
2024-02-15 19:00:00-05:00,73.63,74.16,72.96,73.16,1537400
2024-02-19 19:00:00-05:00,72.49,73.17,72.24,72.86,1816000
2024-02-20 19:00:00-05:00,72.86,72.90,72.22,72.88,1733900
2024-02-21 19:00:00-05:00,73.32,73.81,72.77,73.52,1391700
2024-02-22 19:00:00-05:00,73.90,75.08,73.77,74.96,1341400
2024-02-25 19:00:00-05:00,74.84,75.21,74.14,74.17,1355700
2024-02-26 19:00:00-05:00,74.41,74.83,74.04,74.71,1809000
2024-02-27 19:00:00-05:00,74.67,75.49,74.38,74.87,1666700
2024-02-28 19:00:00-05:00,74.79,76.19,74.61,75.96,2445300
2024-02-29 19:00:00-05:00,76.13,76.67,75.60,76.49,1631000
2024-03-03 19:00:00-05:00,76.35,77.38,76.09,76.63,1656400
2024-03-04 19:00:00-05:00,76.51,76.70,75.24,75.63,1471900
2024-03-05 19:00:00-05:00,76.24,78.26,76.15,77.31,1730000
2024-03-06 19:00:00-05:00,78.12,79.95,78.00,79.64,2526900
2024-03-07 19:00:00-05:00,80.04,80.33,78.96,79.31,1777500
2024-03-10 20:00:00-04:00,78.95,79.55,78.37,79.34,1523700
2024-03-11 20:00:00-04:00,79.26,80.63,79.01,80.02,2457600
2024-03-12 20:00:00-04:00,79.80,80.55,79.80,80.10,1509600
2024-03-13 20:00:00-04:00,79.82,80.04,77.97,78.72,1159800
2024-03-14 20:00:00-04:00,77.84,79.16,77.84,78.74,2092200
2024-03-17 20:00:00-04:00,79.09,79.33,78.53,78.75,922200
2024-03-18 20:00:00-04:00,78.97,80.30,78.91,79.85,2288800
2024-03-19 20:00:00-04:00,79.80,80.61,79.63,80.35,1473100
2024-03-20 20:00:00-04:00,80.88,83.01,80.88,82.73,2805800
2024-03-21 20:00:00-04:00,81.90,82.54,81.48,81.97,1602000
2024-03-24 20:00:00-04:00,81.97,82.33,80.75,80.78,898500
2024-03-25 20:00:00-04:00,80.79,81.52,80.68,80.70,764400
2024-03-26 20:00:00-04:00,81.40,83.04,81.04,83.02,1973800
2024-03-27 20:00:00-04:00,83.02,83.79,82.78,83.43,1938200
2024-03-31 20:00:00-04:00,83.44,83.48,82.34,82.43,1431200
2024-04-01 20:00:00-04:00,82.03,82.27,80.73,81.28,1954600
2024-04-02 20:00:00-04:00,80.86,81.90,80.80,81.50,1377300
2024-04-03 20:00:00-04:00,82.32,82.83,80.47,80.86,2118800
2024-04-04 20:00:00-04:00,80.85,82.24,80.81,81.61,909600
2024-04-07 20:00:00-04:00,82.29,82.46,81.27,81.35,1506300
2024-04-08 20:00:00-04:00,81.93,81.94,80.43,81.75,1445200
2024-04-09 20:00:00-04:00,79.93,81.03,79.15,80.51,1332600
2024-04-10 20:00:00-04:00,80.62,80.69,79.23,79.86,1596200
2024-04-11 20:00:00-04:00,78.91,79.51,78.61,79.20,1460500
2024-04-14 20:00:00-04:00,81.03,81.15,78.34,78.43,1235100
2024-04-15 20:00:00-04:00,78.24,78.47,77.03,78.17,1080500
2024-04-16 20:00:00-04:00,78.72,78.72,76.93,77.32,920800
2024-04-17 20:00:00-04:00,77.83,77.89,76.66,76.86,1192100
2024-04-18 20:00:00-04:00,76.81,77.67,76.41,76.91,1195800
2024-04-21 20:00:00-04:00,77.21,78.61,76.76,77.56,2221600
2024-04-22 20:00:00-04:00,79.04,80.15,76.22,76.85,4132600
2024-04-23 20:00:00-04:00,77.30,77.82,75.94,77.36,2262600
2024-04-24 20:00:00-04:00,76.46,78.26,75.36,77.56,1775200
2024-04-25 20:00:00-04:00,77.76,78.97,77.58,78.31,959300
2024-04-28 20:00:00-04:00,78.37,79.04,78.19,78.89,1084200
2024-04-29 20:00:00-04:00,78.59,79.89,77.35,77.46,1826300
2024-04-30 20:00:00-04:00,77.45,78.78,76.63,77.44,919800
2024-05-01 20:00:00-04:00,77.85,78.34,76.22,77.22,1860300
2024-05-02 20:00:00-04:00,78.26,79.10,77.85,77.97,1639400
2024-05-05 20:00:00-04:00,78.93,80.25,78.67,80.19,1086600
2024-05-06 20:00:00-04:00,80.88,81.74,80.22,81.31,1367100
2024-05-07 20:00:00-04:00,80.76,81.82,80.56,81.64,1304900
2024-05-08 20:00:00-04:00,81.65,82.26,81.17,82.12,1053000
2024-05-09 20:00:00-04:00,82.51,82.51,81.57,81.60,773400
2024-05-12 20:00:00-04:00,81.83,82.04,80.65,80.92,957100
2024-05-13 20:00:00-04:00,81.34,81.51,80.73,81.47,896200
2024-05-14 20:00:00-04:00,82.22,84.07,82.22,83.32,1170800
2024-05-15 20:00:00-04:00,82.89,83.29,81.81,81.86,1117900
2024-05-16 20:00:00-04:00,82.26,82.26,81.57,82.22,802600
2024-05-19 20:00:00-04:00,82.42,83.44,82.13,82.86,660600
2024-05-20 20:00:00-04:00,82.80,83.00,82.38,82.53,714600
2024-05-21 20:00:00-04:00,82.54,83.24,81.67,82.35,700300
2024-05-22 20:00:00-04:00,82.59,82.60,80.47,80.83,919500
2024-05-23 20:00:00-04:00,81.03,81.45,80.62,81.04,806400
2024-05-27 20:00:00-04:00,81.31,81.31,76.98,77.32,2405600
2024-05-28 20:00:00-04:00,76.40,77.35,76.40,76.81,1104100
2024-05-29 20:00:00-04:00,77.12,77.79,76.70,77.69,1097200
2024-05-30 20:00:00-04:00,77.90,79.90,77.79,79.70,2428400
2024-06-02 20:00:00-04:00,79.90,80.00,77.38,78.25,1196400
2024-06-03 20:00:00-04:00,78.01,78.44,77.09,77.32,1656900
2024-06-04 20:00:00-04:00,77.56,78.80,76.98,78.61,1472800
2024-06-05 20:00:00-04:00,78.38,78.46,76.24,76.73,1349600
2024-06-06 20:00:00-04:00,76.19,76.67,75.53,75.95,1509200
2024-06-09 20:00:00-04:00,75.72,76.99,75.72,76.98,1683200
2024-06-10 20:00:00-04:00,76.70,76.74,75.75,76.31,748400
2024-06-11 20:00:00-04:00,77.85,79.21,77.67,78.34,1083300
2024-06-12 20:00:00-04:00,77.85,78.14,76.58,77.27,780900
2024-06-13 20:00:00-04:00,76.17,76.39,74.39,75.73,1202900
2024-06-16 20:00:00-04:00,75.63,76.42,75.13,76.41,1035800
2024-06-17 20:00:00-04:00,76.41,77.95,76.41,77.95,2003400
2024-06-19 20:00:00-04:00,77.74,78.72,77.39,77.68,2137500
2024-06-20 20:00:00-04:00,77.80,78.13,76.47,77.83,1954700
2024-06-23 20:00:00-04:00,78.07,79.20,77.84,78.35,1530900
2024-06-24 20:00:00-04:00,74.98,75.90,72.74,72.78,4062500
2024-06-25 20:00:00-04:00,71.92,73.70,71.13,73.53,2407600
2024-06-26 20:00:00-04:00,73.60,74.90,73.18,74.48,2697200
2024-06-27 20:00:00-04:00,74.83,76.15,74.49,75.09,2499400
2024-06-30 20:00:00-04:00,75.59,75.95,72.71,72.88,1572800
2024-07-01 20:00:00-04:00,72.77,73.52,72.55,73.20,1705900
2024-07-02 20:00:00-04:00,73.40,73.81,72.82,73.20,577100
2024-07-04 20:00:00-04:00,73.00,73.00,71.93,72.85,1407800
2024-07-07 20:00:00-04:00,73.28,74.09,73.15,73.65,1768600
2024-07-08 20:00:00-04:00,73.58,74.05,73.42,73.46,1333600
2024-07-09 20:00:00-04:00,74.01,74.36,73.52,74.18,1610300
2024-07-10 20:00:00-04:00,75.51,77.69,75.51,76.86,3079100
2024-07-11 20:00:00-04:00,77.51,78.48,76.59,77.59,1502300
2024-07-14 20:00:00-04:00,77.74,79.34,77.19,78.40,2781300
2024-07-15 20:00:00-04:00,79.11,81.72,78.55,81.56,1781200
2024-07-16 20:00:00-04:00,80.96,81.72,80.05,80.07,1468700
2024-07-17 20:00:00-04:00,79.27,80.61,77.98,78.14,2650600
2024-07-18 20:00:00-04:00,77.74,78.20,76.76,77.44,2174500
2024-07-21 20:00:00-04:00,78.29,78.61,76.74,78.57,2318600
2024-07-22 20:00:00-04:00,84.61,86.18,83.43,85.64,4465200
2024-07-23 20:00:00-04:00,85.97,86.89,82.05,82.31,4271300
2024-07-24 20:00:00-04:00,82.68,86.66,82.46,84.58,3153000
2024-07-25 20:00:00-04:00,85.82,87.39,85.57,86.92,1736500
2024-07-28 20:00:00-04:00,86.92,87.10,85.66,86.31,1037400
2024-07-29 20:00:00-04:00,86.86,87.40,85.89,86.59,1026700
2024-07-30 20:00:00-04:00,87.41,88.03,86.02,86.30,1578800
2024-07-31 20:00:00-04:00,86.26,87.08,83.48,84.34,1249300
2024-08-01 20:00:00-04:00,82.66,82.70,80.78,82.09,1053100
2024-08-04 20:00:00-04:00,79.51,81.23,77.88,79.71,1263700
2024-08-05 20:00:00-04:00,80.00,82.47,79.34,81.12,1471800
2024-08-06 20:00:00-04:00,82.09,83.11,79.97,80.04,1479900
2024-08-07 20:00:00-04:00,80.96,82.15,80.26,82.02,836500
2024-08-08 20:00:00-04:00,82.20,83.31,81.28,82.87,880800
2024-08-11 20:00:00-04:00,82.57,82.98,81.17,81.38,690800
2024-08-12 20:00:00-04:00,81.93,83.54,81.37,83.30,1303700
2024-08-13 20:00:00-04:00,83.29,83.50,81.54,81.65,1505100
2024-08-14 20:00:00-04:00,82.99,83.56,82.15,83.23,1665500
2024-08-15 20:00:00-04:00,83.19,83.98,82.81,83.01,1194400
2024-08-18 20:00:00-04:00,83.40,84.09,83.08,83.38,802200
2024-08-19 20:00:00-04:00,83.21,83.54,82.09,82.66,1134400
2024-08-20 20:00:00-04:00,83.01,83.70,82.43,83.31,1110900
2024-08-21 20:00:00-04:00,83.46,83.68,82.64,82.80,884700
2024-08-22 20:00:00-04:00,83.41,85.39,82.72,85.27,1159600
2024-08-25 20:00:00-04:00,85.70,85.90,84.65,85.11,679000
2024-08-26 20:00:00-04:00,84.71,85.31,83.93,84.29,849300
2024-08-27 20:00:00-04:00,84.36,84.90,84.08,84.43,717900
2024-08-28 20:00:00-04:00,85.25,86.49,84.17,85.44,1137500
2024-08-29 20:00:00-04:00,85.81,87.19,85.43,87.11,1530200
2024-09-02 20:00:00-04:00,86.38,87.22,84.30,84.93,1145200
2024-09-03 20:00:00-04:00,84.50,85.23,84.15,84.56,1001100
2024-09-04 20:00:00-04:00,84.47,85.63,82.94,83.64,1178400
2024-09-05 20:00:00-04:00,83.59,84.73,83.06,83.60,1068400
2024-09-08 20:00:00-04:00,84.14,85.48,84.14,84.98,1361600
2024-09-09 20:00:00-04:00,85.26,85.78,84.62,85.74,759000
2024-09-10 20:00:00-04:00,85.46,86.42,83.10,86.31,1097600
2024-09-11 20:00:00-04:00,86.40,89.37,86.18,89.18,1849400
2024-09-12 20:00:00-04:00,89.80,90.39,88.81,89.86,1181900
2024-09-15 20:00:00-04:00,90.30,91.39,89.29,91.29,1341200
2024-09-16 20:00:00-04:00,91.64,92.37,91.01,92.24,1359100
2024-09-17 20:00:00-04:00,92.36,93.71,91.37,91.81,1110600
2024-09-18 20:00:00-04:00,94.01,94.16,92.43,93.56,1867800
2024-09-19 20:00:00-04:00,92.89,93.56,92.21,93.11,2382000
2024-09-22 20:00:00-04:00,93.63,94.58,93.03,94.24,1083700
2024-09-23 20:00:00-04:00,94.38,95.11,93.93,94.90,1177500
2024-09-24 20:00:00-04:00,95.50,95.72,94.66,94.74,1204200
2024-09-25 20:00:00-04:00,95.93,96.48,95.24,95.79,1163900
2024-09-26 20:00:00-04:00,96.25,96.45,95.03,95.26,2167500
2024-09-29 20:00:00-04:00,95.00,96.12,94.30,96.05,2437200
2024-09-30 20:00:00-04:00,96.22,96.22,94.52,95.09,1396100
2024-10-01 20:00:00-04:00,94.66,95.18,93.25,93.31,2629800
2024-10-02 20:00:00-04:00,93.21,94.18,92.57,93.85,2065300
2024-10-03 20:00:00-04:00,94.68,94.80,93.17,94.17,1398200
2024-10-06 20:00:00-04:00,93.45,94.52,92.94,94.11,605100
2024-10-07 20:00:00-04:00,94.25,95.23,94.15,94.70,1816600
2024-10-08 20:00:00-04:00,94.95,95.72,94.78,95.26,620300
2024-10-09 20:00:00-04:00,94.65,94.96,94.01,94.53,2608100
2024-10-10 20:00:00-04:00,94.76,96.23,94.76,95.89,1776800
2024-10-13 20:00:00-04:00,96.15,97.20,95.30,97.06,1423000
2024-10-14 20:00:00-04:00,97.41,97.80,96.43,96.74,1424100
2024-10-15 20:00:00-04:00,97.26,98.17,96.99,97.71,1387200
2024-10-16 20:00:00-04:00,97.94,98.08,96.93,97.52,771600
2024-10-17 20:00:00-04:00,97.88,97.88,96.81,97.50,1445900
2024-10-20 20:00:00-04:00,97.37,98.07,96.62,96.83,1566800
2024-10-21 20:00:00-04:00,96.00,98.41,95.15,96.79,2792500
2024-10-22 20:00:00-04:00,96.25,96.72,95.14,96.48,1485900
2024-10-23 20:00:00-04:00,97.09,98.16,96.02,97.85,1871900
2024-10-24 20:00:00-04:00,98.45,99.43,97.11,97.42,1213400
2024-10-27 20:00:00-04:00,98.10,98.76,97.03,97.45,1100700
2024-10-28 20:00:00-04:00,96.50,98.01,95.45,97.56,1374700
2024-10-29 20:00:00-04:00,97.28,98.33,96.90,97.83,1070100
2024-10-30 20:00:00-04:00,97.31,98.32,96.58,97.58,2966900
2024-10-31 20:00:00-04:00,98.12,98.70,96.72,96.94,2289700
2024-11-03 19:00:00-05:00,97.51,99.72,97.20,98.10,1619300
2024-11-04 19:00:00-05:00,97.92,100.76,97.74,100.70,1390400
2024-11-05 19:00:00-05:00,105.34,105.65,99.20,101.30,2054100
2024-11-06 19:00:00-05:00,101.42,102.13,100.53,101.34,1173000
2024-11-07 19:00:00-05:00,101.03,103.38,100.68,102.73,1367900
2024-11-10 19:00:00-05:00,103.70,104.61,103.58,103.99,949400
2024-11-11 19:00:00-05:00,103.75,103.93,102.29,102.46,844200
2024-11-12 19:00:00-05:00,103.34,106.11,103.01,104.67,1361100
2024-11-13 19:00:00-05:00,104.57,104.97,103.55,104.22,1234100
2024-11-14 19:00:00-05:00,103.67,104.72,103.07,104.27,1162000
2024-11-17 19:00:00-05:00,103.92,104.60,103.56,104.23,653300
2024-11-18 19:00:00-05:00,103.08,103.62,102.24,103.12,982900
2024-11-19 19:00:00-05:00,103.47,103.84,101.96,102.55,1012900
2024-11-20 19:00:00-05:00,102.65,104.85,102.38,104.40,1220400
2024-11-21 19:00:00-05:00,104.74,105.54,104.41,105.27,1156100
2024-11-24 19:00:00-05:00,106.12,107.61,105.46,106.26,2533700
2024-11-25 19:00:00-05:00,106.49,107.49,105.75,107.42,1286400
2024-11-26 19:00:00-05:00,108.28,108.99,107.07,107.27,925000
2024-11-28 19:00:00-05:00,107.23,108.03,106.99,107.30,636100
2024-12-01 19:00:00-05:00,107.44,107.61,106.20,107.23,1304800
2024-12-02 19:00:00-05:00,107.64,107.76,106.45,107.14,902200
2024-12-03 19:00:00-05:00,106.93,107.73,106.20,107.07,1101300
2024-12-04 19:00:00-05:00,107.22,107.46,106.18,106.38,944100
2024-12-05 19:00:00-05:00,106.97,107.32,106.07,106.43,678700
2024-12-08 19:00:00-05:00,106.76,107.50,105.60,106.56,1113700
2024-12-09 19:00:00-05:00,106.90,107.45,105.31,106.19,1617100
2024-12-10 19:00:00-05:00,107.19,108.15,106.93,107.51,1059800
2024-12-11 19:00:00-05:00,107.23,108.02,105.99,106.61,1009200
2024-12-12 19:00:00-05:00,106.14,106.64,104.83,105.50,1070400
2024-12-15 19:00:00-05:00,105.50,106.39,105.13,106.12,1174000
2024-12-16 19:00:00-05:00,105.79,105.85,103.65,103.85,1169700
2024-12-17 19:00:00-05:00,104.37,104.37,99.53,99.60,1158700
2024-12-18 19:00:00-05:00,100.34,101.04,99.05,99.41,1234400
2024-12-19 19:00:00-05:00,99.05,100.90,98.89,100.37,2851300
2024-12-22 19:00:00-05:00,99.72,100.00,98.96,99.92,1413900
2024-12-23 19:00:00-05:00,99.79,100.91,99.79,100.76,266300
2024-12-25 19:00:00-05:00,100.27,101.31,100.23,100.86,626600
2024-12-26 19:00:00-05:00,100.03,100.94,99.02,99.57,642200
2024-12-29 19:00:00-05:00,98.66,99.41,97.44,98.82,1059300
2024-12-30 19:00:00-05:00,99.31,99.66,98.69,99.08,600300
2025-01-01 19:00:00-05:00,99.54,100.64,98.70,98.84,911800
2025-01-02 19:00:00-05:00,98.99,99.60,98.35,99.49,915500
2025-01-05 19:00:00-05:00,98.45,99.73,97.72,97.97,1150600
2025-01-06 19:00:00-05:00,98.00,98.47,96.59,97.15,939400
2025-01-07 19:00:00-05:00,96.83,97.98,96.19,97.92,919800
2025-01-09 19:00:00-05:00,96.70,96.99,95.24,95.46,1066400
2025-01-12 19:00:00-05:00,95.70,97.66,95.08,97.11,1073300
2025-01-13 19:00:00-05:00,97.89,99.36,97.68,98.72,994600
2025-01-14 19:00:00-05:00,101.18,101.78,99.77,99.99,1879800
2025-01-15 19:00:00-05:00,100.38,101.20,99.69,100.99,698600
2025-01-16 19:00:00-05:00,101.96,102.09,100.95,101.42,993900
2025-01-20 19:00:00-05:00,102.36,103.74,102.36,103.71,1056500
2025-01-21 19:00:00-05:00,103.69,104.42,102.63,103.06,883200
2025-01-22 19:00:00-05:00,103.06,103.26,102.12,102.73,1036300
2025-01-23 19:00:00-05:00,102.92,103.06,101.30,101.65,996800
2025-01-26 19:00:00-05:00,100.73,101.84,100.14,101.11,1493000
2025-01-27 19:00:00-05:00,101.11,101.42,99.89,101.38,2919600
2025-01-28 19:00:00-05:00,101.38,101.83,99.60,100.31,1234400
2025-01-29 19:00:00-05:00,101.27,102.39,100.56,102.10,1206500
2025-01-30 19:00:00-05:00,102.10,103.55,101.58,102.31,2402500
2025-02-02 19:00:00-05:00,100.16,102.38,99.18,101.28,2319700
2025-02-03 19:00:00-05:00,98.24,103.91,96.80,96.97,3492200
2025-02-04 19:00:00-05:00,97.83,99.01,96.73,97.40,2439800
2025-02-05 19:00:00-05:00,98.36,98.40,96.61,97.33,932000
2025-02-06 19:00:00-05:00,97.63,97.97,95.91,96.58,964700
2025-02-09 19:00:00-05:00,97.20,97.53,96.35,97.13,830100
2025-02-10 19:00:00-05:00,96.84,98.16,96.54,97.91,897600
2025-02-11 19:00:00-05:00,96.29,96.80,95.01,96.70,854400
2025-02-12 19:00:00-05:00,97.19,97.36,95.37,95.91,1572700
2025-02-13 19:00:00-05:00,96.19,96.58,95.26,95.46,1161900
2025-02-17 19:00:00-05:00,95.29,95.86,93.54,95.43,1830400
2025-02-18 19:00:00-05:00,94.88,95.35,93.87,94.90,1241000
2025-02-19 19:00:00-05:00,94.66,94.83,93.08,94.00,1006200
2025-02-20 19:00:00-05:00,94.21,94.21,90.84,91.72,1660800
2025-02-23 19:00:00-05:00,92.03,92.32,90.53,91.40,1564900
2025-02-24 19:00:00-05:00,91.65,92.71,91.21,92.11,1778900
2025-02-25 19:00:00-05:00,92.77,93.98,91.85,92.05,1094100
2025-02-26 19:00:00-05:00,92.13,92.88,91.56,91.76,1150900
2025-02-27 19:00:00-05:00,92.18,93.12,91.47,92.96,1928500
2025-03-02 19:00:00-05:00,93.65,94.05,90.20,90.53,1758100
2025-03-03 19:00:00-05:00,89.50,89.98,86.75,88.49,1725900
2025-03-04 19:00:00-05:00,88.84,90.48,88.58,89.99,1857400
2025-03-05 19:00:00-05:00,88.96,89.88,88.04,88.64,1428900
2025-03-06 19:00:00-05:00,88.32,88.46,85.15,87.19,3007600
2025-03-09 20:00:00-04:00,86.46,86.46,83.15,84.07,2872800
2025-03-10 20:00:00-04:00,83.99,85.66,83.33,84.93,2364200
2025-03-11 20:00:00-04:00,85.03,86.97,84.31,84.41,1545000
2025-03-12 20:00:00-04:00,84.34,85.06,82.66,82.89,1450900
2025-03-13 20:00:00-04:00,84.31,85.20,83.28,84.95,1514600
2025-03-16 20:00:00-04:00,84.68,86.43,84.58,86.02,1512400
2025-03-17 20:00:00-04:00,85.63,86.42,85.05,86.22,1678500
2025-03-18 20:00:00-04:00,85.96,88.44,85.81,87.89,1749400
2025-03-19 20:00:00-04:00,86.77,87.95,86.54,87.14,1477400
2025-03-20 20:00:00-04:00,86.41,86.63,85.33,86.27,3262900
2025-03-23 20:00:00-04:00,87.35,88.73,87.35,88.67,1226400
2025-03-24 20:00:00-04:00,90.13,91.20,89.12,90.00,1556900
2025-03-25 20:00:00-04:00,89.82,90.56,88.39,88.94,1635900
2025-03-26 20:00:00-04:00,88.71,88.92,87.26,88.13,1204400
2025-03-27 20:00:00-04:00,87.59,88.03,85.44,85.70,1068200
2025-03-30 20:00:00-04:00,84.91,87.08,83.48,86.33,1441000
2025-03-31 20:00:00-04:00,86.08,87.25,85.08,86.88,1706300
2025-04-01 20:00:00-04:00,85.78,88.31,85.45,87.92,911300
2025-04-02 20:00:00-04:00,84.31,84.31,80.22,80.47,2114200
2025-04-03 20:00:00-04:00,79.20,79.97,75.16,77.72,2765100
2025-04-06 20:00:00-04:00,75.35,80.25,73.85,76.51,3351300
2025-04-07 20:00:00-04:00,79.09,79.40,74.08,75.17,1895800
2025-04-08 20:00:00-04:00,74.04,83.45,73.27,82.92,3585600
2025-04-09 20:00:00-04:00,80.55,81.39,77.56,79.78,2733700
2025-04-10 20:00:00-04:00,79.89,81.51,78.68,81.11,2364900
2025-04-13 20:00:00-04:00,82.55,82.73,80.86,81.70,1449500
2025-04-14 20:00:00-04:00,81.92,82.62,81.04,81.23,985600
2025-04-15 20:00:00-04:00,80.59,81.12,78.75,79.66,1817800
2025-04-16 20:00:00-04:00,79.84,80.79,79.42,79.55,1473300
2025-04-20 20:00:00-04:00,78.66,79.38,76.92,78.16,2402800
2025-04-21 20:00:00-04:00,84.27,86.54,83.51,85.37,3661600
2025-04-22 20:00:00-04:00,88.12,91.04,86.45,86.86,2886100
2025-04-23 20:00:00-04:00,86.31,89.86,86.27,89.27,1673500
2025-04-24 20:00:00-04:00,89.20,90.00,88.55,89.09,884500
2025-04-27 20:00:00-04:00,89.07,90.43,88.41,89.08,1386300
2025-04-28 20:00:00-04:00,88.68,89.62,88.25,89.37,1709200
2025-04-29 20:00:00-04:00,88.24,90.21,87.45,89.81,1978900
2025-04-30 20:00:00-04:00,89.79,90.81,89.49,89.82,987300
2025-05-01 20:00:00-04:00,91.41,92.76,91.03,92.35,1189800
2025-05-04 20:00:00-04:00,91.54,92.64,91.44,92.10,1203100
2025-05-05 20:00:00-04:00,90.78,92.06,90.61,90.65,882700
2025-05-06 20:00:00-04:00,91.33,91.91,90.26,90.85,1000600
2025-05-07 20:00:00-04:00,91.68,93.68,91.46,92.59,1076500
2025-05-08 20:00:00-04:00,92.80,93.06,92.12,92.52,1195700
2025-05-11 20:00:00-04:00,96.07,97.40,95.80,97.17,1460600
2025-05-12 20:00:00-04:00,97.30,97.96,97.07,97.47,920700
2025-05-13 20:00:00-04:00,97.07,97.58,95.91,96.20,980200
2025-05-14 20:00:00-04:00,95.80,97.02,95.80,96.82,997200
2025-05-15 20:00:00-04:00,98.11,100.15,97.70,100.06,1558900
2025-05-18 20:00:00-04:00,98.25,99.94,97.84,99.80,1334700
2025-05-19 20:00:00-04:00,99.10,99.89,98.46,98.76,1048900
2025-05-20 20:00:00-04:00,97.58,98.31,96.18,96.35,1291300
2025-05-21 20:00:00-04:00,96.32,97.14,95.74,96.66,1106100
2025-05-22 20:00:00-04:00,94.89,96.19,94.58,95.81,1252400
2025-05-26 20:00:00-04:00,97.40,98.76,96.69,98.72,1225700
2025-05-27 20:00:00-04:00,98.69,98.98,97.74,97.81,737700
2025-05-28 20:00:00-04:00,98.50,98.83,97.57,98.57,805200
2025-05-29 20:00:00-04:00,98.01,98.45,97.13,98.18,2528500
2025-06-01 20:00:00-04:00,97.74,97.82,96.34,97.51,928700
2025-06-02 20:00:00-04:00,97.47,98.76,97.42,98.63,846100
2025-06-03 20:00:00-04:00,98.89,99.40,98.71,98.82,1030200
2025-06-04 20:00:00-04:00,98.85,99.23,98.09,98.70,996900
2025-06-05 20:00:00-04:00,99.89,99.94,97.80,98.54,1252400
2025-06-08 20:00:00-04:00,98.93,99.46,98.18,98.66,1018800
2025-06-09 20:00:00-04:00,98.99,99.13,98.31,98.95,991300
2025-06-10 20:00:00-04:00,99.14,99.46,98.13,98.21,755900
2025-06-11 20:00:00-04:00,97.35,98.36,97.13,97.91,781800
2025-06-12 20:00:00-04:00,96.52,97.05,95.36,95.64,761200
2025-06-15 20:00:00-04:00,96.81,97.40,96.27,96.77,714600
2025-06-16 20:00:00-04:00,95.91,96.71,94.86,95.26,1400100
2025-06-17 20:00:00-04:00,95.16,97.02,95.09,95.96,1277100
2025-06-19 20:00:00-04:00,96.73,97.28,95.62,96.29,2422300
2025-06-22 20:00:00-04:00,95.95,98.67,95.39,98.55,1395900
2025-06-23 20:00:00-04:00,98.99,100.36,98.86,100.21,1083800
2025-06-24 20:00:00-04:00,100.65,100.69,99.38,100.04,1038900
2025-06-25 20:00:00-04:00,100.48,101.79,100.48,101.60,1272400
2025-06-26 20:00:00-04:00,102.16,103.03,101.85,102.53,1827100
2025-06-29 20:00:00-04:00,102.39,102.75,100.80,101.62,1694600
2025-06-30 20:00:00-04:00,101.01,104.70,100.97,103.99,1758700
2025-07-01 20:00:00-04:00,103.70,105.37,103.14,104.79,1473200
2025-07-02 20:00:00-04:00,105.20,106.06,105.17,105.79,1008500
2025-07-06 20:00:00-04:00,105.16,105.83,103.57,103.94,1735200
2025-07-07 20:00:00-04:00,104.16,105.05,104.02,104.71,1385900
2025-07-08 20:00:00-04:00,105.39,105.92,104.18,105.82,2483700
2025-07-09 20:00:00-04:00,105.96,107.49,105.64,106.59,1712800
2025-07-10 20:00:00-04:00,105.74,106.46,105.38,106.00,1427800
2025-07-13 20:00:00-04:00,105.50,105.87,104.79,105.66,653900
2025-07-14 20:00:00-04:00,106.22,106.28,103.65,103.71,1161300
2025-07-15 20:00:00-04:00,104.03,104.19,101.99,103.81,1742800
2025-07-16 20:00:00-04:00,103.78,105.88,103.27,105.62,1439700
2025-07-17 20:00:00-04:00,106.00,106.00,104.48,105.25,1947800
2025-07-20 20:00:00-04:00,105.80,105.80,104.04,104.04,2524300
2025-07-21 20:00:00-04:00,99.83,104.63,96.65,104.05,5418000
2025-07-22 20:00:00-04:00,104.10,105.12,101.55,102.82,3301600
2025-07-23 20:00:00-04:00,102.37,102.65,101.43,102.05,2828200
2025-07-24 20:00:00-04:00,102.46,102.83,101.75,102.28,1757400
2025-07-27 20:00:00-04:00,102.25,102.69,101.39,102.54,1451600
2025-07-28 20:00:00-04:00,102.27,102.43,100.82,101.55,1783000
2025-07-29 20:00:00-04:00,101.86,101.96,99.67,100.51,1984700
2025-07-30 20:00:00-04:00,100.19,102.28,100.02,101.41,2856900
2025-07-31 20:00:00-04:00,99.75,100.78,98.90,99.84,1752600
2025-08-03 20:00:00-04:00,100.55,101.82,100.10,101.42,1455800
2025-08-04 20:00:00-04:00,102.18,103.65,101.20,103.42,2143100
2025-08-05 20:00:00-04:00,103.59,103.64,101.71,101.75,1531100
2025-08-06 20:00:00-04:00,102.89,103.25,100.83,101.27,1100200
2025-08-07 20:00:00-04:00,101.66,103.36,101.53,101.92,1146600
2025-08-10 20:00:00-04:00,102.06,102.66,101.74,102.08,1014800
2025-08-11 20:00:00-04:00,102.98,105.40,102.50,105.30,2074500
2025-08-12 20:00:00-04:00,106.08,108.29,105.66,108.16,1801400
2025-08-13 20:00:00-04:00,107.13,107.30,105.00,105.80,1162600
2025-08-14 20:00:00-04:00,105.81,105.91,103.98,104.16,1021700
2025-08-17 20:00:00-04:00,104.21,105.10,103.66,104.78,1246700
2025-08-18 20:00:00-04:00,105.04,106.45,104.81,106.25,1196000
2025-08-19 20:00:00-04:00,105.76,106.01,104.11,104.22,1242200
2025-08-20 20:00:00-04:00,103.81,104.44,103.43,103.63,741000
2025-08-21 20:00:00-04:00,104.58,108.35,103.69,107.76,1258000
2025-08-24 20:00:00-04:00,107.63,107.72,106.77,107.09,923700
2025-08-25 20:00:00-04:00,107.10,108.67,106.94,108.32,1825500
2025-08-26 20:00:00-04:00,107.77,108.94,107.68,108.49,1163500
2025-08-27 20:00:00-04:00,109.06,109.13,107.70,108.33,817100
2025-08-28 20:00:00-04:00,108.18,108.57,106.42,106.69,1049000
2025-09-01 20:00:00-04:00,105.27,105.60,104.44,105.46,1111100
2025-09-02 20:00:00-04:00,105.32,106.09,104.64,106.01,934800
2025-09-03 20:00:00-04:00,106.23,109.23,105.93,109.20,1245700
2025-09-04 20:00:00-04:00,110.23,110.93,108.94,109.78,1118600
2025-09-07 20:00:00-04:00,109.77,110.11,108.83,109.82,955600
2025-09-08 20:00:00-04:00,109.49,109.77,107.01,108.28,1062300
2025-09-09 20:00:00-04:00,108.13,109.72,107.80,108.41,785000
2025-09-10 20:00:00-04:00,108.40,112.03,107.79,111.71,1106700
2025-09-11 20:00:00-04:00,111.48,111.64,110.00,110.09,915200
2025-09-14 20:00:00-04:00,110.09,110.63,109.45,109.79,899100
2025-09-15 20:00:00-04:00,109.76,110.30,108.80,110.15,1183400
2025-09-16 20:00:00-04:00,110.29,111.47,107.98,108.61,1628300
2025-09-17 20:00:00-04:00,109.24,112.03,109.08,110.65,1099700
2025-09-18 20:00:00-04:00,110.66,111.38,109.02,109.44,2172900
2025-09-21 20:00:00-04:00,109.08,109.70,108.62,109.23,790400
2025-09-22 20:00:00-04:00,109.78,110.36,108.61,109.23,834800
2025-09-23 20:00:00-04:00,109.15,109.23,107.18,108.15,1287500
2025-09-24 20:00:00-04:00,107.15,107.77,106.74,107.47,724600
2025-09-25 20:00:00-04:00,107.76,109.14,107.67,108.91,689600
2025-09-28 20:00:00-04:00,109.74,110.09,108.27,108.79,872700
2025-09-29 20:00:00-04:00,108.81,109.99,108.29,109.90,1129900
2025-09-30 20:00:00-04:00,109.31,109.98,108.62,109.64,798700
2025-10-01 20:00:00-04:00,110.07,111.81,109.41,111.49,1095300
2025-10-02 20:00:00-04:00,111.60,113.06,111.28,111.36,732100
2025-10-05 20:00:00-04:00,111.66,112.15,110.65,111.18,1083000
2025-10-06 20:00:00-04:00,111.71,111.93,109.43,109.80,864800
2025-10-07 20:00:00-04:00,110.27,111.33,109.35,110.93,1121000
2025-10-08 20:00:00-04:00,111.39,111.39,108.30,109.00,978000
2025-10-09 20:00:00-04:00,109.68,110.35,106.12,106.38,1477500
2025-10-12 20:00:00-04:00,107.50,108.55,107.16,107.98,928700
2025-10-13 20:00:00-04:00,106.86,109.91,106.42,109.55,996500
2025-10-14 20:00:00-04:00,110.70,111.26,108.03,109.45,994400
2025-10-15 20:00:00-04:00,110.10,110.72,107.12,107.85,1196900
2025-10-16 20:00:00-04:00,107.14,109.14,106.72,107.94,1260600
2025-10-19 20:00:00-04:00,109.03,110.00,108.17,108.45,1479800
2025-10-20 20:00:00-04:00,106.86,108.93,103.05,108.17,2260100
2025-10-21 20:00:00-04:00,108.54,110.28,107.96,108.49,2011300
2025-10-22 20:00:00-04:00,109.17,110.58,107.31,109.84,1421900
2025-10-23 20:00:00-04:00,111.32,111.32,108.69,109.12,1040000
2025-10-26 20:00:00-04:00,110.29,110.29,108.09,108.53,2410100
2025-10-27 20:00:00-04:00,108.55,109.03,106.87,108.27,937000
2025-10-28 20:00:00-04:00,108.62,109.51,106.40,107.02,1337500
2025-10-29 20:00:00-04:00,106.77,108.55,106.28,106.55,889800
2025-10-30 20:00:00-04:00,106.38,107.21,105.26,105.76,1578600
2025-11-02 19:00:00-05:00,105.28,106.51,104.07,106.25,1312700
2025-11-03 19:00:00-05:00,105.61,106.89,104.85,106.59,1319400
2025-11-04 19:00:00-05:00,106.10,107.88,105.27,107.35,1139800
2025-11-05 19:00:00-05:00,107.48,108.54,105.61,106.07,1141000
2025-11-06 19:00:00-05:00,105.17,107.29,104.32,106.77,1023400
2025-11-09 19:00:00-05:00,107.27,109.23,106.93,108.09,1304400
2025-11-10 19:00:00-05:00,108.29,108.43,106.96,107.64,549500
2025-11-11 19:00:00-05:00,107.82,109.28,107.82,108.08,878100
2025-11-12 19:00:00-05:00,107.36,108.75,105.89,106.16,780100
2025-11-13 19:00:00-05:00,104.79,105.44,103.47,103.75,1239600
2025-11-16 19:00:00-05:00,103.79,104.00,101.02,101.27,988600
2025-11-17 19:00:00-05:00,100.76,102.19,100.31,101.56,1391900
2025-11-18 19:00:00-05:00,101.61,102.42,100.94,101.95,860600
2025-11-19 19:00:00-05:00,103.73,103.73,100.82,100.92,1167800
2025-11-20 19:00:00-05:00,101.87,105.63,101.66,104.21,2848900
2025-11-23 19:00:00-05:00,104.19,104.38,102.77,103.53,2107300
2025-11-24 19:00:00-05:00,104.39,106.18,103.73,105.44,1180600
2025-11-25 19:00:00-05:00,104.95,106.32,104.33,105.49,1080400
2025-11-27 19:00:00-05:00,105.99,105.99,104.51,104.66,848300
2025-11-30 19:00:00-05:00,103.75,105.62,103.21,104.48,1542300
2025-12-01 19:00:00-05:00,105.29,105.29,103.55,104.58,1013200
2025-12-02 19:00:00-05:00,104.80,106.09,104.52,105.88,851300
2025-12-03 19:00:00-05:00,105.28,105.41,103.60,104.31,1199400
2025-12-04 19:00:00-05:00,104.15,104.97,103.39,103.67,777200
2025-12-07 19:00:00-05:00,103.69,104.83,102.24,103.67,924700
2025-12-08 19:00:00-05:00,103.31,103.96,101.14,101.30,1675500
2025-12-09 19:00:00-05:00,102.87,105.10,102.19,104.67,1618000
2025-12-10 19:00:00-05:00,104.24,105.81,104.24,105.30,1218800
2025-12-11 19:00:00-05:00,105.91,106.88,104.88,105.42,1086000
2025-12-14 19:00:00-05:00,105.79,105.79,103.87,104.46,1064300
2025-12-15 19:00:00-05:00,106.90,107.49,103.45,103.82,1070600
2025-12-16 19:00:00-05:00,103.37,105.36,102.59,103.09,1077700
2025-12-17 19:00:00-05:00,103.86,104.08,102.28,102.83,1166500
2025-12-18 19:00:00-05:00,102.46,103.35,102.03,103.30,2997200
2025-12-21 19:00:00-05:00,103.30,104.90,103.30,104.69,946400
2025-12-22 19:00:00-05:00,104.71,105.50,104.29,104.89,743200
2025-12-23 19:00:00-05:00,105.07,105.34,104.63,104.80,281600
2025-12-25 19:00:00-05:00,105.09,105.30,104.60,105.10,379000
2025-12-28 19:00:00-05:00,105.25,105.52,104.71,105.21,535500
2025-12-29 19:00:00-05:00,104.89,105.45,104.34,105.19,561300
2025-12-30 19:00:00-05:00,105.19,105.38,103.50,103.56,627400
2026-01-01 19:00:00-05:00,103.64,105.10,103.14,104.89,807400
2026-01-04 19:00:00-05:00,102.17,103.47,100.69,102.10,2133600
2026-01-05 19:00:00-05:00,101.39,104.63,100.12,103.89,1887300
2026-01-06 19:00:00-05:00,103.08,103.87,98.87,99.51,2496500
2026-01-07 19:00:00-05:00,99.00,103.18,98.56,102.49,2945400
2026-01-08 19:00:00-05:00,103.01,103.18,99.90,102.49,1915300
2026-01-11 19:00:00-05:00,102.34,103.54,101.52,102.51,1616800
2026-01-12 19:00:00-05:00,103.11,103.98,101.64,102.67,1641100
2026-01-13 19:00:00-05:00,102.36,103.54,102.10,103.50,2476500
2026-01-14 19:00:00-05:00,104.44,106.84,104.05,106.38,1558100
2026-01-15 19:00:00-05:00,106.00,107.07,105.76,106.71,1787900
2026-01-19 19:00:00-05:00,104.81,105.44,102.75,103.75,1456800
2026-01-20 19:00:00-05:00,104.84,107.48,104.07,106.56,1048800
2026-01-21 19:00:00-05:00,107.47,108.49,106.79,107.54,1602400
2026-01-22 19:00:00-05:00,107.73,108.18,106.45,107.22,834500
2026-01-25 19:00:00-05:00,107.55,108.06,107.13,107.69,1156100
2026-01-26 19:00:00-05:00,108.21,108.21,106.48,107.27,1568800
2026-01-27 19:00:00-05:00,106.76,107.17,103.78,104.85,1770400
2026-01-28 19:00:00-05:00,105.76,106.75,103.95,105.59,2658200
2026-01-29 19:00:00-05:00,105.04,105.83,103.91,105.05,1797500
2026-02-01 19:00:00-05:00,105.36,107.26,104.81,105.19,3192900
2026-02-02 19:00:00-05:00,102.42,103.91,93.68,94.50,7580400
2026-02-03 19:00:00-05:00,95.62,98.42,92.64,96.98,4786300
2026-02-04 19:00:00-05:00,96.37,96.45,93.99,94.68,2415500
2026-02-05 19:00:00-05:00,95.63,97.79,95.42,97.05,1597300
2026-02-08 19:00:00-05:00,96.61,98.45,96.34,97.22,1849400
2026-02-09 19:00:00-05:00,97.33,98.78,96.60,98.32,1304900
2026-02-10 19:00:00-05:00,98.86,100.54,98.27,100.21,1720300
2026-02-11 19:00:00-05:00,100.83,102.87,99.13,99.46,1881600
2026-02-12 19:00:00-05:00,99.70,101.44,99.58,101.06,1550400
2026-02-16 19:00:00-05:00,101.25,101.53,98.78,99.46,1621800
2026-02-17 19:00:00-05:00,99.36,101.71,99.36,101.48,1513900
2026-02-18 19:00:00-05:00,100.70,101.48,99.53,100.17,1380400
2026-02-19 19:00:00-05:00,99.97,103.10,99.96,101.72,1422100
2026-02-22 19:00:00-05:00,102.07,102.48,100.21,101.35,1304500
2026-02-23 19:00:00-05:00,101.69,102.84,101.00,102.62,1494800
2026-02-24 19:00:00-05:00,102.91,103.87,100.46,100.51,1336500
2026-02-25 19:00:00-05:00,100.77,101.41,98.82,100.13,1758700
2026-02-26 19:00:00-05:00,98.80,99.43,98.04,98.89,1931500
2026-03-01 19:00:00-05:00,97.36,98.62,95.90,97.82,1284000
2026-03-02 19:00:00-05:00,95.46,97.80,94.52,97.27,1726200
2026-03-03 19:00:00-05:00,97.40,97.92,95.39,96.64,2237600
2026-03-04 19:00:00-05:00,96.00,96.78,94.00,95.68,1991700
2026-03-05 19:00:00-05:00,95.48,95.48,91.76,91.89,1270400
2026-03-08 20:00:00-04:00,90.36,92.41,88.46,91.92,1467000
2026-03-09 20:00:00-04:00,92.20,92.31,89.85,89.89,1538000
2026-03-10 20:00:00-04:00,89.55,90.62,88.26,90.59,1858100
2026-03-11 20:00:00-04:00,89.38,90.75,87.94,88.04,1481600
2026-03-12 20:00:00-04:00,88.85,89.53,87.74,88.02,1304100
2026-03-15 20:00:00-04:00,89.14,89.92,87.99,88.52,1083000
2026-03-16 20:00:00-04:00,89.39,89.96,88.35,89.09,922400
2026-03-17 20:00:00-04:00,88.18,89.95,87.89,88.00,1375500
2026-03-18 20:00:00-04:00,86.93,88.92,86.03,88.22,1771600
2026-03-19 20:00:00-04:00,87.52,88.02,85.64,86.23,2182400
2026-03-22 20:00:00-04:00,88.77,90.02,87.86,88.17,1346900
2026-03-23 20:00:00-04:00,86.96,88.81,86.58,87.31,1435300
2026-03-24 20:00:00-04:00,88.76,89.02,85.67,87.34,2061200
2026-03-25 20:00:00-04:00,87.14,87.87,85.47,85.67,2034900
2026-03-26 20:00:00-04:00,84.75,86.20,83.95,84.66,1365300
2026-03-29 20:00:00-04:00,85.68,85.68,83.35,83.73,1310200
2026-03-30 20:00:00-04:00,85.49,88.31,84.88,86.84,1269100
2026-03-31 20:00:00-04:00,86.72,87.75,86.41,86.50,1289000
2026-04-01 20:00:00-04:00,84.76,87.85,83.78,85.56,1049100
2026-04-05 20:00:00-04:00,85.20,86.26,84.84,86.23,816100
2026-04-06 20:00:00-04:00,85.79,87.23,85.36,86.80,1302000
2026-04-07 20:00:00-04:00,90.16,91.68,89.42,90.25,1570700
2026-04-08 20:00:00-04:00,89.52,91.00,89.21,90.18,1628000
2026-04-09 20:00:00-04:00,90.52,90.79,89.64,89.94,1477100
2026-04-12 20:00:00-04:00,89.93,90.92,88.52,90.92,1173500
2026-04-13 20:00:00-04:00,90.94,91.21,89.88,90.53,1403000
2026-04-14 20:00:00-04:00,90.13,90.27,87.71,88.08,1172100
2026-04-15 20:00:00-04:00,88.24,89.05,87.87,88.47,1211400
2026-04-16 20:00:00-04:00,89.67,92.31,89.41,91.08,1925400
2026-04-19 20:00:00-04:00,89.94,90.60,89.27,90.43,1025800
2026-04-20 20:00:00-04:00,91.29,91.63,89.89,89.99,1067100
2026-04-21 20:00:00-04:00,90.67,90.72,89.02,89.60,1374200
2026-04-22 20:00:00-04:00,89.89,91.53,89.57,90.48,1387700
2026-04-23 20:00:00-04:00,89.75,92.55,89.75,91.75,2558000
2026-04-26 20:00:00-04:00,92.36,94.17,92.05,92.27,3195300
2026-04-27 20:00:00-04:00,89.00,89.84,81.33,82.86,6241300
2026-04-28 20:00:00-04:00,82.89,83.05,80.50,80.84,3138300
2026-04-29 20:00:00-04:00,81.42,81.63,79.49,80.71,3738000
2026-04-30 20:00:00-04:00,81.27,82.00,79.07,79.10,1915500
2026-05-03 20:00:00-04:00,78.65,79.27,77.02,77.08,2346200
2026-05-04 20:00:00-04:00,77.67,78.65,77.35,77.84,1571800
2026-05-05 20:00:00-04:00,79.09,81.06,79.09,79.91,2327500
2026-05-06 20:00:00-04:00,80.24,81.12,78.83,78.96,1899400
2026-05-07 20:00:00-04:00,79.29,79.93,76.69,76.82,1436000
2026-05-10 20:00:00-04:00,77.17,77.92,75.64,75.83,1477300
2026-05-11 20:00:00-04:00,75.83,76.05,74.51,75.26,3047100
2026-05-12 20:00:00-04:00,74.69,75.24,73.47,73.63,1317800
2026-05-13 20:00:00-04:00,74.20,75.50,74.00,74.88,1559000
2026-05-14 20:00:00-04:00,74.08,74.62,72.60,72.68,1644500
2026-05-17 20:00:00-04:00,72.64,73.51,72.21,73.41,2015900
2026-05-18 20:00:00-04:00,72.88,73.24,71.62,71.99,1370600
2026-05-19 20:00:00-04:00,71.86,74.42,70.73,74.19,1880000
2026-05-20 20:00:00-04:00,73.45,74.81,72.37,74.43,2109000
2026-05-21 20:00:00-04:00,74.71,75.15,74.02,74.82,987100
2026-05-25 20:00:00-04:00,75.27,75.66,72.92,73.54,2339600
2026-05-26 20:00:00-04:00,73.32,74.19,71.67,72.45,2693900
2026-05-27 20:00:00-04:00,71.35,72.15,70.59,71.33,3451400
2026-05-28 20:00:00-04:00,71.55,72.35,70.77,70.84,6229500
2026-05-31 20:00:00-04:00,70.43,71.50,69.93,70.80,2426300
2026-06-01 20:00:00-04:00,70.63,71.57,70.18,71.26,2735700
2026-06-02 20:00:00-04:00,71.80,71.83,70.84,71.45,2705500
2026-06-03 20:00:00-04:00,72.16,72.92,71.88,72.85,2850000
2026-06-04 20:00:00-04:00,72.84,73.88,72.48,73.15,2265200
2026-06-07 20:00:00-04:00,72.77,73.88,72.71,72.72,2282900
2026-06-08 20:00:00-04:00,73.57,74.90,73.18,74.58,1849700
2026-06-09 20:00:00-04:00,74.19,74.19,71.30,71.40,1364100
2026-06-10 20:00:00-04:00,71.63,72.66,70.77,72.57,1464800
2026-06-11 20:00:00-04:00,73.81,74.33,72.82,73.80,1682400
2026-06-14 20:00:00-04:00,75.00,76.58,74.13,74.21,1590100
2026-06-15 20:00:00-04:00,74.71,75.66,74.50,75.20,1831800
2026-06-16 20:00:00-04:00,75.00,76.30,73.12,73.39,1595300
2026-06-17 20:00:00-04:00,75.15,75.80,74.29,74.32,3889800
2026-06-21 20:00:00-04:00,74.07,74.73,73.53,74.03,1643000
2026-06-22 20:00:00-04:00,73.26,74.33,72.54,73.16,1493800
2026-06-23 20:00:00-04:00,73.42,75.98,73.42,74.81,2735200
2026-06-24 20:00:00-04:00,75.92,77.69,74.85,76.00,4815700
2026-06-25 20:00:00-04:00,76.50,77.24,76.00,76.42,2456200
2026-06-28 20:00:00-04:00,76.34,76.87,75.67,76.30,1585700
