Date,Open,High,Low,Close,Volume
2018-07-01 20:00:00-04:00,163.68,165.00,161.38,163.30,710700
2018-07-02 20:00:00-04:00,163.47,166.62,162.55,165.54,578000
2018-07-04 20:00:00-04:00,165.53,168.06,165.13,167.90,717500
2018-07-05 20:00:00-04:00,168.21,169.48,166.87,167.54,933300
2018-07-08 20:00:00-04:00,167.67,167.67,163.68,165.68,1002000
2018-07-09 20:00:00-04:00,166.18,167.60,165.19,166.45,882000
2018-07-10 20:00:00-04:00,166.06,166.97,165.31,165.63,818000
2018-07-11 20:00:00-04:00,166.13,166.31,165.18,165.60,757300
2018-07-12 20:00:00-04:00,165.90,166.47,164.27,164.56,500600
2018-07-15 20:00:00-04:00,163.06,163.58,161.26,162.72,842700
2018-07-16 20:00:00-04:00,163.16,163.39,158.32,158.53,1525100
2018-07-17 20:00:00-04:00,158.41,159.22,157.13,158.11,972900
2018-07-18 20:00:00-04:00,158.11,161.17,158.00,160.50,953100
2018-07-19 20:00:00-04:00,160.50,160.50,158.89,160.26,590900
2018-07-22 20:00:00-04:00,159.92,160.42,158.70,159.17,561800
2018-07-23 20:00:00-04:00,158.99,159.62,157.87,158.25,890500
2018-07-24 20:00:00-04:00,158.71,159.03,157.88,158.49,1085000
2018-07-25 20:00:00-04:00,159.28,159.90,157.67,158.06,853200
2018-07-26 20:00:00-04:00,158.71,158.71,154.75,155.38,1127500
2018-07-29 20:00:00-04:00,156.04,156.48,154.47,154.76,1116300
2018-07-30 20:00:00-04:00,155.34,157.32,154.98,157.16,2450300
2018-07-31 20:00:00-04:00,152.24,157.22,151.79,156.91,2014200
2018-08-01 20:00:00-04:00,145.06,153.03,145.06,151.66,2055000
2018-08-02 20:00:00-04:00,152.09,155.48,152.05,154.38,1604800
2018-08-05 20:00:00-04:00,154.38,156.23,154.02,155.71,790100
2018-08-06 20:00:00-04:00,155.73,156.88,155.01,156.45,680800
2018-08-07 20:00:00-04:00,156.51,157.90,155.87,156.72,857200
2018-08-08 20:00:00-04:00,156.93,157.41,155.24,155.69,675000
2018-08-09 20:00:00-04:00,155.26,156.73,154.56,154.93,526700
2018-08-12 20:00:00-04:00,154.92,156.21,154.54,155.26,499300
2018-08-13 20:00:00-04:00,155.06,156.25,154.80,155.79,670500
2018-08-14 20:00:00-04:00,156.10,158.35,155.60,158.16,831900
2018-08-15 20:00:00-04:00,158.10,159.85,157.84,159.35,710000
2018-08-16 20:00:00-04:00,159.85,161.49,159.41,161.30,1388100
2018-08-19 20:00:00-04:00,161.23,162.54,160.19,160.52,695100
2018-08-20 20:00:00-04:00,160.41,160.68,159.26,159.35,635800
2018-08-21 20:00:00-04:00,155.49,156.43,151.49,152.26,1547100
2018-08-22 20:00:00-04:00,152.23,152.92,152.02,152.72,657200
2018-08-23 20:00:00-04:00,152.72,154.46,152.59,153.89,451800
2018-08-26 20:00:00-04:00,154.34,154.86,152.14,153.67,769900
2018-08-27 20:00:00-04:00,153.69,154.91,152.54,154.87,712700
2018-08-28 20:00:00-04:00,154.97,155.00,153.30,153.45,673000
2018-08-29 20:00:00-04:00,153.53,153.76,152.23,152.70,886200
2018-08-30 20:00:00-04:00,152.96,154.05,152.53,153.37,973000
2018-09-03 20:00:00-04:00,153.61,154.48,153.25,153.75,1090500
2018-09-04 20:00:00-04:00,153.42,155.81,152.68,155.62,805000
2018-09-05 20:00:00-04:00,155.85,156.52,154.91,154.94,715300
2018-09-06 20:00:00-04:00,154.04,154.18,150.67,150.87,972600
2018-09-09 20:00:00-04:00,152.03,153.30,151.79,152.75,867700
2018-09-10 20:00:00-04:00,152.17,153.42,151.63,151.75,699000
2018-09-11 20:00:00-04:00,151.68,153.62,150.91,152.79,759400
2018-09-12 20:00:00-04:00,153.32,153.84,152.56,152.90,843800
2018-09-13 20:00:00-04:00,152.44,152.59,149.61,150.47,1009100
2018-09-16 20:00:00-04:00,150.68,152.04,150.01,151.66,997000
2018-09-17 20:00:00-04:00,151.74,152.35,149.43,149.64,700600
2018-09-18 20:00:00-04:00,149.88,149.88,148.02,148.66,864900
2018-09-19 20:00:00-04:00,148.93,149.43,147.90,149.33,660000
2018-09-20 20:00:00-04:00,149.09,150.00,148.39,148.75,1308200
2018-09-23 20:00:00-04:00,148.79,149.01,146.41,147.08,893800
2018-09-24 20:00:00-04:00,147.57,148.86,147.22,147.39,668500
2018-09-25 20:00:00-04:00,147.75,148.19,146.37,146.51,722600
2018-09-26 20:00:00-04:00,146.76,147.44,145.05,145.30,771800
2018-09-27 20:00:00-04:00,145.50,146.94,145.24,146.86,937400
2018-09-30 20:00:00-04:00,147.28,147.28,145.05,145.08,639600
2018-10-01 20:00:00-04:00,145.45,146.28,145.11,145.85,576500
2018-10-02 20:00:00-04:00,146.10,146.63,142.50,143.99,1166100
2018-10-03 20:00:00-04:00,143.06,144.14,141.88,144.04,879200
2018-10-04 20:00:00-04:00,144.33,145.62,143.76,144.95,1307500
2018-10-07 20:00:00-04:00,145.10,147.50,145.03,146.54,986900
2018-10-08 20:00:00-04:00,146.73,146.73,145.49,146.36,849700
2018-10-09 20:00:00-04:00,146.07,147.20,144.62,144.71,675700
2018-10-10 20:00:00-04:00,145.59,145.67,142.27,142.53,1177800
2018-10-11 20:00:00-04:00,142.91,143.79,141.69,143.38,1154900
2018-10-14 20:00:00-04:00,143.01,145.85,142.99,144.41,669100
2018-10-15 20:00:00-04:00,144.55,145.51,144.01,145.03,840700
2018-10-16 20:00:00-04:00,145.01,145.31,143.28,144.31,742500
2018-10-17 20:00:00-04:00,144.29,145.44,143.36,144.32,807300
2018-10-18 20:00:00-04:00,144.54,146.15,143.45,145.64,1182600
2018-10-21 20:00:00-04:00,146.03,147.25,143.07,143.18,819100
2018-10-22 20:00:00-04:00,143.02,145.05,141.37,143.94,1376000
2018-10-23 20:00:00-04:00,144.32,148.14,143.57,146.19,1066500
2018-10-24 20:00:00-04:00,145.57,148.08,144.93,146.93,776100
2018-10-25 20:00:00-04:00,147.12,147.69,144.60,146.27,1003300
2018-10-28 20:00:00-04:00,147.25,150.56,146.98,150.07,1333400
2018-10-29 20:00:00-04:00,150.04,153.10,149.37,151.29,1984500
2018-10-30 20:00:00-04:00,151.65,154.05,149.12,149.66,1885900
2018-10-31 20:00:00-04:00,149.92,152.22,149.19,150.12,883800
2018-11-01 20:00:00-04:00,150.04,150.04,144.01,145.11,1797700
2018-11-04 19:00:00-05:00,145.21,147.85,145.21,146.84,1212200
2018-11-05 19:00:00-05:00,147.07,148.18,146.97,147.71,1051700
2018-11-06 19:00:00-05:00,148.22,148.71,146.67,148.19,1120800
2018-11-07 19:00:00-05:00,147.77,149.38,147.41,149.34,845700
2018-11-08 19:00:00-05:00,149.48,151.44,149.39,150.30,839700
2018-11-11 19:00:00-05:00,150.68,153.06,150.68,151.37,775100
2018-11-12 19:00:00-05:00,151.33,152.16,150.20,151.78,664200
2018-11-13 19:00:00-05:00,152.19,153.71,151.81,152.32,808000
2018-11-14 19:00:00-05:00,151.81,152.42,150.74,151.03,901900
2018-11-15 19:00:00-05:00,150.88,153.99,150.50,153.96,828100
2018-11-18 19:00:00-05:00,154.20,155.22,152.94,154.46,731200
2018-11-19 19:00:00-05:00,155.03,156.59,153.24,153.85,892900
2018-11-20 19:00:00-05:00,153.20,154.17,152.00,152.01,677700
2018-11-22 19:00:00-05:00,152.16,152.16,150.77,151.25,336600
2018-11-25 19:00:00-05:00,151.62,151.79,150.25,150.52,802500
2018-11-26 19:00:00-05:00,150.82,152.12,149.69,151.94,671000
2018-11-27 19:00:00-05:00,151.74,153.76,151.47,153.23,657600
2018-11-28 19:00:00-05:00,153.22,155.24,152.03,154.31,865100
2018-11-29 19:00:00-05:00,155.00,155.35,153.42,155.33,1703900
2018-12-02 19:00:00-05:00,155.32,156.15,153.63,154.72,1355900
2018-12-03 19:00:00-05:00,154.81,157.40,153.72,154.28,1086200
2018-12-05 19:00:00-05:00,153.72,157.84,152.95,157.50,2026100
2018-12-06 19:00:00-05:00,157.09,157.10,154.81,155.97,1486700
2018-12-09 19:00:00-05:00,156.06,156.39,153.92,155.83,774500
2018-12-10 19:00:00-05:00,156.63,157.69,154.92,154.94,1623000
2018-12-11 19:00:00-05:00,155.19,156.08,150.15,150.20,1619400
2018-12-12 19:00:00-05:00,148.70,150.87,145.97,146.35,2154500
2018-12-13 19:00:00-05:00,146.40,150.04,146.21,149.60,1598700
2018-12-16 19:00:00-05:00,149.63,150.21,146.43,146.73,1642900
2018-12-17 19:00:00-05:00,147.53,150.84,147.53,150.09,1515600
2018-12-18 19:00:00-05:00,149.89,151.17,148.70,149.44,1186900
2018-12-19 19:00:00-05:00,149.00,150.84,147.83,149.20,1364100
2018-12-20 19:00:00-05:00,149.91,153.91,148.72,149.47,2540500
2018-12-23 19:00:00-05:00,149.29,150.00,144.57,144.60,829300
2018-12-25 19:00:00-05:00,144.66,147.54,143.91,147.34,1014400
2018-12-26 19:00:00-05:00,147.34,148.42,143.89,148.31,1036100
2018-12-27 19:00:00-05:00,149.15,150.79,147.84,148.45,1208400
2018-12-30 19:00:00-05:00,148.66,149.11,147.13,148.82,1215100
2019-01-01 19:00:00-05:00,147.71,147.93,142.56,143.42,1222700
2019-01-02 19:00:00-05:00,143.46,147.53,143.42,146.17,1217000
2019-01-03 19:00:00-05:00,145.89,147.31,144.20,144.55,978500
2019-01-06 19:00:00-05:00,144.40,145.89,143.47,144.14,732700
2019-01-07 19:00:00-05:00,143.79,146.75,143.79,146.73,1135600
2019-01-08 19:00:00-05:00,147.49,147.53,144.37,145.71,713100
2019-01-09 19:00:00-05:00,146.04,148.75,145.80,147.72,964500
2019-01-10 19:00:00-05:00,147.78,148.51,147.12,147.56,829100
2019-01-13 19:00:00-05:00,147.66,149.33,146.87,147.75,741300
2019-01-14 19:00:00-05:00,148.00,150.14,147.86,150.00,484500
2019-01-15 19:00:00-05:00,149.54,150.60,148.24,150.22,556900
2019-01-16 19:00:00-05:00,149.97,150.96,149.14,150.68,483100
2019-01-17 19:00:00-05:00,150.72,150.72,148.83,149.35,669700
2019-01-21 19:00:00-05:00,149.53,149.62,146.98,148.16,919400
2019-01-22 19:00:00-05:00,147.89,148.50,145.89,148.39,918200
2019-01-23 19:00:00-05:00,148.69,150.45,147.97,148.98,630800
2019-01-24 19:00:00-05:00,149.14,151.22,149.14,151.20,884500
2019-01-27 19:00:00-05:00,151.42,153.29,150.48,153.08,919200
2019-01-28 19:00:00-05:00,153.33,154.78,152.58,154.69,845200
2019-01-29 19:00:00-05:00,154.14,155.85,153.92,154.58,753800
2019-01-30 19:00:00-05:00,154.45,156.48,153.78,156.25,848300
2019-01-31 19:00:00-05:00,156.26,156.71,152.58,154.03,652900
2019-02-03 19:00:00-05:00,153.65,154.26,152.88,153.80,854700
2019-02-04 19:00:00-05:00,153.80,154.02,152.51,153.65,1139300
2019-02-05 19:00:00-05:00,154.04,154.04,152.75,153.33,868700
2019-02-06 19:00:00-05:00,153.33,154.39,152.58,154.28,1286300
2019-02-07 19:00:00-05:00,154.20,156.24,153.85,154.82,1148300
2019-02-10 19:00:00-05:00,154.43,155.24,154.03,154.78,748400
2019-02-11 19:00:00-05:00,154.57,154.64,152.48,152.74,1013900
2019-02-12 19:00:00-05:00,152.42,153.37,151.61,152.90,608600
2019-02-13 19:00:00-05:00,153.16,153.61,151.97,153.04,454900
2019-02-14 19:00:00-05:00,153.65,153.69,152.33,152.74,641800
2019-02-18 19:00:00-05:00,152.93,153.09,152.17,152.86,774600
2019-02-19 19:00:00-05:00,152.79,152.79,150.22,151.18,898000
2019-02-20 19:00:00-05:00,149.33,149.64,146.70,147.40,1306300
2019-02-21 19:00:00-05:00,147.66,148.91,146.91,147.89,780200
2019-02-24 19:00:00-05:00,148.05,148.53,146.75,148.09,945500
2019-02-25 19:00:00-05:00,148.47,149.41,147.61,149.03,818700
2019-02-26 19:00:00-05:00,149.40,154.73,149.02,154.11,1908600
2019-02-27 19:00:00-05:00,154.04,156.64,153.41,155.50,1813900
2019-02-28 19:00:00-05:00,155.17,156.42,153.85,155.87,1001500
2019-03-03 19:00:00-05:00,156.26,156.53,154.01,156.13,1048100
2019-03-04 19:00:00-05:00,155.56,157.29,155.56,156.72,595000
2019-03-05 19:00:00-05:00,156.94,157.67,156.09,156.76,838400
2019-03-06 19:00:00-05:00,157.22,158.13,156.92,157.47,1025500
2019-03-07 19:00:00-05:00,157.73,158.80,156.58,157.58,1057700
2019-03-10 20:00:00-04:00,157.88,160.92,157.88,160.90,956700
2019-03-11 20:00:00-04:00,161.40,162.34,160.74,161.96,1415900
2019-03-12 20:00:00-04:00,162.31,163.44,161.71,162.61,836100
2019-03-13 20:00:00-04:00,163.06,163.35,161.98,162.18,1518100
2019-03-14 20:00:00-04:00,162.21,162.29,160.27,161.48,1677900
2019-03-17 20:00:00-04:00,161.26,162.00,160.69,161.58,833200
2019-03-18 20:00:00-04:00,159.94,161.47,159.75,161.38,970900
2019-03-19 20:00:00-04:00,161.63,163.47,160.70,162.39,1213900
2019-03-20 20:00:00-04:00,162.34,164.82,161.81,164.74,783000
2019-03-21 20:00:00-04:00,165.06,167.74,164.74,164.82,1197600
2019-03-24 20:00:00-04:00,165.20,166.92,164.83,166.39,739800
2019-03-25 20:00:00-04:00,163.99,165.01,163.00,163.41,1109300
2019-03-26 20:00:00-04:00,163.33,163.82,161.59,162.65,1262100
2019-03-27 20:00:00-04:00,162.99,163.50,162.24,162.50,959500
2019-03-28 20:00:00-04:00,162.52,162.82,161.41,161.60,1043700
2019-03-31 20:00:00-04:00,161.28,162.16,160.35,161.99,777900
2019-04-01 20:00:00-04:00,162.17,162.97,160.64,162.82,695900
2019-04-02 20:00:00-04:00,162.70,163.35,161.01,162.44,577200
2019-04-03 20:00:00-04:00,162.87,162.87,160.98,161.55,734300
2019-04-04 20:00:00-04:00,161.44,162.30,161.17,162.18,679100
2019-04-07 20:00:00-04:00,162.07,162.09,160.77,161.76,604900
2019-04-08 20:00:00-04:00,163.31,163.85,162.51,162.80,791200
2019-04-09 20:00:00-04:00,163.53,163.53,162.11,162.87,563000
2019-04-10 20:00:00-04:00,162.92,164.03,162.21,162.98,450700
2019-04-11 20:00:00-04:00,162.58,164.57,161.66,164.55,553400
2019-04-14 20:00:00-04:00,164.74,165.09,162.76,163.65,513600
2019-04-15 20:00:00-04:00,163.72,164.16,160.42,161.35,685600
2019-04-16 20:00:00-04:00,161.69,161.82,160.09,160.79,673100
2019-04-17 20:00:00-04:00,161.03,162.09,160.28,161.35,866300
2019-04-21 20:00:00-04:00,160.94,161.09,157.79,159.05,920200
2019-04-22 20:00:00-04:00,159.53,160.51,158.77,160.28,1026700
2019-04-23 20:00:00-04:00,160.84,162.22,160.04,161.92,640200
2019-04-24 20:00:00-04:00,161.26,161.47,160.17,160.86,821100
2019-04-25 20:00:00-04:00,161.44,162.93,160.39,162.47,699500
2019-04-28 20:00:00-04:00,162.27,163.19,160.83,161.16,677800
2019-04-29 20:00:00-04:00,161.32,164.60,159.74,164.12,1018300
2019-04-30 20:00:00-04:00,163.95,166.69,163.56,164.74,859400
2019-05-01 20:00:00-04:00,165.15,169.69,164.90,168.34,1122700
2019-05-02 20:00:00-04:00,168.81,169.49,167.33,168.25,462100
2019-05-05 20:00:00-04:00,166.96,169.27,166.13,168.31,712200
2019-05-06 20:00:00-04:00,168.36,168.50,164.13,165.20,691400
2019-05-07 20:00:00-04:00,167.57,168.24,164.70,164.96,972700
2019-05-08 20:00:00-04:00,165.32,166.25,164.40,165.39,978600
2019-05-09 20:00:00-04:00,165.83,167.66,165.72,167.33,731700
2019-05-12 20:00:00-04:00,166.86,169.95,166.78,169.70,763500
2019-05-13 20:00:00-04:00,169.27,170.31,168.28,168.96,622500
2019-05-14 20:00:00-04:00,168.86,170.45,168.43,169.52,595200
2019-05-15 20:00:00-04:00,169.42,170.12,168.88,170.01,640600
2019-05-16 20:00:00-04:00,169.60,170.95,168.97,170.75,671700
2019-05-19 20:00:00-04:00,171.04,172.08,170.52,171.07,738100
2019-05-20 20:00:00-04:00,170.61,172.06,170.50,171.36,466900
2019-05-21 20:00:00-04:00,171.69,172.73,170.98,171.97,431600
2019-05-22 20:00:00-04:00,171.99,174.78,171.86,173.95,724200
2019-05-23 20:00:00-04:00,174.59,175.84,174.59,175.29,535700
2019-05-27 20:00:00-04:00,176.23,176.57,173.09,173.09,781500
2019-05-28 20:00:00-04:00,173.51,173.92,170.97,171.79,634200
2019-05-29 20:00:00-04:00,171.90,173.51,171.90,173.08,526400
2019-05-30 20:00:00-04:00,173.12,177.00,173.12,176.51,1026900
2019-06-02 20:00:00-04:00,176.73,178.46,176.23,178.04,1073400
2019-06-03 20:00:00-04:00,177.38,177.95,174.99,176.38,1184700
2019-06-04 20:00:00-04:00,177.21,181.74,176.39,181.71,1297000
2019-06-05 20:00:00-04:00,181.45,182.11,180.07,181.59,759800
2019-06-06 20:00:00-04:00,182.44,183.75,181.75,181.95,641200
2019-06-09 20:00:00-04:00,182.09,182.09,179.61,180.85,736500
2019-06-10 20:00:00-04:00,181.52,181.74,178.74,180.19,699100
2019-06-11 20:00:00-04:00,181.06,182.75,180.46,181.00,487800
2019-06-12 20:00:00-04:00,180.85,181.40,179.92,181.25,427700
2019-06-13 20:00:00-04:00,181.17,182.45,180.38,182.04,549900
2019-06-16 20:00:00-04:00,182.48,183.58,181.68,182.70,654000
2019-06-17 20:00:00-04:00,183.25,184.12,179.57,180.67,735200
2019-06-18 20:00:00-04:00,180.49,182.05,178.04,181.29,680600
2019-06-19 20:00:00-04:00,182.07,183.17,181.21,181.41,631400
2019-06-20 20:00:00-04:00,180.90,180.90,178.71,179.93,1237200
2019-06-23 20:00:00-04:00,180.31,180.91,179.01,179.45,666400
2019-06-24 20:00:00-04:00,180.19,180.62,178.14,178.38,630000
2019-06-25 20:00:00-04:00,178.10,178.24,173.86,175.16,772900
2019-06-26 20:00:00-04:00,175.79,177.38,175.79,177.34,555100
2019-06-27 20:00:00-04:00,177.22,179.20,177.22,178.19,1327300
2019-06-30 20:00:00-04:00,179.09,179.09,174.90,176.90,686300
2019-07-01 20:00:00-04:00,178.44,182.66,178.44,181.44,1525900
2019-07-02 20:00:00-04:00,182.26,185.48,181.83,185.24,941400
2019-07-04 20:00:00-04:00,183.30,184.92,181.32,183.46,833800
2019-07-07 20:00:00-04:00,183.73,185.61,183.19,184.53,919800
2019-07-08 20:00:00-04:00,184.92,185.82,184.30,185.18,646900
2019-07-09 20:00:00-04:00,185.72,186.96,184.54,186.72,706800
2019-07-10 20:00:00-04:00,186.26,187.33,184.74,186.02,944100
2019-07-11 20:00:00-04:00,186.46,186.58,185.09,186.05,421800
2019-07-14 20:00:00-04:00,186.80,188.00,185.74,186.76,568800
2019-07-15 20:00:00-04:00,186.82,187.54,185.83,186.28,603400
2019-07-16 20:00:00-04:00,187.22,187.22,184.80,186.08,516200
2019-07-17 20:00:00-04:00,185.48,186.33,184.26,185.21,767900
2019-07-18 20:00:00-04:00,186.29,186.60,182.54,182.61,922800
2019-07-21 20:00:00-04:00,183.15,183.15,181.32,181.51,701100
2019-07-22 20:00:00-04:00,181.76,183.11,181.05,182.76,759800
2019-07-23 20:00:00-04:00,183.14,183.14,180.78,181.21,695900
2019-07-24 20:00:00-04:00,180.31,181.48,178.94,181.13,722400
2019-07-25 20:00:00-04:00,181.39,181.80,178.28,179.13,952000
2019-07-28 20:00:00-04:00,179.88,182.22,179.54,181.62,1138000
2019-07-29 20:00:00-04:00,181.61,183.29,180.18,181.88,952600
2019-07-30 20:00:00-04:00,182.54,185.02,181.12,181.62,1166600
2019-07-31 20:00:00-04:00,181.57,185.41,181.06,184.32,886300
2019-08-01 20:00:00-04:00,185.08,188.07,184.34,186.70,736200
2019-08-04 20:00:00-04:00,186.72,187.61,181.68,183.86,740600
2019-08-05 20:00:00-04:00,183.31,188.52,182.39,187.10,805800
2019-08-06 20:00:00-04:00,187.14,191.56,186.17,190.20,1256400
2019-08-07 20:00:00-04:00,189.53,191.83,188.54,191.53,714400
2019-08-08 20:00:00-04:00,192.05,193.56,190.74,192.32,890400
2019-08-11 20:00:00-04:00,191.97,193.99,191.52,193.54,637500
2019-08-12 20:00:00-04:00,192.94,193.89,190.95,193.24,838800
2019-08-13 20:00:00-04:00,193.74,194.65,190.95,191.26,997400
2019-08-14 20:00:00-04:00,191.44,194.75,190.94,194.48,695200
2019-08-15 20:00:00-04:00,194.52,195.32,193.51,193.61,699500
2019-08-18 20:00:00-04:00,193.96,195.81,192.72,195.32,810200
2019-08-19 20:00:00-04:00,196.33,196.74,194.68,194.93,611100
2019-08-20 20:00:00-04:00,195.47,196.65,193.91,195.32,461100
2019-08-21 20:00:00-04:00,195.44,196.39,194.93,195.94,522400
2019-08-22 20:00:00-04:00,196.13,197.93,193.27,194.15,768600
2019-08-25 20:00:00-04:00,193.87,195.69,193.80,195.49,375300
2019-08-26 20:00:00-04:00,196.00,197.99,195.64,196.19,727800
2019-08-27 20:00:00-04:00,196.24,197.63,195.38,195.97,615400
2019-08-28 20:00:00-04:00,196.03,196.81,195.07,196.20,604400
2019-08-29 20:00:00-04:00,196.60,198.49,196.30,198.07,781300
2019-09-02 20:00:00-04:00,197.60,199.58,195.96,196.13,1221900
2019-09-03 20:00:00-04:00,196.12,197.66,195.05,197.57,1153600
2019-09-04 20:00:00-04:00,196.98,196.98,192.90,193.22,990200
2019-09-05 20:00:00-04:00,193.41,194.04,191.78,192.65,831500
2019-09-08 20:00:00-04:00,192.76,192.98,190.20,190.64,1579200
2019-09-09 20:00:00-04:00,190.41,190.59,185.62,187.04,1613700
2019-09-10 20:00:00-04:00,187.21,188.34,185.34,188.32,972800
2019-09-11 20:00:00-04:00,189.90,191.48,187.56,188.23,952300
2019-09-12 20:00:00-04:00,187.36,187.74,183.58,183.61,1225700
2019-09-15 20:00:00-04:00,185.12,186.66,183.87,186.55,972600
2019-09-16 20:00:00-04:00,187.04,189.33,186.14,189.18,1091800
2019-09-17 20:00:00-04:00,189.72,189.97,186.94,188.90,1059500
2019-09-18 20:00:00-04:00,189.63,190.65,188.36,188.84,707100
2019-09-19 20:00:00-04:00,188.91,190.00,186.84,186.89,1251300
2019-09-22 20:00:00-04:00,187.02,187.38,184.95,185.12,922500
2019-09-23 20:00:00-04:00,185.54,187.32,185.03,186.88,1364600
2019-09-24 20:00:00-04:00,187.19,187.51,185.45,185.53,619800
2019-09-25 20:00:00-04:00,186.12,186.72,184.64,185.89,974300
2019-09-26 20:00:00-04:00,186.05,186.48,184.36,184.79,847600
2019-09-29 20:00:00-04:00,184.97,186.50,184.70,184.98,893100
2019-09-30 20:00:00-04:00,183.26,183.82,178.90,181.17,1208200
2019-10-01 20:00:00-04:00,181.96,183.53,181.62,182.73,1350500
2019-10-02 20:00:00-04:00,182.73,185.89,182.73,185.43,840100
2019-10-03 20:00:00-04:00,185.62,187.40,184.63,186.15,783900
2019-10-06 20:00:00-04:00,185.40,186.79,184.76,186.00,707000
2019-10-07 20:00:00-04:00,186.26,187.26,184.70,186.15,1065400
2019-10-08 20:00:00-04:00,186.15,187.82,186.02,186.54,505400
2019-10-09 20:00:00-04:00,186.32,187.21,185.25,186.06,555400
2019-10-10 20:00:00-04:00,186.28,186.98,185.33,185.50,481100
2019-10-13 20:00:00-04:00,185.89,185.89,184.84,185.03,523000
2019-10-14 20:00:00-04:00,185.36,186.08,182.52,183.19,1161200
2019-10-15 20:00:00-04:00,183.26,183.29,181.48,182.55,1417700
2019-10-16 20:00:00-04:00,182.91,183.79,181.48,181.53,659800
2019-10-17 20:00:00-04:00,181.40,182.62,180.00,182.18,1609300
2019-10-20 20:00:00-04:00,182.50,183.92,181.76,183.87,931700
2019-10-21 20:00:00-04:00,184.13,185.22,181.34,181.41,774100
2019-10-22 20:00:00-04:00,181.77,182.48,179.68,181.32,822500
2019-10-23 20:00:00-04:00,181.46,182.50,180.69,182.04,523800
2019-10-24 20:00:00-04:00,181.05,181.23,176.42,176.48,1246100
2019-10-27 20:00:00-04:00,176.98,176.98,175.43,175.43,837000
2019-10-28 20:00:00-04:00,175.48,177.51,175.48,177.01,886200
2019-10-29 20:00:00-04:00,170.88,170.88,164.60,168.38,2101700
2019-10-30 20:00:00-04:00,168.89,170.95,167.81,168.08,1204500
2019-10-31 20:00:00-04:00,168.77,169.30,164.90,165.37,1399500
2019-11-03 19:00:00-05:00,165.23,165.23,162.45,163.00,1194400
2019-11-04 19:00:00-05:00,162.65,162.70,161.10,162.36,1607200
2019-11-05 19:00:00-05:00,162.99,163.44,160.84,161.77,919500
2019-11-06 19:00:00-05:00,161.33,162.88,159.94,161.75,1166900
2019-11-07 19:00:00-05:00,161.02,161.50,159.03,159.40,999200
2019-11-10 19:00:00-05:00,159.70,160.88,159.43,159.49,822400
2019-11-11 19:00:00-05:00,159.89,160.89,157.38,157.76,1347300
2019-11-12 19:00:00-05:00,159.10,160.77,158.34,159.65,961700
2019-11-13 19:00:00-05:00,160.09,161.08,159.63,160.61,636900
2019-11-14 19:00:00-05:00,160.61,161.13,159.64,160.80,1159500
2019-11-17 19:00:00-05:00,161.21,162.54,160.38,161.05,758500
2019-11-18 19:00:00-05:00,159.27,161.90,159.08,161.20,763300
2019-11-19 19:00:00-05:00,161.47,161.89,159.46,161.01,885600
2019-11-20 19:00:00-05:00,160.76,160.76,158.58,159.01,943800
2019-11-21 19:00:00-05:00,159.02,159.02,156.74,157.64,746800
2019-11-24 19:00:00-05:00,158.51,158.81,157.07,157.18,826900
2019-11-25 19:00:00-05:00,156.91,160.00,156.91,159.97,1681000
2019-11-26 19:00:00-05:00,159.17,160.10,158.58,159.98,638100
2019-11-28 19:00:00-05:00,160.02,160.44,158.78,158.89,420000
2019-12-01 19:00:00-05:00,158.68,159.35,157.52,157.65,725000
2019-12-02 19:00:00-05:00,158.32,160.25,157.00,159.84,992000
2019-12-03 19:00:00-05:00,158.63,160.70,158.63,160.61,830200
2019-12-04 19:00:00-05:00,160.21,161.15,160.00,160.99,1165600
2019-12-05 19:00:00-05:00,161.14,161.98,160.27,161.28,1068700
2019-12-08 19:00:00-05:00,161.26,161.37,159.30,160.92,1121000
2019-12-09 19:00:00-05:00,159.33,161.15,158.40,159.40,829600
2019-12-10 19:00:00-05:00,159.78,159.87,157.69,158.32,1001400
2019-12-11 19:00:00-05:00,158.56,159.19,155.23,155.53,1602200
2019-12-12 19:00:00-05:00,155.53,156.64,154.59,156.42,1394000
2019-12-15 19:00:00-05:00,156.73,157.48,154.45,157.00,1447500
2019-12-16 19:00:00-05:00,157.09,157.33,155.70,156.28,964800
2019-12-17 19:00:00-05:00,156.32,159.07,156.04,158.54,1078000
2019-12-18 19:00:00-05:00,158.38,160.11,157.72,160.00,693100
2019-12-19 19:00:00-05:00,161.40,161.54,160.17,161.05,1658700
2019-12-22 19:00:00-05:00,161.53,162.19,159.38,160.08,1095000
2019-12-23 19:00:00-05:00,160.64,160.64,159.26,159.80,401200
2019-12-25 19:00:00-05:00,159.93,160.95,158.80,160.94,916700
2019-12-26 19:00:00-05:00,161.37,161.64,160.51,161.15,542700
2019-12-29 19:00:00-05:00,160.81,161.50,159.78,160.83,621800
2019-12-30 19:00:00-05:00,160.86,162.17,160.14,162.16,764900
2020-01-01 19:00:00-05:00,162.81,163.07,160.36,160.99,862200
2020-01-02 19:00:00-05:00,160.77,162.86,160.48,162.72,773400
2020-01-05 19:00:00-05:00,162.01,163.66,161.83,163.30,1134300
2020-01-06 19:00:00-05:00,162.36,163.45,161.25,162.65,1164300
2020-01-07 19:00:00-05:00,162.20,163.09,161.52,162.95,1262100
2020-01-08 19:00:00-05:00,162.75,163.53,162.28,163.02,1063500
2020-01-09 19:00:00-05:00,163.36,164.76,162.91,164.34,1013200
2020-01-12 19:00:00-05:00,164.53,165.94,164.28,165.07,812500
2020-01-13 19:00:00-05:00,164.75,165.03,163.28,164.71,1134900
2020-01-14 19:00:00-05:00,165.20,166.53,165.10,166.19,827700
2020-01-15 19:00:00-05:00,166.35,167.60,166.28,167.53,691700
2020-01-16 19:00:00-05:00,167.52,168.32,166.76,168.09,996100
2020-01-20 19:00:00-05:00,168.50,169.99,167.80,169.54,834600
2020-01-21 19:00:00-05:00,170.18,170.19,167.52,168.27,1199400
2020-01-22 19:00:00-05:00,168.51,170.12,168.09,169.96,895000
2020-01-23 19:00:00-05:00,170.14,171.17,169.75,170.92,644600
2020-01-26 19:00:00-05:00,170.53,171.95,170.39,170.76,636800
2020-01-27 19:00:00-05:00,170.55,171.35,169.57,170.40,774000
2020-01-28 19:00:00-05:00,170.56,170.56,167.71,169.10,785600
2020-01-29 19:00:00-05:00,168.77,170.74,168.04,170.64,609500
2020-01-30 19:00:00-05:00,170.91,171.11,169.45,170.38,1301500
2020-02-02 19:00:00-05:00,170.92,171.63,170.34,170.70,838900
2020-02-03 19:00:00-05:00,170.92,171.52,169.01,169.92,1268400
2020-02-04 19:00:00-05:00,169.78,169.92,167.64,169.15,960700
2020-02-05 19:00:00-05:00,169.20,171.21,169.16,170.59,482900
2020-02-06 19:00:00-05:00,171.46,172.05,170.45,171.50,426100
2020-02-09 19:00:00-05:00,171.94,172.46,171.39,172.41,478300
2020-02-10 19:00:00-05:00,172.39,173.79,171.77,172.36,744800
2020-02-11 19:00:00-05:00,172.27,174.59,171.49,173.04,883700
2020-02-12 19:00:00-05:00,172.80,174.80,172.80,174.04,521500
2020-02-13 19:00:00-05:00,174.36,177.42,174.11,177.28,607600
2020-02-17 19:00:00-05:00,177.49,177.70,175.63,176.47,643100
2020-02-18 19:00:00-05:00,176.16,176.16,166.33,166.61,2025300
2020-02-19 19:00:00-05:00,166.59,169.50,166.23,169.33,1110500
2020-02-20 19:00:00-05:00,168.92,173.14,168.87,171.91,1379200
2020-02-23 19:00:00-05:00,171.50,173.38,170.62,172.45,1636000
2020-02-24 19:00:00-05:00,172.29,172.98,167.02,168.19,1644600
2020-02-25 19:00:00-05:00,167.43,175.10,166.76,173.79,1829700
2020-02-26 19:00:00-05:00,173.20,174.40,160.81,160.90,1764900
2020-02-27 19:00:00-05:00,158.95,161.96,155.64,159.23,2460300
2020-03-01 19:00:00-05:00,160.16,167.37,159.86,166.95,1548300
2020-03-02 19:00:00-05:00,166.13,168.38,162.91,165.78,1764300
2020-03-03 19:00:00-05:00,167.52,172.33,166.89,172.15,968000
2020-03-04 19:00:00-05:00,170.63,174.81,168.77,174.42,964300
2020-03-05 19:00:00-05:00,171.32,175.16,169.37,174.33,1084000
2020-03-08 20:00:00-04:00,168.05,173.45,167.52,170.23,1697100
2020-03-09 20:00:00-04:00,172.73,175.10,166.41,175.05,1511500
2020-03-10 20:00:00-04:00,172.13,173.61,167.56,167.85,1575500
2020-03-11 20:00:00-04:00,160.67,166.45,153.20,153.44,2334400
2020-03-12 20:00:00-04:00,158.60,164.16,155.95,162.54,2419500
2020-03-15 20:00:00-04:00,153.58,158.43,143.66,143.80,2003900
2020-03-16 20:00:00-04:00,147.17,158.27,146.50,152.56,1744200
2020-03-17 20:00:00-04:00,146.66,156.43,143.86,146.10,2085800
2020-03-18 20:00:00-04:00,146.11,148.88,141.56,144.28,1939000
2020-03-19 20:00:00-04:00,143.25,146.13,130.09,131.68,2396600
2020-03-22 20:00:00-04:00,130.99,133.19,119.49,123.52,2143000
2020-03-23 20:00:00-04:00,125.36,131.08,122.35,129.71,1876900
2020-03-24 20:00:00-04:00,128.61,143.88,126.91,135.77,1549800
2020-03-25 20:00:00-04:00,135.77,145.62,133.82,144.41,1575500
2020-03-26 20:00:00-04:00,142.13,152.24,141.16,147.30,1750000
2020-03-29 20:00:00-04:00,150.63,156.12,146.37,155.07,1238600
2020-03-30 20:00:00-04:00,153.39,155.10,147.74,152.75,1619000
2020-03-31 20:00:00-04:00,147.86,151.59,146.23,151.22,1563900
2020-04-01 20:00:00-04:00,149.31,150.87,142.07,148.33,2148500
2020-04-02 20:00:00-04:00,147.00,151.51,146.86,149.26,991400
2020-04-05 20:00:00-04:00,153.66,157.57,151.51,156.69,1296300
2020-04-06 20:00:00-04:00,155.67,163.28,151.48,151.71,1234500
2020-04-07 20:00:00-04:00,152.52,155.09,148.66,153.10,1363300
2020-04-08 20:00:00-04:00,154.25,161.14,154.04,160.42,1613200
2020-04-12 20:00:00-04:00,159.12,159.87,153.99,154.92,771500
2020-04-13 20:00:00-04:00,158.42,161.72,155.15,157.56,988700
2020-04-14 20:00:00-04:00,155.99,157.25,147.87,150.20,1214200
2020-04-15 20:00:00-04:00,152.44,153.82,149.03,149.17,1097200
2020-04-16 20:00:00-04:00,151.66,152.39,149.25,151.11,859600
2020-04-19 20:00:00-04:00,149.78,151.29,147.98,148.68,813500
2020-04-20 20:00:00-04:00,146.78,148.18,144.38,146.82,891500
2020-04-21 20:00:00-04:00,148.49,150.05,147.65,148.44,766700
2020-04-22 20:00:00-04:00,147.81,148.86,143.95,144.20,1055700
2020-04-23 20:00:00-04:00,144.62,145.96,143.71,144.00,603000
2020-04-26 20:00:00-04:00,145.27,148.86,144.26,148.40,1131600
2020-04-27 20:00:00-04:00,149.66,152.22,146.63,146.90,1051100
2020-04-28 20:00:00-04:00,148.79,148.96,143.57,143.60,1002900
2020-04-29 20:00:00-04:00,142.53,143.20,138.80,142.63,1572900
2020-04-30 20:00:00-04:00,138.67,143.60,135.36,141.79,1570100
2020-05-03 20:00:00-04:00,141.71,141.71,137.40,139.27,979800
2020-05-04 20:00:00-04:00,139.92,141.09,137.62,138.00,1227200
2020-05-05 20:00:00-04:00,138.29,139.22,135.20,135.43,720600
2020-05-06 20:00:00-04:00,136.90,141.68,136.28,141.13,1256500
2020-05-07 20:00:00-04:00,142.87,147.39,142.23,146.39,1126700
2020-05-10 20:00:00-04:00,145.22,146.35,143.29,143.76,700500
2020-05-11 20:00:00-04:00,143.77,144.46,134.45,137.26,1333900
2020-05-12 20:00:00-04:00,136.80,138.42,135.47,135.82,1081500
2020-05-13 20:00:00-04:00,134.59,137.67,132.37,137.67,1023400
2020-05-14 20:00:00-04:00,135.93,136.03,133.17,135.34,1404400
2020-05-17 20:00:00-04:00,138.43,142.63,138.19,141.02,1083400
2020-05-18 20:00:00-04:00,140.11,141.87,139.60,141.19,725100
2020-05-19 20:00:00-04:00,142.10,142.60,139.46,141.45,949500
2020-05-20 20:00:00-04:00,140.84,141.76,139.79,140.57,561000
2020-05-21 20:00:00-04:00,141.53,143.48,140.74,143.41,622000
2020-05-25 20:00:00-04:00,146.38,148.59,145.24,148.03,1100600
2020-05-26 20:00:00-04:00,148.63,152.07,148.63,151.49,885600
2020-05-27 20:00:00-04:00,152.69,154.82,151.51,154.73,756900
2020-05-28 20:00:00-04:00,153.87,156.99,152.39,155.92,1202900
2020-05-31 20:00:00-04:00,155.55,158.62,154.34,157.49,1236800
2020-06-01 20:00:00-04:00,159.44,160.79,156.59,159.77,1193400
2020-06-02 20:00:00-04:00,160.48,164.28,159.58,159.94,1189600
2020-06-03 20:00:00-04:00,159.11,159.58,152.99,154.31,901200
2020-06-04 20:00:00-04:00,158.42,159.71,156.45,158.72,1135400
2020-06-07 20:00:00-04:00,158.88,162.23,157.74,158.95,1161500
2020-06-08 20:00:00-04:00,157.41,162.80,155.45,162.56,901700
2020-06-09 20:00:00-04:00,161.78,162.85,157.96,158.02,879000
2020-06-10 20:00:00-04:00,154.62,155.81,149.66,150.69,1306500
2020-06-11 20:00:00-04:00,154.10,154.63,148.87,152.66,916900
2020-06-14 20:00:00-04:00,149.64,155.74,148.87,154.77,1108300
2020-06-15 20:00:00-04:00,158.91,159.48,153.38,154.52,875600
2020-06-16 20:00:00-04:00,154.87,155.61,153.02,153.66,698600
2020-06-17 20:00:00-04:00,152.61,153.13,149.77,152.50,766900
2020-06-18 20:00:00-04:00,154.48,154.48,147.99,148.09,3654200
2020-06-21 20:00:00-04:00,148.41,149.28,145.38,147.84,976700
2020-06-22 20:00:00-04:00,149.01,149.56,146.13,146.27,630900
2020-06-23 20:00:00-04:00,145.30,148.35,144.80,147.21,1174000
2020-06-24 20:00:00-04:00,147.03,148.52,145.25,148.43,827700
2020-06-25 20:00:00-04:00,148.14,150.19,146.57,147.07,1370100
2020-06-28 20:00:00-04:00,148.22,148.98,146.96,148.49,772300
2020-06-29 20:00:00-04:00,148.64,150.43,146.93,149.10,1064900
2020-06-30 20:00:00-04:00,148.93,155.50,148.58,154.75,678500
2020-07-01 20:00:00-04:00,156.19,156.98,153.48,154.91,895900
2020-07-05 20:00:00-04:00,157.14,158.19,152.05,152.71,871800
2020-07-06 20:00:00-04:00,151.26,152.40,150.80,151.10,635000
2020-07-07 20:00:00-04:00,150.90,151.57,149.99,150.24,869400
2020-07-08 20:00:00-04:00,149.77,152.54,149.23,151.81,555800
2020-07-09 20:00:00-04:00,151.83,152.98,150.72,151.08,630400
2020-07-12 20:00:00-04:00,151.27,151.78,149.65,149.88,525800
2020-07-13 20:00:00-04:00,150.01,153.01,149.93,150.62,588700
2020-07-14 20:00:00-04:00,152.01,152.01,148.53,149.81,982400
2020-07-15 20:00:00-04:00,149.49,151.32,146.30,146.37,621300
2020-07-16 20:00:00-04:00,146.62,149.95,145.57,149.42,837900
2020-07-19 20:00:00-04:00,149.42,149.59,145.89,145.92,479500
2020-07-20 20:00:00-04:00,147.00,147.23,145.08,145.18,581400
2020-07-21 20:00:00-04:00,144.10,147.01,143.13,146.32,698900
2020-07-22 20:00:00-04:00,146.78,147.63,144.07,145.32,534200
2020-07-23 20:00:00-04:00,145.85,146.27,143.79,144.03,518700
2020-07-26 20:00:00-04:00,143.95,145.07,142.36,144.19,472500
2020-07-27 20:00:00-04:00,144.49,150.67,144.49,150.64,800500
2020-07-28 20:00:00-04:00,150.87,153.76,149.71,152.95,806500
2020-07-29 20:00:00-04:00,151.30,154.10,150.55,153.62,1001800
2020-07-30 20:00:00-04:00,153.10,155.40,150.40,155.31,1761600
2020-08-02 20:00:00-04:00,154.50,154.63,151.90,152.17,658400
2020-08-03 20:00:00-04:00,152.73,156.96,152.33,156.48,1018900
2020-08-04 20:00:00-04:00,156.79,156.94,152.21,153.05,905500
2020-08-05 20:00:00-04:00,149.95,152.64,144.70,152.36,1593700
2020-08-06 20:00:00-04:00,151.22,156.85,151.22,154.82,966500
2020-08-09 20:00:00-04:00,155.48,158.36,155.14,157.34,645100
2020-08-10 20:00:00-04:00,158.65,158.87,153.55,154.62,653500
2020-08-11 20:00:00-04:00,155.04,155.47,151.72,154.14,509700
2020-08-12 20:00:00-04:00,153.42,155.23,152.61,153.31,554500
2020-08-13 20:00:00-04:00,153.51,157.64,153.51,155.59,642000
2020-08-16 20:00:00-04:00,154.68,155.53,153.42,155.42,816600
2020-08-17 20:00:00-04:00,155.43,157.15,154.07,156.13,594000
2020-08-18 20:00:00-04:00,156.77,156.77,152.63,153.41,769900
2020-08-19 20:00:00-04:00,153.20,158.06,153.12,157.94,584400
2020-08-20 20:00:00-04:00,158.78,160.62,157.70,160.49,752600
2020-08-23 20:00:00-04:00,159.58,160.51,158.11,160.50,483800
2020-08-24 20:00:00-04:00,160.52,160.69,158.96,160.66,469900
2020-08-25 20:00:00-04:00,160.04,162.16,158.67,162.02,645400
2020-08-26 20:00:00-04:00,162.55,165.06,162.25,164.16,499900
2020-08-27 20:00:00-04:00,164.70,166.01,162.42,165.85,589900
2020-08-30 20:00:00-04:00,165.43,166.79,164.35,165.04,869900
2020-08-31 20:00:00-04:00,164.47,165.98,161.77,165.82,478800
2020-09-01 20:00:00-04:00,164.94,166.51,163.41,166.41,1053800
2020-09-02 20:00:00-04:00,167.00,169.93,164.54,165.45,997200
2020-09-03 20:00:00-04:00,165.87,167.74,162.76,164.84,557600
2020-09-07 20:00:00-04:00,164.94,167.21,162.81,166.24,849100
2020-09-08 20:00:00-04:00,167.70,172.54,167.48,168.39,1033000
2020-09-09 20:00:00-04:00,168.19,170.56,166.10,169.50,830600
2020-09-10 20:00:00-04:00,170.03,172.78,169.28,171.40,666500
2020-09-13 20:00:00-04:00,172.44,176.78,171.58,176.22,703000
2020-09-14 20:00:00-04:00,176.40,177.68,173.10,173.30,663700
2020-09-15 20:00:00-04:00,174.61,177.46,173.72,176.04,717300
2020-09-16 20:00:00-04:00,174.91,177.30,172.59,174.24,749600
2020-09-17 20:00:00-04:00,172.86,174.24,171.75,173.30,1218700
2020-09-20 20:00:00-04:00,172.63,175.62,168.18,169.60,970200
2020-09-21 20:00:00-04:00,169.51,172.70,169.51,172.01,771600
2020-09-22 20:00:00-04:00,171.39,171.52,166.68,166.95,830100
2020-09-23 20:00:00-04:00,167.62,170.70,167.43,168.30,595200
2020-09-24 20:00:00-04:00,166.95,171.40,166.61,171.31,602100
2020-09-27 20:00:00-04:00,173.16,174.94,172.34,173.39,582800
2020-09-28 20:00:00-04:00,173.41,174.78,171.31,173.22,557300
2020-09-29 20:00:00-04:00,174.20,175.24,171.89,174.64,863500
2020-09-30 20:00:00-04:00,174.63,177.46,174.08,177.42,854000
2020-10-01 20:00:00-04:00,176.09,181.89,174.68,180.81,826500
2020-10-04 20:00:00-04:00,181.76,182.42,177.68,182.04,585600
2020-10-05 20:00:00-04:00,179.77,180.86,176.96,179.01,1007700
2020-10-06 20:00:00-04:00,179.64,181.55,178.84,180.38,585500
2020-10-07 20:00:00-04:00,181.01,182.78,180.59,181.93,596800
2020-10-08 20:00:00-04:00,182.27,183.68,180.87,183.49,426600
2020-10-11 20:00:00-04:00,183.78,185.32,182.52,184.33,636600
2020-10-12 20:00:00-04:00,184.46,185.19,182.01,184.58,606600
2020-10-13 20:00:00-04:00,184.48,185.46,182.29,183.09,664900
2020-10-14 20:00:00-04:00,182.99,186.23,181.92,183.75,827600
2020-10-15 20:00:00-04:00,183.24,184.58,182.05,182.70,1677000
2020-10-18 20:00:00-04:00,183.09,183.60,181.06,181.28,817600
2020-10-19 20:00:00-04:00,182.05,184.62,180.57,182.80,501000
2020-10-20 20:00:00-04:00,182.74,184.39,182.07,182.71,670900
2020-10-21 20:00:00-04:00,182.54,184.89,181.75,184.36,439000
2020-10-22 20:00:00-04:00,185.14,185.69,183.41,184.83,473100
2020-10-25 20:00:00-04:00,183.78,185.85,183.01,185.23,980800
2020-10-26 20:00:00-04:00,186.03,187.72,183.94,183.96,785500
2020-10-27 20:00:00-04:00,181.89,184.10,179.64,181.23,1037900
2020-10-28 20:00:00-04:00,182.02,183.57,180.85,181.02,908100
2020-10-29 20:00:00-04:00,180.22,182.11,178.16,179.62,1009300
2020-11-01 19:00:00-05:00,181.39,183.99,180.51,182.55,804600
2020-11-02 19:00:00-05:00,183.56,185.29,182.06,184.65,719400
2020-11-03 19:00:00-05:00,184.53,188.78,184.10,184.47,892200
2020-11-04 19:00:00-05:00,183.87,185.28,179.44,180.87,945200
2020-11-05 19:00:00-05:00,181.40,186.36,180.19,181.39,668000
2020-11-08 19:00:00-05:00,188.77,188.77,173.23,174.14,1464900
2020-11-09 19:00:00-05:00,174.26,183.63,173.31,183.52,1035700
2020-11-10 19:00:00-05:00,184.54,185.84,182.17,184.91,776700
2020-11-11 19:00:00-05:00,185.56,185.56,179.40,181.77,580100
2020-11-12 19:00:00-05:00,182.47,184.58,181.48,183.52,561900
2020-11-15 19:00:00-05:00,185.70,185.70,179.37,183.24,581600
2020-11-16 19:00:00-05:00,182.49,185.58,181.01,183.91,616500
2020-11-17 19:00:00-05:00,183.50,185.57,180.18,180.32,920600
2020-11-18 19:00:00-05:00,180.15,180.84,178.15,179.40,931700
2020-11-19 19:00:00-05:00,179.57,179.71,174.91,175.36,1252800
2020-11-22 19:00:00-05:00,175.94,177.76,171.18,171.83,1560700
2020-11-23 19:00:00-05:00,172.28,174.64,170.34,174.13,1323700
2020-11-24 19:00:00-05:00,174.75,176.08,173.93,175.10,596800
2020-11-26 19:00:00-05:00,175.15,175.15,171.92,172.53,377400
2020-11-29 19:00:00-05:00,172.56,176.90,172.36,176.00,1465900
2020-11-30 19:00:00-05:00,176.33,177.17,174.24,176.70,614000
2020-12-01 19:00:00-05:00,175.93,179.23,175.12,176.05,551300
2020-12-02 19:00:00-05:00,175.99,177.70,175.41,177.24,652500
2020-12-03 19:00:00-05:00,177.13,178.24,174.92,176.04,752700
2020-12-06 19:00:00-05:00,175.64,177.63,175.62,176.18,641300
2020-12-07 19:00:00-05:00,176.26,176.42,173.90,173.98,559300
2020-12-08 19:00:00-05:00,174.11,175.28,170.58,172.23,714600
2020-12-09 19:00:00-05:00,171.79,173.29,169.53,169.83,929800
2020-12-10 19:00:00-05:00,169.80,173.24,169.80,172.55,1537900
2020-12-13 19:00:00-05:00,178.84,181.80,176.04,177.05,2271500
2020-12-14 19:00:00-05:00,177.46,178.19,173.73,178.17,1347800
2020-12-15 19:00:00-05:00,178.17,180.42,177.53,178.81,699300
2020-12-16 19:00:00-05:00,180.26,184.58,179.69,184.03,932900
2020-12-17 19:00:00-05:00,184.16,184.33,180.19,181.16,1421900
2020-12-20 19:00:00-05:00,180.09,182.16,178.92,180.98,707800
2020-12-21 19:00:00-05:00,181.19,183.86,180.55,183.74,783100
2020-12-22 19:00:00-05:00,183.21,184.18,179.45,179.63,720800
2020-12-23 19:00:00-05:00,179.98,181.20,179.68,181.09,154600
2020-12-27 19:00:00-05:00,181.83,182.48,179.80,181.32,569900
2020-12-28 19:00:00-05:00,182.07,183.00,179.17,180.26,677400
2020-12-29 19:00:00-05:00,179.91,182.71,179.91,181.16,559200
2020-12-30 19:00:00-05:00,181.38,182.86,179.25,182.74,495700
2021-01-03 19:00:00-05:00,182.26,183.56,174.05,174.25,911800
2021-01-04 19:00:00-05:00,173.56,175.36,171.04,172.01,1094800
2021-01-05 19:00:00-05:00,171.20,172.43,167.93,169.20,1506100
2021-01-06 19:00:00-05:00,169.43,172.92,168.59,172.07,1224300
2021-01-07 19:00:00-05:00,172.89,176.96,172.89,176.16,805500
2021-01-10 19:00:00-05:00,175.62,176.23,172.40,175.08,738900
2021-01-11 19:00:00-05:00,174.22,176.36,173.32,175.86,690200
2021-01-12 19:00:00-05:00,175.87,178.54,175.87,177.88,785400
2021-01-13 19:00:00-05:00,177.86,177.86,174.75,175.06,773100
2021-01-14 19:00:00-05:00,175.11,178.35,174.17,177.56,1864200
2021-01-18 19:00:00-05:00,178.70,178.70,173.40,174.58,1145000
2021-01-19 19:00:00-05:00,173.73,178.84,172.97,178.03,1326600
2021-01-20 19:00:00-05:00,176.63,178.16,175.21,175.65,1284000
2021-01-21 19:00:00-05:00,176.34,177.14,175.34,176.30,1079100
2021-01-24 19:00:00-05:00,176.81,179.23,175.62,178.70,830000
2021-01-25 19:00:00-05:00,178.73,180.97,178.31,180.29,825900
2021-01-26 19:00:00-05:00,179.89,181.20,177.96,180.46,822000
2021-01-27 19:00:00-05:00,180.48,182.12,178.40,180.03,791600
2021-01-28 19:00:00-05:00,179.36,182.07,177.90,180.12,1052400
2021-01-31 19:00:00-05:00,181.31,184.19,179.07,184.13,763700
2021-02-01 19:00:00-05:00,183.47,184.11,181.87,182.24,949800
2021-02-02 19:00:00-05:00,181.32,184.21,179.47,183.03,703300
2021-02-03 19:00:00-05:00,183.70,186.73,182.24,182.68,1165800
2021-02-04 19:00:00-05:00,183.20,183.20,181.01,181.48,777100
2021-02-07 19:00:00-05:00,181.00,184.15,180.07,183.99,523100
2021-02-08 19:00:00-05:00,184.92,187.34,184.34,187.04,680300
2021-02-09 19:00:00-05:00,188.05,188.09,183.07,185.25,697100
2021-02-10 19:00:00-05:00,184.33,185.29,183.28,184.43,853200
2021-02-11 19:00:00-05:00,183.97,184.34,181.61,183.47,617500
2021-02-15 19:00:00-05:00,183.27,183.43,179.26,181.96,566300
2021-02-16 19:00:00-05:00,181.96,185.60,181.71,185.22,879000
2021-02-17 19:00:00-05:00,184.68,186.82,184.68,185.96,622800
2021-02-18 19:00:00-05:00,186.47,187.44,184.98,185.72,761500
2021-02-21 19:00:00-05:00,185.63,188.64,184.57,188.14,711500
2021-02-22 19:00:00-05:00,189.53,194.83,189.53,191.77,794300
2021-02-23 19:00:00-05:00,191.35,193.86,190.87,191.98,803200
2021-02-24 19:00:00-05:00,192.50,195.08,190.12,192.57,816500
2021-02-25 19:00:00-05:00,192.87,193.74,185.05,185.12,1110900
2021-02-28 19:00:00-05:00,186.75,189.01,183.43,183.56,778500
2021-03-01 19:00:00-05:00,183.00,186.77,182.18,185.51,917000
2021-03-02 19:00:00-05:00,184.36,185.15,182.57,182.68,1025100
2021-03-03 19:00:00-05:00,183.22,185.52,181.32,183.07,1003400
2021-03-04 19:00:00-05:00,183.43,186.38,181.61,186.00,667900
2021-03-07 19:00:00-05:00,186.93,190.56,185.59,188.85,628400
2021-03-08 19:00:00-05:00,188.86,191.74,188.34,189.94,584400
2021-03-09 19:00:00-05:00,190.44,190.44,187.70,189.79,625700
2021-03-10 19:00:00-05:00,189.05,191.34,188.70,188.82,615400
2021-03-11 19:00:00-05:00,188.67,192.42,188.67,192.33,599000
2021-03-14 20:00:00-04:00,193.34,194.35,191.20,193.47,887300
2021-03-15 20:00:00-04:00,193.94,196.20,192.82,195.74,512900
2021-03-16 20:00:00-04:00,195.57,195.57,191.36,192.82,751800
2021-03-17 20:00:00-04:00,191.83,193.33,190.21,193.10,570900
2021-03-18 20:00:00-04:00,193.54,193.89,186.27,186.27,1336400
2021-03-21 20:00:00-04:00,186.27,189.66,185.91,188.86,647100
2021-03-22 20:00:00-04:00,189.43,194.12,188.87,193.81,723600
2021-03-23 20:00:00-04:00,192.77,193.73,191.63,192.40,656200
2021-03-24 20:00:00-04:00,193.40,193.49,189.51,192.53,594800
2021-03-25 20:00:00-04:00,193.06,195.35,191.36,195.15,836500
2021-03-28 20:00:00-04:00,194.64,199.60,193.06,197.87,823200
2021-03-29 20:00:00-04:00,198.11,198.58,196.22,197.10,652900
2021-03-30 20:00:00-04:00,197.08,199.45,195.13,196.89,1105400
2021-03-31 20:00:00-04:00,198.10,201.16,197.40,201.02,844300
2021-04-04 20:00:00-04:00,200.79,203.93,199.93,203.68,1162300
2021-04-05 20:00:00-04:00,202.91,203.75,201.07,203.71,744600
2021-04-06 20:00:00-04:00,203.89,204.52,202.55,204.03,760700
2021-04-07 20:00:00-04:00,203.94,206.72,203.94,204.86,566800
2021-04-08 20:00:00-04:00,205.69,207.00,205.39,205.76,539000
2021-04-11 20:00:00-04:00,206.56,208.49,205.55,208.14,524100
2021-04-12 20:00:00-04:00,208.71,213.25,208.38,212.99,819400
2021-04-13 20:00:00-04:00,212.43,212.43,209.69,210.39,508500
2021-04-14 20:00:00-04:00,211.89,214.04,211.41,213.63,871900
2021-04-15 20:00:00-04:00,214.31,214.42,212.72,212.88,672500
2021-04-18 20:00:00-04:00,212.87,215.84,211.91,215.73,548500
2021-04-19 20:00:00-04:00,215.83,220.45,215.55,218.12,846400
2021-04-20 20:00:00-04:00,218.80,219.98,217.18,218.27,564900
2021-04-21 20:00:00-04:00,218.32,221.01,217.38,220.64,512000
2021-04-22 20:00:00-04:00,220.88,221.60,219.51,220.83,489900
2021-04-25 20:00:00-04:00,221.61,222.43,218.84,219.51,556500
2021-04-26 20:00:00-04:00,219.82,220.11,218.41,219.47,481100
2021-04-27 20:00:00-04:00,219.76,220.55,217.85,218.01,526700
2021-04-28 20:00:00-04:00,219.07,223.34,218.32,222.99,734300
2021-04-29 20:00:00-04:00,222.98,225.07,221.40,224.33,635200
2021-05-02 20:00:00-04:00,224.60,225.05,220.26,221.84,611500
2021-05-03 20:00:00-04:00,223.06,225.86,222.09,222.89,691100
2021-05-04 20:00:00-04:00,221.92,222.47,218.19,219.11,744500
2021-05-05 20:00:00-04:00,219.65,220.81,218.62,219.59,653500
2021-05-06 20:00:00-04:00,219.54,221.49,218.78,221.23,577800
2021-05-09 20:00:00-04:00,221.53,223.26,220.73,221.14,619200
2021-05-10 20:00:00-04:00,220.88,220.88,217.26,218.88,693100
2021-05-11 20:00:00-04:00,218.98,219.82,215.07,215.20,675100
2021-05-12 20:00:00-04:00,215.50,220.01,215.16,218.58,612100
2021-05-13 20:00:00-04:00,218.00,219.62,217.02,218.18,463200
2021-05-16 20:00:00-04:00,219.21,221.72,218.23,220.68,711400
2021-05-17 20:00:00-04:00,219.16,220.74,218.44,219.87,882500
2021-05-18 20:00:00-04:00,219.23,220.65,215.77,220.65,652600
2021-05-19 20:00:00-04:00,220.14,223.31,219.60,222.84,1126800
2021-05-20 20:00:00-04:00,222.31,224.00,219.63,220.80,719800
2021-05-23 20:00:00-04:00,221.52,223.19,220.57,222.17,533900
2021-05-24 20:00:00-04:00,222.02,223.49,220.34,222.43,422700
2021-05-25 20:00:00-04:00,222.56,224.86,222.22,223.07,707200
2021-05-26 20:00:00-04:00,223.00,224.11,221.09,223.30,980200
2021-05-27 20:00:00-04:00,225.08,225.84,223.92,225.39,1507500
2021-05-31 20:00:00-04:00,226.09,227.94,224.72,227.84,515700
2021-06-01 20:00:00-04:00,229.09,231.16,227.56,229.78,1002500
2021-06-02 20:00:00-04:00,229.67,230.89,228.76,230.47,800000
2021-06-03 20:00:00-04:00,231.81,232.18,229.53,230.36,828200
2021-06-06 20:00:00-04:00,231.14,233.84,230.22,232.36,783300
2021-06-07 20:00:00-04:00,233.06,234.69,232.55,234.10,592000
2021-06-08 20:00:00-04:00,234.58,235.56,233.97,234.45,476500
2021-06-09 20:00:00-04:00,234.09,236.11,234.00,235.75,483800
2021-06-10 20:00:00-04:00,235.34,236.26,234.04,236.02,575000
2021-06-13 20:00:00-04:00,236.17,236.81,234.60,236.68,528500
2021-06-14 20:00:00-04:00,236.25,236.73,234.76,235.52,451400
2021-06-15 20:00:00-04:00,235.92,237.41,234.65,234.74,744900
2021-06-16 20:00:00-04:00,234.70,237.52,233.29,237.49,625000
2021-06-17 20:00:00-04:00,238.24,240.73,237.68,239.68,2007000
2021-06-20 20:00:00-04:00,240.50,244.60,239.68,243.85,734200
2021-06-21 20:00:00-04:00,243.79,245.48,242.87,242.96,495600
2021-06-22 20:00:00-04:00,241.97,244.95,241.45,244.01,640500
2021-06-23 20:00:00-04:00,243.81,244.75,241.49,242.47,643300
2021-06-24 20:00:00-04:00,242.55,245.05,241.78,244.81,718500
2021-06-27 20:00:00-04:00,245.02,245.13,243.03,244.61,475100
2021-06-28 20:00:00-04:00,244.58,245.52,243.61,243.79,624100
2021-06-29 20:00:00-04:00,243.49,245.69,241.13,241.55,716000
2021-06-30 20:00:00-04:00,241.43,243.27,240.50,241.27,689700
2021-07-01 20:00:00-04:00,241.93,243.69,240.70,243.18,945200
2021-07-05 20:00:00-04:00,242.83,247.84,241.45,247.37,735500
2021-07-06 20:00:00-04:00,247.50,248.82,245.01,247.58,1021000
2021-07-07 20:00:00-04:00,246.47,249.02,246.10,246.76,684800
2021-07-08 20:00:00-04:00,247.14,250.66,246.18,250.38,517300
2021-07-11 20:00:00-04:00,250.38,252.71,250.30,252.03,693400
2021-07-12 20:00:00-04:00,252.10,252.50,248.86,249.25,622700
2021-07-13 20:00:00-04:00,249.03,252.75,249.03,251.42,630100
2021-07-14 20:00:00-04:00,251.81,252.68,250.42,251.82,687900
2021-07-15 20:00:00-04:00,252.49,253.79,251.65,252.19,689200
2021-07-18 20:00:00-04:00,251.55,251.89,245.67,247.84,867800
2021-07-19 20:00:00-04:00,249.68,252.23,249.68,250.79,756400
2021-07-20 20:00:00-04:00,250.14,250.61,247.51,247.65,751000
2021-07-21 20:00:00-04:00,247.41,249.13,247.04,248.42,741100
2021-07-22 20:00:00-04:00,249.19,252.53,248.41,252.08,549400
2021-07-25 20:00:00-04:00,251.23,252.32,249.56,251.97,607200
2021-07-26 20:00:00-04:00,252.18,253.18,250.48,252.16,698900
2021-07-27 20:00:00-04:00,252.59,253.77,250.55,251.44,609000
2021-07-28 20:00:00-04:00,251.67,253.04,250.32,250.48,491400
2021-07-29 20:00:00-04:00,251.61,254.61,250.97,251.02,1041500
2021-08-01 20:00:00-04:00,252.29,253.05,249.77,249.84,770800
2021-08-02 20:00:00-04:00,250.58,251.47,246.73,248.69,1425800
2021-08-03 20:00:00-04:00,249.59,251.94,244.70,246.22,1487300
2021-08-04 20:00:00-04:00,247.26,248.15,244.58,248.15,1163500
2021-08-05 20:00:00-04:00,248.00,249.85,244.75,244.79,596800
2021-08-08 20:00:00-04:00,244.68,249.31,244.31,248.85,744300
2021-08-09 20:00:00-04:00,250.48,252.93,249.00,249.83,835500
2021-08-10 20:00:00-04:00,250.35,252.02,249.32,250.63,505700
2021-08-11 20:00:00-04:00,251.64,253.45,250.21,253.04,578500
2021-08-12 20:00:00-04:00,253.41,254.07,251.61,252.78,560600
2021-08-15 20:00:00-04:00,253.61,255.92,252.36,255.54,688300
2021-08-16 20:00:00-04:00,255.23,257.15,254.08,256.67,706600
2021-08-17 20:00:00-04:00,255.58,257.96,255.33,257.24,1087900
2021-08-18 20:00:00-04:00,257.20,260.04,257.00,259.04,574800
2021-08-19 20:00:00-04:00,258.69,262.23,257.32,260.50,645700
2021-08-22 20:00:00-04:00,260.47,261.52,257.85,258.05,633100
2021-08-23 20:00:00-04:00,257.91,258.20,252.93,255.32,749300
2021-08-24 20:00:00-04:00,254.60,255.86,253.70,254.15,643600
2021-08-25 20:00:00-04:00,255.00,256.48,254.02,254.06,627300
2021-08-26 20:00:00-04:00,255.04,255.95,253.48,255.20,473600
2021-08-29 20:00:00-04:00,254.75,257.65,254.75,257.50,696500
2021-08-30 20:00:00-04:00,256.67,260.57,254.55,259.96,832500
2021-08-31 20:00:00-04:00,260.08,265.35,258.93,264.84,630300
2021-09-01 20:00:00-04:00,264.99,266.13,262.90,265.93,572900
2021-09-02 20:00:00-04:00,265.25,265.92,261.58,265.70,431100
2021-09-06 20:00:00-04:00,265.91,266.44,260.42,262.44,520200
2021-09-07 20:00:00-04:00,261.74,267.46,261.74,265.52,524600
2021-09-08 20:00:00-04:00,265.80,265.80,260.02,260.41,573500
2021-09-09 20:00:00-04:00,260.60,262.67,259.08,259.66,524700
2021-09-12 20:00:00-04:00,260.74,262.62,257.90,258.02,601700
2021-09-13 20:00:00-04:00,258.91,258.91,254.58,256.59,543500
2021-09-14 20:00:00-04:00,257.37,260.41,256.63,258.27,457700
2021-09-15 20:00:00-04:00,258.27,259.86,255.39,256.56,456200
2021-09-16 20:00:00-04:00,254.68,257.13,250.79,251.43,1409000
2021-09-19 20:00:00-04:00,250.93,255.16,249.42,252.32,574200
2021-09-20 20:00:00-04:00,252.55,255.15,252.07,252.15,510000
2021-09-21 20:00:00-04:00,253.71,253.71,248.51,249.93,786400
2021-09-22 20:00:00-04:00,250.00,251.19,246.45,246.89,856500
2021-09-23 20:00:00-04:00,247.20,248.71,244.44,245.64,650800
2021-09-26 20:00:00-04:00,245.64,246.76,239.80,239.87,622800
2021-09-27 20:00:00-04:00,238.16,243.39,236.30,242.12,983300
2021-09-28 20:00:00-04:00,242.53,246.01,241.70,244.38,581700
2021-09-29 20:00:00-04:00,245.83,245.83,239.59,240.16,975200
2021-09-30 20:00:00-04:00,240.90,241.77,237.47,240.24,691500
2021-10-03 20:00:00-04:00,239.67,242.01,239.02,240.93,1023600
2021-10-04 20:00:00-04:00,242.04,242.20,238.37,238.67,889800
2021-10-05 20:00:00-04:00,238.46,244.19,237.23,243.65,929300
2021-10-06 20:00:00-04:00,244.36,246.93,242.74,243.74,550000
2021-10-07 20:00:00-04:00,243.75,244.31,241.80,242.28,359300
2021-10-10 20:00:00-04:00,242.49,244.79,241.05,244.20,339900
2021-10-11 20:00:00-04:00,245.68,253.16,245.05,251.65,582300
2021-10-12 20:00:00-04:00,251.27,257.03,250.60,256.50,505100
2021-10-13 20:00:00-04:00,257.78,263.66,256.26,263.42,755700
2021-10-14 20:00:00-04:00,264.22,264.36,255.87,258.20,972800
2021-10-17 20:00:00-04:00,259.07,261.77,257.52,260.47,655600
2021-10-18 20:00:00-04:00,260.98,261.84,258.75,259.48,387300
2021-10-19 20:00:00-04:00,260.10,261.08,258.65,260.64,501000
2021-10-20 20:00:00-04:00,261.69,261.93,258.87,260.70,425900
2021-10-21 20:00:00-04:00,261.93,264.47,261.68,263.79,451900
2021-10-24 20:00:00-04:00,264.26,266.68,262.03,265.55,354000
2021-10-25 20:00:00-04:00,264.98,265.87,262.15,264.23,411400
2021-10-26 20:00:00-04:00,264.97,264.97,260.13,260.64,421200
2021-10-27 20:00:00-04:00,261.64,268.55,261.64,268.06,746700
2021-10-28 20:00:00-04:00,266.20,271.37,265.37,268.52,1358900
2021-10-31 20:00:00-04:00,268.90,269.83,261.45,268.08,527000
2021-11-01 20:00:00-04:00,269.60,275.39,267.26,272.99,838800
2021-11-02 20:00:00-04:00,273.64,275.61,266.76,268.97,460400
2021-11-03 20:00:00-04:00,269.18,272.55,267.55,268.82,528600
2021-11-04 20:00:00-04:00,270.36,270.36,258.49,261.00,647500
2021-11-07 19:00:00-05:00,261.61,262.69,257.81,261.47,520200
2021-11-08 19:00:00-05:00,261.67,264.18,260.93,262.71,499300
2021-11-09 19:00:00-05:00,262.78,266.08,262.78,264.45,467300
2021-11-10 19:00:00-05:00,266.07,266.16,262.82,265.96,219300
2021-11-11 19:00:00-05:00,265.67,267.58,263.11,266.09,425700
2021-11-14 19:00:00-05:00,266.12,268.16,263.44,268.15,356800
2021-11-15 19:00:00-05:00,268.64,269.03,264.11,265.28,449500
2021-11-16 19:00:00-05:00,263.98,270.81,261.61,269.62,647100
2021-11-17 19:00:00-05:00,270.31,272.84,267.03,271.48,593300
2021-11-18 19:00:00-05:00,272.83,272.83,268.14,268.16,518800
2021-11-21 19:00:00-05:00,268.16,269.70,265.55,266.10,506700
2021-11-22 19:00:00-05:00,266.28,268.40,264.94,267.06,325000
2021-11-23 19:00:00-05:00,267.32,271.53,266.66,270.84,242700
2021-11-25 19:00:00-05:00,268.57,271.10,264.35,264.35,368800
2021-11-28 19:00:00-05:00,267.26,270.76,264.33,268.28,441600
2021-11-29 19:00:00-05:00,266.97,269.43,263.50,264.64,1471700
2021-11-30 19:00:00-05:00,266.50,272.15,263.04,263.22,644800
2021-12-01 19:00:00-05:00,265.86,273.73,265.15,270.79,721200
2021-12-02 19:00:00-05:00,271.60,272.61,267.89,271.07,623700
2021-12-05 19:00:00-05:00,272.57,275.32,270.00,274.43,788100
2021-12-06 19:00:00-05:00,275.62,278.41,274.13,275.05,673000
2021-12-07 19:00:00-05:00,275.08,278.10,272.18,277.59,588800
2021-12-08 19:00:00-05:00,277.66,278.86,275.74,276.70,1022900
2021-12-09 19:00:00-05:00,277.67,281.73,276.82,281.30,692400
2021-12-12 19:00:00-05:00,280.93,288.82,280.63,287.13,811400
2021-12-13 19:00:00-05:00,289.33,289.66,282.51,286.39,968600
2021-12-14 19:00:00-05:00,289.40,295.19,288.73,293.87,833900
2021-12-15 19:00:00-05:00,293.34,296.09,291.17,295.09,891400
2021-12-16 19:00:00-05:00,295.68,299.94,293.60,294.07,1369500
2021-12-19 19:00:00-05:00,294.39,298.45,290.75,297.51,603700
2021-12-20 19:00:00-05:00,297.72,300.25,293.22,294.11,733700
2021-12-21 19:00:00-05:00,295.42,297.95,294.87,297.07,481600
2021-12-22 19:00:00-05:00,296.35,296.55,292.22,294.64,530200
2021-12-26 19:00:00-05:00,295.51,299.81,294.68,299.81,420100
2021-12-27 19:00:00-05:00,299.23,301.38,298.60,301.29,497800
2021-12-28 19:00:00-05:00,301.92,303.48,299.81,302.91,440600
2021-12-29 19:00:00-05:00,303.22,304.09,300.51,302.78,435600
2021-12-30 19:00:00-05:00,303.17,306.77,302.90,304.49,437100
2022-01-02 19:00:00-05:00,303.42,303.54,292.34,296.94,769900
2022-01-03 19:00:00-05:00,296.74,299.04,295.54,296.74,780900
2022-01-04 19:00:00-05:00,295.85,297.12,290.76,294.09,668800
2022-01-05 19:00:00-05:00,295.90,298.18,292.18,296.99,642400
2022-01-06 19:00:00-05:00,295.90,297.17,289.13,289.33,722900
2022-01-09 19:00:00-05:00,289.17,293.97,289.04,292.51,536600
2022-01-10 19:00:00-05:00,293.08,295.64,290.04,294.97,570100
2022-01-11 19:00:00-05:00,294.29,299.78,294.29,298.69,521200
2022-01-12 19:00:00-05:00,298.69,299.78,295.45,296.21,545400
2022-01-13 19:00:00-05:00,295.41,296.51,291.19,294.11,676300
2022-01-17 19:00:00-05:00,293.47,293.79,289.25,292.43,892900
2022-01-18 19:00:00-05:00,292.80,296.42,290.11,290.25,691400
2022-01-19 19:00:00-05:00,289.82,294.71,285.79,286.49,748300
2022-01-20 19:00:00-05:00,288.46,289.62,284.52,287.25,829000
2022-01-23 19:00:00-05:00,286.57,286.91,277.21,286.26,935200
2022-01-24 19:00:00-05:00,284.37,288.51,280.72,286.56,837600
2022-01-25 19:00:00-05:00,286.43,290.83,280.99,283.04,742900
2022-01-26 19:00:00-05:00,283.24,287.48,279.00,281.48,923800
2022-01-27 19:00:00-05:00,282.21,293.14,277.17,293.12,881800
2022-01-30 19:00:00-05:00,292.69,295.42,289.38,291.46,947100
2022-01-31 19:00:00-05:00,292.36,292.43,284.93,288.86,700900
2022-02-01 19:00:00-05:00,290.38,301.43,289.40,301.07,1021600
2022-02-02 19:00:00-05:00,299.34,300.48,297.49,298.61,562900
2022-02-03 19:00:00-05:00,296.70,298.76,293.47,294.97,788800
2022-02-06 19:00:00-05:00,294.97,296.47,292.57,294.89,618200
2022-02-07 19:00:00-05:00,295.48,297.23,292.92,294.64,553500
2022-02-08 19:00:00-05:00,297.82,300.43,296.07,300.12,527400
2022-02-09 19:00:00-05:00,295.57,298.81,290.26,291.91,632500
2022-02-10 19:00:00-05:00,292.18,293.92,287.60,291.17,553800
2022-02-13 19:00:00-05:00,290.97,293.66,288.06,289.11,685700
2022-02-14 19:00:00-05:00,290.86,291.70,285.06,285.82,701200
2022-02-15 19:00:00-05:00,286.65,287.45,282.08,285.92,500800
2022-02-16 19:00:00-05:00,285.32,285.32,281.08,281.32,693400
2022-02-17 19:00:00-05:00,280.61,282.47,279.10,279.29,681900
2022-02-21 19:00:00-05:00,278.77,281.49,276.46,278.33,802300
2022-02-22 19:00:00-05:00,303.38,303.38,286.37,287.33,1342100
2022-02-23 19:00:00-05:00,283.68,287.20,278.67,285.85,1490500
2022-02-24 19:00:00-05:00,287.70,294.86,287.06,294.85,839900
2022-02-27 19:00:00-05:00,291.51,292.72,286.60,288.60,1040600
2022-02-28 19:00:00-05:00,290.61,294.54,288.63,291.82,670600
2022-03-01 19:00:00-05:00,292.60,297.66,291.90,296.95,723500
2022-03-02 19:00:00-05:00,298.34,304.11,297.53,303.19,731000
2022-03-03 19:00:00-05:00,301.39,308.79,300.35,306.77,697400
2022-03-06 19:00:00-05:00,305.81,309.25,303.96,305.78,622700
2022-03-07 19:00:00-05:00,304.08,305.27,297.71,298.51,586200
2022-03-08 19:00:00-05:00,300.78,303.23,297.16,300.48,647000
2022-03-09 19:00:00-05:00,298.76,301.68,297.70,300.51,605000
2022-03-10 19:00:00-05:00,300.80,303.25,297.33,297.52,455200
2022-03-13 20:00:00-04:00,299.46,300.16,291.60,292.71,673100
2022-03-14 20:00:00-04:00,296.66,296.66,287.70,290.31,811900
2022-03-15 20:00:00-04:00,291.49,294.12,286.93,292.42,891200
2022-03-16 20:00:00-04:00,293.21,300.35,293.19,299.01,619500
2022-03-17 20:00:00-04:00,303.75,304.64,297.55,298.96,1344600
2022-03-20 20:00:00-04:00,299.81,303.64,298.53,300.47,658000
2022-03-21 20:00:00-04:00,302.02,303.60,298.48,302.77,649300
2022-03-22 20:00:00-04:00,302.49,304.08,299.33,300.87,710300
2022-03-23 20:00:00-04:00,300.86,305.01,300.84,305.01,646700
2022-03-24 20:00:00-04:00,305.73,307.70,303.28,307.37,528400
2022-03-27 20:00:00-04:00,307.87,314.59,307.42,313.38,691000
2022-03-28 20:00:00-04:00,320.85,325.68,312.75,324.10,921200
2022-03-29 20:00:00-04:00,323.19,324.89,321.54,323.85,437100
2022-03-30 20:00:00-04:00,325.32,327.35,319.03,319.04,1062500
2022-03-31 20:00:00-04:00,319.85,324.75,319.27,324.13,617700
2022-04-03 20:00:00-04:00,324.22,325.36,317.55,322.16,583900
2022-04-04 20:00:00-04:00,320.71,329.18,320.71,323.49,803400
2022-04-05 20:00:00-04:00,324.76,334.70,322.58,334.00,839200
2022-04-06 20:00:00-04:00,331.07,335.68,328.77,334.51,609200
2022-04-07 20:00:00-04:00,335.15,336.71,333.72,334.30,526700
2022-04-10 20:00:00-04:00,334.64,336.53,326.02,328.46,638800
2022-04-11 20:00:00-04:00,328.40,333.21,326.11,332.52,598200
2022-04-12 20:00:00-04:00,333.06,334.78,329.29,331.60,583300
2022-04-13 20:00:00-04:00,332.35,335.73,330.31,333.93,510800
2022-04-17 20:00:00-04:00,333.96,336.48,333.03,334.84,658000
2022-04-18 20:00:00-04:00,336.79,340.32,335.99,337.75,520100
2022-04-19 20:00:00-04:00,337.90,344.44,337.67,343.25,592000
2022-04-20 20:00:00-04:00,343.77,344.77,337.22,337.26,548900
2022-04-21 20:00:00-04:00,336.88,337.89,328.63,328.92,571400
2022-04-24 20:00:00-04:00,329.37,330.04,321.08,326.17,933700
2022-04-25 20:00:00-04:00,327.55,330.21,321.71,322.24,799800
2022-04-26 20:00:00-04:00,323.47,327.26,319.69,319.94,671800
2022-04-27 20:00:00-04:00,323.01,326.74,319.46,326.14,577900
2022-04-28 20:00:00-04:00,323.01,323.27,302.81,303.69,1385500
2022-05-01 20:00:00-04:00,305.45,306.51,288.43,294.33,1118500
2022-05-02 20:00:00-04:00,295.15,295.49,288.80,291.84,903900
2022-05-03 20:00:00-04:00,284.54,291.18,282.79,290.34,1008400
2022-05-04 20:00:00-04:00,291.04,291.97,282.38,285.52,839900
2022-05-05 20:00:00-04:00,282.67,283.60,271.71,275.39,1153200
2022-05-08 20:00:00-04:00,270.58,271.14,255.65,256.43,1175800
2022-05-09 20:00:00-04:00,260.04,261.80,254.52,255.35,1269000
2022-05-10 20:00:00-04:00,256.19,261.84,255.09,255.69,1065500
2022-05-11 20:00:00-04:00,257.53,259.41,253.11,256.80,782800
2022-05-12 20:00:00-04:00,258.98,261.03,254.73,260.39,783300
2022-05-15 20:00:00-04:00,260.36,262.50,258.47,260.91,597000
2022-05-16 20:00:00-04:00,262.93,262.93,255.57,258.69,632200
2022-05-17 20:00:00-04:00,258.43,258.90,250.09,250.88,623700
2022-05-18 20:00:00-04:00,249.83,255.34,248.17,253.23,1100600
2022-05-19 20:00:00-04:00,255.46,256.38,252.61,255.79,606400
2022-05-22 20:00:00-04:00,258.23,261.74,254.13,261.67,697800
2022-05-23 20:00:00-04:00,260.63,267.47,259.95,266.49,1069800
2022-05-24 20:00:00-04:00,265.23,267.43,261.19,265.57,1111700
2022-05-25 20:00:00-04:00,266.85,268.92,265.52,266.41,574700
2022-05-26 20:00:00-04:00,267.58,275.09,267.58,274.48,602500
2022-05-30 20:00:00-04:00,272.80,273.46,269.53,270.29,1388700
2022-05-31 20:00:00-04:00,270.62,273.65,265.66,270.27,738200
2022-06-01 20:00:00-04:00,268.66,272.30,262.82,272.15,568300
2022-06-02 20:00:00-04:00,270.14,273.59,267.43,270.35,521900
2022-06-05 20:00:00-04:00,271.93,271.93,263.13,263.64,848200
2022-06-06 20:00:00-04:00,262.92,270.54,261.87,270.29,716100
2022-06-07 20:00:00-04:00,268.65,268.65,258.20,258.78,725200
2022-06-08 20:00:00-04:00,257.73,261.10,253.12,253.22,549600
2022-06-09 20:00:00-04:00,250.13,254.98,248.51,251.31,906800
2022-06-12 20:00:00-04:00,246.07,248.68,241.78,243.18,782200
2022-06-13 20:00:00-04:00,243.80,247.38,241.46,245.12,904300
2022-06-14 20:00:00-04:00,245.67,254.32,245.56,250.33,819100
2022-06-15 20:00:00-04:00,245.32,251.71,245.32,247.55,811200
2022-06-16 20:00:00-04:00,247.81,252.01,244.13,245.70,1439200
2022-06-20 20:00:00-04:00,248.05,251.11,246.45,248.62,595300
2022-06-21 20:00:00-04:00,247.27,255.66,247.27,252.03,736100
2022-06-22 20:00:00-04:00,253.49,255.42,251.19,253.62,755600
2022-06-23 20:00:00-04:00,255.38,259.11,253.10,258.58,878100
2022-06-26 20:00:00-04:00,257.60,260.26,256.03,258.18,539500
2022-06-27 20:00:00-04:00,260.45,261.87,256.03,256.33,593300
2022-06-28 20:00:00-04:00,256.33,257.80,254.37,256.00,598200
2022-06-29 20:00:00-04:00,254.08,260.85,253.74,257.33,1012000
2022-06-30 20:00:00-04:00,257.06,261.92,256.87,261.19,489200
2022-07-04 20:00:00-04:00,259.24,259.49,253.20,259.01,669700
2022-07-05 20:00:00-04:00,260.52,263.57,258.50,260.91,424300
2022-07-06 20:00:00-04:00,261.33,263.00,257.44,259.07,545400
2022-07-07 20:00:00-04:00,259.07,261.36,257.10,259.93,506300
2022-07-10 20:00:00-04:00,258.75,261.12,258.00,258.26,502800
2022-07-11 20:00:00-04:00,256.08,258.90,250.93,252.96,555700
2022-07-12 20:00:00-04:00,250.21,254.57,248.31,251.90,526000
2022-07-13 20:00:00-04:00,246.73,253.20,246.73,252.19,445900
2022-07-14 20:00:00-04:00,256.08,258.41,252.97,257.86,734400
2022-07-17 20:00:00-04:00,259.43,260.59,252.83,254.27,556300
2022-07-18 20:00:00-04:00,256.09,260.40,254.80,260.30,549800
2022-07-19 20:00:00-04:00,259.75,262.17,258.18,260.07,422600
2022-07-20 20:00:00-04:00,259.99,262.85,258.22,262.77,495100
2022-07-21 20:00:00-04:00,263.40,266.54,261.36,262.81,417100
2022-07-24 20:00:00-04:00,270.05,270.48,263.57,266.59,619500
2022-07-25 20:00:00-04:00,265.47,269.72,265.28,268.88,753100
2022-07-26 20:00:00-04:00,268.30,269.45,266.16,268.53,815500
2022-07-27 20:00:00-04:00,269.86,277.86,269.16,277.43,874800
2022-07-28 20:00:00-04:00,277.69,281.70,276.44,279.54,638100
2022-07-31 20:00:00-04:00,277.74,280.42,277.28,277.84,599700
2022-08-01 20:00:00-04:00,277.05,280.76,274.37,274.85,860200
2022-08-02 20:00:00-04:00,276.29,284.09,275.42,281.24,1015000
2022-08-03 20:00:00-04:00,283.18,285.05,279.60,283.10,787100
2022-08-04 20:00:00-04:00,274.05,286.55,274.05,283.64,793800
2022-08-07 20:00:00-04:00,286.04,289.36,284.07,287.50,556100
2022-08-08 20:00:00-04:00,288.33,294.17,287.63,293.69,867000
2022-08-09 20:00:00-04:00,296.68,297.52,292.39,296.31,622800
2022-08-10 20:00:00-04:00,296.74,300.14,295.37,296.69,487700
2022-08-11 20:00:00-04:00,298.29,301.44,297.82,301.20,529900
2022-08-14 20:00:00-04:00,301.96,304.38,301.08,304.32,531000
2022-08-15 20:00:00-04:00,301.81,304.48,300.69,302.50,660900
2022-08-16 20:00:00-04:00,299.74,305.31,298.40,304.26,597600
2022-08-17 20:00:00-04:00,304.27,305.85,300.19,302.18,500500
2022-08-18 20:00:00-04:00,301.51,302.85,299.54,300.80,1237800
2022-08-21 20:00:00-04:00,299.74,299.74,295.46,296.62,567900
2022-08-22 20:00:00-04:00,295.72,295.97,290.97,292.11,613500
2022-08-23 20:00:00-04:00,292.15,296.74,292.15,293.76,839000
2022-08-24 20:00:00-04:00,295.14,300.18,295.14,299.96,578400
2022-08-25 20:00:00-04:00,299.86,300.51,294.42,295.05,453900
2022-08-28 20:00:00-04:00,293.40,295.38,291.09,291.75,398600
2022-08-29 20:00:00-04:00,291.18,292.39,284.00,284.75,561000
2022-08-30 20:00:00-04:00,286.51,287.23,282.46,283.32,913100
2022-08-31 20:00:00-04:00,281.36,289.48,280.58,289.28,796500
2022-09-01 20:00:00-04:00,290.95,291.33,284.23,285.17,505600
2022-09-05 20:00:00-04:00,285.85,293.68,285.85,290.65,716700
2022-09-06 20:00:00-04:00,289.66,293.82,288.29,293.14,881400
2022-09-07 20:00:00-04:00,291.54,294.15,287.46,290.66,560800
2022-09-08 20:00:00-04:00,291.37,293.37,288.61,290.46,649400
2022-09-11 20:00:00-04:00,290.12,291.36,288.93,290.76,577400
2022-09-12 20:00:00-04:00,287.15,287.73,281.14,282.38,740400
2022-09-13 20:00:00-04:00,281.68,282.96,277.70,279.71,864300
2022-09-14 20:00:00-04:00,279.11,279.11,269.90,270.21,669800
2022-09-15 20:00:00-04:00,270.53,271.13,266.68,269.77,2423400
2022-09-18 20:00:00-04:00,268.37,269.63,264.51,269.21,640000
2022-09-19 20:00:00-04:00,266.91,266.91,261.67,263.85,769600
2022-09-20 20:00:00-04:00,265.14,266.84,259.78,259.93,545800
2022-09-21 20:00:00-04:00,258.94,258.94,254.15,257.51,774200
2022-09-22 20:00:00-04:00,254.76,257.42,251.46,254.20,675700
2022-09-25 20:00:00-04:00,252.61,253.26,246.68,250.54,859800
2022-09-26 20:00:00-04:00,253.06,253.44,246.17,247.67,564000
2022-09-27 20:00:00-04:00,250.62,253.59,247.15,252.04,738600
2022-09-28 20:00:00-04:00,249.85,250.55,244.67,247.67,671600
2022-09-29 20:00:00-04:00,251.05,253.46,248.00,252.25,1124100
2022-10-02 20:00:00-04:00,254.89,255.70,250.96,253.23,868000
2022-10-03 20:00:00-04:00,254.26,258.17,253.50,255.86,1062500
2022-10-04 20:00:00-04:00,252.23,254.70,248.79,253.21,654400
2022-10-05 20:00:00-04:00,253.79,254.89,247.34,248.07,787200
2022-10-06 20:00:00-04:00,246.10,247.52,241.93,244.38,842900
2022-10-09 20:00:00-04:00,245.37,249.86,244.71,247.76,920000
2022-10-10 20:00:00-04:00,246.81,250.51,245.60,249.75,747500
2022-10-11 20:00:00-04:00,249.80,250.79,246.76,247.17,475600
2022-10-12 20:00:00-04:00,243.03,250.71,242.74,249.17,851500
2022-10-13 20:00:00-04:00,252.20,253.21,242.47,242.76,853900
2022-10-16 20:00:00-04:00,246.76,253.46,245.82,251.33,1030600
2022-10-17 20:00:00-04:00,255.55,259.90,253.79,256.03,853800
2022-10-18 20:00:00-04:00,253.09,255.86,250.29,250.60,627900
2022-10-19 20:00:00-04:00,252.04,254.67,251.01,252.49,840200
2022-10-20 20:00:00-04:00,252.21,253.31,247.69,252.14,1558100
2022-10-23 20:00:00-04:00,253.72,255.36,249.91,250.98,772100
2022-10-24 20:00:00-04:00,252.03,259.50,250.91,258.54,881000
2022-10-25 20:00:00-04:00,258.62,261.21,255.58,256.79,681100
2022-10-26 20:00:00-04:00,258.44,259.33,255.27,256.58,650000
2022-10-27 20:00:00-04:00,255.57,269.45,254.27,268.39,798000
2022-10-30 20:00:00-04:00,267.68,269.42,265.47,266.84,1080300
2022-10-31 20:00:00-04:00,267.91,268.55,263.48,265.03,827200
2022-11-01 20:00:00-04:00,264.71,264.71,243.39,243.82,1534800
2022-11-02 20:00:00-04:00,241.21,241.22,237.27,238.35,1417000
2022-11-03 20:00:00-04:00,238.79,239.82,233.34,239.26,1050900
2022-11-06 19:00:00-05:00,242.47,244.05,233.23,236.33,756300
2022-11-07 19:00:00-05:00,237.60,248.72,236.94,247.00,1327500
2022-11-08 19:00:00-05:00,248.05,252.13,245.19,245.27,996200
2022-11-09 19:00:00-05:00,255.60,262.17,253.92,260.86,1076700
2022-11-10 19:00:00-05:00,261.27,262.43,252.04,254.29,655700
2022-11-13 19:00:00-05:00,255.00,255.56,250.34,250.47,781100
2022-11-14 19:00:00-05:00,253.36,254.88,246.65,249.05,925500
2022-11-15 19:00:00-05:00,249.63,255.49,249.33,250.78,843100
2022-11-16 19:00:00-05:00,247.51,251.94,247.31,249.30,511900
2022-11-17 19:00:00-05:00,251.72,254.01,248.51,252.85,1048500
2022-11-20 19:00:00-05:00,251.73,256.73,251.73,256.32,713900
2022-11-21 19:00:00-05:00,256.86,258.17,254.56,257.88,624700
2022-11-22 19:00:00-05:00,257.58,257.89,254.09,255.96,1057200
2022-11-24 19:00:00-05:00,258.15,260.79,255.43,257.25,394000
2022-11-27 19:00:00-05:00,256.03,257.32,248.01,248.58,993300
2022-11-28 19:00:00-05:00,248.89,250.38,247.48,250.35,972600
2022-11-29 19:00:00-05:00,249.16,256.84,247.74,256.69,2217400
2022-11-30 19:00:00-05:00,258.50,259.41,251.75,254.55,652400
2022-12-01 19:00:00-05:00,251.53,255.80,250.81,254.83,632900
2022-12-04 19:00:00-05:00,252.63,254.85,249.30,249.36,1049700
2022-12-05 19:00:00-05:00,249.86,250.29,246.14,248.96,908200
2022-12-06 19:00:00-05:00,250.25,256.35,246.63,255.70,937400
2022-12-07 19:00:00-05:00,256.35,263.85,254.98,260.75,1081100
2022-12-08 19:00:00-05:00,260.09,260.92,256.31,256.38,657700
2022-12-11 19:00:00-05:00,256.38,259.97,254.56,259.67,983900
2022-12-12 19:00:00-05:00,266.06,266.71,260.26,261.84,992100
2022-12-13 19:00:00-05:00,263.15,266.01,258.90,260.33,1254500
2022-12-14 19:00:00-05:00,257.35,261.65,254.94,259.14,1353900
2022-12-15 19:00:00-05:00,255.85,256.97,246.42,248.44,2001900
2022-12-18 19:00:00-05:00,247.73,248.43,245.12,246.67,730900
2022-12-19 19:00:00-05:00,245.00,248.32,242.83,244.79,594700
2022-12-20 19:00:00-05:00,246.49,249.76,245.28,246.01,574900
2022-12-21 19:00:00-05:00,244.47,245.73,240.02,242.82,731700
2022-12-22 19:00:00-05:00,241.59,246.82,240.22,245.61,459800
2022-12-26 19:00:00-05:00,245.24,246.21,243.57,245.46,314100
2022-12-27 19:00:00-05:00,246.27,247.37,240.31,241.08,574200
2022-12-28 19:00:00-05:00,242.93,246.42,241.86,245.06,403500
2022-12-29 19:00:00-05:00,244.10,244.55,240.19,242.99,432900
2023-01-02 19:00:00-05:00,243.76,244.53,234.73,237.78,1046300
2023-01-03 19:00:00-05:00,239.67,243.73,239.24,241.19,694900
2023-01-04 19:00:00-05:00,238.98,240.07,234.27,235.25,880900
2023-01-05 19:00:00-05:00,235.50,240.28,235.06,240.02,857900
2023-01-08 19:00:00-05:00,239.67,246.76,238.83,243.88,947000
2023-01-09 19:00:00-05:00,244.76,245.80,241.79,243.85,769800
2023-01-10 19:00:00-05:00,246.62,255.34,246.62,254.68,731600
2023-01-11 19:00:00-05:00,255.00,257.55,252.55,256.77,707300
2023-01-12 19:00:00-05:00,253.38,255.54,250.67,252.25,851100
2023-01-16 19:00:00-05:00,254.10,255.40,251.81,252.89,756400
2023-01-17 19:00:00-05:00,252.50,253.94,246.75,247.84,1045500
2023-01-18 19:00:00-05:00,247.38,250.88,245.42,249.37,854400
2023-01-19 19:00:00-05:00,248.90,251.45,246.23,250.72,2293900
2023-01-22 19:00:00-05:00,250.98,252.72,249.25,252.24,709500
2023-01-23 19:00:00-05:00,252.98,256.06,249.54,254.80,686000
2023-01-24 19:00:00-05:00,254.02,255.05,251.87,253.48,521200
2023-01-25 19:00:00-05:00,254.59,258.69,252.98,257.91,593600
2023-01-26 19:00:00-05:00,256.81,260.73,256.81,259.58,628500
2023-01-29 19:00:00-05:00,258.09,261.16,258.09,259.21,1063600
2023-01-30 19:00:00-05:00,258.62,265.15,258.44,263.93,848700
2023-01-31 19:00:00-05:00,262.72,266.36,259.68,265.32,680800
2023-02-01 19:00:00-05:00,267.46,273.94,267.46,270.11,557600
2023-02-02 19:00:00-05:00,266.74,267.83,262.93,267.52,709300
2023-02-05 19:00:00-05:00,260.54,270.33,259.77,266.89,2363600
2023-02-06 19:00:00-05:00,263.73,264.47,259.55,261.93,1470600
2023-02-07 19:00:00-05:00,261.38,263.37,258.93,261.90,1182700
2023-02-08 19:00:00-05:00,263.41,263.92,258.59,258.90,1270200
2023-02-09 19:00:00-05:00,256.65,261.12,255.23,260.09,1832100
2023-02-12 19:00:00-05:00,260.12,263.54,260.01,262.34,1053700
2023-02-13 19:00:00-05:00,261.90,263.32,258.34,260.93,1029600
2023-02-14 19:00:00-05:00,259.55,261.42,257.32,260.96,690800
2023-02-15 19:00:00-05:00,257.61,260.93,255.35,259.79,1154700
2023-02-16 19:00:00-05:00,259.21,260.20,256.27,259.31,1971200
2023-02-20 19:00:00-05:00,257.44,259.36,256.61,259.22,1545200
2023-02-21 19:00:00-05:00,255.33,258.27,250.98,253.49,2077700
2023-02-22 19:00:00-05:00,254.65,256.33,252.31,255.23,883000
2023-02-23 19:00:00-05:00,253.99,256.20,252.29,254.31,1015500
2023-02-26 19:00:00-05:00,256.47,258.58,254.14,256.03,993400
2023-02-27 19:00:00-05:00,256.03,262.13,255.36,259.26,1456900
2023-02-28 19:00:00-05:00,256.65,257.59,253.82,256.44,1586900
2023-03-01 19:00:00-05:00,255.13,261.30,253.22,261.24,1052200
2023-03-02 19:00:00-05:00,263.17,265.56,263.16,264.35,1032200
2023-03-05 19:00:00-05:00,265.29,265.71,263.16,265.13,530500
2023-03-06 19:00:00-05:00,265.53,266.11,261.18,262.21,579300
2023-03-07 19:00:00-05:00,261.77,264.61,260.04,260.92,675600
2023-03-08 19:00:00-05:00,262.17,263.50,255.84,256.44,722100
2023-03-09 19:00:00-05:00,256.70,256.72,244.07,244.09,1306700
2023-03-12 20:00:00-04:00,242.24,256.70,242.24,251.14,1505300
2023-03-13 20:00:00-04:00,254.31,255.63,249.12,252.06,1125700
2023-03-14 20:00:00-04:00,251.47,253.65,249.01,252.87,1066600
2023-03-15 20:00:00-04:00,252.33,258.56,250.20,258.39,1032500
2023-03-16 20:00:00-04:00,259.23,262.16,257.28,259.10,2241900
2023-03-19 20:00:00-04:00,258.22,262.55,256.32,261.47,1304400
2023-03-20 20:00:00-04:00,261.48,262.11,252.98,256.69,1311000
2023-03-21 20:00:00-04:00,254.01,257.09,249.61,249.72,1101000
2023-03-22 20:00:00-04:00,249.87,252.94,246.87,247.33,839700
2023-03-23 20:00:00-04:00,247.11,251.42,246.80,251.15,555100
2023-03-26 20:00:00-04:00,252.42,253.46,250.55,250.93,566300
2023-03-27 20:00:00-04:00,249.09,251.12,246.52,247.12,639000
2023-03-28 20:00:00-04:00,249.64,254.56,248.23,254.34,751600
2023-03-29 20:00:00-04:00,257.29,258.76,256.07,258.20,698300
2023-03-30 20:00:00-04:00,259.45,264.91,259.04,264.77,1175300
2023-04-02 20:00:00-04:00,268.93,276.79,268.30,269.64,3556000
2023-04-03 20:00:00-04:00,269.03,275.47,268.51,270.13,1888500
2023-04-04 20:00:00-04:00,269.80,270.96,266.53,269.26,1515600
2023-04-05 20:00:00-04:00,270.33,272.35,268.48,272.35,990100
2023-04-09 20:00:00-04:00,271.15,273.00,269.99,272.94,691300
2023-04-10 20:00:00-04:00,273.34,276.13,272.01,275.21,1114500
2023-04-11 20:00:00-04:00,276.37,277.34,274.29,274.42,881900
2023-04-12 20:00:00-04:00,274.10,274.11,265.25,266.85,1344900
2023-04-13 20:00:00-04:00,267.12,269.49,252.69,254.44,1778600
2023-04-16 20:00:00-04:00,253.83,258.14,252.79,258.06,880900
2023-04-17 20:00:00-04:00,256.98,259.11,253.88,254.64,1223300
2023-04-18 20:00:00-04:00,253.85,255.84,251.97,253.37,1152900
2023-04-19 20:00:00-04:00,252.82,253.67,250.09,252.06,1116300
2023-04-20 20:00:00-04:00,253.82,254.42,251.65,252.81,663200
2023-04-23 20:00:00-04:00,254.53,254.53,250.63,252.47,767800
2023-04-24 20:00:00-04:00,252.75,254.92,251.61,254.13,1055300
2023-04-25 20:00:00-04:00,254.13,256.07,251.67,252.93,1122600
2023-04-26 20:00:00-04:00,253.24,256.34,253.22,256.26,842200
2023-04-27 20:00:00-04:00,256.85,259.13,256.45,258.36,948800
2023-04-30 20:00:00-04:00,257.39,259.15,255.54,256.40,596200
2023-05-01 20:00:00-04:00,255.79,256.96,250.56,251.34,991400
2023-05-02 20:00:00-04:00,252.61,253.46,245.94,247.39,1206800
2023-05-03 20:00:00-04:00,248.43,255.84,247.49,254.39,1162900
2023-05-04 20:00:00-04:00,256.39,260.27,255.92,259.31,643400
2023-05-07 20:00:00-04:00,258.67,261.08,257.83,260.56,922300
2023-05-08 20:00:00-04:00,260.26,262.57,257.37,262.27,976700
2023-05-09 20:00:00-04:00,263.81,264.25,260.28,262.90,600200
2023-05-10 20:00:00-04:00,262.37,262.37,257.35,258.51,716900
2023-05-11 20:00:00-04:00,258.85,259.60,256.00,259.38,470600
2023-05-14 20:00:00-04:00,259.60,260.87,256.16,257.63,439300
2023-05-15 20:00:00-04:00,257.50,257.50,252.91,253.12,484700
2023-05-16 20:00:00-04:00,253.71,253.84,250.56,251.52,495600
2023-05-17 20:00:00-04:00,251.33,251.41,248.40,249.57,485500
2023-05-18 20:00:00-04:00,251.58,252.46,248.22,249.66,463300
2023-05-21 20:00:00-04:00,250.11,250.70,247.55,249.32,496500
2023-05-22 20:00:00-04:00,249.21,254.35,248.03,251.94,1151000
2023-05-23 20:00:00-04:00,251.76,252.95,247.14,248.34,918500
2023-05-24 20:00:00-04:00,249.85,249.85,245.25,248.09,745500
2023-05-25 20:00:00-04:00,248.88,251.40,246.98,251.23,832800
2023-05-29 20:00:00-04:00,252.48,255.73,252.41,253.17,932500
2023-05-30 20:00:00-04:00,253.91,254.58,247.52,248.26,3587900
2023-05-31 20:00:00-04:00,248.43,249.82,246.75,248.37,864100
2023-06-01 20:00:00-04:00,249.27,253.29,247.89,252.72,766800
2023-06-04 20:00:00-04:00,252.75,252.75,247.44,248.13,779400
2023-06-05 20:00:00-04:00,249.74,249.74,244.62,245.38,909000
2023-06-06 20:00:00-04:00,245.90,256.80,244.56,255.77,1275200
2023-06-07 20:00:00-04:00,255.02,257.36,251.90,254.32,750700
2023-06-08 20:00:00-04:00,254.69,254.69,251.28,251.37,756100
2023-06-11 20:00:00-04:00,251.02,252.35,247.34,252.11,1050400
2023-06-12 20:00:00-04:00,249.73,254.47,248.75,252.40,956400
2023-06-13 20:00:00-04:00,252.38,254.03,249.01,251.60,691600
2023-06-14 20:00:00-04:00,252.21,255.79,250.28,254.72,659200
2023-06-15 20:00:00-04:00,255.29,260.31,253.95,254.24,1799800
2023-06-19 20:00:00-04:00,253.40,253.79,248.87,252.40,907400
2023-06-20 20:00:00-04:00,252.74,255.81,250.41,254.83,765500
2023-06-21 20:00:00-04:00,255.18,255.52,249.11,250.88,755000
2023-06-22 20:00:00-04:00,251.06,254.67,249.21,251.12,2127300
2023-06-25 20:00:00-04:00,250.75,256.18,250.24,255.78,804200
2023-06-26 20:00:00-04:00,256.55,258.03,255.05,256.37,813700
2023-06-27 20:00:00-04:00,256.16,257.04,253.60,256.03,926800
2023-06-28 20:00:00-04:00,254.24,255.67,251.94,255.56,691200
2023-06-29 20:00:00-04:00,257.19,259.08,253.91,258.47,1404000
2023-07-02 20:00:00-04:00,257.63,261.00,256.43,259.46,363900
2023-07-04 20:00:00-04:00,258.90,260.15,253.90,258.50,807800
2023-07-05 20:00:00-04:00,255.85,257.99,253.16,257.65,816200
2023-07-06 20:00:00-04:00,254.54,256.37,253.57,254.23,740300
2023-07-09 20:00:00-04:00,253.30,257.67,251.94,257.61,785500
2023-07-10 20:00:00-04:00,257.84,260.63,256.03,260.23,523900
2023-07-11 20:00:00-04:00,262.12,265.37,261.01,262.37,689000
2023-07-12 20:00:00-04:00,261.77,264.68,260.12,264.62,445800
2023-07-13 20:00:00-04:00,264.79,267.87,263.39,267.12,552200
2023-07-16 20:00:00-04:00,267.01,268.07,265.66,266.17,510500
2023-07-17 20:00:00-04:00,266.56,266.83,259.39,260.68,720700
2023-07-18 20:00:00-04:00,260.52,266.86,259.36,259.43,697500
2023-07-19 20:00:00-04:00,258.86,259.32,254.53,255.95,776200
2023-07-20 20:00:00-04:00,256.59,258.68,255.30,258.34,819600
2023-07-23 20:00:00-04:00,259.82,261.86,258.57,261.81,1067800
2023-07-24 20:00:00-04:00,262.16,263.16,258.93,260.10,719500
2023-07-25 20:00:00-04:00,259.94,264.71,259.94,261.74,539800
2023-07-26 20:00:00-04:00,262.15,263.46,255.03,255.33,631300
2023-07-27 20:00:00-04:00,256.47,256.90,249.24,249.31,785000
2023-07-30 20:00:00-04:00,249.93,251.86,247.98,249.50,1185400
2023-07-31 20:00:00-04:00,250.18,251.49,246.60,247.38,579200
2023-08-01 20:00:00-04:00,246.07,247.95,244.79,246.86,1031800
2023-08-02 20:00:00-04:00,253.43,255.20,247.93,254.13,1606600
2023-08-03 20:00:00-04:00,250.73,251.86,241.83,244.14,2402700
2023-08-06 20:00:00-04:00,244.61,251.18,244.61,250.62,1018100
2023-08-07 20:00:00-04:00,249.24,251.17,246.88,249.57,1033600
2023-08-08 20:00:00-04:00,247.16,255.07,246.93,253.56,828800
2023-08-09 20:00:00-04:00,253.85,255.73,251.16,252.12,750500
2023-08-10 20:00:00-04:00,251.00,254.86,250.58,254.08,822400
2023-08-13 20:00:00-04:00,253.43,255.35,249.80,251.03,777200
2023-08-14 20:00:00-04:00,249.28,249.72,246.69,247.68,687200
2023-08-15 20:00:00-04:00,248.25,249.66,246.77,246.86,516100
2023-08-16 20:00:00-04:00,246.67,248.25,241.16,241.21,831500
2023-08-17 20:00:00-04:00,240.00,244.07,239.54,242.14,695000
2023-08-20 20:00:00-04:00,241.51,242.70,238.65,241.98,619100
2023-08-21 20:00:00-04:00,243.06,243.06,240.61,242.37,515100
2023-08-22 20:00:00-04:00,244.41,246.07,242.87,243.80,702200
2023-08-23 20:00:00-04:00,245.35,247.31,241.72,242.44,897600
2023-08-24 20:00:00-04:00,243.66,245.47,242.45,244.68,615200
2023-08-27 20:00:00-04:00,244.71,247.71,244.71,245.54,371400
2023-08-28 20:00:00-04:00,244.85,247.36,244.46,247.01,518800
2023-08-29 20:00:00-04:00,247.39,249.02,246.97,248.84,595700
2023-08-30 20:00:00-04:00,248.68,248.68,244.33,244.75,899100
2023-08-31 20:00:00-04:00,246.16,246.82,243.31,244.23,482500
2023-09-04 20:00:00-04:00,243.68,244.20,240.06,240.15,687700
2023-09-05 20:00:00-04:00,240.07,241.06,235.56,237.97,794800
2023-09-06 20:00:00-04:00,237.82,242.27,237.82,241.88,834100
2023-09-07 20:00:00-04:00,242.49,244.34,241.76,242.34,946200
2023-09-10 20:00:00-04:00,242.47,245.39,240.90,244.93,651000
2023-09-11 20:00:00-04:00,244.06,245.13,242.44,243.95,513000
2023-09-12 20:00:00-04:00,243.78,244.29,242.02,243.50,665600
2023-09-13 20:00:00-04:00,245.06,247.93,244.45,247.17,735900
2023-09-14 20:00:00-04:00,246.46,248.53,244.88,245.40,1190100
2023-09-17 20:00:00-04:00,245.40,245.40,240.85,241.61,597800
2023-09-18 20:00:00-04:00,242.15,244.61,241.76,242.05,723000
2023-09-19 20:00:00-04:00,244.14,244.63,241.86,242.41,528500
2023-09-20 20:00:00-04:00,240.61,241.93,235.23,235.59,719300
2023-09-21 20:00:00-04:00,235.45,239.41,235.45,236.33,726400
2023-09-24 20:00:00-04:00,235.27,236.79,233.56,236.11,568600
2023-09-25 20:00:00-04:00,234.63,236.98,233.88,236.28,814400
2023-09-26 20:00:00-04:00,240.05,243.30,237.04,237.23,1324700
2023-09-27 20:00:00-04:00,237.92,240.52,236.20,236.60,806300
2023-09-28 20:00:00-04:00,238.99,240.61,234.65,235.92,619000
2023-10-01 20:00:00-04:00,237.00,237.37,231.72,233.43,607900
2023-10-02 20:00:00-04:00,232.09,232.75,228.23,228.93,739300
2023-10-03 20:00:00-04:00,230.58,232.28,228.17,231.92,802700
2023-10-04 20:00:00-04:00,231.62,232.95,230.28,231.76,729900
2023-10-05 20:00:00-04:00,230.33,237.05,229.54,236.32,735800
2023-10-08 20:00:00-04:00,235.17,242.22,234.90,242.10,617600
2023-10-09 20:00:00-04:00,241.72,244.93,240.41,243.05,729400
2023-10-10 20:00:00-04:00,244.85,247.08,243.54,246.89,653400
2023-10-11 20:00:00-04:00,245.82,246.96,243.51,244.37,537400
2023-10-12 20:00:00-04:00,245.41,246.36,241.67,243.62,601100
2023-10-15 20:00:00-04:00,245.17,247.19,242.56,246.85,712700
2023-10-16 20:00:00-04:00,244.95,246.83,243.00,244.42,733800
2023-10-17 20:00:00-04:00,243.07,244.03,238.38,238.70,530400
2023-10-18 20:00:00-04:00,237.13,238.51,231.33,231.42,739800
2023-10-19 20:00:00-04:00,232.55,233.14,224.55,224.88,1000200
2023-10-22 20:00:00-04:00,223.82,225.95,221.82,221.96,866700
2023-10-23 20:00:00-04:00,221.98,222.72,216.13,217.23,1304600
2023-10-24 20:00:00-04:00,215.70,216.76,211.40,213.06,1083500
2023-10-25 20:00:00-04:00,213.71,216.20,213.11,213.77,1310300
2023-10-26 20:00:00-04:00,213.74,215.66,210.32,213.58,964500
2023-10-29 20:00:00-04:00,213.15,215.11,209.37,213.81,1355600
2023-10-30 20:00:00-04:00,219.00,220.90,208.76,213.71,1485200
2023-10-31 20:00:00-04:00,215.80,217.78,210.02,217.18,1244000
2023-11-01 20:00:00-04:00,219.15,225.08,219.15,222.26,993900
2023-11-02 20:00:00-04:00,226.05,232.10,226.05,226.73,1182800
2023-11-05 19:00:00-05:00,226.12,227.23,221.51,222.13,827700
2023-11-06 19:00:00-05:00,222.48,222.97,220.45,222.01,1183700
2023-11-07 19:00:00-05:00,224.37,227.93,223.29,224.43,1851400
2023-11-08 19:00:00-05:00,224.66,226.31,220.64,220.78,1205400
2023-11-09 19:00:00-05:00,222.42,222.53,218.80,219.14,1430500
2023-11-12 19:00:00-05:00,217.73,221.51,216.29,220.53,1143100
2023-11-13 19:00:00-05:00,226.23,234.10,224.28,232.77,1627800
2023-11-14 19:00:00-05:00,232.33,234.92,231.99,233.30,1004000
2023-11-15 19:00:00-05:00,234.36,235.24,232.21,232.33,1071600
2023-11-16 19:00:00-05:00,234.36,234.36,230.65,230.71,868000
2023-11-19 19:00:00-05:00,230.42,232.56,229.17,231.05,876700
2023-11-20 19:00:00-05:00,229.67,231.25,228.53,230.27,535300
2023-11-21 19:00:00-05:00,232.40,232.51,227.13,228.04,587900
2023-11-23 19:00:00-05:00,226.43,228.51,225.15,228.32,297800
2023-11-26 19:00:00-05:00,228.38,231.17,226.46,229.74,817100
2023-11-27 19:00:00-05:00,228.98,230.31,227.38,229.78,985000
2023-11-28 19:00:00-05:00,231.65,232.43,229.69,230.89,1091300
2023-11-29 19:00:00-05:00,228.99,232.90,228.99,231.66,1748500
2023-11-30 19:00:00-05:00,231.36,238.69,230.79,238.14,1301800
2023-12-03 19:00:00-05:00,237.81,241.28,237.02,241.09,1207400
2023-12-04 19:00:00-05:00,240.43,241.67,239.53,240.67,883500
2023-12-05 19:00:00-05:00,240.84,241.63,238.75,241.42,1385200
2023-12-06 19:00:00-05:00,241.72,245.80,240.87,244.49,995100
2023-12-07 19:00:00-05:00,244.14,246.58,243.05,245.13,749000
2023-12-10 19:00:00-05:00,244.41,248.08,244.02,247.83,817100
2023-12-11 19:00:00-05:00,246.75,248.06,245.36,247.08,929600
2023-12-12 19:00:00-05:00,247.73,257.41,246.73,255.73,1515800
2023-12-13 19:00:00-05:00,260.17,264.40,259.92,263.46,1716800
2023-12-14 19:00:00-05:00,263.04,263.75,259.46,262.52,2184800
2023-12-17 19:00:00-05:00,262.57,263.31,260.20,261.56,679400
2023-12-18 19:00:00-05:00,262.94,268.00,261.29,266.87,770400
2023-12-19 19:00:00-05:00,267.23,270.14,265.07,265.18,762200
2023-12-20 19:00:00-05:00,267.79,269.13,265.59,268.93,580500
2023-12-21 19:00:00-05:00,269.32,272.37,267.84,269.65,415500
2023-12-25 19:00:00-05:00,270.40,274.28,270.24,273.22,380500
2023-12-26 19:00:00-05:00,273.45,276.52,272.93,276.30,526300
2023-12-27 19:00:00-05:00,276.96,279.08,276.31,278.58,532500
2023-12-28 19:00:00-05:00,277.76,278.77,275.72,276.05,558200
2024-01-01 19:00:00-05:00,276.02,282.61,275.13,282.23,823000
2024-01-02 19:00:00-05:00,279.77,279.77,274.11,274.24,675500
2024-01-03 19:00:00-05:00,273.48,275.02,271.12,271.68,745100
2024-01-04 19:00:00-05:00,270.60,273.28,267.92,270.26,615300
2024-01-07 19:00:00-05:00,269.59,271.76,268.67,271.63,857900
2024-01-08 19:00:00-05:00,269.00,269.47,267.46,268.71,623200
2024-01-09 19:00:00-05:00,268.71,268.71,265.83,267.19,1104600
2024-01-10 19:00:00-05:00,265.81,266.99,261.54,262.79,1108500
2024-01-11 19:00:00-05:00,264.94,267.71,262.51,267.02,791400
2024-01-15 19:00:00-05:00,265.18,266.94,263.13,266.86,692500
2024-01-16 19:00:00-05:00,263.24,267.83,263.02,266.54,951500
2024-01-17 19:00:00-05:00,266.34,267.03,260.22,263.35,939200
2024-01-18 19:00:00-05:00,263.60,265.62,261.77,264.21,651000
2024-01-21 19:00:00-05:00,264.89,267.51,264.48,265.77,627700
2024-01-22 19:00:00-05:00,266.70,268.04,262.04,264.14,594700
2024-01-23 19:00:00-05:00,266.35,267.17,260.90,261.30,558900
2024-01-24 19:00:00-05:00,263.94,266.02,262.00,263.99,634800
2024-01-25 19:00:00-05:00,265.14,265.41,261.31,262.36,562300
2024-01-28 19:00:00-05:00,262.47,262.47,259.88,262.30,629600
2024-01-29 19:00:00-05:00,259.52,262.17,257.64,257.73,666300
2024-01-30 19:00:00-05:00,259.12,261.08,254.69,256.31,759200
2024-01-31 19:00:00-05:00,255.78,259.27,254.49,259.27,723600
2024-02-01 19:00:00-05:00,255.65,256.19,250.70,253.93,730600
2024-02-04 19:00:00-05:00,250.76,251.19,247.30,248.13,782600
2024-02-05 19:00:00-05:00,248.12,253.14,247.92,252.20,649700
2024-02-06 19:00:00-05:00,252.18,256.87,251.91,254.51,686700
2024-02-07 19:00:00-05:00,254.46,258.28,254.39,257.85,495600
2024-02-08 19:00:00-05:00,257.61,259.16,253.95,257.10,557000
2024-02-11 19:00:00-05:00,257.55,258.60,254.30,254.63,515300
2024-02-12 19:00:00-05:00,249.72,251.58,246.20,250.38,643300
2024-02-13 19:00:00-05:00,251.33,255.16,249.45,253.85,707300
2024-02-14 19:00:00-05:00,257.08,259.51,255.95,259.08,619800
2024-02-15 19:00:00-05:00,255.97,258.30,254.67,254.79,852700
2024-02-19 19:00:00-05:00,254.32,258.40,252.77,257.15,1201400
2024-02-20 19:00:00-05:00,265.20,267.94,257.75,261.22,1357800
2024-02-21 19:00:00-05:00,261.32,263.93,258.15,258.30,706400
2024-02-22 19:00:00-05:00,257.94,259.87,256.79,257.74,498600
2024-02-25 19:00:00-05:00,257.04,258.16,252.11,252.17,707300
2024-02-26 19:00:00-05:00,254.25,255.36,253.00,253.04,627900
2024-02-27 19:00:00-05:00,250.21,254.96,246.66,253.68,1137100
2024-02-28 19:00:00-05:00,255.14,258.57,253.42,256.92,1184800
2024-02-29 19:00:00-05:00,255.35,257.83,253.02,256.35,904500
2024-03-03 19:00:00-05:00,255.41,258.29,251.65,258.02,795500
2024-03-04 19:00:00-05:00,257.32,259.12,251.42,252.97,646200
2024-03-05 19:00:00-05:00,255.41,256.95,253.15,256.79,759200
2024-03-06 19:00:00-05:00,257.38,259.44,254.89,258.92,746100
2024-03-07 19:00:00-05:00,260.03,266.27,259.95,265.30,1151600
2024-03-10 20:00:00-04:00,265.64,267.18,263.92,263.99,689700
2024-03-11 20:00:00-04:00,262.88,266.40,261.52,265.71,549900
2024-03-12 20:00:00-04:00,266.34,267.74,263.19,264.15,836500
2024-03-13 20:00:00-04:00,265.32,265.32,254.51,256.64,833900
2024-03-14 20:00:00-04:00,253.50,256.76,251.43,253.35,1651900
2024-03-17 20:00:00-04:00,253.93,255.10,252.43,253.84,676300
2024-03-18 20:00:00-04:00,253.59,256.61,252.88,253.59,859500
2024-03-19 20:00:00-04:00,253.35,258.68,251.72,257.91,500100
2024-03-20 20:00:00-04:00,259.33,260.67,256.10,257.75,629800
2024-03-21 20:00:00-04:00,258.38,258.76,253.50,255.48,550200
2024-03-24 20:00:00-04:00,255.07,256.53,252.17,252.19,378900
2024-03-25 20:00:00-04:00,252.57,253.62,251.46,251.74,497000
2024-03-26 20:00:00-04:00,253.67,263.61,253.56,263.46,687000
2024-03-27 20:00:00-04:00,265.84,266.41,263.28,265.25,841300
2024-03-31 20:00:00-04:00,269.64,269.64,261.82,262.00,473300
2024-04-01 20:00:00-04:00,259.35,261.05,257.61,259.14,590800
2024-04-02 20:00:00-04:00,259.30,259.83,254.20,256.34,642800
2024-04-03 20:00:00-04:00,258.34,262.03,255.58,256.64,499700
2024-04-04 20:00:00-04:00,256.64,259.07,255.37,258.40,437100
2024-04-07 20:00:00-04:00,259.35,263.23,258.61,263.02,468800
2024-04-08 20:00:00-04:00,264.82,268.80,264.72,268.25,607400
2024-04-09 20:00:00-04:00,260.93,261.08,250.09,252.26,834200
2024-04-10 20:00:00-04:00,253.19,253.82,248.58,251.64,498500
2024-04-11 20:00:00-04:00,250.86,252.06,248.37,248.86,516300
2024-04-14 20:00:00-04:00,249.58,251.99,241.66,243.03,809500
2024-04-15 20:00:00-04:00,242.23,242.81,238.38,239.79,775600
2024-04-16 20:00:00-04:00,240.52,242.76,239.21,239.42,420800
2024-04-17 20:00:00-04:00,239.98,240.46,236.76,238.02,749000
2024-04-18 20:00:00-04:00,238.83,239.10,236.93,238.11,737600
2024-04-21 20:00:00-04:00,238.80,239.32,236.28,239.08,769900
2024-04-22 20:00:00-04:00,239.42,241.40,238.78,239.79,512900
2024-04-23 20:00:00-04:00,238.04,240.74,235.06,239.75,699000
2024-04-24 20:00:00-04:00,237.09,238.63,235.68,236.56,598400
2024-04-25 20:00:00-04:00,237.08,239.68,235.10,235.69,577700
2024-04-28 20:00:00-04:00,237.53,241.30,237.30,240.44,846300
2024-04-29 20:00:00-04:00,238.18,239.90,236.58,237.26,934600
2024-04-30 20:00:00-04:00,234.39,243.96,234.39,237.90,1219900
2024-05-01 20:00:00-04:00,239.98,242.76,237.41,241.36,927500
2024-05-02 20:00:00-04:00,245.01,246.72,242.00,243.03,662200
2024-05-05 20:00:00-04:00,244.78,246.42,242.30,246.17,592400
2024-05-06 20:00:00-04:00,248.53,250.55,247.33,249.83,520300
2024-05-07 20:00:00-04:00,248.41,248.41,245.18,246.01,466500
2024-05-08 20:00:00-04:00,247.22,252.15,246.83,251.84,443600
2024-05-09 20:00:00-04:00,252.18,253.10,250.68,252.34,383300
2024-05-12 20:00:00-04:00,253.16,254.31,251.63,253.23,318200
2024-05-13 20:00:00-04:00,255.78,258.72,254.59,255.90,622200
2024-05-14 20:00:00-04:00,259.86,263.10,259.36,262.13,773100
2024-05-15 20:00:00-04:00,264.99,265.20,261.55,262.47,721200
2024-05-16 20:00:00-04:00,263.93,265.96,262.45,263.98,764100
2024-05-19 20:00:00-04:00,262.86,264.54,261.05,261.45,538000
2024-05-20 20:00:00-04:00,261.13,261.47,256.97,258.82,434800
2024-05-21 20:00:00-04:00,257.64,261.28,257.15,258.80,347700
2024-05-22 20:00:00-04:00,258.35,258.35,250.78,250.89,756300
2024-05-23 20:00:00-04:00,251.87,251.87,248.62,249.09,665200
2024-05-27 20:00:00-04:00,250.92,252.09,247.26,247.36,589400
2024-05-28 20:00:00-04:00,244.40,245.06,240.82,241.24,865700
2024-05-29 20:00:00-04:00,243.32,245.33,241.90,245.30,782200
2024-05-30 20:00:00-04:00,247.36,250.72,244.65,250.41,1232100
2024-06-02 20:00:00-04:00,250.79,251.13,248.41,250.92,472100
2024-06-03 20:00:00-04:00,250.87,257.71,250.57,255.11,608800
2024-06-04 20:00:00-04:00,255.59,255.76,252.43,253.44,561800
2024-06-05 20:00:00-04:00,252.12,253.64,250.20,252.52,617400
2024-06-06 20:00:00-04:00,248.55,251.73,246.50,250.40,890200
2024-06-09 20:00:00-04:00,249.70,251.89,247.14,250.58,1006500
2024-06-10 20:00:00-04:00,248.64,252.27,247.82,251.15,782800
2024-06-11 20:00:00-04:00,257.03,260.65,254.85,254.94,723400
2024-06-12 20:00:00-04:00,256.03,261.32,255.30,261.28,747600
2024-06-13 20:00:00-04:00,260.09,262.74,260.09,261.88,617200
2024-06-16 20:00:00-04:00,259.37,262.71,257.36,262.39,753600
2024-06-17 20:00:00-04:00,262.98,269.77,261.78,269.47,899100
2024-06-19 20:00:00-04:00,267.89,270.68,265.90,269.95,799100
2024-06-20 20:00:00-04:00,270.52,271.36,268.15,269.10,1487300
2024-06-23 20:00:00-04:00,268.32,274.14,267.15,270.26,625300
2024-06-24 20:00:00-04:00,269.97,269.97,263.94,267.73,714300
2024-06-25 20:00:00-04:00,266.26,268.01,264.81,266.39,383200
2024-06-26 20:00:00-04:00,268.31,268.31,261.96,264.94,905600
2024-06-27 20:00:00-04:00,265.84,267.07,262.80,265.95,1790200
2024-06-30 20:00:00-04:00,263.27,265.73,259.35,261.77,618000
2024-07-01 20:00:00-04:00,262.54,264.31,260.89,263.86,626400
2024-07-02 20:00:00-04:00,263.98,267.52,263.41,265.67,360200
2024-07-04 20:00:00-04:00,266.62,268.34,264.39,267.82,514900
2024-07-07 20:00:00-04:00,268.07,269.61,266.68,268.53,466600
2024-07-08 20:00:00-04:00,268.51,269.13,262.96,267.19,420000
2024-07-09 20:00:00-04:00,268.09,268.59,264.19,265.72,569600
2024-07-10 20:00:00-04:00,269.49,275.61,268.05,274.26,676500
2024-07-11 20:00:00-04:00,277.37,282.55,274.85,279.80,679300
2024-07-14 20:00:00-04:00,281.00,281.79,276.34,279.26,478400
2024-07-15 20:00:00-04:00,280.63,283.50,279.09,282.60,701000
2024-07-16 20:00:00-04:00,282.60,287.12,281.82,286.60,703300
2024-07-17 20:00:00-04:00,285.42,291.18,280.20,280.72,815500
2024-07-18 20:00:00-04:00,281.86,282.76,278.31,278.90,494400
2024-07-21 20:00:00-04:00,279.65,282.61,275.03,281.46,557600
2024-07-22 20:00:00-04:00,281.04,282.23,278.58,279.19,969400
2024-07-23 20:00:00-04:00,279.53,280.42,273.17,273.26,704400
2024-07-24 20:00:00-04:00,275.06,278.49,271.31,272.67,544900
2024-07-25 20:00:00-04:00,273.90,279.16,273.16,278.06,368100
2024-07-28 20:00:00-04:00,277.84,280.55,274.63,279.96,457200
2024-07-29 20:00:00-04:00,280.97,282.77,278.18,281.41,537700
2024-07-30 20:00:00-04:00,267.92,280.32,265.38,273.60,1623000
2024-07-31 20:00:00-04:00,275.79,277.74,273.47,277.45,763800
2024-08-01 20:00:00-04:00,277.07,288.83,275.65,288.37,1217000
2024-08-04 20:00:00-04:00,282.80,290.84,280.02,280.76,1395900
2024-08-05 20:00:00-04:00,280.74,291.48,278.84,289.06,1030000
2024-08-06 20:00:00-04:00,289.40,293.07,286.25,286.76,906300
2024-08-07 20:00:00-04:00,285.71,289.70,284.60,289.55,561500
2024-08-08 20:00:00-04:00,290.48,294.48,287.84,293.13,558200
2024-08-11 20:00:00-04:00,292.54,292.54,287.79,290.63,575900
2024-08-12 20:00:00-04:00,292.35,293.20,289.80,292.58,469100
2024-08-13 20:00:00-04:00,292.29,298.38,292.29,296.68,607800
2024-08-14 20:00:00-04:00,295.78,296.35,291.43,293.30,676900
2024-08-15 20:00:00-04:00,292.69,295.86,292.10,295.32,554900
2024-08-18 20:00:00-04:00,296.23,298.86,295.46,298.71,485000
2024-08-19 20:00:00-04:00,299.10,301.24,298.64,300.99,544500
2024-08-20 20:00:00-04:00,301.53,304.23,297.81,303.07,572300
2024-08-21 20:00:00-04:00,304.38,308.56,301.88,308.10,845900
2024-08-22 20:00:00-04:00,309.25,315.94,308.74,315.22,548300
2024-08-25 20:00:00-04:00,316.70,317.12,313.17,314.04,420900
2024-08-26 20:00:00-04:00,311.67,317.56,311.65,316.75,576000
2024-08-27 20:00:00-04:00,315.62,317.16,311.70,315.07,540700
2024-08-28 20:00:00-04:00,315.07,316.46,311.47,315.94,730300
2024-08-29 20:00:00-04:00,317.71,318.35,313.11,317.79,942100
2024-09-02 20:00:00-04:00,316.76,319.05,314.18,315.91,646100
2024-09-03 20:00:00-04:00,317.38,320.41,314.33,318.01,805800
2024-09-04 20:00:00-04:00,320.46,321.54,315.02,315.44,724000
2024-09-05 20:00:00-04:00,315.97,320.57,314.27,319.56,860100
2024-09-08 20:00:00-04:00,319.64,326.59,317.59,324.99,700700
2024-09-09 20:00:00-04:00,325.88,333.98,324.80,332.05,845000
2024-09-10 20:00:00-04:00,327.94,332.78,325.05,332.29,597500
2024-09-11 20:00:00-04:00,331.63,332.42,328.11,332.03,633900
2024-09-12 20:00:00-04:00,333.12,335.33,330.65,334.87,548900
2024-09-15 20:00:00-04:00,335.91,339.95,333.65,338.44,596500
2024-09-16 20:00:00-04:00,337.78,339.29,333.23,333.38,594100
2024-09-17 20:00:00-04:00,335.60,341.51,334.61,336.32,552700
2024-09-18 20:00:00-04:00,339.00,339.00,330.71,334.36,582400
2024-09-19 20:00:00-04:00,333.32,337.25,331.72,337.25,2196300
2024-09-22 20:00:00-04:00,339.18,341.43,337.83,340.32,595100
2024-09-23 20:00:00-04:00,337.41,341.99,336.75,337.50,479400
2024-09-24 20:00:00-04:00,338.13,338.56,333.87,335.26,652000
2024-09-25 20:00:00-04:00,335.18,335.87,331.53,332.39,724900
2024-09-26 20:00:00-04:00,334.05,334.85,330.83,332.52,790700
2024-09-29 20:00:00-04:00,331.92,339.52,331.04,339.26,943500
2024-09-30 20:00:00-04:00,342.46,344.96,335.23,335.71,995700
2024-10-01 20:00:00-04:00,332.32,332.78,328.29,331.27,903200
2024-10-02 20:00:00-04:00,331.27,332.07,327.03,329.12,629000
2024-10-03 20:00:00-04:00,325.12,325.69,320.19,322.04,823100
2024-10-06 20:00:00-04:00,320.52,323.60,317.94,323.26,574900
2024-10-07 20:00:00-04:00,325.37,325.52,322.27,324.41,539400
2024-10-08 20:00:00-04:00,324.41,324.94,321.32,324.42,415200
2024-10-09 20:00:00-04:00,323.54,324.82,317.96,318.93,641300
2024-10-10 20:00:00-04:00,320.69,321.62,318.48,319.64,445100
2024-10-13 20:00:00-04:00,318.40,322.10,318.05,320.47,440100
2024-10-14 20:00:00-04:00,322.64,326.83,320.87,321.65,617500
2024-10-15 20:00:00-04:00,321.53,325.79,321.53,324.13,444000
2024-10-16 20:00:00-04:00,323.23,323.44,320.46,322.04,642000
2024-10-17 20:00:00-04:00,323.55,323.93,321.22,322.24,368900
2024-10-20 20:00:00-04:00,320.67,321.36,308.62,309.40,818100
2024-10-21 20:00:00-04:00,309.67,313.47,308.73,312.27,543300
2024-10-22 20:00:00-04:00,311.93,319.33,311.43,316.79,711300
2024-10-23 20:00:00-04:00,316.87,318.73,315.21,315.52,321500
2024-10-24 20:00:00-04:00,316.05,316.75,312.16,313.59,554700
2024-10-27 20:00:00-04:00,315.54,317.74,312.02,313.84,465400
2024-10-28 20:00:00-04:00,312.46,313.96,308.46,308.85,679200
2024-10-29 20:00:00-04:00,309.20,313.61,309.10,313.11,1167700
2024-10-30 20:00:00-04:00,306.75,315.78,302.91,306.80,1371300
2024-10-31 20:00:00-04:00,307.79,308.30,301.03,301.77,1058400
2024-11-03 19:00:00-05:00,304.53,310.08,302.88,310.07,840300
2024-11-04 19:00:00-05:00,308.82,317.72,306.47,317.56,629400
2024-11-05 19:00:00-05:00,312.69,314.39,295.66,303.31,1542700
2024-11-06 19:00:00-05:00,303.83,311.60,302.89,310.60,1040700
2024-11-07 19:00:00-05:00,312.11,318.66,311.04,316.46,611200
2024-11-10 19:00:00-05:00,314.07,317.59,312.99,314.11,750700
2024-11-11 19:00:00-05:00,312.34,313.39,307.24,307.90,917200
2024-11-12 19:00:00-05:00,312.46,314.06,309.60,312.28,760200
2024-11-13 19:00:00-05:00,311.06,312.49,308.28,309.35,681400
2024-11-14 19:00:00-05:00,307.74,313.38,307.44,312.35,599500
2024-11-17 19:00:00-05:00,311.24,315.30,309.50,314.48,533100
2024-11-18 19:00:00-05:00,315.29,315.67,311.15,311.83,666700
2024-11-19 19:00:00-05:00,310.48,311.24,306.87,310.35,531200
2024-11-20 19:00:00-05:00,309.17,316.13,308.27,313.13,481400
2024-11-21 19:00:00-05:00,315.33,315.81,313.20,314.75,508800
2024-11-24 19:00:00-05:00,318.22,328.99,316.51,324.30,1359400
2024-11-25 19:00:00-05:00,323.60,327.88,320.93,326.36,650900
2024-11-26 19:00:00-05:00,329.00,331.80,327.55,327.59,499500
2024-11-28 19:00:00-05:00,327.06,328.81,323.96,324.51,691000
2024-12-01 19:00:00-05:00,323.44,325.47,318.35,320.80,709900
2024-12-02 19:00:00-05:00,321.76,321.76,312.76,313.36,483800
2024-12-03 19:00:00-05:00,312.26,312.89,309.55,311.98,469000
2024-12-04 19:00:00-05:00,311.06,312.03,308.91,310.17,568700
2024-12-05 19:00:00-05:00,311.14,311.94,309.28,311.41,1013500
2024-12-08 19:00:00-05:00,311.11,314.02,310.39,312.87,570600
2024-12-09 19:00:00-05:00,311.62,311.62,304.28,305.80,853000
2024-12-10 19:00:00-05:00,305.65,307.47,300.69,301.47,923400
2024-12-11 19:00:00-05:00,302.60,304.60,299.04,299.09,650100
2024-12-12 19:00:00-05:00,297.70,301.85,297.65,298.93,566800
2024-12-15 19:00:00-05:00,298.67,300.63,295.90,296.65,753900
2024-12-16 19:00:00-05:00,294.10,299.29,292.45,294.92,1234600
2024-12-17 19:00:00-05:00,293.37,294.92,281.78,282.24,867000
2024-12-18 19:00:00-05:00,281.27,284.56,271.69,272.31,1044900
2024-12-19 19:00:00-05:00,274.29,285.12,273.53,280.00,2224900
2024-12-22 19:00:00-05:00,279.05,281.68,277.06,281.24,751900
2024-12-23 19:00:00-05:00,279.71,283.98,278.81,283.10,296300
2024-12-25 19:00:00-05:00,281.03,284.23,279.78,283.59,377700
2024-12-26 19:00:00-05:00,281.45,284.08,280.01,280.56,388300
2024-12-29 19:00:00-05:00,279.47,279.47,275.36,278.40,549700
2024-12-30 19:00:00-05:00,280.41,281.92,278.49,281.82,813100
2025-01-01 19:00:00-05:00,281.41,281.88,277.28,279.13,707300
2025-01-02 19:00:00-05:00,278.68,283.31,278.60,282.77,489400
2025-01-05 19:00:00-05:00,281.45,282.64,277.77,278.42,597700
2025-01-06 19:00:00-05:00,280.47,282.39,278.04,280.65,789500
2025-01-07 19:00:00-05:00,279.29,280.87,275.04,278.08,584900
2025-01-09 19:00:00-05:00,274.15,275.86,270.60,271.99,883100
2025-01-12 19:00:00-05:00,271.92,273.37,270.03,273.16,709500
2025-01-13 19:00:00-05:00,274.73,275.48,272.32,272.92,958600
2025-01-14 19:00:00-05:00,280.47,281.95,271.90,273.40,782700
2025-01-15 19:00:00-05:00,273.82,281.14,272.42,280.18,388600
2025-01-16 19:00:00-05:00,280.25,281.53,278.59,278.65,587300
2025-01-20 19:00:00-05:00,279.55,284.48,279.05,279.56,653800
2025-01-21 19:00:00-05:00,277.76,278.84,273.28,273.64,596100
2025-01-22 19:00:00-05:00,274.60,275.26,271.13,274.43,904900
2025-01-23 19:00:00-05:00,273.96,277.08,273.88,275.00,637500
2025-01-26 19:00:00-05:00,277.59,283.79,276.29,279.83,1305800
2025-01-27 19:00:00-05:00,278.82,280.41,276.31,279.98,726100
2025-01-28 19:00:00-05:00,279.27,281.43,275.08,276.95,643300
2025-01-29 19:00:00-05:00,281.41,285.44,277.52,280.51,806400
2025-01-30 19:00:00-05:00,279.43,284.47,279.00,280.92,734400
2025-02-02 19:00:00-05:00,279.59,280.85,274.82,278.50,838200
2025-02-03 19:00:00-05:00,275.62,279.84,275.39,279.28,630700
2025-02-04 19:00:00-05:00,283.06,285.30,280.04,284.37,556600
2025-02-05 19:00:00-05:00,285.74,286.28,283.36,285.06,471400
2025-02-06 19:00:00-05:00,285.08,286.62,282.78,284.80,420600
2025-02-09 19:00:00-05:00,285.49,286.58,282.61,285.76,436000
2025-02-10 19:00:00-05:00,284.51,287.46,284.25,287.37,333800
2025-02-11 19:00:00-05:00,281.71,283.85,280.42,282.45,386800
2025-02-12 19:00:00-05:00,283.20,284.80,282.22,283.52,363600
2025-02-13 19:00:00-05:00,284.80,285.93,279.84,279.90,398800
2025-02-17 19:00:00-05:00,278.73,281.87,278.02,279.52,556600
2025-02-18 19:00:00-05:00,278.68,280.52,277.72,279.93,474700
2025-02-19 19:00:00-05:00,279.87,286.66,278.04,286.17,433200
2025-02-20 19:00:00-05:00,286.08,286.87,282.71,286.29,593200
2025-02-23 19:00:00-05:00,285.48,288.72,282.60,285.50,1064400
2025-02-24 19:00:00-05:00,292.18,294.27,283.63,290.44,1398500
2025-02-25 19:00:00-05:00,290.75,291.37,283.39,286.40,933200
2025-02-26 19:00:00-05:00,286.66,290.95,285.32,287.71,749200
2025-02-27 19:00:00-05:00,288.74,290.38,281.37,285.76,1074700
2025-03-02 19:00:00-05:00,286.22,292.78,284.60,292.74,789700
2025-03-03 19:00:00-05:00,294.44,299.80,287.23,288.04,1317800
2025-03-04 19:00:00-05:00,285.10,293.53,285.00,292.98,680300
2025-03-05 19:00:00-05:00,291.75,292.83,285.37,290.28,868800
2025-03-06 19:00:00-05:00,290.87,296.69,289.89,295.51,895200
2025-03-09 20:00:00-04:00,295.78,303.52,294.84,295.15,1060400
2025-03-10 20:00:00-04:00,295.40,295.82,287.84,290.08,1057700
2025-03-11 20:00:00-04:00,288.78,290.56,284.23,285.60,834400
2025-03-12 20:00:00-04:00,285.40,288.79,277.69,278.41,700200
2025-03-13 20:00:00-04:00,279.89,283.68,277.56,283.39,744200
2025-03-16 20:00:00-04:00,284.15,287.68,282.36,285.56,482600
2025-03-17 20:00:00-04:00,284.45,286.78,282.35,283.74,510300
2025-03-18 20:00:00-04:00,282.96,285.10,278.49,281.00,798700
2025-03-19 20:00:00-04:00,281.32,283.38,279.57,281.82,692800
2025-03-20 20:00:00-04:00,281.26,281.48,276.21,276.75,1421700
2025-03-23 20:00:00-04:00,277.81,282.59,277.55,280.35,667500
2025-03-24 20:00:00-04:00,280.25,281.25,272.33,274.85,610200
2025-03-25 20:00:00-04:00,275.65,278.92,275.65,277.13,441900
2025-03-26 20:00:00-04:00,278.18,281.87,277.04,277.49,550300
2025-03-27 20:00:00-04:00,279.56,280.04,276.05,279.82,524600
2025-03-30 20:00:00-04:00,281.73,286.65,281.13,284.49,1015000
2025-03-31 20:00:00-04:00,286.61,286.61,280.17,284.08,838700
2025-04-01 20:00:00-04:00,284.81,284.90,278.49,282.25,596800
2025-04-02 20:00:00-04:00,281.02,287.53,278.09,280.17,1151300
2025-04-03 20:00:00-04:00,279.80,284.72,269.92,270.46,1407100
2025-04-06 20:00:00-04:00,269.12,271.61,257.17,262.06,1409400
2025-04-07 20:00:00-04:00,266.14,268.82,250.96,253.14,1338700
2025-04-08 20:00:00-04:00,250.88,269.77,243.91,268.33,1789400
2025-04-09 20:00:00-04:00,267.58,270.83,257.11,264.32,1227700
2025-04-10 20:00:00-04:00,263.95,267.11,258.36,266.48,1035600
2025-04-13 20:00:00-04:00,268.21,275.29,267.42,274.45,1044300
2025-04-14 20:00:00-04:00,274.71,277.76,272.91,274.63,691500
2025-04-15 20:00:00-04:00,274.73,278.07,273.37,274.74,698000
2025-04-16 20:00:00-04:00,276.89,283.74,276.89,281.37,741400
2025-04-20 20:00:00-04:00,279.09,279.52,270.04,273.34,664200
2025-04-21 20:00:00-04:00,278.97,283.29,277.19,282.00,843200
2025-04-22 20:00:00-04:00,282.68,285.64,278.50,280.63,709600
2025-04-23 20:00:00-04:00,282.01,282.05,278.13,279.26,689700
2025-04-24 20:00:00-04:00,279.21,279.59,273.56,276.53,909800
2025-04-27 20:00:00-04:00,276.95,278.89,275.51,277.67,844100
2025-04-28 20:00:00-04:00,276.60,279.46,274.88,278.50,621300
2025-04-29 20:00:00-04:00,278.26,286.39,276.77,285.58,1044200
2025-04-30 20:00:00-04:00,284.46,289.73,280.46,285.17,905100
2025-05-01 20:00:00-04:00,289.26,289.26,284.74,285.31,1290500
2025-05-04 20:00:00-04:00,285.17,287.20,282.53,285.49,861300
2025-05-05 20:00:00-04:00,283.41,286.27,280.93,283.25,647300
2025-05-06 20:00:00-04:00,283.30,286.48,282.88,285.07,991100
2025-05-07 20:00:00-04:00,284.42,287.99,282.98,285.83,734700
2025-05-08 20:00:00-04:00,285.13,289.81,284.69,289.04,460100
2025-05-11 20:00:00-04:00,290.41,291.07,284.07,290.09,822600
2025-05-12 20:00:00-04:00,292.30,292.33,285.04,287.19,730800
2025-05-13 20:00:00-04:00,285.70,286.78,281.96,283.45,642000
2025-05-14 20:00:00-04:00,285.73,290.17,284.31,289.90,532700
2025-05-15 20:00:00-04:00,290.05,293.87,289.68,293.87,706900
2025-05-18 20:00:00-04:00,292.25,294.45,290.40,294.16,505900
2025-05-19 20:00:00-04:00,293.31,294.32,291.82,292.60,479400
2025-05-20 20:00:00-04:00,290.10,290.79,280.71,281.23,615400
2025-05-21 20:00:00-04:00,281.19,282.75,277.70,281.16,592500
2025-05-22 20:00:00-04:00,282.02,282.78,280.04,282.03,558700
2025-05-26 20:00:00-04:00,284.57,286.32,281.75,285.30,874600
2025-05-27 20:00:00-04:00,285.26,287.66,284.16,287.22,626100
2025-05-28 20:00:00-04:00,287.91,292.55,286.62,290.89,570000
2025-05-29 20:00:00-04:00,290.04,293.45,288.94,293.16,1601200
2025-06-01 20:00:00-04:00,290.47,294.67,288.24,294.45,553500
2025-06-02 20:00:00-04:00,292.97,293.19,286.67,288.31,918300
2025-06-03 20:00:00-04:00,287.11,290.02,285.36,288.29,811000
2025-06-04 20:00:00-04:00,288.05,288.11,285.40,285.60,801100
2025-06-05 20:00:00-04:00,286.56,289.28,285.37,287.93,747500
2025-06-08 20:00:00-04:00,287.08,290.99,286.18,287.62,569300
2025-06-09 20:00:00-04:00,288.51,290.25,286.26,288.99,590200
2025-06-10 20:00:00-04:00,289.16,290.38,284.40,285.32,644400
2025-06-11 20:00:00-04:00,286.16,287.60,283.53,284.83,947400
2025-06-12 20:00:00-04:00,282.66,285.31,281.08,283.20,708600
2025-06-15 20:00:00-04:00,284.65,286.38,281.33,282.82,853300
2025-06-16 20:00:00-04:00,282.11,284.48,280.37,281.96,585700
2025-06-17 20:00:00-04:00,282.06,282.55,278.94,279.22,766800
2025-06-19 20:00:00-04:00,279.26,281.75,277.10,278.52,1420000
2025-06-22 20:00:00-04:00,278.98,283.51,278.98,283.02,636100
2025-06-23 20:00:00-04:00,282.78,284.95,280.07,283.82,711700
2025-06-24 20:00:00-04:00,282.53,282.53,277.56,277.91,841000
2025-06-25 20:00:00-04:00,278.11,278.86,273.55,277.07,1198600
2025-06-26 20:00:00-04:00,278.02,282.77,277.28,278.33,1194200
2025-06-29 20:00:00-04:00,277.69,282.38,272.73,281.73,1255300
2025-06-30 20:00:00-04:00,280.53,289.53,279.88,286.21,771800
2025-07-01 20:00:00-04:00,284.49,287.26,283.97,285.26,729600
2025-07-02 20:00:00-04:00,285.84,287.02,283.25,284.51,742600
2025-07-06 20:00:00-04:00,285.23,286.73,279.06,280.32,849700
2025-07-07 20:00:00-04:00,277.92,283.38,277.92,279.23,1110100
2025-07-08 20:00:00-04:00,279.25,280.11,275.48,277.48,897100
2025-07-09 20:00:00-04:00,277.31,280.99,276.37,277.33,920300
2025-07-10 20:00:00-04:00,277.29,278.43,274.12,277.61,1425600
2025-07-13 20:00:00-04:00,276.90,278.84,275.76,277.13,912600
2025-07-14 20:00:00-04:00,277.00,279.06,272.56,272.60,871600
2025-07-15 20:00:00-04:00,273.89,275.56,271.36,274.17,982700
2025-07-16 20:00:00-04:00,274.42,275.86,271.54,272.24,1027900
2025-07-17 20:00:00-04:00,272.36,272.98,269.51,272.74,1007800
2025-07-20 20:00:00-04:00,273.36,275.92,272.68,273.24,882100
2025-07-21 20:00:00-04:00,274.14,279.56,273.59,279.44,836200
2025-07-22 20:00:00-04:00,278.98,280.36,276.76,278.08,726300
2025-07-23 20:00:00-04:00,277.19,278.17,275.68,275.86,590600
2025-07-24 20:00:00-04:00,275.01,276.56,272.85,276.29,674400
2025-07-27 20:00:00-04:00,275.35,278.17,274.39,274.59,905700
2025-07-28 20:00:00-04:00,276.36,281.19,274.72,280.91,854100
2025-07-29 20:00:00-04:00,280.22,281.84,275.42,277.15,884600
2025-07-30 20:00:00-04:00,273.87,279.34,260.43,261.10,1848400
2025-07-31 20:00:00-04:00,265.63,268.67,260.26,267.78,1539800
2025-08-03 20:00:00-04:00,267.15,271.29,266.77,269.40,1019600
2025-08-04 20:00:00-04:00,269.30,271.84,268.20,270.59,919400
2025-08-05 20:00:00-04:00,271.63,272.87,269.72,270.21,639300
2025-08-06 20:00:00-04:00,271.32,272.66,269.29,272.58,737900
2025-08-07 20:00:00-04:00,273.26,273.95,270.06,270.51,435000
2025-08-10 20:00:00-04:00,268.65,270.46,267.28,268.60,899100
2025-08-11 20:00:00-04:00,268.85,270.68,266.82,269.30,744300
2025-08-12 20:00:00-04:00,270.36,272.25,268.27,271.90,869100
2025-08-13 20:00:00-04:00,269.58,270.70,267.82,269.70,558700
2025-08-14 20:00:00-04:00,269.48,273.02,269.48,271.67,577200
2025-08-17 20:00:00-04:00,271.32,271.72,269.23,269.38,416500
2025-08-18 20:00:00-04:00,271.10,275.93,271.10,275.90,572000
2025-08-19 20:00:00-04:00,276.03,279.24,275.24,275.51,685300
2025-08-20 20:00:00-04:00,273.41,275.58,272.88,275.33,495300
2025-08-21 20:00:00-04:00,277.28,284.66,277.28,282.01,460100
2025-08-24 20:00:00-04:00,281.10,282.08,278.10,278.29,371200
2025-08-25 20:00:00-04:00,278.91,280.59,276.95,277.37,760200
2025-08-26 20:00:00-04:00,279.71,280.45,277.51,279.59,620500
2025-08-27 20:00:00-04:00,279.18,280.47,277.63,280.05,670500
2025-08-28 20:00:00-04:00,280.01,283.08,279.71,282.85,519300
2025-09-01 20:00:00-04:00,280.86,281.53,276.38,276.70,934600
2025-09-02 20:00:00-04:00,276.63,280.73,276.45,280.13,569100
2025-09-03 20:00:00-04:00,281.58,282.52,277.54,280.58,693000
2025-09-04 20:00:00-04:00,283.55,287.33,282.78,285.93,595000
2025-09-07 20:00:00-04:00,283.12,283.85,280.08,282.98,817400
2025-09-08 20:00:00-04:00,280.94,283.03,277.55,278.54,882000
2025-09-09 20:00:00-04:00,278.03,279.44,277.00,277.19,807400
2025-09-10 20:00:00-04:00,277.61,283.89,277.61,283.17,576200
2025-09-11 20:00:00-04:00,282.63,284.12,280.23,280.67,690800
2025-09-14 20:00:00-04:00,282.74,283.26,277.65,278.00,692300
2025-09-15 20:00:00-04:00,277.80,279.27,275.06,276.30,877100
2025-09-16 20:00:00-04:00,277.50,281.11,275.60,275.64,1083100
2025-09-17 20:00:00-04:00,274.76,276.87,273.40,275.31,1073900
2025-09-18 20:00:00-04:00,275.28,276.60,270.52,270.66,2156000
2025-09-21 20:00:00-04:00,271.76,272.61,269.93,271.31,1309600
2025-09-22 20:00:00-04:00,271.30,274.26,271.01,273.86,1338800
2025-09-23 20:00:00-04:00,273.16,274.13,271.13,272.32,667000
2025-09-24 20:00:00-04:00,272.81,274.18,271.70,271.88,597900
2025-09-25 20:00:00-04:00,272.60,278.62,272.60,277.73,834800
2025-09-28 20:00:00-04:00,277.80,280.15,275.87,279.91,768800
2025-09-29 20:00:00-04:00,279.44,280.41,277.36,280.22,805900
2025-09-30 20:00:00-04:00,280.36,284.17,279.65,281.99,652700
2025-10-01 20:00:00-04:00,281.51,282.35,279.27,280.52,561600
2025-10-02 20:00:00-04:00,281.60,286.89,280.80,284.77,547400
2025-10-05 20:00:00-04:00,284.96,285.20,281.42,282.12,586900
2025-10-06 20:00:00-04:00,281.60,285.33,280.87,284.76,564500
2025-10-07 20:00:00-04:00,282.94,284.72,281.77,284.38,634600
2025-10-08 20:00:00-04:00,285.64,287.42,284.00,285.22,791600
2025-10-09 20:00:00-04:00,286.19,288.38,284.87,285.62,814600
2025-10-12 20:00:00-04:00,288.57,291.18,286.30,290.67,931200
2025-10-13 20:00:00-04:00,290.87,295.18,290.87,293.12,1124400
2025-10-14 20:00:00-04:00,293.55,297.72,290.81,292.00,968800
2025-10-15 20:00:00-04:00,292.21,301.45,292.17,297.56,1620500
2025-10-16 20:00:00-04:00,297.64,300.55,296.28,298.42,1998400
2025-10-19 20:00:00-04:00,299.65,302.53,298.59,302.48,715800
2025-10-20 20:00:00-04:00,302.67,303.60,298.95,299.06,973900
2025-10-21 20:00:00-04:00,298.66,301.94,297.93,301.59,733100
2025-10-22 20:00:00-04:00,301.70,302.42,295.32,297.13,775600
2025-10-23 20:00:00-04:00,298.62,298.71,293.18,293.21,843000
2025-10-26 20:00:00-04:00,293.21,293.27,290.25,291.36,803400
2025-10-27 20:00:00-04:00,291.21,291.55,286.52,289.13,977500
2025-10-28 20:00:00-04:00,289.20,289.20,279.96,280.54,1720300
2025-10-29 20:00:00-04:00,284.82,287.36,271.60,272.47,1652500
2025-10-30 20:00:00-04:00,269.92,272.45,266.97,270.23,1350400
2025-11-02 19:00:00-05:00,267.75,269.42,265.10,269.32,1206700
2025-11-03 19:00:00-05:00,270.44,270.72,265.49,267.77,965300
2025-11-04 19:00:00-05:00,268.08,271.24,266.57,270.58,864100
2025-11-05 19:00:00-05:00,269.88,270.22,265.48,265.77,955600
2025-11-06 19:00:00-05:00,267.36,270.47,266.26,269.74,664800
2025-11-09 19:00:00-05:00,267.28,268.15,261.80,264.63,868800
2025-11-10 19:00:00-05:00,266.94,269.89,265.79,269.56,649500
2025-11-11 19:00:00-05:00,268.33,269.84,265.74,266.93,706400
2025-11-12 19:00:00-05:00,265.71,268.95,265.53,266.08,839700
2025-11-13 19:00:00-05:00,267.55,269.69,264.77,266.06,577700
2025-11-16 19:00:00-05:00,266.73,267.12,261.52,262.19,581800
2025-11-17 19:00:00-05:00,261.46,263.51,258.93,263.39,873500
2025-11-18 19:00:00-05:00,263.90,265.37,257.26,258.20,1323500
2025-11-19 19:00:00-05:00,258.89,259.80,254.63,257.52,1125500
2025-11-20 19:00:00-05:00,259.14,264.54,259.05,261.45,1473300
2025-11-23 19:00:00-05:00,262.32,262.32,258.27,261.12,1879100
2025-11-24 19:00:00-05:00,262.68,266.85,262.68,264.19,877500
2025-11-25 19:00:00-05:00,263.08,267.43,262.92,266.01,922800
2025-11-27 19:00:00-05:00,265.02,267.88,264.94,266.33,382100
2025-11-30 19:00:00-05:00,264.87,266.97,262.87,263.05,1105000
2025-12-01 19:00:00-05:00,264.42,265.55,261.96,265.00,792200
2025-12-02 19:00:00-05:00,265.29,270.22,265.03,269.93,1195900
2025-12-03 19:00:00-05:00,269.42,270.66,267.65,268.36,851800
2025-12-04 19:00:00-05:00,267.70,268.32,263.26,263.93,783700
2025-12-07 19:00:00-05:00,263.03,265.36,261.42,261.49,1036800
2025-12-08 19:00:00-05:00,262.17,264.80,256.69,256.80,1240700
2025-12-09 19:00:00-05:00,256.90,260.41,256.90,259.62,1177200
2025-12-10 19:00:00-05:00,261.61,266.14,259.75,265.53,1246200
2025-12-11 19:00:00-05:00,267.38,269.10,265.13,266.75,1175100
2025-12-14 19:00:00-05:00,269.55,270.81,264.81,267.15,1869000
2025-12-15 19:00:00-05:00,267.59,267.99,262.32,262.35,1698800
2025-12-16 19:00:00-05:00,261.69,264.53,259.17,262.04,1722900
2025-12-17 19:00:00-05:00,261.14,262.94,256.15,256.35,1775200
2025-12-18 19:00:00-05:00,255.82,255.84,253.60,254.18,3779600
2025-12-21 19:00:00-05:00,253.58,256.70,252.11,256.39,1007000
2025-12-22 19:00:00-05:00,256.30,256.35,253.73,254.45,930200
2025-12-23 19:00:00-05:00,254.25,257.29,253.66,257.05,353300
2025-12-25 19:00:00-05:00,256.22,257.21,254.69,255.66,618600
2025-12-28 19:00:00-05:00,256.22,257.31,253.42,254.34,986700
2025-12-29 19:00:00-05:00,254.35,256.34,253.83,256.12,923500
2025-12-30 19:00:00-05:00,256.03,256.17,254.07,254.52,815200
2026-01-01 19:00:00-05:00,254.13,255.29,251.68,253.48,946200
2026-01-04 19:00:00-05:00,252.83,256.35,251.62,255.89,1299300
2026-01-05 19:00:00-05:00,253.85,266.95,253.85,265.13,1418900
2026-01-06 19:00:00-05:00,266.05,266.79,259.32,260.58,1125400
2026-01-07 19:00:00-05:00,258.74,267.45,258.18,265.92,897400
2026-01-08 19:00:00-05:00,265.85,274.00,265.36,272.81,1148900
2026-01-11 19:00:00-05:00,272.97,276.68,272.45,273.84,1419900
2026-01-12 19:00:00-05:00,274.10,275.03,268.45,274.46,994000
2026-01-13 19:00:00-05:00,273.78,282.39,273.64,282.25,939300
2026-01-14 19:00:00-05:00,282.77,288.15,280.17,287.41,1192600
2026-01-15 19:00:00-05:00,285.99,290.05,284.72,288.25,2670900
2026-01-19 19:00:00-05:00,285.53,286.10,278.06,279.71,1767600
2026-01-20 19:00:00-05:00,281.47,286.16,278.52,283.16,1789600
2026-01-21 19:00:00-05:00,283.50,285.03,279.84,281.08,988700
2026-01-22 19:00:00-05:00,281.84,282.89,276.95,277.21,824100
2026-01-25 19:00:00-05:00,276.00,277.77,273.10,273.40,835000
2026-01-26 19:00:00-05:00,272.71,275.29,271.25,272.37,658500
2026-01-27 19:00:00-05:00,272.76,274.78,267.29,268.61,828500
2026-01-28 19:00:00-05:00,269.72,273.70,268.17,272.13,1053200
2026-01-29 19:00:00-05:00,270.36,271.82,267.74,270.89,1527000
2026-02-01 19:00:00-05:00,271.36,271.70,266.50,266.59,880100
2026-02-02 19:00:00-05:00,267.01,276.28,267.01,274.18,1301800
2026-02-03 19:00:00-05:00,276.30,284.89,276.30,282.96,1089600
2026-02-04 19:00:00-05:00,279.05,280.98,274.55,277.39,872200
2026-02-05 19:00:00-05:00,278.86,281.84,278.23,281.49,661200
2026-02-08 19:00:00-05:00,281.48,284.46,280.06,283.35,983600
2026-02-09 19:00:00-05:00,284.46,288.10,281.68,286.72,1254000
2026-02-10 19:00:00-05:00,286.62,288.30,284.56,288.20,1076600
2026-02-11 19:00:00-05:00,288.78,291.51,285.37,286.76,2149300
2026-02-12 19:00:00-05:00,283.74,294.90,279.21,294.59,1856500
2026-02-16 19:00:00-05:00,297.44,300.17,291.51,296.21,1901500
2026-02-17 19:00:00-05:00,295.95,296.25,290.73,293.26,1483200
2026-02-18 19:00:00-05:00,292.86,295.83,290.26,292.77,1081200
2026-02-19 19:00:00-05:00,293.48,300.11,292.28,299.15,1162600
2026-02-22 19:00:00-05:00,299.68,303.44,298.23,299.40,1289300
2026-02-23 19:00:00-05:00,298.73,301.39,295.65,298.27,865500
2026-02-24 19:00:00-05:00,298.57,299.10,292.05,293.61,811400
2026-02-25 19:00:00-05:00,294.46,298.35,292.59,298.12,1200500
2026-02-26 19:00:00-05:00,298.05,304.24,295.52,301.17,1667000
2026-03-01 19:00:00-05:00,299.50,306.86,298.05,304.97,1067800
2026-03-02 19:00:00-05:00,302.20,302.46,296.94,300.27,977100
2026-03-03 19:00:00-05:00,299.95,305.04,295.56,304.80,949700
2026-03-04 19:00:00-05:00,301.01,302.24,299.46,301.05,881500
2026-03-05 19:00:00-05:00,298.69,303.26,295.62,302.22,995600
2026-03-08 20:00:00-04:00,300.29,301.73,290.89,300.60,1441400
2026-03-09 20:00:00-04:00,299.03,304.91,296.29,300.12,983700
2026-03-10 20:00:00-04:00,298.73,298.77,293.26,294.16,1269400
2026-03-11 20:00:00-04:00,292.58,295.53,289.94,292.03,1062800
2026-03-12 20:00:00-04:00,295.63,297.80,291.47,292.01,838100
2026-03-15 20:00:00-04:00,288.65,293.08,278.62,287.13,4034500
2026-03-16 20:00:00-04:00,290.11,292.84,283.01,283.50,2266000
2026-03-17 20:00:00-04:00,282.38,283.33,274.64,275.04,1195200
2026-03-18 20:00:00-04:00,273.52,275.89,272.72,274.78,971800
2026-03-19 20:00:00-04:00,274.48,276.23,262.12,263.33,2036400
2026-03-22 20:00:00-04:00,267.46,273.09,263.92,268.82,1421300
2026-03-23 20:00:00-04:00,266.39,268.27,263.48,265.47,1229000
2026-03-24 20:00:00-04:00,266.56,268.09,260.57,265.17,938900
2026-03-25 20:00:00-04:00,264.01,269.81,264.01,265.54,1399600
2026-03-26 20:00:00-04:00,265.14,267.76,262.02,263.56,1077900
2026-03-29 20:00:00-04:00,267.62,268.46,261.55,262.69,1052700
2026-03-30 20:00:00-04:00,266.47,269.50,262.46,268.39,1512300
2026-03-31 20:00:00-04:00,267.86,274.27,267.09,273.70,930100
2026-04-01 20:00:00-04:00,272.59,278.69,271.48,277.77,854900
2026-04-05 20:00:00-04:00,277.09,279.49,276.42,278.30,638700
2026-04-06 20:00:00-04:00,277.29,279.63,276.03,276.67,958600
2026-04-07 20:00:00-04:00,280.99,287.55,280.64,287.33,1134900
2026-04-08 20:00:00-04:00,285.48,291.88,284.72,290.57,976300
2026-04-09 20:00:00-04:00,290.25,294.07,289.24,292.28,1097900
2026-04-12 20:00:00-04:00,290.71,294.04,288.11,293.50,1116300
2026-04-13 20:00:00-04:00,292.99,302.14,292.99,301.20,1553300
2026-04-14 20:00:00-04:00,299.69,300.10,292.52,297.07,1439700
2026-04-15 20:00:00-04:00,297.96,300.55,296.69,298.96,836900
2026-04-16 20:00:00-04:00,299.58,307.82,299.58,306.37,988500
2026-04-19 20:00:00-04:00,306.83,309.37,303.90,309.30,705300
2026-04-20 20:00:00-04:00,308.92,310.62,304.53,305.49,866400
2026-04-21 20:00:00-04:00,307.67,307.99,299.16,302.00,1119500
2026-04-22 20:00:00-04:00,303.18,308.28,303.18,307.96,729200
2026-04-23 20:00:00-04:00,307.76,308.78,304.42,305.45,1011700
2026-04-26 20:00:00-04:00,305.14,307.58,301.50,302.67,1545900
2026-04-27 20:00:00-04:00,307.55,308.38,292.96,294.41,1648800
2026-04-28 20:00:00-04:00,292.88,295.11,289.17,291.38,1357700
2026-04-29 20:00:00-04:00,292.29,300.49,291.29,299.67,1220800
2026-04-30 20:00:00-04:00,300.06,300.06,296.36,298.77,582200
2026-05-03 20:00:00-04:00,296.75,299.42,292.04,292.64,580600
2026-05-04 20:00:00-04:00,293.22,297.38,291.94,296.07,737900
2026-05-05 20:00:00-04:00,300.51,309.04,299.18,306.14,952700
2026-05-06 20:00:00-04:00,305.96,306.94,301.94,306.48,691400
2026-05-07 20:00:00-04:00,306.02,310.24,305.37,308.18,808400
2026-05-10 20:00:00-04:00,308.88,309.53,306.28,308.68,755600
2026-05-11 20:00:00-04:00,309.14,309.47,304.17,308.41,1676700
2026-05-12 20:00:00-04:00,307.53,307.53,299.99,300.90,929200
2026-05-13 20:00:00-04:00,302.76,303.41,300.05,300.24,606100
2026-05-14 20:00:00-04:00,297.86,298.38,288.94,289.78,766500
2026-05-17 20:00:00-04:00,290.04,294.43,290.04,293.42,655400
2026-05-18 20:00:00-04:00,291.73,295.28,286.55,294.73,1036800
2026-05-19 20:00:00-04:00,298.72,304.07,298.01,300.08,896700
2026-05-20 20:00:00-04:00,297.64,302.22,294.25,302.18,605200
2026-05-21 20:00:00-04:00,303.97,305.78,300.40,302.44,675500
2026-05-25 20:00:00-04:00,303.01,304.61,300.53,301.67,929300
2026-05-26 20:00:00-04:00,303.11,307.04,301.78,303.97,747300
2026-05-27 20:00:00-04:00,302.86,308.96,299.75,306.40,768000
2026-05-28 20:00:00-04:00,304.30,305.41,300.89,300.89,1493600
2026-05-31 20:00:00-04:00,296.34,298.47,292.95,293.08,731200
2026-06-01 20:00:00-04:00,292.90,297.08,292.19,296.39,663100
2026-06-02 20:00:00-04:00,296.18,302.24,295.63,299.19,823600
2026-06-03 20:00:00-04:00,303.93,305.32,300.15,303.84,782300
2026-06-04 20:00:00-04:00,302.63,309.58,300.85,306.83,842900
2026-06-07 20:00:00-04:00,307.43,309.05,305.17,308.22,696500
2026-06-08 20:00:00-04:00,309.13,321.57,308.83,319.89,1292900
2026-06-09 20:00:00-04:00,320.77,328.74,319.89,320.89,1629200
2026-06-10 20:00:00-04:00,322.11,324.65,318.91,321.72,1117000
2026-06-11 20:00:00-04:00,322.52,325.55,321.01,322.94,876100
2026-06-14 20:00:00-04:00,322.80,326.53,319.74,320.98,1204900
2026-06-15 20:00:00-04:00,322.50,325.51,319.16,320.17,821800
2026-06-16 20:00:00-04:00,318.42,320.20,311.23,312.58,804300
2026-06-17 20:00:00-04:00,318.72,320.31,314.61,318.12,1253400
2026-06-21 20:00:00-04:00,317.46,323.00,317.27,320.22,932000
2026-06-22 20:00:00-04:00,322.67,325.87,319.74,321.29,1031300
2026-06-23 20:00:00-04:00,323.95,323.95,313.60,317.92,1838400
2026-06-24 20:00:00-04:00,319.74,321.72,315.16,320.74,778900
2026-06-25 20:00:00-04:00,321.84,327.48,321.00,324.39,1228200
2026-06-28 20:00:00-04:00,322.62,324.76,318.90,324.45,954400
