Date,Open,High,Low,Close,Volume
2018-07-01 20:00:00-04:00,32.43,32.95,32.27,32.91,1503500
2018-07-02 20:00:00-04:00,33.05,33.41,32.83,33.00,784300
2018-07-04 20:00:00-04:00,33.07,33.15,32.66,33.10,1000400
2018-07-05 20:00:00-04:00,33.11,33.48,32.88,33.19,755500
2018-07-08 20:00:00-04:00,33.28,33.63,33.24,33.58,856800
2018-07-09 20:00:00-04:00,33.58,33.69,33.28,33.68,2231700
2018-07-10 20:00:00-04:00,33.34,33.42,32.93,32.96,1295400
2018-07-11 20:00:00-04:00,33.16,33.34,32.66,32.89,1522500
2018-07-12 20:00:00-04:00,32.97,33.12,32.85,33.03,991700
2018-07-15 20:00:00-04:00,33.01,33.27,32.53,32.64,751500
2018-07-16 20:00:00-04:00,32.53,32.94,32.51,32.55,836200
2018-07-17 20:00:00-04:00,32.59,32.65,32.22,32.54,977000
2018-07-18 20:00:00-04:00,32.47,32.83,32.15,32.76,997100
2018-07-19 20:00:00-04:00,32.64,32.97,32.51,32.65,932500
2018-07-22 20:00:00-04:00,32.43,32.56,32.09,32.19,1150700
2018-07-23 20:00:00-04:00,32.41,32.72,32.25,32.43,941400
2018-07-24 20:00:00-04:00,31.98,33.14,31.98,33.08,1757500
2018-07-25 20:00:00-04:00,33.11,33.45,32.59,33.00,1700600
2018-07-26 20:00:00-04:00,33.08,33.32,32.92,33.05,956700
2018-07-29 20:00:00-04:00,33.21,33.46,32.63,32.64,1772500
2018-07-30 20:00:00-04:00,32.82,33.47,32.65,33.41,1898800
2018-07-31 20:00:00-04:00,33.22,33.58,32.84,33.44,2542700
2018-08-01 20:00:00-04:00,33.29,34.90,32.45,34.43,2516600
2018-08-02 20:00:00-04:00,33.29,34.57,33.29,34.25,2021200
2018-08-05 20:00:00-04:00,34.57,34.91,34.35,34.40,2388100
2018-08-06 20:00:00-04:00,34.61,34.71,33.86,34.08,2035800
2018-08-07 20:00:00-04:00,34.05,34.21,33.73,34.15,855100
2018-08-08 20:00:00-04:00,34.18,34.25,33.94,34.03,1953700
2018-08-09 20:00:00-04:00,33.74,34.10,33.44,33.79,1442400
2018-08-12 20:00:00-04:00,33.73,33.73,32.88,33.05,1618100
2018-08-13 20:00:00-04:00,33.05,33.57,32.90,33.36,987500
2018-08-14 20:00:00-04:00,33.14,33.35,32.86,33.28,1541800
2018-08-15 20:00:00-04:00,33.36,33.61,32.17,32.54,3757200
2018-08-16 20:00:00-04:00,32.65,33.56,32.52,33.48,1377400
2018-08-19 20:00:00-04:00,33.34,33.78,33.32,33.46,1146400
2018-08-20 20:00:00-04:00,33.54,33.93,33.54,33.79,1386600
2018-08-21 20:00:00-04:00,33.81,33.81,33.46,33.51,630400
2018-08-22 20:00:00-04:00,33.44,33.58,33.28,33.34,866800
2018-08-23 20:00:00-04:00,33.55,33.55,32.95,33.12,753100
2018-08-26 20:00:00-04:00,33.18,33.63,33.18,33.33,625500
2018-08-27 20:00:00-04:00,33.46,33.58,33.21,33.46,1201400
2018-08-28 20:00:00-04:00,33.52,34.18,33.27,34.02,1464900
2018-08-29 20:00:00-04:00,33.97,34.08,33.47,33.79,1080100
2018-08-30 20:00:00-04:00,33.54,33.94,33.52,33.92,1450300
2018-09-03 20:00:00-04:00,34.08,34.12,33.26,33.30,1304000
2018-09-04 20:00:00-04:00,33.05,33.56,32.99,33.50,1256800
2018-09-05 20:00:00-04:00,33.59,33.86,33.50,33.60,710700
2018-09-06 20:00:00-04:00,33.49,33.53,32.92,33.27,1045500
2018-09-09 20:00:00-04:00,33.47,33.94,33.27,33.74,1144300
2018-09-10 20:00:00-04:00,33.76,34.09,33.75,33.95,853300
2018-09-11 20:00:00-04:00,33.95,34.75,33.91,34.47,1040400
2018-09-12 20:00:00-04:00,34.64,34.70,33.74,33.81,1126000
2018-09-13 20:00:00-04:00,33.79,34.15,33.75,33.89,798900
2018-09-16 20:00:00-04:00,33.94,34.28,33.79,34.14,1229100
2018-09-17 20:00:00-04:00,34.15,34.35,33.57,33.59,1119400
2018-09-18 20:00:00-04:00,33.62,33.83,33.52,33.83,1288900
2018-09-19 20:00:00-04:00,34.02,34.29,33.89,34.00,1195200
2018-09-20 20:00:00-04:00,34.13,34.24,33.63,33.81,2295700
2018-09-23 20:00:00-04:00,33.72,33.86,33.36,33.69,1395400
2018-09-24 20:00:00-04:00,33.71,33.78,32.87,33.04,1653300
2018-09-25 20:00:00-04:00,32.98,33.02,32.48,32.57,1105600
2018-09-26 20:00:00-04:00,32.56,32.56,32.22,32.25,910300
2018-09-27 20:00:00-04:00,32.24,32.81,32.08,32.74,1311700
2018-09-30 20:00:00-04:00,32.92,33.07,32.53,32.84,1462600
2018-10-01 20:00:00-04:00,32.87,33.19,32.79,32.98,1386400
2018-10-02 20:00:00-04:00,33.12,33.34,32.79,33.02,958100
2018-10-03 20:00:00-04:00,32.63,32.66,31.79,32.01,1481200
2018-10-04 20:00:00-04:00,32.05,32.16,31.73,31.78,1284200
2018-10-07 20:00:00-04:00,31.62,32.03,31.33,31.93,1067500
2018-10-08 20:00:00-04:00,31.84,32.02,31.71,31.78,1101000
2018-10-09 20:00:00-04:00,31.76,31.76,31.05,31.08,1753400
2018-10-10 20:00:00-04:00,30.70,31.36,30.53,30.83,2068500
2018-10-11 20:00:00-04:00,31.19,31.25,30.42,30.74,1706300
2018-10-14 20:00:00-04:00,30.71,31.33,30.70,31.15,1486900
2018-10-15 20:00:00-04:00,31.27,32.16,31.17,32.13,1182800
2018-10-16 20:00:00-04:00,32.01,32.05,31.69,31.95,868900
2018-10-17 20:00:00-04:00,31.79,32.15,31.50,31.69,1090200
2018-10-18 20:00:00-04:00,31.76,31.88,31.39,31.47,1211000
2018-10-21 20:00:00-04:00,31.69,31.78,31.22,31.22,849700
2018-10-22 20:00:00-04:00,30.72,31.13,30.46,30.85,1077800
2018-10-23 20:00:00-04:00,30.81,31.05,29.68,29.72,1070000
2018-10-24 20:00:00-04:00,30.03,30.66,29.97,30.45,1331300
2018-10-25 20:00:00-04:00,30.11,30.75,29.73,30.36,1453600
2018-10-28 20:00:00-04:00,30.60,30.99,29.84,30.22,1186400
2018-10-29 20:00:00-04:00,30.26,30.85,30.14,30.81,2180500
2018-10-30 20:00:00-04:00,31.08,31.27,30.56,30.60,1760300
2018-10-31 20:00:00-04:00,30.98,32.93,30.74,32.78,2766100
2018-11-01 20:00:00-04:00,33.12,34.14,33.12,33.72,2782100
2018-11-04 19:00:00-05:00,33.79,34.56,33.32,34.24,1412800
2018-11-05 19:00:00-05:00,34.08,34.41,33.99,34.14,1146100
2018-11-06 19:00:00-05:00,34.49,34.91,34.04,34.86,1616900
2018-11-07 19:00:00-05:00,34.94,35.13,34.52,34.66,1128400
2018-11-08 19:00:00-05:00,34.33,34.33,33.69,34.17,1812800
2018-11-11 19:00:00-05:00,34.10,34.10,32.90,32.98,1282100
2018-11-12 19:00:00-05:00,32.97,33.71,32.88,33.03,1374500
2018-11-13 19:00:00-05:00,33.38,33.54,32.88,33.10,1389500
2018-11-14 19:00:00-05:00,32.86,33.79,32.53,33.62,1464000
2018-11-15 19:00:00-05:00,33.33,33.90,33.28,33.76,1075800
2018-11-18 19:00:00-05:00,33.63,33.93,33.29,33.34,769700
2018-11-19 19:00:00-05:00,33.12,33.50,32.63,33.09,1458600
2018-11-20 19:00:00-05:00,33.23,33.79,33.19,33.35,818500
2018-11-22 19:00:00-05:00,32.98,33.44,32.89,33.05,293700
2018-11-25 19:00:00-05:00,33.30,34.17,33.30,33.91,1740100
2018-11-26 19:00:00-05:00,33.71,34.17,33.63,34.04,1334700
2018-11-27 19:00:00-05:00,34.03,34.11,32.95,34.04,1247400
2018-11-28 19:00:00-05:00,34.02,34.16,33.52,33.72,753400
2018-11-29 19:00:00-05:00,33.65,34.43,33.63,34.42,1615900
2018-12-02 19:00:00-05:00,34.97,35.31,34.55,35.14,1910400
2018-12-03 19:00:00-05:00,34.92,34.95,32.79,32.86,1588800
2018-12-05 19:00:00-05:00,32.36,32.36,31.31,32.02,1568300
2018-12-06 19:00:00-05:00,32.14,32.30,30.69,30.73,1636900
2018-12-09 19:00:00-05:00,30.23,30.66,30.01,30.12,1909100
2018-12-10 19:00:00-05:00,30.70,31.06,30.04,30.11,1843200
2018-12-11 19:00:00-05:00,30.61,31.06,30.52,30.74,2035300
2018-12-12 19:00:00-05:00,30.97,31.12,29.97,30.02,1793300
2018-12-13 19:00:00-05:00,29.66,30.07,29.56,29.69,1412300
2018-12-16 19:00:00-05:00,29.60,29.60,28.70,28.81,1722400
2018-12-17 19:00:00-05:00,28.98,29.27,28.50,28.63,1995200
2018-12-18 19:00:00-05:00,28.56,29.24,27.84,28.00,1700300
2018-12-19 19:00:00-05:00,28.42,28.94,27.64,28.09,2134100
2018-12-20 19:00:00-05:00,28.09,28.68,27.67,27.70,2689200
2018-12-23 19:00:00-05:00,27.58,28.98,27.36,27.39,1305000
2018-12-25 19:00:00-05:00,27.44,29.22,27.43,29.21,1766700
2018-12-26 19:00:00-05:00,28.62,29.59,28.52,29.59,1593700
2018-12-27 19:00:00-05:00,29.71,30.00,29.37,29.44,1238900
2018-12-30 19:00:00-05:00,29.45,29.68,29.31,29.56,1432500
2019-01-01 19:00:00-05:00,29.11,29.76,28.86,29.38,1560700
2019-01-02 19:00:00-05:00,29.45,29.59,28.89,29.02,1649800
2019-01-03 19:00:00-05:00,29.59,30.69,29.46,30.61,1326500
2019-01-06 19:00:00-05:00,30.50,31.07,30.23,30.73,1512000
2019-01-07 19:00:00-05:00,31.06,31.20,30.73,31.20,1286600
2019-01-08 19:00:00-05:00,31.27,31.57,31.03,31.24,1240100
2019-01-09 19:00:00-05:00,31.02,31.85,30.81,31.84,1223600
2019-01-10 19:00:00-05:00,31.72,31.89,31.47,31.72,1772500
2019-01-13 19:00:00-05:00,31.41,31.83,31.35,31.51,1870200
2019-01-14 19:00:00-05:00,31.61,31.73,31.19,31.34,1496200
2019-01-15 19:00:00-05:00,31.38,31.54,31.11,31.35,1065700
2019-01-16 19:00:00-05:00,31.34,32.07,31.29,31.95,1264400
2019-01-17 19:00:00-05:00,32.17,32.94,32.11,32.90,1955300
2019-01-21 19:00:00-05:00,32.94,33.06,32.50,32.81,1738100
2019-01-22 19:00:00-05:00,33.04,33.08,32.23,32.63,995400
2019-01-23 19:00:00-05:00,32.56,33.20,32.50,33.03,1511000
2019-01-24 19:00:00-05:00,33.32,34.25,33.29,34.12,1970600
2019-01-27 19:00:00-05:00,33.58,34.51,33.49,34.39,1828600
2019-01-28 19:00:00-05:00,34.51,34.60,34.17,34.27,1723700
2019-01-29 19:00:00-05:00,34.44,34.69,33.80,34.55,984900
2019-01-30 19:00:00-05:00,34.49,34.72,34.26,34.70,1774700
2019-01-31 19:00:00-05:00,34.66,34.74,33.58,33.87,3381100
2019-02-03 19:00:00-05:00,33.78,34.22,33.57,34.14,1391000
2019-02-04 19:00:00-05:00,34.21,34.37,33.78,34.00,1047500
2019-02-05 19:00:00-05:00,33.98,34.32,33.94,34.13,799100
2019-02-06 19:00:00-05:00,33.95,34.06,33.45,33.68,741800
2019-02-07 19:00:00-05:00,33.46,33.70,32.89,33.69,1120000
2019-02-10 19:00:00-05:00,33.77,34.05,33.54,33.99,757300
2019-02-11 19:00:00-05:00,34.26,35.04,34.21,34.78,861600
2019-02-12 19:00:00-05:00,34.85,35.13,34.73,34.96,801400
2019-02-13 19:00:00-05:00,34.74,35.12,34.54,34.79,1568800
2019-02-14 19:00:00-05:00,34.99,35.20,34.87,35.12,1252800
2019-02-18 19:00:00-05:00,34.85,35.31,34.73,35.05,2142200
2019-02-19 19:00:00-05:00,35.10,36.07,35.08,35.95,3342600
2019-02-20 19:00:00-05:00,35.89,36.30,35.08,35.53,2793300
2019-02-21 19:00:00-05:00,35.83,36.26,35.34,35.82,2335400
2019-02-24 19:00:00-05:00,35.97,36.08,35.76,35.89,1975500
2019-02-25 19:00:00-05:00,35.84,35.92,35.21,35.25,1700200
2019-02-26 19:00:00-05:00,35.02,35.40,34.74,35.32,1423100
2019-02-27 19:00:00-05:00,35.28,35.34,34.95,35.00,1292100
2019-02-28 19:00:00-05:00,35.44,35.75,34.95,35.29,1675800
2019-03-03 19:00:00-05:00,35.39,35.50,34.93,35.27,1322300
2019-03-04 19:00:00-05:00,35.32,35.35,35.05,35.08,1042800
2019-03-05 19:00:00-05:00,35.14,35.23,34.85,34.86,808300
2019-03-06 19:00:00-05:00,34.82,34.88,34.18,34.36,1600100
2019-03-07 19:00:00-05:00,34.17,34.64,34.04,34.56,775400
2019-03-10 20:00:00-04:00,34.57,35.30,34.56,35.24,1295000
2019-03-11 20:00:00-04:00,35.31,35.74,35.30,35.57,1631500
2019-03-12 20:00:00-04:00,35.72,36.14,35.58,35.96,1225700
2019-03-13 20:00:00-04:00,35.96,36.38,35.87,36.25,1493000
2019-03-14 20:00:00-04:00,36.32,36.97,36.26,36.68,2593300
2019-03-17 20:00:00-04:00,36.65,36.86,36.43,36.74,1985800
2019-03-18 20:00:00-04:00,36.92,37.27,36.59,36.73,1260000
2019-03-19 20:00:00-04:00,36.61,36.89,36.27,36.56,866800
2019-03-20 20:00:00-04:00,36.48,37.22,36.48,36.89,1035700
2019-03-21 20:00:00-04:00,36.65,36.81,36.01,36.03,1107100
2019-03-24 20:00:00-04:00,36.07,36.49,35.79,36.26,1520500
2019-03-25 20:00:00-04:00,36.47,36.73,36.09,36.47,844500
2019-03-26 20:00:00-04:00,36.46,36.65,36.09,36.45,1132000
2019-03-27 20:00:00-04:00,36.53,36.76,36.23,36.72,1302200
2019-03-28 20:00:00-04:00,36.84,37.16,36.74,37.06,1307700
2019-03-31 20:00:00-04:00,37.38,37.98,37.27,37.94,1488000
2019-04-01 20:00:00-04:00,37.94,38.10,37.63,38.01,858400
2019-04-02 20:00:00-04:00,38.22,38.58,38.00,38.05,864600
2019-04-03 20:00:00-04:00,38.07,38.51,38.06,38.45,935200
2019-04-04 20:00:00-04:00,38.51,39.07,38.42,38.84,1384100
2019-04-07 20:00:00-04:00,38.68,39.30,38.59,39.29,1985600
2019-04-08 20:00:00-04:00,39.01,39.06,38.32,38.33,2284900
2019-04-09 20:00:00-04:00,38.41,38.75,38.04,38.65,1724000
2019-04-10 20:00:00-04:00,38.72,39.08,38.52,39.02,814200
2019-04-11 20:00:00-04:00,39.22,39.78,39.18,39.70,977700
2019-04-14 20:00:00-04:00,39.28,39.74,38.88,39.56,1158300
2019-04-15 20:00:00-04:00,39.37,39.61,39.30,39.47,1511500
2019-04-16 20:00:00-04:00,39.73,39.76,39.38,39.41,1412800
2019-04-17 20:00:00-04:00,39.38,39.69,39.20,39.33,1241800
2019-04-21 20:00:00-04:00,39.20,39.42,39.00,39.14,918900
2019-04-22 20:00:00-04:00,39.13,39.84,39.08,39.82,1058900
2019-04-23 20:00:00-04:00,39.78,40.04,39.69,39.79,1247000
2019-04-24 20:00:00-04:00,39.81,39.81,39.10,39.48,1130200
2019-04-25 20:00:00-04:00,39.59,39.92,39.29,39.87,776200
2019-04-28 20:00:00-04:00,39.96,40.05,39.66,39.84,553600
2019-04-29 20:00:00-04:00,39.91,40.09,39.54,39.91,1118300
2019-04-30 20:00:00-04:00,40.14,40.30,39.69,39.72,1045800
2019-05-01 20:00:00-04:00,39.81,40.12,38.51,39.08,1718100
2019-05-02 20:00:00-04:00,39.29,39.39,37.57,38.12,1923500
2019-05-05 20:00:00-04:00,37.45,38.17,37.40,38.06,1392200
2019-05-06 20:00:00-04:00,37.62,37.76,36.93,37.33,1527500
2019-05-07 20:00:00-04:00,37.25,37.50,36.92,37.16,2104200
2019-05-08 20:00:00-04:00,36.93,37.13,36.61,36.87,1574600
2019-05-09 20:00:00-04:00,36.66,36.97,36.18,36.81,925700
2019-05-12 20:00:00-04:00,36.04,36.12,34.58,34.80,2321800
2019-05-13 20:00:00-04:00,34.88,35.44,34.88,35.11,1161900
2019-05-14 20:00:00-04:00,34.76,35.18,34.47,35.06,2268100
2019-05-15 20:00:00-04:00,35.14,35.50,35.03,35.19,2191600
2019-05-16 20:00:00-04:00,34.86,35.03,34.38,34.49,2141500
2019-05-19 20:00:00-04:00,34.33,34.51,34.00,34.14,1723200
2019-05-20 20:00:00-04:00,34.52,34.95,34.44,34.72,1133600
2019-05-21 20:00:00-04:00,34.52,34.71,34.23,34.25,780600
2019-05-22 20:00:00-04:00,33.86,34.32,33.70,34.26,2023600
2019-05-23 20:00:00-04:00,34.45,34.71,34.34,34.54,1194500
2019-05-27 20:00:00-04:00,34.70,34.92,34.45,34.50,1079300
2019-05-28 20:00:00-04:00,34.28,34.73,34.15,34.63,1211600
2019-05-29 20:00:00-04:00,34.59,35.24,34.56,34.77,1150000
2019-05-30 20:00:00-04:00,34.32,34.39,34.06,34.17,971900
2019-06-02 20:00:00-04:00,34.30,34.88,34.14,34.80,1737700
2019-06-03 20:00:00-04:00,35.16,36.52,35.16,36.50,3078300
2019-06-04 20:00:00-04:00,36.74,36.84,36.14,36.72,1873000
2019-06-05 20:00:00-04:00,36.67,36.82,36.14,36.26,1139600
2019-06-06 20:00:00-04:00,36.37,36.81,36.29,36.67,1069600
2019-06-09 20:00:00-04:00,36.87,37.01,36.51,36.56,1485000
2019-06-10 20:00:00-04:00,36.85,36.86,36.43,36.61,1395100
2019-06-11 20:00:00-04:00,36.45,36.74,36.25,36.65,1194600
2019-06-12 20:00:00-04:00,36.87,37.40,36.84,37.31,1369600
2019-06-13 20:00:00-04:00,37.24,37.27,36.78,37.14,1137600
2019-06-16 20:00:00-04:00,37.33,37.33,36.81,36.88,911400
2019-06-17 20:00:00-04:00,37.04,37.93,37.04,37.77,1224200
2019-06-18 20:00:00-04:00,37.91,38.21,37.71,38.08,1168900
2019-06-19 20:00:00-04:00,38.52,38.93,38.36,38.59,1282200
2019-06-20 20:00:00-04:00,38.57,38.57,37.95,38.00,1454500
2019-06-23 20:00:00-04:00,38.07,38.20,37.42,37.55,887100
2019-06-24 20:00:00-04:00,37.65,37.75,37.28,37.35,998200
2019-06-25 20:00:00-04:00,37.49,37.56,37.00,37.09,1306000
2019-06-26 20:00:00-04:00,37.16,37.46,36.90,37.35,1889600
2019-06-27 20:00:00-04:00,37.45,37.75,37.30,37.58,2099300
2019-06-30 20:00:00-04:00,38.14,38.46,37.85,38.46,2072300
2019-07-01 20:00:00-04:00,38.35,38.61,38.04,38.23,1001000
2019-07-02 20:00:00-04:00,38.33,38.33,38.00,38.27,394200
2019-07-04 20:00:00-04:00,37.98,38.08,37.63,37.97,680600
2019-07-07 20:00:00-04:00,37.81,38.11,37.55,37.72,745200
2019-07-08 20:00:00-04:00,37.44,37.66,37.30,37.56,749900
2019-07-09 20:00:00-04:00,37.64,37.72,36.91,36.97,799200
2019-07-10 20:00:00-04:00,37.06,37.06,36.44,36.83,1050200
2019-07-11 20:00:00-04:00,36.99,37.72,36.99,37.57,843900
2019-07-14 20:00:00-04:00,37.61,37.75,37.21,37.33,467200
2019-07-15 20:00:00-04:00,37.37,37.75,37.24,37.47,1020100
2019-07-16 20:00:00-04:00,37.41,37.58,37.20,37.31,1166200
2019-07-17 20:00:00-04:00,37.31,37.53,37.12,37.34,863900
2019-07-18 20:00:00-04:00,37.49,37.66,37.22,37.24,508800
2019-07-21 20:00:00-04:00,37.30,37.43,36.69,36.77,662900
2019-07-22 20:00:00-04:00,36.95,37.17,36.70,37.11,1252300
2019-07-23 20:00:00-04:00,36.99,37.74,36.95,37.70,780200
2019-07-24 20:00:00-04:00,37.79,37.89,36.94,37.04,756800
2019-07-25 20:00:00-04:00,37.04,37.36,36.77,37.20,913400
2019-07-28 20:00:00-04:00,37.22,37.37,37.02,37.31,715600
2019-07-29 20:00:00-04:00,37.03,37.51,36.68,37.41,1605400
2019-07-30 20:00:00-04:00,37.39,37.64,36.73,36.82,1876200
2019-07-31 20:00:00-04:00,36.08,36.08,33.89,34.94,3803600
2019-08-01 20:00:00-04:00,34.62,34.62,32.70,32.98,3916200
2019-08-04 20:00:00-04:00,32.36,32.56,31.89,32.14,2205700
2019-08-05 20:00:00-04:00,32.34,32.93,31.79,32.54,1750000
2019-08-06 20:00:00-04:00,32.06,32.44,31.63,32.35,1318700
2019-08-07 20:00:00-04:00,32.49,33.19,32.40,33.12,1641500
2019-08-08 20:00:00-04:00,33.22,34.20,33.03,33.76,2068700
2019-08-11 20:00:00-04:00,33.50,33.54,32.66,32.73,1759200
2019-08-12 20:00:00-04:00,32.65,33.84,32.50,33.11,1668000
2019-08-13 20:00:00-04:00,32.47,32.59,31.64,31.89,1024200
2019-08-14 20:00:00-04:00,32.06,32.10,31.60,31.94,1372200
2019-08-15 20:00:00-04:00,32.38,32.77,32.21,32.64,1281800
2019-08-18 20:00:00-04:00,33.12,33.36,32.89,33.02,1078000
2019-08-19 20:00:00-04:00,32.88,32.88,32.49,32.74,755600
2019-08-20 20:00:00-04:00,33.09,33.31,32.81,32.90,1137800
2019-08-21 20:00:00-04:00,32.91,33.28,32.71,32.95,1051800
2019-08-22 20:00:00-04:00,32.86,33.44,32.41,32.88,2166900
2019-08-25 20:00:00-04:00,33.21,33.33,32.43,32.68,1534600
2019-08-26 20:00:00-04:00,32.88,32.98,31.98,32.14,1098300
2019-08-27 20:00:00-04:00,32.03,32.52,31.70,32.44,886800
2019-08-28 20:00:00-04:00,32.78,33.22,32.67,33.00,1104000
2019-08-29 20:00:00-04:00,33.26,33.60,33.24,33.36,1189300
2019-09-02 20:00:00-04:00,32.94,32.94,32.22,32.37,864600
2019-09-03 20:00:00-04:00,32.76,33.29,32.52,33.08,1055900
2019-09-04 20:00:00-04:00,33.50,34.30,33.33,33.80,961600
2019-09-05 20:00:00-04:00,33.87,34.01,33.62,33.67,696400
2019-09-08 20:00:00-04:00,33.95,35.03,33.84,34.90,1343700
2019-09-09 20:00:00-04:00,35.85,37.66,35.83,37.66,2330800
2019-09-10 20:00:00-04:00,37.66,37.98,36.54,37.50,2696900
2019-09-11 20:00:00-04:00,37.39,37.55,36.72,37.42,1510000
2019-09-12 20:00:00-04:00,37.55,38.19,37.37,37.50,1522500
2019-09-15 20:00:00-04:00,37.61,38.38,37.47,38.30,1238700
2019-09-16 20:00:00-04:00,37.82,37.98,37.40,37.61,748100
2019-09-17 20:00:00-04:00,37.47,37.83,37.05,37.79,1000000
2019-09-18 20:00:00-04:00,37.79,37.87,37.17,37.28,674800
2019-09-19 20:00:00-04:00,37.34,37.48,36.67,36.99,1374700
2019-09-22 20:00:00-04:00,36.90,37.71,36.75,37.51,951800
2019-09-23 20:00:00-04:00,37.43,37.61,36.69,36.93,940100
2019-09-24 20:00:00-04:00,36.83,37.39,36.67,37.15,1192000
2019-09-25 20:00:00-04:00,37.11,37.12,36.63,37.02,1597300
2019-09-26 20:00:00-04:00,37.39,37.75,36.88,37.17,2266300
2019-09-29 20:00:00-04:00,37.07,37.43,36.74,37.24,1237100
2019-09-30 20:00:00-04:00,37.46,37.61,35.96,36.01,1254700
2019-10-01 20:00:00-04:00,35.64,36.05,35.33,35.86,1296400
2019-10-02 20:00:00-04:00,35.60,36.06,35.03,36.04,1014100
2019-10-03 20:00:00-04:00,36.04,36.61,36.00,36.55,664100
2019-10-06 20:00:00-04:00,36.39,37.06,36.23,36.77,1445900
2019-10-07 20:00:00-04:00,36.35,37.10,36.02,36.52,2584800
2019-10-08 20:00:00-04:00,36.87,37.09,36.51,36.72,904200
2019-10-09 20:00:00-04:00,36.85,37.82,36.57,37.28,672400
2019-10-10 20:00:00-04:00,37.90,38.96,37.90,38.24,1799200
2019-10-13 20:00:00-04:00,38.13,38.36,37.79,38.25,619500
2019-10-14 20:00:00-04:00,38.37,38.74,38.21,38.69,900500
2019-10-15 20:00:00-04:00,38.40,38.91,38.37,38.56,1502600
2019-10-16 20:00:00-04:00,38.78,38.93,38.54,38.71,1133800
2019-10-17 20:00:00-04:00,38.86,39.73,38.63,39.62,2185100
2019-10-20 20:00:00-04:00,39.88,40.39,39.70,39.94,997600
2019-10-21 20:00:00-04:00,39.83,40.47,39.36,40.25,1021400
2019-10-22 20:00:00-04:00,40.29,40.85,40.00,40.64,1022100
2019-10-23 20:00:00-04:00,40.49,40.70,40.05,40.59,781600
2019-10-24 20:00:00-04:00,40.59,40.92,40.34,40.82,1148000
2019-10-27 20:00:00-04:00,41.08,41.57,41.08,41.45,1947800
2019-10-28 20:00:00-04:00,41.16,41.99,41.08,41.23,2368300
2019-10-29 20:00:00-04:00,41.32,41.66,40.90,41.35,1744900
2019-10-30 20:00:00-04:00,41.79,42.30,40.82,41.42,2310100
2019-10-31 20:00:00-04:00,41.37,42.53,41.16,42.44,3103300
2019-11-03 19:00:00-05:00,42.80,43.27,42.66,43.09,2536200
2019-11-04 19:00:00-05:00,43.34,43.43,42.83,43.10,1479400
2019-11-05 19:00:00-05:00,43.12,43.22,42.50,42.68,1714900
2019-11-06 19:00:00-05:00,43.09,43.37,42.31,42.50,1607900
2019-11-07 19:00:00-05:00,42.37,42.44,42.03,42.29,769400
2019-11-10 19:00:00-05:00,41.94,42.41,41.87,42.20,611900
2019-11-11 19:00:00-05:00,42.13,42.27,41.82,42.01,935700
2019-11-12 19:00:00-05:00,41.71,41.76,41.36,41.54,961300
2019-11-13 19:00:00-05:00,41.44,41.63,41.20,41.37,850900
2019-11-14 19:00:00-05:00,41.71,42.07,41.62,41.79,1125500
2019-11-17 19:00:00-05:00,41.59,41.62,40.76,41.43,773700
2019-11-18 19:00:00-05:00,41.55,41.64,41.10,41.37,778200
2019-11-19 19:00:00-05:00,41.05,41.80,41.05,41.63,2443700
2019-11-20 19:00:00-05:00,41.78,41.82,40.95,41.11,1124900
2019-11-21 19:00:00-05:00,41.33,41.43,41.08,41.25,732100
2019-11-24 19:00:00-05:00,41.30,41.79,41.03,41.52,1031900
2019-11-25 19:00:00-05:00,41.57,41.62,40.91,41.05,1021700
2019-11-26 19:00:00-05:00,41.13,41.53,41.05,41.44,678700
2019-11-28 19:00:00-05:00,41.42,41.42,40.83,41.02,376600
2019-12-01 19:00:00-05:00,41.03,41.26,40.67,40.74,1591600
2019-12-02 19:00:00-05:00,40.15,40.39,39.56,40.03,878100
2019-12-03 19:00:00-05:00,40.24,40.59,39.44,39.64,1380100
2019-12-04 19:00:00-05:00,39.96,40.27,39.75,39.82,1144000
2019-12-05 19:00:00-05:00,40.18,40.34,39.71,39.90,1477000
2019-12-08 19:00:00-05:00,39.86,40.15,39.77,39.89,1222300
2019-12-09 19:00:00-05:00,39.99,39.99,38.80,39.32,1941500
2019-12-10 19:00:00-05:00,39.44,39.72,39.32,39.58,766400
2019-12-11 19:00:00-05:00,40.12,40.98,39.86,40.93,2010700
2019-12-12 19:00:00-05:00,41.01,41.08,40.28,40.45,1614300
2019-12-15 19:00:00-05:00,40.74,40.92,40.04,40.06,1256800
2019-12-16 19:00:00-05:00,40.02,40.67,39.95,40.65,1295100
2019-12-17 19:00:00-05:00,40.67,40.74,40.08,40.10,688900
2019-12-18 19:00:00-05:00,40.04,40.25,39.83,40.19,1528200
2019-12-19 19:00:00-05:00,40.29,40.81,39.92,40.66,3975100
2019-12-22 19:00:00-05:00,40.76,40.88,40.21,40.66,1013500
2019-12-23 19:00:00-05:00,40.97,41.07,40.41,40.42,632900
2019-12-25 19:00:00-05:00,40.59,40.67,40.31,40.63,1252800
2019-12-26 19:00:00-05:00,40.66,40.67,40.09,40.21,995200
2019-12-29 19:00:00-05:00,40.12,40.49,40.11,40.27,556700
2019-12-30 19:00:00-05:00,40.25,40.40,40.08,40.15,1034300
2020-01-01 19:00:00-05:00,40.51,40.63,39.97,40.53,1030700
2020-01-02 19:00:00-05:00,40.02,40.39,39.97,40.30,1506800
2020-01-05 19:00:00-05:00,40.01,40.34,39.83,40.31,1631000
2020-01-06 19:00:00-05:00,40.51,40.66,39.75,40.12,1723300
2020-01-07 19:00:00-05:00,40.11,40.23,39.80,40.04,970000
2020-01-08 19:00:00-05:00,40.16,40.76,39.80,40.75,1257700
2020-01-09 19:00:00-05:00,40.64,40.95,40.30,40.51,912700
2020-01-12 19:00:00-05:00,40.54,40.71,39.95,40.48,759700
2020-01-13 19:00:00-05:00,40.44,40.51,39.94,40.04,1070800
2020-01-14 19:00:00-05:00,39.65,40.06,39.39,39.69,1752200
2020-01-15 19:00:00-05:00,39.98,40.39,39.98,40.37,712100
2020-01-16 19:00:00-05:00,40.53,40.83,40.45,40.70,881600
2020-01-20 19:00:00-05:00,40.50,40.84,40.11,40.66,1523500
2020-01-21 19:00:00-05:00,40.90,40.99,40.43,40.53,757200
2020-01-22 19:00:00-05:00,40.32,40.69,39.81,40.55,716600
2020-01-23 19:00:00-05:00,40.56,40.65,39.64,39.82,583600
2020-01-26 19:00:00-05:00,39.04,39.41,38.81,39.00,799600
2020-01-27 19:00:00-05:00,39.14,39.68,38.71,39.60,1058300
2020-01-28 19:00:00-05:00,39.62,39.89,39.52,39.62,1065600
2020-01-29 19:00:00-05:00,39.21,39.49,38.85,39.39,991400
2020-01-30 19:00:00-05:00,39.07,39.40,38.46,38.61,1156700
2020-02-02 19:00:00-05:00,38.85,39.34,38.64,38.93,1429700
2020-02-03 19:00:00-05:00,39.55,39.75,38.86,38.87,789200
2020-02-04 19:00:00-05:00,39.46,40.02,39.25,39.81,1060300
2020-02-05 19:00:00-05:00,39.93,39.93,38.54,38.57,1335200
2020-02-06 19:00:00-05:00,38.31,38.69,37.82,38.36,1063800
2020-02-09 19:00:00-05:00,38.22,38.90,38.16,38.82,953800
2020-02-10 19:00:00-05:00,39.11,39.89,38.97,39.63,866700
2020-02-11 19:00:00-05:00,39.84,40.57,39.57,40.21,1549500
2020-02-12 19:00:00-05:00,39.94,40.33,39.84,40.24,1122500
2020-02-13 19:00:00-05:00,40.32,40.34,39.64,39.95,1089000
2020-02-17 19:00:00-05:00,39.71,40.09,39.28,39.60,1231500
2020-02-18 19:00:00-05:00,39.72,39.73,38.86,38.96,986200
2020-02-19 19:00:00-05:00,38.90,39.19,38.67,38.88,1218900
2020-02-20 19:00:00-05:00,38.59,39.54,38.53,39.47,1075300
2020-02-23 19:00:00-05:00,38.50,39.22,37.72,38.89,2300400
2020-02-24 19:00:00-05:00,39.04,39.04,37.42,37.44,1754700
2020-02-25 19:00:00-05:00,37.66,37.97,36.38,36.57,1915500
2020-02-26 19:00:00-05:00,37.81,39.54,37.13,38.88,4043900
2020-02-27 19:00:00-05:00,38.06,38.88,36.89,37.61,3661100
2020-03-01 19:00:00-05:00,37.21,38.51,36.59,38.30,3123400
2020-03-02 19:00:00-05:00,38.38,39.32,37.50,38.03,2239000
2020-03-03 19:00:00-05:00,38.60,39.74,38.45,39.69,2349000
2020-03-04 19:00:00-05:00,38.84,39.23,38.38,38.58,2181200
2020-03-05 19:00:00-05:00,37.30,38.05,37.02,37.72,3797300
2020-03-08 20:00:00-04:00,34.81,34.93,32.71,32.77,2935200
2020-03-09 20:00:00-04:00,33.65,33.82,31.78,33.67,2691500
2020-03-10 20:00:00-04:00,32.61,32.80,31.35,32.09,2506300
2020-03-11 20:00:00-04:00,30.02,30.73,28.55,29.20,3349400
2020-03-12 20:00:00-04:00,30.65,32.01,29.46,32.01,2854300
2020-03-15 20:00:00-04:00,28.72,30.48,28.17,28.75,2383600
2020-03-16 20:00:00-04:00,29.24,30.76,28.60,29.45,2810900
2020-03-17 20:00:00-04:00,27.60,28.22,25.94,26.79,2774700
2020-03-18 20:00:00-04:00,26.67,28.74,26.05,26.61,1952800
2020-03-19 20:00:00-04:00,27.04,27.19,24.70,24.79,2708000
2020-03-22 20:00:00-04:00,24.74,25.57,23.44,23.47,2913100
2020-03-23 20:00:00-04:00,24.46,27.42,24.43,27.22,1803600
2020-03-24 20:00:00-04:00,27.23,30.94,26.96,29.99,2697600
2020-03-25 20:00:00-04:00,30.43,31.89,29.99,31.06,1978200
2020-03-26 20:00:00-04:00,29.76,30.09,28.76,29.43,1906700
2020-03-29 20:00:00-04:00,29.45,30.47,28.34,30.09,1217100
2020-03-30 20:00:00-04:00,30.01,31.82,29.62,31.30,1867100
2020-03-31 20:00:00-04:00,29.87,30.55,29.12,30.37,1676600
2020-04-01 20:00:00-04:00,30.34,31.77,29.90,30.40,1893700
2020-04-02 20:00:00-04:00,30.49,30.63,29.50,30.19,1428100
2020-04-05 20:00:00-04:00,31.30,32.91,31.30,32.73,1177500
2020-04-06 20:00:00-04:00,33.60,33.91,32.10,32.19,1373800
2020-04-07 20:00:00-04:00,32.65,33.76,32.27,33.39,1100300
2020-04-08 20:00:00-04:00,33.77,34.55,32.34,33.14,2087900
2020-04-12 20:00:00-04:00,33.03,33.05,31.69,31.93,1292100
2020-04-13 20:00:00-04:00,32.78,33.73,32.29,33.29,1485500
2020-04-14 20:00:00-04:00,32.17,32.64,31.73,32.16,1407600
2020-04-15 20:00:00-04:00,32.14,32.40,31.27,32.26,1727300
2020-04-16 20:00:00-04:00,33.00,34.55,32.94,34.49,2188400
2020-04-19 20:00:00-04:00,33.59,34.27,33.00,33.23,1831700
2020-04-20 20:00:00-04:00,33.05,33.60,32.02,32.05,1583100
2020-04-21 20:00:00-04:00,32.89,33.01,32.21,32.69,748300
2020-04-22 20:00:00-04:00,33.12,33.82,32.84,32.97,1401200
2020-04-23 20:00:00-04:00,33.27,33.71,32.94,33.57,1269300
2020-04-26 20:00:00-04:00,33.65,34.72,33.44,34.54,1780100
2020-04-27 20:00:00-04:00,35.51,36.75,35.44,36.67,1813400
2020-04-28 20:00:00-04:00,37.54,37.69,36.00,36.09,1839600
2020-04-29 20:00:00-04:00,35.67,36.09,35.17,35.92,2081600
2020-04-30 20:00:00-04:00,35.30,35.63,34.12,34.55,953900
2020-05-03 20:00:00-04:00,34.08,34.33,33.44,34.31,969400
2020-05-04 20:00:00-04:00,34.80,35.35,34.48,34.55,1096700
2020-05-05 20:00:00-04:00,34.66,34.93,33.46,33.50,1049600
2020-05-06 20:00:00-04:00,33.97,35.35,32.63,32.81,2025500
2020-05-07 20:00:00-04:00,33.25,34.08,33.22,33.94,1306500
2020-05-10 20:00:00-04:00,33.58,33.72,32.56,32.57,1533400
2020-05-11 20:00:00-04:00,32.69,33.10,31.45,31.52,1361700
2020-05-12 20:00:00-04:00,31.18,31.45,29.56,29.96,2306600
2020-05-13 20:00:00-04:00,29.34,30.59,28.36,30.54,1642500
2020-05-14 20:00:00-04:00,30.20,31.18,29.95,30.96,1192300
2020-05-17 20:00:00-04:00,32.34,33.26,32.02,32.99,1341200
2020-05-18 20:00:00-04:00,32.77,33.40,32.24,32.60,1195700
2020-05-19 20:00:00-04:00,33.21,33.56,32.91,33.13,1324000
2020-05-20 20:00:00-04:00,33.10,33.65,32.92,33.44,1400000
2020-05-21 20:00:00-04:00,33.41,33.87,33.41,33.84,1034100
2020-05-25 20:00:00-04:00,34.96,36.04,34.82,35.84,1142600
2020-05-26 20:00:00-04:00,36.72,37.23,36.07,36.83,1684200
2020-05-27 20:00:00-04:00,37.49,37.53,36.10,36.17,1146600
2020-05-28 20:00:00-04:00,35.72,36.68,35.45,36.48,1344000
2020-05-31 20:00:00-04:00,36.53,37.66,36.33,37.47,2369100
2020-06-01 20:00:00-04:00,37.90,39.24,37.84,39.12,2925700
2020-06-02 20:00:00-04:00,39.52,40.35,39.44,39.90,1881200
2020-06-03 20:00:00-04:00,39.61,40.52,39.26,40.52,1587800
2020-06-04 20:00:00-04:00,41.48,42.47,41.48,41.88,1957600
2020-06-07 20:00:00-04:00,42.25,42.98,42.17,42.79,1286200
2020-06-08 20:00:00-04:00,41.89,41.94,40.97,41.03,962300
2020-06-09 20:00:00-04:00,40.99,40.99,39.14,39.19,1714800
2020-06-10 20:00:00-04:00,37.82,38.16,36.29,36.35,1417900
2020-06-11 20:00:00-04:00,37.85,37.97,35.55,36.60,1332900
2020-06-14 20:00:00-04:00,35.30,37.89,34.93,37.60,1487900
2020-06-15 20:00:00-04:00,39.48,40.01,38.03,38.29,1539400
2020-06-16 20:00:00-04:00,38.60,39.20,38.27,38.45,1575100
2020-06-17 20:00:00-04:00,38.03,38.52,37.83,37.90,765600
2020-06-18 20:00:00-04:00,38.64,38.81,37.79,38.24,2001600
2020-06-21 20:00:00-04:00,37.85,38.85,37.39,38.76,1506600
2020-06-22 20:00:00-04:00,39.52,40.34,38.98,39.03,1410700
2020-06-23 20:00:00-04:00,38.51,38.70,37.50,37.50,1017500
2020-06-24 20:00:00-04:00,37.20,38.51,36.98,38.48,1137000
2020-06-25 20:00:00-04:00,38.24,38.36,37.57,38.17,1706000
2020-06-28 20:00:00-04:00,38.58,38.88,38.34,38.65,872900
2020-06-29 20:00:00-04:00,38.57,38.91,38.33,38.81,1176800
2020-06-30 20:00:00-04:00,38.95,39.14,37.88,37.92,950000
2020-07-01 20:00:00-04:00,38.78,39.29,38.37,38.45,1032100
2020-07-05 20:00:00-04:00,38.74,39.04,38.35,38.58,1025000
2020-07-06 20:00:00-04:00,38.27,38.69,37.88,38.07,1930700
2020-07-07 20:00:00-04:00,37.95,38.18,36.22,36.95,1295800
2020-07-08 20:00:00-04:00,36.81,37.09,35.50,35.77,1241100
2020-07-09 20:00:00-04:00,35.59,36.52,35.59,36.40,769500
2020-07-12 20:00:00-04:00,36.73,37.74,36.44,36.91,889500
2020-07-13 20:00:00-04:00,36.77,37.95,36.64,37.92,731600
2020-07-14 20:00:00-04:00,38.49,39.85,38.31,39.59,1318400
2020-07-15 20:00:00-04:00,39.64,40.13,39.07,39.60,768900
2020-07-16 20:00:00-04:00,39.76,40.58,39.76,40.10,1009500
2020-07-19 20:00:00-04:00,39.76,40.32,39.69,39.71,1477100
2020-07-20 20:00:00-04:00,40.08,40.61,40.04,40.20,745000
2020-07-21 20:00:00-04:00,39.91,40.66,39.91,40.48,611300
2020-07-22 20:00:00-04:00,40.35,41.16,40.32,40.67,815300
2020-07-23 20:00:00-04:00,40.89,40.89,40.10,40.24,607200
2020-07-26 20:00:00-04:00,40.12,40.70,39.64,40.64,729600
2020-07-27 20:00:00-04:00,40.60,40.67,39.52,39.54,1006000
2020-07-28 20:00:00-04:00,39.73,40.80,39.68,40.70,870900
2020-07-29 20:00:00-04:00,40.15,40.16,39.49,39.69,640200
2020-07-30 20:00:00-04:00,39.54,39.88,38.78,39.54,884300
2020-08-02 20:00:00-04:00,39.85,41.03,39.71,40.75,804300
2020-08-03 20:00:00-04:00,40.67,41.29,40.66,41.08,826000
2020-08-04 20:00:00-04:00,41.38,42.51,41.31,42.32,1231300
2020-08-05 20:00:00-04:00,43.52,47.11,42.93,44.94,2778700
2020-08-06 20:00:00-04:00,45.16,45.88,44.40,45.86,1656100
2020-08-09 20:00:00-04:00,45.87,47.75,45.85,47.68,1375000
2020-08-10 20:00:00-04:00,48.38,49.89,48.33,49.32,2529100
2020-08-11 20:00:00-04:00,49.95,50.38,48.29,48.94,1824000
2020-08-12 20:00:00-04:00,48.51,49.56,48.39,48.74,1216600
2020-08-13 20:00:00-04:00,48.43,49.08,48.34,48.91,1002200
2020-08-16 20:00:00-04:00,49.24,50.59,49.16,50.24,2139100
2020-08-17 20:00:00-04:00,50.18,50.39,48.90,49.80,1491800
2020-08-18 20:00:00-04:00,49.73,50.01,49.15,49.31,1188600
2020-08-19 20:00:00-04:00,48.74,49.76,48.39,49.23,989400
2020-08-20 20:00:00-04:00,49.14,49.71,48.92,49.04,879800
2020-08-23 20:00:00-04:00,49.43,50.41,49.37,50.35,985700
2020-08-24 20:00:00-04:00,50.69,50.89,49.93,50.59,836200
2020-08-25 20:00:00-04:00,50.59,51.14,50.04,50.87,787300
2020-08-26 20:00:00-04:00,50.82,51.26,50.39,50.45,984900
2020-08-27 20:00:00-04:00,50.61,50.85,50.21,50.83,588600
2020-08-30 20:00:00-04:00,50.53,51.23,49.93,50.70,907500
2020-08-31 20:00:00-04:00,50.64,52.30,50.22,52.00,1197000
2020-09-01 20:00:00-04:00,52.11,53.03,51.55,52.76,1093000
2020-09-02 20:00:00-04:00,52.66,52.78,50.50,50.94,1319300
2020-09-03 20:00:00-04:00,51.64,52.27,50.79,51.42,1042600
2020-09-07 20:00:00-04:00,50.72,51.50,49.98,50.80,1122400
2020-09-08 20:00:00-04:00,51.47,52.37,51.20,51.66,980000
2020-09-09 20:00:00-04:00,51.92,51.94,50.30,50.61,833300
2020-09-10 20:00:00-04:00,51.02,51.78,50.72,51.00,804500
2020-09-13 20:00:00-04:00,51.52,51.80,50.58,51.69,1039200
2020-09-14 20:00:00-04:00,51.78,51.89,50.97,51.43,1016200
2020-09-15 20:00:00-04:00,51.78,52.42,51.42,51.96,1098900
2020-09-16 20:00:00-04:00,51.25,52.78,50.81,52.01,1173300
2020-09-17 20:00:00-04:00,51.86,52.53,51.10,51.34,1902100
2020-09-20 20:00:00-04:00,50.30,50.30,48.00,48.69,1791200
2020-09-21 20:00:00-04:00,48.64,49.84,48.60,49.54,1206400
2020-09-22 20:00:00-04:00,50.59,52.09,50.00,50.73,1756700
2020-09-23 20:00:00-04:00,50.48,51.45,49.54,50.86,984000
2020-09-24 20:00:00-04:00,50.46,51.41,50.04,51.15,708000
2020-09-27 20:00:00-04:00,51.92,52.53,51.36,52.32,944600
2020-09-28 20:00:00-04:00,52.04,52.74,51.88,52.17,919800
2020-09-29 20:00:00-04:00,52.18,53.58,51.87,52.34,1739800
2020-09-30 20:00:00-04:00,52.89,53.44,52.09,53.03,1831300
2020-10-01 20:00:00-04:00,52.21,55.28,52.13,54.65,1516100
2020-10-04 20:00:00-04:00,55.00,57.09,55.00,56.34,1727500
2020-10-05 20:00:00-04:00,56.52,57.22,55.68,56.18,1535600
2020-10-06 20:00:00-04:00,56.76,58.31,56.73,57.78,959200
2020-10-07 20:00:00-04:00,57.98,58.66,57.24,58.42,1217900
2020-10-08 20:00:00-04:00,58.61,58.77,57.60,58.64,1244300
2020-10-11 20:00:00-04:00,59.41,61.07,59.18,60.73,1679600
2020-10-12 20:00:00-04:00,60.14,60.37,59.63,59.77,813800
2020-10-13 20:00:00-04:00,60.08,60.73,59.08,60.22,1554300
2020-10-14 20:00:00-04:00,59.25,61.78,59.16,61.44,1197000
2020-10-15 20:00:00-04:00,61.49,61.91,61.11,61.37,1922300
2020-10-18 20:00:00-04:00,61.73,63.26,60.57,61.28,1364300
2020-10-19 20:00:00-04:00,61.43,63.51,61.24,62.42,889400
2020-10-20 20:00:00-04:00,61.64,62.94,60.84,60.96,1651800
2020-10-21 20:00:00-04:00,61.09,61.66,60.36,60.52,1146900
2020-10-22 20:00:00-04:00,60.99,61.85,60.51,61.65,1072200
2020-10-25 20:00:00-04:00,60.75,60.90,59.75,60.54,1416000
2020-10-26 20:00:00-04:00,61.02,61.37,59.71,60.17,916900
2020-10-27 20:00:00-04:00,58.72,60.70,58.35,60.28,2227300
2020-10-28 20:00:00-04:00,59.28,63.61,59.01,62.04,1832500
2020-10-29 20:00:00-04:00,61.29,62.74,60.34,61.81,1272300
2020-11-01 19:00:00-05:00,63.02,66.28,62.16,65.79,2849400
2020-11-02 19:00:00-05:00,66.29,67.60,65.32,66.65,2117700
2020-11-03 19:00:00-05:00,65.32,65.64,61.13,62.83,3029900
2020-11-04 19:00:00-05:00,64.43,65.60,63.81,63.85,1475600
2020-11-05 19:00:00-05:00,64.06,65.34,63.47,64.48,1204000
2020-11-08 19:00:00-05:00,68.19,69.62,64.75,64.84,1248400
2020-11-09 19:00:00-05:00,65.21,67.73,65.03,65.92,1768100
2020-11-10 19:00:00-05:00,66.28,67.13,64.11,66.87,1738200
2020-11-11 19:00:00-05:00,66.31,66.91,65.42,66.41,1591900
2020-11-12 19:00:00-05:00,66.95,68.60,66.44,68.26,1011800
2020-11-15 19:00:00-05:00,69.31,69.50,68.02,68.66,976400
2020-11-16 19:00:00-05:00,67.99,68.19,66.40,66.72,1839800
2020-11-17 19:00:00-05:00,67.27,68.05,66.60,66.91,1461600
2020-11-18 19:00:00-05:00,66.97,68.33,66.26,67.55,1254300
2020-11-19 19:00:00-05:00,67.49,67.71,65.97,66.22,1401800
2020-11-22 19:00:00-05:00,66.95,68.28,66.65,68.23,920200
2020-11-23 19:00:00-05:00,68.46,70.22,67.57,69.93,1393200
2020-11-24 19:00:00-05:00,69.37,69.62,68.09,69.00,706100
2020-11-26 19:00:00-05:00,69.15,69.42,68.55,69.24,400900
2020-11-29 19:00:00-05:00,69.04,69.51,67.24,67.66,1332000
2020-11-30 19:00:00-05:00,68.73,69.78,68.27,69.27,1213800
2020-12-01 19:00:00-05:00,69.14,69.17,67.55,67.89,975800
2020-12-02 19:00:00-05:00,67.92,69.10,67.33,68.68,1651600
2020-12-03 19:00:00-05:00,68.89,70.96,68.65,70.03,1330100
2020-12-06 19:00:00-05:00,70.09,70.91,69.68,70.80,805000
2020-12-07 19:00:00-05:00,70.66,71.68,70.49,71.02,1015100
2020-12-08 19:00:00-05:00,71.41,72.79,71.41,72.38,1072300
2020-12-09 19:00:00-05:00,71.82,73.25,70.88,72.29,1324000
2020-12-10 19:00:00-05:00,72.77,73.03,71.29,71.36,1446700
2020-12-13 19:00:00-05:00,71.52,71.71,67.61,67.83,2101400
2020-12-14 19:00:00-05:00,68.22,68.93,67.92,68.56,1874700
2020-12-15 19:00:00-05:00,67.93,68.54,66.53,67.72,4594900
2020-12-16 19:00:00-05:00,68.11,68.53,67.48,68.14,1425700
2020-12-17 19:00:00-05:00,68.23,68.61,66.74,67.61,2172300
2020-12-20 19:00:00-05:00,66.71,67.95,66.09,67.90,1271100
2020-12-21 19:00:00-05:00,67.78,68.79,67.63,68.45,1179800
2020-12-22 19:00:00-05:00,68.71,70.38,68.68,70.11,1201800
2020-12-23 19:00:00-05:00,70.35,70.48,69.69,70.23,243900
2020-12-27 19:00:00-05:00,70.84,71.28,69.88,70.01,625600
2020-12-28 19:00:00-05:00,70.72,70.72,69.08,69.92,593000
2020-12-29 19:00:00-05:00,70.09,70.94,69.93,70.45,610900
2020-12-30 19:00:00-05:00,70.67,71.55,70.30,71.37,524200
2021-01-03 19:00:00-05:00,70.26,71.18,66.99,67.63,3380800
2021-01-04 19:00:00-05:00,67.63,69.39,67.53,68.94,1929400
2021-01-05 19:00:00-05:00,70.28,74.28,70.06,74.12,1939600
2021-01-06 19:00:00-05:00,75.23,76.70,74.22,75.70,1166700
2021-01-07 19:00:00-05:00,75.93,76.10,74.33,75.29,809400
2021-01-10 19:00:00-05:00,74.38,75.95,74.32,74.63,915900
2021-01-11 19:00:00-05:00,75.20,75.90,73.76,75.57,728500
2021-01-12 19:00:00-05:00,75.16,75.57,73.33,74.09,882300
2021-01-13 19:00:00-05:00,74.53,77.19,73.94,76.88,1307900
2021-01-14 19:00:00-05:00,76.09,76.50,74.12,75.47,1021300
2021-01-18 19:00:00-05:00,76.50,77.66,75.93,77.54,1151300
2021-01-19 19:00:00-05:00,77.91,79.14,77.42,78.55,1328000
2021-01-20 19:00:00-05:00,78.44,79.09,76.65,77.11,827300
2021-01-21 19:00:00-05:00,76.86,77.41,75.95,76.96,1034600
2021-01-24 19:00:00-05:00,76.84,77.07,73.74,75.03,697200
2021-01-25 19:00:00-05:00,75.60,75.60,74.06,74.16,698300
2021-01-26 19:00:00-05:00,72.51,72.70,69.74,71.02,1130500
2021-01-27 19:00:00-05:00,72.27,72.77,70.95,71.89,996400
2021-01-28 19:00:00-05:00,71.50,71.62,69.21,69.83,957000
2021-01-31 19:00:00-05:00,70.91,72.44,69.83,72.22,1458700
2021-02-01 19:00:00-05:00,73.26,76.10,72.89,75.13,1320800
2021-02-02 19:00:00-05:00,74.95,74.95,73.39,73.45,861300
2021-02-03 19:00:00-05:00,73.59,74.75,73.04,74.63,929500
2021-02-04 19:00:00-05:00,75.45,75.52,74.12,75.26,687000
2021-02-07 19:00:00-05:00,76.06,76.37,75.39,75.89,852700
2021-02-08 19:00:00-05:00,75.96,77.19,75.41,76.47,773000
2021-02-09 19:00:00-05:00,76.74,76.74,75.46,75.53,848800
2021-02-10 19:00:00-05:00,75.88,77.82,75.43,76.31,876100
2021-02-11 19:00:00-05:00,76.01,77.34,75.87,77.17,637300
2021-02-15 19:00:00-05:00,78.04,78.83,76.64,76.91,629300
2021-02-16 19:00:00-05:00,76.66,77.31,75.33,76.13,604800
2021-02-17 19:00:00-05:00,75.67,75.81,73.23,75.19,793900
2021-02-18 19:00:00-05:00,75.91,77.08,75.73,76.55,802700
2021-02-21 19:00:00-05:00,76.46,77.97,75.37,77.20,1110800
2021-02-22 19:00:00-05:00,76.50,78.03,74.16,77.50,1217900
2021-02-23 19:00:00-05:00,77.97,81.25,77.66,80.40,1720500
2021-02-24 19:00:00-05:00,83.24,85.45,82.67,83.84,2031900
2021-02-25 19:00:00-05:00,83.82,84.98,81.90,83.09,1536000
2021-02-28 19:00:00-05:00,84.90,86.88,84.45,84.92,1495700
2021-03-01 19:00:00-05:00,84.58,84.61,82.80,83.45,1331000
2021-03-02 19:00:00-05:00,83.45,84.27,81.83,81.98,1382400
2021-03-03 19:00:00-05:00,81.51,81.76,78.32,81.09,2443000
2021-03-04 19:00:00-05:00,81.92,82.88,78.08,82.37,1650200
2021-03-07 19:00:00-05:00,83.48,84.13,82.10,82.59,1507600
2021-03-08 19:00:00-05:00,83.37,83.89,82.30,82.48,948600
2021-03-09 19:00:00-05:00,82.42,85.03,81.94,84.72,1421000
2021-03-10 19:00:00-05:00,85.60,87.45,85.04,86.62,1391400
2021-03-11 19:00:00-05:00,86.60,87.91,86.36,87.84,675400
2021-03-14 20:00:00-04:00,87.38,88.16,86.55,88.05,893500
2021-03-15 20:00:00-04:00,88.10,88.11,86.16,86.47,965800
2021-03-16 20:00:00-04:00,86.72,87.60,86.15,87.13,1038400
2021-03-17 20:00:00-04:00,87.24,87.94,84.92,85.03,1157900
2021-03-18 20:00:00-04:00,84.44,85.60,83.07,84.69,1392000
2021-03-21 20:00:00-04:00,84.69,84.99,83.11,84.28,733700
2021-03-22 20:00:00-04:00,83.36,84.17,80.87,81.64,1900400
2021-03-23 20:00:00-04:00,82.59,83.70,81.39,81.54,1744700
2021-03-24 20:00:00-04:00,81.00,83.25,79.66,82.72,1118000
2021-03-25 20:00:00-04:00,83.89,86.41,82.95,86.35,1253700
2021-03-28 20:00:00-04:00,85.78,86.97,83.32,83.56,1016000
2021-03-29 20:00:00-04:00,83.53,86.97,83.38,86.78,1571000
2021-03-30 20:00:00-04:00,87.38,88.10,85.88,87.18,1412000
2021-03-31 20:00:00-04:00,88.19,89.40,87.31,88.36,1358800
2021-04-04 20:00:00-04:00,90.15,91.38,89.41,91.16,1368100
2021-04-05 20:00:00-04:00,91.03,93.31,91.03,91.38,1928600
2021-04-06 20:00:00-04:00,91.38,91.46,89.67,90.34,1562800
2021-04-07 20:00:00-04:00,90.52,91.12,89.35,90.75,1109600
2021-04-08 20:00:00-04:00,91.14,92.96,90.63,92.93,933700
2021-04-11 20:00:00-04:00,93.02,93.34,91.96,92.47,976200
2021-04-12 20:00:00-04:00,92.74,93.70,91.89,93.27,1856300
2021-04-13 20:00:00-04:00,92.72,94.21,92.54,93.22,1176100
2021-04-14 20:00:00-04:00,93.73,94.52,92.94,94.48,907900
2021-04-15 20:00:00-04:00,95.12,95.68,93.84,94.90,918900
2021-04-18 20:00:00-04:00,95.48,95.67,94.41,95.03,714700
2021-04-19 20:00:00-04:00,94.49,94.56,91.41,92.96,1209800
2021-04-20 20:00:00-04:00,93.21,94.86,92.59,94.77,853500
2021-04-21 20:00:00-04:00,94.96,95.96,94.05,95.12,1125000
2021-04-22 20:00:00-04:00,95.02,97.13,94.73,96.82,847300
2021-04-25 20:00:00-04:00,97.64,98.12,96.53,96.90,833100
2021-04-26 20:00:00-04:00,96.94,97.55,96.21,97.36,726500
2021-04-27 20:00:00-04:00,97.43,97.59,96.88,97.03,581500
2021-04-28 20:00:00-04:00,97.80,98.09,96.56,97.91,552000
2021-04-29 20:00:00-04:00,97.22,97.80,95.57,95.83,1727700
2021-05-02 20:00:00-04:00,97.02,97.67,96.24,96.37,866600
2021-05-03 20:00:00-04:00,95.96,96.87,94.50,96.83,729100
2021-05-04 20:00:00-04:00,97.10,97.64,95.96,96.56,905100
2021-05-05 20:00:00-04:00,96.48,99.16,95.50,97.76,1195300
2021-05-06 20:00:00-04:00,96.71,100.87,96.50,99.34,1584400
2021-05-09 20:00:00-04:00,99.89,101.11,99.28,99.76,1075100
2021-05-10 20:00:00-04:00,98.17,99.20,96.46,97.76,1362300
2021-05-11 20:00:00-04:00,97.70,98.32,93.72,93.88,1109300
2021-05-12 20:00:00-04:00,93.55,95.54,92.90,95.22,940900
2021-05-13 20:00:00-04:00,96.14,96.91,95.39,96.60,575900
2021-05-16 20:00:00-04:00,96.08,96.82,95.00,95.97,683500
2021-05-17 20:00:00-04:00,95.97,96.24,92.33,92.41,1404000
2021-05-18 20:00:00-04:00,91.56,91.69,89.28,90.50,1900200
2021-05-19 20:00:00-04:00,91.05,91.24,89.11,90.18,1978500
2021-05-20 20:00:00-04:00,91.17,92.58,91.13,91.84,959500
2021-05-23 20:00:00-04:00,92.28,92.46,91.45,91.70,560100
2021-05-24 20:00:00-04:00,92.55,93.48,92.02,93.03,1258300
2021-05-25 20:00:00-04:00,92.88,94.04,92.59,93.51,808200
2021-05-26 20:00:00-04:00,94.88,95.94,94.38,94.78,1134900
2021-05-27 20:00:00-04:00,94.86,95.02,93.74,94.55,650300
2021-05-31 20:00:00-04:00,96.54,97.17,95.31,95.64,996000
2021-06-01 20:00:00-04:00,95.75,95.87,92.16,92.77,1489700
2021-06-02 20:00:00-04:00,92.29,93.04,90.49,92.68,807200
2021-06-03 20:00:00-04:00,92.86,93.47,91.21,92.38,851300
2021-06-06 20:00:00-04:00,92.18,92.54,90.91,91.47,1080500
2021-06-07 20:00:00-04:00,92.47,94.08,91.72,93.73,978700
2021-06-08 20:00:00-04:00,93.25,93.69,92.00,92.06,753000
2021-06-09 20:00:00-04:00,92.98,93.19,90.66,90.90,1738400
2021-06-10 20:00:00-04:00,91.55,92.28,90.63,91.35,1598900
2021-06-13 20:00:00-04:00,92.04,92.85,90.41,90.94,831800
2021-06-14 20:00:00-04:00,90.73,91.63,90.34,91.28,686100
2021-06-15 20:00:00-04:00,91.10,91.34,89.65,90.34,1079000
2021-06-16 20:00:00-04:00,90.34,90.89,86.38,86.42,1820500
2021-06-17 20:00:00-04:00,84.89,85.94,84.52,85.19,2179100
2021-06-20 20:00:00-04:00,86.05,88.16,86.05,87.47,1772400
2021-06-21 20:00:00-04:00,87.59,88.65,86.55,88.19,1278000
2021-06-22 20:00:00-04:00,88.69,89.94,88.06,89.07,1055500
2021-06-23 20:00:00-04:00,89.74,91.74,88.96,91.29,1401000
2021-06-24 20:00:00-04:00,91.71,92.36,91.34,91.54,2015000
2021-06-27 20:00:00-04:00,91.47,92.02,89.29,90.43,731000
2021-06-28 20:00:00-04:00,90.94,91.38,89.67,89.95,703800
2021-06-29 20:00:00-04:00,89.57,90.50,89.11,89.87,1040700
2021-06-30 20:00:00-04:00,91.15,91.15,89.66,90.06,724700
2021-07-01 20:00:00-04:00,90.05,90.17,88.36,88.84,800500
2021-07-05 20:00:00-04:00,88.95,88.95,86.27,87.31,906900
2021-07-06 20:00:00-04:00,86.31,88.19,86.27,87.29,1618400
2021-07-07 20:00:00-04:00,85.78,87.88,84.40,86.59,1404000
2021-07-08 20:00:00-04:00,87.99,89.44,87.72,89.10,904200
2021-07-11 20:00:00-04:00,89.00,90.30,87.99,89.93,722300
2021-07-12 20:00:00-04:00,89.32,89.71,88.65,89.05,688100
2021-07-13 20:00:00-04:00,89.71,90.68,87.66,88.12,623600
2021-07-14 20:00:00-04:00,87.08,89.07,86.76,87.65,791400
2021-07-15 20:00:00-04:00,88.18,88.73,86.89,87.26,927100
2021-07-18 20:00:00-04:00,85.77,85.96,83.75,84.78,882500
2021-07-19 20:00:00-04:00,84.64,88.15,84.27,87.62,946300
2021-07-20 20:00:00-04:00,88.81,89.88,88.55,88.86,604400
2021-07-21 20:00:00-04:00,88.72,89.20,87.90,88.53,598300
2021-07-22 20:00:00-04:00,89.02,89.24,88.05,89.08,540200
2021-07-25 20:00:00-04:00,89.25,89.94,87.14,87.50,683500
2021-07-26 20:00:00-04:00,86.87,88.06,86.42,87.41,639400
2021-07-27 20:00:00-04:00,87.64,89.87,86.27,88.97,757800
2021-07-28 20:00:00-04:00,90.19,91.19,89.37,90.74,637400
2021-07-29 20:00:00-04:00,90.18,91.15,89.83,90.20,630400
2021-08-01 20:00:00-04:00,91.15,92.70,88.33,88.41,688300
2021-08-02 20:00:00-04:00,88.89,90.59,87.63,90.48,870000
2021-08-03 20:00:00-04:00,89.83,90.27,88.33,88.35,1054400
2021-08-04 20:00:00-04:00,87.63,93.53,87.63,91.82,1216300
2021-08-05 20:00:00-04:00,92.88,93.86,91.34,91.64,739500
2021-08-08 20:00:00-04:00,91.08,91.83,89.39,91.37,811000
2021-08-09 20:00:00-04:00,91.53,94.12,90.58,93.51,812900
2021-08-10 20:00:00-04:00,93.80,96.58,93.37,96.39,1352200
2021-08-11 20:00:00-04:00,97.41,98.75,96.64,97.60,1199500
2021-08-12 20:00:00-04:00,97.61,97.89,96.30,96.72,636400
2021-08-15 20:00:00-04:00,96.01,96.75,95.58,96.22,627200
2021-08-16 20:00:00-04:00,95.37,95.37,92.14,94.32,1041100
2021-08-17 20:00:00-04:00,93.99,96.23,93.84,95.50,885800
2021-08-18 20:00:00-04:00,94.26,95.54,94.18,95.14,820300
2021-08-19 20:00:00-04:00,94.94,95.67,94.44,95.56,607300
2021-08-22 20:00:00-04:00,96.53,97.30,95.82,96.76,634500
2021-08-23 20:00:00-04:00,97.00,98.59,96.78,98.28,809000
2021-08-24 20:00:00-04:00,98.71,101.91,98.28,101.40,1263400
2021-08-25 20:00:00-04:00,101.21,102.10,100.36,100.81,776800
2021-08-26 20:00:00-04:00,101.43,102.99,100.96,102.55,1007600
2021-08-29 20:00:00-04:00,103.27,103.58,102.20,102.61,641900
2021-08-30 20:00:00-04:00,102.89,103.14,101.19,101.31,822500
2021-08-31 20:00:00-04:00,101.42,101.87,99.83,100.98,750600
2021-09-01 20:00:00-04:00,109.42,113.84,107.88,113.16,3668800
2021-09-02 20:00:00-04:00,113.56,115.53,112.44,115.10,2387500
2021-09-06 20:00:00-04:00,114.83,115.22,112.58,114.37,1511900
2021-09-07 20:00:00-04:00,114.37,115.82,113.90,114.82,1095200
2021-09-08 20:00:00-04:00,114.30,115.40,113.04,113.62,892100
2021-09-09 20:00:00-04:00,114.50,116.17,113.52,114.91,1325900
2021-09-12 20:00:00-04:00,115.76,116.28,113.54,114.27,1075400
2021-09-13 20:00:00-04:00,114.60,115.77,113.48,115.10,1398400
2021-09-14 20:00:00-04:00,114.77,118.78,114.16,117.26,1306000
2021-09-15 20:00:00-04:00,117.09,118.50,115.71,115.97,1082500
2021-09-16 20:00:00-04:00,116.62,117.99,115.45,117.51,2272300
2021-09-19 20:00:00-04:00,114.34,116.17,113.19,115.81,1320400
2021-09-20 20:00:00-04:00,116.79,116.87,112.98,113.98,1212400
2021-09-21 20:00:00-04:00,115.00,117.10,114.88,114.97,1037500
2021-09-22 20:00:00-04:00,115.79,118.38,115.40,117.69,1326600
2021-09-23 20:00:00-04:00,117.11,118.49,116.36,116.38,1027500
2021-09-26 20:00:00-04:00,117.10,117.80,115.84,116.13,931500
2021-09-27 20:00:00-04:00,114.96,116.22,113.22,114.94,901500
2021-09-28 20:00:00-04:00,115.49,115.55,113.65,114.95,1262000
2021-09-29 20:00:00-04:00,115.74,115.74,113.00,113.00,1093300
2021-09-30 20:00:00-04:00,113.48,116.78,112.53,115.83,1512600
2021-10-03 20:00:00-04:00,115.31,116.60,112.07,112.32,1552300
2021-10-04 20:00:00-04:00,112.34,113.86,110.88,111.85,2449400
2021-10-05 20:00:00-04:00,110.67,112.05,107.78,110.90,1485900
2021-10-06 20:00:00-04:00,111.36,113.19,110.64,112.57,1632700
2021-10-07 20:00:00-04:00,112.37,113.26,111.38,111.96,617500
2021-10-10 20:00:00-04:00,111.66,112.39,110.06,110.10,624000
2021-10-11 20:00:00-04:00,110.14,111.68,109.51,110.83,664500
2021-10-12 20:00:00-04:00,111.09,111.34,109.65,110.20,635200
2021-10-13 20:00:00-04:00,111.42,112.47,110.84,112.32,743800
2021-10-14 20:00:00-04:00,113.96,114.40,111.35,111.53,1145700
2021-10-17 20:00:00-04:00,111.08,112.46,110.74,111.86,716900
2021-10-18 20:00:00-04:00,112.39,113.40,111.16,112.43,843600
2021-10-19 20:00:00-04:00,112.44,114.02,111.55,113.50,901200
2021-10-20 20:00:00-04:00,113.46,115.93,112.33,115.76,1320500
2021-10-21 20:00:00-04:00,115.75,117.89,115.75,117.21,777300
2021-10-24 20:00:00-04:00,117.32,120.51,116.85,119.65,929200
2021-10-25 20:00:00-04:00,120.79,121.07,118.68,118.84,676800
2021-10-26 20:00:00-04:00,118.46,118.77,115.48,115.63,790800
2021-10-27 20:00:00-04:00,116.30,120.97,116.30,120.63,880000
2021-10-28 20:00:00-04:00,120.15,122.06,119.69,120.41,905200
2021-10-31 20:00:00-04:00,121.13,121.51,119.65,120.11,926900
2021-11-01 20:00:00-04:00,120.11,120.52,118.03,119.81,913000
2021-11-02 20:00:00-04:00,119.06,119.36,114.33,115.98,1638900
2021-11-03 20:00:00-04:00,111.45,116.57,110.00,112.46,1803500
2021-11-04 20:00:00-04:00,113.27,117.97,111.75,116.57,1657700
2021-11-07 19:00:00-05:00,120.55,123.79,118.73,118.94,1313600
2021-11-08 19:00:00-05:00,119.13,120.33,116.86,117.36,891100
2021-11-09 19:00:00-05:00,116.63,117.83,114.65,115.20,635300
2021-11-10 19:00:00-05:00,115.36,117.31,115.31,115.70,607200
2021-11-11 19:00:00-05:00,115.80,116.66,112.74,116.14,1233900
2021-11-14 19:00:00-05:00,117.71,118.42,116.86,117.82,1182200
2021-11-15 19:00:00-05:00,117.96,119.13,117.09,118.63,869700
2021-11-16 19:00:00-05:00,118.57,119.11,116.66,117.65,957600
2021-11-17 19:00:00-05:00,118.05,118.96,117.05,118.20,566700
2021-11-18 19:00:00-05:00,117.55,120.71,117.13,120.19,813900
2021-11-21 19:00:00-05:00,121.12,121.76,118.41,119.70,1056300
2021-11-22 19:00:00-05:00,119.58,120.95,118.49,119.96,1038300
2021-11-23 19:00:00-05:00,119.50,121.67,118.16,121.10,861700
2021-11-25 19:00:00-05:00,117.62,118.55,115.16,116.69,647100
2021-11-28 19:00:00-05:00,120.16,123.30,119.08,120.80,1100100
2021-11-29 19:00:00-05:00,119.32,120.49,112.78,112.96,1647600
2021-11-30 19:00:00-05:00,115.76,116.98,109.69,109.71,1129400
2021-12-01 19:00:00-05:00,110.35,115.08,109.80,112.77,1731000
2021-12-02 19:00:00-05:00,113.37,113.62,109.34,111.80,1047700
2021-12-05 19:00:00-05:00,113.33,114.01,110.77,112.15,1191300
2021-12-06 19:00:00-05:00,114.17,116.66,113.66,116.16,797600
2021-12-07 19:00:00-05:00,116.10,116.54,114.89,115.22,1018200
2021-12-08 19:00:00-05:00,114.42,116.19,112.76,112.84,844100
2021-12-09 19:00:00-05:00,113.67,114.44,112.42,113.54,611300
2021-12-12 19:00:00-05:00,113.93,114.06,110.55,111.20,989100
2021-12-13 19:00:00-05:00,110.85,111.97,108.53,109.96,1005300
2021-12-14 19:00:00-05:00,110.62,111.46,107.92,111.35,864400
2021-12-15 19:00:00-05:00,112.32,114.38,109.75,110.55,913700
2021-12-16 19:00:00-05:00,109.86,110.72,106.61,108.07,2274600
2021-12-19 19:00:00-05:00,104.95,106.86,104.46,106.67,1690400
2021-12-20 19:00:00-05:00,107.59,110.17,107.59,110.03,951400
2021-12-21 19:00:00-05:00,110.37,110.94,109.34,110.72,692300
2021-12-22 19:00:00-05:00,111.15,112.22,110.71,111.07,493100
2021-12-26 19:00:00-05:00,111.54,113.61,111.25,113.56,608100
2021-12-27 19:00:00-05:00,113.57,114.84,113.29,113.48,432200
2021-12-28 19:00:00-05:00,113.59,114.51,113.25,113.46,412800
2021-12-29 19:00:00-05:00,113.56,114.54,111.79,112.02,644600
2021-12-30 19:00:00-05:00,112.02,114.43,112.02,113.83,631400
2022-01-02 19:00:00-05:00,113.99,115.12,111.20,111.53,923600
2022-01-03 19:00:00-05:00,112.39,115.95,112.25,115.38,853300
2022-01-04 19:00:00-05:00,115.15,116.81,108.46,108.60,1585700
2022-01-05 19:00:00-05:00,109.05,109.76,107.33,109.26,1044700
2022-01-06 19:00:00-05:00,109.07,109.52,105.92,105.99,832200
2022-01-09 19:00:00-05:00,105.22,107.29,102.91,107.06,1380400
2022-01-10 19:00:00-05:00,107.53,109.84,104.69,109.25,1133200
2022-01-11 19:00:00-05:00,110.00,110.64,107.56,109.41,757300
2022-01-12 19:00:00-05:00,109.98,111.11,106.32,106.57,824000
2022-01-13 19:00:00-05:00,104.95,106.31,104.44,105.94,581100
2022-01-17 19:00:00-05:00,104.36,105.74,103.38,104.90,1089200
2022-01-18 19:00:00-05:00,105.57,106.64,101.43,101.49,1148100
2022-01-19 19:00:00-05:00,101.81,103.41,99.06,99.32,1145100
2022-01-20 19:00:00-05:00,99.32,99.90,97.21,97.62,3039000
2022-01-23 19:00:00-05:00,95.12,99.00,93.29,98.82,1840200
2022-01-24 19:00:00-05:00,97.22,97.52,94.74,96.42,1456600
2022-01-25 19:00:00-05:00,98.35,100.58,95.31,96.42,1095100
2022-01-26 19:00:00-05:00,97.29,99.04,95.80,96.25,1165900
2022-01-27 19:00:00-05:00,96.24,97.90,94.28,97.85,939300
2022-01-30 19:00:00-05:00,96.91,102.04,96.91,102.04,1471000
2022-01-31 19:00:00-05:00,102.41,103.42,100.36,102.44,1054200
2022-02-01 19:00:00-05:00,102.62,103.31,100.80,103.12,1161600
2022-02-02 19:00:00-05:00,101.80,103.12,100.64,100.80,1049900
2022-02-03 19:00:00-05:00,100.52,101.74,99.26,99.29,853000
2022-02-06 19:00:00-05:00,99.34,100.15,97.78,98.22,1241500
2022-02-07 19:00:00-05:00,98.59,101.95,98.32,101.57,1103800
2022-02-08 19:00:00-05:00,103.33,105.72,103.33,105.57,999600
2022-02-09 19:00:00-05:00,103.41,106.14,101.29,102.19,1325900
2022-02-10 19:00:00-05:00,102.14,103.14,98.67,99.25,1394800
2022-02-13 19:00:00-05:00,99.38,100.64,97.87,98.80,879500
2022-02-14 19:00:00-05:00,100.63,104.35,100.63,104.15,1334700
2022-02-15 19:00:00-05:00,103.03,107.01,102.53,106.27,1156100
2022-02-16 19:00:00-05:00,105.11,105.74,102.02,102.30,1118900
2022-02-17 19:00:00-05:00,102.08,103.24,101.17,101.50,901100
2022-02-21 19:00:00-05:00,100.72,102.63,99.46,100.10,1253400
2022-02-22 19:00:00-05:00,100.59,100.99,97.13,97.67,1154700
2022-02-23 19:00:00-05:00,97.35,108.78,96.36,108.02,2814000
2022-02-24 19:00:00-05:00,106.72,108.18,103.40,107.50,2063600
2022-02-27 19:00:00-05:00,106.13,109.26,105.42,108.22,1398800
2022-02-28 19:00:00-05:00,108.80,110.30,107.23,107.65,1710200
2022-03-01 19:00:00-05:00,108.61,110.15,108.15,109.51,1192900
2022-03-02 19:00:00-05:00,110.16,112.36,110.16,111.63,1537400
2022-03-03 19:00:00-05:00,109.92,110.59,106.91,108.45,1056300
2022-03-06 19:00:00-05:00,108.08,111.13,107.07,107.30,1628400
2022-03-07 19:00:00-05:00,107.66,116.93,107.43,116.06,3089900
2022-03-08 19:00:00-05:00,117.04,120.35,115.99,117.94,2264000
2022-03-09 19:00:00-05:00,116.22,120.68,115.87,120.25,1636100
2022-03-10 19:00:00-05:00,120.70,124.12,120.70,122.51,1963100
2022-03-13 20:00:00-04:00,122.37,123.84,120.48,121.79,1837100
2022-03-14 20:00:00-04:00,121.04,122.19,118.69,120.87,1090600
2022-03-15 20:00:00-04:00,122.04,123.62,119.01,122.03,1172900
2022-03-16 20:00:00-04:00,120.97,124.86,120.95,124.83,763300
2022-03-17 20:00:00-04:00,124.04,126.31,123.18,125.72,1269200
2022-03-20 20:00:00-04:00,125.93,128.09,125.83,127.37,1257700
2022-03-21 20:00:00-04:00,127.74,130.47,127.72,128.88,1154500
2022-03-22 20:00:00-04:00,128.37,129.09,126.88,128.36,936100
2022-03-23 20:00:00-04:00,128.44,131.98,128.44,131.69,1059700
2022-03-24 20:00:00-04:00,131.69,133.61,130.99,133.41,1206700
2022-03-27 20:00:00-04:00,133.28,134.71,132.60,134.64,1349000
2022-03-28 20:00:00-04:00,135.78,136.81,131.01,133.57,1443600
2022-03-29 20:00:00-04:00,135.36,135.59,130.05,131.29,1753400
2022-03-30 20:00:00-04:00,131.26,134.58,130.51,130.74,1288500
2022-03-31 20:00:00-04:00,131.13,132.88,130.29,130.75,1087000
2022-04-03 20:00:00-04:00,130.75,131.33,128.95,130.57,1158200
2022-04-04 20:00:00-04:00,130.35,132.22,129.01,129.24,1573200
2022-04-05 20:00:00-04:00,127.15,129.75,125.44,128.56,1984100
2022-04-06 20:00:00-04:00,128.72,132.85,127.88,131.49,1811700
2022-04-07 20:00:00-04:00,132.19,134.31,130.87,133.18,1661100
2022-04-10 20:00:00-04:00,131.84,134.31,131.52,132.22,1832400
2022-04-11 20:00:00-04:00,132.89,134.50,131.97,133.11,1594600
2022-04-12 20:00:00-04:00,133.16,134.55,132.84,133.92,1079700
2022-04-13 20:00:00-04:00,134.05,135.91,133.77,134.32,1532700
2022-04-17 20:00:00-04:00,134.05,136.46,133.99,135.54,1014100
2022-04-18 20:00:00-04:00,135.69,138.37,135.02,138.07,1044700
2022-04-19 20:00:00-04:00,136.72,139.19,135.74,137.00,1480600
2022-04-20 20:00:00-04:00,138.32,138.32,123.62,124.51,3511800
2022-04-21 20:00:00-04:00,123.48,124.12,118.96,119.81,2619000
2022-04-24 20:00:00-04:00,118.46,120.27,116.54,119.94,1725100
2022-04-25 20:00:00-04:00,118.87,119.33,115.86,116.36,1385200
2022-04-26 20:00:00-04:00,116.87,119.24,116.72,117.08,1831400
2022-04-27 20:00:00-04:00,117.84,119.04,114.42,118.12,1141100
2022-04-28 20:00:00-04:00,117.28,120.12,114.78,115.27,1122900
2022-05-01 20:00:00-04:00,115.02,116.04,112.20,115.52,1663700
2022-05-02 20:00:00-04:00,115.39,119.16,115.39,118.29,1271600
2022-05-03 20:00:00-04:00,118.77,120.81,116.14,120.54,2059800
2022-05-04 20:00:00-04:00,122.44,124.96,117.90,120.25,2174400
2022-05-05 20:00:00-04:00,119.03,119.97,114.57,116.88,1620300
2022-05-08 20:00:00-04:00,114.80,115.96,108.51,109.16,2095800
2022-05-09 20:00:00-04:00,110.06,112.50,108.05,111.14,2108500
2022-05-10 20:00:00-04:00,110.41,113.40,107.87,108.10,2069100
2022-05-11 20:00:00-04:00,106.90,109.39,105.68,108.27,1365600
2022-05-12 20:00:00-04:00,110.23,114.01,110.11,111.89,1662100
2022-05-15 20:00:00-04:00,111.95,112.89,109.95,111.51,1288800
2022-05-16 20:00:00-04:00,113.17,113.97,110.38,112.97,1608400
2022-05-17 20:00:00-04:00,112.24,115.55,109.35,109.95,1132000
2022-05-18 20:00:00-04:00,108.88,114.59,108.59,112.84,1447900
2022-05-19 20:00:00-04:00,114.14,114.63,110.46,112.31,1588800
2022-05-22 20:00:00-04:00,113.79,117.22,113.43,115.72,1372700
2022-05-23 20:00:00-04:00,114.78,115.66,113.08,115.21,1307500
2022-05-24 20:00:00-04:00,115.67,118.53,115.05,117.64,1243900
2022-05-25 20:00:00-04:00,119.27,121.87,118.55,119.90,1764600
2022-05-26 20:00:00-04:00,121.18,123.65,120.87,122.76,1486000
2022-05-30 20:00:00-04:00,123.12,123.23,117.61,118.28,10607300
2022-05-31 20:00:00-04:00,119.80,121.01,116.97,119.05,1350900
2022-06-01 20:00:00-04:00,119.09,123.95,118.29,123.81,1189200
2022-06-02 20:00:00-04:00,122.97,128.65,122.43,128.33,1746200
2022-06-05 20:00:00-04:00,133.75,137.62,130.08,130.60,2312900
2022-06-06 20:00:00-04:00,129.48,133.34,128.12,132.93,1402000
2022-06-07 20:00:00-04:00,132.37,132.37,128.36,129.65,1565600
2022-06-08 20:00:00-04:00,128.95,131.90,127.64,129.96,912700
2022-06-09 20:00:00-04:00,127.80,128.29,123.89,125.83,1411400
2022-06-12 20:00:00-04:00,124.60,127.95,122.34,125.05,2222700
2022-06-13 20:00:00-04:00,125.09,125.72,121.73,122.80,1504300
2022-06-14 20:00:00-04:00,123.05,124.89,120.19,123.37,1631900
2022-06-15 20:00:00-04:00,120.45,121.59,113.18,114.03,2132700
2022-06-16 20:00:00-04:00,113.18,116.12,112.17,113.16,2049000
2022-06-20 20:00:00-04:00,115.48,119.97,114.78,118.51,1338300
2022-06-21 20:00:00-04:00,116.20,119.44,115.99,118.14,1119100
2022-06-22 20:00:00-04:00,118.45,120.75,115.85,120.03,1472000
2022-06-23 20:00:00-04:00,121.26,125.80,120.79,125.21,2702700
2022-06-26 20:00:00-04:00,126.14,127.50,124.42,127.13,1214700
2022-06-27 20:00:00-04:00,127.67,129.07,123.04,123.35,888300
2022-06-28 20:00:00-04:00,123.57,123.84,117.24,119.02,1727100
2022-06-29 20:00:00-04:00,116.88,124.78,116.88,124.65,1493100
2022-06-30 20:00:00-04:00,124.52,127.07,121.48,125.45,1036100
2022-07-04 20:00:00-04:00,123.41,126.89,121.08,126.55,1297300
2022-07-05 20:00:00-04:00,126.08,127.30,122.38,125.60,1048100
2022-07-06 20:00:00-04:00,127.05,131.79,126.11,131.52,981300
2022-07-07 20:00:00-04:00,131.51,132.85,129.68,131.22,882800
2022-07-10 20:00:00-04:00,130.00,131.27,129.51,130.43,589100
2022-07-11 20:00:00-04:00,129.14,130.48,126.18,127.02,985400
2022-07-12 20:00:00-04:00,125.45,128.80,124.47,127.20,985900
2022-07-13 20:00:00-04:00,125.08,127.49,123.83,127.34,888500
2022-07-14 20:00:00-04:00,129.44,129.44,119.73,127.31,1401400
2022-07-17 20:00:00-04:00,128.03,129.56,126.07,126.26,844800
2022-07-18 20:00:00-04:00,127.45,130.83,127.45,130.39,885300
2022-07-19 20:00:00-04:00,130.28,132.53,129.01,131.57,783100
2022-07-20 20:00:00-04:00,130.57,132.49,129.90,132.41,547400
2022-07-21 20:00:00-04:00,133.06,135.34,130.87,132.33,699700
2022-07-24 20:00:00-04:00,131.15,133.12,128.04,132.94,784400
2022-07-25 20:00:00-04:00,133.21,134.43,131.85,132.55,907300
2022-07-26 20:00:00-04:00,133.35,134.42,132.34,133.23,1455000
2022-07-27 20:00:00-04:00,137.41,144.58,135.58,144.49,2590000
2022-07-28 20:00:00-04:00,145.21,146.03,137.23,137.97,2613400
2022-07-31 20:00:00-04:00,137.24,138.70,135.75,137.96,1453700
2022-08-01 20:00:00-04:00,137.80,139.33,135.91,137.55,940600
2022-08-02 20:00:00-04:00,138.94,138.94,135.36,136.31,1659600
2022-08-03 20:00:00-04:00,134.59,135.36,131.08,132.68,1779100
2022-08-04 20:00:00-04:00,133.42,137.89,132.74,136.16,1287200
2022-08-07 20:00:00-04:00,137.18,138.99,136.43,136.51,1095600
2022-08-08 20:00:00-04:00,136.09,137.16,134.83,135.09,654300
2022-08-09 20:00:00-04:00,137.03,139.76,136.80,139.48,1187900
2022-08-10 20:00:00-04:00,141.29,141.96,139.99,140.47,888000
2022-08-11 20:00:00-04:00,140.58,142.84,140.23,142.67,790800
2022-08-14 20:00:00-04:00,141.37,142.67,140.54,142.18,624900
2022-08-15 20:00:00-04:00,141.95,143.28,141.28,141.65,912100
2022-08-16 20:00:00-04:00,140.47,143.44,139.65,143.33,1077900
2022-08-17 20:00:00-04:00,144.23,145.50,142.86,143.69,573600
2022-08-18 20:00:00-04:00,142.77,143.21,141.01,141.24,728500
2022-08-21 20:00:00-04:00,139.05,141.57,138.16,139.24,652300
2022-08-22 20:00:00-04:00,139.75,142.22,139.39,140.44,725700
2022-08-23 20:00:00-04:00,140.92,144.72,140.92,144.31,731800
2022-08-24 20:00:00-04:00,145.57,148.51,145.34,146.94,863400
2022-08-25 20:00:00-04:00,147.40,147.40,143.17,143.83,982800
2022-08-28 20:00:00-04:00,142.21,145.82,141.52,144.07,654300
2022-08-29 20:00:00-04:00,145.37,145.85,138.94,139.99,758600
2022-08-30 20:00:00-04:00,139.90,141.28,139.18,140.52,1415200
2022-08-31 20:00:00-04:00,139.69,140.59,136.27,138.34,1328300
2022-09-01 20:00:00-04:00,140.57,143.88,139.33,139.83,790300
2022-09-05 20:00:00-04:00,139.62,140.90,137.75,139.49,889900
2022-09-06 20:00:00-04:00,139.36,141.82,138.46,141.65,886700
2022-09-07 20:00:00-04:00,141.19,145.85,140.34,145.80,990600
2022-09-08 20:00:00-04:00,146.94,147.19,144.76,145.95,730000
2022-09-11 20:00:00-04:00,146.72,147.34,143.83,144.86,774700
2022-09-12 20:00:00-04:00,140.97,143.52,140.12,140.67,730800
2022-09-13 20:00:00-04:00,140.72,142.42,139.35,141.59,1565500
2022-09-14 20:00:00-04:00,139.17,141.32,137.28,138.12,1623000
2022-09-15 20:00:00-04:00,136.35,137.76,134.12,136.66,3608000
2022-09-18 20:00:00-04:00,135.24,141.37,135.00,140.50,1753600
2022-09-19 20:00:00-04:00,139.87,140.13,136.77,137.81,1272700
2022-09-20 20:00:00-04:00,138.36,141.36,135.67,135.78,699700
2022-09-21 20:00:00-04:00,136.74,137.15,134.63,134.96,761000
2022-09-22 20:00:00-04:00,132.95,132.95,125.94,128.05,1647300
2022-09-25 20:00:00-04:00,127.38,130.32,124.74,125.05,1282500
2022-09-26 20:00:00-04:00,126.96,128.12,123.45,124.86,1034900
2022-09-27 20:00:00-04:00,126.10,130.35,125.92,129.48,962900
2022-09-28 20:00:00-04:00,128.29,128.29,124.22,127.23,857600
2022-09-29 20:00:00-04:00,127.73,129.49,125.86,126.76,1033700
2022-10-02 20:00:00-04:00,128.75,131.63,127.37,130.70,787100
2022-10-03 20:00:00-04:00,132.65,136.29,132.65,135.36,888600
2022-10-04 20:00:00-04:00,133.77,135.14,131.34,133.88,757500
2022-10-05 20:00:00-04:00,133.70,135.70,131.48,131.56,698700
2022-10-06 20:00:00-04:00,131.02,131.10,126.90,127.89,623000
2022-10-09 20:00:00-04:00,127.94,130.42,127.65,128.39,565300
2022-10-10 20:00:00-04:00,128.83,132.02,127.04,128.80,1064900
2022-10-11 20:00:00-04:00,129.24,129.24,125.66,125.73,775500
2022-10-12 20:00:00-04:00,123.55,129.98,122.99,129.56,843000
2022-10-13 20:00:00-04:00,130.11,130.88,122.64,122.80,816800
2022-10-16 20:00:00-04:00,125.77,129.66,125.29,129.05,902000
2022-10-17 20:00:00-04:00,132.50,135.32,131.03,132.76,871100
2022-10-18 20:00:00-04:00,131.57,132.50,129.86,131.91,601900
2022-10-19 20:00:00-04:00,132.20,133.41,129.68,130.09,706200
2022-10-20 20:00:00-04:00,130.37,133.38,129.95,132.75,775500
2022-10-23 20:00:00-04:00,133.71,137.09,133.26,136.73,958200
2022-10-24 20:00:00-04:00,137.05,142.04,136.63,141.64,1365400
2022-10-25 20:00:00-04:00,142.49,143.60,139.37,139.79,982200
2022-10-26 20:00:00-04:00,140.68,141.93,139.08,139.57,751500
2022-10-27 20:00:00-04:00,140.18,142.01,138.78,140.48,830600
2022-10-30 20:00:00-04:00,139.91,141.58,139.76,141.34,753900
2022-10-31 20:00:00-04:00,142.87,143.35,141.02,141.57,719900
2022-11-01 20:00:00-04:00,140.29,142.25,135.91,136.10,1229300
2022-11-02 20:00:00-04:00,143.84,145.97,136.28,143.69,2404500
2022-11-03 20:00:00-04:00,146.92,148.76,140.08,146.04,1635600
2022-11-06 19:00:00-05:00,146.99,148.29,144.51,146.52,1220500
2022-11-07 19:00:00-05:00,146.52,149.05,145.28,147.03,1001000
2022-11-08 19:00:00-05:00,145.20,147.17,141.90,142.33,823800
2022-11-09 19:00:00-05:00,147.10,148.25,143.22,146.33,1345000
2022-11-10 19:00:00-05:00,146.34,148.26,143.46,143.75,1065400
2022-11-13 19:00:00-05:00,143.34,144.08,141.42,141.49,907400
2022-11-14 19:00:00-05:00,143.32,144.71,141.23,143.34,779200
2022-11-15 19:00:00-05:00,142.91,146.27,142.14,146.00,826600
2022-11-16 19:00:00-05:00,144.30,148.12,143.70,148.01,884900
2022-11-17 19:00:00-05:00,149.26,149.65,146.11,147.92,749500
2022-11-20 19:00:00-05:00,147.10,148.90,146.79,148.20,621100
2022-11-21 19:00:00-05:00,149.26,151.02,146.99,147.06,923300
2022-11-22 19:00:00-05:00,146.78,149.15,144.55,145.48,682800
2022-11-24 19:00:00-05:00,146.20,148.45,145.74,147.78,271700
2022-11-27 19:00:00-05:00,147.84,149.80,142.01,142.85,880900
2022-11-28 19:00:00-05:00,143.32,144.45,142.39,143.83,579700
2022-11-29 19:00:00-05:00,143.68,149.43,143.46,149.14,1560700
2022-11-30 19:00:00-05:00,149.75,152.26,148.56,150.98,907000
2022-12-01 19:00:00-05:00,149.91,153.88,149.63,152.31,627000
2022-12-04 19:00:00-05:00,151.09,151.59,148.27,150.07,748200
2022-12-05 19:00:00-05:00,150.48,151.43,148.23,148.85,475800
2022-12-06 19:00:00-05:00,148.55,150.15,147.35,147.58,627900
2022-12-07 19:00:00-05:00,149.33,150.81,148.24,149.57,622300
2022-12-08 19:00:00-05:00,149.74,150.92,147.12,147.41,745000
2022-12-11 19:00:00-05:00,147.92,149.68,147.61,149.52,565500
2022-12-12 19:00:00-05:00,154.11,154.23,149.47,151.78,984400
2022-12-13 19:00:00-05:00,152.80,154.03,150.06,151.34,1518800
2022-12-14 19:00:00-05:00,148.57,148.57,143.23,144.10,1921300
2022-12-15 19:00:00-05:00,142.19,143.49,141.01,142.56,2219200
2022-12-18 19:00:00-05:00,143.27,143.61,140.82,141.65,1290500
2022-12-19 19:00:00-05:00,141.40,144.49,141.40,141.95,1664500
2022-12-20 19:00:00-05:00,143.10,144.79,142.79,143.99,653800
2022-12-21 19:00:00-05:00,142.67,143.60,139.72,141.88,672800
2022-12-22 19:00:00-05:00,142.00,143.51,141.24,143.49,405700
2022-12-26 19:00:00-05:00,143.78,144.71,142.60,143.26,417600
2022-12-27 19:00:00-05:00,143.12,144.30,140.15,140.62,445600
2022-12-28 19:00:00-05:00,142.08,142.69,140.91,141.99,502400
2022-12-29 19:00:00-05:00,140.76,142.33,139.81,141.87,400900
2023-01-02 19:00:00-05:00,142.23,142.70,138.55,139.99,789800
2023-01-03 19:00:00-05:00,140.22,140.78,137.27,137.94,930000
2023-01-04 19:00:00-05:00,137.39,138.85,134.02,134.97,1101400
2023-01-05 19:00:00-05:00,137.14,140.34,136.17,138.51,894800
2023-01-08 19:00:00-05:00,138.88,142.34,137.61,138.03,815800
2023-01-09 19:00:00-05:00,137.40,139.02,137.40,138.90,939600
2023-01-10 19:00:00-05:00,140.42,143.04,139.35,140.07,875700
2023-01-11 19:00:00-05:00,140.93,147.33,140.58,147.16,1204000
2023-01-12 19:00:00-05:00,146.54,148.51,145.83,147.85,770800
2023-01-16 19:00:00-05:00,147.85,149.68,147.22,147.62,849900
2023-01-17 19:00:00-05:00,148.13,149.93,142.71,143.67,753300
2023-01-18 19:00:00-05:00,142.50,143.69,141.55,142.86,1677800
2023-01-19 19:00:00-05:00,143.12,145.74,142.59,145.60,931800
2023-01-22 19:00:00-05:00,146.79,149.12,146.35,148.89,766100
2023-01-23 19:00:00-05:00,148.18,152.89,147.53,150.84,804600
2023-01-24 19:00:00-05:00,149.34,149.37,145.01,148.24,915200
2023-01-25 19:00:00-05:00,148.99,149.51,146.77,149.40,840400
2023-01-26 19:00:00-05:00,149.06,150.47,148.62,149.34,645200
2023-01-29 19:00:00-05:00,148.87,150.52,147.77,148.44,743000
2023-01-30 19:00:00-05:00,148.77,151.57,148.12,151.52,705500
2023-01-31 19:00:00-05:00,150.84,153.70,150.19,152.20,569100
2023-02-01 19:00:00-05:00,152.91,153.53,148.88,151.01,991900
2023-02-02 19:00:00-05:00,150.15,153.07,149.74,151.76,850200
2023-02-05 19:00:00-05:00,151.17,152.70,150.76,152.05,696600
2023-02-06 19:00:00-05:00,151.68,153.36,149.84,152.89,569000
2023-02-07 19:00:00-05:00,152.32,153.94,151.52,151.69,960300
2023-02-08 19:00:00-05:00,152.55,153.32,151.07,151.79,1313200
2023-02-09 19:00:00-05:00,151.72,153.32,149.69,150.67,1063800
2023-02-12 19:00:00-05:00,150.76,153.78,149.85,153.61,582200
2023-02-13 19:00:00-05:00,153.05,154.94,151.55,153.52,803700
2023-02-14 19:00:00-05:00,152.58,155.68,151.76,155.31,653400
2023-02-15 19:00:00-05:00,154.14,157.84,153.32,154.64,911400
2023-02-16 19:00:00-05:00,154.25,156.37,154.06,154.22,862600
2023-02-20 19:00:00-05:00,153.28,153.96,147.50,148.05,1098600
2023-02-21 19:00:00-05:00,148.50,149.32,146.68,147.75,1155900
2023-02-22 19:00:00-05:00,159.30,168.01,157.53,158.92,2860100
2023-02-23 19:00:00-05:00,157.51,162.40,156.43,159.93,1468900
2023-02-26 19:00:00-05:00,161.73,164.07,160.15,162.18,866800
2023-02-27 19:00:00-05:00,162.19,163.29,160.58,160.69,1195000
2023-02-28 19:00:00-05:00,161.21,162.66,158.29,158.95,957400
2023-03-01 19:00:00-05:00,158.15,160.04,157.28,159.35,741200
2023-03-02 19:00:00-05:00,161.86,163.11,159.61,162.40,793100
2023-03-05 19:00:00-05:00,161.73,164.17,160.14,162.65,769300
2023-03-06 19:00:00-05:00,162.98,163.93,161.45,162.25,607300
2023-03-07 19:00:00-05:00,162.03,162.94,160.27,161.72,772200
2023-03-08 19:00:00-05:00,162.48,163.56,158.92,159.84,589700
2023-03-09 19:00:00-05:00,159.48,159.65,155.30,156.66,1695700
2023-03-12 20:00:00-04:00,154.59,157.27,154.17,155.18,897700
2023-03-13 20:00:00-04:00,158.47,160.41,156.87,159.04,860300
2023-03-14 20:00:00-04:00,156.54,157.86,151.03,154.66,1368800
2023-03-15 20:00:00-04:00,153.08,157.37,151.33,156.52,848300
2023-03-16 20:00:00-04:00,156.79,157.11,152.22,154.42,1607500
2023-03-19 20:00:00-04:00,155.11,157.74,154.58,156.60,1000500
2023-03-20 20:00:00-04:00,159.16,161.41,157.74,160.91,764000
2023-03-21 20:00:00-04:00,160.25,162.61,157.80,157.86,752200
2023-03-22 20:00:00-04:00,158.13,161.13,156.57,158.27,808400
2023-03-23 20:00:00-04:00,156.29,161.14,154.18,160.07,1209700
2023-03-26 20:00:00-04:00,161.98,162.99,159.59,161.74,821000
2023-03-27 20:00:00-04:00,162.13,163.95,161.54,162.56,901000
2023-03-28 20:00:00-04:00,164.22,164.77,163.00,164.73,651500
2023-03-29 20:00:00-04:00,166.12,166.48,164.75,165.79,695300
2023-03-30 20:00:00-04:00,166.27,166.99,164.83,165.91,919100
2023-04-02 20:00:00-04:00,166.15,166.75,163.20,165.06,671600
2023-04-03 20:00:00-04:00,165.62,166.16,161.18,161.93,830600
2023-04-04 20:00:00-04:00,160.93,161.12,157.22,159.21,1095400
2023-04-05 20:00:00-04:00,158.59,160.48,158.45,158.51,679300
2023-04-09 20:00:00-04:00,157.71,161.10,157.56,160.91,941200
2023-04-10 20:00:00-04:00,161.01,163.17,161.01,163.09,755800
2023-04-11 20:00:00-04:00,164.34,165.95,163.69,164.36,883300
2023-04-12 20:00:00-04:00,164.62,165.36,162.32,164.40,838900
2023-04-13 20:00:00-04:00,164.23,166.04,163.91,165.37,444000
2023-04-16 20:00:00-04:00,165.54,166.80,165.16,166.20,449400
2023-04-17 20:00:00-04:00,166.70,167.64,166.12,167.14,711400
2023-04-18 20:00:00-04:00,166.02,167.04,164.66,165.36,434400
2023-04-19 20:00:00-04:00,164.36,167.43,163.62,166.64,512100
2023-04-20 20:00:00-04:00,166.52,166.59,164.58,165.15,526300
2023-04-23 20:00:00-04:00,166.13,168.45,165.84,167.61,514200
2023-04-24 20:00:00-04:00,165.94,167.42,165.61,166.57,597000
2023-04-25 20:00:00-04:00,165.35,166.57,162.83,163.43,578300
2023-04-26 20:00:00-04:00,164.80,168.72,164.30,168.31,790800
2023-04-27 20:00:00-04:00,168.41,170.15,167.99,168.98,727900
2023-04-30 20:00:00-04:00,169.11,171.27,168.07,168.55,740800
2023-05-01 20:00:00-04:00,167.79,167.84,164.35,167.46,688100
2023-05-02 20:00:00-04:00,168.27,170.29,167.55,167.56,870700
2023-05-03 20:00:00-04:00,166.33,168.81,159.97,164.71,1229200
2023-05-04 20:00:00-04:00,167.15,170.87,167.15,170.40,855100
2023-05-07 20:00:00-04:00,170.33,170.66,167.52,168.22,821200
2023-05-08 20:00:00-04:00,168.20,170.77,167.37,170.33,889300
2023-05-09 20:00:00-04:00,171.51,172.16,169.04,170.76,711000
2023-05-10 20:00:00-04:00,168.90,171.10,168.59,170.92,686200
2023-05-11 20:00:00-04:00,171.83,175.60,170.87,173.17,896000
2023-05-14 20:00:00-04:00,172.82,174.39,172.19,174.13,652900
2023-05-15 20:00:00-04:00,172.85,173.26,168.64,169.03,959700
2023-05-16 20:00:00-04:00,170.19,170.50,167.52,169.10,969200
2023-05-17 20:00:00-04:00,168.61,171.83,167.44,171.22,827600
2023-05-18 20:00:00-04:00,172.09,173.35,169.97,171.04,658000
2023-05-21 20:00:00-04:00,171.46,173.53,170.11,170.32,795500
2023-05-22 20:00:00-04:00,168.52,169.47,164.86,165.96,1166500
2023-05-23 20:00:00-04:00,168.41,168.41,164.99,165.91,698900
2023-05-24 20:00:00-04:00,166.46,172.37,165.94,172.18,1080400
2023-05-25 20:00:00-04:00,173.31,175.66,172.41,173.32,811300
2023-05-29 20:00:00-04:00,174.99,181.12,174.99,180.46,1711000
2023-05-30 20:00:00-04:00,178.09,180.16,175.91,176.89,1767200
2023-05-31 20:00:00-04:00,176.31,177.18,174.54,175.36,986400
2023-06-01 20:00:00-04:00,175.90,179.70,175.86,179.38,756500
2023-06-04 20:00:00-04:00,179.38,179.38,175.81,178.53,596100
2023-06-05 20:00:00-04:00,177.82,181.37,177.82,180.91,619700
2023-06-06 20:00:00-04:00,180.75,184.01,180.75,183.21,764100
2023-06-07 20:00:00-04:00,182.41,183.23,180.98,182.66,508900
2023-06-08 20:00:00-04:00,182.28,182.85,180.99,182.12,347100
2023-06-11 20:00:00-04:00,182.48,185.76,181.44,184.66,679200
2023-06-12 20:00:00-04:00,184.53,185.41,183.52,184.28,787600
2023-06-13 20:00:00-04:00,184.26,185.77,182.92,184.37,828300
2023-06-14 20:00:00-04:00,183.77,185.88,183.35,185.08,660300
2023-06-15 20:00:00-04:00,186.18,187.87,185.17,185.23,1752600
2023-06-19 20:00:00-04:00,183.89,185.97,182.87,185.03,647400
2023-06-20 20:00:00-04:00,184.88,190.56,184.68,190.20,1015300
2023-06-21 20:00:00-04:00,189.32,191.09,187.71,188.57,624100
2023-06-22 20:00:00-04:00,186.77,188.66,185.79,185.88,2264000
2023-06-25 20:00:00-04:00,187.33,190.87,187.31,189.77,729300
2023-06-26 20:00:00-04:00,189.82,194.12,189.82,193.90,623200
2023-06-27 20:00:00-04:00,194.23,194.38,192.48,192.96,659000
2023-06-28 20:00:00-04:00,192.61,194.36,191.73,194.09,853300
2023-06-29 20:00:00-04:00,195.04,196.33,192.88,195.76,723700
2023-07-02 20:00:00-04:00,195.19,195.53,192.70,195.03,398900
2023-07-04 20:00:00-04:00,193.47,195.21,192.86,194.47,575100
2023-07-05 20:00:00-04:00,193.36,194.84,191.33,191.86,729200
2023-07-06 20:00:00-04:00,191.65,194.84,191.59,192.92,737300
2023-07-09 20:00:00-04:00,194.64,199.90,194.19,199.09,1021700
2023-07-10 20:00:00-04:00,198.81,199.79,197.97,199.25,902600
2023-07-11 20:00:00-04:00,200.30,201.78,197.55,197.74,715400
2023-07-12 20:00:00-04:00,197.80,198.62,196.07,197.58,534400
2023-07-13 20:00:00-04:00,197.91,197.91,193.95,195.45,687600
2023-07-16 20:00:00-04:00,195.66,199.25,194.78,198.61,516100
2023-07-17 20:00:00-04:00,198.47,199.93,197.81,198.91,812600
2023-07-18 20:00:00-04:00,197.95,199.73,196.79,199.25,542000
2023-07-19 20:00:00-04:00,200.22,200.22,198.31,199.28,522000
2023-07-20 20:00:00-04:00,199.89,202.77,199.89,200.79,671500
2023-07-23 20:00:00-04:00,202.29,203.46,200.85,203.10,598700
2023-07-24 20:00:00-04:00,202.46,205.71,202.21,204.68,615200
2023-07-25 20:00:00-04:00,203.98,204.68,200.87,201.94,734100
2023-07-26 20:00:00-04:00,202.77,202.93,200.16,200.93,602200
2023-07-27 20:00:00-04:00,201.88,203.90,198.85,199.78,1089400
2023-07-30 20:00:00-04:00,200.70,201.44,199.33,200.92,821500
2023-07-31 20:00:00-04:00,200.26,201.74,198.96,201.19,1094800
2023-08-01 20:00:00-04:00,199.94,201.76,199.15,201.61,1235000
2023-08-02 20:00:00-04:00,199.57,203.50,193.32,202.63,1349600
2023-08-03 20:00:00-04:00,203.35,203.65,197.50,199.58,1009500
2023-08-06 20:00:00-04:00,199.62,201.59,198.65,201.41,552200
2023-08-07 20:00:00-04:00,201.58,203.15,200.69,201.99,630800
2023-08-08 20:00:00-04:00,201.79,203.95,201.37,202.73,501600
2023-08-09 20:00:00-04:00,203.27,204.09,198.21,199.73,676000
2023-08-10 20:00:00-04:00,199.79,200.84,198.93,199.47,522100
2023-08-13 20:00:00-04:00,199.51,202.90,198.60,202.83,554400
2023-08-14 20:00:00-04:00,202.16,203.42,201.31,202.49,668900
2023-08-15 20:00:00-04:00,202.64,203.58,199.93,200.07,483800
2023-08-16 20:00:00-04:00,200.08,201.81,199.21,199.71,826600
2023-08-17 20:00:00-04:00,197.84,202.92,196.62,202.36,696900
2023-08-20 20:00:00-04:00,202.75,203.55,200.51,202.86,478300
2023-08-21 20:00:00-04:00,203.83,206.96,203.06,205.91,681300
2023-08-22 20:00:00-04:00,205.98,208.68,204.86,207.52,552400
2023-08-23 20:00:00-04:00,207.79,207.79,200.82,200.86,697100
2023-08-24 20:00:00-04:00,202.03,206.04,201.92,204.55,634200
2023-08-27 20:00:00-04:00,205.17,207.15,204.79,206.96,428400
2023-08-28 20:00:00-04:00,206.21,207.91,204.94,207.87,406600
2023-08-29 20:00:00-04:00,208.42,210.33,208.25,208.91,410400
2023-08-30 20:00:00-04:00,209.27,211.69,209.10,209.14,767100
2023-08-31 20:00:00-04:00,210.18,212.08,209.27,211.62,560500
2023-09-04 20:00:00-04:00,211.13,211.15,205.91,208.08,640800
2023-09-05 20:00:00-04:00,208.51,210.33,206.79,208.36,509200
2023-09-06 20:00:00-04:00,207.24,209.42,204.71,207.97,667500
2023-09-07 20:00:00-04:00,208.68,208.84,204.94,205.78,621500
2023-09-10 20:00:00-04:00,206.92,207.27,203.53,204.32,613700
2023-09-11 20:00:00-04:00,203.77,207.29,203.51,203.78,478200
2023-09-12 20:00:00-04:00,203.19,204.89,197.51,199.63,826300
2023-09-13 20:00:00-04:00,201.06,203.05,199.90,202.08,568100
2023-09-14 20:00:00-04:00,200.86,200.86,197.70,198.54,1211200
2023-09-17 20:00:00-04:00,199.05,199.64,196.68,197.01,602800
2023-09-18 20:00:00-04:00,196.70,197.78,193.27,195.45,787600
2023-09-19 20:00:00-04:00,196.18,197.25,194.49,194.57,472500
2023-09-20 20:00:00-04:00,193.49,193.49,185.44,185.82,1375100
2023-09-21 20:00:00-04:00,185.79,188.94,185.69,187.79,1121900
2023-09-24 20:00:00-04:00,187.23,187.70,184.01,186.93,726000
2023-09-25 20:00:00-04:00,185.51,186.38,183.53,184.21,841700
2023-09-26 20:00:00-04:00,186.80,189.85,185.76,189.46,1261800
2023-09-27 20:00:00-04:00,189.15,191.54,187.96,188.26,774700
2023-09-28 20:00:00-04:00,189.56,190.41,185.63,186.50,910900
2023-10-01 20:00:00-04:00,186.31,186.55,174.94,176.10,2088200
2023-10-02 20:00:00-04:00,174.67,176.00,167.84,168.85,2950100
2023-10-03 20:00:00-04:00,167.99,171.35,163.39,171.22,2620500
2023-10-04 20:00:00-04:00,169.75,171.16,167.13,167.71,1914200
2023-10-05 20:00:00-04:00,166.97,173.29,165.25,172.18,1648400
2023-10-08 20:00:00-04:00,171.04,173.56,169.70,173.36,1055000
2023-10-09 20:00:00-04:00,173.67,178.31,173.48,177.09,1421800
2023-10-10 20:00:00-04:00,177.54,179.53,177.05,178.77,813500
2023-10-11 20:00:00-04:00,180.00,180.89,176.23,177.36,1080100
2023-10-12 20:00:00-04:00,178.33,178.97,171.53,173.00,944700
2023-10-15 20:00:00-04:00,175.16,176.33,173.07,175.84,696400
2023-10-16 20:00:00-04:00,174.67,179.38,174.20,178.85,729100
2023-10-17 20:00:00-04:00,176.93,176.95,171.21,171.51,770400
2023-10-18 20:00:00-04:00,170.94,172.64,168.09,168.22,1442300
2023-10-19 20:00:00-04:00,168.81,169.45,163.39,164.19,1908600
2023-10-22 20:00:00-04:00,163.71,166.28,162.47,164.96,1261300
2023-10-23 20:00:00-04:00,169.23,173.61,166.73,166.74,1249200
2023-10-24 20:00:00-04:00,167.40,170.13,167.11,167.71,1063900
2023-10-25 20:00:00-04:00,168.38,169.18,165.87,166.74,919900
2023-10-26 20:00:00-04:00,166.86,166.92,163.34,164.36,810800
2023-10-29 20:00:00-04:00,165.81,167.08,162.06,164.25,1106900
2023-10-30 20:00:00-04:00,164.32,167.17,163.55,166.61,1573500
2023-10-31 20:00:00-04:00,163.56,164.34,153.27,159.13,4262000
2023-11-01 20:00:00-04:00,169.48,174.71,165.73,174.54,3054400
2023-11-02 20:00:00-04:00,176.00,177.45,166.85,168.66,1758100
2023-11-05 19:00:00-05:00,168.53,168.75,164.86,167.94,1114400
2023-11-06 19:00:00-05:00,166.51,167.00,163.44,164.57,1093700
2023-11-07 19:00:00-05:00,169.66,170.50,166.61,169.24,1801900
2023-11-08 19:00:00-05:00,171.19,174.45,167.58,169.05,1670600
2023-11-09 19:00:00-05:00,170.78,173.93,169.19,173.54,1406000
2023-11-12 19:00:00-05:00,173.50,177.00,173.09,175.70,1273900
2023-11-13 19:00:00-05:00,179.45,184.21,179.02,182.29,1520800
2023-11-14 19:00:00-05:00,183.58,186.73,183.04,183.16,1517900
2023-11-15 19:00:00-05:00,182.63,184.91,181.64,182.74,846400
2023-11-16 19:00:00-05:00,183.71,184.63,181.65,182.55,633900
2023-11-19 19:00:00-05:00,182.65,184.48,181.21,183.57,806300
2023-11-20 19:00:00-05:00,183.26,184.38,182.51,182.80,733500
2023-11-21 19:00:00-05:00,182.95,183.92,181.65,183.25,789600
2023-11-23 19:00:00-05:00,183.09,183.72,181.44,182.02,329300
2023-11-26 19:00:00-05:00,181.57,185.31,180.89,185.14,1191100
2023-11-27 19:00:00-05:00,184.86,185.86,180.42,180.78,1185300
2023-11-28 19:00:00-05:00,182.46,185.86,182.08,185.04,1580400
2023-11-29 19:00:00-05:00,186.52,188.20,185.61,187.73,1889900
2023-11-30 19:00:00-05:00,187.23,192.29,186.01,189.97,1012900
2023-12-03 19:00:00-05:00,188.59,190.05,187.75,189.06,686400
2023-12-04 19:00:00-05:00,188.57,190.33,186.59,188.85,896400
2023-12-05 19:00:00-05:00,190.55,192.57,189.60,191.26,1007300
2023-12-06 19:00:00-05:00,191.22,194.15,191.22,193.78,1266300
2023-12-07 19:00:00-05:00,194.40,198.98,194.12,198.64,1477600
2023-12-10 19:00:00-05:00,198.64,201.15,198.52,201.14,962700
2023-12-11 19:00:00-05:00,201.17,205.95,200.88,204.64,1050500
2023-12-12 19:00:00-05:00,204.69,210.91,204.69,209.64,1481100
2023-12-13 19:00:00-05:00,211.72,216.58,211.64,215.14,1496800
2023-12-14 19:00:00-05:00,214.81,216.29,212.34,214.36,1792700
2023-12-17 19:00:00-05:00,214.50,215.44,213.30,214.34,893500
2023-12-18 19:00:00-05:00,215.36,217.83,214.34,217.04,1537100
2023-12-19 19:00:00-05:00,215.95,218.50,212.09,212.25,1441900
2023-12-20 19:00:00-05:00,213.46,215.07,210.48,211.80,1014800
2023-12-21 19:00:00-05:00,212.96,213.50,210.29,213.38,766900
2023-12-25 19:00:00-05:00,213.64,214.82,213.42,214.00,395000
2023-12-26 19:00:00-05:00,214.48,215.37,213.85,215.29,454100
2023-12-27 19:00:00-05:00,216.33,216.58,214.69,215.81,474200
2023-12-28 19:00:00-05:00,215.12,216.29,213.97,215.23,457100
2024-01-01 19:00:00-05:00,213.02,214.26,207.72,208.71,1068800
2024-01-02 19:00:00-05:00,203.50,205.02,200.90,201.20,1354600
2024-01-03 19:00:00-05:00,200.41,202.30,199.21,199.54,1271700
2024-01-04 19:00:00-05:00,198.94,200.79,197.60,198.55,722000
2024-01-07 19:00:00-05:00,198.55,205.41,197.51,205.02,1071200
2024-01-08 19:00:00-05:00,203.08,203.87,200.83,203.56,597200
2024-01-09 19:00:00-05:00,203.23,203.79,199.61,203.10,696400
2024-01-10 19:00:00-05:00,203.39,203.55,200.13,201.93,743300
2024-01-11 19:00:00-05:00,203.13,203.13,201.03,201.92,525400
2024-01-15 19:00:00-05:00,200.42,201.72,199.77,200.84,589900
2024-01-16 19:00:00-05:00,198.53,200.49,198.45,199.63,400900
2024-01-17 19:00:00-05:00,200.74,202.96,199.53,201.37,455500
2024-01-18 19:00:00-05:00,202.46,202.89,198.88,201.89,617900
2024-01-21 19:00:00-05:00,202.69,203.97,201.67,202.92,668400
2024-01-22 19:00:00-05:00,203.92,203.92,186.77,195.04,3326300
2024-01-23 19:00:00-05:00,195.76,196.37,192.11,192.77,1200200
2024-01-24 19:00:00-05:00,195.17,198.14,192.99,197.46,1067500
2024-01-25 19:00:00-05:00,197.87,198.12,193.90,195.78,870500
2024-01-28 19:00:00-05:00,195.48,197.11,194.38,196.54,1013800
2024-01-29 19:00:00-05:00,195.69,197.05,193.96,196.73,1297100
2024-01-30 19:00:00-05:00,196.94,197.19,193.01,193.54,1195100
2024-01-31 19:00:00-05:00,195.12,200.84,195.06,199.73,1134300
2024-02-01 19:00:00-05:00,198.20,205.54,196.94,203.96,1131700
2024-02-04 19:00:00-05:00,201.85,203.53,199.98,201.65,924100
2024-02-05 19:00:00-05:00,201.60,205.74,199.70,205.56,1010100
2024-02-06 19:00:00-05:00,207.04,210.38,205.65,208.35,1020300
2024-02-07 19:00:00-05:00,208.28,211.22,206.52,207.22,751500
2024-02-08 19:00:00-05:00,207.45,210.44,205.88,209.55,684200
2024-02-11 19:00:00-05:00,208.81,211.56,208.81,211.04,724100
2024-02-12 19:00:00-05:00,207.12,208.45,205.27,206.29,725100
2024-02-13 19:00:00-05:00,208.29,212.39,207.40,212.08,943500
2024-02-14 19:00:00-05:00,213.34,213.92,210.19,213.49,684500
2024-02-15 19:00:00-05:00,213.47,213.55,210.45,210.88,712500
2024-02-19 19:00:00-05:00,207.93,208.80,206.06,208.65,968800
2024-02-20 19:00:00-05:00,207.32,211.51,206.03,210.66,1115600
2024-02-21 19:00:00-05:00,221.61,235.36,220.48,232.31,2317000
2024-02-22 19:00:00-05:00,234.89,236.68,230.11,233.77,1515100
2024-02-25 19:00:00-05:00,233.76,238.37,232.60,235.02,1315700
2024-02-26 19:00:00-05:00,238.39,240.43,235.56,238.93,1200100
2024-02-27 19:00:00-05:00,239.27,239.27,235.88,238.00,723000
2024-02-28 19:00:00-05:00,239.17,241.51,236.22,240.87,1712700
2024-02-29 19:00:00-05:00,239.28,241.90,238.35,240.25,845900
2024-03-03 19:00:00-05:00,241.63,244.76,239.92,242.69,806300
2024-03-04 19:00:00-05:00,241.17,243.30,238.51,239.07,1122900
2024-03-05 19:00:00-05:00,240.33,242.93,239.93,241.16,688000
2024-03-06 19:00:00-05:00,242.85,244.77,241.85,243.67,851800
2024-03-07 19:00:00-05:00,242.86,244.53,239.87,241.42,802000
2024-03-10 20:00:00-04:00,240.14,241.50,235.94,238.51,843100
2024-03-11 20:00:00-04:00,238.97,241.87,237.19,241.13,777200
2024-03-12 20:00:00-04:00,240.86,242.39,239.87,241.19,484600
2024-03-13 20:00:00-04:00,243.69,244.78,239.18,241.72,714800
2024-03-14 20:00:00-04:00,239.43,243.34,239.43,242.11,1007800
2024-03-17 20:00:00-04:00,244.35,246.31,242.04,243.16,527600
2024-03-18 20:00:00-04:00,242.71,246.05,241.97,245.74,583400
2024-03-19 20:00:00-04:00,245.35,249.72,245.02,248.85,822400
2024-03-20 20:00:00-04:00,251.58,255.77,250.47,255.62,973900
2024-03-21 20:00:00-04:00,255.91,256.84,254.53,255.24,910500
2024-03-24 20:00:00-04:00,254.82,255.83,252.48,254.86,693100
2024-03-25 20:00:00-04:00,256.36,259.91,255.33,258.49,1093200
2024-03-26 20:00:00-04:00,261.25,261.32,257.71,259.06,626400
2024-03-27 20:00:00-04:00,259.00,260.65,258.37,259.11,745700
2024-03-31 20:00:00-04:00,259.17,259.68,256.35,258.57,810000
2024-04-01 20:00:00-04:00,256.25,256.25,252.02,255.42,916900
2024-04-02 20:00:00-04:00,254.60,262.41,254.60,261.59,862200
2024-04-03 20:00:00-04:00,264.25,265.12,256.20,257.61,969100
2024-04-04 20:00:00-04:00,258.80,264.30,258.80,262.50,652100
2024-04-07 20:00:00-04:00,263.34,263.78,260.13,261.65,534600
2024-04-08 20:00:00-04:00,262.58,262.91,253.06,255.81,1026800
2024-04-09 20:00:00-04:00,250.07,256.45,248.73,253.71,749900
2024-04-10 20:00:00-04:00,253.60,257.63,251.37,257.40,617500
2024-04-11 20:00:00-04:00,255.40,257.27,252.36,254.10,632500
2024-04-14 20:00:00-04:00,258.11,259.11,247.70,248.31,794700
2024-04-15 20:00:00-04:00,247.18,249.50,244.73,248.12,756300
2024-04-16 20:00:00-04:00,248.49,249.68,242.46,245.39,911900
2024-04-17 20:00:00-04:00,246.35,251.03,243.91,245.11,1114500
2024-04-18 20:00:00-04:00,246.09,247.64,242.05,242.70,1134700
2024-04-21 20:00:00-04:00,245.46,247.92,243.04,244.99,739800
2024-04-22 20:00:00-04:00,247.55,251.96,245.73,251.37,816900
2024-04-23 20:00:00-04:00,253.26,258.81,251.05,252.59,1027700
2024-04-24 20:00:00-04:00,250.70,255.67,247.17,254.60,604200
2024-04-25 20:00:00-04:00,255.74,262.30,254.61,261.06,1179900
2024-04-28 20:00:00-04:00,263.36,265.10,260.73,261.73,884700
2024-04-29 20:00:00-04:00,260.30,264.28,257.04,257.96,1066500
2024-04-30 20:00:00-04:00,257.40,260.14,252.33,255.42,1184200
2024-05-01 20:00:00-04:00,244.43,257.21,244.43,254.41,1442600
2024-05-02 20:00:00-04:00,256.87,257.27,250.71,255.74,970800
2024-05-05 20:00:00-04:00,259.26,269.80,258.87,268.88,1382100
2024-05-06 20:00:00-04:00,269.99,271.33,266.19,266.26,1116600
2024-05-07 20:00:00-04:00,265.23,266.37,263.27,264.37,977800
2024-05-08 20:00:00-04:00,265.81,271.28,264.38,269.55,1013300
2024-05-09 20:00:00-04:00,271.91,272.24,267.19,270.85,949800
2024-05-12 20:00:00-04:00,271.37,272.37,264.54,264.82,743400
2024-05-13 20:00:00-04:00,265.56,267.50,259.55,262.75,1041800
2024-05-14 20:00:00-04:00,264.90,270.91,264.89,270.16,803200
2024-05-15 20:00:00-04:00,269.10,270.53,263.13,263.21,701800
2024-05-16 20:00:00-04:00,266.22,266.22,262.12,263.79,795500
2024-05-19 20:00:00-04:00,263.79,267.95,263.79,267.04,657200
2024-05-20 20:00:00-04:00,265.66,272.05,265.66,271.42,751200
2024-05-21 20:00:00-04:00,272.33,273.50,267.83,270.47,588400
2024-05-22 20:00:00-04:00,275.15,280.43,272.49,275.91,2084200
2024-05-23 20:00:00-04:00,277.36,285.31,277.36,282.78,1165800
2024-05-27 20:00:00-04:00,286.21,286.21,278.10,278.99,1251300
2024-05-28 20:00:00-04:00,275.61,281.15,275.61,277.33,877200
2024-05-29 20:00:00-04:00,277.49,280.72,276.37,279.11,632100
2024-05-30 20:00:00-04:00,280.45,283.66,268.99,275.30,1867900
2024-06-02 20:00:00-04:00,277.63,278.75,264.41,271.34,1046600
2024-06-03 20:00:00-04:00,270.36,271.34,264.79,269.40,1258800
2024-06-04 20:00:00-04:00,269.83,275.83,269.50,275.29,772500
2024-06-05 20:00:00-04:00,275.03,277.78,265.93,266.66,809200
2024-06-06 20:00:00-04:00,266.36,270.45,264.81,268.70,502400
2024-06-09 20:00:00-04:00,268.38,271.67,266.38,270.94,594500
2024-06-10 20:00:00-04:00,269.61,271.37,266.39,270.93,667600
2024-06-11 20:00:00-04:00,274.89,280.95,274.40,276.15,683100
2024-06-12 20:00:00-04:00,275.60,277.36,272.38,276.06,481700
2024-06-13 20:00:00-04:00,273.00,273.99,268.49,272.66,762000
2024-06-16 20:00:00-04:00,272.27,278.18,271.49,275.94,642700
2024-06-17 20:00:00-04:00,275.94,282.03,275.72,280.55,740000
2024-06-19 20:00:00-04:00,280.55,282.32,271.43,273.34,948200
2024-06-20 20:00:00-04:00,272.46,273.88,265.50,273.37,1388300
2024-06-23 20:00:00-04:00,273.02,276.43,270.37,273.60,826900
2024-06-24 20:00:00-04:00,272.73,272.98,268.13,272.34,689900
2024-06-25 20:00:00-04:00,270.30,270.55,264.19,265.95,948100
2024-06-26 20:00:00-04:00,266.86,267.32,264.25,266.44,652500
2024-06-27 20:00:00-04:00,265.77,267.01,250.99,253.50,2163600
2024-06-30 20:00:00-04:00,255.46,255.78,245.67,247.13,1352000
2024-07-01 20:00:00-04:00,247.13,249.21,244.69,247.30,1011500
2024-07-02 20:00:00-04:00,248.54,254.59,247.54,254.10,601400
2024-07-04 20:00:00-04:00,253.13,254.29,248.19,252.04,637900
2024-07-07 20:00:00-04:00,253.71,256.49,252.16,254.16,553400
2024-07-08 20:00:00-04:00,254.16,256.48,253.50,254.29,648300
2024-07-09 20:00:00-04:00,254.29,257.82,251.43,257.37,562200
2024-07-10 20:00:00-04:00,260.04,264.74,260.04,263.62,838400
2024-07-11 20:00:00-04:00,267.07,270.85,264.48,268.28,751300
2024-07-14 20:00:00-04:00,266.26,266.38,256.37,256.74,1263500
2024-07-15 20:00:00-04:00,259.07,261.41,252.78,258.86,1317000
2024-07-16 20:00:00-04:00,256.28,258.76,243.73,244.46,1764600
2024-07-17 20:00:00-04:00,262.41,265.11,254.50,264.19,2218200
2024-07-18 20:00:00-04:00,266.31,266.31,256.75,258.05,1122200
2024-07-21 20:00:00-04:00,261.43,267.29,260.40,267.19,796900
2024-07-22 20:00:00-04:00,266.98,269.67,262.34,263.94,958300
2024-07-23 20:00:00-04:00,260.60,261.70,250.25,251.43,841900
2024-07-24 20:00:00-04:00,253.00,253.94,245.70,248.32,1074700
2024-07-25 20:00:00-04:00,253.85,258.64,253.25,256.23,642300
2024-07-28 20:00:00-04:00,257.10,261.12,253.66,255.72,722800
2024-07-29 20:00:00-04:00,256.50,260.73,249.32,251.11,941900
2024-07-30 20:00:00-04:00,259.39,270.26,257.54,264.86,1427000
2024-07-31 20:00:00-04:00,260.50,265.58,249.36,254.38,1718100
2024-08-01 20:00:00-04:00,247.20,247.93,239.57,240.45,1787600
2024-08-04 20:00:00-04:00,229.55,242.10,226.67,239.11,1641900
2024-08-05 20:00:00-04:00,242.54,251.76,239.54,247.54,1035300
2024-08-06 20:00:00-04:00,254.46,256.82,247.56,248.01,1349500
2024-08-07 20:00:00-04:00,252.99,262.75,248.88,262.29,1195400
2024-08-08 20:00:00-04:00,262.34,264.48,255.92,259.11,802300
2024-08-11 20:00:00-04:00,260.33,262.05,257.05,259.53,652000
2024-08-12 20:00:00-04:00,262.22,263.71,255.88,261.49,699400
2024-08-13 20:00:00-04:00,262.53,263.85,259.73,262.95,776400
2024-08-14 20:00:00-04:00,266.39,270.14,264.68,267.42,584600
2024-08-15 20:00:00-04:00,267.40,269.46,263.11,265.37,544100
2024-08-18 20:00:00-04:00,265.42,267.80,262.39,267.58,514300
2024-08-19 20:00:00-04:00,267.54,269.00,263.71,266.34,456500
2024-08-20 20:00:00-04:00,266.11,272.01,264.75,268.83,900500
2024-08-21 20:00:00-04:00,269.13,270.47,265.36,267.28,534300
2024-08-22 20:00:00-04:00,269.01,273.87,266.41,272.64,504100
2024-08-25 20:00:00-04:00,272.75,275.77,269.84,270.48,391800
2024-08-26 20:00:00-04:00,269.33,271.51,265.48,269.83,448600
2024-08-27 20:00:00-04:00,269.83,270.94,266.44,266.98,649900
2024-08-28 20:00:00-04:00,268.47,275.78,265.95,270.52,593400
2024-08-29 20:00:00-04:00,271.38,275.13,269.93,274.59,682700
2024-09-02 20:00:00-04:00,270.36,272.06,255.26,257.10,1250000
2024-09-03 20:00:00-04:00,255.41,257.17,253.15,255.17,684200
2024-09-04 20:00:00-04:00,254.42,254.63,249.66,250.90,808000
2024-09-05 20:00:00-04:00,251.63,254.36,246.60,247.43,594400
2024-09-08 20:00:00-04:00,251.00,252.03,247.57,249.57,682800
2024-09-09 20:00:00-04:00,249.92,250.92,246.43,249.54,682600
2024-09-10 20:00:00-04:00,251.47,263.69,250.01,262.58,867600
2024-09-11 20:00:00-04:00,264.41,269.84,262.85,267.97,674000
2024-09-12 20:00:00-04:00,269.92,272.17,267.64,269.01,476600
2024-09-15 20:00:00-04:00,270.12,272.22,266.88,271.01,401400
2024-09-16 20:00:00-04:00,273.54,275.23,269.86,273.38,365900
2024-09-17 20:00:00-04:00,273.51,278.92,271.43,271.53,632400
2024-09-18 20:00:00-04:00,280.93,291.14,276.99,289.16,1043500
2024-09-19 20:00:00-04:00,286.41,293.22,281.05,290.32,1349700
2024-09-22 20:00:00-04:00,292.84,297.61,290.59,295.55,858900
2024-09-23 20:00:00-04:00,295.47,297.91,293.88,297.66,686700
2024-09-24 20:00:00-04:00,298.43,301.65,296.25,297.36,997200
2024-09-25 20:00:00-04:00,300.81,305.90,294.27,295.78,754300
2024-09-26 20:00:00-04:00,297.42,300.71,294.62,296.16,818700
2024-09-29 20:00:00-04:00,296.16,298.71,294.42,297.57,677200
2024-09-30 20:00:00-04:00,297.51,298.21,292.13,295.56,603600
2024-10-01 20:00:00-04:00,294.55,299.10,292.92,298.59,545100
2024-10-02 20:00:00-04:00,298.46,300.07,294.69,297.91,785500
2024-10-03 20:00:00-04:00,304.49,305.95,300.50,305.21,619600
2024-10-06 20:00:00-04:00,300.85,307.80,300.85,307.00,812600
2024-10-07 20:00:00-04:00,309.10,312.00,307.74,308.16,788100
2024-10-08 20:00:00-04:00,308.59,310.82,304.82,307.10,582100
2024-10-09 20:00:00-04:00,304.67,307.49,301.37,306.48,594600
2024-10-10 20:00:00-04:00,305.84,309.55,302.95,308.91,375100
2024-10-13 20:00:00-04:00,309.92,313.04,308.91,310.47,387400
2024-10-14 20:00:00-04:00,310.54,311.82,303.57,305.03,618500
2024-10-15 20:00:00-04:00,306.85,313.24,305.86,311.70,491200
2024-10-16 20:00:00-04:00,315.68,315.76,311.13,312.62,625000
2024-10-17 20:00:00-04:00,313.58,314.19,310.12,313.75,449200
2024-10-20 20:00:00-04:00,314.05,317.38,313.24,317.11,515300
2024-10-21 20:00:00-04:00,314.34,315.38,310.16,312.45,497400
2024-10-22 20:00:00-04:00,312.64,314.47,304.78,306.12,940200
2024-10-23 20:00:00-04:00,308.32,310.45,306.42,309.36,562700
2024-10-24 20:00:00-04:00,310.43,310.61,305.87,307.66,671400
2024-10-27 20:00:00-04:00,310.21,314.78,309.39,312.84,767700
2024-10-28 20:00:00-04:00,311.48,313.51,309.26,312.91,578300
2024-10-29 20:00:00-04:00,310.82,315.36,310.45,311.11,923000
2024-10-30 20:00:00-04:00,298.64,306.81,292.77,301.13,1423200
2024-10-31 20:00:00-04:00,305.01,309.06,301.19,303.00,913100
2024-11-03 19:00:00-05:00,304.26,308.17,301.06,303.82,713400
2024-11-04 19:00:00-05:00,307.13,315.45,306.08,314.10,839100
2024-11-05 19:00:00-05:00,309.49,311.67,297.59,310.31,2547000
2024-11-06 19:00:00-05:00,311.63,320.46,310.84,320.33,1075200
2024-11-07 19:00:00-05:00,319.45,332.69,318.66,330.43,1305500
2024-11-10 19:00:00-05:00,334.45,334.45,326.57,329.14,1055400
2024-11-11 19:00:00-05:00,328.60,330.77,322.12,326.73,606500
2024-11-12 19:00:00-05:00,328.49,333.26,324.57,326.34,941800
2024-11-13 19:00:00-05:00,326.54,327.84,322.33,323.33,779400
2024-11-14 19:00:00-05:00,319.84,324.75,319.47,322.79,902000
2024-11-17 19:00:00-05:00,322.77,331.50,321.18,327.87,911500
2024-11-18 19:00:00-05:00,324.28,332.26,322.51,330.23,823500
2024-11-19 19:00:00-05:00,331.73,332.47,327.07,331.79,750500
2024-11-20 19:00:00-05:00,335.36,341.71,334.15,339.45,988400
2024-11-21 19:00:00-05:00,340.20,343.13,337.38,341.35,853400
2024-11-24 19:00:00-05:00,342.74,343.88,336.49,342.35,1231500
2024-11-25 19:00:00-05:00,345.59,349.61,341.09,346.03,851400
2024-11-26 19:00:00-05:00,347.36,348.45,340.19,343.37,534400
2024-11-28 19:00:00-05:00,346.69,347.92,343.42,343.95,370800
2024-12-01 19:00:00-05:00,344.43,346.63,341.20,341.76,650800
2024-12-02 19:00:00-05:00,341.58,342.91,337.97,339.18,785600
2024-12-03 19:00:00-05:00,338.69,338.69,329.46,333.11,1179300
2024-12-04 19:00:00-05:00,332.93,338.53,329.58,334.42,1172700
2024-12-05 19:00:00-05:00,336.25,336.56,329.96,331.92,1081100
2024-12-08 19:00:00-05:00,333.38,335.03,320.46,321.45,1032400
2024-12-09 19:00:00-05:00,322.11,324.24,316.50,319.37,923700
2024-12-10 19:00:00-05:00,326.17,333.74,322.59,333.70,1268100
2024-12-11 19:00:00-05:00,331.54,336.26,331.54,335.54,977000
2024-12-12 19:00:00-05:00,336.27,340.44,334.24,337.04,1121200
2024-12-15 19:00:00-05:00,337.04,342.87,336.02,341.93,1133500
2024-12-16 19:00:00-05:00,339.44,341.10,332.42,335.87,1136200
2024-12-17 19:00:00-05:00,338.59,338.59,319.10,320.09,1318700
2024-12-18 19:00:00-05:00,324.36,328.14,318.68,322.06,1022400
2024-12-19 19:00:00-05:00,319.05,330.37,318.79,327.87,2080900
2024-12-22 19:00:00-05:00,326.80,327.89,323.00,326.84,595300
2024-12-23 19:00:00-05:00,329.26,330.26,326.74,330.26,1196900
2024-12-25 19:00:00-05:00,329.62,330.82,326.17,330.07,294500
2024-12-26 19:00:00-05:00,327.61,328.84,319.86,322.60,582000
2024-12-29 19:00:00-05:00,318.59,321.87,313.30,318.45,1084600
2024-12-30 19:00:00-05:00,318.39,319.52,315.20,315.53,691900
2025-01-01 19:00:00-05:00,318.11,320.13,311.65,315.08,1054500
2025-01-02 19:00:00-05:00,317.77,326.77,316.68,326.08,693200
2025-01-05 19:00:00-05:00,330.18,332.38,327.34,327.62,863500
2025-01-06 19:00:00-05:00,328.13,330.78,315.96,319.38,911900
2025-01-07 19:00:00-05:00,317.14,319.13,307.15,311.78,1165800
2025-01-09 19:00:00-05:00,308.90,314.22,306.99,313.06,825600
2025-01-12 19:00:00-05:00,308.29,315.04,306.89,313.81,798100
2025-01-13 19:00:00-05:00,317.70,323.53,315.51,319.46,1087800
2025-01-14 19:00:00-05:00,327.29,331.35,325.83,328.98,1438100
2025-01-15 19:00:00-05:00,331.30,337.43,329.11,335.74,1469600
2025-01-16 19:00:00-05:00,339.37,342.21,336.08,337.01,1358000
2025-01-20 19:00:00-05:00,344.54,358.24,341.69,357.52,1892500
2025-01-21 19:00:00-05:00,362.61,365.39,354.76,356.85,1417400
2025-01-22 19:00:00-05:00,355.02,359.19,352.16,354.27,1061500
2025-01-23 19:00:00-05:00,357.59,361.51,352.22,357.55,1150100
2025-01-26 19:00:00-05:00,314.52,324.56,291.52,292.04,4484000
2025-01-27 19:00:00-05:00,311.00,311.00,290.04,293.59,3450900
2025-01-28 19:00:00-05:00,294.60,304.91,293.20,297.40,1944300
2025-01-29 19:00:00-05:00,302.54,311.39,298.60,308.88,1482200
2025-01-30 19:00:00-05:00,314.95,316.55,302.56,307.20,1162700
2025-02-02 19:00:00-05:00,297.91,306.42,296.57,301.42,1082100
2025-02-03 19:00:00-05:00,304.09,307.23,298.95,299.58,1096100
2025-02-04 19:00:00-05:00,302.92,307.42,297.41,298.35,1583300
2025-02-05 19:00:00-05:00,299.34,311.18,297.60,310.66,1490900
2025-02-06 19:00:00-05:00,314.29,319.98,310.70,311.82,897000
2025-02-09 19:00:00-05:00,313.40,314.26,308.83,310.25,661600
2025-02-10 19:00:00-05:00,307.29,307.96,299.69,302.38,1060900
2025-02-11 19:00:00-05:00,293.95,299.21,293.19,297.93,1305000
2025-02-12 19:00:00-05:00,299.99,301.41,286.19,290.47,1873300
2025-02-13 19:00:00-05:00,291.81,294.02,282.34,285.07,2091800
2025-02-17 19:00:00-05:00,285.43,287.57,281.16,287.20,2165200
2025-02-18 19:00:00-05:00,285.83,293.36,284.73,291.68,1728600
2025-02-19 19:00:00-05:00,307.17,309.00,275.46,280.78,3996700
2025-02-20 19:00:00-05:00,290.51,290.60,267.50,269.00,3467700
2025-02-23 19:00:00-05:00,269.33,270.74,258.29,259.01,2896300
2025-02-24 19:00:00-05:00,259.12,269.05,253.10,264.04,3227000
2025-02-25 19:00:00-05:00,270.04,275.63,267.64,268.45,1660300
2025-02-26 19:00:00-05:00,268.25,270.66,257.26,258.91,2067300
2025-02-27 19:00:00-05:00,258.81,262.16,254.67,259.28,3038900
2025-03-02 19:00:00-05:00,261.31,264.15,248.34,250.57,1986900
2025-03-03 19:00:00-05:00,244.34,255.97,241.12,249.30,2389500
2025-03-04 19:00:00-05:00,249.95,254.67,246.49,252.82,1341500
2025-03-05 19:00:00-05:00,243.18,246.13,238.20,240.56,2241400
2025-03-06 19:00:00-05:00,241.25,247.67,237.49,245.69,2057600
2025-03-09 20:00:00-04:00,236.63,240.93,231.00,236.39,2602200
2025-03-10 20:00:00-04:00,236.15,249.62,235.99,245.70,2447500
2025-03-11 20:00:00-04:00,252.65,259.06,244.67,248.77,1750600
2025-03-12 20:00:00-04:00,248.27,252.45,241.92,249.95,1817400
2025-03-13 20:00:00-04:00,255.33,261.58,251.58,260.46,2080100
2025-03-16 20:00:00-04:00,257.96,270.21,257.77,267.04,1736100
2025-03-17 20:00:00-04:00,263.32,266.50,261.15,263.01,1220500
2025-03-18 20:00:00-04:00,264.84,272.77,262.06,270.04,1301100
2025-03-19 20:00:00-04:00,266.14,273.74,264.59,270.74,1174900
2025-03-20 20:00:00-04:00,268.24,269.78,264.64,267.86,1606100
2025-03-23 20:00:00-04:00,274.37,279.38,273.46,278.03,1346600
2025-03-24 20:00:00-04:00,277.64,278.53,273.52,275.88,1262500
2025-03-25 20:00:00-04:00,274.94,275.48,258.73,260.29,1521000
2025-03-26 20:00:00-04:00,257.11,258.25,250.34,254.54,1581100
2025-03-27 20:00:00-04:00,255.18,255.91,250.51,253.95,1150100
2025-03-30 20:00:00-04:00,248.47,254.54,244.37,253.84,1626800
2025-03-31 20:00:00-04:00,252.51,257.78,249.63,257.55,979800
2025-04-01 20:00:00-04:00,251.76,264.42,250.55,264.24,867300
2025-04-02 20:00:00-04:00,248.45,256.52,248.45,251.80,1703900
2025-04-03 20:00:00-04:00,242.89,245.71,232.13,239.24,2086900
2025-04-06 20:00:00-04:00,231.99,252.41,226.86,244.96,2396200
2025-04-07 20:00:00-04:00,253.16,259.75,240.58,244.81,1702200
2025-04-08 20:00:00-04:00,242.99,271.40,241.39,269.34,1952900
2025-04-09 20:00:00-04:00,262.08,269.87,254.75,262.45,1535200
2025-04-10 20:00:00-04:00,262.42,270.66,258.81,269.31,1098300
2025-04-13 20:00:00-04:00,275.03,277.43,269.41,274.04,1103000
2025-04-14 20:00:00-04:00,274.83,276.66,270.74,272.77,805800
2025-04-15 20:00:00-04:00,268.30,273.47,265.03,269.19,1049600
2025-04-16 20:00:00-04:00,270.79,271.24,264.36,266.96,971300
2025-04-20 20:00:00-04:00,262.43,263.11,250.80,253.53,1046300
2025-04-21 20:00:00-04:00,256.75,263.52,254.73,261.60,979300
2025-04-22 20:00:00-04:00,277.01,284.28,273.50,274.05,1555800
2025-04-23 20:00:00-04:00,273.97,283.95,271.74,281.85,1606100
2025-04-24 20:00:00-04:00,284.23,289.72,282.49,287.06,1205500
2025-04-27 20:00:00-04:00,285.30,292.63,284.91,290.34,1058500
2025-04-28 20:00:00-04:00,289.43,293.44,286.78,292.10,1047900
2025-04-29 20:00:00-04:00,284.24,293.97,280.90,292.41,1639700
2025-04-30 20:00:00-04:00,319.90,330.28,312.00,321.62,3300800
2025-05-01 20:00:00-04:00,324.92,329.43,319.37,320.83,2062600
2025-05-04 20:00:00-04:00,317.97,323.57,314.70,322.31,1035600
2025-05-05 20:00:00-04:00,318.80,322.01,316.08,317.34,988100
2025-05-06 20:00:00-04:00,319.38,324.69,315.15,323.28,1204000
2025-05-07 20:00:00-04:00,328.01,330.43,324.03,325.94,1169200
2025-05-08 20:00:00-04:00,325.73,327.24,321.03,325.58,999700
2025-05-11 20:00:00-04:00,335.58,337.10,331.97,332.47,1585000
2025-05-12 20:00:00-04:00,334.86,346.15,334.12,343.25,1654800
2025-05-13 20:00:00-04:00,345.58,348.08,341.62,342.82,1651300
2025-05-14 20:00:00-04:00,339.75,341.93,336.31,340.04,1393200
2025-05-15 20:00:00-04:00,342.58,345.03,337.81,344.46,1070400
2025-05-18 20:00:00-04:00,337.67,344.98,336.75,344.38,730300
2025-05-19 20:00:00-04:00,343.20,346.17,343.01,344.63,690600
2025-05-20 20:00:00-04:00,341.29,348.56,340.40,340.90,1005000
2025-05-21 20:00:00-04:00,336.18,336.88,320.25,330.51,1877300
2025-05-22 20:00:00-04:00,328.88,336.47,326.58,335.04,932400
2025-05-26 20:00:00-04:00,339.50,343.11,337.03,342.02,1198000
2025-05-27 20:00:00-04:00,342.59,343.19,338.24,339.99,666500
2025-05-28 20:00:00-04:00,343.19,343.67,336.25,339.41,572700
2025-05-29 20:00:00-04:00,338.75,342.41,336.50,342.23,1655400
2025-06-01 20:00:00-04:00,342.16,345.72,337.16,345.20,766100
2025-06-02 20:00:00-04:00,347.24,357.60,346.67,356.15,1133800
2025-06-03 20:00:00-04:00,358.06,361.21,355.94,358.76,1105800
2025-06-04 20:00:00-04:00,360.56,361.68,356.13,359.23,877100
2025-06-05 20:00:00-04:00,363.23,363.39,358.29,361.00,700600
2025-06-08 20:00:00-04:00,361.75,363.25,354.99,355.32,902600
2025-06-09 20:00:00-04:00,356.14,356.77,341.60,348.42,1489900
2025-06-10 20:00:00-04:00,350.15,355.85,345.04,355.44,857200
2025-06-11 20:00:00-04:00,355.25,360.45,353.91,358.30,860100
2025-06-12 20:00:00-04:00,352.33,358.00,348.72,357.92,796200
2025-06-15 20:00:00-04:00,361.19,366.65,360.58,361.45,840600
2025-06-16 20:00:00-04:00,356.46,361.29,353.35,358.27,876400
2025-06-17 20:00:00-04:00,360.02,365.56,357.93,360.08,855000
2025-06-19 20:00:00-04:00,363.32,365.51,358.57,360.43,1563400
2025-06-22 20:00:00-04:00,360.65,366.39,358.04,365.41,923200
2025-06-23 20:00:00-04:00,368.71,372.94,366.27,371.90,938600
2025-06-24 20:00:00-04:00,373.64,375.17,371.11,373.71,1102400
2025-06-25 20:00:00-04:00,377.73,380.75,376.52,379.10,1210200
2025-06-26 20:00:00-04:00,379.63,382.42,373.44,380.89,3687800
2025-06-29 20:00:00-04:00,374.78,381.18,368.35,377.72,1354400
2025-06-30 20:00:00-04:00,374.33,377.52,364.19,372.03,1428800
2025-07-01 20:00:00-04:00,365.85,373.70,365.31,373.15,1164200
2025-07-02 20:00:00-04:00,375.76,387.10,374.70,386.24,869600
2025-07-06 20:00:00-04:00,385.76,387.73,380.13,385.53,839700
2025-07-07 20:00:00-04:00,382.10,382.73,369.37,377.30,1154600
2025-07-08 20:00:00-04:00,381.73,383.01,377.70,381.85,631900
2025-07-09 20:00:00-04:00,380.17,382.62,371.22,379.82,972100
2025-07-10 20:00:00-04:00,379.04,385.19,377.75,383.51,906700
2025-07-13 20:00:00-04:00,382.70,388.94,381.25,386.73,712800
2025-07-14 20:00:00-04:00,388.99,389.83,383.62,386.27,606100
2025-07-15 20:00:00-04:00,386.40,389.16,381.03,388.85,837500
2025-07-16 20:00:00-04:00,387.50,398.33,386.58,397.62,1000100
2025-07-17 20:00:00-04:00,398.65,405.15,398.03,403.03,1060100
2025-07-20 20:00:00-04:00,403.45,404.76,396.72,398.38,1003400
2025-07-21 20:00:00-04:00,398.20,398.29,380.33,394.65,1120800
2025-07-22 20:00:00-04:00,397.72,405.72,397.67,404.83,1575200
2025-07-23 20:00:00-04:00,407.86,410.50,406.45,406.94,1076500
2025-07-24 20:00:00-04:00,412.31,424.64,412.31,421.39,1370800
2025-07-27 20:00:00-04:00,418.70,418.70,408.84,411.70,2101400
2025-07-28 20:00:00-04:00,416.12,416.12,408.04,410.70,1094800
2025-07-29 20:00:00-04:00,412.50,414.21,409.17,410.82,1837000
2025-07-30 20:00:00-04:00,405.81,423.20,398.79,405.85,2435900
2025-07-31 20:00:00-04:00,392.33,399.04,384.30,394.89,2094000
2025-08-03 20:00:00-04:00,400.06,401.78,390.95,393.35,1444000
2025-08-04 20:00:00-04:00,397.72,399.81,384.73,388.85,1149400
2025-08-05 20:00:00-04:00,387.93,391.63,384.32,387.23,930300
2025-08-06 20:00:00-04:00,389.55,392.12,383.49,387.08,874500
2025-08-07 20:00:00-04:00,389.73,390.73,384.12,385.88,655300
2025-08-10 20:00:00-04:00,385.80,387.67,380.17,383.85,926900
2025-08-11 20:00:00-04:00,384.14,391.52,382.24,391.30,858700
2025-08-12 20:00:00-04:00,393.46,398.57,368.80,379.69,1728000
2025-08-13 20:00:00-04:00,379.69,382.23,374.94,377.25,919700
2025-08-14 20:00:00-04:00,377.58,384.15,371.38,380.54,1436400
2025-08-17 20:00:00-04:00,379.48,383.33,377.10,383.05,695800
2025-08-18 20:00:00-04:00,382.77,383.81,377.14,379.01,750800
2025-08-19 20:00:00-04:00,375.73,378.71,367.64,375.61,1142300
2025-08-20 20:00:00-04:00,376.25,380.15,375.43,377.95,699800
2025-08-21 20:00:00-04:00,381.17,386.02,377.45,379.57,1037700
2025-08-24 20:00:00-04:00,379.57,381.59,377.16,378.05,612400
2025-08-25 20:00:00-04:00,378.82,384.15,378.50,383.65,1021500
2025-08-26 20:00:00-04:00,382.52,385.33,379.69,381.29,637200
2025-08-27 20:00:00-04:00,383.29,387.54,382.10,385.69,641900
2025-08-28 20:00:00-04:00,385.49,385.49,373.21,377.70,774400
2025-09-01 20:00:00-04:00,369.74,374.98,366.09,374.42,686000
2025-09-02 20:00:00-04:00,376.23,378.14,371.13,374.15,761100
2025-09-03 20:00:00-04:00,375.04,378.54,370.67,375.83,942100
2025-09-04 20:00:00-04:00,378.21,378.83,362.76,372.24,1128900
2025-09-07 20:00:00-04:00,376.75,379.73,373.15,375.27,780000
2025-09-08 20:00:00-04:00,374.36,375.73,370.01,373.21,502500
2025-09-09 20:00:00-04:00,380.93,392.91,380.69,389.90,1305800
2025-09-10 20:00:00-04:00,390.86,400.59,388.69,389.37,1189400
2025-09-11 20:00:00-04:00,387.88,391.66,382.00,382.26,833400
2025-09-14 20:00:00-04:00,382.63,387.59,381.28,385.41,774900
2025-09-15 20:00:00-04:00,385.76,386.93,375.24,377.98,821900
2025-09-16 20:00:00-04:00,378.24,382.29,373.14,375.75,887900
2025-09-17 20:00:00-04:00,377.77,393.15,375.81,390.38,1173100
2025-09-18 20:00:00-04:00,391.79,392.95,386.67,388.31,1493200
2025-09-21 20:00:00-04:00,384.23,397.32,381.97,395.74,812600
2025-09-22 20:00:00-04:00,396.63,397.24,387.15,389.26,846500
2025-09-23 20:00:00-04:00,399.95,406.80,396.09,402.59,1664700
2025-09-24 20:00:00-04:00,396.79,402.59,389.43,400.13,1009200
2025-09-25 20:00:00-04:00,400.13,408.45,398.90,405.16,803200
2025-09-28 20:00:00-04:00,405.60,413.65,405.60,408.82,931700
2025-09-29 20:00:00-04:00,408.82,415.07,408.71,414.13,896800
2025-09-30 20:00:00-04:00,410.57,423.53,407.12,420.46,832200
2025-10-01 20:00:00-04:00,423.92,431.04,417.79,420.67,996600
2025-10-02 20:00:00-04:00,422.17,427.29,415.35,420.98,634500
2025-10-05 20:00:00-04:00,425.32,429.50,421.59,427.60,693500
2025-10-06 20:00:00-04:00,428.80,434.19,415.02,421.32,934600
2025-10-07 20:00:00-04:00,423.00,443.77,421.24,443.25,1247200
2025-10-08 20:00:00-04:00,442.80,443.25,427.10,429.72,1287100
2025-10-09 20:00:00-04:00,432.55,436.87,416.32,417.42,2246300
2025-10-12 20:00:00-04:00,425.98,434.75,424.81,430.78,781600
2025-10-13 20:00:00-04:00,423.62,438.73,420.37,431.40,897500
2025-10-14 20:00:00-04:00,436.80,442.12,431.80,436.73,781300
2025-10-15 20:00:00-04:00,440.21,446.40,434.02,437.32,939200
2025-10-16 20:00:00-04:00,435.74,440.48,429.80,433.65,713800
2025-10-19 20:00:00-04:00,436.96,443.86,436.96,440.54,701300
2025-10-20 20:00:00-04:00,437.32,440.90,423.11,437.23,926700
2025-10-21 20:00:00-04:00,441.61,443.55,404.33,412.02,1732100
2025-10-22 20:00:00-04:00,412.81,430.32,412.81,427.16,868200
2025-10-23 20:00:00-04:00,438.60,446.97,438.05,440.73,893100
2025-10-26 20:00:00-04:00,444.19,446.48,437.69,441.62,825100
2025-10-27 20:00:00-04:00,442.57,443.11,433.68,439.37,812900
2025-10-28 20:00:00-04:00,441.65,459.15,441.62,448.48,1886800
2025-10-29 20:00:00-04:00,440.21,460.65,438.78,453.62,1765900
2025-10-30 20:00:00-04:00,455.27,469.22,447.80,448.92,1935100
2025-11-02 19:00:00-05:00,451.33,456.25,448.59,450.61,804300
2025-11-03 19:00:00-05:00,441.71,444.96,433.46,438.46,840100
2025-11-04 19:00:00-05:00,442.25,458.92,441.80,453.24,984300
2025-11-05 19:00:00-05:00,453.16,457.31,441.06,442.70,963100
2025-11-06 19:00:00-05:00,435.85,446.46,429.91,444.81,818200
2025-11-09 19:00:00-05:00,454.86,456.65,439.46,450.17,700500
2025-11-10 19:00:00-05:00,446.59,452.35,440.42,448.70,728100
2025-11-11 19:00:00-05:00,450.95,456.21,448.13,449.21,706200
2025-11-12 19:00:00-05:00,447.80,449.20,424.55,426.73,1276600
2025-11-13 19:00:00-05:00,417.81,437.14,415.14,429.10,1254300
2025-11-16 19:00:00-05:00,428.56,434.50,421.71,426.67,1099300
2025-11-17 19:00:00-05:00,421.81,443.02,419.81,439.09,1663400
2025-11-18 19:00:00-05:00,441.85,449.61,439.07,445.27,1275700
2025-11-19 19:00:00-05:00,456.69,463.20,426.74,429.58,1146800
2025-11-20 19:00:00-05:00,427.51,431.10,412.81,429.95,1401100
2025-11-23 19:00:00-05:00,433.30,447.87,430.78,442.44,1782100
2025-11-24 19:00:00-05:00,443.14,450.16,424.81,449.93,1055000
2025-11-25 19:00:00-05:00,452.48,461.86,451.83,460.22,1009000
2025-11-27 19:00:00-05:00,463.26,466.04,458.39,464.67,409500
2025-11-30 19:00:00-05:00,457.09,459.58,449.05,452.02,842700
2025-12-01 19:00:00-05:00,457.81,458.79,447.74,454.51,831500
2025-12-02 19:00:00-05:00,454.31,458.14,440.70,455.81,734700
2025-12-03 19:00:00-05:00,454.45,466.88,449.79,464.63,942900
2025-12-04 19:00:00-05:00,464.63,465.21,456.35,460.43,728800
2025-12-07 19:00:00-05:00,470.89,473.77,460.13,462.88,836000
2025-12-08 19:00:00-05:00,460.29,465.24,457.23,457.75,744900
2025-12-09 19:00:00-05:00,459.96,469.31,451.94,462.00,1057700
2025-12-10 19:00:00-05:00,459.79,467.65,450.05,466.70,716600
2025-12-11 19:00:00-05:00,464.64,465.28,431.36,437.91,1497000
2025-12-14 19:00:00-05:00,436.34,443.65,433.10,435.67,1564400
2025-12-15 19:00:00-05:00,435.16,440.26,430.61,438.29,988000
2025-12-16 19:00:00-05:00,436.28,441.21,412.40,414.06,1556700
2025-12-17 19:00:00-05:00,426.80,427.26,418.84,421.12,1099300
2025-12-18 19:00:00-05:00,422.02,431.79,421.26,426.47,1602500
2025-12-21 19:00:00-05:00,432.91,435.20,428.31,432.83,772900
2025-12-22 19:00:00-05:00,431.74,437.21,430.80,435.00,562600
2025-12-23 19:00:00-05:00,434.53,434.60,430.43,433.38,306400
2025-12-25 19:00:00-05:00,432.80,433.38,429.48,432.47,279200
2025-12-28 19:00:00-05:00,430.34,435.75,429.89,430.83,503100
2025-12-29 19:00:00-05:00,430.54,432.25,427.58,428.61,465100
2025-12-30 19:00:00-05:00,428.45,428.97,421.35,421.87,521200
2026-01-01 19:00:00-05:00,424.87,441.88,424.87,439.59,887000
2026-01-04 19:00:00-05:00,444.61,452.15,434.91,435.73,1184700
2026-01-05 19:00:00-05:00,433.79,439.91,418.17,438.13,807400
2026-01-06 19:00:00-05:00,439.91,441.91,433.35,436.80,716400
2026-01-07 19:00:00-05:00,437.69,437.86,408.28,413.09,1376800
2026-01-08 19:00:00-05:00,422.37,423.63,417.02,422.49,1028600
2026-01-11 19:00:00-05:00,421.00,435.24,418.83,432.58,746600
2026-01-12 19:00:00-05:00,434.70,445.54,433.43,444.11,841800
2026-01-13 19:00:00-05:00,443.00,446.80,426.51,436.98,925600
2026-01-14 19:00:00-05:00,445.72,454.02,444.23,447.55,785400
2026-01-15 19:00:00-05:00,460.06,480.84,455.62,466.66,2216800
2026-01-19 19:00:00-05:00,460.97,469.65,458.79,463.40,909800
2026-01-20 19:00:00-05:00,468.26,477.87,459.93,473.15,1235300
2026-01-21 19:00:00-05:00,478.96,483.20,459.34,468.69,978800
2026-01-22 19:00:00-05:00,470.11,470.90,461.92,468.67,761500
2026-01-25 19:00:00-05:00,470.46,478.79,467.21,470.68,548200
2026-01-26 19:00:00-05:00,474.07,483.66,466.91,479.18,821000
2026-01-27 19:00:00-05:00,480.91,486.90,472.07,481.19,976100
2026-01-28 19:00:00-05:00,481.19,488.96,473.48,483.34,1035500
2026-01-29 19:00:00-05:00,474.91,483.35,471.61,474.54,1838300
2026-02-01 19:00:00-05:00,472.55,477.96,465.63,477.68,1233100
2026-02-02 19:00:00-05:00,480.31,490.37,474.12,488.50,1243300
2026-02-03 19:00:00-05:00,489.91,492.70,451.08,464.48,1482600
2026-02-04 19:00:00-05:00,457.02,479.58,456.16,477.63,1112000
2026-02-05 19:00:00-05:00,489.22,508.35,482.42,508.01,1517400
2026-02-08 19:00:00-05:00,508.37,520.32,503.10,514.46,1084800
2026-02-09 19:00:00-05:00,514.99,517.39,507.57,510.54,806400
2026-02-10 19:00:00-05:00,520.89,534.40,512.01,523.86,1056100
2026-02-11 19:00:00-05:00,529.90,543.17,512.29,515.78,1517600
2026-02-12 19:00:00-05:00,516.97,528.90,508.01,523.98,864800
2026-02-16 19:00:00-05:00,519.90,534.67,518.52,525.03,930500
2026-02-17 19:00:00-05:00,527.64,535.54,518.62,519.21,1439500
2026-02-18 19:00:00-05:00,544.76,554.53,526.95,553.89,1701300
2026-02-19 19:00:00-05:00,554.25,565.82,548.11,552.55,1061300
2026-02-22 19:00:00-05:00,551.89,562.27,543.33,549.00,1074600
2026-02-23 19:00:00-05:00,550.77,570.81,537.98,568.10,1291400
2026-02-24 19:00:00-05:00,573.83,573.83,562.47,562.66,941700
2026-02-25 19:00:00-05:00,565.43,565.73,543.12,564.94,1083300
2026-02-26 19:00:00-05:00,558.67,569.64,550.89,562.97,1537400
2026-03-01 19:00:00-05:00,556.63,573.86,556.63,572.55,807800
2026-03-02 19:00:00-05:00,558.09,569.17,546.89,565.89,1009000
2026-03-03 19:00:00-05:00,571.03,572.89,560.51,568.27,1056400
2026-03-04 19:00:00-05:00,560.96,567.98,534.26,549.11,1168600
2026-03-05 19:00:00-05:00,534.19,553.10,531.90,540.08,1105400
2026-03-08 20:00:00-04:00,531.11,568.80,531.11,567.93,1611900
2026-03-09 20:00:00-04:00,568.87,576.75,561.31,563.94,1151400
2026-03-10 20:00:00-04:00,561.10,575.60,558.80,567.60,939300
2026-03-11 20:00:00-04:00,562.36,576.36,559.77,566.80,952200
2026-03-12 20:00:00-04:00,572.25,574.27,555.89,558.91,2016300
2026-03-15 20:00:00-04:00,567.25,576.43,565.08,573.91,1421000
2026-03-16 20:00:00-04:00,571.40,578.29,558.36,571.53,796200
2026-03-17 20:00:00-04:00,576.59,583.62,570.51,571.89,692700
2026-03-18 20:00:00-04:00,561.69,580.77,558.47,577.84,853500
2026-03-19 20:00:00-04:00,577.48,582.37,550.94,555.28,1689500
2026-03-22 20:00:00-04:00,559.57,581.89,558.29,567.34,1217400
2026-03-23 20:00:00-04:00,563.66,581.83,558.91,578.33,1450600
2026-03-24 20:00:00-04:00,579.89,582.37,572.69,573.39,979200
2026-03-25 20:00:00-04:00,563.11,567.19,544.75,545.53,1265500
2026-03-26 20:00:00-04:00,548.59,564.01,548.36,549.87,1203800
2026-03-29 20:00:00-04:00,557.79,557.79,527.13,533.68,1558700
2026-03-30 20:00:00-04:00,536.70,555.26,521.93,548.91,1386500
2026-03-31 20:00:00-04:00,555.78,569.16,553.95,560.01,1163400
2026-04-01 20:00:00-04:00,548.03,574.99,547.00,560.63,947100
2026-04-05 20:00:00-04:00,558.56,563.32,550.00,554.38,618400
2026-04-06 20:00:00-04:00,550.09,558.40,548.19,555.57,522700
2026-04-07 20:00:00-04:00,573.27,582.24,567.13,576.24,1013300
2026-04-08 20:00:00-04:00,576.00,592.58,576.00,582.06,935300
2026-04-09 20:00:00-04:00,581.50,590.50,576.50,585.36,611400
2026-04-12 20:00:00-04:00,585.36,596.42,582.25,595.84,1022300
2026-04-13 20:00:00-04:00,597.61,599.00,584.37,594.40,784100
2026-04-14 20:00:00-04:00,586.38,593.72,581.14,591.82,970100
2026-04-15 20:00:00-04:00,583.57,591.96,580.13,587.42,753800
2026-04-16 20:00:00-04:00,587.64,603.39,584.58,601.88,1176500
2026-04-19 20:00:00-04:00,603.90,607.26,599.00,604.97,616500
2026-04-20 20:00:00-04:00,609.67,611.64,602.00,605.89,550300
2026-04-21 20:00:00-04:00,612.93,621.31,610.00,613.78,931000
2026-04-22 20:00:00-04:00,618.41,638.42,618.41,633.44,991600
2026-04-23 20:00:00-04:00,638.00,638.90,621.90,624.84,741500
2026-04-26 20:00:00-04:00,630.00,640.61,617.18,637.28,1012800
2026-04-27 20:00:00-04:00,623.70,637.82,614.52,630.94,1304100
2026-04-28 20:00:00-04:00,632.43,637.00,625.22,628.60,1328600
2026-04-29 20:00:00-04:00,699.61,728.85,691.88,727.77,2426600
2026-04-30 20:00:00-04:00,736.55,742.33,717.20,742.21,1328400
2026-05-03 20:00:00-04:00,749.60,763.11,739.30,757.34,1316200
2026-05-04 20:00:00-04:00,772.60,777.84,756.39,771.61,1284000
2026-05-05 20:00:00-04:00,773.86,788.75,758.21,785.24,1212600
2026-05-06 20:00:00-04:00,780.63,780.63,742.40,750.73,1979900
2026-05-07 20:00:00-04:00,761.67,762.22,744.01,745.00,1241700
2026-05-10 20:00:00-04:00,749.42,781.73,745.00,781.38,1411500
2026-05-11 20:00:00-04:00,767.38,771.18,743.71,765.81,1344100
2026-05-12 20:00:00-04:00,781.36,781.52,753.26,773.72,1147400
2026-05-13 20:00:00-04:00,775.00,782.68,768.14,780.08,827600
2026-05-14 20:00:00-04:00,761.77,776.50,746.23,769.99,1012500
2026-05-17 20:00:00-04:00,768.08,768.08,721.88,723.03,1768400
2026-05-18 20:00:00-04:00,706.36,725.96,690.79,714.13,1652900
2026-05-19 20:00:00-04:00,729.18,729.71,706.20,709.93,1315000
2026-05-20 20:00:00-04:00,714.33,723.97,705.01,716.91,937800
2026-05-21 20:00:00-04:00,727.74,731.10,710.99,723.44,774700
2026-05-25 20:00:00-04:00,730.69,748.69,728.87,742.18,881700
2026-05-26 20:00:00-04:00,747.00,747.00,723.84,733.62,707700
2026-05-27 20:00:00-04:00,737.74,739.80,718.70,730.10,719900
2026-05-28 20:00:00-04:00,728.58,734.13,705.75,711.73,2223800
2026-05-31 20:00:00-04:00,702.00,709.00,683.26,687.48,1193300
2026-06-01 20:00:00-04:00,691.13,708.67,691.11,706.06,1053900
2026-06-02 20:00:00-04:00,706.55,730.04,699.51,715.67,937800
2026-06-03 20:00:00-04:00,701.00,722.50,693.50,719.17,1017400
2026-06-04 20:00:00-04:00,705.94,714.08,690.05,695.11,1063700
2026-06-07 20:00:00-04:00,703.52,703.52,683.48,693.81,851900
2026-06-08 20:00:00-04:00,704.33,715.92,667.14,691.95,1210300
2026-06-09 20:00:00-04:00,684.69,689.78,642.11,650.92,1484100
2026-06-10 20:00:00-04:00,660.17,684.28,656.21,683.29,940200
2026-06-11 20:00:00-04:00,688.02,710.00,684.00,707.74,1029900
2026-06-14 20:00:00-04:00,724.03,735.33,714.47,724.35,1095800
2026-06-15 20:00:00-04:00,726.00,738.00,718.88,719.29,841000
2026-06-16 20:00:00-04:00,723.61,725.66,708.01,714.85,1121700
2026-06-17 20:00:00-04:00,722.05,729.83,698.03,702.25,2620600
2026-06-21 20:00:00-04:00,712.00,742.73,709.05,740.14,1254400
2026-06-22 20:00:00-04:00,709.75,720.64,692.68,702.29,1693200
2026-06-23 20:00:00-04:00,705.80,711.33,687.60,701.88,942500
2026-06-24 20:00:00-04:00,710.50,719.53,690.79,718.59,1524200
2026-06-25 20:00:00-04:00,706.00,708.36,683.00,687.87,6309100
2026-06-28 20:00:00-04:00,690.00,716.84,683.01,714.45,1422500
