Date,Open,High,Low,Close,Volume
2018-07-01 20:00:00-04:00,64.87,65.48,64.46,65.47,6706692
2018-07-02 20:00:00-04:00,65.91,66.49,65.33,65.42,3918474
2018-07-04 20:00:00-04:00,65.94,65.94,64.75,65.43,5456944
2018-07-05 20:00:00-04:00,65.38,65.90,64.99,65.67,3665346
2018-07-08 20:00:00-04:00,65.99,66.50,65.88,66.34,5400534
2018-07-09 20:00:00-04:00,66.42,67.12,66.28,66.54,5083052
2018-07-10 20:00:00-04:00,65.89,65.89,65.05,65.40,5806047
2018-07-11 20:00:00-04:00,65.96,66.76,65.47,66.69,7329739
2018-07-12 20:00:00-04:00,66.79,67.99,66.66,67.82,7378045
2018-07-15 20:00:00-04:00,67.84,68.23,67.44,67.54,6454359
2018-07-16 20:00:00-04:00,67.65,68.60,67.65,68.45,7483713
2018-07-17 20:00:00-04:00,68.61,69.46,68.56,68.96,5969237
2018-07-18 20:00:00-04:00,68.78,68.89,68.22,68.27,4090245
2018-07-19 20:00:00-04:00,68.06,68.59,68.01,68.21,5109906
2018-07-22 20:00:00-04:00,68.02,68.15,67.49,67.75,6132904
2018-07-23 20:00:00-04:00,67.63,70.34,67.19,70.30,12897913
2018-07-24 20:00:00-04:00,69.94,70.69,69.39,70.56,8814978
2018-07-25 20:00:00-04:00,70.65,71.57,70.25,71.14,9750899
2018-07-26 20:00:00-04:00,71.48,71.48,70.35,70.45,6031844
2018-07-29 20:00:00-04:00,70.61,70.72,69.65,69.70,5871991
2018-07-30 20:00:00-04:00,70.21,71.19,70.17,71.08,8112481
2018-07-31 20:00:00-04:00,70.40,71.40,70.40,70.64,5982744
2018-08-01 20:00:00-04:00,70.16,70.53,69.84,70.23,3547919
2018-08-02 20:00:00-04:00,70.55,70.55,69.76,70.11,3093147
2018-08-05 20:00:00-04:00,70.00,70.23,69.58,70.14,3091876
2018-08-06 20:00:00-04:00,70.22,70.63,70.01,70.43,3491669
2018-08-07 20:00:00-04:00,70.44,70.66,70.22,70.54,2900720
2018-08-08 20:00:00-04:00,70.87,71.52,70.20,70.30,5203657
2018-08-09 20:00:00-04:00,69.93,70.04,69.28,69.70,3825676
2018-08-12 20:00:00-04:00,69.67,69.92,68.92,69.22,4015721
2018-08-13 20:00:00-04:00,69.49,69.65,69.11,69.34,5073359
2018-08-14 20:00:00-04:00,69.12,69.15,67.87,68.99,7253626
2018-08-15 20:00:00-04:00,69.70,70.33,69.70,70.18,6771365
2018-08-16 20:00:00-04:00,70.40,70.97,70.17,70.78,6773271
2018-08-19 20:00:00-04:00,71.05,71.30,70.79,71.15,8489074
2018-08-20 20:00:00-04:00,71.28,71.85,71.28,71.59,3551733
2018-08-21 20:00:00-04:00,71.10,71.12,70.14,70.15,5965265
2018-08-22 20:00:00-04:00,70.29,70.29,69.60,69.82,5603132
2018-08-23 20:00:00-04:00,69.82,70.26,69.82,70.21,4575684
2018-08-26 20:00:00-04:00,70.68,71.44,70.62,71.26,4819596
2018-08-27 20:00:00-04:00,71.60,71.78,70.71,70.81,3571913
2018-08-28 20:00:00-04:00,71.14,71.14,70.28,70.35,6034704
2018-08-29 20:00:00-04:00,70.18,70.28,69.60,69.80,4610801
2018-08-30 20:00:00-04:00,69.56,69.79,68.96,69.34,4381668
2018-09-03 20:00:00-04:00,69.47,69.47,68.72,69.44,4653387
2018-09-04 20:00:00-04:00,69.23,69.98,69.01,69.90,4185108
2018-09-05 20:00:00-04:00,70.16,70.86,69.89,70.29,5728345
2018-09-06 20:00:00-04:00,70.09,70.16,68.94,69.50,5056834
2018-09-09 20:00:00-04:00,69.95,70.68,69.95,70.36,6670304
2018-09-10 20:00:00-04:00,70.36,70.55,69.58,70.34,3257450
2018-09-11 20:00:00-04:00,70.21,70.81,70.12,70.49,5549741
2018-09-12 20:00:00-04:00,70.69,71.36,70.54,71.35,4450789
2018-09-13 20:00:00-04:00,71.44,72.64,71.44,72.55,8720432
2018-09-16 20:00:00-04:00,72.56,73.07,72.36,72.53,7567136
2018-09-17 20:00:00-04:00,72.64,73.88,72.37,73.48,6855105
2018-09-18 20:00:00-04:00,73.26,74.16,73.26,73.97,6344400
2018-09-19 20:00:00-04:00,74.50,75.08,74.18,74.68,6158646
2018-09-20 20:00:00-04:00,75.64,75.89,74.65,74.80,11648482
2018-09-23 20:00:00-04:00,74.66,75.29,73.63,73.88,4023825
2018-09-24 20:00:00-04:00,73.81,74.10,73.39,73.55,5196666
2018-09-25 20:00:00-04:00,73.50,74.04,73.11,73.47,3763388
2018-09-26 20:00:00-04:00,73.71,74.06,73.02,73.54,2917881
2018-09-27 20:00:00-04:00,73.52,73.72,73.25,73.61,3935317
2018-09-30 20:00:00-04:00,74.31,74.50,73.84,74.19,5268965
2018-10-01 20:00:00-04:00,74.21,74.96,74.02,74.47,5877870
2018-10-02 20:00:00-04:00,74.74,74.81,74.13,74.24,5461711
2018-10-03 20:00:00-04:00,74.28,74.73,73.34,73.91,5409274
2018-10-04 20:00:00-04:00,73.91,74.15,72.97,73.21,4578227
2018-10-07 20:00:00-04:00,73.20,73.52,72.35,73.49,5042692
2018-10-08 20:00:00-04:00,73.32,73.68,71.44,71.54,7576670
2018-10-09 20:00:00-04:00,71.19,71.25,68.99,69.03,9112597
2018-10-10 20:00:00-04:00,68.90,69.78,67.66,68.11,12920318
2018-10-11 20:00:00-04:00,69.07,69.55,67.19,68.25,8156496
2018-10-14 20:00:00-04:00,68.36,69.24,68.00,68.61,5177121
2018-10-15 20:00:00-04:00,68.90,69.81,68.24,69.76,5576913
2018-10-16 20:00:00-04:00,69.57,69.83,68.20,68.48,5924587
2018-10-17 20:00:00-04:00,68.23,68.85,67.44,67.88,5420079
2018-10-18 20:00:00-04:00,67.65,68.36,67.17,67.75,7269198
2018-10-21 20:00:00-04:00,67.75,67.91,66.18,66.55,8711216
2018-10-22 20:00:00-04:00,66.20,68.99,65.76,68.45,11171623
2018-10-23 20:00:00-04:00,68.56,69.12,64.10,64.27,13442463
2018-10-24 20:00:00-04:00,64.97,66.06,64.47,65.49,7501351
2018-10-25 20:00:00-04:00,64.75,65.83,64.01,64.88,7456541
2018-10-28 20:00:00-04:00,65.73,66.05,62.75,63.75,7856334
2018-10-29 20:00:00-04:00,63.74,64.65,63.39,64.56,7725400
2018-10-30 20:00:00-04:00,65.32,66.04,64.98,65.39,9773145
2018-10-31 20:00:00-04:00,66.18,67.36,65.85,67.17,8884576
2018-11-01 20:00:00-04:00,67.84,68.25,66.45,67.09,9839247
2018-11-04 19:00:00-05:00,67.11,67.32,66.57,66.99,8702953
2018-11-05 19:00:00-05:00,67.02,67.46,66.68,67.36,5171083
2018-11-06 19:00:00-05:00,67.91,68.92,67.41,68.73,8579329
2018-11-07 19:00:00-05:00,68.91,69.47,68.64,69.15,7543778
2018-11-08 19:00:00-05:00,69.17,69.19,68.28,68.81,7956282
2018-11-11 19:00:00-05:00,68.94,68.98,67.44,67.55,6669669
2018-11-12 19:00:00-05:00,67.83,68.82,67.51,67.98,5454719
2018-11-13 19:00:00-05:00,68.47,68.80,67.70,67.86,9136432
2018-11-14 19:00:00-05:00,67.36,69.15,67.06,68.69,7307811
2018-11-15 19:00:00-05:00,68.30,69.33,68.19,68.90,8238012
2018-11-18 19:00:00-05:00,68.83,68.83,67.44,67.70,7928633
2018-11-19 19:00:00-05:00,67.37,67.37,66.01,66.72,6969831
2018-11-20 19:00:00-05:00,66.87,67.48,66.55,66.56,4335904
2018-11-22 19:00:00-05:00,66.18,68.98,66.07,68.33,15454773
2018-11-25 19:00:00-05:00,68.72,70.10,67.62,67.76,16858972
2018-11-26 19:00:00-05:00,65.48,66.26,63.13,64.96,26805953
2018-11-27 19:00:00-05:00,65.26,65.39,63.58,64.98,13559890
2018-11-28 19:00:00-05:00,65.02,65.10,63.58,64.17,9781407
2018-11-29 19:00:00-05:00,63.94,64.77,63.56,64.51,15312716
2018-12-02 19:00:00-05:00,65.55,66.71,65.27,65.44,10925328
2018-12-03 19:00:00-05:00,65.24,65.35,63.17,64.00,12213849
2018-12-05 19:00:00-05:00,63.28,64.35,62.72,64.31,14831249
2018-12-06 19:00:00-05:00,64.16,64.70,63.08,63.25,11923220
2018-12-09 19:00:00-05:00,63.02,63.88,61.90,63.23,8448713
2018-12-10 19:00:00-05:00,64.65,64.67,62.82,62.97,6883230
2018-12-11 19:00:00-05:00,63.52,64.30,63.31,63.36,4905720
2018-12-12 19:00:00-05:00,63.63,63.75,62.94,63.14,9081135
2018-12-13 19:00:00-05:00,62.46,63.25,62.04,62.90,6374432
2018-12-16 19:00:00-05:00,62.87,62.95,60.75,61.06,8063381
2018-12-17 19:00:00-05:00,61.47,62.18,60.99,61.30,6003560
2018-12-18 19:00:00-05:00,61.19,62.15,59.87,60.26,16601078
2018-12-19 19:00:00-05:00,60.20,60.27,57.66,58.04,22699660
2018-12-20 19:00:00-05:00,58.07,58.88,56.16,56.22,19808474
2018-12-23 19:00:00-05:00,55.79,55.99,53.98,54.04,6793611
2018-12-25 19:00:00-05:00,54.51,56.35,53.20,56.13,11301604
2018-12-26 19:00:00-05:00,54.33,56.00,53.83,56.00,10412081
2018-12-27 19:00:00-05:00,56.28,56.75,55.56,55.78,8925413
2018-12-30 19:00:00-05:00,55.91,56.38,55.72,56.38,7049281
2019-01-01 19:00:00-05:00,55.68,57.37,55.19,57.34,9361752
2019-01-02 19:00:00-05:00,56.95,57.18,54.66,54.79,8884258
2019-01-03 19:00:00-05:00,55.13,56.76,54.81,56.67,10083317
2019-01-06 19:00:00-05:00,56.69,56.87,55.88,56.64,8314601
2019-01-07 19:00:00-05:00,57.63,57.95,56.84,57.66,5951282
2019-01-08 19:00:00-05:00,58.01,58.05,57.47,57.88,6726873
2019-01-09 19:00:00-05:00,57.59,58.53,57.57,58.46,5368119
2019-01-10 19:00:00-05:00,58.01,58.23,57.51,58.22,5759807
2019-01-13 19:00:00-05:00,57.82,59.03,57.61,58.69,5049524
2019-01-14 19:00:00-05:00,58.64,58.89,58.00,58.81,4444751
2019-01-15 19:00:00-05:00,58.82,59.09,58.48,58.70,6177238
2019-01-16 19:00:00-05:00,58.44,60.10,58.40,59.71,5079239
2019-01-17 19:00:00-05:00,60.52,60.73,59.78,60.31,7366763
2019-01-21 19:00:00-05:00,59.84,59.92,58.59,58.81,9039980
2019-01-22 19:00:00-05:00,62.11,63.19,60.55,61.97,19960859
2019-01-23 19:00:00-05:00,62.35,63.19,60.65,61.19,14356933
2019-01-24 19:00:00-05:00,61.60,61.90,60.93,61.32,7375185
2019-01-27 19:00:00-05:00,61.00,61.03,60.24,60.93,14161009
2019-01-28 19:00:00-05:00,61.19,62.60,61.16,62.39,17208552
2019-01-29 19:00:00-05:00,62.80,63.67,62.08,63.07,11627984
2019-01-30 19:00:00-05:00,63.31,63.31,62.28,62.52,9663345
2019-01-31 19:00:00-05:00,63.32,63.55,62.54,63.00,6572581
2019-02-03 19:00:00-05:00,63.00,63.14,62.42,63.08,7857128
2019-02-04 19:00:00-05:00,63.44,63.96,63.05,63.95,7192132
2019-02-05 19:00:00-05:00,63.99,64.45,63.72,64.26,5565473
2019-02-06 19:00:00-05:00,63.73,64.06,63.00,63.92,7384719
2019-02-07 19:00:00-05:00,63.69,64.87,63.66,64.86,6263679
2019-02-10 19:00:00-05:00,65.07,65.19,64.34,64.98,6222365
2019-02-11 19:00:00-05:00,65.32,65.84,64.97,65.65,5624266
2019-02-12 19:00:00-05:00,65.84,66.13,65.77,65.88,3914660
2019-02-13 19:00:00-05:00,65.59,66.25,65.36,66.12,5957638
2019-02-14 19:00:00-05:00,66.90,68.13,66.60,68.05,10850328
2019-02-18 19:00:00-05:00,67.85,68.78,67.57,68.52,9680983
2019-02-19 19:00:00-05:00,68.55,69.05,68.09,68.41,10012607
2019-02-20 19:00:00-05:00,68.26,68.49,67.02,67.28,5179822
2019-02-21 19:00:00-05:00,68.20,68.36,67.54,68.05,5018221
2019-02-24 19:00:00-05:00,68.55,68.77,68.26,68.32,4245967
2019-02-25 19:00:00-05:00,68.06,68.42,67.52,67.75,5397833
2019-02-26 19:00:00-05:00,67.69,67.83,67.17,67.59,3969322
2019-02-27 19:00:00-05:00,67.48,67.82,66.88,66.94,7017342
2019-02-28 19:00:00-05:00,67.63,67.83,66.71,66.99,6073158
2019-03-03 19:00:00-05:00,67.27,67.86,66.63,66.97,5526065
2019-03-04 19:00:00-05:00,66.92,67.56,66.92,67.08,5141845
2019-03-05 19:00:00-05:00,67.21,67.57,66.78,66.79,5592486
2019-03-06 19:00:00-05:00,66.58,66.63,65.47,66.29,6616437
2019-03-07 19:00:00-05:00,65.97,66.12,65.14,66.06,4912394
2019-03-10 20:00:00-04:00,64.76,67.21,64.70,67.12,7398066
2019-03-11 20:00:00-04:00,66.96,67.60,66.32,66.40,6108434
2019-03-12 20:00:00-04:00,66.56,67.79,66.56,67.45,7713801
2019-03-13 20:00:00-04:00,67.45,67.61,66.96,67.59,6236984
2019-03-14 20:00:00-04:00,67.74,67.87,67.06,67.07,15396933
2019-03-17 20:00:00-04:00,67.17,67.64,66.86,67.59,6181051
2019-03-18 20:00:00-04:00,67.97,68.27,67.06,67.38,4704076
2019-03-19 20:00:00-04:00,67.35,67.38,66.33,66.74,4680876
2019-03-20 20:00:00-04:00,66.34,67.74,66.22,67.58,4127904
2019-03-21 20:00:00-04:00,67.11,67.29,65.75,66.66,6152926
2019-03-24 20:00:00-04:00,66.56,67.02,66.36,66.79,3608460
2019-03-25 20:00:00-04:00,67.21,67.62,66.61,67.19,5091474
2019-03-26 20:00:00-04:00,67.18,67.72,66.92,67.27,4336063
2019-03-27 20:00:00-04:00,67.49,67.86,67.21,67.79,2974767
2019-03-28 20:00:00-04:00,68.32,68.76,67.90,68.65,4839617
2019-03-31 20:00:00-04:00,69.24,71.07,69.24,70.94,8422971
2019-04-01 20:00:00-04:00,70.88,71.04,70.07,70.25,4616840
2019-04-02 20:00:00-04:00,70.63,70.69,69.57,69.94,4512760
2019-04-03 20:00:00-04:00,70.04,70.98,69.70,70.68,3546171
2019-04-04 20:00:00-04:00,70.93,71.27,70.61,71.22,3973771
2019-04-07 20:00:00-04:00,70.48,71.18,69.88,71.14,4318425
2019-04-08 20:00:00-04:00,70.65,70.79,69.88,70.44,3320692
2019-04-09 20:00:00-04:00,70.46,70.48,69.38,70.13,4324622
2019-04-10 20:00:00-04:00,70.19,70.84,70.03,70.74,2767879
2019-04-11 20:00:00-04:00,71.28,72.08,71.19,72.07,4553280
2019-04-14 20:00:00-04:00,71.91,72.04,71.41,71.67,2979216
2019-04-15 20:00:00-04:00,71.83,72.10,71.59,72.09,3176411
2019-04-16 20:00:00-04:00,72.22,72.60,71.76,72.33,4425365
2019-04-17 20:00:00-04:00,72.44,73.37,72.44,72.97,3970117
2019-04-21 20:00:00-04:00,72.62,73.22,72.27,72.92,4694224
2019-04-22 20:00:00-04:00,74.51,75.83,73.97,74.58,9030605
2019-04-23 20:00:00-04:00,74.39,74.66,73.47,74.35,4344803
2019-04-24 20:00:00-04:00,73.90,74.70,73.52,74.43,3712381
2019-04-25 20:00:00-04:00,74.57,75.01,74.35,74.98,3273022
2019-04-28 20:00:00-04:00,75.10,75.91,75.03,75.70,5417378
2019-04-29 20:00:00-04:00,75.87,76.12,75.44,75.96,5232736
2019-04-30 20:00:00-04:00,76.17,76.91,75.38,75.41,3487537
2019-05-01 20:00:00-04:00,74.98,75.35,73.92,74.46,4379761
2019-05-02 20:00:00-04:00,75.13,75.47,74.55,75.44,4513396
2019-05-05 20:00:00-04:00,73.92,74.93,73.45,74.68,3776100
2019-05-06 20:00:00-04:00,73.68,73.86,71.74,72.14,7794522
2019-05-07 20:00:00-04:00,72.17,73.58,72.09,73.01,3807721
2019-05-08 20:00:00-04:00,72.15,73.04,71.38,72.90,4066569
2019-05-09 20:00:00-04:00,72.03,73.15,71.14,73.06,4214823
2019-05-12 20:00:00-04:00,71.39,71.73,69.45,70.29,6545091
2019-05-13 20:00:00-04:00,70.31,71.91,70.31,71.36,4305078
2019-05-14 20:00:00-04:00,70.73,71.81,70.13,71.36,3861588
2019-05-15 20:00:00-04:00,71.79,72.88,71.47,72.44,4463819
2019-05-16 20:00:00-04:00,71.84,72.55,71.53,71.63,2551298
2019-05-19 20:00:00-04:00,71.32,71.64,71.03,71.49,3091558
2019-05-20 20:00:00-04:00,72.25,72.93,71.91,72.85,3480863
2019-05-21 20:00:00-04:00,72.50,73.01,72.27,72.52,3086791
2019-05-22 20:00:00-04:00,70.97,71.67,69.30,69.87,8983570
2019-05-23 20:00:00-04:00,69.97,70.63,69.63,70.37,4952595
2019-05-27 20:00:00-04:00,70.50,71.27,69.56,69.58,6419719
2019-05-28 20:00:00-04:00,69.19,69.51,68.72,69.34,4444592
2019-05-29 20:00:00-04:00,69.38,69.80,68.57,68.77,4367525
2019-05-30 20:00:00-04:00,68.16,68.24,67.23,67.64,5646829
2019-06-02 20:00:00-04:00,67.72,68.67,67.45,67.94,4307779
2019-06-03 20:00:00-04:00,68.72,69.46,68.30,69.29,3805973
2019-06-04 20:00:00-04:00,69.89,70.37,69.38,70.35,3770538
2019-06-05 20:00:00-04:00,70.41,70.79,69.88,70.52,3197068
2019-06-06 20:00:00-04:00,70.75,71.22,70.61,70.78,2930752
2019-06-09 20:00:00-04:00,72.57,72.69,68.54,68.56,21901664
2019-06-10 20:00:00-04:00,68.67,68.71,65.44,65.84,17434985
2019-06-11 20:00:00-04:00,66.44,67.17,66.20,66.45,15850911
2019-06-12 20:00:00-04:00,66.81,66.93,65.83,66.84,7317027
2019-06-13 20:00:00-04:00,67.54,67.75,66.90,67.11,4873145
2019-06-16 20:00:00-04:00,67.33,67.47,65.93,66.53,5317589
2019-06-17 20:00:00-04:00,66.98,68.01,66.98,67.81,7208181
2019-06-18 20:00:00-04:00,68.07,68.23,67.65,67.89,5172354
2019-06-19 20:00:00-04:00,68.71,69.74,68.48,69.64,6906906
2019-06-20 20:00:00-04:00,69.52,70.09,68.86,68.96,9087332
2019-06-23 20:00:00-04:00,69.69,70.15,69.36,69.72,5842594
2019-06-24 20:00:00-04:00,69.73,70.09,68.93,69.10,4439825
2019-06-25 20:00:00-04:00,69.11,69.44,68.40,68.42,4643853
2019-06-26 20:00:00-04:00,68.67,69.19,68.42,69.07,3199452
2019-06-27 20:00:00-04:00,69.12,69.94,68.63,69.73,8637486
2019-06-30 20:00:00-04:00,70.26,70.74,70.07,70.34,6233329
2019-07-01 20:00:00-04:00,70.50,70.86,70.29,70.67,5394655
2019-07-02 20:00:00-04:00,70.94,71.27,70.54,71.23,3237746
2019-07-04 20:00:00-04:00,71.10,71.10,70.08,70.98,5636024
2019-07-07 20:00:00-04:00,70.63,70.73,69.77,70.09,5088455
2019-07-08 20:00:00-04:00,69.68,69.91,69.06,69.83,4803229
2019-07-09 20:00:00-04:00,70.16,70.83,69.73,69.87,3717148
2019-07-10 20:00:00-04:00,69.86,70.58,69.66,70.34,3874141
2019-07-11 20:00:00-04:00,70.65,71.67,70.54,71.62,5088455
2019-07-14 20:00:00-04:00,71.37,71.68,71.17,71.35,3779754
2019-07-15 20:00:00-04:00,71.42,71.60,71.08,71.33,5085118
2019-07-16 20:00:00-04:00,71.26,71.37,69.66,69.68,4347663
2019-07-17 20:00:00-04:00,69.56,70.35,69.50,70.32,4638132
2019-07-18 20:00:00-04:00,70.50,71.17,70.12,70.90,5138985
2019-07-21 20:00:00-04:00,70.85,71.33,70.45,71.20,5399422
2019-07-22 20:00:00-04:00,73.01,73.11,70.70,72.27,12855169
2019-07-23 20:00:00-04:00,71.97,73.30,71.75,71.90,5684171
2019-07-24 20:00:00-04:00,72.26,74.08,72.25,73.03,6339633
2019-07-25 20:00:00-04:00,72.74,73.20,72.46,72.64,3521383
2019-07-28 20:00:00-04:00,72.60,73.04,72.51,72.69,3259675
2019-07-29 20:00:00-04:00,72.51,72.69,72.00,72.46,3584148
2019-07-30 20:00:00-04:00,72.44,72.85,71.23,71.55,5348733
2019-07-31 20:00:00-04:00,71.40,72.58,70.51,70.61,4633524
2019-08-01 20:00:00-04:00,70.39,70.63,69.31,70.06,3443681
2019-08-04 20:00:00-04:00,69.00,69.05,66.80,67.35,6322790
2019-08-05 20:00:00-04:00,67.21,69.12,67.21,68.98,6042808
2019-08-06 20:00:00-04:00,68.08,69.69,67.02,69.09,6835401
2019-08-07 20:00:00-04:00,69.40,70.53,69.40,70.42,4253117
2019-08-08 20:00:00-04:00,70.37,70.71,69.37,70.29,3767360
2019-08-11 20:00:00-04:00,69.54,69.75,68.30,68.56,4135055
2019-08-12 20:00:00-04:00,68.48,70.00,68.39,69.06,3813918
2019-08-13 20:00:00-04:00,68.07,68.16,66.29,66.57,5337769
2019-08-14 20:00:00-04:00,66.81,67.03,65.97,66.67,6295618
2019-08-15 20:00:00-04:00,67.34,67.71,66.82,67.37,4023348
2019-08-18 20:00:00-04:00,68.28,68.59,67.88,68.23,2896906
2019-08-19 20:00:00-04:00,67.87,68.57,67.57,68.25,3161474
2019-08-20 20:00:00-04:00,68.91,69.08,68.31,68.60,2732286
2019-08-21 20:00:00-04:00,68.96,69.18,68.06,68.94,2593248
2019-08-22 20:00:00-04:00,68.25,68.85,66.17,66.49,5532580
2019-08-25 20:00:00-04:00,67.33,67.71,66.61,67.61,3325936
2019-08-26 20:00:00-04:00,67.58,67.88,66.80,67.11,3459571
2019-08-27 20:00:00-04:00,66.99,68.40,66.70,68.35,3252047
2019-08-28 20:00:00-04:00,68.97,70.18,68.97,69.77,7271105
2019-08-29 20:00:00-04:00,70.17,70.69,70.14,70.17,3702529
2019-09-02 20:00:00-04:00,69.32,69.60,68.77,69.48,4028433
2019-09-03 20:00:00-04:00,70.41,70.97,70.19,70.60,3585102
2019-09-04 20:00:00-04:00,71.70,72.03,71.39,71.67,4231348
2019-09-05 20:00:00-04:00,72.09,72.33,71.74,72.03,3375513
2019-09-08 20:00:00-04:00,72.54,72.95,72.11,72.25,3675834
2019-09-09 20:00:00-04:00,72.25,72.58,71.56,72.15,4552326
2019-09-10 20:00:00-04:00,71.92,73.27,71.70,73.24,4557093
2019-09-11 20:00:00-04:00,73.52,74.34,73.38,74.06,4805931
2019-09-12 20:00:00-04:00,74.35,75.10,74.06,74.38,4807520
2019-09-15 20:00:00-04:00,74.90,74.90,73.98,74.39,3355968
2019-09-16 20:00:00-04:00,74.02,74.21,73.61,73.92,3369316
2019-09-17 20:00:00-04:00,73.77,74.24,73.24,74.17,2773600
2019-09-18 20:00:00-04:00,74.32,74.36,73.71,74.10,3479433
2019-09-19 20:00:00-04:00,74.13,74.60,73.03,73.04,8439656
2019-09-22 20:00:00-04:00,72.41,73.34,72.25,73.09,4137597
2019-09-23 20:00:00-04:00,73.29,73.38,72.55,72.99,4506881
2019-09-24 20:00:00-04:00,73.24,73.89,72.81,73.72,3357875
2019-09-25 20:00:00-04:00,73.68,74.50,73.55,74.10,4278541
2019-09-26 20:00:00-04:00,74.36,74.48,73.37,73.48,3395375
2019-09-29 20:00:00-04:00,73.89,73.91,73.36,73.55,4079122
2019-09-30 20:00:00-04:00,73.78,74.18,71.77,72.08,5539095
2019-10-01 20:00:00-04:00,71.56,71.65,69.94,70.29,5175532
2019-10-02 20:00:00-04:00,70.45,70.76,69.30,70.69,4609053
2019-10-03 20:00:00-04:00,70.73,71.82,70.55,71.77,3009884
2019-10-06 20:00:00-04:00,71.54,72.17,71.19,71.49,2662052
2019-10-07 20:00:00-04:00,70.76,71.33,70.22,70.46,3970911
2019-10-08 20:00:00-04:00,70.95,71.46,70.64,71.09,3864448
2019-10-09 20:00:00-04:00,71.06,72.23,70.74,72.15,3710633
2019-10-10 20:00:00-04:00,72.77,73.91,72.73,73.35,4849469
2019-10-13 20:00:00-04:00,73.27,73.51,72.91,73.23,2637740
2019-10-14 20:00:00-04:00,73.42,74.20,73.35,73.35,3964078
2019-10-15 20:00:00-04:00,73.24,73.93,73.09,73.65,3339125
2019-10-16 20:00:00-04:00,73.97,74.75,73.90,74.44,4103751
2019-10-17 20:00:00-04:00,74.47,74.59,73.55,73.70,5413246
2019-10-20 20:00:00-04:00,74.44,74.89,74.21,74.54,5951758
2019-10-21 20:00:00-04:00,75.87,76.63,74.85,76.19,10544286
2019-10-22 20:00:00-04:00,75.87,76.20,75.00,75.38,5324262
2019-10-23 20:00:00-04:00,75.70,77.50,75.44,77.28,7235353
2019-10-24 20:00:00-04:00,77.23,77.69,76.94,77.02,5074154
2019-10-27 20:00:00-04:00,77.19,77.92,76.67,77.06,3773081
2019-10-28 20:00:00-04:00,76.75,77.32,76.36,76.50,5647306
2019-10-29 20:00:00-04:00,76.64,77.73,76.50,77.50,4040191
2019-10-30 20:00:00-04:00,77.28,77.50,76.86,77.36,4852647
2019-10-31 20:00:00-04:00,77.79,79.08,77.76,79.03,6444348
2019-11-03 19:00:00-05:00,79.46,79.73,78.87,79.47,6823166
2019-11-04 19:00:00-05:00,79.55,80.04,79.04,79.66,6453406
2019-11-05 19:00:00-05:00,79.64,79.94,79.27,79.90,5015679
2019-11-06 19:00:00-05:00,80.18,80.46,79.98,80.13,4407092
2019-11-07 19:00:00-05:00,79.45,80.29,79.38,80.21,2701618
2019-11-10 19:00:00-05:00,79.74,80.07,79.48,79.85,2341233
2019-11-11 19:00:00-05:00,79.95,80.30,79.74,79.95,2562421
2019-11-12 19:00:00-05:00,79.67,80.01,79.43,79.90,2926302
2019-11-13 19:00:00-05:00,79.84,80.37,79.84,80.19,2757551
2019-11-14 19:00:00-05:00,80.29,81.11,80.27,80.87,3160839
2019-11-17 19:00:00-05:00,80.73,80.83,80.37,80.73,2948866
2019-11-18 19:00:00-05:00,81.01,81.03,80.32,80.33,4495758
2019-11-19 19:00:00-05:00,80.14,80.45,79.10,79.40,4204335
2019-11-20 19:00:00-05:00,79.40,80.11,79.21,79.75,3731131
2019-11-21 19:00:00-05:00,80.27,80.42,79.69,79.97,3783568
2019-11-24 19:00:00-05:00,80.44,80.53,79.70,79.87,3818367
2019-11-25 19:00:00-05:00,79.97,80.47,79.81,80.20,5722625
2019-11-26 19:00:00-05:00,80.34,80.70,79.97,80.58,2401456
2019-11-28 19:00:00-05:00,80.42,80.46,79.86,80.32,1575494
2019-12-01 19:00:00-05:00,80.34,80.46,78.44,78.50,6121940
2019-12-02 19:00:00-05:00,77.93,78.08,77.31,77.82,5938729
2019-12-03 19:00:00-05:00,78.48,78.98,78.13,78.25,4829130
2019-12-04 19:00:00-05:00,78.77,78.82,78.19,78.65,3720644
2019-12-05 19:00:00-05:00,79.67,79.80,79.16,79.59,4143953
2019-12-08 19:00:00-05:00,79.54,79.78,79.13,79.17,2403045
2019-12-09 19:00:00-05:00,78.93,79.05,78.70,78.71,4246761
2019-12-10 19:00:00-05:00,79.36,79.79,79.05,79.74,3603693
2019-12-11 19:00:00-05:00,80.08,81.02,79.69,80.90,4327483
2019-12-12 19:00:00-05:00,80.28,81.30,80.28,80.71,3762911
2019-12-15 19:00:00-05:00,81.07,81.58,80.73,80.92,5162502
2019-12-16 19:00:00-05:00,80.78,80.88,80.11,80.47,5759172
2019-12-17 19:00:00-05:00,80.19,80.46,79.69,79.98,6036929
2019-12-18 19:00:00-05:00,80.30,80.76,79.70,80.52,4755241
2019-12-19 19:00:00-05:00,81.70,81.70,80.78,80.94,7252673
2019-12-22 19:00:00-05:00,81.19,81.51,80.98,81.12,4361328
2019-12-23 19:00:00-05:00,81.25,81.39,80.91,80.98,1596786
2019-12-25 19:00:00-05:00,81.19,81.63,81.08,81.60,2231274
2019-12-26 19:00:00-05:00,81.76,81.80,81.24,81.37,2928050
2019-12-29 19:00:00-05:00,81.45,81.65,80.99,81.15,2674605
2019-12-30 19:00:00-05:00,81.10,81.33,80.73,81.09,3227100
2020-01-01 19:00:00-05:00,81.08,82.96,81.08,82.92,4451584
2020-01-02 19:00:00-05:00,81.72,83.73,81.49,83.03,4969756
2020-01-05 19:00:00-05:00,83.08,83.30,82.57,83.21,4139504
2020-01-06 19:00:00-05:00,82.25,83.18,82.25,82.94,4348775
2020-01-07 19:00:00-05:00,82.91,83.68,82.69,83.07,3772445
2020-01-08 19:00:00-05:00,83.27,83.48,82.91,83.19,4672455
2020-01-09 19:00:00-05:00,83.39,83.39,81.99,82.22,4605240
2020-01-12 19:00:00-05:00,82.31,82.57,81.99,82.33,4910010
2020-01-13 19:00:00-05:00,81.96,82.52,81.82,82.05,4987712
2020-01-14 19:00:00-05:00,82.10,82.88,81.84,82.28,4937023
2020-01-15 19:00:00-05:00,82.63,83.39,82.63,83.14,5671300
2020-01-16 19:00:00-05:00,83.55,84.21,83.21,83.60,7365492
2020-01-20 19:00:00-05:00,83.31,84.20,82.72,83.64,7797382
2020-01-21 19:00:00-05:00,83.59,83.96,83.02,83.27,5546881
2020-01-22 19:00:00-05:00,83.17,83.51,82.62,83.27,6369348
2020-01-23 19:00:00-05:00,83.06,83.61,82.51,82.94,5879141
2020-01-26 19:00:00-05:00,81.75,82.28,81.22,81.77,6889427
2020-01-27 19:00:00-05:00,81.50,83.60,80.16,82.76,9083677
2020-01-28 19:00:00-05:00,83.34,83.36,82.01,82.74,6079832
2020-01-29 19:00:00-05:00,82.00,83.50,82.00,83.38,6958867
2020-01-30 19:00:00-05:00,82.95,83.15,81.01,81.32,7325131
2020-02-02 19:00:00-05:00,81.79,82.47,81.10,81.19,7450027
2020-02-03 19:00:00-05:00,82.00,83.02,81.98,82.84,6090160
2020-02-04 19:00:00-05:00,83.76,84.26,83.06,84.26,5727709
2020-02-05 19:00:00-05:00,84.67,84.87,84.02,84.57,6011664
2020-02-06 19:00:00-05:00,84.46,85.47,84.25,84.91,7886048
2020-02-09 19:00:00-05:00,85.34,85.54,83.91,84.76,6419878
2020-02-10 19:00:00-05:00,85.67,85.79,83.85,84.06,8577104
2020-02-11 19:00:00-05:00,84.00,84.35,83.14,84.02,9167100
2020-02-12 19:00:00-05:00,83.80,84.13,83.19,83.27,5420874
2020-02-13 19:00:00-05:00,83.28,83.81,83.00,83.49,6175331
2020-02-17 19:00:00-05:00,82.80,82.82,81.80,82.30,4553280
2020-02-18 19:00:00-05:00,82.45,82.67,81.67,81.97,5339993
2020-02-19 19:00:00-05:00,81.82,82.01,80.48,81.55,5380831
2020-02-20 19:00:00-05:00,81.42,82.48,80.91,82.43,6796948
2020-02-23 19:00:00-05:00,80.18,80.61,79.18,79.74,10190257
2020-02-24 19:00:00-05:00,79.92,80.25,75.32,75.52,12089748
2020-02-25 19:00:00-05:00,76.27,77.89,75.12,75.28,13401785
2020-02-26 19:00:00-05:00,73.98,74.78,71.88,71.91,16203986
2020-02-27 19:00:00-05:00,69.17,71.28,68.46,71.04,19610008
2020-03-01 19:00:00-05:00,71.54,72.97,69.77,72.94,14433840
2020-03-02 19:00:00-05:00,72.87,75.18,71.46,72.10,14444010
2020-03-03 19:00:00-05:00,73.14,76.08,72.21,75.64,9077480
2020-03-04 19:00:00-05:00,73.49,73.71,68.12,68.79,13601522
2020-03-05 19:00:00-05:00,66.19,69.16,65.28,68.81,13614711
2020-03-08 20:00:00-04:00,62.79,64.77,61.21,62.76,13778378
2020-03-09 20:00:00-04:00,65.16,65.55,61.76,64.94,14774045
2020-03-10 20:00:00-04:00,63.01,63.56,58.09,58.49,16346679
2020-03-11 20:00:00-04:00,51.20,59.34,50.48,55.76,30644501
2020-03-12 20:00:00-04:00,59.33,60.26,53.61,57.34,26649596
2020-03-15 20:00:00-04:00,51.88,53.93,49.28,49.47,19586014
2020-03-16 20:00:00-04:00,49.54,50.84,45.05,50.51,25522359
2020-03-17 20:00:00-04:00,46.70,46.74,37.55,43.20,36292760
2020-03-18 20:00:00-04:00,43.10,46.51,39.27,45.57,25171667
2020-03-19 20:00:00-04:00,46.16,48.33,39.87,44.90,22923550
2020-03-22 20:00:00-04:00,43.53,43.57,39.33,40.77,19084526
2020-03-23 20:00:00-04:00,43.58,47.57,43.53,47.20,20411023
2020-03-24 20:00:00-04:00,47.81,54.50,46.94,52.33,19096125
2020-03-25 20:00:00-04:00,53.31,57.12,52.77,56.93,23079589
2020-03-26 20:00:00-04:00,53.31,55.34,52.51,52.85,16126443
2020-03-29 20:00:00-04:00,52.27,54.27,51.52,53.58,12019832
2020-03-30 20:00:00-04:00,52.92,53.97,51.07,51.32,11616702
2020-03-31 20:00:00-04:00,48.68,50.05,48.05,49.71,19658472
2020-04-01 20:00:00-04:00,48.76,50.19,46.30,46.79,20980044
2020-04-02 20:00:00-04:00,44.09,46.07,41.54,43.16,18932300
2020-04-05 20:00:00-04:00,47.10,50.92,45.50,49.76,28777500
2020-04-06 20:00:00-04:00,53.96,55.75,49.46,49.93,27110200
2020-04-07 20:00:00-04:00,50.44,55.31,50.05,54.13,26540900
2020-04-08 20:00:00-04:00,57.92,58.87,54.90,55.94,24734300
2020-04-12 20:00:00-04:00,55.52,55.67,51.94,53.45,15181800
2020-04-13 20:00:00-04:00,55.00,56.48,54.11,56.25,16758300
2020-04-14 20:00:00-04:00,56.19,56.28,52.93,53.88,16662100
2020-04-15 20:00:00-04:00,53.99,54.22,52.99,53.98,14108100
2020-04-16 20:00:00-04:00,55.97,57.49,55.48,57.11,14111000
2020-04-19 20:00:00-04:00,55.76,57.86,55.08,56.17,10564000
2020-04-20 20:00:00-04:00,55.00,55.80,53.73,54.16,9877400
2020-04-21 20:00:00-04:00,55.60,56.10,54.55,54.85,9439900
2020-04-22 20:00:00-04:00,55.23,56.09,54.68,54.71,9320000
2020-04-23 20:00:00-04:00,55.31,55.39,54.03,54.83,8557100
2020-04-26 20:00:00-04:00,55.70,56.55,55.19,56.25,8305700
2020-04-27 20:00:00-04:00,57.50,58.17,56.02,56.53,10477000
2020-04-28 20:00:00-04:00,58.22,59.47,57.11,58.70,10327900
2020-04-29 20:00:00-04:00,58.31,58.31,55.93,56.02,12472200
2020-04-30 20:00:00-04:00,54.89,54.99,52.06,52.83,13680400
2020-05-03 20:00:00-04:00,51.88,51.89,49.77,50.87,15623300
2020-05-04 20:00:00-04:00,52.09,52.27,50.89,51.00,12776400
2020-05-05 20:00:00-04:00,51.26,51.34,49.92,50.07,8822100
2020-05-06 20:00:00-04:00,50.68,51.21,48.79,49.28,26893800
2020-05-07 20:00:00-04:00,49.90,50.79,49.58,50.72,10177300
2020-05-10 20:00:00-04:00,49.90,50.08,48.69,49.58,10652600
2020-05-11 20:00:00-04:00,49.60,50.52,49.03,49.03,10906200
2020-05-12 20:00:00-04:00,48.49,48.49,45.97,46.77,13948000
2020-05-13 20:00:00-04:00,45.93,47.02,44.59,46.97,16745200
2020-05-14 20:00:00-04:00,46.26,46.46,45.05,45.99,22048800
2020-05-17 20:00:00-04:00,48.53,51.12,48.42,50.49,19741400
2020-05-18 20:00:00-04:00,50.49,52.45,50.06,50.53,14442300
2020-05-19 20:00:00-04:00,51.20,51.52,50.31,50.41,10344800
2020-05-20 20:00:00-04:00,50.84,52.51,50.76,52.41,10309900
2020-05-21 20:00:00-04:00,52.67,53.00,51.74,52.33,6510700
2020-05-25 20:00:00-04:00,54.56,57.17,54.38,56.22,15937800
2020-05-26 20:00:00-04:00,58.43,59.29,56.83,58.13,13951600
2020-05-27 20:00:00-04:00,59.98,59.98,57.68,58.67,12683200
2020-05-28 20:00:00-04:00,57.21,58.08,55.94,56.27,13950600
2020-05-31 20:00:00-04:00,56.69,57.59,55.88,55.92,11314000
2020-06-01 20:00:00-04:00,55.55,55.99,54.56,55.29,14938400
2020-06-02 20:00:00-04:00,56.25,59.07,56.20,58.84,15875900
2020-06-03 20:00:00-04:00,58.52,59.15,57.83,58.88,10135000
2020-06-04 20:00:00-04:00,61.95,64.31,61.92,62.85,14203100
2020-06-07 20:00:00-04:00,63.23,65.35,63.23,64.68,11945500
2020-06-08 20:00:00-04:00,63.36,63.36,61.49,61.52,9964900
2020-06-09 20:00:00-04:00,61.17,61.30,59.35,59.62,9765900
2020-06-10 20:00:00-04:00,55.81,57.31,54.79,54.81,13709000
2020-06-11 20:00:00-04:00,57.53,57.62,55.26,57.01,9589500
2020-06-14 20:00:00-04:00,54.94,59.09,54.45,58.47,13553100
2020-06-15 20:00:00-04:00,60.72,61.13,57.60,59.15,11523900
2020-06-16 20:00:00-04:00,59.30,59.48,58.11,58.34,9294400
2020-06-17 20:00:00-04:00,57.41,58.81,57.22,58.33,6431100
2020-06-18 20:00:00-04:00,59.62,59.62,56.22,56.59,19144400
2020-06-21 20:00:00-04:00,56.52,57.05,55.75,56.72,7566100
2020-06-22 20:00:00-04:00,57.09,57.37,55.95,56.29,6935100
2020-06-23 20:00:00-04:00,55.81,55.82,53.26,53.83,9880500
2020-06-24 20:00:00-04:00,53.13,53.53,52.29,53.25,12717400
2020-06-25 20:00:00-04:00,53.22,53.56,51.40,51.54,17537900
2020-06-28 20:00:00-04:00,52.49,54.00,52.15,54.00,8908700
2020-06-29 20:00:00-04:00,53.24,53.95,52.40,53.74,10746400
2020-06-30 20:00:00-04:00,53.88,54.86,53.40,53.73,6860300
2020-07-01 20:00:00-04:00,54.65,55.34,53.74,53.89,8238300
2020-07-05 20:00:00-04:00,54.99,55.67,54.18,55.22,6128200
2020-07-06 20:00:00-04:00,54.54,54.79,53.15,53.21,8783000
2020-07-07 20:00:00-04:00,53.09,53.76,52.50,53.21,9306900
2020-07-08 20:00:00-04:00,52.90,53.09,50.63,50.68,10778900
2020-07-09 20:00:00-04:00,51.54,52.50,51.25,52.01,10458000
2020-07-12 20:00:00-04:00,52.57,53.02,51.23,51.76,7440800
2020-07-13 20:00:00-04:00,51.45,52.81,50.97,52.74,7256800
2020-07-14 20:00:00-04:00,54.38,55.13,54.11,54.89,9036900
2020-07-15 20:00:00-04:00,54.33,54.78,53.59,54.39,5684100
2020-07-16 20:00:00-04:00,54.48,54.60,53.82,54.24,10789100
2020-07-19 20:00:00-04:00,53.88,54.10,53.04,53.56,6688300
2020-07-20 20:00:00-04:00,54.07,55.36,53.92,54.99,7395200
2020-07-21 20:00:00-04:00,54.59,55.58,54.22,55.49,5758700
2020-07-22 20:00:00-04:00,55.46,56.10,54.84,55.05,6043300
2020-07-23 20:00:00-04:00,55.13,55.79,53.89,54.13,6058900
2020-07-26 20:00:00-04:00,53.77,53.94,52.89,53.28,10194300
2020-07-27 20:00:00-04:00,53.84,53.91,52.11,53.20,13111800
2020-07-28 20:00:00-04:00,52.94,53.19,51.51,51.80,11162500
2020-07-29 20:00:00-04:00,51.12,51.15,49.95,50.11,12292100
2020-07-30 20:00:00-04:00,50.02,50.04,48.93,49.43,11437200
2020-08-02 20:00:00-04:00,49.25,50.16,48.60,50.15,8789300
2020-08-03 20:00:00-04:00,50.34,50.50,49.81,50.15,7844600
2020-08-04 20:00:00-04:00,50.45,52.37,50.32,52.35,10115900
2020-08-05 20:00:00-04:00,51.89,52.68,51.72,52.21,5786700
2020-08-06 20:00:00-04:00,52.21,53.45,51.76,53.40,6263100
2020-08-09 20:00:00-04:00,53.63,56.20,53.51,56.02,10042600
2020-08-10 20:00:00-04:00,56.85,57.69,55.88,56.04,12120800
2020-08-11 20:00:00-04:00,56.80,56.81,55.27,56.07,7327000
2020-08-12 20:00:00-04:00,55.40,56.27,55.04,55.62,9452000
2020-08-13 20:00:00-04:00,55.18,56.44,54.99,55.91,5124400
2020-08-16 20:00:00-04:00,55.86,56.12,55.07,55.15,6408400
2020-08-17 20:00:00-04:00,55.11,55.50,54.50,54.56,4727700
2020-08-18 20:00:00-04:00,54.49,55.27,54.03,54.16,5381200
2020-08-19 20:00:00-04:00,53.59,53.96,53.01,53.59,4689200
2020-08-20 20:00:00-04:00,53.30,53.84,52.92,52.95,7067400
2020-08-23 20:00:00-04:00,53.07,54.51,52.83,54.37,6379800
2020-08-24 20:00:00-04:00,53.91,53.95,52.40,53.55,12678800
2020-08-25 20:00:00-04:00,53.28,53.52,52.71,53.39,8659600
2020-08-26 20:00:00-04:00,53.38,54.44,53.05,53.51,8749800
2020-08-27 20:00:00-04:00,53.70,54.94,53.27,54.68,18550100
2020-08-30 20:00:00-04:00,54.64,55.85,53.52,53.59,10885700
2020-08-31 20:00:00-04:00,53.32,53.90,52.82,53.31,9308800
2020-09-01 20:00:00-04:00,53.59,54.60,53.38,54.47,7511900
2020-09-02 20:00:00-04:00,54.64,55.53,53.08,53.47,8515700
2020-09-03 20:00:00-04:00,54.02,54.66,52.66,53.74,6785900
2020-09-07 20:00:00-04:00,53.05,53.23,51.68,52.06,10523800
2020-09-08 20:00:00-04:00,52.51,52.99,51.74,52.35,7560700
2020-09-09 20:00:00-04:00,52.98,54.19,52.17,52.29,8670400
2020-09-10 20:00:00-04:00,52.28,53.51,52.19,53.29,9780900
2020-09-13 20:00:00-04:00,53.84,54.67,53.66,54.45,6548600
2020-09-14 20:00:00-04:00,54.24,54.86,53.56,53.98,7069300
2020-09-15 20:00:00-04:00,53.81,55.99,53.52,55.28,8873300
2020-09-16 20:00:00-04:00,54.67,56.24,54.09,55.18,6062800
2020-09-17 20:00:00-04:00,54.97,55.64,54.56,54.78,16814200
2020-09-20 20:00:00-04:00,54.10,54.97,52.39,52.73,8845200
2020-09-21 20:00:00-04:00,52.66,53.40,51.78,52.53,5883200
2020-09-22 20:00:00-04:00,52.56,53.49,51.22,51.25,7280000
2020-09-23 20:00:00-04:00,51.00,51.24,49.75,50.41,7737300
2020-09-24 20:00:00-04:00,49.97,50.73,49.50,50.51,11955200
2020-09-27 20:00:00-04:00,51.04,52.34,51.04,51.74,5457500
2020-09-28 20:00:00-04:00,51.56,51.65,50.51,50.61,6362100
2020-09-29 20:00:00-04:00,50.62,51.49,50.17,50.55,7708400
2020-09-30 20:00:00-04:00,50.80,51.35,50.16,50.48,6525600
2020-10-01 20:00:00-04:00,49.66,52.17,49.65,52.14,8381200
2020-10-04 20:00:00-04:00,52.58,53.01,51.99,52.29,6077800
2020-10-05 20:00:00-04:00,52.55,53.23,51.34,51.35,7187200
2020-10-06 20:00:00-04:00,52.11,52.66,51.79,52.44,4925800
2020-10-07 20:00:00-04:00,52.56,53.46,52.43,53.42,4483000
2020-10-08 20:00:00-04:00,53.79,53.88,52.62,52.64,3996200
2020-10-11 20:00:00-04:00,52.58,53.31,52.33,53.18,5378900
2020-10-12 20:00:00-04:00,52.50,52.80,51.42,52.29,8836700
2020-10-13 20:00:00-04:00,52.08,53.01,52.02,52.66,5971800
2020-10-14 20:00:00-04:00,52.16,53.15,51.77,53.15,6166000
2020-10-15 20:00:00-04:00,53.59,54.51,53.28,54.25,8287700
2020-10-18 20:00:00-04:00,54.12,55.06,53.59,54.00,7373300
2020-10-19 20:00:00-04:00,54.46,54.75,53.63,53.81,5960800
2020-10-20 20:00:00-04:00,53.08,53.68,52.88,53.02,5647200
2020-10-21 20:00:00-04:00,52.92,55.33,52.91,55.18,6990100
2020-10-22 20:00:00-04:00,55.41,56.05,54.84,54.97,5864600
2020-10-25 20:00:00-04:00,54.17,54.25,52.61,53.43,7596800
2020-10-26 20:00:00-04:00,52.51,52.54,49.59,49.67,14785900
2020-10-27 20:00:00-04:00,48.50,49.26,45.91,45.99,19787500
2020-10-28 20:00:00-04:00,46.13,46.99,45.62,46.69,14994500
2020-10-29 20:00:00-04:00,46.67,47.84,46.50,47.73,14571800
2020-11-01 19:00:00-05:00,48.67,49.20,47.37,48.98,9750800
2020-11-02 19:00:00-05:00,49.65,50.53,49.50,50.12,7740500
2020-11-03 19:00:00-05:00,50.40,51.48,49.32,49.92,8662000
2020-11-04 19:00:00-05:00,50.18,51.68,49.97,51.20,7446700
2020-11-05 19:00:00-05:00,50.63,51.71,50.29,51.45,7849800
2020-11-08 19:00:00-05:00,57.21,58.33,54.90,57.10,19021200
2020-11-09 19:00:00-05:00,58.08,59.88,57.77,59.65,14358600
2020-11-10 19:00:00-05:00,59.44,59.48,57.21,57.86,10124700
2020-11-11 19:00:00-05:00,56.53,57.21,55.99,56.63,8345100
2020-11-12 19:00:00-05:00,57.33,58.76,57.10,58.54,6824200
2020-11-15 19:00:00-05:00,59.79,61.10,59.43,60.76,12885000
2020-11-16 19:00:00-05:00,59.75,61.61,59.61,60.95,11134200
2020-11-17 19:00:00-05:00,61.66,63.12,61.36,61.51,13392600
2020-11-18 19:00:00-05:00,60.75,63.04,60.36,62.93,8929000
2020-11-19 19:00:00-05:00,62.66,62.94,61.64,61.74,5833800
2020-11-22 19:00:00-05:00,62.67,64.46,62.25,64.28,7208800
2020-11-23 19:00:00-05:00,65.57,66.66,65.31,65.81,10570500
2020-11-24 19:00:00-05:00,65.09,65.66,64.51,65.32,5374200
2020-11-26 19:00:00-05:00,65.28,65.84,64.95,65.41,5103400
2020-11-29 19:00:00-05:00,64.68,65.09,63.15,63.47,10730800
2020-11-30 19:00:00-05:00,64.36,64.55,63.02,63.04,6544600
2020-12-01 19:00:00-05:00,63.00,64.03,62.56,63.67,5401600
2020-12-02 19:00:00-05:00,63.82,65.83,63.64,64.86,6893900
2020-12-03 19:00:00-05:00,64.94,66.07,64.94,65.41,9297900
2020-12-06 19:00:00-05:00,64.94,65.27,64.21,64.64,4913800
2020-12-07 19:00:00-05:00,64.77,65.94,64.42,65.91,4364900
2020-12-08 19:00:00-05:00,65.90,66.21,64.85,65.08,5329300
2020-12-09 19:00:00-05:00,64.58,65.26,64.12,64.59,7497900
2020-12-10 19:00:00-05:00,64.30,65.12,64.04,64.51,7185900
2020-12-13 19:00:00-05:00,64.96,65.34,62.58,62.66,10849300
2020-12-14 19:00:00-05:00,63.28,63.54,62.04,62.87,7769000
2020-12-15 19:00:00-05:00,62.97,62.99,62.35,62.45,5621100
2020-12-16 19:00:00-05:00,63.18,63.27,62.40,62.51,5769900
2020-12-17 19:00:00-05:00,62.45,62.62,61.78,62.10,16809800
2020-12-20 19:00:00-05:00,60.79,62.16,59.98,61.66,8351700
2020-12-21 19:00:00-05:00,61.50,62.05,61.04,61.28,4028200
2020-12-22 19:00:00-05:00,61.76,63.20,61.59,62.59,4312900
2020-12-23 19:00:00-05:00,62.79,62.79,61.85,62.19,1758600
2020-12-27 19:00:00-05:00,62.57,63.24,62.25,62.51,2938000
2020-12-28 19:00:00-05:00,62.83,62.92,61.66,62.25,3670100
2020-12-29 19:00:00-05:00,62.39,63.40,62.25,63.15,5015500
2020-12-30 19:00:00-05:00,63.14,63.45,62.78,63.28,4177000
2021-01-03 19:00:00-05:00,63.17,63.33,60.45,60.56,7660500
2021-01-04 19:00:00-05:00,60.85,61.84,60.53,61.44,6436800
2021-01-05 19:00:00-05:00,60.62,63.27,60.58,62.20,8753800
2021-01-06 19:00:00-05:00,62.26,62.72,61.67,61.75,8771400
2021-01-07 19:00:00-05:00,61.91,62.02,60.80,61.82,5158100
2021-01-10 19:00:00-05:00,60.88,61.82,60.64,61.77,4569000
2021-01-11 19:00:00-05:00,61.67,63.47,61.57,63.29,5356200
2021-01-12 19:00:00-05:00,63.10,63.23,61.76,62.39,7032600
2021-01-13 19:00:00-05:00,62.83,64.05,62.44,62.78,9712500
2021-01-14 19:00:00-05:00,62.22,62.24,61.02,61.24,6980800
2021-01-18 19:00:00-05:00,61.75,61.99,61.20,61.38,7381800
2021-01-19 19:00:00-05:00,61.48,61.53,60.72,60.92,4657700
2021-01-20 19:00:00-05:00,60.47,60.80,60.05,60.28,7366800
2021-01-21 19:00:00-05:00,59.93,60.28,59.40,59.81,4558100
2021-01-24 19:00:00-05:00,58.44,58.87,57.54,58.66,10514000
2021-01-25 19:00:00-05:00,61.24,62.77,59.46,59.47,13322200
2021-01-26 19:00:00-05:00,58.90,59.97,57.74,57.97,12377000
2021-01-27 19:00:00-05:00,58.80,61.32,58.59,60.33,8753200
2021-01-28 19:00:00-05:00,59.39,59.79,58.51,59.05,15649100
2021-01-31 19:00:00-05:00,59.82,59.82,58.52,59.26,5994000
2021-02-01 19:00:00-05:00,59.89,62.32,59.78,62.07,8710600
2021-02-02 19:00:00-05:00,61.74,62.76,61.39,62.46,8370000
2021-02-03 19:00:00-05:00,62.90,64.44,62.59,64.32,9024300
2021-02-04 19:00:00-05:00,64.91,65.38,63.72,64.01,7952700
2021-02-07 19:00:00-05:00,63.97,64.32,63.55,64.15,4964300
2021-02-08 19:00:00-05:00,63.94,64.90,63.34,64.64,6263000
2021-02-09 19:00:00-05:00,64.39,64.73,63.84,64.13,3930200
2021-02-10 19:00:00-05:00,64.13,64.77,62.98,64.01,4535800
2021-02-11 19:00:00-05:00,63.80,64.44,63.56,64.26,4207500
2021-02-15 19:00:00-05:00,64.46,64.82,63.75,64.26,6110200
2021-02-16 19:00:00-05:00,63.98,64.79,63.79,64.66,5186900
2021-02-17 19:00:00-05:00,64.13,64.65,63.74,64.50,4903800
2021-02-18 19:00:00-05:00,64.94,65.76,64.69,65.72,6275900
2021-02-21 19:00:00-05:00,63.94,65.72,63.91,64.60,10506900
2021-02-22 19:00:00-05:00,64.97,65.50,64.19,65.48,11686700
2021-02-23 19:00:00-05:00,65.66,69.18,65.06,68.74,11159300
2021-02-24 19:00:00-05:00,68.26,68.67,64.96,65.29,9483300
2021-02-25 19:00:00-05:00,65.83,65.83,64.10,64.10,8000700
2021-02-28 19:00:00-05:00,65.46,67.08,65.09,66.21,10910500
2021-03-01 19:00:00-05:00,66.17,67.16,66.07,66.49,5792300
2021-03-02 19:00:00-05:00,66.60,68.02,66.47,66.84,5960700
2021-03-03 19:00:00-05:00,66.80,68.08,64.77,66.27,8284200
2021-03-04 19:00:00-05:00,66.99,67.29,65.09,66.94,6661900
2021-03-07 19:00:00-05:00,67.77,68.87,67.26,67.32,7232100
2021-03-08 19:00:00-05:00,67.71,68.30,66.56,66.63,6558300
2021-03-09 19:00:00-05:00,67.14,68.70,66.77,68.17,6776600
2021-03-10 19:00:00-05:00,68.18,69.52,67.85,68.61,6314900
2021-03-11 19:00:00-05:00,69.45,70.23,69.17,69.92,6075900
2021-03-14 20:00:00-04:00,70.15,71.29,69.76,70.85,7848900
2021-03-15 20:00:00-04:00,70.74,70.94,69.46,69.67,5941500
2021-03-16 20:00:00-04:00,69.86,71.09,69.73,70.84,6685900
2021-03-17 20:00:00-04:00,70.54,71.16,69.35,69.40,6093500
2021-03-18 20:00:00-04:00,69.45,69.94,67.78,69.77,15023800
2021-03-21 20:00:00-04:00,69.77,69.93,68.20,68.49,7457100
2021-03-22 20:00:00-04:00,67.91,68.71,66.79,66.94,8285400
2021-03-23 20:00:00-04:00,67.88,69.30,67.27,67.27,7722600
2021-03-24 20:00:00-04:00,66.87,69.16,66.45,69.03,6359100
2021-03-25 20:00:00-04:00,68.93,69.68,68.18,69.60,6193900
2021-03-28 20:00:00-04:00,69.73,70.33,69.03,69.17,7136700
2021-03-29 20:00:00-04:00,69.11,69.85,68.79,69.29,5540000
2021-03-30 20:00:00-04:00,69.31,69.65,68.61,68.80,6003300
2021-03-31 20:00:00-04:00,69.11,69.27,68.50,68.81,6166200
2021-04-04 20:00:00-04:00,69.33,69.85,69.04,69.37,5637900
2021-04-05 20:00:00-04:00,69.09,69.53,68.74,69.02,8489200
2021-04-06 20:00:00-04:00,69.00,69.55,68.61,69.10,5334700
2021-04-07 20:00:00-04:00,68.68,69.06,68.11,68.99,5043000
2021-04-08 20:00:00-04:00,69.93,70.24,69.14,69.71,5423400
2021-04-11 20:00:00-04:00,69.68,70.18,69.57,70.09,5485800
2021-04-12 20:00:00-04:00,69.45,69.52,68.33,69.19,5490700
2021-04-13 20:00:00-04:00,69.45,70.07,69.25,69.42,4855200
2021-04-14 20:00:00-04:00,69.60,69.70,68.54,69.43,5106500
2021-04-15 20:00:00-04:00,69.98,69.98,68.61,69.65,7629700
2021-04-18 20:00:00-04:00,69.56,70.10,69.22,69.98,6265600
2021-04-19 20:00:00-04:00,69.27,69.37,67.73,68.64,8692700
2021-04-20 20:00:00-04:00,68.39,70.29,68.03,70.23,5186900
2021-04-21 20:00:00-04:00,70.33,71.15,69.94,70.11,6706800
2021-04-22 20:00:00-04:00,70.17,71.91,70.17,71.71,7139200
2021-04-25 20:00:00-04:00,72.12,73.08,71.95,72.12,12145600
2021-04-26 20:00:00-04:00,73.69,74.52,72.02,73.74,11082400
2021-04-27 20:00:00-04:00,72.55,74.01,72.55,73.98,7164200
2021-04-28 20:00:00-04:00,74.40,74.62,73.47,73.79,6237000
2021-04-29 20:00:00-04:00,73.50,74.27,73.33,74.12,5616000
2021-05-02 20:00:00-04:00,74.62,75.20,74.15,74.92,5828800
2021-05-03 20:00:00-04:00,74.90,75.32,74.04,74.74,9306900
2021-05-04 20:00:00-04:00,74.47,75.39,74.39,74.91,4658200
2021-05-05 20:00:00-04:00,75.52,75.60,74.38,75.40,4903900
2021-05-06 20:00:00-04:00,75.52,76.51,74.92,76.32,6056000
2021-05-09 20:00:00-04:00,77.34,77.50,75.62,75.72,9042600
2021-05-10 20:00:00-04:00,75.01,75.86,74.22,75.09,6708100
2021-05-11 20:00:00-04:00,75.00,75.56,73.21,73.26,6086800
2021-05-12 20:00:00-04:00,73.28,75.04,73.14,74.60,4701200
2021-05-13 20:00:00-04:00,75.20,76.64,75.12,76.47,4989200
2021-05-16 20:00:00-04:00,75.74,77.08,75.74,77.08,5059800
2021-05-17 20:00:00-04:00,76.75,77.43,76.00,76.02,7438300
2021-05-18 20:00:00-04:00,75.54,75.93,74.42,75.87,9296500
2021-05-19 20:00:00-04:00,75.91,76.64,75.33,76.35,10059900
2021-05-20 20:00:00-04:00,76.90,78.02,76.63,76.87,5803800
2021-05-23 20:00:00-04:00,77.48,77.89,77.04,77.47,5113300
2021-05-24 20:00:00-04:00,77.60,78.18,77.03,77.27,7606300
2021-05-25 20:00:00-04:00,77.33,77.69,77.04,77.49,4826200
2021-05-26 20:00:00-04:00,79.28,79.55,78.57,79.38,10492200
2021-05-27 20:00:00-04:00,79.19,79.57,78.86,79.47,4850300
2021-05-31 20:00:00-04:00,80.45,80.56,79.58,79.72,4302200
2021-06-01 20:00:00-04:00,79.95,79.95,79.23,79.39,4429100
2021-06-02 20:00:00-04:00,78.93,79.70,78.73,79.44,4083200
2021-06-03 20:00:00-04:00,79.41,79.94,79.32,79.74,4082800
2021-06-06 20:00:00-04:00,79.70,79.86,79.26,79.70,5693900
2021-06-07 20:00:00-04:00,79.90,80.42,79.51,80.13,4777000
2021-06-08 20:00:00-04:00,80.05,80.24,79.56,79.59,4594500
2021-06-09 20:00:00-04:00,80.44,80.60,78.97,79.05,4826300
2021-06-10 20:00:00-04:00,79.46,79.70,78.98,79.55,4082700
2021-06-13 20:00:00-04:00,79.47,79.90,79.05,79.47,5924900
2021-06-14 20:00:00-04:00,79.68,80.44,79.55,80.08,5336700
2021-06-15 20:00:00-04:00,79.93,80.11,78.78,79.21,8033800
2021-06-16 20:00:00-04:00,79.26,79.48,77.32,78.05,7480500
2021-06-17 20:00:00-04:00,76.95,77.69,76.70,76.97,10387200
2021-06-20 20:00:00-04:00,77.71,78.95,77.50,78.83,5097400
2021-06-21 20:00:00-04:00,78.54,78.88,77.81,78.27,4150100
2021-06-22 20:00:00-04:00,78.31,78.48,77.55,77.58,3524500
2021-06-23 20:00:00-04:00,78.09,78.09,77.27,77.80,5335200
2021-06-24 20:00:00-04:00,77.96,78.29,77.65,77.68,6611000
2021-06-27 20:00:00-04:00,77.39,77.40,75.93,76.24,5738300
2021-06-28 20:00:00-04:00,76.48,76.92,75.55,75.64,6496800
2021-06-29 20:00:00-04:00,75.55,76.74,75.37,76.42,4744500
2021-06-30 20:00:00-04:00,76.52,77.26,76.38,77.23,3903900
2021-07-01 20:00:00-04:00,77.49,77.93,76.89,77.66,4185400
2021-07-05 20:00:00-04:00,77.17,77.48,76.08,76.81,4140000
2021-07-06 20:00:00-04:00,76.29,77.07,75.98,76.89,4127200
2021-07-07 20:00:00-04:00,75.78,76.84,75.26,76.54,4665500
2021-07-08 20:00:00-04:00,77.49,77.71,77.06,77.38,4556200
2021-07-11 20:00:00-04:00,76.64,77.40,76.16,77.23,5464400
2021-07-12 20:00:00-04:00,77.19,77.25,76.37,76.44,4595000
2021-07-13 20:00:00-04:00,76.30,76.94,75.66,76.06,3665400
2021-07-14 20:00:00-04:00,75.33,76.62,75.19,76.12,3460800
2021-07-15 20:00:00-04:00,76.70,76.81,74.62,74.82,4023800
2021-07-18 20:00:00-04:00,73.28,73.42,71.41,72.60,9221300
2021-07-19 20:00:00-04:00,72.83,76.26,72.58,75.96,7935000
2021-07-20 20:00:00-04:00,76.38,77.90,76.19,77.56,5398300
2021-07-21 20:00:00-04:00,77.28,77.49,76.31,76.88,4124300
2021-07-22 20:00:00-04:00,77.69,77.69,76.69,76.87,2607600
2021-07-25 20:00:00-04:00,76.80,77.22,76.52,76.99,3759800
2021-07-26 20:00:00-04:00,78.47,80.14,78.30,79.03,8429700
2021-07-27 20:00:00-04:00,79.83,79.83,77.89,78.11,5517100
2021-07-28 20:00:00-04:00,79.39,79.41,78.37,78.52,4135400
2021-07-29 20:00:00-04:00,78.26,78.61,77.63,77.89,4443600
2021-08-01 20:00:00-04:00,78.06,79.49,77.49,77.58,4049200
2021-08-02 20:00:00-04:00,77.66,78.83,76.44,78.80,4629200
2021-08-03 20:00:00-04:00,77.82,78.28,76.72,76.88,5286000
2021-08-04 20:00:00-04:00,77.40,78.32,77.21,77.83,3604600
2021-08-05 20:00:00-04:00,78.34,78.81,78.09,78.45,3020200
2021-08-08 20:00:00-04:00,77.99,78.32,77.51,78.00,3265600
2021-08-09 20:00:00-04:00,78.10,78.88,77.93,78.52,2909100
2021-08-10 20:00:00-04:00,78.66,79.42,78.32,79.38,3724800
2021-08-11 20:00:00-04:00,79.19,79.42,78.27,78.81,2816500
2021-08-12 20:00:00-04:00,78.92,78.95,78.06,78.16,3051300
2021-08-15 20:00:00-04:00,77.68,78.17,76.65,78.06,3895900
2021-08-16 20:00:00-04:00,77.40,78.09,76.72,77.58,3999200
2021-08-17 20:00:00-04:00,77.08,77.86,76.51,76.57,4256200
2021-08-18 20:00:00-04:00,75.99,76.45,74.77,75.11,5707000
2021-08-19 20:00:00-04:00,75.06,76.13,74.80,75.74,4502400
2021-08-22 20:00:00-04:00,76.22,77.12,76.16,76.56,3367700
2021-08-23 20:00:00-04:00,76.70,77.57,76.60,76.99,4751800
2021-08-24 20:00:00-04:00,77.16,77.90,76.60,77.26,3195200
2021-08-25 20:00:00-04:00,77.19,77.32,76.17,76.38,2596000
2021-08-26 20:00:00-04:00,76.76,77.63,76.73,76.96,3590400
2021-08-29 20:00:00-04:00,77.04,77.07,76.33,76.42,2936800
2021-08-30 20:00:00-04:00,76.28,76.98,76.00,76.38,3969600
2021-08-31 20:00:00-04:00,76.72,76.72,75.63,75.79,4109000
2021-09-01 20:00:00-04:00,75.88,76.55,75.81,76.18,3471600
2021-09-02 20:00:00-04:00,76.04,76.27,75.25,75.38,3300100
2021-09-06 20:00:00-04:00,75.12,75.38,74.22,74.80,5701400
2021-09-07 20:00:00-04:00,74.64,75.23,74.08,74.68,3911400
2021-09-08 20:00:00-04:00,74.73,76.01,74.55,75.39,4521200
2021-09-09 20:00:00-04:00,75.86,76.11,74.62,74.80,3893400
2021-09-12 20:00:00-04:00,75.50,75.90,74.58,75.37,4768000
2021-09-13 20:00:00-04:00,75.52,75.55,74.13,74.56,5253300
2021-09-14 20:00:00-04:00,74.96,76.65,74.64,76.48,5673400
2021-09-15 20:00:00-04:00,76.54,76.72,75.59,75.72,5907500
2021-09-16 20:00:00-04:00,75.33,75.71,74.23,75.15,23128700
2021-09-19 20:00:00-04:00,73.81,75.34,73.46,75.20,8217100
2021-09-20 20:00:00-04:00,75.41,75.83,74.50,74.90,5900300
2021-09-21 20:00:00-04:00,75.67,77.46,75.35,76.84,6233700
2021-09-22 20:00:00-04:00,77.12,78.40,77.06,78.18,5906800
2021-09-23 20:00:00-04:00,78.01,79.00,77.82,78.55,4665900
2021-09-26 20:00:00-04:00,79.06,79.73,78.61,78.71,4162100
2021-09-27 20:00:00-04:00,78.49,79.06,77.92,78.26,5781200
2021-09-28 20:00:00-04:00,78.55,79.14,78.12,78.39,3612600
2021-09-29 20:00:00-04:00,78.84,78.85,77.37,77.46,5642900
2021-09-30 20:00:00-04:00,78.22,79.24,77.63,78.83,5499500
2021-10-03 20:00:00-04:00,78.40,79.30,77.89,79.02,5490600
2021-10-04 20:00:00-04:00,79.30,80.65,79.06,79.95,4820500
2021-10-05 20:00:00-04:00,79.48,80.56,78.81,80.45,4354100
2021-10-06 20:00:00-04:00,81.01,81.67,80.88,81.24,3750900
2021-10-07 20:00:00-04:00,81.37,81.85,80.87,81.66,3342700
2021-10-10 20:00:00-04:00,81.75,82.35,80.96,81.01,3048000
2021-10-11 20:00:00-04:00,80.75,81.61,80.35,80.85,3404100
2021-10-12 20:00:00-04:00,80.93,81.10,79.59,80.82,3285500
2021-10-13 20:00:00-04:00,81.39,81.53,80.30,80.36,4225300
2021-10-14 20:00:00-04:00,80.97,82.27,80.81,81.93,4581600
2021-10-17 20:00:00-04:00,81.19,82.11,80.49,81.83,3898700
2021-10-18 20:00:00-04:00,81.99,82.45,81.51,82.21,4195100
2021-10-19 20:00:00-04:00,81.73,82.83,81.18,82.62,3916600
2021-10-20 20:00:00-04:00,82.30,82.61,81.63,82.56,4274900
2021-10-21 20:00:00-04:00,82.61,83.20,82.17,82.78,4160800
2021-10-24 20:00:00-04:00,82.61,82.89,81.74,82.28,5953900
2021-10-25 20:00:00-04:00,79.56,82.18,78.40,80.35,9122500
2021-10-26 20:00:00-04:00,80.34,81.61,79.92,80.35,4273200
2021-10-27 20:00:00-04:00,80.53,80.93,79.97,80.37,4179900
2021-10-28 20:00:00-04:00,80.26,80.89,79.76,80.08,5202300
2021-10-31 20:00:00-04:00,80.12,80.37,79.27,79.80,4588800
2021-11-01 20:00:00-04:00,79.78,80.03,78.58,79.12,4554100
2021-11-02 20:00:00-04:00,78.42,80.01,78.36,79.91,4148500
2021-11-03 20:00:00-04:00,79.61,80.28,79.09,79.36,3711700
2021-11-04 20:00:00-04:00,80.90,82.21,80.26,82.17,4330400
2021-11-07 19:00:00-05:00,82.29,82.61,81.38,81.74,4469100
2021-11-08 19:00:00-05:00,81.74,82.07,81.08,82.00,3372900
2021-11-09 19:00:00-05:00,82.02,82.40,81.23,81.27,3503200
2021-11-10 19:00:00-05:00,81.18,81.48,79.92,80.25,4993600
2021-11-11 19:00:00-05:00,80.37,80.43,79.86,80.08,3273100
2021-11-14 19:00:00-05:00,80.77,80.77,80.06,80.52,3423100
2021-11-15 19:00:00-05:00,80.45,80.94,80.03,80.11,4746200
2021-11-16 19:00:00-05:00,79.99,80.25,78.57,78.81,3910600
2021-11-17 19:00:00-05:00,79.03,79.58,78.26,78.78,4376300
2021-11-18 19:00:00-05:00,78.18,78.18,77.10,77.44,5478200
2021-11-21 19:00:00-05:00,77.78,79.44,77.66,78.68,6819800
2021-11-22 19:00:00-05:00,79.15,79.53,78.63,79.14,5950700
2021-11-23 19:00:00-05:00,78.80,79.30,78.57,79.03,3464500
2021-11-25 19:00:00-05:00,75.74,75.77,73.80,75.24,7113600
2021-11-28 19:00:00-05:00,76.22,76.55,74.80,75.18,5835000
2021-11-29 19:00:00-05:00,74.44,74.78,72.77,73.35,7966000
2021-11-30 19:00:00-05:00,74.46,74.46,71.61,71.65,8499000
2021-12-01 19:00:00-05:00,72.56,74.54,72.07,74.02,6409100
2021-12-02 19:00:00-05:00,73.98,74.44,72.62,73.52,6038900
2021-12-05 19:00:00-05:00,74.56,76.50,74.03,75.92,4964200
2021-12-06 19:00:00-05:00,76.53,77.77,76.19,77.06,5102900
2021-12-07 19:00:00-05:00,77.81,79.45,77.77,78.41,6749500
2021-12-08 19:00:00-05:00,77.95,78.47,77.52,78.10,4241900
2021-12-09 19:00:00-05:00,78.78,78.84,77.68,78.10,3294400
2021-12-12 19:00:00-05:00,77.46,77.90,76.18,76.44,4173900
2021-12-13 19:00:00-05:00,75.81,76.81,75.44,75.69,6144700
2021-12-14 19:00:00-05:00,75.65,75.89,74.39,75.62,5388300
2021-12-15 19:00:00-05:00,76.38,76.61,74.75,74.96,4546300
2021-12-16 19:00:00-05:00,74.96,75.25,73.58,74.58,8892600
2021-12-19 19:00:00-05:00,73.45,73.74,72.23,73.45,5828400
2021-12-20 19:00:00-05:00,74.03,76.07,74.03,75.85,7301900
2021-12-21 19:00:00-05:00,75.67,76.82,75.62,76.21,3852800
2021-12-22 19:00:00-05:00,76.65,77.23,76.61,76.96,2650000
2021-12-26 19:00:00-05:00,76.79,77.41,76.36,77.27,2743700
2021-12-27 19:00:00-05:00,77.11,78.27,76.85,77.97,3220100
2021-12-28 19:00:00-05:00,77.57,78.02,77.25,77.85,2085300
2021-12-29 19:00:00-05:00,77.99,78.41,77.68,77.77,2459400
2021-12-30 19:00:00-05:00,77.71,78.25,77.50,78.01,2667700
2022-01-02 19:00:00-05:00,78.03,78.99,78.02,78.83,5169200
2022-01-03 19:00:00-05:00,79.65,81.64,79.50,81.60,6044200
2022-01-04 19:00:00-05:00,81.76,82.97,81.04,81.19,6833600
2022-01-05 19:00:00-05:00,81.94,82.42,81.23,81.63,5559000
2022-01-06 19:00:00-05:00,81.82,82.82,81.66,81.98,4835300
2022-01-09 19:00:00-05:00,82.20,82.30,80.89,81.34,4884200
2022-01-10 19:00:00-05:00,81.34,82.34,80.92,82.23,4529800
2022-01-11 19:00:00-05:00,82.49,82.99,82.34,82.55,4613100
2022-01-12 19:00:00-05:00,82.83,83.81,82.45,82.99,5026300
2022-01-13 19:00:00-05:00,82.53,83.83,82.23,83.69,4987400
2022-01-17 19:00:00-05:00,82.79,83.30,81.83,82.26,6010200
2022-01-18 19:00:00-05:00,82.24,82.79,81.20,81.31,4887800
2022-01-19 19:00:00-05:00,81.54,82.33,79.99,80.09,5354700
2022-01-20 19:00:00-05:00,80.24,80.50,78.70,79.05,5846500
2022-01-23 19:00:00-05:00,77.75,80.04,76.87,79.88,8849700
2022-01-24 19:00:00-05:00,77.05,82.75,77.05,81.86,10377400
2022-01-25 19:00:00-05:00,81.56,82.96,79.29,80.66,9829100
2022-01-26 19:00:00-05:00,81.51,82.92,80.13,80.93,6998700
2022-01-27 19:00:00-05:00,80.65,81.92,79.30,81.88,5877600
2022-01-30 19:00:00-05:00,81.23,81.95,80.68,81.75,6419700
2022-01-31 19:00:00-05:00,81.67,82.43,80.92,82.24,6558400
2022-02-01 19:00:00-05:00,81.85,84.02,81.81,83.88,5978600
2022-02-02 19:00:00-05:00,83.53,84.29,83.05,84.13,7171700
2022-02-03 19:00:00-05:00,83.72,85.12,83.49,84.31,6321400
2022-02-06 19:00:00-05:00,84.72,85.87,84.31,85.23,4932700
2022-02-07 19:00:00-05:00,85.05,86.40,84.18,86.18,8173200
2022-02-08 19:00:00-05:00,87.05,87.31,86.55,87.02,5394900
2022-02-09 19:00:00-05:00,86.40,87.89,85.70,86.17,6534300
2022-02-10 19:00:00-05:00,86.34,87.06,85.28,86.36,6532900
2022-02-13 19:00:00-05:00,86.57,86.66,84.20,84.82,6419200
2022-02-14 19:00:00-05:00,84.83,86.02,84.82,85.24,4616000
2022-02-15 19:00:00-05:00,85.22,86.36,85.13,85.89,4560900
2022-02-16 19:00:00-05:00,85.18,86.27,84.70,85.53,5753300
2022-02-17 19:00:00-05:00,85.33,86.12,84.29,84.64,6544800
2022-02-21 19:00:00-05:00,84.86,85.88,84.11,84.79,5862200
2022-02-22 19:00:00-05:00,85.48,85.69,83.44,83.61,6903300
2022-02-23 19:00:00-05:00,84.77,86.27,81.40,85.91,9698500
2022-02-24 19:00:00-05:00,86.04,89.57,85.86,89.44,8692300
2022-02-27 19:00:00-05:00,90.26,93.85,89.69,93.61,16726100
2022-02-28 19:00:00-05:00,93.67,95.10,93.14,93.64,12340900
2022-03-01 19:00:00-05:00,93.15,93.44,90.95,91.82,12834600
2022-03-02 19:00:00-05:00,92.11,92.38,89.90,90.99,8613500
2022-03-03 19:00:00-05:00,91.10,91.10,89.54,90.78,8627200
2022-03-06 19:00:00-05:00,92.32,93.97,89.44,89.50,12759000
2022-03-07 19:00:00-05:00,89.33,89.69,86.31,86.45,9410600
2022-03-08 19:00:00-05:00,86.82,90.31,86.82,89.80,7100500
2022-03-09 19:00:00-05:00,89.48,90.97,89.02,89.79,5118400
2022-03-10 19:00:00-05:00,90.04,90.92,88.23,88.34,4354300
2022-03-13 20:00:00-04:00,88.57,89.02,86.97,88.45,5581700
2022-03-14 20:00:00-04:00,89.22,89.42,88.02,88.98,5417600
2022-03-15 20:00:00-04:00,88.45,89.00,85.74,87.32,8813000
2022-03-16 20:00:00-04:00,88.05,89.13,87.35,89.10,6537200
2022-03-17 20:00:00-04:00,89.33,89.58,87.80,88.89,10438500
2022-03-20 20:00:00-04:00,89.18,91.90,89.14,91.09,6673700
2022-03-21 20:00:00-04:00,90.97,92.63,90.16,92.41,6048300
2022-03-22 20:00:00-04:00,92.21,93.41,92.16,92.27,4471800
2022-03-23 20:00:00-04:00,92.66,93.15,92.18,92.71,3894600
2022-03-24 20:00:00-04:00,92.97,93.86,92.90,93.36,3521400
2022-03-27 20:00:00-04:00,92.67,93.12,91.99,92.60,4053300
2022-03-28 20:00:00-04:00,91.92,92.42,90.57,92.13,5038200
2022-03-29 20:00:00-04:00,92.63,93.32,90.93,91.91,5168100
2022-03-30 20:00:00-04:00,90.49,91.98,90.24,90.30,5505600
2022-03-31 20:00:00-04:00,90.93,91.56,90.22,91.30,3608600
2022-04-03 20:00:00-04:00,91.26,91.51,89.84,90.51,3812300
2022-04-04 20:00:00-04:00,90.67,91.61,89.88,90.06,4217100
2022-04-05 20:00:00-04:00,89.62,90.49,89.44,89.75,5260800
2022-04-06 20:00:00-04:00,89.55,92.31,89.23,92.04,6151500
2022-04-07 20:00:00-04:00,92.95,93.65,91.21,91.51,4811400
2022-04-10 20:00:00-04:00,91.73,93.84,91.73,93.07,5707600
2022-04-11 20:00:00-04:00,93.14,94.78,93.04,93.52,4839200
2022-04-12 20:00:00-04:00,94.17,95.20,93.56,94.22,5351900
2022-04-13 20:00:00-04:00,94.69,95.69,94.49,95.04,4027400
2022-04-17 20:00:00-04:00,95.03,96.13,94.71,95.07,3873300
2022-04-18 20:00:00-04:00,95.20,96.31,94.94,95.30,4572800
2022-04-19 20:00:00-04:00,96.33,96.64,95.05,95.68,4232200
2022-04-20 20:00:00-04:00,96.48,96.64,92.42,92.73,5795300
2022-04-21 20:00:00-04:00,92.47,93.48,91.49,91.60,4683300
2022-04-24 20:00:00-04:00,91.01,91.08,88.93,90.79,5612500
2022-04-25 20:00:00-04:00,88.32,92.01,88.21,90.41,7199200
2022-04-26 20:00:00-04:00,90.44,91.07,88.96,90.09,6632100
2022-04-27 20:00:00-04:00,90.24,90.47,88.32,89.40,6544200
2022-04-28 20:00:00-04:00,89.75,90.14,86.24,86.51,5883000
2022-05-01 20:00:00-04:00,86.14,86.89,84.22,85.88,7870600
2022-05-02 20:00:00-04:00,86.76,87.62,85.97,86.96,5612200
2022-05-03 20:00:00-04:00,86.58,89.34,86.55,89.11,6160800
2022-05-04 20:00:00-04:00,89.14,89.51,86.97,87.79,5906500
2022-05-05 20:00:00-04:00,87.24,87.55,85.42,86.86,5295000
2022-05-08 20:00:00-04:00,86.16,86.40,83.17,83.63,6071900
2022-05-09 20:00:00-04:00,84.26,85.55,83.27,83.57,7526300
2022-05-10 20:00:00-04:00,83.19,85.80,82.77,82.95,6493900
2022-05-11 20:00:00-04:00,82.81,84.29,81.98,83.38,6356200
2022-05-12 20:00:00-04:00,83.90,84.41,83.03,83.78,5465600
2022-05-15 20:00:00-04:00,83.72,85.26,83.68,84.29,5158500
2022-05-16 20:00:00-04:00,85.98,86.72,85.22,86.55,4447200
2022-05-17 20:00:00-04:00,85.98,86.77,84.11,84.41,5843100
2022-05-18 20:00:00-04:00,83.79,84.78,82.10,82.75,5234700
2022-05-19 20:00:00-04:00,83.29,83.60,81.08,82.60,6585500
2022-05-22 20:00:00-04:00,83.07,84.38,82.52,84.20,4701300
2022-05-23 20:00:00-04:00,83.62,85.66,82.95,85.47,5932000
2022-05-24 20:00:00-04:00,85.57,86.28,84.90,85.79,3742000
2022-05-25 20:00:00-04:00,86.67,87.90,86.29,87.11,5545800
2022-05-26 20:00:00-04:00,87.69,88.69,87.29,88.68,3394200
2022-05-30 20:00:00-04:00,87.44,88.00,86.77,87.22,6478700
2022-05-31 20:00:00-04:00,88.03,88.28,86.28,86.93,4245900
2022-06-01 20:00:00-04:00,87.81,88.31,86.25,88.25,3460300
2022-06-02 20:00:00-04:00,87.44,88.59,87.37,88.33,2837000
2022-06-05 20:00:00-04:00,88.93,89.39,88.38,89.14,3080300
2022-06-06 20:00:00-04:00,89.11,92.32,88.63,92.16,5634600
2022-06-07 20:00:00-04:00,91.45,92.00,90.74,90.99,6666600
2022-06-08 20:00:00-04:00,90.16,90.93,89.24,89.29,4566900
2022-06-09 20:00:00-04:00,87.86,88.66,86.60,87.56,5615900
2022-06-12 20:00:00-04:00,85.72,85.76,83.79,84.31,5419200
2022-06-13 20:00:00-04:00,84.75,85.01,83.19,83.73,3977900
2022-06-14 20:00:00-04:00,84.45,85.45,83.26,84.61,4139200
2022-06-15 20:00:00-04:00,83.49,83.61,81.62,82.08,4517700
2022-06-16 20:00:00-04:00,82.03,82.53,80.33,81.50,7577200
2022-06-20 20:00:00-04:00,83.30,85.60,82.62,85.20,5834200
2022-06-21 20:00:00-04:00,83.62,86.03,83.51,84.87,4481500
2022-06-22 20:00:00-04:00,84.82,85.57,83.23,84.14,3310500
2022-06-23 20:00:00-04:00,84.82,86.53,84.25,86.38,4782200
2022-06-26 20:00:00-04:00,86.60,87.15,86.05,86.93,2942600
2022-06-27 20:00:00-04:00,87.50,88.75,85.90,85.99,3358800
2022-06-28 20:00:00-04:00,86.39,86.47,84.63,85.55,2504100
2022-06-29 20:00:00-04:00,85.25,88.27,85.01,88.13,6319100
2022-06-30 20:00:00-04:00,88.07,89.24,87.42,88.96,4221000
2022-07-04 20:00:00-04:00,87.04,87.52,83.82,85.20,4938700
2022-07-05 20:00:00-04:00,85.27,86.85,84.58,86.12,4294700
2022-07-06 20:00:00-04:00,86.70,87.11,86.02,86.14,3212600
2022-07-07 20:00:00-04:00,86.46,87.77,86.14,87.22,2763200
2022-07-10 20:00:00-04:00,86.46,87.24,86.24,86.84,2501400
2022-07-11 20:00:00-04:00,86.34,87.34,86.02,86.65,4667400
2022-07-12 20:00:00-04:00,85.10,86.49,84.09,84.18,5653700
2022-07-13 20:00:00-04:00,82.56,83.17,81.65,82.60,5029700
2022-07-14 20:00:00-04:00,83.44,83.86,82.80,83.65,3965200
2022-07-17 20:00:00-04:00,84.58,84.65,82.05,82.34,5364300
2022-07-18 20:00:00-04:00,81.85,86.20,81.80,86.03,5027600
2022-07-19 20:00:00-04:00,85.82,87.24,85.39,86.95,3849200
2022-07-20 20:00:00-04:00,86.72,87.15,85.81,87.01,3124500
2022-07-21 20:00:00-04:00,87.25,87.76,86.16,86.38,3254200
2022-07-24 20:00:00-04:00,86.75,87.48,86.22,86.71,4769200
2022-07-25 20:00:00-04:00,84.83,85.61,82.70,82.74,8253200
2022-07-26 20:00:00-04:00,83.29,83.29,81.66,82.77,5558900
2022-07-27 20:00:00-04:00,82.75,84.97,82.75,84.72,4490900
2022-07-28 20:00:00-04:00,84.34,85.63,84.26,85.47,4848400
2022-07-31 20:00:00-04:00,85.82,87.07,85.36,85.49,5623100
2022-08-01 20:00:00-04:00,85.95,86.91,85.00,85.96,4066800
2022-08-02 20:00:00-04:00,85.96,87.04,84.73,86.68,4491100
2022-08-03 20:00:00-04:00,86.78,86.98,85.02,85.07,4443700
2022-08-04 20:00:00-04:00,84.50,85.37,84.21,85.30,3320200
2022-08-07 20:00:00-04:00,85.92,85.92,83.40,83.62,4607400
2022-08-08 20:00:00-04:00,83.91,84.63,83.50,84.30,3137500
2022-08-09 20:00:00-04:00,85.25,85.94,84.77,85.66,3351300
2022-08-10 20:00:00-04:00,85.95,86.60,85.33,85.41,3487900
2022-08-11 20:00:00-04:00,85.53,87.17,85.53,87.12,3652200
2022-08-14 20:00:00-04:00,86.50,88.16,86.15,88.14,3376600
2022-08-15 20:00:00-04:00,87.76,88.25,87.00,87.15,5851000
2022-08-16 20:00:00-04:00,86.29,87.70,86.02,87.10,3311100
2022-08-17 20:00:00-04:00,87.48,87.63,86.92,87.35,2694500
2022-08-18 20:00:00-04:00,86.92,87.63,85.90,86.14,5024700
2022-08-21 20:00:00-04:00,85.14,85.73,84.53,84.65,5769600
2022-08-22 20:00:00-04:00,84.78,85.45,84.63,85.25,2633900
2022-08-23 20:00:00-04:00,85.74,86.31,85.59,86.06,3065800
2022-08-24 20:00:00-04:00,86.54,88.74,86.47,88.66,4257700
2022-08-25 20:00:00-04:00,89.11,89.30,86.22,86.25,2805700
2022-08-28 20:00:00-04:00,85.46,85.76,84.19,84.96,3799000
2022-08-29 20:00:00-04:00,85.21,85.32,83.31,83.77,3463000
2022-08-30 20:00:00-04:00,83.92,84.15,82.74,82.77,4665700
2022-08-31 20:00:00-04:00,82.46,82.59,80.68,81.19,6151900
2022-09-01 20:00:00-04:00,82.05,82.78,80.51,80.78,4171600
2022-09-05 20:00:00-04:00,80.89,81.49,79.86,80.39,4557400
2022-09-06 20:00:00-04:00,79.61,80.89,78.72,80.65,5333100
2022-09-07 20:00:00-04:00,80.10,80.32,78.81,79.83,5758400
2022-09-08 20:00:00-04:00,80.33,81.49,79.77,81.20,4126800
2022-09-11 20:00:00-04:00,81.47,81.80,80.71,80.98,5437000
2022-09-12 20:00:00-04:00,79.45,80.18,76.86,77.21,5867700
2022-09-13 20:00:00-04:00,77.75,80.75,76.82,79.68,7737900
2022-09-14 20:00:00-04:00,79.36,80.19,78.51,78.96,5054600
2022-09-15 20:00:00-04:00,78.23,79.50,77.93,78.58,8211100
2022-09-18 20:00:00-04:00,77.89,78.71,77.51,78.35,5587000
2022-09-19 20:00:00-04:00,78.00,78.84,77.21,78.53,3861500
2022-09-20 20:00:00-04:00,80.39,81.15,77.73,77.77,7047100
2022-09-21 20:00:00-04:00,77.47,77.96,76.73,76.96,4950300
2022-09-22 20:00:00-04:00,76.43,76.58,74.48,75.65,6725900
2022-09-25 20:00:00-04:00,75.25,75.99,74.46,74.79,4843500
2022-09-26 20:00:00-04:00,75.23,75.67,74.03,74.70,6119300
2022-09-27 20:00:00-04:00,74.91,77.36,74.51,76.83,6066600
2022-09-28 20:00:00-04:00,76.24,76.51,75.09,75.94,6989900
2022-09-29 20:00:00-04:00,76.03,76.43,75.41,75.50,6403900
2022-10-02 20:00:00-04:00,76.47,77.54,75.64,76.65,4303400
2022-10-03 20:00:00-04:00,77.70,79.58,77.50,78.88,4432100
2022-10-04 20:00:00-04:00,77.99,79.30,77.58,78.59,3800400
2022-10-05 20:00:00-04:00,78.19,78.83,77.49,77.73,3192700
2022-10-06 20:00:00-04:00,77.25,77.55,76.28,77.48,4417500
2022-10-09 20:00:00-04:00,78.24,79.29,77.12,77.62,3645400
2022-10-10 20:00:00-04:00,77.23,78.89,76.83,78.02,4547700
2022-10-11 20:00:00-04:00,77.95,78.05,76.48,76.54,5489100
2022-10-12 20:00:00-04:00,75.12,78.52,74.69,78.27,5049000
2022-10-13 20:00:00-04:00,78.78,78.78,75.76,76.17,4614600
2022-10-16 20:00:00-04:00,77.66,78.80,77.31,77.90,4442000
2022-10-17 20:00:00-04:00,79.24,81.21,78.78,80.57,5779100
2022-10-18 20:00:00-04:00,80.38,82.04,80.10,80.82,4573700
2022-10-19 20:00:00-04:00,80.98,81.57,80.05,80.46,3663100
2022-10-20 20:00:00-04:00,80.48,81.99,79.75,81.66,5422900
2022-10-23 20:00:00-04:00,82.17,83.42,82.08,82.76,7727800
2022-10-24 20:00:00-04:00,81.61,82.08,79.18,81.49,7561000
2022-10-25 20:00:00-04:00,81.71,85.03,81.71,83.48,6668600
2022-10-26 20:00:00-04:00,83.87,86.12,83.84,84.66,6420800
2022-10-27 20:00:00-04:00,85.31,87.76,84.91,87.69,6360800
2022-10-30 20:00:00-04:00,87.37,87.72,86.56,87.45,4933000
2022-10-31 20:00:00-04:00,87.92,88.61,87.66,88.12,5217500
2022-11-01 20:00:00-04:00,87.75,89.14,86.72,86.83,5326000
2022-11-02 20:00:00-04:00,86.12,88.38,85.80,87.43,4141600
2022-11-03 20:00:00-04:00,87.96,88.45,86.12,87.82,4247800
2022-11-06 19:00:00-05:00,88.25,88.86,87.94,88.70,3295600
2022-11-07 19:00:00-05:00,88.75,89.13,87.67,88.79,3927500
2022-11-08 19:00:00-05:00,88.39,88.93,87.63,87.74,3478700
2022-11-09 19:00:00-05:00,89.37,90.40,88.26,90.24,4764100
2022-11-10 19:00:00-05:00,89.59,89.65,85.57,86.37,6937600
2022-11-13 19:00:00-05:00,86.37,87.19,85.70,85.73,4942400
2022-11-14 19:00:00-05:00,86.34,88.49,86.09,88.34,7506500
2022-11-15 19:00:00-05:00,88.14,88.78,86.92,87.02,4813000
2022-11-16 19:00:00-05:00,86.28,87.80,86.16,87.69,3256300
2022-11-17 19:00:00-05:00,88.78,89.68,88.32,88.46,4073300
2022-11-20 19:00:00-05:00,88.37,89.51,88.07,89.24,3271700
2022-11-21 19:00:00-05:00,90.04,90.53,89.53,89.85,3031500
2022-11-22 19:00:00-05:00,89.84,90.19,89.62,90.11,2172300
2022-11-24 19:00:00-05:00,90.31,90.73,90.15,90.42,1313200
2022-11-27 19:00:00-05:00,90.05,90.91,89.48,89.89,4662300
2022-11-28 19:00:00-05:00,89.80,90.83,89.62,90.38,2916100
2022-11-29 19:00:00-05:00,90.47,91.69,89.09,91.58,6191200
2022-11-30 19:00:00-05:00,91.95,92.73,91.35,92.30,4084200
2022-12-01 19:00:00-05:00,91.54,93.83,91.54,93.71,4339700
2022-12-04 19:00:00-05:00,92.53,93.96,92.30,93.40,4532000
2022-12-05 19:00:00-05:00,93.99,94.15,91.07,91.59,3809700
2022-12-06 19:00:00-05:00,91.74,92.42,91.35,91.88,3220500
2022-12-07 19:00:00-05:00,92.43,93.03,92.02,92.30,2780100
2022-12-08 19:00:00-05:00,92.06,93.08,91.13,91.16,3328400
2022-12-11 19:00:00-05:00,91.47,92.41,91.38,92.36,4578700
2022-12-12 19:00:00-05:00,94.22,94.59,92.45,92.67,7098700
2022-12-13 19:00:00-05:00,93.04,93.60,92.23,92.72,4939100
2022-12-14 19:00:00-05:00,92.54,92.57,90.26,91.37,4843000
2022-12-15 19:00:00-05:00,90.41,91.50,89.30,91.23,7610800
2022-12-18 19:00:00-05:00,91.38,92.03,90.10,90.49,4732700
2022-12-19 19:00:00-05:00,90.36,91.80,90.25,91.08,3907000
2022-12-20 19:00:00-05:00,91.86,92.63,91.56,92.55,3610000
2022-12-21 19:00:00-05:00,92.27,92.41,89.97,91.39,3165000
2022-12-22 19:00:00-05:00,91.39,92.22,90.94,92.12,2119300
2022-12-26 19:00:00-05:00,92.40,92.99,92.15,92.45,2600200
2022-12-27 19:00:00-05:00,92.54,93.08,91.94,91.97,2418700
2022-12-28 19:00:00-05:00,92.05,93.32,91.91,93.07,2940600
2022-12-29 19:00:00-05:00,93.03,93.71,92.56,93.62,2984100
2023-01-02 19:00:00-05:00,93.69,93.91,92.86,93.52,3532300
2023-01-03 19:00:00-05:00,93.24,94.72,93.15,93.55,5635100
2023-01-04 19:00:00-05:00,93.02,94.12,92.45,93.58,4967200
2023-01-05 19:00:00-05:00,94.53,96.43,93.97,95.05,6411700
2023-01-08 19:00:00-05:00,95.30,95.35,91.64,92.40,6377300
2023-01-09 19:00:00-05:00,92.23,93.77,91.86,92.69,4701900
2023-01-10 19:00:00-05:00,92.88,93.07,91.78,92.39,4518700
2023-01-11 19:00:00-05:00,92.63,93.45,92.33,93.40,4221400
2023-01-12 19:00:00-05:00,90.67,91.89,90.46,91.54,4968000
2023-01-16 19:00:00-05:00,92.07,92.44,91.25,91.31,3959000
2023-01-17 19:00:00-05:00,91.53,91.53,88.75,88.82,5321800
2023-01-18 19:00:00-05:00,88.34,88.62,87.35,87.42,4641500
2023-01-19 19:00:00-05:00,87.34,87.61,86.59,87.54,8216200
2023-01-22 19:00:00-05:00,87.94,89.92,87.68,89.29,5686600
2023-01-23 19:00:00-05:00,91.72,92.60,87.22,92.28,8308000
2023-01-24 19:00:00-05:00,92.12,92.78,90.52,92.78,5967300
2023-01-25 19:00:00-05:00,93.40,93.63,91.96,93.00,4302900
2023-01-26 19:00:00-05:00,92.63,93.27,92.15,92.40,3365800
2023-01-29 19:00:00-05:00,92.30,92.58,90.78,91.57,4607300
2023-01-30 19:00:00-05:00,91.65,92.75,91.13,92.63,4099500
2023-01-31 19:00:00-05:00,92.70,92.76,90.54,91.30,5155100
2023-02-01 19:00:00-05:00,91.18,91.30,89.60,89.95,6035700
2023-02-02 19:00:00-05:00,89.76,90.72,89.42,89.50,3844300
2023-02-05 19:00:00-05:00,89.75,90.90,89.71,90.58,5243000
2023-02-06 19:00:00-05:00,90.13,91.10,88.87,90.79,3814500
2023-02-07 19:00:00-05:00,90.30,91.14,90.22,90.59,3789500
2023-02-08 19:00:00-05:00,90.96,91.39,90.25,90.77,3670900
2023-02-09 19:00:00-05:00,91.13,93.42,91.10,93.33,5291000
2023-02-12 19:00:00-05:00,93.81,94.09,92.87,93.29,5238600
2023-02-13 19:00:00-05:00,93.01,94.68,93.00,94.04,3699700
2023-02-14 19:00:00-05:00,93.70,94.19,93.42,94.12,2551000
2023-02-15 19:00:00-05:00,93.15,94.12,92.70,93.67,3524300
2023-02-16 19:00:00-05:00,93.56,94.25,93.06,94.17,6507500
2023-02-20 19:00:00-05:00,94.81,95.23,93.12,93.37,3853000
2023-02-21 19:00:00-05:00,93.45,93.81,92.61,93.24,4489800
2023-02-22 19:00:00-05:00,93.76,93.88,92.16,92.94,3227800
2023-02-23 19:00:00-05:00,92.63,92.93,91.78,92.92,3915000
2023-02-26 19:00:00-05:00,93.26,93.31,92.36,92.50,2986700
2023-02-27 19:00:00-05:00,92.60,92.78,91.25,91.50,4470000
2023-02-28 19:00:00-05:00,91.45,91.94,90.95,91.45,3739900
2023-03-01 19:00:00-05:00,90.95,92.65,90.95,92.35,4134400
2023-03-02 19:00:00-05:00,92.51,92.64,91.66,92.36,5072800
2023-03-05 19:00:00-05:00,92.36,93.36,92.20,92.82,5064700
2023-03-06 19:00:00-05:00,93.01,93.21,91.57,91.58,5139300
2023-03-07 19:00:00-05:00,91.41,91.98,90.16,90.85,4299000
2023-03-08 19:00:00-05:00,91.39,91.39,89.10,89.48,4912700
2023-03-09 19:00:00-05:00,89.22,90.53,88.81,89.55,6340100
2023-03-12 20:00:00-04:00,88.51,91.64,88.36,90.91,7757700
2023-03-13 20:00:00-04:00,91.66,92.48,90.87,91.71,6407400
2023-03-14 20:00:00-04:00,90.44,90.72,88.37,89.39,5755300
2023-03-15 20:00:00-04:00,88.94,92.01,88.61,91.49,4635500
2023-03-16 20:00:00-04:00,91.19,91.20,89.07,89.31,8157800
2023-03-19 20:00:00-04:00,89.93,91.24,89.84,90.97,3972700
2023-03-20 20:00:00-04:00,92.32,92.63,91.39,91.42,5135500
2023-03-21 20:00:00-04:00,91.66,91.94,90.19,90.20,4042000
2023-03-22 20:00:00-04:00,90.76,90.90,89.22,89.55,4352100
2023-03-23 20:00:00-04:00,89.00,90.18,88.56,89.96,4711900
2023-03-26 20:00:00-04:00,90.86,90.86,89.91,90.40,3591700
2023-03-27 20:00:00-04:00,90.28,90.59,90.12,90.29,2324600
2023-03-28 20:00:00-04:00,90.67,91.21,90.67,91.13,3187400
2023-03-29 20:00:00-04:00,91.13,91.27,90.66,90.83,5296700
2023-03-30 20:00:00-04:00,91.39,91.46,90.94,91.35,4652700
2023-04-02 20:00:00-04:00,91.66,94.06,91.51,93.82,4312500
2023-04-03 20:00:00-04:00,93.82,94.64,92.43,92.82,3239800
2023-04-04 20:00:00-04:00,92.57,92.90,92.07,92.12,3841700
2023-04-05 20:00:00-04:00,92.13,92.83,91.47,91.61,3430400
2023-04-09 20:00:00-04:00,91.38,93.06,91.09,92.92,3947600
2023-04-10 20:00:00-04:00,93.02,93.78,92.73,93.02,3408600
2023-04-11 20:00:00-04:00,94.21,95.47,94.05,94.70,4710100
2023-04-12 20:00:00-04:00,94.35,95.01,93.74,94.85,3932500
2023-04-13 20:00:00-04:00,94.39,94.87,94.18,94.85,3017700
2023-04-16 20:00:00-04:00,95.06,96.35,94.96,96.18,4007400
2023-04-17 20:00:00-04:00,96.43,97.67,96.27,97.63,4949200
2023-04-18 20:00:00-04:00,97.60,97.86,96.88,97.09,5004500
2023-04-19 20:00:00-04:00,96.18,96.38,95.43,95.93,3937600
2023-04-20 20:00:00-04:00,96.09,96.30,95.02,95.38,3315300
2023-04-23 20:00:00-04:00,95.49,95.73,94.79,95.57,3962100
2023-04-24 20:00:00-04:00,94.85,95.72,93.30,94.30,4638900
2023-04-25 20:00:00-04:00,93.72,94.02,90.65,91.11,5219300
2023-04-26 20:00:00-04:00,91.11,93.00,90.90,92.71,4010600
2023-04-27 20:00:00-04:00,92.41,93.19,92.15,93.19,2875900
2023-04-30 20:00:00-04:00,93.21,94.57,93.13,93.59,3481400
2023-05-01 20:00:00-04:00,93.43,93.43,91.66,92.22,3377500
2023-05-02 20:00:00-04:00,92.17,92.50,90.52,90.63,3610800
2023-05-03 20:00:00-04:00,90.48,90.73,88.48,89.47,4414800
2023-05-04 20:00:00-04:00,89.86,90.28,89.28,90.09,3260400
2023-05-07 20:00:00-04:00,90.19,90.89,89.03,89.12,4243600
2023-05-08 20:00:00-04:00,89.20,90.27,88.91,89.80,2928400
2023-05-09 20:00:00-04:00,90.31,90.48,89.00,89.83,3329300
2023-05-10 20:00:00-04:00,89.23,89.72,88.54,89.12,3327100
2023-05-11 20:00:00-04:00,89.52,90.07,89.24,89.54,2756000
2023-05-14 20:00:00-04:00,89.52,90.23,89.41,90.20,2556100
2023-05-15 20:00:00-04:00,90.06,90.06,89.01,89.04,2534100
2023-05-16 20:00:00-04:00,89.32,90.82,89.32,90.08,4626800
2023-05-17 20:00:00-04:00,89.90,90.47,89.23,90.22,4277600
2023-05-18 20:00:00-04:00,90.65,90.85,89.63,90.22,3528700
2023-05-21 20:00:00-04:00,90.00,90.36,89.20,89.78,3976100
2023-05-22 20:00:00-04:00,89.00,89.41,88.29,88.30,4388700
2023-05-23 20:00:00-04:00,88.01,88.77,87.42,87.90,3670500
2023-05-24 20:00:00-04:00,87.76,87.96,86.40,87.39,5340500
2023-05-25 20:00:00-04:00,87.96,88.82,87.39,87.53,4056700
2023-05-29 20:00:00-04:00,87.29,87.81,86.63,87.11,4559300
2023-05-30 20:00:00-04:00,86.69,87.16,86.30,86.48,9972500
2023-05-31 20:00:00-04:00,86.61,88.35,86.58,88.31,5636400
2023-06-01 20:00:00-04:00,89.12,90.49,88.78,90.17,5559200
2023-06-04 20:00:00-04:00,90.67,90.95,89.77,89.86,3811400
2023-06-05 20:00:00-04:00,90.23,91.68,89.50,91.45,4947600
2023-06-06 20:00:00-04:00,91.54,92.72,90.69,92.53,4275400
2023-06-07 20:00:00-04:00,92.38,93.41,92.15,92.99,3269300
2023-06-08 20:00:00-04:00,93.32,93.38,92.77,93.23,2518100
2023-06-11 20:00:00-04:00,93.28,93.65,92.96,93.31,3527500
2023-06-12 20:00:00-04:00,93.85,94.49,93.40,93.56,4053500
2023-06-13 20:00:00-04:00,93.58,93.68,90.61,90.91,6363800
2023-06-14 20:00:00-04:00,91.21,92.32,91.07,91.97,4530100
2023-06-15 20:00:00-04:00,92.16,92.92,90.86,91.73,9037900
2023-06-19 20:00:00-04:00,92.35,92.88,91.54,91.69,6935100
2023-06-20 20:00:00-04:00,91.69,93.81,91.40,92.98,4776500
2023-06-21 20:00:00-04:00,92.54,92.57,90.66,90.96,4531500
2023-06-22 20:00:00-04:00,90.75,91.31,90.42,90.95,6213400
2023-06-25 20:00:00-04:00,90.08,90.67,88.92,90.61,3993600
2023-06-26 20:00:00-04:00,90.43,90.80,89.96,90.60,4048200
2023-06-27 20:00:00-04:00,90.46,90.47,89.27,89.98,4014900
2023-06-28 20:00:00-04:00,90.10,91.87,89.96,91.79,4071400
2023-06-29 20:00:00-04:00,92.07,92.34,91.30,91.94,4402000
2023-07-02 20:00:00-04:00,91.50,92.76,91.34,92.34,2149900
2023-07-04 20:00:00-04:00,91.99,92.41,91.45,92.20,3247400
2023-07-05 20:00:00-04:00,91.88,92.67,91.36,92.02,3679600
2023-07-06 20:00:00-04:00,92.05,92.42,91.38,91.43,4569600
2023-07-09 20:00:00-04:00,91.42,92.28,91.29,91.49,3300300
2023-07-10 20:00:00-04:00,91.13,92.06,90.60,92.00,6209900
2023-07-11 20:00:00-04:00,92.58,92.73,90.77,90.87,4943300
2023-07-12 20:00:00-04:00,90.65,91.47,90.37,91.20,3357600
2023-07-13 20:00:00-04:00,91.12,91.18,89.84,90.26,3454600
2023-07-16 20:00:00-04:00,90.18,90.92,89.72,90.40,3268800
2023-07-17 20:00:00-04:00,90.49,91.67,89.62,89.87,5464600
2023-07-18 20:00:00-04:00,89.95,90.54,89.41,89.69,4133300
2023-07-19 20:00:00-04:00,90.29,91.30,90.07,91.19,4314600
2023-07-20 20:00:00-04:00,91.22,91.45,90.45,90.46,3274900
2023-07-23 20:00:00-04:00,90.94,91.21,90.58,91.05,4741800
2023-07-24 20:00:00-04:00,80.58,81.89,76.35,81.75,49625600
2023-07-25 20:00:00-04:00,81.48,81.84,79.64,80.99,20124000
2023-07-26 20:00:00-04:00,80.52,81.86,79.24,79.93,14092700
2023-07-27 20:00:00-04:00,80.24,82.17,80.15,81.97,11617700
2023-07-30 20:00:00-04:00,82.07,83.24,81.86,82.52,10177400
2023-07-31 20:00:00-04:00,81.79,82.79,81.72,82.56,6780400
2023-08-01 20:00:00-04:00,82.12,82.51,80.03,80.21,8610900
2023-08-02 20:00:00-04:00,80.27,80.49,79.17,79.46,7947300
2023-08-03 20:00:00-04:00,79.82,79.96,79.15,79.35,5573300
2023-08-06 20:00:00-04:00,79.54,80.50,79.50,80.22,6740900
2023-08-07 20:00:00-04:00,79.78,81.12,79.46,80.91,7220000
2023-08-08 20:00:00-04:00,80.79,82.51,80.68,82.37,8802600
2023-08-09 20:00:00-04:00,81.95,82.66,80.81,80.92,5359700
2023-08-10 20:00:00-04:00,80.64,81.53,80.62,81.50,3778800
2023-08-13 20:00:00-04:00,81.50,81.75,80.93,81.13,3521800
2023-08-14 20:00:00-04:00,80.83,80.93,80.33,80.39,4174900
2023-08-15 20:00:00-04:00,80.28,80.52,79.86,79.91,4207700
2023-08-16 20:00:00-04:00,80.29,81.01,79.89,80.47,5090700
2023-08-17 20:00:00-04:00,79.99,81.49,79.97,81.09,8150400
2023-08-20 20:00:00-04:00,80.92,81.29,80.54,80.82,4494800
2023-08-21 20:00:00-04:00,81.11,81.11,80.39,80.64,3924500
2023-08-22 20:00:00-04:00,80.85,81.42,80.61,81.31,4462000
2023-08-23 20:00:00-04:00,80.80,81.43,80.47,80.47,3905800
2023-08-24 20:00:00-04:00,80.81,81.02,80.00,80.04,4737600
2023-08-27 20:00:00-04:00,80.18,81.32,80.15,81.03,4834600
2023-08-28 20:00:00-04:00,81.05,81.41,80.59,80.66,5130900
2023-08-29 20:00:00-04:00,80.94,81.97,80.85,81.68,4469800
2023-08-30 20:00:00-04:00,81.94,82.24,81.30,81.31,4914500
2023-08-31 20:00:00-04:00,81.85,81.93,81.17,81.54,2583000
2023-09-04 20:00:00-04:00,81.51,81.56,80.35,80.38,4973800
2023-09-05 20:00:00-04:00,80.21,80.30,78.68,78.92,7528800
2023-09-06 20:00:00-04:00,79.21,79.77,79.10,79.70,6376700
2023-09-07 20:00:00-04:00,79.70,79.76,78.38,78.89,5984000
2023-09-10 20:00:00-04:00,75.79,76.08,71.82,72.68,24520700
2023-09-11 20:00:00-04:00,70.60,71.55,69.61,71.41,17931800
2023-09-12 20:00:00-04:00,71.41,72.45,71.31,71.41,11613000
2023-09-13 20:00:00-04:00,69.63,71.48,69.58,71.35,15600400
2023-09-14 20:00:00-04:00,70.97,72.20,70.96,71.64,16049800
2023-09-17 20:00:00-04:00,71.74,72.31,70.99,71.05,9847200
2023-09-18 20:00:00-04:00,70.86,71.29,70.33,70.96,11389300
2023-09-19 20:00:00-04:00,71.78,71.98,70.29,70.34,10817900
2023-09-20 20:00:00-04:00,70.20,70.36,68.46,68.65,12456600
2023-09-21 20:00:00-04:00,68.62,68.70,67.51,67.65,9673000
2023-09-24 20:00:00-04:00,67.38,68.14,67.12,68.09,10430100
2023-09-25 20:00:00-04:00,67.51,68.44,67.40,68.29,10323600
2023-09-26 20:00:00-04:00,68.75,69.30,68.47,68.88,9391800
2023-09-27 20:00:00-04:00,68.25,69.07,68.00,68.04,8490600
2023-09-28 20:00:00-04:00,68.33,68.54,67.63,68.02,6366300
2023-10-01 20:00:00-04:00,67.80,67.99,67.01,67.42,6791300
2023-10-02 20:00:00-04:00,67.49,68.28,66.57,66.70,8175800
2023-10-03 20:00:00-04:00,66.28,66.35,65.42,66.27,10264000
2023-10-04 20:00:00-04:00,66.21,66.50,65.46,65.57,7402600
2023-10-05 20:00:00-04:00,65.30,66.52,64.79,65.94,8540300
2023-10-08 20:00:00-04:00,68.75,69.23,67.87,68.98,13726200
2023-10-09 20:00:00-04:00,69.42,69.61,68.66,69.32,10633900
2023-10-10 20:00:00-04:00,69.30,69.30,68.63,69.28,7349800
2023-10-11 20:00:00-04:00,69.38,69.51,68.32,69.27,6921300
2023-10-12 20:00:00-04:00,69.87,70.31,69.08,69.23,8661900
2023-10-15 20:00:00-04:00,69.59,70.03,68.60,69.92,6299700
2023-10-16 20:00:00-04:00,69.70,70.80,69.32,69.83,8035100
2023-10-17 20:00:00-04:00,69.94,70.79,69.86,70.16,7791000
2023-10-18 20:00:00-04:00,69.92,70.74,69.79,69.83,7421400
2023-10-19 20:00:00-04:00,70.02,70.08,68.50,68.56,7995600
2023-10-22 20:00:00-04:00,68.59,69.94,68.54,69.11,8357200
2023-10-23 20:00:00-04:00,74.42,74.47,72.73,74.07,25548200
2023-10-24 20:00:00-04:00,74.99,74.99,73.50,74.10,22157600
2023-10-25 20:00:00-04:00,73.72,75.44,73.63,74.80,33222400
2023-10-26 20:00:00-04:00,74.22,75.39,74.11,74.81,21946800
2023-10-29 20:00:00-04:00,74.73,75.42,73.50,74.25,23380600
2023-10-30 20:00:00-04:00,74.52,77.07,74.41,76.92,18663800
2023-10-31 20:00:00-04:00,77.50,78.25,76.86,77.64,20200200
2023-11-01 20:00:00-04:00,77.83,78.63,77.71,78.23,15755700
2023-11-02 20:00:00-04:00,78.60,79.25,78.13,78.18,21269500
2023-11-05 19:00:00-05:00,78.16,78.39,77.55,77.87,5950700
2023-11-06 19:00:00-05:00,77.87,78.15,77.62,78.13,6352900
2023-11-07 19:00:00-05:00,78.30,78.71,77.98,78.63,9844700
2023-11-08 19:00:00-05:00,79.06,79.24,77.63,77.90,9638100
2023-11-09 19:00:00-05:00,78.21,78.31,77.29,77.70,10351200
2023-11-12 19:00:00-05:00,77.74,78.26,77.12,77.52,7740300
2023-11-13 19:00:00-05:00,77.67,77.73,76.18,76.26,13128900
2023-11-14 19:00:00-05:00,76.09,76.79,75.40,76.20,10757800
2023-11-15 19:00:00-05:00,76.61,76.95,76.10,76.38,7578700
2023-11-16 19:00:00-05:00,76.77,76.81,75.61,75.86,7343900
2023-11-19 19:00:00-05:00,75.74,75.99,75.20,75.37,8359300
2023-11-20 19:00:00-05:00,75.14,75.31,74.36,74.40,7125000
2023-11-21 19:00:00-05:00,74.27,76.04,74.26,75.99,7024900
2023-11-23 19:00:00-05:00,75.99,76.25,75.62,76.14,2346300
2023-11-26 19:00:00-05:00,75.93,76.15,75.33,75.66,9378400
2023-11-27 19:00:00-05:00,76.15,76.91,75.75,76.34,7094800
2023-11-28 19:00:00-05:00,76.37,77.43,76.28,77.07,6852100
2023-11-29 19:00:00-05:00,77.25,77.99,77.16,77.57,8366100
2023-11-30 19:00:00-05:00,77.57,78.46,77.47,78.37,5487400
2023-12-03 19:00:00-05:00,78.13,79.20,78.01,79.14,5525300
2023-12-04 19:00:00-05:00,78.95,79.35,78.70,78.72,5945700
2023-12-05 19:00:00-05:00,78.66,79.43,78.38,78.74,6125800
2023-12-06 19:00:00-05:00,79.02,79.16,77.52,77.59,5443900
2023-12-07 19:00:00-05:00,77.77,78.16,77.27,77.42,5535000
2023-12-10 19:00:00-05:00,77.43,78.34,77.43,77.96,5897300
2023-12-11 19:00:00-05:00,77.31,77.67,77.03,77.15,6811200
2023-12-12 19:00:00-05:00,77.30,79.40,76.66,79.23,8057900
2023-12-13 19:00:00-05:00,79.85,80.06,77.51,77.93,11124700
2023-12-14 19:00:00-05:00,77.82,78.06,75.85,76.43,19196600
2023-12-17 19:00:00-05:00,76.51,77.58,76.51,76.82,7701100
2023-12-18 19:00:00-05:00,77.04,78.70,77.04,78.66,9912600
2023-12-19 19:00:00-05:00,78.26,78.92,77.65,77.72,6961800
2023-12-20 19:00:00-05:00,78.10,79.01,77.47,78.08,7732800
2023-12-21 19:00:00-05:00,78.15,79.84,78.10,79.24,9769500
2023-12-25 19:00:00-05:00,79.16,80.26,79.10,80.02,4442600
2023-12-26 19:00:00-05:00,79.88,80.42,79.69,80.13,5440600
2023-12-27 19:00:00-05:00,80.13,80.55,80.06,80.13,4622700
2023-12-28 19:00:00-05:00,80.17,80.36,79.76,80.10,4624800
2024-01-01 19:00:00-05:00,80.02,81.89,79.93,81.13,10455600
2024-01-02 19:00:00-05:00,81.38,82.73,81.26,81.50,9957500
2024-01-03 19:00:00-05:00,81.87,82.44,81.25,81.31,6656500
2024-01-04 19:00:00-05:00,81.65,81.65,80.79,81.28,6796100
2024-01-07 19:00:00-05:00,80.84,82.05,80.66,81.72,7625700
2024-01-08 19:00:00-05:00,81.65,81.86,80.89,81.68,5400500
2024-01-09 19:00:00-05:00,81.68,82.31,81.55,81.95,5706500
2024-01-10 19:00:00-05:00,81.79,81.88,80.67,81.23,5860100
2024-01-11 19:00:00-05:00,82.41,82.57,81.87,82.19,5277300
2024-01-15 19:00:00-05:00,81.98,82.14,80.96,81.40,9568200
2024-01-16 19:00:00-05:00,81.33,82.65,80.85,80.97,7669600
2024-01-17 19:00:00-05:00,80.97,81.72,80.73,81.37,6594800
2024-01-18 19:00:00-05:00,81.48,81.68,80.38,81.43,7509600
2024-01-21 19:00:00-05:00,81.69,82.05,80.93,80.94,14052800
2024-01-22 19:00:00-05:00,84.00,87.95,83.74,85.25,19434800
2024-01-23 19:00:00-05:00,85.33,85.73,84.45,85.20,12872300
2024-01-24 19:00:00-05:00,85.92,86.74,85.28,86.58,10584600
2024-01-25 19:00:00-05:00,86.34,86.84,85.82,86.07,5987400
2024-01-28 19:00:00-05:00,86.10,86.33,85.40,85.76,8488700
2024-01-29 19:00:00-05:00,85.84,86.72,85.74,86.25,9073500
2024-01-30 19:00:00-05:00,86.50,87.45,86.34,86.75,5560700
2024-01-31 19:00:00-05:00,87.30,87.76,86.41,87.75,13827100
2024-02-01 19:00:00-05:00,87.82,88.25,87.06,87.57,6067800
2024-02-04 19:00:00-05:00,86.88,88.21,86.53,87.82,6764600
2024-02-05 19:00:00-05:00,87.06,88.23,86.82,87.85,4718000
2024-02-06 19:00:00-05:00,88.14,88.36,87.42,87.52,4625200
2024-02-07 19:00:00-05:00,87.44,87.96,86.57,86.67,6197500
2024-02-08 19:00:00-05:00,86.76,87.22,86.00,86.17,5948100
2024-02-11 19:00:00-05:00,86.17,87.50,85.90,86.77,5483500
2024-02-12 19:00:00-05:00,86.83,87.32,85.55,86.24,6039600
2024-02-13 19:00:00-05:00,86.60,87.21,86.50,87.01,6677900
2024-02-14 19:00:00-05:00,87.03,87.83,86.92,87.39,5267200
2024-02-15 19:00:00-05:00,86.97,87.67,86.59,86.64,4949800
2024-02-19 19:00:00-05:00,87.11,87.86,86.24,86.62,6023700
2024-02-20 19:00:00-05:00,86.61,87.06,85.69,85.88,13186100
2024-02-21 19:00:00-05:00,85.98,86.08,85.19,85.80,7600000
2024-02-22 19:00:00-05:00,85.77,86.72,85.57,86.26,5810000
2024-02-25 19:00:00-05:00,86.30,87.06,86.18,86.27,5293500
2024-02-26 19:00:00-05:00,86.28,86.71,85.72,86.65,4853900
2024-02-27 19:00:00-05:00,86.64,87.45,85.81,86.17,5626100
2024-02-28 19:00:00-05:00,86.64,86.78,85.53,85.93,5874800
2024-02-29 19:00:00-05:00,85.98,86.29,85.24,86.06,13566500
2024-03-03 19:00:00-05:00,86.33,86.38,85.42,86.16,6926100
2024-03-04 19:00:00-05:00,85.97,87.07,85.86,86.30,6747600
2024-03-05 19:00:00-05:00,86.11,86.97,86.00,86.50,5563800
2024-03-06 19:00:00-05:00,86.76,87.44,86.28,86.77,6778500
2024-03-07 19:00:00-05:00,86.52,87.12,86.38,87.09,5727600
2024-03-10 20:00:00-04:00,86.43,88.00,86.43,87.59,7273200
2024-03-11 20:00:00-04:00,87.08,87.26,85.71,86.20,9439800
2024-03-12 20:00:00-04:00,86.31,86.94,86.07,86.78,8664500
2024-03-13 20:00:00-04:00,88.22,89.12,87.67,87.93,12161400
2024-03-14 20:00:00-04:00,87.25,89.19,87.25,89.06,35743600
2024-03-17 20:00:00-04:00,88.97,90.00,88.50,89.56,7075400
2024-03-18 20:00:00-04:00,90.51,91.41,90.11,90.90,7998800
2024-03-19 20:00:00-04:00,91.04,91.54,90.41,90.90,7854200
2024-03-20 20:00:00-04:00,91.04,91.51,90.16,90.33,6477500
2024-03-21 20:00:00-04:00,90.26,91.83,90.26,91.56,6802000
2024-03-24 20:00:00-04:00,91.72,92.23,91.30,91.64,5229300
2024-03-25 20:00:00-04:00,91.64,92.52,91.59,92.05,5474300
2024-03-26 20:00:00-04:00,92.41,93.43,92.31,93.39,7267800
2024-03-27 20:00:00-04:00,93.62,93.99,93.41,93.46,10701000
2024-03-31 20:00:00-04:00,93.40,94.08,93.09,93.68,9504500
2024-04-01 20:00:00-04:00,93.68,94.58,93.51,94.44,6759600
2024-04-02 20:00:00-04:00,93.21,93.97,92.98,93.48,15885400
2024-04-03 20:00:00-04:00,94.18,95.20,93.82,95.17,13373200
2024-04-04 20:00:00-04:00,95.30,97.51,95.30,97.45,10216500
2024-04-07 20:00:00-04:00,97.45,98.00,97.05,97.63,9901300
2024-04-08 20:00:00-04:00,96.86,97.40,96.11,97.36,9652900
2024-04-09 20:00:00-04:00,96.71,97.52,96.05,97.13,5532900
2024-04-10 20:00:00-04:00,97.12,97.33,95.63,96.58,6786100
2024-04-11 20:00:00-04:00,97.48,98.08,95.32,95.93,7327300
2024-04-14 20:00:00-04:00,97.33,97.57,95.73,95.85,9636600
2024-04-15 20:00:00-04:00,96.07,97.10,96.05,96.64,7088600
2024-04-16 20:00:00-04:00,97.04,97.55,95.97,96.55,5377600
2024-04-17 20:00:00-04:00,96.33,97.65,96.32,96.51,4238600
2024-04-18 20:00:00-04:00,97.30,98.00,96.82,97.33,10328800
2024-04-21 20:00:00-04:00,97.75,97.99,97.14,97.33,7594100
2024-04-22 20:00:00-04:00,96.79,99.56,95.72,97.15,8568200
2024-04-23 20:00:00-04:00,97.48,97.64,95.84,96.81,7722100
2024-04-24 20:00:00-04:00,96.69,97.63,96.40,97.47,6186100
2024-04-25 20:00:00-04:00,97.31,97.56,96.11,97.18,4428300
2024-04-28 20:00:00-04:00,97.60,98.33,97.41,98.17,4469700
2024-04-29 20:00:00-04:00,98.07,98.53,97.24,97.29,5421800
2024-04-30 20:00:00-04:00,97.10,97.78,96.92,97.00,9982500
2024-05-01 20:00:00-04:00,96.98,97.66,96.81,97.64,6084400
2024-05-02 20:00:00-04:00,97.75,97.91,96.47,97.17,13324700
2024-05-05 20:00:00-04:00,97.55,97.79,97.38,97.66,3408700
2024-05-06 20:00:00-04:00,98.01,98.95,97.86,98.93,6933000
2024-05-07 20:00:00-04:00,98.94,99.75,98.52,99.61,5177600
2024-05-08 20:00:00-04:00,99.77,101.35,99.74,101.33,7211300
2024-05-09 20:00:00-04:00,101.58,102.09,101.14,101.89,5626100
2024-05-12 20:00:00-04:00,102.00,103.32,101.27,101.39,6045500
2024-05-13 20:00:00-04:00,101.39,101.86,101.24,101.29,3726200
2024-05-14 20:00:00-04:00,101.09,101.56,100.76,100.96,5688300
2024-05-15 20:00:00-04:00,100.75,101.57,100.41,100.49,8723800
2024-05-16 20:00:00-04:00,100.93,101.02,99.98,100.44,8500900
2024-05-19 20:00:00-04:00,100.66,101.63,100.60,101.25,4412800
2024-05-20 20:00:00-04:00,101.42,102.12,101.32,101.64,4754800
2024-05-21 20:00:00-04:00,101.83,102.63,101.62,102.49,3626300
2024-05-22 20:00:00-04:00,102.62,103.46,101.55,101.62,5787100
2024-05-23 20:00:00-04:00,102.03,102.74,102.03,102.45,3431300
2024-05-27 20:00:00-04:00,102.22,102.53,101.50,101.73,5137200
2024-05-28 20:00:00-04:00,101.25,101.44,100.75,100.81,4796800
2024-05-29 20:00:00-04:00,101.13,102.05,100.82,101.92,4391300
2024-05-30 20:00:00-04:00,102.02,104.00,101.67,103.94,10411800
2024-06-02 20:00:00-04:00,103.39,104.75,102.98,103.51,5908800
2024-06-03 20:00:00-04:00,103.55,104.50,103.08,104.02,7998000
2024-06-04 20:00:00-04:00,104.13,104.62,103.62,104.54,3141000
2024-06-05 20:00:00-04:00,104.49,104.57,103.88,104.29,3875000
2024-06-06 20:00:00-04:00,104.22,104.66,104.00,104.23,3526500
2024-06-09 20:00:00-04:00,104.12,104.22,102.84,103.24,5917400
2024-06-10 20:00:00-04:00,102.57,103.30,102.33,103.08,5769500
2024-06-11 20:00:00-04:00,103.16,103.85,102.75,102.93,3429800
2024-06-12 20:00:00-04:00,102.74,103.02,100.11,101.26,7112900
2024-06-13 20:00:00-04:00,100.83,101.22,99.72,100.48,4917200
2024-06-16 20:00:00-04:00,100.26,100.74,99.75,100.72,3943500
2024-06-17 20:00:00-04:00,100.81,101.53,100.63,101.01,3991300
2024-06-19 20:00:00-04:00,100.87,101.93,100.79,101.29,6996400
2024-06-20 20:00:00-04:00,101.41,102.37,100.92,101.82,13310900
2024-06-23 20:00:00-04:00,101.94,103.62,97.31,98.30,13704800
2024-06-24 20:00:00-04:00,97.75,99.01,96.44,97.92,9330900
2024-06-25 20:00:00-04:00,97.30,97.75,96.55,97.62,6953800
2024-06-26 20:00:00-04:00,97.82,98.12,96.82,97.00,6955400
2024-06-27 20:00:00-04:00,97.27,97.27,96.46,96.78,13853200
2024-06-30 20:00:00-04:00,97.26,98.03,95.74,95.97,4475200
2024-07-01 20:00:00-04:00,95.72,97.01,95.51,96.80,8299900
2024-07-02 20:00:00-04:00,97.27,97.41,96.77,97.12,2149200
2024-07-04 20:00:00-04:00,96.88,96.96,95.98,96.76,6153300
2024-07-07 20:00:00-04:00,97.03,97.57,96.39,96.50,8738100
2024-07-08 20:00:00-04:00,96.64,98.03,96.43,97.48,5648900
2024-07-09 20:00:00-04:00,97.27,97.54,95.85,97.06,6483600
2024-07-10 20:00:00-04:00,96.91,98.96,96.62,98.06,7592400
2024-07-11 20:00:00-04:00,98.33,99.15,97.39,97.64,6003000
2024-07-14 20:00:00-04:00,98.61,98.96,97.87,97.97,3776300
2024-07-15 20:00:00-04:00,98.21,99.96,98.09,99.95,4341200
2024-07-16 20:00:00-04:00,100.09,101.50,100.09,101.22,5433000
2024-07-17 20:00:00-04:00,101.23,101.67,100.05,100.11,4450100
2024-07-18 20:00:00-04:00,100.75,100.75,98.95,99.12,7229600
2024-07-21 20:00:00-04:00,98.99,100.09,98.93,100.04,6207900
2024-07-22 20:00:00-04:00,100.04,101.79,99.90,101.20,7602000
2024-07-23 20:00:00-04:00,101.28,102.06,100.28,101.06,7180200
2024-07-24 20:00:00-04:00,106.27,111.66,105.52,109.39,14997000
2024-07-25 20:00:00-04:00,109.87,111.09,109.42,109.86,7526300
2024-07-28 20:00:00-04:00,109.90,110.51,109.23,110.33,4138900
2024-07-29 20:00:00-04:00,111.06,112.82,110.44,112.68,6074400
2024-07-30 20:00:00-04:00,113.28,113.97,112.28,113.27,6780400
2024-07-31 20:00:00-04:00,113.49,113.75,111.89,112.55,5135100
2024-08-01 20:00:00-04:00,112.07,114.05,110.94,112.26,4578400
2024-08-04 20:00:00-04:00,110.97,112.26,110.26,111.03,5888600
2024-08-05 20:00:00-04:00,111.44,112.62,110.02,110.29,4642400
2024-08-06 20:00:00-04:00,110.19,111.81,109.53,110.05,5553200
2024-08-07 20:00:00-04:00,109.81,111.68,109.61,110.96,8889100
2024-08-08 20:00:00-04:00,110.91,112.11,110.74,111.98,5534300
2024-08-11 20:00:00-04:00,112.66,113.22,111.60,112.41,8602000
2024-08-12 20:00:00-04:00,112.59,113.05,111.90,112.66,5911900
2024-08-13 20:00:00-04:00,112.64,113.60,112.46,113.42,5826700
2024-08-14 20:00:00-04:00,114.25,114.71,113.31,114.11,5629900
2024-08-15 20:00:00-04:00,114.24,114.97,113.95,114.32,5251500
2024-08-18 20:00:00-04:00,114.37,114.87,114.35,114.71,5389900
2024-08-19 20:00:00-04:00,114.69,115.03,113.63,114.32,6129200
2024-08-20 20:00:00-04:00,114.85,114.99,113.35,113.65,3050900
2024-08-21 20:00:00-04:00,113.75,114.43,113.57,114.39,3743600
2024-08-22 20:00:00-04:00,114.65,115.23,114.28,114.87,3427500
2024-08-25 20:00:00-04:00,115.04,116.05,114.75,115.05,6260400
2024-08-26 20:00:00-04:00,115.03,115.91,114.75,115.81,4101200
2024-08-27 20:00:00-04:00,116.08,117.62,116.00,117.12,4287200
2024-08-28 20:00:00-04:00,117.36,118.96,116.83,118.53,3547800
2024-08-29 20:00:00-04:00,118.29,119.89,118.21,119.54,6372000
2024-09-02 20:00:00-04:00,119.33,119.85,116.97,117.27,5543900
2024-09-03 20:00:00-04:00,117.37,118.56,117.05,117.38,4484200
2024-09-04 20:00:00-04:00,117.46,117.87,115.00,115.96,5764500
2024-09-05 20:00:00-04:00,115.97,117.05,114.44,114.80,3983700
2024-09-08 20:00:00-04:00,115.96,117.60,115.50,117.43,4492000
2024-09-09 20:00:00-04:00,117.77,117.96,116.22,116.60,3806700
2024-09-10 20:00:00-04:00,116.18,116.18,113.74,115.59,4857200
2024-09-11 20:00:00-04:00,115.34,116.45,115.14,116.40,4229700
2024-09-12 20:00:00-04:00,116.21,116.50,115.23,115.45,4708000
2024-09-15 20:00:00-04:00,116.28,116.84,114.43,115.53,6025400
2024-09-16 20:00:00-04:00,114.85,115.38,114.13,115.08,5101500
2024-09-17 20:00:00-04:00,115.31,115.93,114.15,114.41,4434800
2024-09-18 20:00:00-04:00,115.05,115.54,113.65,115.16,5270600
2024-09-19 20:00:00-04:00,114.56,115.23,114.23,114.51,16958300
2024-09-22 20:00:00-04:00,115.02,116.77,114.57,116.57,6755400
2024-09-23 20:00:00-04:00,116.43,116.55,115.42,116.35,5844600
2024-09-24 20:00:00-04:00,116.80,117.71,116.66,117.18,5713600
2024-09-25 20:00:00-04:00,116.54,118.13,116.43,116.62,6202600
2024-09-26 20:00:00-04:00,116.25,117.51,115.94,116.69,7941800
2024-09-29 20:00:00-04:00,116.97,117.56,116.08,117.43,5475700
2024-09-30 20:00:00-04:00,117.45,120.76,116.44,120.56,7206900
2024-10-01 20:00:00-04:00,121.37,121.67,119.84,120.22,3802900
2024-10-02 20:00:00-04:00,120.67,121.06,119.41,119.86,4765700
2024-10-03 20:00:00-04:00,119.89,121.13,119.36,121.07,3055900
2024-10-06 20:00:00-04:00,121.01,121.81,120.43,121.20,4606100
2024-10-07 20:00:00-04:00,121.57,122.06,119.48,119.70,3194500
2024-10-08 20:00:00-04:00,119.24,120.90,118.83,120.14,3210400
2024-10-09 20:00:00-04:00,119.83,120.25,118.64,119.16,2785300
2024-10-10 20:00:00-04:00,119.21,120.12,119.12,120.12,2556200
2024-10-13 20:00:00-04:00,119.93,120.99,119.48,120.80,1929700
2024-10-14 20:00:00-04:00,122.09,122.92,120.86,121.18,7521300
2024-10-15 20:00:00-04:00,120.93,122.36,120.38,122.34,3127400
2024-10-16 20:00:00-04:00,122.58,123.09,121.28,121.88,2463700
2024-10-17 20:00:00-04:00,122.27,122.38,121.19,122.05,4356300
2024-10-20 20:00:00-04:00,122.03,122.54,120.86,122.03,4768600
2024-10-21 20:00:00-04:00,124.05,124.74,119.73,121.67,5746100
2024-10-22 20:00:00-04:00,123.00,123.58,121.76,123.30,5451400
2024-10-23 20:00:00-04:00,122.49,122.78,121.27,121.32,4171800
2024-10-24 20:00:00-04:00,122.18,122.36,120.96,121.31,4716200
2024-10-27 20:00:00-04:00,121.38,122.04,120.79,121.57,4453200
2024-10-28 20:00:00-04:00,121.55,121.64,118.90,119.01,5102700
2024-10-29 20:00:00-04:00,118.58,119.03,118.00,118.11,4852100
2024-10-30 20:00:00-04:00,117.57,118.33,116.87,117.27,4112700
2024-10-31 20:00:00-04:00,117.76,117.88,115.09,115.10,5234900
2024-11-03 19:00:00-05:00,115.41,115.95,114.20,114.37,6856100
2024-11-04 19:00:00-05:00,114.84,115.43,114.08,115.32,8093600
2024-11-05 19:00:00-05:00,118.78,119.08,116.56,117.85,9631900
2024-11-06 19:00:00-05:00,118.25,118.49,116.27,116.38,4415200
2024-11-07 19:00:00-05:00,117.23,120.40,117.18,119.75,6381600
2024-11-10 19:00:00-05:00,120.26,121.68,120.20,120.73,4012300
2024-11-11 19:00:00-05:00,121.05,121.42,118.54,119.57,3896200
2024-11-12 19:00:00-05:00,119.58,120.14,119.18,119.94,2802500
2024-11-13 19:00:00-05:00,119.41,119.70,113.94,115.26,6113200
2024-11-14 19:00:00-05:00,115.12,115.81,114.13,115.49,6970500
2024-11-17 19:00:00-05:00,115.34,116.65,115.34,116.33,4462300
2024-11-18 19:00:00-05:00,118.13,118.24,115.47,115.91,4654100
2024-11-19 19:00:00-05:00,115.81,116.23,114.66,116.10,3990700
2024-11-20 19:00:00-05:00,116.54,117.78,115.82,117.44,4847900
2024-11-21 19:00:00-05:00,117.63,118.76,117.41,117.68,3585200
2024-11-24 19:00:00-05:00,117.28,117.90,115.00,115.61,8322400
2024-11-25 19:00:00-05:00,115.83,117.94,115.55,117.52,3175800
2024-11-26 19:00:00-05:00,117.94,118.63,117.25,117.26,3604000
2024-11-28 19:00:00-05:00,117.59,118.75,117.57,118.71,2728600
2024-12-01 19:00:00-05:00,118.71,118.87,115.50,115.64,4468700
2024-12-02 19:00:00-05:00,115.97,116.39,114.87,115.08,3620300
2024-12-03 19:00:00-05:00,114.74,116.31,114.49,116.18,3774300
2024-12-04 19:00:00-05:00,115.76,115.96,114.68,115.48,3328800
2024-12-05 19:00:00-05:00,115.00,115.32,114.39,114.97,4792100
2024-12-08 19:00:00-05:00,114.34,114.83,111.29,113.59,7255400
2024-12-09 19:00:00-05:00,113.61,115.19,113.03,114.60,3725400
2024-12-10 19:00:00-05:00,114.82,114.96,113.32,113.95,4298000
2024-12-11 19:00:00-05:00,113.95,114.25,112.66,113.08,3848600
2024-12-12 19:00:00-05:00,113.28,114.91,113.00,114.73,5061600
2024-12-15 19:00:00-05:00,114.42,115.32,113.81,115.09,3986400
2024-12-16 19:00:00-05:00,114.68,115.10,114.00,114.41,3012400
2024-12-17 19:00:00-05:00,113.87,114.44,111.44,111.52,4113600
2024-12-18 19:00:00-05:00,112.74,114.25,112.30,112.50,5446900
2024-12-19 19:00:00-05:00,112.00,113.79,111.66,113.50,13389200
2024-12-22 19:00:00-05:00,113.21,113.90,112.82,113.64,3588700
2024-12-23 19:00:00-05:00,112.98,113.96,112.91,113.84,1663000
2024-12-25 19:00:00-05:00,113.78,114.61,113.41,114.04,2147000
2024-12-26 19:00:00-05:00,113.29,114.52,112.87,113.72,3847500
2024-12-29 19:00:00-05:00,112.48,112.95,111.60,112.27,2822000
2024-12-30 19:00:00-05:00,112.61,113.13,111.97,112.76,2445000
2025-01-01 19:00:00-05:00,113.97,114.44,112.58,113.04,3207500
2025-01-02 19:00:00-05:00,113.32,113.68,112.86,112.90,2902600
2025-01-05 19:00:00-05:00,113.30,113.30,110.82,111.18,3832300
2025-01-06 19:00:00-05:00,111.18,112.33,111.01,111.86,3588400
2025-01-07 19:00:00-05:00,111.99,113.22,111.48,112.95,4294200
2025-01-09 19:00:00-05:00,112.87,113.55,111.87,112.16,4287300
2025-01-12 19:00:00-05:00,111.65,114.91,111.65,114.72,5414900
2025-01-13 19:00:00-05:00,115.72,116.46,115.15,116.41,3804900
2025-01-14 19:00:00-05:00,117.07,117.29,115.14,116.04,4279600
2025-01-15 19:00:00-05:00,116.29,117.42,116.05,117.37,3896900
2025-01-16 19:00:00-05:00,117.51,118.24,116.79,118.01,4368600
2025-01-20 19:00:00-05:00,119.59,122.59,119.36,122.53,6071100
2025-01-21 19:00:00-05:00,122.46,122.66,120.48,121.19,5103800
2025-01-22 19:00:00-05:00,122.54,123.75,121.51,123.06,5501300
2025-01-23 19:00:00-05:00,122.31,123.05,121.88,122.10,3483000
2025-01-26 19:00:00-05:00,123.38,124.71,121.19,121.85,6207800
2025-01-27 19:00:00-05:00,127.82,129.04,122.90,125.06,8451600
2025-01-28 19:00:00-05:00,124.14,126.44,121.81,121.93,5179000
2025-01-29 19:00:00-05:00,122.44,125.91,122.33,125.68,4343600
2025-01-30 19:00:00-05:00,125.83,126.60,124.24,125.65,5569300
2025-02-02 19:00:00-05:00,125.21,127.20,124.28,126.59,6067300
2025-02-03 19:00:00-05:00,126.22,127.12,124.74,125.08,4036800
2025-02-04 19:00:00-05:00,126.34,126.56,125.00,125.85,4881500
2025-02-05 19:00:00-05:00,125.75,126.43,124.26,125.48,3363300
2025-02-06 19:00:00-05:00,125.50,125.70,124.07,124.67,3827300
2025-02-09 19:00:00-05:00,124.79,125.21,123.65,124.97,5344900
2025-02-10 19:00:00-05:00,125.79,126.11,124.53,125.80,3320600
2025-02-11 19:00:00-05:00,124.54,125.31,123.20,123.53,5154900
2025-02-12 19:00:00-05:00,124.27,124.37,122.06,122.62,6580400
2025-02-13 19:00:00-05:00,122.24,122.24,118.27,119.27,7715900
2025-02-17 19:00:00-05:00,121.06,122.12,120.25,120.59,5386200
2025-02-18 19:00:00-05:00,121.22,123.37,120.92,122.20,5124600
2025-02-19 19:00:00-05:00,121.56,122.10,120.03,121.91,3132000
2025-02-20 19:00:00-05:00,121.98,122.89,120.14,120.74,4846100
2025-02-23 19:00:00-05:00,122.42,123.62,122.05,122.84,4461000
2025-02-24 19:00:00-05:00,123.31,125.28,123.06,124.71,6007900
2025-02-25 19:00:00-05:00,124.88,125.68,124.22,124.68,3904500
2025-02-26 19:00:00-05:00,125.76,128.28,125.19,127.82,5758900
2025-02-27 19:00:00-05:00,128.57,130.34,127.92,130.24,7461000
2025-03-02 19:00:00-05:00,131.56,132.56,130.17,131.06,6215800
2025-03-03 19:00:00-05:00,130.76,131.94,125.83,126.04,7911200
2025-03-04 19:00:00-05:00,126.80,127.84,125.58,126.96,5774900
2025-03-05 19:00:00-05:00,125.95,126.20,123.36,125.63,6258300
2025-03-06 19:00:00-05:00,124.37,126.23,123.65,125.74,6418500
2025-03-09 20:00:00-04:00,124.37,127.15,123.80,125.86,4916800
2025-03-10 20:00:00-04:00,126.03,126.38,124.47,125.46,4404800
2025-03-11 20:00:00-04:00,125.70,125.89,124.19,125.31,4701800
2025-03-12 20:00:00-04:00,125.66,126.96,125.35,126.53,3434100
2025-03-13 20:00:00-04:00,126.27,127.99,125.35,127.30,5380700
2025-03-16 20:00:00-04:00,127.31,129.97,127.31,129.32,4934600
2025-03-17 20:00:00-04:00,129.34,130.51,128.99,129.95,4128400
2025-03-18 20:00:00-04:00,131.24,132.93,130.75,132.52,7080700
2025-03-19 20:00:00-04:00,131.35,132.52,131.12,131.69,4311300
2025-03-20 20:00:00-04:00,131.06,131.72,128.98,129.63,9545900
2025-03-23 20:00:00-04:00,129.92,132.10,129.21,131.90,5525300
2025-03-24 20:00:00-04:00,131.99,133.13,131.21,132.85,3990600
2025-03-25 20:00:00-04:00,133.16,133.35,131.29,131.55,4464500
2025-03-26 20:00:00-04:00,132.12,132.17,130.41,130.67,3914000
2025-03-27 20:00:00-04:00,130.22,130.88,128.92,129.00,3935200
2025-03-30 20:00:00-04:00,128.35,130.39,127.88,129.72,5521100
2025-03-31 20:00:00-04:00,129.54,130.29,128.64,130.10,4799300
2025-04-01 20:00:00-04:00,128.64,130.92,128.50,130.40,3352900
2025-04-02 20:00:00-04:00,128.29,130.94,127.25,127.54,4605200
2025-04-03 20:00:00-04:00,123.39,123.77,114.92,115.02,8526700
2025-04-06 20:00:00-04:00,111.56,117.44,109.95,114.89,8774800
2025-04-07 20:00:00-04:00,120.47,121.41,116.25,117.97,8108600
2025-04-08 20:00:00-04:00,116.56,126.26,115.73,125.77,6747400
2025-04-09 20:00:00-04:00,124.29,126.62,121.21,124.44,6457800
2025-04-10 20:00:00-04:00,123.55,126.65,122.42,125.61,3654100
2025-04-13 20:00:00-04:00,126.58,127.26,125.63,126.47,4099900
2025-04-14 20:00:00-04:00,125.84,127.26,125.59,125.98,6315600
2025-04-15 20:00:00-04:00,127.22,127.51,125.78,126.58,5382800
2025-04-16 20:00:00-04:00,126.68,127.80,125.06,126.22,5228300
2025-04-20 20:00:00-04:00,125.84,126.07,122.15,123.51,6397400
2025-04-21 20:00:00-04:00,112.16,114.77,110.30,111.40,17094400
2025-04-22 20:00:00-04:00,114.95,120.08,114.85,117.79,10456300
2025-04-23 20:00:00-04:00,117.55,119.54,117.04,119.45,4512800
2025-04-24 20:00:00-04:00,120.19,122.90,119.88,122.63,6205900
2025-04-27 20:00:00-04:00,123.33,123.70,121.12,122.22,5460100
2025-04-28 20:00:00-04:00,122.22,123.43,121.82,123.13,4313600
2025-04-29 20:00:00-04:00,123.19,123.95,121.04,123.52,5674100
2025-04-30 20:00:00-04:00,123.79,125.44,122.84,124.78,4820900
2025-05-01 20:00:00-04:00,126.70,128.29,125.21,127.52,5002200
2025-05-04 20:00:00-04:00,127.31,127.37,125.63,125.93,3293300
2025-05-05 20:00:00-04:00,124.94,126.01,124.29,125.51,2596100
2025-05-06 20:00:00-04:00,125.17,126.15,124.75,124.86,4029200
2025-05-07 20:00:00-04:00,125.34,127.83,124.86,126.01,4748300
2025-05-08 20:00:00-04:00,126.19,126.19,123.42,126.01,4857600
2025-05-11 20:00:00-04:00,127.20,128.10,124.76,127.86,4686400
2025-05-12 20:00:00-04:00,128.29,129.31,127.76,128.02,4334700
2025-05-13 20:00:00-04:00,128.77,129.12,126.44,128.09,4843600
2025-05-14 20:00:00-04:00,129.21,132.84,129.03,132.72,6772200
2025-05-15 20:00:00-04:00,132.90,133.58,131.70,132.68,4776000
2025-05-18 20:00:00-04:00,133.07,134.87,132.39,134.36,5180800
2025-05-19 20:00:00-04:00,133.57,134.90,133.08,134.34,4998600
2025-05-20 20:00:00-04:00,135.64,135.95,132.06,132.16,5514900
2025-05-21 20:00:00-04:00,131.82,132.19,130.75,131.30,3790900
2025-05-22 20:00:00-04:00,129.78,131.30,129.26,130.27,5510000
2025-05-26 20:00:00-04:00,132.38,132.78,130.08,132.08,5160800
2025-05-27 20:00:00-04:00,132.53,132.88,128.85,130.77,5426300
2025-05-28 20:00:00-04:00,130.05,132.97,129.83,132.69,3634700
2025-05-29 20:00:00-04:00,132.88,135.15,132.26,134.34,8195100
2025-06-01 20:00:00-04:00,134.28,135.36,133.31,135.30,3946200
2025-06-02 20:00:00-04:00,135.25,136.61,134.29,135.34,3493900
2025-06-03 20:00:00-04:00,135.99,136.68,135.49,136.38,3200400
2025-06-04 20:00:00-04:00,137.02,137.13,136.07,136.89,3510800
2025-06-05 20:00:00-04:00,137.49,138.44,136.15,136.92,4511000
2025-06-08 20:00:00-04:00,137.02,138.88,136.11,138.77,7104300
2025-06-09 20:00:00-04:00,138.30,138.91,135.78,136.35,6303500
2025-06-10 20:00:00-04:00,136.82,139.63,133.31,139.59,6370300
2025-06-11 20:00:00-04:00,138.07,139.83,137.93,138.77,4664400
2025-06-12 20:00:00-04:00,141.76,143.73,140.09,143.40,11765200
2025-06-15 20:00:00-04:00,144.20,144.76,142.64,144.16,7986100
2025-06-16 20:00:00-04:00,145.12,146.84,143.52,146.15,7251800
2025-06-17 20:00:00-04:00,146.23,146.92,143.37,143.58,7116900
2025-06-19 20:00:00-04:00,143.57,145.83,141.64,144.34,9220600
2025-06-22 20:00:00-04:00,144.52,144.76,142.82,143.52,6548500
2025-06-23 20:00:00-04:00,141.25,141.78,138.31,139.62,8242100
2025-06-24 20:00:00-04:00,140.05,140.19,138.27,139.16,10395000
2025-06-25 20:00:00-04:00,139.68,141.15,139.04,140.43,5407500
2025-06-26 20:00:00-04:00,139.84,142.44,139.70,142.39,9173900
2025-06-29 20:00:00-04:00,143.20,144.11,142.73,143.73,5939500
2025-06-30 20:00:00-04:00,143.37,143.51,140.42,141.93,4819500
2025-07-01 20:00:00-04:00,141.41,142.45,140.72,142.25,3253300
2025-07-02 20:00:00-04:00,142.22,144.09,142.11,143.46,1888700
2025-07-06 20:00:00-04:00,143.97,144.48,142.85,143.63,4532500
2025-07-07 20:00:00-04:00,143.37,143.71,140.74,142.64,4331300
2025-07-08 20:00:00-04:00,143.44,144.20,142.46,143.89,2666200
2025-07-09 20:00:00-04:00,143.82,144.24,142.75,144.10,4130900
2025-07-10 20:00:00-04:00,143.89,144.76,143.22,144.57,3468800
2025-07-13 20:00:00-04:00,145.57,147.22,144.77,146.94,4461000
2025-07-14 20:00:00-04:00,147.45,148.39,146.07,146.35,4530500
2025-07-15 20:00:00-04:00,146.51,148.00,145.93,147.81,3361700
2025-07-16 20:00:00-04:00,148.20,149.61,147.83,149.12,4326500
2025-07-17 20:00:00-04:00,149.43,150.45,148.71,149.12,5928600
2025-07-20 20:00:00-04:00,149.60,150.98,148.69,149.18,7116000
2025-07-21 20:00:00-04:00,143.20,147.91,141.31,146.83,10722700
2025-07-22 20:00:00-04:00,147.65,154.13,146.77,154.04,8667100
2025-07-23 20:00:00-04:00,153.80,154.77,152.72,152.79,4865300
2025-07-24 20:00:00-04:00,152.78,154.86,151.84,154.42,4728200
2025-07-27 20:00:00-04:00,154.68,154.86,153.19,153.62,4022900
2025-07-28 20:00:00-04:00,155.26,156.30,153.88,154.66,4341800
2025-07-29 20:00:00-04:00,154.98,156.24,153.97,155.92,3998700
2025-07-30 20:00:00-04:00,155.63,155.75,154.29,155.10,4796000
2025-07-31 20:00:00-04:00,153.84,155.01,151.34,154.35,4420700
2025-08-03 20:00:00-04:00,154.67,155.92,154.28,154.91,3961900
2025-08-04 20:00:00-04:00,154.80,155.56,153.32,153.88,4993900
2025-08-05 20:00:00-04:00,154.19,155.26,153.20,153.31,4112100
2025-08-06 20:00:00-04:00,152.22,153.32,150.84,153.32,5105800
2025-08-07 20:00:00-04:00,154.14,154.46,152.29,152.43,3667300
2025-08-10 20:00:00-04:00,152.30,153.23,151.72,152.37,3572900
2025-08-11 20:00:00-04:00,152.54,153.48,152.14,153.05,2962300
2025-08-12 20:00:00-04:00,153.55,153.89,150.27,153.27,5012300
2025-08-13 20:00:00-04:00,153.16,153.88,152.22,152.65,2766600
2025-08-14 20:00:00-04:00,152.51,153.11,151.59,152.34,4593800
2025-08-17 20:00:00-04:00,152.68,154.41,152.65,153.73,3679300
2025-08-18 20:00:00-04:00,152.82,153.37,151.47,151.92,3008600
2025-08-19 20:00:00-04:00,152.02,155.33,151.35,154.81,3766500
2025-08-20 20:00:00-04:00,155.01,155.96,154.45,154.55,3179800
2025-08-21 20:00:00-04:00,155.27,156.15,154.44,154.47,4252700
2025-08-24 20:00:00-04:00,154.85,155.85,154.23,154.50,2431100
2025-08-25 20:00:00-04:00,154.98,157.89,154.60,157.76,5096100
2025-08-26 20:00:00-04:00,158.15,158.39,157.19,158.03,2992300
2025-08-27 20:00:00-04:00,158.33,159.43,157.44,158.84,3117700
2025-08-28 20:00:00-04:00,159.23,159.27,156.63,156.80,3774900
2025-09-01 20:00:00-04:00,156.40,156.83,154.59,156.22,3260100
2025-09-02 20:00:00-04:00,156.16,156.54,154.67,156.32,2738900
2025-09-03 20:00:00-04:00,156.43,157.36,155.76,156.88,3218800
2025-09-04 20:00:00-04:00,156.80,157.19,153.79,155.73,4046300
2025-09-07 20:00:00-04:00,155.14,155.22,151.92,152.47,5522800
2025-09-08 20:00:00-04:00,151.90,151.96,148.90,150.03,5461300
2025-09-09 20:00:00-04:00,150.27,153.28,149.93,153.24,4520400
2025-09-10 20:00:00-04:00,153.27,156.22,152.61,155.86,4289900
2025-09-11 20:00:00-04:00,155.96,156.34,154.05,154.08,3194400
2025-09-14 20:00:00-04:00,154.16,156.68,153.94,156.57,3891400
2025-09-15 20:00:00-04:00,158.04,158.13,155.85,156.78,6525200
2025-09-16 20:00:00-04:00,156.77,157.51,155.83,156.51,3999200
2025-09-17 20:00:00-04:00,155.52,156.49,154.72,156.39,3696100
2025-09-18 20:00:00-04:00,156.90,156.90,154.91,156.44,7083700
2025-09-21 20:00:00-04:00,156.28,157.99,155.88,157.62,3296700
2025-09-22 20:00:00-04:00,157.94,159.57,157.15,158.72,3287100
2025-09-23 20:00:00-04:00,159.32,161.18,158.88,159.55,4269800
2025-09-24 20:00:00-04:00,160.30,160.46,157.88,158.69,3917700
2025-09-25 20:00:00-04:00,160.16,163.47,159.85,161.50,3961700
2025-09-28 20:00:00-04:00,165.53,166.37,160.94,161.77,6216100
2025-09-29 20:00:00-04:00,162.42,165.60,162.01,165.43,4893700
2025-09-30 20:00:00-04:00,163.99,165.82,163.21,165.30,4034500
2025-10-01 20:00:00-04:00,165.24,166.34,164.01,164.74,3498100
2025-10-02 20:00:00-04:00,164.92,165.36,163.62,164.69,2678300
2025-10-05 20:00:00-04:00,165.10,167.82,165.10,166.88,3816900
2025-10-06 20:00:00-04:00,167.44,168.43,166.90,167.35,5186500
2025-10-07 20:00:00-04:00,168.14,168.91,166.52,166.66,4683700
2025-10-08 20:00:00-04:00,167.07,167.23,160.06,160.34,5962400
2025-10-09 20:00:00-04:00,160.17,160.62,155.65,155.91,7776400
2025-10-12 20:00:00-04:00,156.65,157.74,155.58,157.05,5322300
2025-10-13 20:00:00-04:00,156.40,158.76,155.50,157.59,3590500
2025-10-14 20:00:00-04:00,157.68,158.84,153.87,155.22,5954700
2025-10-15 20:00:00-04:00,155.98,156.53,154.33,155.27,3926600
2025-10-16 20:00:00-04:00,154.56,156.74,154.33,156.16,5435200
2025-10-19 20:00:00-04:00,157.86,160.23,157.64,158.89,6517800
2025-10-20 20:00:00-04:00,169.86,176.73,168.33,171.08,12296700
2025-10-21 20:00:00-04:00,172.51,176.69,171.95,175.96,10219100
2025-10-22 20:00:00-04:00,175.58,177.94,174.50,177.40,5249400
2025-10-23 20:00:00-04:00,178.41,178.45,176.27,176.62,3471600
2025-10-26 20:00:00-04:00,177.39,177.59,175.48,177.21,4039700
2025-10-27 20:00:00-04:00,177.26,179.25,176.53,176.64,3344100
2025-10-28 20:00:00-04:00,175.77,176.95,174.00,174.36,4285200
2025-10-29 20:00:00-04:00,175.11,176.97,174.81,175.41,3637300
2025-10-30 20:00:00-04:00,175.48,177.08,174.74,176.47,4347100
2025-11-02 19:00:00-05:00,176.46,176.52,173.46,175.03,3843800
2025-11-03 19:00:00-05:00,174.56,175.87,173.45,173.62,3837800
2025-11-04 19:00:00-05:00,172.92,174.75,171.95,172.02,4493800
2025-11-05 19:00:00-05:00,172.03,173.40,171.63,173.11,3631300
2025-11-06 19:00:00-05:00,173.27,175.67,171.78,174.96,3774300
2025-11-09 19:00:00-05:00,174.83,177.51,174.30,177.00,2739000
2025-11-10 19:00:00-05:00,176.78,177.96,175.40,177.19,3387700
2025-11-11 19:00:00-05:00,176.57,177.86,175.36,175.67,4470500
2025-11-12 19:00:00-05:00,176.60,176.76,171.16,171.99,3617800
2025-11-13 19:00:00-05:00,171.99,174.16,170.54,173.58,3224700
2025-11-16 19:00:00-05:00,174.10,174.30,172.65,173.64,3913600
2025-11-17 19:00:00-05:00,174.69,175.91,172.33,172.74,3742500
2025-11-18 19:00:00-05:00,171.54,172.79,170.54,171.80,3902400
2025-11-19 19:00:00-05:00,174.54,175.53,170.54,170.77,4221000
2025-11-20 19:00:00-05:00,170.98,171.02,167.36,168.42,6108400
2025-11-23 19:00:00-05:00,168.02,172.36,167.64,171.92,8116600
2025-11-24 19:00:00-05:00,171.47,172.34,168.26,170.87,5511700
2025-11-25 19:00:00-05:00,171.28,172.73,170.74,171.90,3564400
2025-11-27 19:00:00-05:00,171.75,173.64,171.71,173.61,1680400
2025-11-30 19:00:00-05:00,172.41,172.70,166.65,166.77,4885600
2025-12-01 19:00:00-05:00,168.12,168.12,166.79,167.54,4053600
2025-12-02 19:00:00-05:00,167.79,167.93,165.50,167.20,5452200
2025-12-03 19:00:00-05:00,167.64,170.81,167.39,170.03,7486500
2025-12-04 19:00:00-05:00,170.72,170.72,167.68,169.83,3032700
2025-12-07 19:00:00-05:00,170.11,170.71,168.28,170.24,3498200
2025-12-08 19:00:00-05:00,171.24,174.40,169.97,170.65,4816400
2025-12-09 19:00:00-05:00,169.90,175.81,169.08,173.42,5611300
2025-12-10 19:00:00-05:00,173.40,177.81,173.00,176.10,4865500
2025-12-11 19:00:00-05:00,178.06,178.11,175.32,177.33,6440100
2025-12-14 19:00:00-05:00,178.40,180.92,177.84,180.75,3691700
2025-12-15 19:00:00-05:00,179.17,180.53,177.56,178.59,4321900
2025-12-16 19:00:00-05:00,177.59,178.99,175.23,175.88,6632700
2025-12-17 19:00:00-05:00,177.16,179.16,176.76,176.96,4090600
2025-12-18 19:00:00-05:00,177.63,181.88,177.33,180.65,11455900
2025-12-21 19:00:00-05:00,181.50,184.49,180.41,184.30,3208300
2025-12-22 19:00:00-05:00,184.37,186.60,183.88,184.38,3354700
2025-12-23 19:00:00-05:00,184.31,185.71,184.12,184.99,1421700
2025-12-25 19:00:00-05:00,184.83,184.89,183.14,183.79,1389000
2025-12-28 19:00:00-05:00,183.79,184.22,182.81,183.05,2027200
2025-12-29 19:00:00-05:00,183.55,183.62,182.33,182.64,1812000
2025-12-30 19:00:00-05:00,182.73,183.03,181.28,182.03,2644600
2026-01-01 19:00:00-05:00,182.13,185.88,180.81,185.86,3326300
2026-01-04 19:00:00-05:00,185.91,189.08,185.04,186.86,6048800
2026-01-05 19:00:00-05:00,187.30,189.29,186.31,188.98,3915000
2026-01-06 19:00:00-05:00,190.49,192.35,184.23,184.35,7666700
2026-01-07 19:00:00-05:00,189.61,195.24,183.52,185.78,9773400
2026-01-08 19:00:00-05:00,184.65,187.68,183.00,187.10,7593600
2026-01-11 19:00:00-05:00,188.30,192.59,188.00,192.41,5392000
2026-01-12 19:00:00-05:00,194.16,196.08,191.56,192.64,5852300
2026-01-13 19:00:00-05:00,193.39,197.39,191.94,197.36,5249700
2026-01-14 19:00:00-05:00,197.47,198.82,195.20,198.34,3657400
2026-01-15 19:00:00-05:00,198.60,200.66,198.09,200.42,4825900
2026-01-19 19:00:00-05:00,199.16,201.52,194.64,194.90,6048000
2026-01-20 19:00:00-05:00,196.13,196.82,194.12,196.03,5463400
2026-01-21 19:00:00-05:00,197.51,197.51,194.35,194.88,4075000
2026-01-22 19:00:00-05:00,195.38,196.11,193.55,194.47,5113100
2026-01-25 19:00:00-05:00,193.80,194.43,192.06,192.68,6680600
2026-01-26 19:00:00-05:00,198.02,200.69,193.98,199.78,10134500
2026-01-27 19:00:00-05:00,199.78,203.83,197.07,197.98,6826500
2026-01-28 19:00:00-05:00,199.43,201.73,196.54,198.39,8870800
2026-01-29 19:00:00-05:00,196.89,199.93,196.13,199.43,7228400
2026-02-01 19:00:00-05:00,198.50,200.16,195.53,199.59,6239900
2026-02-02 19:00:00-05:00,200.29,203.34,199.16,201.98,8457300
2026-02-03 19:00:00-05:00,203.97,204.94,192.88,195.28,11411500
2026-02-04 19:00:00-05:00,194.77,198.19,193.08,194.51,5538300
2026-02-05 19:00:00-05:00,195.49,199.35,195.49,197.18,4350900
2026-02-08 19:00:00-05:00,197.02,198.51,194.53,194.73,4615200
2026-02-09 19:00:00-05:00,193.58,194.95,191.64,193.74,5501500
2026-02-10 19:00:00-05:00,194.12,197.35,193.60,195.05,6784100
2026-02-11 19:00:00-05:00,195.53,200.38,195.53,199.64,6738600
2026-02-12 19:00:00-05:00,199.64,202.18,197.05,198.57,4939000
2026-02-16 19:00:00-05:00,198.51,204.11,197.37,201.98,6057800
2026-02-17 19:00:00-05:00,203.98,204.48,201.30,203.29,6395700
2026-02-18 19:00:00-05:00,202.65,205.19,200.04,203.88,6128400
2026-02-19 19:00:00-05:00,204.64,205.50,202.18,204.07,10300800
2026-02-22 19:00:00-05:00,203.12,204.05,200.90,201.08,4557300
2026-02-23 19:00:00-05:00,199.17,199.88,196.18,197.64,10157300
2026-02-24 19:00:00-05:00,197.64,197.94,191.82,195.17,6891800
2026-02-25 19:00:00-05:00,195.68,197.86,193.20,196.81,5762000
2026-02-26 19:00:00-05:00,197.49,201.78,196.81,201.78,8982500
2026-03-01 19:00:00-05:00,209.78,211.94,207.14,211.28,12485300
2026-03-02 19:00:00-05:00,212.13,213.61,204.72,205.66,9661300
2026-03-03 19:00:00-05:00,206.14,209.08,203.38,207.95,6140300
2026-03-04 19:00:00-05:00,207.63,209.28,199.27,203.01,6935600
2026-03-05 19:00:00-05:00,203.16,209.08,202.80,208.89,8790400
2026-03-08 20:00:00-04:00,210.88,212.12,205.95,207.37,8626400
2026-03-09 20:00:00-04:00,205.50,207.61,204.43,206.14,4140600
2026-03-10 20:00:00-04:00,204.81,208.52,203.85,206.40,4416200
2026-03-11 20:00:00-04:00,205.32,205.91,201.00,202.20,6400900
2026-03-12 20:00:00-04:00,203.61,205.43,201.06,203.67,4806800
2026-03-15 20:00:00-04:00,203.86,208.03,203.76,205.21,4795600
2026-03-16 20:00:00-04:00,204.96,205.81,199.88,202.49,3990800
2026-03-17 20:00:00-04:00,203.46,206.44,203.18,203.71,3512900
2026-03-18 20:00:00-04:00,202.49,202.54,196.20,199.90,5329600
2026-03-19 20:00:00-04:00,200.43,201.19,195.67,197.34,8463900
2026-03-22 20:00:00-04:00,196.35,198.92,193.65,194.01,4927300
2026-03-23 20:00:00-04:00,191.42,194.33,190.39,193.20,5136000
2026-03-24 20:00:00-04:00,195.24,195.85,193.25,194.19,4057300
2026-03-25 20:00:00-04:00,193.50,193.50,190.59,192.05,4871900
2026-03-26 20:00:00-04:00,191.61,192.31,188.67,188.92,3864500
2026-03-29 20:00:00-04:00,191.69,192.20,184.80,186.37,5043800
2026-03-30 20:00:00-04:00,188.36,192.64,186.80,192.10,5318500
2026-03-31 20:00:00-04:00,193.66,195.82,192.75,193.91,4127200
2026-04-01 20:00:00-04:00,194.27,196.62,192.83,195.40,4113900
2026-04-05 20:00:00-04:00,195.42,197.81,194.19,197.59,2314900
2026-04-06 20:00:00-04:00,196.59,197.33,194.70,197.10,3037500
2026-04-07 20:00:00-04:00,197.78,202.95,197.60,202.64,4455800
2026-04-08 20:00:00-04:00,202.38,204.51,201.77,202.35,2789700
2026-04-09 20:00:00-04:00,201.98,201.98,196.97,200.72,3151900
2026-04-12 20:00:00-04:00,200.91,202.15,199.30,200.57,3429200
2026-04-13 20:00:00-04:00,200.51,203.47,200.08,201.97,3303100
2026-04-14 20:00:00-04:00,202.15,202.16,196.87,197.57,4424800
2026-04-15 20:00:00-04:00,197.59,199.11,193.11,195.04,3999300
2026-04-16 20:00:00-04:00,194.77,199.11,194.39,195.61,4777200
2026-04-19 20:00:00-04:00,196.98,197.57,193.99,194.98,4988200
2026-04-20 20:00:00-04:00,193.80,195.80,185.77,186.39,7489900
2026-04-21 20:00:00-04:00,186.97,187.96,179.09,180.16,8513900
2026-04-22 20:00:00-04:00,180.61,181.88,176.76,178.56,6289400
2026-04-23 20:00:00-04:00,177.04,177.04,170.92,173.54,10505100
2026-04-26 20:00:00-04:00,171.59,176.26,171.59,172.66,6511700
2026-04-27 20:00:00-04:00,174.52,175.06,171.63,174.95,6115800
2026-04-28 20:00:00-04:00,174.83,175.54,171.07,172.07,5037900
2026-04-29 20:00:00-04:00,172.92,175.92,172.76,175.34,6224400
2026-04-30 20:00:00-04:00,175.50,176.26,172.54,173.27,4494800
2026-05-03 20:00:00-04:00,173.28,175.14,172.17,172.18,5081300
2026-05-04 20:00:00-04:00,173.20,173.43,170.49,172.15,4721200
2026-05-05 20:00:00-04:00,174.06,177.35,172.85,176.01,6099000
2026-05-06 20:00:00-04:00,175.81,176.65,172.96,176.05,5658900
2026-05-07 20:00:00-04:00,175.49,176.36,173.88,175.36,6277400
2026-05-10 20:00:00-04:00,174.43,179.18,173.88,177.87,6524100
2026-05-11 20:00:00-04:00,177.86,179.17,175.89,178.15,5604900
2026-05-12 20:00:00-04:00,177.03,178.70,174.57,177.37,6144100
2026-05-13 20:00:00-04:00,177.37,178.16,174.57,174.95,6421600
2026-05-14 20:00:00-04:00,174.79,175.25,170.07,170.47,7694000
2026-05-17 20:00:00-04:00,170.97,175.36,170.29,175.22,5627400
2026-05-18 20:00:00-04:00,175.56,176.27,173.66,173.77,5578600
2026-05-19 20:00:00-04:00,174.74,175.43,172.28,174.12,6634800
2026-05-20 20:00:00-04:00,173.87,176.45,172.57,175.25,3596300
2026-05-21 20:00:00-04:00,176.74,177.60,175.26,177.01,4315400
2026-05-25 20:00:00-04:00,178.00,179.21,176.07,178.97,5529700
2026-05-26 20:00:00-04:00,178.49,178.80,175.71,176.59,5147100
2026-05-27 20:00:00-04:00,176.80,181.55,176.74,178.96,5834800
2026-05-28 20:00:00-04:00,178.91,180.10,176.04,179.66,8754400
2026-05-31 20:00:00-04:00,177.44,178.69,174.13,174.41,5482000
2026-06-01 20:00:00-04:00,173.89,175.75,172.99,174.26,4385900
2026-06-02 20:00:00-04:00,173.01,176.42,172.55,172.55,4322000
2026-06-03 20:00:00-04:00,176.54,180.42,176.19,179.41,4697200
2026-06-04 20:00:00-04:00,179.17,182.53,178.01,180.99,6272200
2026-06-07 20:00:00-04:00,180.49,182.30,177.90,178.66,5908700
2026-06-08 20:00:00-04:00,178.96,182.78,178.54,181.56,6227900
2026-06-09 20:00:00-04:00,183.00,183.00,176.93,177.41,6037300
2026-06-10 20:00:00-04:00,178.02,184.40,178.02,184.21,6492700
2026-06-11 20:00:00-04:00,184.69,184.87,181.87,183.53,3348400
2026-06-14 20:00:00-04:00,183.86,186.46,182.88,183.64,6073900
2026-06-15 20:00:00-04:00,184.25,186.85,182.25,186.77,5103600
2026-06-16 20:00:00-04:00,188.75,193.46,186.38,192.58,7530100
2026-06-17 20:00:00-04:00,194.00,194.17,184.42,185.60,8866400
2026-06-21 20:00:00-04:00,184.59,185.71,180.97,181.83,6351800
2026-06-22 20:00:00-04:00,183.00,186.72,181.83,186.39,3908600
2026-06-23 20:00:00-04:00,187.43,187.44,184.65,185.06,4463700
2026-06-24 20:00:00-04:00,185.00,189.66,184.35,186.59,3591100
2026-06-25 20:00:00-04:00,187.28,190.49,186.88,187.99,8036400
2026-06-28 20:00:00-04:00,187.61,189.88,187.16,187.33,3593800
