Date,Open,High,Low,Close,Volume
2018-07-01 20:00:00-04:00,37.26,37.37,36.34,36.52,2352900
2018-07-02 20:00:00-04:00,37.00,37.27,36.53,36.82,1046800
2018-07-04 20:00:00-04:00,36.89,37.05,36.67,36.77,1346100
2018-07-05 20:00:00-04:00,36.86,37.74,36.71,37.71,1484100
2018-07-08 20:00:00-04:00,37.98,38.43,37.85,38.31,1591100
2018-07-09 20:00:00-04:00,38.48,38.83,38.24,38.51,1937400
2018-07-10 20:00:00-04:00,38.16,38.66,37.81,38.20,1373500
2018-07-11 20:00:00-04:00,38.36,38.82,37.82,38.73,1864000
2018-07-12 20:00:00-04:00,38.91,39.75,38.76,39.54,2546500
2018-07-15 20:00:00-04:00,39.20,39.51,38.74,39.10,1661500
2018-07-16 20:00:00-04:00,38.95,39.16,38.63,39.04,1623200
2018-07-17 20:00:00-04:00,38.73,39.35,38.25,39.16,1826000
2018-07-18 20:00:00-04:00,40.02,40.28,39.40,39.57,2696100
2018-07-19 20:00:00-04:00,39.75,39.82,38.99,39.07,1775500
2018-07-22 20:00:00-04:00,39.22,39.49,39.03,39.33,1488600
2018-07-23 20:00:00-04:00,39.53,39.66,39.29,39.37,1893600
2018-07-24 20:00:00-04:00,39.35,39.92,39.13,39.79,1847100
2018-07-25 20:00:00-04:00,39.67,40.10,39.67,39.97,1427400
2018-07-26 20:00:00-04:00,39.81,39.91,38.75,38.77,1939600
2018-07-29 20:00:00-04:00,39.07,39.53,38.91,39.47,2211800
2018-07-30 20:00:00-04:00,39.55,39.87,39.02,39.33,1711500
2018-07-31 20:00:00-04:00,39.02,39.83,38.86,39.73,1380500
2018-08-01 20:00:00-04:00,39.57,40.11,39.32,39.98,1963400
2018-08-02 20:00:00-04:00,39.97,40.33,39.53,39.76,1690800
2018-08-05 20:00:00-04:00,39.92,40.74,39.75,40.73,2352800
2018-08-06 20:00:00-04:00,40.92,41.16,40.44,40.62,2289500
2018-08-07 20:00:00-04:00,40.30,41.01,40.29,40.95,2217100
2018-08-08 20:00:00-04:00,41.01,42.21,40.24,40.44,3031700
2018-08-09 20:00:00-04:00,40.43,41.73,40.26,41.57,2282900
2018-08-12 20:00:00-04:00,41.64,41.77,40.79,40.82,1428200
2018-08-13 20:00:00-04:00,41.11,41.55,41.09,41.18,1648300
2018-08-14 20:00:00-04:00,40.78,41.04,39.83,40.39,1519100
2018-08-15 20:00:00-04:00,40.66,41.17,40.54,40.75,1084700
2018-08-16 20:00:00-04:00,40.89,41.65,40.77,41.52,1159100
2018-08-19 20:00:00-04:00,41.52,41.89,41.48,41.75,1406500
2018-08-20 20:00:00-04:00,42.05,42.40,41.75,41.81,1759400
2018-08-21 20:00:00-04:00,42.05,42.97,41.98,42.90,1866100
2018-08-22 20:00:00-04:00,42.84,42.92,42.42,42.65,1322100
2018-08-23 20:00:00-04:00,42.82,43.05,42.50,42.87,1214800
2018-08-26 20:00:00-04:00,42.83,43.09,42.66,43.01,1340400
2018-08-27 20:00:00-04:00,42.97,43.45,42.55,42.72,1595100
2018-08-28 20:00:00-04:00,42.81,42.98,42.38,42.72,1463000
2018-08-29 20:00:00-04:00,42.72,42.77,42.14,42.58,1699300
2018-08-30 20:00:00-04:00,42.33,42.59,42.02,42.41,1591800
2018-09-03 20:00:00-04:00,42.46,42.62,41.65,41.88,1529400
2018-09-04 20:00:00-04:00,41.90,42.13,41.06,42.10,1122200
2018-09-05 20:00:00-04:00,42.10,42.26,41.48,41.54,1672300
2018-09-06 20:00:00-04:00,41.28,41.71,41.04,41.57,1146100
2018-09-09 20:00:00-04:00,41.62,42.11,41.61,41.65,1234500
2018-09-10 20:00:00-04:00,41.75,42.54,41.68,42.22,1989200
2018-09-11 20:00:00-04:00,42.39,42.93,42.03,42.79,2399100
2018-09-12 20:00:00-04:00,42.78,42.98,42.43,42.75,2065200
2018-09-13 20:00:00-04:00,42.72,42.72,41.81,42.45,1486600
2018-09-16 20:00:00-04:00,42.54,42.82,42.02,42.08,1755000
2018-09-17 20:00:00-04:00,42.95,43.69,42.80,43.01,2365700
2018-09-18 20:00:00-04:00,42.99,43.40,42.98,43.12,2337200
2018-09-19 20:00:00-04:00,43.21,43.21,42.49,42.55,2396700
2018-09-20 20:00:00-04:00,42.85,43.00,42.40,42.61,4273400
2018-09-23 20:00:00-04:00,43.04,43.42,42.48,42.89,2864700
2018-09-24 20:00:00-04:00,43.15,43.52,42.97,43.22,2846700
2018-09-25 20:00:00-04:00,43.15,43.47,42.64,42.65,1294700
2018-09-26 20:00:00-04:00,42.92,43.49,42.79,43.42,1796700
2018-09-27 20:00:00-04:00,43.31,44.00,43.30,43.36,1301400
2018-09-30 20:00:00-04:00,43.62,44.61,43.50,44.35,1429200
2018-10-01 20:00:00-04:00,44.48,44.54,43.90,44.00,1726900
2018-10-02 20:00:00-04:00,44.60,45.60,43.91,44.96,2938900
2018-10-03 20:00:00-04:00,44.92,45.32,44.45,44.90,1002500
2018-10-04 20:00:00-04:00,44.86,45.13,44.57,45.06,816900
2018-10-07 20:00:00-04:00,44.72,44.96,44.23,44.46,1186700
2018-10-08 20:00:00-04:00,44.63,45.04,44.33,44.68,1025300
2018-10-09 20:00:00-04:00,44.61,44.69,43.75,43.76,1633400
2018-10-10 20:00:00-04:00,43.62,43.76,42.12,42.58,3028100
2018-10-11 20:00:00-04:00,43.22,43.56,41.76,42.68,2218100
2018-10-14 20:00:00-04:00,42.74,43.05,42.38,42.63,665900
2018-10-15 20:00:00-04:00,43.02,44.07,42.66,43.62,1569500
2018-10-16 20:00:00-04:00,43.82,44.04,43.26,43.56,1135900
2018-10-17 20:00:00-04:00,43.38,44.07,43.07,43.49,1703000
2018-10-18 20:00:00-04:00,43.51,44.36,43.34,43.56,1053500
2018-10-21 20:00:00-04:00,43.56,43.76,42.95,43.31,2057200
2018-10-22 20:00:00-04:00,42.25,42.49,40.53,41.58,2425200
2018-10-23 20:00:00-04:00,41.67,41.85,39.56,39.66,2159400
2018-10-24 20:00:00-04:00,40.33,40.83,40.11,40.39,2484000
2018-10-25 20:00:00-04:00,39.91,40.13,38.80,39.61,1349600
2018-10-28 20:00:00-04:00,39.83,40.04,38.64,39.29,2049700
2018-10-29 20:00:00-04:00,39.08,39.43,38.27,39.24,1703100
2018-10-30 20:00:00-04:00,39.80,41.09,39.78,40.51,2333800
2018-10-31 20:00:00-04:00,40.57,41.36,40.18,41.24,1661000
2018-11-01 20:00:00-04:00,41.48,41.78,39.99,40.22,1733900
2018-11-04 19:00:00-05:00,40.55,40.94,39.79,40.70,2557200
2018-11-05 19:00:00-05:00,40.68,40.98,40.16,40.50,1338000
2018-11-06 19:00:00-05:00,41.22,42.06,41.01,41.53,2597900
2018-11-07 19:00:00-05:00,41.52,43.18,40.72,40.96,2232600
2018-11-08 19:00:00-05:00,40.47,40.67,39.33,39.63,2644500
2018-11-11 19:00:00-05:00,39.78,39.86,38.71,38.83,2175200
2018-11-12 19:00:00-05:00,38.79,39.20,37.31,37.49,2784900
2018-11-13 19:00:00-05:00,38.18,38.45,36.40,36.60,2996000
2018-11-14 19:00:00-05:00,36.30,37.37,36.30,36.99,1729500
2018-11-15 19:00:00-05:00,37.09,37.66,36.60,37.24,2510400
2018-11-18 19:00:00-05:00,37.20,37.76,36.80,37.05,2315100
2018-11-19 19:00:00-05:00,36.59,36.79,34.89,35.16,3889200
2018-11-20 19:00:00-05:00,35.47,36.87,35.47,36.06,2285200
2018-11-22 19:00:00-05:00,34.99,35.42,34.75,34.81,1204800
2018-11-25 19:00:00-05:00,35.23,35.66,34.83,35.30,1775800
2018-11-26 19:00:00-05:00,35.24,35.61,34.89,35.37,3002000
2018-11-27 19:00:00-05:00,35.38,35.49,34.76,35.23,2482500
2018-11-28 19:00:00-05:00,35.06,35.90,34.98,35.45,2151000
2018-11-29 19:00:00-05:00,35.24,35.41,34.68,34.99,3311100
2018-12-02 19:00:00-05:00,35.89,36.76,35.75,36.55,2692300
2018-12-03 19:00:00-05:00,36.37,36.55,35.38,35.42,2439900
2018-12-05 19:00:00-05:00,34.84,34.84,33.17,34.22,3135300
2018-12-06 19:00:00-05:00,35.12,36.05,34.91,34.93,3219700
2018-12-09 19:00:00-05:00,34.56,34.56,33.04,33.67,3534200
2018-12-10 19:00:00-05:00,34.11,34.28,33.02,33.41,2377400
2018-12-11 19:00:00-05:00,33.88,34.56,33.38,34.07,2407000
2018-12-12 19:00:00-05:00,33.77,34.84,33.72,34.68,2122100
2018-12-13 19:00:00-05:00,34.29,34.29,32.85,33.10,3854500
2018-12-16 19:00:00-05:00,32.82,33.52,31.93,32.03,2478600
2018-12-17 19:00:00-05:00,31.94,32.29,30.49,30.63,3580000
2018-12-18 19:00:00-05:00,30.77,31.39,30.34,30.62,5207200
2018-12-19 19:00:00-05:00,29.83,30.90,28.90,29.90,6242700
2018-12-20 19:00:00-05:00,29.79,29.91,28.16,28.40,6340500
2018-12-23 19:00:00-05:00,27.90,28.25,26.67,26.74,1817800
2018-12-25 19:00:00-05:00,26.96,28.59,26.31,28.59,3320000
2018-12-26 19:00:00-05:00,28.00,28.19,26.65,27.81,3913000
2018-12-27 19:00:00-05:00,27.93,27.98,26.79,27.45,3128500
2018-12-30 19:00:00-05:00,27.54,28.35,27.37,28.24,3172000
2019-01-01 19:00:00-05:00,27.74,29.38,27.31,28.81,3183000
2019-01-02 19:00:00-05:00,28.99,30.05,28.80,29.30,2930100
2019-01-03 19:00:00-05:00,30.11,31.33,29.94,30.89,4336900
2019-01-06 19:00:00-05:00,30.92,32.29,30.92,32.16,3687800
2019-01-07 19:00:00-05:00,32.97,33.79,32.60,33.48,4160700
2019-01-08 19:00:00-05:00,34.04,34.67,33.73,34.33,3428100
2019-01-09 19:00:00-05:00,34.04,34.30,32.99,33.58,3923800
2019-01-10 19:00:00-05:00,33.20,33.49,32.81,32.99,3504100
2019-01-13 19:00:00-05:00,32.54,33.01,32.35,32.85,1989800
2019-01-14 19:00:00-05:00,32.95,33.60,32.88,33.36,1623400
2019-01-15 19:00:00-05:00,33.21,33.91,33.21,33.58,2172400
2019-01-16 19:00:00-05:00,33.26,33.91,33.26,33.51,1795700
2019-01-17 19:00:00-05:00,33.89,34.28,33.75,34.11,1887600
2019-01-21 19:00:00-05:00,33.75,33.91,32.96,33.13,1922500
2019-01-22 19:00:00-05:00,33.36,33.41,32.07,32.36,1609600
2019-01-23 19:00:00-05:00,32.30,32.53,31.88,32.35,3606800
2019-01-24 19:00:00-05:00,32.72,33.64,32.67,33.36,2354600
2019-01-27 19:00:00-05:00,32.66,33.34,32.57,33.29,1723000
2019-01-28 19:00:00-05:00,33.79,34.40,33.54,34.23,2690200
2019-01-29 19:00:00-05:00,34.58,34.81,34.27,34.58,3290300
2019-01-30 19:00:00-05:00,34.75,34.76,33.83,34.44,3193200
2019-01-31 19:00:00-05:00,34.50,35.06,34.05,34.92,1712700
2019-02-03 19:00:00-05:00,34.67,35.41,34.66,35.37,1435900
2019-02-04 19:00:00-05:00,35.26,35.63,34.77,35.17,1525600
2019-02-05 19:00:00-05:00,34.98,35.46,34.95,35.07,1587500
2019-02-06 19:00:00-05:00,34.78,34.95,33.83,34.21,2092000
2019-02-07 19:00:00-05:00,34.06,34.17,33.32,34.17,1918500
2019-02-10 19:00:00-05:00,33.85,34.06,33.47,34.03,3034100
2019-02-11 19:00:00-05:00,34.58,35.03,34.38,34.94,1832600
2019-02-12 19:00:00-05:00,35.08,35.79,34.98,35.57,1632300
2019-02-13 19:00:00-05:00,35.47,36.25,35.28,36.11,2519700
2019-02-14 19:00:00-05:00,36.45,36.76,36.23,36.44,2067500
2019-02-18 19:00:00-05:00,37.38,39.06,37.38,38.35,5120700
2019-02-19 19:00:00-05:00,37.06,37.72,35.06,35.95,6643500
2019-02-20 19:00:00-05:00,35.68,35.83,33.35,33.66,5001300
2019-02-21 19:00:00-05:00,33.99,34.08,33.51,33.54,2534600
2019-02-24 19:00:00-05:00,33.36,33.60,33.03,33.12,2821500
2019-02-25 19:00:00-05:00,33.11,33.25,32.26,32.29,2782600
2019-02-26 19:00:00-05:00,32.57,33.03,31.94,32.66,2779000
2019-02-27 19:00:00-05:00,32.82,32.93,32.21,32.22,2384900
2019-02-28 19:00:00-05:00,32.37,33.42,32.33,33.41,2482000
2019-03-03 19:00:00-05:00,33.45,33.61,32.83,33.29,2226100
2019-03-04 19:00:00-05:00,33.25,33.42,32.89,32.97,2047900
2019-03-05 19:00:00-05:00,32.83,32.96,32.25,32.25,2075700
2019-03-06 19:00:00-05:00,32.26,32.48,31.97,32.10,2774600
2019-03-07 19:00:00-05:00,31.49,31.60,30.80,31.55,3018100
2019-03-10 20:00:00-04:00,31.83,32.35,31.65,32.30,2305000
2019-03-11 20:00:00-04:00,32.45,33.07,32.39,32.51,2106300
2019-03-12 20:00:00-04:00,32.78,33.01,32.45,32.65,1744300
2019-03-13 20:00:00-04:00,32.71,33.07,32.38,32.49,1509300
2019-03-14 20:00:00-04:00,32.31,32.38,31.83,32.06,2633500
2019-03-17 20:00:00-04:00,32.13,32.65,32.01,32.63,1648400
2019-03-18 20:00:00-04:00,32.77,32.81,32.37,32.52,1497600
2019-03-19 20:00:00-04:00,32.49,33.41,32.37,33.30,1583600
2019-03-20 20:00:00-04:00,33.14,33.75,33.08,33.64,2051300
2019-03-21 20:00:00-04:00,33.30,33.35,32.60,32.61,1423700
2019-03-24 20:00:00-04:00,32.49,32.67,32.01,32.45,1599900
2019-03-25 20:00:00-04:00,32.81,33.72,32.64,32.81,1485000
2019-03-26 20:00:00-04:00,32.82,33.06,32.48,32.65,1498100
2019-03-27 20:00:00-04:00,32.49,32.85,32.33,32.82,1832600
2019-03-28 20:00:00-04:00,33.35,33.70,32.93,33.27,1896900
2019-03-31 20:00:00-04:00,33.62,34.00,33.27,33.94,1558700
2019-04-01 20:00:00-04:00,34.00,34.16,33.73,33.83,1788700
2019-04-02 20:00:00-04:00,33.98,34.13,32.35,32.49,3145700
2019-04-03 20:00:00-04:00,32.46,32.58,31.73,32.24,2525100
2019-04-04 20:00:00-04:00,32.27,33.00,32.21,32.66,1694600
2019-04-07 20:00:00-04:00,32.66,32.83,32.07,32.29,1571800
2019-04-08 20:00:00-04:00,32.12,32.17,31.63,32.02,2112500
2019-04-09 20:00:00-04:00,32.12,32.16,31.40,31.47,2247600
2019-04-10 20:00:00-04:00,31.42,31.94,31.36,31.54,1571500
2019-04-11 20:00:00-04:00,31.97,32.17,31.76,32.12,2216200
2019-04-14 20:00:00-04:00,32.05,32.17,31.73,32.00,1703700
2019-04-15 20:00:00-04:00,32.03,32.06,31.45,31.72,1707100
2019-04-16 20:00:00-04:00,31.78,32.02,31.52,31.53,1613400
2019-04-17 20:00:00-04:00,31.51,31.53,31.01,31.50,2345300
2019-04-21 20:00:00-04:00,31.81,33.02,31.55,32.81,2461800
2019-04-22 20:00:00-04:00,32.82,33.21,32.46,32.76,2466700
2019-04-23 20:00:00-04:00,32.66,32.70,32.16,32.57,1737400
2019-04-24 20:00:00-04:00,32.64,32.70,32.09,32.21,1416400
2019-04-25 20:00:00-04:00,32.07,32.55,31.85,32.53,1465800
2019-04-28 20:00:00-04:00,32.61,33.51,32.56,33.28,3715400
2019-04-29 20:00:00-04:00,33.52,33.57,32.70,32.87,2089300
2019-04-30 20:00:00-04:00,32.87,33.29,32.62,32.64,1706300
2019-05-01 20:00:00-04:00,32.35,32.56,31.67,32.21,2973200
2019-05-02 20:00:00-04:00,32.37,32.94,32.35,32.64,1731300
2019-05-05 20:00:00-04:00,32.24,32.73,32.17,32.71,2598700
2019-05-06 20:00:00-04:00,32.26,33.65,31.30,33.40,7677500
2019-05-07 20:00:00-04:00,33.16,33.28,32.21,32.29,3063600
2019-05-08 20:00:00-04:00,31.97,32.16,31.17,31.56,2354400
2019-05-09 20:00:00-04:00,31.59,33.23,31.52,33.10,3385400
2019-05-12 20:00:00-04:00,32.76,33.43,32.57,33.11,3432700
2019-05-13 20:00:00-04:00,33.13,34.06,33.12,33.76,2365300
2019-05-14 20:00:00-04:00,33.88,34.49,33.68,34.34,2089500
2019-05-15 20:00:00-04:00,34.50,34.97,34.35,34.60,2446700
2019-05-16 20:00:00-04:00,34.38,34.86,34.22,34.52,1708200
2019-05-19 20:00:00-04:00,34.49,34.63,33.56,33.77,2348400
2019-05-20 20:00:00-04:00,33.93,34.85,33.65,34.52,1707200
2019-05-21 20:00:00-04:00,34.40,34.47,33.77,34.12,1545000
2019-05-22 20:00:00-04:00,33.54,33.54,32.26,32.84,2303700
2019-05-23 20:00:00-04:00,33.21,33.66,32.66,33.12,1999800
2019-05-27 20:00:00-04:00,33.13,33.34,32.18,32.25,2683800
2019-05-28 20:00:00-04:00,31.69,32.12,30.65,32.02,2885300
2019-05-29 20:00:00-04:00,32.11,32.42,31.80,31.96,1827700
2019-05-30 20:00:00-04:00,31.49,31.90,31.30,31.49,2321400
2019-06-02 20:00:00-04:00,31.94,32.97,31.90,32.29,3426500
2019-06-03 20:00:00-04:00,32.52,33.55,32.34,33.38,2357000
2019-06-04 20:00:00-04:00,33.35,33.52,31.88,32.21,2600300
2019-06-05 20:00:00-04:00,32.19,32.53,31.70,31.99,2398600
2019-06-06 20:00:00-04:00,32.14,32.38,31.43,31.55,3019400
2019-06-09 20:00:00-04:00,31.67,31.89,30.94,31.49,2007000
2019-06-10 20:00:00-04:00,31.63,31.81,31.21,31.50,1992800
2019-06-11 20:00:00-04:00,31.25,31.49,30.10,30.27,2952400
2019-06-12 20:00:00-04:00,30.74,31.23,30.29,30.98,2454400
2019-06-13 20:00:00-04:00,30.94,31.03,29.69,29.96,2251900
2019-06-16 20:00:00-04:00,29.88,30.31,29.65,30.07,1712700
2019-06-17 20:00:00-04:00,30.26,31.08,30.26,30.77,2054500
2019-06-18 20:00:00-04:00,30.82,30.86,30.42,30.72,1326200
2019-06-19 20:00:00-04:00,31.31,31.63,31.15,31.57,1930000
2019-06-20 20:00:00-04:00,31.54,32.03,31.32,31.70,2083300
2019-06-23 20:00:00-04:00,31.82,31.93,30.54,30.63,2539100
2019-06-24 20:00:00-04:00,30.63,30.66,30.12,30.51,2930400
2019-06-25 20:00:00-04:00,30.94,31.75,30.86,31.33,3692800
2019-06-26 20:00:00-04:00,31.24,31.64,31.16,31.38,1152300
2019-06-27 20:00:00-04:00,31.48,32.31,31.48,32.14,2103100
2019-06-30 20:00:00-04:00,32.60,32.97,32.36,32.73,2142400
2019-07-01 20:00:00-04:00,32.67,32.79,31.63,32.03,1936800
2019-07-02 20:00:00-04:00,32.07,32.50,31.90,32.46,982800
2019-07-04 20:00:00-04:00,32.46,33.00,32.16,32.95,2038300
2019-07-07 20:00:00-04:00,32.74,33.09,32.35,32.67,1205800
2019-07-08 20:00:00-04:00,32.71,33.31,32.34,33.17,2594600
2019-07-09 20:00:00-04:00,33.40,34.11,33.29,34.09,1795200
2019-07-10 20:00:00-04:00,34.18,34.69,33.96,34.28,1630300
2019-07-11 20:00:00-04:00,34.38,34.58,34.19,34.25,1134500
2019-07-14 20:00:00-04:00,34.18,34.24,33.58,33.70,1103400
2019-07-15 20:00:00-04:00,33.61,33.61,33.10,33.39,1090900
2019-07-16 20:00:00-04:00,33.45,33.45,32.40,32.44,2454200
2019-07-17 20:00:00-04:00,32.39,32.39,31.85,32.06,2048600
2019-07-18 20:00:00-04:00,32.12,32.53,31.82,32.51,1693700
2019-07-21 20:00:00-04:00,32.52,32.88,32.48,32.77,1439200
2019-07-22 20:00:00-04:00,32.74,32.97,32.00,32.39,1922700
2019-07-23 20:00:00-04:00,32.28,33.10,32.10,32.98,2123200
2019-07-24 20:00:00-04:00,33.23,33.54,32.89,32.93,1768800
2019-07-25 20:00:00-04:00,32.98,32.98,32.44,32.65,1350500
2019-07-28 20:00:00-04:00,32.66,32.67,31.79,32.03,2199900
2019-07-29 20:00:00-04:00,32.00,32.76,31.51,32.58,3126800
2019-07-30 20:00:00-04:00,32.60,33.04,32.11,32.61,2457400
2019-07-31 20:00:00-04:00,32.43,32.46,31.30,31.32,2869700
2019-08-01 20:00:00-04:00,31.36,31.72,30.74,31.14,2051500
2019-08-04 20:00:00-04:00,30.52,30.58,29.44,29.76,2019500
2019-08-05 20:00:00-04:00,29.94,30.29,29.24,29.80,2215100
2019-08-06 20:00:00-04:00,29.13,29.32,28.33,28.60,3788100
2019-08-07 20:00:00-04:00,31.30,31.31,29.14,30.14,6496100
2019-08-08 20:00:00-04:00,30.33,30.92,29.86,30.06,2882300
2019-08-11 20:00:00-04:00,29.77,30.02,29.56,29.69,2360800
2019-08-12 20:00:00-04:00,29.53,30.03,29.34,29.80,2045200
2019-08-13 20:00:00-04:00,29.19,29.31,27.70,28.10,3427900
2019-08-14 20:00:00-04:00,28.04,28.20,27.49,27.73,2688200
2019-08-15 20:00:00-04:00,27.87,28.65,27.68,28.56,1622900
2019-08-18 20:00:00-04:00,28.95,29.73,27.49,29.64,1940000
2019-08-19 20:00:00-04:00,29.56,29.88,29.34,29.78,2000200
2019-08-20 20:00:00-04:00,30.19,30.43,29.34,30.06,2417400
2019-08-21 20:00:00-04:00,30.14,30.22,29.42,29.52,2275700
2019-08-22 20:00:00-04:00,29.15,29.19,27.55,27.59,2642000
2019-08-25 20:00:00-04:00,27.98,28.11,27.47,27.63,1817100
2019-08-26 20:00:00-04:00,27.79,27.85,26.82,27.21,2120200
2019-08-27 20:00:00-04:00,27.88,28.75,27.78,28.56,2514000
2019-08-28 20:00:00-04:00,28.79,29.83,28.79,29.76,2034200
2019-08-29 20:00:00-04:00,29.99,30.46,29.80,30.27,3806100
2019-09-02 20:00:00-04:00,29.73,29.81,29.08,29.49,2404400
2019-09-03 20:00:00-04:00,30.01,30.64,29.92,30.43,1954800
2019-09-04 20:00:00-04:00,30.74,31.43,30.65,30.83,3224900
2019-09-05 20:00:00-04:00,30.62,31.45,30.14,31.43,3703900
2019-09-08 20:00:00-04:00,31.85,32.97,31.72,32.95,2702000
2019-09-09 20:00:00-04:00,32.94,33.49,32.52,32.80,4739200
2019-09-10 20:00:00-04:00,32.98,33.59,32.53,33.07,1815900
2019-09-11 20:00:00-04:00,32.51,33.15,32.23,32.92,1980000
2019-09-12 20:00:00-04:00,33.17,33.56,33.02,33.44,1613400
2019-09-15 20:00:00-04:00,34.28,36.44,34.14,36.27,5337300
2019-09-16 20:00:00-04:00,36.15,36.28,34.04,34.63,4240100
2019-09-17 20:00:00-04:00,34.29,34.99,34.07,34.90,2532200
2019-09-18 20:00:00-04:00,35.15,35.16,34.14,34.26,2121000
2019-09-19 20:00:00-04:00,34.36,35.18,34.08,34.73,2672600
2019-09-22 20:00:00-04:00,34.43,34.73,34.11,34.60,1616200
2019-09-23 20:00:00-04:00,34.36,34.49,33.53,33.85,1656300
2019-09-24 20:00:00-04:00,33.58,34.06,33.22,33.48,1851900
2019-09-25 20:00:00-04:00,33.29,33.64,32.97,33.33,1239300
2019-09-26 20:00:00-04:00,33.07,33.65,33.07,33.32,1191000
2019-09-29 20:00:00-04:00,33.32,33.78,33.31,33.67,1475800
2019-09-30 20:00:00-04:00,33.87,34.11,33.17,33.24,1880400
2019-10-01 20:00:00-04:00,33.11,33.22,32.21,32.60,2011000
2019-10-02 20:00:00-04:00,32.36,33.52,32.17,33.47,1727800
2019-10-03 20:00:00-04:00,33.58,34.02,33.40,34.02,1153200
2019-10-06 20:00:00-04:00,33.57,33.86,32.98,33.05,1911100
2019-10-07 20:00:00-04:00,32.61,32.69,31.70,31.75,1963300
2019-10-08 20:00:00-04:00,32.14,32.29,31.65,31.97,1453200
2019-10-09 20:00:00-04:00,32.03,32.60,32.03,32.45,1153000
2019-10-10 20:00:00-04:00,32.95,33.28,32.58,33.07,1255200
2019-10-13 20:00:00-04:00,32.67,32.81,31.98,32.23,1256300
2019-10-14 20:00:00-04:00,32.22,33.12,31.97,32.57,1267000
2019-10-15 20:00:00-04:00,32.45,32.98,32.37,32.63,1039400
2019-10-16 20:00:00-04:00,32.73,32.80,32.34,32.67,1647700
2019-10-17 20:00:00-04:00,32.62,33.51,32.52,33.00,1262500
2019-10-20 20:00:00-04:00,33.08,33.41,32.82,33.01,1279100
2019-10-21 20:00:00-04:00,33.15,34.17,32.80,33.60,1888600
2019-10-22 20:00:00-04:00,33.52,34.31,33.11,34.00,1402700
2019-10-23 20:00:00-04:00,34.20,34.35,33.91,34.15,1044900
2019-10-24 20:00:00-04:00,33.96,34.48,33.79,34.26,1281400
2019-10-27 20:00:00-04:00,34.51,34.90,34.27,34.41,1084700
2019-10-28 20:00:00-04:00,34.22,34.86,33.91,34.43,1084900
2019-10-29 20:00:00-04:00,34.51,34.62,33.69,33.72,1689500
2019-10-30 20:00:00-04:00,33.63,33.78,32.59,33.34,1995700
2019-10-31 20:00:00-04:00,33.63,34.42,33.47,34.40,1382900
2019-11-03 19:00:00-05:00,34.90,35.49,34.46,35.12,2022600
2019-11-04 19:00:00-05:00,35.12,35.38,34.17,34.83,2182500
2019-11-05 19:00:00-05:00,34.59,35.01,33.75,33.85,1998200
2019-11-06 19:00:00-05:00,34.71,35.63,34.00,34.15,3069900
2019-11-07 19:00:00-05:00,33.99,34.55,33.44,34.22,2895500
2019-11-10 19:00:00-05:00,33.68,33.87,33.26,33.62,1828000
2019-11-11 19:00:00-05:00,33.54,33.77,32.99,33.28,2055900
2019-11-12 19:00:00-05:00,33.02,33.37,32.68,32.87,1633800
2019-11-13 19:00:00-05:00,32.92,33.22,32.56,32.61,2196400
2019-11-14 19:00:00-05:00,32.88,33.71,32.81,33.67,1495300
2019-11-17 19:00:00-05:00,33.38,33.73,33.08,33.47,1287200
2019-11-18 19:00:00-05:00,33.29,33.38,31.53,31.82,2309300
2019-11-19 19:00:00-05:00,31.90,33.00,31.77,32.71,2546900
2019-11-20 19:00:00-05:00,32.60,33.08,32.37,33.01,1689600
2019-11-21 19:00:00-05:00,33.00,33.32,32.18,32.18,2016600
2019-11-24 19:00:00-05:00,32.21,32.72,32.09,32.54,1449300
2019-11-25 19:00:00-05:00,32.57,32.69,31.79,31.90,1230900
2019-11-26 19:00:00-05:00,32.12,32.16,31.22,31.64,1802600
2019-11-28 19:00:00-05:00,31.35,31.68,31.20,31.33,1122100
2019-12-01 19:00:00-05:00,31.54,31.76,31.14,31.33,1856000
2019-12-02 19:00:00-05:00,30.87,31.21,30.24,30.82,1492600
2019-12-03 19:00:00-05:00,31.16,31.34,30.31,30.33,2088200
2019-12-04 19:00:00-05:00,30.58,30.58,29.96,30.20,2547700
2019-12-05 19:00:00-05:00,30.27,31.11,30.13,30.73,2416300
2019-12-08 19:00:00-05:00,30.53,31.31,30.49,31.21,2158300
2019-12-09 19:00:00-05:00,31.36,31.88,31.26,31.80,1967400
2019-12-10 19:00:00-05:00,31.93,31.94,31.33,31.61,1705700
2019-12-11 19:00:00-05:00,31.62,32.21,31.62,31.87,1703800
2019-12-12 19:00:00-05:00,32.03,32.12,31.56,31.82,1791000
2019-12-15 19:00:00-05:00,32.08,32.52,31.85,32.17,2029900
2019-12-16 19:00:00-05:00,32.36,32.97,32.35,32.59,5295900
2019-12-17 19:00:00-05:00,32.65,33.52,32.60,33.16,3760100
2019-12-18 19:00:00-05:00,33.26,33.75,32.96,33.59,3310700
2019-12-19 19:00:00-05:00,33.71,34.26,33.47,34.06,4219000
2019-12-22 19:00:00-05:00,33.98,34.83,33.98,34.54,2342700
2019-12-23 19:00:00-05:00,34.64,34.71,34.30,34.57,931000
2019-12-25 19:00:00-05:00,34.72,35.31,34.66,34.90,1533100
2019-12-26 19:00:00-05:00,35.05,35.05,34.54,34.83,1276100
2019-12-29 19:00:00-05:00,34.89,35.26,34.40,34.47,1353200
2019-12-30 19:00:00-05:00,34.17,35.06,34.17,35.01,2188500
2020-01-01 19:00:00-05:00,35.12,35.29,34.49,34.83,1620900
2020-01-02 19:00:00-05:00,35.17,35.37,34.80,35.37,3365300
2020-01-05 19:00:00-05:00,35.31,36.13,35.25,35.90,2325100
2020-01-06 19:00:00-05:00,35.75,36.03,35.53,35.99,1393500
2020-01-07 19:00:00-05:00,35.89,35.89,33.82,33.95,3570400
2020-01-08 19:00:00-05:00,33.89,34.62,33.56,34.61,2478300
2020-01-09 19:00:00-05:00,34.30,34.57,33.98,34.00,2112800
2020-01-12 19:00:00-05:00,34.00,34.46,33.45,34.44,1894100
2020-01-13 19:00:00-05:00,34.65,35.32,34.46,35.07,1843500
2020-01-14 19:00:00-05:00,35.06,35.31,34.88,35.01,1412100
2020-01-15 19:00:00-05:00,35.37,35.79,35.19,35.38,1501400
2020-01-16 19:00:00-05:00,35.46,35.64,35.16,35.40,1467700
2020-01-20 19:00:00-05:00,35.06,35.27,34.42,34.49,2069500
2020-01-21 19:00:00-05:00,34.49,34.73,33.67,33.75,1933000
2020-01-22 19:00:00-05:00,33.39,33.85,32.73,33.76,2922800
2020-01-23 19:00:00-05:00,33.58,33.72,32.73,33.17,1356500
2020-01-26 19:00:00-05:00,32.32,32.73,32.02,32.20,1586200
2020-01-27 19:00:00-05:00,32.52,33.02,32.23,32.81,1308300
2020-01-28 19:00:00-05:00,33.05,33.12,32.57,32.63,1308400
2020-01-29 19:00:00-05:00,32.19,32.62,32.02,32.52,1846000
2020-01-30 19:00:00-05:00,32.11,32.18,31.58,32.07,1714600
2020-02-02 19:00:00-05:00,31.97,32.42,31.86,32.12,1375800
2020-02-03 19:00:00-05:00,32.76,33.31,32.68,33.02,1779000
2020-02-04 19:00:00-05:00,33.57,34.40,33.57,33.69,2410500
2020-02-05 19:00:00-05:00,33.65,33.87,33.28,33.31,1411500
2020-02-06 19:00:00-05:00,32.99,33.17,32.66,32.75,1094800
2020-02-09 19:00:00-05:00,32.42,32.67,30.91,31.07,2626400
2020-02-10 19:00:00-05:00,31.50,32.31,31.50,31.83,1748300
2020-02-11 19:00:00-05:00,32.39,32.68,32.00,32.40,1603500
2020-02-12 19:00:00-05:00,32.23,32.80,31.87,32.08,1617600
2020-02-13 19:00:00-05:00,32.31,32.52,32.02,32.41,1631700
2020-02-17 19:00:00-05:00,32.17,32.55,32.12,32.38,1725200
2020-02-18 19:00:00-05:00,32.51,32.74,32.00,32.46,2485300
2020-02-19 19:00:00-05:00,34.89,35.29,34.17,34.66,5043300
2020-02-20 19:00:00-05:00,34.59,35.00,34.08,34.39,3776600
2020-02-23 19:00:00-05:00,33.03,33.50,32.09,33.17,2506800
2020-02-24 19:00:00-05:00,33.39,33.61,31.20,31.34,2457000
2020-02-25 19:00:00-05:00,31.63,31.97,30.24,30.52,3200100
2020-02-26 19:00:00-05:00,29.64,29.96,27.90,28.35,4686900
2020-02-27 19:00:00-05:00,27.10,28.48,26.32,28.47,3736300
2020-03-01 19:00:00-05:00,28.98,29.86,28.20,29.79,2976300
2020-03-02 19:00:00-05:00,30.12,30.79,28.46,29.05,2998200
2020-03-03 19:00:00-05:00,29.91,30.04,28.86,29.84,2388200
2020-03-04 19:00:00-05:00,28.81,29.32,28.08,28.55,2258300
2020-03-05 19:00:00-05:00,27.39,27.42,24.16,24.48,4463000
2020-03-08 20:00:00-04:00,18.76,18.76,11.23,11.53,14856900
2020-03-09 20:00:00-04:00,14.06,14.10,9.82,12.43,11968000
2020-03-10 20:00:00-04:00,11.95,13.20,11.14,12.70,6876700
2020-03-11 20:00:00-04:00,11.49,11.52,9.33,9.77,6777500
2020-03-12 20:00:00-04:00,10.87,11.09,8.74,10.96,8029200
2020-03-15 20:00:00-04:00,9.51,10.50,8.37,8.64,5371000
2020-03-16 20:00:00-04:00,8.66,8.75,6.09,6.33,8110100
2020-03-17 20:00:00-04:00,5.62,5.69,3.22,4.16,12363700
2020-03-18 20:00:00-04:00,4.20,6.11,4.01,5.61,12669700
2020-03-19 20:00:00-04:00,5.79,6.73,5.71,6.41,10565100
2020-03-22 20:00:00-04:00,6.35,6.59,4.84,6.24,6707500
2020-03-23 20:00:00-04:00,6.87,7.12,6.02,7.05,6001900
2020-03-24 20:00:00-04:00,7.16,8.35,6.22,7.19,6051700
2020-03-25 20:00:00-04:00,7.18,7.60,6.61,6.72,6119200
2020-03-26 20:00:00-04:00,6.41,6.50,5.72,6.14,7465700
2020-03-29 20:00:00-04:00,5.92,5.92,4.61,5.69,12807700
2020-03-30 20:00:00-04:00,5.91,6.23,5.46,6.07,10280900
2020-03-31 20:00:00-04:00,5.64,5.67,4.83,5.17,7578000
2020-04-01 20:00:00-04:00,5.28,6.26,5.26,5.55,8426900
2020-04-02 20:00:00-04:00,5.94,6.08,4.97,5.56,6516500
2020-04-05 20:00:00-04:00,5.90,6.88,5.53,6.33,6954400
2020-04-06 20:00:00-04:00,6.93,7.85,6.72,6.91,8605600
2020-04-07 20:00:00-04:00,7.08,7.46,6.79,7.02,8020300
2020-04-08 20:00:00-04:00,7.70,8.49,7.12,7.56,8643400
2020-04-12 20:00:00-04:00,8.05,8.13,7.21,7.51,6772800
2020-04-13 20:00:00-04:00,7.22,7.82,7.08,7.63,5382100
2020-04-14 20:00:00-04:00,7.16,7.31,6.72,7.02,4751600
2020-04-15 20:00:00-04:00,6.98,6.99,6.61,6.75,3675000
2020-04-16 20:00:00-04:00,6.94,7.22,6.76,6.97,9190200
2020-04-19 20:00:00-04:00,6.44,7.29,6.33,6.92,8343100
2020-04-20 20:00:00-04:00,6.48,6.98,6.38,6.89,8309100
2020-04-21 20:00:00-04:00,7.32,7.41,6.76,7.29,7614400
2020-04-22 20:00:00-04:00,7.63,8.21,7.56,8.14,7322000
2020-04-23 20:00:00-04:00,8.28,8.74,8.03,8.54,6222700
2020-04-26 20:00:00-04:00,8.36,8.86,7.99,8.82,5171300
2020-04-27 20:00:00-04:00,9.17,9.59,8.73,9.29,5994000
2020-04-28 20:00:00-04:00,9.81,10.81,9.56,10.74,5356300
2020-04-29 20:00:00-04:00,11.09,11.60,10.21,11.48,6994600
2020-04-30 20:00:00-04:00,11.07,11.26,10.19,10.46,4932200
2020-05-03 20:00:00-04:00,9.78,11.03,9.75,10.59,4565200
2020-05-04 20:00:00-04:00,11.41,11.41,10.78,11.03,4276400
2020-05-05 20:00:00-04:00,10.90,11.23,10.28,10.33,3580800
2020-05-06 20:00:00-04:00,11.01,12.35,10.71,11.89,6504700
2020-05-07 20:00:00-04:00,12.23,12.49,11.82,12.22,6399500
2020-05-10 20:00:00-04:00,12.10,12.22,11.64,11.85,5590300
2020-05-11 20:00:00-04:00,12.03,13.49,11.94,12.77,6122000
2020-05-12 20:00:00-04:00,12.51,12.89,11.89,12.47,6336100
2020-05-13 20:00:00-04:00,12.15,13.22,11.60,12.57,5232200
2020-05-14 20:00:00-04:00,12.57,13.56,12.41,13.31,3867800
2020-05-17 20:00:00-04:00,14.64,15.73,14.47,15.45,5714900
2020-05-18 20:00:00-04:00,15.48,15.71,14.62,14.81,5763900
2020-05-19 20:00:00-04:00,15.28,15.92,15.12,15.38,4907200
2020-05-20 20:00:00-04:00,15.52,15.74,15.09,15.33,4452900
2020-05-21 20:00:00-04:00,15.13,16.02,14.74,15.98,3416300
2020-05-25 20:00:00-04:00,17.02,17.22,16.10,16.19,3669600
2020-05-26 20:00:00-04:00,16.21,16.58,15.55,16.32,4479900
2020-05-27 20:00:00-04:00,16.43,16.71,15.62,16.23,4370300
2020-05-28 20:00:00-04:00,15.87,16.24,15.35,15.85,16923000
2020-05-31 20:00:00-04:00,15.78,16.37,15.46,16.20,4885900
2020-06-01 20:00:00-04:00,16.49,17.18,16.24,17.16,4336500
2020-06-02 20:00:00-04:00,17.72,18.31,17.40,18.13,5412400
2020-06-03 20:00:00-04:00,18.39,19.61,18.21,19.41,5261500
2020-06-04 20:00:00-04:00,21.14,21.61,20.50,20.74,4203100
2020-06-07 20:00:00-04:00,22.00,23.18,21.61,23.16,4715100
2020-06-08 20:00:00-04:00,22.07,22.23,21.29,21.46,4973700
2020-06-09 20:00:00-04:00,21.00,21.14,19.71,20.30,4292500
2020-06-10 20:00:00-04:00,18.27,18.60,16.49,17.30,4633700
2020-06-11 20:00:00-04:00,18.84,18.85,16.65,17.39,5819100
2020-06-14 20:00:00-04:00,15.92,19.66,15.63,19.45,3841500
2020-06-15 20:00:00-04:00,20.83,20.86,19.05,20.22,3932500
2020-06-16 20:00:00-04:00,20.02,20.10,18.77,18.81,2549800
2020-06-17 20:00:00-04:00,18.57,19.47,18.36,19.24,2302100
2020-06-18 20:00:00-04:00,19.97,20.07,18.21,18.26,4963400
2020-06-21 20:00:00-04:00,18.17,18.50,17.50,18.48,2884500
2020-06-22 20:00:00-04:00,19.03,19.06,18.10,18.19,2670800
2020-06-23 20:00:00-04:00,17.73,18.06,16.31,16.94,3057700
2020-06-24 20:00:00-04:00,16.65,17.68,16.35,17.31,2185300
2020-06-25 20:00:00-04:00,16.71,17.05,15.70,16.10,4622300
2020-06-28 20:00:00-04:00,16.18,16.79,15.87,16.64,2427900
2020-06-29 20:00:00-04:00,16.45,17.81,16.31,17.78,4051000
2020-06-30 20:00:00-04:00,17.81,18.35,16.69,17.00,2977900
2020-07-01 20:00:00-04:00,17.46,17.61,16.70,16.89,2074300
2020-07-05 20:00:00-04:00,17.27,18.12,16.35,16.94,4795800
2020-07-06 20:00:00-04:00,16.62,17.38,16.25,16.72,4258700
2020-07-07 20:00:00-04:00,16.81,17.14,16.21,16.34,3807900
2020-07-08 20:00:00-04:00,16.41,16.41,15.23,15.30,2320400
2020-07-09 20:00:00-04:00,15.11,15.84,14.69,15.82,3051300
2020-07-12 20:00:00-04:00,15.92,16.21,15.01,15.15,2911800
2020-07-13 20:00:00-04:00,15.01,15.92,14.78,15.81,3085900
2020-07-14 20:00:00-04:00,16.36,16.95,15.92,16.89,2794800
2020-07-15 20:00:00-04:00,16.65,17.26,16.21,16.94,2319700
2020-07-16 20:00:00-04:00,16.93,17.49,16.42,16.44,2266500
2020-07-19 20:00:00-04:00,16.35,16.87,16.18,16.18,1371500
2020-07-20 20:00:00-04:00,16.56,17.62,16.56,17.41,2893800
2020-07-21 20:00:00-04:00,17.05,17.06,16.66,16.96,1836800
2020-07-22 20:00:00-04:00,16.71,17.07,16.41,16.87,1910500
2020-07-23 20:00:00-04:00,16.82,17.08,16.56,16.64,1283600
2020-07-26 20:00:00-04:00,16.18,16.49,15.98,16.06,1717400
2020-07-27 20:00:00-04:00,15.92,16.31,15.82,15.86,1753300
2020-07-28 20:00:00-04:00,15.98,17.03,15.88,16.95,1727100
2020-07-29 20:00:00-04:00,16.51,16.71,16.17,16.63,1685200
2020-07-30 20:00:00-04:00,16.59,16.74,15.77,16.28,3048100
2020-08-02 20:00:00-04:00,16.23,16.85,16.00,16.73,1618500
2020-08-03 20:00:00-04:00,16.69,17.68,16.67,17.57,1910500
2020-08-04 20:00:00-04:00,18.05,18.44,17.74,17.95,3152200
2020-08-05 20:00:00-04:00,17.31,18.29,17.07,17.24,3035000
2020-08-06 20:00:00-04:00,17.10,17.84,16.97,17.46,2631300
2020-08-09 20:00:00-04:00,17.64,18.29,17.64,18.20,2193900
2020-08-10 20:00:00-04:00,18.70,18.78,17.40,17.46,4125500
2020-08-11 20:00:00-04:00,17.80,18.20,17.47,17.83,2463400
2020-08-12 20:00:00-04:00,17.71,17.81,16.89,17.11,1757600
2020-08-13 20:00:00-04:00,17.14,17.78,16.98,17.78,2047000
2020-08-16 20:00:00-04:00,17.79,17.99,17.16,17.45,2619000
2020-08-17 20:00:00-04:00,17.27,17.28,16.30,16.44,2799500
2020-08-18 20:00:00-04:00,16.57,17.03,16.34,16.35,2208300
2020-08-19 20:00:00-04:00,16.16,16.74,16.03,16.53,2764300
2020-08-20 20:00:00-04:00,16.57,16.57,15.98,16.38,2335200
2020-08-23 20:00:00-04:00,16.51,16.74,16.22,16.30,2178000
2020-08-24 20:00:00-04:00,16.42,16.56,15.65,15.95,2525600
2020-08-25 20:00:00-04:00,16.01,16.01,15.22,15.23,2117900
2020-08-26 20:00:00-04:00,15.19,15.60,15.10,15.56,2169100
2020-08-27 20:00:00-04:00,15.64,15.93,15.38,15.82,1737000
2020-08-30 20:00:00-04:00,15.76,15.76,15.11,15.15,1901000
2020-08-31 20:00:00-04:00,15.21,15.39,14.91,15.11,1749900
2020-09-01 20:00:00-04:00,15.03,15.35,14.92,15.13,2096300
2020-09-02 20:00:00-04:00,15.08,15.21,14.49,14.66,2455800
2020-09-03 20:00:00-04:00,14.73,14.86,13.79,14.55,2650500
2020-09-07 20:00:00-04:00,14.10,14.25,13.61,13.77,2352000
2020-09-08 20:00:00-04:00,14.07,14.07,13.48,13.73,2286300
2020-09-09 20:00:00-04:00,13.79,14.01,13.26,13.27,2122200
2020-09-10 20:00:00-04:00,13.26,13.41,13.02,13.10,2453100
2020-09-13 20:00:00-04:00,13.24,13.75,12.72,13.56,2770900
2020-09-14 20:00:00-04:00,13.64,13.73,13.26,13.38,2411400
2020-09-15 20:00:00-04:00,13.56,14.69,13.49,14.38,2672300
2020-09-16 20:00:00-04:00,14.06,14.43,13.70,14.25,2090500
2020-09-17 20:00:00-04:00,14.19,14.22,13.46,13.68,5801100
2020-09-20 20:00:00-04:00,13.19,13.24,12.64,13.08,2212700
2020-09-21 20:00:00-04:00,13.01,13.52,12.76,12.99,2417300
2020-09-22 20:00:00-04:00,13.06,13.34,12.48,12.48,2997500
2020-09-23 20:00:00-04:00,12.48,12.60,11.65,12.43,3372400
2020-09-24 20:00:00-04:00,12.60,13.00,12.27,12.61,2577500
2020-09-27 20:00:00-04:00,12.89,13.19,12.70,13.05,1963500
2020-09-28 20:00:00-04:00,13.00,13.19,12.73,13.02,2799800
2020-09-29 20:00:00-04:00,13.10,13.24,12.46,12.49,3459000
2020-09-30 20:00:00-04:00,12.34,12.51,11.88,12.09,3401500
2020-10-01 20:00:00-04:00,11.84,12.94,11.77,12.74,3409700
2020-10-04 20:00:00-04:00,13.70,14.20,13.53,14.11,4348900
2020-10-05 20:00:00-04:00,14.56,14.66,13.61,13.85,3946900
2020-10-06 20:00:00-04:00,13.86,14.58,13.86,14.40,3232900
2020-10-07 20:00:00-04:00,14.59,15.28,14.29,15.23,2465100
2020-10-08 20:00:00-04:00,15.45,15.62,14.87,14.93,2955700
2020-10-11 20:00:00-04:00,14.85,15.10,14.72,14.96,2328200
2020-10-12 20:00:00-04:00,14.82,15.30,14.70,15.03,2358500
2020-10-13 20:00:00-04:00,15.10,16.16,15.10,15.43,3058500
2020-10-14 20:00:00-04:00,14.99,15.45,14.72,15.38,2364600
2020-10-15 20:00:00-04:00,15.33,15.45,14.73,14.74,1420900
2020-10-18 20:00:00-04:00,14.89,14.93,14.24,14.27,2228400
2020-10-19 20:00:00-04:00,14.51,15.19,14.35,14.93,2534100
2020-10-20 20:00:00-04:00,14.83,14.92,14.52,14.68,1656300
2020-10-21 20:00:00-04:00,14.67,15.70,14.67,15.30,2887300
2020-10-22 20:00:00-04:00,15.38,15.45,14.97,15.24,1961300
2020-10-25 20:00:00-04:00,14.97,15.00,14.19,14.30,2318500
2020-10-26 20:00:00-04:00,14.33,14.64,14.13,14.56,2488800
2020-10-27 20:00:00-04:00,14.11,14.33,13.85,14.03,2792300
2020-10-28 20:00:00-04:00,13.85,14.42,13.63,14.35,5298800
2020-10-29 20:00:00-04:00,14.29,14.54,14.11,14.38,3548200
2020-11-01 19:00:00-05:00,14.55,14.68,14.32,14.40,2899400
2020-11-02 19:00:00-05:00,14.79,15.20,14.55,14.87,2556800
2020-11-03 19:00:00-05:00,14.96,15.42,14.32,14.98,2866200
2020-11-04 19:00:00-05:00,15.07,16.10,15.07,15.90,3703700
2020-11-05 19:00:00-05:00,16.25,16.49,15.15,15.19,2936400
2020-11-08 19:00:00-05:00,17.07,18.15,16.90,17.54,4231300
2020-11-09 19:00:00-05:00,17.85,18.17,17.14,18.14,3664900
2020-11-10 19:00:00-05:00,18.35,18.71,17.91,18.14,2676700
2020-11-11 19:00:00-05:00,17.82,18.62,17.73,17.91,3138500
2020-11-12 19:00:00-05:00,18.16,18.61,17.99,18.40,2037600
2020-11-15 19:00:00-05:00,19.72,19.81,18.99,19.34,2384300
2020-11-16 19:00:00-05:00,18.85,20.35,18.83,20.30,2358900
2020-11-17 19:00:00-05:00,20.51,21.28,20.31,20.33,3743200
2020-11-18 19:00:00-05:00,19.98,20.90,19.68,20.83,2774700
2020-11-19 19:00:00-05:00,20.83,21.23,20.44,20.68,2146900
2020-11-22 19:00:00-05:00,21.20,22.21,20.96,22.19,2513200
2020-11-23 19:00:00-05:00,22.96,23.57,22.38,22.58,3075800
2020-11-24 19:00:00-05:00,22.23,22.90,21.99,22.39,1987500
2020-11-26 19:00:00-05:00,22.14,22.66,21.88,21.96,799800
2020-11-29 19:00:00-05:00,22.06,22.15,20.95,21.06,3128900
2020-11-30 19:00:00-05:00,21.78,22.04,20.91,21.16,1762300
2020-12-01 19:00:00-05:00,21.19,22.11,21.02,21.66,2357200
2020-12-02 19:00:00-05:00,22.14,22.74,21.75,22.31,2502000
2020-12-03 19:00:00-05:00,22.80,23.97,22.77,23.77,2925800
2020-12-06 19:00:00-05:00,23.66,23.67,22.74,23.05,2318500
2020-12-07 19:00:00-05:00,22.81,24.00,22.76,23.54,2275300
2020-12-08 19:00:00-05:00,24.02,24.23,22.92,23.30,1864800
2020-12-09 19:00:00-05:00,23.29,25.16,23.27,25.15,2421300
2020-12-10 19:00:00-05:00,24.80,25.33,24.32,25.32,2473200
2020-12-13 19:00:00-05:00,25.71,25.71,24.59,24.59,3456900
2020-12-14 19:00:00-05:00,24.64,25.27,24.28,25.25,1745500
2020-12-15 19:00:00-05:00,25.42,25.51,24.75,25.34,1998300
2020-12-16 19:00:00-05:00,25.55,25.67,24.49,24.87,2374400
2020-12-17 19:00:00-05:00,24.60,24.99,23.90,24.15,5058300
2020-12-20 19:00:00-05:00,23.52,24.47,23.25,24.27,1923300
2020-12-21 19:00:00-05:00,24.24,24.56,23.86,23.89,1098200
2020-12-22 19:00:00-05:00,24.17,24.54,23.96,24.06,1523200
2020-12-23 19:00:00-05:00,23.94,24.10,23.39,23.79,504700
2020-12-27 19:00:00-05:00,23.91,24.01,22.85,23.06,1604600
2020-12-28 19:00:00-05:00,23.25,23.52,22.85,23.41,1534300
2020-12-29 19:00:00-05:00,23.37,23.94,23.23,23.46,1687900
2020-12-30 19:00:00-05:00,23.35,23.74,23.12,23.64,1457400
2021-01-03 19:00:00-05:00,24.01,24.38,23.17,23.44,1750100
2021-01-04 19:00:00-05:00,23.71,25.34,23.58,24.90,2210000
2021-01-05 19:00:00-05:00,25.53,25.78,24.71,25.59,2528300
2021-01-06 19:00:00-05:00,25.94,27.42,25.72,27.31,4857800
2021-01-07 19:00:00-05:00,27.60,27.66,25.86,26.17,2506900
2021-01-10 19:00:00-05:00,25.50,26.40,25.29,26.18,1747500
2021-01-11 19:00:00-05:00,26.44,27.84,26.38,27.79,2037400
2021-01-12 19:00:00-05:00,28.27,28.31,27.32,27.50,1921200
2021-01-13 19:00:00-05:00,27.67,28.21,27.51,27.84,1647100
2021-01-14 19:00:00-05:00,27.42,27.58,26.71,26.91,1586600
2021-01-18 19:00:00-05:00,27.06,27.21,26.80,26.96,1402200
2021-01-19 19:00:00-05:00,27.34,27.44,26.34,26.68,1648700
2021-01-20 19:00:00-05:00,26.79,26.88,25.13,25.78,2050700
2021-01-21 19:00:00-05:00,25.33,25.83,25.09,25.78,1581000
2021-01-24 19:00:00-05:00,25.37,25.37,24.30,25.07,1678200
2021-01-25 19:00:00-05:00,25.33,25.83,24.64,24.73,2274400
2021-01-26 19:00:00-05:00,24.19,24.85,23.88,24.19,2357500
2021-01-27 19:00:00-05:00,24.61,25.40,24.31,25.14,1989900
2021-01-28 19:00:00-05:00,24.80,25.85,24.38,24.62,1725600
2021-01-31 19:00:00-05:00,24.99,25.34,24.26,25.18,1605500
2021-02-01 19:00:00-05:00,25.91,26.64,25.60,26.27,2342100
2021-02-02 19:00:00-05:00,26.56,27.32,26.56,27.01,1761500
2021-02-03 19:00:00-05:00,27.12,27.30,26.58,26.81,1345800
2021-02-04 19:00:00-05:00,27.38,27.56,26.96,27.19,1423900
2021-02-07 19:00:00-05:00,27.83,28.20,27.49,28.11,1626000
2021-02-08 19:00:00-05:00,27.75,27.93,27.08,27.26,1369700
2021-02-09 19:00:00-05:00,27.27,27.96,26.86,27.93,1224100
2021-02-10 19:00:00-05:00,28.07,28.07,26.80,27.36,1149400
2021-02-11 19:00:00-05:00,27.05,27.85,27.00,27.65,1608500
2021-02-15 19:00:00-05:00,28.24,28.61,27.72,27.92,1520000
2021-02-16 19:00:00-05:00,27.97,28.24,27.23,27.87,1750200
2021-02-17 19:00:00-05:00,27.64,28.32,26.47,26.58,2702500
2021-02-18 19:00:00-05:00,26.67,26.98,26.27,26.95,1838500
2021-02-21 19:00:00-05:00,26.98,28.21,26.84,27.31,1772600
2021-02-22 19:00:00-05:00,27.26,28.27,26.16,28.17,2138700
2021-02-23 19:00:00-05:00,28.42,30.08,27.99,29.27,3063500
2021-02-24 19:00:00-05:00,29.34,29.82,28.31,28.69,2256600
2021-02-25 19:00:00-05:00,28.39,28.87,27.11,27.82,2061000
2021-02-28 19:00:00-05:00,28.58,29.32,28.49,28.83,1833000
2021-03-01 19:00:00-05:00,28.89,29.31,28.47,28.93,1074100
2021-03-02 19:00:00-05:00,29.23,29.67,29.03,29.03,1489300
2021-03-03 19:00:00-05:00,29.30,30.77,28.89,30.04,1982800
2021-03-04 19:00:00-05:00,30.88,31.28,29.72,31.07,2305600
2021-03-07 19:00:00-05:00,31.20,31.72,30.25,30.87,1834200
2021-03-08 19:00:00-05:00,30.85,31.06,30.00,30.03,1800100
2021-03-09 19:00:00-05:00,30.26,31.09,29.81,30.94,1327800
2021-03-10 19:00:00-05:00,30.95,31.42,30.66,30.97,1363600
2021-03-11 19:00:00-05:00,31.24,31.39,30.68,31.27,1160400
2021-03-14 20:00:00-04:00,31.28,31.48,30.44,30.56,1943100
2021-03-15 20:00:00-04:00,30.17,30.23,29.37,29.63,1138600
2021-03-16 20:00:00-04:00,29.37,30.03,29.09,29.99,1586900
2021-03-17 20:00:00-04:00,30.26,30.38,28.91,29.13,1913100
2021-03-18 20:00:00-04:00,28.96,29.88,28.72,29.18,2737800
2021-03-21 20:00:00-04:00,29.38,29.57,28.59,28.79,1684400
2021-03-22 20:00:00-04:00,28.20,28.47,27.32,27.63,2122200
2021-03-23 20:00:00-04:00,28.02,28.63,27.85,28.09,2024500
2021-03-24 20:00:00-04:00,27.49,28.78,26.94,28.64,1788800
2021-03-25 20:00:00-04:00,29.42,29.67,28.77,29.18,1373000
2021-03-28 20:00:00-04:00,28.90,29.05,28.06,28.48,1474800
2021-03-29 20:00:00-04:00,28.11,28.69,27.66,28.57,1412600
2021-03-30 20:00:00-04:00,28.50,28.96,28.08,28.56,1823800
2021-03-31 20:00:00-04:00,28.85,28.93,27.87,28.87,1644500
2021-04-04 20:00:00-04:00,28.83,28.88,27.75,28.13,1896000
2021-04-05 20:00:00-04:00,28.18,29.02,27.52,28.02,1662400
2021-04-06 20:00:00-04:00,28.02,28.99,27.93,28.98,1622700
2021-04-07 20:00:00-04:00,28.72,28.77,27.81,28.34,1237500
2021-04-08 20:00:00-04:00,28.21,28.32,27.61,27.92,1317600
2021-04-11 20:00:00-04:00,28.18,28.53,27.97,28.13,1027700
2021-04-12 20:00:00-04:00,28.08,28.67,27.53,28.46,1587900
2021-04-13 20:00:00-04:00,29.25,29.78,28.83,29.54,1661900
2021-04-14 20:00:00-04:00,29.72,30.11,29.17,29.99,1189000
2021-04-15 20:00:00-04:00,30.24,30.37,29.90,30.02,1628500
2021-04-18 20:00:00-04:00,29.75,30.28,29.56,29.66,1498900
2021-04-19 20:00:00-04:00,29.61,29.61,28.21,28.99,2024300
2021-04-20 20:00:00-04:00,28.62,29.50,28.35,29.42,1183600
2021-04-21 20:00:00-04:00,29.54,29.73,29.13,29.47,1513400
2021-04-22 20:00:00-04:00,29.62,30.54,29.33,30.52,1494600
2021-04-25 20:00:00-04:00,30.60,31.07,30.41,30.75,1678300
2021-04-26 20:00:00-04:00,30.70,31.03,30.21,30.50,1412700
2021-04-27 20:00:00-04:00,30.70,31.36,30.70,31.06,1872000
2021-04-28 20:00:00-04:00,31.38,31.66,30.55,31.39,2166800
2021-04-29 20:00:00-04:00,30.99,31.81,30.99,31.29,2260900
2021-05-02 20:00:00-04:00,31.68,32.23,31.40,32.06,2894700
2021-05-03 20:00:00-04:00,32.13,32.53,31.76,32.00,1854000
2021-05-04 20:00:00-04:00,32.46,33.36,32.06,32.86,1962600
2021-05-05 20:00:00-04:00,32.94,33.88,32.64,33.52,3166000
2021-05-06 20:00:00-04:00,33.53,34.68,33.22,34.48,2115800
2021-05-09 20:00:00-04:00,34.73,35.11,34.01,34.03,1806000
2021-05-10 20:00:00-04:00,33.30,34.14,32.70,33.87,2313900
2021-05-11 20:00:00-04:00,34.28,35.14,33.82,34.05,1867700
2021-05-12 20:00:00-04:00,33.54,34.45,32.94,33.81,1795600
2021-05-13 20:00:00-04:00,34.35,34.92,34.19,34.74,1433700
2021-05-16 20:00:00-04:00,34.68,35.36,34.45,35.22,1329400
2021-05-17 20:00:00-04:00,35.22,35.43,34.71,34.74,1143300
2021-05-18 20:00:00-04:00,34.01,34.58,33.58,34.38,1539900
2021-05-19 20:00:00-04:00,34.38,35.01,33.77,34.86,1100400
2021-05-20 20:00:00-04:00,35.13,35.38,34.78,34.78,1459200
2021-05-23 20:00:00-04:00,34.93,35.19,34.39,34.86,1218200
2021-05-24 20:00:00-04:00,34.72,34.92,33.49,33.63,2057900
2021-05-25 20:00:00-04:00,33.82,34.44,33.63,34.17,1188200
2021-05-26 20:00:00-04:00,34.28,35.00,34.26,34.96,2529000
2021-05-27 20:00:00-04:00,35.18,35.22,34.73,35.05,1315500
2021-05-31 20:00:00-04:00,35.77,36.14,35.26,35.97,1608700
2021-06-01 20:00:00-04:00,36.08,36.82,35.78,36.61,1525100
2021-06-02 20:00:00-04:00,36.58,37.33,36.32,37.16,1523300
2021-06-03 20:00:00-04:00,40.96,41.91,40.30,41.73,11428800
2021-06-06 20:00:00-04:00,41.83,43.61,41.76,42.70,7494600
2021-06-07 20:00:00-04:00,42.61,43.56,42.04,42.51,40189300
2021-06-08 20:00:00-04:00,42.39,42.83,40.63,40.78,4165800
2021-06-09 20:00:00-04:00,41.27,42.10,40.68,41.99,2515200
2021-06-10 20:00:00-04:00,42.17,42.57,42.02,42.33,1933800
2021-06-13 20:00:00-04:00,42.72,43.44,42.00,42.46,2161300
2021-06-14 20:00:00-04:00,42.91,43.54,42.47,43.02,2442000
2021-06-15 20:00:00-04:00,42.91,44.34,42.76,44.16,2603500
2021-06-16 20:00:00-04:00,44.09,44.38,40.55,40.91,3108200
2021-06-17 20:00:00-04:00,40.26,40.91,39.71,39.85,3547700
2021-06-20 20:00:00-04:00,40.58,41.40,40.32,41.23,1870600
2021-06-21 20:00:00-04:00,40.78,41.18,39.89,40.94,1979400
2021-06-22 20:00:00-04:00,41.36,41.62,40.81,40.81,1533000
2021-06-23 20:00:00-04:00,41.09,41.21,40.60,41.12,1591400
2021-06-24 20:00:00-04:00,41.28,41.39,40.65,40.87,2508100
2021-06-27 20:00:00-04:00,40.59,40.70,39.04,39.73,2466500
2021-06-28 20:00:00-04:00,40.08,40.35,39.58,39.60,1161100
2021-06-29 20:00:00-04:00,39.60,40.52,39.56,40.09,1625400
2021-06-30 20:00:00-04:00,40.87,41.13,39.94,40.39,1336700
2021-07-01 20:00:00-04:00,40.18,40.53,39.73,40.41,940200
2021-07-05 20:00:00-04:00,40.38,40.39,39.11,39.67,1471200
2021-07-06 20:00:00-04:00,39.52,40.11,38.74,38.91,1975200
2021-07-07 20:00:00-04:00,38.22,39.54,37.97,39.06,1461900
2021-07-08 20:00:00-04:00,39.55,40.66,39.14,40.63,1281900
2021-07-11 20:00:00-04:00,40.00,40.64,39.72,40.28,1301200
2021-07-12 20:00:00-04:00,39.98,40.23,39.69,40.04,1965900
2021-07-13 20:00:00-04:00,40.48,41.13,38.62,38.81,1794200
2021-07-14 20:00:00-04:00,38.19,38.57,37.50,37.87,1894900
2021-07-15 20:00:00-04:00,38.37,38.37,37.18,37.28,1433600
2021-07-18 20:00:00-04:00,35.87,36.51,35.01,36.12,2341400
2021-07-19 20:00:00-04:00,36.54,37.61,35.85,37.41,2443600
2021-07-20 20:00:00-04:00,38.14,39.34,38.14,38.63,1774200
2021-07-21 20:00:00-04:00,38.63,38.86,38.02,38.63,823300
2021-07-22 20:00:00-04:00,38.38,38.59,37.85,38.35,954700
2021-07-25 20:00:00-04:00,38.73,39.33,38.60,39.23,1247400
2021-07-26 20:00:00-04:00,38.80,38.81,37.50,37.96,956100
2021-07-27 20:00:00-04:00,38.33,39.02,37.48,38.66,982200
2021-07-28 20:00:00-04:00,38.90,39.13,38.38,38.81,709200
2021-07-29 20:00:00-04:00,38.57,38.90,37.95,38.07,808400
2021-08-01 20:00:00-04:00,38.27,39.23,37.55,37.55,909300
2021-08-02 20:00:00-04:00,37.34,38.08,36.44,38.08,1352600
2021-08-03 20:00:00-04:00,37.33,38.47,36.89,37.44,1607900
2021-08-04 20:00:00-04:00,35.62,39.32,35.31,38.33,1650200
2021-08-05 20:00:00-04:00,38.88,39.26,38.61,38.77,1170200
2021-08-08 20:00:00-04:00,38.17,38.80,37.70,38.55,956900
2021-08-09 20:00:00-04:00,38.80,40.39,38.65,40.14,1599900
2021-08-10 20:00:00-04:00,39.72,40.04,39.01,39.95,1669000
2021-08-11 20:00:00-04:00,40.08,40.49,39.56,40.07,723000
2021-08-12 20:00:00-04:00,39.83,40.07,39.42,39.73,1039400
2021-08-15 20:00:00-04:00,39.41,39.84,38.84,38.89,1442100
2021-08-16 20:00:00-04:00,38.49,39.54,38.29,39.08,1951800
2021-08-17 20:00:00-04:00,39.08,39.27,38.27,38.39,1565800
2021-08-18 20:00:00-04:00,37.65,38.16,36.63,37.18,1923500
2021-08-19 20:00:00-04:00,37.00,37.86,36.75,37.84,1007700
2021-08-22 20:00:00-04:00,38.81,39.37,38.75,38.94,1082400
2021-08-23 20:00:00-04:00,39.45,39.86,39.13,39.70,1188400
2021-08-24 20:00:00-04:00,39.60,40.47,39.25,40.11,1281900
2021-08-25 20:00:00-04:00,39.91,40.11,39.24,39.39,1193900
2021-08-26 20:00:00-04:00,39.65,41.04,39.65,40.82,1406500
2021-08-29 20:00:00-04:00,40.83,41.00,39.92,39.94,1009200
2021-08-30 20:00:00-04:00,39.82,40.24,39.54,39.71,1926000
2021-08-31 20:00:00-04:00,39.75,39.79,39.07,39.59,1461600
2021-09-01 20:00:00-04:00,39.99,40.86,39.99,40.73,983300
2021-09-02 20:00:00-04:00,40.79,41.20,40.45,40.73,730700
2021-09-06 20:00:00-04:00,40.37,41.13,40.09,40.16,1411600
2021-09-07 20:00:00-04:00,40.42,40.77,39.85,40.05,1178900
2021-09-08 20:00:00-04:00,39.59,40.36,39.41,39.74,1229000
2021-09-09 20:00:00-04:00,40.34,40.59,39.30,39.32,898600
2021-09-12 20:00:00-04:00,40.05,40.82,39.90,40.45,956000
2021-09-13 20:00:00-04:00,40.83,40.96,39.72,39.96,896200
2021-09-14 20:00:00-04:00,40.58,42.28,40.58,42.23,1250100
2021-09-15 20:00:00-04:00,42.13,42.16,41.36,41.79,1226500
2021-09-16 20:00:00-04:00,41.69,42.10,40.58,40.72,3298200
2021-09-19 20:00:00-04:00,39.45,39.95,39.07,39.89,1470900
2021-09-20 20:00:00-04:00,40.64,40.91,39.99,40.45,1263200
2021-09-21 20:00:00-04:00,41.02,42.20,41.02,41.61,1053100
2021-09-22 20:00:00-04:00,41.87,43.02,41.68,42.89,1210500
2021-09-23 20:00:00-04:00,42.64,43.07,42.31,42.87,832700
2021-09-26 20:00:00-04:00,43.71,44.94,43.71,44.72,1642500
2021-09-27 20:00:00-04:00,45.33,45.67,44.28,44.59,1639000
2021-09-28 20:00:00-04:00,44.72,45.11,44.02,44.75,1712800
2021-09-29 20:00:00-04:00,45.00,45.22,44.11,44.49,2588800
2021-09-30 20:00:00-04:00,44.77,45.96,44.45,45.90,1730200
2021-10-03 20:00:00-04:00,46.26,47.64,46.06,47.08,2004000
2021-10-04 20:00:00-04:00,47.79,48.12,46.61,47.21,1347600
2021-10-05 20:00:00-04:00,46.43,47.21,45.50,46.90,1646500
2021-10-06 20:00:00-04:00,46.95,47.65,46.75,47.29,1210800
2021-10-07 20:00:00-04:00,47.63,47.88,47.10,47.65,777300
2021-10-10 20:00:00-04:00,48.37,48.70,47.57,47.93,857000
2021-10-11 20:00:00-04:00,47.83,49.17,47.62,48.61,1319500
2021-10-12 20:00:00-04:00,48.12,49.06,47.58,49.03,887400
2021-10-13 20:00:00-04:00,49.73,50.21,49.39,49.91,937600
2021-10-14 20:00:00-04:00,50.39,51.04,50.26,50.37,959900
2021-10-17 20:00:00-04:00,50.89,51.58,50.29,50.95,1095400
2021-10-18 20:00:00-04:00,51.26,51.36,50.53,50.81,788400
2021-10-19 20:00:00-04:00,50.78,51.59,50.46,51.33,943000
2021-10-20 20:00:00-04:00,51.05,51.36,49.82,50.36,1018600
2021-10-21 20:00:00-04:00,50.60,50.86,49.64,50.82,710000
2021-10-24 20:00:00-04:00,51.40,51.63,50.90,51.34,1076800
2021-10-25 20:00:00-04:00,51.55,51.96,50.70,50.80,745600
2021-10-26 20:00:00-04:00,50.29,50.62,49.44,49.56,950100
2021-10-27 20:00:00-04:00,49.34,50.09,49.15,50.03,881700
2021-10-28 20:00:00-04:00,50.02,50.28,49.16,49.52,1090800
2021-10-31 20:00:00-04:00,50.18,50.78,49.58,50.59,1375200
2021-11-01 20:00:00-04:00,50.60,51.17,49.91,50.36,1476000
2021-11-02 20:00:00-04:00,50.08,50.66,49.61,49.80,1301200
2021-11-03 20:00:00-04:00,50.06,51.70,49.85,50.70,1559500
2021-11-04 20:00:00-04:00,51.39,51.51,50.70,51.34,1227600
2021-11-07 19:00:00-05:00,51.81,52.70,51.51,52.38,1561300
2021-11-08 19:00:00-05:00,52.39,52.52,51.44,51.84,1465100
2021-11-09 19:00:00-05:00,51.42,51.71,49.28,49.66,1391400
2021-11-10 19:00:00-05:00,49.39,50.18,49.39,50.04,1507600
2021-11-11 19:00:00-05:00,49.78,50.04,48.81,49.11,1715700
2021-11-14 19:00:00-05:00,49.63,50.45,48.89,49.94,1181000
2021-11-15 19:00:00-05:00,50.11,50.21,49.09,49.53,1089500
2021-11-16 19:00:00-05:00,49.01,50.47,49.01,49.47,1031800
2021-11-17 19:00:00-05:00,49.45,50.07,48.73,49.42,1188500
2021-11-18 19:00:00-05:00,48.46,48.80,47.73,48.50,1456900
2021-11-21 19:00:00-05:00,48.62,49.44,48.36,48.74,941500
2021-11-22 19:00:00-05:00,49.63,50.53,49.08,50.33,1482700
2021-11-23 19:00:00-05:00,49.82,51.41,49.61,51.33,1161000
2021-11-25 19:00:00-05:00,48.62,49.71,47.26,49.34,846600
2021-11-28 19:00:00-05:00,50.40,50.52,48.84,48.87,1609800
2021-11-29 19:00:00-05:00,47.76,48.15,46.27,46.76,1824400
2021-11-30 19:00:00-05:00,48.19,48.72,45.94,46.06,1391100
2021-12-01 19:00:00-05:00,45.84,47.73,45.59,47.50,1562400
2021-12-02 19:00:00-05:00,48.12,48.59,46.21,46.41,1302900
2021-12-05 19:00:00-05:00,47.13,48.12,45.81,47.33,1442500
2021-12-06 19:00:00-05:00,48.31,49.30,48.16,48.35,1429000
2021-12-07 19:00:00-05:00,48.43,48.89,47.97,48.10,1286800
2021-12-08 19:00:00-05:00,47.74,47.90,47.19,47.26,977600
2021-12-09 19:00:00-05:00,47.88,48.03,46.34,47.29,1417500
2021-12-12 19:00:00-05:00,46.64,47.20,45.43,45.91,1473300
2021-12-13 19:00:00-05:00,45.53,46.75,45.35,45.65,1149900
2021-12-14 19:00:00-05:00,45.55,46.46,44.46,46.12,1728000
2021-12-15 19:00:00-05:00,46.62,46.87,45.55,45.64,1344800
2021-12-16 19:00:00-05:00,45.26,45.94,44.57,45.09,4202300
2021-12-19 19:00:00-05:00,44.16,44.54,43.09,44.36,1128600
2021-12-20 19:00:00-05:00,44.98,46.08,44.98,45.79,1286100
2021-12-21 19:00:00-05:00,45.86,46.37,45.12,46.08,1259000
2021-12-22 19:00:00-05:00,46.49,46.61,46.02,46.02,612000
2021-12-26 19:00:00-05:00,46.31,47.63,45.85,47.59,852100
2021-12-27 19:00:00-05:00,47.56,48.41,47.23,47.41,934200
2021-12-28 19:00:00-05:00,46.77,47.48,46.74,47.04,665300
2021-12-29 19:00:00-05:00,47.04,47.51,46.63,46.65,770000
2021-12-30 19:00:00-05:00,46.43,47.52,46.43,47.32,1352800
2022-01-02 19:00:00-05:00,47.27,48.41,47.27,48.22,1433200
2022-01-03 19:00:00-05:00,48.55,49.45,48.38,49.25,1784600
2022-01-04 19:00:00-05:00,49.67,50.36,48.96,48.96,2019400
2022-01-05 19:00:00-05:00,49.84,50.70,49.00,50.32,1192800
2022-01-06 19:00:00-05:00,50.55,50.97,50.02,50.64,1388400
2022-01-09 19:00:00-05:00,50.56,50.65,48.55,49.43,1287900
2022-01-10 19:00:00-05:00,49.76,51.10,49.13,51.08,1827500
2022-01-11 19:00:00-05:00,51.65,52.39,51.33,51.60,1519200
2022-01-12 19:00:00-05:00,51.86,52.57,51.43,51.73,1525700
2022-01-13 19:00:00-05:00,51.54,52.34,51.19,52.33,1778800
2022-01-17 19:00:00-05:00,52.68,52.83,51.30,52.02,1496800
2022-01-18 19:00:00-05:00,52.52,52.52,50.97,51.00,1300800
2022-01-19 19:00:00-05:00,50.67,51.83,50.19,50.32,1486900
2022-01-20 19:00:00-05:00,50.32,50.99,49.46,50.22,1384900
2022-01-23 19:00:00-05:00,48.95,50.44,47.64,50.32,2026100
2022-01-24 19:00:00-05:00,50.04,51.88,49.06,51.51,1489900
2022-01-25 19:00:00-05:00,52.25,53.52,51.31,51.95,1831500
2022-01-26 19:00:00-05:00,53.23,53.83,51.86,52.30,1632600
2022-01-27 19:00:00-05:00,52.08,52.87,51.22,52.81,1327300
2022-01-30 19:00:00-05:00,52.76,54.18,51.81,53.84,2437600
2022-01-31 19:00:00-05:00,53.55,55.51,53.31,55.34,1846200
2022-02-01 19:00:00-05:00,55.34,55.94,54.87,55.82,1419800
2022-02-02 19:00:00-05:00,55.44,55.75,54.63,54.97,1755600
2022-02-03 19:00:00-05:00,55.25,56.45,55.05,55.64,1587700
2022-02-06 19:00:00-05:00,55.82,56.59,55.25,56.05,1397100
2022-02-07 19:00:00-05:00,56.05,56.20,55.00,56.00,1048000
2022-02-08 19:00:00-05:00,56.23,57.39,56.23,56.86,992200
2022-02-09 19:00:00-05:00,56.33,57.96,56.16,56.62,1218300
2022-02-10 19:00:00-05:00,57.17,58.59,57.00,58.38,1343900
2022-02-13 19:00:00-05:00,58.15,58.27,56.89,56.99,1410500
2022-02-14 19:00:00-05:00,56.17,57.05,55.55,56.90,881500
2022-02-15 19:00:00-05:00,57.22,57.96,57.22,57.39,1178600
2022-02-16 19:00:00-05:00,57.49,57.87,56.90,56.92,1220400
2022-02-17 19:00:00-05:00,56.41,57.20,55.91,56.58,1048100
2022-02-21 19:00:00-05:00,57.86,57.95,54.17,55.40,1672700
2022-02-22 19:00:00-05:00,55.74,56.63,55.52,55.71,1341200
2022-02-23 19:00:00-05:00,55.00,58.15,54.54,56.59,2164900
2022-02-24 19:00:00-05:00,57.42,58.18,57.21,58.08,3044800
2022-02-27 19:00:00-05:00,58.08,59.57,57.94,59.57,3683000
2022-02-28 19:00:00-05:00,59.94,60.86,59.34,59.73,3383400
2022-03-01 19:00:00-05:00,60.85,62.38,60.61,61.59,2192700
2022-03-02 19:00:00-05:00,61.12,62.34,61.05,61.98,1571900
2022-03-03 19:00:00-05:00,61.67,63.47,61.47,63.36,1687300
2022-03-06 19:00:00-05:00,63.67,65.64,61.74,62.53,2316600
2022-03-07 19:00:00-05:00,63.54,63.72,60.96,61.06,2145400
2022-03-08 19:00:00-05:00,59.82,62.54,58.79,62.26,1780600
2022-03-09 19:00:00-05:00,62.60,63.83,62.21,63.50,1718000
2022-03-10 19:00:00-05:00,63.31,64.19,62.32,62.43,1400600
2022-03-13 20:00:00-04:00,62.14,62.14,59.43,59.78,2061700
2022-03-14 20:00:00-04:00,58.26,59.83,57.01,59.18,2017900
2022-03-15 20:00:00-04:00,59.31,60.33,58.84,59.84,1675000
2022-03-16 20:00:00-04:00,60.81,61.88,60.42,61.63,1438200
2022-03-17 20:00:00-04:00,61.98,63.24,61.77,63.11,3641000
2022-03-20 20:00:00-04:00,63.80,65.39,63.29,65.27,1298500
2022-03-21 20:00:00-04:00,64.88,65.38,63.83,64.82,1075800
2022-03-22 20:00:00-04:00,65.49,66.28,65.24,65.82,1301400
2022-03-23 20:00:00-04:00,65.88,66.81,65.72,66.41,1537500
2022-03-24 20:00:00-04:00,66.56,69.19,66.39,68.94,1848100
2022-03-27 20:00:00-04:00,67.73,68.14,66.95,68.07,1514900
2022-03-28 20:00:00-04:00,66.52,68.22,65.71,68.20,1503000
2022-03-29 20:00:00-04:00,69.07,69.77,68.66,69.48,1759000
2022-03-30 20:00:00-04:00,68.99,70.45,68.76,68.77,2515900
2022-03-31 20:00:00-04:00,69.35,70.87,69.04,70.48,1957500
2022-04-03 20:00:00-04:00,70.51,70.94,69.65,70.16,1338500
2022-04-04 20:00:00-04:00,70.67,71.22,68.94,68.99,1642700
2022-04-05 20:00:00-04:00,69.59,69.83,68.41,69.63,1765400
2022-04-06 20:00:00-04:00,70.07,70.49,67.83,69.17,1299800
2022-04-07 20:00:00-04:00,69.43,70.70,69.00,70.41,1313700
2022-04-10 20:00:00-04:00,70.17,70.20,68.58,69.04,1280700
2022-04-11 20:00:00-04:00,69.99,71.12,69.89,70.12,1184700
2022-04-12 20:00:00-04:00,70.83,71.23,70.24,71.07,1181200
2022-04-13 20:00:00-04:00,70.99,72.38,70.49,71.66,1381100
2022-04-17 20:00:00-04:00,71.91,72.61,71.29,71.81,1144300
2022-04-18 20:00:00-04:00,71.43,72.63,70.99,72.04,941500
2022-04-19 20:00:00-04:00,72.90,73.93,72.17,73.48,1326600
2022-04-20 20:00:00-04:00,73.64,74.27,71.49,71.65,1163800
2022-04-21 20:00:00-04:00,71.34,71.98,69.33,69.41,1178200
2022-04-24 20:00:00-04:00,67.42,67.42,64.14,66.59,2090000
2022-04-25 20:00:00-04:00,67.31,68.69,66.66,67.03,1450200
2022-04-26 20:00:00-04:00,67.27,69.38,66.21,68.49,2544500
2022-04-27 20:00:00-04:00,68.68,70.46,66.96,69.82,1248100
2022-04-28 20:00:00-04:00,69.49,70.45,67.03,67.21,1999000
2022-05-01 20:00:00-04:00,67.41,68.07,66.08,67.99,1506100
2022-05-02 20:00:00-04:00,68.01,70.14,67.99,69.91,1873900
2022-05-03 20:00:00-04:00,71.10,71.63,68.91,71.43,1864800
2022-05-04 20:00:00-04:00,71.46,71.83,67.35,68.39,2155900
2022-05-05 20:00:00-04:00,69.11,70.29,66.42,69.10,3099300
2022-05-08 20:00:00-04:00,67.59,67.85,61.62,61.88,2622100
2022-05-09 20:00:00-04:00,62.63,64.76,61.16,62.27,3572500
2022-05-10 20:00:00-04:00,63.42,66.36,62.76,62.98,2315000
2022-05-11 20:00:00-04:00,62.33,63.83,61.51,62.56,2255100
2022-05-12 20:00:00-04:00,63.91,66.21,63.71,65.26,2197100
2022-05-15 20:00:00-04:00,65.53,67.40,65.48,66.05,1592100
2022-05-16 20:00:00-04:00,66.68,67.09,66.01,66.80,1756600
2022-05-17 20:00:00-04:00,67.11,67.31,62.85,63.88,1590000
2022-05-18 20:00:00-04:00,62.62,64.26,62.38,63.09,1663700
2022-05-19 20:00:00-04:00,63.92,64.32,62.21,63.57,1902800
2022-05-22 20:00:00-04:00,64.10,64.26,63.07,63.41,1398600
2022-05-23 20:00:00-04:00,63.18,63.51,61.80,63.14,1946500
2022-05-24 20:00:00-04:00,63.46,64.80,63.18,64.54,2116200
2022-05-25 20:00:00-04:00,64.55,65.72,64.55,65.05,2003200
2022-05-26 20:00:00-04:00,65.04,66.78,64.53,66.67,2542000
2022-05-30 20:00:00-04:00,67.67,68.23,65.07,65.94,16817400
2022-05-31 20:00:00-04:00,66.71,69.07,65.97,68.73,2507000
2022-06-01 20:00:00-04:00,68.17,70.40,68.01,70.20,1797400
2022-06-02 20:00:00-04:00,70.31,71.32,69.79,70.82,1486700
2022-06-05 20:00:00-04:00,71.40,71.55,69.75,69.92,1220200
2022-06-06 20:00:00-04:00,70.05,73.61,69.70,73.59,2036600
2022-06-07 20:00:00-04:00,73.33,73.53,70.75,71.19,1722500
2022-06-08 20:00:00-04:00,71.03,71.07,68.60,68.74,1158300
2022-06-09 20:00:00-04:00,67.33,68.37,65.85,66.31,1358800
2022-06-12 20:00:00-04:00,64.09,64.51,61.51,61.84,2198300
2022-06-13 20:00:00-04:00,63.10,63.71,59.81,60.70,2346200
2022-06-14 20:00:00-04:00,60.89,62.27,59.88,61.09,2811500
2022-06-15 20:00:00-04:00,59.51,59.51,56.42,56.99,2498200
2022-06-16 20:00:00-04:00,57.66,59.05,54.05,55.53,6511800
2022-06-20 20:00:00-04:00,58.16,59.83,57.78,58.11,2851800
2022-06-21 20:00:00-04:00,55.20,56.45,54.88,54.95,2478900
2022-06-22 20:00:00-04:00,55.26,55.66,52.41,53.24,2236700
2022-06-23 20:00:00-04:00,53.80,55.29,53.10,53.23,6755800
2022-06-26 20:00:00-04:00,54.05,55.82,53.81,55.62,2346200
2022-06-27 20:00:00-04:00,57.17,58.37,56.52,57.21,2029700
2022-06-28 20:00:00-04:00,57.79,58.17,55.30,55.52,1390000
2022-06-29 20:00:00-04:00,54.28,55.21,53.36,54.63,2585600
2022-06-30 20:00:00-04:00,54.64,55.87,53.45,55.85,1930600
2022-07-04 20:00:00-04:00,54.70,55.04,52.39,53.98,2172400
2022-07-05 20:00:00-04:00,53.09,54.54,50.96,51.53,3983900
2022-07-06 20:00:00-04:00,53.07,54.91,52.51,54.77,2698400
2022-07-07 20:00:00-04:00,55.19,55.55,53.16,54.68,1470400
2022-07-10 20:00:00-04:00,54.12,54.56,52.98,53.95,1301500
2022-07-11 20:00:00-04:00,52.78,54.55,52.60,54.06,1783300
2022-07-12 20:00:00-04:00,53.02,54.58,52.98,53.76,1394300
2022-07-13 20:00:00-04:00,52.06,53.23,50.87,52.92,1457300
2022-07-14 20:00:00-04:00,54.17,54.17,52.91,53.89,935000
2022-07-17 20:00:00-04:00,55.16,56.29,54.86,55.40,1221700
2022-07-18 20:00:00-04:00,55.41,57.57,55.41,57.35,1568000
2022-07-19 20:00:00-04:00,56.99,58.38,56.65,57.84,1296900
2022-07-20 20:00:00-04:00,56.14,57.57,55.21,57.40,1680700
2022-07-21 20:00:00-04:00,57.85,58.25,55.93,56.50,818800
2022-07-24 20:00:00-04:00,57.33,58.77,56.49,58.73,869900
2022-07-25 20:00:00-04:00,59.72,60.11,59.02,59.88,1382500
2022-07-26 20:00:00-04:00,60.22,61.17,59.18,60.99,1350900
2022-07-27 20:00:00-04:00,61.66,62.08,59.93,61.99,1186200
2022-07-28 20:00:00-04:00,62.86,63.81,62.58,63.61,1599500
2022-07-31 20:00:00-04:00,62.58,63.44,61.45,62.97,1545100
2022-08-01 20:00:00-04:00,62.97,63.68,61.59,62.55,1711700
2022-08-02 20:00:00-04:00,63.20,63.63,61.71,62.22,1484500
2022-08-03 20:00:00-04:00,61.51,62.39,58.74,58.85,1443300
2022-08-04 20:00:00-04:00,57.73,59.25,57.57,58.65,1134800
2022-08-07 20:00:00-04:00,58.90,60.50,58.84,59.82,1143400
2022-08-08 20:00:00-04:00,60.38,61.92,60.14,61.66,1559400
2022-08-09 20:00:00-04:00,62.02,62.50,61.22,62.16,1088700
2022-08-10 20:00:00-04:00,63.21,65.01,62.88,64.78,1728600
2022-08-11 20:00:00-04:00,64.42,64.56,63.37,63.99,1346100
2022-08-14 20:00:00-04:00,61.83,62.99,60.99,62.74,1346000
2022-08-15 20:00:00-04:00,63.05,63.88,62.48,62.80,1717500
2022-08-16 20:00:00-04:00,62.20,62.63,61.15,62.07,2082500
2022-08-17 20:00:00-04:00,62.66,64.66,62.66,64.51,1163800
2022-08-18 20:00:00-04:00,63.92,64.32,63.33,63.40,1278800
2022-08-21 20:00:00-04:00,62.74,63.04,61.84,62.47,689100
2022-08-22 20:00:00-04:00,63.50,65.27,63.35,64.16,930500
2022-08-23 20:00:00-04:00,64.28,65.71,64.16,65.59,728300
2022-08-24 20:00:00-04:00,66.00,66.50,65.72,66.45,828500
2022-08-25 20:00:00-04:00,66.49,66.63,64.61,64.62,906900
2022-08-28 20:00:00-04:00,64.06,66.17,63.77,65.45,1072600
2022-08-29 20:00:00-04:00,64.54,64.58,62.44,62.68,1071500
2022-08-30 20:00:00-04:00,61.27,63.84,61.10,62.80,1741100
2022-08-31 20:00:00-04:00,62.21,62.47,60.52,62.25,1313200
2022-09-01 20:00:00-04:00,64.08,64.73,62.99,64.08,1291600
2022-09-05 20:00:00-04:00,64.47,64.83,62.28,62.63,1262900
2022-09-06 20:00:00-04:00,61.65,63.09,60.94,62.75,1453200
2022-09-07 20:00:00-04:00,63.17,65.23,62.96,64.55,1848300
2022-09-08 20:00:00-04:00,65.50,66.38,65.24,66.14,1303900
2022-09-11 20:00:00-04:00,66.92,67.80,66.15,66.93,1367000
2022-09-12 20:00:00-04:00,65.73,66.44,63.25,63.56,1984400
2022-09-13 20:00:00-04:00,63.91,67.03,63.91,66.68,2144600
2022-09-14 20:00:00-04:00,65.39,67.32,65.35,66.40,1866000
2022-09-15 20:00:00-04:00,65.88,65.99,62.48,63.27,3053600
2022-09-18 20:00:00-04:00,61.66,64.18,61.54,63.84,1577900
2022-09-19 20:00:00-04:00,63.66,63.81,62.39,63.06,1862500
2022-09-20 20:00:00-04:00,64.38,64.38,61.47,61.56,1698100
2022-09-21 20:00:00-04:00,62.42,62.42,60.09,60.24,1274100
2022-09-22 20:00:00-04:00,58.07,58.18,54.14,54.99,2195800
2022-09-25 20:00:00-04:00,54.53,55.23,52.67,52.72,2475300
2022-09-26 20:00:00-04:00,54.08,55.03,53.04,53.57,2359100
2022-09-27 20:00:00-04:00,53.94,56.41,53.80,56.23,2251500
2022-09-28 20:00:00-04:00,55.57,56.05,53.93,55.96,1599700
2022-09-29 20:00:00-04:00,55.61,56.71,54.91,55.53,2355100
2022-10-02 20:00:00-04:00,57.85,58.98,57.31,57.96,1792300
2022-10-03 20:00:00-04:00,59.56,60.41,59.23,60.16,2071900
2022-10-04 20:00:00-04:00,59.47,61.36,58.27,60.86,2018800
2022-10-05 20:00:00-04:00,60.28,61.55,59.68,59.70,1257700
2022-10-06 20:00:00-04:00,59.26,59.79,57.74,58.69,3516200
2022-10-09 20:00:00-04:00,58.44,60.16,57.90,58.31,2869300
2022-10-10 20:00:00-04:00,57.90,60.89,57.75,60.61,49033200
2022-10-11 20:00:00-04:00,60.11,60.55,59.15,59.68,2730500
2022-10-12 20:00:00-04:00,58.77,63.10,58.73,62.93,2400400
2022-10-13 20:00:00-04:00,62.38,63.10,59.64,59.79,2138500
2022-10-16 20:00:00-04:00,60.76,61.38,60.22,60.82,1818500
2022-10-17 20:00:00-04:00,61.62,62.65,60.52,61.79,1705100
2022-10-18 20:00:00-04:00,61.79,62.68,61.39,61.78,1918700
2022-10-19 20:00:00-04:00,62.09,62.09,59.98,60.53,1736700
2022-10-20 20:00:00-04:00,61.07,62.59,59.80,62.39,1416900
2022-10-23 20:00:00-04:00,62.75,62.91,60.77,60.99,1909500
2022-10-24 20:00:00-04:00,60.95,61.45,60.27,61.41,2151700
2022-10-25 20:00:00-04:00,61.85,62.95,61.50,61.95,1722100
2022-10-26 20:00:00-04:00,63.05,63.39,62.24,62.49,1655700
2022-10-27 20:00:00-04:00,62.89,63.22,60.74,62.13,1193300
2022-10-30 20:00:00-04:00,61.58,63.64,61.58,63.25,1409700
2022-10-31 20:00:00-04:00,64.22,64.47,62.94,63.37,1442000
2022-11-01 20:00:00-04:00,62.97,64.53,61.69,61.98,2012600
2022-11-02 20:00:00-04:00,61.63,66.19,60.89,64.47,2680900
2022-11-03 20:00:00-04:00,66.29,67.49,64.27,65.10,2190800
2022-11-06 19:00:00-05:00,65.42,66.78,64.79,66.00,1911400
2022-11-07 19:00:00-05:00,66.17,67.11,65.50,66.79,1561600
2022-11-08 19:00:00-05:00,65.85,66.16,63.14,63.20,1801300
2022-11-09 19:00:00-05:00,64.78,66.67,63.53,66.23,1626100
2022-11-10 19:00:00-05:00,67.40,68.27,66.02,67.20,1383100
2022-11-13 19:00:00-05:00,66.83,67.99,66.51,66.53,1202500
2022-11-14 19:00:00-05:00,67.17,68.86,66.80,68.64,1112500
2022-11-15 19:00:00-05:00,67.78,68.49,65.93,66.75,1388200
2022-11-16 19:00:00-05:00,65.78,65.94,64.55,65.66,1004400
2022-11-17 19:00:00-05:00,64.86,67.16,63.53,66.92,2910700
2022-11-20 19:00:00-05:00,65.67,65.94,63.16,65.34,1413400
2022-11-21 19:00:00-05:00,66.67,68.83,66.34,68.49,1422600
2022-11-22 19:00:00-05:00,67.58,68.17,67.17,67.90,935000
2022-11-24 19:00:00-05:00,68.52,68.75,67.70,67.82,372700
2022-11-27 19:00:00-05:00,66.03,67.67,65.58,66.88,1064000
2022-11-28 19:00:00-05:00,67.66,68.23,66.86,68.20,1535900
2022-11-29 19:00:00-05:00,68.89,69.11,67.41,68.82,3224200
2022-11-30 19:00:00-05:00,69.39,70.43,69.03,69.34,1356700
2022-12-01 19:00:00-05:00,68.50,69.86,68.40,69.56,1142100
2022-12-04 19:00:00-05:00,70.29,70.38,66.16,66.61,1499200
2022-12-05 19:00:00-05:00,66.26,67.25,63.68,64.44,1668000
2022-12-06 19:00:00-05:00,64.39,65.14,63.31,63.44,1708700
2022-12-07 19:00:00-05:00,64.57,64.79,62.67,63.16,1340900
2022-12-08 19:00:00-05:00,62.99,64.32,62.67,63.48,1637300
2022-12-11 19:00:00-05:00,63.94,65.15,63.79,65.15,1038700
2022-12-12 19:00:00-05:00,66.79,67.35,65.68,67.29,1884600
2022-12-13 19:00:00-05:00,67.79,68.44,65.85,67.78,1776300
2022-12-14 19:00:00-05:00,66.67,66.94,65.19,65.79,1223000
2022-12-15 19:00:00-05:00,64.33,65.24,63.59,64.85,3718700
2022-12-18 19:00:00-05:00,65.32,65.56,63.31,63.87,985300
2022-12-19 19:00:00-05:00,63.91,64.81,63.66,64.56,1314000
2022-12-20 19:00:00-05:00,65.65,66.77,64.93,66.68,1663800
2022-12-21 19:00:00-05:00,66.50,66.91,63.97,65.42,1374200
2022-12-22 19:00:00-05:00,65.88,67.93,65.81,67.87,882100
2022-12-26 19:00:00-05:00,68.08,68.45,67.58,68.36,711100
2022-12-27 19:00:00-05:00,68.23,68.32,66.40,66.56,850600
2022-12-28 19:00:00-05:00,66.38,68.40,66.37,68.13,824700
2022-12-29 19:00:00-05:00,67.75,68.43,67.34,68.00,1549900
2023-01-02 19:00:00-05:00,67.78,68.27,64.19,65.36,1565300
2023-01-03 19:00:00-05:00,64.90,66.51,64.30,65.71,1997400
2023-01-04 19:00:00-05:00,65.22,66.11,64.94,65.62,1218900
2023-01-05 19:00:00-05:00,66.79,69.07,66.79,67.63,1789700
2023-01-08 19:00:00-05:00,68.86,69.63,68.40,69.31,1419100
2023-01-09 19:00:00-05:00,69.14,69.62,67.35,68.82,1329600
2023-01-10 19:00:00-05:00,69.39,69.76,68.52,69.06,1280100
2023-01-11 19:00:00-05:00,69.60,70.62,69.28,69.76,1931800
2023-01-12 19:00:00-05:00,69.48,69.94,68.48,69.76,735300
2023-01-16 19:00:00-05:00,70.12,70.68,69.32,69.51,1036800
2023-01-17 19:00:00-05:00,70.17,70.17,67.89,67.92,1546100
2023-01-18 19:00:00-05:00,67.52,69.63,67.52,69.26,1192200
2023-01-19 19:00:00-05:00,69.52,70.28,68.49,70.00,1045200
2023-01-22 19:00:00-05:00,70.50,70.57,69.39,69.94,1364900
2023-01-23 19:00:00-05:00,69.60,69.91,67.95,69.47,1262600
2023-01-24 19:00:00-05:00,68.83,69.69,67.61,69.67,1248900
2023-01-25 19:00:00-05:00,70.45,70.60,68.99,70.36,1196200
2023-01-26 19:00:00-05:00,70.08,70.51,69.33,69.71,1104800
2023-01-29 19:00:00-05:00,68.95,69.59,68.44,68.63,946800
2023-01-30 19:00:00-05:00,68.95,69.76,68.16,69.73,1163100
2023-01-31 19:00:00-05:00,69.09,69.85,68.01,69.32,1522800
2023-02-01 19:00:00-05:00,70.21,70.42,68.73,69.50,1895300
2023-02-02 19:00:00-05:00,69.29,70.21,67.92,68.23,1092300
2023-02-05 19:00:00-05:00,68.10,68.58,66.99,67.41,2090100
2023-02-06 19:00:00-05:00,67.65,69.53,67.05,69.34,1339900
2023-02-07 19:00:00-05:00,69.14,70.12,68.90,69.87,1372800
2023-02-08 19:00:00-05:00,70.08,70.50,68.92,69.13,1263000
2023-02-09 19:00:00-05:00,69.95,71.35,69.57,71.34,2093500
2023-02-12 19:00:00-05:00,71.09,71.69,70.37,71.23,1568000
2023-02-13 19:00:00-05:00,70.74,71.98,70.17,71.77,1200200
2023-02-14 19:00:00-05:00,70.95,71.44,69.98,71.10,1206000
2023-02-15 19:00:00-05:00,70.42,71.78,70.02,70.71,1268400
2023-02-16 19:00:00-05:00,69.85,69.95,68.19,68.72,1436600
2023-02-20 19:00:00-05:00,68.18,69.00,67.36,68.12,2034100
2023-02-21 19:00:00-05:00,67.82,72.40,67.78,70.23,3295600
2023-02-22 19:00:00-05:00,71.56,71.63,70.06,71.08,2151500
2023-02-23 19:00:00-05:00,70.20,70.97,69.72,70.42,1780400
2023-02-26 19:00:00-05:00,70.82,71.02,69.52,69.95,1537000
2023-02-27 19:00:00-05:00,70.27,70.66,68.82,68.87,1767800
2023-02-28 19:00:00-05:00,69.37,71.08,68.82,70.91,1868800
2023-03-01 19:00:00-05:00,70.63,71.96,70.16,71.80,1699600
2023-03-02 19:00:00-05:00,71.47,74.08,71.22,73.65,1976800
2023-03-05 19:00:00-05:00,73.28,73.54,72.53,72.93,1768700
2023-03-06 19:00:00-05:00,72.70,72.79,71.41,71.60,1480400
2023-03-07 19:00:00-05:00,71.57,72.14,70.09,71.06,1060600
2023-03-08 19:00:00-05:00,71.55,72.24,69.79,69.89,1279000
2023-03-09 19:00:00-05:00,69.89,70.37,68.23,68.36,1358000
2023-03-12 20:00:00-04:00,66.73,68.71,65.15,67.12,1867300
2023-03-13 20:00:00-04:00,67.63,69.33,66.27,67.26,1538900
2023-03-14 20:00:00-04:00,64.84,64.86,62.11,63.34,2956800
2023-03-15 20:00:00-04:00,61.99,63.99,60.94,63.83,2809400
2023-03-16 20:00:00-04:00,63.45,64.50,61.70,62.71,5334000
2023-03-19 20:00:00-04:00,62.90,64.60,62.77,63.78,1799600
2023-03-20 20:00:00-04:00,65.14,66.25,64.78,65.94,1960600
2023-03-21 20:00:00-04:00,65.86,66.13,63.37,63.39,1798000
2023-03-22 20:00:00-04:00,63.63,64.49,61.61,62.13,1156600
2023-03-23 20:00:00-04:00,60.86,62.96,60.28,62.76,1504700
2023-03-26 20:00:00-04:00,63.96,65.48,63.49,64.91,1495900
2023-03-27 20:00:00-04:00,64.41,65.60,64.41,65.30,1317200
2023-03-28 20:00:00-04:00,66.32,66.77,65.68,66.14,1184100
2023-03-29 20:00:00-04:00,66.92,67.20,66.11,66.56,813900
2023-03-30 20:00:00-04:00,66.70,67.90,66.57,67.80,2256200
2023-04-02 20:00:00-04:00,69.89,72.11,69.86,70.09,2503000
2023-04-03 20:00:00-04:00,69.94,70.30,68.07,69.41,1650000
2023-04-04 20:00:00-04:00,69.37,70.02,68.31,69.97,2136600
2023-04-05 20:00:00-04:00,70.29,70.29,69.41,69.64,1027600
2023-04-09 20:00:00-04:00,69.84,70.82,69.57,70.08,1007500
2023-04-10 20:00:00-04:00,70.74,71.71,70.51,70.94,1139100
2023-04-11 20:00:00-04:00,71.29,71.55,70.65,70.75,1235500
2023-04-12 20:00:00-04:00,70.64,71.31,70.35,71.21,945200
2023-04-13 20:00:00-04:00,71.47,72.56,71.47,72.41,1119100
2023-04-16 20:00:00-04:00,72.47,72.58,70.78,71.10,1376500
2023-04-17 20:00:00-04:00,71.34,71.58,70.56,71.44,1286800
2023-04-18 20:00:00-04:00,70.58,70.89,70.01,70.85,1446800
2023-04-19 20:00:00-04:00,70.04,70.37,69.07,70.23,1301000
2023-04-20 20:00:00-04:00,70.79,70.90,69.92,70.28,1107400
2023-04-23 20:00:00-04:00,70.28,72.11,70.28,71.56,1549900
2023-04-24 20:00:00-04:00,70.91,71.41,70.15,70.18,1596100
2023-04-25 20:00:00-04:00,69.64,70.38,68.51,69.13,1290700
2023-04-26 20:00:00-04:00,69.23,70.02,68.67,69.51,1427400
2023-04-27 20:00:00-04:00,69.33,71.10,69.28,70.68,1094100
2023-04-30 20:00:00-04:00,69.96,70.89,69.82,70.56,1083000
2023-05-01 20:00:00-04:00,69.86,69.93,66.74,67.62,1605300
2023-05-02 20:00:00-04:00,66.77,67.92,66.38,66.80,2018000
2023-05-03 20:00:00-04:00,66.98,67.35,64.68,64.89,2309500
2023-05-04 20:00:00-04:00,67.03,67.70,66.48,67.26,2238400
2023-05-07 20:00:00-04:00,68.22,68.48,66.48,66.67,1493000
2023-05-08 20:00:00-04:00,66.21,67.24,65.96,66.61,1438900
2023-05-09 20:00:00-04:00,67.24,67.31,65.67,66.25,2307100
2023-05-10 20:00:00-04:00,65.60,66.33,64.92,65.21,1577600
2023-05-11 20:00:00-04:00,65.74,66.07,64.96,65.40,1862700
2023-05-14 20:00:00-04:00,65.50,66.62,64.15,66.23,2679000
2023-05-15 20:00:00-04:00,66.08,66.37,63.82,64.11,1869000
2023-05-16 20:00:00-04:00,64.75,65.57,63.78,64.99,1519800
2023-05-17 20:00:00-04:00,64.56,65.42,64.13,65.17,2320900
2023-05-18 20:00:00-04:00,65.77,65.89,64.74,65.71,1442300
2023-05-21 20:00:00-04:00,65.55,67.08,65.53,66.66,1169000
2023-05-22 20:00:00-04:00,66.75,67.41,66.17,66.40,1295000
2023-05-23 20:00:00-04:00,66.74,67.01,65.81,66.29,941800
2023-05-24 20:00:00-04:00,65.50,65.98,64.54,64.95,1157200
2023-05-25 20:00:00-04:00,65.28,65.60,64.24,64.74,1048700
2023-05-29 20:00:00-04:00,64.06,64.39,63.51,64.09,955300
2023-05-30 20:00:00-04:00,63.26,64.16,63.03,63.68,2623000
2023-05-31 20:00:00-04:00,63.86,65.05,63.22,64.38,1663300
2023-06-01 20:00:00-04:00,65.50,67.48,65.14,66.90,2418100
2023-06-04 20:00:00-04:00,67.73,68.00,66.02,66.34,1354100
2023-06-05 20:00:00-04:00,65.55,66.69,65.53,66.49,1805000
2023-06-06 20:00:00-04:00,67.02,68.20,66.86,68.10,1479600
2023-06-07 20:00:00-04:00,68.10,68.29,66.36,67.63,1804300
2023-06-08 20:00:00-04:00,67.76,67.80,65.94,66.26,1904300
2023-06-11 20:00:00-04:00,65.50,66.37,64.98,65.63,2003600
2023-06-12 20:00:00-04:00,66.20,67.48,65.90,66.36,1459100
2023-06-13 20:00:00-04:00,66.98,67.29,65.57,66.41,1591700
2023-06-14 20:00:00-04:00,66.43,67.53,66.43,67.29,1533500
2023-06-15 20:00:00-04:00,67.66,67.89,66.97,67.18,2759300
2023-06-19 20:00:00-04:00,67.07,67.07,65.46,66.38,1530100
2023-06-20 20:00:00-04:00,66.19,67.73,66.12,67.33,1602000
2023-06-21 20:00:00-04:00,66.95,67.16,66.17,66.61,1293400
2023-06-22 20:00:00-04:00,65.64,66.44,65.37,65.43,1696900
2023-06-25 20:00:00-04:00,65.64,67.55,65.52,66.93,1466900
2023-06-26 20:00:00-04:00,67.10,68.08,66.63,68.02,1662900
2023-06-27 20:00:00-04:00,68.24,69.41,67.70,69.35,2593400
2023-06-28 20:00:00-04:00,69.63,70.41,69.43,70.38,1461700
2023-06-29 20:00:00-04:00,71.01,71.66,70.47,71.21,1352600
2023-07-02 20:00:00-04:00,71.27,72.31,71.25,72.06,814000
2023-07-04 20:00:00-04:00,72.26,72.33,71.26,71.54,1454700
2023-07-05 20:00:00-04:00,71.04,71.57,70.13,71.13,1539000
2023-07-06 20:00:00-04:00,70.97,73.05,70.82,72.33,2236600
2023-07-09 20:00:00-04:00,71.94,72.76,71.69,72.07,1670100
2023-07-10 20:00:00-04:00,72.26,73.79,72.00,73.46,1958400
2023-07-11 20:00:00-04:00,74.13,74.59,73.44,73.94,1455700
2023-07-12 20:00:00-04:00,73.95,74.85,73.85,74.47,1360800
2023-07-13 20:00:00-04:00,73.93,74.03,72.78,73.02,1051900
2023-07-16 20:00:00-04:00,72.92,73.42,72.11,72.71,1184600
2023-07-17 20:00:00-04:00,72.50,73.67,72.30,73.43,1044400
2023-07-18 20:00:00-04:00,73.18,73.89,73.18,73.68,984500
2023-07-19 20:00:00-04:00,74.57,74.69,74.04,74.48,1673300
2023-07-20 20:00:00-04:00,74.86,75.71,74.45,75.48,1023100
2023-07-23 20:00:00-04:00,75.86,76.64,75.79,76.15,847700
2023-07-24 20:00:00-04:00,76.06,76.67,75.70,76.42,1262800
2023-07-25 20:00:00-04:00,75.66,76.67,75.64,76.15,758300
2023-07-26 20:00:00-04:00,76.38,76.56,75.28,75.38,1188600
2023-07-27 20:00:00-04:00,75.98,75.98,75.10,75.92,1084500
2023-07-30 20:00:00-04:00,76.55,77.20,75.94,77.20,1104900
2023-07-31 20:00:00-04:00,76.97,77.00,75.70,76.84,1161300
2023-08-01 20:00:00-04:00,76.16,76.81,75.68,76.43,1944500
2023-08-02 20:00:00-04:00,75.80,78.43,75.50,77.03,3012300
2023-08-03 20:00:00-04:00,77.45,80.32,77.45,77.65,2585500
2023-08-06 20:00:00-04:00,78.05,78.16,76.89,77.29,1417000
2023-08-07 20:00:00-04:00,76.31,78.10,75.44,77.99,1303800
2023-08-08 20:00:00-04:00,78.62,79.52,78.09,79.36,1429600
2023-08-09 20:00:00-04:00,79.43,80.53,79.07,79.29,1699300
2023-08-10 20:00:00-04:00,79.78,80.30,79.02,79.98,1064500
2023-08-13 20:00:00-04:00,79.72,80.00,78.76,79.65,1170900
2023-08-14 20:00:00-04:00,79.28,79.65,78.91,79.16,1416400
2023-08-15 20:00:00-04:00,79.21,79.77,78.24,78.34,1912600
2023-08-16 20:00:00-04:00,79.23,80.11,78.70,78.90,1705700
2023-08-17 20:00:00-04:00,78.68,79.81,78.16,79.80,2068600
2023-08-20 20:00:00-04:00,80.11,80.40,78.62,79.59,2553200
2023-08-21 20:00:00-04:00,79.77,79.88,78.69,78.81,1419900
2023-08-22 20:00:00-04:00,78.39,78.87,77.34,78.74,1231800
2023-08-23 20:00:00-04:00,78.05,79.84,77.90,79.18,1659400
2023-08-24 20:00:00-04:00,79.54,80.09,78.88,79.55,1432700
2023-08-27 20:00:00-04:00,79.55,80.60,79.55,80.31,1187500
2023-08-28 20:00:00-04:00,80.49,80.76,80.00,80.69,1011600
2023-08-29 20:00:00-04:00,80.88,81.66,80.88,81.16,853800
2023-08-30 20:00:00-04:00,81.30,82.16,80.86,81.21,1886600
2023-08-31 20:00:00-04:00,82.37,82.73,82.04,82.42,1218500
2023-09-04 20:00:00-04:00,82.62,82.70,81.73,81.78,1348700
2023-09-05 20:00:00-04:00,81.10,81.50,79.52,80.06,1664400
2023-09-06 20:00:00-04:00,80.17,80.74,79.47,80.52,1386000
2023-09-07 20:00:00-04:00,80.82,81.31,80.22,80.35,1156300
2023-09-10 20:00:00-04:00,80.93,81.33,78.36,78.93,1675300
2023-09-11 20:00:00-04:00,79.27,80.32,78.97,80.21,1246000
2023-09-12 20:00:00-04:00,80.00,80.40,78.96,79.82,1363400
2023-09-13 20:00:00-04:00,80.84,81.14,80.36,80.73,1469700
2023-09-14 20:00:00-04:00,80.35,81.00,79.38,79.71,3711600
2023-09-17 20:00:00-04:00,80.38,80.83,79.37,80.66,1200900
2023-09-18 20:00:00-04:00,81.35,81.61,79.68,80.18,1168400
2023-09-19 20:00:00-04:00,80.37,81.32,80.32,80.44,1229800
2023-09-20 20:00:00-04:00,80.58,80.59,78.21,78.22,1244700
2023-09-21 20:00:00-04:00,78.81,80.19,78.81,79.51,1283000
2023-09-24 20:00:00-04:00,79.30,80.99,79.30,80.34,1498700
2023-09-25 20:00:00-04:00,79.56,80.33,79.20,79.42,1661700
2023-09-26 20:00:00-04:00,80.33,82.03,80.03,81.53,1650600
2023-09-27 20:00:00-04:00,81.47,82.87,81.36,82.33,1467200
2023-09-28 20:00:00-04:00,82.13,82.32,80.43,80.71,1778400
2023-10-01 20:00:00-04:00,80.52,80.70,78.07,78.56,1591200
2023-10-02 20:00:00-04:00,78.26,78.51,76.25,77.28,2622100
2023-10-03 20:00:00-04:00,76.31,76.33,73.91,74.60,2904900
2023-10-04 20:00:00-04:00,73.42,75.61,73.42,75.47,2418300
2023-10-05 20:00:00-04:00,75.63,77.29,75.13,76.54,1924600
2023-10-08 20:00:00-04:00,78.36,78.68,77.33,78.28,1675600
2023-10-09 20:00:00-04:00,78.20,78.80,77.76,78.34,1509900
2023-10-10 20:00:00-04:00,77.94,80.59,77.94,80.51,1834200
2023-10-11 20:00:00-04:00,81.21,81.24,79.79,80.52,1507800
2023-10-12 20:00:00-04:00,81.83,82.65,81.16,82.13,1268300
2023-10-15 20:00:00-04:00,82.75,83.05,81.52,82.79,1188100
2023-10-16 20:00:00-04:00,82.77,83.59,82.31,82.72,1215100
2023-10-17 20:00:00-04:00,83.04,83.18,82.26,82.40,1043200
2023-10-18 20:00:00-04:00,82.42,83.55,81.58,82.59,938400
2023-10-19 20:00:00-04:00,82.34,82.70,81.38,81.63,1486100
2023-10-22 20:00:00-04:00,80.98,81.72,80.42,81.35,1656900
2023-10-23 20:00:00-04:00,81.84,81.86,80.03,80.50,2112000
2023-10-24 20:00:00-04:00,80.50,80.92,80.03,80.36,994100
2023-10-25 20:00:00-04:00,79.62,81.30,79.06,80.70,1327400
2023-10-26 20:00:00-04:00,80.59,80.78,78.91,79.46,1048900
2023-10-29 20:00:00-04:00,79.97,80.79,78.18,79.19,1621600
2023-10-30 20:00:00-04:00,79.39,79.77,78.52,79.20,1549400
2023-10-31 20:00:00-04:00,80.10,80.46,79.02,79.71,2353600
2023-11-01 20:00:00-04:00,79.00,85.72,78.59,85.48,4190000
2023-11-02 20:00:00-04:00,85.35,85.85,82.97,83.47,3436800
2023-11-05 19:00:00-05:00,83.69,84.58,82.55,82.92,2196600
2023-11-06 19:00:00-05:00,81.65,82.33,80.27,81.00,2277400
2023-11-07 19:00:00-05:00,80.29,80.68,78.93,78.98,2148800
2023-11-08 19:00:00-05:00,79.54,80.03,78.81,79.27,1913200
2023-11-09 19:00:00-05:00,80.50,80.50,79.30,80.10,1503800
2023-11-12 19:00:00-05:00,80.13,80.93,79.97,80.43,1188800
2023-11-13 19:00:00-05:00,81.23,82.19,81.05,81.87,1290800
2023-11-14 19:00:00-05:00,81.81,83.21,81.70,81.71,3314300
2023-11-15 19:00:00-05:00,80.93,81.63,78.91,79.42,1817700
2023-11-16 19:00:00-05:00,80.32,81.98,80.11,81.48,1400700
2023-11-19 19:00:00-05:00,82.04,82.65,81.59,82.29,1464600
2023-11-20 19:00:00-05:00,82.08,83.03,81.25,82.94,1260400
2023-11-21 19:00:00-05:00,81.53,82.67,80.78,82.61,1442000
2023-11-23 19:00:00-05:00,82.93,83.77,82.22,83.20,617100
2023-11-26 19:00:00-05:00,83.00,83.69,82.59,83.33,1206500
2023-11-27 19:00:00-05:00,83.64,84.13,82.88,82.88,1136200
2023-11-28 19:00:00-05:00,83.39,83.86,82.94,83.36,1352000
2023-11-29 19:00:00-05:00,83.85,85.94,83.72,85.67,5103700
2023-11-30 19:00:00-05:00,85.40,86.61,85.25,85.40,1288200
2023-12-03 19:00:00-05:00,84.76,85.87,84.40,84.59,2168400
2023-12-04 19:00:00-05:00,84.33,84.50,82.78,83.12,1436000
2023-12-05 19:00:00-05:00,82.67,83.37,81.00,81.11,1915600
2023-12-06 19:00:00-05:00,81.32,81.44,79.52,80.25,1607900
2023-12-07 19:00:00-05:00,80.69,82.15,80.60,81.99,1204700
2023-12-10 19:00:00-05:00,81.97,82.37,80.93,81.14,1241300
2023-12-11 19:00:00-05:00,80.36,80.38,78.86,79.98,1564800
2023-12-12 19:00:00-05:00,80.11,80.69,78.91,80.37,1513200
2023-12-13 19:00:00-05:00,81.27,82.50,81.05,81.72,1525500
2023-12-14 19:00:00-05:00,80.93,81.24,79.73,80.90,3496600
2023-12-17 19:00:00-05:00,82.47,82.94,81.21,81.44,1181700
2023-12-18 19:00:00-05:00,81.60,82.22,81.36,81.71,1373400
2023-12-19 19:00:00-05:00,81.68,82.58,81.13,81.25,1146500
2023-12-20 19:00:00-05:00,81.63,82.56,81.09,82.51,1028600
2023-12-21 19:00:00-05:00,82.92,83.18,81.90,82.13,874200
2023-12-25 19:00:00-05:00,82.69,83.23,82.29,82.93,658000
2023-12-26 19:00:00-05:00,82.69,83.38,82.06,82.46,695500
2023-12-27 19:00:00-05:00,82.20,82.84,81.72,81.79,917500
2023-12-28 19:00:00-05:00,81.90,82.36,81.53,82.28,1256600
2024-01-01 19:00:00-05:00,82.69,83.31,81.55,81.86,1434500
2024-01-02 19:00:00-05:00,81.69,83.31,81.44,83.12,1461900
2024-01-03 19:00:00-05:00,83.81,84.45,81.62,81.70,1313800
2024-01-04 19:00:00-05:00,82.09,82.25,80.75,81.26,1476600
2024-01-07 19:00:00-05:00,79.85,80.01,77.62,79.90,2395100
2024-01-08 19:00:00-05:00,79.77,79.84,78.44,79.19,1935400
2024-01-09 19:00:00-05:00,79.54,79.54,78.43,79.38,1436600
2024-01-10 19:00:00-05:00,79.51,79.91,78.02,78.84,1436600
2024-01-11 19:00:00-05:00,80.35,80.45,78.73,79.39,909600
2024-01-15 19:00:00-05:00,78.97,79.07,77.85,78.17,1386200
2024-01-16 19:00:00-05:00,77.44,78.49,77.13,77.19,1383200
2024-01-17 19:00:00-05:00,77.05,78.63,76.75,78.23,2369700
2024-01-18 19:00:00-05:00,78.40,78.40,77.36,78.13,1373100
2024-01-21 19:00:00-05:00,78.13,79.51,77.79,79.38,1630400
2024-01-22 19:00:00-05:00,79.28,79.94,78.48,78.84,1162900
2024-01-23 19:00:00-05:00,79.46,80.21,78.95,79.55,1141100
2024-01-24 19:00:00-05:00,80.05,81.47,79.56,81.45,1747900
2024-01-25 19:00:00-05:00,81.35,82.25,81.18,82.23,1216400
2024-01-28 19:00:00-05:00,82.07,82.17,80.67,81.91,1058600
2024-01-29 19:00:00-05:00,81.31,83.05,81.22,82.92,995400
2024-01-30 19:00:00-05:00,83.19,83.19,80.85,80.94,1088600
2024-01-31 19:00:00-05:00,81.37,82.49,80.79,81.97,1872500
2024-02-01 19:00:00-05:00,81.77,82.39,80.34,81.91,1703400
2024-02-04 19:00:00-05:00,81.69,81.89,80.44,81.52,1650300
2024-02-05 19:00:00-05:00,81.69,82.24,81.37,82.14,2364000
2024-02-06 19:00:00-05:00,82.55,82.95,81.68,82.93,1544800
2024-02-07 19:00:00-05:00,82.89,83.84,82.47,83.74,1382600
2024-02-08 19:00:00-05:00,83.90,84.44,82.94,82.97,1358100
2024-02-11 19:00:00-05:00,83.24,84.33,83.24,84.32,1448100
2024-02-12 19:00:00-05:00,84.24,84.77,83.30,84.26,1902800
2024-02-13 19:00:00-05:00,84.76,85.36,83.76,84.16,2358100
2024-02-14 19:00:00-05:00,85.31,89.07,84.31,88.86,5223500
2024-02-15 19:00:00-05:00,89.12,92.38,89.07,92.36,3841100
2024-02-19 19:00:00-05:00,92.28,92.35,90.77,91.80,3174000
2024-02-20 19:00:00-05:00,92.41,93.31,92.13,92.86,3338700
2024-02-21 19:00:00-05:00,92.38,94.36,92.26,93.71,3247600
2024-02-22 19:00:00-05:00,93.12,93.51,92.25,92.44,1944300
2024-02-25 19:00:00-05:00,92.08,93.21,91.35,92.95,1698700
2024-02-26 19:00:00-05:00,93.34,93.36,92.28,92.49,1269900
2024-02-27 19:00:00-05:00,92.46,93.14,92.07,92.79,886100
2024-02-28 19:00:00-05:00,92.84,93.76,92.69,93.59,1645400
2024-02-29 19:00:00-05:00,93.94,94.89,93.94,94.64,1241900
2024-03-03 19:00:00-05:00,94.75,96.31,94.36,96.21,1450100
2024-03-04 19:00:00-05:00,96.19,98.37,95.56,97.67,2176600
2024-03-05 19:00:00-05:00,98.71,100.59,98.17,99.36,2224800
2024-03-06 19:00:00-05:00,99.33,100.06,99.11,99.78,1679600
2024-03-07 19:00:00-05:00,99.46,100.21,98.43,98.92,1329500
2024-03-10 20:00:00-04:00,98.63,99.67,98.30,99.65,1313700
2024-03-11 20:00:00-04:00,99.39,100.71,99.31,100.56,1006100
2024-03-12 20:00:00-04:00,101.35,102.21,100.98,101.39,1120200
2024-03-13 20:00:00-04:00,101.28,101.82,99.96,100.64,1234300
2024-03-14 20:00:00-04:00,99.93,101.81,99.93,100.96,1930200
2024-03-17 20:00:00-04:00,101.49,102.36,101.03,102.28,1016400
2024-03-18 20:00:00-04:00,102.38,104.21,102.24,103.95,1912300
2024-03-19 20:00:00-04:00,103.96,104.27,103.51,103.92,1538700
2024-03-20 20:00:00-04:00,104.01,105.87,103.97,105.76,1986400
2024-03-21 20:00:00-04:00,105.79,106.47,105.22,105.66,1828600
2024-03-24 20:00:00-04:00,105.99,107.18,105.76,106.33,1894800
2024-03-25 20:00:00-04:00,106.32,106.40,105.24,105.42,1556300
2024-03-26 20:00:00-04:00,105.64,106.68,105.05,105.80,1334800
2024-03-27 20:00:00-04:00,106.48,106.97,105.33,106.69,1571200
2024-03-31 20:00:00-04:00,107.19,107.19,105.93,106.92,1116100
2024-04-01 20:00:00-04:00,107.18,107.97,106.64,107.93,1240600
2024-04-02 20:00:00-04:00,108.74,110.64,108.61,110.51,1710600
2024-04-03 20:00:00-04:00,110.93,111.18,108.37,108.95,1628100
2024-04-04 20:00:00-04:00,109.56,110.63,108.94,110.49,1177400
2024-04-07 20:00:00-04:00,110.45,111.39,109.65,110.49,1893300
2024-04-08 20:00:00-04:00,110.94,110.94,108.15,109.00,2238600
2024-04-09 20:00:00-04:00,108.41,110.21,107.87,109.26,2481500
2024-04-10 20:00:00-04:00,109.32,110.02,107.96,109.88,2178900
2024-04-11 20:00:00-04:00,110.78,112.05,108.72,109.27,2138600
2024-04-14 20:00:00-04:00,110.64,111.20,108.48,108.93,1899200
2024-04-15 20:00:00-04:00,108.95,109.62,107.39,108.68,2175400
2024-04-16 20:00:00-04:00,108.87,108.99,106.52,106.92,2013200
2024-04-17 20:00:00-04:00,107.22,107.54,106.01,106.49,1756200
2024-04-18 20:00:00-04:00,106.73,108.55,106.70,107.58,1518500
2024-04-21 20:00:00-04:00,107.58,109.40,106.33,108.43,1584700
2024-04-22 20:00:00-04:00,108.31,110.82,107.76,110.52,1659500
2024-04-23 20:00:00-04:00,110.00,111.46,109.56,111.37,1367200
2024-04-24 20:00:00-04:00,111.48,112.30,110.30,112.11,1381400
2024-04-25 20:00:00-04:00,111.78,111.85,110.46,111.33,1602700
2024-04-28 20:00:00-04:00,111.92,112.51,111.53,112.38,1172200
2024-04-29 20:00:00-04:00,112.05,112.28,109.26,109.37,1809100
2024-04-30 20:00:00-04:00,109.18,109.73,106.83,107.79,2460600
2024-05-01 20:00:00-04:00,108.50,109.88,107.30,108.34,1874500
2024-05-02 20:00:00-04:00,108.59,108.67,105.56,107.69,1753000
2024-05-05 20:00:00-04:00,108.35,109.21,107.71,108.16,1346500
2024-05-06 20:00:00-04:00,108.30,108.85,107.91,108.19,1053000
2024-05-07 20:00:00-04:00,107.74,108.46,107.44,107.82,1195200
2024-05-08 20:00:00-04:00,108.00,109.04,107.68,108.92,1246600
2024-05-09 20:00:00-04:00,109.20,109.31,107.65,108.54,1541100
2024-05-12 20:00:00-04:00,108.75,109.26,108.09,108.27,1065600
2024-05-13 20:00:00-04:00,107.96,109.78,107.65,109.72,1279400
2024-05-14 20:00:00-04:00,109.31,111.20,108.98,110.83,1523900
2024-05-15 20:00:00-04:00,110.76,112.35,110.60,111.35,1270200
2024-05-16 20:00:00-04:00,111.95,113.10,111.53,112.83,1102100
2024-05-19 20:00:00-04:00,112.86,113.26,111.93,112.71,867000
2024-05-20 20:00:00-04:00,112.91,114.76,112.69,113.34,1112900
2024-05-21 20:00:00-04:00,112.19,112.70,109.47,110.19,1379500
2024-05-22 20:00:00-04:00,110.70,111.48,109.07,109.17,1136600
2024-05-23 20:00:00-04:00,109.79,110.03,108.97,109.58,928500
2024-05-27 20:00:00-04:00,109.90,111.39,109.90,110.76,1458400
2024-05-28 20:00:00-04:00,110.53,111.06,109.66,109.96,990600
2024-05-29 20:00:00-04:00,110.01,111.87,110.01,111.78,1436100
2024-05-30 20:00:00-04:00,111.93,113.40,111.37,113.37,1858900
2024-06-02 20:00:00-04:00,113.37,113.75,109.92,111.74,1502000
2024-06-03 20:00:00-04:00,110.81,112.16,109.80,111.93,1585200
2024-06-04 20:00:00-04:00,112.16,113.37,111.06,113.33,1288600
2024-06-05 20:00:00-04:00,113.06,113.59,112.20,113.13,1250700
2024-06-06 20:00:00-04:00,112.86,113.77,111.93,113.16,1043300
2024-06-09 20:00:00-04:00,113.39,115.52,113.03,114.98,1600100
2024-06-10 20:00:00-04:00,115.22,116.17,114.19,116.12,1178200
2024-06-11 20:00:00-04:00,116.97,117.21,115.23,116.48,1539600
2024-06-12 20:00:00-04:00,116.44,116.77,114.31,115.29,1273700
2024-06-13 20:00:00-04:00,114.91,115.30,114.04,114.10,1085800
2024-06-16 20:00:00-04:00,114.26,116.90,114.10,116.60,1582300
2024-06-17 20:00:00-04:00,117.21,118.70,116.64,118.36,1588800
2024-06-19 20:00:00-04:00,118.81,121.36,118.38,121.12,2152300
2024-06-20 20:00:00-04:00,124.35,124.35,119.71,119.95,3344300
2024-06-23 20:00:00-04:00,120.38,123.73,120.02,123.31,1439900
2024-06-24 20:00:00-04:00,122.77,124.54,122.05,124.49,1496800
2024-06-25 20:00:00-04:00,124.65,124.87,121.97,122.25,1618000
2024-06-26 20:00:00-04:00,122.73,123.59,122.56,123.29,2011200
2024-06-27 20:00:00-04:00,123.80,125.16,123.36,123.48,3430500
2024-06-30 20:00:00-04:00,124.63,125.92,122.70,125.87,1858100
2024-07-01 20:00:00-04:00,126.43,126.65,125.08,125.61,1238000
2024-07-02 20:00:00-04:00,126.34,128.28,125.72,128.10,892800
2024-07-04 20:00:00-04:00,127.81,127.86,126.39,127.04,819000
2024-07-07 20:00:00-04:00,126.55,127.77,126.30,127.10,1004800
2024-07-08 20:00:00-04:00,126.57,128.13,126.11,126.96,1149600
2024-07-09 20:00:00-04:00,127.28,127.87,126.60,127.42,728700
2024-07-10 20:00:00-04:00,127.30,128.25,126.58,128.11,879000
2024-07-11 20:00:00-04:00,128.83,129.90,127.83,129.49,990300
2024-07-14 20:00:00-04:00,130.27,130.68,128.71,128.81,1150000
2024-07-15 20:00:00-04:00,129.34,129.59,128.32,129.27,807600
2024-07-16 20:00:00-04:00,129.45,131.11,128.22,128.46,994500
2024-07-17 20:00:00-04:00,128.49,130.92,127.94,130.57,1618600
2024-07-18 20:00:00-04:00,131.11,131.25,129.74,130.76,1552800
2024-07-21 20:00:00-04:00,130.55,132.59,130.29,132.09,1399300
2024-07-22 20:00:00-04:00,131.46,132.08,130.11,130.34,921500
2024-07-23 20:00:00-04:00,130.45,130.77,126.12,126.21,1557400
2024-07-24 20:00:00-04:00,126.21,127.59,125.29,126.55,1588400
2024-07-25 20:00:00-04:00,126.91,127.60,125.85,126.16,1364800
2024-07-28 20:00:00-04:00,126.83,127.62,125.73,127.54,1084400
2024-07-29 20:00:00-04:00,127.75,129.20,127.16,128.62,1264100
2024-07-30 20:00:00-04:00,129.78,131.60,129.26,130.44,1560500
2024-07-31 20:00:00-04:00,130.51,134.37,129.50,131.23,2290400
2024-08-01 20:00:00-04:00,130.00,130.06,124.61,125.91,1766900
2024-08-04 20:00:00-04:00,121.68,123.71,118.18,123.29,2917100
2024-08-05 20:00:00-04:00,124.45,128.96,123.85,126.91,3240300
2024-08-06 20:00:00-04:00,128.78,132.58,128.39,128.48,3539300
2024-08-07 20:00:00-04:00,129.08,132.23,128.73,131.82,1905400
2024-08-08 20:00:00-04:00,131.83,132.25,130.33,130.84,1744600
2024-08-11 20:00:00-04:00,131.57,133.52,131.57,132.67,1886700
2024-08-12 20:00:00-04:00,132.00,132.17,130.66,131.72,2030000
2024-08-13 20:00:00-04:00,131.97,135.24,131.72,135.15,2106600
2024-08-14 20:00:00-04:00,136.42,137.80,135.71,137.72,2235700
2024-08-15 20:00:00-04:00,137.16,137.85,136.21,137.37,1530600
2024-08-18 20:00:00-04:00,137.33,139.66,137.33,139.32,1413400
2024-08-19 20:00:00-04:00,139.19,139.63,135.86,136.54,928200
2024-08-20 20:00:00-04:00,137.41,138.17,136.52,137.22,1295100
2024-08-21 20:00:00-04:00,137.35,138.85,137.10,137.74,1363600
2024-08-22 20:00:00-04:00,138.51,139.05,137.62,138.98,869500
2024-08-25 20:00:00-04:00,140.35,140.98,138.56,140.27,1416500
2024-08-26 20:00:00-04:00,140.02,141.82,139.56,139.94,1207900
2024-08-27 20:00:00-04:00,139.82,140.62,139.01,139.13,1223000
2024-08-28 20:00:00-04:00,139.71,141.44,138.51,141.06,894100
2024-08-29 20:00:00-04:00,139.82,141.76,139.82,141.65,2325400
2024-09-02 20:00:00-04:00,140.98,145.10,138.75,144.52,3130100
2024-09-03 20:00:00-04:00,146.23,146.97,140.97,141.89,2327600
2024-09-04 20:00:00-04:00,142.36,144.66,142.36,144.43,2139600
2024-09-05 20:00:00-04:00,144.63,145.53,139.86,141.50,1612500
2024-09-08 20:00:00-04:00,142.14,142.93,138.39,138.78,2859800
2024-09-09 20:00:00-04:00,139.26,140.01,138.04,139.03,2167500
2024-09-10 20:00:00-04:00,138.90,140.07,137.03,139.55,1650500
2024-09-11 20:00:00-04:00,139.98,142.92,139.72,141.48,1305100
2024-09-12 20:00:00-04:00,141.95,142.98,141.16,142.89,833400
2024-09-15 20:00:00-04:00,144.41,145.66,142.98,145.21,1186500
2024-09-16 20:00:00-04:00,145.04,146.76,144.84,146.59,847400
2024-09-17 20:00:00-04:00,147.10,148.73,146.22,146.75,1811800
2024-09-18 20:00:00-04:00,148.82,149.33,146.35,146.77,1729600
2024-09-19 20:00:00-04:00,143.96,148.88,142.99,147.37,4283700
2024-09-22 20:00:00-04:00,147.72,150.21,147.72,149.97,2141600
2024-09-23 20:00:00-04:00,151.06,152.04,150.42,150.87,1915300
2024-09-24 20:00:00-04:00,150.87,151.30,148.77,149.99,941900
2024-09-25 20:00:00-04:00,147.95,149.02,140.88,141.08,2084300
2024-09-26 20:00:00-04:00,141.14,142.16,139.14,141.55,2341500
2024-09-29 20:00:00-04:00,141.75,142.86,140.34,142.72,2019600
2024-09-30 20:00:00-04:00,141.91,145.80,141.31,145.20,1423000
2024-10-01 20:00:00-04:00,146.04,147.92,145.06,147.76,1432300
2024-10-02 20:00:00-04:00,149.07,150.60,147.65,149.94,1026800
2024-10-03 20:00:00-04:00,151.17,152.47,150.23,152.37,1097100
2024-10-06 20:00:00-04:00,152.10,154.01,151.70,152.43,1887100
2024-10-07 20:00:00-04:00,151.73,153.16,149.92,152.63,1470100
2024-10-08 20:00:00-04:00,151.47,157.86,151.47,157.56,2637100
2024-10-09 20:00:00-04:00,157.39,157.63,154.47,156.71,1521300
2024-10-10 20:00:00-04:00,157.10,160.13,156.24,159.83,2355100
2024-10-13 20:00:00-04:00,159.10,161.79,159.10,160.70,1960700
2024-10-14 20:00:00-04:00,157.58,158.63,155.06,156.08,1927800
2024-10-15 20:00:00-04:00,156.14,157.45,155.27,156.82,776100
2024-10-16 20:00:00-04:00,158.21,159.47,155.85,156.13,1262400
2024-10-17 20:00:00-04:00,156.70,157.54,155.48,156.93,843700
2024-10-20 20:00:00-04:00,157.99,159.01,155.28,155.93,1075000
2024-10-21 20:00:00-04:00,156.25,159.73,155.58,159.22,1012100
2024-10-22 20:00:00-04:00,158.38,161.44,158.38,159.91,2730800
2024-10-23 20:00:00-04:00,160.63,163.53,160.10,162.54,1856400
2024-10-24 20:00:00-04:00,163.80,163.85,156.61,160.03,2454700
2024-10-27 20:00:00-04:00,157.13,159.02,156.55,158.83,1990100
2024-10-28 20:00:00-04:00,158.71,159.11,157.32,158.53,835800
2024-10-29 20:00:00-04:00,158.46,161.63,158.36,160.67,1438600
2024-10-30 20:00:00-04:00,160.83,163.00,160.46,161.72,1257300
2024-10-31 20:00:00-04:00,163.06,163.28,159.20,160.08,1257900
2024-11-03 19:00:00-05:00,160.36,163.98,160.36,163.89,1111800
2024-11-04 19:00:00-05:00,163.18,172.98,162.28,171.83,2921600
2024-11-05 19:00:00-05:00,177.52,183.67,176.47,180.20,2885400
2024-11-06 19:00:00-05:00,179.48,182.31,177.84,181.90,1224100
2024-11-07 19:00:00-05:00,182.95,186.58,182.55,186.24,2372600
2024-11-10 19:00:00-05:00,187.72,190.43,186.46,188.84,1231800
2024-11-11 19:00:00-05:00,190.73,190.95,186.89,188.21,1123300
2024-11-12 19:00:00-05:00,188.19,188.69,185.72,186.94,1469600
2024-11-13 19:00:00-05:00,186.18,186.42,182.62,185.56,1536500
2024-11-14 19:00:00-05:00,184.42,190.05,184.05,189.89,1373400
2024-11-17 19:00:00-05:00,191.69,193.49,189.85,192.75,1756800
2024-11-18 19:00:00-05:00,191.19,197.28,190.93,197.18,2402500
2024-11-19 19:00:00-05:00,198.38,198.76,194.88,196.47,1370600
2024-11-20 19:00:00-05:00,198.57,201.62,196.48,201.17,1175500
2024-11-21 19:00:00-05:00,201.71,203.28,200.05,200.80,1267100
2024-11-24 19:00:00-05:00,202.38,202.45,193.47,194.75,3926700
2024-11-25 19:00:00-05:00,195.36,197.10,194.51,197.03,1733800
2024-11-26 19:00:00-05:00,197.51,198.12,194.90,195.07,1506200
2024-11-28 19:00:00-05:00,196.88,199.02,195.67,197.89,826800
2024-12-01 19:00:00-05:00,198.04,198.23,187.06,188.43,2137500
2024-12-02 19:00:00-05:00,189.40,192.03,188.50,190.94,1474800
2024-12-03 19:00:00-05:00,190.48,191.71,187.22,189.32,1489900
2024-12-04 19:00:00-05:00,189.67,193.19,189.26,192.10,1263600
2024-12-05 19:00:00-05:00,191.41,191.77,186.46,188.24,1497200
2024-12-08 19:00:00-05:00,188.92,189.62,180.56,181.06,2304800
2024-12-09 19:00:00-05:00,181.95,183.11,178.94,179.52,1489500
2024-12-10 19:00:00-05:00,181.42,181.42,177.99,180.43,1707600
2024-12-11 19:00:00-05:00,180.93,181.58,179.15,179.75,1222800
2024-12-12 19:00:00-05:00,180.04,181.43,178.20,178.83,996900
2024-12-15 19:00:00-05:00,178.76,179.32,176.12,177.64,2537400
2024-12-16 19:00:00-05:00,175.59,176.13,172.27,175.53,2433500
2024-12-17 19:00:00-05:00,175.07,175.59,166.31,166.54,3150200
2024-12-18 19:00:00-05:00,168.94,171.39,165.82,167.11,3305600
2024-12-19 19:00:00-05:00,166.29,171.25,166.15,171.24,5128700
2024-12-22 19:00:00-05:00,170.80,172.97,168.08,172.77,1577700
2024-12-23 19:00:00-05:00,173.76,175.48,172.78,175.05,675600
2024-12-25 19:00:00-05:00,174.86,174.86,171.56,172.32,982200
2024-12-26 19:00:00-05:00,171.82,172.70,170.40,171.79,1017200
2024-12-29 19:00:00-05:00,171.50,173.21,169.78,172.18,1068500
2024-12-30 19:00:00-05:00,172.54,173.82,171.67,172.90,1254800
2025-01-01 19:00:00-05:00,174.51,177.56,173.65,177.31,1145600
2025-01-02 19:00:00-05:00,178.57,181.72,178.31,180.33,1156200
2025-01-05 19:00:00-05:00,182.07,182.07,178.91,180.32,1911100
2025-01-06 19:00:00-05:00,180.68,183.28,178.34,181.92,1588500
2025-01-07 19:00:00-05:00,181.90,186.04,181.16,185.95,1225600
2025-01-09 19:00:00-05:00,187.91,190.64,185.97,187.23,1800500
2025-01-12 19:00:00-05:00,187.27,191.98,186.94,191.27,1435800
2025-01-13 19:00:00-05:00,191.79,197.30,190.82,195.06,1625300
2025-01-14 19:00:00-05:00,197.50,199.36,196.31,199.05,1444700
2025-01-15 19:00:00-05:00,199.08,206.30,198.93,206.27,1908600
2025-01-16 19:00:00-05:00,206.00,210.21,203.54,208.95,1851500
2025-01-20 19:00:00-05:00,208.27,210.52,206.91,210.40,2239100
2025-01-21 19:00:00-05:00,211.34,211.65,202.08,204.64,1554600
2025-01-22 19:00:00-05:00,206.73,207.05,202.76,204.76,1042700
2025-01-23 19:00:00-05:00,203.47,206.50,202.04,202.51,1066000
2025-01-26 19:00:00-05:00,199.44,199.50,190.82,192.99,2002400
2025-01-27 19:00:00-05:00,194.20,196.90,192.88,196.02,1610900
2025-01-28 19:00:00-05:00,195.46,200.96,195.03,196.49,925800
2025-01-29 19:00:00-05:00,198.77,199.63,196.84,198.77,1022500
2025-01-30 19:00:00-05:00,199.96,199.96,190.69,191.32,1722300
2025-02-02 19:00:00-05:00,190.06,197.15,189.65,196.11,1432200
2025-02-03 19:00:00-05:00,194.57,196.40,192.20,194.25,1129200
2025-02-04 19:00:00-05:00,195.95,199.15,195.07,198.75,1160000
2025-02-05 19:00:00-05:00,200.15,200.15,190.54,193.44,1280600
2025-02-06 19:00:00-05:00,194.12,197.52,192.34,195.81,822000
2025-02-09 19:00:00-05:00,197.35,202.73,197.21,200.24,1394000
2025-02-10 19:00:00-05:00,199.49,199.49,194.07,197.51,1477000
2025-02-11 19:00:00-05:00,194.15,198.48,193.51,195.01,1425800
2025-02-12 19:00:00-05:00,194.73,199.42,193.88,198.73,1166100
2025-02-13 19:00:00-05:00,198.26,201.41,196.81,199.64,1181700
2025-02-17 19:00:00-05:00,200.27,203.95,199.99,203.62,1338400
2025-02-18 19:00:00-05:00,203.13,205.97,202.72,204.44,1842700
2025-02-19 19:00:00-05:00,196.15,200.08,189.98,199.00,2812200
2025-02-20 19:00:00-05:00,198.14,198.93,192.99,194.78,2760100
2025-02-23 19:00:00-05:00,194.11,199.44,190.23,192.95,1481700
2025-02-24 19:00:00-05:00,192.83,192.83,183.40,189.49,2206300
2025-02-25 19:00:00-05:00,190.13,194.38,190.13,193.04,1470700
2025-02-26 19:00:00-05:00,193.32,194.13,188.65,190.10,1483200
2025-02-27 19:00:00-05:00,188.94,198.28,188.94,196.11,3502900
2025-03-02 19:00:00-05:00,197.10,199.89,189.09,190.23,1968600
2025-03-03 19:00:00-05:00,186.67,188.96,179.91,184.72,2695100
2025-03-04 19:00:00-05:00,182.33,183.52,177.81,181.61,2375800
2025-03-05 19:00:00-05:00,178.84,181.37,175.61,176.91,1682000
2025-03-06 19:00:00-05:00,177.51,179.44,171.52,176.85,2635100
2025-03-09 20:00:00-04:00,175.16,177.11,170.96,173.47,3016700
2025-03-10 20:00:00-04:00,173.60,178.68,173.04,176.15,2097700
2025-03-11 20:00:00-04:00,180.08,183.70,178.00,181.83,1586700
2025-03-12 20:00:00-04:00,182.39,183.41,176.66,177.77,1552900
2025-03-13 20:00:00-04:00,181.48,186.02,178.65,185.00,1728500
2025-03-16 20:00:00-04:00,184.18,192.23,184.18,191.13,1472500
2025-03-17 20:00:00-04:00,192.21,192.75,187.94,188.86,1201900
2025-03-18 20:00:00-04:00,189.84,194.42,189.00,193.42,1026100
2025-03-19 20:00:00-04:00,192.75,194.31,191.52,193.97,1321100
2025-03-20 20:00:00-04:00,193.04,193.40,190.89,191.91,2054800
2025-03-23 20:00:00-04:00,194.79,200.01,194.43,199.26,1259500
2025-03-24 20:00:00-04:00,200.24,202.31,198.70,199.85,1428300
2025-03-25 20:00:00-04:00,201.24,202.13,195.29,196.42,1281200
2025-03-26 20:00:00-04:00,196.26,196.59,192.50,193.47,1267500
2025-03-27 20:00:00-04:00,192.73,194.06,190.53,192.31,1306900
2025-03-30 20:00:00-04:00,191.16,195.93,188.95,194.89,1734800
2025-03-31 20:00:00-04:00,192.75,197.95,190.63,197.42,1476100
2025-04-01 20:00:00-04:00,194.45,200.35,193.58,199.99,972000
2025-04-02 20:00:00-04:00,187.38,190.87,175.00,175.69,4023300
2025-04-03 20:00:00-04:00,169.33,170.03,154.05,156.70,7805700
2025-04-06 20:00:00-04:00,152.36,168.33,145.82,160.68,4884600
2025-04-07 20:00:00-04:00,169.24,170.13,153.40,156.10,3563900
2025-04-08 20:00:00-04:00,152.92,171.48,149.86,168.82,5629000
2025-04-09 20:00:00-04:00,164.68,164.84,155.12,157.91,3555500
2025-04-10 20:00:00-04:00,159.48,159.94,153.89,159.01,2758700
2025-04-13 20:00:00-04:00,163.78,163.78,159.09,160.14,2482400
2025-04-14 20:00:00-04:00,160.92,166.46,159.23,163.36,1387400
2025-04-15 20:00:00-04:00,163.37,169.73,162.57,167.87,2711400
2025-04-16 20:00:00-04:00,170.76,173.71,169.34,169.71,1975800
2025-04-20 20:00:00-04:00,166.96,167.46,157.63,159.96,2009200
2025-04-21 20:00:00-04:00,163.43,167.67,162.69,166.14,1750900
2025-04-22 20:00:00-04:00,170.66,173.32,165.82,167.55,2833800
2025-04-23 20:00:00-04:00,167.83,173.64,167.56,172.07,1330700
2025-04-24 20:00:00-04:00,170.91,174.22,170.47,172.68,1591300
2025-04-27 20:00:00-04:00,173.27,174.84,171.37,174.26,1363200
2025-04-28 20:00:00-04:00,172.05,174.21,170.27,173.15,1809900
2025-04-29 20:00:00-04:00,168.06,169.11,164.10,167.08,3170400
2025-04-30 20:00:00-04:00,165.22,167.11,156.96,158.71,3153200
2025-05-01 20:00:00-04:00,160.20,162.95,156.06,158.25,3157500
2025-05-04 20:00:00-04:00,156.08,156.35,151.28,154.71,3276000
2025-05-05 20:00:00-04:00,153.96,155.01,151.00,153.80,2927300
2025-05-06 20:00:00-04:00,154.72,156.92,153.37,155.34,2235900
2025-05-07 20:00:00-04:00,156.42,159.64,154.71,156.47,2755400
2025-05-08 20:00:00-04:00,157.43,158.62,154.95,155.99,1653500
2025-05-11 20:00:00-04:00,162.40,167.04,160.15,162.48,2520100
2025-05-12 20:00:00-04:00,163.07,169.74,163.07,165.71,2111400
2025-05-13 20:00:00-04:00,165.08,165.99,163.50,164.81,1810000
2025-05-14 20:00:00-04:00,161.13,162.98,160.55,162.73,1905100
2025-05-15 20:00:00-04:00,162.97,164.19,160.40,161.99,2084600
2025-05-18 20:00:00-04:00,159.76,161.93,159.35,160.95,1202700
2025-05-19 20:00:00-04:00,161.85,161.94,157.93,158.31,2133500
2025-05-20 20:00:00-04:00,157.77,157.86,155.46,156.79,2399800
2025-05-21 20:00:00-04:00,156.11,156.51,153.69,155.54,1340800
2025-05-22 20:00:00-04:00,154.14,157.41,154.14,156.87,1475500
2025-05-26 20:00:00-04:00,158.71,159.03,156.51,157.85,1510600
2025-05-27 20:00:00-04:00,158.81,159.73,155.46,155.78,1287600
2025-05-28 20:00:00-04:00,155.14,155.78,152.68,154.95,1663600
2025-05-29 20:00:00-04:00,153.95,155.41,151.98,154.40,4020400
2025-06-01 20:00:00-04:00,158.48,158.99,154.62,158.72,1815700
2025-06-02 20:00:00-04:00,159.11,162.63,158.36,161.24,1979800
2025-06-03 20:00:00-04:00,160.46,162.89,155.10,157.09,2487500
2025-06-04 20:00:00-04:00,158.03,161.29,156.46,160.46,1903500
2025-06-05 20:00:00-04:00,162.23,164.09,161.50,163.37,1921500
2025-06-08 20:00:00-04:00,164.33,165.59,159.09,159.16,1921600
2025-06-09 20:00:00-04:00,160.16,162.51,159.78,161.44,1589700
2025-06-10 20:00:00-04:00,164.19,166.24,162.92,165.99,2018800
2025-06-11 20:00:00-04:00,164.28,166.47,163.85,165.36,1457700
2025-06-12 20:00:00-04:00,170.03,172.06,167.19,170.90,2706300
2025-06-15 20:00:00-04:00,169.71,173.68,166.70,167.67,2265200
2025-06-16 20:00:00-04:00,168.99,169.86,165.84,165.86,1296300
2025-06-17 20:00:00-04:00,166.43,167.45,164.08,165.54,1677700
2025-06-19 20:00:00-04:00,165.68,167.96,165.68,166.85,2211400
2025-06-22 20:00:00-04:00,168.27,168.87,160.48,161.05,1890900
2025-06-23 20:00:00-04:00,159.98,164.47,158.38,163.98,2041400
2025-06-24 20:00:00-04:00,164.66,168.69,162.46,166.68,1980200
2025-06-25 20:00:00-04:00,166.92,172.39,166.65,171.91,1494100
2025-06-26 20:00:00-04:00,171.29,172.60,169.22,170.48,2892000
2025-06-29 20:00:00-04:00,170.61,172.16,169.24,170.19,2119700
2025-06-30 20:00:00-04:00,170.81,170.85,166.15,168.13,1830400
2025-07-01 20:00:00-04:00,169.43,170.89,166.19,169.90,1319000
2025-07-02 20:00:00-04:00,170.40,171.26,168.90,169.64,760700
2025-07-06 20:00:00-04:00,167.49,168.86,165.64,168.61,1368700
2025-07-07 20:00:00-04:00,168.03,171.04,167.18,170.50,1720000
2025-07-08 20:00:00-04:00,171.05,171.05,166.82,166.88,1202100
2025-07-09 20:00:00-04:00,165.62,167.30,164.26,166.92,1128200
2025-07-10 20:00:00-04:00,166.74,168.72,166.58,168.06,801400
2025-07-13 20:00:00-04:00,167.61,169.15,166.65,168.61,935000
2025-07-14 20:00:00-04:00,168.94,168.94,164.27,165.53,897100
2025-07-15 20:00:00-04:00,165.42,165.63,160.14,162.28,1356200
2025-07-16 20:00:00-04:00,161.24,163.24,159.58,162.76,1451700
2025-07-17 20:00:00-04:00,163.99,168.84,163.77,167.29,1441900
2025-07-20 20:00:00-04:00,166.47,167.27,159.16,159.65,1424200
2025-07-21 20:00:00-04:00,159.70,160.70,157.86,158.90,1650200
2025-07-22 20:00:00-04:00,158.61,161.53,157.73,161.23,1462300
2025-07-23 20:00:00-04:00,161.38,163.32,160.56,161.94,1448300
2025-07-24 20:00:00-04:00,162.80,162.80,161.59,161.90,1281000
2025-07-27 20:00:00-04:00,163.53,164.91,162.28,163.58,1005100
2025-07-28 20:00:00-04:00,164.60,165.86,162.87,165.77,1123000
2025-07-29 20:00:00-04:00,164.78,165.62,163.01,163.63,1426000
2025-07-30 20:00:00-04:00,163.10,166.41,162.76,163.67,1572000
2025-07-31 20:00:00-04:00,160.97,162.74,157.94,160.24,1760900
2025-08-03 20:00:00-04:00,160.83,163.37,160.83,162.11,1240600
2025-08-04 20:00:00-04:00,162.53,162.53,157.91,160.94,2049400
2025-08-05 20:00:00-04:00,162.68,163.27,160.18,160.36,1696800
2025-08-06 20:00:00-04:00,163.60,166.70,160.85,164.14,2036600
2025-08-07 20:00:00-04:00,165.61,167.81,161.66,162.37,2023100
2025-08-10 20:00:00-04:00,162.39,165.83,161.77,163.37,1879600
2025-08-11 20:00:00-04:00,162.88,165.86,161.82,165.27,1597700
2025-08-12 20:00:00-04:00,165.12,165.82,160.78,163.99,1787700
2025-08-13 20:00:00-04:00,164.23,164.55,160.48,162.78,1439100
2025-08-14 20:00:00-04:00,163.30,163.84,160.43,160.50,1525100
2025-08-17 20:00:00-04:00,159.54,159.89,157.87,158.40,1080000
2025-08-18 20:00:00-04:00,157.64,159.89,156.47,158.12,1606200
2025-08-19 20:00:00-04:00,158.10,160.62,156.74,160.19,1722300
2025-08-20 20:00:00-04:00,159.87,161.10,159.10,159.43,1578700
2025-08-21 20:00:00-04:00,159.93,162.24,159.10,160.57,1000400
2025-08-24 20:00:00-04:00,159.74,161.30,157.94,158.53,921500
2025-08-25 20:00:00-04:00,158.81,160.44,158.30,160.39,1918900
2025-08-26 20:00:00-04:00,159.15,163.74,158.22,162.45,1276800
2025-08-27 20:00:00-04:00,163.11,164.42,161.54,164.21,1018500
2025-08-28 20:00:00-04:00,164.27,166.01,164.09,165.00,986200
2025-09-01 20:00:00-04:00,164.01,164.91,162.39,163.97,1221800
2025-09-02 20:00:00-04:00,163.28,163.99,160.10,160.86,1111500
2025-09-03 20:00:00-04:00,161.27,164.01,160.34,163.80,1139800
2025-09-04 20:00:00-04:00,162.87,163.11,155.20,159.68,1636800
2025-09-07 20:00:00-04:00,160.83,161.73,156.48,157.88,1783700
2025-09-08 20:00:00-04:00,158.78,160.28,158.05,158.62,1223900
2025-09-09 20:00:00-04:00,158.71,162.60,158.21,160.72,1230700
2025-09-10 20:00:00-04:00,159.82,163.08,159.16,162.52,953900
2025-09-11 20:00:00-04:00,163.14,165.30,162.27,163.64,1008900
2025-09-14 20:00:00-04:00,164.20,165.37,160.38,160.64,1075100
2025-09-15 20:00:00-04:00,161.58,161.96,159.62,160.26,1463000
2025-09-16 20:00:00-04:00,160.05,165.44,160.05,163.78,1856000
2025-09-17 20:00:00-04:00,165.52,168.39,164.43,167.32,2164700
2025-09-18 20:00:00-04:00,167.35,167.68,161.02,161.72,3499300
2025-09-21 20:00:00-04:00,160.28,165.14,158.88,162.50,1586600
2025-09-22 20:00:00-04:00,162.85,169.77,162.85,167.34,1721900
2025-09-23 20:00:00-04:00,167.48,171.26,167.39,169.35,1164100
2025-09-24 20:00:00-04:00,168.60,169.62,166.98,168.91,1011900
2025-09-25 20:00:00-04:00,169.71,172.89,169.71,171.32,1023300
2025-09-28 20:00:00-04:00,170.31,170.39,163.99,166.31,1194400
2025-09-29 20:00:00-04:00,164.63,169.37,163.19,164.78,1670200
2025-09-30 20:00:00-04:00,163.05,168.60,162.57,165.30,1711800
2025-10-01 20:00:00-04:00,164.62,167.59,159.71,159.97,1628200
2025-10-02 20:00:00-04:00,160.56,161.76,158.60,159.63,1221000
2025-10-05 20:00:00-04:00,160.91,161.27,158.12,159.92,1233500
2025-10-06 20:00:00-04:00,160.78,163.91,160.05,163.70,1821100
2025-10-07 20:00:00-04:00,163.45,166.51,159.59,165.72,2009900
2025-10-08 20:00:00-04:00,165.58,166.74,157.38,158.64,1371000
2025-10-09 20:00:00-04:00,156.87,158.35,149.82,149.90,1870000
2025-10-12 20:00:00-04:00,151.40,152.41,149.11,149.27,1129000
2025-10-13 20:00:00-04:00,146.52,149.13,144.88,147.90,1697600
2025-10-14 20:00:00-04:00,149.17,151.22,146.83,148.57,1255000
2025-10-15 20:00:00-04:00,149.37,150.24,143.46,143.89,1796700
2025-10-16 20:00:00-04:00,143.55,146.24,141.77,146.22,1787200
2025-10-19 20:00:00-04:00,147.63,149.05,146.56,148.45,1057700
2025-10-20 20:00:00-04:00,149.24,149.55,146.75,148.92,1100500
2025-10-21 20:00:00-04:00,150.45,153.16,149.27,151.92,1582200
2025-10-22 20:00:00-04:00,155.02,155.36,151.88,154.22,1435700
2025-10-23 20:00:00-04:00,154.91,155.81,150.23,151.24,1210200
2025-10-26 20:00:00-04:00,152.34,152.60,150.57,151.44,1218500
2025-10-27 20:00:00-04:00,150.43,151.04,147.82,150.03,978800
2025-10-28 20:00:00-04:00,149.86,150.52,147.54,148.89,1170600
2025-10-29 20:00:00-04:00,148.48,151.53,147.53,149.02,1269100
2025-10-30 20:00:00-04:00,149.99,153.74,149.74,152.51,1988800
2025-11-02 19:00:00-05:00,152.95,154.64,150.27,154.54,2327400
2025-11-03 19:00:00-05:00,151.67,154.32,150.71,153.03,2508700
2025-11-04 19:00:00-05:00,154.71,164.60,154.71,161.07,2817600
2025-11-05 19:00:00-05:00,162.44,171.03,162.15,168.19,2563900
2025-11-06 19:00:00-05:00,167.51,171.54,165.56,170.35,2151500
2025-11-09 19:00:00-05:00,171.73,172.55,166.83,167.80,1593100
2025-11-10 19:00:00-05:00,169.21,172.17,168.35,171.51,1273800
2025-11-11 19:00:00-05:00,170.50,172.89,168.47,168.89,1381600
2025-11-12 19:00:00-05:00,169.92,170.20,166.93,168.02,1345800
2025-11-13 19:00:00-05:00,168.42,172.50,167.16,171.38,1801500
2025-11-16 19:00:00-05:00,170.58,171.07,166.08,166.65,1502200
2025-11-17 19:00:00-05:00,167.37,169.83,166.63,167.90,1298900
2025-11-18 19:00:00-05:00,165.65,169.18,164.53,168.47,968000
2025-11-19 19:00:00-05:00,170.09,173.12,166.80,168.51,2246800
2025-11-20 19:00:00-05:00,168.24,170.14,165.74,168.85,1546500
2025-11-23 19:00:00-05:00,168.04,168.66,165.71,168.17,2087300
2025-11-24 19:00:00-05:00,167.11,169.40,165.46,169.36,1349100
2025-11-25 19:00:00-05:00,170.18,172.80,169.83,171.41,674900
2025-11-27 19:00:00-05:00,171.78,174.79,171.77,173.57,558400
2025-11-30 19:00:00-05:00,173.57,177.86,172.53,174.92,1425200
2025-12-01 19:00:00-05:00,174.59,174.59,169.98,170.09,1481800
2025-12-02 19:00:00-05:00,171.95,175.57,171.45,173.97,1570800
2025-12-03 19:00:00-05:00,174.03,178.58,173.23,178.23,1331600
2025-12-04 19:00:00-05:00,178.52,180.80,178.46,178.94,1494400
2025-12-07 19:00:00-05:00,177.63,178.88,174.78,177.32,1840500
2025-12-08 19:00:00-05:00,177.48,183.98,177.00,181.87,2574300
2025-12-09 19:00:00-05:00,182.35,183.10,178.74,181.66,1803400
2025-12-10 19:00:00-05:00,179.89,184.33,179.89,183.88,1814100
2025-12-11 19:00:00-05:00,184.35,185.67,179.33,181.37,1369700
2025-12-14 19:00:00-05:00,181.77,181.77,177.69,180.50,1628200
2025-12-15 19:00:00-05:00,180.02,180.12,174.43,174.66,1936400
2025-12-16 19:00:00-05:00,175.77,180.63,175.51,180.56,2037200
2025-12-17 19:00:00-05:00,179.91,180.40,176.27,176.83,1513700
2025-12-18 19:00:00-05:00,176.60,179.66,176.36,177.15,4275700
2025-12-21 19:00:00-05:00,180.13,181.13,177.50,180.85,1255000
2025-12-22 19:00:00-05:00,181.99,183.13,180.65,182.95,770900
2025-12-23 19:00:00-05:00,182.70,183.51,181.56,181.90,352300
2025-12-25 19:00:00-05:00,182.03,182.53,179.93,181.08,400400
2025-12-28 19:00:00-05:00,182.64,183.06,181.12,182.10,849300
2025-12-29 19:00:00-05:00,183.16,184.50,182.17,183.80,755800
2025-12-30 19:00:00-05:00,183.76,183.96,182.00,182.67,658800
2026-01-01 19:00:00-05:00,182.00,185.99,180.62,184.91,895800
2026-01-04 19:00:00-05:00,187.90,188.11,175.88,181.65,1685900
2026-01-05 19:00:00-05:00,180.18,181.55,175.89,176.14,1085600
2026-01-06 19:00:00-05:00,176.33,176.98,172.73,172.82,1244600
2026-01-07 19:00:00-05:00,173.26,176.95,171.85,175.00,1610000
2026-01-08 19:00:00-05:00,177.24,179.95,174.99,175.10,1037500
2026-01-11 19:00:00-05:00,174.16,176.58,171.93,173.24,967900
2026-01-12 19:00:00-05:00,174.28,179.68,174.28,178.49,1329200
2026-01-13 19:00:00-05:00,178.70,185.37,178.51,180.96,1341100
2026-01-14 19:00:00-05:00,179.52,182.71,176.93,180.12,962500
2026-01-15 19:00:00-05:00,177.97,184.02,177.97,183.51,1245900
2026-01-19 19:00:00-05:00,186.13,186.92,182.80,183.23,1271000
2026-01-20 19:00:00-05:00,186.35,190.58,185.51,188.17,1346700
2026-01-21 19:00:00-05:00,188.21,190.81,187.68,189.56,1325000
2026-01-22 19:00:00-05:00,191.66,193.22,189.36,189.60,1245800
2026-01-25 19:00:00-05:00,191.93,191.93,187.02,190.61,1038000
2026-01-26 19:00:00-05:00,191.19,194.20,190.41,193.10,1141100
2026-01-27 19:00:00-05:00,194.68,199.58,193.94,199.13,1555100
2026-01-28 19:00:00-05:00,202.64,205.41,197.47,199.52,2069500
2026-01-29 19:00:00-05:00,199.00,200.66,196.06,199.98,1311000
2026-02-01 19:00:00-05:00,195.77,199.27,194.36,197.68,1356100
2026-02-02 19:00:00-05:00,198.63,203.72,198.63,202.62,1396800
2026-02-03 19:00:00-05:00,202.83,204.90,199.80,203.42,1399900
2026-02-04 19:00:00-05:00,202.14,204.64,199.61,204.52,1187900
2026-02-05 19:00:00-05:00,205.96,210.61,205.29,210.38,965800
2026-02-08 19:00:00-05:00,210.11,216.98,208.55,216.61,1469800
2026-02-09 19:00:00-05:00,217.51,218.10,215.19,215.98,1509800
2026-02-10 19:00:00-05:00,219.07,221.48,217.28,220.80,1180200
2026-02-11 19:00:00-05:00,220.32,223.86,216.70,217.17,1589900
2026-02-12 19:00:00-05:00,218.17,224.22,217.25,222.77,1242500
2026-02-16 19:00:00-05:00,222.99,224.87,219.50,223.17,1552400
2026-02-17 19:00:00-05:00,228.33,228.85,225.04,226.48,1946000
2026-02-18 19:00:00-05:00,230.56,231.70,217.62,223.04,2455000
2026-02-19 19:00:00-05:00,227.18,230.24,224.04,230.19,1939500
2026-02-22 19:00:00-05:00,229.14,232.11,226.68,230.71,1761900
2026-02-23 19:00:00-05:00,229.56,230.91,223.28,230.56,1136200
2026-02-24 19:00:00-05:00,230.47,231.14,225.59,228.99,1170700
2026-02-25 19:00:00-05:00,225.81,233.24,223.87,230.06,1135400
2026-02-26 19:00:00-05:00,232.19,236.31,230.04,234.62,2369500
2026-03-01 19:00:00-05:00,240.79,248.75,234.96,238.41,2034600
2026-03-02 19:00:00-05:00,245.91,245.91,236.09,242.82,2212600
2026-03-03 19:00:00-05:00,239.86,242.76,237.17,241.84,988800
2026-03-04 19:00:00-05:00,240.79,243.06,236.71,237.82,2171700
2026-03-05 19:00:00-05:00,242.33,242.42,234.50,236.01,2210300
2026-03-08 20:00:00-04:00,236.59,236.59,232.51,233.57,2154700
2026-03-09 20:00:00-04:00,232.84,235.25,230.56,231.31,1490900
2026-03-10 20:00:00-04:00,232.48,235.74,230.12,235.34,1278800
2026-03-11 20:00:00-04:00,234.15,240.42,234.10,236.97,1466700
2026-03-12 20:00:00-04:00,237.65,240.24,235.63,238.85,799600
2026-03-15 20:00:00-04:00,238.44,240.63,236.35,237.95,1020500
2026-03-16 20:00:00-04:00,240.10,242.34,239.38,239.64,899500
2026-03-17 20:00:00-04:00,240.35,240.35,232.44,232.81,1775300
2026-03-18 20:00:00-04:00,234.94,239.96,233.13,238.33,2379000
2026-03-19 20:00:00-04:00,238.49,242.42,236.03,236.22,2735500
2026-03-22 20:00:00-04:00,236.88,241.35,236.38,238.72,1434500
2026-03-23 20:00:00-04:00,239.37,245.74,237.96,244.87,1331400
2026-03-24 20:00:00-04:00,241.26,245.95,240.48,244.23,1276600
2026-03-25 20:00:00-04:00,243.57,251.19,242.81,249.25,1487500
2026-03-26 20:00:00-04:00,246.41,252.13,246.41,248.98,1195000
2026-03-29 20:00:00-04:00,250.09,251.06,245.15,246.85,1601900
2026-03-30 20:00:00-04:00,248.91,251.43,244.45,249.48,2502500
2026-03-31 20:00:00-04:00,244.53,248.06,240.61,243.57,1975700
2026-04-01 20:00:00-04:00,247.50,249.06,242.02,243.17,1223500
2026-04-05 20:00:00-04:00,241.50,245.52,241.40,244.42,927900
2026-04-06 20:00:00-04:00,245.83,252.60,244.64,249.73,1070000
2026-04-07 20:00:00-04:00,236.16,243.34,233.05,242.78,1850300
2026-04-08 20:00:00-04:00,243.51,249.47,241.80,243.53,1303900
2026-04-09 20:00:00-04:00,241.57,243.35,237.20,241.88,1215700
2026-04-12 20:00:00-04:00,243.57,244.49,237.02,239.31,1178300
2026-04-13 20:00:00-04:00,237.53,239.31,232.43,238.08,1014000
2026-04-14 20:00:00-04:00,236.00,239.41,235.29,237.56,895700
2026-04-15 20:00:00-04:00,236.69,240.80,235.59,238.61,858300
2026-04-16 20:00:00-04:00,234.74,235.41,229.85,234.32,2106700
2026-04-19 20:00:00-04:00,232.68,234.54,229.24,230.35,1412100
2026-04-20 20:00:00-04:00,232.49,233.38,229.23,231.49,1460800
2026-04-21 20:00:00-04:00,233.83,235.62,232.98,235.55,1060500
2026-04-22 20:00:00-04:00,237.33,240.19,234.70,238.71,864400
2026-04-23 20:00:00-04:00,237.75,239.61,235.71,239.49,565700
2026-04-26 20:00:00-04:00,240.14,241.80,238.79,240.08,1351700
2026-04-27 20:00:00-04:00,243.87,247.67,243.05,247.13,1065000
2026-04-28 20:00:00-04:00,248.75,249.69,246.82,248.89,1426400
2026-04-29 20:00:00-04:00,247.52,260.49,247.43,260.08,1409500
2026-04-30 20:00:00-04:00,258.09,259.76,251.97,254.28,1027500
2026-05-03 20:00:00-04:00,254.08,259.03,252.28,258.98,978000
2026-05-04 20:00:00-04:00,256.68,261.95,255.11,259.72,941300
2026-05-05 20:00:00-04:00,253.31,253.81,246.99,249.50,1481800
2026-05-06 20:00:00-04:00,244.55,254.88,241.86,252.44,1636900
2026-05-07 20:00:00-04:00,252.16,253.63,247.42,248.12,1438600
2026-05-10 20:00:00-04:00,249.63,255.94,248.29,253.18,1062900
2026-05-11 20:00:00-04:00,255.16,257.36,252.11,255.16,1036900
2026-05-12 20:00:00-04:00,256.50,263.38,252.18,263.29,1531400
2026-05-13 20:00:00-04:00,263.94,268.02,261.93,267.48,1069500
2026-05-14 20:00:00-04:00,267.16,273.11,267.16,271.99,1838000
2026-05-17 20:00:00-04:00,271.78,275.60,270.21,274.70,999700
2026-05-18 20:00:00-04:00,275.92,277.24,271.51,276.20,1411300
2026-05-19 20:00:00-04:00,275.26,280.00,268.76,270.69,929100
2026-05-20 20:00:00-04:00,273.79,273.84,269.30,270.24,1242600
2026-05-21 20:00:00-04:00,270.26,276.84,269.47,276.75,808500
2026-05-25 20:00:00-04:00,273.86,277.00,269.79,269.89,1186700
2026-05-26 20:00:00-04:00,266.59,268.38,261.90,263.65,1140600
2026-05-27 20:00:00-04:00,266.19,268.63,262.06,262.13,927700
2026-05-28 20:00:00-04:00,260.80,262.12,252.97,255.07,2383000
2026-05-31 20:00:00-04:00,257.36,259.70,256.73,259.08,996600
2026-06-01 20:00:00-04:00,259.93,264.22,259.32,263.30,1040000
2026-06-02 20:00:00-04:00,264.20,269.11,262.52,262.69,1101800
2026-06-03 20:00:00-04:00,261.94,267.93,259.77,267.37,867100
2026-06-04 20:00:00-04:00,266.50,267.62,262.89,264.09,821700
2026-06-07 20:00:00-04:00,265.23,268.14,262.79,264.13,702600
2026-06-08 20:00:00-04:00,263.75,266.07,260.01,264.17,708600
2026-06-09 20:00:00-04:00,265.21,273.96,264.52,272.54,1034200
2026-06-10 20:00:00-04:00,275.00,276.26,268.69,269.37,958500
2026-06-11 20:00:00-04:00,267.54,274.84,265.96,272.60,1173900
2026-06-14 20:00:00-04:00,263.24,268.15,262.02,262.33,1261700
2026-06-15 20:00:00-04:00,260.14,263.85,256.53,259.68,1234000
2026-06-16 20:00:00-04:00,260.54,262.23,257.70,260.74,1223400
2026-06-17 20:00:00-04:00,259.88,262.04,253.82,258.58,2248100
2026-06-21 20:00:00-04:00,260.91,264.58,256.40,264.51,1461500
2026-06-22 20:00:00-04:00,263.49,268.82,260.25,268.72,1068200
2026-06-23 20:00:00-04:00,264.30,266.48,261.04,266.32,1284200
2026-06-24 20:00:00-04:00,266.53,275.32,265.53,273.45,1227800
2026-06-25 20:00:00-04:00,274.35,275.21,270.59,272.61,2130700
2026-06-28 20:00:00-04:00,274.26,275.13,270.33,271.35,1087500
