Date,Open,High,Low,Close,Volume
2018-07-01 20:00:00-04:00,17.88,17.98,17.77,17.81,1004400
2018-07-02 20:00:00-04:00,17.86,18.11,17.85,17.88,1060763
2018-07-04 20:00:00-04:00,17.98,18.00,17.78,17.93,876825
2018-07-05 20:00:00-04:00,17.88,18.12,17.85,17.95,924413
2018-07-08 20:00:00-04:00,18.03,18.28,18.03,18.24,1097213
2018-07-09 20:00:00-04:00,18.26,18.37,18.23,18.29,1060763
2018-07-10 20:00:00-04:00,18.25,18.36,18.22,18.32,928463
2018-07-11 20:00:00-04:00,18.41,18.49,18.14,18.19,594338
2018-07-12 20:00:00-04:00,18.13,18.28,18.13,18.18,1053000
2018-07-15 20:00:00-04:00,18.18,18.44,18.18,18.44,943988
2018-07-16 20:00:00-04:00,18.45,18.49,18.27,18.29,1577813
2018-07-17 20:00:00-04:00,18.28,18.54,18.25,18.49,931500
2018-07-18 20:00:00-04:00,18.41,18.52,18.37,18.44,1321650
2018-07-19 20:00:00-04:00,18.44,18.59,18.34,18.50,909900
2018-07-22 20:00:00-04:00,18.47,18.53,18.35,18.51,835313
2018-07-23 20:00:00-04:00,18.52,18.56,18.36,18.41,721913
2018-07-24 20:00:00-04:00,18.58,19.45,18.14,18.42,2017913
2018-07-25 20:00:00-04:00,18.48,18.90,18.48,18.86,1368225
2018-07-26 20:00:00-04:00,18.90,19.07,18.66,18.69,983475
2018-07-29 20:00:00-04:00,18.66,18.82,18.66,18.68,960525
2018-07-30 20:00:00-04:00,18.71,18.84,18.49,18.79,1383413
2018-07-31 20:00:00-04:00,18.79,18.91,18.71,18.79,974700
2018-08-01 20:00:00-04:00,18.68,18.89,18.66,18.78,677700
2018-08-02 20:00:00-04:00,18.77,18.83,18.66,18.83,714150
2018-08-05 20:00:00-04:00,18.82,18.93,18.76,18.82,688500
2018-08-06 20:00:00-04:00,18.83,18.90,18.61,18.69,1041188
2018-08-07 20:00:00-04:00,18.69,18.76,18.63,18.73,832613
2018-08-08 20:00:00-04:00,18.72,18.96,18.70,18.88,851175
2018-08-09 20:00:00-04:00,18.75,18.86,18.59,18.83,551813
2018-08-12 20:00:00-04:00,18.84,18.95,18.75,18.83,577125
2018-08-13 20:00:00-04:00,18.85,19.05,18.80,18.93,859950
2018-08-14 20:00:00-04:00,18.89,19.01,18.83,18.96,678713
2018-08-15 20:00:00-04:00,19.01,19.20,19.01,19.14,670613
2018-08-16 20:00:00-04:00,19.13,19.24,19.05,19.19,626738
2018-08-19 20:00:00-04:00,19.19,19.39,19.19,19.34,731363
2018-08-20 20:00:00-04:00,19.34,19.43,19.34,19.35,705375
2018-08-21 20:00:00-04:00,19.35,19.36,19.07,19.11,1051988
2018-08-22 20:00:00-04:00,19.13,19.26,19.04,19.24,833288
2018-08-23 20:00:00-04:00,19.26,19.38,19.24,19.36,535950
2018-08-26 20:00:00-04:00,19.41,19.48,19.38,19.41,722250
2018-08-27 20:00:00-04:00,19.46,19.56,19.41,19.53,719213
2018-08-28 20:00:00-04:00,19.55,19.57,19.44,19.47,747225
2018-08-29 20:00:00-04:00,19.45,19.47,19.29,19.36,526838
2018-08-30 20:00:00-04:00,19.32,19.42,19.23,19.39,1307475
2018-09-03 20:00:00-04:00,19.39,19.53,19.27,19.52,749250
2018-09-04 20:00:00-04:00,19.52,19.67,19.45,19.49,1150538
2018-09-05 20:00:00-04:00,19.50,19.58,19.46,19.52,835988
2018-09-06 20:00:00-04:00,19.50,19.54,19.38,19.46,652725
2018-09-09 20:00:00-04:00,19.53,19.53,19.35,19.39,737438
2018-09-10 20:00:00-04:00,19.33,19.53,19.26,19.49,1001700
2018-09-11 20:00:00-04:00,19.46,19.51,19.38,19.47,746213
2018-09-12 20:00:00-04:00,19.50,19.76,19.50,19.75,687150
2018-09-13 20:00:00-04:00,19.77,19.99,19.77,19.93,1284188
2018-09-16 20:00:00-04:00,19.89,19.89,19.66,19.72,843075
2018-09-17 20:00:00-04:00,19.72,19.88,19.66,19.73,1513688
2018-09-18 20:00:00-04:00,19.75,19.81,19.52,19.55,1161675
2018-09-19 20:00:00-04:00,19.61,19.72,19.52,19.70,1084388
2018-09-20 20:00:00-04:00,19.34,19.75,19.30,19.69,2116463
2018-09-23 20:00:00-04:00,19.69,19.77,19.50,19.52,1239300
2018-09-24 20:00:00-04:00,19.57,19.83,19.54,19.82,6151950
2018-09-25 20:00:00-04:00,19.88,19.92,19.69,19.72,2361825
2018-09-26 20:00:00-04:00,19.72,19.95,19.68,19.77,2560950
2018-09-27 20:00:00-04:00,19.73,19.99,19.73,19.97,2380050
2018-09-30 20:00:00-04:00,19.99,20.09,19.55,19.61,2184975
2018-10-01 20:00:00-04:00,19.61,19.75,19.52,19.72,964238
2018-10-02 20:00:00-04:00,19.79,19.95,19.73,19.78,1735763
2018-10-03 20:00:00-04:00,19.75,19.90,19.74,19.81,1162688
2018-10-04 20:00:00-04:00,19.80,19.90,19.67,19.68,967613
2018-10-07 20:00:00-04:00,19.61,19.82,19.59,19.75,658125
2018-10-08 20:00:00-04:00,19.73,19.90,19.65,19.82,1003388
2018-10-09 20:00:00-04:00,19.74,19.84,19.24,19.25,1747238
2018-10-10 20:00:00-04:00,19.20,19.20,18.57,18.59,1732050
2018-10-11 20:00:00-04:00,18.89,18.89,18.10,18.39,1654088
2018-10-14 20:00:00-04:00,18.39,18.56,18.30,18.35,1797525
2018-10-15 20:00:00-04:00,18.45,18.71,18.27,18.67,1923413
2018-10-16 20:00:00-04:00,18.66,18.77,18.46,18.64,880200
2018-10-17 20:00:00-04:00,18.61,18.72,18.42,18.51,833625
2018-10-18 20:00:00-04:00,18.48,18.64,18.39,18.47,820800
2018-10-21 20:00:00-04:00,18.52,18.60,18.25,18.34,1426950
2018-10-22 20:00:00-04:00,18.12,18.23,17.92,18.04,1361138
2018-10-23 20:00:00-04:00,18.41,18.85,18.23,18.25,1777275
2018-10-24 20:00:00-04:00,18.37,18.61,18.25,18.52,1284863
2018-10-25 20:00:00-04:00,18.43,18.58,18.17,18.48,1500863
2018-10-28 20:00:00-04:00,18.70,18.90,18.51,18.64,1862325
2018-10-29 20:00:00-04:00,18.73,18.85,18.59,18.81,1277775
2018-10-30 20:00:00-04:00,18.93,19.21,18.86,18.96,1926113
2018-10-31 20:00:00-04:00,19.00,19.00,18.79,18.93,1095525
2018-11-01 20:00:00-04:00,19.06,19.15,18.71,18.90,1148175
2018-11-04 19:00:00-05:00,18.97,19.25,18.89,19.10,1118475
2018-11-05 19:00:00-05:00,19.07,19.33,19.00,19.30,1178213
2018-11-06 19:00:00-05:00,19.35,19.65,19.35,19.62,1026675
2018-11-07 19:00:00-05:00,19.57,19.79,19.57,19.68,1192388
2018-11-08 19:00:00-05:00,19.67,19.73,19.47,19.59,977400
2018-11-11 19:00:00-05:00,19.58,19.60,19.30,19.34,1223775
2018-11-12 19:00:00-05:00,19.35,19.47,19.22,19.28,1025663
2018-11-13 19:00:00-05:00,19.34,19.46,18.84,18.92,1398600
2018-11-14 19:00:00-05:00,18.86,19.31,18.77,19.28,1217025
2018-11-15 19:00:00-05:00,19.21,19.64,19.20,19.60,1495463
2018-11-18 19:00:00-05:00,19.60,19.68,19.45,19.62,1461038
2018-11-19 19:00:00-05:00,19.53,19.65,19.43,19.55,1875825
2018-11-20 19:00:00-05:00,19.56,19.71,19.42,19.48,1350338
2018-11-22 19:00:00-05:00,19.34,19.50,19.33,19.40,603788
2018-11-25 19:00:00-05:00,19.56,19.61,19.39,19.58,1469813
2018-11-26 19:00:00-05:00,19.53,19.71,19.45,19.53,1463063
2018-11-27 19:00:00-05:00,19.52,19.82,19.42,19.81,1751963
2018-11-28 19:00:00-05:00,19.73,19.87,19.69,19.76,1151550
2018-11-29 19:00:00-05:00,19.77,20.01,19.72,19.85,6379763
2018-12-02 19:00:00-05:00,19.94,20.04,19.42,19.71,1911263
2018-12-03 19:00:00-05:00,19.72,19.76,19.25,19.31,1342238
2018-12-05 19:00:00-05:00,19.10,19.29,18.74,19.24,1888313
2018-12-06 19:00:00-05:00,19.17,19.44,18.91,19.08,1358100
2018-12-09 19:00:00-05:00,19.08,19.16,18.70,18.95,1238288
2018-12-10 19:00:00-05:00,19.12,19.24,18.80,18.87,1188675
2018-12-11 19:00:00-05:00,19.05,19.17,18.86,18.92,1104638
2018-12-12 19:00:00-05:00,18.95,19.10,18.83,18.93,1374638
2018-12-13 19:00:00-05:00,18.82,18.90,18.75,18.82,1207575
2018-12-16 19:00:00-05:00,18.82,18.89,18.36,18.41,1281825
2018-12-17 19:00:00-05:00,18.50,18.68,18.39,18.52,1181588
2018-12-18 19:00:00-05:00,18.54,18.85,18.32,18.41,1215675
2018-12-19 19:00:00-05:00,18.32,18.42,18.04,18.05,1752975
2018-12-20 19:00:00-05:00,18.04,18.48,17.93,17.94,2671988
2018-12-23 19:00:00-05:00,17.80,17.82,17.41,17.52,1152900
2018-12-25 19:00:00-05:00,17.53,18.16,17.35,18.16,1893038
2018-12-26 19:00:00-05:00,17.91,18.37,17.82,18.37,1082363
2018-12-27 19:00:00-05:00,18.42,18.59,18.33,18.38,1729013
2018-12-30 19:00:00-05:00,18.43,18.62,18.31,18.62,1731038
2019-01-01 19:00:00-05:00,18.35,18.42,18.11,18.24,1251788
2019-01-02 19:00:00-05:00,18.19,18.32,17.91,17.94,1270013
2019-01-03 19:00:00-05:00,18.12,18.30,18.09,18.22,1783350
2019-01-06 19:00:00-05:00,18.25,18.45,18.18,18.27,1006088
2019-01-07 19:00:00-05:00,18.30,18.33,17.98,18.14,1399613
2019-01-08 19:00:00-05:00,18.27,18.28,18.14,18.19,1671300
2019-01-09 19:00:00-05:00,18.18,18.43,18.13,18.39,1908225
2019-01-10 19:00:00-05:00,18.36,18.47,18.18,18.29,1064138
2019-01-13 19:00:00-05:00,18.21,18.46,18.17,18.45,1048613
2019-01-14 19:00:00-05:00,18.44,18.63,18.44,18.61,874125
2019-01-15 19:00:00-05:00,18.64,18.88,18.58,18.87,1147163
2019-01-16 19:00:00-05:00,18.74,19.04,18.74,18.87,1310850
2019-01-17 19:00:00-05:00,18.96,19.13,18.90,19.07,711788
2019-01-21 19:00:00-05:00,19.03,19.18,18.76,18.82,793463
2019-01-22 19:00:00-05:00,18.82,19.03,18.79,19.00,708750
2019-01-23 19:00:00-05:00,18.92,18.96,18.70,18.81,1377338
2019-01-24 19:00:00-05:00,18.92,19.00,18.79,18.89,1782675
2019-01-27 19:00:00-05:00,18.82,18.94,18.74,18.92,756000
2019-01-28 19:00:00-05:00,18.90,18.96,18.76,18.81,759038
2019-01-29 19:00:00-05:00,19.03,19.59,18.92,19.41,1931175
2019-01-30 19:00:00-05:00,19.32,19.40,19.19,19.37,1216350
2019-01-31 19:00:00-05:00,19.35,19.59,19.33,19.58,1064813
2019-02-03 19:00:00-05:00,19.54,19.82,19.45,19.82,1099238
2019-02-04 19:00:00-05:00,19.87,20.06,19.73,20.06,1113075
2019-02-05 19:00:00-05:00,20.00,20.14,19.93,20.12,1040513
2019-02-06 19:00:00-05:00,20.08,20.41,20.08,20.37,1536638
2019-02-07 19:00:00-05:00,20.26,20.38,20.01,20.20,1188000
2019-02-10 19:00:00-05:00,20.23,20.23,20.08,20.21,1084050
2019-02-11 19:00:00-05:00,20.26,20.35,20.21,20.31,1136025
2019-02-12 19:00:00-05:00,20.38,20.56,20.36,20.53,929475
2019-02-13 19:00:00-05:00,20.46,20.59,20.32,20.37,1283513
2019-02-14 19:00:00-05:00,20.50,20.65,20.47,20.51,1606500
2019-02-18 19:00:00-05:00,20.45,20.69,20.43,20.65,893363
2019-02-19 19:00:00-05:00,20.63,20.81,20.55,20.81,883913
2019-02-20 19:00:00-05:00,20.81,20.83,20.65,20.76,832275
2019-02-21 19:00:00-05:00,20.84,20.90,20.73,20.80,859275
2019-02-24 19:00:00-05:00,20.82,20.89,20.39,20.59,2650388
2019-02-25 19:00:00-05:00,20.52,20.80,20.52,20.72,1307475
2019-02-26 19:00:00-05:00,20.85,21.02,20.76,20.92,1191713
2019-02-27 19:00:00-05:00,20.96,21.23,20.96,21.08,2063475
2019-02-28 19:00:00-05:00,21.20,21.33,21.12,21.25,1403663
2019-03-03 19:00:00-05:00,21.28,21.31,20.96,21.14,1455975
2019-03-04 19:00:00-05:00,21.20,21.20,21.01,21.12,870413
2019-03-05 19:00:00-05:00,21.09,21.20,20.83,20.94,1013850
2019-03-06 19:00:00-05:00,20.94,20.94,20.71,20.85,978075
2019-03-07 19:00:00-05:00,20.81,20.89,20.74,20.86,1158300
2019-03-10 20:00:00-04:00,20.97,21.02,20.88,20.92,1557563
2019-03-11 20:00:00-04:00,20.98,21.09,20.91,21.01,1168088
2019-03-12 20:00:00-04:00,21.02,21.07,20.85,20.91,1578488
2019-03-13 20:00:00-04:00,20.92,21.11,20.76,21.04,1081688
2019-03-14 20:00:00-04:00,21.02,21.32,20.96,21.11,2162700
2019-03-17 20:00:00-04:00,21.14,21.30,21.12,21.22,834638
2019-03-18 20:00:00-04:00,21.25,21.30,20.94,20.97,712800
2019-03-19 20:00:00-04:00,20.95,21.11,20.84,20.89,917325
2019-03-20 20:00:00-04:00,20.80,21.24,20.76,21.19,674663
2019-03-21 20:00:00-04:00,21.10,21.37,21.05,21.08,1329750
2019-03-24 20:00:00-04:00,21.08,21.32,21.05,21.19,1391513
2019-03-25 20:00:00-04:00,21.28,21.43,21.09,21.23,817088
2019-03-26 20:00:00-04:00,21.24,21.42,21.23,21.35,795488
2019-03-27 20:00:00-04:00,21.41,21.49,21.16,21.35,1146488
2019-03-28 20:00:00-04:00,21.45,21.49,21.32,21.38,1855238
2019-03-31 20:00:00-04:00,21.46,21.52,21.26,21.41,907875
2019-04-01 20:00:00-04:00,21.42,21.45,21.19,21.34,706725
2019-04-02 20:00:00-04:00,21.46,21.53,21.04,21.49,1509750
2019-04-03 20:00:00-04:00,21.53,21.63,21.34,21.53,1269225
2019-04-04 20:00:00-04:00,21.56,21.67,21.50,21.65,922275
2019-04-07 20:00:00-04:00,21.67,21.73,21.47,21.60,883800
2019-04-08 20:00:00-04:00,21.58,21.64,21.40,21.48,740475
2019-04-09 20:00:00-04:00,21.54,21.58,21.43,21.53,1057050
2019-04-10 20:00:00-04:00,21.58,21.76,21.43,21.74,562725
2019-04-11 20:00:00-04:00,21.81,21.96,21.76,21.94,551700
2019-04-14 20:00:00-04:00,21.94,21.98,21.81,21.91,438300
2019-04-15 20:00:00-04:00,21.99,22.20,21.93,22.20,902475
2019-04-16 20:00:00-04:00,22.22,22.22,21.89,21.93,873225
2019-04-17 20:00:00-04:00,21.98,22.25,21.92,22.09,1250325
2019-04-21 20:00:00-04:00,22.01,22.01,21.81,21.89,727875
2019-04-22 20:00:00-04:00,21.89,22.21,21.85,22.14,961425
2019-04-23 20:00:00-04:00,21.93,23.04,21.85,22.89,2085525
2019-04-24 20:00:00-04:00,22.92,23.03,22.65,22.95,797175
2019-04-25 20:00:00-04:00,22.92,23.06,22.84,23.01,774900
2019-04-28 20:00:00-04:00,23.01,23.19,22.96,22.99,819000
2019-04-29 20:00:00-04:00,23.03,23.26,22.88,23.21,1254150
2019-04-30 20:00:00-04:00,23.14,23.37,23.12,23.20,817650
2019-05-01 20:00:00-04:00,23.20,23.35,23.06,23.15,797175
2019-05-02 20:00:00-04:00,23.25,23.38,23.15,23.28,748800
2019-05-05 20:00:00-04:00,23.05,23.37,22.98,23.29,1286100
2019-05-06 20:00:00-04:00,23.13,23.36,22.96,23.08,801000
2019-05-07 20:00:00-04:00,23.08,23.22,22.90,22.95,1719225
2019-05-08 20:00:00-04:00,22.82,23.04,22.74,22.96,1256175
2019-05-09 20:00:00-04:00,22.92,23.27,22.83,23.27,1053900
2019-05-12 20:00:00-04:00,23.01,23.12,22.90,23.09,1159425
2019-05-13 20:00:00-04:00,23.12,23.33,23.09,23.21,1003275
2019-05-14 20:00:00-04:00,23.16,23.39,23.13,23.31,1711125
2019-05-15 20:00:00-04:00,23.39,23.56,23.38,23.51,1361475
2019-05-16 20:00:00-04:00,23.40,23.50,23.34,23.39,1204875
2019-05-19 20:00:00-04:00,23.38,23.50,23.33,23.43,721800
2019-05-20 20:00:00-04:00,23.48,23.60,23.45,23.48,1417725
2019-05-21 20:00:00-04:00,23.46,23.59,23.40,23.56,2757825
2019-05-22 20:00:00-04:00,23.50,23.54,23.24,23.31,1593000
2019-05-23 20:00:00-04:00,23.37,23.53,23.28,23.49,946800
2019-05-27 20:00:00-04:00,23.51,23.62,23.33,23.34,1889100
2019-05-28 20:00:00-04:00,23.33,23.53,23.18,23.51,1356750
2019-05-29 20:00:00-04:00,23.57,23.64,23.42,23.48,779400
2019-05-30 20:00:00-04:00,23.36,23.61,23.31,23.55,1268100
2019-06-02 20:00:00-04:00,23.58,23.75,23.47,23.73,1775025
2019-06-03 20:00:00-04:00,23.80,23.88,23.57,23.85,1126575
2019-06-04 20:00:00-04:00,23.91,24.22,23.85,24.15,1644525
2019-06-05 20:00:00-04:00,24.19,24.31,24.09,24.23,1058625
2019-06-06 20:00:00-04:00,24.29,24.47,24.29,24.35,1351575
2019-06-09 20:00:00-04:00,24.36,24.43,24.24,24.36,1310400
2019-06-10 20:00:00-04:00,24.47,24.47,24.08,24.26,992250
2019-06-11 20:00:00-04:00,24.30,24.51,24.29,24.50,1421325
2019-06-12 20:00:00-04:00,24.61,24.61,24.33,24.56,1045350
2019-06-13 20:00:00-04:00,24.56,24.88,24.50,24.84,1405125
2019-06-16 20:00:00-04:00,24.90,24.98,24.76,24.84,684225
2019-06-17 20:00:00-04:00,24.90,25.14,24.83,25.09,1234350
2019-06-18 20:00:00-04:00,25.14,25.47,25.14,25.37,1524150
2019-06-19 20:00:00-04:00,25.46,25.56,25.32,25.53,1268325
2019-06-20 20:00:00-04:00,25.47,25.78,25.31,25.56,2571525
2019-06-23 20:00:00-04:00,25.57,25.84,25.47,25.49,1399500
2019-06-24 20:00:00-04:00,25.51,25.65,25.37,25.51,968850
2019-06-25 20:00:00-04:00,25.53,25.56,24.86,24.86,2192850
2019-06-26 20:00:00-04:00,24.65,24.88,24.54,24.86,2304900
2019-06-27 20:00:00-04:00,24.92,25.20,24.90,25.19,2449575
2019-06-30 20:00:00-04:00,25.37,25.38,24.98,25.38,1579500
2019-07-01 20:00:00-04:00,25.42,25.55,25.24,25.47,1389375
2019-07-02 20:00:00-04:00,25.57,25.76,25.49,25.74,624375
2019-07-04 20:00:00-04:00,25.74,25.78,25.46,25.78,965025
2019-07-07 20:00:00-04:00,25.71,25.85,25.59,25.73,844875
2019-07-08 20:00:00-04:00,25.69,25.92,25.46,25.90,1247175
2019-07-09 20:00:00-04:00,25.98,26.26,25.89,25.90,1010925
2019-07-10 20:00:00-04:00,25.95,26.03,25.75,25.89,571725
2019-07-11 20:00:00-04:00,25.87,25.96,25.71,25.93,784350
2019-07-14 20:00:00-04:00,26.02,26.17,25.95,26.08,632925
2019-07-15 20:00:00-04:00,26.08,26.21,26.06,26.13,1092600
2019-07-16 20:00:00-04:00,26.08,26.08,25.82,25.91,936675
2019-07-17 20:00:00-04:00,25.95,26.01,25.84,25.92,1230075
2019-07-18 20:00:00-04:00,25.97,25.97,25.53,25.54,1283850
2019-07-21 20:00:00-04:00,25.54,25.63,25.38,25.42,1120500
2019-07-22 20:00:00-04:00,25.40,25.53,25.17,25.44,1489500
2019-07-23 20:00:00-04:00,26.23,26.45,25.68,26.21,2970900
2019-07-24 20:00:00-04:00,26.27,26.50,26.12,26.45,1215225
2019-07-25 20:00:00-04:00,26.45,26.89,26.36,26.87,1809000
2019-07-28 20:00:00-04:00,26.91,27.03,26.61,26.77,1122975
2019-07-29 20:00:00-04:00,26.67,27.08,26.67,26.92,993600
2019-07-30 20:00:00-04:00,26.94,27.22,26.19,26.52,2473875
2019-07-31 20:00:00-04:00,26.42,26.90,26.24,26.29,1290150
2019-08-01 20:00:00-04:00,26.29,26.76,26.25,26.58,1169775
2019-08-04 20:00:00-04:00,26.35,26.57,25.83,25.94,1257075
2019-08-05 20:00:00-04:00,25.97,26.63,25.87,26.62,1345725
2019-08-06 20:00:00-04:00,26.37,27.00,26.21,26.89,1178775
2019-08-07 20:00:00-04:00,27.09,27.68,27.05,27.47,1715625
2019-08-08 20:00:00-04:00,27.41,27.65,27.12,27.39,767925
2019-08-11 20:00:00-04:00,27.28,27.75,27.10,27.20,1338750
2019-08-12 20:00:00-04:00,27.16,27.67,27.13,27.57,1415700
2019-08-13 20:00:00-04:00,27.30,27.55,26.83,26.93,1395900
2019-08-14 20:00:00-04:00,27.02,27.37,26.81,27.13,1545300
2019-08-15 20:00:00-04:00,27.25,27.67,27.20,27.60,1339200
2019-08-18 20:00:00-04:00,27.85,27.96,27.61,27.90,897750
2019-08-19 20:00:00-04:00,27.89,27.92,27.51,27.57,789300
2019-08-20 20:00:00-04:00,27.68,27.68,27.43,27.48,1666125
2019-08-21 20:00:00-04:00,27.51,27.83,27.28,27.78,1274625
2019-08-22 20:00:00-04:00,27.69,27.99,27.13,27.25,951075
2019-08-25 20:00:00-04:00,27.43,27.54,27.20,27.54,1102500
2019-08-26 20:00:00-04:00,27.67,27.75,27.39,27.43,1488600
2019-08-27 20:00:00-04:00,27.36,27.37,27.13,27.21,1129050
2019-08-28 20:00:00-04:00,27.42,27.59,27.21,27.44,1296450
2019-08-29 20:00:00-04:00,27.49,27.63,27.13,27.23,2118375
2019-09-02 20:00:00-04:00,27.15,27.39,27.13,27.29,1321650
2019-09-03 20:00:00-04:00,27.51,27.60,27.15,27.51,2141100
2019-09-04 20:00:00-04:00,27.68,27.72,27.26,27.49,1180350
2019-09-05 20:00:00-04:00,27.49,27.75,27.42,27.60,1537875
2019-09-08 20:00:00-04:00,27.72,27.72,27.05,27.29,1409175
2019-09-09 20:00:00-04:00,27.29,27.43,26.96,27.06,2460600
2019-09-10 20:00:00-04:00,27.19,27.42,26.89,27.18,1442475
2019-09-11 20:00:00-04:00,27.28,27.41,27.07,27.23,1123650
2019-09-12 20:00:00-04:00,27.30,27.30,26.98,27.13,997650
2019-09-15 20:00:00-04:00,26.97,27.11,26.80,27.09,1324575
2019-09-16 20:00:00-04:00,27.05,27.55,26.88,27.52,1482075
2019-09-17 20:00:00-04:00,27.49,27.61,27.26,27.52,1189350
2019-09-18 20:00:00-04:00,27.53,27.79,27.46,27.56,1077075
2019-09-19 20:00:00-04:00,27.62,27.67,27.11,27.45,4051800
2019-09-22 20:00:00-04:00,27.42,27.79,27.36,27.67,1201275
2019-09-23 20:00:00-04:00,27.73,28.00,27.60,27.71,1131300
2019-09-24 20:00:00-04:00,27.73,27.87,27.57,27.78,1026900
2019-09-25 20:00:00-04:00,27.77,27.93,27.60,27.81,829575
2019-09-26 20:00:00-04:00,27.90,27.91,27.33,27.45,899775
2019-09-29 20:00:00-04:00,27.49,27.70,27.32,27.64,1336050
2019-09-30 20:00:00-04:00,27.75,27.82,27.21,27.21,939600
2019-10-01 20:00:00-04:00,27.07,27.18,26.85,27.07,1014525
2019-10-02 20:00:00-04:00,27.03,27.25,26.94,27.17,925200
2019-10-03 20:00:00-04:00,27.22,27.71,27.22,27.71,1026900
2019-10-06 20:00:00-04:00,27.66,27.83,27.42,27.62,1140300
2019-10-07 20:00:00-04:00,27.45,27.50,27.00,27.02,883125
2019-10-08 20:00:00-04:00,27.19,27.34,27.11,27.24,831150
2019-10-09 20:00:00-04:00,27.24,27.49,27.16,27.29,750150
2019-10-10 20:00:00-04:00,27.48,27.61,27.18,27.20,1137825
2019-10-13 20:00:00-04:00,27.11,27.27,27.06,27.22,571500
2019-10-14 20:00:00-04:00,27.27,27.41,27.04,27.14,1112400
2019-10-15 20:00:00-04:00,27.01,27.01,26.62,26.97,1154025
2019-10-16 20:00:00-04:00,27.04,27.18,26.84,27.11,1253925
2019-10-17 20:00:00-04:00,27.11,27.39,26.87,27.23,949050
2019-10-20 20:00:00-04:00,27.34,27.39,27.07,27.14,997425
2019-10-21 20:00:00-04:00,26.97,27.11,25.96,25.97,5134275
2019-10-22 20:00:00-04:00,27.48,29.68,27.07,27.51,2940750
2019-10-23 20:00:00-04:00,27.61,27.61,26.98,27.05,2062350
2019-10-24 20:00:00-04:00,27.04,27.07,26.43,26.58,1369350
2019-10-27 20:00:00-04:00,26.68,26.77,26.35,26.42,1312875
2019-10-28 20:00:00-04:00,26.38,26.82,26.31,26.65,1422675
2019-10-29 20:00:00-04:00,26.72,27.00,26.55,26.87,807975
2019-10-30 20:00:00-04:00,26.76,26.85,26.49,26.75,1062900
2019-10-31 20:00:00-04:00,26.89,26.95,26.53,26.59,868275
2019-11-03 19:00:00-05:00,26.67,26.73,25.89,26.01,1186200
2019-11-04 19:00:00-05:00,26.09,26.20,25.80,25.88,1059525
2019-11-05 19:00:00-05:00,25.94,26.38,25.87,26.33,1748925
2019-11-06 19:00:00-05:00,26.35,26.41,25.82,26.02,2020725
2019-11-07 19:00:00-05:00,26.04,26.17,25.93,25.98,964575
2019-11-10 19:00:00-05:00,25.84,26.13,25.84,26.10,983475
2019-11-11 19:00:00-05:00,26.21,26.22,25.93,26.05,1017450
2019-11-12 19:00:00-05:00,25.94,26.47,25.85,26.25,1112625
2019-11-13 19:00:00-05:00,26.22,26.28,26.04,26.20,993825
2019-11-14 19:00:00-05:00,26.25,26.52,25.93,25.97,1385550
2019-11-17 19:00:00-05:00,25.91,26.22,25.91,26.18,1122075
2019-11-18 19:00:00-05:00,26.24,26.78,26.18,26.62,2070225
2019-11-19 19:00:00-05:00,26.54,26.80,26.40,26.68,2195100
2019-11-20 19:00:00-05:00,26.79,26.86,26.25,26.27,1041750
2019-11-21 19:00:00-05:00,26.24,26.44,26.24,26.34,917775
2019-11-24 19:00:00-05:00,26.36,26.57,26.26,26.41,1323900
2019-11-25 19:00:00-05:00,26.46,26.84,26.46,26.83,2175975
2019-11-26 19:00:00-05:00,26.91,26.94,26.71,26.80,1704150
2019-11-28 19:00:00-05:00,26.37,26.68,26.31,26.35,4805550
2019-12-01 19:00:00-05:00,26.45,26.58,26.20,26.49,4291650
2019-12-02 19:00:00-05:00,26.25,26.45,26.15,26.36,3785175
2019-12-03 19:00:00-05:00,26.29,26.82,26.22,26.44,80003250
2019-12-04 19:00:00-05:00,26.83,27.05,26.66,27.01,3830850
2019-12-05 19:00:00-05:00,27.17,27.27,27.00,27.16,2538450
2019-12-08 19:00:00-05:00,27.21,27.31,27.07,27.18,2183175
2019-12-09 19:00:00-05:00,27.15,27.29,27.04,27.09,1757025
2019-12-10 19:00:00-05:00,27.24,27.24,26.85,26.95,1610100
2019-12-11 19:00:00-05:00,26.91,27.14,26.84,26.97,1393875
2019-12-12 19:00:00-05:00,26.85,27.03,26.81,26.95,1968300
2019-12-15 19:00:00-05:00,27.07,27.09,26.76,26.84,2226600
2019-12-16 19:00:00-05:00,26.85,27.06,26.79,26.96,3084525
2019-12-17 19:00:00-05:00,26.98,26.98,26.69,26.78,2705850
2019-12-18 19:00:00-05:00,26.81,26.84,26.58,26.64,1254600
2019-12-19 19:00:00-05:00,26.88,26.92,26.62,26.71,2794275
2019-12-22 19:00:00-05:00,26.79,26.85,26.40,26.50,980100
2019-12-23 19:00:00-05:00,26.54,26.64,26.40,26.51,293625
2019-12-25 19:00:00-05:00,26.56,26.69,26.42,26.53,677700
2019-12-26 19:00:00-05:00,26.56,26.59,26.45,26.57,943875
2019-12-29 19:00:00-05:00,26.63,26.66,26.49,26.59,1175625
2019-12-30 19:00:00-05:00,26.60,26.78,26.59,26.78,1916550
2020-01-01 19:00:00-05:00,26.93,26.93,26.51,26.72,1965375
2020-01-02 19:00:00-05:00,26.48,26.81,26.41,26.76,986400
2020-01-05 19:00:00-05:00,26.60,26.74,26.51,26.72,1463625
2020-01-06 19:00:00-05:00,26.67,26.70,26.21,26.23,1543950
2020-01-07 19:00:00-05:00,26.27,26.58,26.25,26.42,1292625
2020-01-08 19:00:00-05:00,26.49,26.59,26.33,26.57,2037375
2020-01-09 19:00:00-05:00,26.56,26.56,26.25,26.29,1396125
2020-01-12 19:00:00-05:00,26.24,26.50,26.23,26.39,2031975
2020-01-13 19:00:00-05:00,26.34,26.60,26.24,26.46,2344725
2020-01-14 19:00:00-05:00,26.44,26.81,26.43,26.72,1019250
2020-01-15 19:00:00-05:00,26.77,27.03,26.71,27.02,1159200
2020-01-16 19:00:00-05:00,27.09,27.26,27.01,27.26,1744425
2020-01-20 19:00:00-05:00,27.16,27.27,26.98,27.07,1549125
2020-01-21 19:00:00-05:00,27.55,27.66,27.38,27.60,2153475
2020-01-22 19:00:00-05:00,27.47,27.68,27.20,27.66,1501425
2020-01-23 19:00:00-05:00,27.65,27.95,27.63,27.93,1510200
2020-01-26 19:00:00-05:00,27.72,27.92,27.66,27.74,1657350
2020-01-27 19:00:00-05:00,27.80,28.19,27.80,28.04,2164050
2020-01-28 19:00:00-05:00,28.22,28.46,27.59,28.19,2270475
2020-01-29 19:00:00-05:00,28.05,28.93,27.95,28.90,1681200
2020-01-30 19:00:00-05:00,28.80,28.98,28.38,28.49,2114550
2020-02-02 19:00:00-05:00,28.65,29.02,28.62,28.83,2238300
2020-02-03 19:00:00-05:00,28.98,29.38,28.88,29.00,1689750
2020-02-04 19:00:00-05:00,29.18,29.55,29.10,29.52,1448325
2020-02-05 19:00:00-05:00,29.57,29.99,29.57,29.91,1435275
2020-02-06 19:00:00-05:00,29.85,30.20,29.81,30.15,1830600
2020-02-09 19:00:00-05:00,30.17,30.53,30.16,30.52,1803825
2020-02-10 19:00:00-05:00,30.55,30.77,30.55,30.72,1739925
2020-02-11 19:00:00-05:00,30.68,30.68,30.41,30.47,1174500
2020-02-12 19:00:00-05:00,30.43,30.74,30.34,30.74,1635300
2020-02-13 19:00:00-05:00,30.74,30.78,30.55,30.77,1804725
2020-02-17 19:00:00-05:00,30.77,30.93,30.65,30.75,1665225
2020-02-18 19:00:00-05:00,30.81,30.97,30.72,30.80,1076850
2020-02-19 19:00:00-05:00,30.69,30.77,30.04,30.25,2260350
2020-02-20 19:00:00-05:00,30.22,30.57,30.17,30.48,7591500
2020-02-23 19:00:00-05:00,30.16,30.39,29.82,29.85,2603700
2020-02-24 19:00:00-05:00,29.86,29.98,29.09,29.13,2135475
2020-02-25 19:00:00-05:00,29.24,29.51,28.68,28.69,2165175
2020-02-26 19:00:00-05:00,28.36,28.57,27.08,27.12,2305575
2020-02-27 19:00:00-05:00,26.54,26.75,25.62,26.02,4946175
2020-03-01 19:00:00-05:00,26.07,27.21,25.79,27.20,2616750
2020-03-02 19:00:00-05:00,27.16,27.60,26.21,26.33,2629575
2020-03-03 19:00:00-05:00,26.78,27.14,26.21,27.13,2956500
2020-03-04 19:00:00-05:00,26.49,26.53,25.67,25.88,2936925
2020-03-05 19:00:00-05:00,25.06,25.82,24.84,25.67,2824875
2020-03-08 20:00:00-04:00,24.30,24.30,22.97,23.37,3455100
2020-03-09 20:00:00-04:00,23.99,24.52,23.35,24.50,2855475
2020-03-10 20:00:00-04:00,23.76,23.83,22.46,22.57,3746475
2020-03-11 20:00:00-04:00,21.03,21.40,19.84,19.97,4585050
2020-03-12 20:00:00-04:00,20.95,21.89,19.62,21.81,3541725
2020-03-15 20:00:00-04:00,19.25,20.57,18.25,18.44,4749750
2020-03-16 20:00:00-04:00,18.95,20.68,18.25,20.65,4487850
2020-03-17 20:00:00-04:00,19.37,20.45,18.44,19.70,4584150
2020-03-18 20:00:00-04:00,19.43,19.75,18.64,18.81,2938275
2020-03-19 20:00:00-04:00,18.88,19.42,18.34,18.47,4101300
2020-03-22 20:00:00-04:00,18.16,18.38,16.71,16.83,3614625
2020-03-23 20:00:00-04:00,17.67,18.75,17.41,18.67,2660175
2020-03-24 20:00:00-04:00,18.58,19.28,17.73,18.45,2473425
2020-03-25 20:00:00-04:00,18.59,19.86,18.19,19.72,2086650
2020-03-26 20:00:00-04:00,19.32,20.79,18.99,20.14,2201400
2020-03-29 20:00:00-04:00,20.14,21.23,19.57,21.16,2807550
2020-03-30 20:00:00-04:00,20.81,21.02,19.82,20.25,6773625
2020-03-31 20:00:00-04:00,19.28,19.76,19.11,19.50,3004650
2020-04-01 20:00:00-04:00,19.26,20.22,19.22,19.67,3222225
2020-04-02 20:00:00-04:00,19.40,19.77,19.11,19.21,2794050
2020-04-05 20:00:00-04:00,20.12,21.01,19.91,20.86,2679300
2020-04-06 20:00:00-04:00,21.65,22.28,20.87,20.89,2634750
2020-04-07 20:00:00-04:00,21.11,21.53,20.62,21.44,1743975
2020-04-08 20:00:00-04:00,21.77,22.88,21.77,22.64,1545975
2020-04-12 20:00:00-04:00,22.65,22.65,21.87,22.01,1971450
2020-04-13 20:00:00-04:00,22.61,23.04,22.49,22.79,1716975
2020-04-14 20:00:00-04:00,22.13,22.24,21.46,21.63,2520225
2020-04-15 20:00:00-04:00,21.54,21.81,20.86,21.21,2038725
2020-04-16 20:00:00-04:00,21.91,22.26,21.62,22.12,2555100
2020-04-19 20:00:00-04:00,21.72,21.77,21.16,21.45,1725750
2020-04-20 20:00:00-04:00,20.89,21.20,20.64,20.71,1859175
2020-04-21 20:00:00-04:00,20.47,21.09,19.71,19.91,4732200
2020-04-22 20:00:00-04:00,19.99,20.15,19.47,19.47,2223900
2020-04-23 20:00:00-04:00,19.59,19.70,19.10,19.50,2465325
2020-04-26 20:00:00-04:00,19.54,20.61,19.54,20.54,1900575
2020-04-27 20:00:00-04:00,21.06,21.24,20.72,20.98,2335950
2020-04-28 20:00:00-04:00,21.42,22.10,21.18,21.81,1928475
2020-04-29 20:00:00-04:00,21.37,21.47,20.93,20.96,1893600
2020-04-30 20:00:00-04:00,20.55,20.59,19.86,19.97,1503000
2020-05-03 20:00:00-04:00,19.74,19.98,19.54,19.95,1715850
2020-05-04 20:00:00-04:00,20.14,20.66,20.08,20.09,1725300
2020-05-05 20:00:00-04:00,20.18,20.27,19.39,19.40,2408175
2020-05-06 20:00:00-04:00,19.60,20.27,19.60,19.85,2133225
2020-05-07 20:00:00-04:00,20.23,20.31,19.68,20.08,1637550
2020-05-10 20:00:00-04:00,19.80,20.08,19.46,19.79,1577025
2020-05-11 20:00:00-04:00,19.85,19.95,19.14,19.17,1862100
2020-05-12 20:00:00-04:00,18.94,19.00,18.11,18.22,2666475
2020-05-13 20:00:00-04:00,17.98,18.53,17.57,18.40,2970450
2020-05-14 20:00:00-04:00,18.19,18.67,17.94,18.53,8006850
2020-05-17 20:00:00-04:00,19.35,20.32,19.22,20.16,3273075
2020-05-18 20:00:00-04:00,20.07,20.23,19.83,19.92,1858500
2020-05-19 20:00:00-04:00,20.11,20.84,20.05,20.73,1824300
2020-05-20 20:00:00-04:00,20.66,21.71,20.66,21.63,2422125
2020-05-21 20:00:00-04:00,21.69,21.95,21.39,21.91,2174175
2020-05-25 20:00:00-04:00,22.73,22.90,22.27,22.33,2022750
2020-05-26 20:00:00-04:00,23.11,23.28,22.48,22.73,2078775
2020-05-27 20:00:00-04:00,23.12,23.12,22.43,22.57,1712475
2020-05-28 20:00:00-04:00,22.39,22.71,22.22,22.50,2891700
2020-05-31 20:00:00-04:00,22.43,22.54,22.05,22.50,1236600
2020-06-01 20:00:00-04:00,22.47,23.22,22.39,23.15,1779300
2020-06-02 20:00:00-04:00,23.35,23.83,23.19,23.37,2474325
2020-06-03 20:00:00-04:00,23.26,23.87,23.07,23.84,1894950
2020-06-04 20:00:00-04:00,24.89,25.16,24.41,24.79,2103300
2020-06-07 20:00:00-04:00,24.84,25.39,24.84,25.38,1838700
2020-06-08 20:00:00-04:00,24.83,25.09,24.41,24.45,1246050
2020-06-09 20:00:00-04:00,24.24,24.45,23.28,23.33,2457225
2020-06-10 20:00:00-04:00,22.63,22.90,21.69,21.76,2331000
2020-06-11 20:00:00-04:00,22.63,22.70,21.62,22.13,1867050
2020-06-14 20:00:00-04:00,21.35,22.71,21.14,22.62,1984725
2020-06-15 20:00:00-04:00,23.50,23.50,22.50,22.73,1532700
2020-06-16 20:00:00-04:00,22.74,22.88,22.41,22.64,2252700
2020-06-17 20:00:00-04:00,22.34,22.93,22.29,22.66,1795275
2020-06-18 20:00:00-04:00,23.12,23.12,22.40,22.77,4223925
2020-06-21 20:00:00-04:00,22.52,22.62,22.22,22.45,1194300
2020-06-22 20:00:00-04:00,22.83,22.95,22.39,22.42,1509750
2020-06-23 20:00:00-04:00,22.05,22.08,21.39,21.68,1467000
2020-06-24 20:00:00-04:00,21.71,22.22,21.39,22.16,1392975
2020-06-25 20:00:00-04:00,21.91,22.14,21.40,21.55,2680650
2020-06-28 20:00:00-04:00,21.90,22.06,21.58,21.97,1476900
2020-06-29 20:00:00-04:00,21.85,22.42,21.85,22.29,2413800
2020-06-30 20:00:00-04:00,22.26,22.56,22.09,22.18,1691100
2020-07-01 20:00:00-04:00,22.67,22.77,21.92,21.97,1238850
2020-07-05 20:00:00-04:00,22.48,22.61,22.17,22.27,1083150
2020-07-06 20:00:00-04:00,22.04,22.44,21.99,22.07,1578600
2020-07-07 20:00:00-04:00,22.01,22.33,21.83,22.09,1391175
2020-07-08 20:00:00-04:00,21.99,22.04,21.45,21.71,1645200
2020-07-09 20:00:00-04:00,21.60,22.59,21.60,22.49,1539675
2020-07-12 20:00:00-04:00,22.65,23.14,22.53,22.77,2018925
2020-07-13 20:00:00-04:00,22.78,23.36,22.69,23.30,1570275
2020-07-14 20:00:00-04:00,23.78,24.13,23.55,23.98,2225700
2020-07-15 20:00:00-04:00,23.97,24.88,23.92,24.64,2259225
2020-07-16 20:00:00-04:00,24.69,24.82,24.40,24.72,1938825
2020-07-19 20:00:00-04:00,24.63,24.79,24.42,24.66,2000925
2020-07-20 20:00:00-04:00,24.74,25.19,24.74,24.90,1911150
2020-07-21 20:00:00-04:00,25.06,25.49,24.74,24.87,3779550
2020-07-22 20:00:00-04:00,24.83,25.23,24.65,25.09,1647675
2020-07-23 20:00:00-04:00,25.19,25.21,24.79,24.88,1554525
2020-07-26 20:00:00-04:00,24.77,24.90,24.31,24.46,1611900
2020-07-27 20:00:00-04:00,24.36,24.51,24.13,24.20,1329750
2020-07-28 20:00:00-04:00,24.16,24.67,24.11,24.66,1254150
2020-07-29 20:00:00-04:00,24.16,24.43,23.93,24.23,1088775
2020-07-30 20:00:00-04:00,24.11,24.19,23.64,24.02,1487475
2020-08-02 20:00:00-04:00,24.07,24.32,23.89,24.17,1133325
2020-08-03 20:00:00-04:00,24.11,24.14,23.73,23.81,1135350
2020-08-04 20:00:00-04:00,24.04,24.30,23.99,24.09,1290150
2020-08-05 20:00:00-04:00,24.01,24.25,23.97,24.19,1436625
2020-08-06 20:00:00-04:00,24.05,24.88,24.02,24.85,1195650
2020-08-09 20:00:00-04:00,24.93,25.25,24.67,25.04,1313550
2020-08-10 20:00:00-04:00,25.41,25.66,24.66,24.73,2055825
2020-08-11 20:00:00-04:00,25.09,25.09,24.54,24.54,1149075
2020-08-12 20:00:00-04:00,24.29,24.56,24.07,24.45,1012725
2020-08-13 20:00:00-04:00,24.29,24.54,24.14,24.23,1179675
2020-08-16 20:00:00-04:00,24.10,24.13,23.53,23.69,1465425
2020-08-17 20:00:00-04:00,23.79,24.04,23.78,23.83,1233900
2020-08-18 20:00:00-04:00,23.90,23.99,23.51,23.58,1278000
2020-08-19 20:00:00-04:00,23.32,23.64,23.26,23.40,1158075
2020-08-20 20:00:00-04:00,23.39,23.65,23.33,23.41,1066500
2020-08-23 20:00:00-04:00,23.50,23.97,23.49,23.97,1013625
2020-08-24 20:00:00-04:00,24.18,24.22,23.85,23.96,1277550
2020-08-25 20:00:00-04:00,23.91,24.14,23.65,23.94,1386225
2020-08-26 20:00:00-04:00,24.03,24.77,24.03,24.60,1934550
2020-08-27 20:00:00-04:00,24.79,24.79,24.27,24.51,1258425
2020-08-30 20:00:00-04:00,24.43,24.50,23.98,24.14,1993950
2020-08-31 20:00:00-04:00,23.96,24.38,23.95,24.36,1071900
2020-09-01 20:00:00-04:00,24.40,24.88,24.21,24.76,1025550
2020-09-02 20:00:00-04:00,24.98,25.44,24.29,24.50,2206575
2020-09-03 20:00:00-04:00,24.94,25.14,24.27,24.48,1541700
2020-09-07 20:00:00-04:00,24.25,24.48,23.89,24.24,1937250
2020-09-08 20:00:00-04:00,24.49,24.95,24.39,24.71,1645200
2020-09-09 20:00:00-04:00,24.75,24.83,24.21,24.26,1350000
2020-09-10 20:00:00-04:00,24.36,24.62,24.22,24.46,1003275
2020-09-13 20:00:00-04:00,24.60,25.07,24.49,24.88,1421325
2020-09-14 20:00:00-04:00,25.00,25.11,24.62,24.69,1025325
2020-09-15 20:00:00-04:00,24.74,25.24,24.74,24.96,1234575
2020-09-16 20:00:00-04:00,24.86,24.95,24.50,24.78,1951425
2020-09-17 20:00:00-04:00,24.68,25.06,24.38,24.42,2967300
2020-09-20 20:00:00-04:00,23.94,24.09,23.26,23.83,2750175
2020-09-21 20:00:00-04:00,23.79,24.22,23.74,23.95,1460025
2020-09-22 20:00:00-04:00,24.03,24.13,23.21,23.21,1491075
2020-09-23 20:00:00-04:00,23.28,23.74,22.93,23.31,1254600
2020-09-24 20:00:00-04:00,23.08,23.64,23.08,23.60,1138950
2020-09-27 20:00:00-04:00,24.02,24.28,23.91,24.02,1457100
2020-09-28 20:00:00-04:00,23.95,24.07,23.43,23.76,1504800
2020-09-29 20:00:00-04:00,23.91,24.13,23.63,23.83,1932300
2020-09-30 20:00:00-04:00,23.88,24.00,23.45,23.69,1150875
2020-10-01 20:00:00-04:00,23.35,24.05,23.35,23.88,841050
2020-10-04 20:00:00-04:00,24.14,24.28,24.03,24.18,977625
2020-10-05 20:00:00-04:00,24.30,24.43,23.87,23.98,1216125
2020-10-06 20:00:00-04:00,24.12,24.35,23.86,24.09,1036575
2020-10-07 20:00:00-04:00,24.23,24.64,24.13,24.62,775800
2020-10-08 20:00:00-04:00,24.79,24.92,24.55,24.56,1485000
2020-10-11 20:00:00-04:00,24.59,25.16,24.45,25.11,889425
2020-10-12 20:00:00-04:00,24.87,25.03,24.20,24.29,931950
2020-10-13 20:00:00-04:00,24.26,24.60,24.05,24.05,966825
2020-10-14 20:00:00-04:00,23.81,24.28,23.66,24.19,1506600
2020-10-15 20:00:00-04:00,24.23,24.49,24.09,24.18,1448100
2020-10-18 20:00:00-04:00,24.28,24.59,23.80,23.86,1458225
2020-10-19 20:00:00-04:00,24.11,24.81,24.08,24.64,2036700
2020-10-20 20:00:00-04:00,24.74,25.68,24.74,25.38,2820375
2020-10-21 20:00:00-04:00,25.36,25.85,25.19,25.73,1944450
2020-10-22 20:00:00-04:00,25.81,25.93,25.36,25.61,1223100
2020-10-25 20:00:00-04:00,25.33,25.36,24.71,24.87,1433475
2020-10-26 20:00:00-04:00,24.87,24.90,23.93,23.95,1513350
2020-10-27 20:00:00-04:00,23.59,24.11,23.59,23.67,1791225
2020-10-28 20:00:00-04:00,23.59,24.20,23.35,23.79,2160900
2020-10-29 20:00:00-04:00,23.71,24.00,23.23,23.43,2206125
2020-11-01 19:00:00-05:00,23.88,24.20,23.67,24.16,2201625
2020-11-02 19:00:00-05:00,24.60,24.94,24.51,24.76,1894500
2020-11-03 19:00:00-05:00,24.32,25.01,24.16,24.30,2473650
2020-11-04 19:00:00-05:00,24.41,24.96,24.36,24.51,1441575
2020-11-05 19:00:00-05:00,24.67,24.77,24.16,24.19,1509075
2020-11-08 19:00:00-05:00,25.93,27.24,25.92,26.98,3165075
2020-11-09 19:00:00-05:00,27.09,27.66,26.92,27.51,2275425
2020-11-10 19:00:00-05:00,27.61,27.61,27.02,27.26,1660725
2020-11-11 19:00:00-05:00,26.92,26.99,26.36,26.59,1055250
2020-11-12 19:00:00-05:00,26.78,27.05,26.60,26.84,1050750
2020-11-15 19:00:00-05:00,27.52,27.59,27.10,27.47,1131300
2020-11-16 19:00:00-05:00,27.15,27.38,26.88,27.32,1199250
2020-11-17 19:00:00-05:00,27.41,27.53,26.85,26.86,1365750
2020-11-18 19:00:00-05:00,26.62,26.62,25.77,26.06,3755250
2020-11-19 19:00:00-05:00,25.96,26.23,25.25,25.52,2868300
2020-11-22 19:00:00-05:00,25.77,25.80,25.12,25.42,3044925
2020-11-23 19:00:00-05:00,25.86,26.21,25.53,25.66,2540475
2020-11-24 19:00:00-05:00,25.43,25.49,24.94,25.32,3972375
2020-11-26 19:00:00-05:00,25.27,25.39,24.92,25.10,2253150
2020-11-29 19:00:00-05:00,24.94,25.40,24.60,25.38,23978700
2020-11-30 19:00:00-05:00,25.89,26.52,25.72,26.32,3422250
2020-12-01 19:00:00-05:00,26.17,26.41,25.76,26.22,2155050
2020-12-02 19:00:00-05:00,26.22,26.43,25.91,26.09,2704275
2020-12-03 19:00:00-05:00,26.24,26.37,26.03,26.34,1272600
2020-12-06 19:00:00-05:00,26.05,26.21,25.36,25.41,1438650
2020-12-07 19:00:00-05:00,25.23,25.61,25.22,25.38,1008225
2020-12-08 19:00:00-05:00,25.40,25.58,25.08,25.36,1846575
2020-12-09 19:00:00-05:00,25.22,25.53,25.14,25.27,1559475
2020-12-10 19:00:00-05:00,25.14,25.59,25.10,25.25,1670625
2020-12-13 19:00:00-05:00,25.55,25.63,25.02,25.03,2052000
2020-12-14 19:00:00-05:00,25.21,25.76,25.08,25.68,1149075
2020-12-15 19:00:00-05:00,25.77,25.94,25.59,25.79,1174725
2020-12-16 19:00:00-05:00,25.90,26.09,25.72,26.06,1638450
2020-12-17 19:00:00-05:00,26.09,26.26,25.67,25.88,3115125
2020-12-20 19:00:00-05:00,25.86,25.95,25.15,25.56,1433925
2020-12-21 19:00:00-05:00,25.48,25.69,25.41,25.53,1107225
2020-12-22 19:00:00-05:00,25.72,26.03,25.70,25.76,1028700
2020-12-23 19:00:00-05:00,25.83,25.88,25.45,25.81,336375
2020-12-27 19:00:00-05:00,25.92,26.00,25.72,25.81,1213425
2020-12-28 19:00:00-05:00,25.94,25.96,25.54,25.66,895500
2020-12-29 19:00:00-05:00,25.73,26.04,25.73,25.81,822825
2020-12-30 19:00:00-05:00,25.86,25.99,25.61,25.93,1686150
2021-01-03 19:00:00-05:00,25.97,26.03,25.28,25.36,2181150
2021-01-04 19:00:00-05:00,25.37,25.54,24.97,25.14,1434600
2021-01-05 19:00:00-05:00,25.54,26.20,25.44,26.00,3643200
2021-01-06 19:00:00-05:00,26.14,26.19,25.60,25.77,2280825
2021-01-07 19:00:00-05:00,26.18,26.25,25.55,25.91,5449050
2021-01-10 19:00:00-05:00,25.87,26.14,25.77,25.91,2053575
2021-01-11 19:00:00-05:00,25.93,26.43,25.88,26.26,2400975
2021-01-12 19:00:00-05:00,26.22,26.52,25.94,25.99,2586600
2021-01-13 19:00:00-05:00,26.04,26.08,25.62,25.77,1131300
2021-01-14 19:00:00-05:00,25.64,25.93,25.40,25.82,1304775
2021-01-18 19:00:00-05:00,25.94,25.98,25.62,25.62,1555200
2021-01-19 19:00:00-05:00,25.53,26.10,25.40,26.03,1380150
2021-01-20 19:00:00-05:00,25.97,26.32,25.92,26.00,2220525
2021-01-21 19:00:00-05:00,25.72,25.84,25.36,25.72,1243125
2021-01-24 19:00:00-05:00,25.45,26.00,25.40,25.79,2105100
2021-01-25 19:00:00-05:00,25.85,25.94,25.36,25.36,1759050
2021-01-26 19:00:00-05:00,25.13,25.51,24.01,24.07,4480425
2021-01-27 19:00:00-05:00,24.24,24.87,24.22,24.70,1959975
2021-01-28 19:00:00-05:00,24.51,24.66,24.10,24.26,1858500
2021-01-31 19:00:00-05:00,24.41,24.80,24.38,24.56,2094750
2021-02-01 19:00:00-05:00,24.76,25.18,24.73,24.97,998325
2021-02-02 19:00:00-05:00,24.99,25.18,24.63,24.83,1557450
2021-02-03 19:00:00-05:00,24.91,25.44,24.91,25.38,1082025
2021-02-04 19:00:00-05:00,25.52,25.75,25.44,25.67,2313450
2021-02-07 19:00:00-05:00,25.75,25.89,25.65,25.81,1696275
2021-02-08 19:00:00-05:00,25.83,26.38,25.83,26.26,1100925
2021-02-09 19:00:00-05:00,26.26,26.54,26.11,26.38,1930275
2021-02-10 19:00:00-05:00,26.38,26.81,26.38,26.77,1674225
2021-02-11 19:00:00-05:00,26.75,26.98,26.24,26.50,1420425
2021-02-15 19:00:00-05:00,26.64,26.70,26.26,26.56,1353600
2021-02-16 19:00:00-05:00,26.43,26.69,26.40,26.50,1334025
2021-02-17 19:00:00-05:00,26.36,26.47,25.97,26.21,2046375
2021-02-18 19:00:00-05:00,26.30,26.68,26.22,26.50,1627650
2021-02-21 19:00:00-05:00,26.50,26.65,26.31,26.63,1958400
2021-02-22 19:00:00-05:00,26.86,27.17,26.70,26.99,1454850
2021-02-23 19:00:00-05:00,27.54,28.21,27.40,27.82,2440575
2021-02-24 19:00:00-05:00,27.96,28.09,27.24,27.25,1287675
2021-02-25 19:00:00-05:00,27.22,27.47,27.01,27.07,2719125
2021-02-28 19:00:00-05:00,27.46,27.68,27.34,27.38,1759275
2021-03-01 19:00:00-05:00,27.30,27.82,27.30,27.52,1473300
2021-03-02 19:00:00-05:00,27.54,28.27,27.45,27.91,1605150
2021-03-03 19:00:00-05:00,27.85,28.15,27.37,27.60,1339425
2021-03-04 19:00:00-05:00,27.96,28.57,27.58,28.49,1500975
2021-03-07 19:00:00-05:00,28.68,29.57,28.53,29.16,1091250
2021-03-08 19:00:00-05:00,28.87,29.36,28.34,29.00,2237625
2021-03-09 19:00:00-05:00,28.89,29.86,28.89,29.72,1966275
2021-03-10 19:00:00-05:00,29.48,29.99,29.26,29.72,3029850
2021-03-11 19:00:00-05:00,30.14,30.23,29.74,29.96,1819800
2021-03-14 20:00:00-04:00,29.93,30.21,29.75,30.15,2282175
2021-03-15 20:00:00-04:00,29.82,29.97,29.54,29.80,1342125
2021-03-16 20:00:00-04:00,30.01,30.07,29.56,29.73,3152700
2021-03-17 20:00:00-04:00,29.92,30.26,29.64,29.87,3154050
2021-03-18 20:00:00-04:00,29.63,29.84,28.94,28.99,4863150
2021-03-21 20:00:00-04:00,28.82,29.05,28.54,28.66,1675800
2021-03-22 20:00:00-04:00,28.49,28.79,28.43,28.61,1590750
2021-03-23 20:00:00-04:00,28.82,29.50,28.82,29.15,1398600
2021-03-24 20:00:00-04:00,29.16,29.58,28.88,29.44,1275075
2021-03-25 20:00:00-04:00,29.70,29.70,29.36,29.65,1136250
2021-03-28 20:00:00-04:00,29.50,29.78,29.37,29.68,874125
2021-03-29 20:00:00-04:00,29.75,29.94,29.58,29.85,914625
2021-03-30 20:00:00-04:00,29.66,29.76,29.37,29.47,1726650
2021-03-31 20:00:00-04:00,29.31,29.93,29.24,29.91,1777500
2021-04-04 20:00:00-04:00,30.02,30.33,30.00,30.20,1168875
2021-04-05 20:00:00-04:00,30.23,30.49,30.12,30.48,1119600
2021-04-06 20:00:00-04:00,30.76,31.02,30.45,30.73,2112300
2021-04-07 20:00:00-04:00,30.59,30.97,30.58,30.81,1318050
2021-04-08 20:00:00-04:00,31.10,31.23,30.86,31.14,1171800
2021-04-11 20:00:00-04:00,31.14,31.20,30.89,31.11,1774800
2021-04-12 20:00:00-04:00,31.01,31.01,30.61,30.79,1391400
2021-04-13 20:00:00-04:00,30.77,31.12,30.65,31.09,1413900
2021-04-14 20:00:00-04:00,31.12,31.27,30.97,31.06,1350000
2021-04-15 20:00:00-04:00,31.29,31.40,31.01,31.25,1960425
2021-04-18 20:00:00-04:00,31.33,31.59,31.11,31.58,1197450
2021-04-19 20:00:00-04:00,31.33,31.70,31.25,31.55,1376325
2021-04-20 20:00:00-04:00,31.89,31.98,31.09,31.51,2369250
2021-04-21 20:00:00-04:00,31.42,31.56,31.19,31.47,1454850
2021-04-22 20:00:00-04:00,31.52,31.98,31.42,31.82,909000
2021-04-25 20:00:00-04:00,31.89,32.16,31.38,31.46,1172925
2021-04-26 20:00:00-04:00,31.42,31.60,31.19,31.51,1315575
2021-04-27 20:00:00-04:00,31.52,31.53,30.66,30.85,1832625
2021-04-28 20:00:00-04:00,31.02,31.27,30.88,31.13,1609650
2021-04-29 20:00:00-04:00,31.13,31.30,30.95,31.18,1539000
2021-05-02 20:00:00-04:00,31.40,31.81,31.24,31.49,1637325
2021-05-03 20:00:00-04:00,31.43,31.63,31.21,31.58,1069875
2021-05-04 20:00:00-04:00,31.53,31.62,30.88,31.44,1808100
2021-05-05 20:00:00-04:00,31.59,31.70,31.22,31.63,1492200
2021-05-06 20:00:00-04:00,31.28,31.87,31.21,31.85,1708425
2021-05-09 20:00:00-04:00,32.03,32.24,31.60,31.63,1277775
2021-05-10 20:00:00-04:00,31.61,31.64,30.82,30.93,1087650
2021-05-11 20:00:00-04:00,31.07,31.07,30.31,30.42,1524600
2021-05-12 20:00:00-04:00,30.26,31.19,30.22,31.06,986625
2021-05-13 20:00:00-04:00,31.16,31.56,31.12,31.48,1130850
2021-05-16 20:00:00-04:00,31.40,31.40,30.99,31.06,941625
2021-05-17 20:00:00-04:00,30.91,31.15,30.67,30.76,1237725
2021-05-18 20:00:00-04:00,30.57,30.84,30.14,30.80,1399500
2021-05-19 20:00:00-04:00,30.87,30.92,30.57,30.70,992250
2021-05-20 20:00:00-04:00,30.79,31.00,30.51,30.65,1192950
2021-05-23 20:00:00-04:00,30.72,30.77,30.58,30.60,1246950
2021-05-24 20:00:00-04:00,30.56,30.69,29.95,30.04,1381950
2021-05-25 20:00:00-04:00,30.23,30.23,29.89,29.95,1197225
2021-05-26 20:00:00-04:00,30.02,30.29,29.92,30.27,2768850
2021-05-27 20:00:00-04:00,30.43,30.61,30.27,30.50,1253700
2021-05-31 20:00:00-04:00,30.72,30.83,30.35,30.39,1097550
2021-06-01 20:00:00-04:00,30.40,30.40,30.08,30.09,1450350
2021-06-02 20:00:00-04:00,29.95,30.28,29.75,30.21,1453275
2021-06-03 20:00:00-04:00,30.18,30.27,29.95,30.23,918225
2021-06-06 20:00:00-04:00,30.21,30.21,29.59,29.60,1149075
2021-06-07 20:00:00-04:00,29.54,29.74,29.41,29.68,1317375
2021-06-08 20:00:00-04:00,29.55,29.56,29.38,29.51,1058175
2021-06-09 20:00:00-04:00,29.68,29.81,29.44,29.47,1841850
2021-06-10 20:00:00-04:00,29.52,29.70,29.52,29.70,1411425
2021-06-13 20:00:00-04:00,29.63,29.71,29.38,29.50,802125
2021-06-14 20:00:00-04:00,29.54,29.97,29.32,29.74,1282275
2021-06-15 20:00:00-04:00,29.84,30.05,29.71,29.78,1648575
2021-06-16 20:00:00-04:00,29.84,29.84,29.26,29.28,1793025
2021-06-17 20:00:00-04:00,28.89,28.96,28.44,28.45,2269350
2021-06-20 20:00:00-04:00,28.63,29.10,28.60,29.08,1284750
2021-06-21 20:00:00-04:00,29.21,29.22,28.92,29.03,1181475
2021-06-22 20:00:00-04:00,28.94,29.05,28.75,28.80,1265625
2021-06-23 20:00:00-04:00,28.96,29.33,28.84,29.16,1811925
2021-06-24 20:00:00-04:00,29.18,29.53,29.10,29.46,1550250
2021-06-27 20:00:00-04:00,29.42,29.42,28.96,29.26,1462725
2021-06-28 20:00:00-04:00,29.36,29.42,29.17,29.27,874800
2021-06-29 20:00:00-04:00,29.27,29.43,29.15,29.36,1412100
2021-06-30 20:00:00-04:00,29.53,30.09,29.39,29.96,1324800
2021-07-01 20:00:00-04:00,29.87,30.03,29.79,29.97,1111050
2021-07-05 20:00:00-04:00,29.91,29.98,29.47,29.91,1094400
2021-07-06 20:00:00-04:00,29.71,30.21,29.66,30.13,1317150
2021-07-07 20:00:00-04:00,29.76,29.80,29.12,29.22,1475550
2021-07-08 20:00:00-04:00,29.71,29.86,29.58,29.83,1097325
2021-07-11 20:00:00-04:00,29.59,30.12,29.53,30.09,1132875
2021-07-12 20:00:00-04:00,29.92,30.11,29.54,29.62,1107450
2021-07-13 20:00:00-04:00,29.64,29.87,29.51,29.75,922050
2021-07-14 20:00:00-04:00,29.49,30.29,29.49,30.16,1413675
2021-07-15 20:00:00-04:00,30.26,30.44,30.13,30.27,1424025
2021-07-18 20:00:00-04:00,29.75,29.87,29.03,29.26,1385775
2021-07-19 20:00:00-04:00,29.37,30.22,29.36,29.92,1599750
2021-07-20 20:00:00-04:00,30.16,30.64,29.86,30.18,1019475
2021-07-21 20:00:00-04:00,30.03,30.20,29.64,29.67,1563750
2021-07-22 20:00:00-04:00,29.77,30.24,29.19,29.51,2015100
2021-07-25 20:00:00-04:00,29.51,29.72,29.29,29.41,1546425
2021-07-26 20:00:00-04:00,29.21,29.57,29.04,29.30,1182375
2021-07-27 20:00:00-04:00,29.41,29.53,28.57,28.77,1865250
2021-07-28 20:00:00-04:00,28.99,29.12,28.81,29.02,940500
2021-07-29 20:00:00-04:00,28.91,29.10,28.77,28.86,1764675
2021-08-01 20:00:00-04:00,29.00,29.14,28.70,28.73,1635525
2021-08-02 20:00:00-04:00,28.81,28.81,28.37,28.62,1336050
2021-08-03 20:00:00-04:00,28.36,28.71,28.35,28.38,2042325
2021-08-04 20:00:00-04:00,28.41,28.68,28.30,28.66,1694475
2021-08-05 20:00:00-04:00,28.95,29.15,28.86,28.98,1556775
2021-08-08 20:00:00-04:00,29.04,29.08,28.80,28.98,1392075
2021-08-09 20:00:00-04:00,28.85,29.22,28.80,28.84,1235700
2021-08-10 20:00:00-04:00,28.88,29.21,28.83,29.20,1329525
2021-08-11 20:00:00-04:00,29.22,29.22,28.95,29.13,1051425
2021-08-12 20:00:00-04:00,29.25,29.45,29.11,29.41,1145025
2021-08-15 20:00:00-04:00,29.17,29.54,29.12,29.35,985725
2021-08-16 20:00:00-04:00,29.09,29.75,29.06,29.47,1142325
2021-08-17 20:00:00-04:00,29.38,29.62,29.21,29.22,888075
2021-08-18 20:00:00-04:00,29.62,29.92,29.25,29.81,1522800
2021-08-19 20:00:00-04:00,29.86,30.34,29.81,30.13,1613475
2021-08-22 20:00:00-04:00,30.16,30.29,29.98,30.00,1198125
2021-08-23 20:00:00-04:00,30.03,30.16,29.89,29.95,1248750
2021-08-24 20:00:00-04:00,29.97,30.25,29.89,30.05,1177200
2021-08-25 20:00:00-04:00,30.07,30.11,29.63,29.63,1000575
2021-08-26 20:00:00-04:00,29.69,30.05,29.66,30.03,1111500
2021-08-29 20:00:00-04:00,30.05,30.05,29.63,29.65,704925
2021-08-30 20:00:00-04:00,29.58,29.96,29.56,29.71,1337400
2021-08-31 20:00:00-04:00,29.79,29.81,29.36,29.65,967050
2021-09-01 20:00:00-04:00,29.71,29.75,29.42,29.73,1012725
2021-09-02 20:00:00-04:00,29.58,29.67,29.27,29.37,848700
2021-09-06 20:00:00-04:00,29.30,29.40,28.91,28.93,1508175
2021-09-07 20:00:00-04:00,28.87,29.32,28.72,29.28,1440675
2021-09-08 20:00:00-04:00,29.27,29.71,28.81,28.82,1365750
2021-09-09 20:00:00-04:00,28.93,29.04,28.28,28.29,1485675
2021-09-12 20:00:00-04:00,28.50,28.75,28.39,28.59,1368000
2021-09-13 20:00:00-04:00,28.64,28.67,28.18,28.24,1602675
2021-09-14 20:00:00-04:00,28.07,28.41,28.07,28.33,1612575
2021-09-15 20:00:00-04:00,28.45,28.63,28.26,28.52,1828800
2021-09-16 20:00:00-04:00,28.38,28.60,28.33,28.53,3758850
2021-09-19 20:00:00-04:00,28.38,28.40,27.94,28.30,2105100
2021-09-20 20:00:00-04:00,28.50,28.59,28.29,28.34,1574550
2021-09-21 20:00:00-04:00,28.55,28.71,28.41,28.57,1107000
2021-09-22 20:00:00-04:00,28.82,29.06,28.75,28.81,1213875
2021-09-23 20:00:00-04:00,28.74,29.08,28.74,28.97,1240200
2021-09-26 20:00:00-04:00,29.16,29.37,29.03,29.04,886950
2021-09-27 20:00:00-04:00,28.97,29.10,28.63,28.68,1471725
2021-09-28 20:00:00-04:00,28.67,29.16,28.57,29.03,1244475
2021-09-29 20:00:00-04:00,29.24,29.36,28.91,28.92,2137275
2021-09-30 20:00:00-04:00,29.04,29.64,28.61,29.41,1384875
2021-10-03 20:00:00-04:00,29.40,29.81,29.14,29.23,1541025
2021-10-04 20:00:00-04:00,29.32,29.91,29.15,29.74,998100
2021-10-05 20:00:00-04:00,29.52,30.31,29.40,30.28,1579500
2021-10-06 20:00:00-04:00,30.42,30.99,30.42,30.61,1561050
2021-10-07 20:00:00-04:00,30.57,30.83,30.43,30.49,1315575
2021-10-10 20:00:00-04:00,30.59,30.82,30.24,30.25,920025
2021-10-11 20:00:00-04:00,30.25,30.57,30.18,30.21,1026225
2021-10-12 20:00:00-04:00,30.10,30.15,29.60,30.08,1249650
2021-10-13 20:00:00-04:00,30.25,30.65,30.18,30.62,1050750
2021-10-14 20:00:00-04:00,30.88,30.95,30.72,30.74,978525
2021-10-17 20:00:00-04:00,30.63,30.65,30.13,30.19,1222650
2021-10-18 20:00:00-04:00,30.61,30.73,30.48,30.61,1157850
2021-10-19 20:00:00-04:00,30.48,31.05,30.48,31.01,1030500
2021-10-20 20:00:00-04:00,30.96,31.32,30.86,31.18,1171350
2021-10-21 20:00:00-04:00,31.83,32.70,31.57,32.51,3039750
2021-10-24 20:00:00-04:00,32.64,32.70,32.23,32.38,2263725
2021-10-25 20:00:00-04:00,32.44,32.51,32.25,32.34,885825
2021-10-26 20:00:00-04:00,32.40,32.49,31.71,31.72,1526850
2021-10-27 20:00:00-04:00,31.88,32.13,31.72,31.98,835200
2021-10-28 20:00:00-04:00,32.01,32.03,31.34,31.46,1351125
2021-10-31 20:00:00-04:00,31.52,31.65,31.32,31.64,1046700
2021-11-01 20:00:00-04:00,31.75,32.31,31.65,32.25,1161225
2021-11-02 20:00:00-04:00,32.25,32.56,32.08,32.25,1243350
2021-11-03 20:00:00-04:00,32.13,32.14,31.25,31.37,1347750
2021-11-04 20:00:00-04:00,31.60,32.00,31.48,31.84,1140750
2021-11-07 19:00:00-05:00,32.12,32.28,31.91,32.17,1134675
2021-11-08 19:00:00-05:00,32.04,32.22,31.80,32.14,1010925
2021-11-09 19:00:00-05:00,32.17,32.38,32.07,32.14,1126125
2021-11-10 19:00:00-05:00,32.10,32.26,31.90,32.13,780525
2021-11-11 19:00:00-05:00,32.10,32.27,31.80,32.10,1303650
2021-11-14 19:00:00-05:00,32.19,32.29,31.84,31.95,1453275
2021-11-15 19:00:00-05:00,32.07,32.42,31.84,32.05,1757700
2021-11-16 19:00:00-05:00,31.95,32.34,31.47,32.27,1764225
2021-11-17 19:00:00-05:00,32.37,32.54,32.06,32.36,1138050
2021-11-18 19:00:00-05:00,32.27,32.27,31.71,31.73,994500
2021-11-21 19:00:00-05:00,31.87,32.93,31.68,32.61,1558575
2021-11-22 19:00:00-05:00,32.97,33.56,32.97,33.39,2063250
2021-11-23 19:00:00-05:00,33.35,33.40,32.67,33.00,1599300
2021-11-25 19:00:00-05:00,32.05,32.25,31.41,31.80,1391850
2021-11-28 19:00:00-05:00,32.14,32.14,31.38,31.40,1138950
2021-11-29 19:00:00-05:00,31.07,31.25,30.19,30.29,3746025
2021-11-30 19:00:00-05:00,30.79,31.11,29.90,29.92,1449675
2021-12-01 19:00:00-05:00,30.18,31.36,30.01,31.16,1832850
2021-12-02 19:00:00-05:00,31.16,31.23,30.52,30.71,1319400
2021-12-05 19:00:00-05:00,31.24,31.88,31.18,31.56,1228275
2021-12-06 19:00:00-05:00,31.69,32.14,31.69,31.99,1423125
2021-12-07 19:00:00-05:00,31.94,32.27,31.83,32.04,893250
2021-12-08 19:00:00-05:00,32.16,32.20,31.56,31.99,1415475
2021-12-09 19:00:00-05:00,32.27,32.48,32.08,32.46,1026900
2021-12-12 19:00:00-05:00,32.41,32.55,32.00,32.33,1131075
2021-12-13 19:00:00-05:00,32.42,33.02,32.18,32.67,1831500
2021-12-14 19:00:00-05:00,32.78,32.90,32.47,32.75,1251225
2021-12-15 19:00:00-05:00,33.20,33.34,32.85,32.93,1718775
2021-12-16 19:00:00-05:00,32.84,32.85,32.22,32.24,3167100
2021-12-19 19:00:00-05:00,31.92,31.99,31.22,31.58,1497600
2021-12-20 19:00:00-05:00,31.88,32.27,31.63,31.90,1671750
2021-12-21 19:00:00-05:00,31.77,32.06,31.72,31.94,1253700
2021-12-22 19:00:00-05:00,32.12,32.38,32.00,32.15,937800
2021-12-26 19:00:00-05:00,32.15,32.68,32.07,32.63,731925
2021-12-27 19:00:00-05:00,32.56,33.10,32.56,32.87,909450
2021-12-28 19:00:00-05:00,32.92,33.28,32.92,33.09,886725
2021-12-29 19:00:00-05:00,33.21,33.30,32.67,32.69,852075
2021-12-30 19:00:00-05:00,32.69,33.23,32.69,33.04,1329300
2022-01-02 19:00:00-05:00,33.16,33.22,32.32,32.59,1019475
2022-01-03 19:00:00-05:00,32.86,33.28,32.76,33.07,1543275
2022-01-04 19:00:00-05:00,33.30,33.32,32.69,32.70,1271925
2022-01-05 19:00:00-05:00,33.38,33.40,33.02,33.26,1236825
2022-01-06 19:00:00-05:00,33.26,34.00,33.26,33.92,1299375
2022-01-09 19:00:00-05:00,34.09,34.18,33.63,33.84,1393200
2022-01-10 19:00:00-05:00,33.96,34.13,33.46,34.11,1285650
2022-01-11 19:00:00-05:00,34.09,34.35,33.89,34.29,1217700
2022-01-12 19:00:00-05:00,34.45,34.92,34.33,34.58,1573875
2022-01-13 19:00:00-05:00,34.18,34.40,33.94,34.32,1242675
2022-01-17 19:00:00-05:00,34.19,34.28,33.74,33.98,1233450
2022-01-18 19:00:00-05:00,34.07,34.13,33.08,33.09,1001925
2022-01-19 19:00:00-05:00,33.16,34.27,33.16,33.40,1709775
2022-01-20 19:00:00-05:00,33.42,33.78,33.04,33.10,1707525
2022-01-23 19:00:00-05:00,32.82,33.54,32.08,33.43,2149425
2022-01-24 19:00:00-05:00,32.92,33.44,32.34,33.07,2294550
2022-01-25 19:00:00-05:00,33.08,33.56,32.56,33.03,1955700
2022-01-26 19:00:00-05:00,33.27,33.92,32.58,32.62,1988775
2022-01-27 19:00:00-05:00,33.28,34.46,33.09,33.95,5241150
2022-01-30 19:00:00-05:00,33.59,34.06,33.52,33.88,5492250
2022-01-31 19:00:00-05:00,33.74,34.61,33.74,34.40,3048075
2022-02-01 19:00:00-05:00,34.43,35.31,34.38,35.19,3491550
2022-02-02 19:00:00-05:00,35.54,35.84,35.30,35.67,2702925
2022-02-03 19:00:00-05:00,35.60,36.26,35.53,35.99,2629800
2022-02-06 19:00:00-05:00,36.10,36.70,36.01,36.41,2326275
2022-02-07 19:00:00-05:00,36.62,37.30,36.45,37.21,2683125
2022-02-08 19:00:00-05:00,37.36,37.61,36.98,37.14,2179350
2022-02-09 19:00:00-05:00,36.93,37.33,36.54,36.87,2381850
2022-02-10 19:00:00-05:00,36.68,36.86,35.97,36.08,2430225
2022-02-13 19:00:00-05:00,36.10,36.21,35.46,35.89,2406600
2022-02-14 19:00:00-05:00,36.25,36.58,35.94,36.13,1431675
2022-02-15 19:00:00-05:00,35.96,36.56,35.96,36.47,1792575
2022-02-16 19:00:00-05:00,36.28,36.28,35.61,35.99,1071225
2022-02-17 19:00:00-05:00,35.88,36.35,35.81,36.28,1493325
2022-02-21 19:00:00-05:00,36.29,36.71,35.89,36.27,1748250
2022-02-22 19:00:00-05:00,36.62,36.62,35.81,35.83,1673325
2022-02-23 19:00:00-05:00,34.98,35.23,34.26,35.15,2054475
2022-02-24 19:00:00-05:00,35.38,36.61,35.38,36.57,1246950
2022-02-27 19:00:00-05:00,35.55,36.37,35.51,36.21,1714950
2022-02-28 19:00:00-05:00,36.00,36.15,35.09,35.36,1370025
2022-03-01 19:00:00-05:00,35.65,36.54,35.65,36.31,1291725
2022-03-02 19:00:00-05:00,36.41,36.74,36.01,36.24,1467900
2022-03-03 19:00:00-05:00,35.60,36.13,35.30,36.13,1436625
2022-03-06 19:00:00-05:00,35.73,36.02,35.41,35.65,1482975
2022-03-07 19:00:00-05:00,35.93,36.89,35.55,35.83,2054925
2022-03-08 19:00:00-05:00,36.76,37.17,36.34,36.82,2722725
2022-03-09 19:00:00-05:00,36.43,37.39,36.40,37.27,1661400
2022-03-10 19:00:00-05:00,37.44,38.25,37.43,37.91,1955700
2022-03-13 20:00:00-04:00,38.36,38.74,37.43,37.62,2131200
2022-03-14 20:00:00-04:00,38.03,38.31,37.67,38.15,2407500
2022-03-15 20:00:00-04:00,38.39,38.41,37.27,37.77,2479725
2022-03-16 20:00:00-04:00,37.50,38.25,37.29,38.25,1809450
2022-03-17 20:00:00-04:00,38.23,38.61,37.68,38.55,3150675
2022-03-20 20:00:00-04:00,39.05,39.41,38.66,39.34,1516050
2022-03-21 20:00:00-04:00,39.58,39.95,39.26,39.69,1824975
2022-03-22 20:00:00-04:00,39.60,40.03,39.30,39.34,1409400
2022-03-23 20:00:00-04:00,38.94,39.63,38.85,39.36,2116800
2022-03-24 20:00:00-04:00,39.47,39.83,39.35,39.75,1888050
2022-03-27 20:00:00-04:00,39.76,39.96,39.56,39.91,1460100
2022-03-28 20:00:00-04:00,40.12,40.36,39.80,40.21,2920800
2022-03-29 20:00:00-04:00,40.28,40.44,40.06,40.41,1993950
2022-03-30 20:00:00-04:00,40.36,40.68,39.98,40.11,3912900
2022-03-31 20:00:00-04:00,40.31,40.71,40.17,40.55,1597800
2022-04-03 20:00:00-04:00,40.46,40.46,39.49,39.73,1959150
2022-04-04 20:00:00-04:00,39.70,40.37,39.70,40.01,2113350
2022-04-05 20:00:00-04:00,40.00,40.55,39.94,40.24,1632000
2022-04-06 20:00:00-04:00,40.27,40.68,39.98,40.52,1601550
2022-04-07 20:00:00-04:00,40.85,41.06,40.55,40.78,1867500
2022-04-10 20:00:00-04:00,40.81,41.25,40.56,40.64,1553550
2022-04-11 20:00:00-04:00,40.76,41.53,40.64,41.28,2442300
2022-04-12 20:00:00-04:00,41.10,41.49,40.68,41.16,2047050
2022-04-13 20:00:00-04:00,41.15,41.35,40.89,41.09,8181900
2022-04-17 20:00:00-04:00,40.78,41.84,40.73,41.82,2683350
2022-04-18 20:00:00-04:00,41.84,41.97,41.35,41.68,2558700
2022-04-19 20:00:00-04:00,41.94,42.93,41.83,42.80,1977000
2022-04-20 20:00:00-04:00,42.91,43.09,41.77,41.88,2769900
2022-04-21 20:00:00-04:00,41.79,41.79,40.91,40.94,1953150
2022-04-24 20:00:00-04:00,40.76,40.96,40.08,40.90,3835800
2022-04-25 20:00:00-04:00,41.14,41.89,40.32,40.53,3240600
2022-04-26 20:00:00-04:00,40.72,41.61,40.42,41.05,3316650
2022-04-27 20:00:00-04:00,41.31,41.50,40.79,41.41,2499150
2022-04-28 20:00:00-04:00,41.27,41.31,39.91,40.05,4204350
2022-05-01 20:00:00-04:00,40.37,40.55,39.22,39.87,3258000
2022-05-02 20:00:00-04:00,40.15,40.81,39.78,40.52,2349750
2022-05-03 20:00:00-04:00,40.62,41.70,40.53,41.57,2392350
2022-05-04 20:00:00-04:00,41.25,41.58,40.49,41.00,1685100
2022-05-05 20:00:00-04:00,40.87,41.59,40.53,41.43,1905900
2022-05-08 20:00:00-04:00,41.21,41.32,40.41,40.50,2795250
2022-05-09 20:00:00-04:00,40.71,41.09,39.63,39.97,3391500
2022-05-10 20:00:00-04:00,40.03,40.90,39.93,40.15,2345250
2022-05-11 20:00:00-04:00,40.11,40.39,39.46,39.97,2843100
2022-05-12 20:00:00-04:00,40.24,40.60,39.96,40.56,2703750
2022-05-15 20:00:00-04:00,40.65,41.16,40.47,40.74,2511750
2022-05-16 20:00:00-04:00,41.22,41.79,40.88,41.61,2592450
2022-05-17 20:00:00-04:00,41.44,41.55,40.81,40.91,1944900
2022-05-18 20:00:00-04:00,40.45,40.71,39.23,39.93,2620650
2022-05-19 20:00:00-04:00,40.09,40.39,39.47,40.05,6087900
2022-05-22 20:00:00-04:00,40.56,41.23,40.21,40.87,2320650
2022-05-23 20:00:00-04:00,40.94,41.50,40.26,41.42,2202300
2022-05-24 20:00:00-04:00,41.09,41.73,41.09,41.57,1842900
2022-05-25 20:00:00-04:00,41.91,42.43,41.77,42.23,1655850
2022-05-26 20:00:00-04:00,42.29,42.65,42.16,42.65,1805550
2022-05-30 20:00:00-04:00,42.37,43.02,42.04,42.85,2564850
2022-05-31 20:00:00-04:00,42.80,43.12,41.73,42.57,1924650
2022-06-01 20:00:00-04:00,42.64,42.73,42.22,42.71,2015850
2022-06-02 20:00:00-04:00,42.52,42.70,42.42,42.53,1501650
2022-06-05 20:00:00-04:00,42.89,43.25,42.56,43.11,1163850
2022-06-06 20:00:00-04:00,42.92,43.56,42.78,43.53,1416000
2022-06-07 20:00:00-04:00,43.29,43.29,42.73,42.78,1066950
2022-06-08 20:00:00-04:00,42.79,42.91,41.94,41.96,1172250
2022-06-09 20:00:00-04:00,41.34,41.60,40.90,41.12,1287000
2022-06-12 20:00:00-04:00,40.42,40.72,39.72,39.94,1784100
2022-06-13 20:00:00-04:00,40.04,40.61,39.85,40.20,1979700
2022-06-14 20:00:00-04:00,40.55,41.16,39.99,40.37,1967550
2022-06-15 20:00:00-04:00,39.79,40.15,39.37,39.94,2431500
2022-06-16 20:00:00-04:00,40.02,40.50,39.62,40.25,4475100
2022-06-20 20:00:00-04:00,40.97,40.97,40.26,40.68,2325150
2022-06-21 20:00:00-04:00,40.17,40.65,39.93,40.32,2050950
2022-06-22 20:00:00-04:00,40.51,40.86,39.53,39.73,2115000
2022-06-23 20:00:00-04:00,40.00,41.42,39.79,41.36,3553800
2022-06-26 20:00:00-04:00,41.42,42.12,41.27,42.06,1948500
2022-06-27 20:00:00-04:00,42.38,42.81,41.82,42.00,1898400
2022-06-28 20:00:00-04:00,42.12,42.29,40.89,40.97,1932300
2022-06-29 20:00:00-04:00,40.57,41.65,40.30,41.50,2189100
2022-06-30 20:00:00-04:00,41.65,42.26,41.13,42.16,1533150
2022-07-04 20:00:00-04:00,41.67,42.13,40.80,41.22,1998600
2022-07-05 20:00:00-04:00,41.28,41.63,40.82,41.32,2280750
2022-07-06 20:00:00-04:00,41.54,41.91,41.05,41.06,2138100
2022-07-07 20:00:00-04:00,41.25,41.68,40.90,40.92,1670250
2022-07-10 20:00:00-04:00,40.79,41.21,40.61,40.90,1763550
2022-07-11 20:00:00-04:00,40.49,41.00,40.00,40.11,1648800
2022-07-12 20:00:00-04:00,39.84,40.37,39.82,39.89,1708950
2022-07-13 20:00:00-04:00,39.05,39.28,37.51,37.82,2509500
2022-07-14 20:00:00-04:00,38.39,38.60,37.94,38.32,1862700
2022-07-17 20:00:00-04:00,38.47,38.69,37.72,37.82,2137200
2022-07-18 20:00:00-04:00,38.09,38.94,38.00,38.88,1977600
2022-07-19 20:00:00-04:00,38.77,38.97,38.47,38.71,2133300
2022-07-20 20:00:00-04:00,38.55,39.18,37.97,39.14,2368650
2022-07-21 20:00:00-04:00,38.56,39.02,37.84,38.09,2638350
2022-07-24 20:00:00-04:00,38.58,39.22,38.53,38.74,2029500
2022-07-25 20:00:00-04:00,38.89,39.03,38.46,38.63,1742400
2022-07-26 20:00:00-04:00,38.66,38.94,38.20,38.69,2193600
2022-07-27 20:00:00-04:00,38.71,38.79,37.16,37.57,2235000
2022-07-28 20:00:00-04:00,37.69,38.23,37.69,38.01,3182550
2022-07-31 20:00:00-04:00,37.67,37.78,37.05,37.34,2325450
2022-08-01 20:00:00-04:00,37.38,37.61,37.11,37.15,1652400
2022-08-02 20:00:00-04:00,37.39,37.82,37.02,37.78,2693400
2022-08-03 20:00:00-04:00,37.67,37.84,37.15,37.19,1965900
2022-08-04 20:00:00-04:00,37.23,37.67,37.23,37.59,1458750
2022-08-07 20:00:00-04:00,37.69,37.94,37.59,37.72,1641150
2022-08-08 20:00:00-04:00,37.89,38.37,37.76,38.29,1731900
2022-08-09 20:00:00-04:00,38.46,38.99,38.46,38.96,1497450
2022-08-10 20:00:00-04:00,39.20,39.75,39.11,39.66,1893600
2022-08-11 20:00:00-04:00,39.70,40.09,39.66,40.08,1114950
2022-08-14 20:00:00-04:00,39.69,40.43,39.55,40.29,1067700
2022-08-15 20:00:00-04:00,40.29,40.65,40.23,40.49,1400550
2022-08-16 20:00:00-04:00,40.30,41.40,40.28,41.37,2023050
2022-08-17 20:00:00-04:00,41.39,41.64,41.08,41.39,931800
2022-08-18 20:00:00-04:00,41.36,41.45,40.99,41.09,1498200
2022-08-21 20:00:00-04:00,40.74,40.74,39.87,39.93,1284150
2022-08-22 20:00:00-04:00,40.01,40.10,39.73,39.81,848400
2022-08-23 20:00:00-04:00,39.68,40.52,39.59,40.31,1725750
2022-08-24 20:00:00-04:00,40.51,41.04,40.23,41.02,1232700
2022-08-25 20:00:00-04:00,41.18,41.32,40.44,40.45,1490550
2022-08-28 20:00:00-04:00,40.14,40.47,39.76,40.21,1258200
2022-08-29 20:00:00-04:00,40.12,40.12,39.58,39.66,1037250
2022-08-30 20:00:00-04:00,39.72,39.96,39.31,39.39,2024100
2022-08-31 20:00:00-04:00,39.23,39.61,39.00,39.50,1377600
2022-09-01 20:00:00-04:00,39.65,40.36,39.17,39.37,1386300
2022-09-05 20:00:00-04:00,39.70,40.36,39.63,39.94,2929650
2022-09-06 20:00:00-04:00,39.82,40.72,39.77,40.65,1258800
2022-09-07 20:00:00-04:00,40.49,41.37,40.44,41.34,1083150
2022-09-08 20:00:00-04:00,41.51,41.71,41.11,41.11,1484100
2022-09-11 20:00:00-04:00,41.30,41.62,41.13,41.34,1305150
2022-09-12 20:00:00-04:00,40.83,41.19,40.49,40.56,1374900
2022-09-13 20:00:00-04:00,40.58,41.14,40.49,40.91,1956300
2022-09-14 20:00:00-04:00,40.99,41.47,40.82,41.19,1553550
2022-09-15 20:00:00-04:00,40.98,41.08,40.35,40.69,3813150
2022-09-18 20:00:00-04:00,40.38,41.13,40.31,41.07,1080600
2022-09-19 20:00:00-04:00,40.70,40.82,39.89,40.35,970050
2022-09-20 20:00:00-04:00,40.55,40.66,39.49,39.52,926550
2022-09-21 20:00:00-04:00,39.57,39.57,38.82,39.17,1044450
2022-09-22 20:00:00-04:00,38.89,39.13,38.48,38.87,1823700
2022-09-25 20:00:00-04:00,38.50,38.63,37.19,37.48,1770750
2022-09-26 20:00:00-04:00,37.74,38.19,37.49,38.10,1867200
2022-09-27 20:00:00-04:00,38.25,38.87,38.04,38.63,1282200
2022-09-28 20:00:00-04:00,38.49,39.81,38.11,39.69,3060150
2022-09-29 20:00:00-04:00,39.81,40.07,39.27,39.32,2318100
2022-10-02 20:00:00-04:00,39.67,40.68,39.11,40.42,1696800
2022-10-03 20:00:00-04:00,40.68,41.55,40.64,41.50,2084400
2022-10-04 20:00:00-04:00,41.24,41.69,41.23,41.39,1274700
2022-10-05 20:00:00-04:00,41.20,41.49,41.10,41.27,1053600
2022-10-06 20:00:00-04:00,41.02,41.12,40.47,40.74,1755150
2022-10-09 20:00:00-04:00,40.95,41.40,40.81,41.15,1308900
2022-10-10 20:00:00-04:00,41.09,42.02,41.09,41.44,1681050
2022-10-11 20:00:00-04:00,41.41,41.72,41.16,41.48,2176800
2022-10-12 20:00:00-04:00,40.95,43.66,40.65,43.53,2032050
2022-10-13 20:00:00-04:00,43.73,44.17,42.61,42.68,1813050
2022-10-16 20:00:00-04:00,43.09,43.62,43.01,43.41,1957950
2022-10-17 20:00:00-04:00,44.02,44.25,43.15,43.72,1995000
2022-10-18 20:00:00-04:00,43.72,44.20,43.06,43.51,2940900
2022-10-19 20:00:00-04:00,43.08,43.20,42.58,42.78,1525050
2022-10-20 20:00:00-04:00,43.02,43.59,42.75,43.44,3192300
2022-10-23 20:00:00-04:00,43.84,44.57,43.73,44.18,2865600
2022-10-24 20:00:00-04:00,42.24,42.78,41.18,42.05,3918750
2022-10-25 20:00:00-04:00,42.64,42.73,41.83,42.62,3038100
2022-10-26 20:00:00-04:00,42.98,43.69,42.84,43.32,2649150
2022-10-27 20:00:00-04:00,43.72,44.80,43.41,44.61,1824900
2022-10-30 20:00:00-04:00,44.36,45.48,44.34,45.29,2488650
2022-10-31 20:00:00-04:00,45.46,45.97,45.21,45.84,2012850
2022-11-01 20:00:00-04:00,45.60,46.31,45.07,45.26,3009750
2022-11-02 20:00:00-04:00,45.06,46.29,44.75,45.42,1703550
2022-11-03 20:00:00-04:00,45.82,45.97,44.96,45.59,1430400
2022-11-06 19:00:00-05:00,45.64,45.83,45.15,45.41,1542900
2022-11-07 19:00:00-05:00,45.30,45.65,44.45,45.40,1513350
2022-11-08 19:00:00-05:00,45.36,45.68,44.70,44.82,1209600
2022-11-09 19:00:00-05:00,45.78,45.82,44.44,44.62,2231400
2022-11-10 19:00:00-05:00,45.06,45.26,42.04,42.48,4139700
2022-11-13 19:00:00-05:00,42.68,42.68,41.77,41.78,3194250
2022-11-14 19:00:00-05:00,42.07,42.30,41.63,42.08,2871450
2022-11-15 19:00:00-05:00,42.13,43.98,42.13,43.69,2542050
2022-11-16 19:00:00-05:00,43.28,43.95,42.98,43.80,1896900
2022-11-17 19:00:00-05:00,44.26,44.71,43.94,44.65,2413350
2022-11-20 19:00:00-05:00,44.76,45.81,44.76,45.16,2082300
2022-11-21 19:00:00-05:00,45.48,45.78,44.89,45.15,1157400
2022-11-22 19:00:00-05:00,45.06,45.43,45.06,45.29,859650
2022-11-24 19:00:00-05:00,45.49,45.89,45.38,45.78,677700
2022-11-27 19:00:00-05:00,45.56,45.88,45.44,45.54,1266450
2022-11-28 19:00:00-05:00,45.51,45.83,45.33,45.69,878250
2022-11-29 19:00:00-05:00,45.51,46.51,45.13,46.44,3528900
2022-11-30 19:00:00-05:00,46.70,46.88,45.62,45.85,1570650
2022-12-01 19:00:00-05:00,45.56,46.19,45.48,46.07,1142250
2022-12-04 19:00:00-05:00,45.71,45.75,44.90,45.26,927450
2022-12-05 19:00:00-05:00,45.38,45.91,45.38,45.91,1134450
2022-12-06 19:00:00-05:00,45.77,46.08,45.20,45.45,2455050
2022-12-07 19:00:00-05:00,45.68,46.01,45.20,45.32,1531050
2022-12-08 19:00:00-05:00,45.30,45.64,44.77,44.79,1564200
2022-12-11 19:00:00-05:00,44.84,45.35,44.52,45.19,2060400
2022-12-12 19:00:00-05:00,45.66,45.81,44.38,44.50,2309550
2022-12-13 19:00:00-05:00,44.51,44.82,44.15,44.44,1636950
2022-12-14 19:00:00-05:00,44.12,44.34,43.67,43.87,1627950
2022-12-15 19:00:00-05:00,43.53,44.19,43.37,43.93,4997700
2022-12-18 19:00:00-05:00,43.95,44.41,43.20,43.61,1765800
2022-12-19 19:00:00-05:00,43.91,44.56,43.86,44.43,1624050
2022-12-20 19:00:00-05:00,44.81,45.09,44.50,45.04,2361300
2022-12-21 19:00:00-05:00,45.00,45.26,43.98,44.50,1669500
2022-12-22 19:00:00-05:00,44.55,44.85,44.37,44.78,964050
2022-12-26 19:00:00-05:00,44.89,45.30,44.66,45.06,1358850
2022-12-27 19:00:00-05:00,45.25,45.28,44.38,44.39,830550
2022-12-28 19:00:00-05:00,44.55,45.04,44.33,44.65,852450
2022-12-29 19:00:00-05:00,44.47,44.65,43.84,44.25,1386000
2023-01-02 19:00:00-05:00,44.19,44.46,43.56,44.25,1739400
2023-01-03 19:00:00-05:00,44.42,44.69,43.91,44.11,2352450
2023-01-04 19:00:00-05:00,44.08,44.32,43.47,43.83,2379900
2023-01-05 19:00:00-05:00,44.24,45.40,44.09,45.30,1845300
2023-01-08 19:00:00-05:00,45.30,45.35,44.26,44.50,1947000
2023-01-09 19:00:00-05:00,44.76,45.03,44.39,44.72,1207350
2023-01-10 19:00:00-05:00,44.69,44.87,44.28,44.48,1351200
2023-01-11 19:00:00-05:00,44.63,45.12,44.29,44.83,1601850
2023-01-12 19:00:00-05:00,44.63,45.15,44.39,45.04,1131750
2023-01-16 19:00:00-05:00,45.04,45.04,43.76,44.09,1596900
2023-01-17 19:00:00-05:00,44.02,44.11,43.54,43.59,2279550
2023-01-18 19:00:00-05:00,43.50,43.61,42.79,42.85,1893300
2023-01-19 19:00:00-05:00,42.96,42.98,41.89,42.92,2840250
2023-01-22 19:00:00-05:00,43.05,43.37,42.81,43.18,1430700
2023-01-23 19:00:00-05:00,43.18,46.37,42.65,43.45,1565100
2023-01-24 19:00:00-05:00,43.40,43.97,43.31,43.85,1237950
2023-01-25 19:00:00-05:00,43.88,44.10,43.55,43.78,1447950
2023-01-26 19:00:00-05:00,43.89,44.10,42.35,42.50,2488050
2023-01-29 19:00:00-05:00,42.79,43.08,42.36,42.84,3683850
2023-01-30 19:00:00-05:00,42.98,43.08,42.44,43.06,1677900
2023-01-31 19:00:00-05:00,42.46,42.73,42.02,42.41,1931700
2023-02-01 19:00:00-05:00,42.32,42.32,40.67,40.88,4796400
2023-02-02 19:00:00-05:00,41.08,41.34,40.48,41.05,3133050
2023-02-05 19:00:00-05:00,41.04,41.98,40.95,41.94,2214450
2023-02-06 19:00:00-05:00,41.79,42.87,41.73,42.77,1828350
2023-02-07 19:00:00-05:00,42.62,43.18,42.49,42.50,1769100
2023-02-08 19:00:00-05:00,42.66,43.12,42.07,42.07,2157450
2023-02-09 19:00:00-05:00,42.16,42.29,41.81,41.86,1352850
2023-02-12 19:00:00-05:00,42.08,42.42,41.88,42.03,1846800
2023-02-13 19:00:00-05:00,42.10,42.32,41.16,41.17,2044350
2023-02-14 19:00:00-05:00,41.21,41.60,41.10,41.34,1317600
2023-02-15 19:00:00-05:00,41.14,41.46,40.89,41.04,1461900
2023-02-16 19:00:00-05:00,41.03,41.57,41.00,41.22,3295650
2023-02-20 19:00:00-05:00,41.19,41.22,40.73,41.00,1918050
2023-02-21 19:00:00-05:00,41.22,41.32,40.86,40.89,1274550
2023-02-22 19:00:00-05:00,40.95,41.22,40.44,40.68,1546050
2023-02-23 19:00:00-05:00,40.29,40.87,40.24,40.73,2446050
2023-02-26 19:00:00-05:00,40.75,41.07,40.52,40.70,1450950
2023-02-27 19:00:00-05:00,40.87,41.03,40.54,40.63,2501700
2023-02-28 19:00:00-05:00,40.42,41.32,40.40,41.29,2058000
2023-03-01 19:00:00-05:00,41.15,41.37,40.72,41.34,2394300
2023-03-02 19:00:00-05:00,41.23,41.57,40.86,41.46,2167500
2023-03-05 19:00:00-05:00,41.48,41.59,40.86,41.10,1508100
2023-03-06 19:00:00-05:00,41.12,41.18,40.33,40.54,1895700
2023-03-07 19:00:00-05:00,40.52,40.76,39.79,40.03,3041250
2023-03-08 19:00:00-05:00,40.14,40.14,39.09,39.29,2078400
2023-03-09 19:00:00-05:00,38.99,39.26,38.46,38.53,3050700
2023-03-12 20:00:00-04:00,37.81,37.90,36.88,37.03,2966550
2023-03-13 20:00:00-04:00,37.57,37.84,36.96,37.62,2232900
2023-03-14 20:00:00-04:00,37.17,37.55,36.58,37.08,5244300
2023-03-15 20:00:00-04:00,36.98,38.78,36.88,38.68,4798350
2023-03-16 20:00:00-04:00,38.48,38.48,37.48,37.51,7300650
2023-03-19 20:00:00-04:00,37.76,38.35,37.68,37.93,3524250
2023-03-20 20:00:00-04:00,38.58,38.93,38.36,38.43,2327850
2023-03-21 20:00:00-04:00,38.44,38.56,37.52,37.54,1976400
2023-03-22 20:00:00-04:00,37.51,37.54,36.73,36.87,1634550
2023-03-23 20:00:00-04:00,36.48,37.03,36.23,36.91,1621050
2023-03-26 20:00:00-04:00,37.44,37.85,37.21,37.61,1873200
2023-03-27 20:00:00-04:00,37.46,37.92,37.32,37.77,1668600
2023-03-28 20:00:00-04:00,38.12,38.21,37.78,38.11,1959000
2023-03-29 20:00:00-04:00,38.16,38.16,37.70,38.12,1265400
2023-03-30 20:00:00-04:00,38.45,38.45,38.08,38.28,3175050
2023-04-02 20:00:00-04:00,38.40,38.99,38.22,38.64,2485800
2023-04-03 20:00:00-04:00,38.74,38.76,37.84,38.37,1270800
2023-04-04 20:00:00-04:00,38.22,38.72,38.17,38.52,1618650
2023-04-05 20:00:00-04:00,38.71,39.24,38.48,38.80,1966650
2023-04-09 20:00:00-04:00,38.72,38.94,38.61,38.73,1717800
2023-04-10 20:00:00-04:00,38.74,38.97,38.61,38.80,1436400
2023-04-11 20:00:00-04:00,38.73,39.01,38.34,38.64,2392050
2023-04-12 20:00:00-04:00,38.30,38.67,37.97,38.53,2239950
2023-04-13 20:00:00-04:00,38.70,38.88,37.59,37.80,2180250
2023-04-16 20:00:00-04:00,37.81,38.43,37.59,38.43,1694250
2023-04-17 20:00:00-04:00,38.49,38.88,38.33,38.70,1817250
2023-04-18 20:00:00-04:00,38.83,38.88,38.49,38.63,2332650
2023-04-19 20:00:00-04:00,38.71,39.02,38.24,38.96,3935100
2023-04-20 20:00:00-04:00,36.40,36.43,34.46,35.37,12003300
2023-04-23 20:00:00-04:00,35.60,36.53,35.37,35.59,5800050
2023-04-24 20:00:00-04:00,35.41,36.19,35.30,35.43,3564150
2023-04-25 20:00:00-04:00,35.31,36.02,34.82,35.27,3564000
2023-04-26 20:00:00-04:00,35.00,35.67,34.97,35.54,3213000
2023-04-27 20:00:00-04:00,35.53,36.31,35.32,36.23,4200900
2023-04-30 20:00:00-04:00,36.20,36.77,35.99,36.72,3095250
2023-05-01 20:00:00-04:00,36.62,36.69,35.73,35.91,3196950
2023-05-02 20:00:00-04:00,35.91,36.09,35.65,35.72,3269100
2023-05-03 20:00:00-04:00,35.48,35.83,35.06,35.64,3543300
2023-05-04 20:00:00-04:00,36.02,36.45,35.97,36.06,1962000
2023-05-07 20:00:00-04:00,36.28,36.37,36.09,36.10,1579350
2023-05-08 20:00:00-04:00,36.02,36.50,35.95,36.25,2258100
2023-05-09 20:00:00-04:00,36.30,36.45,35.54,36.27,1725450
2023-05-10 20:00:00-04:00,36.12,36.26,35.97,36.20,1655250
2023-05-11 20:00:00-04:00,36.49,36.49,35.97,36.23,1745250
2023-05-14 20:00:00-04:00,36.36,36.41,35.94,36.29,1528800
2023-05-15 20:00:00-04:00,36.18,36.28,35.81,35.82,1655100
2023-05-16 20:00:00-04:00,35.90,35.93,35.28,35.31,3525300
2023-05-17 20:00:00-04:00,35.34,35.41,34.99,35.38,2527650
2023-05-18 20:00:00-04:00,35.65,35.87,35.30,35.45,5574600
2023-05-21 20:00:00-04:00,35.40,35.90,34.97,35.89,2777850
2023-05-22 20:00:00-04:00,35.93,36.12,35.48,35.51,2141250
2023-05-23 20:00:00-04:00,35.50,35.50,34.90,34.93,1802100
2023-05-24 20:00:00-04:00,34.55,34.84,34.23,34.49,3650250
2023-05-25 20:00:00-04:00,34.45,34.61,34.12,34.52,2786400
2023-05-29 20:00:00-04:00,34.67,34.99,34.35,34.94,2288250
2023-05-30 20:00:00-04:00,34.74,34.90,34.17,34.23,4051350
2023-05-31 20:00:00-04:00,34.25,35.00,34.12,34.99,2238750
2023-06-01 20:00:00-04:00,35.26,35.61,35.04,35.45,2442750
2023-06-04 20:00:00-04:00,35.50,35.64,34.97,35.30,1874400
2023-06-05 20:00:00-04:00,35.27,35.45,35.09,35.38,1267500
2023-06-06 20:00:00-04:00,35.35,35.61,34.92,35.48,1798200
2023-06-07 20:00:00-04:00,35.40,35.48,35.05,35.23,1459200
2023-06-08 20:00:00-04:00,35.17,35.53,35.16,35.16,1312050
2023-06-11 20:00:00-04:00,35.11,35.22,34.81,35.14,1335450
2023-06-12 20:00:00-04:00,35.10,35.69,35.02,35.14,2115150
2023-06-13 20:00:00-04:00,35.19,35.48,34.65,34.76,2551800
2023-06-14 20:00:00-04:00,35.43,36.05,35.21,35.91,2938800
2023-06-15 20:00:00-04:00,36.11,36.61,36.04,36.45,5677050
2023-06-19 20:00:00-04:00,36.26,36.27,35.80,35.94,1759500
2023-06-20 20:00:00-04:00,35.81,36.27,35.66,36.21,1632750
2023-06-21 20:00:00-04:00,36.25,36.33,35.62,35.95,1625400
2023-06-22 20:00:00-04:00,35.83,36.26,35.77,35.86,2182500
2023-06-25 20:00:00-04:00,35.96,36.18,35.64,36.13,1518450
2023-06-26 20:00:00-04:00,36.13,36.48,36.10,36.18,1275750
2023-06-27 20:00:00-04:00,36.02,36.15,35.37,35.80,2004750
2023-06-28 20:00:00-04:00,35.79,36.46,35.79,36.42,1294500
2023-06-29 20:00:00-04:00,36.56,36.90,36.31,36.69,1777200
2023-07-02 20:00:00-04:00,36.63,36.99,36.47,36.76,814800
2023-07-04 20:00:00-04:00,36.49,36.79,36.13,36.76,2001150
2023-07-05 20:00:00-04:00,36.62,36.94,36.50,36.69,1789050
2023-07-06 20:00:00-04:00,36.46,37.13,36.43,36.87,1882650
2023-07-09 20:00:00-04:00,36.74,37.26,36.62,36.65,1767150
2023-07-10 20:00:00-04:00,36.65,36.91,36.54,36.89,1635300
2023-07-11 20:00:00-04:00,37.13,37.21,36.62,36.73,1766850
2023-07-12 20:00:00-04:00,36.38,36.58,36.28,36.32,1838550
2023-07-13 20:00:00-04:00,36.28,36.37,35.60,36.30,2088300
2023-07-16 20:00:00-04:00,36.42,37.49,36.41,37.29,2012850
2023-07-17 20:00:00-04:00,37.17,37.47,37.06,37.31,1449450
2023-07-18 20:00:00-04:00,37.39,37.67,37.29,37.35,1280550
2023-07-19 20:00:00-04:00,37.59,38.01,37.43,37.97,3510150
2023-07-20 20:00:00-04:00,39.74,39.74,37.35,37.93,3812250
2023-07-23 20:00:00-04:00,37.91,38.12,37.55,37.77,2470050
2023-07-24 20:00:00-04:00,37.94,37.94,37.33,37.42,1907700
2023-07-25 20:00:00-04:00,37.59,38.19,37.59,38.05,1896150
2023-07-26 20:00:00-04:00,38.15,38.62,37.91,38.50,2766600
2023-07-27 20:00:00-04:00,38.78,38.78,38.06,38.43,2502450
2023-07-30 20:00:00-04:00,38.43,38.65,37.83,38.00,3005550
2023-07-31 20:00:00-04:00,38.00,38.27,37.77,38.00,931200
2023-08-01 20:00:00-04:00,38.02,38.77,38.01,38.59,1506450
2023-08-02 20:00:00-04:00,38.60,38.73,38.15,38.40,1483350
2023-08-03 20:00:00-04:00,38.23,38.50,38.08,38.13,1588500
2023-08-06 20:00:00-04:00,38.33,39.01,38.33,38.81,972600
2023-08-07 20:00:00-04:00,38.57,38.73,38.41,38.61,1675500
2023-08-08 20:00:00-04:00,38.58,38.91,38.40,38.66,1182750
2023-08-09 20:00:00-04:00,38.81,39.33,38.81,39.01,2364450
2023-08-10 20:00:00-04:00,38.97,39.43,38.91,39.39,1419000
2023-08-13 20:00:00-04:00,39.52,39.52,39.18,39.30,1299300
2023-08-14 20:00:00-04:00,38.99,39.18,38.60,38.65,943950
2023-08-15 20:00:00-04:00,38.72,39.06,38.55,38.57,1205250
2023-08-16 20:00:00-04:00,38.81,38.81,38.06,38.09,1031700
2023-08-17 20:00:00-04:00,38.00,38.33,37.95,38.16,1229850
2023-08-20 20:00:00-04:00,38.20,38.26,37.69,37.76,1403550
2023-08-21 20:00:00-04:00,37.68,37.85,37.36,37.40,1039800
2023-08-22 20:00:00-04:00,37.35,37.72,37.19,37.56,1483050
2023-08-23 20:00:00-04:00,37.49,38.05,37.42,37.46,1068750
2023-08-24 20:00:00-04:00,37.52,37.85,37.35,37.53,892200
2023-08-27 20:00:00-04:00,37.36,37.90,37.36,37.75,1137150
2023-08-28 20:00:00-04:00,37.90,38.08,37.37,38.04,1312350
2023-08-29 20:00:00-04:00,38.04,38.25,37.87,37.98,1561500
2023-08-30 20:00:00-04:00,38.15,38.20,37.82,38.11,2068800
2023-08-31 20:00:00-04:00,38.38,38.57,38.29,38.46,828450
2023-09-04 20:00:00-04:00,38.45,38.68,38.02,38.04,1080900
2023-09-05 20:00:00-04:00,37.91,38.08,37.69,37.90,991050
2023-09-06 20:00:00-04:00,38.04,38.19,37.75,38.06,1963650
2023-09-07 20:00:00-04:00,38.14,38.48,37.96,38.15,1142700
2023-09-10 20:00:00-04:00,38.24,38.49,38.17,38.33,1176750
2023-09-11 20:00:00-04:00,38.42,39.10,38.39,38.97,1023450
2023-09-12 20:00:00-04:00,39.11,39.11,38.68,38.91,1556400
2023-09-13 20:00:00-04:00,39.18,39.80,39.07,39.79,2255700
2023-09-14 20:00:00-04:00,39.61,39.76,39.38,39.50,2956800
2023-09-17 20:00:00-04:00,39.64,40.10,39.47,40.05,1262700
2023-09-18 20:00:00-04:00,40.22,40.41,39.99,40.30,1569150
2023-09-19 20:00:00-04:00,40.59,40.60,40.21,40.44,1907400
2023-09-20 20:00:00-04:00,40.38,40.43,40.11,40.12,1624350
2023-09-21 20:00:00-04:00,40.11,40.54,40.09,40.36,1200750
2023-09-24 20:00:00-04:00,40.18,40.38,40.06,40.36,1428300
2023-09-25 20:00:00-04:00,40.24,40.42,40.01,40.06,1232100
2023-09-26 20:00:00-04:00,40.11,40.30,39.52,40.01,2279400
2023-09-27 20:00:00-04:00,40.11,40.72,40.10,40.46,1795050
2023-09-28 20:00:00-04:00,40.49,40.49,39.38,39.48,1632750
2023-10-01 20:00:00-04:00,39.31,39.39,38.76,39.13,1766850
2023-10-02 20:00:00-04:00,39.06,39.12,38.59,38.83,1705650
2023-10-03 20:00:00-04:00,38.88,39.57,38.88,39.45,1633050
2023-10-04 20:00:00-04:00,39.53,40.13,39.53,39.94,1288050
2023-10-05 20:00:00-04:00,39.96,40.13,39.69,39.74,1631850
2023-10-08 20:00:00-04:00,39.60,39.93,39.45,39.66,1146750
2023-10-09 20:00:00-04:00,39.77,39.80,39.15,39.29,1679550
2023-10-10 20:00:00-04:00,39.29,40.01,39.26,39.88,2291400
2023-10-11 20:00:00-04:00,40.05,40.15,39.24,39.45,1649850
2023-10-12 20:00:00-04:00,39.75,39.93,39.46,39.70,1073700
2023-10-15 20:00:00-04:00,39.87,40.48,39.80,40.42,1440600
2023-10-16 20:00:00-04:00,40.46,41.12,40.33,41.10,1428000
2023-10-17 20:00:00-04:00,41.10,41.26,40.55,40.57,1399500
2023-10-18 20:00:00-04:00,40.51,40.71,39.88,39.95,1094850
2023-10-19 20:00:00-04:00,40.00,40.10,39.28,39.35,1869150
2023-10-22 20:00:00-04:00,39.38,39.52,39.01,39.11,1783650
2023-10-23 20:00:00-04:00,41.64,42.48,40.95,41.51,5529900
2023-10-24 20:00:00-04:00,41.91,42.27,41.47,41.70,3079350
2023-10-25 20:00:00-04:00,41.76,42.18,41.44,41.69,2274300
2023-10-26 20:00:00-04:00,41.44,41.56,40.29,40.62,2492250
2023-10-29 20:00:00-04:00,40.77,41.61,40.65,41.48,2253450
2023-10-30 20:00:00-04:00,41.48,42.09,41.26,41.92,4236000
2023-10-31 20:00:00-04:00,42.25,42.46,41.91,42.24,1988400
2023-11-01 20:00:00-04:00,42.33,42.38,41.66,42.17,1849500
2023-11-02 20:00:00-04:00,42.40,42.54,41.90,42.21,1583700
2023-11-05 19:00:00-05:00,42.20,42.65,42.17,42.40,1353600
2023-11-06 19:00:00-05:00,42.42,42.63,42.22,42.47,1203150
2023-11-07 19:00:00-05:00,42.52,42.55,41.92,42.22,1095000
2023-11-08 19:00:00-05:00,42.30,42.37,41.86,41.92,871950
2023-11-09 19:00:00-05:00,41.97,42.43,41.91,42.38,917100
2023-11-12 19:00:00-05:00,42.48,42.87,42.35,42.77,1348200
2023-11-13 19:00:00-05:00,42.60,42.78,42.25,42.58,1763700
2023-11-14 19:00:00-05:00,42.58,43.11,42.39,42.62,2537250
2023-11-15 19:00:00-05:00,42.92,43.40,42.82,43.38,1679250
2023-11-16 19:00:00-05:00,43.44,43.82,43.30,43.66,1661400
2023-11-19 19:00:00-05:00,43.47,43.70,43.28,43.31,1225650
2023-11-20 19:00:00-05:00,43.50,44.35,43.50,44.24,1825350
2023-11-21 19:00:00-05:00,44.11,44.58,44.09,44.19,1422450
2023-11-23 19:00:00-05:00,44.08,44.90,44.08,44.67,715200
2023-11-26 19:00:00-05:00,44.60,44.77,44.40,44.65,1398900
2023-11-27 19:00:00-05:00,44.63,44.83,44.24,44.24,1338150
2023-11-28 19:00:00-05:00,44.13,44.17,43.71,43.88,1328100
2023-11-29 19:00:00-05:00,43.91,45.24,43.91,45.11,9089100
2023-11-30 19:00:00-05:00,44.95,45.75,44.95,45.56,2577000
2023-12-03 19:00:00-05:00,45.45,46.11,45.43,45.80,2305200
2023-12-04 19:00:00-05:00,45.71,45.83,45.43,45.52,1336800
2023-12-05 19:00:00-05:00,45.50,45.88,44.70,44.82,1911750
2023-12-06 19:00:00-05:00,44.93,45.00,44.00,44.09,1900950
2023-12-07 19:00:00-05:00,44.09,44.42,43.91,44.35,1313700
2023-12-10 19:00:00-05:00,44.72,45.18,44.54,45.18,1763100
2023-12-11 19:00:00-05:00,45.32,45.87,45.19,45.57,1573800
2023-12-12 19:00:00-05:00,45.45,45.64,45.13,45.26,2282100
2023-12-13 19:00:00-05:00,45.33,45.33,43.59,44.26,3201900
2023-12-14 19:00:00-05:00,43.91,44.22,43.58,44.04,5343900
2023-12-17 19:00:00-05:00,44.29,44.63,43.85,44.36,1955550
2023-12-18 19:00:00-05:00,44.03,44.41,43.94,44.00,1882200
2023-12-19 19:00:00-05:00,43.86,44.07,43.46,43.47,2692800
2023-12-20 19:00:00-05:00,43.30,43.77,43.04,43.75,2353950
2023-12-21 19:00:00-05:00,43.90,44.15,43.83,44.04,1435350
2023-12-25 19:00:00-05:00,43.92,44.11,43.83,43.97,661050
2023-12-26 19:00:00-05:00,43.81,44.06,43.73,43.94,1018650
2023-12-27 19:00:00-05:00,43.97,44.29,43.97,44.17,955800
2023-12-28 19:00:00-05:00,44.24,44.44,43.97,44.36,1179000
2024-01-01 19:00:00-05:00,44.39,45.26,44.39,45.25,1578300
2024-01-02 19:00:00-05:00,45.34,45.99,45.34,45.51,1651650
2024-01-03 19:00:00-05:00,45.80,46.29,45.80,45.89,1849050
2024-01-04 19:00:00-05:00,46.21,46.73,45.96,46.64,1844550
2024-01-07 19:00:00-05:00,46.41,46.52,45.15,45.54,1820700
2024-01-08 19:00:00-05:00,45.48,45.56,44.77,45.30,1810500
2024-01-09 19:00:00-05:00,45.20,45.45,45.09,45.16,1497000
2024-01-10 19:00:00-05:00,45.17,45.78,45.12,45.71,1269750
2024-01-11 19:00:00-05:00,45.92,46.04,45.59,45.67,1605600
2024-01-15 19:00:00-05:00,45.86,46.11,45.61,45.97,1426950
2024-01-16 19:00:00-05:00,46.02,46.76,46.01,46.24,1255350
2024-01-17 19:00:00-05:00,46.02,46.69,45.80,46.65,908700
2024-01-18 19:00:00-05:00,47.04,47.37,46.78,47.24,2227050
2024-01-21 19:00:00-05:00,47.20,48.43,47.13,48.34,2706000
2024-01-22 19:00:00-05:00,48.34,48.73,47.99,48.16,2017050
2024-01-23 19:00:00-05:00,48.88,49.09,48.60,48.73,2854050
2024-01-24 19:00:00-05:00,52.33,53.32,50.87,52.23,4434600
2024-01-25 19:00:00-05:00,52.14,52.28,51.04,51.10,2664900
2024-01-28 19:00:00-05:00,50.76,50.94,50.38,50.92,2263200
2024-01-29 19:00:00-05:00,51.07,51.51,50.97,51.20,1390050
2024-01-30 19:00:00-05:00,51.36,51.72,51.21,51.36,3056700
2024-01-31 19:00:00-05:00,50.93,50.99,50.04,50.35,2392800
2024-02-01 19:00:00-05:00,50.64,51.10,50.43,50.72,1678200
2024-02-04 19:00:00-05:00,50.80,51.25,50.53,51.04,1050750
2024-02-05 19:00:00-05:00,50.77,51.00,50.41,50.48,1221150
2024-02-06 19:00:00-05:00,50.68,50.71,50.29,50.39,1406100
2024-02-07 19:00:00-05:00,50.23,50.38,49.82,50.10,1707000
2024-02-08 19:00:00-05:00,49.82,50.50,49.74,50.48,1372200
2024-02-11 19:00:00-05:00,50.60,51.04,50.40,50.62,1006500
2024-02-12 19:00:00-05:00,51.15,51.22,50.33,50.77,1791000
2024-02-13 19:00:00-05:00,50.88,51.66,50.88,51.38,1580400
2024-02-14 19:00:00-05:00,51.41,52.01,51.36,51.60,1490850
2024-02-15 19:00:00-05:00,51.73,52.18,51.52,51.81,1312350
2024-02-19 19:00:00-05:00,51.64,52.08,51.41,51.42,1453050
2024-02-20 19:00:00-05:00,51.62,52.40,51.46,52.36,1876200
2024-02-21 19:00:00-05:00,52.53,53.91,52.41,53.76,2663550
2024-02-22 19:00:00-05:00,53.94,54.15,53.40,53.51,1658400
2024-02-25 19:00:00-05:00,53.75,54.05,53.27,53.42,1996200
2024-02-26 19:00:00-05:00,53.42,53.46,52.94,53.24,1077900
2024-02-27 19:00:00-05:00,53.31,53.51,53.00,53.04,1303650
2024-02-28 19:00:00-05:00,53.00,53.07,51.81,52.43,2872200
2024-02-29 19:00:00-05:00,52.60,52.60,51.93,51.93,1359750
2024-03-03 19:00:00-05:00,51.98,52.64,51.98,52.51,1552800
2024-03-04 19:00:00-05:00,52.43,53.07,52.43,52.79,1591200
2024-03-05 19:00:00-05:00,52.84,53.36,52.45,53.22,1371000
2024-03-06 19:00:00-05:00,53.07,53.42,52.85,52.87,1301550
2024-03-07 19:00:00-05:00,52.79,53.19,52.62,53.01,1266600
2024-03-10 20:00:00-04:00,52.87,53.74,52.87,53.34,1191750
2024-03-11 20:00:00-04:00,53.48,53.98,53.28,53.78,1883850
2024-03-12 20:00:00-04:00,53.94,54.01,53.44,53.69,1918800
2024-03-13 20:00:00-04:00,53.64,53.75,52.94,53.53,1716000
2024-03-14 20:00:00-04:00,53.02,53.74,52.85,53.70,3788250
2024-03-17 20:00:00-04:00,53.38,53.64,53.21,53.38,1366200
2024-03-18 20:00:00-04:00,53.81,54.21,53.56,54.01,1694550
2024-03-19 20:00:00-04:00,53.96,54.45,53.89,54.24,1393950
2024-03-20 20:00:00-04:00,54.10,54.45,53.61,53.90,1347450
2024-03-21 20:00:00-04:00,54.49,54.63,54.07,54.15,1855350
2024-03-24 20:00:00-04:00,54.24,54.61,54.07,54.46,1380450
2024-03-25 20:00:00-04:00,54.27,54.76,54.14,54.35,1833300
2024-03-26 20:00:00-04:00,54.51,55.40,54.51,55.37,1564500
2024-03-27 20:00:00-04:00,55.65,56.01,55.45,55.54,2471550
2024-03-31 20:00:00-04:00,55.45,55.50,54.86,54.95,1722750
2024-04-01 20:00:00-04:00,54.97,55.37,54.69,54.80,1836750
2024-04-02 20:00:00-04:00,54.90,55.02,54.51,54.66,1753050
2024-04-03 20:00:00-04:00,54.80,55.44,54.33,54.39,1251000
2024-04-04 20:00:00-04:00,54.70,55.03,54.59,54.80,1745250
2024-04-07 20:00:00-04:00,54.78,55.09,54.41,54.54,1676550
2024-04-08 20:00:00-04:00,54.56,54.86,52.23,52.59,2339550
2024-04-09 20:00:00-04:00,52.45,53.11,52.45,52.71,1708500
2024-04-10 20:00:00-04:00,52.77,52.77,51.58,51.62,1783200
2024-04-11 20:00:00-04:00,51.64,51.93,51.23,51.59,1563600
2024-04-14 20:00:00-04:00,52.30,52.43,51.42,51.50,1702800
2024-04-15 20:00:00-04:00,51.76,51.91,51.36,51.57,1576050
2024-04-16 20:00:00-04:00,51.48,51.48,50.47,50.69,2505750
2024-04-17 20:00:00-04:00,51.14,51.34,50.62,50.86,1655400
2024-04-18 20:00:00-04:00,51.21,51.77,50.88,51.75,2927250
2024-04-21 20:00:00-04:00,52.06,52.65,51.81,52.40,2266050
2024-04-22 20:00:00-04:00,52.44,52.60,49.01,49.66,6044850
2024-04-23 20:00:00-04:00,48.80,49.39,48.27,48.89,4296000
2024-04-24 20:00:00-04:00,48.75,49.30,48.74,48.93,2803200
2024-04-25 20:00:00-04:00,48.29,48.75,47.79,48.14,2152950
2024-04-28 20:00:00-04:00,48.18,48.62,48.16,48.60,1588800
2024-04-29 20:00:00-04:00,48.68,48.68,48.26,48.34,2431650
2024-04-30 20:00:00-04:00,48.35,49.36,48.28,48.85,1841700
2024-05-01 20:00:00-04:00,49.16,49.71,48.80,49.62,2038500
2024-05-02 20:00:00-04:00,49.29,49.60,48.63,49.34,1889850
2024-05-05 20:00:00-04:00,49.60,49.60,48.99,49.43,1519950
2024-05-06 20:00:00-04:00,49.68,49.75,49.25,49.33,1511850
2024-05-07 20:00:00-04:00,49.41,49.77,49.30,49.34,1274250
2024-05-08 20:00:00-04:00,49.18,49.54,49.17,49.48,960450
2024-05-09 20:00:00-04:00,49.58,50.10,49.49,50.08,1133850
2024-05-12 20:00:00-04:00,50.02,50.12,49.26,49.37,1227300
2024-05-13 20:00:00-04:00,49.27,49.61,49.24,49.51,1237800
2024-05-14 20:00:00-04:00,49.19,49.63,49.11,49.22,1918200
2024-05-15 20:00:00-04:00,50.11,50.22,49.28,49.36,1437000
2024-05-16 20:00:00-04:00,49.50,49.83,49.21,49.81,1193400
2024-05-19 20:00:00-04:00,49.91,49.98,49.28,49.41,1038150
2024-05-20 20:00:00-04:00,49.45,50.37,49.45,49.76,1611900
2024-05-21 20:00:00-04:00,49.74,50.51,49.74,50.30,1418550
2024-05-22 20:00:00-04:00,50.15,50.37,49.31,49.52,1192800
2024-05-23 20:00:00-04:00,49.68,49.82,49.29,49.80,897450
2024-05-27 20:00:00-04:00,49.62,49.88,49.32,49.34,1257000
2024-05-28 20:00:00-04:00,49.19,49.55,48.92,48.95,1939050
2024-05-29 20:00:00-04:00,48.86,50.09,48.86,49.93,1670550
2024-05-30 20:00:00-04:00,50.03,50.98,49.75,50.89,2531250
2024-06-02 20:00:00-04:00,50.82,50.89,49.97,50.29,1370100
2024-06-03 20:00:00-04:00,50.14,50.68,49.91,50.46,2286000
2024-06-04 20:00:00-04:00,50.58,50.63,49.63,50.14,1056750
2024-06-05 20:00:00-04:00,50.32,50.47,49.90,50.00,877500
2024-06-06 20:00:00-04:00,50.22,50.74,50.08,50.37,924000
2024-06-09 20:00:00-04:00,50.24,50.43,49.82,50.10,745050
2024-06-10 20:00:00-04:00,49.92,49.95,49.22,49.28,1288350
2024-06-11 20:00:00-04:00,49.10,49.46,48.75,49.09,1913250
2024-06-12 20:00:00-04:00,48.23,49.29,48.21,49.16,2138250
2024-06-13 20:00:00-04:00,48.85,49.18,48.65,49.08,1601850
2024-06-16 20:00:00-04:00,49.19,50.37,49.19,50.07,1818150
2024-06-17 20:00:00-04:00,49.97,50.59,49.92,50.35,1360200
2024-06-19 20:00:00-04:00,50.51,51.22,50.32,50.89,1550250
2024-06-20 20:00:00-04:00,51.01,51.15,50.32,50.55,2805000
2024-06-23 20:00:00-04:00,50.89,51.42,50.63,51.16,1664550
2024-06-24 20:00:00-04:00,51.20,51.47,50.79,51.21,1419900
2024-06-25 20:00:00-04:00,50.90,50.90,49.82,50.20,1220700
2024-06-26 20:00:00-04:00,50.25,50.63,50.06,50.24,1322400
2024-06-27 20:00:00-04:00,50.13,50.49,49.52,49.73,3511650
2024-06-30 20:00:00-04:00,50.31,50.71,49.71,50.01,1329150
2024-07-01 20:00:00-04:00,49.73,50.40,49.73,50.13,1694700
2024-07-02 20:00:00-04:00,49.76,50.22,49.58,50.11,842850
2024-07-04 20:00:00-04:00,49.85,50.06,49.49,49.77,2002200
2024-07-07 20:00:00-04:00,50.19,50.63,50.13,50.39,1198200
2024-07-08 20:00:00-04:00,50.24,50.56,49.82,49.84,1018650
2024-07-09 20:00:00-04:00,50.02,50.44,49.96,50.40,1219350
2024-07-10 20:00:00-04:00,49.96,50.32,49.21,49.64,1927900
2024-07-11 20:00:00-04:00,50.12,50.86,49.64,50.74,1721000
2024-07-14 20:00:00-04:00,50.87,51.57,50.87,51.28,1294900
2024-07-15 20:00:00-04:00,51.40,52.09,51.40,51.67,1614600
2024-07-16 20:00:00-04:00,52.07,53.02,52.01,52.96,1561400
2024-07-17 20:00:00-04:00,52.99,53.79,52.99,53.36,1158100
2024-07-18 20:00:00-04:00,52.74,52.93,48.81,48.93,4404800
2024-07-21 20:00:00-04:00,49.15,50.01,48.90,49.20,4162700
2024-07-22 20:00:00-04:00,50.79,51.22,49.25,49.57,4001100
2024-07-23 20:00:00-04:00,49.73,50.28,49.46,49.64,2155300
2024-07-24 20:00:00-04:00,49.63,50.53,49.56,49.81,1552900
2024-07-25 20:00:00-04:00,49.97,51.42,49.97,51.33,1384700
2024-07-28 20:00:00-04:00,51.44,51.71,50.91,51.22,993000
2024-07-29 20:00:00-04:00,51.46,52.84,51.06,52.65,1457700
2024-07-30 20:00:00-04:00,52.54,52.77,52.00,52.34,2589400
2024-07-31 20:00:00-04:00,52.58,52.86,51.17,52.00,1371800
2024-08-01 20:00:00-04:00,51.93,52.51,51.23,52.39,1392100
2024-08-04 20:00:00-04:00,52.84,52.97,50.93,51.96,2131400
2024-08-05 20:00:00-04:00,52.10,52.85,52.02,52.31,2059800
2024-08-06 20:00:00-04:00,52.58,53.68,52.33,53.14,2723700
2024-08-07 20:00:00-04:00,53.16,54.07,53.05,53.84,1585100
2024-08-08 20:00:00-04:00,54.00,54.28,53.63,54.24,1322400
2024-08-11 20:00:00-04:00,54.44,54.65,54.12,54.27,1752900
2024-08-12 20:00:00-04:00,54.27,54.46,53.37,53.66,1646400
2024-08-13 20:00:00-04:00,53.91,54.56,53.68,54.41,1221100
2024-08-14 20:00:00-04:00,54.70,55.15,54.50,54.66,1391300
2024-08-15 20:00:00-04:00,54.86,54.99,54.19,54.64,1311700
2024-08-18 20:00:00-04:00,54.55,54.97,54.41,54.49,735600
2024-08-19 20:00:00-04:00,54.39,54.69,54.23,54.45,886400
2024-08-20 20:00:00-04:00,54.64,54.79,53.97,54.70,887700
2024-08-21 20:00:00-04:00,54.69,55.09,54.59,55.04,632900
2024-08-22 20:00:00-04:00,55.05,55.39,54.89,55.27,919600
2024-08-25 20:00:00-04:00,55.41,55.88,55.31,55.35,771500
2024-08-26 20:00:00-04:00,55.51,55.82,55.27,55.74,965300
2024-08-27 20:00:00-04:00,55.80,56.12,55.42,55.76,1298800
2024-08-28 20:00:00-04:00,55.87,56.38,55.35,56.32,859500
2024-08-29 20:00:00-04:00,56.19,56.72,56.11,56.68,1935900
2024-09-02 20:00:00-04:00,56.53,57.78,56.15,57.46,1379900
2024-09-03 20:00:00-04:00,57.53,58.18,57.11,57.51,1436800
2024-09-04 20:00:00-04:00,57.68,57.68,55.68,56.03,2041200
2024-09-05 20:00:00-04:00,56.03,56.55,55.71,55.72,1362800
2024-09-08 20:00:00-04:00,56.08,56.80,55.68,56.37,1734100
2024-09-09 20:00:00-04:00,56.52,56.68,55.48,55.53,1350900
2024-09-10 20:00:00-04:00,55.41,55.50,53.85,54.22,1615400
2024-09-11 20:00:00-04:00,54.30,54.93,54.08,54.85,1213300
2024-09-12 20:00:00-04:00,54.92,55.43,54.92,55.39,1015300
2024-09-15 20:00:00-04:00,55.73,56.37,55.51,55.77,1421300
2024-09-16 20:00:00-04:00,55.78,56.15,55.07,55.19,3442700
2024-09-17 20:00:00-04:00,55.42,55.53,54.82,54.88,1807500
2024-09-18 20:00:00-04:00,54.98,55.08,54.29,54.61,1492600
2024-09-19 20:00:00-04:00,54.26,54.83,54.12,54.54,5837100
2024-09-22 20:00:00-04:00,54.77,55.18,54.51,54.85,1573000
2024-09-23 20:00:00-04:00,54.42,54.69,53.91,54.09,1398900
2024-09-24 20:00:00-04:00,54.37,54.41,53.64,53.84,1735600
2024-09-25 20:00:00-04:00,53.68,54.28,53.37,54.15,1569400
2024-09-26 20:00:00-04:00,53.95,54.39,53.81,53.96,1274600
2024-09-29 20:00:00-04:00,54.02,54.20,53.28,54.17,2287900
2024-09-30 20:00:00-04:00,53.99,54.78,53.60,54.67,2586400
2024-10-01 20:00:00-04:00,54.57,55.10,54.32,55.03,2643200
2024-10-02 20:00:00-04:00,55.04,55.15,54.16,54.58,1766000
2024-10-03 20:00:00-04:00,54.70,56.08,54.56,55.87,1434400
2024-10-06 20:00:00-04:00,55.33,55.53,53.48,53.93,2528600
2024-10-07 20:00:00-04:00,54.16,55.12,53.75,54.87,2107100
2024-10-08 20:00:00-04:00,54.65,55.67,54.65,55.37,1442600
2024-10-09 20:00:00-04:00,56.34,56.45,55.19,55.48,1469000
2024-10-10 20:00:00-04:00,55.83,56.29,55.64,55.93,1040500
2024-10-13 20:00:00-04:00,55.71,56.76,55.46,56.58,1629500
2024-10-14 20:00:00-04:00,56.62,57.27,56.14,56.26,1827100
2024-10-15 20:00:00-04:00,56.35,56.86,56.17,56.60,1574200
2024-10-16 20:00:00-04:00,57.73,58.52,57.52,58.28,2536800
2024-10-17 20:00:00-04:00,58.46,58.82,57.98,58.49,7725000
2024-10-20 20:00:00-04:00,58.72,59.16,58.26,58.27,3249600
2024-10-21 20:00:00-04:00,57.77,57.77,55.33,55.89,3651000
2024-10-22 20:00:00-04:00,55.87,56.50,55.23,56.46,2206400
2024-10-23 20:00:00-04:00,56.60,57.33,56.51,56.63,1822100
2024-10-24 20:00:00-04:00,56.52,56.68,55.31,55.53,1826200
2024-10-27 20:00:00-04:00,55.93,56.34,55.61,55.77,1430300
2024-10-28 20:00:00-04:00,55.72,56.08,54.96,55.02,1703300
2024-10-29 20:00:00-04:00,55.41,55.67,55.21,55.40,1165000
2024-10-30 20:00:00-04:00,55.12,55.36,54.57,54.59,2347100
2024-10-31 20:00:00-04:00,54.79,55.28,54.55,54.90,1317200
2024-11-03 19:00:00-05:00,54.96,55.26,54.66,54.93,1351300
2024-11-04 19:00:00-05:00,54.95,55.60,54.89,55.58,994300
2024-11-05 19:00:00-05:00,58.39,58.39,56.89,57.93,1659400
2024-11-06 19:00:00-05:00,57.84,57.84,56.83,56.93,1186100
2024-11-07 19:00:00-05:00,57.41,58.11,56.78,57.82,940200
2024-11-10 19:00:00-05:00,58.10,58.57,57.65,57.69,1437200
2024-11-11 19:00:00-05:00,57.93,58.02,57.37,57.67,1056000
2024-11-12 19:00:00-05:00,57.50,57.82,57.32,57.52,1295300
2024-11-13 19:00:00-05:00,57.34,57.62,56.74,56.96,1763300
2024-11-14 19:00:00-05:00,56.92,58.09,56.92,58.00,2074000
2024-11-17 19:00:00-05:00,57.73,58.28,57.70,58.08,1330300
2024-11-18 19:00:00-05:00,57.62,57.77,56.85,57.47,829800
2024-11-19 19:00:00-05:00,57.79,58.38,57.26,58.19,941400
2024-11-20 19:00:00-05:00,58.47,59.45,58.15,59.33,1830000
2024-11-21 19:00:00-05:00,59.25,59.72,59.25,59.46,1033500
2024-11-24 19:00:00-05:00,60.39,60.59,59.84,60.20,1616600
2024-11-25 19:00:00-05:00,60.34,61.55,60.12,61.42,1150000
2024-11-26 19:00:00-05:00,61.62,62.53,61.42,62.01,1158100
2024-11-28 19:00:00-05:00,62.19,62.43,61.60,61.63,853400
2024-12-01 19:00:00-05:00,61.74,61.84,60.70,60.78,1065500
2024-12-02 19:00:00-05:00,60.97,60.99,60.20,60.65,1081000
2024-12-03 19:00:00-05:00,60.48,60.97,60.15,60.79,795100
2024-12-04 19:00:00-05:00,60.81,61.38,60.51,60.74,791500
2024-12-05 19:00:00-05:00,60.58,61.03,59.88,60.11,1467200
2024-12-08 19:00:00-05:00,60.21,60.33,59.16,59.24,1211700
2024-12-09 19:00:00-05:00,59.17,59.17,57.65,58.52,1215700
2024-12-10 19:00:00-05:00,58.47,58.61,57.70,58.12,2196300
2024-12-11 19:00:00-05:00,58.44,58.78,57.71,57.75,1208400
2024-12-12 19:00:00-05:00,58.09,58.33,57.89,58.02,1372500
2024-12-15 19:00:00-05:00,58.06,58.17,57.52,57.56,1305800
2024-12-16 19:00:00-05:00,57.19,57.50,56.65,56.73,1446100
2024-12-17 19:00:00-05:00,56.66,57.19,55.77,55.79,1754200
2024-12-18 19:00:00-05:00,55.89,56.47,55.70,55.94,1598600
2024-12-19 19:00:00-05:00,55.76,57.02,54.83,56.46,4520900
2024-12-22 19:00:00-05:00,56.06,56.44,55.72,56.31,2017900
2024-12-23 19:00:00-05:00,56.21,56.65,56.15,56.60,544200
2024-12-25 19:00:00-05:00,56.56,57.18,56.45,57.09,808700
2024-12-26 19:00:00-05:00,56.66,57.28,56.55,56.85,824500
2024-12-29 19:00:00-05:00,56.40,56.70,55.93,56.42,794700
2024-12-30 19:00:00-05:00,56.67,56.67,56.11,56.42,831200
2025-01-01 19:00:00-05:00,56.84,56.84,55.79,55.92,1384900
2025-01-02 19:00:00-05:00,56.01,56.01,55.37,55.85,1616000
2025-01-05 19:00:00-05:00,55.77,56.08,55.00,55.16,1958200
2025-01-06 19:00:00-05:00,55.22,56.09,55.10,55.43,1437900
2025-01-07 19:00:00-05:00,55.42,56.08,54.99,56.00,1225000
2025-01-09 19:00:00-05:00,55.05,55.40,53.96,54.66,2092700
2025-01-12 19:00:00-05:00,54.50,55.45,54.50,55.24,1835300
2025-01-13 19:00:00-05:00,55.16,56.51,54.95,56.48,1368000
2025-01-14 19:00:00-05:00,57.13,57.82,57.03,57.78,1801600
2025-01-15 19:00:00-05:00,57.76,58.36,57.59,58.20,1961300
2025-01-16 19:00:00-05:00,58.33,58.36,57.35,57.36,7137100
2025-01-20 19:00:00-05:00,57.48,57.84,56.95,57.06,2305700
2025-01-21 19:00:00-05:00,57.40,57.61,56.82,56.93,2248900
2025-01-22 19:00:00-05:00,56.37,56.68,54.83,54.88,2637100
2025-01-23 19:00:00-05:00,54.83,55.48,54.82,55.45,2186100
2025-01-26 19:00:00-05:00,56.13,57.36,55.67,57.07,2618300
2025-01-27 19:00:00-05:00,58.54,58.91,56.84,57.21,2974700
2025-01-28 19:00:00-05:00,56.91,57.13,56.18,56.56,2155800
2025-01-29 19:00:00-05:00,56.72,57.39,56.56,57.16,1756900
2025-01-30 19:00:00-05:00,56.91,57.33,56.20,56.71,2496900
2025-02-02 19:00:00-05:00,56.46,57.78,55.98,57.38,1990500
2025-02-03 19:00:00-05:00,57.58,58.23,57.46,58.12,1712400
2025-02-04 19:00:00-05:00,58.54,58.70,57.99,58.66,1330800
2025-02-05 19:00:00-05:00,59.15,59.41,58.81,59.27,1462200
2025-02-06 19:00:00-05:00,59.21,59.34,58.81,59.30,1343300
2025-02-09 19:00:00-05:00,59.12,59.27,58.35,58.63,1455800
2025-02-10 19:00:00-05:00,58.76,59.21,58.27,59.00,1406900
2025-02-11 19:00:00-05:00,58.60,58.94,58.31,58.56,1454000
2025-02-12 19:00:00-05:00,58.58,59.39,58.51,59.28,1201800
2025-02-13 19:00:00-05:00,59.12,59.33,58.14,58.18,1432700
2025-02-17 19:00:00-05:00,58.32,58.51,58.00,58.33,1224500
2025-02-18 19:00:00-05:00,58.23,58.85,58.15,58.61,1235700
2025-02-19 19:00:00-05:00,58.21,58.39,57.41,58.23,1116100
2025-02-20 19:00:00-05:00,58.13,58.95,58.04,58.78,1639800
2025-02-23 19:00:00-05:00,58.92,60.42,58.92,60.07,2573800
2025-02-24 19:00:00-05:00,60.52,60.73,59.97,60.56,1527600
2025-02-25 19:00:00-05:00,60.31,60.56,59.09,59.18,2213800
2025-02-26 19:00:00-05:00,59.39,60.44,59.26,59.89,1549900
2025-02-27 19:00:00-05:00,60.38,60.91,59.83,60.81,1680000
2025-03-02 19:00:00-05:00,60.84,61.66,60.83,61.52,1404900
2025-03-03 19:00:00-05:00,61.57,61.76,59.99,60.07,1273300
2025-03-04 19:00:00-05:00,60.00,60.74,59.93,60.36,1139400
2025-03-05 19:00:00-05:00,60.12,60.17,59.49,60.01,1204100
2025-03-06 19:00:00-05:00,59.80,60.82,59.61,60.39,1387100
2025-03-09 20:00:00-04:00,60.09,61.73,60.09,60.77,1407200
2025-03-10 20:00:00-04:00,60.82,60.97,59.76,59.81,2386300
2025-03-11 20:00:00-04:00,59.61,59.79,58.57,59.41,1368200
2025-03-12 20:00:00-04:00,59.63,60.52,59.42,59.72,1558000
2025-03-13 20:00:00-04:00,59.93,61.14,59.82,61.03,1277200
2025-03-16 20:00:00-04:00,60.81,62.09,60.78,61.85,1805600
2025-03-17 20:00:00-04:00,61.77,62.03,60.99,61.20,1326300
2025-03-18 20:00:00-04:00,61.20,61.76,60.96,61.48,1676300
2025-03-19 20:00:00-04:00,61.30,61.78,61.08,61.38,1110300
2025-03-20 20:00:00-04:00,61.22,61.75,60.84,61.04,4177600
2025-03-23 20:00:00-04:00,61.56,61.95,61.20,61.87,1173200
2025-03-24 20:00:00-04:00,62.26,62.59,61.57,62.18,1385500
2025-03-25 20:00:00-04:00,62.51,63.19,62.31,62.97,1339900
2025-03-26 20:00:00-04:00,63.37,64.23,62.81,63.98,1639300
2025-03-27 20:00:00-04:00,68.37,73.73,68.20,68.79,8170400
2025-03-30 20:00:00-04:00,68.88,69.59,68.02,68.69,3895800
2025-03-31 20:00:00-04:00,68.35,69.05,67.51,67.81,3055800
2025-04-01 20:00:00-04:00,67.57,67.91,66.75,67.33,2246100
2025-04-02 20:00:00-04:00,66.47,68.43,66.47,67.85,2311100
2025-04-03 20:00:00-04:00,66.25,67.25,62.97,63.16,2853200
2025-04-06 20:00:00-04:00,62.31,63.50,60.45,62.05,3219200
2025-04-07 20:00:00-04:00,63.77,64.65,62.16,63.05,2684400
2025-04-08 20:00:00-04:00,61.44,64.89,61.44,64.61,3277900
2025-04-09 20:00:00-04:00,64.14,65.50,63.01,64.78,2503800
2025-04-10 20:00:00-04:00,64.57,66.37,63.78,66.07,2575000
2025-04-13 20:00:00-04:00,66.48,67.39,66.18,66.93,1716600
2025-04-14 20:00:00-04:00,67.05,67.24,65.88,65.99,1388300
2025-04-15 20:00:00-04:00,66.83,67.40,65.73,66.07,1484200
2025-04-16 20:00:00-04:00,66.27,67.03,65.76,66.41,2145100
2025-04-20 20:00:00-04:00,66.51,66.65,64.28,64.99,1834800
2025-04-21 20:00:00-04:00,65.25,68.62,63.90,68.39,2648000
2025-04-22 20:00:00-04:00,68.53,68.85,67.21,68.77,2497800
2025-04-23 20:00:00-04:00,68.55,69.50,67.60,69.26,1819900
2025-04-24 20:00:00-04:00,68.87,69.01,67.57,68.03,1814700
2025-04-27 20:00:00-04:00,68.23,68.66,67.81,68.23,1592600
2025-04-28 20:00:00-04:00,68.14,68.91,67.82,68.80,1626400
2025-04-29 20:00:00-04:00,69.03,69.40,67.50,69.20,2105600
2025-04-30 20:00:00-04:00,68.56,69.34,67.72,68.71,1581600
2025-05-01 20:00:00-04:00,69.41,70.37,69.18,70.09,1706300
2025-05-04 20:00:00-04:00,69.90,70.27,69.04,69.97,995200
2025-05-05 20:00:00-04:00,69.67,70.56,69.67,70.14,1471500
2025-05-06 20:00:00-04:00,70.09,70.87,69.82,70.54,2212400
2025-05-07 20:00:00-04:00,70.39,70.85,70.15,70.19,1430900
2025-05-08 20:00:00-04:00,70.08,70.40,69.77,69.97,1105900
2025-05-11 20:00:00-04:00,70.24,70.24,67.85,69.69,1517400
2025-05-12 20:00:00-04:00,69.92,70.20,69.15,69.19,1342000
2025-05-13 20:00:00-04:00,69.34,69.34,68.06,68.55,1208600
2025-05-14 20:00:00-04:00,69.06,70.17,68.78,70.17,1237900
2025-05-15 20:00:00-04:00,70.28,70.75,69.95,70.73,1299000
2025-05-18 20:00:00-04:00,71.11,71.40,70.68,71.26,1000100
2025-05-19 20:00:00-04:00,70.99,71.29,70.73,71.00,746900
2025-05-20 20:00:00-04:00,70.74,71.21,70.36,70.66,1258000
2025-05-21 20:00:00-04:00,70.25,70.54,69.18,69.68,1248500
2025-05-22 20:00:00-04:00,69.50,70.71,69.48,70.54,1261400
2025-05-26 20:00:00-04:00,70.74,71.63,70.42,71.62,1299100
2025-05-27 20:00:00-04:00,71.33,71.80,70.61,70.74,1078400
2025-05-28 20:00:00-04:00,70.60,71.42,70.46,71.39,1324400
2025-05-29 20:00:00-04:00,71.09,72.33,70.76,72.10,4276300
2025-06-01 20:00:00-04:00,71.56,72.57,71.31,72.56,1181100
2025-06-02 20:00:00-04:00,72.21,72.82,70.75,72.16,1396000
2025-06-03 20:00:00-04:00,72.16,72.16,71.08,71.47,1129700
2025-06-04 20:00:00-04:00,71.52,71.64,70.75,71.30,1063600
2025-06-05 20:00:00-04:00,71.86,72.04,71.13,71.64,916000
2025-06-08 20:00:00-04:00,71.35,71.67,68.88,70.21,1289000
2025-06-09 20:00:00-04:00,69.97,70.11,69.00,69.31,1139400
2025-06-10 20:00:00-04:00,69.32,70.01,68.62,69.88,1520300
2025-06-11 20:00:00-04:00,70.00,71.29,69.92,71.23,1584000
2025-06-12 20:00:00-04:00,71.13,71.45,70.55,70.74,1619900
2025-06-15 20:00:00-04:00,70.87,71.49,70.45,70.58,1312500
2025-06-16 20:00:00-04:00,70.45,70.63,69.91,70.36,1329800
2025-06-17 20:00:00-04:00,70.33,70.98,70.02,70.25,1457700
2025-06-19 20:00:00-04:00,70.41,71.29,70.19,71.19,3887100
2025-06-22 20:00:00-04:00,71.33,71.94,70.92,71.93,2290900
2025-06-23 20:00:00-04:00,71.87,72.09,71.12,71.30,1642700
2025-06-24 20:00:00-04:00,70.97,71.06,69.63,69.87,1792900
2025-06-25 20:00:00-04:00,70.10,70.52,69.72,70.39,1520600
2025-06-26 20:00:00-04:00,69.85,70.67,69.57,70.34,2406700
2025-06-29 20:00:00-04:00,70.29,71.59,69.91,71.49,1537800
2025-06-30 20:00:00-04:00,71.43,71.60,69.94,70.90,2099800
2025-07-01 20:00:00-04:00,70.25,70.49,67.65,68.85,3455400
2025-07-02 20:00:00-04:00,69.33,69.78,68.93,69.56,1422300
2025-07-06 20:00:00-04:00,69.45,70.02,68.42,68.84,2425700
2025-07-07 20:00:00-04:00,68.41,68.93,68.16,68.47,1874400
2025-07-08 20:00:00-04:00,68.34,68.62,67.71,67.87,2085900
2025-07-09 20:00:00-04:00,67.72,67.74,66.43,67.29,3123100
2025-07-10 20:00:00-04:00,67.02,67.38,66.68,67.02,2236100
2025-07-13 20:00:00-04:00,67.02,67.98,66.77,67.58,1777200
2025-07-14 20:00:00-04:00,67.16,67.50,65.87,65.95,1985400
2025-07-15 20:00:00-04:00,66.51,66.93,65.64,66.14,2236800
2025-07-16 20:00:00-04:00,66.17,66.54,65.75,66.29,2827400
2025-07-17 20:00:00-04:00,66.49,67.37,66.30,66.90,3744200
2025-07-20 20:00:00-04:00,66.99,67.14,65.97,65.97,3349300
2025-07-21 20:00:00-04:00,65.93,67.34,64.88,66.69,3443800
2025-07-22 20:00:00-04:00,66.78,67.13,65.90,66.70,2780900
2025-07-23 20:00:00-04:00,66.43,66.97,66.16,66.69,2322900
2025-07-24 20:00:00-04:00,66.62,67.31,66.58,67.13,1370200
2025-07-27 20:00:00-04:00,66.97,67.01,65.98,66.17,2013400
2025-07-28 20:00:00-04:00,66.62,67.03,66.07,66.78,1916500
2025-07-29 20:00:00-04:00,66.98,67.55,66.76,67.05,1908300
2025-07-30 20:00:00-04:00,67.12,67.97,66.88,66.96,2315300
2025-07-31 20:00:00-04:00,67.30,67.56,66.64,67.38,2237000
2025-08-03 20:00:00-04:00,67.57,68.71,67.38,68.58,1884400
2025-08-04 20:00:00-04:00,68.81,69.06,68.09,68.17,1686200
2025-08-05 20:00:00-04:00,68.35,69.01,68.06,68.65,1714000
2025-08-06 20:00:00-04:00,68.47,68.79,67.76,68.22,1686100
2025-08-07 20:00:00-04:00,68.57,69.12,68.52,68.73,1283000
2025-08-10 20:00:00-04:00,68.78,68.97,67.87,68.07,2170200
2025-08-11 20:00:00-04:00,68.25,68.42,67.70,68.12,2111600
2025-08-12 20:00:00-04:00,68.44,69.51,68.30,69.43,1803700
2025-08-13 20:00:00-04:00,69.70,69.83,69.05,69.63,1311400
2025-08-14 20:00:00-04:00,69.97,69.97,68.66,68.88,3939300
2025-08-17 20:00:00-04:00,68.56,68.77,68.30,68.60,1977600
2025-08-18 20:00:00-04:00,68.61,69.75,68.57,69.63,1449900
2025-08-19 20:00:00-04:00,70.02,71.00,69.86,70.68,1282000
2025-08-20 20:00:00-04:00,70.64,70.95,70.42,70.56,1309600
2025-08-21 20:00:00-04:00,71.01,71.12,70.02,70.20,1423600
2025-08-24 20:00:00-04:00,69.93,70.12,69.17,69.21,1283500
2025-08-25 20:00:00-04:00,69.18,69.41,68.91,69.14,1854500
2025-08-26 20:00:00-04:00,69.29,70.04,69.08,69.74,1133300
2025-08-27 20:00:00-04:00,69.41,69.60,69.00,69.32,1260600
2025-08-28 20:00:00-04:00,69.48,69.92,69.30,69.76,1383900
2025-09-01 20:00:00-04:00,69.84,70.27,69.30,70.04,1521700
2025-09-02 20:00:00-04:00,69.72,70.43,69.48,70.33,1320400
2025-09-03 20:00:00-04:00,70.85,71.37,70.57,70.95,1606100
2025-09-04 20:00:00-04:00,70.87,71.05,69.72,70.02,1242700
2025-09-07 20:00:00-04:00,69.91,70.62,69.17,70.46,1507300
2025-09-08 20:00:00-04:00,70.32,70.75,70.09,70.33,1445800
2025-09-09 20:00:00-04:00,70.03,70.31,69.62,70.21,1525400
2025-09-10 20:00:00-04:00,70.26,71.89,70.05,71.79,1644400
2025-09-11 20:00:00-04:00,71.59,72.24,71.26,71.83,1496600
2025-09-14 20:00:00-04:00,71.68,72.04,70.77,70.83,1561300
2025-09-15 20:00:00-04:00,70.60,70.60,68.53,69.50,3552400
2025-09-16 20:00:00-04:00,69.67,71.34,69.50,71.14,1815800
2025-09-17 20:00:00-04:00,70.75,71.32,70.15,71.13,2548200
2025-09-18 20:00:00-04:00,71.33,71.68,71.02,71.41,3377300
2025-09-21 20:00:00-04:00,71.41,71.79,70.85,71.52,2017800
2025-09-22 20:00:00-04:00,71.31,72.34,71.18,72.23,1419400
2025-09-23 20:00:00-04:00,71.99,72.89,71.63,72.88,1788500
2025-09-24 20:00:00-04:00,73.07,73.40,72.28,72.64,2345900
2025-09-25 20:00:00-04:00,73.36,74.21,73.00,73.93,1582100
2025-09-28 20:00:00-04:00,73.96,74.09,73.42,74.06,1756700
2025-09-29 20:00:00-04:00,74.15,74.99,73.88,74.65,1879000
2025-09-30 20:00:00-04:00,74.40,74.43,73.20,73.47,2871400
2025-10-01 20:00:00-04:00,73.03,74.39,72.82,74.22,2032000
2025-10-02 20:00:00-04:00,74.28,75.32,73.81,74.88,2113300
2025-10-05 20:00:00-04:00,75.01,75.58,74.70,75.00,1816600
2025-10-06 20:00:00-04:00,75.25,75.94,75.22,75.77,1668400
2025-10-07 20:00:00-04:00,76.37,76.37,75.54,75.84,1399100
2025-10-08 20:00:00-04:00,76.03,76.38,75.20,75.52,1597500
2025-10-09 20:00:00-04:00,75.97,76.41,75.47,75.65,1775300
2025-10-12 20:00:00-04:00,75.36,75.99,74.66,75.46,1475100
2025-10-13 20:00:00-04:00,75.81,76.46,75.28,76.44,1667300
2025-10-14 20:00:00-04:00,76.01,76.01,73.53,74.42,2976200
2025-10-15 20:00:00-04:00,73.76,73.91,71.52,71.75,3186200
2025-10-16 20:00:00-04:00,71.80,72.39,71.52,72.14,3911100
2025-10-19 20:00:00-04:00,72.39,72.60,71.47,71.59,3011400
2025-10-20 20:00:00-04:00,69.65,73.45,69.29,73.07,5517700
2025-10-21 20:00:00-04:00,72.90,73.60,71.93,73.09,5630400
2025-10-22 20:00:00-04:00,73.52,73.52,72.45,73.30,4568600
2025-10-23 20:00:00-04:00,73.28,73.58,72.69,73.10,3852100
2025-10-26 20:00:00-04:00,73.00,73.58,72.77,73.32,2289900
2025-10-27 20:00:00-04:00,73.13,73.13,70.49,70.74,3053600
2025-10-28 20:00:00-04:00,70.33,70.34,68.95,69.56,4271800
2025-10-29 20:00:00-04:00,69.87,70.28,69.17,69.70,7972100
2025-10-30 20:00:00-04:00,69.00,69.81,68.89,69.50,3013800
2025-11-02 19:00:00-05:00,69.47,69.98,68.49,69.93,5321400
2025-11-03 19:00:00-05:00,70.26,72.14,70.25,72.14,3244300
2025-11-04 19:00:00-05:00,72.14,73.14,72.07,72.80,2420000
2025-11-05 19:00:00-05:00,72.98,73.75,72.63,72.66,2309800
2025-11-06 19:00:00-05:00,72.30,73.68,72.25,73.04,2048100
2025-11-09 19:00:00-05:00,72.67,73.92,72.41,73.89,2866700
2025-11-10 19:00:00-05:00,74.27,74.67,73.64,74.38,1298000
2025-11-11 19:00:00-05:00,74.28,74.90,74.28,74.68,1884200
2025-11-12 19:00:00-05:00,74.72,75.41,74.70,74.98,2262800
2025-11-13 19:00:00-05:00,75.21,75.89,74.41,75.02,3179100
2025-11-16 19:00:00-05:00,75.35,75.83,74.90,75.11,1826700
2025-11-17 19:00:00-05:00,74.98,76.00,74.88,75.50,2174800
2025-11-18 19:00:00-05:00,75.35,76.10,74.33,74.72,2249800
2025-11-19 19:00:00-05:00,75.08,75.63,74.68,75.31,1847500
2025-11-20 19:00:00-05:00,75.59,76.93,75.43,76.09,2008700
2025-11-23 19:00:00-05:00,76.15,76.31,75.38,75.53,2704000
2025-11-24 19:00:00-05:00,76.06,76.42,75.77,75.91,1745800
2025-11-25 19:00:00-05:00,76.14,76.38,75.64,75.64,1191800
2025-11-27 19:00:00-05:00,75.49,75.95,75.44,75.69,629900
2025-11-30 19:00:00-05:00,75.60,76.05,71.08,71.10,4340300
2025-12-01 19:00:00-05:00,70.67,71.80,70.63,70.93,4044500
2025-12-02 19:00:00-05:00,71.25,71.65,69.48,69.80,3460100
2025-12-03 19:00:00-05:00,69.84,70.09,68.75,69.04,5683900
2025-12-04 19:00:00-05:00,66.29,68.37,63.71,65.00,15664000
2025-12-07 19:00:00-05:00,65.50,65.74,64.27,64.89,4292300
2025-12-08 19:00:00-05:00,64.98,65.97,64.98,65.22,3083000
2025-12-09 19:00:00-05:00,65.12,66.29,64.97,65.85,4281100
2025-12-10 19:00:00-05:00,66.09,67.86,65.96,67.55,3027300
2025-12-11 19:00:00-05:00,67.94,67.94,67.20,67.54,4040500
2025-12-14 19:00:00-05:00,67.96,68.66,67.85,68.40,3284800
2025-12-15 19:00:00-05:00,68.39,68.63,67.48,67.86,3570400
2025-12-16 19:00:00-05:00,67.54,68.47,67.31,68.41,1780000
2025-12-17 19:00:00-05:00,68.12,68.90,67.83,68.84,1697100
2025-12-18 19:00:00-05:00,68.79,69.26,68.63,68.66,2952000
2025-12-21 19:00:00-05:00,68.70,69.93,68.54,69.50,3282800
2025-12-22 19:00:00-05:00,70.13,70.45,69.44,69.51,4495400
2025-12-23 19:00:00-05:00,69.55,69.92,69.41,69.92,1676600
2025-12-25 19:00:00-05:00,69.81,70.28,69.57,69.85,1180000
2025-12-28 19:00:00-05:00,70.03,70.30,69.81,70.07,1631700
2025-12-29 19:00:00-05:00,70.05,70.42,69.70,70.08,5667200
2025-12-30 19:00:00-05:00,69.89,70.43,69.36,69.41,1537000
2026-01-01 19:00:00-05:00,69.06,69.35,68.21,68.65,2114200
2026-01-04 19:00:00-05:00,68.11,70.36,68.00,69.99,2961500
2026-01-05 19:00:00-05:00,69.65,70.00,68.53,69.28,2133100
2026-01-06 19:00:00-05:00,68.41,68.74,67.34,67.79,2242300
2026-01-07 19:00:00-05:00,68.13,69.84,67.75,69.52,2935900
2026-01-08 19:00:00-05:00,69.63,69.78,67.66,67.74,2476800
2026-01-11 19:00:00-05:00,67.93,68.60,67.67,68.01,2217400
2026-01-12 19:00:00-05:00,67.79,68.27,66.88,67.31,2084000
2026-01-13 19:00:00-05:00,67.63,69.05,67.55,68.47,1918700
2026-01-14 19:00:00-05:00,68.49,69.07,67.61,68.01,1769400
2026-01-15 19:00:00-05:00,67.94,68.34,66.99,67.19,3279600
2026-01-19 19:00:00-05:00,66.05,67.62,65.97,67.04,2084700
2026-01-20 19:00:00-05:00,67.10,67.55,65.82,66.85,2681100
2026-01-21 19:00:00-05:00,66.72,66.95,66.32,66.83,2639800
2026-01-22 19:00:00-05:00,66.91,67.25,65.82,66.44,3969300
2026-01-25 19:00:00-05:00,67.00,67.50,65.69,66.20,4333600
2026-01-26 19:00:00-05:00,68.18,69.21,64.36,66.54,4420100
2026-01-27 19:00:00-05:00,66.19,67.33,66.16,66.98,1990100
2026-01-28 19:00:00-05:00,67.48,68.32,66.73,67.56,2481200
2026-01-29 19:00:00-05:00,67.49,67.96,67.13,67.88,1732800
2026-02-01 19:00:00-05:00,67.84,68.06,66.72,67.08,2842300
2026-02-02 19:00:00-05:00,66.78,68.67,66.56,68.48,2070200
2026-02-03 19:00:00-05:00,68.78,69.93,68.74,69.47,1778800
2026-02-04 19:00:00-05:00,69.87,70.87,69.65,70.56,1700400
2026-02-05 19:00:00-05:00,70.56,71.17,69.42,69.69,1520900
2026-02-08 19:00:00-05:00,69.77,70.32,68.29,68.54,2044700
2026-02-09 19:00:00-05:00,68.03,69.48,67.67,69.21,1557300
2026-02-10 19:00:00-05:00,69.06,70.95,68.54,70.81,2447900
2026-02-11 19:00:00-05:00,71.06,72.33,70.28,70.92,2085300
2026-02-12 19:00:00-05:00,70.23,70.99,68.60,68.99,2749200
2026-02-16 19:00:00-05:00,69.92,70.91,69.68,70.32,1998800
2026-02-17 19:00:00-05:00,70.32,70.56,69.19,70.08,1841800
2026-02-18 19:00:00-05:00,70.72,71.33,69.34,69.62,2727100
2026-02-19 19:00:00-05:00,70.30,70.41,69.64,70.36,1763900
2026-02-22 19:00:00-05:00,70.90,71.41,69.97,70.37,1771500
2026-02-23 19:00:00-05:00,70.13,71.09,69.32,70.99,2037600
2026-02-24 19:00:00-05:00,71.10,71.40,70.05,70.94,1641200
2026-02-25 19:00:00-05:00,71.43,71.72,70.69,70.94,1558600
2026-02-26 19:00:00-05:00,71.30,71.30,70.38,71.06,4799500
2026-03-01 19:00:00-05:00,70.89,72.76,70.89,72.59,1640000
2026-03-02 19:00:00-05:00,72.02,72.08,70.46,71.99,1684400
2026-03-03 19:00:00-05:00,71.97,71.97,69.72,69.76,1786400
2026-03-04 19:00:00-05:00,69.25,69.37,68.21,68.95,2909200
2026-03-05 19:00:00-05:00,68.72,69.60,67.80,69.30,1677200
2026-03-08 20:00:00-04:00,69.00,69.00,67.02,67.63,1926700
2026-03-09 20:00:00-04:00,67.18,67.86,66.85,67.25,1673700
2026-03-10 20:00:00-04:00,67.17,67.68,66.69,67.25,1491300
2026-03-11 20:00:00-04:00,66.74,68.40,66.36,68.09,1454200
2026-03-12 20:00:00-04:00,68.82,69.13,68.10,68.15,1392500
2026-03-15 20:00:00-04:00,68.40,68.72,67.80,67.92,1541700
2026-03-16 20:00:00-04:00,68.50,68.57,67.42,68.23,1542800
2026-03-17 20:00:00-04:00,67.61,67.93,66.18,66.66,2210000
2026-03-18 20:00:00-04:00,66.92,67.09,65.31,65.63,2167300
2026-03-19 20:00:00-04:00,65.45,65.95,65.09,65.15,8514000
2026-03-22 20:00:00-04:00,66.08,66.10,64.95,64.96,2498200
2026-03-23 20:00:00-04:00,64.94,65.34,64.31,64.45,1800200
2026-03-24 20:00:00-04:00,64.26,64.75,63.11,63.91,2661700
2026-03-25 20:00:00-04:00,64.02,64.70,64.01,64.68,1874600
2026-03-26 20:00:00-04:00,65.15,65.23,64.03,64.16,1844100
2026-03-29 20:00:00-04:00,64.73,65.85,64.48,65.66,4206300
2026-03-30 20:00:00-04:00,65.04,66.58,65.04,65.69,1878300
2026-03-31 20:00:00-04:00,64.79,65.32,64.41,64.70,1545000
2026-04-01 20:00:00-04:00,64.70,65.79,64.64,65.40,1235800
2026-04-05 20:00:00-04:00,65.13,65.58,64.83,65.57,1057400
2026-04-06 20:00:00-04:00,65.53,66.16,65.18,66.08,1351900
2026-04-07 20:00:00-04:00,65.42,66.66,65.27,66.62,1713900
2026-04-08 20:00:00-04:00,66.06,67.30,65.85,66.61,1455000
2026-04-09 20:00:00-04:00,66.34,66.34,64.73,65.11,2049300
2026-04-12 20:00:00-04:00,65.08,66.52,65.08,66.36,1511700
2026-04-13 20:00:00-04:00,65.83,66.18,65.10,65.40,2864700
2026-04-14 20:00:00-04:00,65.26,65.82,64.89,65.51,1757200
2026-04-15 20:00:00-04:00,65.35,66.00,65.18,65.68,1622200
2026-04-16 20:00:00-04:00,65.78,66.49,65.08,66.23,1858800
2026-04-19 20:00:00-04:00,66.30,67.09,65.27,65.61,1723400
2026-04-20 20:00:00-04:00,65.71,66.06,64.50,64.82,3618900
2026-04-21 20:00:00-04:00,66.68,67.41,64.89,66.90,4476500
2026-04-22 20:00:00-04:00,67.57,68.11,66.65,67.84,2834800
2026-04-23 20:00:00-04:00,67.35,67.35,65.61,65.94,2211400
2026-04-26 20:00:00-04:00,64.91,66.34,64.88,65.61,1944300
2026-04-27 20:00:00-04:00,66.40,66.86,65.98,66.52,1879400
2026-04-28 20:00:00-04:00,66.45,66.69,65.73,66.35,2154400
2026-04-29 20:00:00-04:00,65.74,66.40,65.17,66.23,2777700
2026-04-30 20:00:00-04:00,66.62,67.32,65.76,65.79,2202400
2026-05-03 20:00:00-04:00,65.43,66.63,65.21,65.73,1638000
2026-05-04 20:00:00-04:00,65.62,66.45,65.39,65.90,1583500
2026-05-05 20:00:00-04:00,65.84,66.53,65.37,65.53,1544500
2026-05-06 20:00:00-04:00,65.20,66.28,65.00,65.94,1493300
2026-05-07 20:00:00-04:00,66.02,66.05,64.98,65.09,1378500
2026-05-10 20:00:00-04:00,65.43,65.98,64.94,65.82,1672100
2026-05-11 20:00:00-04:00,65.91,66.56,65.45,65.97,1276600
2026-05-12 20:00:00-04:00,65.69,66.28,64.49,64.85,1755600
2026-05-13 20:00:00-04:00,65.19,65.87,64.96,65.44,1742300
2026-05-14 20:00:00-04:00,65.92,66.49,65.41,65.86,2117900
2026-05-17 20:00:00-04:00,65.90,68.28,65.68,68.15,1973800
2026-05-18 20:00:00-04:00,68.14,68.48,67.46,67.91,1766200
2026-05-19 20:00:00-04:00,67.52,67.73,67.03,67.63,1948400
2026-05-20 20:00:00-04:00,67.18,67.50,66.30,66.87,2295800
2026-05-21 20:00:00-04:00,66.90,67.46,66.57,66.94,1636100
2026-05-25 20:00:00-04:00,66.84,67.19,66.50,66.73,1721600
2026-05-26 20:00:00-04:00,66.60,67.09,64.59,64.71,2635600
2026-05-27 20:00:00-04:00,64.68,64.96,63.71,63.73,2215900
2026-05-28 20:00:00-04:00,63.43,64.04,62.78,62.97,7647800
2026-05-31 20:00:00-04:00,62.64,63.89,62.31,63.77,2496200
2026-06-01 20:00:00-04:00,63.86,64.88,63.41,64.60,2029800
2026-06-02 20:00:00-04:00,64.51,65.25,63.98,64.71,2841300
2026-06-03 20:00:00-04:00,66.26,67.38,65.37,65.72,2188700
2026-06-04 20:00:00-04:00,66.42,68.18,66.39,67.96,1923800
2026-06-07 20:00:00-04:00,67.19,67.50,66.12,66.15,2306800
2026-06-08 20:00:00-04:00,66.27,67.21,66.03,66.62,1937400
2026-06-09 20:00:00-04:00,67.09,68.16,66.89,67.54,1533100
2026-06-10 20:00:00-04:00,67.58,68.07,66.77,66.94,2732500
2026-06-11 20:00:00-04:00,66.60,67.68,66.24,67.66,1799500
2026-06-14 20:00:00-04:00,67.55,67.89,67.17,67.42,1568800
2026-06-15 20:00:00-04:00,67.78,68.32,67.22,67.76,1818300
2026-06-16 20:00:00-04:00,67.22,68.27,67.09,67.48,1510900
2026-06-17 20:00:00-04:00,67.65,67.65,66.40,66.58,4293400
2026-06-21 20:00:00-04:00,66.68,67.43,66.40,66.54,1961400
2026-06-22 20:00:00-04:00,67.88,69.06,67.31,68.96,2959400
2026-06-23 20:00:00-04:00,69.27,70.57,68.89,70.05,2509400
2026-06-24 20:00:00-04:00,69.71,70.93,69.04,69.29,2030800
2026-06-25 20:00:00-04:00,70.10,71.36,69.34,71.27,2625200
2026-06-28 20:00:00-04:00,70.98,71.56,70.62,71.01,1505100
