Date,Open,High,Low,Close,Volume
2018-07-01 20:00:00-04:00,66.94,67.49,66.57,67.45,1599100
2018-07-02 20:00:00-04:00,67.55,67.80,67.16,67.22,968300
2018-07-04 20:00:00-04:00,67.45,67.50,66.82,67.13,1431000
2018-07-05 20:00:00-04:00,67.30,67.77,67.17,67.59,1392600
2018-07-08 20:00:00-04:00,67.81,68.60,67.74,68.37,1598400
2018-07-09 20:00:00-04:00,68.43,68.89,68.12,68.49,1232200
2018-07-10 20:00:00-04:00,67.92,68.38,67.76,68.04,1278000
2018-07-11 20:00:00-04:00,68.56,68.64,68.11,68.32,1176800
2018-07-12 20:00:00-04:00,68.19,68.42,67.83,68.34,936800
2018-07-15 20:00:00-04:00,68.18,68.38,67.79,67.93,762600
2018-07-16 20:00:00-04:00,67.94,68.11,67.72,67.98,770700
2018-07-17 20:00:00-04:00,68.19,68.75,68.11,68.64,1650900
2018-07-18 20:00:00-04:00,68.39,68.82,68.25,68.50,1585500
2018-07-19 20:00:00-04:00,68.29,68.89,68.15,68.49,1426700
2018-07-22 20:00:00-04:00,68.48,68.61,68.08,68.18,1019300
2018-07-23 20:00:00-04:00,68.21,68.52,67.32,67.57,1492100
2018-07-24 20:00:00-04:00,67.08,67.98,67.08,67.93,1286300
2018-07-25 20:00:00-04:00,67.93,69.61,67.81,68.18,2195100
2018-07-26 20:00:00-04:00,68.62,68.70,67.66,68.14,1376600
2018-07-29 20:00:00-04:00,68.17,68.19,67.60,68.00,1441200
2018-07-30 20:00:00-04:00,68.09,69.02,68.00,68.47,2030000
2018-07-31 20:00:00-04:00,68.18,68.76,67.62,68.63,2766100
2018-08-01 20:00:00-04:00,68.22,70.07,67.55,69.63,2732500
2018-08-02 20:00:00-04:00,69.86,70.90,69.66,70.69,2194000
2018-08-05 20:00:00-04:00,70.71,71.52,70.32,70.46,1749000
2018-08-06 20:00:00-04:00,70.44,70.80,69.78,70.23,2181900
2018-08-07 20:00:00-04:00,70.25,70.95,70.15,70.74,1531700
2018-08-08 20:00:00-04:00,70.91,71.73,70.91,71.44,1367000
2018-08-09 20:00:00-04:00,71.06,71.93,70.87,71.62,1915500
2018-08-12 20:00:00-04:00,71.65,71.97,70.82,71.14,1343300
2018-08-13 20:00:00-04:00,71.38,72.05,71.08,71.75,1727600
2018-08-14 20:00:00-04:00,71.53,71.92,70.93,71.56,1529100
2018-08-15 20:00:00-04:00,71.78,72.89,71.73,72.71,1722700
2018-08-16 20:00:00-04:00,72.83,72.95,72.58,72.68,1664700
2018-08-19 20:00:00-04:00,72.72,73.16,72.59,72.94,1739700
2018-08-20 20:00:00-04:00,73.00,73.34,72.61,73.14,1339500
2018-08-21 20:00:00-04:00,73.18,73.22,72.66,72.68,1146400
2018-08-22 20:00:00-04:00,72.55,72.82,72.32,72.43,1186900
2018-08-23 20:00:00-04:00,72.55,73.17,72.35,72.97,1038700
2018-08-26 20:00:00-04:00,73.25,73.57,73.11,73.27,1290700
2018-08-27 20:00:00-04:00,73.34,74.20,73.22,74.04,1817400
2018-08-28 20:00:00-04:00,74.14,75.13,74.09,74.57,1564500
2018-08-29 20:00:00-04:00,74.48,74.61,74.05,74.32,1376500
2018-08-30 20:00:00-04:00,74.32,75.42,74.30,75.36,2537300
2018-09-03 20:00:00-04:00,75.23,75.83,75.04,75.47,1640800
2018-09-04 20:00:00-04:00,75.30,75.95,75.11,75.22,2577900
2018-09-05 20:00:00-04:00,75.17,76.45,75.16,76.25,2209700
2018-09-06 20:00:00-04:00,76.03,76.89,75.92,76.66,1394400
2018-09-09 20:00:00-04:00,77.01,77.17,76.49,76.72,1299400
2018-09-10 20:00:00-04:00,75.94,76.80,75.69,76.52,1834900
2018-09-11 20:00:00-04:00,76.34,76.79,76.15,76.60,1294800
2018-09-12 20:00:00-04:00,77.19,77.19,76.46,76.74,1168200
2018-09-13 20:00:00-04:00,76.83,76.83,76.12,76.44,1778800
2018-09-16 20:00:00-04:00,76.17,76.55,75.54,76.05,1257500
2018-09-17 20:00:00-04:00,75.88,76.78,75.88,76.57,1361900
2018-09-18 20:00:00-04:00,76.78,77.07,76.49,76.79,867200
2018-09-19 20:00:00-04:00,77.05,77.49,76.93,77.15,1098300
2018-09-20 20:00:00-04:00,77.56,77.92,77.27,77.64,3859500
2018-09-23 20:00:00-04:00,77.29,77.74,76.95,77.45,1409800
2018-09-24 20:00:00-04:00,77.51,78.26,77.45,77.95,1658500
2018-09-25 20:00:00-04:00,78.08,78.76,77.88,77.95,1303600
2018-09-26 20:00:00-04:00,77.82,78.61,77.62,78.33,927900
2018-09-27 20:00:00-04:00,78.30,79.15,78.11,78.84,2074400
2018-09-30 20:00:00-04:00,78.96,79.15,78.38,78.42,2007100
2018-10-01 20:00:00-04:00,78.52,78.73,77.93,78.04,1504500
2018-10-02 20:00:00-04:00,78.27,78.71,77.81,77.84,1123600
2018-10-03 20:00:00-04:00,77.62,77.83,77.04,77.68,1561200
2018-10-04 20:00:00-04:00,77.84,78.38,77.84,78.05,1371000
2018-10-07 20:00:00-04:00,78.05,78.83,77.97,78.61,1198700
2018-10-08 20:00:00-04:00,78.77,79.97,78.72,79.08,2162900
2018-10-09 20:00:00-04:00,79.28,79.28,77.29,77.36,1756100
2018-10-10 20:00:00-04:00,77.28,77.28,75.42,75.51,2250400
2018-10-11 20:00:00-04:00,75.66,76.57,75.26,76.36,1747800
2018-10-14 20:00:00-04:00,76.21,77.34,76.21,76.71,1180400
2018-10-15 20:00:00-04:00,77.04,78.49,76.99,78.43,1516200
2018-10-16 20:00:00-04:00,78.44,79.49,78.23,79.23,1335100
2018-10-17 20:00:00-04:00,78.52,78.68,77.63,77.90,1986600
2018-10-18 20:00:00-04:00,77.81,78.08,77.42,77.53,1460200
2018-10-21 20:00:00-04:00,77.85,78.18,77.23,77.49,2265300
2018-10-22 20:00:00-04:00,76.75,77.36,76.37,77.03,2724300
2018-10-23 20:00:00-04:00,76.28,76.60,75.39,75.50,1948300
2018-10-24 20:00:00-04:00,76.01,76.01,74.67,75.38,2166300
2018-10-25 20:00:00-04:00,74.83,75.13,73.96,74.39,2118700
2018-10-28 20:00:00-04:00,75.10,75.94,73.31,74.12,1957000
2018-10-29 20:00:00-04:00,74.44,75.15,74.08,74.96,3708900
2018-10-30 20:00:00-04:00,76.32,79.47,75.69,78.41,4798400
2018-10-31 20:00:00-04:00,78.47,78.91,76.01,76.31,3116400
2018-11-01 20:00:00-04:00,76.82,76.92,74.42,75.36,3007400
2018-11-04 19:00:00-05:00,75.51,76.15,75.21,75.86,2475400
2018-11-05 19:00:00-05:00,75.84,76.38,75.74,76.23,2998200
2018-11-06 19:00:00-05:00,76.32,77.64,76.32,77.51,2727500
2018-11-07 19:00:00-05:00,77.50,78.79,77.20,78.45,2465500
2018-11-08 19:00:00-05:00,78.45,78.95,78.12,78.68,1821900
2018-11-11 19:00:00-05:00,78.69,79.15,77.47,77.58,1332000
2018-11-12 19:00:00-05:00,77.49,77.97,77.03,77.21,1514300
2018-11-13 19:00:00-05:00,77.63,77.99,77.28,77.34,2552400
2018-11-14 19:00:00-05:00,76.96,77.71,76.18,77.00,2791100
2018-11-15 19:00:00-05:00,76.93,77.44,76.66,77.09,2420900
2018-11-18 19:00:00-05:00,77.19,77.66,76.02,76.43,2565300
2018-11-19 19:00:00-05:00,75.55,76.11,74.69,75.62,1871100
2018-11-20 19:00:00-05:00,75.63,76.14,75.34,75.48,1751900
2018-11-22 19:00:00-05:00,75.32,76.37,74.98,75.93,853400
2018-11-25 19:00:00-05:00,76.42,77.13,75.82,76.90,1743400
2018-11-26 19:00:00-05:00,76.92,78.15,76.89,77.92,1704900
2018-11-27 19:00:00-05:00,78.10,79.89,77.85,79.88,1910500
2018-11-28 19:00:00-05:00,79.87,80.51,79.47,80.00,2003600
2018-11-29 19:00:00-05:00,80.00,80.50,79.52,80.31,4725100
2018-12-02 19:00:00-05:00,81.20,81.20,79.74,80.18,3648300
2018-12-03 19:00:00-05:00,80.29,80.97,78.86,78.97,2854900
2018-12-05 19:00:00-05:00,78.21,80.12,78.02,79.68,3714900
2018-12-06 19:00:00-05:00,79.68,80.23,78.55,78.75,2995300
2018-12-09 19:00:00-05:00,78.62,78.92,77.36,78.60,2303000
2018-12-10 19:00:00-05:00,79.37,79.40,77.57,78.21,2148900
2018-12-11 19:00:00-05:00,78.27,79.51,78.06,78.78,2441000
2018-12-12 19:00:00-05:00,79.16,81.97,79.02,81.39,3330000
2018-12-13 19:00:00-05:00,80.69,80.69,79.31,79.86,2109800
2018-12-16 19:00:00-05:00,79.44,79.60,77.75,78.12,3099100
2018-12-17 19:00:00-05:00,78.66,78.92,77.87,78.46,1819600
2018-12-18 19:00:00-05:00,78.79,80.42,77.97,78.48,2563300
2018-12-19 19:00:00-05:00,78.03,78.25,75.24,75.87,4348500
2018-12-20 19:00:00-05:00,76.36,77.72,76.22,76.76,5364600
2018-12-23 19:00:00-05:00,76.47,76.77,75.26,75.78,1806000
2018-12-25 19:00:00-05:00,76.10,78.39,75.68,78.37,2030200
2018-12-26 19:00:00-05:00,77.63,79.24,77.25,79.21,2081600
2018-12-27 19:00:00-05:00,79.75,80.53,79.29,79.78,1699500
2018-12-30 19:00:00-05:00,79.94,80.17,79.50,80.05,1657000
2019-01-01 19:00:00-05:00,79.33,79.72,78.68,79.63,1743400
2019-01-02 19:00:00-05:00,79.25,79.25,77.32,77.63,2680300
2019-01-03 19:00:00-05:00,78.54,80.41,78.41,79.65,2142700
2019-01-06 19:00:00-05:00,79.60,80.31,79.35,79.56,2561100
2019-01-07 19:00:00-05:00,79.83,80.07,78.34,79.40,2604700
2019-01-08 19:00:00-05:00,79.78,79.92,78.91,79.37,2279700
2019-01-09 19:00:00-05:00,78.89,80.69,78.68,79.94,2726100
2019-01-10 19:00:00-05:00,77.71,79.20,77.51,79.20,2346600
2019-01-13 19:00:00-05:00,78.39,78.80,78.21,78.38,1409200
2019-01-14 19:00:00-05:00,78.54,78.85,78.08,78.72,1532600
2019-01-15 19:00:00-05:00,78.59,78.98,78.07,78.23,1457200
2019-01-16 19:00:00-05:00,77.78,79.29,77.78,78.99,2031700
2019-01-17 19:00:00-05:00,79.57,80.76,79.43,80.43,2041800
2019-01-21 19:00:00-05:00,80.28,81.21,79.69,80.16,1947100
2019-01-22 19:00:00-05:00,80.75,81.46,80.10,80.80,1551700
2019-01-23 19:00:00-05:00,80.90,81.19,80.50,80.91,1983200
2019-01-24 19:00:00-05:00,81.54,81.72,80.60,80.74,1501900
2019-01-27 19:00:00-05:00,80.75,80.86,79.82,80.63,1075300
2019-01-28 19:00:00-05:00,81.04,81.66,80.22,80.70,1292600
2019-01-29 19:00:00-05:00,81.04,81.83,80.72,81.38,1554200
2019-01-30 19:00:00-05:00,81.21,82.12,80.55,81.84,2682500
2019-01-31 19:00:00-05:00,82.29,83.12,81.70,81.97,1496600
2019-02-03 19:00:00-05:00,82.03,82.58,81.95,82.43,1671500
2019-02-04 19:00:00-05:00,82.37,82.87,82.00,82.24,1888200
2019-02-05 19:00:00-05:00,82.34,82.43,81.74,82.37,1743300
2019-02-06 19:00:00-05:00,77.94,82.52,77.09,82.39,2653900
2019-02-07 19:00:00-05:00,81.86,82.44,80.97,82.29,1961300
2019-02-10 19:00:00-05:00,82.23,82.77,81.10,81.22,2468900
2019-02-11 19:00:00-05:00,81.93,81.93,81.05,81.90,2086800
2019-02-12 19:00:00-05:00,82.25,82.43,81.19,81.64,1724200
2019-02-13 19:00:00-05:00,81.29,82.42,80.50,82.10,1527100
2019-02-14 19:00:00-05:00,82.88,83.10,82.10,82.33,2862200
2019-02-18 19:00:00-05:00,82.45,82.92,82.31,82.68,1999800
2019-02-19 19:00:00-05:00,82.81,83.28,82.54,82.86,2322300
2019-02-20 19:00:00-05:00,82.69,83.17,82.34,83.00,1364400
2019-02-21 19:00:00-05:00,83.10,83.45,82.66,83.44,1932100
2019-02-24 19:00:00-05:00,83.71,83.71,81.51,81.79,2204500
2019-02-25 19:00:00-05:00,81.68,82.21,81.35,81.67,1660800
2019-02-26 19:00:00-05:00,81.49,81.75,80.92,81.45,1342400
2019-02-27 19:00:00-05:00,81.40,82.94,81.31,82.66,2359300
2019-02-28 19:00:00-05:00,83.10,83.57,83.06,83.43,1589700
2019-03-03 19:00:00-05:00,83.80,83.80,82.89,83.22,2291400
2019-03-04 19:00:00-05:00,83.37,83.93,82.95,83.92,1692800
2019-03-05 19:00:00-05:00,84.05,84.81,83.99,84.50,1937800
2019-03-06 19:00:00-05:00,84.37,84.47,83.88,84.45,1901600
2019-03-07 19:00:00-05:00,83.89,84.58,83.64,84.56,1791400
2019-03-10 20:00:00-04:00,84.71,85.57,84.63,85.54,1466500
2019-03-11 20:00:00-04:00,85.76,85.80,85.04,85.71,1873200
2019-03-12 20:00:00-04:00,86.01,86.57,85.87,86.29,2010600
2019-03-13 20:00:00-04:00,85.99,86.59,85.77,86.58,1319800
2019-03-14 20:00:00-04:00,86.68,88.29,86.36,88.26,3947900
2019-03-17 20:00:00-04:00,88.26,88.69,87.40,87.69,1615200
2019-03-18 20:00:00-04:00,87.07,87.48,86.29,86.81,2175500
2019-03-19 20:00:00-04:00,85.94,86.60,85.69,86.22,2928800
2019-03-20 20:00:00-04:00,86.01,86.85,85.89,86.77,1014100
2019-03-21 20:00:00-04:00,86.74,87.21,86.37,86.57,1033400
2019-03-24 20:00:00-04:00,86.79,87.05,86.40,86.57,1289700
2019-03-25 20:00:00-04:00,86.71,86.73,85.91,86.38,1361100
2019-03-26 20:00:00-04:00,86.22,86.96,86.22,86.58,1524600
2019-03-27 20:00:00-04:00,86.62,86.92,86.22,86.72,1587500
2019-03-28 20:00:00-04:00,87.21,87.56,86.76,87.31,2356600
2019-03-31 20:00:00-04:00,87.85,88.14,87.32,87.98,1195200
2019-04-01 20:00:00-04:00,88.09,88.09,87.03,87.63,959600
2019-04-02 20:00:00-04:00,87.90,88.08,87.35,87.95,1060200
2019-04-03 20:00:00-04:00,87.98,88.15,87.42,87.87,860700
2019-04-04 20:00:00-04:00,87.76,87.98,87.34,87.44,1600100
2019-04-07 20:00:00-04:00,87.27,87.39,86.60,87.12,1340000
2019-04-08 20:00:00-04:00,86.72,87.06,86.59,87.02,993000
2019-04-09 20:00:00-04:00,87.38,87.88,87.06,87.51,1187700
2019-04-10 20:00:00-04:00,87.31,88.18,87.24,88.15,1169800
2019-04-11 20:00:00-04:00,88.35,88.88,88.26,88.70,1193100
2019-04-14 20:00:00-04:00,88.68,89.37,88.54,88.91,1234000
2019-04-15 20:00:00-04:00,89.23,89.30,88.46,88.90,863500
2019-04-16 20:00:00-04:00,89.12,89.33,88.64,88.79,920400
2019-04-17 20:00:00-04:00,88.96,90.48,88.88,90.38,1261600
2019-04-21 20:00:00-04:00,90.10,90.41,89.86,90.26,833200
2019-04-22 20:00:00-04:00,90.20,91.14,89.86,90.03,1474000
2019-04-23 20:00:00-04:00,90.33,91.01,90.19,90.40,1304600
2019-04-24 20:00:00-04:00,90.18,90.70,89.67,90.49,1059200
2019-04-25 20:00:00-04:00,90.87,91.36,90.51,91.05,1368300
2019-04-28 20:00:00-04:00,91.11,91.11,90.27,90.80,1473400
2019-04-29 20:00:00-04:00,90.88,91.39,90.49,91.32,2181300
2019-04-30 20:00:00-04:00,88.79,89.88,88.07,89.17,2178500
2019-05-01 20:00:00-04:00,88.85,89.75,88.55,89.00,1827400
2019-05-02 20:00:00-04:00,89.30,90.52,89.26,89.86,1719300
2019-05-05 20:00:00-04:00,88.84,89.76,88.83,89.58,1031800
2019-05-06 20:00:00-04:00,88.94,89.47,87.94,88.76,1668900
2019-05-07 20:00:00-04:00,88.50,88.66,87.90,87.90,2097400
2019-05-08 20:00:00-04:00,87.46,88.18,86.97,88.12,1296500
2019-05-09 20:00:00-04:00,87.90,89.09,87.68,88.73,1582300
2019-05-12 20:00:00-04:00,87.81,88.16,86.97,87.83,1286000
2019-05-13 20:00:00-04:00,87.85,88.67,87.83,88.07,1363300
2019-05-14 20:00:00-04:00,88.06,88.62,87.86,88.16,1076800
2019-05-15 20:00:00-04:00,88.74,89.29,88.30,88.61,1855400
2019-05-16 20:00:00-04:00,88.16,89.13,87.97,88.98,1374600
2019-05-19 20:00:00-04:00,88.83,89.04,88.38,88.45,1344300
2019-05-20 20:00:00-04:00,88.90,89.73,88.75,89.41,2142500
2019-05-21 20:00:00-04:00,89.37,89.54,88.97,89.12,1181400
2019-05-22 20:00:00-04:00,88.97,89.23,88.40,89.06,1135000
2019-05-23 20:00:00-04:00,89.43,89.70,88.65,88.71,1010800
2019-05-27 20:00:00-04:00,88.88,89.43,87.32,87.67,3708100
2019-05-28 20:00:00-04:00,87.48,87.61,86.92,87.53,998400
2019-05-29 20:00:00-04:00,87.74,89.29,87.74,89.20,1464200
2019-05-30 20:00:00-04:00,88.62,89.99,88.49,89.91,2614200
2019-06-02 20:00:00-04:00,89.81,91.67,89.45,91.45,2070100
2019-06-03 20:00:00-04:00,92.23,94.05,91.96,93.96,2501700
2019-06-04 20:00:00-04:00,94.18,94.52,93.46,94.25,1356200
2019-06-05 20:00:00-04:00,94.44,95.40,94.40,95.24,1598300
2019-06-06 20:00:00-04:00,95.56,96.30,95.36,95.81,1318200
2019-06-09 20:00:00-04:00,96.27,96.27,94.82,95.44,1159500
2019-06-10 20:00:00-04:00,95.84,96.00,94.21,94.49,1801400
2019-06-11 20:00:00-04:00,94.90,96.18,94.87,95.70,1646400
2019-06-12 20:00:00-04:00,95.79,96.14,95.36,95.73,1173500
2019-06-13 20:00:00-04:00,95.91,96.73,95.84,96.44,1088300
2019-06-16 20:00:00-04:00,96.56,96.84,95.78,95.89,825000
2019-06-17 20:00:00-04:00,96.51,96.56,95.34,95.49,1050900
2019-06-18 20:00:00-04:00,95.70,96.41,95.11,96.14,927600
2019-06-19 20:00:00-04:00,96.45,97.23,96.39,97.17,1122600
2019-06-20 20:00:00-04:00,97.23,97.56,96.70,96.86,2078400
2019-06-23 20:00:00-04:00,97.16,97.25,96.64,97.21,1024000
2019-06-24 20:00:00-04:00,97.21,97.76,96.54,96.90,1540700
2019-06-25 20:00:00-04:00,96.95,97.06,96.20,96.73,1513200
2019-06-26 20:00:00-04:00,96.84,97.22,96.49,97.12,1611100
2019-06-27 20:00:00-04:00,97.21,97.32,95.96,97.21,3871200
2019-06-30 20:00:00-04:00,97.03,97.15,95.50,96.18,1786700
2019-07-01 20:00:00-04:00,96.34,97.50,96.10,97.42,1584100
2019-07-02 20:00:00-04:00,97.50,97.79,97.04,97.49,1049200
2019-07-04 20:00:00-04:00,97.24,97.37,96.43,96.84,1281000
2019-07-07 20:00:00-04:00,96.88,97.04,96.35,96.67,1251000
2019-07-08 20:00:00-04:00,96.48,97.21,96.48,97.06,1116500
2019-07-09 20:00:00-04:00,97.22,97.52,96.71,97.49,1123400
2019-07-10 20:00:00-04:00,97.60,97.95,97.14,97.94,904400
2019-07-11 20:00:00-04:00,97.87,98.23,97.09,97.55,1457600
2019-07-14 20:00:00-04:00,97.76,98.50,97.69,98.32,1164300
2019-07-15 20:00:00-04:00,98.22,98.51,97.66,97.98,920700
2019-07-16 20:00:00-04:00,97.97,98.47,97.83,98.18,892800
2019-07-17 20:00:00-04:00,98.59,99.59,98.38,99.31,1183400
2019-07-18 20:00:00-04:00,99.67,99.78,98.80,98.85,1387700
2019-07-21 20:00:00-04:00,98.93,99.78,98.73,99.51,1560900
2019-07-22 20:00:00-04:00,99.66,99.72,98.47,99.19,1007100
2019-07-23 20:00:00-04:00,99.20,99.71,98.53,98.96,897500
2019-07-24 20:00:00-04:00,98.87,99.22,98.58,99.17,882500
2019-07-25 20:00:00-04:00,99.94,100.47,99.61,100.16,880200
2019-07-28 20:00:00-04:00,99.85,100.28,99.30,100.23,859400
2019-07-29 20:00:00-04:00,100.02,100.13,99.01,99.47,1139300
2019-07-30 20:00:00-04:00,99.52,99.70,98.27,98.84,1686600
2019-07-31 20:00:00-04:00,102.03,105.16,101.67,102.72,3406600
2019-08-01 20:00:00-04:00,102.52,103.36,101.76,103.08,1764400
2019-08-04 20:00:00-04:00,102.78,102.78,99.91,101.08,1897600
2019-08-05 20:00:00-04:00,101.34,102.36,99.82,101.94,1643400
2019-08-06 20:00:00-04:00,101.62,102.20,100.74,102.13,2003000
2019-08-07 20:00:00-04:00,102.49,104.25,102.49,103.06,2373100
2019-08-08 20:00:00-04:00,103.21,104.64,102.94,104.55,1656100
2019-08-11 20:00:00-04:00,104.17,104.33,101.55,102.37,1327500
2019-08-12 20:00:00-04:00,102.32,102.89,101.32,102.89,1502500
2019-08-13 20:00:00-04:00,102.50,102.71,101.47,101.50,1413200
2019-08-14 20:00:00-04:00,101.61,102.44,101.33,102.25,1369400
2019-08-15 20:00:00-04:00,102.66,102.86,101.48,101.93,1400900
2019-08-18 20:00:00-04:00,102.74,102.97,101.68,102.67,1061800
2019-08-19 20:00:00-04:00,102.76,103.77,102.35,102.77,1028400
2019-08-20 20:00:00-04:00,103.17,103.64,102.44,103.35,1065200
2019-08-21 20:00:00-04:00,103.63,104.02,102.79,103.42,832700
2019-08-22 20:00:00-04:00,103.13,103.47,101.30,101.66,1800400
2019-08-25 20:00:00-04:00,102.43,103.40,102.24,103.35,1130300
2019-08-26 20:00:00-04:00,103.64,104.18,102.86,103.12,1380400
2019-08-27 20:00:00-04:00,103.22,103.50,102.65,103.11,879500
2019-08-28 20:00:00-04:00,103.65,103.78,102.59,103.42,1081500
2019-08-29 20:00:00-04:00,103.94,103.94,102.57,102.95,1154200
2019-09-02 20:00:00-04:00,102.97,103.58,102.51,102.89,1362800
2019-09-03 20:00:00-04:00,103.70,103.93,102.35,103.93,1275100
2019-09-04 20:00:00-04:00,104.54,105.00,103.94,104.17,1375100
2019-09-05 20:00:00-04:00,104.02,105.29,103.81,105.10,1669900
2019-09-08 20:00:00-04:00,105.43,105.43,103.34,103.86,1758600
2019-09-09 20:00:00-04:00,103.24,103.30,100.40,101.62,1889100
2019-09-10 20:00:00-04:00,101.32,102.19,99.76,100.33,1979900
2019-09-11 20:00:00-04:00,101.33,102.22,99.74,99.86,1968500
2019-09-12 20:00:00-04:00,99.77,100.40,97.58,98.18,2477000
2019-09-15 20:00:00-04:00,97.40,98.51,97.13,97.45,1739900
2019-09-16 20:00:00-04:00,97.88,99.53,97.75,99.44,2068000
2019-09-17 20:00:00-04:00,99.95,101.04,99.74,101.01,1955300
2019-09-18 20:00:00-04:00,100.64,101.16,100.36,100.59,949700
2019-09-19 20:00:00-04:00,100.80,101.27,98.98,99.00,3256300
2019-09-22 20:00:00-04:00,98.74,100.95,98.31,100.14,1291100
2019-09-23 20:00:00-04:00,100.83,100.95,98.68,98.95,3414400
2019-09-24 20:00:00-04:00,98.88,98.98,97.88,98.31,2403900
2019-09-25 20:00:00-04:00,98.73,100.34,98.73,99.45,1471400
2019-09-26 20:00:00-04:00,99.89,100.02,98.92,99.61,924700
2019-09-29 20:00:00-04:00,99.74,100.34,99.37,100.00,1247700
2019-09-30 20:00:00-04:00,99.97,99.99,99.03,99.52,1042700
2019-10-01 20:00:00-04:00,99.06,99.36,98.25,99.33,1445400
2019-10-02 20:00:00-04:00,99.33,100.61,98.94,100.22,1327300
2019-10-03 20:00:00-04:00,100.34,101.34,100.25,101.08,1359800
2019-10-06 20:00:00-04:00,100.90,101.02,100.20,100.23,991000
2019-10-07 20:00:00-04:00,99.99,99.99,98.58,99.26,1406500
2019-10-08 20:00:00-04:00,99.71,100.39,99.48,99.91,946300
2019-10-09 20:00:00-04:00,99.62,101.05,99.56,100.79,841200
2019-10-10 20:00:00-04:00,101.21,101.53,100.53,100.90,1760500
2019-10-13 20:00:00-04:00,100.51,101.16,99.37,99.46,1040400
2019-10-14 20:00:00-04:00,99.95,100.08,97.46,98.12,1740000
2019-10-15 20:00:00-04:00,97.80,98.48,97.42,98.28,1284300
2019-10-16 20:00:00-04:00,98.47,99.03,97.20,97.30,1209900
2019-10-17 20:00:00-04:00,96.97,99.27,96.61,99.00,1952300
2019-10-20 20:00:00-04:00,99.51,99.81,98.13,99.01,1228500
2019-10-21 20:00:00-04:00,99.00,99.00,97.04,97.06,1783800
2019-10-22 20:00:00-04:00,97.08,97.61,95.29,96.33,1849600
2019-10-23 20:00:00-04:00,96.64,96.78,95.86,96.05,1391700
2019-10-24 20:00:00-04:00,95.94,96.71,95.74,96.18,985700
2019-10-27 20:00:00-04:00,96.70,97.60,96.54,96.54,2127600
2019-10-28 20:00:00-04:00,96.79,97.45,96.53,96.73,2024900
2019-10-29 20:00:00-04:00,90.36,91.33,86.17,91.10,9020100
2019-10-30 20:00:00-04:00,90.83,91.10,88.31,89.67,3934100
2019-10-31 20:00:00-04:00,89.86,90.13,87.45,87.85,2968600
2019-11-03 19:00:00-05:00,87.72,88.53,86.56,86.79,3067900
2019-11-04 19:00:00-05:00,86.93,87.01,85.46,86.34,2474000
2019-11-05 19:00:00-05:00,86.53,88.78,85.87,88.24,4237500
2019-11-06 19:00:00-05:00,88.25,88.50,86.94,87.86,2632700
2019-11-07 19:00:00-05:00,87.74,88.33,86.88,87.19,2365800
2019-11-10 19:00:00-05:00,87.16,87.79,87.00,87.13,2348300
2019-11-11 19:00:00-05:00,87.48,88.08,86.04,86.70,2268000
2019-11-12 19:00:00-05:00,87.02,87.66,86.53,86.73,1901300
2019-11-13 19:00:00-05:00,86.62,87.08,86.01,86.49,2240500
2019-11-14 19:00:00-05:00,86.95,87.16,86.26,86.64,2575800
2019-11-17 19:00:00-05:00,86.96,87.31,86.32,86.64,2485900
2019-11-18 19:00:00-05:00,86.69,86.86,85.99,86.47,2307900
2019-11-19 19:00:00-05:00,86.77,87.66,86.49,86.87,2234000
2019-11-20 19:00:00-05:00,87.21,87.79,86.64,86.68,2430700
2019-11-21 19:00:00-05:00,87.05,87.42,86.19,86.43,1543900
2019-11-24 19:00:00-05:00,86.32,86.96,86.30,86.78,2056000
2019-11-25 19:00:00-05:00,86.82,88.34,86.75,88.32,4723400
2019-11-26 19:00:00-05:00,88.34,89.48,88.16,89.11,2316300
2019-11-28 19:00:00-05:00,89.31,89.59,88.66,89.13,980600
2019-12-01 19:00:00-05:00,89.17,89.38,88.50,89.04,1412900
2019-12-02 19:00:00-05:00,88.93,89.31,87.81,88.05,1914500
2019-12-03 19:00:00-05:00,87.88,88.24,87.47,87.83,1606200
2019-12-04 19:00:00-05:00,87.87,88.06,87.02,87.23,2184600
2019-12-05 19:00:00-05:00,87.84,88.18,87.30,87.45,1951300
2019-12-08 19:00:00-05:00,87.37,87.90,87.24,87.64,1796700
2019-12-09 19:00:00-05:00,87.88,88.03,87.36,87.87,1775100
2019-12-10 19:00:00-05:00,88.24,88.46,87.64,88.04,1675700
2019-12-11 19:00:00-05:00,88.05,88.80,87.68,88.39,1518900
2019-12-12 19:00:00-05:00,88.12,88.69,87.57,88.64,1199200
2019-12-15 19:00:00-05:00,88.92,89.66,88.59,89.33,1486000
2019-12-16 19:00:00-05:00,87.95,89.09,87.36,88.20,2298700
2019-12-17 19:00:00-05:00,88.08,88.29,86.80,87.42,2657400
2019-12-18 19:00:00-05:00,87.29,88.64,87.18,88.38,1808100
2019-12-19 19:00:00-05:00,88.89,89.46,88.44,89.06,2420200
2019-12-22 19:00:00-05:00,89.31,89.33,88.34,88.37,1205600
2019-12-23 19:00:00-05:00,88.31,88.95,88.12,88.83,656400
2019-12-25 19:00:00-05:00,89.08,90.15,88.85,90.12,1176900
2019-12-26 19:00:00-05:00,90.17,90.49,89.96,90.22,1130500
2019-12-29 19:00:00-05:00,89.99,89.99,88.94,89.11,1185800
2019-12-30 19:00:00-05:00,89.13,89.58,88.74,89.19,1271000
2020-01-01 19:00:00-05:00,89.34,90.48,89.26,90.46,1369900
2020-01-02 19:00:00-05:00,89.80,90.32,88.86,90.18,1145500
2020-01-05 19:00:00-05:00,89.81,90.13,89.48,90.12,1454100
2020-01-06 19:00:00-05:00,90.09,90.52,89.90,90.28,1388600
2020-01-07 19:00:00-05:00,88.96,91.18,88.84,90.44,1521500
2020-01-08 19:00:00-05:00,90.81,92.10,90.66,91.16,1790100
2020-01-09 19:00:00-05:00,90.96,91.10,89.90,90.04,1462400
2020-01-12 19:00:00-05:00,90.08,90.36,88.79,88.84,1569700
2020-01-13 19:00:00-05:00,88.71,89.40,88.46,89.18,2024400
2020-01-14 19:00:00-05:00,89.30,90.12,89.20,89.64,1607100
2020-01-15 19:00:00-05:00,89.91,90.58,89.72,90.45,1191800
2020-01-16 19:00:00-05:00,91.41,93.51,91.35,93.32,4060400
2020-01-20 19:00:00-05:00,92.68,93.52,92.53,93.50,3494300
2020-01-21 19:00:00-05:00,93.86,94.74,93.78,94.29,2020800
2020-01-22 19:00:00-05:00,93.68,93.92,93.07,93.83,2128600
2020-01-23 19:00:00-05:00,93.93,94.03,92.18,92.95,2268800
2020-01-26 19:00:00-05:00,91.74,92.76,90.87,92.43,1833500
2020-01-27 19:00:00-05:00,92.74,93.05,92.36,92.81,1672500
2020-01-28 19:00:00-05:00,92.88,94.57,92.72,94.41,1401800
2020-01-29 19:00:00-05:00,93.38,94.43,92.76,94.38,1480000
2020-01-30 19:00:00-05:00,94.37,94.58,93.28,93.65,2117400
2020-02-02 19:00:00-05:00,93.68,94.60,93.19,94.21,1671000
2020-02-03 19:00:00-05:00,94.53,94.60,93.73,94.48,1595500
2020-02-04 19:00:00-05:00,95.11,95.29,93.61,94.54,1814400
2020-02-05 19:00:00-05:00,90.31,92.16,89.52,91.85,3271600
2020-02-06 19:00:00-05:00,90.10,90.86,89.20,90.35,2396800
2020-02-09 19:00:00-05:00,90.58,91.39,90.35,91.08,1667800
2020-02-10 19:00:00-05:00,91.31,92.36,91.05,92.13,2234400
2020-02-11 19:00:00-05:00,92.58,93.50,91.90,93.27,1784200
2020-02-12 19:00:00-05:00,93.06,93.97,92.81,93.41,1135100
2020-02-13 19:00:00-05:00,93.39,94.02,93.05,93.63,1249700
2020-02-17 19:00:00-05:00,93.53,93.55,92.12,92.52,1934600
2020-02-18 19:00:00-05:00,92.89,93.90,92.69,93.55,1875400
2020-02-19 19:00:00-05:00,93.27,93.54,90.86,92.38,1216300
2020-02-20 19:00:00-05:00,92.09,92.40,91.57,92.06,1015100
2020-02-23 19:00:00-05:00,90.60,91.28,89.04,89.16,1539100
2020-02-24 19:00:00-05:00,89.59,90.14,86.74,87.11,2389000
2020-02-25 19:00:00-05:00,87.42,88.41,86.69,86.71,3382500
2020-02-26 19:00:00-05:00,85.19,85.99,82.40,82.42,3850300
2020-02-27 19:00:00-05:00,80.61,81.58,77.87,79.38,4238900
2020-03-01 19:00:00-05:00,79.38,82.31,79.34,82.29,2408900
2020-03-02 19:00:00-05:00,82.29,84.20,80.04,81.21,2430900
2020-03-03 19:00:00-05:00,82.28,84.39,80.90,84.16,2420200
2020-03-04 19:00:00-05:00,82.26,82.56,79.98,80.86,2171600
2020-03-05 19:00:00-05:00,78.42,79.94,77.40,79.51,2564200
2020-03-08 20:00:00-04:00,74.98,77.63,73.82,74.44,3776600
2020-03-09 20:00:00-04:00,76.56,77.39,74.17,77.18,3464100
2020-03-10 20:00:00-04:00,74.63,74.80,70.59,72.01,2783100
2020-03-11 20:00:00-04:00,67.22,73.23,66.36,69.77,5272000
2020-03-12 20:00:00-04:00,72.73,73.15,67.47,69.78,3754400
2020-03-15 20:00:00-04:00,63.10,64.03,59.66,62.10,4975500
2020-03-16 20:00:00-04:00,63.41,63.95,54.21,58.24,6169800
2020-03-17 20:00:00-04:00,55.11,55.79,51.52,53.98,5693200
2020-03-18 20:00:00-04:00,52.90,59.31,50.84,55.67,4564500
2020-03-19 20:00:00-04:00,56.95,57.76,51.33,51.65,4407700
2020-03-22 20:00:00-04:00,50.91,51.77,48.87,50.27,4522900
2020-03-23 20:00:00-04:00,55.10,62.41,54.77,61.95,5277100
2020-03-24 20:00:00-04:00,62.62,67.97,58.40,64.81,5180800
2020-03-25 20:00:00-04:00,65.94,67.76,63.85,67.37,4876400
2020-03-26 20:00:00-04:00,64.25,64.59,60.52,60.95,4000000
2020-03-29 20:00:00-04:00,60.58,64.03,60.48,62.85,4274600
2020-03-30 20:00:00-04:00,62.37,63.97,60.54,60.95,3796100
2020-03-31 20:00:00-04:00,57.81,60.64,57.14,60.17,3316500
2020-04-01 20:00:00-04:00,59.86,61.31,57.41,58.74,3399700
2020-04-02 20:00:00-04:00,58.44,58.78,55.28,56.30,2631400
2020-04-05 20:00:00-04:00,59.19,63.30,59.12,62.70,3683700
2020-04-06 20:00:00-04:00,65.80,67.15,62.26,63.46,3908500
2020-04-07 20:00:00-04:00,64.23,67.29,63.02,67.03,3682000
2020-04-08 20:00:00-04:00,69.01,73.02,68.48,71.48,4199600
2020-04-12 20:00:00-04:00,70.95,71.26,66.85,68.53,2014500
2020-04-13 20:00:00-04:00,69.64,71.51,68.83,71.05,2502800
2020-04-14 20:00:00-04:00,68.65,69.80,68.02,69.05,1907600
2020-04-15 20:00:00-04:00,69.00,71.32,68.21,71.25,2376700
2020-04-16 20:00:00-04:00,73.94,75.57,73.01,74.86,3326300
2020-04-19 20:00:00-04:00,73.65,74.82,72.57,72.99,1827500
2020-04-20 20:00:00-04:00,71.23,72.72,71.06,72.22,2768700
2020-04-21 20:00:00-04:00,73.82,77.79,73.55,77.19,2923000
2020-04-22 20:00:00-04:00,77.09,77.68,75.20,76.14,2108900
2020-04-23 20:00:00-04:00,76.29,76.84,74.91,76.39,2131900
2020-04-26 20:00:00-04:00,77.46,78.90,77.36,78.43,1840100
2020-04-27 20:00:00-04:00,80.15,80.46,77.56,78.50,2665900
2020-04-28 20:00:00-04:00,80.51,80.51,76.71,77.78,3261300
2020-04-29 20:00:00-04:00,76.65,78.96,76.18,76.87,2319500
2020-04-30 20:00:00-04:00,75.05,75.51,73.59,74.54,2130500
2020-05-03 20:00:00-04:00,73.34,74.40,72.18,73.90,1892900
2020-05-04 20:00:00-04:00,75.09,75.49,73.53,74.07,1929800
2020-05-05 20:00:00-04:00,74.53,75.03,73.71,73.97,1440300
2020-05-06 20:00:00-04:00,75.15,76.02,74.74,75.24,1874000
2020-05-07 20:00:00-04:00,76.52,77.00,75.60,76.65,1949200
2020-05-10 20:00:00-04:00,76.15,77.59,75.88,76.81,1785000
2020-05-11 20:00:00-04:00,77.45,77.93,74.70,74.71,1926400
2020-05-12 20:00:00-04:00,74.16,74.51,70.50,71.54,2809100
2020-05-13 20:00:00-04:00,70.44,74.25,69.00,74.07,2684200
2020-05-14 20:00:00-04:00,73.44,75.87,73.02,75.51,3998200
2020-05-17 20:00:00-04:00,78.05,78.66,76.47,77.16,2550100
2020-05-18 20:00:00-04:00,76.67,78.42,76.00,77.25,2066400
2020-05-19 20:00:00-04:00,78.66,78.66,77.50,78.34,2653800
2020-05-20 20:00:00-04:00,78.31,78.50,77.10,78.27,2235900
2020-05-21 20:00:00-04:00,78.64,78.68,76.57,77.60,2247700
2020-05-25 20:00:00-04:00,79.86,80.88,78.16,78.31,3680800
2020-05-26 20:00:00-04:00,79.54,80.61,78.94,80.26,4590700
2020-05-27 20:00:00-04:00,81.01,81.63,78.88,81.22,4065700
2020-05-28 20:00:00-04:00,80.71,81.28,79.13,80.22,14610100
2020-05-31 20:00:00-04:00,80.36,81.67,79.94,80.93,2014100
2020-06-01 20:00:00-04:00,81.53,82.70,81.18,82.44,2483900
2020-06-02 20:00:00-04:00,83.37,85.70,83.07,84.54,2667100
2020-06-03 20:00:00-04:00,84.40,85.50,83.85,84.92,2537000
2020-06-04 20:00:00-04:00,87.39,87.86,85.40,86.29,3722800
2020-06-07 20:00:00-04:00,86.27,86.60,85.39,85.82,2748000
2020-06-08 20:00:00-04:00,84.93,86.14,83.96,85.43,2063200
2020-06-09 20:00:00-04:00,85.32,85.58,83.51,84.12,2418600
2020-06-10 20:00:00-04:00,82.26,83.07,80.33,81.06,2540500
2020-06-11 20:00:00-04:00,83.01,83.13,80.17,81.61,1806400
2020-06-14 20:00:00-04:00,79.99,82.16,79.14,81.75,1631000
2020-06-15 20:00:00-04:00,84.33,84.33,81.27,82.12,1842500
2020-06-16 20:00:00-04:00,82.58,82.68,81.24,81.59,1384600
2020-06-17 20:00:00-04:00,81.11,81.36,80.13,80.58,1428300
2020-06-18 20:00:00-04:00,81.78,82.18,78.58,78.91,4135900
2020-06-21 20:00:00-04:00,78.67,79.11,77.98,78.51,2219700
2020-06-22 20:00:00-04:00,79.53,79.83,78.42,78.60,2094100
2020-06-23 20:00:00-04:00,78.17,78.26,75.95,77.39,2848200
2020-06-24 20:00:00-04:00,77.17,77.49,75.86,76.89,1611200
2020-06-25 20:00:00-04:00,76.71,77.31,75.25,75.80,4644300
2020-06-28 20:00:00-04:00,76.01,77.94,75.38,77.76,1292000
2020-06-29 20:00:00-04:00,76.81,78.15,76.47,77.70,2046600
2020-06-30 20:00:00-04:00,77.93,78.38,76.50,77.29,1963300
2020-07-01 20:00:00-04:00,78.44,79.23,77.21,77.39,1743100
2020-07-05 20:00:00-04:00,78.36,79.34,77.23,79.13,1286900
2020-07-06 20:00:00-04:00,78.66,78.84,77.49,77.65,1310700
2020-07-07 20:00:00-04:00,77.72,78.19,76.94,77.38,1464000
2020-07-08 20:00:00-04:00,77.44,78.00,76.61,77.23,1812100
2020-07-09 20:00:00-04:00,77.06,78.17,76.62,77.99,1026700
2020-07-12 20:00:00-04:00,78.39,80.10,77.82,78.16,2291100
2020-07-13 20:00:00-04:00,77.88,79.07,77.60,78.83,1461500
2020-07-14 20:00:00-04:00,80.13,81.08,79.29,80.77,2272800
2020-07-15 20:00:00-04:00,80.37,80.82,79.93,80.18,1798600
2020-07-16 20:00:00-04:00,80.51,81.36,79.95,80.97,1293900
2020-07-19 20:00:00-04:00,80.77,81.55,80.17,81.28,1339200
2020-07-20 20:00:00-04:00,81.99,82.35,81.26,81.39,1433500
2020-07-21 20:00:00-04:00,81.11,84.23,81.05,83.70,2341800
2020-07-22 20:00:00-04:00,83.45,84.21,82.57,83.03,1553000
2020-07-23 20:00:00-04:00,83.16,83.56,82.44,83.27,1022600
2020-07-26 20:00:00-04:00,83.16,84.18,82.76,83.47,2213300
2020-07-27 20:00:00-04:00,83.73,84.02,82.54,82.92,2171100
2020-07-28 20:00:00-04:00,82.92,85.33,82.85,84.78,2777900
2020-07-29 20:00:00-04:00,83.28,84.22,80.97,81.93,3863100
2020-07-30 20:00:00-04:00,81.87,82.12,80.60,81.40,1914900
2020-08-02 20:00:00-04:00,81.58,82.67,81.18,81.28,1735200
2020-08-03 20:00:00-04:00,80.93,82.62,80.81,82.09,1321700
2020-08-04 20:00:00-04:00,82.46,82.72,81.17,81.36,1243200
2020-08-05 20:00:00-04:00,80.83,81.78,80.60,81.35,1194800
2020-08-06 20:00:00-04:00,80.94,81.64,80.50,81.19,1239700
2020-08-09 20:00:00-04:00,81.31,82.04,81.27,81.66,1087400
2020-08-10 20:00:00-04:00,82.33,83.95,82.31,82.88,1429100
2020-08-11 20:00:00-04:00,83.41,83.86,82.73,83.29,1189300
2020-08-12 20:00:00-04:00,83.11,83.79,82.75,82.94,1221200
2020-08-13 20:00:00-04:00,82.86,83.29,82.27,82.83,781000
2020-08-16 20:00:00-04:00,83.01,84.13,82.74,83.68,1199200
2020-08-17 20:00:00-04:00,84.36,84.84,83.68,84.84,1463300
2020-08-18 20:00:00-04:00,85.06,85.33,83.62,83.98,1275800
2020-08-19 20:00:00-04:00,83.21,85.39,83.14,85.26,1346200
2020-08-20 20:00:00-04:00,85.31,86.12,85.22,85.92,1477100
2020-08-23 20:00:00-04:00,86.18,86.69,85.08,86.33,1439200
2020-08-24 20:00:00-04:00,86.88,87.00,86.15,86.68,1179800
2020-08-25 20:00:00-04:00,86.35,86.35,85.18,85.64,1521300
2020-08-26 20:00:00-04:00,86.59,86.85,85.77,85.77,1661900
2020-08-27 20:00:00-04:00,86.27,87.68,85.85,87.55,1517100
2020-08-30 20:00:00-04:00,87.31,87.43,85.99,86.11,1451300
2020-08-31 20:00:00-04:00,85.88,86.40,85.28,86.38,1618200
2020-09-01 20:00:00-04:00,86.34,88.63,86.16,88.02,1873300
2020-09-02 20:00:00-04:00,88.42,88.54,85.69,86.54,1526300
2020-09-03 20:00:00-04:00,87.05,87.37,84.72,85.54,2025000
2020-09-07 20:00:00-04:00,85.35,86.36,83.96,84.16,2305000
2020-09-08 20:00:00-04:00,84.55,85.20,83.83,83.90,1193400
2020-09-09 20:00:00-04:00,83.89,84.95,82.75,82.97,1634100
2020-09-10 20:00:00-04:00,83.23,83.94,82.20,82.89,1246500
2020-09-13 20:00:00-04:00,83.69,84.61,83.14,83.43,1497700
2020-09-14 20:00:00-04:00,83.73,84.74,83.64,84.02,1191500
2020-09-15 20:00:00-04:00,84.31,85.75,84.11,85.18,1621100
2020-09-16 20:00:00-04:00,84.17,85.01,83.52,84.19,1254500
2020-09-17 20:00:00-04:00,83.83,84.79,82.71,82.75,2775800
2020-09-20 20:00:00-04:00,81.21,81.84,79.13,80.26,1717700
2020-09-21 20:00:00-04:00,80.29,81.59,79.82,81.39,1233300
2020-09-22 20:00:00-04:00,81.55,82.13,80.50,80.65,1756200
2020-09-23 20:00:00-04:00,80.57,82.18,80.06,82.09,1650700
2020-09-24 20:00:00-04:00,81.79,82.42,80.61,82.09,1154800
2020-09-27 20:00:00-04:00,82.54,83.06,82.10,82.54,1694600
2020-09-28 20:00:00-04:00,82.27,82.54,81.07,81.49,1612600
2020-09-29 20:00:00-04:00,81.86,83.13,81.54,82.02,1735200
2020-09-30 20:00:00-04:00,82.79,83.11,81.94,82.49,1300700
2020-10-01 20:00:00-04:00,81.41,85.63,81.15,85.50,2173300
2020-10-04 20:00:00-04:00,85.96,86.05,83.86,84.53,1415100
2020-10-05 20:00:00-04:00,84.95,85.19,82.50,82.58,1282300
2020-10-06 20:00:00-04:00,83.37,84.87,83.29,84.34,1523400
2020-10-07 20:00:00-04:00,84.62,85.73,84.35,85.72,1239100
2020-10-08 20:00:00-04:00,85.91,86.32,85.19,85.79,1169700
2020-10-11 20:00:00-04:00,85.81,86.45,85.21,86.23,976900
2020-10-12 20:00:00-04:00,85.72,86.60,85.68,86.25,847600
2020-10-13 20:00:00-04:00,86.45,87.46,86.13,86.71,1317000
2020-10-14 20:00:00-04:00,86.18,89.61,85.90,89.38,2427900
2020-10-15 20:00:00-04:00,89.54,90.51,88.41,88.52,2282000
2020-10-18 20:00:00-04:00,88.39,89.65,87.17,87.37,1087900
2020-10-19 20:00:00-04:00,87.93,88.47,87.14,87.40,1112400
2020-10-20 20:00:00-04:00,87.40,89.28,87.27,89.00,1060600
2020-10-21 20:00:00-04:00,89.53,89.79,88.22,89.70,1336900
2020-10-22 20:00:00-04:00,90.14,91.20,89.04,90.99,1039400
2020-10-25 20:00:00-04:00,90.32,90.32,87.61,89.12,1300000
2020-10-26 20:00:00-04:00,88.78,89.09,87.88,88.03,1024800
2020-10-27 20:00:00-04:00,86.31,87.32,85.25,85.40,1564600
2020-10-28 20:00:00-04:00,87.42,87.58,82.85,85.29,2009000
2020-10-29 20:00:00-04:00,84.77,85.54,82.97,83.85,2139000
2020-11-01 19:00:00-05:00,84.83,86.18,84.21,85.57,1908400
2020-11-02 19:00:00-05:00,86.62,87.77,86.06,86.94,1449700
2020-11-03 19:00:00-05:00,87.42,89.81,86.84,88.56,2024400
2020-11-04 19:00:00-05:00,89.32,90.94,88.91,90.47,2803100
2020-11-05 19:00:00-05:00,90.35,90.97,89.06,89.28,1745400
2020-11-08 19:00:00-05:00,93.42,95.53,91.55,91.62,2035700
2020-11-09 19:00:00-05:00,92.32,93.45,91.64,92.53,1545200
2020-11-10 19:00:00-05:00,92.72,93.01,91.24,91.47,1273200
2020-11-11 19:00:00-05:00,91.23,91.87,89.61,90.22,1326000
2020-11-12 19:00:00-05:00,90.85,92.55,90.63,92.42,1345500
2020-11-15 19:00:00-05:00,93.17,95.13,92.97,94.12,1575500
2020-11-16 19:00:00-05:00,92.97,93.71,92.54,93.47,1000200
2020-11-17 19:00:00-05:00,93.81,94.35,93.23,93.59,1288000
2020-11-18 19:00:00-05:00,93.58,94.69,93.27,94.57,1081500
2020-11-19 19:00:00-05:00,94.47,94.74,94.04,94.32,1541200
2020-11-22 19:00:00-05:00,94.86,95.09,93.87,94.33,1449100
2020-11-23 19:00:00-05:00,95.37,96.84,94.98,96.73,1439900
2020-11-24 19:00:00-05:00,96.48,96.81,95.58,96.21,1376700
2020-11-26 19:00:00-05:00,96.56,97.19,96.38,96.72,801200
2020-11-29 19:00:00-05:00,95.84,96.10,94.76,95.48,2902800
2020-11-30 19:00:00-05:00,96.42,96.55,95.22,95.96,1726200
2020-12-01 19:00:00-05:00,95.54,95.63,94.57,94.74,1298100
2020-12-02 19:00:00-05:00,94.46,94.96,94.14,94.32,1329900
2020-12-03 19:00:00-05:00,94.84,95.79,94.55,95.53,897000
2020-12-06 19:00:00-05:00,95.23,95.38,94.46,94.97,1507200
2020-12-07 19:00:00-05:00,94.39,95.32,94.29,94.89,1421200
2020-12-08 19:00:00-05:00,95.30,96.48,94.85,96.17,1431700
2020-12-09 19:00:00-05:00,95.80,96.63,95.57,96.07,1347800
2020-12-10 19:00:00-05:00,95.55,96.11,95.07,95.65,1538300
2020-12-13 19:00:00-05:00,96.46,96.46,95.05,95.21,2015300
2020-12-14 19:00:00-05:00,96.00,97.15,95.63,96.90,2357700
2020-12-15 19:00:00-05:00,97.02,98.04,96.71,96.94,2412400
2020-12-16 19:00:00-05:00,98.12,98.26,97.33,98.18,2842700
2020-12-17 19:00:00-05:00,98.20,99.42,98.18,99.07,4513800
2020-12-20 19:00:00-05:00,97.57,98.77,96.26,98.03,1288900
2020-12-21 19:00:00-05:00,97.52,97.75,96.58,96.92,1199300
2020-12-22 19:00:00-05:00,96.70,97.40,96.37,96.37,884700
2020-12-23 19:00:00-05:00,96.76,97.18,96.51,97.05,340400
2020-12-27 19:00:00-05:00,97.90,99.13,96.90,99.07,1822900
2020-12-28 19:00:00-05:00,98.93,99.77,98.73,98.77,1818300
2020-12-29 19:00:00-05:00,98.68,99.86,98.66,98.83,1267900
2020-12-30 19:00:00-05:00,98.13,98.53,96.90,97.97,1651700
2021-01-03 19:00:00-05:00,98.38,98.38,94.63,95.50,2058200
2021-01-04 19:00:00-05:00,95.33,95.97,94.94,95.50,1475300
2021-01-05 19:00:00-05:00,95.32,96.29,95.11,96.03,1352700
2021-01-06 19:00:00-05:00,96.11,96.55,95.01,95.30,2222900
2021-01-07 19:00:00-05:00,95.49,96.97,95.31,96.70,1252200
2021-01-10 19:00:00-05:00,96.38,97.50,96.19,97.16,1329100
2021-01-11 19:00:00-05:00,97.00,97.87,96.09,97.16,1182600
2021-01-12 19:00:00-05:00,96.67,97.22,95.91,96.70,1538800
2021-01-13 19:00:00-05:00,97.26,98.96,96.84,97.26,1497600
2021-01-14 19:00:00-05:00,97.03,97.03,95.66,96.22,1163500
2021-01-18 19:00:00-05:00,96.52,97.46,96.33,96.91,1748400
2021-01-19 19:00:00-05:00,97.15,98.93,96.94,98.73,1543700
2021-01-20 19:00:00-05:00,98.82,98.82,97.35,97.35,1199400
2021-01-21 19:00:00-05:00,96.88,97.11,95.72,96.64,951400
2021-01-24 19:00:00-05:00,95.92,96.00,94.09,94.99,1495200
2021-01-25 19:00:00-05:00,95.34,96.77,93.79,95.96,1834400
2021-01-26 19:00:00-05:00,95.24,95.35,91.86,92.07,1914700
2021-01-27 19:00:00-05:00,92.27,94.03,92.12,92.53,1827300
2021-01-28 19:00:00-05:00,92.13,93.17,91.31,91.59,1901300
2021-01-31 19:00:00-05:00,92.26,93.59,91.72,93.00,1782200
2021-02-01 19:00:00-05:00,94.13,96.49,93.53,95.93,1999800
2021-02-02 19:00:00-05:00,95.47,95.79,94.51,94.51,1606800
2021-02-03 19:00:00-05:00,95.15,95.55,92.82,92.94,2777000
2021-02-04 19:00:00-05:00,93.27,95.56,93.27,95.06,2266100
2021-02-07 19:00:00-05:00,94.59,94.85,92.76,93.28,1947000
2021-02-08 19:00:00-05:00,93.32,93.82,92.27,93.06,1598500
2021-02-09 19:00:00-05:00,93.65,95.06,92.94,94.59,2005200
2021-02-10 19:00:00-05:00,94.98,96.10,94.54,95.64,1791200
2021-02-11 19:00:00-05:00,95.62,96.03,94.78,95.64,1163800
2021-02-15 19:00:00-05:00,95.82,96.28,95.18,95.75,1904300
2021-02-16 19:00:00-05:00,94.97,95.60,94.26,94.61,2263200
2021-02-17 19:00:00-05:00,94.24,96.02,94.24,95.54,1485600
2021-02-18 19:00:00-05:00,95.69,96.17,95.15,95.33,1726800
2021-02-21 19:00:00-05:00,94.68,95.70,94.09,95.22,2102700
2021-02-22 19:00:00-05:00,95.75,96.78,94.25,94.89,1795800
2021-02-23 19:00:00-05:00,94.82,95.27,94.04,94.92,1704200
2021-02-24 19:00:00-05:00,94.89,95.23,94.19,94.94,1751800
2021-02-25 19:00:00-05:00,95.41,95.46,93.59,93.88,2018900
2021-02-28 19:00:00-05:00,94.31,95.99,94.28,94.77,1446300
2021-03-01 19:00:00-05:00,94.55,95.65,94.05,94.97,2450800
2021-03-02 19:00:00-05:00,95.00,95.35,93.83,93.86,1740700
2021-03-03 19:00:00-05:00,94.03,94.62,92.45,93.91,1789200
2021-03-04 19:00:00-05:00,94.12,95.03,92.43,94.60,1638000
2021-03-07 19:00:00-05:00,94.76,95.61,94.38,94.43,2036900
2021-03-08 19:00:00-05:00,94.74,95.01,93.08,93.11,2502600
2021-03-09 19:00:00-05:00,93.58,95.40,93.21,94.86,1995500
2021-03-10 19:00:00-05:00,95.28,95.92,94.74,94.87,1846100
2021-03-11 19:00:00-05:00,95.15,95.58,94.40,95.04,1562800
2021-03-14 20:00:00-04:00,95.43,97.94,95.32,97.92,1954900
2021-03-15 20:00:00-04:00,97.93,98.96,97.59,98.66,2289500
2021-03-16 20:00:00-04:00,98.66,101.27,98.17,100.67,2707800
2021-03-17 20:00:00-04:00,100.48,100.62,98.17,98.21,1645400
2021-03-18 20:00:00-04:00,98.36,99.32,97.54,97.89,3184200
2021-03-21 20:00:00-04:00,97.73,98.82,97.59,98.61,1915800
2021-03-22 20:00:00-04:00,97.89,98.27,97.43,97.93,1473900
2021-03-23 20:00:00-04:00,97.93,98.69,97.10,97.10,1198900
2021-03-24 20:00:00-04:00,97.10,97.48,96.13,97.37,1430400
2021-03-25 20:00:00-04:00,97.88,98.06,96.38,97.98,1391400
2021-03-28 20:00:00-04:00,97.93,99.72,97.10,99.03,1717900
2021-03-29 20:00:00-04:00,98.16,100.36,98.16,99.53,1694000
2021-03-30 20:00:00-04:00,99.02,99.27,98.07,98.09,1604400
2021-03-31 20:00:00-04:00,98.54,99.72,97.92,99.56,927800
2021-04-04 20:00:00-04:00,99.81,100.91,99.70,100.32,1239200
2021-04-05 20:00:00-04:00,101.01,104.00,100.90,103.44,2280000
2021-04-06 20:00:00-04:00,103.15,103.95,103.00,103.42,1095600
2021-04-07 20:00:00-04:00,103.17,103.98,102.83,103.97,1216200
2021-04-08 20:00:00-04:00,104.08,104.25,103.01,104.24,1042100
2021-04-11 20:00:00-04:00,104.28,105.68,104.27,105.56,1541900
2021-04-12 20:00:00-04:00,105.61,106.99,105.30,106.50,1462000
2021-04-13 20:00:00-04:00,106.57,107.75,106.48,107.14,1353400
2021-04-14 20:00:00-04:00,107.42,107.88,106.32,106.64,1243800
2021-04-15 20:00:00-04:00,107.58,107.58,106.74,107.05,1586500
2021-04-18 20:00:00-04:00,107.34,107.64,106.23,106.73,768500
2021-04-19 20:00:00-04:00,106.19,107.07,106.02,106.96,827500
2021-04-20 20:00:00-04:00,106.78,107.24,106.24,106.50,846600
2021-04-21 20:00:00-04:00,107.16,107.48,106.53,106.83,829600
2021-04-22 20:00:00-04:00,106.75,107.17,106.40,106.74,1097600
2021-04-25 20:00:00-04:00,106.95,106.95,104.60,104.89,2121100
2021-04-26 20:00:00-04:00,105.22,105.64,105.00,105.56,1082000
2021-04-27 20:00:00-04:00,105.10,107.63,104.73,106.61,1789700
2021-04-28 20:00:00-04:00,107.00,108.11,106.76,107.82,2055800
2021-04-29 20:00:00-04:00,107.83,108.74,107.32,108.38,1863900
2021-05-02 20:00:00-04:00,108.81,109.43,108.75,108.79,1087200
2021-05-03 20:00:00-04:00,108.73,109.45,108.03,108.24,1594300
2021-05-04 20:00:00-04:00,108.38,110.07,107.96,109.80,1428400
2021-05-05 20:00:00-04:00,110.49,111.00,109.33,109.98,1190200
2021-05-06 20:00:00-04:00,109.96,110.96,109.81,109.93,1022400
2021-05-09 20:00:00-04:00,110.23,111.29,109.98,110.55,1039200
2021-05-10 20:00:00-04:00,110.72,110.72,107.28,108.04,2750100
2021-05-11 20:00:00-04:00,107.70,108.00,106.02,106.23,1617100
2021-05-12 20:00:00-04:00,106.34,107.70,106.34,107.08,1470800
2021-05-13 20:00:00-04:00,107.34,108.55,107.31,108.15,1241900
2021-05-16 20:00:00-04:00,108.20,108.35,106.78,107.59,1181600
2021-05-17 20:00:00-04:00,107.88,108.86,107.83,108.17,1426300
2021-05-18 20:00:00-04:00,107.21,107.96,106.44,107.64,1624400
2021-05-19 20:00:00-04:00,107.74,109.06,107.64,108.76,1242200
2021-05-20 20:00:00-04:00,109.04,109.31,108.33,108.55,2184700
2021-05-23 20:00:00-04:00,108.96,110.26,108.79,109.28,1460300
2021-05-24 20:00:00-04:00,109.72,109.98,109.14,109.35,1536200
2021-05-25 20:00:00-04:00,109.53,109.65,108.84,109.26,2496500
2021-05-26 20:00:00-04:00,109.63,109.71,108.63,109.35,2226600
2021-05-27 20:00:00-04:00,109.36,109.56,108.87,109.24,1389600
2021-05-31 20:00:00-04:00,110.17,110.17,108.92,109.17,1242700
2021-06-01 20:00:00-04:00,109.27,109.91,108.48,108.57,2240600
2021-06-02 20:00:00-04:00,107.84,108.38,106.70,108.10,1690100
2021-06-03 20:00:00-04:00,108.81,108.93,107.68,108.14,1080500
2021-06-06 20:00:00-04:00,108.24,108.47,107.24,107.73,1104500
2021-06-07 20:00:00-04:00,108.02,109.23,107.87,108.41,1448900
2021-06-08 20:00:00-04:00,108.50,108.80,106.97,107.02,2053000
2021-06-09 20:00:00-04:00,107.25,108.10,106.77,108.09,1310200
2021-06-10 20:00:00-04:00,108.37,109.42,108.25,108.95,2077900
2021-06-13 20:00:00-04:00,108.60,108.85,106.91,107.50,2266200
2021-06-14 20:00:00-04:00,107.63,108.03,107.20,107.96,1177700
2021-06-15 20:00:00-04:00,108.24,108.24,106.76,107.57,1394400
2021-06-16 20:00:00-04:00,107.57,107.86,105.91,106.39,1215800
2021-06-17 20:00:00-04:00,105.37,105.69,104.27,104.38,3951000
2021-06-20 20:00:00-04:00,105.17,106.38,104.62,106.31,1486800
2021-06-21 20:00:00-04:00,106.62,107.13,106.00,106.99,1293500
2021-06-22 20:00:00-04:00,107.02,107.12,106.36,106.48,1407600
2021-06-23 20:00:00-04:00,107.06,107.39,106.43,106.52,1706200
2021-06-24 20:00:00-04:00,106.26,107.13,106.10,106.76,5229900
2021-06-27 20:00:00-04:00,106.44,106.60,105.09,105.72,1662200
2021-06-28 20:00:00-04:00,106.06,106.13,105.09,105.22,1187000
2021-06-29 20:00:00-04:00,105.11,105.51,104.27,104.74,1474300
2021-06-30 20:00:00-04:00,105.16,106.02,105.04,105.63,1847500
2021-07-01 20:00:00-04:00,106.01,106.61,105.65,106.49,867700
2021-07-05 20:00:00-04:00,106.93,106.93,105.29,105.85,963300
2021-07-06 20:00:00-04:00,105.59,107.35,105.34,107.28,1182400
2021-07-07 20:00:00-04:00,106.26,107.32,105.97,106.82,1122700
2021-07-08 20:00:00-04:00,107.77,108.22,107.33,107.97,999900
2021-07-11 20:00:00-04:00,107.47,107.68,106.86,107.32,1001900
2021-07-12 20:00:00-04:00,107.15,107.19,106.43,106.61,1140000
2021-07-13 20:00:00-04:00,106.72,107.48,106.46,106.64,931700
2021-07-14 20:00:00-04:00,106.36,106.72,105.70,106.52,1029800
2021-07-15 20:00:00-04:00,106.84,107.01,105.37,105.49,1055900
2021-07-18 20:00:00-04:00,104.25,104.50,102.12,103.30,2222400
2021-07-19 20:00:00-04:00,103.71,106.01,103.38,105.77,1886400
2021-07-20 20:00:00-04:00,106.52,107.31,105.65,106.32,1566000
2021-07-21 20:00:00-04:00,106.53,109.67,106.22,109.50,1989000
2021-07-22 20:00:00-04:00,109.71,112.39,109.60,111.80,2143400
2021-07-25 20:00:00-04:00,111.79,112.57,111.38,112.41,1511600
2021-07-26 20:00:00-04:00,112.31,114.41,111.89,114.25,2251800
2021-07-27 20:00:00-04:00,114.16,114.16,110.65,111.64,1981000
2021-07-28 20:00:00-04:00,115.18,118.82,114.29,118.65,2795400
2021-07-29 20:00:00-04:00,117.63,120.21,117.37,119.64,2193700
2021-08-01 20:00:00-04:00,120.27,121.41,119.91,120.55,1520500
2021-08-02 20:00:00-04:00,120.76,121.51,119.36,121.48,1509200
2021-08-03 20:00:00-04:00,121.53,122.15,120.88,121.57,1163300
2021-08-04 20:00:00-04:00,122.00,122.25,120.96,121.68,1109200
2021-08-05 20:00:00-04:00,121.98,122.58,121.39,122.04,1211400
2021-08-08 20:00:00-04:00,121.93,121.93,121.00,121.28,950800
2021-08-09 20:00:00-04:00,121.35,121.75,121.05,121.15,991500
2021-08-10 20:00:00-04:00,121.46,122.74,121.20,122.06,1354700
2021-08-11 20:00:00-04:00,122.18,122.18,121.26,121.43,904600
2021-08-12 20:00:00-04:00,121.48,122.92,121.16,122.89,1438700
2021-08-15 20:00:00-04:00,122.45,123.28,122.08,123.03,800800
2021-08-16 20:00:00-04:00,122.52,123.20,122.08,122.85,769300
2021-08-17 20:00:00-04:00,122.78,123.62,122.17,122.37,734800
2021-08-18 20:00:00-04:00,121.88,122.51,121.33,121.98,644900
2021-08-19 20:00:00-04:00,121.37,122.84,121.22,122.43,885100
2021-08-22 20:00:00-04:00,122.95,123.39,122.43,122.83,948600
2021-08-23 20:00:00-04:00,122.78,122.96,121.48,121.59,1079800
2021-08-24 20:00:00-04:00,121.25,122.63,121.25,122.41,856200
2021-08-25 20:00:00-04:00,120.93,120.93,119.76,120.09,1541800
2021-08-26 20:00:00-04:00,120.45,121.31,120.19,120.37,1263000
2021-08-29 20:00:00-04:00,120.38,121.01,119.41,119.44,1701400
2021-08-30 20:00:00-04:00,119.73,120.41,119.22,119.75,2297300
2021-08-31 20:00:00-04:00,120.11,121.20,119.32,120.23,1238800
2021-09-01 20:00:00-04:00,120.93,121.17,119.82,119.97,1107800
2021-09-02 20:00:00-04:00,119.44,120.18,119.34,119.65,834400
2021-09-06 20:00:00-04:00,119.96,120.17,117.71,117.74,1553100
2021-09-07 20:00:00-04:00,118.11,119.61,117.61,118.99,1273100
2021-09-08 20:00:00-04:00,119.15,120.09,118.07,118.13,1024200
2021-09-09 20:00:00-04:00,118.90,119.48,118.24,118.71,2095800
2021-09-12 20:00:00-04:00,118.99,119.05,116.76,117.94,1659200
2021-09-13 20:00:00-04:00,118.42,118.42,117.48,117.89,1399200
2021-09-14 20:00:00-04:00,117.59,117.86,116.30,117.43,1336000
2021-09-15 20:00:00-04:00,117.50,117.90,116.10,116.93,1781800
2021-09-16 20:00:00-04:00,116.72,117.43,115.87,116.15,4309800
2021-09-19 20:00:00-04:00,114.63,115.69,113.33,114.78,1538900
2021-09-20 20:00:00-04:00,115.22,115.88,114.00,114.10,1575600
2021-09-21 20:00:00-04:00,114.83,115.87,114.54,114.74,1790300
2021-09-22 20:00:00-04:00,115.06,115.72,114.10,114.22,2255600
2021-09-23 20:00:00-04:00,114.56,115.27,114.12,114.72,1534400
2021-09-26 20:00:00-04:00,114.31,115.72,114.31,114.76,1805900
2021-09-27 20:00:00-04:00,114.53,114.69,111.61,111.99,1834400
2021-09-28 20:00:00-04:00,112.30,112.61,111.21,112.45,2048500
2021-09-29 20:00:00-04:00,112.73,113.29,111.61,111.78,3102700
2021-09-30 20:00:00-04:00,112.69,113.41,111.39,113.00,1995000
2021-10-03 20:00:00-04:00,112.72,113.84,112.26,112.45,2155600
2021-10-04 20:00:00-04:00,112.73,113.90,111.87,112.96,1660800
2021-10-05 20:00:00-04:00,111.61,113.08,110.78,113.02,1723900
2021-10-06 20:00:00-04:00,113.97,115.34,113.78,114.44,1535400
2021-10-07 20:00:00-04:00,114.41,114.85,112.72,112.77,918000
2021-10-10 20:00:00-04:00,112.73,113.24,111.42,111.50,1010600
2021-10-11 20:00:00-04:00,112.28,112.66,111.05,111.83,1146300
2021-10-12 20:00:00-04:00,111.75,112.94,111.35,112.89,1350500
2021-10-13 20:00:00-04:00,113.57,114.81,113.11,114.29,1553500
2021-10-14 20:00:00-04:00,115.33,115.94,114.40,114.43,1829000
2021-10-17 20:00:00-04:00,114.48,115.77,114.04,115.57,1131400
2021-10-18 20:00:00-04:00,115.81,116.31,114.64,114.89,1106200
2021-10-19 20:00:00-04:00,114.58,116.25,114.22,115.05,1281800
2021-10-20 20:00:00-04:00,115.16,115.93,114.58,115.87,1192400
2021-10-21 20:00:00-04:00,115.49,116.23,115.37,115.68,994300
2021-10-24 20:00:00-04:00,115.83,116.25,114.78,115.10,1343500
2021-10-25 20:00:00-04:00,115.25,116.09,114.78,115.32,1537900
2021-10-26 20:00:00-04:00,115.44,116.95,114.96,114.96,1427600
2021-10-27 20:00:00-04:00,113.68,115.50,112.65,115.05,2238900
2021-10-28 20:00:00-04:00,113.73,115.15,113.06,114.19,2303800
2021-10-31 20:00:00-04:00,114.74,116.13,114.55,115.64,1239900
2021-11-01 20:00:00-04:00,115.73,116.07,113.43,113.71,1296700
2021-11-02 20:00:00-04:00,113.25,114.37,112.47,113.37,1486700
2021-11-03 20:00:00-04:00,113.65,115.09,113.42,114.61,1146800
2021-11-04 20:00:00-04:00,115.69,116.85,115.13,115.78,1187800
2021-11-07 19:00:00-05:00,115.55,116.37,115.13,115.36,839600
2021-11-08 19:00:00-05:00,115.21,116.38,114.82,115.33,706600
2021-11-09 19:00:00-05:00,115.01,115.33,114.57,114.97,996100
2021-11-10 19:00:00-05:00,115.00,115.00,112.43,113.71,1168000
2021-11-11 19:00:00-05:00,113.86,114.98,113.57,114.44,813900
2021-11-14 19:00:00-05:00,115.06,116.59,114.85,115.69,1033400
2021-11-15 19:00:00-05:00,115.58,116.77,115.45,116.13,866400
2021-11-16 19:00:00-05:00,116.28,116.84,116.23,116.57,1032200
2021-11-17 19:00:00-05:00,116.65,116.98,115.46,116.08,1202500
2021-11-18 19:00:00-05:00,116.23,116.44,115.28,116.03,1001200
2021-11-21 19:00:00-05:00,116.25,117.78,115.54,115.59,1225500
2021-11-22 19:00:00-05:00,115.72,116.08,114.38,115.69,999800
2021-11-23 19:00:00-05:00,115.32,117.16,114.98,116.42,853500
2021-11-25 19:00:00-05:00,114.25,114.66,113.69,113.96,1141400
2021-11-28 19:00:00-05:00,115.03,115.88,113.83,114.92,1249100
2021-11-29 19:00:00-05:00,114.09,114.53,112.29,112.71,3374000
2021-11-30 19:00:00-05:00,114.12,116.39,112.94,113.06,1939500
2021-12-01 19:00:00-05:00,113.75,117.17,113.68,116.10,1788400
2021-12-02 19:00:00-05:00,117.01,117.44,113.58,114.54,2028900
2021-12-05 19:00:00-05:00,115.73,119.83,115.65,118.25,2007500
2021-12-06 19:00:00-05:00,119.23,120.84,118.37,120.48,1240800
2021-12-07 19:00:00-05:00,121.16,122.83,120.74,120.88,1708900
2021-12-08 19:00:00-05:00,121.17,123.15,120.84,122.15,1368800
2021-12-09 19:00:00-05:00,122.50,123.64,122.22,122.83,1283300
2021-12-12 19:00:00-05:00,122.08,122.31,120.26,121.25,1393700
2021-12-13 19:00:00-05:00,120.71,122.04,120.66,121.11,1434500
2021-12-14 19:00:00-05:00,121.13,121.93,120.35,121.50,1226000
2021-12-15 19:00:00-05:00,121.97,122.95,121.79,122.58,1022400
2021-12-16 19:00:00-05:00,122.41,122.81,120.96,121.05,2491600
2021-12-19 19:00:00-05:00,119.92,120.86,119.39,120.72,1155400
2021-12-20 19:00:00-05:00,121.48,123.40,121.29,122.37,1202400
2021-12-21 19:00:00-05:00,122.60,124.00,122.49,123.53,940100
2021-12-22 19:00:00-05:00,124.32,124.63,123.85,124.18,958200
2021-12-26 19:00:00-05:00,124.04,126.65,124.04,126.63,1095400
2021-12-27 19:00:00-05:00,126.40,127.12,126.24,126.60,662000
2021-12-28 19:00:00-05:00,126.49,128.32,126.45,127.23,1139300
2021-12-29 19:00:00-05:00,127.27,127.68,126.81,126.98,538500
2021-12-30 19:00:00-05:00,127.00,128.12,126.80,127.41,757800
2022-01-02 19:00:00-05:00,126.97,127.33,123.73,125.27,1251400
2022-01-03 19:00:00-05:00,125.87,126.84,125.05,125.94,935900
2022-01-04 19:00:00-05:00,126.16,126.62,124.28,124.35,977900
2022-01-05 19:00:00-05:00,124.79,126.28,124.13,125.63,862400
2022-01-06 19:00:00-05:00,125.12,125.82,124.16,124.19,833700
2022-01-09 19:00:00-05:00,123.65,123.87,121.32,122.46,1606900
2022-01-10 19:00:00-05:00,122.15,122.36,119.73,119.89,2338500
2022-01-11 19:00:00-05:00,120.30,120.53,118.02,118.50,2539000
2022-01-12 19:00:00-05:00,118.63,118.95,117.90,118.19,1667400
2022-01-13 19:00:00-05:00,117.56,117.95,115.92,116.58,1493500
2022-01-17 19:00:00-05:00,115.62,116.30,115.10,115.96,1378300
2022-01-18 19:00:00-05:00,116.36,116.59,114.07,114.24,2100100
2022-01-19 19:00:00-05:00,114.85,114.97,113.32,113.43,2929400
2022-01-20 19:00:00-05:00,114.10,115.40,113.24,114.00,2130000
2022-01-23 19:00:00-05:00,112.56,116.13,111.63,115.92,2927300
2022-01-24 19:00:00-05:00,114.28,114.69,111.71,111.99,2667400
2022-01-25 19:00:00-05:00,112.03,113.30,109.33,110.24,1958600
2022-01-26 19:00:00-05:00,111.20,111.79,109.30,109.94,2680500
2022-01-27 19:00:00-05:00,110.32,112.17,108.68,112.16,3465700
2022-01-30 19:00:00-05:00,112.09,115.14,111.79,114.85,2414100
2022-01-31 19:00:00-05:00,114.75,114.91,112.43,113.39,1485800
2022-02-01 19:00:00-05:00,113.58,115.23,113.36,114.87,1640300
2022-02-02 19:00:00-05:00,114.25,116.66,114.17,115.02,1172600
2022-02-03 19:00:00-05:00,114.13,115.93,113.27,114.94,1381100
2022-02-06 19:00:00-05:00,114.88,116.21,114.29,114.77,1666600
2022-02-07 19:00:00-05:00,115.04,115.53,113.69,114.67,2345200
2022-02-08 19:00:00-05:00,117.36,121.92,116.72,117.17,3703000
2022-02-09 19:00:00-05:00,115.62,116.76,113.55,113.91,2178600
2022-02-10 19:00:00-05:00,114.08,114.97,111.49,112.01,2929300
2022-02-13 19:00:00-05:00,112.17,112.80,110.60,111.39,2660300
2022-02-14 19:00:00-05:00,112.66,113.84,112.26,112.86,4146800
2022-02-15 19:00:00-05:00,112.54,113.47,111.78,113.18,2172500
2022-02-16 19:00:00-05:00,113.93,115.46,113.19,113.83,2689500
2022-02-17 19:00:00-05:00,113.60,116.98,113.48,115.96,2359400
2022-02-21 19:00:00-05:00,115.25,116.09,113.77,114.37,1863800
2022-02-22 19:00:00-05:00,114.95,114.95,112.00,112.08,2272500
2022-02-23 19:00:00-05:00,109.75,112.23,109.26,111.87,2447600
2022-02-24 19:00:00-05:00,112.33,114.05,111.56,114.05,1498200
2022-02-27 19:00:00-05:00,112.29,113.69,111.61,113.00,2235500
2022-02-28 19:00:00-05:00,112.07,112.31,109.93,110.64,1835700
2022-03-01 19:00:00-05:00,111.12,113.04,110.97,112.46,1269200
2022-03-02 19:00:00-05:00,112.80,112.85,109.83,110.34,1331500
2022-03-03 19:00:00-05:00,109.23,109.59,107.24,109.45,1666700
2022-03-06 19:00:00-05:00,108.82,108.82,104.38,104.44,2689000
2022-03-07 19:00:00-05:00,104.41,109.21,103.71,106.23,2287200
2022-03-08 19:00:00-05:00,108.77,109.48,106.59,106.95,1477400
2022-03-09 19:00:00-05:00,105.55,106.88,105.12,106.76,2448500
2022-03-10 19:00:00-05:00,107.62,109.12,107.08,107.17,2080500
2022-03-13 20:00:00-04:00,106.27,107.11,102.90,104.55,3414100
2022-03-14 20:00:00-04:00,105.81,107.36,105.31,105.69,1670300
2022-03-15 20:00:00-04:00,107.67,110.25,107.41,110.20,2152800
2022-03-16 20:00:00-04:00,109.36,109.74,108.71,109.72,1483500
2022-03-17 20:00:00-04:00,109.71,112.86,109.03,112.45,3361800
2022-03-20 20:00:00-04:00,112.31,112.79,108.59,109.27,1930700
2022-03-21 20:00:00-04:00,109.41,109.98,108.89,109.39,1179300
2022-03-22 20:00:00-04:00,108.54,108.77,106.71,106.89,1798900
2022-03-23 20:00:00-04:00,108.06,110.62,106.86,110.34,1858300
2022-03-24 20:00:00-04:00,110.79,110.79,109.45,110.27,1254700
2022-03-27 20:00:00-04:00,110.59,111.72,109.71,111.72,1280800
2022-03-28 20:00:00-04:00,113.17,114.62,112.23,112.66,1692400
2022-03-29 20:00:00-04:00,112.01,113.43,111.18,111.39,2022800
2022-03-30 20:00:00-04:00,111.72,112.75,109.23,109.26,3932200
2022-03-31 20:00:00-04:00,109.63,110.17,108.47,109.53,2884000
2022-04-03 20:00:00-04:00,109.11,109.14,106.52,108.50,1980400
2022-04-04 20:00:00-04:00,107.70,109.58,107.56,108.44,2010900
2022-04-05 20:00:00-04:00,107.87,110.04,106.98,109.35,1683100
2022-04-06 20:00:00-04:00,109.02,111.39,108.30,110.99,2008900
2022-04-07 20:00:00-04:00,109.44,111.22,109.44,109.85,1743200
2022-04-10 20:00:00-04:00,109.63,111.06,108.76,109.06,2199600
2022-04-11 20:00:00-04:00,109.70,111.03,109.14,110.52,2396300
2022-04-12 20:00:00-04:00,110.58,112.58,110.40,112.34,1710900
2022-04-13 20:00:00-04:00,112.58,113.48,112.46,113.36,1830700
2022-04-17 20:00:00-04:00,112.82,114.01,112.66,113.54,2731500
2022-04-18 20:00:00-04:00,113.51,115.06,113.51,114.90,1864300
2022-04-19 20:00:00-04:00,115.23,116.52,115.23,115.87,1773400
2022-04-20 20:00:00-04:00,116.63,117.33,114.42,114.71,1781000
2022-04-21 20:00:00-04:00,114.38,114.67,112.46,112.83,2758300
2022-04-24 20:00:00-04:00,112.00,112.73,110.44,111.79,2540100
2022-04-25 20:00:00-04:00,110.89,111.26,107.44,107.57,2070200
2022-04-26 20:00:00-04:00,107.64,109.64,107.43,107.76,2022800
2022-04-27 20:00:00-04:00,108.93,111.31,108.93,110.18,1150600
2022-04-28 20:00:00-04:00,109.37,110.73,107.73,107.86,1373000
2022-05-01 20:00:00-04:00,107.76,108.49,104.84,106.71,2136800
2022-05-02 20:00:00-04:00,107.08,107.48,104.41,106.07,1844900
2022-05-03 20:00:00-04:00,105.59,109.63,104.18,109.23,2153200
2022-05-04 20:00:00-04:00,108.18,108.64,105.71,106.58,1365800
2022-05-05 20:00:00-04:00,105.92,107.36,105.11,106.37,1247500
2022-05-08 20:00:00-04:00,104.86,105.06,101.38,101.49,2423100
2022-05-09 20:00:00-04:00,102.64,103.51,100.87,102.08,1560400
2022-05-10 20:00:00-04:00,101.18,102.04,100.06,100.39,2100900
2022-05-11 20:00:00-04:00,100.23,103.24,100.08,101.87,1928800
2022-05-12 20:00:00-04:00,103.17,105.10,102.92,104.01,1228900
2022-05-15 20:00:00-04:00,103.71,104.12,102.43,103.41,1524900
2022-05-16 20:00:00-04:00,104.64,104.78,103.03,103.68,1111900
2022-05-17 20:00:00-04:00,102.69,102.92,100.28,100.90,2927500
2022-05-18 20:00:00-04:00,100.55,102.18,100.10,101.37,1613800
2022-05-19 20:00:00-04:00,102.31,103.24,101.04,103.17,1773600
2022-05-22 20:00:00-04:00,104.17,104.99,102.29,104.92,1591300
2022-05-23 20:00:00-04:00,104.41,105.23,103.78,105.15,1915300
2022-05-24 20:00:00-04:00,104.86,106.82,104.86,106.55,1793100
2022-05-25 20:00:00-04:00,107.17,109.85,107.04,109.09,1502300
2022-05-26 20:00:00-04:00,109.67,110.95,109.67,110.95,1335200
2022-05-30 20:00:00-04:00,109.83,113.07,109.42,112.53,2511200
2022-05-31 20:00:00-04:00,112.94,113.02,110.57,110.63,1353600
2022-06-01 20:00:00-04:00,110.68,111.47,109.39,111.44,1001500
2022-06-02 20:00:00-04:00,110.57,111.14,109.66,109.89,957500
2022-06-05 20:00:00-04:00,110.49,111.79,109.95,110.59,1175500
2022-06-06 20:00:00-04:00,109.51,111.43,109.43,111.36,1047300
2022-06-07 20:00:00-04:00,110.92,112.09,110.46,111.64,1164800
2022-06-08 20:00:00-04:00,110.94,110.94,108.60,108.68,1052700
2022-06-09 20:00:00-04:00,106.82,107.88,105.82,105.99,1222900
2022-06-12 20:00:00-04:00,103.57,104.30,101.81,102.91,1657100
2022-06-13 20:00:00-04:00,103.25,104.16,101.99,102.12,1356000
2022-06-14 20:00:00-04:00,103.01,104.91,102.20,103.66,1200500
2022-06-15 20:00:00-04:00,101.66,101.98,100.39,101.11,1359300
2022-06-16 20:00:00-04:00,101.40,102.06,100.69,101.44,2587300
2022-06-20 20:00:00-04:00,102.83,103.66,101.21,103.36,1676900
2022-06-21 20:00:00-04:00,102.34,104.12,102.15,103.25,1652900
2022-06-22 20:00:00-04:00,103.67,104.21,102.62,104.06,1391000
2022-06-23 20:00:00-04:00,104.95,106.25,104.54,106.00,2016900
2022-06-26 20:00:00-04:00,106.19,107.71,105.67,107.68,1167000
2022-06-27 20:00:00-04:00,108.65,109.34,104.80,105.13,1065300
2022-06-28 20:00:00-04:00,105.22,105.90,104.40,105.45,920700
2022-06-29 20:00:00-04:00,104.54,105.82,103.98,105.15,1259500
2022-06-30 20:00:00-04:00,105.46,108.28,105.07,108.12,1204900
2022-07-04 20:00:00-04:00,107.35,108.77,106.31,108.69,1292400
2022-07-05 20:00:00-04:00,108.57,109.28,107.29,108.23,1048800
2022-07-06 20:00:00-04:00,108.67,109.48,108.19,109.07,917700
2022-07-07 20:00:00-04:00,108.94,109.29,108.13,108.65,886800
2022-07-10 20:00:00-04:00,107.90,108.58,107.49,107.96,825300
2022-07-11 20:00:00-04:00,107.58,108.88,106.92,107.30,963700
2022-07-12 20:00:00-04:00,105.98,109.42,105.73,108.40,1212900
2022-07-13 20:00:00-04:00,107.05,108.80,107.05,108.25,1136300
2022-07-14 20:00:00-04:00,109.67,110.58,109.15,109.45,1301800
2022-07-17 20:00:00-04:00,111.58,111.61,109.53,109.76,1546600
2022-07-18 20:00:00-04:00,110.39,111.36,109.91,111.08,1864300
2022-07-19 20:00:00-04:00,111.29,112.70,110.93,111.92,1810400
2022-07-20 20:00:00-04:00,111.56,111.91,110.55,111.40,1209700
2022-07-21 20:00:00-04:00,112.06,112.19,109.61,110.66,1330000
2022-07-24 20:00:00-04:00,110.84,110.84,107.37,108.43,1920500
2022-07-25 20:00:00-04:00,108.00,110.03,107.84,109.17,1451200
2022-07-26 20:00:00-04:00,109.55,112.21,109.20,111.64,1642200
2022-07-27 20:00:00-04:00,111.82,113.95,111.55,113.68,2049300
2022-07-28 20:00:00-04:00,113.67,113.83,112.65,113.52,1748900
2022-07-31 20:00:00-04:00,112.81,114.68,112.70,113.70,1919200
2022-08-01 20:00:00-04:00,113.43,113.98,112.82,113.14,2015800
2022-08-02 20:00:00-04:00,113.02,113.44,109.41,110.99,2739400
2022-08-03 20:00:00-04:00,110.97,111.53,110.42,111.18,1553500
2022-08-04 20:00:00-04:00,110.39,110.91,109.43,109.70,1141800
2022-08-07 20:00:00-04:00,110.03,110.53,108.99,109.78,1441200
2022-08-08 20:00:00-04:00,109.74,109.74,107.85,108.32,1638700
2022-08-09 20:00:00-04:00,109.86,110.61,109.60,110.41,1482300
2022-08-10 20:00:00-04:00,111.40,111.61,108.57,109.04,1700600
2022-08-11 20:00:00-04:00,109.14,109.92,108.85,109.46,1648200
2022-08-14 20:00:00-04:00,109.17,109.71,108.80,109.54,3383000
2022-08-15 20:00:00-04:00,108.79,110.58,108.79,110.28,1591400
2022-08-16 20:00:00-04:00,108.91,110.78,108.91,110.34,1779700
2022-08-17 20:00:00-04:00,109.76,110.00,108.59,109.27,1671500
2022-08-18 20:00:00-04:00,109.10,109.30,107.78,108.06,1373300
2022-08-21 20:00:00-04:00,106.90,107.44,105.88,106.29,1535500
2022-08-22 20:00:00-04:00,106.33,106.75,105.97,106.27,1613700
2022-08-23 20:00:00-04:00,106.27,106.77,105.80,106.23,1300100
2022-08-24 20:00:00-04:00,106.53,108.29,106.15,108.22,1230600
2022-08-25 20:00:00-04:00,108.48,108.84,104.31,104.41,1542600
2022-08-28 20:00:00-04:00,104.09,105.01,103.60,104.46,1472900
2022-08-29 20:00:00-04:00,104.70,104.97,102.92,103.13,1230700
2022-08-30 20:00:00-04:00,103.54,104.60,103.24,103.56,1994200
2022-08-31 20:00:00-04:00,103.07,106.42,102.90,106.37,1881100
2022-09-01 20:00:00-04:00,106.91,106.91,104.54,104.95,1606800
2022-09-05 20:00:00-04:00,105.52,106.08,104.12,104.79,2111800
2022-09-06 20:00:00-04:00,105.59,107.38,105.59,107.35,1828500
2022-09-07 20:00:00-04:00,107.01,108.92,106.89,108.32,1519500
2022-09-08 20:00:00-04:00,108.66,108.69,107.18,108.07,1615400
2022-09-11 20:00:00-04:00,109.53,110.45,108.83,109.16,2017300
2022-09-12 20:00:00-04:00,107.06,107.62,105.57,105.73,1639900
2022-09-13 20:00:00-04:00,105.92,107.89,105.89,106.89,1581600
2022-09-14 20:00:00-04:00,106.74,108.03,106.37,107.21,1697800
2022-09-15 20:00:00-04:00,107.26,107.83,106.11,107.73,2093900
2022-09-18 20:00:00-04:00,107.58,108.29,107.05,108.14,1254700
2022-09-19 20:00:00-04:00,107.36,107.61,105.93,107.29,1659900
2022-09-20 20:00:00-04:00,107.71,109.19,104.75,104.79,1862800
2022-09-21 20:00:00-04:00,104.15,104.15,102.97,103.14,1509000
2022-09-22 20:00:00-04:00,102.50,103.42,101.88,103.01,1349000
2022-09-25 20:00:00-04:00,103.10,103.32,101.26,101.62,1447700
2022-09-26 20:00:00-04:00,102.46,102.80,99.73,100.33,1415700
2022-09-27 20:00:00-04:00,100.54,101.17,98.96,100.65,2372000
2022-09-28 20:00:00-04:00,100.12,100.44,99.07,99.80,1422900
2022-09-29 20:00:00-04:00,99.88,101.10,98.99,98.99,1797400
2022-10-02 20:00:00-04:00,100.06,102.38,98.83,101.57,1858900
2022-10-03 20:00:00-04:00,102.98,104.36,102.60,103.71,1684900
2022-10-04 20:00:00-04:00,103.08,105.25,102.89,104.57,1189200
2022-10-05 20:00:00-04:00,104.39,104.84,102.44,102.51,1135200
2022-10-06 20:00:00-04:00,101.92,101.94,100.54,101.41,1742000
2022-10-09 20:00:00-04:00,101.79,101.87,99.94,100.34,1061900
2022-10-10 20:00:00-04:00,99.87,99.92,97.77,97.98,2590400
2022-10-11 20:00:00-04:00,97.75,98.94,97.15,98.25,1911200
2022-10-12 20:00:00-04:00,96.95,102.96,96.79,102.10,1860200
2022-10-13 20:00:00-04:00,102.99,103.81,99.29,99.40,1470700
2022-10-16 20:00:00-04:00,101.08,102.90,101.06,102.38,1610800
2022-10-17 20:00:00-04:00,104.12,104.53,102.38,103.78,1308300
2022-10-18 20:00:00-04:00,103.13,104.33,101.89,102.82,1272600
2022-10-19 20:00:00-04:00,102.98,103.44,101.84,102.09,969300
2022-10-20 20:00:00-04:00,101.88,103.71,101.26,103.36,1735700
2022-10-23 20:00:00-04:00,103.30,103.42,100.26,101.26,2688000
2022-10-24 20:00:00-04:00,101.63,103.98,100.55,103.56,2326500
2022-10-25 20:00:00-04:00,104.02,106.16,103.72,104.52,1412200
2022-10-26 20:00:00-04:00,105.72,106.68,105.08,106.04,2265800
2022-10-27 20:00:00-04:00,106.25,110.37,106.22,109.74,2460700
2022-10-30 20:00:00-04:00,109.46,111.21,108.36,110.08,2193600
2022-10-31 20:00:00-04:00,110.79,111.12,109.40,109.99,2361600
2022-11-01 20:00:00-04:00,111.90,111.97,108.66,109.26,2543800
2022-11-02 20:00:00-04:00,108.87,112.31,108.16,111.25,2546300
2022-11-03 20:00:00-04:00,112.78,113.96,111.94,113.37,2850100
2022-11-06 19:00:00-05:00,113.11,114.96,113.11,114.05,1912600
2022-11-07 19:00:00-05:00,114.18,114.58,113.29,113.93,1885300
2022-11-08 19:00:00-05:00,113.52,114.44,113.04,113.62,1450000
2022-11-09 19:00:00-05:00,116.27,116.33,114.70,115.56,2710200
2022-11-10 19:00:00-05:00,116.16,116.16,114.33,114.81,1870300
2022-11-13 19:00:00-05:00,114.95,115.82,114.09,114.13,1677600
2022-11-14 19:00:00-05:00,114.86,115.71,114.10,114.79,1139400
2022-11-15 19:00:00-05:00,114.85,116.79,114.85,115.40,2256800
2022-11-16 19:00:00-05:00,114.36,115.06,113.43,114.29,2132900
2022-11-17 19:00:00-05:00,115.65,116.72,114.62,116.00,2985400
2022-11-20 19:00:00-05:00,116.12,116.15,114.26,115.45,1621000
2022-11-21 19:00:00-05:00,115.85,116.67,115.51,116.31,1507000
2022-11-22 19:00:00-05:00,117.46,117.95,116.32,117.77,1881000
2022-11-24 19:00:00-05:00,117.70,119.24,117.26,118.33,870600
2022-11-27 19:00:00-05:00,118.10,118.84,117.88,118.26,1514900
2022-11-28 19:00:00-05:00,117.91,118.58,117.38,117.87,2324000
2022-11-29 19:00:00-05:00,118.14,120.60,117.88,120.32,2543200
2022-11-30 19:00:00-05:00,120.64,121.57,120.20,120.82,1407100
2022-12-01 19:00:00-05:00,119.99,121.85,119.72,121.28,1586800
2022-12-04 19:00:00-05:00,121.69,122.58,120.70,122.43,2878800
2022-12-05 19:00:00-05:00,122.69,122.87,121.47,122.16,1544400
2022-12-06 19:00:00-05:00,122.03,122.70,119.63,119.96,2085600
2022-12-07 19:00:00-05:00,120.56,121.46,120.10,121.44,1500000
2022-12-08 19:00:00-05:00,121.43,121.85,119.36,119.43,1833800
2022-12-11 19:00:00-05:00,119.44,121.32,118.73,121.24,1361700
2022-12-12 19:00:00-05:00,123.23,123.67,120.80,121.72,1821800
2022-12-13 19:00:00-05:00,122.04,123.10,121.00,122.72,1602600
2022-12-14 19:00:00-05:00,122.01,122.45,121.15,122.00,1981600
2022-12-15 19:00:00-05:00,122.35,123.36,120.08,120.99,4263500
2022-12-18 19:00:00-05:00,120.74,121.35,119.46,120.06,2325600
2022-12-19 19:00:00-05:00,120.19,120.37,119.15,120.26,1211900
2022-12-20 19:00:00-05:00,119.83,121.41,119.45,120.43,1994800
2022-12-21 19:00:00-05:00,120.17,120.50,118.86,120.47,1371900
2022-12-22 19:00:00-05:00,120.11,120.84,119.56,120.55,700800
2022-12-26 19:00:00-05:00,120.92,121.72,120.30,121.48,1300200
2022-12-27 19:00:00-05:00,121.75,122.38,120.90,120.93,964800
2022-12-28 19:00:00-05:00,121.15,122.26,120.50,121.57,875700
2022-12-29 19:00:00-05:00,121.21,121.21,119.10,119.78,1401300
2023-01-02 19:00:00-05:00,120.10,120.49,117.69,118.73,2307100
2023-01-03 19:00:00-05:00,119.38,120.85,119.09,120.34,1139400
2023-01-04 19:00:00-05:00,119.96,120.23,118.56,119.42,1078200
2023-01-05 19:00:00-05:00,120.06,122.23,119.56,121.85,1559400
2023-01-08 19:00:00-05:00,122.22,122.74,121.08,121.35,1211200
2023-01-09 19:00:00-05:00,121.40,121.90,119.88,121.01,1306800
2023-01-10 19:00:00-05:00,121.22,122.04,120.63,121.29,1258300
2023-01-11 19:00:00-05:00,121.29,121.45,120.41,120.54,1070300
2023-01-12 19:00:00-05:00,119.86,121.85,119.84,121.78,1260500
2023-01-16 19:00:00-05:00,122.13,123.05,121.36,121.88,1177800
2023-01-17 19:00:00-05:00,122.41,122.86,120.06,120.38,1325100
2023-01-18 19:00:00-05:00,120.01,120.16,117.81,117.88,1473700
2023-01-19 19:00:00-05:00,118.34,118.97,117.73,118.42,1649800
2023-01-22 19:00:00-05:00,118.76,119.30,117.97,118.46,1437300
2023-01-23 19:00:00-05:00,118.07,120.34,117.87,120.18,1543700
2023-01-24 19:00:00-05:00,119.74,120.83,118.29,120.83,1425700
2023-01-25 19:00:00-05:00,121.18,121.57,119.99,120.68,1358400
2023-01-26 19:00:00-05:00,120.65,120.68,119.26,119.83,1407500
2023-01-29 19:00:00-05:00,119.67,120.93,119.61,120.68,1457000
2023-01-30 19:00:00-05:00,121.03,122.10,120.28,122.05,2076500
2023-01-31 19:00:00-05:00,121.70,122.13,119.88,120.65,1716300
2023-02-01 19:00:00-05:00,120.84,121.22,119.08,119.90,1333800
2023-02-02 19:00:00-05:00,119.29,119.59,117.98,118.78,1474600
2023-02-05 19:00:00-05:00,118.68,120.77,118.29,120.70,2063900
2023-02-06 19:00:00-05:00,120.26,121.17,118.87,120.96,1652600
2023-02-07 19:00:00-05:00,119.16,122.98,119.16,122.90,3574600
2023-02-08 19:00:00-05:00,123.71,124.93,122.36,122.66,2524200
2023-02-09 19:00:00-05:00,122.55,123.15,122.21,122.80,1576300
2023-02-12 19:00:00-05:00,123.31,125.10,123.07,123.93,2178500
2023-02-13 19:00:00-05:00,123.81,124.24,122.32,122.35,1711600
2023-02-14 19:00:00-05:00,121.61,123.32,121.46,123.14,1456500
2023-02-15 19:00:00-05:00,122.26,124.05,121.41,123.18,1922700
2023-02-16 19:00:00-05:00,123.25,123.68,122.73,123.48,1253000
2023-02-20 19:00:00-05:00,122.96,123.25,122.31,122.71,1739800
2023-02-21 19:00:00-05:00,123.11,123.11,121.14,121.49,1977100
2023-02-22 19:00:00-05:00,121.67,122.16,120.54,120.89,2219000
2023-02-23 19:00:00-05:00,120.27,120.74,119.16,119.16,1836700
2023-02-26 19:00:00-05:00,119.94,120.03,118.45,118.91,1963100
2023-02-27 19:00:00-05:00,118.53,119.88,118.51,119.47,2624700
2023-02-28 19:00:00-05:00,118.99,119.35,118.34,118.56,1635100
2023-03-01 19:00:00-05:00,118.29,121.20,118.18,120.89,1212600
2023-03-02 19:00:00-05:00,121.25,121.86,120.76,121.82,1015500
2023-03-05 19:00:00-05:00,122.16,122.60,120.71,121.48,1421500
2023-03-06 19:00:00-05:00,121.70,122.19,119.04,119.24,1157300
2023-03-07 19:00:00-05:00,118.87,119.25,118.37,119.11,1142500
2023-03-08 19:00:00-05:00,119.81,120.24,118.08,118.42,1537500
2023-03-09 19:00:00-05:00,118.79,119.36,116.85,117.04,1604700
2023-03-12 20:00:00-04:00,116.33,120.07,116.29,117.33,1416600
2023-03-13 20:00:00-04:00,118.24,119.67,118.01,119.03,1378500
2023-03-14 20:00:00-04:00,117.79,119.49,117.10,119.44,1748400
2023-03-15 20:00:00-04:00,119.07,120.82,118.68,120.31,1481400
2023-03-16 20:00:00-04:00,120.49,120.84,118.61,119.18,1798400
2023-03-19 20:00:00-04:00,119.34,121.08,119.34,121.08,1190900
2023-03-20 20:00:00-04:00,121.67,121.67,119.90,120.77,1101300
2023-03-21 20:00:00-04:00,120.46,121.69,119.88,119.92,1059800
2023-03-22 20:00:00-04:00,119.98,121.17,119.24,119.96,1223300
2023-03-23 20:00:00-04:00,120.24,120.68,119.44,120.10,1193800
2023-03-26 20:00:00-04:00,120.66,121.00,120.10,120.53,1315000
2023-03-27 20:00:00-04:00,120.43,121.18,120.12,120.73,981700
2023-03-28 20:00:00-04:00,121.14,121.58,120.29,120.64,1104700
2023-03-29 20:00:00-04:00,120.91,121.72,120.69,121.51,1183100
2023-03-30 20:00:00-04:00,122.30,124.27,122.13,124.09,1705800
2023-04-02 20:00:00-04:00,124.09,125.24,123.58,125.15,1299200
2023-04-03 20:00:00-04:00,124.73,124.81,123.33,123.64,1493300
2023-04-04 20:00:00-04:00,124.02,124.96,123.94,123.96,1212400
2023-04-05 20:00:00-04:00,124.15,124.38,123.66,124.11,1080500
2023-04-09 20:00:00-04:00,123.59,123.78,122.77,123.17,1224800
2023-04-10 20:00:00-04:00,123.04,124.11,122.75,123.61,1113100
2023-04-11 20:00:00-04:00,123.70,124.74,123.51,124.00,1231100
2023-04-12 20:00:00-04:00,124.62,126.56,124.02,126.51,1732600
2023-04-13 20:00:00-04:00,126.65,127.16,125.97,126.72,1270400
2023-04-16 20:00:00-04:00,127.21,128.84,126.81,128.81,2184800
2023-04-17 20:00:00-04:00,128.89,129.28,128.42,129.26,1980400
2023-04-18 20:00:00-04:00,129.39,129.73,128.30,128.82,1623900
2023-04-19 20:00:00-04:00,129.00,129.53,128.36,129.18,1082400
2023-04-20 20:00:00-04:00,129.97,130.15,128.77,129.96,1324900
2023-04-23 20:00:00-04:00,130.34,130.54,129.94,130.50,1498800
2023-04-24 20:00:00-04:00,130.59,130.59,129.04,129.47,1207200
2023-04-25 20:00:00-04:00,129.10,130.14,128.74,129.66,1451800
2023-04-26 20:00:00-04:00,130.20,131.46,129.80,131.34,1085000
2023-04-27 20:00:00-04:00,131.47,132.40,130.76,132.07,1555300
2023-04-30 20:00:00-04:00,132.07,133.91,132.07,133.62,1696300
2023-05-01 20:00:00-04:00,133.55,134.58,132.43,134.25,1692800
2023-05-02 20:00:00-04:00,131.29,132.67,128.14,129.00,3220200
2023-05-03 20:00:00-04:00,128.55,129.16,127.19,128.07,1555600
2023-05-04 20:00:00-04:00,128.20,129.45,127.81,129.17,1361600
2023-05-07 20:00:00-04:00,129.13,129.35,128.17,128.27,981400
2023-05-08 20:00:00-04:00,128.51,129.47,127.83,129.28,1094900
2023-05-09 20:00:00-04:00,129.36,129.93,128.19,129.41,1595200
2023-05-10 20:00:00-04:00,129.53,129.90,128.40,129.03,1144100
2023-05-11 20:00:00-04:00,128.99,130.32,128.98,130.13,1114700
2023-05-14 20:00:00-04:00,130.50,130.50,129.23,129.44,896200
2023-05-15 20:00:00-04:00,129.84,130.89,129.28,130.38,1572200
2023-05-16 20:00:00-04:00,130.75,130.92,128.66,128.92,1690400
2023-05-17 20:00:00-04:00,128.77,130.18,128.55,130.07,1435400
2023-05-18 20:00:00-04:00,130.14,130.80,129.73,129.91,1295400
2023-05-21 20:00:00-04:00,130.28,131.08,126.71,126.75,1644400
2023-05-22 20:00:00-04:00,126.64,126.64,123.34,123.50,1828300
2023-05-23 20:00:00-04:00,123.56,123.79,121.98,122.95,1352200
2023-05-24 20:00:00-04:00,122.78,123.26,121.29,122.38,2364400
2023-05-25 20:00:00-04:00,122.67,123.63,121.83,122.57,2145000
2023-05-29 20:00:00-04:00,122.02,122.74,120.21,120.62,1843100
2023-05-30 20:00:00-04:00,120.54,121.67,119.79,121.47,7448300
2023-05-31 20:00:00-04:00,121.18,125.27,120.81,124.83,3278000
2023-06-01 20:00:00-04:00,125.33,127.06,125.33,126.98,2054500
2023-06-04 20:00:00-04:00,126.99,127.60,126.24,126.64,1562700
2023-06-05 20:00:00-04:00,126.91,127.29,124.63,125.42,1604200
2023-06-06 20:00:00-04:00,125.03,125.66,124.09,125.01,1801000
2023-06-07 20:00:00-04:00,124.17,125.77,123.98,125.73,1630500
2023-06-08 20:00:00-04:00,125.86,126.50,125.49,125.95,1309800
2023-06-11 20:00:00-04:00,126.06,127.19,125.81,127.07,1369100
2023-06-12 20:00:00-04:00,126.90,128.42,126.90,128.35,1440800
2023-06-13 20:00:00-04:00,128.37,128.99,128.04,128.70,2121700
2023-06-14 20:00:00-04:00,129.19,131.50,128.99,131.39,2078800
2023-06-15 20:00:00-04:00,131.79,132.65,130.05,130.80,3749500
2023-06-19 20:00:00-04:00,129.79,130.69,128.11,128.20,1819200
2023-06-20 20:00:00-04:00,128.17,129.66,127.72,129.07,1244300
2023-06-21 20:00:00-04:00,129.18,129.51,127.72,128.69,1339500
2023-06-22 20:00:00-04:00,128.26,129.11,127.71,127.99,6219800
2023-06-25 20:00:00-04:00,127.48,127.58,125.86,126.70,1486300
2023-06-26 20:00:00-04:00,127.47,127.63,125.55,126.74,1593100
2023-06-27 20:00:00-04:00,126.72,127.66,125.94,127.58,1174600
2023-06-28 20:00:00-04:00,127.32,130.07,127.13,129.56,1525200
2023-06-29 20:00:00-04:00,129.80,131.06,129.43,130.78,1391800
2023-07-02 20:00:00-04:00,129.81,130.28,129.17,129.57,845600
2023-07-04 20:00:00-04:00,129.16,129.27,128.25,128.99,1743100
2023-07-05 20:00:00-04:00,128.05,129.10,126.35,126.39,1869900
2023-07-06 20:00:00-04:00,125.89,126.66,124.65,125.96,1530400
2023-07-09 20:00:00-04:00,126.26,128.08,126.19,127.24,1276000
2023-07-10 20:00:00-04:00,126.95,127.27,125.86,126.64,1438300
2023-07-11 20:00:00-04:00,127.57,128.76,127.32,127.52,1147700
2023-07-12 20:00:00-04:00,128.09,128.83,127.46,128.32,1372000
2023-07-13 20:00:00-04:00,128.29,128.66,127.32,127.95,1031800
2023-07-16 20:00:00-04:00,127.95,128.78,127.68,128.12,1325100
2023-07-17 20:00:00-04:00,127.79,128.42,126.28,126.33,1593900
2023-07-18 20:00:00-04:00,126.48,128.40,126.48,128.30,1651200
2023-07-19 20:00:00-04:00,128.26,128.63,127.49,128.25,1060600
2023-07-20 20:00:00-04:00,128.76,129.94,128.19,129.82,1286700
2023-07-23 20:00:00-04:00,130.51,131.57,129.81,130.20,1148000
2023-07-24 20:00:00-04:00,129.59,129.92,128.66,129.30,968500
2023-07-25 20:00:00-04:00,129.24,129.81,127.99,129.60,1758400
2023-07-26 20:00:00-04:00,129.56,130.44,128.26,128.59,1385100
2023-07-27 20:00:00-04:00,129.18,129.65,128.05,129.26,1483400
2023-07-30 20:00:00-04:00,128.68,130.20,128.12,129.94,1463400
2023-07-31 20:00:00-04:00,130.19,130.23,128.24,128.71,1667300
2023-08-01 20:00:00-04:00,126.37,131.35,125.08,127.42,2702200
2023-08-02 20:00:00-04:00,126.87,128.61,125.98,128.01,2392300
2023-08-03 20:00:00-04:00,128.76,128.76,126.57,126.81,1389500
2023-08-06 20:00:00-04:00,127.39,128.42,126.91,127.53,1152500
2023-08-07 20:00:00-04:00,126.76,127.41,125.63,126.61,1023500
2023-08-08 20:00:00-04:00,126.91,126.94,125.69,125.80,889700
2023-08-09 20:00:00-04:00,126.07,127.91,126.07,126.83,1148900
2023-08-10 20:00:00-04:00,126.72,126.91,125.90,126.67,808000
2023-08-13 20:00:00-04:00,126.52,127.78,126.42,127.23,1484500
2023-08-14 20:00:00-04:00,127.24,127.64,125.22,125.27,1247500
2023-08-15 20:00:00-04:00,124.50,125.13,123.79,124.18,2082800
2023-08-16 20:00:00-04:00,124.41,124.41,122.58,122.63,1582700
2023-08-17 20:00:00-04:00,122.06,122.64,121.18,121.87,1308800
2023-08-20 20:00:00-04:00,121.73,122.51,121.30,121.57,1537100
2023-08-21 20:00:00-04:00,121.73,122.22,121.10,122.19,1207700
2023-08-22 20:00:00-04:00,122.68,123.02,121.97,122.14,1441600
2023-08-23 20:00:00-04:00,122.04,123.01,122.04,122.27,1131100
2023-08-24 20:00:00-04:00,123.03,123.54,122.36,122.46,1097300
2023-08-27 20:00:00-04:00,122.83,123.58,122.52,122.63,1815600
2023-08-28 20:00:00-04:00,122.70,123.28,121.65,122.24,1462700
2023-08-29 20:00:00-04:00,122.27,123.76,122.27,123.37,1617600
2023-08-30 20:00:00-04:00,123.41,124.06,122.69,122.69,1465300
2023-08-31 20:00:00-04:00,123.21,123.74,122.27,122.94,1094000
2023-09-04 20:00:00-04:00,122.85,122.85,122.01,122.03,1435900
2023-09-05 20:00:00-04:00,121.67,122.15,120.10,120.32,1710200
2023-09-06 20:00:00-04:00,120.34,120.94,119.43,120.61,1396800
2023-09-07 20:00:00-04:00,120.84,121.28,119.87,119.99,728900
2023-09-10 20:00:00-04:00,120.11,120.67,119.75,120.19,981700
2023-09-11 20:00:00-04:00,119.86,121.66,119.42,121.44,1137500
2023-09-12 20:00:00-04:00,121.71,122.50,121.30,122.40,1436500
2023-09-13 20:00:00-04:00,123.12,125.51,122.69,124.88,1657800
2023-09-14 20:00:00-04:00,125.15,125.15,121.23,121.37,2581200
2023-09-17 20:00:00-04:00,121.62,122.79,120.66,120.98,1253800
2023-09-18 20:00:00-04:00,120.40,120.84,119.33,120.22,1299300
2023-09-19 20:00:00-04:00,120.50,121.79,120.07,120.48,1437200
2023-09-20 20:00:00-04:00,120.28,120.28,118.07,118.24,1492700
2023-09-21 20:00:00-04:00,118.21,119.33,117.68,118.54,1534100
2023-09-24 20:00:00-04:00,118.08,118.92,117.85,118.51,1048500
2023-09-25 20:00:00-04:00,117.82,118.29,117.07,117.60,1500600
2023-09-26 20:00:00-04:00,117.60,117.98,114.88,115.67,1922300
2023-09-27 20:00:00-04:00,115.41,117.80,115.26,117.67,1722700
2023-09-28 20:00:00-04:00,118.38,118.87,117.84,118.48,2610000
2023-10-01 20:00:00-04:00,118.09,118.90,117.37,118.60,1965400
2023-10-02 20:00:00-04:00,117.95,118.29,116.15,116.63,2100400
2023-10-03 20:00:00-04:00,116.87,117.60,116.05,117.14,1381200
2023-10-04 20:00:00-04:00,117.16,117.51,115.37,115.54,1240200
2023-10-05 20:00:00-04:00,115.11,115.12,112.08,113.28,2111900
2023-10-08 20:00:00-04:00,112.57,112.92,111.28,112.76,1840000
2023-10-09 20:00:00-04:00,113.32,114.38,113.25,114.15,1643300
2023-10-10 20:00:00-04:00,113.03,113.45,111.54,112.26,1725500
2023-10-11 20:00:00-04:00,112.52,112.60,109.72,110.24,1790600
2023-10-12 20:00:00-04:00,109.99,110.96,109.56,110.84,1352900
2023-10-15 20:00:00-04:00,111.47,112.97,111.06,112.33,1627700
2023-10-16 20:00:00-04:00,112.89,113.78,112.73,113.27,1267500
2023-10-17 20:00:00-04:00,113.29,115.28,113.18,114.74,2039300
2023-10-18 20:00:00-04:00,114.25,115.66,112.67,114.33,1901400
2023-10-19 20:00:00-04:00,113.81,114.88,113.46,113.75,1568400
2023-10-22 20:00:00-04:00,112.95,113.43,112.35,112.62,1495700
2023-10-23 20:00:00-04:00,112.93,114.05,112.73,113.71,1246800
2023-10-24 20:00:00-04:00,113.59,114.99,113.33,114.09,985800
2023-10-25 20:00:00-04:00,114.47,114.72,112.59,112.61,1374500
2023-10-26 20:00:00-04:00,112.89,114.03,112.17,113.27,2331000
2023-10-29 20:00:00-04:00,114.07,114.40,113.09,113.67,1551900
2023-10-30 20:00:00-04:00,114.38,115.09,113.25,114.61,2006600
2023-10-31 20:00:00-04:00,115.58,116.15,113.35,115.03,2788100
2023-11-01 20:00:00-04:00,116.49,119.23,116.44,117.85,1920500
2023-11-02 20:00:00-04:00,117.84,120.29,117.49,119.81,1754600
2023-11-05 19:00:00-05:00,119.85,120.16,119.03,119.86,1537900
2023-11-06 19:00:00-05:00,119.78,119.85,118.54,118.99,1408000
2023-11-07 19:00:00-05:00,119.31,119.54,118.82,119.12,1015300
2023-11-08 19:00:00-05:00,119.51,119.57,117.83,118.26,1096900
2023-11-09 19:00:00-05:00,118.12,119.56,117.21,119.44,1317200
2023-11-12 19:00:00-05:00,119.01,119.27,118.41,118.83,1230500
2023-11-13 19:00:00-05:00,119.52,121.39,119.52,120.94,1353700
2023-11-14 19:00:00-05:00,121.35,121.63,119.94,120.07,1309400
2023-11-15 19:00:00-05:00,120.07,121.80,119.86,121.22,1554600
2023-11-16 19:00:00-05:00,121.78,121.85,120.67,121.06,1089600
2023-11-19 19:00:00-05:00,121.33,121.93,120.72,121.50,915000
2023-11-20 19:00:00-05:00,121.86,122.21,121.16,121.61,983700
2023-11-21 19:00:00-05:00,122.26,122.66,121.89,122.27,980600
2023-11-23 19:00:00-05:00,122.22,122.41,121.23,121.87,555600
2023-11-26 19:00:00-05:00,121.53,122.35,121.21,121.66,1143800
2023-11-27 19:00:00-05:00,121.65,121.65,119.81,120.42,1392800
2023-11-28 19:00:00-05:00,120.79,120.79,119.23,119.59,1240100
2023-11-29 19:00:00-05:00,119.94,119.94,118.58,119.62,2608900
2023-11-30 19:00:00-05:00,119.66,121.48,118.64,121.32,1560500
2023-12-03 19:00:00-05:00,120.45,121.43,118.50,119.72,2911500
2023-12-04 19:00:00-05:00,120.05,120.23,118.33,118.51,1600000
2023-12-05 19:00:00-05:00,119.15,119.37,118.17,118.92,1596600
2023-12-06 19:00:00-05:00,119.05,119.29,117.86,118.40,1901700
2023-12-07 19:00:00-05:00,119.07,119.34,118.31,118.47,1192900
2023-12-10 19:00:00-05:00,118.66,120.74,118.54,120.65,1182400
2023-12-11 19:00:00-05:00,120.94,122.09,120.39,122.02,1703100
2023-12-12 19:00:00-05:00,121.86,125.08,121.86,124.75,1927300
2023-12-13 19:00:00-05:00,125.41,125.68,123.24,124.92,3238700
2023-12-14 19:00:00-05:00,124.02,124.65,122.17,122.57,2667500
2023-12-17 19:00:00-05:00,123.74,124.62,121.79,124.31,1883900
2023-12-18 19:00:00-05:00,124.92,125.74,124.03,124.09,1704200
2023-12-19 19:00:00-05:00,124.09,124.47,122.86,122.95,1321400
2023-12-20 19:00:00-05:00,123.77,124.09,122.34,123.84,1211600
2023-12-21 19:00:00-05:00,123.77,124.34,123.30,123.86,991500
2023-12-25 19:00:00-05:00,123.75,124.54,123.44,124.11,627500
2023-12-26 19:00:00-05:00,124.29,124.93,124.05,124.66,1050400
2023-12-27 19:00:00-05:00,124.66,124.84,124.22,124.36,882500
2023-12-28 19:00:00-05:00,124.25,125.05,124.06,124.49,1196800
2024-01-01 19:00:00-05:00,123.61,124.53,122.86,122.94,1485300
2024-01-02 19:00:00-05:00,123.92,124.38,122.85,123.01,1483600
2024-01-03 19:00:00-05:00,122.34,123.50,121.76,122.61,3019000
2024-01-04 19:00:00-05:00,122.77,123.01,121.42,122.28,1409200
2024-01-07 19:00:00-05:00,122.16,122.70,121.18,122.57,1204100
2024-01-08 19:00:00-05:00,121.82,122.24,121.25,122.17,968400
2024-01-09 19:00:00-05:00,121.96,123.45,121.00,123.10,1208700
2024-01-10 19:00:00-05:00,122.33,122.95,121.57,122.91,1271600
2024-01-11 19:00:00-05:00,123.37,123.37,122.26,123.03,1081800
2024-01-15 19:00:00-05:00,122.61,123.96,122.10,123.68,1635900
2024-01-16 19:00:00-05:00,122.80,123.88,122.67,122.99,1314900
2024-01-17 19:00:00-05:00,123.40,124.71,122.91,124.30,1896500
2024-01-18 19:00:00-05:00,124.65,126.31,123.96,126.05,1927800
2024-01-21 19:00:00-05:00,126.28,126.38,124.85,124.87,1543400
2024-01-22 19:00:00-05:00,124.93,125.76,124.93,125.53,1059700
2024-01-23 19:00:00-05:00,125.53,125.54,123.09,123.33,1790100
2024-01-24 19:00:00-05:00,123.70,124.16,122.47,124.07,1871700
2024-01-25 19:00:00-05:00,123.79,124.52,122.60,123.00,1157000
2024-01-28 19:00:00-05:00,123.01,124.39,122.23,124.39,1482100
2024-01-29 19:00:00-05:00,124.21,125.03,123.46,124.45,1421500
2024-01-30 19:00:00-05:00,125.24,125.75,123.16,123.38,2154200
2024-01-31 19:00:00-05:00,123.21,124.32,121.97,124.29,1440700
2024-02-01 19:00:00-05:00,123.52,123.90,121.66,122.67,1823800
2024-02-04 19:00:00-05:00,121.98,121.98,119.80,120.37,2614600
2024-02-05 19:00:00-05:00,120.05,122.12,119.81,121.26,2899100
2024-02-06 19:00:00-05:00,122.08,126.39,122.08,123.52,3539100
2024-02-07 19:00:00-05:00,123.51,124.52,122.61,124.24,2161400
2024-02-08 19:00:00-05:00,124.25,124.25,123.21,124.12,1951300
2024-02-11 19:00:00-05:00,124.13,125.73,124.13,125.16,1849000
2024-02-12 19:00:00-05:00,124.34,125.02,123.66,125.02,1765700
2024-02-13 19:00:00-05:00,125.39,127.91,125.23,127.68,2803100
2024-02-14 19:00:00-05:00,127.67,129.21,127.55,129.01,3128200
2024-02-15 19:00:00-05:00,128.85,129.44,128.06,128.20,2565900
2024-02-19 19:00:00-05:00,128.11,128.94,127.44,128.27,2270600
2024-02-20 19:00:00-05:00,128.33,129.56,127.57,129.49,2327900
2024-02-21 19:00:00-05:00,129.67,131.88,129.24,131.50,2328100
2024-02-22 19:00:00-05:00,131.74,132.78,131.28,132.45,1592200
2024-02-25 19:00:00-05:00,132.55,132.59,131.75,132.20,1769800
2024-02-26 19:00:00-05:00,132.20,132.31,130.84,131.22,1827100
2024-02-27 19:00:00-05:00,131.04,132.88,130.67,132.72,1417500
2024-02-28 19:00:00-05:00,132.92,133.72,132.10,132.55,2257700
2024-02-29 19:00:00-05:00,131.63,131.90,130.43,131.59,1704800
2024-03-03 19:00:00-05:00,131.28,132.76,130.89,132.67,2421400
2024-03-04 19:00:00-05:00,132.86,133.10,131.97,132.81,2283400
2024-03-05 19:00:00-05:00,133.15,133.90,132.90,133.63,1772600
2024-03-06 19:00:00-05:00,134.06,135.63,133.74,134.42,1939800
2024-03-07 19:00:00-05:00,134.08,134.90,133.25,133.64,1365000
2024-03-10 20:00:00-04:00,133.54,134.45,132.85,134.13,1711300
2024-03-11 20:00:00-04:00,134.11,135.51,133.90,134.77,1464800
2024-03-12 20:00:00-04:00,135.02,135.20,132.27,132.49,3361400
2024-03-13 20:00:00-04:00,132.19,132.56,130.50,131.34,3091900
2024-03-14 20:00:00-04:00,130.68,131.69,130.31,131.03,4164800
2024-03-17 20:00:00-04:00,130.62,131.56,130.45,130.49,2384500
2024-03-18 20:00:00-04:00,130.64,131.59,130.13,131.46,2266500
2024-03-19 20:00:00-04:00,131.55,131.61,130.02,130.72,1699600
2024-03-20 20:00:00-04:00,130.42,131.32,129.44,130.77,1506100
2024-03-21 20:00:00-04:00,130.81,130.92,129.89,130.45,1296400
2024-03-24 20:00:00-04:00,130.29,130.39,128.72,128.91,2486600
2024-03-25 20:00:00-04:00,129.36,129.64,128.88,129.08,1470400
2024-03-26 20:00:00-04:00,130.01,131.50,129.84,131.49,1634700
2024-03-27 20:00:00-04:00,131.56,132.94,131.56,132.77,1770900
2024-03-31 20:00:00-04:00,132.67,134.76,132.55,134.51,2227600
2024-04-01 20:00:00-04:00,134.55,135.42,133.42,134.74,1987400
2024-04-02 20:00:00-04:00,134.82,134.82,132.87,133.11,1543800
2024-04-03 20:00:00-04:00,134.04,134.04,130.09,130.50,2640400
2024-04-04 20:00:00-04:00,130.54,131.06,129.40,130.32,1735600
2024-04-07 20:00:00-04:00,130.12,130.50,128.79,129.48,1770400
2024-04-08 20:00:00-04:00,129.33,131.34,129.15,131.20,1395500
2024-04-09 20:00:00-04:00,129.30,132.29,129.10,132.10,1901000
2024-04-10 20:00:00-04:00,132.59,132.87,131.16,132.46,1425000
2024-04-11 20:00:00-04:00,132.54,132.61,131.36,131.95,1950400
2024-04-14 20:00:00-04:00,132.50,133.31,131.09,131.83,2962700
2024-04-15 20:00:00-04:00,131.69,132.52,130.98,132.14,1950500
2024-04-16 20:00:00-04:00,132.68,132.99,131.53,131.98,1516600
2024-04-17 20:00:00-04:00,132.00,132.46,131.35,132.02,2178700
2024-04-18 20:00:00-04:00,132.84,132.84,131.98,132.62,1673700
2024-04-21 20:00:00-04:00,132.57,134.23,131.94,133.16,1570500
2024-04-22 20:00:00-04:00,133.66,134.90,133.44,134.15,2140500
2024-04-23 20:00:00-04:00,133.81,135.80,133.35,135.79,1909500
2024-04-24 20:00:00-04:00,135.95,136.14,134.43,135.55,1693100
2024-04-25 20:00:00-04:00,134.85,136.73,134.67,135.75,2008100
2024-04-28 20:00:00-04:00,136.05,137.12,135.07,137.11,2221000
2024-04-29 20:00:00-04:00,134.06,136.80,133.82,135.26,4087300
2024-04-30 20:00:00-04:00,130.71,132.13,128.87,129.59,4639900
2024-05-01 20:00:00-04:00,129.75,130.81,129.04,129.34,2425400
2024-05-02 20:00:00-04:00,130.11,130.21,128.24,128.64,2452500
2024-05-05 20:00:00-04:00,128.91,131.42,128.50,130.40,2295500
2024-05-06 20:00:00-04:00,130.71,130.72,129.97,130.14,1922600
2024-05-07 20:00:00-04:00,130.05,131.49,129.73,131.15,1891000
2024-05-08 20:00:00-04:00,131.38,132.47,130.81,132.10,2010600
2024-05-09 20:00:00-04:00,132.29,133.72,130.59,131.78,2066200
2024-05-12 20:00:00-04:00,132.05,132.40,130.48,130.59,1742300
2024-05-13 20:00:00-04:00,130.73,132.57,130.41,131.65,2180300
2024-05-14 20:00:00-04:00,131.32,133.23,131.32,132.47,1810300
2024-05-15 20:00:00-04:00,134.06,135.90,133.28,135.65,2419700
2024-05-16 20:00:00-04:00,135.49,135.70,134.27,135.65,1346400
2024-05-19 20:00:00-04:00,135.51,135.61,133.33,133.74,1227400
2024-05-20 20:00:00-04:00,134.08,134.10,132.66,133.39,1192000
2024-05-21 20:00:00-04:00,133.40,133.40,132.10,133.23,1011200
2024-05-22 20:00:00-04:00,133.13,133.23,130.53,131.20,1621400
2024-05-23 20:00:00-04:00,131.72,132.77,131.53,132.46,1453200
2024-05-27 20:00:00-04:00,132.32,132.32,130.64,130.73,1921600
2024-05-28 20:00:00-04:00,130.33,131.22,129.18,129.59,1462100
2024-05-29 20:00:00-04:00,129.96,130.38,129.29,129.75,1587600
2024-05-30 20:00:00-04:00,130.06,132.38,129.71,132.24,2282900
2024-06-02 20:00:00-04:00,131.96,134.08,131.07,134.07,1618100
2024-06-03 20:00:00-04:00,134.12,136.86,133.74,136.20,2125200
2024-06-04 20:00:00-04:00,136.26,136.40,134.55,135.23,1944000
2024-06-05 20:00:00-04:00,135.16,136.79,134.48,135.52,1528900
2024-06-06 20:00:00-04:00,135.00,136.31,134.53,134.69,1467100
2024-06-09 20:00:00-04:00,134.60,134.98,132.49,132.61,1717000
2024-06-10 20:00:00-04:00,132.29,132.85,131.45,131.84,2149700
2024-06-11 20:00:00-04:00,132.27,133.36,131.73,132.12,1279900
2024-06-12 20:00:00-04:00,131.50,132.89,131.37,132.80,1554700
2024-06-13 20:00:00-04:00,132.20,132.68,130.90,131.63,1418500
2024-06-16 20:00:00-04:00,131.28,133.02,130.89,131.75,1327800
2024-06-17 20:00:00-04:00,132.14,132.31,129.77,130.31,2540800
2024-06-19 20:00:00-04:00,129.60,130.60,128.96,129.09,3170900
2024-06-20 20:00:00-04:00,130.01,130.03,128.34,129.22,3868100
2024-06-23 20:00:00-04:00,129.36,130.00,128.30,128.93,2477100
2024-06-24 20:00:00-04:00,128.94,128.94,126.70,127.34,2364100
2024-06-25 20:00:00-04:00,126.87,127.98,126.32,126.98,1392500
2024-06-26 20:00:00-04:00,127.10,127.80,126.68,127.61,1355500
2024-06-27 20:00:00-04:00,127.51,127.97,126.75,127.46,5819000
2024-06-30 20:00:00-04:00,127.56,127.78,124.54,124.81,2789000
2024-07-01 20:00:00-04:00,124.72,125.96,124.20,125.12,2331500
2024-07-02 20:00:00-04:00,124.88,125.19,124.10,124.69,935900
2024-07-04 20:00:00-04:00,124.44,124.80,123.39,124.25,1477600
2024-07-07 20:00:00-04:00,124.97,125.52,122.79,123.11,1846100
2024-07-08 20:00:00-04:00,122.67,123.45,121.81,121.88,1709400
2024-07-09 20:00:00-04:00,122.02,124.48,121.70,124.30,2494000
2024-07-10 20:00:00-04:00,124.05,125.45,123.59,124.63,1623300
2024-07-11 20:00:00-04:00,125.37,126.52,124.51,126.35,2338800
2024-07-14 20:00:00-04:00,126.08,126.99,123.03,123.06,2157100
2024-07-15 20:00:00-04:00,121.87,124.33,121.49,124.06,2381300
2024-07-16 20:00:00-04:00,124.20,125.06,123.66,124.45,1753800
2024-07-17 20:00:00-04:00,121.85,124.07,121.85,123.47,1714700
2024-07-18 20:00:00-04:00,124.17,124.22,121.97,122.14,2045800
2024-07-21 20:00:00-04:00,122.05,123.82,121.65,123.76,1605300
2024-07-22 20:00:00-04:00,123.79,123.79,121.44,121.69,1298600
2024-07-23 20:00:00-04:00,121.22,122.04,120.05,121.20,1620500
2024-07-24 20:00:00-04:00,121.43,123.91,121.25,122.33,1987000
2024-07-25 20:00:00-04:00,122.87,124.17,122.60,123.22,1874400
2024-07-28 20:00:00-04:00,123.09,126.10,122.27,125.51,2150700
2024-07-29 20:00:00-04:00,125.26,127.61,124.96,127.18,1410500
2024-07-30 20:00:00-04:00,127.75,128.97,126.64,127.82,1943100
2024-07-31 20:00:00-04:00,128.42,129.67,126.69,129.42,1627800
2024-08-01 20:00:00-04:00,129.67,131.44,127.98,130.08,2301500
2024-08-04 20:00:00-04:00,130.02,131.08,127.00,128.29,3665000
2024-08-05 20:00:00-04:00,131.83,134.59,131.24,131.69,2981100
2024-08-06 20:00:00-04:00,131.43,133.15,129.67,131.27,3071000
2024-08-07 20:00:00-04:00,131.11,133.18,131.10,131.93,1355100
2024-08-08 20:00:00-04:00,132.24,132.59,131.29,131.63,1446300
2024-08-11 20:00:00-04:00,130.83,131.09,129.72,130.51,1431300
2024-08-12 20:00:00-04:00,130.95,133.47,130.85,132.40,2388300
2024-08-13 20:00:00-04:00,132.31,132.98,131.88,132.08,1267900
2024-08-14 20:00:00-04:00,132.72,132.95,131.62,132.61,1134100
2024-08-15 20:00:00-04:00,132.75,132.83,131.56,132.22,1669800
2024-08-18 20:00:00-04:00,132.52,133.21,131.27,131.53,1671300
2024-08-19 20:00:00-04:00,131.73,132.97,131.28,131.78,1713300
2024-08-20 20:00:00-04:00,132.13,133.21,131.37,132.55,1583200
2024-08-21 20:00:00-04:00,132.73,132.95,131.39,131.60,1393600
2024-08-22 20:00:00-04:00,132.22,132.22,129.86,130.41,1657800
2024-08-25 20:00:00-04:00,130.80,131.16,129.67,129.86,1727500
2024-08-26 20:00:00-04:00,129.78,130.48,129.34,130.07,2079100
2024-08-27 20:00:00-04:00,130.31,131.81,129.93,131.18,2180100
2024-08-28 20:00:00-04:00,131.34,132.17,130.21,130.80,1563000
2024-08-29 20:00:00-04:00,130.98,131.42,129.98,130.48,1892900
2024-09-02 20:00:00-04:00,130.17,131.18,128.26,129.08,1866500
2024-09-03 20:00:00-04:00,129.52,130.54,129.28,130.37,1877000
2024-09-04 20:00:00-04:00,130.36,130.52,129.45,130.07,1570000
2024-09-05 20:00:00-04:00,129.99,131.02,129.17,129.46,1930100
2024-09-08 20:00:00-04:00,129.40,129.78,128.08,128.66,2379100
2024-09-09 20:00:00-04:00,128.69,129.75,128.44,128.51,2174300
2024-09-10 20:00:00-04:00,128.07,129.80,126.33,129.62,2067500
2024-09-11 20:00:00-04:00,129.65,130.74,128.75,129.02,1613600
2024-09-12 20:00:00-04:00,129.08,129.54,128.55,129.25,1811500
2024-09-15 20:00:00-04:00,130.00,131.02,129.38,130.13,1929300
2024-09-16 20:00:00-04:00,130.16,130.76,127.81,127.99,2009600
2024-09-17 20:00:00-04:00,128.04,128.72,125.98,126.30,2186200
2024-09-18 20:00:00-04:00,127.77,128.15,125.69,126.77,2616500
2024-09-19 20:00:00-04:00,126.45,126.60,124.48,125.44,3272700
2024-09-22 20:00:00-04:00,125.55,126.85,125.41,126.08,2140700
2024-09-23 20:00:00-04:00,127.31,129.86,126.20,129.39,2697000
2024-09-24 20:00:00-04:00,129.39,129.67,127.66,128.71,1396100
2024-09-25 20:00:00-04:00,129.86,133.87,129.86,133.52,2573000
2024-09-26 20:00:00-04:00,132.99,135.41,132.48,135.31,2778300
2024-09-29 20:00:00-04:00,135.37,136.82,134.03,135.11,2267200
2024-09-30 20:00:00-04:00,135.19,135.52,133.85,134.65,2070000
2024-10-01 20:00:00-04:00,134.15,135.29,133.59,134.94,1345200
2024-10-02 20:00:00-04:00,134.07,134.09,132.68,132.69,1993400
2024-10-03 20:00:00-04:00,132.68,133.28,131.07,132.07,1229600
2024-10-06 20:00:00-04:00,131.66,132.56,130.48,131.40,1473200
2024-10-07 20:00:00-04:00,131.51,132.11,129.16,130.28,1506200
2024-10-08 20:00:00-04:00,130.55,131.67,130.18,130.32,1574100
2024-10-09 20:00:00-04:00,129.89,130.31,128.14,128.88,1569900
2024-10-10 20:00:00-04:00,129.07,130.45,128.95,129.61,1334400
2024-10-13 20:00:00-04:00,129.33,130.70,128.90,130.22,1037900
2024-10-14 20:00:00-04:00,129.79,130.29,128.31,128.83,1421700
2024-10-15 20:00:00-04:00,127.92,129.51,126.73,128.96,1701700
2024-10-16 20:00:00-04:00,129.42,129.45,127.79,129.33,1701900
2024-10-17 20:00:00-04:00,129.98,130.07,128.76,129.85,1243600
2024-10-20 20:00:00-04:00,129.19,130.14,128.69,129.59,1294900
2024-10-21 20:00:00-04:00,129.19,130.04,128.51,128.97,941700
2024-10-22 20:00:00-04:00,129.30,131.18,128.88,129.61,1605100
2024-10-23 20:00:00-04:00,129.59,129.59,128.00,128.77,1275500
2024-10-24 20:00:00-04:00,129.64,129.94,128.46,128.66,956500
2024-10-27 20:00:00-04:00,129.85,131.09,129.46,130.42,1318000
2024-10-28 20:00:00-04:00,130.12,130.81,129.56,129.56,1487200
2024-10-29 20:00:00-04:00,128.87,129.86,128.37,129.00,1414700
2024-10-30 20:00:00-04:00,129.07,129.30,126.70,126.84,2219000
2024-10-31 20:00:00-04:00,127.85,128.95,127.48,127.98,1888600
2024-11-03 19:00:00-05:00,128.14,129.59,127.50,128.39,2670100
2024-11-04 19:00:00-05:00,128.81,132.44,128.72,130.28,3779500
2024-11-05 19:00:00-05:00,132.29,132.29,126.98,129.94,3201200
2024-11-06 19:00:00-05:00,130.55,133.30,129.95,132.55,2338100
2024-11-07 19:00:00-05:00,131.88,133.90,131.05,132.69,1726900
2024-11-10 19:00:00-05:00,132.21,134.01,132.04,132.12,1741200
2024-11-11 19:00:00-05:00,131.63,132.05,129.38,130.18,2156200
2024-11-12 19:00:00-05:00,130.02,132.59,129.69,130.81,3055000
2024-11-13 19:00:00-05:00,130.83,132.86,130.83,132.24,1797800
2024-11-14 19:00:00-05:00,131.46,133.15,129.04,129.19,1679000
2024-11-17 19:00:00-05:00,129.05,130.12,128.94,129.60,1444400
2024-11-18 19:00:00-05:00,128.65,128.96,127.60,127.79,1160000
2024-11-19 19:00:00-05:00,127.91,128.80,126.85,128.50,1439000
2024-11-20 19:00:00-05:00,128.77,130.00,127.44,129.80,1031100
2024-11-21 19:00:00-05:00,130.10,131.40,129.76,130.82,992500
2024-11-24 19:00:00-05:00,131.74,134.08,130.56,132.54,3604600
2024-11-25 19:00:00-05:00,134.42,134.42,132.64,134.06,1805700
2024-11-26 19:00:00-05:00,134.25,135.37,134.12,134.74,1614100
2024-11-28 19:00:00-05:00,134.46,134.76,133.74,134.36,1003200
2024-12-01 19:00:00-05:00,134.03,135.47,133.46,135.10,2295900
2024-12-02 19:00:00-05:00,135.37,135.55,133.80,133.83,1235900
2024-12-03 19:00:00-05:00,133.61,134.59,133.20,134.26,1522700
2024-12-04 19:00:00-05:00,134.45,134.87,133.32,134.23,939100
2024-12-05 19:00:00-05:00,134.66,135.66,133.52,133.74,968000
2024-12-08 19:00:00-05:00,133.99,135.21,133.40,135.15,1411000
2024-12-09 19:00:00-05:00,134.69,135.15,132.62,134.32,1406200
2024-12-10 19:00:00-05:00,134.61,135.13,133.90,134.63,1357400
2024-12-11 19:00:00-05:00,134.73,134.96,133.56,134.72,1399700
2024-12-12 19:00:00-05:00,134.50,135.32,132.60,133.13,1044300
2024-12-15 19:00:00-05:00,133.19,134.01,131.13,131.24,1660300
2024-12-16 19:00:00-05:00,130.63,133.61,130.22,130.92,2263500
2024-12-17 19:00:00-05:00,130.56,130.80,127.56,127.75,2834400
2024-12-18 19:00:00-05:00,127.53,128.91,126.65,126.68,1939200
2024-12-19 19:00:00-05:00,126.57,129.61,126.46,128.62,3212900
2024-12-22 19:00:00-05:00,129.49,130.16,128.20,130.08,1479100
2024-12-23 19:00:00-05:00,129.66,131.26,129.23,131.19,533000
2024-12-25 19:00:00-05:00,130.55,132.94,130.41,132.16,1040900
2024-12-26 19:00:00-05:00,131.32,132.62,130.50,131.41,1146300
2024-12-29 19:00:00-05:00,130.34,130.61,129.24,129.75,1144600
2024-12-30 19:00:00-05:00,130.30,130.98,129.49,130.37,1217100
2025-01-01 19:00:00-05:00,130.62,132.08,129.34,129.79,2609900
2025-01-02 19:00:00-05:00,129.88,130.21,128.63,129.67,1154300
2025-01-05 19:00:00-05:00,129.53,130.43,126.32,126.49,2120800
2025-01-06 19:00:00-05:00,126.40,128.02,124.68,124.92,2103000
2025-01-07 19:00:00-05:00,124.18,124.61,123.38,124.13,2025400
2025-01-09 19:00:00-05:00,122.27,123.06,119.71,119.77,2555000
2025-01-12 19:00:00-05:00,119.33,120.85,118.68,120.23,2163100
2025-01-13 19:00:00-05:00,120.77,121.90,120.47,121.19,1793600
2025-01-14 19:00:00-05:00,122.89,122.89,121.01,122.22,1729700
2025-01-15 19:00:00-05:00,122.14,124.13,121.84,122.67,1670400
2025-01-16 19:00:00-05:00,123.33,123.75,121.65,121.78,1604900
2025-01-20 19:00:00-05:00,121.30,122.56,121.06,122.15,2092700
2025-01-21 19:00:00-05:00,121.82,123.20,121.06,122.65,2498900
2025-01-22 19:00:00-05:00,122.20,123.75,121.96,123.42,2082400
2025-01-23 19:00:00-05:00,123.17,125.80,123.17,124.64,2295900
2025-01-26 19:00:00-05:00,125.21,127.92,124.90,127.19,2174700
2025-01-27 19:00:00-05:00,126.63,128.54,124.67,125.59,2423700
2025-01-28 19:00:00-05:00,126.12,127.07,125.34,125.52,1342800
2025-01-29 19:00:00-05:00,125.72,127.55,125.48,127.04,1483200
2025-01-30 19:00:00-05:00,126.17,127.86,126.17,126.81,1370300
2025-02-02 19:00:00-05:00,125.78,128.89,125.09,127.79,2351500
2025-02-03 19:00:00-05:00,128.53,128.85,127.16,127.76,2086800
2025-02-04 19:00:00-05:00,127.68,127.99,125.89,127.54,2177600
2025-02-05 19:00:00-05:00,134.81,140.35,134.20,139.94,5571800
2025-02-06 19:00:00-05:00,137.69,140.62,136.92,139.50,2694300
2025-02-09 19:00:00-05:00,140.83,144.00,139.93,143.97,3733500
2025-02-10 19:00:00-05:00,143.35,144.01,141.76,142.51,2541800
2025-02-11 19:00:00-05:00,142.27,142.60,139.69,142.37,2193500
2025-02-12 19:00:00-05:00,142.65,145.08,141.95,144.55,2093300
2025-02-13 19:00:00-05:00,144.84,145.08,143.42,143.73,1970800
2025-02-17 19:00:00-05:00,143.33,144.10,142.62,142.97,2104600
2025-02-18 19:00:00-05:00,142.52,144.30,141.86,144.10,1433600
2025-02-19 19:00:00-05:00,143.82,147.02,143.82,146.70,2351400
2025-02-20 19:00:00-05:00,146.51,147.33,144.88,145.23,2187600
2025-02-23 19:00:00-05:00,145.57,146.97,145.15,146.68,2120600
2025-02-24 19:00:00-05:00,147.14,151.13,146.92,150.50,2817400
2025-02-25 19:00:00-05:00,151.24,151.51,147.59,147.92,2112000
2025-02-26 19:00:00-05:00,147.97,150.68,147.77,150.07,1354200
2025-02-27 19:00:00-05:00,150.52,152.86,150.30,152.67,3003400
2025-03-02 19:00:00-05:00,153.79,154.53,152.45,153.22,1913300
2025-03-03 19:00:00-05:00,154.51,157.46,153.90,154.66,3969000
2025-03-04 19:00:00-05:00,154.65,156.58,153.84,155.60,2234300
2025-03-05 19:00:00-05:00,155.31,156.76,154.11,155.49,2020200
2025-03-06 19:00:00-05:00,155.78,159.44,155.77,158.69,3411300
2025-03-09 20:00:00-04:00,157.49,158.60,153.02,154.35,3000000
2025-03-10 20:00:00-04:00,154.65,155.24,152.26,152.99,2346900
2025-03-11 20:00:00-04:00,152.05,152.99,149.05,150.75,1631900
2025-03-12 20:00:00-04:00,150.71,152.09,149.72,149.79,1631300
2025-03-13 20:00:00-04:00,149.79,152.60,149.15,151.38,1251100
2025-03-16 20:00:00-04:00,150.69,153.60,150.59,153.41,1127000
2025-03-17 20:00:00-04:00,153.00,154.20,152.47,153.58,1332200
2025-03-18 20:00:00-04:00,153.67,154.61,152.83,153.78,1455500
2025-03-19 20:00:00-04:00,154.09,154.75,153.19,154.15,1412700
2025-03-20 20:00:00-04:00,153.24,154.45,152.39,153.04,3071600
2025-03-23 20:00:00-04:00,153.35,153.99,151.36,152.13,1952500
2025-03-24 20:00:00-04:00,152.46,152.81,151.09,152.11,1836600
2025-03-25 20:00:00-04:00,152.69,155.17,152.51,154.93,1708800
2025-03-26 20:00:00-04:00,155.23,155.28,152.65,153.92,2500800
2025-03-27 20:00:00-04:00,153.88,154.36,151.60,152.08,1492600
2025-03-30 20:00:00-04:00,150.53,154.40,149.98,153.64,3510600
2025-03-31 20:00:00-04:00,153.81,155.23,153.00,155.16,1573800
2025-04-01 20:00:00-04:00,154.79,155.24,153.61,154.49,1585400
2025-04-02 20:00:00-04:00,154.45,157.98,154.15,157.63,2615300
2025-04-03 20:00:00-04:00,153.49,155.55,143.81,144.33,4704300
2025-04-06 20:00:00-04:00,141.22,144.25,137.66,141.50,4579500
2025-04-07 20:00:00-04:00,144.93,145.07,136.76,138.04,4221000
2025-04-08 20:00:00-04:00,136.98,144.14,135.44,142.01,4063800
2025-04-09 20:00:00-04:00,140.55,143.65,138.12,142.06,4604500
2025-04-10 20:00:00-04:00,141.90,142.52,139.09,141.57,3002500
2025-04-13 20:00:00-04:00,143.52,143.52,141.10,142.55,3432000
2025-04-14 20:00:00-04:00,143.23,143.61,140.88,141.27,2599300
2025-04-15 20:00:00-04:00,141.57,142.03,138.44,139.20,1952700
2025-04-16 20:00:00-04:00,139.35,141.47,138.52,139.92,1768300
2025-04-20 20:00:00-04:00,139.75,139.75,135.74,137.19,1708200
2025-04-21 20:00:00-04:00,138.67,141.69,137.96,141.62,1670800
2025-04-22 20:00:00-04:00,142.11,144.86,141.84,142.70,2301000
2025-04-23 20:00:00-04:00,142.95,144.34,141.37,144.09,2079800
2025-04-24 20:00:00-04:00,143.87,145.28,142.86,143.82,1770400
2025-04-27 20:00:00-04:00,143.83,144.57,142.96,144.25,2218800
2025-04-28 20:00:00-04:00,143.13,144.53,141.93,144.20,2339600
2025-04-29 20:00:00-04:00,144.00,147.97,141.46,146.88,3349500
2025-04-30 20:00:00-04:00,145.54,145.92,143.60,145.08,2734600
2025-05-01 20:00:00-04:00,145.90,146.95,143.94,145.61,1972000
2025-05-04 20:00:00-04:00,145.97,146.03,142.93,143.11,2308500
2025-05-05 20:00:00-04:00,142.93,144.96,142.11,144.77,2097000
2025-05-06 20:00:00-04:00,144.65,147.20,144.25,145.94,1416000
2025-05-07 20:00:00-04:00,146.18,146.33,144.26,144.48,1410900
2025-05-08 20:00:00-04:00,144.75,145.45,143.02,143.65,1068500
2025-05-11 20:00:00-04:00,143.86,144.80,142.61,143.33,1552700
2025-05-12 20:00:00-04:00,143.52,143.53,141.38,142.27,1880000
2025-05-13 20:00:00-04:00,142.25,142.52,141.38,141.73,1534300
2025-05-14 20:00:00-04:00,142.13,144.06,141.78,143.57,1842400
2025-05-15 20:00:00-04:00,144.40,144.57,142.83,144.57,1699700
2025-05-18 20:00:00-04:00,144.22,146.30,144.16,146.11,2046100
2025-05-19 20:00:00-04:00,145.48,146.48,145.12,145.50,2158700
2025-05-20 20:00:00-04:00,144.41,145.41,141.90,142.97,1842000
2025-05-21 20:00:00-04:00,142.76,142.78,141.09,142.06,1926700
2025-05-22 20:00:00-04:00,141.78,142.45,141.24,142.01,1062900
2025-05-26 20:00:00-04:00,142.55,142.80,140.07,141.37,2396800
2025-05-27 20:00:00-04:00,141.72,142.23,140.15,140.45,1537000
2025-05-28 20:00:00-04:00,140.50,142.16,139.93,141.32,1841900
2025-05-29 20:00:00-04:00,141.32,141.75,140.39,141.22,3184400
2025-06-01 20:00:00-04:00,140.20,142.16,139.38,141.90,1764800
2025-06-02 20:00:00-04:00,141.26,141.86,138.76,141.25,2414900
2025-06-03 20:00:00-04:00,143.25,143.25,140.12,141.29,2035600
2025-06-04 20:00:00-04:00,141.41,141.46,139.57,140.18,1250900
2025-06-05 20:00:00-04:00,140.26,142.29,140.04,142.10,1367900
2025-06-08 20:00:00-04:00,141.44,141.91,139.72,140.44,1479400
2025-06-09 20:00:00-04:00,142.41,142.73,140.25,141.20,2159900
2025-06-10 20:00:00-04:00,141.20,141.86,140.25,140.70,1454200
2025-06-11 20:00:00-04:00,140.51,141.25,139.77,141.25,1096400
2025-06-12 20:00:00-04:00,140.86,142.69,139.53,141.28,1180200
2025-06-15 20:00:00-04:00,141.28,142.15,138.85,139.26,1706800
2025-06-16 20:00:00-04:00,138.63,139.47,136.65,137.35,1892900
2025-06-17 20:00:00-04:00,137.49,138.08,135.37,135.75,1539500
2025-06-19 20:00:00-04:00,136.14,137.12,135.95,136.44,2956500
2025-06-22 20:00:00-04:00,137.43,138.83,135.97,138.72,1955800
2025-06-23 20:00:00-04:00,138.96,140.38,137.95,140.01,1629100
2025-06-24 20:00:00-04:00,142.23,146.47,141.81,144.40,3752100
2025-06-25 20:00:00-04:00,144.13,146.20,142.90,144.28,3297100
2025-06-26 20:00:00-04:00,144.27,146.04,144.12,145.61,3075100
2025-06-29 20:00:00-04:00,145.07,145.61,143.53,145.38,2435000
2025-06-30 20:00:00-04:00,145.48,147.95,145.31,147.53,1726600
2025-07-01 20:00:00-04:00,146.89,148.31,146.05,147.35,2292700
2025-07-02 20:00:00-04:00,147.24,147.35,145.93,147.17,1284300
2025-07-06 20:00:00-04:00,147.49,148.12,146.51,147.52,1780000
2025-07-07 20:00:00-04:00,146.91,147.90,145.57,147.69,1677400
2025-07-08 20:00:00-04:00,147.63,148.33,147.14,148.00,1428900
2025-07-09 20:00:00-04:00,148.20,150.33,147.74,149.48,1250100
2025-07-10 20:00:00-04:00,148.52,148.99,145.71,146.96,1758000
2025-07-13 20:00:00-04:00,147.62,148.09,144.39,144.39,1908400
2025-07-14 20:00:00-04:00,143.83,144.88,142.25,142.26,1883400
2025-07-15 20:00:00-04:00,142.28,143.86,142.28,143.38,1333000
2025-07-16 20:00:00-04:00,143.34,145.66,143.03,145.29,1427800
2025-07-17 20:00:00-04:00,145.53,146.78,145.14,146.15,1597300
2025-07-20 20:00:00-04:00,147.19,147.22,142.16,142.76,2512000
2025-07-21 20:00:00-04:00,142.81,145.73,142.81,145.73,1451000
2025-07-22 20:00:00-04:00,145.86,146.19,144.23,145.00,1186800
2025-07-23 20:00:00-04:00,143.61,145.39,143.08,143.08,1489200
2025-07-24 20:00:00-04:00,143.14,144.30,142.35,143.93,1152500
2025-07-27 20:00:00-04:00,143.09,143.82,141.54,141.57,1658200
2025-07-28 20:00:00-04:00,141.78,142.49,140.78,142.44,2472600
2025-07-29 20:00:00-04:00,142.81,144.54,142.42,144.22,1643800
2025-07-30 20:00:00-04:00,143.23,144.59,141.39,141.43,2653500
2025-07-31 20:00:00-04:00,142.92,143.30,141.50,142.62,1930700
2025-08-03 20:00:00-04:00,142.34,144.97,141.94,144.23,3349900
2025-08-04 20:00:00-04:00,141.77,144.23,136.68,136.87,5141600
2025-08-05 20:00:00-04:00,137.10,139.67,136.44,138.67,2685300
2025-08-06 20:00:00-04:00,139.37,140.62,138.35,139.87,2066800
2025-08-07 20:00:00-04:00,139.15,140.19,138.29,138.61,2263200
2025-08-10 20:00:00-04:00,138.83,139.86,138.30,138.60,1825000
2025-08-11 20:00:00-04:00,138.93,139.82,137.65,139.41,1606700
2025-08-12 20:00:00-04:00,139.15,142.08,138.83,142.06,1845000
2025-08-13 20:00:00-04:00,141.76,144.22,140.74,144.00,1832900
2025-08-14 20:00:00-04:00,144.07,146.30,143.69,145.38,2604300
2025-08-17 20:00:00-04:00,145.39,148.26,145.11,146.52,2182800
2025-08-18 20:00:00-04:00,146.48,150.18,146.46,149.14,1952700
2025-08-19 20:00:00-04:00,150.09,150.09,144.77,146.52,2606900
2025-08-20 20:00:00-04:00,145.87,146.24,144.81,145.22,1943800
2025-08-21 20:00:00-04:00,145.80,147.13,144.62,145.08,1995300
2025-08-24 20:00:00-04:00,145.39,145.87,143.91,144.12,1404400
2025-08-25 20:00:00-04:00,144.15,145.18,143.23,144.26,1664900
2025-08-26 20:00:00-04:00,144.19,144.40,142.23,142.59,1812900
2025-08-27 20:00:00-04:00,142.39,142.98,141.26,142.73,1616800
2025-08-28 20:00:00-04:00,142.67,144.57,142.66,144.20,1473400
2025-09-01 20:00:00-04:00,143.22,144.12,142.27,143.39,1619000
2025-09-02 20:00:00-04:00,142.68,142.97,141.87,142.51,1539100
2025-09-03 20:00:00-04:00,142.62,143.31,140.34,141.64,1484400
2025-09-04 20:00:00-04:00,141.71,144.05,141.71,142.54,1455800
2025-09-07 20:00:00-04:00,141.97,145.95,141.21,145.90,2187700
2025-09-08 20:00:00-04:00,145.53,146.01,143.61,143.72,1637700
2025-09-09 20:00:00-04:00,143.37,144.99,142.76,143.96,1947100
2025-09-10 20:00:00-04:00,144.63,147.47,144.06,147.04,2609700
2025-09-11 20:00:00-04:00,146.90,148.41,146.42,147.38,1809500
2025-09-14 20:00:00-04:00,147.69,148.20,146.80,146.80,2605300
2025-09-15 20:00:00-04:00,146.80,147.81,145.13,145.92,2370600
2025-09-16 20:00:00-04:00,146.25,147.95,145.80,146.17,2042600
2025-09-17 20:00:00-04:00,144.56,145.75,142.76,143.21,1747400
2025-09-18 20:00:00-04:00,143.27,144.88,143.07,143.61,3068600
2025-09-21 20:00:00-04:00,143.57,147.49,143.44,147.16,1939200
2025-09-22 20:00:00-04:00,146.32,147.61,144.97,147.33,1616500
2025-09-23 20:00:00-04:00,146.74,147.43,144.89,147.34,2808300
2025-09-24 20:00:00-04:00,147.20,148.96,147.20,148.29,1442600
2025-09-25 20:00:00-04:00,148.60,150.66,148.46,150.55,1208600
2025-09-28 20:00:00-04:00,151.34,152.86,150.60,151.77,1742400
2025-09-29 20:00:00-04:00,151.45,152.29,149.72,149.86,1898800
2025-09-30 20:00:00-04:00,150.44,151.58,149.08,151.03,1991500
2025-10-01 20:00:00-04:00,150.14,150.89,148.61,149.22,1800700
2025-10-02 20:00:00-04:00,148.86,149.10,147.72,148.56,1288500
2025-10-05 20:00:00-04:00,147.97,148.54,146.50,146.68,1395000
2025-10-06 20:00:00-04:00,146.25,146.44,142.71,144.65,1657100
2025-10-07 20:00:00-04:00,144.31,144.64,143.19,143.97,1150600
2025-10-08 20:00:00-04:00,143.31,144.24,140.67,140.68,1371000
2025-10-09 20:00:00-04:00,142.35,142.35,139.30,139.62,2055300
2025-10-12 20:00:00-04:00,139.08,140.11,137.89,138.49,2167900
2025-10-13 20:00:00-04:00,137.68,142.58,137.33,141.95,2096000
2025-10-14 20:00:00-04:00,141.94,143.98,141.57,142.47,1492900
2025-10-15 20:00:00-04:00,142.20,142.44,140.20,141.36,1497800
2025-10-16 20:00:00-04:00,141.74,144.18,141.20,143.20,1503100
2025-10-19 20:00:00-04:00,143.48,146.45,143.30,146.07,1992100
2025-10-20 20:00:00-04:00,146.05,147.00,145.06,146.44,1491800
2025-10-21 20:00:00-04:00,146.70,147.42,145.14,145.30,1180500
2025-10-22 20:00:00-04:00,145.35,145.89,143.18,144.31,1238200
2025-10-23 20:00:00-04:00,144.01,145.13,141.12,141.34,1289100
2025-10-26 20:00:00-04:00,141.58,142.34,140.03,140.96,1743600
2025-10-27 20:00:00-04:00,140.20,141.16,139.06,139.10,1451300
2025-10-28 20:00:00-04:00,138.28,138.61,136.34,137.23,1620700
2025-10-29 20:00:00-04:00,137.09,138.06,135.43,137.10,2065300
2025-10-30 20:00:00-04:00,136.47,136.51,135.39,136.26,2422800
2025-11-02 19:00:00-05:00,136.26,138.46,135.56,137.41,3632400
2025-11-03 19:00:00-05:00,144.17,147.81,141.12,147.44,5598300
2025-11-04 19:00:00-05:00,152.09,152.09,145.57,147.28,3277200
2025-11-05 19:00:00-05:00,146.71,148.06,144.34,145.53,2713100
2025-11-06 19:00:00-05:00,146.28,147.30,145.64,147.02,2415500
2025-11-09 19:00:00-05:00,146.07,147.14,145.24,146.17,2142100
2025-11-10 19:00:00-05:00,146.98,148.80,146.71,148.62,1609800
2025-11-11 19:00:00-05:00,148.19,148.97,146.52,147.26,2159000
2025-11-12 19:00:00-05:00,148.23,148.53,146.93,147.62,1877000
2025-11-13 19:00:00-05:00,147.84,148.55,146.54,146.92,1955000
2025-11-16 19:00:00-05:00,146.90,147.64,145.91,145.94,2783800
2025-11-17 19:00:00-05:00,146.14,147.47,145.85,146.72,1758300
2025-11-18 19:00:00-05:00,146.79,147.61,145.74,146.23,1168400
2025-11-19 19:00:00-05:00,146.54,148.55,145.95,147.11,1370700
2025-11-20 19:00:00-05:00,147.76,151.23,147.76,150.82,2468300
2025-11-23 19:00:00-05:00,150.95,151.09,148.46,148.95,3656900
2025-11-24 19:00:00-05:00,149.86,151.91,148.99,151.83,2409600
2025-11-25 19:00:00-05:00,151.83,153.04,151.63,151.63,1833300
2025-11-27 19:00:00-05:00,150.90,152.33,150.90,151.05,923300
2025-11-30 19:00:00-05:00,151.01,151.27,147.98,148.52,3536400
2025-12-01 19:00:00-05:00,149.47,149.58,145.55,146.23,1781300
2025-12-02 19:00:00-05:00,146.29,148.23,146.21,147.12,2259700
2025-12-03 19:00:00-05:00,146.22,147.73,144.13,144.48,2356700
2025-12-04 19:00:00-05:00,144.51,145.57,143.54,143.59,2503200
2025-12-07 19:00:00-05:00,143.41,143.55,140.93,141.19,1822600
2025-12-08 19:00:00-05:00,141.01,142.29,141.01,141.69,1582800
2025-12-09 19:00:00-05:00,141.55,143.24,140.53,142.53,2506500
2025-12-10 19:00:00-05:00,146.60,149.58,144.60,146.72,2560700
2025-12-11 19:00:00-05:00,147.50,149.74,147.17,149.63,1894500
2025-12-14 19:00:00-05:00,149.58,156.29,149.58,152.37,3132300
2025-12-15 19:00:00-05:00,152.37,152.50,149.49,149.60,2517900
2025-12-16 19:00:00-05:00,149.25,152.62,149.25,151.70,2488800
2025-12-17 19:00:00-05:00,151.27,153.52,151.27,153.24,2258100
2025-12-18 19:00:00-05:00,153.38,154.46,151.95,152.30,3119900
2025-12-21 19:00:00-05:00,152.29,154.96,151.85,153.81,2641400
2025-12-22 19:00:00-05:00,153.36,154.02,152.70,153.07,1660200
2025-12-23 19:00:00-05:00,152.93,153.54,152.63,152.86,878600
2025-12-25 19:00:00-05:00,152.75,153.01,151.32,151.79,1086400
2025-12-28 19:00:00-05:00,151.43,151.73,150.63,150.83,1963000
2025-12-29 19:00:00-05:00,150.25,151.22,150.02,150.74,1158600
2025-12-30 19:00:00-05:00,150.32,150.91,149.68,149.85,1102500
2026-01-01 19:00:00-05:00,150.11,150.72,148.24,149.07,2241800
2026-01-04 19:00:00-05:00,148.10,150.78,146.84,148.87,2593800
2026-01-05 19:00:00-05:00,148.46,150.91,148.07,149.98,1399700
2026-01-06 19:00:00-05:00,149.47,150.65,148.92,149.07,1500900
2026-01-07 19:00:00-05:00,148.77,152.18,148.48,152.03,1761000
2026-01-08 19:00:00-05:00,152.41,154.43,151.09,154.05,1765900
2026-01-11 19:00:00-05:00,154.11,155.63,153.21,155.44,1500700
2026-01-12 19:00:00-05:00,154.81,156.09,153.86,154.88,1412400
2026-01-13 19:00:00-05:00,155.36,156.37,154.27,155.65,1532300
2026-01-14 19:00:00-05:00,155.67,159.54,155.46,159.53,2128200
2026-01-15 19:00:00-05:00,158.85,159.45,157.39,158.75,2517600
2026-01-19 19:00:00-05:00,158.06,158.15,151.63,151.75,3124200
2026-01-20 19:00:00-05:00,152.53,154.45,151.88,152.95,2504100
2026-01-21 19:00:00-05:00,152.97,153.79,151.58,152.08,2048500
2026-01-22 19:00:00-05:00,151.87,152.51,151.00,151.53,1781500
2026-01-25 19:00:00-05:00,151.72,153.43,150.17,151.38,2138800
2026-01-26 19:00:00-05:00,150.83,153.10,150.59,152.56,2025500
2026-01-27 19:00:00-05:00,152.99,153.74,151.83,152.43,1702700
2026-01-28 19:00:00-05:00,153.26,155.90,151.97,154.01,2230800
2026-01-29 19:00:00-05:00,153.25,155.20,151.91,154.03,2654900
2026-02-01 19:00:00-05:00,154.47,156.65,152.86,154.70,3191300
2026-02-02 19:00:00-05:00,153.98,157.80,153.55,157.24,3612600
2026-02-03 19:00:00-05:00,156.72,158.84,154.24,158.06,4062600
2026-02-04 19:00:00-05:00,159.24,162.06,157.57,159.57,2318200
2026-02-05 19:00:00-05:00,158.81,161.50,158.81,161.39,1437500
2026-02-08 19:00:00-05:00,160.24,160.79,156.34,157.40,2068300
2026-02-09 19:00:00-05:00,156.65,158.21,156.65,157.35,1376900
2026-02-10 19:00:00-05:00,156.91,159.09,155.76,157.56,1464600
2026-02-11 19:00:00-05:00,158.71,162.23,158.36,161.74,2000700
2026-02-12 19:00:00-05:00,162.50,163.76,158.58,159.05,2237200
2026-02-16 19:00:00-05:00,159.64,160.50,157.95,159.67,1678800
2026-02-17 19:00:00-05:00,159.50,162.85,159.16,161.37,1723300
2026-02-18 19:00:00-05:00,161.37,162.08,160.71,161.94,1288300
2026-02-19 19:00:00-05:00,162.21,162.73,161.12,162.53,1893900
2026-02-22 19:00:00-05:00,162.64,166.17,162.64,165.64,2544800
2026-02-23 19:00:00-05:00,166.19,168.57,164.52,165.14,1713600
2026-02-24 19:00:00-05:00,165.21,166.78,163.35,164.43,2499700
2026-02-25 19:00:00-05:00,165.59,166.01,163.93,164.90,1610900
2026-02-26 19:00:00-05:00,164.89,168.43,163.76,167.34,1902300
2026-03-01 19:00:00-05:00,166.42,166.42,161.50,162.13,1681000
2026-03-02 19:00:00-05:00,160.38,160.86,157.76,159.70,2110300
2026-03-03 19:00:00-05:00,159.29,159.47,157.53,158.22,1580900
2026-03-04 19:00:00-05:00,156.73,157.85,155.99,157.85,2010100
2026-03-05 19:00:00-05:00,156.80,159.49,155.24,159.22,1445700
2026-03-08 20:00:00-04:00,158.10,159.28,155.84,159.07,1506200
2026-03-09 20:00:00-04:00,157.82,160.33,156.33,158.42,1533500
2026-03-10 20:00:00-04:00,158.00,158.23,154.67,155.84,1491000
2026-03-11 20:00:00-04:00,154.66,158.77,154.25,157.69,1781000
2026-03-12 20:00:00-04:00,158.94,160.53,158.03,159.62,1119600
2026-03-15 20:00:00-04:00,160.81,162.90,160.28,160.99,2624900
2026-03-16 20:00:00-04:00,161.97,164.47,161.19,162.89,2079200
2026-03-17 20:00:00-04:00,161.21,161.51,158.19,158.33,1713100
2026-03-18 20:00:00-04:00,157.14,158.48,155.49,155.49,1832100
2026-03-19 20:00:00-04:00,155.81,157.14,154.73,155.65,3559600
2026-03-22 20:00:00-04:00,158.94,159.31,156.61,157.77,1771600
2026-03-23 20:00:00-04:00,156.79,159.14,156.34,158.65,1319500
2026-03-24 20:00:00-04:00,159.38,160.97,157.56,158.38,1426900
2026-03-25 20:00:00-04:00,158.09,158.87,155.34,155.38,2034000
2026-03-26 20:00:00-04:00,155.52,156.63,152.38,153.21,1701600
2026-03-29 20:00:00-04:00,154.43,155.55,152.16,153.84,1268500
2026-03-30 20:00:00-04:00,155.26,156.23,151.85,154.72,1699400
2026-03-31 20:00:00-04:00,156.42,156.42,151.87,152.95,1363700
2026-04-01 20:00:00-04:00,151.76,155.58,151.17,155.33,1042000
2026-04-05 20:00:00-04:00,154.26,157.17,154.21,156.59,1049900
2026-04-06 20:00:00-04:00,156.62,157.38,155.73,156.17,1571400
2026-04-07 20:00:00-04:00,157.23,160.36,157.02,159.65,1213500
2026-04-08 20:00:00-04:00,158.70,160.74,158.70,160.01,1184400
2026-04-09 20:00:00-04:00,159.91,161.01,158.98,160.97,1458400
2026-04-12 20:00:00-04:00,160.98,160.98,158.71,160.64,1002000
2026-04-13 20:00:00-04:00,159.96,161.58,159.43,160.78,1269600
2026-04-14 20:00:00-04:00,160.27,161.36,159.80,161.15,1258600
2026-04-15 20:00:00-04:00,160.69,161.82,157.60,158.74,1615400
2026-04-16 20:00:00-04:00,158.91,162.52,158.91,162.00,1283400
2026-04-19 20:00:00-04:00,162.87,163.36,160.68,161.03,1459000
2026-04-20 20:00:00-04:00,160.85,161.66,158.69,159.56,1444800
2026-04-21 20:00:00-04:00,159.90,160.91,158.03,158.29,1797300
2026-04-22 20:00:00-04:00,159.27,160.88,158.92,159.95,1120200
2026-04-23 20:00:00-04:00,159.22,159.83,158.05,159.50,1199200
2026-04-26 20:00:00-04:00,158.23,158.37,153.91,154.41,2854500
2026-04-27 20:00:00-04:00,155.52,157.58,154.31,155.70,3013400
2026-04-28 20:00:00-04:00,157.76,162.74,157.76,159.06,3177300
2026-04-29 20:00:00-04:00,158.89,160.25,157.45,158.87,1878700
2026-04-30 20:00:00-04:00,159.70,160.74,156.34,157.59,1589100
2026-05-03 20:00:00-04:00,156.51,157.21,153.03,153.65,1335200
2026-05-04 20:00:00-04:00,153.16,154.42,152.65,153.14,1260300
2026-05-05 20:00:00-04:00,155.01,157.23,153.86,155.26,2429300
2026-05-06 20:00:00-04:00,154.74,157.32,154.47,156.48,1597900
2026-05-07 20:00:00-04:00,157.57,158.38,150.97,151.21,1583500
2026-05-10 20:00:00-04:00,150.93,151.49,148.66,149.56,1858800
2026-05-11 20:00:00-04:00,150.95,153.49,149.38,152.12,1447100
2026-05-12 20:00:00-04:00,151.18,153.07,148.96,149.04,1701000
2026-05-13 20:00:00-04:00,149.66,150.92,149.60,149.90,1507100
2026-05-14 20:00:00-04:00,150.65,152.09,149.20,149.24,2156600
2026-05-17 20:00:00-04:00,149.72,152.45,149.53,151.57,1418300
2026-05-18 20:00:00-04:00,151.27,152.95,149.94,151.45,1625300
2026-05-19 20:00:00-04:00,151.54,153.28,150.26,151.97,2501800
2026-05-20 20:00:00-04:00,150.44,153.95,149.81,153.57,1891400
2026-05-21 20:00:00-04:00,153.49,154.87,152.93,154.39,1640600
2026-05-25 20:00:00-04:00,154.12,154.94,153.10,153.26,1921300
2026-05-26 20:00:00-04:00,152.57,154.75,151.49,152.02,1841600
2026-05-27 20:00:00-04:00,151.39,152.09,149.32,150.03,2585900
2026-05-28 20:00:00-04:00,149.23,150.18,147.34,147.95,3992700
2026-05-31 20:00:00-04:00,147.56,149.10,145.44,147.51,2486500
2026-06-01 20:00:00-04:00,147.27,148.19,145.91,146.58,1849000
2026-06-02 20:00:00-04:00,148.90,151.10,148.21,148.44,2586900
2026-06-03 20:00:00-04:00,150.00,150.37,147.53,148.08,1997000
2026-06-04 20:00:00-04:00,148.84,151.41,147.90,150.87,1782100
2026-06-07 20:00:00-04:00,149.75,150.70,147.16,147.37,2426000
2026-06-08 20:00:00-04:00,147.23,152.60,146.61,151.63,2579000
2026-06-09 20:00:00-04:00,152.70,153.37,150.74,151.08,2115200
2026-06-10 20:00:00-04:00,151.19,154.35,150.69,153.27,2229100
2026-06-11 20:00:00-04:00,154.56,155.10,153.01,154.31,1654000
2026-06-14 20:00:00-04:00,154.22,155.45,153.56,154.67,2212100
2026-06-15 20:00:00-04:00,158.75,160.24,156.71,157.67,2735400
2026-06-16 20:00:00-04:00,155.75,157.26,153.73,154.07,1793500
2026-06-17 20:00:00-04:00,154.12,154.71,151.20,151.99,4792200
2026-06-21 20:00:00-04:00,150.50,152.00,149.51,150.74,2473800
2026-06-22 20:00:00-04:00,151.27,153.50,150.78,151.60,2578500
2026-06-23 20:00:00-04:00,151.75,153.39,151.20,153.02,1821600
2026-06-24 20:00:00-04:00,152.42,153.11,150.77,151.14,1422400
2026-06-25 20:00:00-04:00,152.64,156.87,151.54,156.41,3133400
2026-06-28 20:00:00-04:00,156.84,158.44,154.97,158.24,2240300
